SWEEP_IDX,POINT,TIME,V_GATE,I_CH0,I_CH1,I_CH2,I_CH3,I_CH4,I_CH5,I_CH6,I_CH7,I_CH8,I_CH9,I_CH10,I_CH11,I_CH12,I_CH13,I_CH14,I_CH15,DIRAC_SWEEP_IDX,DIRAC_V_FWD_CH0,DIRAC_V_FWD_CH1,DIRAC_V_FWD_CH2,DIRAC_V_FWD_CH3,DIRAC_V_FWD_CH4,DIRAC_V_FWD_CH5,DIRAC_V_FWD_CH6,DIRAC_V_FWD_CH7,DIRAC_V_FWD_CH8,DIRAC_V_FWD_CH9,DIRAC_V_FWD_CH10,DIRAC_V_FWD_CH11,DIRAC_V_FWD_CH12,DIRAC_V_FWD_CH13,DIRAC_V_FWD_CH14,DIRAC_V_FWD_CH15,DIRAC_V_REV_CH0,DIRAC_V_REV_CH1,DIRAC_V_REV_CH2,DIRAC_V_REV_CH3,DIRAC_V_REV_CH4,DIRAC_V_REV_CH5,DIRAC_V_REV_CH6,DIRAC_V_REV_CH7,DIRAC_V_REV_CH8,DIRAC_V_REV_CH9,DIRAC_V_REV_CH10,DIRAC_V_REV_CH11,DIRAC_V_REV_CH12,DIRAC_V_REV_CH13,DIRAC_V_REV_CH14,DIRAC_V_REV_CH15
0,0,-0.0,0.0,1.6187492e-05,1.4349993e-05,1.5158327e-05,7.829165e-06,1.4641666e-05,1.6366665e-05,1.4091666e-05,1.3974993e-05,1.1879166e-05,1.5733329e-05,1.4349993e-05,1.5533327e-05,1.7349998e-05,1.3291661e-05,1.6633328e-05,1.8729163e-05
0,1,0.143,0.01,1.6362492e-05,1.4399998e-05,1.5183329e-05,7.904164e-06,1.4666661e-05,1.6308331e-05,1.4099995e-05,1.3954163e-05,1.1895831e-05,1.5733329e-05,1.4012496e-05,1.5445828e-05,1.7341661e-05,1.3233328e-05,1.6608326e-05,1.8579165e-05
0,2,0.286,0.02,1.6254162e-05,1.4399998e-05,1.4999993e-05,7.83333e-06,1.447916e-05,1.6237498e-05,1.3999995e-05,1.3824995e-05,1.1908332e-05,1.5649994e-05,1.4062492e-05,1.545833e-05,1.7287493e-05,1.327916e-05,1.6470829e-05,1.8516659e-05
0,3,0.429,0.03,1.5870826e-05,1.4254165e-05,1.4933332e-05,7.762495e-06,1.435833e-05,1.6124995e-05,1.3954163e-05,1.3745833e-05,1.188333e-05,1.5549993e-05,1.3783328e-05,1.5149999e-05,1.7179163e-05,1.3241664e-05,1.6324997e-05,1.8316667e-05
0,4,0.572,0.04,1.592083e-05,1.427083e-05,1.482083e-05,7.67916e-06,1.4245828e-05,1.5924994e-05,1.3758326e-05,1.36e-05,1.1895831e-05,1.5487496e-05,1.3758326e-05,1.5012495e-05,1.7099992e-05,1.3249994e-05,1.6266664e-05,1.8233332e-05
0,5,0.715,0.05,1.5662496e-05,1.4279159e-05,1.4741659e-05,7.554166e-06,1.4087494e-05,1.5737494e-05,1.3595827e-05,1.3591663e-05,1.1866665e-05,1.5329162e-05,1.3608328e-05,1.4816665e-05,1.6908327e-05,1.3245829e-05,1.6204167e-05,1.8112492e-05
0,6,0.858,0.06,1.5437499e-05,1.3895829e-05,1.456666e-05,7.512498e-06,1.3966664e-05,1.5691661e-05,1.3587499e-05,1.3358331e-05,1.1899996e-05,1.5149999e-05,1.3524993e-05,1.4766661e-05,1.6858332e-05,1.3008333e-05,1.6024995e-05,1.7962495e-05
0,7,1.001,0.07,1.5374993e-05,1.3804166e-05,1.4249992e-05,7.445828e-06,1.3824995e-05,1.5462494e-05,1.3487498e-05,1.3183331e-05,1.1733326e-05,1.5099994e-05,1.3379161e-05,1.4666661e-05,1.6791662e-05,1.3037499e-05,1.5908328e-05,1.7854167e-05
0,8,1.144,0.08,1.5224997e-05,1.3691663e-05,1.4049999e-05,7.37083e-06,1.3699992e-05,1.5308333e-05,1.3349994e-05,1.2958328e-05,1.1870829e-05,1.4937496e-05,1.3216662e-05,1.4454166e-05,1.6508333e-05,1.2949999e-05,1.5891663e-05,1.7770832e-05
0,9,1.287,0.09,1.5033333e-05,1.3674999e-05,1.3891665e-05,7.208331e-06,1.3495826e-05,1.5112495e-05,1.3141664e-05,1.2854163e-05,1.1787494e-05,1.482083e-05,1.3166666e-05,1.4320826e-05,1.6349999e-05,1.2845826e-05,1.5808328e-05,1.7662493e-05
0,10,1.43,0.1,1.5024996e-05,1.3474997e-05,1.3708329e-05,7.012494e-06,1.346666e-05,1.4974999e-05,1.3062493e-05,1.2604165e-05,1.1812496e-05,1.4649995e-05,1.2966665e-05,1.4191659e-05,1.6224996e-05,1.2833333e-05,1.5545829e-05,1.7512497e-05
0,11,1.573,0.11,1.4791663e-05,1.3437494e-05,1.3541659e-05,6.912494e-06,1.3116662e-05,1.4858325e-05,1.2929161e-05,1.2483327e-05,1.1745827e-05,1.4533329e-05,1.2833333e-05,1.401666e-05,1.6012495e-05,1.2770827e-05,1.535833e-05,1.7316659e-05
0,12,1.716,0.12,1.4670833e-05,1.3266659e-05,1.3316663e-05,6.804164e-06,1.3062493e-05,1.4699999e-05,1.2808331e-05,1.2287497e-05,1.1749999e-05,1.4383332e-05,1.2654162e-05,1.3887493e-05,1.5924994e-05,1.2745825e-05,1.5204159e-05,1.7183327e-05
0,13,1.859,0.13,1.4516663e-05,1.3233328e-05,1.3108333e-05,6.687498e-06,1.2741662e-05,1.4533329e-05,1.2670827e-05,1.2079159e-05,1.1691665e-05,1.4208333e-05,1.2562497e-05,1.3758326e-05,1.5791662e-05,1.2683328e-05,1.5062499e-05,1.7170827e-05
0,14,2.002,0.14,1.4279159e-05,1.3037499e-05,1.2841661e-05,6.595826e-06,1.2533331e-05,1.4054163e-05,1.2566662e-05,1.1916662e-05,1.1687493e-05,1.4112497e-05,1.2349995e-05,1.3691663e-05,1.5587497e-05,1.2629159e-05,1.4916666e-05,1.6891663e-05
0,15,2.145,0.15,1.4137499e-05,1.2841661e-05,1.2595829e-05,6.45833e-06,1.2374997e-05,1.3824995e-05,1.2391662e-05,1.1662499e-05,1.1645826e-05,1.3858326e-05,1.2241666e-05,1.334583e-05,1.5437499e-05,1.2599993e-05,1.473333e-05,1.6704162e-05
0,16,2.288,0.16,1.3954163e-05,1.2745825e-05,1.2383326e-05,6.312498e-06,1.2112499e-05,1.3683327e-05,1.2395827e-05,1.1524995e-05,1.1645826e-05,1.3712493e-05,1.1991659e-05,1.3220827e-05,1.5387495e-05,1.2499992e-05,1.4533329e-05,1.6629163e-05
0,17,2.431,0.17,1.3787492e-05,1.2554161e-05,1.2158331e-05,6.174993e-06,1.1920825e-05,1.3437494e-05,1.2012498e-05,1.132083e-05,1.1641661e-05,1.3524993e-05,1.1924998e-05,1.3020825e-05,1.5074992e-05,1.2408328e-05,1.4354166e-05,1.6479167e-05
0,18,2.574,0.18,1.3566661e-05,1.2420829e-05,1.1879166e-05,6.099995e-06,1.1679164e-05,1.317083e-05,1.1920825e-05,1.116666e-05,1.1624996e-05,1.3308327e-05,1.1733326e-05,1.2879165e-05,1.4858325e-05,1.2279161e-05,1.4191659e-05,1.6349999e-05
0,19,2.717,0.19,1.346666e-05,1.2320828e-05,1.1649998e-05,5.954162e-06,1.144166e-05,1.2937498e-05,1.1708331e-05,1.0741663e-05,1.1645826e-05,1.3162494e-05,1.1508329e-05,1.2670827e-05,1.4766661e-05,1.2466661e-05,1.399583e-05,1.6154163e-05
0,20,2.86,0.2,1.3233328e-05,1.2174995e-05,1.1362497e-05,5.816658e-06,1.1229165e-05,1.2691665e-05,1.1537496e-05,1.0470828e-05,1.1583328e-05,1.2979166e-05,1.135416e-05,1.245416e-05,1.4662496e-05,1.2116662e-05,1.3858326e-05,1.5995829e-05
0,21,3.003,0.21,1.309166e-05,1.1949992e-05,1.1137494e-05,5.641659e-06,1.1008327e-05,1.2416665e-05,1.1379162e-05,1.0291664e-05,1.1462498e-05,1.2870828e-05,1.1154159e-05,1.2304163e-05,1.4395833e-05,1.2145829e-05,1.3641659e-05,1.582083e-05
0,22,3.146,0.22,1.282916e-05,1.1812496e-05,1.0862494e-05,5.516664e-06,1.0770829e-05,1.2116662e-05,1.1199999e-05,1.0049995e-05,1.1466662e-05,1.2749998e-05,1.0991661e-05,1.2066666e-05,1.4258329e-05,1.205833e-05,1.3491663e-05,1.5691661e-05
0,23,3.289,0.23,1.2641661e-05,1.1587493e-05,1.0545826e-05,5.408327e-06,1.0487493e-05,1.1870829e-05,1.097916e-05,9.85833e-06,1.1295827e-05,1.2408328e-05,1.089166e-05,1.1920825e-05,1.4095831e-05,1.1858328e-05,1.3195832e-05,1.5462494e-05
0,24,3.432,0.24,1.2408328e-05,1.1462498e-05,1.0337496e-05,5.216662e-06,1.0216665e-05,1.1562498e-05,1.0816661e-05,9.620825e-06,1.1324993e-05,1.2199998e-05,1.0766666e-05,1.1658327e-05,1.3766662e-05,1.1837498e-05,1.2962492e-05,1.5229161e-05
0,25,3.576,0.25,1.2129164e-05,1.1362497e-05,1.0020828e-05,5.049992e-06,9.908326e-06,1.1274998e-05,1.0608332e-05,9.299994e-06,1.1316665e-05,1.1979158e-05,1.0437497e-05,1.1491664e-05,1.3595827e-05,1.1745827e-05,1.2787493e-05,1.511666e-05
0,26,3.719,0.26,1.2154166e-05,1.1091662e-05,9.762493e-06,4.912496e-06,9.691659e-06,1.0995833e-05,1.0433332e-05,9.091664e-06,1.1270833e-05,1.1779165e-05,1.0245832e-05,1.1195826e-05,1.3462496e-05,1.1624996e-05,1.2554161e-05,1.48875e-05
0,27,3.862,0.27,1.1687493e-05,1.0829162e-05,9.491666e-06,4.799994e-06,9.466664e-06,1.0766666e-05,1.0199992e-05,8.77916e-06,1.1245831e-05,1.152083e-05,9.999999e-06,1.1004162e-05,1.325833e-05,1.1595829e-05,1.2362496e-05,1.4637494e-05
0,28,4.005,0.28,1.1499993e-05,1.0899997e-05,9.22083e-06,4.649997e-06,9.154161e-06,1.0445825e-05,9.974996e-06,8.558329e-06,1.1179161e-05,1.1279162e-05,9.766666e-06,1.0887496e-05,1.3049992e-05,1.1479163e-05,1.2112499e-05,1.4462495e-05
0,29,4.148,0.29,1.1262497e-05,1.0395829e-05,8.987498e-06,4.483326e-06,8.891662e-06,1.0116664e-05,9.774994e-06,8.262499e-06,1.1187498e-05,1.1054166e-05,9.566665e-06,1.0716661e-05,1.2937498e-05,1.1479163e-05,1.1858328e-05,1.4349993e-05
0,30,4.291,0.3,1.1070832e-05,1.0304165e-05,8.712498e-06,4.349994e-06,8.637492e-06,9.891661e-06,9.608332e-06,8.04166e-06,1.1058331e-05,1.0837499e-05,9.383329e-06,1.0266662e-05,1.2624995e-05,1.1329166e-05,1.169583e-05,1.4079165e-05
0,31,4.434,0.31,1.080416e-05,1.0108328e-05,8.312496e-06,4.224992e-06,8.362492e-06,9.537498e-06,9.304166e-06,7.774996e-06,1.1016663e-05,1.0570828e-05,9.133331e-06,1.0091662e-05,1.2216663e-05,1.1191662e-05,1.1445833e-05,1.3895829e-05
0,32,4.577,0.32,1.052916e-05,9.795833e-06,8.058326e-06,4.09166e-06,8.112494e-06,9.24166e-06,9.091664e-06,7.483332e-06,1.1037493e-05,1.0337496e-05,8.929165e-06,9.808326e-06,1.2020826e-05,1.1108327e-05,1.1241658e-05,1.3670826e-05
0,33,4.72,0.33,1.032916e-05,9.616661e-06,7.758331e-06,3.895831e-06,7.979163e-06,8.954159e-06,8.96666e-06,7.262492e-06,1.0970831e-05,1.0108328e-05,8.687496e-06,9.570829e-06,1.1795831e-05,1.1024999e-05,1.0874995e-05,1.3383333e-05
0,34,4.863,0.34,1.0058331e-05,9.383329e-06,7.487496e-06,3.729161e-06,7.741666e-06,8.629163e-06,8.720827e-06,6.970827e-06,1.0920827e-05,9.837492e-06,8.45e-06,9.316659e-06,1.1533331e-05,1.0933328e-05,1.0691659e-05,1.3154165e-05
0,35,5.006,0.35,9.79166e-06,9.224995e-06,7.224997e-06,3.616659e-06,7.270829e-06,8.333325e-06,8.412496e-06,6.770825e-06,1.0866665e-05,9.566665e-06,8.258326e-06,9.091664e-06,1.1316665e-05,1.0808333e-05,1.0404166e-05,1.2933326e-05
0,36,5.149,0.36,9.533326e-06,8.962496e-06,6.995829e-06,3.462497e-06,6.987492e-06,8.024995e-06,8.162498e-06,6.508326e-06,1.0808333e-05,9.337497e-06,7.979163e-06,8.849995e-06,1.1008327e-05,1.0787495e-05,1.0041666e-05,1.2766664e-05
0,37,5.292,0.37,9.341661e-06,8.737493e-06,6.741659e-06,3.345831e-06,6.762496e-06,7.899992e-06,8.012494e-06,6.249992e-06,1.0745827e-05,9.045832e-06,7.804163e-06,8.5375e-06,1.0770829e-05,1.0645826e-05,9.7375e-06,1.2491663e-05
0,38,5.435,0.38,9.05416e-06,8.495832e-06,6.504162e-06,3.229165e-06,6.45833e-06,7.574995e-06,7.704162e-06,6.024996e-06,1.0699995e-05,8.724999e-06,7.474995e-06,8.287493e-06,1.0499994e-05,1.0562499e-05,9.49583e-06,1.2324993e-05
0,39,5.578,0.39,8.754166e-06,8.274992e-06,6.299997e-06,3.095826e-06,6.308325e-06,7.220833e-06,7.570831e-06,5.791664e-06,1.0629161e-05,8.454163e-06,7.320825e-06,8.024995e-06,1.0224994e-05,1.0437497e-05,9.195828e-06,1.1895831e-05
0,40,5.721,0.4,8.508333e-06,8.083328e-06,6.066664e-06,2.999997e-06,6.09583e-06,6.92083e-06,7.199995e-06,5.595827e-06,1.0591666e-05,8.237497e-06,7.054162e-06,7.787497e-06,9.974996e-06,1.0362498e-05,8.924992e-06,1.1674992e-05
0,41,5.864,0.41,8.137496e-06,7.779161e-06,5.874999e-06,2.87083e-06,5.920831e-06,6.712492e-06,7.020831e-06,5.424992e-06,1.0595831e-05,7.93333e-06,6.862497e-06,7.508326e-06,9.683331e-06,1.0262497e-05,8.604161e-06,1.1466662e-05
0,42,6.007,0.42,7.966662e-06,7.524999e-06,5.708329e-06,2.779166e-06,5.737495e-06,6.491661e-06,6.774998e-06,5.174994e-06,1.0508331e-05,7.691661e-06,6.66666e-06,7.28333e-06,9.412495e-06,1.0137494e-05,8.333325e-06,1.1137494e-05
0,43,6.15,0.43,7.633328e-06,7.320825e-06,5.583326e-06,2.691658e-06,5.579162e-06,6.308325e-06,6.454166e-06,4.995831e-06,1.0445825e-05,7.449993e-06,6.399997e-06,7.066663e-06,9.133331e-06,1.0062496e-05,8.037496e-06,1.0899997e-05
0,44,6.293,0.44,7.354164e-06,7.083328e-06,5.458331e-06,2.61666e-06,5.437493e-06,6.112496e-06,6.266665e-06,4.808331e-06,1.0499994e-05,7.154163e-06,6.141663e-06,6.774998e-06,8.849995e-06,9.962495e-06,7.691661e-06,1.0633325e-05
0,45,6.436,0.45,7.129161e-06,6.833331e-06,5.337492e-06,2.59583e-06,5.312499e-06,5.949998e-06,6.029161e-06,4.783328e-06,1.0404166e-05,6.999993e-06,5.920831e-06,6.554159e-06,8.495832e-06,9.812498e-06,7.408333e-06,1.0383328e-05
0,46,6.579,0.46,6.874998e-06,6.574996e-06,5.324991e-06,2.445825e-06,5.245829e-06,5.791664e-06,5.845833e-06,4.54166e-06,1.022083e-05,6.674997e-06,5.683327e-06,6.287495e-06,8.333325e-06,9.841665e-06,7.095829e-06,1.0074997e-05
0,47,6.722,0.47,6.599998e-06,6.354165e-06,5.212498e-06,2.383327e-06,5.179159e-06,5.745832e-06,5.579162e-06,4.474998e-06,1.0208329e-05,6.449994e-06,5.549995e-06,6.087494e-06,8.024995e-06,9.67083e-06,6.870826e-06,9.754165e-06
0,48,6.865,0.48,6.316662e-06,6.137498e-06,5.270831e-06,2.399993e-06,5.066665e-06,5.616665e-06,5.395826e-06,4.395827e-06,1.015416e-05,6.18333e-06,5.462496e-06,5.845833e-06,7.729165e-06,9.624998e-06,6.512499e-06,9.454163e-06
0,49,7.009,0.49,6.033325e-06,5.883328e-06,5.216662e-06,2.387492e-06,5.124998e-06,5.683327e-06,5.224999e-06,4.354159e-06,1.0112492e-05,5.90833e-06,5.208326e-06,5.745832e-06,7.474995e-06,9.595831e-06,6.237499e-06,9.195828e-06
0,50,7.152,0.5,5.862498e-06,5.766662e-06,5.254165e-06,2.329159e-06,5.162493e-06,5.583326e-06,5.074994e-06,4.333329e-06,1.006666e-05,5.74166e-06,5.029162e-06,5.529165e-06,7.270829e-06,9.49583e-06,6.070828e-06,8.849995e-06
0,51,7.295,0.51,5.599999e-06,5.545831e-06,5.333328e-06,2.354161e-06,5.212498e-06,5.620829e-06,4.941662e-06,4.374997e-06,1.0020828e-05,5.541659e-06,4.820832e-06,5.341665e-06,7.045825e-06,9.458327e-06,5.80833e-06,8.545828e-06
0,52,7.438,0.52,5.416663e-06,5.366659e-06,5.412499e-06,2.370826e-06,5.299997e-06,5.687499e-06,4.783328e-06,4.391662e-06,9.937493e-06,5.383333e-06,4.704165e-06,5.204161e-06,6.824994e-06,9.324996e-06,5.570825e-06,8.324997e-06
0,53,7.581,0.53,5.183331e-06,5.199997e-06,5.55416e-06,2.383327e-06,5.354166e-06,5.754161e-06,4.649997e-06,4.470825e-06,9.929165e-06,5.162493e-06,4.595828e-06,5.087495e-06,6.649995e-06,9.345826e-06,5.35833e-06,7.995828e-06
0,54,7.724,0.54,5.033326e-06,5.17083e-06,5.679162e-06,2.429159e-06,5.508327e-06,5.874999e-06,4.54166e-06,4.599992e-06,9.862494e-06,5.041663e-06,4.529158e-06,4.999995e-06,6.333327e-06,9.333332e-06,5.199997e-06,7.733329e-06
0,55,7.867,0.55,4.924997e-06,4.991658e-06,5.983329e-06,2.479164e-06,5.666661e-06,5.937497e-06,4.579163e-06,4.674999e-06,9.837492e-06,4.937498e-06,4.470825e-06,4.98333e-06,6.137498e-06,9.345826e-06,5.024997e-06,7.466666e-06
0,56,8.01,0.56,4.791665e-06,4.874993e-06,6.045826e-06,2.574992e-06,5.874999e-06,6.141663e-06,4.554161e-06,4.841661e-06,9.774994e-06,4.79583e-06,4.474998e-06,4.933325e-06,6.029161e-06,9.129159e-06,4.91666e-06,7.133333e-06
0,57,8.153,0.57,4.704165e-06,4.908331e-06,6.237499e-06,2.641662e-06,6.041662e-06,6.308325e-06,4.554161e-06,5.008332e-06,9.7375e-06,4.754162e-06,4.43333e-06,4.962492e-06,5.866663e-06,9.137495e-06,4.849998e-06,6.874998e-06
0,58,8.296,0.58,4.637496e-06,4.883329e-06,6.616664e-06,2.708332e-06,6.362494e-06,6.549994e-06,4.54166e-06,5.137499e-06,9.712498e-06,4.704165e-06,4.483326e-06,4.991658e-06,5.745832e-06,9.14166e-06,4.766663e-06,6.683326e-06
0,59,8.439,0.59,4.587499e-06,4.891666e-06,6.645831e-06,2.80416e-06,6.508326e-06,6.783327e-06,4.616666e-06,5.395826e-06,9.541663e-06,4.70833e-06,4.479162e-06,5.024997e-06,5.658333e-06,9.154161e-06,4.741661e-06,6.399997e-06
0,60,8.582,0.6,4.591664e-06,4.924997e-06,6.94166e-06,2.908325e-06,6.774998e-06,6.958326e-06,4.712494e-06,5.591663e-06,9.60416e-06,4.774992e-06,4.558333e-06,5.10416e-06,5.579162e-06,9.133331e-06,4.720831e-06,6.187495e-06
0,61,8.725,0.61,4.633331e-06,5.024997e-06,7.212496e-06,3.029164e-06,6.983328e-06,7.291659e-06,4.82916e-06,5.812494e-06,9.579166e-06,4.774992e-06,4.683327e-06,5.179159e-06,5.520828e-06,9.14166e-06,4.749998e-06,5.941661e-06
0,62,8.868,0.62,4.691664e-06,5.108333e-06,7.433327e-06,3.120828e-06,7.166664e-06,7.395832e-06,4.91666e-06,6.020832e-06,9.449998e-06,4.908331e-06,4.758326e-06,5.320827e-06,5.433329e-06,9.179163e-06,4.82916e-06,5.862498e-06
0,63,9.011,0.63,4.745825e-06,5.199997e-06,7.67916e-06,3.254159e-06,7.391659e-06,7.599997e-06,5.083331e-06,6.283331e-06,9.429161e-06,5.020825e-06,4.929161e-06,5.46666e-06,5.424992e-06,9.22083e-06,4.937498e-06,5.616665e-06
0,64,9.154,0.64,4.870828e-06,5.312499e-06,7.916665e-06,3.404164e-06,7.624992e-06,7.874997e-06,5.337492e-06,6.524992e-06,9.354162e-06,5.10416e-06,5.099996e-06,5.591663e-06,5.324991e-06,9.245833e-06,5.058328e-06,5.541659e-06
0,65,9.297,0.65,5.024997e-06,5.499999e-06,8.19583e-06,3.491664e-06,7.870825e-06,8.091664e-06,5.383333e-06,6.829158e-06,9.304166e-06,5.262494e-06,5.245829e-06,5.779163e-06,5.295825e-06,9.275e-06,5.19166e-06,5.408327e-06
0,66,9.44,0.66,5.10416e-06,5.679162e-06,8.458328e-06,3.679164e-06,8.133332e-06,8.354164e-06,5.583326e-06,6.949997e-06,9.304166e-06,5.46666e-06,5.416663e-06,5.979165e-06,5.308326e-06,9.354162e-06,5.35833e-06,5.295825e-06
0,67,9.583,0.67,5.35833e-06,5.779163e-06,8.737493e-06,3.783329e-06,8.354164e-06,8.620827e-06,5.820831e-06,7.266664e-06,9.179163e-06,5.612493e-06,5.599999e-06,6.137498e-06,5.237492e-06,9.379164e-06,5.541659e-06,5.216662e-06
0,68,9.726,0.68,5.612493e-06,6.074993e-06,8.991663e-06,3.924998e-06,8.599996e-06,8.829164e-06,6.020832e-06,7.454165e-06,9.279163e-06,5.824995e-06,5.833332e-06,6.454166e-06,5.349994e-06,9.491666e-06,5.774998e-06,5.141664e-06
0,69,9.869,0.69,5.795829e-06,6.262493e-06,9.254161e-06,4.016661e-06,8.804162e-06,9.016665e-06,6.241663e-06,7.637493e-06,9.295829e-06,6.070828e-06,6.020832e-06,6.624993e-06,5.362495e-06,9.508331e-06,5.920831e-06,5.124998e-06
0,70,10.012,0.7,5.983329e-06,6.504162e-06,9.537498e-06,4.191661e-06,9.083326e-06,9.258326e-06,6.474996e-06,7.958332e-06,9.091664e-06,6.312498e-06,6.254164e-06,6.862497e-06,5.37916e-06,9.616661e-06,6.224998e-06,5.154165e-06
0,71,10.155,0.71,6.241663e-06,6.704164e-06,9.749992e-06,4.354159e-06,9.266662e-06,9.466664e-06,6.691662e-06,8.154162e-06,9.05416e-06,6.512499e-06,6.449994e-06,7.02916e-06,5.329164e-06,9.708333e-06,6.412498e-06,5.112497e-06
0,72,10.298,0.72,6.499998e-06,6.908329e-06,9.987497e-06,4.416665e-06,9.424996e-06,9.704161e-06,6.895828e-06,8.370828e-06,9.016665e-06,6.699999e-06,6.729166e-06,7.333326e-06,5.408327e-06,9.799997e-06,6.654159e-06,5.245829e-06
0,73,10.441,0.73,6.854161e-06,7.133333e-06,1.0204164e-05,4.545832e-06,9.645828e-06,9.849993e-06,7.170828e-06,8.641664e-06,8.962496e-06,6.899993e-06,7.049998e-06,7.512498e-06,5.487498e-06,9.808326e-06,6.908329e-06,5.208326e-06
0,74,10.585,0.74,7.137497e-06,7.354164e-06,1.040833e-05,4.720831e-06,9.812498e-06,1.00125e-05,7.37083e-06,8.858331e-06,8.895826e-06,7.191666e-06,7.179165e-06,7.820829e-06,5.516664e-06,9.862494e-06,7.137497e-06,5.254165e-06
0,75,10.728,0.75,7.270829e-06,7.570831e-06,1.0691659e-05,4.904159e-06,1.0079161e-05,1.0191663e-05,7.566658e-06,9.087499e-06,8.879161e-06,7.37083e-06,7.445828e-06,7.954161e-06,5.658333e-06,9.945829e-06,7.487496e-06,5.412499e-06
0,76,10.871,0.76,7.549993e-06,7.783326e-06,1.0933328e-05,4.995831e-06,1.0195828e-05,1.040833e-05,7.816664e-06,9.291664e-06,8.816663e-06,7.662495e-06,7.55833e-06,8.22916e-06,5.74166e-06,1.006666e-05,7.691661e-06,5.499999e-06
0,77,11.014,0.77,7.837494e-06,7.94166e-06,1.1158331e-05,5.099996e-06,1.0366663e-05,1.058333e-05,8.029159e-06,9.479165e-06,8.774996e-06,7.920829e-06,7.799999e-06,8.354164e-06,5.833332e-06,1.0083326e-05,7.958332e-06,5.65416e-06
0,78,11.157,0.78,8.141661e-06,8.212495e-06,1.1412493e-05,5.245829e-06,1.0599994e-05,1.0858329e-05,8.233333e-06,9.745829e-06,8.77916e-06,8.133332e-06,8.083328e-06,8.508333e-06,6.054163e-06,1.024166e-05,8.216659e-06,5.849997e-06
0,79,11.3,0.79,8.333325e-06,8.354164e-06,1.1637497e-05,5.37916e-06,1.0766666e-05,1.1004162e-05,8.474994e-06,9.97916e-06,8.724999e-06,8.420833e-06,8.287493e-06,8.774996e-06,6.199996e-06,1.0316666e-05,8.441662e-06,5.99583e-06
0,80,11.443,0.8,8.587495e-06,8.549992e-06,1.1766664e-05,5.55416e-06,1.0937492e-05,1.1183325e-05,8.641664e-06,1.0179162e-05,8.691661e-06,8.620827e-06,8.516661e-06,8.954159e-06,6.308325e-06,1.0462499e-05,8.687496e-06,6.254164e-06
0,81,11.586,0.81,8.858331e-06,8.787497e-06,1.2070831e-05,5.708329e-06,1.1104163e-05,1.1279162e-05,8.854158e-06,1.0391665e-05,8.737493e-06,8.849995e-06,8.67916e-06,9.170826e-06,6.47916e-06,1.0499994e-05,8.999999e-06,6.45833e-06
0,82,11.729,0.82,9.129159e-06,9.033331e-06,1.217916e-05,5.816658e-06,1.126666e-05,1.1412493e-05,9.12083e-06,1.0479164e-05,8.662494e-06,9.079162e-06,8.920829e-06,9.341661e-06,6.654159e-06,1.0466663e-05,9.195828e-06,6.658332e-06
0,83,11.872,0.83,9.374992e-06,9.212494e-06,1.2379161e-05,5.858326e-06,1.1433332e-05,1.1612495e-05,9.320831e-06,1.080416e-05,8.587495e-06,9.254161e-06,9.145832e-06,9.533326e-06,6.862497e-06,1.052916e-05,9.429161e-06,6.904165e-06
0,84,12.015,0.84,9.658329e-06,9.333332e-06,1.2670827e-05,5.958327e-06,1.152916e-05,1.1733326e-05,9.470828e-06,1.0966659e-05,8.599996e-06,9.516661e-06,9.333332e-06,9.733327e-06,7.066663e-06,1.0645826e-05,9.570829e-06,7.141662e-06
0,85,12.158,0.85,9.904162e-06,9.50416e-06,1.2858327e-05,6.112496e-06,1.1649998e-05,1.1904161e-05,9.720826e-06,1.1179161e-05,8.48333e-06,9.712498e-06,9.524997e-06,9.899998e-06,7.333326e-06,1.0687494e-05,9.824999e-06,7.524999e-06
0,86,12.301,0.86,1.0162496e-05,9.691659e-06,1.3074994e-05,6.208332e-06,1.1779165e-05,1.2195826e-05,9.891661e-06,1.1345832e-05,8.495832e-06,9.933328e-06,9.787496e-06,1.0116664e-05,7.520827e-06,1.0791659e-05,1.0024993e-05,7.541664e-06
0,87,12.444,0.87,1.0387492e-05,9.866659e-06,1.3249994e-05,6.366666e-06,1.1983331e-05,1.226666e-05,1.0091662e-05,1.1537496e-05,8.466665e-06,1.0054159e-05,9.916663e-06,1.0224994e-05,7.729165e-06,1.087083e-05,1.0283327e-05,7.729165e-06
0,88,12.587,0.88,1.0662492e-05,1.0033329e-05,1.3445831e-05,6.554159e-06,1.209166e-05,1.236666e-05,1.0295828e-05,1.178333e-05,8.470829e-06,1.0362498e-05,1.015416e-05,1.0379164e-05,7.983327e-06,1.0912498e-05,1.0508331e-05,8.02083e-06
0,89,12.73,0.89,1.089166e-05,1.0208329e-05,1.3704165e-05,6.645831e-06,1.2233329e-05,1.2474998e-05,1.0624997e-05,1.1949992e-05,8.408332e-06,1.0562499e-05,1.0349997e-05,1.0541661e-05,8.22916e-06,1.1004162e-05,1.0716661e-05,8.287493e-06
0,90,12.873,0.9,1.1133329e-05,1.0399994e-05,1.3879164e-05,6.787499e-06,1.2374997e-05,1.2629159e-05,1.0624997e-05,1.2154166e-05,8.466665e-06,1.0754164e-05,1.0533333e-05,1.070416e-05,8.462493e-06,1.1070832e-05,1.0933328e-05,8.50416e-06
0,91,13.016,0.91,1.1254159e-05,1.0458326e-05,1.4070829e-05,6.895828e-06,1.2529159e-05,1.2733332e-05,1.0795831e-05,1.2379161e-05,8.433326e-06,1.0904161e-05,1.0645826e-05,1.0874995e-05,8.629163e-06,1.1141666e-05,1.1095826e-05,8.787497e-06
0,92,13.159,0.92,1.1554162e-05,1.0629161e-05,1.4283331e-05,7.041661e-06,1.2633332e-05,1.2920833e-05,1.0966659e-05,1.2641661e-05,8.358327e-06,1.1108327e-05,1.0883331e-05,1.097916e-05,8.895826e-06,1.1183325e-05,1.1329166e-05,9.049996e-06
0,93,13.302,0.93,1.1737498e-05,1.0791659e-05,1.4483333e-05,7.28333e-06,1.2733332e-05,1.3041663e-05,1.1141666e-05,1.2704166e-05,8.462493e-06,1.1324993e-05,1.1049994e-05,1.123333e-05,9.116666e-06,1.1312492e-05,1.152916e-05,9.299994e-06
0,94,13.445,0.94,1.1987496e-05,1.089166e-05,1.4741659e-05,7.28333e-06,1.2929161e-05,1.3149993e-05,1.126666e-05,1.291666e-05,8.437499e-06,1.1583328e-05,1.1241658e-05,1.132083e-05,9.358327e-06,1.1366661e-05,1.1733326e-05,9.512496e-06
0,95,13.588,0.95,1.2199998e-05,1.1041665e-05,1.4904165e-05,7.40416e-06,1.3045827e-05,1.3308327e-05,1.1474999e-05,1.3154165e-05,8.512497e-06,1.1770829e-05,1.1416666e-05,1.1558326e-05,9.537498e-06,1.1379162e-05,1.1979158e-05,9.79166e-06
0,96,13.731,0.96,1.2416665e-05,1.1212492e-05,1.5137498e-05,7.612498e-06,1.3149993e-05,1.3449995e-05,1.1641661e-05,1.3391662e-05,8.291666e-06,1.2029163e-05,1.1649998e-05,1.1708331e-05,9.779159e-06,1.1404165e-05,1.2174995e-05,1.004583e-05
0,97,13.874,0.97,1.2641661e-05,1.1295827e-05,1.5287495e-05,7.741666e-06,1.3283332e-05,1.3574998e-05,1.1812496e-05,1.36e-05,8.349999e-06,1.2099998e-05,1.1916662e-05,1.1820833e-05,1.0054159e-05,1.1449996e-05,1.2408328e-05,1.0308329e-05
0,98,14.018,0.98,1.2841661e-05,1.1474999e-05,1.5562495e-05,7.895827e-06,1.336666e-05,1.374166e-05,1.2008325e-05,1.3770827e-05,8.31666e-06,1.2254159e-05,1.217916e-05,1.1991659e-05,1.0270826e-05,1.1612495e-05,1.2587499e-05,1.0454162e-05
0,99,14.161,0.99,1.2995831e-05,1.1562498e-05,1.5708327e-05,7.999993e-06,1.3508327e-05,1.3891665e-05,1.2174995e-05,1.399583e-05,8.345826e-06,1.2491663e-05,1.2141665e-05,1.2274996e-05,1.0541661e-05,1.160833e-05,1.2774992e-05,1.0729162e-05
0,100,14.304,1.0,1.3204161e-05,1.1733326e-05,1.5912494e-05,8.099993e-06,1.3649996e-05,1.408333e-05,1.2316664e-05,1.4229163e-05,8.308331e-06,1.270833e-05,1.2299998e-05,1.2337494e-05,1.0737499e-05,1.1720832e-05,1.298333e-05,1.0937492e-05
0,101,14.447,0.99,1.3183331e-05,1.171666e-05,1.5912494e-05,8.074999e-06,1.3499999e-05,1.3904166e-05,1.2162494e-05,1.4087494e-05,8.283329e-06,1.2516665e-05,1.2062494e-05,1.2054165e-05,1.0404166e-05,1.1633332e-05,1.2770827e-05,1.0674993e-05
0,102,14.59,0.98,1.2887494e-05,1.1524995e-05,1.576666e-05,7.945831e-06,1.3504164e-05,1.3774999e-05,1.1933326e-05,1.3962499e-05,8.220832e-06,1.2291662e-05,1.1891659e-05,1.1841663e-05,1.0216665e-05,1.1575e-05,1.2529159e-05,1.0366663e-05
0,103,14.733,0.97,1.260833e-05,1.1362497e-05,1.5566658e-05,7.845831e-06,1.3325e-05,1.3637495e-05,1.1816661e-05,1.3704165e-05,8.233333e-06,1.2070831e-05,1.1604166e-05,1.1604166e-05,9.983333e-06,1.1599994e-05,1.2324993e-05,9.987497e-06
0,104,14.876,0.96,1.2316664e-05,1.1195826e-05,1.5299996e-05,7.729165e-06,1.3120826e-05,1.3529166e-05,1.1541661e-05,1.3458332e-05,8.199993e-06,1.1824997e-05,1.1349996e-05,1.1362497e-05,9.637499e-06,1.1516667e-05,1.2129164e-05,9.645828e-06
0,105,15.019,0.95,1.1991659e-05,1.1004162e-05,1.5054163e-05,7.57916e-06,1.2987494e-05,1.3312499e-05,1.1337494e-05,1.3179159e-05,8.158326e-06,1.1583328e-05,1.1079161e-05,1.1208328e-05,9.199993e-06,1.1291663e-05,1.1820833e-05,9.291664e-06
0,106,15.162,0.94,1.171666e-05,1.0837499e-05,1.4783327e-05,7.487496e-06,1.2858327e-05,1.3133327e-05,1.1058331e-05,1.2920833e-05,8.120831e-06,1.1341659e-05,1.0812497e-05,1.0949993e-05,8.887498e-06,1.1191662e-05,1.1533331e-05,8.974997e-06
0,107,15.305,0.93,1.1412493e-05,1.0687494e-05,1.4404161e-05,7.274993e-06,1.2808331e-05,1.2941662e-05,1.0787495e-05,1.2695829e-05,8.120831e-06,1.1099998e-05,1.058333e-05,1.0720825e-05,8.566665e-06,1.1158331e-05,1.1270833e-05,8.65833e-06
0,108,15.448,0.92,1.1083333e-05,1.0549998e-05,1.4183331e-05,7.016659e-06,1.2387498e-05,1.2754163e-05,1.0604159e-05,1.2395827e-05,8.04166e-06,1.0795831e-05,1.0370827e-05,1.0508331e-05,8.249998e-06,1.1074996e-05,1.0912498e-05,8.333325e-06
0,109,15.591,0.91,1.078333e-05,1.0308329e-05,1.3854162e-05,6.858325e-06,1.2449996e-05,1.2595829e-05,1.0337496e-05,1.2141665e-05,7.962497e-06,1.0520832e-05,1.0070833e-05,1.024166e-05,7.999993e-06,1.1004162e-05,1.0649999e-05,7.979163e-06
0,110,15.734,0.9,1.0520832e-05,1.0137494e-05,1.3633331e-05,6.691662e-06,1.2029163e-05,1.2412493e-05,1.013333e-05,1.1870829e-05,7.999993e-06,1.0270826e-05,9.741664e-06,1.0049995e-05,7.7125e-06,1.0895832e-05,1.032083e-05,7.758331e-06
0,111,15.877,0.89,1.0266662e-05,9.920827e-06,1.3325e-05,6.541665e-06,1.1870829e-05,1.2195826e-05,9.945829e-06,1.1595829e-05,7.958332e-06,9.987497e-06,9.537498e-06,9.949994e-06,7.433327e-06,1.0816661e-05,1.0099999e-05,7.437499e-06
0,112,16.02,0.88,9.916663e-06,9.808326e-06,1.3045827e-05,6.387496e-06,1.1683329e-05,1.1866665e-05,9.624998e-06,1.1345832e-05,7.949996e-06,9.729163e-06,9.333332e-06,9.579166e-06,7.199995e-06,1.0737499e-05,9.837492e-06,7.095829e-06
0,113,16.163,0.87,9.574994e-06,9.554164e-06,1.2741662e-05,6.199996e-06,1.1499993e-05,1.1649998e-05,9.383329e-06,1.0999997e-05,7.912493e-06,9.520832e-06,9.033331e-06,9.333332e-06,6.870826e-06,1.0587493e-05,9.508331e-06,6.799992e-06
0,114,16.306,0.86,9.204166e-06,9.358327e-06,1.2458332e-05,6.024996e-06,1.1199999e-05,1.1416666e-05,9.229159e-06,1.0762493e-05,7.899992e-06,9.245833e-06,8.804162e-06,9.14166e-06,6.649995e-06,1.0524996e-05,9.291664e-06,6.554159e-06
0,115,16.449,0.85,8.979162e-06,9.229159e-06,1.2183333e-05,5.845833e-06,1.104583e-05,1.1204163e-05,8.858331e-06,1.0537497e-05,7.866661e-06,8.93333e-06,8.466665e-06,8.870832e-06,6.437492e-06,1.0454162e-05,9.004164e-06,6.312498e-06
0,116,16.592,0.84,8.654165e-06,8.954159e-06,1.1891659e-05,5.733331e-06,1.0816661e-05,1.0987496e-05,8.616662e-06,1.0158332e-05,7.916665e-06,8.649993e-06,8.270827e-06,8.608326e-06,6.195831e-06,1.0483329e-05,8.654165e-06,6.062492e-06
0,117,16.735,0.83,8.395831e-06,8.716663e-06,1.1483327e-05,5.512492e-06,1.0624997e-05,1.0745827e-05,8.374993e-06,9.820827e-06,7.820829e-06,8.45e-06,7.962497e-06,8.366665e-06,5.945826e-06,1.0212493e-05,8.395831e-06,5.845833e-06
0,118,16.878,0.82,7.995828e-06,8.495832e-06,1.1241658e-05,5.316663e-06,1.0374999e-05,1.0491665e-05,8.120831e-06,9.570829e-06,7.966662e-06,8.137496e-06,7.637493e-06,8.149997e-06,5.754161e-06,1.015416e-05,8.137496e-06,5.637495e-06
0,119,17.021,0.81,7.741666e-06,8.41666e-06,1.0899997e-05,5.19166e-06,1.0287499e-05,1.0233331e-05,7.870825e-06,9.341661e-06,7.804163e-06,8.02083e-06,7.416661e-06,7.924994e-06,5.629166e-06,1.0004163e-05,7.795827e-06,5.433329e-06
0,120,17.164,0.8,7.424998e-06,8.033331e-06,1.0562499e-05,4.970829e-06,9.908326e-06,1.0004163e-05,7.645829e-06,9.024993e-06,7.741666e-06,7.616663e-06,7.129161e-06,7.662495e-06,5.470832e-06,1.0008327e-05,7.499997e-06,5.308326e-06
0,121,17.307,0.79,7.124996e-06,7.891663e-06,1.0316666e-05,4.824996e-06,9.683331e-06,9.720826e-06,7.341663e-06,8.745829e-06,7.67916e-06,7.220833e-06,6.92083e-06,7.458329e-06,5.391661e-06,9.837492e-06,7.262492e-06,5.133327e-06
0,122,17.45,0.78,6.779162e-06,7.57916e-06,1.0029165e-05,4.608329e-06,9.404159e-06,9.429161e-06,7.079164e-06,8.445827e-06,7.729165e-06,6.974999e-06,6.745831e-06,7.199995e-06,5.308326e-06,9.729163e-06,6.912494e-06,5.062493e-06
0,123,17.594,0.77,6.47916e-06,7.395832e-06,9.699997e-06,4.495827e-06,9.158325e-06,9.224995e-06,6.837495e-06,8.145825e-06,7.683333e-06,6.691662e-06,6.362494e-06,6.908329e-06,5.199997e-06,9.662493e-06,6.604163e-06,4.970829e-06
0,124,17.737,0.76,6.141663e-06,7.191666e-06,9.304166e-06,4.354159e-06,8.958332e-06,8.937494e-06,6.595826e-06,7.845831e-06,7.658331e-06,6.462495e-06,6.212497e-06,6.75416e-06,5.145828e-06,9.554164e-06,6.39166e-06,4.937498e-06
0,125,17.88,0.75,6.104159e-06,6.912494e-06,8.995827e-06,4.087496e-06,8.683332e-06,8.624998e-06,6.370831e-06,7.549993e-06,7.654166e-06,6.187495e-06,5.866663e-06,6.524992e-06,5.17083e-06,9.433325e-06,6.112496e-06,4.870828e-06
0,126,18.023,0.74,5.658333e-06,6.674997e-06,8.67916e-06,3.945827e-06,8.379166e-06,8.358327e-06,6.054163e-06,7.279165e-06,7.637493e-06,5.933332e-06,5.549995e-06,6.224998e-06,5.129163e-06,9.374992e-06,5.80833e-06,4.958328e-06
0,127,18.166,0.73,5.429165e-06,6.441664e-06,8.333325e-06,3.724996e-06,8.149997e-06,8.124995e-06,5.799993e-06,6.891664e-06,7.670832e-06,5.704164e-06,5.354166e-06,5.966663e-06,5.10416e-06,9.320831e-06,5.570825e-06,5.012496e-06
0,128,18.309,0.72,5.158329e-06,6.191659e-06,8.008329e-06,3.620831e-06,7.804163e-06,7.774996e-06,5.537494e-06,6.570832e-06,7.670832e-06,5.441666e-06,5.166666e-06,5.774998e-06,5.049992e-06,9.224995e-06,5.362495e-06,5.054164e-06
0,129,18.452,0.71,5.029162e-06,5.983329e-06,7.720828e-06,3.533332e-06,7.570831e-06,7.49166e-06,5.404162e-06,6.295832e-06,7.624992e-06,5.249993e-06,4.966664e-06,5.629166e-06,5.091659e-06,9.145832e-06,5.129163e-06,5.154165e-06
0,130,18.595,0.7,4.858327e-06,5.966663e-06,7.362493e-06,3.26666e-06,7.274993e-06,7.187494e-06,5.187495e-06,6.054163e-06,7.583332e-06,5.066665e-06,4.862499e-06,5.454159e-06,5.112497e-06,8.958332e-06,5.062493e-06,5.249993e-06
0,131,18.738,0.69,4.737497e-06,5.65416e-06,6.966663e-06,3.070831e-06,6.983328e-06,6.8875e-06,4.929161e-06,5.804165e-06,7.633328e-06,4.941662e-06,4.658325e-06,5.295825e-06,5.137499e-06,8.895826e-06,4.870828e-06,5.399998e-06
0,132,18.881,0.68,4.64166e-06,5.487498e-06,6.66666e-06,2.929163e-06,6.762496e-06,6.616664e-06,4.824996e-06,5.483325e-06,7.604162e-06,4.774992e-06,4.574998e-06,5.166666e-06,5.19166e-06,8.837494e-06,4.699993e-06,5.524993e-06
0,133,19.024,0.67,4.549996e-06,5.391661e-06,6.354165e-06,2.78333e-06,6.354165e-06,6.341664e-06,4.645832e-06,5.212498e-06,7.583332e-06,4.658325e-06,4.474998e-06,5.054164e-06,5.266658e-06,8.75833e-06,4.579163e-06,5.729159e-06
0,134,19.167,0.66,4.587499e-06,5.229163e-06,6.087494e-06,2.654163e-06,6.09583e-06,6.137498e-06,4.595828e-06,4.970829e-06,7.599997e-06,4.595828e-06,4.408328e-06,4.991658e-06,5.320827e-06,8.754166e-06,4.566662e-06,5.962499e-06
0,135,19.31,0.65,4.524994e-06,5.166666e-06,5.799993e-06,2.533332e-06,5.824995e-06,5.887493e-06,4.491663e-06,4.766663e-06,7.629164e-06,4.595828e-06,4.383326e-06,4.91666e-06,5.449994e-06,8.687496e-06,4.566662e-06,6.116661e-06
0,136,19.453,0.64,4.554161e-06,5.062493e-06,5.587498e-06,2.416658e-06,5.604164e-06,5.691663e-06,4.45416e-06,4.633331e-06,7.612498e-06,4.612494e-06,4.379161e-06,4.862499e-06,5.53333e-06,8.645829e-06,4.566662e-06,6.320826e-06
0,137,19.596,0.63,4.612494e-06,5.079166e-06,5.366659e-06,2.370826e-06,5.391661e-06,5.449994e-06,4.429166e-06,4.437494e-06,7.645829e-06,4.595828e-06,4.387498e-06,4.841661e-06,5.658333e-06,8.620827e-06,4.633331e-06,6.54583e-06
0,138,19.739,0.62,4.633331e-06,5.07083e-06,5.179159e-06,2.299992e-06,5.212498e-06,5.283332e-06,4.370832e-06,4.34583e-06,7.7125e-06,4.62083e-06,4.43333e-06,4.837497e-06,5.745832e-06,8.604161e-06,4.720831e-06,6.854161e-06
0,139,19.882,0.61,4.799994e-06,5.037498e-06,5.004159e-06,2.208328e-06,5.020825e-06,5.158329e-06,4.404164e-06,4.295826e-06,7.67916e-06,4.674999e-06,4.458332e-06,4.91666e-06,5.883328e-06,8.641664e-06,4.820832e-06,7.087493e-06
0,140,20.025,0.6,4.874993e-06,5.116661e-06,4.970829e-06,2.183326e-06,4.891666e-06,5.10416e-06,4.449995e-06,4.216663e-06,7.749994e-06,4.791665e-06,4.53333e-06,4.920832e-06,6.091658e-06,8.583331e-06,4.979165e-06,7.341663e-06
0,141,20.168,0.59,5.024997e-06,5.095832e-06,4.849998e-06,2.199992e-06,4.799994e-06,5.07083e-06,4.516665e-06,4.15833e-06,7.804163e-06,4.862499e-06,4.612494e-06,4.991658e-06,6.274994e-06,8.637492e-06,5.087495e-06,7.637493e-06
0,142,20.311,0.58,5.17083e-06,5.270831e-06,4.866663e-06,2.199992e-06,4.770827e-06,5.062493e-06,4.629159e-06,4.187496e-06,7.741666e-06,5.016661e-06,4.762499e-06,5.07083e-06,6.437492e-06,8.637492e-06,5.266658e-06,7.887498e-06
0,143,20.454,0.57,5.35833e-06,5.341665e-06,4.929161e-06,2.224994e-06,4.783328e-06,5.083331e-06,4.754162e-06,4.208326e-06,7.916665e-06,5.25833e-06,4.837497e-06,5.204161e-06,6.63333e-06,8.649993e-06,5.483325e-06,8.183329e-06
0,144,20.597,0.56,5.520828e-06,5.387497e-06,4.929161e-06,2.25416e-06,4.808331e-06,5.129163e-06,4.879165e-06,4.312499e-06,7.791662e-06,5.433329e-06,5.033326e-06,5.312499e-06,6.899993e-06,8.749994e-06,5.712493e-06,8.466665e-06
0,145,20.74,0.55,5.795829e-06,5.65416e-06,5.016661e-06,2.32083e-06,4.841661e-06,5.266658e-06,5.049992e-06,4.429166e-06,7.970826e-06,5.541659e-06,5.224999e-06,5.504163e-06,7.124996e-06,8.820828e-06,5.937497e-06,8.749994e-06
0,146,20.883,0.54,6.062492e-06,5.745832e-06,5.166666e-06,2.333331e-06,4.999995e-06,5.483325e-06,5.19166e-06,4.545832e-06,7.879162e-06,5.774998e-06,5.354166e-06,5.624994e-06,7.333326e-06,8.824993e-06,6.254164e-06,9.02083e-06
0,147,21.027,0.53,6.220826e-06,5.920831e-06,5.27916e-06,2.429159e-06,5.091659e-06,5.558332e-06,5.387497e-06,4.72916e-06,7.899992e-06,6.054163e-06,5.53333e-06,5.84166e-06,7.529163e-06,8.858331e-06,6.466659e-06,9.279163e-06
0,148,21.17,0.52,6.616664e-06,6.112496e-06,5.499999e-06,2.499994e-06,5.224999e-06,5.724994e-06,5.616665e-06,4.908331e-06,7.966662e-06,6.208332e-06,5.779163e-06,6.004159e-06,7.841659e-06,8.974997e-06,6.795828e-06,9.60416e-06
0,149,21.313,0.51,6.658332e-06,6.295832e-06,5.679162e-06,2.591666e-06,5.362495e-06,5.862498e-06,5.737495e-06,5.120826e-06,8.016666e-06,6.462495e-06,5.962499e-06,6.324999e-06,8.116658e-06,9.066661e-06,6.991665e-06,9.883332e-06
0,150,21.456,0.5,6.937496e-06,6.47916e-06,5.837496e-06,2.745827e-06,5.587498e-06,6.129162e-06,6.012495e-06,5.316663e-06,8.029159e-06,6.683326e-06,6.087494e-06,6.420827e-06,8.308331e-06,9.062497e-06,7.308332e-06,1.0129165e-05
0,151,21.599,0.49,7.187494e-06,6.683326e-06,6.037497e-06,2.854164e-06,5.729159e-06,6.304161e-06,6.220826e-06,5.479161e-06,8.066662e-06,6.94166e-06,6.341664e-06,6.749995e-06,8.599996e-06,9.183327e-06,7.566658e-06,1.0433332e-05
0,152,21.742,0.48,7.40416e-06,6.862497e-06,6.404161e-06,2.945828e-06,5.941661e-06,6.537493e-06,6.420827e-06,5.72083e-06,8.158326e-06,7.170828e-06,6.549994e-06,6.795828e-06,8.995827e-06,9.333332e-06,7.866661e-06,1.070416e-05
0,153,21.885,0.47,7.708327e-06,6.991665e-06,6.462495e-06,3.054166e-06,6.187495e-06,6.762496e-06,6.629165e-06,5.937497e-06,8.158326e-06,7.420826e-06,6.799992e-06,7.070827e-06,9.187492e-06,9.449998e-06,8.145825e-06,1.0912498e-05
0,154,22.028,0.46,7.962497e-06,7.237498e-06,6.662496e-06,3.14583e-06,6.437492e-06,7.00833e-06,6.833331e-06,6.074993e-06,8.254163e-06,7.649994e-06,7.012494e-06,7.30416e-06,9.324996e-06,9.562493e-06,8.395831e-06,1.116666e-05
0,155,22.171,0.45,8.266664e-06,7.424998e-06,6.899993e-06,3.329166e-06,6.608327e-06,7.258328e-06,7.070827e-06,6.437492e-06,8.274992e-06,7.912493e-06,7.229161e-06,7.545829e-06,9.541663e-06,9.466664e-06,8.77916e-06,1.1412493e-05
0,156,22.314,0.44,8.487495e-06,7.645829e-06,7.295831e-06,3.495828e-06,6.879163e-06,7.504161e-06,7.28333e-06,6.524992e-06,8.308331e-06,8.070827e-06,7.445828e-06,7.762495e-06,9.808326e-06,9.558328e-06,9.108328e-06,1.1649998e-05
0,157,22.457,0.43,8.741665e-06,7.858332e-06,7.399996e-06,3.52083e-06,7.166664e-06,7.779161e-06,7.520827e-06,6.858325e-06,8.366665e-06,8.433326e-06,7.654166e-06,8.004165e-06,1.0116664e-05,9.687496e-06,9.204166e-06,1.1995832e-05
0,158,22.6,0.42,8.987498e-06,8.02083e-06,7.687497e-06,3.666663e-06,7.47083e-06,8.062498e-06,7.820829e-06,7.104159e-06,8.516661e-06,8.624998e-06,7.883326e-06,8.249998e-06,1.0324995e-05,9.766666e-06,9.491666e-06,1.2095833e-05
0,159,22.743,0.41,9.258326e-06,8.258326e-06,7.891663e-06,3.770828e-06,7.566658e-06,8.379166e-06,7.991664e-06,7.299996e-06,8.5375e-06,8.883325e-06,8.137496e-06,8.474994e-06,1.0591666e-05,9.870831e-06,9.699997e-06,1.2337494e-05
0,160,22.886,0.4,9.591659e-06,8.454163e-06,8.19583e-06,3.908332e-06,7.7125e-06,8.499996e-06,8.249998e-06,7.516662e-06,8.574994e-06,9.149996e-06,8.274992e-06,8.729164e-06,1.0770829e-05,9.970832e-06,1.0004163e-05,1.2574998e-05
0,161,23.029,0.39,9.745829e-06,8.683332e-06,8.441662e-06,4.029163e-06,7.958332e-06,8.804162e-06,8.404159e-06,7.76666e-06,8.65833e-06,9.399994e-06,8.508333e-06,8.904163e-06,1.1020828e-05,1.004583e-05,1.024166e-05,1.2749998e-05
0,162,23.172,0.38,1.0041666e-05,8.879161e-06,8.666659e-06,4.162494e-06,8.262499e-06,8.999999e-06,8.774996e-06,7.987499e-06,8.654165e-06,9.616661e-06,8.724999e-06,9.199993e-06,1.1274998e-05,1.0129165e-05,1.0491665e-05,1.2941662e-05
0,163,23.315,0.37,1.0179162e-05,9.079162e-06,8.879161e-06,4.299998e-06,8.474994e-06,9.399994e-06,8.895826e-06,8.187492e-06,8.75833e-06,9.854166e-06,8.974997e-06,9.374992e-06,1.1495828e-05,1.0212493e-05,1.0720825e-05,1.3220827e-05
0,164,23.458,0.36,1.0466663e-05,9.283328e-06,9.108328e-06,4.424993e-06,8.745829e-06,9.483329e-06,8.991663e-06,8.404159e-06,8.795826e-06,1.0074997e-05,9.112493e-06,9.579166e-06,1.1712496e-05,1.0324995e-05,1.0983332e-05,1.3383333e-05
0,165,23.601,0.35,1.0699995e-05,9.433325e-06,9.391665e-06,4.570826e-06,8.93333e-06,9.75833e-06,9.424996e-06,8.75833e-06,8.920829e-06,1.0299993e-05,9.324996e-06,9.874995e-06,1.1941664e-05,1.0391665e-05,1.1220829e-05,1.365416e-05
0,166,23.744,0.34,1.0954165e-05,9.654164e-06,9.649992e-06,4.704165e-06,9.166662e-06,9.983333e-06,9.449998e-06,8.858331e-06,8.908328e-06,1.0474992e-05,9.524997e-06,1.0058331e-05,1.2170832e-05,1.049583e-05,1.1433332e-05,1.380833e-05
0,167,23.887,0.33,1.1091662e-05,9.808326e-06,9.849993e-06,4.837497e-06,9.420832e-06,1.0229166e-05,9.649992e-06,9.02083e-06,9.074998e-06,1.0766666e-05,9.699997e-06,1.0283327e-05,1.2370832e-05,1.0579165e-05,1.178333e-05,1.4041662e-05
0,168,24.03,0.32,1.1391664e-05,1.0033329e-05,1.0149995e-05,4.966664e-06,9.687496e-06,1.0474992e-05,9.849993e-06,9.216667e-06,9.074998e-06,1.1049994e-05,9.987497e-06,1.0512495e-05,1.2487499e-05,1.0641662e-05,1.1899996e-05,1.4216662e-05
0,169,24.173,0.31,1.1579164e-05,1.0149995e-05,1.0379164e-05,5.07083e-06,9.854166e-06,1.0720825e-05,1.0083326e-05,9.487494e-06,9.070825e-06,1.1270833e-05,1.0099999e-05,1.0658327e-05,1.279583e-05,1.0729162e-05,1.2079159e-05,1.4354166e-05
0,170,24.316,0.3,1.1849999e-05,1.0370827e-05,1.0554163e-05,5.174994e-06,1.0062496e-05,1.1004162e-05,1.0204164e-05,9.704161e-06,9.166662e-06,1.1516667e-05,1.032916e-05,1.0912498e-05,1.2929161e-05,1.0879159e-05,1.2349995e-05,1.4562495e-05
0,171,24.459,0.29,1.1962493e-05,1.0654163e-05,1.0758328e-05,5.37916e-06,1.0274998e-05,1.1149995e-05,1.0341661e-05,9.949994e-06,9.191665e-06,1.1479163e-05,1.0574992e-05,1.1179161e-05,1.309166e-05,1.089166e-05,1.2458332e-05,1.4729166e-05
0,172,24.603,0.28,1.2070831e-05,1.0745827e-05,1.1083333e-05,5.412499e-06,1.0508331e-05,1.1374998e-05,1.0579165e-05,1.0129165e-05,9.295829e-06,1.1779165e-05,1.0637498e-05,1.13e-05,1.3337493e-05,1.1004162e-05,1.2662498e-05,1.4895829e-05
0,173,24.746,0.27,1.2258331e-05,1.0945829e-05,1.1212492e-05,5.616665e-06,1.070416e-05,1.1575e-05,1.0666665e-05,1.0312494e-05,9.358327e-06,1.1849999e-05,1.0758328e-05,1.1704159e-05,1.355416e-05,1.1099998e-05,1.2854163e-05,1.5037497e-05
0,174,24.889,0.26,1.2537495e-05,1.0924999e-05,1.1483327e-05,5.65416e-06,1.0929163e-05,1.1879166e-05,1.0858329e-05,1.0554163e-05,9.391665e-06,1.2174995e-05,1.0908326e-05,1.1816661e-05,1.3758326e-05,1.1195826e-05,1.3049992e-05,1.5187494e-05
0,175,25.032,0.25,1.2670827e-05,1.1191662e-05,1.169583e-05,5.80833e-06,1.1174997e-05,1.2087497e-05,1.1087497e-05,1.0724997e-05,9.474993e-06,1.2291662e-05,1.1154159e-05,1.2020826e-05,1.401666e-05,1.1249996e-05,1.3241664e-05,1.5374993e-05
0,176,25.175,0.24,1.2849999e-05,1.123333e-05,1.1929163e-05,5.899994e-06,1.1274998e-05,1.2283325e-05,1.1162496e-05,1.0929163e-05,9.512496e-06,1.2512493e-05,1.1291663e-05,1.1995832e-05,1.4166665e-05,1.1458325e-05,1.3445831e-05,1.5566658e-05
0,177,25.318,0.23,1.3074994e-05,1.1412493e-05,1.2204162e-05,6.033325e-06,1.1495828e-05,1.2470826e-05,1.1387499e-05,1.1087497e-05,9.637499e-06,1.2654162e-05,1.1491664e-05,1.2162494e-05,1.4258329e-05,1.152083e-05,1.3612493e-05,1.5733329e-05
0,178,25.461,0.22,1.3199997e-05,1.1654162e-05,1.2224992e-05,6.208332e-06,1.1683329e-05,1.2666663e-05,1.1549997e-05,1.1283326e-05,9.683331e-06,1.2854163e-05,1.1683329e-05,1.2395827e-05,1.4466659e-05,1.1633332e-05,1.3870827e-05,1.5862497e-05
0,179,25.604,0.21,1.3412499e-05,1.1745827e-05,1.2533331e-05,6.324999e-06,1.1845827e-05,1.2929161e-05,1.1679164e-05,1.1575e-05,9.683331e-06,1.3066665e-05,1.1762492e-05,1.2587499e-05,1.4495826e-05,1.1616659e-05,1.4120833e-05,1.6037497e-05
0,180,25.747,0.2,1.3549996e-05,1.1870829e-05,1.2629159e-05,6.445829e-06,1.209166e-05,1.3104161e-05,1.188333e-05,1.1649998e-05,9.770831e-06,1.3270831e-05,1.1958329e-05,1.2745825e-05,1.4720829e-05,1.1737498e-05,1.4216662e-05,1.6129159e-05
0,181,25.89,0.19,1.3762497e-05,1.2049993e-05,1.2804167e-05,6.454166e-06,1.2420829e-05,1.3208326e-05,1.2066666e-05,1.1774993e-05,9.837492e-06,1.3387497e-05,1.2083332e-05,1.291666e-05,1.4866662e-05,1.1729161e-05,1.439166e-05,1.6362492e-05
0,182,26.033,0.18,1.3941662e-05,1.2208327e-05,1.2958328e-05,6.508326e-06,1.2558333e-05,1.3470833e-05,1.2133328e-05,1.197083e-05,9.883332e-06,1.3545831e-05,1.2229165e-05,1.3079167e-05,1.5016659e-05,1.1774993e-05,1.4549994e-05,1.6429161e-05
0,183,26.176,0.17,1.4112497e-05,1.2354159e-05,1.3208326e-05,6.629165e-06,1.2591664e-05,1.3679162e-05,1.2229165e-05,1.2191661e-05,9.916663e-06,1.3666661e-05,1.2383326e-05,1.3241664e-05,1.5174993e-05,1.1845827e-05,1.4620829e-05,1.6587495e-05
0,184,26.319,0.16,1.4287496e-05,1.2474998e-05,1.3429165e-05,6.741659e-06,1.2720831e-05,1.3833332e-05,1.2387498e-05,1.2254159e-05,1.0004163e-05,1.3854162e-05,1.2491663e-05,1.3412499e-05,1.5291658e-05,1.1979158e-05,1.4741659e-05,1.6691662e-05
0,185,26.462,0.15,1.4387496e-05,1.2595829e-05,1.3541659e-05,6.870826e-06,1.2887494e-05,1.427083e-05,1.2662498e-05,1.243333e-05,1.0095827e-05,1.4079165e-05,1.2591664e-05,1.3470833e-05,1.5474994e-05,1.2020826e-05,1.4904165e-05,1.6895827e-05
0,186,26.605,0.14,1.4562495e-05,1.2870828e-05,1.3695828e-05,6.983328e-06,1.3116662e-05,1.4145828e-05,1.2699993e-05,1.2616666e-05,1.0158332e-05,1.4137499e-05,1.2716659e-05,1.3716666e-05,1.5574995e-05,1.2108326e-05,1.5062499e-05,1.69e-05
0,187,26.748,0.13,1.4687498e-05,1.282916e-05,1.3891665e-05,7.02916e-06,1.3283332e-05,1.4587497e-05,1.2820832e-05,1.2837498e-05,1.0254161e-05,1.4295832e-05,1.298333e-05,1.391666e-05,1.5733329e-05,1.2149993e-05,1.5208332e-05,1.7112494e-05
0,188,26.891,0.12,1.4829159e-05,1.2954163e-05,1.4012496e-05,7.183329e-06,1.3429165e-05,1.4604163e-05,1.298333e-05,1.2920833e-05,1.0237495e-05,1.445833e-05,1.3074994e-05,1.3970828e-05,1.5899999e-05,1.2204162e-05,1.5374993e-05,1.7287493e-05
0,189,27.034,0.11,1.5016659e-05,1.3049992e-05,1.4258329e-05,7.254163e-06,1.3583326e-05,1.4737495e-05,1.3162494e-05,1.3037499e-05,1.0379164e-05,1.456666e-05,1.3149993e-05,1.4174994e-05,1.6029158e-05,1.2308327e-05,1.5533327e-05,1.740416e-05
0,190,27.177,0.1,1.5170828e-05,1.3249994e-05,1.4366667e-05,7.387495e-06,1.3641659e-05,1.4891664e-05,1.3204161e-05,1.3145828e-05,1.0395829e-05,1.4679162e-05,1.3379161e-05,1.4279159e-05,1.6258327e-05,1.2379161e-05,1.5633328e-05,1.7558328e-05
0,191,27.32,0.09,1.5195831e-05,1.3470833e-05,1.4499999e-05,7.474995e-06,1.3845834e-05,1.5049998e-05,1.3304162e-05,1.3333329e-05,1.0649999e-05,1.499583e-05,1.3412499e-05,1.4416662e-05,1.6266664e-05,1.245416e-05,1.5812493e-05,1.7624998e-05
0,192,27.463,0.08,1.5329162e-05,1.3491663e-05,1.4712493e-05,7.537492e-06,1.401666e-05,1.5174993e-05,1.343333e-05,1.3516665e-05,1.0512495e-05,1.5112495e-05,1.3624994e-05,1.4495826e-05,1.6416661e-05,1.2483327e-05,1.5891663e-05,1.7799997e-05
0,193,27.606,0.07,1.5529164e-05,1.3529166e-05,1.4766661e-05,7.645829e-06,1.415e-05,1.5379166e-05,1.3604164e-05,1.362083e-05,1.0462499e-05,1.5170828e-05,1.3699992e-05,1.4704164e-05,1.6616663e-05,1.2583328e-05,1.604166e-05,1.7887496e-05
0,194,27.749,0.06,1.557916e-05,1.36875e-05,1.5008331e-05,7.691661e-06,1.4266666e-05,1.5541666e-05,1.36875e-05,1.3745833e-05,1.0658327e-05,1.5283331e-05,1.3854162e-05,1.4858325e-05,1.6695833e-05,1.2583328e-05,1.6074999e-05,1.7958331e-05
0,195,27.892,0.05,1.576666e-05,1.382916e-05,1.5054163e-05,7.799999e-06,1.4383332e-05,1.5670832e-05,1.3799993e-05,1.3929161e-05,1.0645826e-05,1.535833e-05,1.3991666e-05,1.4958326e-05,1.6791662e-05,1.2658325e-05,1.622916e-05,1.7999999e-05
0,196,28.036,0.04,1.5995829e-05,1.3887493e-05,1.5254163e-05,7.929166e-06,1.4524992e-05,1.5899999e-05,1.3920831e-05,1.4004159e-05,1.0708332e-05,1.5737494e-05,1.4116661e-05,1.5049998e-05,1.6937494e-05,1.2749998e-05,1.6437498e-05,1.822083e-05
0,197,28.179,0.03,1.592083e-05,1.4054163e-05,1.5345828e-05,7.999993e-06,1.473333e-05,1.5966662e-05,1.4004159e-05,1.4141663e-05,1.0795831e-05,1.5670832e-05,1.4220826e-05,1.535833e-05,1.7058333e-05,1.2841661e-05,1.6554164e-05,1.8324996e-05
0,198,28.322,0.02,1.604166e-05,1.4166665e-05,1.5541666e-05,8.10833e-06,1.4774998e-05,1.6149997e-05,1.4187495e-05,1.4266666e-05,1.0799996e-05,1.5770833e-05,1.4195832e-05,1.5229161e-05,1.7199993e-05,1.2874993e-05,1.6574995e-05,1.8420831e-05
0,199,28.465,0.01,1.6124995e-05,1.4187495e-05,1.5654166e-05,8.104165e-06,1.4970827e-05,1.6266664e-05,1.4258329e-05,1.4429164e-05,1.0887496e-05,1.5879163e-05,1.4312498e-05,1.5462494e-05,1.7274999e-05,1.2987494e-05,1.6712498e-05,1.8574992e-05
0,200,28.608,0.0,1.6354163e-05,1.4337492e-05,1.5804164e-05,8.22916e-06,1.5087493e-05,1.6433327e-05,1.4254165e-05,1.4587497e-05,1.0929163e-05,1.6029158e-05,1.4383332e-05,1.5508325e-05,1.7545828e-05,1.3054164e-05,1.6866659e-05,1.8629162e-05
,,,,,,,,,,,,,,,,,,,,0,0.59,0.56,0.47,0.5,0.48,0.5,0.54,0.5,0.96,0.58,0.57,0.56,0.67,0.56,0.6,0.71,0.65,0.61,0.59,0.6,0.58,0.58,0.62,0.59,0.7,0.66,0.64,0.62,0.72,0.6,0.66,0.75
1,0,28.879,0.0,1.6312495e-05,1.4324999e-05,1.575416e-05,8.291666e-06,1.5104159e-05,1.6479167e-05,1.4354166e-05,1.4524992e-05,1.1149995e-05,1.6116659e-05,1.445833e-05,1.547083e-05,1.7379165e-05,1.3012496e-05,1.6904163e-05,1.8620833e-05
1,1,29.022,0.01,1.6299995e-05,1.4287496e-05,1.5637494e-05,8.204166e-06,1.5004166e-05,1.6358328e-05,1.4266666e-05,1.4399998e-05,1.0970831e-05,1.6062499e-05,1.4308325e-05,1.5454165e-05,1.7254162e-05,1.3066665e-05,1.6808328e-05,1.8612496e-05
1,2,29.165,0.02,1.610833e-05,1.4233327e-05,1.5549993e-05,8.074999e-06,1.4891664e-05,1.62625e-05,1.420416e-05,1.4287496e-05,1.1120828e-05,1.6074999e-05,1.4258329e-05,1.5254163e-05,1.7237497e-05,1.2979166e-05,1.6662494e-05,1.8524996e-05
1,3,29.308,0.03,1.6112495e-05,1.4224998e-05,1.5312497e-05,7.962497e-06,1.4720829e-05,1.6145825e-05,1.4091666e-05,1.4162492e-05,1.1087497e-05,1.5966662e-05,1.4179166e-05,1.5183329e-05,1.7158325e-05,1.298333e-05,1.6583332e-05,1.8475001e-05
1,4,29.451,0.04,1.6120832e-05,1.408333e-05,1.5183329e-05,7.899992e-06,1.4699999e-05,1.6012495e-05,1.4008331e-05,1.4054163e-05,1.0974995e-05,1.5587497e-05,1.4074993e-05,1.5054163e-05,1.7049995e-05,1.2929161e-05,1.6458329e-05,1.8366663e-05
1,5,29.595,0.05,1.5908328e-05,1.391666e-05,1.5087493e-05,7.76666e-06,1.4408326e-05,1.5858332e-05,1.3845834e-05,1.3866663e-05,1.1016663e-05,1.5554166e-05,1.3983329e-05,1.4941661e-05,1.6874998e-05,1.2854163e-05,1.6358328e-05,1.815416e-05
1,6,29.738,0.06,1.5837495e-05,1.3845834e-05,1.4941661e-05,7.7125e-06,1.4266666e-05,1.5720829e-05,1.3770827e-05,1.3704165e-05,1.1062495e-05,1.5383332e-05,1.3674999e-05,1.4933332e-05,1.6824992e-05,1.2833333e-05,1.6141661e-05,1.8037494e-05
1,7,29.881,0.07,1.5679161e-05,1.3758326e-05,1.4737495e-05,7.570831e-06,1.4187495e-05,1.5545829e-05,1.3641659e-05,1.3524993e-05,1.0987496e-05,1.5241662e-05,1.3574998e-05,1.4670833e-05,1.667916e-05,1.2699993e-05,1.6070826e-05,1.7958331e-05
1,8,30.024,0.08,1.5329162e-05,1.3612493e-05,1.4516663e-05,7.462494e-06,1.4008331e-05,1.5383332e-05,1.3499999e-05,1.3408328e-05,1.1054166e-05,1.5124997e-05,1.343333e-05,1.4537493e-05,1.6620827e-05,1.2724996e-05,1.5991664e-05,1.7762493e-05
1,9,30.167,0.09,1.5166665e-05,1.3504164e-05,1.4416662e-05,7.358328e-06,1.3787492e-05,1.5237499e-05,1.3458332e-05,1.3187496e-05,1.0974995e-05,1.4937496e-05,1.3320828e-05,1.4570832e-05,1.6508333e-05,1.2641661e-05,1.5841659e-05,1.7716662e-05
1,10,30.31,0.1,1.4991665e-05,1.3516665e-05,1.4333327e-05,7.249999e-06,1.3645832e-05,1.5066664e-05,1.3287497e-05,1.3104161e-05,1.1041665e-05,1.4849997e-05,1.3233328e-05,1.420416e-05,1.6341663e-05,1.2645833e-05,1.5708327e-05,1.7587496e-05
1,11,30.453,0.11,1.4883328e-05,1.3208326e-05,1.410416e-05,7.137497e-06,1.3437494e-05,1.4845832e-05,1.3187496e-05,1.2845826e-05,1.0937492e-05,1.465416e-05,1.3049992e-05,1.4033326e-05,1.6179165e-05,1.2533331e-05,1.5525e-05,1.7445827e-05
1,12,30.596,0.12,1.4724994e-05,1.3058328e-05,1.3770827e-05,7.11666e-06,1.3208326e-05,1.4604163e-05,1.300416e-05,1.2629159e-05,1.0945829e-05,1.4537493e-05,1.2879165e-05,1.380833e-05,1.5966662e-05,1.2399999e-05,1.5512498e-05,1.7304166e-05
1,13,30.739,0.13,1.4579161e-05,1.2970829e-05,1.3445831e-05,6.999993e-06,1.3062493e-05,1.4437493e-05,1.2762499e-05,1.243333e-05,1.0924999e-05,1.4349993e-05,1.2712495e-05,1.3724994e-05,1.5879163e-05,1.234583e-05,1.5316662e-05,1.71875e-05
1,14,30.882,0.14,1.4366667e-05,1.2866664e-05,1.3341665e-05,6.837495e-06,1.2837498e-05,1.4158329e-05,1.2658325e-05,1.2237493e-05,1.0924999e-05,1.4133327e-05,1.2558333e-05,1.3537494e-05,1.5679161e-05,1.2279161e-05,1.5158327e-05,1.7e-05
1,15,31.025,0.15,1.420416e-05,1.2766664e-05,1.3133327e-05,6.591662e-06,1.2791666e-05,1.4058328e-05,1.2483327e-05,1.205833e-05,1.0862494e-05,1.4058328e-05,1.2358331e-05,1.3337493e-05,1.5504162e-05,1.2212499e-05,1.4824995e-05,1.6787497e-05
1,16,31.168,0.16,1.4145828e-05,1.2524994e-05,1.2820832e-05,6.516663e-06,1.2545832e-05,1.3824995e-05,1.2299998e-05,1.1762492e-05,1.0845828e-05,1.3849997e-05,1.2199998e-05,1.3174995e-05,1.5337499e-05,1.2137492e-05,1.4920831e-05,1.6695833e-05
1,17,31.311,0.17,1.3874999e-05,1.2424994e-05,1.2566662e-05,6.324999e-06,1.2116662e-05,1.3629166e-05,1.2199998e-05,1.1545833e-05,1.0808333e-05,1.36875e-05,1.2008325e-05,1.2995831e-05,1.51625e-05,1.205833e-05,1.4520828e-05,1.6487495e-05
1,18,31.454,0.18,1.3729159e-05,1.2233329e-05,1.2349995e-05,6.216661e-06,1.1954165e-05,1.3408328e-05,1.2033327e-05,1.1283326e-05,1.0820826e-05,1.3458332e-05,1.1833326e-05,1.2874993e-05,1.4974999e-05,1.2054165e-05,1.4349993e-05,1.6312495e-05
1,19,31.597,0.19,1.3491663e-05,1.2183333e-05,1.2066666e-05,6.062492e-06,1.1679164e-05,1.3041663e-05,1.1949992e-05,1.1079161e-05,1.0824998e-05,1.325833e-05,1.1645826e-05,1.2612494e-05,1.4866662e-05,1.1941664e-05,1.4195832e-05,1.6141661e-05
1,20,31.74,0.2,1.3291661e-05,1.1949992e-05,1.178333e-05,5.92916e-06,1.1445833e-05,1.2791666e-05,1.1754163e-05,1.0912498e-05,1.075e-05,1.3104161e-05,1.1524995e-05,1.2487499e-05,1.463333e-05,1.1866665e-05,1.3970828e-05,1.6024995e-05
1,21,31.883,0.21,1.3066665e-05,1.1812496e-05,1.152916e-05,5.770826e-06,1.1249996e-05,1.2499992e-05,1.1604166e-05,1.0629161e-05,1.0795831e-05,1.2895831e-05,1.1316665e-05,1.2254159e-05,1.4454166e-05,1.1779165e-05,1.3779163e-05,1.5829166e-05
1,22,32.026,0.22,1.2887494e-05,1.1637497e-05,1.1254159e-05,5.658333e-06,1.0966659e-05,1.226666e-05,1.1341659e-05,1.0383328e-05,1.0733326e-05,1.2712495e-05,1.114583e-05,1.2024999e-05,1.4229163e-05,1.1720832e-05,1.3558332e-05,1.5691661e-05
1,23,32.169,0.23,1.2716659e-05,1.152083e-05,1.0974995e-05,5.499999e-06,1.0724997e-05,1.1974995e-05,1.1099998e-05,1.0179162e-05,1.0858329e-05,1.2504164e-05,1.0966659e-05,1.1758328e-05,1.4049999e-05,1.1587493e-05,1.343333e-05,1.5529164e-05
1,24,32.312,0.24,1.2395827e-05,1.1229165e-05,1.0699995e-05,5.366659e-06,1.0449998e-05,1.1737498e-05,1.0883331e-05,1.0024993e-05,1.0741663e-05,1.2320828e-05,1.0741663e-05,1.1587493e-05,1.3929161e-05,1.1533331e-05,1.3199997e-05,1.5341664e-05
1,25,32.455,0.25,1.2283325e-05,1.1054166e-05,1.0429159e-05,5.229163e-06,1.0208329e-05,1.1424994e-05,1.0695831e-05,9.516661e-06,1.061666e-05,1.2229165e-05,1.0516659e-05,1.1374998e-05,1.365416e-05,1.144166e-05,1.2979166e-05,1.5141662e-05
1,26,32.598,0.26,1.2041664e-05,1.0824998e-05,1.0183327e-05,5.058328e-06,9.945829e-06,1.114583e-05,1.0454162e-05,9.291664e-06,1.0637498e-05,1.1987496e-05,1.0345832e-05,1.1112499e-05,1.3429165e-05,1.1341659e-05,1.2724996e-05,1.4966663e-05
1,27,32.741,0.27,1.1808332e-05,1.0670828e-05,9.829164e-06,4.883329e-06,9.67083e-06,1.0845828e-05,1.0270826e-05,9.058333e-06,1.0479164e-05,1.180416e-05,1.0091662e-05,1.0924999e-05,1.3224999e-05,1.1329166e-05,1.2504164e-05,1.4891664e-05
1,28,32.884,0.28,1.1579164e-05,1.0458326e-05,9.608332e-06,4.720831e-06,9.445826e-06,1.0591666e-05,1.0099999e-05,8.841665e-06,1.0579165e-05,1.1508329e-05,9.887497e-06,1.0670828e-05,1.3024997e-05,1.1224993e-05,1.2274996e-05,1.456666e-05
1,29,33.027,0.29,1.13e-05,1.0312494e-05,9.233332e-06,4.595828e-06,9.091664e-06,1.0283327e-05,9.849993e-06,8.533327e-06,1.0445825e-05,1.1149995e-05,9.749992e-06,1.0387492e-05,1.2870828e-05,1.1054166e-05,1.209166e-05,1.4399998e-05
1,30,33.171,0.3,1.1033329e-05,1.0187498e-05,9.037494e-06,4.45416e-06,8.912491e-06,9.970832e-06,9.649992e-06,8.29583e-06,1.040833e-05,1.0962494e-05,9.508331e-06,1.0199992e-05,1.2591664e-05,1.1062495e-05,1.178333e-05,1.415e-05
1,31,33.314,0.31,1.0729162e-05,9.883332e-06,8.766659e-06,4.34583e-06,8.566665e-06,9.691659e-06,9.404159e-06,8.029159e-06,1.0358325e-05,1.0674993e-05,9.166662e-06,9.916663e-06,1.2324993e-05,1.0899997e-05,1.1508329e-05,1.3912495e-05
1,32,33.457,0.32,1.0470828e-05,9.633327e-06,8.466665e-06,4.187496e-06,8.345826e-06,9.408331e-06,9.22083e-06,7.774996e-06,1.032083e-05,1.0499994e-05,9.024993e-06,9.766666e-06,1.2162494e-05,1.0795831e-05,1.1295827e-05,1.3633331e-05
1,33,33.6,0.33,1.0270826e-05,9.508331e-06,8.162498e-06,4.054165e-06,8.066662e-06,9.091664e-06,8.96666e-06,7.537492e-06,1.0266662e-05,1.0224994e-05,8.762495e-06,9.349998e-06,1.1945828e-05,1.0658327e-05,1.1070832e-05,1.3537494e-05
1,34,33.743,0.34,1.00125e-05,9.270827e-06,7.954161e-06,3.920825e-06,7.716663e-06,8.824993e-06,8.712498e-06,7.279165e-06,1.0229166e-05,9.995826e-06,8.499996e-06,9.204166e-06,1.1720832e-05,1.0649999e-05,1.0837499e-05,1.3245829e-05
1,35,33.886,0.35,9.729163e-06,8.904163e-06,7.662495e-06,3.71666e-06,7.524999e-06,8.479166e-06,8.5375e-06,6.958326e-06,1.0187498e-05,9.708333e-06,8.31666e-06,8.833329e-06,1.1387499e-05,1.0691659e-05,1.0545826e-05,1.3058328e-05
1,36,34.029,0.36,9.466664e-06,8.674995e-06,7.291659e-06,3.574999e-06,7.241662e-06,8.212495e-06,8.274992e-06,6.720829e-06,1.0108328e-05,9.466664e-06,8.058326e-06,8.649993e-06,1.1108327e-05,1.0537497e-05,1.0266662e-05,1.2770827e-05
1,37,34.172,0.37,9.237496e-06,8.445827e-06,7.041661e-06,3.508329e-06,7.016659e-06,7.904164e-06,7.970826e-06,6.558331e-06,1.0079161e-05,9.170826e-06,7.824993e-06,8.404159e-06,1.0991661e-05,1.0454162e-05,1.0087498e-05,1.2612494e-05
1,38,34.315,0.38,8.96666e-06,8.216659e-06,6.837495e-06,3.33333e-06,6.766661e-06,7.645829e-06,7.733329e-06,6.274994e-06,1.0024993e-05,8.954159e-06,7.562494e-06,8.116658e-06,1.0604159e-05,1.0204164e-05,9.804161e-06,1.234583e-05
1,39,34.458,0.39,8.704162e-06,7.995828e-06,6.587497e-06,3.249995e-06,6.524992e-06,7.441664e-06,7.520827e-06,6.037497e-06,1.00125e-05,8.670831e-06,7.320825e-06,7.879162e-06,1.0312494e-05,1.0099999e-05,9.354162e-06,1.2029163e-05
1,40,34.601,0.4,8.420833e-06,7.774996e-06,6.370831e-06,3.083332e-06,6.283331e-06,7.179165e-06,7.316661e-06,5.766662e-06,9.908326e-06,8.583331e-06,7.095829e-06,7.633328e-06,1.0079161e-05,1.0016664e-05,9.058333e-06,1.1812496e-05
1,41,34.744,0.41,8.166663e-06,7.520827e-06,6.154164e-06,2.933327e-06,6.141663e-06,6.966663e-06,7.012494e-06,5.608328e-06,9.887497e-06,8.083328e-06,6.845832e-06,7.362493e-06,9.770831e-06,9.933328e-06,8.874997e-06,1.1595829e-05
1,42,34.887,0.42,7.912493e-06,7.30416e-06,6.004159e-06,2.829162e-06,5.858326e-06,6.649995e-06,6.799992e-06,5.349994e-06,9.774994e-06,7.83333e-06,6.612492e-06,7.120832e-06,9.512496e-06,9.820827e-06,8.487495e-06,1.1270833e-05
1,43,35.03,0.43,7.637493e-06,7.066663e-06,5.820831e-06,2.774994e-06,5.65416e-06,6.537493e-06,6.587497e-06,5.216662e-06,9.833328e-06,7.55833e-06,6.399997e-06,6.895828e-06,9.249997e-06,9.762493e-06,8.241662e-06,1.0908326e-05
1,44,35.173,0.44,7.308332e-06,6.837495e-06,5.679162e-06,2.674993e-06,5.504163e-06,6.241663e-06,6.370831e-06,5.033326e-06,9.741664e-06,7.374994e-06,6.29166e-06,6.679161e-06,8.970833e-06,9.624998e-06,7.904164e-06,1.0687494e-05
1,45,35.316,0.45,7.049998e-06,6.629165e-06,5.520828e-06,2.604159e-06,5.416663e-06,6.066664e-06,6.145827e-06,4.974993e-06,9.674995e-06,7.141662e-06,5.987493e-06,6.495825e-06,8.662494e-06,9.549999e-06,7.654166e-06,1.0412495e-05
1,46,35.459,0.46,6.745831e-06,6.483333e-06,5.391661e-06,2.516659e-06,5.304162e-06,5.899994e-06,5.820831e-06,4.787493e-06,9.633327e-06,6.870826e-06,5.695828e-06,6.187495e-06,8.420833e-06,9.433325e-06,7.320825e-06,1.0108328e-05
1,47,35.602,0.47,6.574996e-06,6.154164e-06,5.312499e-06,2.449997e-06,5.237492e-06,5.80833e-06,5.691663e-06,4.662498e-06,9.637499e-06,6.595826e-06,5.566661e-06,5.966663e-06,8.158326e-06,9.412495e-06,7.041661e-06,9.870831e-06
1,48,35.745,0.48,6.316662e-06,5.987493e-06,5.25833e-06,2.416658e-06,5.124998e-06,5.716666e-06,5.333328e-06,4.483326e-06,9.545827e-06,6.324999e-06,5.374996e-06,5.837496e-06,7.879162e-06,9.237496e-06,6.749995e-06,9.570829e-06
1,49,35.888,0.49,6.062492e-06,5.812494e-06,5.25833e-06,2.370826e-06,5.091659e-06,5.624994e-06,5.220827e-06,4.43333e-06,9.558328e-06,6.158328e-06,5.245829e-06,5.641659e-06,7.624992e-06,9.195828e-06,6.449994e-06,9.304166e-06
1,50,36.031,0.5,5.812494e-06,5.641659e-06,5.224999e-06,2.358325e-06,5.10416e-06,5.599999e-06,5.074994e-06,4.420829e-06,9.41666e-06,5.904166e-06,5.062493e-06,5.487498e-06,7.349992e-06,9.166662e-06,6.20416e-06,9.016665e-06
1,51,36.174,0.51,5.649996e-06,5.479161e-06,5.283332e-06,2.337496e-06,5.166666e-06,5.574997e-06,4.924997e-06,4.387498e-06,9.358327e-06,5.729159e-06,4.891666e-06,5.404162e-06,7.170828e-06,9.112493e-06,5.991666e-06,8.699997e-06
1,52,36.317,0.52,5.408327e-06,5.308326e-06,5.245829e-06,2.287499e-06,5.179159e-06,5.604164e-06,4.79583e-06,4.399999e-06,9.254161e-06,5.483325e-06,4.841661e-06,5.229163e-06,6.970827e-06,8.929165e-06,5.691663e-06,8.408332e-06
1,53,36.46,0.53,5.254165e-06,5.17083e-06,5.454159e-06,2.354161e-06,5.266658e-06,5.637495e-06,4.679163e-06,4.462496e-06,9.224995e-06,5.287496e-06,4.774992e-06,5.204161e-06,6.670833e-06,8.962496e-06,5.516664e-06,8.087492e-06
1,54,36.604,0.54,5.120826e-06,5.062493e-06,5.579162e-06,2.374999e-06,5.387497e-06,5.704164e-06,4.633331e-06,4.474998e-06,9.212494e-06,5.129163e-06,4.654161e-06,5.124998e-06,6.474996e-06,8.920829e-06,5.295825e-06,7.849995e-06
1,55,36.747,0.55,5.012496e-06,5.016661e-06,5.674998e-06,2.462498e-06,5.524993e-06,5.899994e-06,4.524994e-06,4.616666e-06,9.166662e-06,5.004159e-06,4.558333e-06,5.141664e-06,6.320826e-06,8.854158e-06,5.154165e-06,7.533328e-06
1,56,36.89,0.56,4.824996e-06,4.908331e-06,5.862498e-06,2.516659e-06,5.804165e-06,6.033325e-06,4.512493e-06,4.704165e-06,9.116666e-06,4.91666e-06,4.524994e-06,5.079166e-06,6.145827e-06,8.837494e-06,4.979165e-06,7.266664e-06
1,57,37.033,0.57,4.712494e-06,4.887494e-06,6.037497e-06,2.612495e-06,5.858326e-06,6.141663e-06,4.595828e-06,4.887494e-06,9.070825e-06,4.858327e-06,4.508328e-06,5.183331e-06,6.020832e-06,8.799998e-06,4.91666e-06,7.033332e-06
1,58,37.176,0.58,4.687492e-06,4.879165e-06,6.216661e-06,2.654163e-06,6.124997e-06,6.412498e-06,4.570826e-06,5.087495e-06,8.983326e-06,4.820832e-06,4.483326e-06,5.129163e-06,5.870827e-06,8.75833e-06,4.879165e-06,6.712492e-06
1,59,37.319,0.59,4.679163e-06,4.904159e-06,6.487497e-06,2.762492e-06,6.320826e-06,6.541665e-06,4.674999e-06,5.216662e-06,8.96666e-06,4.779164e-06,4.608329e-06,5.083331e-06,5.812494e-06,8.766659e-06,4.787493e-06,6.508326e-06
1,60,37.462,0.6,4.674999e-06,4.887494e-06,6.745831e-06,2.854164e-06,6.483333e-06,6.82083e-06,4.733332e-06,5.462496e-06,8.879161e-06,4.758326e-06,4.666662e-06,5.204161e-06,5.608328e-06,8.904163e-06,4.799994e-06,6.266665e-06
1,61,37.605,0.61,4.687492e-06,5.10416e-06,7.049998e-06,2.99166e-06,6.804164e-06,7.02916e-06,4.870828e-06,5.645832e-06,8.862496e-06,4.804158e-06,4.724996e-06,5.308326e-06,5.670825e-06,8.874997e-06,4.891666e-06,6.091658e-06
1,62,37.748,0.62,4.737497e-06,5.07083e-06,7.166664e-06,3.199998e-06,7.004166e-06,7.249999e-06,4.908331e-06,5.879164e-06,8.762495e-06,4.858327e-06,4.845826e-06,5.424992e-06,5.449994e-06,8.837494e-06,4.941662e-06,5.941661e-06
1,63,37.891,0.63,4.854162e-06,5.195832e-06,7.524999e-06,3.26666e-06,7.329162e-06,7.508326e-06,5.049992e-06,6.079165e-06,8.695833e-06,4.945827e-06,4.970829e-06,5.616665e-06,5.408327e-06,8.808327e-06,4.958328e-06,5.737495e-06
1,64,38.034,0.64,4.949999e-06,5.345829e-06,7.762495e-06,3.404164e-06,7.662495e-06,7.770833e-06,5.266658e-06,6.345828e-06,8.75833e-06,5.045827e-06,5.120826e-06,5.724994e-06,5.420828e-06,8.891662e-06,4.987494e-06,5.608328e-06
1,65,38.177,0.65,5.079166e-06,5.512492e-06,7.999993e-06,3.445832e-06,7.837494e-06,8.029159e-06,5.37916e-06,6.641666e-06,8.583331e-06,5.216662e-06,5.224999e-06,5.924996e-06,5.345829e-06,8.891662e-06,5.083331e-06,5.495826e-06
1,66,38.32,0.66,5.254165e-06,5.662497e-06,8.312496e-06,3.624996e-06,8.004165e-06,8.308331e-06,5.574997e-06,6.8875e-06,8.641664e-06,5.349994e-06,5.44583e-06,6.120833e-06,5.345829e-06,8.970833e-06,5.333328e-06,5.299997e-06
1,67,38.463,0.67,5.412499e-06,5.895829e-06,8.587495e-06,3.762492e-06,8.199993e-06,8.558329e-06,5.779163e-06,7.154163e-06,8.574994e-06,5.524993e-06,5.608328e-06,6.233327e-06,5.320827e-06,9.024993e-06,5.454159e-06,5.208326e-06
1,68,38.606,0.68,5.691663e-06,6.066664e-06,8.841665e-06,3.899996e-06,8.491659e-06,8.879161e-06,6.070828e-06,7.383331e-06,8.549992e-06,5.699992e-06,5.795829e-06,6.508326e-06,5.304162e-06,9.099992e-06,5.691663e-06,5.154165e-06
1,69,38.749,0.69,5.80833e-06,6.274994e-06,9.087499e-06,4.049993e-06,8.662494e-06,8.924992e-06,6.279159e-06,7.620828e-06,8.454163e-06,5.912495e-06,6.029161e-06,6.724993e-06,5.354166e-06,9.129159e-06,5.887493e-06,5.141664e-06
1,70,38.892,0.7,6.066664e-06,6.579161e-06,9.404159e-06,4.183332e-06,8.995827e-06,9.174999e-06,6.508326e-06,7.891663e-06,8.445827e-06,6.141663e-06,6.249992e-06,6.949997e-06,5.308326e-06,9.229159e-06,6.104159e-06,5.149992e-06
1,71,39.035,0.71,6.279159e-06,6.779162e-06,9.612497e-06,4.337493e-06,9.187492e-06,9.32916e-06,6.791663e-06,8.074999e-06,8.395831e-06,6.374995e-06,6.412498e-06,7.1625e-06,5.354166e-06,9.254161e-06,6.345828e-06,5.112497e-06
1,72,39.178,0.72,6.516663e-06,6.908329e-06,9.891661e-06,4.466661e-06,9.408331e-06,9.60416e-06,6.899993e-06,8.445827e-06,8.374993e-06,6.637494e-06,6.670833e-06,7.345827e-06,5.391661e-06,9.387493e-06,6.583325e-06,5.174994e-06
1,73,39.321,0.73,6.841659e-06,7.154163e-06,1.0116664e-05,4.616666e-06,9.612497e-06,9.824999e-06,7.170828e-06,8.566665e-06,8.429161e-06,6.870826e-06,6.879163e-06,7.566658e-06,5.429165e-06,9.449998e-06,6.795828e-06,5.229163e-06
1,74,39.464,0.74,7.024995e-06,7.424998e-06,1.0354162e-05,4.741661e-06,9.770831e-06,1.0037494e-05,7.387495e-06,8.75833e-06,8.383329e-06,7.187494e-06,7.154163e-06,7.774996e-06,5.55416e-06,9.516661e-06,7.129161e-06,5.312499e-06
1,75,39.607,0.75,7.383331e-06,7.629164e-06,1.0566664e-05,4.879165e-06,1.0020828e-05,1.022083e-05,7.637493e-06,9.158325e-06,8.279165e-06,7.441664e-06,7.416661e-06,8.012494e-06,5.595827e-06,9.612497e-06,7.391659e-06,5.470832e-06
1,76,39.75,0.76,7.583332e-06,7.899992e-06,1.0845828e-05,5.049992e-06,1.0195828e-05,1.0412495e-05,7.849995e-06,9.304166e-06,8.208331e-06,7.691661e-06,7.662495e-06,8.204166e-06,5.787492e-06,9.733327e-06,7.629164e-06,5.508327e-06
1,77,39.893,0.77,7.824993e-06,8.079163e-06,1.1058331e-05,5.120826e-06,1.0341661e-05,1.0570828e-05,8.058326e-06,9.499995e-06,8.19583e-06,7.908328e-06,7.824993e-06,8.429161e-06,5.854161e-06,9.820827e-06,7.891663e-06,5.687499e-06
1,78,40.036,0.78,8.291666e-06,8.270827e-06,1.1358333e-05,5.333328e-06,1.052916e-05,1.0741663e-05,8.308331e-06,9.745829e-06,8.133332e-06,8.066662e-06,8.22916e-06,8.604161e-06,6.008331e-06,9.929165e-06,8.166663e-06,5.899994e-06
1,79,40.18,0.79,8.374993e-06,8.433326e-06,1.1595829e-05,5.424992e-06,1.0733326e-05,1.0920827e-05,8.529162e-06,9.954158e-06,8.104165e-06,8.437499e-06,8.312496e-06,8.920829e-06,6.154164e-06,9.97916e-06,8.395831e-06,6.033325e-06
1,80,40.323,0.8,8.783332e-06,8.691661e-06,1.1779165e-05,5.512492e-06,1.0937492e-05,1.1104163e-05,8.799998e-06,1.0204164e-05,8.12916e-06,8.579159e-06,8.45e-06,8.991663e-06,6.324999e-06,1.0033329e-05,8.645829e-06,6.279159e-06
1,81,40.466,0.81,8.887498e-06,8.858331e-06,1.200416e-05,5.683327e-06,1.0983332e-05,1.1270833e-05,8.912491e-06,1.0379164e-05,8.070827e-06,8.824993e-06,8.77916e-06,9.170826e-06,6.570832e-06,1.004583e-05,8.912491e-06,6.487497e-06
1,82,40.609,0.82,9.108328e-06,9.016665e-06,1.217916e-05,5.84166e-06,1.1262497e-05,1.1387499e-05,9.174999e-06,1.0620833e-05,8.033331e-06,9.05416e-06,8.908328e-06,9.441662e-06,6.75416e-06,1.024166e-05,9.083326e-06,6.629165e-06
1,83,40.752,0.83,9.349998e-06,9.270827e-06,1.2483327e-05,5.941661e-06,1.1416666e-05,1.1479163e-05,9.316659e-06,1.0745827e-05,8.04166e-06,9.275e-06,9.129159e-06,9.49583e-06,6.995829e-06,1.0270826e-05,9.366663e-06,6.8875e-06
1,84,40.895,0.84,9.608332e-06,9.437497e-06,1.2812495e-05,6.012495e-06,1.1458325e-05,1.1674992e-05,9.487494e-06,1.0983332e-05,8.004165e-06,9.458327e-06,9.333332e-06,9.687496e-06,7.104159e-06,1.0383328e-05,9.612497e-06,7.124996e-06
1,85,41.038,0.85,9.908326e-06,9.520832e-06,1.2891666e-05,6.212497e-06,1.162916e-05,1.1874994e-05,9.783332e-06,1.123333e-05,8.037496e-06,9.712498e-06,9.595831e-06,9.829164e-06,7.524999e-06,1.0533333e-05,9.908326e-06,7.366665e-06
1,86,41.181,0.86,1.0141659e-05,9.733327e-06,1.3108333e-05,6.383332e-06,1.1799995e-05,1.20375e-05,9.891661e-06,1.1437495e-05,7.954161e-06,9.899998e-06,9.762493e-06,1.0062496e-05,7.512498e-06,1.0516659e-05,1.0120829e-05,7.629164e-06
1,87,41.324,0.87,1.0354162e-05,9.883332e-06,1.325833e-05,6.491661e-06,1.1929163e-05,1.2162494e-05,1.006666e-05,1.1604166e-05,7.979163e-06,1.0112492e-05,9.920827e-06,1.0204164e-05,7.758331e-06,1.0537497e-05,1.0308329e-05,7.829165e-06
1,88,41.467,0.88,1.0579165e-05,1.0108328e-05,1.3495826e-05,6.587497e-06,1.2049993e-05,1.23125e-05,1.032083e-05,1.1770829e-05,7.929166e-06,1.0508331e-05,1.0095827e-05,1.0324995e-05,8.012494e-06,1.0620833e-05,1.0458326e-05,8.070827e-06
1,89,41.61,0.89,1.0812497e-05,1.0174997e-05,1.3712493e-05,6.658332e-06,1.2191661e-05,1.2474998e-05,1.0458326e-05,1.2012498e-05,7.94166e-06,1.0541661e-05,1.0341661e-05,1.0524996e-05,8.191665e-06,1.0679166e-05,1.0716661e-05,8.274992e-06
1,90,41.753,0.9,1.1095826e-05,1.0383328e-05,1.391666e-05,6.92083e-06,1.2424994e-05,1.2595829e-05,1.0683329e-05,1.2229165e-05,7.983327e-06,1.0716661e-05,1.0512495e-05,1.0699995e-05,8.437499e-06,1.0729162e-05,1.1087497e-05,8.579159e-06
1,91,41.896,0.91,1.1258332e-05,1.0541661e-05,1.4112497e-05,6.987492e-06,1.2424994e-05,1.279583e-05,1.0808333e-05,1.2474998e-05,7.970826e-06,1.095833e-05,1.0637498e-05,1.0858329e-05,8.666659e-06,1.0845828e-05,1.1104163e-05,8.737493e-06
1,92,42.039,0.92,1.1591665e-05,1.0649999e-05,1.4374995e-05,7.079164e-06,1.2587499e-05,1.3024997e-05,1.1087497e-05,1.260833e-05,7.920829e-06,1.1183325e-05,1.0841663e-05,1.0962494e-05,8.891662e-06,1.0929163e-05,1.1308328e-05,9.041659e-06
1,93,42.182,0.93,1.1824997e-05,1.0845828e-05,1.4504162e-05,7.220833e-06,1.2624995e-05,1.2941662e-05,1.1141666e-05,1.2866664e-05,7.866661e-06,1.1295827e-05,1.1099998e-05,1.1304164e-05,9.112493e-06,1.0929163e-05,1.1579164e-05,9.266662e-06
1,94,42.325,0.94,1.2137492e-05,1.0987496e-05,1.4712493e-05,7.345827e-06,1.2791666e-05,1.3341665e-05,1.1341659e-05,1.3099996e-05,7.93333e-06,1.1558326e-05,1.1149995e-05,1.1287499e-05,9.324996e-06,1.104583e-05,1.1770829e-05,9.537498e-06
1,95,42.468,0.95,1.217916e-05,1.1108327e-05,1.4954162e-05,7.516662e-06,1.2941662e-05,1.3220827e-05,1.1487492e-05,1.3270831e-05,7.966662e-06,1.1762492e-05,1.1374998e-05,1.1437495e-05,9.587495e-06,1.1091662e-05,1.2008325e-05,9.762493e-06
1,96,42.611,0.96,1.2387498e-05,1.1195826e-05,1.5137498e-05,7.633328e-06,1.3033326e-05,1.3495826e-05,1.1612495e-05,1.3416664e-05,7.916665e-06,1.1937499e-05,1.1624996e-05,1.1591665e-05,9.75833e-06,1.135416e-05,1.2191661e-05,9.991661e-06
1,97,42.754,0.97,1.2645833e-05,1.1362497e-05,1.5333326e-05,7.770833e-06,1.3133327e-05,1.3520829e-05,1.1887495e-05,1.3612493e-05,8.004165e-06,1.2145829e-05,1.1758328e-05,1.1824997e-05,1.0008327e-05,1.123333e-05,1.2416665e-05,1.0299993e-05
1,98,42.897,0.98,1.2812495e-05,1.1495828e-05,1.5570831e-05,7.904164e-06,1.3233328e-05,1.36875e-05,1.197083e-05,1.3804166e-05,7.920829e-06,1.2387498e-05,1.1954165e-05,1.1983331e-05,1.024166e-05,1.1295827e-05,1.2658325e-05,1.0458326e-05
1,99,43.04,0.99,1.3104161e-05,1.1595829e-05,1.5795827e-05,8.016666e-06,1.3383333e-05,1.3816659e-05,1.2195826e-05,1.4020832e-05,7.949996e-06,1.2583328e-05,1.2049993e-05,1.2170832e-05,1.0370827e-05,1.1308328e-05,1.2808331e-05,1.0758328e-05
1,100,43.183,1.0,1.3295826e-05,1.1766664e-05,1.6024995e-05,8.233333e-06,1.3445831e-05,1.3983329e-05,1.2354159e-05,1.4262493e-05,7.916665e-06,1.2670827e-05,1.2337494e-05,1.2229165e-05,1.0633325e-05,1.1424994e-05,1.3095831e-05,1.1016663e-05
1,101,43.326,0.99,1.3274996e-05,1.1787494e-05,1.5849995e-05,8.104165e-06,1.3383333e-05,1.390833e-05,1.2166659e-05,1.4124998e-05,7.879162e-06,1.2616666e-05,1.2095833e-05,1.2033327e-05,1.0416658e-05,1.13e-05,1.279583e-05,1.0666665e-05
1,102,43.469,0.98,1.2929161e-05,1.1624996e-05,1.575416e-05,7.983327e-06,1.3337493e-05,1.3966664e-05,1.1999997e-05,1.3912495e-05,7.799999e-06,1.2349995e-05,1.1866665e-05,1.1824997e-05,1.0079161e-05,1.1224993e-05,1.2579163e-05,1.0266662e-05
1,103,43.613,0.97,1.2562497e-05,1.1395828e-05,1.5508325e-05,7.862496e-06,1.3108333e-05,1.3662498e-05,1.1766664e-05,1.3674999e-05,7.791662e-06,1.2012498e-05,1.169583e-05,1.1620831e-05,9.729163e-06,1.1162496e-05,1.2224992e-05,9.97916e-06
1,104,43.756,0.96,1.2429166e-05,1.1229165e-05,1.5262493e-05,7.666659e-06,1.2987494e-05,1.3462496e-05,1.1541661e-05,1.3441666e-05,7.791662e-06,1.1712496e-05,1.1495828e-05,1.1491664e-05,9.429161e-06,1.114583e-05,1.1966666e-05,9.612497e-06
1,105,43.899,0.95,1.2099998e-05,1.104583e-05,1.4945833e-05,7.545829e-06,1.2841661e-05,1.3249994e-05,1.1512494e-05,1.3199997e-05,7.754159e-06,1.1570827e-05,1.1037493e-05,1.1274998e-05,9.195828e-06,1.097916e-05,1.1812496e-05,9.341661e-06
1,106,44.042,0.94,1.1666663e-05,1.0879159e-05,1.4679162e-05,7.374994e-06,1.2674999e-05,1.3029162e-05,1.1108327e-05,1.2924997e-05,7.704162e-06,1.1279162e-05,1.080416e-05,1.0941664e-05,8.883325e-06,1.0966659e-05,1.1424994e-05,8.924992e-06
1,107,44.185,0.93,1.1333331e-05,1.0691659e-05,1.4441665e-05,7.274993e-06,1.2420829e-05,1.2891666e-05,1.0816661e-05,1.2662498e-05,7.649994e-06,1.104583e-05,1.0579165e-05,1.0633325e-05,8.616662e-06,1.0808333e-05,1.114583e-05,8.629163e-06
1,108,44.328,0.92,1.1041665e-05,1.0554163e-05,1.4208333e-05,6.979164e-06,1.2279161e-05,1.2666663e-05,1.0620833e-05,1.2358331e-05,7.624992e-06,1.075e-05,1.0262497e-05,1.0416658e-05,8.174999e-06,1.0687494e-05,1.0912498e-05,8.354164e-06
1,109,44.471,0.91,1.0745827e-05,1.0274998e-05,1.3979165e-05,6.874998e-06,1.2087497e-05,1.2458332e-05,1.0366663e-05,1.2079159e-05,7.624992e-06,1.0474992e-05,1.0070833e-05,1.0224994e-05,7.987499e-06,1.0687494e-05,1.0637498e-05,8.074999e-06
1,110,44.614,0.9,1.040833e-05,1.0112492e-05,1.3679162e-05,6.720829e-06,1.1866665e-05,1.2258331e-05,1.0145831e-05,1.1837498e-05,7.570831e-06,1.0270826e-05,9.795833e-06,1.0037494e-05,7.67916e-06,1.058333e-05,1.040833e-05,7.737493e-06
1,111,44.757,0.89,1.0208329e-05,9.945829e-06,1.3216662e-05,6.570832e-06,1.171666e-05,1.2012498e-05,9.916663e-06,1.1508329e-05,7.591661e-06,9.974996e-06,9.562493e-06,9.774994e-06,7.387495e-06,1.0474992e-05,1.0079161e-05,7.399996e-06
1,112,44.9,0.88,9.866659e-06,9.79166e-06,1.2908332e-05,6.491661e-06,1.160833e-05,1.1858328e-05,9.616661e-06,1.1262497e-05,7.583332e-06,9.716662e-06,9.254161e-06,9.562493e-06,7.145826e-06,1.0304165e-05,9.787496e-06,7.141662e-06
1,113,45.043,0.87,9.545827e-06,9.549999e-06,1.2662498e-05,6.170829e-06,1.142083e-05,1.1587493e-05,9.424996e-06,1.1033329e-05,7.520827e-06,9.466664e-06,9.024993e-06,9.341661e-06,6.866662e-06,1.0287499e-05,9.491666e-06,6.833331e-06
1,114,45.186,0.86,9.224995e-06,9.429161e-06,1.2379161e-05,6.045826e-06,1.1170832e-05,1.1370826e-05,9.170826e-06,1.075e-05,7.537492e-06,9.174999e-06,8.737493e-06,9.091664e-06,6.620828e-06,1.0137494e-05,9.208329e-06,6.558331e-06
1,115,45.329,0.85,8.970833e-06,9.208329e-06,1.2112499e-05,5.804165e-06,1.0966659e-05,1.1174997e-05,8.912491e-06,1.0437497e-05,7.433327e-06,8.945831e-06,8.45e-06,8.870832e-06,6.349993e-06,1.0074997e-05,8.912491e-06,6.274994e-06
1,116,45.472,0.84,8.641664e-06,8.991663e-06,1.1779165e-05,5.637495e-06,1.0633325e-05,1.0949993e-05,8.662494e-06,1.0174997e-05,7.466666e-06,8.674995e-06,8.212495e-06,8.641664e-06,6.137498e-06,9.97916e-06,8.616662e-06,5.991666e-06
1,117,45.615,0.83,8.433326e-06,8.837494e-06,1.1449996e-05,5.474997e-06,1.0399994e-05,1.0712496e-05,8.462493e-06,9.866659e-06,7.37083e-06,8.387494e-06,7.987499e-06,8.487495e-06,5.945826e-06,9.883332e-06,8.387494e-06,5.849997e-06
1,118,45.758,0.82,8.045832e-06,8.59166e-06,1.1137494e-05,5.291661e-06,1.0187498e-05,1.0449998e-05,8.087492e-06,9.562493e-06,7.429162e-06,8.066662e-06,7.654166e-06,8.191665e-06,5.724994e-06,9.754165e-06,8.033331e-06,5.587498e-06
1,119,45.901,0.81,7.779161e-06,8.370828e-06,1.0833327e-05,5.108333e-06,9.995826e-06,1.0104163e-05,8.04166e-06,9.295829e-06,7.349992e-06,7.804163e-06,7.40416e-06,7.862496e-06,5.645832e-06,9.67083e-06,7.762495e-06,5.408327e-06
1,120,46.044,0.8,7.379158e-06,8.116658e-06,1.0570828e-05,4.98333e-06,9.779159e-06,9.870831e-06,7.595825e-06,9.004164e-06,7.341663e-06,7.537492e-06,7.120832e-06,7.749994e-06,5.491662e-06,9.579166e-06,7.466666e-06,5.320827e-06
1,121,46.187,0.79,7.137497e-06,7.995828e-06,1.0216665e-05,4.783328e-06,9.549999e-06,9.654164e-06,7.30416e-06,8.704162e-06,7.445828e-06,7.254163e-06,6.908329e-06,7.474995e-06,5.387497e-06,9.479165e-06,7.174993e-06,5.158329e-06
1,122,46.33,0.78,6.808329e-06,7.683333e-06,9.874995e-06,4.591664e-06,9.266662e-06,9.39583e-06,7.170828e-06,8.320832e-06,7.341663e-06,6.966663e-06,6.641666e-06,7.254163e-06,5.337492e-06,9.324996e-06,6.879163e-06,5.087495e-06
1,123,46.473,0.77,6.591662e-06,7.412497e-06,9.562493e-06,4.387498e-06,9.05416e-06,9.099992e-06,6.829158e-06,7.979163e-06,7.341663e-06,6.670833e-06,6.354165e-06,6.987492e-06,5.204161e-06,9.224995e-06,6.570832e-06,4.995831e-06
1,124,46.616,0.76,6.220826e-06,7.141662e-06,9.258326e-06,4.249994e-06,8.787497e-06,8.791661e-06,6.54583e-06,7.708327e-06,7.254163e-06,6.383332e-06,6.108331e-06,6.762496e-06,5.149992e-06,9.158325e-06,6.312498e-06,5.004159e-06
1,125,46.759,0.75,5.999994e-06,6.979164e-06,8.945831e-06,4.049993e-06,8.5375e-06,8.545828e-06,6.320826e-06,7.445828e-06,7.19583e-06,6.216661e-06,5.858326e-06,6.495825e-06,5.079166e-06,9.045832e-06,5.987493e-06,4.98333e-06
1,126,46.902,0.74,5.749996e-06,6.791663e-06,8.541663e-06,3.870829e-06,8.262499e-06,8.266664e-06,6.062492e-06,7.129161e-06,7.249999e-06,5.941661e-06,5.699992e-06,6.274994e-06,5.120826e-06,8.870832e-06,5.816658e-06,5.008332e-06
1,127,47.045,0.73,5.504163e-06,6.562495e-06,8.258326e-06,3.708331e-06,7.974998e-06,7.94166e-06,5.804165e-06,6.824994e-06,7.208331e-06,5.729159e-06,5.499999e-06,6.104159e-06,5.112497e-06,8.86666e-06,5.566661e-06,5.041663e-06
1,128,47.189,0.72,5.204161e-06,6.329163e-06,7.874997e-06,3.474998e-06,7.654166e-06,7.633328e-06,5.591663e-06,6.47916e-06,7.249999e-06,5.399998e-06,5.25833e-06,5.833332e-06,5.124998e-06,8.791661e-06,5.295825e-06,5.087495e-06
1,129,47.332,0.71,5.183331e-06,6.104159e-06,7.49166e-06,3.379162e-06,7.408333e-06,7.349992e-06,5.374996e-06,6.187495e-06,7.241662e-06,5.204161e-06,4.979165e-06,5.649996e-06,5.149992e-06,8.649993e-06,5.145828e-06,5.133327e-06
1,130,47.475,0.7,4.949999e-06,5.883328e-06,7.204159e-06,3.208327e-06,7.095829e-06,7.070827e-06,5.179159e-06,5.941661e-06,7.229161e-06,5.045827e-06,4.858327e-06,5.562496e-06,5.174994e-06,8.583331e-06,4.979165e-06,5.220827e-06
1,131,47.618,0.69,4.754162e-06,5.716666e-06,6.92083e-06,3.070831e-06,6.766661e-06,6.75416e-06,5.108333e-06,5.679162e-06,7.224997e-06,4.899995e-06,4.666662e-06,5.312499e-06,5.179159e-06,8.474994e-06,4.833333e-06,5.429165e-06
1,132,47.761,0.68,4.666662e-06,5.53333e-06,6.641666e-06,2.874994e-06,6.524992e-06,6.533329e-06,4.833333e-06,5.374996e-06,7.220833e-06,4.799994e-06,4.595828e-06,5.179159e-06,5.212498e-06,8.454163e-06,4.699993e-06,5.591663e-06
1,133,47.904,0.67,4.566662e-06,5.391661e-06,6.262493e-06,2.758328e-06,6.245828e-06,6.266665e-06,4.766663e-06,5.129163e-06,7.237498e-06,4.658325e-06,4.54166e-06,5.091659e-06,5.291661e-06,8.395831e-06,4.633331e-06,5.774998e-06
1,134,48.047,0.66,4.537495e-06,5.291661e-06,5.987493e-06,2.633325e-06,5.949998e-06,6.012495e-06,4.595828e-06,4.912496e-06,7.199995e-06,4.64166e-06,4.445831e-06,4.999995e-06,5.341665e-06,8.374993e-06,4.624995e-06,5.974992e-06
1,135,48.19,0.65,4.529158e-06,5.229163e-06,5.804165e-06,2.579164e-06,5.691663e-06,5.754161e-06,4.466661e-06,4.741661e-06,7.245827e-06,4.566662e-06,4.387498e-06,4.933325e-06,5.437493e-06,8.254163e-06,4.624995e-06,6.187495e-06
1,136,48.333,0.64,4.570826e-06,5.120826e-06,5.44583e-06,2.424995e-06,5.474997e-06,5.591663e-06,4.429166e-06,4.504164e-06,7.21666e-06,4.608329e-06,4.362496e-06,4.89583e-06,5.566661e-06,8.199993e-06,4.695829e-06,6.408326e-06
1,137,48.476,0.63,4.616666e-06,5.087495e-06,5.262494e-06,2.287499e-06,5.299997e-06,5.433329e-06,4.429166e-06,4.408328e-06,7.266664e-06,4.579163e-06,4.36666e-06,4.904159e-06,5.679162e-06,8.233333e-06,4.649997e-06,6.629165e-06
1,138,48.619,0.62,4.687492e-06,5.091659e-06,5.149992e-06,2.32083e-06,5.208326e-06,5.27916e-06,4.45416e-06,4.27916e-06,7.28333e-06,4.629159e-06,4.420829e-06,4.883329e-06,5.824995e-06,8.187492e-06,4.745825e-06,6.883327e-06
1,139,48.762,0.61,4.79583e-06,5.112497e-06,5.054164e-06,2.195827e-06,4.962492e-06,5.154165e-06,4.43333e-06,4.249994e-06,7.295831e-06,4.72916e-06,4.429166e-06,4.949999e-06,5.937497e-06,8.199993e-06,4.858327e-06,7.1625e-06
1,140,48.905,0.6,4.89583e-06,5.166666e-06,4.958328e-06,2.191663e-06,4.841661e-06,5.079166e-06,4.470825e-06,4.195825e-06,7.333326e-06,4.799994e-06,4.520829e-06,4.904159e-06,6.112496e-06,8.212495e-06,5.020825e-06,7.345827e-06
1,141,49.048,0.59,5.016661e-06,5.220827e-06,4.879165e-06,2.195827e-06,4.791665e-06,5.037498e-06,4.558333e-06,4.229164e-06,7.349992e-06,4.995831e-06,4.633331e-06,5.008332e-06,6.283331e-06,8.208331e-06,5.17083e-06,7.566658e-06
1,142,49.191,0.58,5.187495e-06,5.287496e-06,4.887494e-06,2.174997e-06,4.766663e-06,5.041663e-06,4.616666e-06,4.195825e-06,7.408333e-06,5.095832e-06,4.733332e-06,5.108333e-06,6.416662e-06,8.258326e-06,5.333328e-06,7.845831e-06
1,143,49.334,0.57,5.412499e-06,5.412499e-06,4.924997e-06,2.229158e-06,4.762499e-06,5.083331e-06,4.733332e-06,4.27916e-06,7.395832e-06,5.254165e-06,4.845826e-06,5.154165e-06,6.637494e-06,8.270827e-06,5.541659e-06,8.158326e-06
1,144,49.477,0.56,5.537494e-06,5.508327e-06,4.98333e-06,2.249996e-06,4.841661e-06,5.154165e-06,4.854162e-06,4.341666e-06,7.424998e-06,5.441666e-06,4.974993e-06,5.333328e-06,6.82083e-06,8.354164e-06,5.745832e-06,8.408332e-06
1,145,49.62,0.55,5.749996e-06,5.645832e-06,5.074994e-06,2.304165e-06,4.89583e-06,5.287496e-06,4.979165e-06,4.474998e-06,7.441664e-06,5.629166e-06,5.174994e-06,5.395826e-06,7.133333e-06,8.374993e-06,6.01666e-06,8.733328e-06
1,146,49.763,0.54,5.891665e-06,5.758325e-06,5.174994e-06,2.40833e-06,4.995831e-06,5.44583e-06,5.149992e-06,4.666662e-06,7.504161e-06,5.858326e-06,5.295825e-06,5.658333e-06,7.354164e-06,8.458328e-06,6.258329e-06,9.029166e-06
1,147,49.906,0.53,6.195831e-06,5.90833e-06,5.387497e-06,2.454162e-06,5.120826e-06,5.583326e-06,5.37916e-06,4.883329e-06,7.737493e-06,6.004159e-06,5.524993e-06,5.770826e-06,7.624992e-06,8.529162e-06,6.520828e-06,9.304166e-06
1,148,50.049,0.52,6.395833e-06,6.112496e-06,5.512492e-06,2.541661e-06,5.249993e-06,5.783327e-06,5.574997e-06,4.958328e-06,7.554166e-06,6.370831e-06,5.679162e-06,5.962499e-06,7.783326e-06,8.624998e-06,6.808329e-06,9.649992e-06
1,149,50.192,0.51,6.712492e-06,6.308325e-06,5.712493e-06,2.612495e-06,5.44583e-06,5.987493e-06,5.774998e-06,5.095832e-06,7.608326e-06,6.570832e-06,5.937497e-06,6.187495e-06,8.10833e-06,8.670831e-06,7.049998e-06,9.895825e-06
1,150,50.335,0.5,6.945832e-06,6.520828e-06,5.866663e-06,2.729162e-06,5.63333e-06,6.18333e-06,5.962499e-06,5.333328e-06,7.604162e-06,6.804164e-06,6.112496e-06,6.354165e-06,8.324997e-06,8.662494e-06,7.349992e-06,1.0104163e-05
1,151,50.478,0.49,7.174993e-06,6.699999e-06,6.158328e-06,2.841663e-06,5.849997e-06,6.366666e-06,6.170829e-06,5.579162e-06,7.704162e-06,6.995829e-06,6.39166e-06,6.56666e-06,8.579159e-06,8.870832e-06,7.641665e-06,1.0362498e-05
1,152,50.622,0.48,7.408333e-06,6.895828e-06,6.358329e-06,2.962494e-06,6.033325e-06,6.637494e-06,6.395833e-06,5.729159e-06,7.779161e-06,7.224997e-06,6.599998e-06,6.770825e-06,8.829164e-06,8.895826e-06,7.912493e-06,1.0629161e-05
1,153,50.765,0.47,7.624992e-06,7.104159e-06,6.524992e-06,3.112499e-06,6.241663e-06,6.858325e-06,6.63333e-06,6.008331e-06,7.829165e-06,7.441664e-06,6.75416e-06,7.054162e-06,9.083326e-06,9.02083e-06,8.154162e-06,1.0954165e-05
1,154,50.908,0.46,7.883326e-06,7.274993e-06,6.816666e-06,3.216664e-06,6.487497e-06,7.062499e-06,6.783327e-06,6.212497e-06,7.912493e-06,7.708327e-06,6.933331e-06,7.320825e-06,9.387493e-06,9.074998e-06,8.50416e-06,1.1208328e-05
1,155,51.051,0.45,8.141661e-06,7.47083e-06,7.045825e-06,3.337494e-06,6.670833e-06,7.337499e-06,7.037497e-06,6.416662e-06,7.970826e-06,8.004165e-06,7.149999e-06,7.437499e-06,9.649992e-06,9.099992e-06,8.729164e-06,1.142083e-05
1,156,51.194,0.44,8.408332e-06,7.720828e-06,7.279165e-06,3.445832e-06,6.895828e-06,7.574995e-06,7.308332e-06,6.654159e-06,7.991664e-06,8.199993e-06,7.366665e-06,7.633328e-06,9.987497e-06,9.312495e-06,8.999999e-06,1.1658327e-05
1,157,51.337,0.43,8.654165e-06,7.862496e-06,7.633328e-06,3.591665e-06,7.199995e-06,7.812492e-06,7.545829e-06,6.895828e-06,8.079163e-06,8.470829e-06,7.637493e-06,7.887498e-06,1.0179162e-05,9.404159e-06,9.299994e-06,1.1912497e-05
1,158,51.48,0.42,8.870832e-06,8.049997e-06,7.870825e-06,3.674992e-06,7.412497e-06,8.037496e-06,7.729165e-06,7.108331e-06,8.116658e-06,8.745829e-06,7.845831e-06,8.154162e-06,1.0349997e-05,9.637499e-06,9.570829e-06,1.2083332e-05
1,159,51.623,0.41,9.137495e-06,8.266664e-06,8.091664e-06,3.899996e-06,7.658331e-06,8.291666e-06,7.983327e-06,7.374994e-06,8.170828e-06,8.937494e-06,8.029159e-06,8.337498e-06,1.0504166e-05,9.595831e-06,9.841665e-06,1.2358331e-05
1,160,51.766,0.4,9.404159e-06,8.454163e-06,8.324997e-06,3.966665e-06,7.891663e-06,8.541663e-06,8.187492e-06,7.562494e-06,8.312496e-06,9.212494e-06,8.22916e-06,8.616662e-06,1.0795831e-05,9.616661e-06,1.0058331e-05,1.260833e-05
1,161,51.909,0.39,9.695832e-06,8.645829e-06,8.454163e-06,4.129163e-06,8.141661e-06,8.766659e-06,8.395831e-06,7.804163e-06,8.283329e-06,9.433325e-06,8.462493e-06,8.820828e-06,1.1012498e-05,9.708333e-06,1.0404166e-05,1.2849999e-05
1,162,52.052,0.38,9.87916e-06,8.887498e-06,8.712498e-06,4.208326e-06,8.391658e-06,9.008329e-06,8.637492e-06,8.074999e-06,8.29583e-06,9.649992e-06,8.616662e-06,9.079162e-06,1.1295827e-05,9.87916e-06,1.0524996e-05,1.319166e-05
1,163,52.195,0.37,1.0174997e-05,9.024993e-06,8.96666e-06,4.283325e-06,8.549992e-06,9.412495e-06,8.858331e-06,8.22916e-06,8.437499e-06,9.883332e-06,8.841665e-06,9.32916e-06,1.1487492e-05,9.941666e-06,1.0799996e-05,1.3199997e-05
1,164,52.338,0.36,1.0366663e-05,9.270827e-06,9.191665e-06,4.458332e-06,8.745829e-06,9.529162e-06,9.029166e-06,8.462493e-06,8.520826e-06,1.0195828e-05,9.033331e-06,9.474993e-06,1.1712496e-05,9.999999e-06,1.0962494e-05,1.3420829e-05
1,165,52.481,0.35,1.0641662e-05,9.445826e-06,9.454163e-06,4.566662e-06,9.012492e-06,9.829164e-06,9.212494e-06,8.67916e-06,8.57083e-06,1.0362498e-05,9.275e-06,9.79166e-06,1.1949992e-05,1.0099999e-05,1.1241658e-05,1.3562497e-05
1,166,52.624,0.34,1.0816661e-05,9.595831e-06,9.666665e-06,4.716659e-06,9.287493e-06,1.0062496e-05,9.404159e-06,8.899999e-06,8.645829e-06,1.0512495e-05,9.49583e-06,1.0008327e-05,1.2133328e-05,1.0195828e-05,1.1479163e-05,1.3699992e-05
1,167,52.767,0.33,1.1262497e-05,9.837492e-06,9.887497e-06,4.849998e-06,9.466664e-06,1.0270826e-05,9.566665e-06,9.158325e-06,8.670831e-06,1.0741663e-05,9.708333e-06,1.0170826e-05,1.2391662e-05,1.0308329e-05,1.1704159e-05,1.3983329e-05
1,168,52.91,0.32,1.1279162e-05,1.0054159e-05,1.0116664e-05,4.933325e-06,9.729163e-06,1.0504166e-05,9.908326e-06,9.354162e-06,8.762495e-06,1.0970831e-05,9.816663e-06,1.0370827e-05,1.2516665e-05,1.0366663e-05,1.1933326e-05,1.415e-05
1,169,53.053,0.31,1.1474999e-05,1.0224994e-05,1.0324995e-05,5.112497e-06,9.904162e-06,1.0624997e-05,9.991661e-06,9.724999e-06,8.858331e-06,1.1170832e-05,1.0020828e-05,1.0537497e-05,1.2745825e-05,1.0399994e-05,1.2137492e-05,1.4374995e-05
1,170,53.196,0.3,1.1745827e-05,1.0412495e-05,1.0587493e-05,5.241664e-06,1.0108328e-05,1.0908326e-05,1.0129165e-05,9.837492e-06,8.895826e-06,1.1412493e-05,1.0204164e-05,1.0745827e-05,1.2974993e-05,1.0541661e-05,1.2316664e-05,1.4562495e-05
1,171,53.339,0.29,1.1962493e-05,1.052916e-05,1.0841663e-05,5.329164e-06,1.0333331e-05,1.1104163e-05,1.0345832e-05,9.891661e-06,9.095827e-06,1.1637497e-05,1.0383328e-05,1.0991661e-05,1.3199997e-05,1.0691659e-05,1.2574998e-05,1.4720829e-05
1,172,53.482,0.28,1.2104161e-05,1.0729162e-05,1.1041665e-05,5.483325e-06,1.058333e-05,1.1362497e-05,1.0562499e-05,1.0091662e-05,9.079162e-06,1.1829162e-05,1.0645826e-05,1.1191662e-05,1.3329164e-05,1.0708332e-05,1.2691665e-05,1.4933332e-05
1,173,53.625,0.27,1.234583e-05,1.0791659e-05,1.1287499e-05,5.574997e-06,1.0816661e-05,1.1575e-05,1.0729162e-05,1.0279163e-05,9.033331e-06,1.2112499e-05,1.075e-05,1.1404165e-05,1.3441666e-05,1.0829162e-05,1.2895831e-05,1.5108331e-05
1,174,53.768,0.26,1.245416e-05,1.1062495e-05,1.1454161e-05,5.72083e-06,1.0941664e-05,1.180416e-05,1.0874995e-05,1.0516659e-05,9.108328e-06,1.2299998e-05,1.0945829e-05,1.1595829e-05,1.3641659e-05,1.0916662e-05,1.3129163e-05,1.5187494e-05
1,175,53.911,0.25,1.2699993e-05,1.1199999e-05,1.1737498e-05,5.783327e-06,1.1179161e-05,1.1983331e-05,1.1049994e-05,1.0687494e-05,9.195828e-06,1.236666e-05,1.1216664e-05,1.1737498e-05,1.3879164e-05,1.1004162e-05,1.3320828e-05,1.5387495e-05
1,176,54.054,0.24,1.2920833e-05,1.135416e-05,1.1929163e-05,5.924996e-06,1.1337494e-05,1.2174995e-05,1.1208328e-05,1.0899997e-05,9.229159e-06,1.2612494e-05,1.1362497e-05,1.1999997e-05,1.4066664e-05,1.1012498e-05,1.3437494e-05,1.5654166e-05
1,177,54.198,0.23,1.3037499e-05,1.1479163e-05,1.2054165e-05,6.074993e-06,1.1541661e-05,1.236666e-05,1.1370826e-05,1.1095826e-05,9.32916e-06,1.2820832e-05,1.1549997e-05,1.2212499e-05,1.4195832e-05,1.1195826e-05,1.3645832e-05,1.5808328e-05
1,178,54.341,0.22,1.3183331e-05,1.1724997e-05,1.2279161e-05,6.083329e-06,1.1737498e-05,1.2562497e-05,1.1545833e-05,1.1245831e-05,9.41666e-06,1.2870828e-05,1.1558326e-05,1.2324993e-05,1.4379159e-05,1.1224993e-05,1.3891665e-05,1.5837495e-05
1,179,54.484,0.21,1.3333329e-05,1.180416e-05,1.2495828e-05,6.27083e-06,1.1899996e-05,1.2749998e-05,1.1733326e-05,1.1508329e-05,9.479165e-06,1.3124998e-05,1.1749999e-05,1.2508329e-05,1.4616664e-05,1.135416e-05,1.4074993e-05,1.5954161e-05
1,180,54.627,0.2,1.3504164e-05,1.1858328e-05,1.2754163e-05,6.324999e-06,1.2125e-05,1.3024997e-05,1.1858328e-05,1.1612495e-05,9.520832e-06,1.3287497e-05,1.1845827e-05,1.2591664e-05,1.482083e-05,1.1399992e-05,1.4154164e-05,1.621666e-05
1,181,54.77,0.19,1.3645832e-05,1.2074995e-05,1.2945827e-05,6.441664e-06,1.226666e-05,1.3183331e-05,1.1962493e-05,1.1824997e-05,9.554164e-06,1.3429165e-05,1.1999997e-05,1.2779165e-05,1.4808329e-05,1.1479163e-05,1.435833e-05,1.6279166e-05
1,182,54.913,0.18,1.3845834e-05,1.2187496e-05,1.3183331e-05,6.574996e-06,1.2437495e-05,1.336666e-05,1.2204162e-05,1.1974995e-05,9.654164e-06,1.3604164e-05,1.2154166e-05,1.2974993e-05,1.5149999e-05,1.160833e-05,1.4508327e-05,1.6458329e-05
1,183,55.056,0.17,1.4062492e-05,1.2270832e-05,1.3283332e-05,6.683326e-06,1.2604165e-05,1.3612493e-05,1.2304163e-05,1.2125e-05,9.729163e-06,1.3704165e-05,1.23125e-05,1.3099996e-05,1.5112495e-05,1.1724997e-05,1.4683326e-05,1.6595832e-05
1,184,55.199,0.16,1.4187495e-05,1.2499992e-05,1.3454159e-05,6.783327e-06,1.2808331e-05,1.3758326e-05,1.2458332e-05,1.2270832e-05,9.787496e-06,1.390833e-05,1.2474998e-05,1.3354166e-05,1.5295831e-05,1.1641661e-05,1.4912494e-05,1.6712498e-05
1,185,55.342,0.15,1.4316663e-05,1.2516665e-05,1.3499999e-05,7.045825e-06,1.2991659e-05,1.3979165e-05,1.2558333e-05,1.2445831e-05,9.854166e-06,1.4087494e-05,1.2654162e-05,1.3479162e-05,1.5504162e-05,1.1720832e-05,1.5108331e-05,1.6883325e-05
1,186,55.485,0.14,1.4487497e-05,1.2687492e-05,1.3658333e-05,7.037497e-06,1.3183331e-05,1.4099995e-05,1.2762499e-05,1.2633332e-05,9.924992e-06,1.4212497e-05,1.272916e-05,1.3608328e-05,1.5599999e-05,1.1795831e-05,1.5099994e-05,1.7004164e-05
1,187,55.628,0.13,1.4624993e-05,1.2816659e-05,1.390833e-05,7.11666e-06,1.3383333e-05,1.4329164e-05,1.2833333e-05,1.2745825e-05,9.962495e-06,1.4337492e-05,1.2874993e-05,1.3729159e-05,1.5741665e-05,1.1904161e-05,1.5208332e-05,1.7129159e-05
1,188,55.771,0.12,1.482083e-05,1.2979166e-05,1.4074993e-05,7.245827e-06,1.3520829e-05,1.4562495e-05,1.2966665e-05,1.2908332e-05,1.0004163e-05,1.4483333e-05,1.3012496e-05,1.3899994e-05,1.5899999e-05,1.1941664e-05,1.5329162e-05,1.7199993e-05
1,189,55.914,0.11,1.4983329e-05,1.3079167e-05,1.4237499e-05,7.229161e-06,1.3574998e-05,1.4679162e-05,1.3116662e-05,1.3079167e-05,1.0079161e-05,1.4683326e-05,1.3116662e-05,1.4137499e-05,1.6012495e-05,1.205833e-05,1.5520827e-05,1.7354163e-05
1,190,56.057,0.1,1.5070827e-05,1.3204161e-05,1.4374995e-05,7.358328e-06,1.3683327e-05,1.4958326e-05,1.3274996e-05,1.3229163e-05,1.0137494e-05,1.4783327e-05,1.3320828e-05,1.4258329e-05,1.6166663e-05,1.2116662e-05,1.5670832e-05,1.7424996e-05
1,191,56.2,0.09,1.525e-05,1.3295826e-05,1.4508327e-05,7.408333e-06,1.3745833e-05,1.5133333e-05,1.3395826e-05,1.3349994e-05,1.0212493e-05,1.4858325e-05,1.3399998e-05,1.4345828e-05,1.6349999e-05,1.2183333e-05,1.5741665e-05,1.7616661e-05
1,192,56.343,0.08,1.5437499e-05,1.3483325e-05,1.4695827e-05,7.49166e-06,1.399583e-05,1.5220833e-05,1.3716666e-05,1.3491663e-05,1.0274998e-05,1.5120832e-05,1.3504164e-05,1.447916e-05,1.6441663e-05,1.2270832e-05,1.594166e-05,1.7720826e-05
1,193,56.486,0.07,1.5437499e-05,1.3570825e-05,1.4804164e-05,7.583332e-06,1.4129162e-05,1.525e-05,1.374166e-05,1.3704165e-05,1.0312494e-05,1.5158327e-05,1.3662498e-05,1.4641666e-05,1.6562493e-05,1.2299998e-05,1.6045833e-05,1.785833e-05
1,194,56.629,0.06,1.5558329e-05,1.3724994e-05,1.4933332e-05,7.67916e-06,1.4279159e-05,1.5437499e-05,1.3787492e-05,1.3704165e-05,1.0416658e-05,1.5383332e-05,1.3758326e-05,1.4804164e-05,1.6691662e-05,1.2445831e-05,1.6145825e-05,1.8016664e-05
1,195,56.772,0.05,1.5729165e-05,1.3920831e-05,1.5062499e-05,7.816664e-06,1.439166e-05,1.559166e-05,1.3787492e-05,1.3849997e-05,1.0566664e-05,1.5412497e-05,1.382916e-05,1.4862498e-05,1.6849996e-05,1.2479162e-05,1.6295831e-05,1.8124994e-05
1,196,56.915,0.04,1.582083e-05,1.3874999e-05,1.521666e-05,8.058326e-06,1.4516663e-05,1.5787498e-05,1.3883328e-05,1.3937497e-05,1.0579165e-05,1.5704163e-05,1.3983329e-05,1.4949997e-05,1.6937494e-05,1.2529159e-05,1.6441663e-05,1.8204164e-05
1,197,57.058,0.03,1.6008329e-05,1.3974993e-05,1.5379166e-05,8.095829e-06,1.4662496e-05,1.5870826e-05,1.4020832e-05,1.4191659e-05,1.0604159e-05,1.5762496e-05,1.401666e-05,1.5091666e-05,1.7099992e-05,1.260833e-05,1.6716664e-05,1.8370827e-05
1,198,57.201,0.02,1.6049997e-05,1.4029161e-05,1.5499998e-05,8.058326e-06,1.4774998e-05,1.6062499e-05,1.4166665e-05,1.4229163e-05,1.0541661e-05,1.5808328e-05,1.4208333e-05,1.5229161e-05,1.7116667e-05,1.2674999e-05,1.6645829e-05,1.8520832e-05
1,199,57.344,0.01,1.6249998e-05,1.4216662e-05,1.5670832e-05,8.162498e-06,1.4999993e-05,1.6212494e-05,1.4233327e-05,1.4333327e-05,1.075e-05,1.609583e-05,1.4345828e-05,1.5349991e-05,1.7254162e-05,1.2733332e-05,1.6741666e-05,1.8554163e-05
1,200,57.487,0.0,1.62625e-05,1.4299997e-05,1.576666e-05,8.220832e-06,1.5149999e-05,1.6337499e-05,1.4370831e-05,1.4520828e-05,1.0662492e-05,1.6029158e-05,1.4462495e-05,1.5399997e-05,1.741666e-05,1.2804167e-05,1.6958333e-05,1.8674993e-05
,,,,,,,,,,,,,,,,,,,,1,0.6,0.58,0.5,0.52,0.49,0.51,0.56,0.51,0.93,0.6,0.58,0.56,0.68,0.58,0.59,0.71,0.65,0.63,0.59,0.58,0.57,0.59,0.64,0.6,0.75,0.65,0.64,0.62,0.75,0.62,0.66,0.75
2,0,57.741,0.0,1.6479167e-05,1.4379159e-05,1.575416e-05,8.212495e-06,1.5129161e-05,1.638333e-05,1.4349993e-05,1.4537493e-05,1.0762493e-05,1.6091664e-05,1.4487497e-05,1.5466667e-05,1.7408331e-05,1.2783329e-05,1.6891663e-05,1.8699995e-05
2,1,57.885,0.01,1.6374994e-05,1.4341665e-05,1.5741665e-05,8.149997e-06,1.4966663e-05,1.6295831e-05,1.427083e-05,1.4454166e-05,1.0816661e-05,1.59875e-05,1.4383332e-05,1.5504162e-05,1.7354163e-05,1.2808331e-05,1.6862496e-05,1.8591667e-05
2,2,58.028,0.02,1.6070826e-05,1.4212497e-05,1.5587497e-05,8.016666e-06,1.4912494e-05,1.6158327e-05,1.420416e-05,1.4308325e-05,1.0837499e-05,1.5870826e-05,1.4129162e-05,1.547083e-05,1.7274999e-05,1.2745825e-05,1.6637492e-05,1.8516659e-05
2,3,58.171,0.03,1.593333e-05,1.417083e-05,1.5366666e-05,7.983327e-06,1.4691663e-05,1.6024995e-05,1.4349993e-05,1.4166665e-05,1.0854164e-05,1.5799998e-05,1.4074993e-05,1.5208332e-05,1.7254162e-05,1.2658325e-05,1.6624999e-05,1.830833e-05
2,4,58.314,0.04,1.5829166e-05,1.4024997e-05,1.5299996e-05,7.895827e-06,1.4570832e-05,1.5916665e-05,1.4133327e-05,1.401666e-05,1.0824998e-05,1.5670832e-05,1.3891665e-05,1.5020832e-05,1.7191664e-05,1.2637496e-05,1.6437498e-05,1.8233332e-05
2,5,58.457,0.05,1.5912494e-05,1.401666e-05,1.5183329e-05,7.812492e-06,1.4445829e-05,1.5695827e-05,1.3883328e-05,1.391666e-05,1.0862494e-05,1.5516662e-05,1.3816659e-05,1.4929159e-05,1.7e-05,1.2816659e-05,1.6399996e-05,1.8183327e-05
2,6,58.6,0.06,1.5604162e-05,1.3774999e-05,1.4983329e-05,7.741666e-06,1.4283331e-05,1.5708327e-05,1.3745833e-05,1.3695828e-05,1.0766666e-05,1.5408334e-05,1.3737495e-05,1.4662496e-05,1.6770831e-05,1.2562497e-05,1.6258327e-05,1.8066661e-05
2,7,58.743,0.07,1.5404161e-05,1.3645832e-05,1.4708328e-05,7.583332e-06,1.4091666e-05,1.5416663e-05,1.3629166e-05,1.3495826e-05,1.0833327e-05,1.5266665e-05,1.3608328e-05,1.4529164e-05,1.6599997e-05,1.2599993e-05,1.6133332e-05,1.796666e-05
2,8,58.886,0.08,1.5362493e-05,1.3587499e-05,1.4549994e-05,7.545829e-06,1.3945826e-05,1.5283331e-05,1.3474997e-05,1.3391662e-05,1.0824998e-05,1.5195831e-05,1.3441666e-05,1.4433328e-05,1.6541664e-05,1.2445831e-05,1.6008329e-05,1.7804161e-05
2,9,59.029,0.09,1.5179166e-05,1.3462496e-05,1.4449994e-05,7.437499e-06,1.3841661e-05,1.5133333e-05,1.3474997e-05,1.3212498e-05,1.0820826e-05,1.5037497e-05,1.3295826e-05,1.427083e-05,1.6433327e-05,1.2399999e-05,1.5812493e-05,1.7787495e-05
2,10,59.172,0.1,1.4999993e-05,1.3325e-05,1.4179166e-05,7.254163e-06,1.3658333e-05,1.4962498e-05,1.3329164e-05,1.3045827e-05,1.0729162e-05,1.4899992e-05,1.317083e-05,1.4133327e-05,1.6295831e-05,1.2258331e-05,1.5804164e-05,1.757083e-05
2,11,59.315,0.11,1.4891664e-05,1.3254165e-05,1.3941662e-05,7.104159e-06,1.3662498e-05,1.4791663e-05,1.3162494e-05,1.2737497e-05,1.0766666e-05,1.4695827e-05,1.3033326e-05,1.3979165e-05,1.6158327e-05,1.2254159e-05,1.557916e-05,1.7437498e-05
2,12,59.458,0.12,1.4720829e-05,1.3120826e-05,1.3695828e-05,6.954161e-06,1.3224999e-05,1.4699999e-05,1.3024997e-05,1.2629159e-05,1.0766666e-05,1.4516663e-05,1.2854163e-05,1.3866663e-05,1.59875e-05,1.2229165e-05,1.5416663e-05,1.7266662e-05
2,13,59.601,0.13,1.4624993e-05,1.2999995e-05,1.3495826e-05,6.874998e-06,1.2949999e-05,1.4354166e-05,1.2754163e-05,1.2370832e-05,1.0779167e-05,1.4445829e-05,1.2637496e-05,1.3666661e-05,1.5812493e-05,1.2133328e-05,1.5245827e-05,1.7112494e-05
2,14,59.744,0.14,1.4354166e-05,1.2812495e-05,1.325833e-05,6.716665e-06,1.2824997e-05,1.4224998e-05,1.2908332e-05,1.2187496e-05,1.0724997e-05,1.4283331e-05,1.2583328e-05,1.3474997e-05,1.5649994e-05,1.2054165e-05,1.5041661e-05,1.695416e-05
2,15,59.887,0.15,1.4258329e-05,1.2704166e-05,1.3024997e-05,6.604163e-06,1.2570827e-05,1.3966664e-05,1.2591664e-05,1.1954165e-05,1.0683329e-05,1.4087494e-05,1.2341667e-05,1.3274996e-05,1.5529164e-05,1.1954165e-05,1.4912494e-05,1.6758331e-05
2,16,60.03,0.16,1.4087494e-05,1.2562497e-05,1.2770827e-05,6.449994e-06,1.2387498e-05,1.3858326e-05,1.2445831e-05,1.1741662e-05,1.070416e-05,1.3879164e-05,1.2241666e-05,1.3216662e-05,1.5379166e-05,1.1945828e-05,1.4749996e-05,1.6708327e-05
2,17,60.173,0.17,1.3787492e-05,1.2379161e-05,1.2549996e-05,6.29166e-06,1.2149993e-05,1.3470833e-05,1.2137492e-05,1.1645826e-05,1.0662492e-05,1.3683327e-05,1.2070831e-05,1.3045827e-05,1.51625e-05,1.1887495e-05,1.4524992e-05,1.6508333e-05
2,18,60.316,0.18,1.3666661e-05,1.2349995e-05,1.2270832e-05,6.187495e-06,1.1937499e-05,1.3216662e-05,1.2033327e-05,1.1387499e-05,1.0599994e-05,1.3529166e-05,1.1879166e-05,1.272916e-05,1.5033333e-05,1.180416e-05,1.4395833e-05,1.6412496e-05
2,19,60.459,0.19,1.343333e-05,1.2112499e-05,1.1995832e-05,6.112496e-06,1.1670828e-05,1.2958328e-05,1.1820833e-05,1.1058331e-05,1.070416e-05,1.3299998e-05,1.162916e-05,1.2562497e-05,1.4862498e-05,1.1729161e-05,1.4174994e-05,1.6208331e-05
2,20,60.602,0.2,1.3274996e-05,1.1954165e-05,1.1754163e-05,5.899994e-06,1.1429159e-05,1.2720831e-05,1.1679164e-05,1.075e-05,1.0554163e-05,1.317083e-05,1.1437495e-05,1.2329165e-05,1.4616664e-05,1.1620831e-05,1.4049999e-05,1.6087492e-05
2,21,60.745,0.21,1.308333e-05,1.1791666e-05,1.1495828e-05,5.795829e-06,1.1224993e-05,1.2449996e-05,1.1462498e-05,1.0516659e-05,1.0516659e-05,1.2987494e-05,1.1249996e-05,1.2154166e-05,1.4470832e-05,1.1549997e-05,1.3812494e-05,1.5908328e-05
2,22,60.888,0.22,1.2887494e-05,1.1554162e-05,1.1220829e-05,5.629166e-06,1.0949993e-05,1.2229165e-05,1.1270833e-05,1.0291664e-05,1.0437497e-05,1.2874993e-05,1.104583e-05,1.1887495e-05,1.4262493e-05,1.1499993e-05,1.3666661e-05,1.5699998e-05
2,23,61.031,0.23,1.2641661e-05,1.1433332e-05,1.0941664e-05,5.46666e-06,1.0674993e-05,1.1929163e-05,1.1091662e-05,1.0062496e-05,1.0449998e-05,1.2633332e-05,1.095833e-05,1.1737498e-05,1.4070829e-05,1.1383327e-05,1.3391662e-05,1.5533327e-05
2,24,61.174,0.24,1.2495828e-05,1.1154159e-05,1.061666e-05,5.324991e-06,1.0391665e-05,1.162916e-05,1.0879159e-05,9.795833e-06,1.0445825e-05,1.2304163e-05,1.0874995e-05,1.1524995e-05,1.3862498e-05,1.1254159e-05,1.3195832e-05,1.5337499e-05
2,25,61.318,0.25,1.2308327e-05,1.1079161e-05,1.0387492e-05,5.179159e-06,1.0129165e-05,1.1362497e-05,1.0679166e-05,9.587495e-06,1.0429159e-05,1.2141665e-05,1.0479164e-05,1.1337494e-05,1.3645832e-05,1.1262497e-05,1.3037499e-05,1.5208332e-05
2,26,61.461,0.26,1.1916662e-05,1.0845828e-05,1.0104163e-05,4.979165e-06,9.949994e-06,1.1104163e-05,1.049583e-05,9.266662e-06,1.0387492e-05,1.1833326e-05,1.0195828e-05,1.1020828e-05,1.3541659e-05,1.1091662e-05,1.2695829e-05,1.4937496e-05
2,27,61.604,0.27,1.1666663e-05,1.0641662e-05,9.849993e-06,4.883329e-06,9.579166e-06,1.0829162e-05,1.0249996e-05,9.008329e-06,1.0354162e-05,1.1641661e-05,1.0004163e-05,1.0824998e-05,1.3395826e-05,1.1012498e-05,1.2533331e-05,1.4699999e-05
2,28,61.747,0.28,1.1470826e-05,1.049583e-05,9.574994e-06,4.70833e-06,9.412495e-06,1.0558327e-05,1.0083326e-05,8.791661e-06,1.0304165e-05,1.1433332e-05,9.724999e-06,1.0541661e-05,1.3266659e-05,1.0966659e-05,1.2316664e-05,1.4524992e-05
2,29,61.89,0.29,1.1212492e-05,1.0191663e-05,9.224995e-06,4.537495e-06,9.058333e-06,1.0245832e-05,9.799997e-06,8.529162e-06,1.0237495e-05,1.1216664e-05,9.579166e-06,1.0324995e-05,1.3054164e-05,1.0845828e-05,1.2095833e-05,1.4320826e-05
2,30,62.033,0.3,1.1083333e-05,1.015416e-05,9.095827e-06,4.520829e-06,8.804162e-06,1.0033329e-05,9.637499e-06,8.224996e-06,1.0212493e-05,1.1058331e-05,9.420832e-06,1.006666e-05,1.270833e-05,1.0724997e-05,1.1891659e-05,1.4179166e-05
2,31,62.176,0.31,1.0737499e-05,9.774994e-06,8.724999e-06,4.27916e-06,8.558329e-06,9.579166e-06,9.441662e-06,7.983327e-06,1.0199992e-05,1.0720825e-05,9.158325e-06,9.874995e-06,1.2316664e-05,1.0799996e-05,1.1566663e-05,1.3929161e-05
2,32,62.319,0.32,1.0491665e-05,9.629162e-06,8.349999e-06,4.116662e-06,8.283329e-06,9.291664e-06,9.174999e-06,7.729165e-06,1.0104163e-05,1.0541661e-05,8.924992e-06,9.637499e-06,1.2216663e-05,1.0745827e-05,1.1329166e-05,1.3729159e-05
2,33,62.462,0.33,1.0266662e-05,9.316659e-06,8.22916e-06,3.962493e-06,8.024995e-06,9.041659e-06,8.908328e-06,7.458329e-06,1.0070833e-05,1.0208329e-05,8.691661e-06,9.383329e-06,1.1912497e-05,1.0491665e-05,1.126666e-05,1.3474997e-05
2,34,62.605,0.34,1.0004163e-05,9.133331e-06,7.837494e-06,3.908332e-06,7.808328e-06,8.808327e-06,8.699997e-06,7.229161e-06,1.0074997e-05,1.0016664e-05,8.462493e-06,9.083326e-06,1.1637497e-05,1.0333331e-05,1.087083e-05,1.3304162e-05
2,35,62.748,0.35,9.749992e-06,8.887498e-06,7.595825e-06,3.649998e-06,7.545829e-06,8.45e-06,8.495832e-06,6.983328e-06,1.0095827e-05,9.804161e-06,8.245825e-06,8.854158e-06,1.142083e-05,1.0266662e-05,1.0566664e-05,1.3016661e-05
2,36,62.891,0.36,9.424996e-06,8.704162e-06,7.30416e-06,3.554161e-06,7.262492e-06,8.258326e-06,8.224996e-06,6.687498e-06,9.866659e-06,9.420832e-06,7.974998e-06,8.558329e-06,1.1158331e-05,1.0158332e-05,1.0199992e-05,1.2716659e-05
2,37,63.034,0.37,9.174999e-06,8.454163e-06,7.099994e-06,3.416665e-06,6.899993e-06,7.904164e-06,7.979163e-06,6.466659e-06,9.829164e-06,9.320831e-06,7.695826e-06,8.304159e-06,1.0854164e-05,1.0054159e-05,9.97916e-06,1.2508329e-05
2,38,63.177,0.38,8.937494e-06,8.241662e-06,6.845832e-06,3.312492e-06,6.720829e-06,7.704162e-06,7.895827e-06,6.224998e-06,9.908326e-06,9.004164e-06,7.508326e-06,8.033331e-06,1.0612495e-05,9.954158e-06,9.712498e-06,1.2283325e-05
2,39,63.32,0.39,8.616662e-06,8.04166e-06,6.599998e-06,3.204163e-06,6.45833e-06,7.362493e-06,7.524999e-06,6.058327e-06,9.749992e-06,8.704162e-06,7.291659e-06,7.841659e-06,1.0399994e-05,9.849993e-06,9.424996e-06,1.1991659e-05
2,40,63.463,0.4,8.383329e-06,7.76666e-06,6.404161e-06,3.041665e-06,6.279159e-06,7.166664e-06,7.291659e-06,5.74166e-06,9.720826e-06,8.491659e-06,7.062499e-06,7.583332e-06,1.0129165e-05,9.804161e-06,9.116666e-06,1.1741662e-05
2,41,63.606,0.41,8.083328e-06,7.583332e-06,6.166665e-06,2.945828e-06,6.054163e-06,6.883327e-06,7.124996e-06,5.529165e-06,9.674995e-06,8.19583e-06,6.816666e-06,7.316661e-06,9.808326e-06,9.666665e-06,8.841665e-06,1.1491664e-05
2,42,63.749,0.42,7.845831e-06,7.237498e-06,5.979165e-06,2.849992e-06,5.895829e-06,6.620828e-06,6.724993e-06,5.324991e-06,9.658329e-06,7.904164e-06,6.570832e-06,7.129161e-06,9.574994e-06,9.541663e-06,8.549992e-06,1.1274998e-05
2,43,63.892,0.43,7.583332e-06,7.004166e-06,5.824995e-06,2.774994e-06,5.749996e-06,6.449994e-06,6.554159e-06,5.162493e-06,9.674995e-06,7.7125e-06,6.387496e-06,6.816666e-06,9.258326e-06,9.433325e-06,8.29583e-06,1.097916e-05
2,44,64.035,0.44,7.249999e-06,6.858325e-06,5.63333e-06,2.674993e-06,5.549995e-06,6.279159e-06,6.237499e-06,5.020825e-06,9.479165e-06,7.424998e-06,6.133326e-06,6.641666e-06,8.991663e-06,9.379164e-06,7.991664e-06,1.0724997e-05
2,45,64.178,0.45,7.066663e-06,6.54583e-06,5.549995e-06,2.61666e-06,5.454159e-06,6.116661e-06,6.008331e-06,4.833333e-06,9.462499e-06,7.170828e-06,5.949998e-06,6.354165e-06,8.774996e-06,9.216667e-06,7.683333e-06,1.0470828e-05
2,46,64.321,0.46,6.758332e-06,6.387496e-06,5.454159e-06,2.533332e-06,5.354166e-06,5.958327e-06,5.80833e-06,4.749998e-06,9.433325e-06,6.912494e-06,5.733331e-06,6.174993e-06,8.420833e-06,9.291664e-06,7.40416e-06,1.0166661e-05
2,47,64.464,0.47,6.541665e-06,6.158328e-06,5.35833e-06,2.454162e-06,5.220827e-06,5.84166e-06,5.583326e-06,4.587499e-06,9.404159e-06,6.654159e-06,5.616665e-06,5.974992e-06,8.183329e-06,9.124994e-06,7.037497e-06,9.870831e-06
2,48,64.607,0.48,6.29166e-06,5.966663e-06,5.316663e-06,2.429159e-06,5.129163e-06,5.716666e-06,5.412499e-06,4.529158e-06,9.312495e-06,6.445829e-06,5.437493e-06,5.783327e-06,7.937495e-06,9.004164e-06,6.779162e-06,9.537498e-06
2,49,64.75,0.49,6.037497e-06,5.749996e-06,5.308326e-06,2.404165e-06,5.10416e-06,5.649996e-06,5.216662e-06,4.474998e-06,9.216667e-06,6.154164e-06,5.25833e-06,5.616665e-06,7.637493e-06,8.883325e-06,6.474996e-06,9.279163e-06
2,50,64.894,0.5,5.80833e-06,5.587498e-06,5.224999e-06,2.337496e-06,5.058328e-06,5.566661e-06,5.083331e-06,4.429166e-06,9.216667e-06,5.941661e-06,5.19166e-06,5.46666e-06,7.433327e-06,8.812499e-06,6.237499e-06,9.029166e-06
2,51,65.037,0.51,5.566661e-06,5.44583e-06,5.270831e-06,2.324995e-06,5.162493e-06,5.587498e-06,4.933325e-06,4.399999e-06,9.145832e-06,5.758325e-06,4.966664e-06,5.487498e-06,7.170828e-06,8.820828e-06,6.029161e-06,8.704162e-06
2,52,65.18,0.52,5.399998e-06,5.274995e-06,5.299997e-06,2.358325e-06,5.204161e-06,5.63333e-06,4.799994e-06,4.424993e-06,9.087499e-06,5.55416e-06,4.787493e-06,5.208326e-06,6.983328e-06,8.720827e-06,5.74166e-06,8.495832e-06
2,53,65.323,0.53,5.208326e-06,5.187495e-06,5.412499e-06,2.379163e-06,5.274995e-06,5.704164e-06,4.687492e-06,4.504164e-06,9.024993e-06,5.366659e-06,4.679163e-06,5.087495e-06,6.795828e-06,8.624998e-06,5.591663e-06,8.104165e-06
2,54,65.466,0.54,5.062493e-06,5.162493e-06,5.545831e-06,2.429159e-06,5.408327e-06,5.758325e-06,4.612494e-06,4.554161e-06,8.995827e-06,5.233328e-06,4.658325e-06,5.099996e-06,6.533329e-06,8.683332e-06,5.349994e-06,7.845831e-06
2,55,65.609,0.55,4.962492e-06,4.924997e-06,5.629166e-06,2.466663e-06,5.512492e-06,5.870827e-06,4.574998e-06,4.624995e-06,8.941666e-06,5.087495e-06,4.608329e-06,5.054164e-06,6.395833e-06,8.604161e-06,5.224999e-06,7.520827e-06
2,56,65.752,0.56,4.862499e-06,4.908331e-06,5.858326e-06,2.499994e-06,5.695828e-06,6.045826e-06,4.587499e-06,4.79583e-06,8.862496e-06,4.991658e-06,4.583327e-06,5.074994e-06,6.129162e-06,8.562493e-06,5.087495e-06,7.258328e-06
2,57,65.895,0.57,4.787493e-06,4.862499e-06,6.037497e-06,2.554162e-06,5.924996e-06,6.187495e-06,4.570826e-06,4.908331e-06,8.824993e-06,4.866663e-06,4.587499e-06,5.087495e-06,5.983329e-06,8.524998e-06,5.037498e-06,7.02916e-06
2,58,66.038,0.58,4.712494e-06,4.874993e-06,6.241663e-06,2.704159e-06,6.120833e-06,6.366666e-06,4.612494e-06,5.020825e-06,8.766659e-06,4.854162e-06,4.595828e-06,5.141664e-06,5.90833e-06,8.470829e-06,4.937498e-06,6.787499e-06
2,59,66.181,0.59,4.737497e-06,4.899995e-06,6.462495e-06,2.691658e-06,6.287495e-06,6.583325e-06,4.691664e-06,5.295825e-06,8.729164e-06,4.812495e-06,4.654161e-06,5.195832e-06,5.774998e-06,8.462493e-06,4.849998e-06,6.56666e-06
2,60,66.324,0.6,4.737497e-06,4.941662e-06,6.704164e-06,2.841663e-06,6.537493e-06,6.845832e-06,4.724996e-06,5.458331e-06,8.670831e-06,4.812495e-06,4.699993e-06,5.274995e-06,5.683327e-06,8.45e-06,4.787493e-06,6.416662e-06
2,61,66.467,0.61,4.754162e-06,5.016661e-06,6.999993e-06,2.979159e-06,6.745831e-06,7.004166e-06,4.883329e-06,5.716666e-06,8.649993e-06,4.862499e-06,4.766663e-06,5.424992e-06,5.55416e-06,8.474994e-06,4.808331e-06,6.245828e-06
2,62,66.61,0.62,4.783328e-06,5.120826e-06,7.204159e-06,3.083332e-06,7.004166e-06,7.374994e-06,4.962492e-06,5.937497e-06,8.566665e-06,4.879165e-06,4.920832e-06,5.474997e-06,5.512492e-06,8.508333e-06,4.841661e-06,5.920831e-06
2,63,66.753,0.63,4.912496e-06,5.254165e-06,7.495833e-06,3.237494e-06,7.249999e-06,7.537492e-06,5.137499e-06,6.145827e-06,8.554164e-06,4.945827e-06,5.004159e-06,5.674998e-06,5.433329e-06,8.50416e-06,4.937498e-06,5.704164e-06
2,64,66.896,0.64,5.004159e-06,5.354166e-06,7.737493e-06,3.366661e-06,7.512498e-06,7.804163e-06,5.349994e-06,6.399997e-06,8.499996e-06,5.012496e-06,5.216662e-06,5.804165e-06,5.370831e-06,8.541663e-06,5.008332e-06,5.595827e-06
2,65,67.039,0.65,5.108333e-06,5.516664e-06,8.008329e-06,3.499993e-06,7.76666e-06,7.974998e-06,5.579162e-06,6.637494e-06,8.399995e-06,5.179159e-06,5.320827e-06,5.895829e-06,5.308326e-06,8.59166e-06,5.137499e-06,5.483325e-06
2,66,67.182,0.66,5.291661e-06,5.695828e-06,8.29583e-06,3.616659e-06,8.02083e-06,8.258326e-06,5.637495e-06,6.883327e-06,8.399995e-06,5.374996e-06,5.487498e-06,6.112496e-06,5.383333e-06,8.633328e-06,5.25833e-06,5.362495e-06
2,67,67.325,0.67,5.454159e-06,5.904166e-06,8.554164e-06,3.758327e-06,8.262499e-06,8.462493e-06,5.820831e-06,7.233326e-06,8.341662e-06,5.499999e-06,5.63333e-06,6.333327e-06,5.341665e-06,8.67916e-06,5.458331e-06,5.262494e-06
2,68,67.468,0.68,5.691663e-06,6.099995e-06,8.841665e-06,3.916661e-06,8.495832e-06,8.704162e-06,5.970828e-06,7.329162e-06,8.358327e-06,5.708329e-06,5.866663e-06,6.549994e-06,5.370831e-06,8.766659e-06,5.649996e-06,5.212498e-06
2,69,67.611,0.69,5.858326e-06,6.29166e-06,9.066661e-06,4.049993e-06,8.720827e-06,8.941666e-06,6.254164e-06,7.549993e-06,8.299994e-06,5.937497e-06,6.104159e-06,6.687498e-06,5.35833e-06,8.84583e-06,5.837496e-06,5.17083e-06
2,70,67.754,0.7,6.062492e-06,6.516663e-06,9.41666e-06,4.233329e-06,8.999999e-06,9.179163e-06,6.470831e-06,7.804163e-06,8.162498e-06,6.258329e-06,6.262493e-06,6.983328e-06,5.308326e-06,8.858331e-06,6.091658e-06,5.137499e-06
2,71,67.897,0.71,6.299997e-06,6.724993e-06,9.654164e-06,4.341666e-06,9.204166e-06,9.387493e-06,6.708328e-06,8.120831e-06,8.12916e-06,6.470831e-06,6.495825e-06,7.166664e-06,5.395826e-06,8.970833e-06,6.312498e-06,5.19166e-06
2,72,68.04,0.72,6.499998e-06,6.937496e-06,9.862494e-06,4.429166e-06,9.379164e-06,9.579166e-06,6.904165e-06,8.341662e-06,8.237497e-06,6.558331e-06,6.716665e-06,7.395832e-06,5.387497e-06,8.995827e-06,6.54583e-06,5.183331e-06
2,73,68.183,0.73,6.858325e-06,7.220833e-06,1.0099999e-05,4.637496e-06,9.633327e-06,9.812498e-06,7.141662e-06,8.604161e-06,8.058326e-06,6.791663e-06,6.879163e-06,7.624992e-06,5.433329e-06,9.166662e-06,6.833331e-06,5.254165e-06
2,74,68.327,0.74,7.066663e-06,7.437499e-06,1.0370827e-05,4.699993e-06,9.845829e-06,9.97916e-06,7.387495e-06,8.824993e-06,8.045832e-06,7.083328e-06,7.166664e-06,7.779161e-06,5.512492e-06,9.22083e-06,7.104159e-06,5.274995e-06
2,75,68.47,0.75,7.341663e-06,7.654166e-06,1.0624997e-05,4.849998e-06,9.991661e-06,1.0212493e-05,7.683333e-06,9.095827e-06,8.012494e-06,7.274993e-06,7.333326e-06,8.191665e-06,5.658333e-06,9.316659e-06,7.279165e-06,5.420828e-06
2,76,68.613,0.76,7.566658e-06,7.845831e-06,1.0849993e-05,5.041663e-06,1.022083e-05,1.0395829e-05,7.883326e-06,9.320831e-06,8.02083e-06,7.566658e-06,7.624992e-06,8.191665e-06,5.820831e-06,9.408331e-06,7.583332e-06,5.612493e-06
2,77,68.756,0.77,7.908328e-06,8.10833e-06,1.1124992e-05,5.179159e-06,1.0295828e-05,1.0516659e-05,8.045832e-06,9.524997e-06,7.949996e-06,7.824993e-06,7.820829e-06,8.391658e-06,5.833332e-06,9.474993e-06,7.879162e-06,5.666661e-06
2,78,68.899,0.78,8.10833e-06,8.266664e-06,1.1395828e-05,5.291661e-06,1.052916e-05,1.0758328e-05,8.291666e-06,9.787496e-06,7.908328e-06,8.079163e-06,8.049997e-06,8.595832e-06,6.070828e-06,9.574994e-06,8.091664e-06,5.866663e-06
2,79,69.042,0.79,8.349999e-06,8.445827e-06,1.1620831e-05,5.470832e-06,1.0695831e-05,1.0874995e-05,8.541663e-06,9.962495e-06,7.916665e-06,8.308331e-06,8.299994e-06,8.795826e-06,6.149999e-06,9.7375e-06,8.404159e-06,6.029161e-06
2,80,69.185,0.8,8.595832e-06,8.616662e-06,1.1933326e-05,5.566661e-06,1.0866665e-05,1.1091662e-05,8.712498e-06,1.0204164e-05,7.895827e-06,8.5375e-06,8.491659e-06,9.004164e-06,6.283331e-06,9.941666e-06,8.670831e-06,6.254164e-06
2,81,69.328,0.81,8.883325e-06,8.874997e-06,1.2125e-05,5.820831e-06,1.1154159e-05,1.1212492e-05,8.93333e-06,1.0441661e-05,7.841659e-06,8.787497e-06,8.749994e-06,9.174999e-06,6.508326e-06,9.774994e-06,8.929165e-06,6.470831e-06
2,82,69.471,0.82,9.124994e-06,9.224995e-06,1.2162494e-05,5.887493e-06,1.116666e-05,1.1433332e-05,9.149996e-06,1.0641662e-05,7.804163e-06,9.049996e-06,8.916664e-06,9.345826e-06,6.662496e-06,9.841665e-06,9.212494e-06,6.674997e-06
2,83,69.614,0.83,9.370828e-06,9.249997e-06,1.2470826e-05,6.008331e-06,1.1458325e-05,1.1541661e-05,9.366663e-06,1.0791659e-05,7.741666e-06,9.258326e-06,9.14166e-06,9.524997e-06,6.858325e-06,9.97916e-06,9.437497e-06,6.858325e-06
2,84,69.757,0.84,9.654164e-06,9.412495e-06,1.2616666e-05,6.091658e-06,1.1516667e-05,1.1749999e-05,9.541663e-06,1.1008327e-05,7.749994e-06,9.533326e-06,9.354162e-06,9.720826e-06,7.091665e-06,1.006666e-05,9.687496e-06,7.091665e-06
2,85,69.9,0.85,9.949994e-06,9.624998e-06,1.2837498e-05,6.216661e-06,1.1733326e-05,1.1854164e-05,9.774994e-06,1.1287499e-05,7.704162e-06,9.641663e-06,9.512496e-06,9.891661e-06,7.316661e-06,1.0104163e-05,9.783332e-06,7.345827e-06
2,86,70.043,0.86,1.0095827e-05,9.75833e-06,1.309166e-05,6.337492e-06,1.1837498e-05,1.20375e-05,9.962495e-06,1.1424994e-05,7.804163e-06,9.912499e-06,9.749992e-06,1.0070833e-05,7.516662e-06,1.0187498e-05,1.0058331e-05,7.612498e-06
2,87,70.186,0.87,1.0337496e-05,9.949994e-06,1.3283332e-05,6.454166e-06,1.1795831e-05,1.2220828e-05,1.0137494e-05,1.1712496e-05,7.754159e-06,1.0108328e-05,9.937493e-06,1.0258333e-05,7.754159e-06,1.0262497e-05,1.0224994e-05,7.774996e-06
2,88,70.329,0.88,1.0591666e-05,1.0108328e-05,1.3504164e-05,6.579161e-06,1.2016662e-05,1.2204162e-05,1.0249996e-05,1.1879166e-05,7.67916e-06,1.0333331e-05,1.0166661e-05,1.0429159e-05,8.083328e-06,1.0345832e-05,1.0487493e-05,8.029159e-06
2,89,70.472,0.89,1.0966659e-05,1.0274998e-05,1.3704165e-05,6.741659e-06,1.2154166e-05,1.2466661e-05,1.0637498e-05,1.2062494e-05,7.7125e-06,1.0499994e-05,1.0312494e-05,1.0512495e-05,8.220832e-06,1.040833e-05,1.0637498e-05,8.283329e-06
2,90,70.615,0.9,1.1058331e-05,1.0541661e-05,1.3937497e-05,6.824994e-06,1.2291662e-05,1.2479162e-05,1.0645826e-05,1.2258331e-05,7.649994e-06,1.0787495e-05,1.0466663e-05,1.0737499e-05,8.404159e-06,1.0458326e-05,1.0895832e-05,8.574994e-06
2,91,70.758,0.91,1.1241658e-05,1.0541661e-05,1.4129162e-05,6.974999e-06,1.2416665e-05,1.2699993e-05,1.0787495e-05,1.2674999e-05,7.758331e-06,1.0987496e-05,1.070416e-05,1.080416e-05,8.599996e-06,1.0458326e-05,1.1108327e-05,8.791661e-06
2,92,70.901,0.92,1.1504166e-05,1.078333e-05,1.4333327e-05,7.120832e-06,1.2533331e-05,1.2833333e-05,1.0941664e-05,1.2749998e-05,7.741666e-06,1.1154159e-05,1.0837499e-05,1.0937492e-05,8.945831e-06,1.061666e-05,1.1324993e-05,9.095827e-06
2,93,71.044,0.93,1.1712496e-05,1.0829162e-05,1.4762497e-05,7.249999e-06,1.2654162e-05,1.298333e-05,1.1149995e-05,1.2866664e-05,7.816664e-06,1.1349996e-05,1.1012498e-05,1.1104163e-05,9.112493e-06,1.0695831e-05,1.1554162e-05,9.283328e-06
2,94,71.187,0.94,1.1958329e-05,1.0954165e-05,1.4679162e-05,7.408333e-06,1.2758326e-05,1.3124998e-05,1.1333331e-05,1.2962492e-05,7.637493e-06,1.162916e-05,1.1262497e-05,1.1254159e-05,9.341661e-06,1.078333e-05,1.178333e-05,9.566665e-06
2,95,71.33,0.95,1.2108326e-05,1.1058331e-05,1.4912494e-05,7.520827e-06,1.2849999e-05,1.3224999e-05,1.1541661e-05,1.3195832e-05,7.616663e-06,1.1745827e-05,1.1462498e-05,1.1424994e-05,9.537498e-06,1.0874995e-05,1.1958329e-05,9.812498e-06
2,96,71.473,0.96,1.2354159e-05,1.1258332e-05,1.5183329e-05,7.67916e-06,1.2987494e-05,1.3399998e-05,1.1674992e-05,1.3529166e-05,7.587496e-06,1.2033327e-05,1.1645826e-05,1.1658327e-05,9.833328e-06,1.0799996e-05,1.2191661e-05,1.0033329e-05
2,97,71.616,0.97,1.260833e-05,1.1308328e-05,1.5445828e-05,7.93333e-06,1.3141664e-05,1.3558332e-05,1.1895831e-05,1.3674999e-05,7.612498e-06,1.2229165e-05,1.1833326e-05,1.1799995e-05,9.970832e-06,1.0908326e-05,1.2416665e-05,1.0279163e-05
2,98,71.76,0.98,1.2937498e-05,1.1541661e-05,1.5562495e-05,7.887498e-06,1.3245829e-05,1.3712493e-05,1.2033327e-05,1.3866663e-05,7.683333e-06,1.2274996e-05,1.2133328e-05,1.1995832e-05,1.0245832e-05,1.0995833e-05,1.2604165e-05,1.0508331e-05
2,99,71.903,0.99,1.3045827e-05,1.1708331e-05,1.5774996e-05,8.02083e-06,1.343333e-05,1.3833332e-05,1.2170832e-05,1.4095831e-05,7.699999e-06,1.2487499e-05,1.209166e-05,1.2062494e-05,1.0429159e-05,1.1070832e-05,1.2770827e-05,1.0716661e-05
2,100,72.046,1.0,1.319166e-05,1.1933326e-05,1.5958332e-05,8.170828e-06,1.3399998e-05,1.3979165e-05,1.2399999e-05,1.4283331e-05,7.683333e-06,1.2712495e-05,1.2274996e-05,1.2362496e-05,1.0674993e-05,1.1183325e-05,1.3012496e-05,1.0941664e-05
2,101,72.189,0.99,1.3095831e-05,1.171666e-05,1.5879163e-05,8.12916e-06,1.3374996e-05,1.3912495e-05,1.2362496e-05,1.4133327e-05,7.662495e-06,1.2558333e-05,1.2079159e-05,1.2258331e-05,1.0487493e-05,1.1116664e-05,1.2741662e-05,1.0724997e-05
2,102,72.332,0.98,1.2837498e-05,1.1770829e-05,1.5704163e-05,7.983327e-06,1.319166e-05,1.3795829e-05,1.1983331e-05,1.3929161e-05,7.608326e-06,1.2279161e-05,1.1779165e-05,1.180416e-05,1.0199992e-05,1.1054166e-05,1.2491663e-05,1.0312494e-05
2,103,72.475,0.97,1.2570827e-05,1.1374998e-05,1.564583e-05,7.954161e-06,1.3070829e-05,1.3666661e-05,1.1808332e-05,1.3712493e-05,7.587496e-06,1.205833e-05,1.1566663e-05,1.1558326e-05,9.924992e-06,1.1016663e-05,1.2337494e-05,1.0029165e-05
2,104,72.618,0.96,1.2274996e-05,1.1183325e-05,1.5399997e-05,7.7125e-06,1.2933326e-05,1.3408328e-05,1.1537496e-05,1.3579162e-05,7.583332e-06,1.1779165e-05,1.1324993e-05,1.1349996e-05,9.412495e-06,1.0899997e-05,1.2033327e-05,9.699997e-06
2,105,72.761,0.95,1.1999997e-05,1.1024999e-05,1.4933332e-05,7.649994e-06,1.2766664e-05,1.3233328e-05,1.1362497e-05,1.3145828e-05,7.508326e-06,1.1554162e-05,1.1074996e-05,1.1133329e-05,9.070825e-06,1.0841663e-05,1.1874994e-05,9.304166e-06
2,106,72.904,0.94,1.1708331e-05,1.087083e-05,1.4629165e-05,7.412497e-06,1.2612494e-05,1.3012496e-05,1.0987496e-05,1.2924997e-05,7.466666e-06,1.13e-05,1.0758328e-05,1.0987496e-05,8.820828e-06,1.0637498e-05,1.1524995e-05,9.004164e-06
2,107,73.047,0.93,1.1370826e-05,1.0770829e-05,1.4387496e-05,7.28333e-06,1.245416e-05,1.2841661e-05,1.0845828e-05,1.2641661e-05,7.499997e-06,1.0995833e-05,1.0558327e-05,1.0666665e-05,8.508333e-06,1.0483329e-05,1.13e-05,8.649993e-06
2,108,73.19,0.92,1.1058331e-05,1.0574992e-05,1.4108332e-05,7.00833e-06,1.2233329e-05,1.2691665e-05,1.0654163e-05,1.2445831e-05,7.437499e-06,1.0762493e-05,1.0270826e-05,1.0454162e-05,8.233333e-06,1.0445825e-05,1.097916e-05,8.31666e-06
2,109,73.333,0.91,1.0833327e-05,1.0308329e-05,1.3837496e-05,6.924995e-06,1.2116662e-05,1.2458332e-05,1.0370827e-05,1.209166e-05,7.449993e-06,1.0474992e-05,1.0054159e-05,1.0233331e-05,7.916665e-06,1.032916e-05,1.0620833e-05,8.024995e-06
2,110,73.476,0.9,1.0491665e-05,1.0179162e-05,1.3587499e-05,6.704164e-06,1.1920825e-05,1.2320828e-05,1.015416e-05,1.1870829e-05,7.333326e-06,1.0295828e-05,9.795833e-06,1.0016664e-05,7.654166e-06,1.0249996e-05,1.0354162e-05,7.654166e-06
2,111,73.619,0.89,1.0249996e-05,9.987497e-06,1.3283332e-05,6.520828e-06,1.1662499e-05,1.2070831e-05,9.866659e-06,1.1541661e-05,7.37083e-06,9.974996e-06,9.462499e-06,9.799997e-06,7.366665e-06,1.0187498e-05,1.0058331e-05,7.612498e-06
2,112,73.762,0.88,9.829164e-06,9.783332e-06,1.2987494e-05,6.333327e-06,1.142083e-05,1.1762492e-05,9.749992e-06,1.1270833e-05,7.28333e-06,9.666665e-06,9.270827e-06,9.554164e-06,7.124996e-06,1.006666e-05,9.799997e-06,7.120832e-06
2,113,73.905,0.87,9.637499e-06,9.599996e-06,1.2699993e-05,6.212497e-06,1.1229165e-05,1.1587493e-05,9.449998e-06,1.104583e-05,7.28333e-06,9.462499e-06,8.974997e-06,9.295829e-06,6.795828e-06,9.920827e-06,9.458327e-06,6.82083e-06
2,114,74.048,0.86,9.191665e-06,9.445826e-06,1.2383326e-05,5.99583e-06,1.1029164e-05,1.1349996e-05,9.249997e-06,1.0712496e-05,7.270829e-06,9.170826e-06,8.670831e-06,9.066661e-06,6.741659e-06,9.87916e-06,9.166662e-06,6.595826e-06
2,115,74.191,0.85,8.979162e-06,9.299994e-06,1.2149993e-05,5.84166e-06,1.0824998e-05,1.1112499e-05,8.883325e-06,1.0420831e-05,7.266664e-06,8.862496e-06,8.424998e-06,8.879161e-06,6.387496e-06,9.749992e-06,8.912491e-06,6.316662e-06
2,116,74.334,0.84,8.704162e-06,8.987498e-06,1.1833326e-05,5.662497e-06,1.0579165e-05,1.0883331e-05,8.599996e-06,1.0095827e-05,7.224997e-06,8.604161e-06,8.191665e-06,8.545828e-06,6.170829e-06,9.695832e-06,8.624998e-06,6.079165e-06
2,117,74.477,0.83,8.345826e-06,8.783332e-06,1.1491664e-05,5.537494e-06,1.0395829e-05,1.0633325e-05,8.370828e-06,9.812498e-06,7.174993e-06,8.354164e-06,7.962497e-06,8.412496e-06,6.024996e-06,9.524997e-06,8.345826e-06,5.862498e-06
2,118,74.62,0.82,8.012494e-06,8.566665e-06,1.1187498e-05,5.320827e-06,1.0166661e-05,1.040833e-05,8.12916e-06,9.470828e-06,7.279165e-06,8.012494e-06,7.687497e-06,8.154162e-06,5.80833e-06,9.554164e-06,8.016666e-06,5.641659e-06
2,119,74.763,0.81,7.729165e-06,8.424998e-06,1.0908326e-05,5.149992e-06,9.970832e-06,1.0129165e-05,7.85416e-06,9.349998e-06,7.149999e-06,7.904164e-06,7.408333e-06,7.924994e-06,5.679162e-06,9.399994e-06,7.741666e-06,5.46666e-06
2,120,74.906,0.8,7.449993e-06,8.149997e-06,1.052916e-05,4.937498e-06,9.699997e-06,9.887497e-06,7.608326e-06,8.958332e-06,7.083328e-06,7.595825e-06,7.191666e-06,7.733329e-06,5.479161e-06,9.233332e-06,7.449993e-06,5.283332e-06
2,121,75.049,0.79,7.1625e-06,7.916665e-06,1.0262497e-05,4.824996e-06,9.454163e-06,9.616661e-06,7.345827e-06,8.637492e-06,7.083328e-06,7.379158e-06,6.8875e-06,7.537492e-06,5.383333e-06,9.12083e-06,7.179165e-06,5.208326e-06
2,122,75.192,0.78,6.849996e-06,7.737493e-06,9.962495e-06,4.645832e-06,9.216667e-06,9.349998e-06,7.091665e-06,8.379166e-06,7.037497e-06,6.899993e-06,6.691662e-06,7.241662e-06,5.333328e-06,9.008329e-06,6.837495e-06,5.133327e-06
2,123,75.336,0.77,6.495825e-06,7.383331e-06,9.545827e-06,4.362496e-06,8.970833e-06,9.066661e-06,6.816666e-06,8.070827e-06,7.041661e-06,6.629165e-06,6.408326e-06,6.999993e-06,5.229163e-06,8.958332e-06,6.512499e-06,4.949999e-06
2,124,75.479,0.76,6.320826e-06,7.270829e-06,9.291664e-06,4.291662e-06,8.75833e-06,8.770831e-06,6.587497e-06,7.716663e-06,7.070827e-06,6.362494e-06,6.070828e-06,6.729166e-06,5.208326e-06,8.808327e-06,6.295832e-06,4.933325e-06
2,125,75.622,0.75,6.141663e-06,7.02916e-06,8.874997e-06,4.083332e-06,8.404159e-06,8.508333e-06,6.341664e-06,7.441664e-06,7.041661e-06,6.141663e-06,5.837496e-06,6.595826e-06,5.17083e-06,8.774996e-06,6.01666e-06,4.899995e-06
2,126,75.765,0.74,5.729159e-06,6.787499e-06,8.566665e-06,3.920825e-06,8.133332e-06,8.241662e-06,6.09583e-06,7.120832e-06,7.020831e-06,5.866663e-06,5.599999e-06,6.349993e-06,5.174994e-06,8.649993e-06,5.787492e-06,5.012496e-06
2,127,75.908,0.73,5.458331e-06,6.508326e-06,8.258326e-06,3.71666e-06,7.937495e-06,7.979163e-06,5.787492e-06,6.808329e-06,6.987492e-06,5.679162e-06,5.399998e-06,6.120833e-06,5.162493e-06,8.545828e-06,5.537494e-06,5.033326e-06
2,128,76.051,0.72,5.25833e-06,6.27083e-06,7.949996e-06,3.549997e-06,7.591661e-06,7.587496e-06,5.574997e-06,6.424999e-06,7.012494e-06,5.395826e-06,5.216662e-06,5.84166e-06,5.10416e-06,8.48333e-06,5.295825e-06,5.095832e-06
2,129,76.194,0.71,5.049992e-06,6.079165e-06,7.549993e-06,3.424994e-06,7.358328e-06,7.312497e-06,5.354166e-06,6.245828e-06,7.004166e-06,5.212498e-06,5.037498e-06,5.687499e-06,5.116661e-06,8.387494e-06,5.17083e-06,5.17083e-06
2,130,76.337,0.7,4.945827e-06,5.912495e-06,7.204159e-06,3.233329e-06,7.066663e-06,7.095829e-06,5.162493e-06,5.92916e-06,7.004166e-06,5.058328e-06,4.874993e-06,5.574997e-06,5.141664e-06,8.204166e-06,5.029162e-06,5.274995e-06
2,131,76.48,0.69,4.799994e-06,5.729159e-06,6.866662e-06,3.008326e-06,6.787499e-06,6.741659e-06,4.98333e-06,5.604164e-06,6.954161e-06,4.879165e-06,4.733332e-06,5.383333e-06,5.174994e-06,8.141661e-06,4.870828e-06,5.441666e-06
2,132,76.623,0.68,4.691664e-06,5.566661e-06,6.679161e-06,2.883331e-06,6.54583e-06,6.491661e-06,4.866663e-06,5.424992e-06,7.033332e-06,4.816659e-06,4.616666e-06,5.266658e-06,5.25833e-06,8.054161e-06,4.70833e-06,5.566661e-06
2,133,76.766,0.67,4.649997e-06,5.454159e-06,6.29166e-06,2.754164e-06,6.295832e-06,6.241663e-06,4.704165e-06,5.158329e-06,6.991665e-06,4.683327e-06,4.487499e-06,5.124998e-06,5.316663e-06,8.04166e-06,4.633331e-06,5.816658e-06
2,134,76.909,0.66,4.587499e-06,5.374996e-06,6.01666e-06,2.620832e-06,6.004159e-06,6.045826e-06,4.599992e-06,4.966664e-06,7.049998e-06,4.587499e-06,4.395827e-06,5.037498e-06,5.374996e-06,7.958332e-06,4.591664e-06,6.012495e-06
2,135,77.052,0.65,4.583327e-06,5.254165e-06,5.774998e-06,2.487493e-06,5.679162e-06,5.812494e-06,4.54166e-06,4.749998e-06,6.987492e-06,4.574998e-06,4.395827e-06,4.974993e-06,5.462496e-06,7.949996e-06,4.566662e-06,6.133326e-06
2,136,77.195,0.64,4.595828e-06,5.262494e-06,5.516664e-06,2.420831e-06,5.495826e-06,5.524993e-06,4.487499e-06,4.574998e-06,7.037497e-06,4.570826e-06,4.412492e-06,4.887494e-06,5.579162e-06,7.870825e-06,4.645832e-06,6.39166e-06
2,137,77.338,0.63,4.662498e-06,5.137499e-06,5.320827e-06,2.32083e-06,5.295825e-06,5.441666e-06,4.420829e-06,4.429166e-06,7.020831e-06,4.608329e-06,4.404164e-06,4.887494e-06,5.666661e-06,7.912493e-06,4.666662e-06,6.595826e-06
2,138,77.481,0.62,4.704165e-06,5.162493e-06,5.195832e-06,2.25416e-06,5.10416e-06,5.25833e-06,4.466661e-06,4.304163e-06,7.037497e-06,4.674999e-06,4.449995e-06,4.858327e-06,5.829159e-06,7.870825e-06,4.79583e-06,6.849996e-06
2,139,77.624,0.61,4.766663e-06,5.270831e-06,5.058328e-06,2.241659e-06,4.958328e-06,5.137499e-06,4.420829e-06,4.212499e-06,7.095829e-06,4.808331e-06,4.45416e-06,4.933325e-06,5.945826e-06,7.887498e-06,4.879165e-06,7.108331e-06
2,140,77.767,0.6,4.879165e-06,5.120826e-06,4.954163e-06,2.204164e-06,4.879165e-06,5.083331e-06,4.474998e-06,4.187496e-06,7.191666e-06,4.89583e-06,4.529158e-06,4.941662e-06,6.133326e-06,7.849995e-06,5.024997e-06,7.379158e-06
2,141,77.91,0.59,4.999995e-06,5.312499e-06,4.904159e-06,2.191663e-06,4.820832e-06,5.062493e-06,4.504164e-06,4.208326e-06,7.099994e-06,4.937498e-06,4.649997e-06,5.029162e-06,6.337492e-06,7.908328e-06,5.19166e-06,7.633328e-06
2,142,78.053,0.58,5.212498e-06,5.337492e-06,4.899995e-06,2.216665e-06,4.783328e-06,5.062493e-06,4.604165e-06,4.212499e-06,7.179165e-06,5.137499e-06,4.704165e-06,5.10416e-06,6.462495e-06,7.954161e-06,5.337492e-06,7.883326e-06
2,143,78.196,0.57,5.304162e-06,5.383333e-06,4.91666e-06,2.229158e-06,4.791665e-06,5.112497e-06,4.72916e-06,4.299998e-06,7.224997e-06,5.324991e-06,4.862499e-06,5.179159e-06,6.691662e-06,8.024995e-06,5.687499e-06,8.174999e-06
2,144,78.339,0.56,5.537494e-06,5.529165e-06,5.024997e-06,2.270826e-06,4.791665e-06,5.187495e-06,4.887494e-06,4.354159e-06,7.220833e-06,5.570825e-06,5.020825e-06,5.329164e-06,6.862497e-06,8.070827e-06,5.80833e-06,8.441662e-06
2,145,78.482,0.55,5.716666e-06,5.699992e-06,5.07083e-06,2.329159e-06,4.912496e-06,5.295825e-06,5.012496e-06,4.445831e-06,7.258328e-06,5.716666e-06,5.212498e-06,5.424992e-06,7.141662e-06,8.133332e-06,6.037497e-06,8.724999e-06
2,146,78.625,0.54,5.92916e-06,5.854161e-06,5.216662e-06,2.429159e-06,5.016661e-06,5.449994e-06,5.174994e-06,4.654161e-06,7.274993e-06,5.854161e-06,5.35833e-06,5.604164e-06,7.412497e-06,8.124995e-06,6.299997e-06,9.037494e-06
2,147,78.769,0.53,6.112496e-06,5.991666e-06,5.337492e-06,2.445825e-06,5.133327e-06,5.562496e-06,5.391661e-06,4.779164e-06,7.337499e-06,6.070828e-06,5.574997e-06,5.758325e-06,7.549993e-06,8.199993e-06,6.533329e-06,9.345826e-06
2,148,78.912,0.52,6.349993e-06,6.145827e-06,5.487498e-06,2.583329e-06,5.312499e-06,5.749996e-06,5.583326e-06,4.958328e-06,7.383331e-06,6.341664e-06,5.691663e-06,6.033325e-06,7.883326e-06,8.266664e-06,6.841659e-06,9.658329e-06
2,149,79.055,0.51,6.624993e-06,6.308325e-06,5.745832e-06,2.645826e-06,5.487498e-06,5.941661e-06,5.745832e-06,5.145828e-06,7.424998e-06,6.537493e-06,5.862498e-06,6.149999e-06,8.112494e-06,8.345826e-06,7.104159e-06,9.904162e-06
2,150,79.198,0.5,6.870826e-06,6.537493e-06,5.899994e-06,2.741663e-06,5.608328e-06,6.20416e-06,5.954162e-06,5.333328e-06,7.458329e-06,6.82083e-06,6.066664e-06,6.274994e-06,8.412496e-06,8.408332e-06,7.437499e-06,1.0091662e-05
2,151,79.341,0.49,7.095829e-06,6.695827e-06,6.087494e-06,2.879159e-06,5.791664e-06,6.379159e-06,6.216661e-06,5.570825e-06,7.520827e-06,7.058326e-06,6.287495e-06,6.508326e-06,8.704162e-06,8.545828e-06,7.691661e-06,1.0445825e-05
2,152,79.484,0.48,7.337499e-06,6.862497e-06,6.366666e-06,2.95833e-06,6.029161e-06,6.549994e-06,6.416662e-06,5.699992e-06,7.570831e-06,7.28333e-06,6.512499e-06,6.708328e-06,8.812499e-06,8.666659e-06,7.983327e-06,1.0674993e-05
2,153,79.627,0.47,7.583332e-06,7.041661e-06,6.620828e-06,3.141666e-06,6.27083e-06,6.808329e-06,6.562495e-06,5.983329e-06,7.670832e-06,7.520827e-06,6.729166e-06,6.937496e-06,9.116666e-06,8.870832e-06,8.262499e-06,1.0954165e-05
2,154,79.77,0.46,7.874997e-06,7.224997e-06,6.816666e-06,3.237494e-06,6.499998e-06,7.058326e-06,6.866662e-06,6.162492e-06,7.666659e-06,7.737493e-06,6.933331e-06,7.204159e-06,9.420832e-06,8.879161e-06,8.558329e-06,1.1283326e-05
2,155,79.913,0.45,8.166663e-06,7.445828e-06,7.045825e-06,3.454161e-06,6.73333e-06,7.299996e-06,7.099994e-06,6.412498e-06,7.76666e-06,8.070827e-06,7.1625e-06,7.429162e-06,9.612497e-06,8.849995e-06,8.870832e-06,1.1483327e-05
2,156,80.056,0.44,8.412496e-06,7.654166e-06,7.1625e-06,3.491664e-06,6.908329e-06,7.512498e-06,7.295831e-06,6.595826e-06,7.787497e-06,8.254163e-06,7.374994e-06,7.645829e-06,9.841665e-06,8.987498e-06,9.087499e-06,1.1708331e-05
2,157,80.199,0.43,8.662494e-06,7.887498e-06,7.429162e-06,3.537496e-06,7.249999e-06,7.791662e-06,7.545829e-06,6.812493e-06,7.874997e-06,8.5375e-06,7.570831e-06,7.849995e-06,1.0137494e-05,9.041659e-06,9.30833e-06,1.1837498e-05
2,158,80.342,0.42,8.949995e-06,8.087492e-06,7.76666e-06,3.641661e-06,7.479159e-06,8.045832e-06,7.716663e-06,7.095829e-06,7.983327e-06,8.770831e-06,7.829165e-06,8.145825e-06,1.0366663e-05,9.166662e-06,9.512496e-06,1.2099998e-05
2,159,80.485,0.41,9.208329e-06,8.270827e-06,7.970826e-06,3.749998e-06,7.599997e-06,8.354164e-06,7.995828e-06,7.270829e-06,8.024995e-06,9.037494e-06,7.995828e-06,8.337498e-06,1.0579165e-05,9.237496e-06,9.833328e-06,1.2320828e-05
2,160,80.628,0.4,9.379164e-06,8.524998e-06,8.179164e-06,3.962493e-06,7.874997e-06,8.608326e-06,8.149997e-06,7.533328e-06,8.124995e-06,9.216667e-06,8.220832e-06,8.737493e-06,1.0858329e-05,9.358327e-06,1.0104163e-05,1.2524994e-05
2,161,80.771,0.39,9.67083e-06,8.637492e-06,8.441662e-06,4.087496e-06,8.10833e-06,8.670831e-06,8.433326e-06,7.749994e-06,8.133332e-06,9.516661e-06,8.374993e-06,8.804162e-06,1.1058331e-05,9.479165e-06,1.0304165e-05,1.2745825e-05
2,162,80.914,0.38,9.908326e-06,8.895826e-06,8.674995e-06,4.204162e-06,8.404159e-06,8.954159e-06,8.666659e-06,7.987499e-06,8.179164e-06,9.754165e-06,8.67916e-06,8.987498e-06,1.1345832e-05,9.599996e-06,1.058333e-05,1.3016661e-05
2,163,81.057,0.37,1.0233331e-05,9.191665e-06,8.929165e-06,4.320828e-06,8.554164e-06,9.187492e-06,8.987498e-06,8.212495e-06,8.258326e-06,9.949994e-06,8.870832e-06,9.279163e-06,1.1508329e-05,9.658329e-06,1.0816661e-05,1.3195832e-05
2,164,81.2,0.36,1.0391665e-05,9.249997e-06,9.191665e-06,4.420829e-06,8.791661e-06,9.412495e-06,9.116666e-06,8.554164e-06,8.379166e-06,1.0129165e-05,9.033331e-06,9.479165e-06,1.1929163e-05,9.7375e-06,1.1020828e-05,1.3412499e-05
2,165,81.343,0.35,1.0591666e-05,9.462499e-06,9.408331e-06,4.587499e-06,9.004164e-06,9.666665e-06,9.204166e-06,8.766659e-06,8.420833e-06,1.0399994e-05,9.245833e-06,9.649992e-06,1.1924998e-05,9.808326e-06,1.1287499e-05,1.3616665e-05
2,166,81.486,0.34,1.0845828e-05,9.683331e-06,9.733327e-06,4.674999e-06,9.258326e-06,9.904162e-06,9.391665e-06,8.849995e-06,8.512497e-06,1.0645826e-05,9.433325e-06,9.941666e-06,1.2216663e-05,9.916663e-06,1.1504166e-05,1.3816659e-05
2,167,81.629,0.33,1.1074996e-05,9.870831e-06,9.829164e-06,4.999995e-06,9.483329e-06,1.0145831e-05,9.60416e-06,9.024993e-06,8.508333e-06,1.089166e-05,9.629162e-06,1.0145831e-05,1.2374997e-05,9.991661e-06,1.178333e-05,1.4037498e-05
2,168,81.772,0.32,1.1329166e-05,1.0054159e-05,1.015416e-05,4.954163e-06,9.733327e-06,1.0379164e-05,9.837492e-06,9.266662e-06,8.579159e-06,1.1062495e-05,9.829164e-06,1.0370827e-05,1.2591664e-05,1.0170826e-05,1.1958329e-05,1.4183331e-05
2,169,81.915,0.31,1.1512494e-05,1.0216665e-05,1.0358325e-05,5.074994e-06,9.966659e-06,1.0599994e-05,1.0004163e-05,9.483329e-06,8.633328e-06,1.1349996e-05,1.0037494e-05,1.0566664e-05,1.2783329e-05,1.024166e-05,1.2154166e-05,1.439166e-05
2,170,82.058,0.3,1.1674992e-05,1.0379164e-05,1.061666e-05,5.19166e-06,1.0112492e-05,1.0874995e-05,1.0216665e-05,9.683331e-06,8.687496e-06,1.1462498e-05,1.0262497e-05,1.0766666e-05,1.298333e-05,1.0358325e-05,1.2395827e-05,1.4562495e-05
2,171,82.201,0.29,1.1870829e-05,1.0516659e-05,1.0720825e-05,5.337492e-06,1.0366663e-05,1.1054166e-05,1.0395829e-05,9.87916e-06,8.708326e-06,1.1624996e-05,1.0545826e-05,1.0983332e-05,1.3112497e-05,1.0341661e-05,1.2629159e-05,1.4766661e-05
2,172,82.345,0.28,1.1995832e-05,1.070416e-05,1.1037493e-05,5.412499e-06,1.0524996e-05,1.1258332e-05,1.0512495e-05,1.0191663e-05,8.849995e-06,1.1812496e-05,1.0670828e-05,1.1141666e-05,1.3379161e-05,1.0533333e-05,1.2741662e-05,1.4862498e-05
2,173,82.488,0.27,1.2262495e-05,1.0866665e-05,1.1183325e-05,5.537494e-06,1.0791659e-05,1.1508329e-05,1.0745827e-05,1.0299993e-05,8.920829e-06,1.2020826e-05,1.0754164e-05,1.1366661e-05,1.3545831e-05,1.0587493e-05,1.300416e-05,1.5108331e-05
2,174,82.631,0.26,1.2420829e-05,1.1004162e-05,1.1449996e-05,5.724994e-06,1.0858329e-05,1.1774993e-05,1.0916662e-05,1.049583e-05,8.949995e-06,1.2216663e-05,1.0924999e-05,1.1708331e-05,1.3708329e-05,1.0662492e-05,1.3224999e-05,1.5254163e-05
2,175,82.774,0.25,1.2566662e-05,1.1133329e-05,1.1579164e-05,5.770826e-06,1.1129165e-05,1.1870829e-05,1.104583e-05,1.0670828e-05,9.004164e-06,1.2429166e-05,1.0987496e-05,1.1741662e-05,1.4091666e-05,1.0779167e-05,1.3374996e-05,1.5391659e-05
2,176,82.917,0.24,1.279583e-05,1.1287499e-05,1.1937499e-05,5.866663e-06,1.1345832e-05,1.2045829e-05,1.1312492e-05,1.0849993e-05,9.087499e-06,1.2533331e-05,1.1254159e-05,1.1929163e-05,1.4008331e-05,1.0945829e-05,1.3520829e-05,1.5525e-05
2,177,83.06,0.23,1.2987494e-05,1.1374998e-05,1.1979158e-05,6.037497e-06,1.1499993e-05,1.2358331e-05,1.1408329e-05,1.1083333e-05,9.179163e-06,1.2808331e-05,1.1370826e-05,1.2125e-05,1.4174994e-05,1.1074996e-05,1.3666661e-05,1.5745831e-05
2,178,83.203,0.22,1.3133327e-05,1.1549997e-05,1.2349995e-05,6.18333e-06,1.1683329e-05,1.2499992e-05,1.1533331e-05,1.1262497e-05,9.262498e-06,1.2958328e-05,1.1566663e-05,1.224583e-05,1.4483333e-05,1.1029164e-05,1.3929161e-05,1.593333e-05
2,179,83.346,0.21,1.3341665e-05,1.1770829e-05,1.2399999e-05,6.283331e-06,1.1891659e-05,1.2733332e-05,1.1737498e-05,1.1466662e-05,9.279163e-06,1.3137499e-05,1.1712496e-05,1.2466661e-05,1.4487497e-05,1.1112499e-05,1.4004159e-05,1.6016666e-05
2,180,83.489,0.2,1.3541659e-05,1.2024999e-05,1.260833e-05,6.429163e-06,1.2083332e-05,1.2924997e-05,1.1924998e-05,1.1591665e-05,9.362499e-06,1.3329164e-05,1.1862493e-05,1.2620831e-05,1.4724994e-05,1.1149995e-05,1.4437493e-05,1.621666e-05
2,181,83.632,0.19,1.3708329e-05,1.20375e-05,1.2774992e-05,6.524992e-06,1.2362496e-05,1.3124998e-05,1.2024999e-05,1.178333e-05,9.41666e-06,1.3470833e-05,1.2029163e-05,1.2791666e-05,1.4895829e-05,1.1174997e-05,1.4487497e-05,1.6283329e-05
2,182,83.775,0.18,1.3924996e-05,1.2149993e-05,1.3008333e-05,6.487497e-06,1.2483327e-05,1.3266659e-05,1.2141665e-05,1.197083e-05,9.537498e-06,1.3604164e-05,1.2183333e-05,1.2941662e-05,1.5020832e-05,1.132083e-05,1.4591662e-05,1.6387494e-05
2,183,83.918,0.17,1.4004159e-05,1.23125e-05,1.3195832e-05,6.749995e-06,1.2783329e-05,1.3462496e-05,1.2308327e-05,1.2070831e-05,9.616661e-06,1.3712493e-05,1.2329165e-05,1.3220827e-05,1.5183329e-05,1.135416e-05,1.4595827e-05,1.657083e-05
2,184,84.061,0.16,1.4187495e-05,1.2445831e-05,1.3362495e-05,6.745831e-06,1.2695829e-05,1.3699992e-05,1.2462497e-05,1.2295826e-05,9.649992e-06,1.3929161e-05,1.2449996e-05,1.3283332e-05,1.5320826e-05,1.1458325e-05,1.4783327e-05,1.6683332e-05
2,185,84.204,0.15,1.4345828e-05,1.2595829e-05,1.3508327e-05,6.808329e-06,1.2929161e-05,1.4070829e-05,1.2666663e-05,1.2387498e-05,9.683331e-06,1.401666e-05,1.2570827e-05,1.346666e-05,1.547916e-05,1.1575e-05,1.5012495e-05,1.6870832e-05
2,186,84.347,0.14,1.4474996e-05,1.2712495e-05,1.3683327e-05,6.945832e-06,1.3012496e-05,1.4129162e-05,1.291666e-05,1.2545832e-05,9.712498e-06,1.429166e-05,1.2812495e-05,1.3733332e-05,1.5616662e-05,1.1599994e-05,1.5145826e-05,1.6974998e-05
2,187,84.49,0.13,1.465416e-05,1.2866664e-05,1.3837496e-05,7.066663e-06,1.3291661e-05,1.4299997e-05,1.3033326e-05,1.2791666e-05,9.824999e-06,1.4404161e-05,1.2779165e-05,1.3799993e-05,1.5804164e-05,1.1699995e-05,1.5266665e-05,1.7179163e-05
2,188,84.633,0.12,1.4833331e-05,1.2987494e-05,1.4008331e-05,7.154163e-06,1.3420829e-05,1.4354166e-05,1.2958328e-05,1.2899995e-05,9.941666e-06,1.454583e-05,1.3012496e-05,1.3845834e-05,1.5974998e-05,1.1774993e-05,1.5391659e-05,1.7224995e-05
2,189,84.776,0.11,1.4970827e-05,1.3179159e-05,1.4141663e-05,7.208331e-06,1.3574998e-05,1.4604163e-05,1.3066665e-05,1.3283332e-05,1.0020828e-05,1.473333e-05,1.3166666e-05,1.4012496e-05,1.6070826e-05,1.1833326e-05,1.5529164e-05,1.741666e-05
2,190,84.919,0.1,1.5104159e-05,1.3233328e-05,1.4354166e-05,7.324998e-06,1.3712493e-05,1.4716665e-05,1.3220827e-05,1.3162494e-05,1.0141659e-05,1.4845832e-05,1.3220827e-05,1.4133327e-05,1.6166663e-05,1.1912497e-05,1.5666659e-05,1.7529163e-05
2,191,85.062,0.09,1.5179166e-05,1.3337493e-05,1.4487497e-05,7.454165e-06,1.3816659e-05,1.4929159e-05,1.327916e-05,1.3291661e-05,1.0091662e-05,1.5012495e-05,1.3325e-05,1.4316663e-05,1.6329161e-05,1.1995832e-05,1.5841659e-05,1.7641663e-05
2,192,85.205,0.08,1.5362493e-05,1.3474997e-05,1.4666661e-05,7.479159e-06,1.3987494e-05,1.5045825e-05,1.3495826e-05,1.3395826e-05,1.0091662e-05,1.5120832e-05,1.3479162e-05,1.4420827e-05,1.6429161e-05,1.2112499e-05,1.5929167e-05,1.7804161e-05
2,193,85.348,0.07,1.5487496e-05,1.3562497e-05,1.4758332e-05,7.604162e-06,1.4145828e-05,1.5195831e-05,1.3583326e-05,1.3570825e-05,1.0262497e-05,1.5220833e-05,1.3537494e-05,1.454583e-05,1.6566666e-05,1.2145829e-05,1.6104166e-05,1.7899998e-05
2,194,85.491,0.06,1.557916e-05,1.36875e-05,1.4987492e-05,7.599997e-06,1.4237499e-05,1.537083e-05,1.3666661e-05,1.36875e-05,1.0195828e-05,1.5324998e-05,1.3708329e-05,1.4737495e-05,1.6754166e-05,1.2274996e-05,1.6220833e-05,1.7995826e-05
2,195,85.634,0.05,1.5699998e-05,1.3754161e-05,1.5062499e-05,7.783326e-06,1.4399998e-05,1.5541666e-05,1.3837496e-05,1.3841661e-05,1.0258333e-05,1.5437499e-05,1.3929161e-05,1.4874999e-05,1.6808328e-05,1.2249994e-05,1.6462493e-05,1.8079161e-05
2,196,85.778,0.04,1.5929167e-05,1.3941662e-05,1.5245827e-05,7.862496e-06,1.4483333e-05,1.5774996e-05,1.3920831e-05,1.3974993e-05,1.0345832e-05,1.5670832e-05,1.4062492e-05,1.4987492e-05,1.6908327e-05,1.2324993e-05,1.6437498e-05,1.8254161e-05
2,197,85.921,0.03,1.5883326e-05,1.4008331e-05,1.5399997e-05,7.895827e-06,1.4674997e-05,1.5862497e-05,1.408333e-05,1.408333e-05,1.0383328e-05,1.5854161e-05,1.4062492e-05,1.5087493e-05,1.7079163e-05,1.2333329e-05,1.6499996e-05,1.8312494e-05
2,198,86.064,0.02,1.5979163e-05,1.4199996e-05,1.5399997e-05,8.054161e-06,1.4795828e-05,1.5995829e-05,1.4137499e-05,1.4249992e-05,1.0474992e-05,1.5824993e-05,1.4116661e-05,1.5320826e-05,1.7158325e-05,1.2429166e-05,1.6716664e-05,1.8399993e-05
2,199,86.207,0.01,1.6312495e-05,1.4183331e-05,1.5637494e-05,8.133332e-06,1.4937496e-05,1.6187492e-05,1.4258329e-05,1.4383332e-05,1.0499994e-05,1.594166e-05,1.427083e-05,1.5433327e-05,1.7441662e-05,1.2583328e-05,1.6808328e-05,1.8541661e-05
2,200,86.35,0.0,1.6224996e-05,1.4299997e-05,1.5683334e-05,8.162498e-06,1.5037497e-05,1.6270827e-05,1.4354166e-05,1.4474996e-05,1.0587493e-05,1.6083328e-05,1.4366667e-05,1.5391659e-05,1.7654165e-05,1.2641661e-05,1.6870832e-05,1.860416e-05
,,,,,,,,,,,,,,,,,,,,2,0.58,0.57,0.5,0.51,0.5,0.5,0.57,0.51,0.96,0.59,0.56,0.55,0.65,0.6,0.6,0.7,0.65,0.6,0.58,0.59,0.58,0.59,0.63,0.6,0.69,0.64,0.66,0.62,0.72,0.6,0.65,0.75
3,0,86.59,0.0,1.639583e-05,1.4324999e-05,1.5774996e-05,8.141661e-06,1.5037497e-05,1.6345826e-05,1.4433328e-05,1.4445829e-05,1.0658327e-05,1.6170827e-05,1.4387496e-05,1.5466667e-05,1.741666e-05,1.2712495e-05,1.6816664e-05,1.8674993e-05
3,1,86.733,0.01,1.6374994e-05,1.4304161e-05,1.5637494e-05,8.133332e-06,1.502916e-05,1.6487495e-05,1.4425e-05,1.4333327e-05,1.0687494e-05,1.6029158e-05,1.4304161e-05,1.5395832e-05,1.7370829e-05,1.2595829e-05,1.6862496e-05,1.8587494e-05
3,2,86.876,0.02,1.622916e-05,1.4158329e-05,1.5449992e-05,8.091664e-06,1.4845832e-05,1.6187492e-05,1.4449994e-05,1.4283331e-05,1.0645826e-05,1.5991664e-05,1.4191659e-05,1.5170828e-05,1.7254162e-05,1.2562497e-05,1.6720827e-05,1.8412495e-05
3,3,87.019,0.03,1.6133332e-05,1.4124998e-05,1.5374993e-05,7.974998e-06,1.4729166e-05,1.6020831e-05,1.4258329e-05,1.4120833e-05,1.075e-05,1.575416e-05,1.4012496e-05,1.5070827e-05,1.7154161e-05,1.2554161e-05,1.6604161e-05,1.8399993e-05
3,4,87.162,0.04,1.5812493e-05,1.401666e-05,1.5179166e-05,7.891663e-06,1.4579161e-05,1.5870826e-05,1.399583e-05,1.4045827e-05,1.075e-05,1.5637494e-05,1.3899994e-05,1.5012495e-05,1.7016666e-05,1.2483327e-05,1.6516662e-05,1.8262497e-05
3,5,87.305,0.05,1.5854161e-05,1.3966664e-05,1.5045825e-05,7.762495e-06,1.4420827e-05,1.5683334e-05,1.3912495e-05,1.3766662e-05,1.0720825e-05,1.5583333e-05,1.3837496e-05,1.4854161e-05,1.6895827e-05,1.2441659e-05,1.638333e-05,1.8212493e-05
3,6,87.448,0.06,1.5533327e-05,1.3870827e-05,1.4812494e-05,7.633328e-06,1.4266666e-05,1.5599999e-05,1.3795829e-05,1.3566661e-05,1.0841663e-05,1.5449992e-05,1.3733332e-05,1.4704164e-05,1.6837494e-05,1.2341667e-05,1.62625e-05,1.8070832e-05
3,7,87.591,0.07,1.545833e-05,1.3683327e-05,1.4683326e-05,7.537492e-06,1.4137499e-05,1.5416663e-05,1.3699992e-05,1.3408328e-05,1.0779167e-05,1.5312497e-05,1.3558332e-05,1.4562495e-05,1.6733329e-05,1.234583e-05,1.6183329e-05,1.7958331e-05
3,8,87.734,0.08,1.5316662e-05,1.3587499e-05,1.4537493e-05,7.47083e-06,1.3962499e-05,1.5299996e-05,1.3520829e-05,1.3287497e-05,1.0808333e-05,1.5179166e-05,1.3420829e-05,1.4437493e-05,1.6604161e-05,1.224583e-05,1.59875e-05,1.785833e-05
3,9,87.877,0.09,1.5212496e-05,1.3491663e-05,1.4312498e-05,7.366665e-06,1.3799993e-05,1.5058326e-05,1.3416664e-05,1.3162494e-05,1.0654163e-05,1.5129161e-05,1.3333329e-05,1.4262493e-05,1.6391659e-05,1.217916e-05,1.5891663e-05,1.7716662e-05
3,10,88.02,0.1,1.5087493e-05,1.336666e-05,1.4166665e-05,7.141662e-06,1.3574998e-05,1.4920831e-05,1.3291661e-05,1.2895831e-05,1.0654163e-05,1.5049998e-05,1.3216662e-05,1.4216662e-05,1.6320833e-05,1.2108326e-05,1.5679161e-05,1.7545828e-05
3,11,88.163,0.11,1.4929159e-05,1.3262495e-05,1.3949998e-05,7.104159e-06,1.3412499e-05,1.4720829e-05,1.3095831e-05,1.2766664e-05,1.0645826e-05,1.4937496e-05,1.3012496e-05,1.4062492e-05,1.6141661e-05,1.2070831e-05,1.5624992e-05,1.7458327e-05
3,12,88.307,0.12,1.4695827e-05,1.3137499e-05,1.3704165e-05,7.020831e-06,1.3237493e-05,1.4537493e-05,1.3037499e-05,1.252083e-05,1.0599994e-05,1.4687498e-05,1.3062493e-05,1.3879164e-05,1.6016666e-05,1.2083332e-05,1.5374993e-05,1.7412496e-05
3,13,88.45,0.13,1.4508327e-05,1.2999995e-05,1.3462496e-05,6.841659e-06,1.2966665e-05,1.4312498e-05,1.2837498e-05,1.2291662e-05,1.0654163e-05,1.4412499e-05,1.2724996e-05,1.3612493e-05,1.5883326e-05,1.1899996e-05,1.5208332e-05,1.7191664e-05
3,14,88.593,0.14,1.4324999e-05,1.2816659e-05,1.3249994e-05,6.729166e-06,1.2695829e-05,1.4074993e-05,1.2670827e-05,1.2145829e-05,1.0574992e-05,1.4279159e-05,1.2441659e-05,1.36e-05,1.5708327e-05,1.1862493e-05,1.5091666e-05,1.7045832e-05
3,15,88.736,0.15,1.4141663e-05,1.2674999e-05,1.2979166e-05,6.570832e-06,1.2554161e-05,1.3870827e-05,1.2537495e-05,1.1879166e-05,1.0595831e-05,1.4091666e-05,1.2341667e-05,1.3299998e-05,1.5533327e-05,1.1841663e-05,1.4916666e-05,1.69e-05
3,16,88.879,0.16,1.4020832e-05,1.2574998e-05,1.2820832e-05,6.445829e-06,1.2304163e-05,1.3679162e-05,1.2362496e-05,1.171666e-05,1.0545826e-05,1.3958327e-05,1.217916e-05,1.3070829e-05,1.5537493e-05,1.1829162e-05,1.475416e-05,1.6695833e-05
3,17,89.022,0.17,1.3849997e-05,1.2329165e-05,1.2483327e-05,6.29166e-06,1.2095833e-05,1.3399998e-05,1.2195826e-05,1.1524995e-05,1.0574992e-05,1.3749996e-05,1.2029163e-05,1.2937498e-05,1.5154163e-05,1.1737498e-05,1.4570832e-05,1.6579159e-05
3,18,89.165,0.18,1.3645832e-05,1.2158331e-05,1.2254159e-05,6.233327e-06,1.1866665e-05,1.3233328e-05,1.2020826e-05,1.1187498e-05,1.0516659e-05,1.3549996e-05,1.1837498e-05,1.2749998e-05,1.5087493e-05,1.1658327e-05,1.4499999e-05,1.6466665e-05
3,19,89.308,0.19,1.3420829e-05,1.2024999e-05,1.2108326e-05,6.120833e-06,1.1654162e-05,1.2879165e-05,1.1824997e-05,1.1033329e-05,1.049583e-05,1.3374996e-05,1.1637497e-05,1.2566662e-05,1.4854161e-05,1.1645826e-05,1.4287496e-05,1.622916e-05
3,20,89.451,0.2,1.3249994e-05,1.188333e-05,1.1708331e-05,5.866663e-06,1.1404165e-05,1.2683328e-05,1.1645826e-05,1.0762493e-05,1.0499994e-05,1.3199997e-05,1.1470826e-05,1.2362496e-05,1.4637494e-05,1.1404165e-05,1.4241664e-05,1.6020831e-05
3,21,89.594,0.21,1.3066665e-05,1.1712496e-05,1.1424994e-05,5.833332e-06,1.1295827e-05,1.2462497e-05,1.1495828e-05,1.0479164e-05,1.0383328e-05,1.3049992e-05,1.1258332e-05,1.2170832e-05,1.45125e-05,1.1337494e-05,1.3874999e-05,1.594166e-05
3,22,89.737,0.22,1.2854163e-05,1.1541661e-05,1.1208328e-05,5.754161e-06,1.0904161e-05,1.2174995e-05,1.1362497e-05,1.024166e-05,1.0341661e-05,1.2758326e-05,1.1062495e-05,1.1908332e-05,1.4324999e-05,1.1254159e-05,1.3641659e-05,1.5808328e-05
3,23,89.88,0.23,1.2620831e-05,1.1404165e-05,1.0899997e-05,5.412499e-06,1.0779167e-05,1.1995832e-05,1.106666e-05,1.0024993e-05,1.0391665e-05,1.2595829e-05,1.0883331e-05,1.1754163e-05,1.410416e-05,1.1174997e-05,1.362083e-05,1.5508325e-05
3,24,90.023,0.24,1.2424994e-05,1.1212492e-05,1.0662492e-05,5.249993e-06,1.0374999e-05,1.1712496e-05,1.0945829e-05,9.79166e-06,1.0312494e-05,1.2383326e-05,1.0758328e-05,1.1549997e-05,1.3904166e-05,1.1116664e-05,1.3212498e-05,1.5324998e-05
3,25,90.166,0.25,1.2166659e-05,1.1024999e-05,1.0345832e-05,5.141664e-06,1.006666e-05,1.1437495e-05,1.0837499e-05,9.50416e-06,1.0270826e-05,1.2199998e-05,1.0524996e-05,1.1283326e-05,1.3712493e-05,1.0991661e-05,1.3029162e-05,1.5108331e-05
3,26,90.309,0.26,1.200416e-05,1.0899997e-05,1.0062496e-05,5.008332e-06,9.870831e-06,1.1004162e-05,1.0483329e-05,9.291664e-06,1.0249996e-05,1.1929163e-05,1.022083e-05,1.1037493e-05,1.3508327e-05,1.095833e-05,1.2799994e-05,1.4941661e-05
3,27,90.452,0.27,1.1704159e-05,1.0679166e-05,9.79166e-06,4.824996e-06,9.579166e-06,1.070416e-05,1.0379164e-05,9.004164e-06,1.0199992e-05,1.1737498e-05,1.0041666e-05,1.0820826e-05,1.3308327e-05,1.080416e-05,1.2599993e-05,1.4774998e-05
3,28,90.595,0.28,1.1549997e-05,1.0424996e-05,9.537498e-06,4.699993e-06,9.324996e-06,1.0474992e-05,1.0195828e-05,8.741665e-06,1.0166661e-05,1.1579164e-05,9.866659e-06,1.0562499e-05,1.309166e-05,1.0724997e-05,1.234583e-05,1.4591662e-05
3,29,90.738,0.29,1.1295827e-05,1.0216665e-05,9.391665e-06,4.537495e-06,9.074998e-06,1.0149995e-05,9.854166e-06,8.604161e-06,1.013333e-05,1.1241658e-05,9.587495e-06,1.0345832e-05,1.2870828e-05,1.0733326e-05,1.2066666e-05,1.4341665e-05
3,30,90.881,0.3,1.0974995e-05,1.0074997e-05,8.941666e-06,4.420829e-06,8.766659e-06,9.912499e-06,9.624998e-06,8.233333e-06,1.0179162e-05,1.1091662e-05,9.366663e-06,1.0116664e-05,1.2662498e-05,1.0549998e-05,1.1912497e-05,1.4129162e-05
3,31,91.024,0.31,1.0829162e-05,9.812498e-06,8.637492e-06,4.216663e-06,8.533327e-06,9.579166e-06,9.408331e-06,7.883326e-06,1.0245832e-05,1.0849993e-05,9.129159e-06,9.883332e-06,1.2383326e-05,1.0470828e-05,1.1566663e-05,1.3941662e-05
3,32,91.167,0.32,1.0537497e-05,9.649992e-06,8.29583e-06,4.129163e-06,8.262499e-06,9.295829e-06,9.183327e-06,7.633328e-06,1.0199992e-05,1.058333e-05,8.93333e-06,9.591659e-06,1.2233329e-05,1.0333331e-05,1.1362497e-05,1.3804166e-05
3,33,91.31,0.33,1.0283327e-05,9.387493e-06,8.095829e-06,3.958329e-06,7.954161e-06,9.037494e-06,8.962496e-06,7.412497e-06,1.0087498e-05,1.032083e-05,8.695833e-06,9.39583e-06,1.1966666e-05,1.0224994e-05,1.1091662e-05,1.355416e-05
3,34,91.453,0.34,9.983333e-06,9.149996e-06,7.85416e-06,3.820833e-06,7.716663e-06,8.745829e-06,8.708326e-06,7.124996e-06,9.912499e-06,1.015416e-05,8.470829e-06,9.066661e-06,1.1704159e-05,1.0095827e-05,1.0845828e-05,1.3333329e-05
3,35,91.596,0.35,9.729163e-06,8.96666e-06,7.566658e-06,3.733325e-06,7.562494e-06,8.470829e-06,8.458328e-06,6.937496e-06,9.854166e-06,9.783332e-06,8.341662e-06,8.874997e-06,1.1412493e-05,1.0091662e-05,1.0591666e-05,1.3129163e-05
3,36,91.739,0.36,9.533326e-06,8.729164e-06,7.28333e-06,3.599993e-06,7.208331e-06,8.158326e-06,8.204166e-06,6.683326e-06,9.833328e-06,9.449998e-06,7.974998e-06,8.616662e-06,1.1158331e-05,9.954158e-06,1.0270826e-05,1.2858327e-05
3,37,91.883,0.37,9.154161e-06,8.470829e-06,7.02916e-06,3.399992e-06,6.974999e-06,7.879162e-06,7.962497e-06,6.454166e-06,9.774994e-06,9.249997e-06,7.891663e-06,8.274992e-06,1.0937492e-05,9.874995e-06,1.0008327e-05,1.2654162e-05
3,38,92.026,0.38,8.887498e-06,8.266664e-06,6.837495e-06,3.274997e-06,6.804164e-06,7.624992e-06,7.770833e-06,6.20416e-06,9.704161e-06,9.02083e-06,7.487496e-06,8.04166e-06,1.0595831e-05,9.774994e-06,9.804161e-06,1.2324993e-05
3,39,92.169,0.39,8.608326e-06,8.045832e-06,6.624993e-06,3.191662e-06,6.470831e-06,7.383331e-06,7.466666e-06,5.974992e-06,9.67083e-06,8.749994e-06,7.270829e-06,7.770833e-06,1.058333e-05,9.666665e-06,9.529162e-06,1.2029163e-05
3,40,92.312,0.4,8.337498e-06,7.849995e-06,6.374995e-06,3.054166e-06,6.287495e-06,7.179165e-06,7.229161e-06,5.795829e-06,9.599996e-06,8.516661e-06,7.00833e-06,7.55833e-06,1.0208329e-05,9.587495e-06,9.170826e-06,1.1858328e-05
3,41,92.455,0.41,8.070827e-06,7.449993e-06,6.262493e-06,2.974995e-06,6.087494e-06,6.879163e-06,7.004166e-06,5.558332e-06,9.579166e-06,8.245825e-06,6.791663e-06,7.233326e-06,9.949994e-06,9.566665e-06,8.879161e-06,1.1558326e-05
3,42,92.598,0.42,7.795827e-06,7.291659e-06,5.966663e-06,2.862493e-06,5.904166e-06,6.679161e-06,6.720829e-06,5.37916e-06,9.512496e-06,7.991664e-06,6.595826e-06,7.024995e-06,9.529162e-06,9.499995e-06,8.595832e-06,1.1304164e-05
3,43,92.741,0.43,7.524999e-06,7.054162e-06,5.799993e-06,2.737498e-06,5.762497e-06,6.474996e-06,6.470831e-06,5.133327e-06,9.458327e-06,7.699999e-06,6.354165e-06,6.795828e-06,9.287493e-06,9.374992e-06,8.354164e-06,1.1079161e-05
3,44,92.884,0.44,7.245827e-06,6.737494e-06,5.629166e-06,2.662492e-06,5.570825e-06,6.266665e-06,6.287495e-06,4.999995e-06,9.491666e-06,7.412497e-06,6.129162e-06,6.591662e-06,8.987498e-06,9.095827e-06,7.954161e-06,1.0762493e-05
3,45,93.027,0.45,7.024995e-06,6.579161e-06,5.658333e-06,2.670829e-06,5.491662e-06,6.104159e-06,6.020832e-06,4.862499e-06,9.349998e-06,7.170828e-06,5.933332e-06,6.366666e-06,8.737493e-06,9.02083e-06,7.758331e-06,1.0474992e-05
3,46,93.17,0.46,6.729166e-06,6.366666e-06,5.383333e-06,2.558327e-06,5.429165e-06,5.945826e-06,5.829159e-06,4.779164e-06,9.354162e-06,6.92083e-06,5.72083e-06,6.116661e-06,8.45e-06,8.916664e-06,7.449993e-06,1.032916e-05
3,47,93.313,0.47,6.504162e-06,6.158328e-06,5.349994e-06,2.61666e-06,5.312499e-06,5.879164e-06,5.599999e-06,4.649997e-06,9.287493e-06,6.683326e-06,5.529165e-06,5.941661e-06,8.174999e-06,8.883325e-06,7.087493e-06,9.87916e-06
3,48,93.456,0.48,6.266665e-06,5.949998e-06,5.320827e-06,2.416658e-06,5.216662e-06,5.716666e-06,5.391661e-06,4.549996e-06,9.179163e-06,6.454166e-06,5.316663e-06,5.816658e-06,7.958332e-06,8.795826e-06,6.833331e-06,9.795833e-06
3,49,93.599,0.49,6.01666e-06,5.791664e-06,5.274995e-06,2.358325e-06,5.112497e-06,5.84166e-06,5.241664e-06,4.479162e-06,9.158325e-06,6.216661e-06,5.179159e-06,5.604164e-06,7.699999e-06,8.699997e-06,6.524992e-06,9.295829e-06
3,50,93.742,0.5,5.879164e-06,5.608328e-06,5.254165e-06,2.349997e-06,5.108333e-06,5.583326e-06,5.079166e-06,4.441659e-06,9.137495e-06,5.987493e-06,5.029162e-06,5.499999e-06,7.466666e-06,8.633328e-06,6.304161e-06,8.962496e-06
3,51,93.885,0.51,5.641659e-06,5.424992e-06,5.283332e-06,2.354161e-06,5.133327e-06,5.55416e-06,4.929161e-06,4.399999e-06,9.041659e-06,5.799993e-06,4.962492e-06,5.324991e-06,7.241662e-06,8.516661e-06,6.079165e-06,8.716663e-06
3,52,94.028,0.52,5.433329e-06,5.35833e-06,5.35833e-06,2.312493e-06,5.204161e-06,5.645832e-06,4.870828e-06,4.449995e-06,9.016665e-06,5.566661e-06,4.808331e-06,5.216662e-06,6.974999e-06,8.479166e-06,5.795829e-06,8.437499e-06
3,53,94.171,0.53,5.212498e-06,5.25833e-06,5.429165e-06,2.333331e-06,5.291661e-06,5.662497e-06,4.683327e-06,4.583327e-06,8.949995e-06,5.391661e-06,4.704165e-06,5.10416e-06,6.762496e-06,8.437499e-06,5.595827e-06,8.149997e-06
3,54,94.314,0.54,5.10416e-06,5.020825e-06,5.53333e-06,2.412494e-06,5.399998e-06,5.762497e-06,4.591664e-06,4.53333e-06,8.916664e-06,5.241664e-06,4.64166e-06,5.145828e-06,6.508326e-06,8.31666e-06,5.412499e-06,7.858332e-06
3,55,94.457,0.55,4.933325e-06,4.970829e-06,5.724994e-06,2.445825e-06,5.55416e-06,5.870827e-06,4.558333e-06,4.616666e-06,8.970833e-06,5.108333e-06,4.629159e-06,5.112497e-06,6.424999e-06,8.312496e-06,5.216662e-06,7.608326e-06
3,56,94.6,0.56,4.858327e-06,4.933325e-06,5.854161e-06,2.491665e-06,5.699992e-06,6.037497e-06,4.579163e-06,4.70833e-06,8.808327e-06,5.083331e-06,4.637496e-06,5.083331e-06,6.216661e-06,8.254163e-06,5.174994e-06,7.291659e-06
3,57,94.743,0.57,4.845826e-06,4.89583e-06,6.108331e-06,2.579164e-06,5.895829e-06,6.195831e-06,4.608329e-06,4.874993e-06,8.691661e-06,4.949999e-06,4.633331e-06,5.10416e-06,6.004159e-06,8.224996e-06,5.004159e-06,7.049998e-06
3,58,94.886,0.58,4.779164e-06,4.945827e-06,6.245828e-06,2.670829e-06,6.070828e-06,6.379159e-06,4.637496e-06,5.041663e-06,8.599996e-06,4.945827e-06,4.645832e-06,5.158329e-06,5.916659e-06,8.174999e-06,4.862499e-06,6.774998e-06
3,59,95.029,0.59,4.762499e-06,4.958328e-06,6.549994e-06,2.720825e-06,6.320826e-06,6.591662e-06,4.679163e-06,5.295825e-06,8.50416e-06,4.899995e-06,4.683327e-06,5.229163e-06,5.791664e-06,8.262499e-06,4.791665e-06,6.570832e-06
3,60,95.172,0.6,4.741661e-06,5.020825e-06,6.716665e-06,2.89166e-06,6.562495e-06,6.783327e-06,4.762499e-06,5.44583e-06,8.524998e-06,4.791665e-06,4.716659e-06,5.299997e-06,5.699992e-06,8.233333e-06,4.845826e-06,6.354165e-06
3,61,95.316,0.61,4.720831e-06,5.033326e-06,6.945832e-06,2.970831e-06,6.799992e-06,7.00833e-06,4.887494e-06,5.674998e-06,8.495832e-06,4.824996e-06,4.837497e-06,5.433329e-06,5.612493e-06,8.204166e-06,4.79583e-06,6.083329e-06
3,62,95.459,0.62,4.783328e-06,5.183331e-06,7.249999e-06,3.112499e-06,7.016659e-06,7.224997e-06,4.920832e-06,5.912495e-06,8.445827e-06,4.845826e-06,4.862499e-06,5.504163e-06,5.566661e-06,8.262499e-06,4.849998e-06,5.924996e-06
3,63,95.602,0.63,4.908331e-06,5.283332e-06,7.524999e-06,3.270833e-06,7.30416e-06,7.529163e-06,5.158329e-06,6.158328e-06,8.374993e-06,4.962492e-06,5.020825e-06,5.658333e-06,5.524993e-06,8.266664e-06,4.962492e-06,5.699992e-06
3,64,95.745,0.64,4.995831e-06,5.391661e-06,7.749994e-06,3.349996e-06,7.520827e-06,7.74583e-06,5.254165e-06,6.408326e-06,8.329161e-06,5.062493e-06,5.141664e-06,5.795829e-06,5.391661e-06,8.31666e-06,4.991658e-06,5.574997e-06
3,65,95.888,0.65,5.091659e-06,5.495826e-06,8.04166e-06,3.545833e-06,7.724992e-06,7.991664e-06,5.404162e-06,6.66666e-06,8.324997e-06,5.174994e-06,5.329164e-06,5.933332e-06,5.420828e-06,8.341662e-06,5.112497e-06,5.474997e-06
3,66,96.031,0.66,5.237492e-06,5.683327e-06,8.408332e-06,3.666663e-06,8.04166e-06,8.287493e-06,5.645832e-06,6.883327e-06,8.254163e-06,5.362495e-06,5.495826e-06,6.179166e-06,5.324991e-06,8.441662e-06,5.299997e-06,5.404162e-06
3,67,96.174,0.67,5.420828e-06,5.837496e-06,8.666659e-06,3.799995e-06,8.266664e-06,8.499996e-06,5.874999e-06,7.166664e-06,8.212495e-06,5.479161e-06,5.679162e-06,6.262493e-06,5.483325e-06,8.437499e-06,5.420828e-06,5.312499e-06
3,68,96.317,0.68,5.608328e-06,6.062492e-06,8.820828e-06,4.029163e-06,8.50416e-06,8.716663e-06,5.987493e-06,7.462494e-06,8.124995e-06,5.72083e-06,5.845833e-06,6.54583e-06,5.320827e-06,8.495832e-06,5.699992e-06,5.195832e-06
3,69,96.46,0.69,5.862498e-06,6.224998e-06,9.083326e-06,4.083332e-06,8.704162e-06,8.908328e-06,6.274994e-06,7.67916e-06,8.095829e-06,5.866663e-06,6.066664e-06,6.745831e-06,5.287496e-06,8.574994e-06,5.812494e-06,5.204161e-06
3,70,96.603,0.7,6.058327e-06,6.499998e-06,9.354162e-06,4.24583e-06,9.05416e-06,9.12083e-06,6.495825e-06,7.895827e-06,8.066662e-06,6.158328e-06,6.274994e-06,6.966663e-06,5.383333e-06,8.733328e-06,6.149999e-06,5.179159e-06
3,71,96.746,0.71,6.329163e-06,6.762496e-06,9.637499e-06,4.324992e-06,9.237496e-06,9.404159e-06,6.66666e-06,8.191665e-06,7.979163e-06,6.299997e-06,6.524992e-06,7.145826e-06,5.37916e-06,8.716663e-06,6.254164e-06,5.241664e-06
3,72,96.889,0.72,6.591662e-06,6.937496e-06,9.899998e-06,4.420829e-06,9.441662e-06,9.58333e-06,6.94166e-06,8.399995e-06,8.008329e-06,6.524992e-06,6.679161e-06,7.387495e-06,5.399998e-06,8.754166e-06,6.441664e-06,5.158329e-06
3,73,97.032,0.73,6.816666e-06,7.154163e-06,1.0141659e-05,4.637496e-06,9.645828e-06,9.85833e-06,7.141662e-06,8.649993e-06,7.924994e-06,6.841659e-06,6.945832e-06,7.595825e-06,5.449994e-06,8.954159e-06,6.779162e-06,5.199997e-06
3,74,97.175,0.74,7.104159e-06,7.424998e-06,1.0412495e-05,4.762499e-06,9.75833e-06,1.0120829e-05,7.437499e-06,8.841665e-06,7.924994e-06,6.991665e-06,7.11666e-06,7.812492e-06,5.516664e-06,8.974997e-06,7.049998e-06,5.245829e-06
3,75,97.318,0.75,7.395832e-06,7.633328e-06,1.0629161e-05,4.924997e-06,9.954158e-06,1.0145831e-05,7.616663e-06,9.099992e-06,7.870825e-06,7.358328e-06,7.441664e-06,8.033331e-06,5.608328e-06,9.045832e-06,7.308332e-06,5.399998e-06
3,76,97.461,0.76,7.629164e-06,7.895827e-06,1.0883331e-05,5.041663e-06,1.0137494e-05,1.0337496e-05,7.908328e-06,9.30833e-06,7.837494e-06,7.520827e-06,7.562494e-06,8.237497e-06,5.754161e-06,9.162498e-06,7.55833e-06,5.566661e-06
3,77,97.604,0.77,7.883326e-06,8.12916e-06,1.1095826e-05,5.174994e-06,1.0374999e-05,1.0541661e-05,8.029159e-06,9.60416e-06,7.816664e-06,7.787497e-06,7.858332e-06,8.462493e-06,5.891665e-06,9.22083e-06,7.841659e-06,5.695828e-06
3,78,97.747,0.78,8.174999e-06,8.279165e-06,1.1379162e-05,5.287496e-06,1.0537497e-05,1.0712496e-05,8.245825e-06,9.762493e-06,7.816664e-06,8.091664e-06,8.045832e-06,8.624998e-06,5.970828e-06,9.354162e-06,8.066662e-06,5.879164e-06
3,79,97.89,0.79,8.445827e-06,8.508333e-06,1.1541661e-05,5.44583e-06,1.070416e-05,1.0879159e-05,8.474994e-06,1.004583e-05,7.891663e-06,8.29583e-06,8.274992e-06,8.774996e-06,6.108331e-06,9.370828e-06,8.324997e-06,6.012495e-06
3,80,98.033,0.8,8.699997e-06,8.699997e-06,1.1754163e-05,5.537494e-06,1.0858329e-05,1.1112499e-05,8.699997e-06,1.0195828e-05,7.783326e-06,8.583331e-06,8.554164e-06,9.008329e-06,6.341664e-06,9.508331e-06,8.670831e-06,6.254164e-06
3,81,98.176,0.81,8.912491e-06,8.924992e-06,1.1999997e-05,5.708329e-06,1.1033329e-05,1.1187498e-05,8.949995e-06,1.0433332e-05,7.691661e-06,8.754166e-06,8.674995e-06,9.22083e-06,6.520828e-06,9.558328e-06,8.86666e-06,6.470831e-06
3,82,98.319,0.82,9.14166e-06,9.087499e-06,1.2262495e-05,5.820831e-06,1.1149995e-05,1.1399992e-05,9.14166e-06,1.058333e-05,7.649994e-06,9.183327e-06,8.958332e-06,9.341661e-06,6.704164e-06,9.620825e-06,9.099992e-06,6.654159e-06
3,83,98.462,0.83,9.420832e-06,9.266662e-06,1.2470826e-05,5.945826e-06,1.1404165e-05,1.1533331e-05,9.362499e-06,1.0833327e-05,7.737493e-06,9.304166e-06,9.137495e-06,9.554164e-06,6.833331e-06,9.7375e-06,9.362499e-06,6.891664e-06
3,84,98.605,0.84,9.616661e-06,9.412495e-06,1.272916e-05,6.120833e-06,1.1508329e-05,1.1674992e-05,9.554164e-06,1.1054166e-05,7.604162e-06,9.458327e-06,9.341661e-06,9.724999e-06,7.054162e-06,9.783332e-06,9.541663e-06,7.124996e-06
3,85,98.748,0.85,9.874995e-06,9.649992e-06,1.28625e-05,6.262493e-06,1.1637497e-05,1.1870829e-05,9.695832e-06,1.1245831e-05,7.57916e-06,9.687496e-06,9.574994e-06,9.912499e-06,7.270829e-06,9.899998e-06,9.849993e-06,7.366665e-06
3,86,98.892,0.86,1.0104163e-05,9.795833e-06,1.3104161e-05,6.295832e-06,1.1745827e-05,1.2008325e-05,9.912499e-06,1.1483327e-05,7.574995e-06,9.849993e-06,9.804161e-06,1.0049995e-05,7.545829e-06,9.983333e-06,9.983333e-06,7.537492e-06
3,87,99.035,0.87,1.0308329e-05,9.941666e-06,1.3229163e-05,6.462495e-06,1.1858328e-05,1.2158331e-05,1.0095827e-05,1.1683329e-05,7.545829e-06,1.0116664e-05,9.891661e-06,1.0258333e-05,7.754159e-06,9.999999e-06,1.0266662e-05,7.787497e-06
3,88,99.178,0.88,1.0537497e-05,1.0116664e-05,1.3520829e-05,6.612492e-06,1.205833e-05,1.2358331e-05,1.0279163e-05,1.188333e-05,7.554166e-06,1.0316666e-05,1.0233331e-05,1.0333331e-05,8.029159e-06,1.0120829e-05,1.0466663e-05,8.112494e-06
3,89,99.321,0.89,1.0766666e-05,1.0212493e-05,1.3770827e-05,6.724993e-06,1.2083332e-05,1.2412493e-05,1.0462499e-05,1.209166e-05,7.533328e-06,1.052916e-05,1.032083e-05,1.0479164e-05,8.304159e-06,1.0216665e-05,1.0658327e-05,8.274992e-06
3,90,99.464,0.9,1.1012498e-05,1.0391665e-05,1.4079165e-05,6.8875e-06,1.2279161e-05,1.2537495e-05,1.0679166e-05,1.2349995e-05,7.508326e-06,1.070416e-05,1.0462499e-05,1.0574992e-05,8.495832e-06,1.0470828e-05,1.0916662e-05,8.59166e-06
3,91,99.607,0.91,1.1204163e-05,1.0491665e-05,1.4254165e-05,6.987492e-06,1.2358331e-05,1.2624995e-05,1.0812497e-05,1.2387498e-05,7.545829e-06,1.0866665e-05,1.0691659e-05,1.0770829e-05,8.624998e-06,1.0399994e-05,1.1149995e-05,8.812499e-06
3,92,99.75,0.92,1.1454161e-05,1.0599994e-05,1.4454166e-05,7.174993e-06,1.2487499e-05,1.2833333e-05,1.1012498e-05,1.2595829e-05,7.499997e-06,1.114583e-05,1.0829162e-05,1.0995833e-05,8.854158e-06,1.0387492e-05,1.1404165e-05,9.066661e-06
3,93,99.893,0.93,1.1699995e-05,1.0741663e-05,1.4658332e-05,7.445828e-06,1.2645833e-05,1.2954163e-05,1.1124992e-05,1.2866664e-05,7.537492e-06,1.132083e-05,1.1016663e-05,1.1116664e-05,9.079162e-06,1.0412495e-05,1.1616659e-05,9.295829e-06
3,94,100.036,0.94,1.1929163e-05,1.0920827e-05,1.4716665e-05,7.474995e-06,1.279583e-05,1.3070829e-05,1.1283326e-05,1.3058328e-05,7.524999e-06,1.1454161e-05,1.1208328e-05,1.1249996e-05,9.275e-06,1.0570828e-05,1.178333e-05,9.579166e-06
3,95,100.179,0.95,1.2133328e-05,1.1120828e-05,1.502916e-05,7.633328e-06,1.2962492e-05,1.3274996e-05,1.1487492e-05,1.3233328e-05,7.520827e-06,1.1704159e-05,1.1379162e-05,1.1479163e-05,9.562493e-06,1.0591666e-05,1.2029163e-05,9.874995e-06
3,96,100.322,0.96,1.2349995e-05,1.1187498e-05,1.5187494e-05,7.608326e-06,1.2991659e-05,1.3408328e-05,1.1737498e-05,1.3458332e-05,7.533328e-06,1.1899996e-05,1.1554162e-05,1.1579164e-05,9.766666e-06,1.0666665e-05,1.2129164e-05,9.987497e-06
3,97,100.465,0.97,1.2633332e-05,1.1366661e-05,1.5412497e-05,7.820829e-06,1.3195832e-05,1.3679162e-05,1.1833326e-05,1.3716666e-05,7.504161e-06,1.2166659e-05,1.1745827e-05,1.1749999e-05,1.0004163e-05,1.0729162e-05,1.2387498e-05,1.0274998e-05
3,98,100.608,0.98,1.282916e-05,1.1562498e-05,1.5599999e-05,7.94166e-06,1.3174995e-05,1.3858326e-05,1.2079159e-05,1.3879164e-05,7.587496e-06,1.2308327e-05,1.1954165e-05,1.1937499e-05,1.0204164e-05,1.080416e-05,1.2524994e-05,1.0433332e-05
3,99,100.751,0.99,1.2987494e-05,1.1737498e-05,1.582083e-05,8.083328e-06,1.3316663e-05,1.3820831e-05,1.2183333e-05,1.410416e-05,7.524999e-06,1.2554161e-05,1.209166e-05,1.2054165e-05,1.0366663e-05,1.0854164e-05,1.2837498e-05,1.0654163e-05
3,100,100.894,1.0,1.3354166e-05,1.1899996e-05,1.6012495e-05,8.216659e-06,1.3379161e-05,1.3933332e-05,1.2420829e-05,1.4262493e-05,7.499997e-06,1.2687492e-05,1.2329165e-05,1.2399999e-05,1.0633325e-05,1.0933328e-05,1.3033326e-05,1.1016663e-05
3,101,101.037,0.99,1.3220827e-05,1.1766664e-05,1.593333e-05,8.183329e-06,1.3337493e-05,1.4116661e-05,1.2204162e-05,1.4245828e-05,7.520827e-06,1.2499992e-05,1.2125e-05,1.2041664e-05,1.0333331e-05,1.0841663e-05,1.2783329e-05,1.0595831e-05
3,102,101.18,0.98,1.2895831e-05,1.1558326e-05,1.5741665e-05,8.037496e-06,1.3249994e-05,1.3795829e-05,1.1987496e-05,1.4095831e-05,7.487496e-06,1.2295826e-05,1.1770829e-05,1.1854164e-05,1.00125e-05,1.0849993e-05,1.2524994e-05,1.0349997e-05
3,103,101.323,0.97,1.2804167e-05,1.1466662e-05,1.5562495e-05,7.891663e-06,1.3124998e-05,1.3587499e-05,1.1849999e-05,1.3904166e-05,7.508326e-06,1.2083332e-05,1.160833e-05,1.1579164e-05,9.787496e-06,1.0679166e-05,1.2295826e-05,9.949994e-06
3,104,101.466,0.96,1.2233329e-05,1.123333e-05,1.5287495e-05,7.737493e-06,1.2924997e-05,1.3470833e-05,1.1516667e-05,1.3483325e-05,7.408333e-06,1.1854164e-05,1.1295827e-05,1.1349996e-05,9.441662e-06,1.0620833e-05,1.197083e-05,9.674995e-06
3,105,101.609,0.95,1.1999997e-05,1.1016663e-05,1.5024996e-05,7.524999e-06,1.2774992e-05,1.3287497e-05,1.1283326e-05,1.3133327e-05,7.37083e-06,1.1591665e-05,1.1062495e-05,1.1124992e-05,9.108328e-06,1.0520832e-05,1.1733326e-05,9.287493e-06
3,106,101.752,0.94,1.1891659e-05,1.0949993e-05,1.4699999e-05,7.408333e-06,1.2558333e-05,1.3087495e-05,1.106666e-05,1.2887494e-05,7.287495e-06,1.1391664e-05,1.0812497e-05,1.0887496e-05,8.86666e-06,1.0479164e-05,1.1491664e-05,8.962496e-06
3,107,101.895,0.93,1.1562498e-05,1.0720825e-05,1.4504162e-05,7.229161e-06,1.2404163e-05,1.2874993e-05,1.0824998e-05,1.2679164e-05,7.229161e-06,1.097916e-05,1.0520832e-05,1.0637498e-05,8.479166e-06,1.0308329e-05,1.1154159e-05,8.691661e-06
3,108,102.038,0.92,1.1295827e-05,1.0587493e-05,1.4108332e-05,7.070827e-06,1.2220828e-05,1.2649997e-05,1.0608332e-05,1.2416665e-05,7.420826e-06,1.0962494e-05,1.0341661e-05,1.0454162e-05,8.212495e-06,1.0174997e-05,1.0854164e-05,8.324997e-06
3,109,102.181,0.91,1.0774994e-05,1.0395829e-05,1.390833e-05,6.883327e-06,1.2024999e-05,1.245416e-05,1.0337496e-05,1.2137492e-05,7.191666e-06,1.0424996e-05,1.0004163e-05,1.0254161e-05,7.966662e-06,1.0179162e-05,1.0549998e-05,8.02083e-06
3,110,102.325,0.9,1.061666e-05,1.0174997e-05,1.3633331e-05,6.695827e-06,1.1849999e-05,1.226666e-05,1.0162496e-05,1.1870829e-05,7.220833e-06,1.0295828e-05,9.87916e-06,1.0074997e-05,7.699999e-06,1.0041666e-05,1.0395829e-05,7.770833e-06
3,111,102.468,0.89,1.0354162e-05,9.970832e-06,1.3358331e-05,6.574996e-06,1.1541661e-05,1.20375e-05,9.820827e-06,1.1570827e-05,7.166664e-06,9.954158e-06,9.479165e-06,9.7375e-06,7.412497e-06,1.0004163e-05,9.987497e-06,7.387495e-06
3,112,102.611,0.88,9.995826e-06,9.820827e-06,1.2966665e-05,6.354165e-06,1.1374998e-05,1.1791666e-05,9.662493e-06,1.1262497e-05,7.149999e-06,9.708333e-06,9.408331e-06,9.549999e-06,7.166664e-06,9.854166e-06,9.729163e-06,7.112495e-06
3,113,102.754,0.87,9.545827e-06,9.599996e-06,1.2679164e-05,6.220826e-06,1.1183325e-05,1.1612495e-05,9.445826e-06,1.1012498e-05,7.108331e-06,9.429161e-06,8.970833e-06,9.249997e-06,6.991665e-06,9.724999e-06,9.466664e-06,6.82083e-06
3,114,102.897,0.86,9.245833e-06,9.32916e-06,1.260833e-05,6.066664e-06,1.1033329e-05,1.1337494e-05,9.183327e-06,1.0779167e-05,7.083328e-06,9.187492e-06,8.733328e-06,9.02083e-06,6.674997e-06,9.649992e-06,9.14166e-06,6.583325e-06
3,115,103.04,0.85,8.891662e-06,9.145832e-06,1.2104161e-05,5.887493e-06,1.0799996e-05,1.1187498e-05,8.899999e-06,1.0416658e-05,7.070827e-06,8.908328e-06,8.499996e-06,8.858331e-06,6.358329e-06,9.620825e-06,8.929165e-06,6.320826e-06
3,116,103.183,0.84,8.629163e-06,8.954159e-06,1.1941664e-05,5.674998e-06,1.0654163e-05,1.0874995e-05,8.608326e-06,1.0145831e-05,7.016659e-06,8.599996e-06,8.141661e-06,8.637492e-06,6.137498e-06,9.537498e-06,8.633328e-06,6.087494e-06
3,117,103.326,0.83,8.345826e-06,8.708326e-06,1.1595829e-05,5.474997e-06,1.0383328e-05,1.0629161e-05,8.399995e-06,9.854166e-06,7.041661e-06,8.308331e-06,7.93333e-06,8.354164e-06,5.99583e-06,9.404159e-06,8.333325e-06,5.812494e-06
3,118,103.469,0.82,8.024995e-06,8.5375e-06,1.123333e-05,5.366659e-06,1.0141659e-05,1.0395829e-05,8.058326e-06,9.545827e-06,6.979164e-06,8.012494e-06,7.645829e-06,8.10833e-06,5.762497e-06,9.154161e-06,8.058326e-06,5.74166e-06
3,119,103.612,0.81,7.737493e-06,8.354164e-06,1.0833327e-05,5.224999e-06,1.0020828e-05,1.0083326e-05,7.870825e-06,9.275e-06,6.924995e-06,7.762495e-06,7.37083e-06,7.949996e-06,5.63333e-06,9.087499e-06,7.683333e-06,5.474997e-06
3,120,103.755,0.8,7.437499e-06,8.154162e-06,1.0604159e-05,5.037498e-06,9.833328e-06,9.933328e-06,7.629164e-06,8.987498e-06,6.954161e-06,7.508326e-06,7.158327e-06,7.67916e-06,5.508327e-06,8.970833e-06,7.408333e-06,5.291661e-06
3,121,103.898,0.79,7.312497e-06,7.904164e-06,1.0254161e-05,4.783328e-06,9.537498e-06,9.629162e-06,7.374994e-06,8.716663e-06,6.949997e-06,7.199995e-06,6.849996e-06,7.487496e-06,5.366659e-06,8.879161e-06,7.124996e-06,5.154165e-06
3,122,104.041,0.78,7.016659e-06,7.699999e-06,9.966659e-06,4.591664e-06,9.216667e-06,9.458327e-06,7.095829e-06,8.45e-06,6.904165e-06,6.945832e-06,6.570832e-06,7.204159e-06,5.287496e-06,8.799998e-06,6.837495e-06,5.041663e-06
3,123,104.184,0.77,6.674997e-06,7.462494e-06,9.595831e-06,4.441659e-06,8.945831e-06,9.091664e-06,6.837495e-06,8.099993e-06,6.891664e-06,6.616664e-06,6.349993e-06,7.004166e-06,5.183331e-06,8.654165e-06,6.520828e-06,4.962492e-06
3,124,104.327,0.76,6.437492e-06,7.224997e-06,9.287493e-06,4.254158e-06,8.708326e-06,8.791661e-06,6.604163e-06,7.820829e-06,6.904165e-06,6.370831e-06,6.141663e-06,6.766661e-06,5.112497e-06,8.558329e-06,6.283331e-06,4.962492e-06
3,125,104.47,0.75,6.108331e-06,6.916666e-06,8.93333e-06,4.108326e-06,8.424998e-06,8.466665e-06,6.349993e-06,7.474995e-06,6.858325e-06,6.137498e-06,5.833332e-06,6.554159e-06,5.124998e-06,8.445827e-06,6.045826e-06,4.912496e-06
3,126,104.613,0.74,5.687499e-06,6.808329e-06,8.595832e-06,3.920825e-06,8.204166e-06,8.204166e-06,6.104159e-06,7.212496e-06,6.862497e-06,5.920831e-06,5.587498e-06,6.329163e-06,5.099996e-06,8.370828e-06,5.74166e-06,4.954163e-06
3,127,104.756,0.73,5.629166e-06,6.508326e-06,8.224996e-06,3.724996e-06,7.912493e-06,7.895827e-06,5.845833e-06,6.945832e-06,6.833331e-06,5.641659e-06,5.383333e-06,6.104159e-06,5.116661e-06,8.245825e-06,5.529165e-06,4.987494e-06
3,128,104.899,0.72,5.270831e-06,6.341664e-06,7.991664e-06,3.558326e-06,7.641665e-06,7.612498e-06,5.529165e-06,6.541665e-06,6.854161e-06,5.429165e-06,5.216662e-06,5.937497e-06,5.074994e-06,8.133332e-06,5.299997e-06,5.108333e-06
3,129,105.042,0.71,5.020825e-06,6.120833e-06,7.545829e-06,3.345831e-06,7.374994e-06,7.329162e-06,5.345829e-06,6.212497e-06,6.833331e-06,5.212498e-06,5.037498e-06,5.737495e-06,5.158329e-06,8.04166e-06,5.10416e-06,5.183331e-06
3,130,105.185,0.7,4.937498e-06,5.974992e-06,7.30416e-06,3.237494e-06,7.104159e-06,7.079164e-06,5.162493e-06,5.899994e-06,6.787499e-06,5.074994e-06,4.912496e-06,5.562496e-06,5.149992e-06,7.995828e-06,4.999995e-06,5.262494e-06
3,131,105.328,0.69,4.808331e-06,5.762497e-06,6.962498e-06,3.041665e-06,6.766661e-06,6.774998e-06,4.991658e-06,5.649996e-06,6.829158e-06,4.966664e-06,4.741661e-06,5.37916e-06,5.174994e-06,7.93333e-06,4.783328e-06,5.454159e-06
3,132,105.471,0.68,4.720831e-06,5.674998e-06,6.587497e-06,2.899996e-06,6.47916e-06,6.537493e-06,4.845826e-06,5.416663e-06,6.795828e-06,4.741661e-06,4.716659e-06,5.27916e-06,5.249993e-06,7.804163e-06,4.716659e-06,5.608328e-06
3,133,105.614,0.67,4.70833e-06,5.424992e-06,6.341664e-06,2.762492e-06,6.237499e-06,6.220826e-06,4.687492e-06,5.195832e-06,6.829158e-06,4.654161e-06,4.595828e-06,5.179159e-06,5.345829e-06,7.795827e-06,4.683327e-06,5.804165e-06
3,134,105.758,0.66,4.658325e-06,5.416663e-06,6.074993e-06,2.604159e-06,6.008331e-06,5.999994e-06,4.591664e-06,4.949999e-06,6.849996e-06,4.608329e-06,4.566662e-06,5.066665e-06,5.37916e-06,7.774996e-06,4.64166e-06,5.937497e-06
3,135,105.901,0.65,4.72916e-06,5.27916e-06,5.84166e-06,2.52916e-06,5.745832e-06,5.779163e-06,4.495827e-06,4.741661e-06,6.837495e-06,4.566662e-06,4.416665e-06,5.037498e-06,5.46666e-06,7.699999e-06,4.612494e-06,6.129162e-06
3,136,106.044,0.64,4.687492e-06,5.241664e-06,5.549995e-06,2.395828e-06,5.499999e-06,5.579162e-06,4.445831e-06,4.583327e-06,6.899993e-06,4.604165e-06,4.379161e-06,4.883329e-06,5.637495e-06,7.645829e-06,4.654161e-06,6.429163e-06
3,137,106.187,0.63,4.562497e-06,5.154165e-06,5.395826e-06,2.354161e-06,5.299997e-06,5.441666e-06,4.391662e-06,4.466661e-06,6.899993e-06,4.633331e-06,4.379161e-06,4.870828e-06,5.783327e-06,7.649994e-06,4.691664e-06,6.599998e-06
3,138,106.33,0.62,4.787493e-06,5.087495e-06,5.195832e-06,2.316666e-06,5.129163e-06,5.274995e-06,4.408328e-06,4.320828e-06,6.924995e-06,4.70833e-06,4.404164e-06,4.866663e-06,5.874999e-06,7.670832e-06,4.791665e-06,6.924995e-06
3,139,106.473,0.61,4.737497e-06,5.120826e-06,5.112497e-06,2.266661e-06,4.98333e-06,5.187495e-06,4.404164e-06,4.27916e-06,6.933331e-06,4.770827e-06,4.470825e-06,4.887494e-06,6.045826e-06,7.654166e-06,4.929161e-06,7.108331e-06
3,140,106.616,0.6,4.866663e-06,5.158329e-06,5.045827e-06,2.216665e-06,4.887494e-06,5.124998e-06,4.487499e-06,4.237493e-06,6.958326e-06,4.899995e-06,4.545832e-06,4.98333e-06,6.066664e-06,7.691661e-06,5.045827e-06,7.387495e-06
3,141,106.759,0.59,5.020825e-06,5.195832e-06,4.899995e-06,2.241659e-06,4.862499e-06,5.116661e-06,4.583327e-06,4.199997e-06,6.995829e-06,4.966664e-06,4.62083e-06,4.995831e-06,6.304161e-06,7.704162e-06,5.249993e-06,7.691661e-06
3,142,106.902,0.58,5.124998e-06,5.291661e-06,4.870828e-06,2.229158e-06,4.787493e-06,5.079166e-06,4.616666e-06,4.270832e-06,7.020831e-06,5.099996e-06,4.704165e-06,5.074994e-06,6.470831e-06,7.816664e-06,5.337492e-06,7.912493e-06
3,143,107.045,0.57,5.304162e-06,5.37916e-06,4.941662e-06,2.262497e-06,4.837497e-06,5.10416e-06,4.758326e-06,4.24583e-06,7.095829e-06,5.329164e-06,4.854162e-06,5.149992e-06,6.708328e-06,7.67916e-06,5.687499e-06,8.220832e-06
3,144,107.188,0.56,5.487498e-06,5.562496e-06,4.970829e-06,2.25416e-06,4.862499e-06,5.220827e-06,4.854162e-06,4.387498e-06,7.104159e-06,5.487498e-06,4.954163e-06,5.299997e-06,6.916666e-06,7.749994e-06,5.774998e-06,8.479166e-06
3,145,107.331,0.55,5.795829e-06,5.658333e-06,5.091659e-06,2.23333e-06,4.879165e-06,5.283332e-06,5.041663e-06,4.487499e-06,7.133333e-06,5.695828e-06,5.149992e-06,5.454159e-06,7.129161e-06,7.845831e-06,5.970828e-06,8.733328e-06
3,146,107.474,0.54,5.979165e-06,5.791664e-06,5.204161e-06,2.383327e-06,4.970829e-06,5.491662e-06,5.241664e-06,4.629159e-06,7.137497e-06,5.887493e-06,5.316663e-06,5.545831e-06,7.362493e-06,7.883326e-06,6.29166e-06,9.008329e-06
3,147,107.617,0.53,6.312498e-06,5.954162e-06,5.312499e-06,2.483328e-06,5.145828e-06,5.679162e-06,5.416663e-06,4.791665e-06,7.208331e-06,6.099995e-06,5.487498e-06,5.766662e-06,7.587496e-06,7.966662e-06,6.549994e-06,9.266662e-06
3,148,107.76,0.52,6.504162e-06,6.116661e-06,5.487498e-06,2.537497e-06,5.27916e-06,5.770826e-06,5.637495e-06,4.933325e-06,7.245827e-06,6.399997e-06,5.74166e-06,5.954162e-06,7.883326e-06,8.058326e-06,6.866662e-06,9.595831e-06
3,149,107.903,0.51,6.624993e-06,6.324999e-06,5.662497e-06,2.662492e-06,5.416663e-06,5.924996e-06,5.829159e-06,5.129163e-06,7.333326e-06,6.641666e-06,5.887493e-06,6.091658e-06,8.099993e-06,8.137496e-06,7.137497e-06,9.85833e-06
3,150,108.046,0.5,6.870826e-06,6.599998e-06,5.870827e-06,2.741663e-06,5.645832e-06,6.124997e-06,5.974992e-06,5.283332e-06,7.362493e-06,6.866662e-06,6.124997e-06,6.370831e-06,8.429161e-06,8.212495e-06,7.424998e-06,1.0162496e-05
3,151,108.189,0.49,7.070827e-06,6.720829e-06,6.033325e-06,2.845828e-06,5.80833e-06,6.329163e-06,6.170829e-06,5.545831e-06,7.358328e-06,7.087493e-06,6.29166e-06,6.524992e-06,8.645829e-06,8.304159e-06,7.687497e-06,1.0416658e-05
3,152,108.332,0.48,7.449993e-06,6.891664e-06,6.341664e-06,2.954165e-06,6.041662e-06,6.570832e-06,6.370831e-06,5.745832e-06,7.445828e-06,7.308332e-06,6.529164e-06,6.774998e-06,8.86666e-06,8.366665e-06,7.937495e-06,1.0691659e-05
3,153,108.475,0.47,7.599997e-06,7.112495e-06,6.466659e-06,3.095826e-06,6.241663e-06,6.787499e-06,6.599998e-06,5.858326e-06,7.562494e-06,7.604162e-06,6.720829e-06,6.94166e-06,9.195828e-06,8.466665e-06,8.262499e-06,1.0954165e-05
3,154,108.618,0.46,7.829165e-06,7.333326e-06,6.691662e-06,3.237494e-06,6.454166e-06,7.02916e-06,6.816666e-06,6.070828e-06,7.524999e-06,7.799999e-06,6.912494e-06,7.183329e-06,9.404159e-06,8.587495e-06,8.48333e-06,1.1195826e-05
3,155,108.761,0.45,8.149997e-06,7.545829e-06,6.966663e-06,3.283326e-06,6.708328e-06,7.241662e-06,7.091665e-06,6.354165e-06,7.804163e-06,8.066662e-06,7.179165e-06,7.40416e-06,9.695832e-06,8.59166e-06,8.799998e-06,1.1429159e-05
3,156,108.904,0.44,8.433326e-06,7.729165e-06,7.099994e-06,3.412493e-06,6.895828e-06,7.49166e-06,7.279165e-06,6.604163e-06,7.762495e-06,8.287493e-06,7.366665e-06,7.629164e-06,9.904162e-06,8.774996e-06,9.199993e-06,1.1620831e-05
3,157,109.047,0.43,8.874997e-06,7.912493e-06,7.49166e-06,3.574999e-06,7.19583e-06,7.737493e-06,7.508326e-06,6.841659e-06,7.720828e-06,8.524998e-06,7.683333e-06,7.866661e-06,1.0095827e-05,8.862496e-06,9.41666e-06,1.1920825e-05
3,158,109.191,0.42,9.012492e-06,8.162498e-06,7.658331e-06,3.708331e-06,7.429162e-06,7.954161e-06,7.720828e-06,7.049998e-06,7.76666e-06,8.774996e-06,7.879162e-06,8.112494e-06,1.0387492e-05,8.962496e-06,9.67083e-06,1.2129164e-05
3,159,109.334,0.41,9.229159e-06,8.287493e-06,7.879162e-06,3.766664e-06,7.666659e-06,8.179164e-06,7.945831e-06,7.270829e-06,7.858332e-06,8.96666e-06,8.008329e-06,8.429161e-06,1.0654163e-05,9.108328e-06,9.795833e-06,1.2387498e-05
3,160,109.477,0.4,9.558328e-06,8.454163e-06,8.162498e-06,3.891659e-06,7.874997e-06,8.437499e-06,8.158326e-06,7.483332e-06,7.93333e-06,9.283328e-06,8.245825e-06,8.57083e-06,1.0941664e-05,9.154161e-06,1.013333e-05,1.2637496e-05
3,161,109.62,0.39,9.845829e-06,8.674995e-06,8.408332e-06,4.058329e-06,8.137496e-06,8.724999e-06,8.412496e-06,7.758331e-06,8.02083e-06,9.520832e-06,8.50416e-06,8.820828e-06,1.1049994e-05,9.208329e-06,1.0412495e-05,1.2749998e-05
3,162,109.763,0.38,1.0087498e-05,8.837494e-06,8.604161e-06,4.145829e-06,8.312496e-06,8.945831e-06,8.599996e-06,7.979163e-06,8.070827e-06,9.712498e-06,8.65833e-06,9.004164e-06,1.1412493e-05,9.354162e-06,1.058333e-05,1.3008333e-05
3,163,109.906,0.37,1.0087498e-05,9.079162e-06,8.908328e-06,4.329165e-06,8.529162e-06,9.129159e-06,8.816663e-06,8.204166e-06,8.166663e-06,9.970832e-06,8.820828e-06,9.216667e-06,1.1637497e-05,9.462499e-06,1.0879159e-05,1.3224999e-05
3,164,110.049,0.36,1.0308329e-05,9.229159e-06,9.208329e-06,4.399999e-06,8.783332e-06,9.379164e-06,9.045832e-06,8.391658e-06,8.133332e-06,1.0162496e-05,9.079162e-06,9.49583e-06,1.1937499e-05,9.574994e-06,1.1129165e-05,1.3441666e-05
3,165,110.192,0.35,1.0545826e-05,9.420832e-06,9.299994e-06,4.624995e-06,8.979162e-06,9.641663e-06,9.183327e-06,8.641664e-06,8.270827e-06,1.0437497e-05,9.249997e-06,9.712498e-06,1.1941664e-05,9.708333e-06,1.1404165e-05,1.3624994e-05
3,166,110.335,0.34,1.0812497e-05,9.60416e-06,9.524997e-06,4.841661e-06,9.258326e-06,9.85833e-06,9.420832e-06,8.820828e-06,8.370828e-06,1.0662492e-05,9.391665e-06,9.924992e-06,1.2149993e-05,9.699997e-06,1.1524995e-05,1.3854162e-05
3,167,110.478,0.33,1.0999997e-05,9.799997e-06,9.774994e-06,4.891666e-06,9.533326e-06,1.0108328e-05,9.649992e-06,9.062497e-06,8.424998e-06,1.087083e-05,9.633327e-06,1.0129165e-05,1.2404163e-05,9.795833e-06,1.1724997e-05,1.4062492e-05
3,168,110.621,0.32,1.1224993e-05,9.987497e-06,1.0099999e-05,4.904159e-06,9.729163e-06,1.0341661e-05,9.841665e-06,9.216667e-06,8.470829e-06,1.1108327e-05,9.854166e-06,1.0379164e-05,1.2574998e-05,9.933328e-06,1.2199998e-05,1.4216662e-05
3,169,110.764,0.31,1.1508329e-05,1.0191663e-05,1.0270826e-05,5.033326e-06,1.0037494e-05,1.0666665e-05,9.995826e-06,9.487494e-06,8.516661e-06,1.1249996e-05,1.0008327e-05,1.0587493e-05,1.2766664e-05,1.0008327e-05,1.2149993e-05,1.435833e-05
3,170,110.907,0.3,1.1720832e-05,1.0383328e-05,1.0533333e-05,5.162493e-06,1.0137494e-05,1.0845828e-05,1.0216665e-05,9.720826e-06,8.541663e-06,1.1549997e-05,1.0262497e-05,1.0833327e-05,1.3012496e-05,1.0091662e-05,1.2412493e-05,1.463333e-05
3,171,111.05,0.29,1.2083332e-05,1.0520832e-05,1.0724997e-05,5.283332e-06,1.0441661e-05,1.1183325e-05,1.0491665e-05,9.837492e-06,8.695833e-06,1.1758328e-05,1.0387492e-05,1.1087497e-05,1.3166666e-05,1.0237495e-05,1.2612494e-05,1.4741659e-05
3,172,111.193,0.28,1.2199998e-05,1.0649999e-05,1.0949993e-05,5.437493e-06,1.0570828e-05,1.1174997e-05,1.0666665e-05,1.0091662e-05,8.770831e-06,1.1874994e-05,1.0562499e-05,1.1208328e-05,1.3395826e-05,1.0308329e-05,1.2824997e-05,1.4854161e-05
3,173,111.336,0.27,1.2374997e-05,1.0849993e-05,1.1108327e-05,5.541659e-06,1.0729162e-05,1.1429159e-05,1.0691659e-05,1.0299993e-05,8.77916e-06,1.2029163e-05,1.0733326e-05,1.135416e-05,1.3591663e-05,1.0370827e-05,1.2991659e-05,1.5033333e-05
3,174,111.479,0.26,1.2691665e-05,1.1020828e-05,1.1370826e-05,5.645832e-06,1.0945829e-05,1.1749999e-05,1.0987496e-05,1.0566664e-05,8.849995e-06,1.2299998e-05,1.0920827e-05,1.1583328e-05,1.3712493e-05,1.0504166e-05,1.317083e-05,1.5270829e-05
3,175,111.622,0.25,1.2670827e-05,1.1158331e-05,1.1537496e-05,5.766662e-06,1.1112499e-05,1.1833326e-05,1.1049994e-05,1.0754164e-05,8.937494e-06,1.2441659e-05,1.1020828e-05,1.1766664e-05,1.3845834e-05,1.0554163e-05,1.3354166e-05,1.5404161e-05
3,176,111.765,0.24,1.2762499e-05,1.1287499e-05,1.1762492e-05,5.887493e-06,1.132083e-05,1.2074995e-05,1.1254159e-05,1.0899997e-05,9.024993e-06,1.2637496e-05,1.1187498e-05,1.188333e-05,1.4033326e-05,1.0641662e-05,1.3516665e-05,1.557916e-05
3,177,111.908,0.23,1.3033326e-05,1.1491664e-05,1.1979158e-05,5.999994e-06,1.1483327e-05,1.2262495e-05,1.1374998e-05,1.0941664e-05,9.137495e-06,1.2799994e-05,1.1374998e-05,1.2083332e-05,1.4399998e-05,1.0766666e-05,1.3724994e-05,1.5704163e-05
3,178,112.051,0.22,1.3316663e-05,1.1641661e-05,1.224583e-05,6.083329e-06,1.1687493e-05,1.2487499e-05,1.1533331e-05,1.1179161e-05,9.166662e-06,1.3008333e-05,1.1554162e-05,1.2304163e-05,1.4354166e-05,1.0845828e-05,1.3895829e-05,1.5916665e-05
3,179,112.194,0.21,1.3462496e-05,1.1691665e-05,1.236666e-05,6.187495e-06,1.1887495e-05,1.2662498e-05,1.1745827e-05,1.1329166e-05,9.137495e-06,1.3137499e-05,1.171666e-05,1.2458332e-05,1.4595827e-05,1.0929163e-05,1.4074993e-05,1.6033331e-05
3,180,112.337,0.2,1.3583326e-05,1.1983331e-05,1.2516665e-05,6.295832e-06,1.2024999e-05,1.2858327e-05,1.1895831e-05,1.1516667e-05,9.191665e-06,1.3337493e-05,1.1908332e-05,1.2695829e-05,1.4804164e-05,1.0945829e-05,1.4237499e-05,1.6208331e-05
3,181,112.48,0.19,1.3783328e-05,1.2045829e-05,1.2816659e-05,6.404161e-06,1.2199998e-05,1.3058328e-05,1.2029163e-05,1.171666e-05,9.32916e-06,1.353333e-05,1.2083332e-05,1.2820832e-05,1.4916666e-05,1.1083333e-05,1.4366667e-05,1.639583e-05
3,182,112.623,0.18,1.3858326e-05,1.2199998e-05,1.2908332e-05,6.512499e-06,1.2383326e-05,1.3266659e-05,1.2145829e-05,1.1904161e-05,9.374992e-06,1.3608328e-05,1.2154166e-05,1.3066665e-05,1.5024996e-05,1.1112499e-05,1.4533329e-05,1.6470829e-05
3,183,112.767,0.17,1.3983329e-05,1.2274996e-05,1.3145828e-05,6.63333e-06,1.2524994e-05,1.3449995e-05,1.2304163e-05,1.2049993e-05,9.474993e-06,1.3749996e-05,1.234583e-05,1.3154165e-05,1.5204159e-05,1.1245831e-05,1.4691663e-05,1.6599997e-05
3,184,112.91,0.16,1.4245828e-05,1.2495828e-05,1.325833e-05,6.699999e-06,1.2787493e-05,1.3662498e-05,1.2449996e-05,1.2241666e-05,9.545827e-06,1.3966664e-05,1.2587499e-05,1.3254165e-05,1.545833e-05,1.1316665e-05,1.4883328e-05,1.6758331e-05
3,185,113.053,0.15,1.4541666e-05,1.2554161e-05,1.3479162e-05,6.812493e-06,1.2841661e-05,1.3758326e-05,1.2545832e-05,1.2379161e-05,9.558328e-06,1.4112497e-05,1.2537495e-05,1.3412499e-05,1.5566658e-05,1.1312492e-05,1.4987492e-05,1.6916665e-05
3,186,113.196,0.14,1.456666e-05,1.272916e-05,1.3637495e-05,6.883327e-06,1.3066665e-05,1.3941662e-05,1.2662498e-05,1.2504164e-05,9.624998e-06,1.4283331e-05,1.2670827e-05,1.3520829e-05,1.5749994e-05,1.1458325e-05,1.5108331e-05,1.7024993e-05
3,187,113.339,0.13,1.456666e-05,1.2858327e-05,1.3941662e-05,7.004166e-06,1.3216662e-05,1.4112497e-05,1.2920833e-05,1.2716659e-05,9.724999e-06,1.4445829e-05,1.2837498e-05,1.3729159e-05,1.593333e-05,1.1720832e-05,1.5312497e-05,1.7137496e-05
3,188,113.482,0.12,1.4774998e-05,1.2887494e-05,1.3949998e-05,7.154163e-06,1.3358331e-05,1.4345828e-05,1.2991659e-05,1.2858327e-05,9.779159e-06,1.454583e-05,1.2974993e-05,1.382916e-05,1.5983327e-05,1.1754163e-05,1.547083e-05,1.7329161e-05
3,189,113.625,0.11,1.4845832e-05,1.3199997e-05,1.4220826e-05,7.274993e-06,1.3562497e-05,1.45125e-05,1.3120826e-05,1.3149993e-05,9.833328e-06,1.473333e-05,1.308333e-05,1.3999995e-05,1.6012495e-05,1.1874994e-05,1.5654166e-05,1.7424996e-05
3,190,113.768,0.1,1.5066664e-05,1.3224999e-05,1.4233327e-05,7.504161e-06,1.3704165e-05,1.4662496e-05,1.3233328e-05,1.3299998e-05,9.887497e-06,1.48875e-05,1.3166666e-05,1.4154164e-05,1.6208331e-05,1.1733326e-05,1.5795827e-05,1.757083e-05
3,191,113.911,0.09,1.5195831e-05,1.3262495e-05,1.4412499e-05,7.412497e-06,1.3891665e-05,1.4824995e-05,1.3320828e-05,1.3183331e-05,9.962495e-06,1.4974999e-05,1.3341665e-05,1.4299997e-05,1.6320833e-05,1.1987496e-05,1.5904165e-05,1.7670831e-05
3,192,114.054,0.08,1.5299996e-05,1.3391662e-05,1.456666e-05,7.466666e-06,1.3954163e-05,1.5108331e-05,1.3479162e-05,1.3391662e-05,1.0041666e-05,1.5258328e-05,1.3516665e-05,1.4399998e-05,1.6420834e-05,1.1895831e-05,1.5858332e-05,1.796666e-05
3,193,114.197,0.07,1.5495832e-05,1.3508327e-05,1.4737495e-05,7.537492e-06,1.4220826e-05,1.5208332e-05,1.3529166e-05,1.3545831e-05,1.0120829e-05,1.5233326e-05,1.3574998e-05,1.4570832e-05,1.6587495e-05,1.200416e-05,1.6016666e-05,1.7945829e-05
3,194,114.34,0.06,1.5745831e-05,1.3637495e-05,1.48875e-05,7.687497e-06,1.4299997e-05,1.5345828e-05,1.3745833e-05,1.3674999e-05,1.0083326e-05,1.5333326e-05,1.3649996e-05,1.475416e-05,1.6729164e-05,1.2012498e-05,1.6158327e-05,1.7941666e-05
3,195,114.483,0.05,1.5829166e-05,1.3783328e-05,1.4999993e-05,7.837494e-06,1.4333327e-05,1.557916e-05,1.3799993e-05,1.3812494e-05,1.0212493e-05,1.5533327e-05,1.3774999e-05,1.4774998e-05,1.6795826e-05,1.2145829e-05,1.6424998e-05,1.803333e-05
3,196,114.626,0.04,1.6054162e-05,1.3845834e-05,1.5129161e-05,7.845831e-06,1.4449994e-05,1.5774996e-05,1.3979165e-05,1.399583e-05,1.0262497e-05,1.5554166e-05,1.3945826e-05,1.5066664e-05,1.695416e-05,1.2183333e-05,1.645e-05,1.8179162e-05
3,197,114.769,0.03,1.5970827e-05,1.3912495e-05,1.5279165e-05,7.916665e-06,1.4595827e-05,1.5733329e-05,1.4154164e-05,1.4162492e-05,1.0324995e-05,1.57125e-05,1.4062492e-05,1.5074992e-05,1.7070826e-05,1.2204162e-05,1.657083e-05,1.8291665e-05
3,198,114.912,0.02,1.604166e-05,1.408333e-05,1.5416663e-05,8.016666e-06,1.4770826e-05,1.5974998e-05,1.4279159e-05,1.4258329e-05,1.0437497e-05,1.5866661e-05,1.4162492e-05,1.51625e-05,1.7175e-05,1.2308327e-05,1.6687496e-05,1.8412495e-05
3,199,115.055,0.01,1.6245825e-05,1.4174994e-05,1.5541666e-05,8.116658e-06,1.490833e-05,1.6058326e-05,1.4299997e-05,1.4324999e-05,1.0474992e-05,1.5979163e-05,1.4249992e-05,1.530416e-05,1.7329161e-05,1.2441659e-05,1.6816664e-05,1.8599994e-05
3,200,115.198,0.0,1.6187492e-05,1.4283331e-05,1.5741665e-05,8.170828e-06,1.5033333e-05,1.6233333e-05,1.4474996e-05,1.4445829e-05,1.0508331e-05,1.6066662e-05,1.4395833e-05,1.537083e-05,1.7524997e-05,1.2466661e-05,1.6929165e-05,1.8691659e-05
,,,,,,,,,,,,,,,,,,,,3,0.61,0.57,0.5,0.52,0.5,0.51,0.55,0.51,0.92,0.6,0.55,0.56,0.69,0.58,0.59,0.72,0.63,0.62,0.58,0.6,0.58,0.58,0.63,0.59,0.7,0.65,0.64,0.62,0.72,0.64,0.65,0.75
4,0,115.465,0.0,1.6283329e-05,1.4349993e-05,1.5720829e-05,8.179164e-06,1.5062499e-05,1.6324997e-05,1.4429164e-05,1.4404161e-05,1.0683329e-05,1.6354163e-05,1.4362494e-05,1.5420826e-05,1.7520833e-05,1.2537495e-05,1.6974998e-05,1.8729163e-05
4,1,115.608,0.002,1.6254162e-05,1.4416662e-05,1.5608326e-05,8.187492e-06,1.5037497e-05,1.6279166e-05,1.4408326e-05,1.435833e-05,1.0641662e-05,1.6233333e-05,1.439166e-05,1.5441665e-05,1.7412496e-05,1.2562497e-05,1.6974998e-05,1.8750001e-05
4,2,115.751,0.004,1.6324997e-05,1.4387496e-05,1.565833e-05,8.162498e-06,1.4974999e-05,1.6233333e-05,1.435833e-05,1.439166e-05,1.0624997e-05,1.6237498e-05,1.4379159e-05,1.5412497e-05,1.7449998e-05,1.2508329e-05,1.6879161e-05,1.8691659e-05
4,3,115.894,0.006,1.6291666e-05,1.4295832e-05,1.559166e-05,8.091664e-06,1.502916e-05,1.62625e-05,1.4362494e-05,1.4383332e-05,1.0779167e-05,1.6099993e-05,1.4454166e-05,1.5349991e-05,1.7412496e-05,1.2470826e-05,1.6949994e-05,1.8699995e-05
4,4,116.037,0.008,1.6266664e-05,1.4341665e-05,1.5574995e-05,8.112494e-06,1.4974999e-05,1.6237498e-05,1.4333327e-05,1.439166e-05,1.0624997e-05,1.6066662e-05,1.4404161e-05,1.5420826e-05,1.7449998e-05,1.2479162e-05,1.6829164e-05,1.8787496e-05
4,5,116.181,0.01,1.6454163e-05,1.435833e-05,1.5583333e-05,8.149997e-06,1.4966663e-05,1.6237498e-05,1.4379159e-05,1.4324999e-05,1.0695831e-05,1.6145825e-05,1.4324999e-05,1.5374993e-05,1.7387494e-05,1.2579163e-05,1.6837494e-05,1.8637498e-05
4,6,116.324,0.012,1.6154163e-05,1.4308325e-05,1.5583333e-05,8.120831e-06,1.4941661e-05,1.6304159e-05,1.4258329e-05,1.4258329e-05,1.0720825e-05,1.6062499e-05,1.4195832e-05,1.5333326e-05,1.7408331e-05,1.2508329e-05,1.6762495e-05,1.8679166e-05
4,7,116.467,0.014,1.6116659e-05,1.4229163e-05,1.5466667e-05,8.079163e-06,1.4816665e-05,1.6133332e-05,1.4274994e-05,1.4258329e-05,1.0712496e-05,1.6045833e-05,1.4174994e-05,1.5429163e-05,1.741666e-05,1.2529159e-05,1.6862496e-05,1.8629162e-05
4,8,116.61,0.016,1.6158327e-05,1.4324999e-05,1.549166e-05,8.029159e-06,1.4795828e-05,1.6204167e-05,1.4283331e-05,1.4249992e-05,1.0762493e-05,1.6012495e-05,1.4187495e-05,1.5220833e-05,1.750416e-05,1.2474998e-05,1.6879161e-05,1.8620833e-05
4,9,116.753,0.018,1.609583e-05,1.4287496e-05,1.5599999e-05,7.991664e-06,1.4849997e-05,1.6170827e-05,1.4262493e-05,1.4199996e-05,1.0745827e-05,1.6016666e-05,1.417083e-05,1.5183329e-05,1.729583e-05,1.2529159e-05,1.6737493e-05,1.8562499e-05
4,10,116.896,0.02,1.6008329e-05,1.4191659e-05,1.537083e-05,8.008329e-06,1.475416e-05,1.6162499e-05,1.4299997e-05,1.4295832e-05,1.080416e-05,1.5945832e-05,1.4199996e-05,1.5191667e-05,1.7520833e-05,1.2687492e-05,1.6749995e-05,1.8545827e-05
4,11,117.039,0.022,1.6037497e-05,1.4195832e-05,1.5299996e-05,8.016666e-06,1.4691663e-05,1.6154163e-05,1.4229163e-05,1.4091666e-05,1.0824998e-05,1.5962498e-05,1.4145828e-05,1.5166665e-05,1.7320832e-05,1.2579163e-05,1.6774997e-05,1.8574992e-05
4,12,117.182,0.024,1.6045833e-05,1.4154164e-05,1.5483332e-05,8.04166e-06,1.473333e-05,1.6012495e-05,1.4179166e-05,1.4012496e-05,1.0837499e-05,1.5949996e-05,1.4099995e-05,1.5204159e-05,1.7224995e-05,1.2720831e-05,1.6758331e-05,1.8558327e-05
4,13,117.325,0.026,1.6074999e-05,1.4224998e-05,1.5220833e-05,7.937495e-06,1.4662496e-05,1.6020831e-05,1.4183331e-05,1.4020832e-05,1.0824998e-05,1.592083e-05,1.4058328e-05,1.5183329e-05,1.7249997e-05,1.245416e-05,1.6804162e-05,1.8608333e-05
4,14,117.468,0.028,1.5983327e-05,1.4108332e-05,1.5154163e-05,7.974998e-06,1.4837496e-05,1.5991664e-05,1.4108332e-05,1.3999995e-05,1.0849993e-05,1.594166e-05,1.4058328e-05,1.51625e-05,1.71875e-05,1.2424994e-05,1.6858332e-05,1.8579165e-05
4,15,117.611,0.03,1.5962498e-05,1.417083e-05,1.5133333e-05,7.824993e-06,1.4666661e-05,1.5999993e-05,1.4133327e-05,1.3987494e-05,1.0879159e-05,1.5999993e-05,1.4049999e-05,1.5129161e-05,1.7212495e-05,1.2479162e-05,1.6595832e-05,1.860416e-05
4,16,117.754,0.032,1.5970827e-05,1.4129162e-05,1.5120832e-05,7.754159e-06,1.456666e-05,1.6020831e-05,1.4099995e-05,1.3937497e-05,1.0779167e-05,1.5887499e-05,1.3979165e-05,1.5145826e-05,1.7195829e-05,1.2449996e-05,1.683333e-05,1.8383329e-05
4,17,117.897,0.034,1.5958332e-05,1.4137499e-05,1.5108331e-05,7.799999e-06,1.4645831e-05,1.6116659e-05,1.4129162e-05,1.3858326e-05,1.0862494e-05,1.5745831e-05,1.3962499e-05,1.5070827e-05,1.7191664e-05,1.245416e-05,1.6804162e-05,1.8424997e-05
4,18,118.04,0.036,1.6012495e-05,1.4099995e-05,1.5045825e-05,7.76666e-06,1.4429164e-05,1.6087492e-05,1.4133327e-05,1.3870827e-05,1.0904161e-05,1.5758331e-05,1.3958327e-05,1.5179166e-05,1.7237497e-05,1.245416e-05,1.6579159e-05,1.8316667e-05
4,19,118.183,0.038,1.5895828e-05,1.4108332e-05,1.4958326e-05,7.754159e-06,1.4591662e-05,1.5795827e-05,1.4220826e-05,1.3820831e-05,1.0941664e-05,1.5724992e-05,1.3920831e-05,1.5074992e-05,1.7108328e-05,1.2437495e-05,1.6583332e-05,1.834166e-05
4,20,118.326,0.04,1.5929167e-05,1.4095831e-05,1.4958326e-05,7.76666e-06,1.4408326e-05,1.5804164e-05,1.4120833e-05,1.3699992e-05,1.0887496e-05,1.5749994e-05,1.3924996e-05,1.4999993e-05,1.7129159e-05,1.2449996e-05,1.6566666e-05,1.8333332e-05
4,21,118.469,0.042,1.5887499e-05,1.4124998e-05,1.4899992e-05,7.708327e-06,1.4399998e-05,1.5749994e-05,1.4141663e-05,1.3887493e-05,1.089166e-05,1.5729165e-05,1.3833332e-05,1.5033333e-05,1.712083e-05,1.2483327e-05,1.650416e-05,1.8387493e-05
4,22,118.612,0.044,1.582083e-05,1.4037498e-05,1.4904165e-05,7.670832e-06,1.4366667e-05,1.575416e-05,1.3949998e-05,1.3737495e-05,1.0937492e-05,1.5649994e-05,1.3899994e-05,1.4937496e-05,1.7116667e-05,1.2445831e-05,1.6495831e-05,1.8258334e-05
4,23,118.755,0.046,1.5804164e-05,1.3991666e-05,1.4808329e-05,7.691661e-06,1.4254165e-05,1.5737494e-05,1.3962499e-05,1.3662498e-05,1.0908326e-05,1.564583e-05,1.380833e-05,1.4937496e-05,1.6983326e-05,1.2395827e-05,1.6487495e-05,1.832916e-05
4,24,118.898,0.048,1.583333e-05,1.3991666e-05,1.4795828e-05,7.654166e-06,1.4262493e-05,1.5679161e-05,1.3874999e-05,1.362083e-05,1.1058331e-05,1.5662496e-05,1.3799993e-05,1.4974999e-05,1.7004164e-05,1.2429166e-05,1.6412496e-05,1.8287499e-05
4,25,119.041,0.05,1.5779162e-05,1.3999995e-05,1.4787499e-05,7.608326e-06,1.4224998e-05,1.5666659e-05,1.3879164e-05,1.3470833e-05,1.095833e-05,1.5649994e-05,1.3762497e-05,1.4837496e-05,1.6962496e-05,1.2362496e-05,1.6458329e-05,1.8274999e-05
4,26,119.184,0.052,1.5741665e-05,1.3937497e-05,1.4737495e-05,7.608326e-06,1.420416e-05,1.5604162e-05,1.3874999e-05,1.3445831e-05,1.0899997e-05,1.5537493e-05,1.3762497e-05,1.4912494e-05,1.702083e-05,1.2404163e-05,1.6387494e-05,1.8274999e-05
4,27,119.327,0.054,1.5641666e-05,1.3933332e-05,1.4574996e-05,7.541664e-06,1.4099995e-05,1.5604162e-05,1.3845834e-05,1.3487498e-05,1.0962494e-05,1.5612499e-05,1.3816659e-05,1.4883328e-05,1.696666e-05,1.2379161e-05,1.6354163e-05,1.8262497e-05
4,28,119.47,0.056,1.5733329e-05,1.3895829e-05,1.4695827e-05,7.541664e-06,1.4133327e-05,1.5512498e-05,1.3879164e-05,1.3395826e-05,1.0945829e-05,1.5616662e-05,1.3749996e-05,1.4762497e-05,1.6920829e-05,1.243333e-05,1.6345826e-05,1.8170826e-05
4,29,119.613,0.058,1.5666659e-05,1.3891665e-05,1.4533329e-05,7.499997e-06,1.4058328e-05,1.547916e-05,1.3899994e-05,1.3362495e-05,1.0966659e-05,1.5433327e-05,1.3895829e-05,1.4849997e-05,1.6883325e-05,1.2337494e-05,1.6333326e-05,1.815416e-05
4,30,119.757,0.06,1.5541666e-05,1.390833e-05,1.4529164e-05,7.462494e-06,1.408333e-05,1.5462494e-05,1.3791664e-05,1.3329164e-05,1.0974995e-05,1.547083e-05,1.3633331e-05,1.4866662e-05,1.6933331e-05,1.2337494e-05,1.6312495e-05,1.815416e-05
4,31,119.9,0.062,1.559166e-05,1.3804166e-05,1.4487497e-05,7.454165e-06,1.3954163e-05,1.5399997e-05,1.372083e-05,1.3274996e-05,1.097916e-05,1.5433327e-05,1.3699992e-05,1.4699999e-05,1.6883325e-05,1.2374997e-05,1.6279166e-05,1.8170826e-05
4,32,120.043,0.064,1.5462494e-05,1.3862498e-05,1.4425e-05,7.483332e-06,1.3945826e-05,1.5420826e-05,1.3733332e-05,1.3295826e-05,1.0966659e-05,1.5395832e-05,1.3616665e-05,1.4704164e-05,1.6991664e-05,1.2341667e-05,1.622916e-05,1.815416e-05
4,33,120.186,0.066,1.549166e-05,1.3899994e-05,1.4412499e-05,7.383331e-06,1.3945826e-05,1.5333326e-05,1.3729159e-05,1.325833e-05,1.1024999e-05,1.5420826e-05,1.3579162e-05,1.4595827e-05,1.6908327e-05,1.2379161e-05,1.6162499e-05,1.8020828e-05
4,34,120.329,0.068,1.5449992e-05,1.390833e-05,1.4445829e-05,7.429162e-06,1.3941662e-05,1.537083e-05,1.3658333e-05,1.3212498e-05,1.1016663e-05,1.5333326e-05,1.3570825e-05,1.4583326e-05,1.6745829e-05,1.2337494e-05,1.6129159e-05,1.8020828e-05
4,35,120.472,0.07,1.5520827e-05,1.3691663e-05,1.4324999e-05,7.345827e-06,1.3862498e-05,1.5341664e-05,1.3679162e-05,1.3224999e-05,1.0999997e-05,1.5354164e-05,1.3516665e-05,1.4637494e-05,1.6791662e-05,1.2466661e-05,1.6141661e-05,1.7987497e-05
4,36,120.615,0.072,1.5404161e-05,1.3674999e-05,1.4362494e-05,7.379158e-06,1.3795829e-05,1.5241662e-05,1.3587499e-05,1.3104161e-05,1.1012498e-05,1.5337499e-05,1.3541659e-05,1.4533329e-05,1.6720827e-05,1.2466661e-05,1.6270827e-05,1.7974997e-05
4,37,120.758,0.074,1.5366666e-05,1.3670826e-05,1.417083e-05,7.504161e-06,1.3670826e-05,1.5204159e-05,1.3637495e-05,1.3137499e-05,1.1016663e-05,1.5349991e-05,1.3445831e-05,1.4554159e-05,1.6637492e-05,1.2358331e-05,1.6266664e-05,1.8024994e-05
4,38,120.901,0.076,1.5337499e-05,1.3649996e-05,1.4349993e-05,7.441664e-06,1.3766662e-05,1.5124997e-05,1.3583326e-05,1.298333e-05,1.1037493e-05,1.5291658e-05,1.3395826e-05,1.4516663e-05,1.6695833e-05,1.2216663e-05,1.6145825e-05,1.7949995e-05
4,39,121.044,0.078,1.5279165e-05,1.3674999e-05,1.4183331e-05,7.333326e-06,1.3737495e-05,1.5120832e-05,1.3524993e-05,1.2966665e-05,1.0995833e-05,1.5199995e-05,1.3441666e-05,1.4508327e-05,1.6662494e-05,1.2291662e-05,1.5995829e-05,1.7929164e-05
4,40,121.187,0.08,1.5299996e-05,1.3624994e-05,1.4099995e-05,7.149999e-06,1.3883328e-05,1.5145826e-05,1.3524993e-05,1.2929161e-05,1.1008327e-05,1.5179166e-05,1.3408328e-05,1.4508327e-05,1.6624999e-05,1.2208327e-05,1.5974998e-05,1.7883332e-05
4,41,121.33,0.082,1.5237499e-05,1.3662498e-05,1.4070829e-05,7.191666e-06,1.3729159e-05,1.5124997e-05,1.3529166e-05,1.2895831e-05,1.1058331e-05,1.5208332e-05,1.3379161e-05,1.4487497e-05,1.6629163e-05,1.2283325e-05,1.5999993e-05,1.7833328e-05
4,42,121.473,0.084,1.5333326e-05,1.3591663e-05,1.4024997e-05,7.149999e-06,1.3537494e-05,1.5099994e-05,1.3454159e-05,1.2895831e-05,1.1024999e-05,1.5195831e-05,1.3329164e-05,1.4433328e-05,1.6512497e-05,1.2291662e-05,1.5924994e-05,1.7741664e-05
4,43,121.616,0.086,1.5204159e-05,1.3633331e-05,1.3970828e-05,7.091665e-06,1.3595827e-05,1.5083328e-05,1.36875e-05,1.2845826e-05,1.1041665e-05,1.5099994e-05,1.3233328e-05,1.4362494e-05,1.6533328e-05,1.2220828e-05,1.5937496e-05,1.7920827e-05
4,44,121.759,0.088,1.5141662e-05,1.36e-05,1.3862498e-05,7.11666e-06,1.3504164e-05,1.4858325e-05,1.3629166e-05,1.282916e-05,1.0987496e-05,1.5020832e-05,1.3270831e-05,1.4429164e-05,1.6545828e-05,1.2216663e-05,1.5912494e-05,1.7779159e-05
4,45,121.902,0.09,1.5212496e-05,1.355416e-05,1.3854162e-05,7.087493e-06,1.3445831e-05,1.4916666e-05,1.3529166e-05,1.2754163e-05,1.1008327e-05,1.5024996e-05,1.3204161e-05,1.439166e-05,1.6420834e-05,1.2212499e-05,1.5829166e-05,1.7766666e-05
4,46,122.045,0.092,1.5091666e-05,1.3612493e-05,1.3841661e-05,7.095829e-06,1.3379161e-05,1.4866662e-05,1.3416664e-05,1.2887494e-05,1.1058331e-05,1.4999993e-05,1.3262495e-05,1.4295832e-05,1.6441663e-05,1.2191661e-05,1.5966662e-05,1.7708333e-05
4,47,122.188,0.094,1.5149999e-05,1.3479162e-05,1.3816659e-05,7.020831e-06,1.3358331e-05,1.4799993e-05,1.3325e-05,1.270833e-05,1.1029164e-05,1.499583e-05,1.3187496e-05,1.4245828e-05,1.638333e-05,1.2120827e-05,1.5804164e-05,1.7679158e-05
4,48,122.331,0.096,1.5033333e-05,1.3445831e-05,1.3749996e-05,7.099994e-06,1.3308327e-05,1.4787499e-05,1.3316663e-05,1.252083e-05,1.1054166e-05,1.5049998e-05,1.3158329e-05,1.4237499e-05,1.6454163e-05,1.2308327e-05,1.5816664e-05,1.7699997e-05
4,49,122.474,0.098,1.4987492e-05,1.3487498e-05,1.3712493e-05,7.02916e-06,1.3274996e-05,1.4758332e-05,1.3325e-05,1.2674999e-05,1.1041665e-05,1.5058326e-05,1.3145828e-05,1.4274994e-05,1.6399996e-05,1.2229165e-05,1.576666e-05,1.7683331e-05
4,50,122.617,0.1,1.5008331e-05,1.3312499e-05,1.3666661e-05,6.970827e-06,1.3224999e-05,1.4662496e-05,1.3291661e-05,1.2574998e-05,1.1120828e-05,1.4983329e-05,1.3120826e-05,1.4212497e-05,1.6312495e-05,1.2112499e-05,1.57125e-05,1.7662493e-05
4,51,122.76,0.102,1.4966663e-05,1.3374996e-05,1.36e-05,6.945832e-06,1.3183331e-05,1.4595827e-05,1.3254165e-05,1.2458332e-05,1.1008327e-05,1.4966663e-05,1.3074994e-05,1.417083e-05,1.6341663e-05,1.217916e-05,1.5733329e-05,1.7599996e-05
4,52,122.903,0.104,1.4912494e-05,1.3424992e-05,1.3504164e-05,6.929159e-06,1.3108333e-05,1.4562495e-05,1.3208326e-05,1.2424994e-05,1.1041665e-05,1.4862498e-05,1.308333e-05,1.4162492e-05,1.6333326e-05,1.2125e-05,1.5624992e-05,1.7612498e-05
4,53,123.046,0.106,1.4933332e-05,1.3316663e-05,1.3529166e-05,6.879163e-06,1.3149993e-05,1.4562495e-05,1.317083e-05,1.2408328e-05,1.0999997e-05,1.4766661e-05,1.3104161e-05,1.4095831e-05,1.6312495e-05,1.2141665e-05,1.5679161e-05,1.7599996e-05
4,54,123.19,0.108,1.4833331e-05,1.3325e-05,1.353333e-05,6.854161e-06,1.309166e-05,1.4495826e-05,1.3154165e-05,1.2374997e-05,1.0995833e-05,1.4708328e-05,1.3166666e-05,1.4095831e-05,1.6258327e-05,1.2079159e-05,1.557916e-05,1.7658329e-05
4,55,123.333,0.11,1.4962498e-05,1.3266659e-05,1.3470833e-05,6.874998e-06,1.3029162e-05,1.4420827e-05,1.3116662e-05,1.2324993e-05,1.1008327e-05,1.4762497e-05,1.2929161e-05,1.4216662e-05,1.6249998e-05,1.2074995e-05,1.5604162e-05,1.7466664e-05
4,56,123.476,0.112,1.475416e-05,1.3237493e-05,1.3399998e-05,6.824994e-06,1.2958328e-05,1.4395833e-05,1.3120826e-05,1.2316664e-05,1.1020828e-05,1.4724994e-05,1.2899995e-05,1.3966664e-05,1.6333326e-05,1.2083332e-05,1.5483332e-05,1.7387494e-05
4,57,123.619,0.114,1.4704164e-05,1.334583e-05,1.3304162e-05,6.766661e-06,1.2887494e-05,1.435833e-05,1.319166e-05,1.2262495e-05,1.1012498e-05,1.4683326e-05,1.2849999e-05,1.3904166e-05,1.6249998e-05,1.2020826e-05,1.5474994e-05,1.7370829e-05
4,58,123.762,0.116,1.4712493e-05,1.3337493e-05,1.3462496e-05,6.762496e-06,1.2958328e-05,1.4379159e-05,1.300416e-05,1.2195826e-05,1.1016663e-05,1.4658332e-05,1.28625e-05,1.3904166e-05,1.6287493e-05,1.2083332e-05,1.549166e-05,1.7391665e-05
4,59,123.905,0.118,1.4774998e-05,1.3262495e-05,1.3208326e-05,6.745831e-06,1.2854163e-05,1.4233327e-05,1.298333e-05,1.2154166e-05,1.1137494e-05,1.4624993e-05,1.2820832e-05,1.3854162e-05,1.6316661e-05,1.2104161e-05,1.5362493e-05,1.7391665e-05
4,60,124.048,0.12,1.4695827e-05,1.308333e-05,1.3304162e-05,6.745831e-06,1.2804167e-05,1.4233327e-05,1.2937498e-05,1.2083332e-05,1.104583e-05,1.4579161e-05,1.2783329e-05,1.380833e-05,1.6016666e-05,1.2033327e-05,1.5429163e-05,1.7333332e-05
4,61,124.191,0.122,1.463333e-05,1.3079167e-05,1.3291661e-05,6.704164e-06,1.2804167e-05,1.4229163e-05,1.2924997e-05,1.2137492e-05,1.1004162e-05,1.4604163e-05,1.2754163e-05,1.3799993e-05,1.6037497e-05,1.226666e-05,1.5412497e-05,1.7370829e-05
4,62,124.334,0.124,1.4570832e-05,1.3016661e-05,1.3045827e-05,6.637494e-06,1.2758326e-05,1.4212497e-05,1.2908332e-05,1.1991659e-05,1.104583e-05,1.4520828e-05,1.2741662e-05,1.374166e-05,1.5908328e-05,1.2087497e-05,1.5345828e-05,1.7337497e-05
4,63,124.477,0.126,1.45125e-05,1.3058328e-05,1.2991659e-05,6.729166e-06,1.2749998e-05,1.4166665e-05,1.2824997e-05,1.1912497e-05,1.0929163e-05,1.4524992e-05,1.2683328e-05,1.3804166e-05,1.6012495e-05,1.1949992e-05,1.5299996e-05,1.7370829e-05
4,64,124.62,0.128,1.4537493e-05,1.3066665e-05,1.300416e-05,6.516663e-06,1.2779165e-05,1.4079165e-05,1.2808331e-05,1.1904161e-05,1.1058331e-05,1.4454166e-05,1.2674999e-05,1.3691663e-05,1.5966662e-05,1.1979158e-05,1.547083e-05,1.7474993e-05
4,65,124.763,0.13,1.4508327e-05,1.300416e-05,1.2954163e-05,6.549994e-06,1.2712495e-05,1.4074993e-05,1.282916e-05,1.1899996e-05,1.1049994e-05,1.4483333e-05,1.2658325e-05,1.3716666e-05,1.5899999e-05,1.1999997e-05,1.5287495e-05,1.7312495e-05
4,66,124.906,0.132,1.4491661e-05,1.2954163e-05,1.2937498e-05,6.47916e-06,1.2524994e-05,1.399583e-05,1.2816659e-05,1.1895831e-05,1.097916e-05,1.4383332e-05,1.2587499e-05,1.3666661e-05,1.5870826e-05,1.1987496e-05,1.5104159e-05,1.712083e-05
4,67,125.049,0.134,1.4487497e-05,1.2966665e-05,1.2854163e-05,6.516663e-06,1.2583328e-05,1.4041662e-05,1.2824997e-05,1.1799995e-05,1.0970831e-05,1.4279159e-05,1.2587499e-05,1.3604164e-05,1.5816664e-05,1.1979158e-05,1.5191667e-05,1.7162498e-05
4,68,125.192,0.136,1.4399998e-05,1.2929161e-05,1.2799994e-05,6.520828e-06,1.2483327e-05,1.380833e-05,1.2816659e-05,1.1787494e-05,1.1008327e-05,1.4249992e-05,1.2462497e-05,1.3708329e-05,1.5799998e-05,1.1920825e-05,1.5149999e-05,1.7058333e-05
4,69,125.335,0.138,1.435833e-05,1.28625e-05,1.2799994e-05,6.470831e-06,1.2441659e-05,1.3758326e-05,1.2883329e-05,1.1762492e-05,1.0999997e-05,1.4341665e-05,1.254166e-05,1.3545831e-05,1.5783326e-05,1.1912497e-05,1.5108331e-05,1.7079163e-05
4,70,125.478,0.14,1.4316663e-05,1.2979166e-05,1.2683328e-05,6.441664e-06,1.2374997e-05,1.3737495e-05,1.2791666e-05,1.1633332e-05,1.1033329e-05,1.4241664e-05,1.2458332e-05,1.3512492e-05,1.5979163e-05,1.1924998e-05,1.5070827e-05,1.7045832e-05
4,71,125.621,0.142,1.4208333e-05,1.2816659e-05,1.2687492e-05,6.424999e-06,1.2349995e-05,1.3712493e-05,1.2612494e-05,1.1687493e-05,1.0995833e-05,1.415e-05,1.2412493e-05,1.3516665e-05,1.5691661e-05,1.1916662e-05,1.5037497e-05,1.6974998e-05
4,72,125.764,0.144,1.4299997e-05,1.2762499e-05,1.2595829e-05,6.395833e-06,1.2270832e-05,1.3662498e-05,1.2508329e-05,1.1579164e-05,1.1033329e-05,1.4162492e-05,1.2404163e-05,1.346666e-05,1.5733329e-05,1.1870829e-05,1.5033333e-05,1.6991664e-05
4,73,125.907,0.146,1.4229163e-05,1.2962492e-05,1.2570827e-05,6.374995e-06,1.2237493e-05,1.3658333e-05,1.254166e-05,1.1495828e-05,1.1033329e-05,1.4108332e-05,1.2341667e-05,1.346666e-05,1.5633328e-05,1.1879166e-05,1.4945833e-05,1.7012493e-05
4,74,126.05,0.148,1.4233327e-05,1.2787493e-05,1.2533331e-05,6.304161e-06,1.2170832e-05,1.3608328e-05,1.2533331e-05,1.1445833e-05,1.0954165e-05,1.4058328e-05,1.2383326e-05,1.3333329e-05,1.5574995e-05,1.178333e-05,1.4912494e-05,1.6958333e-05
4,75,126.193,0.15,1.4133327e-05,1.2758326e-05,1.245416e-05,6.274994e-06,1.2079159e-05,1.3524993e-05,1.2466661e-05,1.1391664e-05,1.0866665e-05,1.4154164e-05,1.2241666e-05,1.3395826e-05,1.5541666e-05,1.1837498e-05,1.4904165e-05,1.6883325e-05
4,76,126.336,0.152,1.4116661e-05,1.2779165e-05,1.2349995e-05,6.266665e-06,1.2145829e-05,1.3470833e-05,1.2449996e-05,1.1416666e-05,1.0899997e-05,1.4116661e-05,1.2304163e-05,1.334583e-05,1.5558329e-05,1.178333e-05,1.4824995e-05,1.6916665e-05
4,77,126.479,0.154,1.4112497e-05,1.2629159e-05,1.2416665e-05,6.274994e-06,1.2158331e-05,1.343333e-05,1.2420829e-05,1.1329166e-05,1.0929163e-05,1.3933332e-05,1.2216663e-05,1.327916e-05,1.5516662e-05,1.1816661e-05,1.4795828e-05,1.6725e-05
4,78,126.622,0.156,1.4037498e-05,1.2662498e-05,1.2299998e-05,6.170829e-06,1.2033327e-05,1.3399998e-05,1.2404163e-05,1.1345832e-05,1.0908326e-05,1.3966664e-05,1.2195826e-05,1.3270831e-05,1.5520827e-05,1.1820833e-05,1.4849997e-05,1.6816664e-05
4,79,126.766,0.158,1.4216662e-05,1.2624995e-05,1.226666e-05,6.133326e-06,1.1916662e-05,1.3341665e-05,1.2333329e-05,1.1274998e-05,1.0924999e-05,1.3858326e-05,1.2283325e-05,1.3145828e-05,1.5483332e-05,1.1812496e-05,1.4699999e-05,1.69e-05
4,80,126.909,0.16,1.3924996e-05,1.2595829e-05,1.2249994e-05,6.149999e-06,1.1962493e-05,1.3329164e-05,1.234583e-05,1.1224993e-05,1.0924999e-05,1.3883328e-05,1.2049993e-05,1.3304162e-05,1.5483332e-05,1.1779165e-05,1.4737495e-05,1.6741666e-05
4,81,127.052,0.162,1.3870827e-05,1.2470826e-05,1.2212499e-05,6.141663e-06,1.1845827e-05,1.3249994e-05,1.226666e-05,1.1183325e-05,1.0924999e-05,1.3858326e-05,1.2125e-05,1.3124998e-05,1.537083e-05,1.1812496e-05,1.4708328e-05,1.6704162e-05
4,82,127.195,0.164,1.3912495e-05,1.2529159e-05,1.2166659e-05,6.108331e-06,1.1762492e-05,1.3220827e-05,1.2233329e-05,1.1179161e-05,1.0912498e-05,1.3845834e-05,1.2045829e-05,1.3049992e-05,1.5433327e-05,1.1745827e-05,1.4649995e-05,1.6654165e-05
4,83,127.338,0.166,1.3774999e-05,1.2549996e-05,1.2174995e-05,6.079165e-06,1.1812496e-05,1.3095831e-05,1.2199998e-05,1.1137494e-05,1.0929163e-05,1.3787492e-05,1.1995832e-05,1.3012496e-05,1.5512498e-05,1.1837498e-05,1.4620829e-05,1.665833e-05
4,84,127.481,0.168,1.3770827e-05,1.2399999e-05,1.2137492e-05,6.099995e-06,1.1779165e-05,1.3108333e-05,1.2224992e-05,1.1020828e-05,1.0904161e-05,1.3704165e-05,1.1983331e-05,1.2954163e-05,1.5187494e-05,1.1849999e-05,1.4554159e-05,1.667916e-05
4,85,127.624,0.17,1.3691663e-05,1.2304163e-05,1.1949992e-05,6.041662e-06,1.1691665e-05,1.3041663e-05,1.2174995e-05,1.1012498e-05,1.087083e-05,1.3704165e-05,1.1933326e-05,1.2933326e-05,1.5158327e-05,1.1691665e-05,1.456666e-05,1.6612497e-05
4,86,127.767,0.172,1.3712493e-05,1.2274996e-05,1.1941664e-05,5.979165e-06,1.1641661e-05,1.2987494e-05,1.2158331e-05,1.0987496e-05,1.0937492e-05,1.3695828e-05,1.1916662e-05,1.2966665e-05,1.5208332e-05,1.1908332e-05,1.456666e-05,1.6583332e-05
4,87,127.91,0.174,1.3670826e-05,1.2316664e-05,1.1837498e-05,6.058327e-06,1.1737498e-05,1.2941662e-05,1.205833e-05,1.0941664e-05,1.0904161e-05,1.3724994e-05,1.1874994e-05,1.2904159e-05,1.511666e-05,1.1645826e-05,1.4666661e-05,1.6529162e-05
4,88,128.053,0.176,1.365416e-05,1.2233329e-05,1.1791666e-05,5.887493e-06,1.1524995e-05,1.2941662e-05,1.2120827e-05,1.0833327e-05,1.0866665e-05,1.3549996e-05,1.1866665e-05,1.2874993e-05,1.509583e-05,1.1658327e-05,1.4549994e-05,1.645e-05
4,89,128.196,0.178,1.3641659e-05,1.2229165e-05,1.180416e-05,5.92916e-06,1.1508329e-05,1.2883329e-05,1.200416e-05,1.0824998e-05,1.0904161e-05,1.3524993e-05,1.1845827e-05,1.2858327e-05,1.5104159e-05,1.1599994e-05,1.4395833e-05,1.6574995e-05
4,90,128.339,0.18,1.3716666e-05,1.2191661e-05,1.1737498e-05,5.80833e-06,1.1479163e-05,1.2908332e-05,1.1999997e-05,1.0791659e-05,1.0812497e-05,1.3591663e-05,1.178333e-05,1.2849999e-05,1.502916e-05,1.1683329e-05,1.4379159e-05,1.6424998e-05
4,91,128.482,0.182,1.3566661e-05,1.2195826e-05,1.1699995e-05,5.874999e-06,1.1437495e-05,1.2754163e-05,1.1945828e-05,1.0729162e-05,1.0833327e-05,1.3512492e-05,1.1762492e-05,1.2858327e-05,1.4966663e-05,1.1599994e-05,1.429166e-05,1.6316661e-05
4,92,128.625,0.184,1.3483325e-05,1.2166659e-05,1.1616659e-05,5.854161e-06,1.1424994e-05,1.2837498e-05,1.1987496e-05,1.0695831e-05,1.0866665e-05,1.3591663e-05,1.1708331e-05,1.2741662e-05,1.4954162e-05,1.1583328e-05,1.4308325e-05,1.6508333e-05
4,93,128.768,0.186,1.3449995e-05,1.2249994e-05,1.152916e-05,5.80833e-06,1.1312492e-05,1.2587499e-05,1.1991659e-05,1.0654163e-05,1.0862494e-05,1.3383333e-05,1.1683329e-05,1.2620831e-05,1.4933332e-05,1.1558326e-05,1.4233327e-05,1.6254162e-05
4,94,128.911,0.188,1.3508327e-05,1.2204162e-05,1.1508329e-05,5.770826e-06,1.1262497e-05,1.2787493e-05,1.1912497e-05,1.061666e-05,1.0816661e-05,1.3395826e-05,1.1679164e-05,1.2624995e-05,1.48875e-05,1.1579164e-05,1.4208333e-05,1.6287493e-05
4,95,129.054,0.19,1.3399998e-05,1.2104161e-05,1.1487492e-05,5.729159e-06,1.1220829e-05,1.254166e-05,1.1833326e-05,1.0624997e-05,1.0883331e-05,1.3304162e-05,1.1620831e-05,1.2570827e-05,1.4883328e-05,1.1566663e-05,1.4141663e-05,1.6249998e-05
4,96,129.197,0.192,1.3358331e-05,1.2145829e-05,1.144166e-05,5.712493e-06,1.1183325e-05,1.2516665e-05,1.1754163e-05,1.0441661e-05,1.0833327e-05,1.327916e-05,1.1620831e-05,1.2566662e-05,1.4837496e-05,1.1508329e-05,1.4141663e-05,1.6245825e-05
4,97,129.34,0.194,1.3370832e-05,1.217916e-05,1.1287499e-05,5.708329e-06,1.1137494e-05,1.2470826e-05,1.1670828e-05,1.0449998e-05,1.1024999e-05,1.3204161e-05,1.1458325e-05,1.2554161e-05,1.4758332e-05,1.1554162e-05,1.4095831e-05,1.6179165e-05
4,98,129.483,0.196,1.3283332e-05,1.1987496e-05,1.1324993e-05,5.649996e-06,1.106666e-05,1.2416665e-05,1.1666663e-05,1.0362498e-05,1.0770829e-05,1.3349994e-05,1.1508329e-05,1.2524994e-05,1.484166e-05,1.1545833e-05,1.4095831e-05,1.6137497e-05
4,99,129.626,0.198,1.3299998e-05,1.1991659e-05,1.1312492e-05,5.645832e-06,1.1012498e-05,1.2337494e-05,1.1612495e-05,1.0337496e-05,1.0770829e-05,1.3337493e-05,1.1445833e-05,1.2470826e-05,1.4645831e-05,1.1549997e-05,1.4041662e-05,1.6254162e-05
4,100,129.769,0.2,1.3237493e-05,1.1949992e-05,1.1274998e-05,5.608328e-06,1.0974995e-05,1.2287497e-05,1.1604166e-05,1.0324995e-05,1.078333e-05,1.3374996e-05,1.1383327e-05,1.2424994e-05,1.4691663e-05,1.1458325e-05,1.3987494e-05,1.609583e-05
4,101,129.912,0.202,1.317083e-05,1.1983331e-05,1.1216664e-05,5.583326e-06,1.095833e-05,1.2262495e-05,1.1570827e-05,1.0237495e-05,1.0737499e-05,1.3183331e-05,1.1470826e-05,1.2362496e-05,1.4649995e-05,1.1429159e-05,1.4008331e-05,1.6070826e-05
4,102,130.055,0.204,1.3154165e-05,1.1812496e-05,1.1083333e-05,5.549995e-06,1.0912498e-05,1.2137492e-05,1.1558326e-05,1.0245832e-05,1.075e-05,1.3112497e-05,1.1308328e-05,1.236666e-05,1.4595827e-05,1.1449996e-05,1.3879164e-05,1.6154163e-05
4,103,130.199,0.206,1.3199997e-05,1.1912497e-05,1.104583e-05,5.470832e-06,1.0854164e-05,1.2170832e-05,1.1516667e-05,1.0208329e-05,1.0766666e-05,1.3062493e-05,1.1270833e-05,1.2320828e-05,1.4529164e-05,1.1416666e-05,1.3816659e-05,1.5979163e-05
4,104,130.342,0.208,1.3029162e-05,1.1787494e-05,1.1024999e-05,5.487498e-06,1.0787495e-05,1.2087497e-05,1.1483327e-05,1.0112492e-05,1.075e-05,1.3045827e-05,1.1199999e-05,1.245416e-05,1.4583326e-05,1.142083e-05,1.3879164e-05,1.59875e-05
4,105,130.485,0.21,1.2966665e-05,1.1799995e-05,1.1004162e-05,5.487498e-06,1.080416e-05,1.2099998e-05,1.152083e-05,1.0112492e-05,1.0795831e-05,1.2966665e-05,1.1187498e-05,1.2212499e-05,1.454583e-05,1.1416666e-05,1.3766662e-05,1.5845832e-05
4,106,130.628,0.212,1.3133327e-05,1.1795831e-05,1.0966659e-05,5.433329e-06,1.0724997e-05,1.2020826e-05,1.1404165e-05,1.0087498e-05,1.0733326e-05,1.2929161e-05,1.1154159e-05,1.2183333e-05,1.4608328e-05,1.1437495e-05,1.374166e-05,1.5929167e-05
4,107,130.771,0.214,1.3049992e-05,1.1674992e-05,1.106666e-05,5.399998e-06,1.0629161e-05,1.1870829e-05,1.135416e-05,9.954158e-06,1.0745827e-05,1.2874993e-05,1.1158331e-05,1.2033327e-05,1.4437493e-05,1.1404165e-05,1.3754161e-05,1.5849995e-05
4,108,130.914,0.216,1.2799994e-05,1.1575e-05,1.0829162e-05,5.429165e-06,1.0562499e-05,1.1933326e-05,1.1308328e-05,1.0008327e-05,1.0770829e-05,1.28625e-05,1.1124992e-05,1.2041664e-05,1.4354166e-05,1.1495828e-05,1.3670826e-05,1.582083e-05
4,109,131.057,0.218,1.28625e-05,1.152916e-05,1.0879159e-05,5.383333e-06,1.0549998e-05,1.1895831e-05,1.1295827e-05,9.916663e-06,1.0691659e-05,1.2820832e-05,1.1074996e-05,1.1974995e-05,1.4329164e-05,1.1458325e-05,1.3670826e-05,1.5812493e-05
4,110,131.2,0.22,1.2783329e-05,1.1495828e-05,1.0791659e-05,5.329164e-06,1.0441661e-05,1.1795831e-05,1.1262497e-05,9.799997e-06,1.0762493e-05,1.2766664e-05,1.1024999e-05,1.1949992e-05,1.4387496e-05,1.1429159e-05,1.3595827e-05,1.5762496e-05
4,111,131.343,0.222,1.2762499e-05,1.1483327e-05,1.0849993e-05,5.324991e-06,1.0499994e-05,1.1737498e-05,1.1229165e-05,9.804161e-06,1.0683329e-05,1.2716659e-05,1.0983332e-05,1.1958329e-05,1.4245828e-05,1.1391664e-05,1.3683327e-05,1.5745831e-05
4,112,131.486,0.224,1.270833e-05,1.1449996e-05,1.0545826e-05,5.25833e-06,1.0358325e-05,1.1699995e-05,1.1112499e-05,9.741664e-06,1.0679166e-05,1.2620831e-05,1.0945829e-05,1.1899996e-05,1.4262493e-05,1.1274998e-05,1.3612493e-05,1.5679161e-05
4,113,131.629,0.226,1.2683328e-05,1.1416666e-05,1.0562499e-05,5.208326e-06,1.0524996e-05,1.1649998e-05,1.1104163e-05,9.683331e-06,1.070416e-05,1.2645833e-05,1.0858329e-05,1.1841663e-05,1.4179166e-05,1.1287499e-05,1.3470833e-05,1.5745831e-05
4,114,131.772,0.228,1.2758326e-05,1.1374998e-05,1.0487493e-05,5.195832e-06,1.0370827e-05,1.1637497e-05,1.1029164e-05,9.624998e-06,1.0620833e-05,1.2591664e-05,1.0837499e-05,1.1841663e-05,1.4112497e-05,1.1208328e-05,1.3616665e-05,1.5620828e-05
4,115,131.915,0.23,1.279583e-05,1.1399992e-05,1.0437497e-05,5.287496e-06,1.0212493e-05,1.1541661e-05,1.1091662e-05,9.58333e-06,1.0662492e-05,1.2554161e-05,1.0812497e-05,1.1816661e-05,1.4108332e-05,1.1224993e-05,1.3316663e-05,1.549166e-05
4,116,132.058,0.232,1.2770827e-05,1.1316665e-05,1.0358325e-05,5.141664e-06,1.015416e-05,1.162916e-05,1.1041665e-05,9.587495e-06,1.0645826e-05,1.2554161e-05,1.0841663e-05,1.1749999e-05,1.4041662e-05,1.1216664e-05,1.3349994e-05,1.5508325e-05
4,117,132.201,0.234,1.252083e-05,1.1404165e-05,1.0399994e-05,5.112497e-06,1.015416e-05,1.1358333e-05,1.097916e-05,9.520832e-06,1.0691659e-05,1.2429166e-05,1.0774994e-05,1.1712496e-05,1.4041662e-05,1.1179161e-05,1.3312499e-05,1.5454165e-05
4,118,132.344,0.236,1.2637496e-05,1.1195826e-05,1.0237495e-05,5.112497e-06,1.0083326e-05,1.1304164e-05,1.1112499e-05,9.60416e-06,1.0599994e-05,1.2474998e-05,1.0745827e-05,1.1833326e-05,1.3945826e-05,1.1170832e-05,1.3254165e-05,1.5416663e-05
4,119,132.487,0.238,1.236666e-05,1.1245831e-05,1.0229166e-05,5.083331e-06,1.0037494e-05,1.1249996e-05,1.0962494e-05,9.412495e-06,1.0679166e-05,1.2370832e-05,1.0662492e-05,1.1579164e-05,1.4187495e-05,1.116666e-05,1.3199997e-05,1.5449992e-05
4,120,132.63,0.24,1.2354159e-05,1.1179161e-05,1.0149995e-05,5.062493e-06,1.00125e-05,1.123333e-05,1.0799996e-05,9.333332e-06,1.0699995e-05,1.2320828e-05,1.0633325e-05,1.1579164e-05,1.3879164e-05,1.1174997e-05,1.3158329e-05,1.5308333e-05
4,121,132.773,0.242,1.2441659e-05,1.1141666e-05,1.0145831e-05,5.054164e-06,9.949994e-06,1.1212492e-05,1.0945829e-05,9.312495e-06,1.0641662e-05,1.2295826e-05,1.0558327e-05,1.1454161e-05,1.3849997e-05,1.1104163e-05,1.3141664e-05,1.5383332e-05
4,122,132.916,0.244,1.2199998e-05,1.1133329e-05,1.0058331e-05,5.008332e-06,9.883332e-06,1.1120828e-05,1.0791659e-05,9.449998e-06,1.0687494e-05,1.234583e-05,1.0541661e-05,1.1437495e-05,1.3874999e-05,1.1083333e-05,1.3120826e-05,1.5291658e-05
4,123,133.059,0.246,1.2229165e-05,1.1091662e-05,1.00125e-05,4.954163e-06,9.874995e-06,1.1087497e-05,1.0733326e-05,9.212494e-06,1.0662492e-05,1.2216663e-05,1.049583e-05,1.1416666e-05,1.3783328e-05,1.1079161e-05,1.2995831e-05,1.5291658e-05
4,124,133.202,0.248,1.2187496e-05,1.104583e-05,9.983333e-06,4.904159e-06,9.754165e-06,1.1008327e-05,1.0679166e-05,9.137495e-06,1.0545826e-05,1.2149993e-05,1.0462499e-05,1.1370826e-05,1.3712493e-05,1.1137494e-05,1.300416e-05,1.5224997e-05
4,125,133.345,0.25,1.2154166e-05,1.0983332e-05,9.799997e-06,4.933325e-06,9.729163e-06,1.0983332e-05,1.0649999e-05,9.087499e-06,1.0545826e-05,1.2199998e-05,1.0620833e-05,1.13e-05,1.3762497e-05,1.1129165e-05,1.2854163e-05,1.5212496e-05
4,126,133.488,0.252,1.226666e-05,1.0954165e-05,9.812498e-06,4.845826e-06,9.691659e-06,1.0941664e-05,1.0579165e-05,9.058333e-06,1.0483329e-05,1.2024999e-05,1.0445825e-05,1.123333e-05,1.3666661e-05,1.1020828e-05,1.2908332e-05,1.5195831e-05
4,127,133.632,0.254,1.2074995e-05,1.0874995e-05,9.841665e-06,4.799994e-06,9.637499e-06,1.0845828e-05,1.0558327e-05,9.024993e-06,1.0558327e-05,1.2158331e-05,1.0399994e-05,1.1241658e-05,1.3679162e-05,1.1033329e-05,1.2799994e-05,1.5087493e-05
4,128,133.775,0.256,1.1995832e-05,1.0816661e-05,9.716662e-06,4.766663e-06,9.570829e-06,1.0762493e-05,1.0524996e-05,8.962496e-06,1.052916e-05,1.1958329e-05,1.0304165e-05,1.1304164e-05,1.3612493e-05,1.1008327e-05,1.2716659e-05,1.5091666e-05
4,129,133.918,0.258,1.2154166e-05,1.0837499e-05,9.733327e-06,4.79583e-06,9.549999e-06,1.0733326e-05,1.0466663e-05,8.945831e-06,1.0499994e-05,1.1870829e-05,1.0212493e-05,1.1087497e-05,1.3558332e-05,1.1041665e-05,1.2749998e-05,1.5033333e-05
4,130,134.061,0.26,1.2112499e-05,1.0820826e-05,9.691659e-06,4.762499e-06,9.458327e-06,1.0733326e-05,1.040833e-05,8.916664e-06,1.0474992e-05,1.1870829e-05,1.0166661e-05,1.1049994e-05,1.3524993e-05,1.0966659e-05,1.2712495e-05,1.5033333e-05
4,131,134.204,0.262,1.1854164e-05,1.0674993e-05,9.624998e-06,4.745825e-06,9.458327e-06,1.0624997e-05,1.0345832e-05,8.854158e-06,1.0474992e-05,1.1829162e-05,1.0145831e-05,1.1149995e-05,1.3470833e-05,1.0966659e-05,1.2620831e-05,1.4966663e-05
4,132,134.347,0.264,1.2008325e-05,1.070416e-05,9.520832e-06,4.745825e-06,9.383329e-06,1.0570828e-05,1.0374999e-05,8.77916e-06,1.0474992e-05,1.180416e-05,1.0112492e-05,1.0987496e-05,1.3520829e-05,1.0954165e-05,1.2762499e-05,1.4912494e-05
4,133,134.49,0.266,1.1787494e-05,1.0591666e-05,9.458327e-06,4.695829e-06,9.366663e-06,1.052916e-05,1.0274998e-05,8.708326e-06,1.0516659e-05,1.1745827e-05,1.0049995e-05,1.0924999e-05,1.3349994e-05,1.1033329e-05,1.2583328e-05,1.4933332e-05
4,134,134.633,0.268,1.1708331e-05,1.0608332e-05,9.39583e-06,4.749998e-06,9.275e-06,1.0420831e-05,1.0295828e-05,8.67916e-06,1.0541661e-05,1.1745827e-05,1.0054159e-05,1.0912498e-05,1.3291661e-05,1.1054166e-05,1.2666663e-05,1.4849997e-05
4,135,134.776,0.27,1.1687493e-05,1.0512495e-05,9.412495e-06,4.695829e-06,9.258326e-06,1.0399994e-05,1.022083e-05,8.695833e-06,1.0449998e-05,1.1654162e-05,9.962495e-06,1.0895832e-05,1.3216662e-05,1.0837499e-05,1.2620831e-05,1.482083e-05
4,136,134.919,0.272,1.1645826e-05,1.049583e-05,9.387493e-06,4.599992e-06,9.266662e-06,1.0354162e-05,1.0199992e-05,8.562493e-06,1.0433332e-05,1.1575e-05,9.920827e-06,1.0820826e-05,1.3233328e-05,1.0837499e-05,1.2533331e-05,1.4766661e-05
4,137,135.062,0.274,1.1604166e-05,1.0474992e-05,9.22083e-06,4.520829e-06,9.312495e-06,1.032083e-05,1.0099999e-05,8.533327e-06,1.0429159e-05,1.1566663e-05,9.845829e-06,1.0787495e-05,1.3195832e-05,1.080416e-05,1.2354159e-05,1.4904165e-05
4,138,135.205,0.276,1.1758328e-05,1.0454162e-05,9.245833e-06,4.491663e-06,9.091664e-06,1.0287499e-05,1.0099999e-05,8.479166e-06,1.0424996e-05,1.1587493e-05,9.866659e-06,1.0758328e-05,1.3162494e-05,1.0795831e-05,1.2558333e-05,1.4712493e-05
4,139,135.348,0.278,1.1670828e-05,1.0391665e-05,9.166662e-06,4.54166e-06,8.991663e-06,1.0183327e-05,1.0108328e-05,8.454163e-06,1.0370827e-05,1.1495828e-05,9.795833e-06,1.0687494e-05,1.3070829e-05,1.0795831e-05,1.2287497e-05,1.4524992e-05
4,140,135.491,0.28,1.1691665e-05,1.0316666e-05,9.104165e-06,4.508328e-06,8.954159e-06,1.022083e-05,1.006666e-05,8.383329e-06,1.0424996e-05,1.1395828e-05,9.754165e-06,1.0666665e-05,1.3066665e-05,1.0824998e-05,1.2279161e-05,1.4516663e-05
4,141,135.634,0.282,1.1516667e-05,1.0291664e-05,9.041659e-06,4.441659e-06,8.929165e-06,1.0016664e-05,1.0124993e-05,8.341662e-06,1.0395829e-05,1.1337494e-05,9.691659e-06,1.0566664e-05,1.3012496e-05,1.075e-05,1.2241666e-05,1.4524992e-05
4,142,135.777,0.284,1.1508329e-05,1.032083e-05,9.02083e-06,4.445831e-06,8.879161e-06,1.0020828e-05,1.0016664e-05,8.324997e-06,1.0374999e-05,1.1404165e-05,9.687496e-06,1.0604159e-05,1.300416e-05,1.0729162e-05,1.2212499e-05,1.445833e-05
4,143,135.92,0.286,1.1508329e-05,1.0266662e-05,8.937494e-06,4.395827e-06,8.820828e-06,9.954158e-06,9.941666e-06,8.224996e-06,1.0374999e-05,1.1262497e-05,9.654164e-06,1.0491665e-05,1.2929161e-05,1.0758328e-05,1.2120827e-05,1.4466659e-05
4,144,136.063,0.288,1.1270833e-05,1.0229166e-05,8.904163e-06,4.370832e-06,8.75833e-06,9.912499e-06,9.808326e-06,8.187492e-06,1.0404166e-05,1.1216664e-05,9.566665e-06,1.0429159e-05,1.2874993e-05,1.0662492e-05,1.2074995e-05,1.4412499e-05
4,145,136.206,0.29,1.126666e-05,1.0145831e-05,8.804162e-06,4.337493e-06,8.724999e-06,9.849993e-06,9.954158e-06,8.116658e-06,1.0454162e-05,1.1229165e-05,9.554164e-06,1.0395829e-05,1.2804167e-05,1.070416e-05,1.2008325e-05,1.4387496e-05
4,146,136.349,0.292,1.123333e-05,1.0149995e-05,8.749994e-06,4.341666e-06,8.654165e-06,9.837492e-06,9.691659e-06,8.04166e-06,1.0366663e-05,1.1187498e-05,9.520832e-06,1.0349997e-05,1.2837498e-05,1.0674993e-05,1.1999997e-05,1.4341665e-05
4,147,136.492,0.294,1.1187498e-05,1.0104163e-05,8.770831e-06,4.287497e-06,8.633328e-06,9.729163e-06,9.691659e-06,7.987499e-06,1.0395829e-05,1.1183325e-05,9.466664e-06,1.0316666e-05,1.2670827e-05,1.0687494e-05,1.1908332e-05,1.4374995e-05
4,148,136.635,0.296,1.1129165e-05,9.991661e-06,8.695833e-06,4.266659e-06,8.637492e-06,9.674995e-06,9.687496e-06,7.991664e-06,1.0412495e-05,1.1087497e-05,9.470828e-06,1.0216665e-05,1.2749998e-05,1.0620833e-05,1.1908332e-05,1.4304161e-05
4,149,136.778,0.298,1.1129165e-05,1.0024993e-05,8.633328e-06,4.204162e-06,8.5375e-06,9.629162e-06,9.595831e-06,7.954161e-06,1.0395829e-05,1.1204163e-05,9.333332e-06,1.0187498e-05,1.2670827e-05,1.0608332e-05,1.1791666e-05,1.4258329e-05
4,150,136.921,0.3,1.1162496e-05,1.0008327e-05,8.57083e-06,4.191661e-06,8.454163e-06,9.579166e-06,9.554164e-06,7.887498e-06,1.0249996e-05,1.1120828e-05,9.295829e-06,1.0183327e-05,1.2637496e-05,1.0549998e-05,1.1816661e-05,1.4224998e-05
4,151,137.065,0.302,1.1029164e-05,9.916663e-06,8.533327e-06,4.216663e-06,8.420833e-06,9.50416e-06,9.487494e-06,7.85416e-06,1.0283327e-05,1.0849993e-05,9.362499e-06,1.0083326e-05,1.2554161e-05,1.0624997e-05,1.1729161e-05,1.4116661e-05
4,152,137.208,0.304,1.1104163e-05,9.891661e-06,8.491659e-06,4.124999e-06,8.391658e-06,9.441662e-06,9.491666e-06,7.799999e-06,1.0274998e-05,1.080416e-05,9.195828e-06,1.0233331e-05,1.2462497e-05,1.0587493e-05,1.1741662e-05,1.4099995e-05
4,153,137.351,0.306,1.1029164e-05,9.804161e-06,8.441662e-06,4.141665e-06,8.308331e-06,9.349998e-06,9.449998e-06,7.749994e-06,1.0270826e-05,1.0820826e-05,9.262498e-06,9.999999e-06,1.2591664e-05,1.0520832e-05,1.1595829e-05,1.4070829e-05
4,154,137.494,0.308,1.0966659e-05,9.79166e-06,8.399995e-06,4.141665e-06,8.204166e-06,9.383329e-06,9.39583e-06,7.733329e-06,1.024166e-05,1.0774994e-05,9.129159e-06,1.0087498e-05,1.2383326e-05,1.0491665e-05,1.1599994e-05,1.3962499e-05
4,155,137.637,0.31,1.0762493e-05,9.649992e-06,8.320832e-06,4.045828e-06,8.187492e-06,9.337497e-06,9.32916e-06,7.633328e-06,1.0254161e-05,1.0720825e-05,9.099992e-06,9.887497e-06,1.2562497e-05,1.0512495e-05,1.1504166e-05,1.390833e-05
4,156,137.78,0.312,1.0845828e-05,9.849993e-06,8.345826e-06,4.066666e-06,8.158326e-06,9.254161e-06,9.291664e-06,7.620828e-06,1.0224994e-05,1.0699995e-05,9.029166e-06,9.833328e-06,1.2491663e-05,1.0595831e-05,1.1499993e-05,1.3949998e-05
4,157,137.923,0.314,1.0570828e-05,9.608332e-06,8.254163e-06,4.016661e-06,8.087492e-06,9.162498e-06,9.279163e-06,7.666659e-06,1.0212493e-05,1.0608332e-05,9.004164e-06,9.820827e-06,1.2249994e-05,1.0524996e-05,1.1433332e-05,1.3912495e-05
4,158,138.066,0.316,1.0537497e-05,9.562493e-06,8.345826e-06,4.070831e-06,8.079163e-06,9.208329e-06,9.133331e-06,7.495833e-06,1.0183327e-05,1.0579165e-05,8.970833e-06,9.754165e-06,1.2279161e-05,1.0391665e-05,1.1387499e-05,1.3862498e-05
4,159,138.209,0.318,1.0554163e-05,9.487494e-06,8.062498e-06,3.999996e-06,8.070827e-06,9.104165e-06,9.108328e-06,7.499997e-06,1.015416e-05,1.0520832e-05,8.879161e-06,9.7375e-06,1.2166659e-05,1.0395829e-05,1.1554162e-05,1.3779163e-05
4,160,138.352,0.32,1.0466663e-05,9.491666e-06,8.04166e-06,4.016661e-06,7.94166e-06,9.033331e-06,9.070825e-06,7.354164e-06,1.0199992e-05,1.0454162e-05,8.879161e-06,9.695832e-06,1.2174995e-05,1.0433332e-05,1.1245831e-05,1.3745833e-05
4,161,138.495,0.322,1.0574992e-05,9.424996e-06,7.916665e-06,3.849999e-06,7.887498e-06,9.016665e-06,9.029166e-06,7.362493e-06,1.0195828e-05,1.0462499e-05,8.795826e-06,9.641663e-06,1.2120827e-05,1.0308329e-05,1.1204163e-05,1.3758326e-05
4,162,138.638,0.324,1.0479164e-05,9.404159e-06,7.93333e-06,3.874993e-06,8.024995e-06,8.912491e-06,9.016665e-06,7.316661e-06,1.0104163e-05,1.032083e-05,8.799998e-06,9.608332e-06,1.2029163e-05,1.0387492e-05,1.1149995e-05,1.3691663e-05
4,163,138.781,0.326,1.0504166e-05,9.366663e-06,7.862496e-06,3.837498e-06,7.862496e-06,8.991663e-06,8.979162e-06,7.287495e-06,1.0104163e-05,1.032916e-05,8.733328e-06,9.554164e-06,1.1962493e-05,1.0337496e-05,1.1129165e-05,1.3587499e-05
4,164,138.924,0.328,1.049583e-05,9.312495e-06,7.862496e-06,3.812496e-06,7.974998e-06,8.899999e-06,8.941666e-06,7.19583e-06,1.0137494e-05,1.0279163e-05,8.670831e-06,9.445826e-06,1.1949992e-05,1.032916e-05,1.1079161e-05,1.3529166e-05
4,165,139.067,0.33,1.0416658e-05,9.30833e-06,7.754159e-06,3.829161e-06,7.729165e-06,8.695833e-06,8.991663e-06,7.170828e-06,1.0062496e-05,1.0245832e-05,8.629163e-06,9.424996e-06,1.1899996e-05,1.0312494e-05,1.1049994e-05,1.3458332e-05
4,166,139.21,0.332,1.0299993e-05,9.245833e-06,7.720828e-06,3.766664e-06,7.645829e-06,8.741665e-06,8.795826e-06,7.099994e-06,1.0070833e-05,1.013333e-05,8.608326e-06,9.354162e-06,1.180416e-05,1.0299993e-05,1.0970831e-05,1.3449995e-05
4,167,139.353,0.334,1.013333e-05,9.154161e-06,7.691661e-06,3.774993e-06,7.620828e-06,8.612497e-06,8.908328e-06,7.033332e-06,1.013333e-05,1.0112492e-05,8.541663e-06,9.304166e-06,1.1829162e-05,1.0233331e-05,1.0912498e-05,1.3404163e-05
4,168,139.496,0.336,1.0158332e-05,9.154161e-06,7.591661e-06,3.733325e-06,7.566658e-06,8.516661e-06,8.883325e-06,7.020831e-06,1.0083326e-05,1.0049995e-05,8.462493e-06,9.266662e-06,1.1720832e-05,1.0279163e-05,1.0824998e-05,1.3370832e-05
4,169,139.639,0.338,1.0120829e-05,9.116666e-06,7.599997e-06,3.71666e-06,7.499997e-06,8.516661e-06,8.687496e-06,6.954161e-06,1.0049995e-05,1.0016664e-05,8.495832e-06,9.258326e-06,1.1720832e-05,1.0287499e-05,1.0845828e-05,1.3349994e-05
4,170,139.782,0.34,9.966659e-06,9.016665e-06,7.487496e-06,3.674992e-06,7.47083e-06,8.491659e-06,8.579159e-06,6.849996e-06,1.0091662e-05,9.962495e-06,8.362492e-06,9.145832e-06,1.1633332e-05,1.0183327e-05,1.0729162e-05,1.3254165e-05
4,171,139.925,0.342,1.00125e-05,9.024993e-06,7.466666e-06,3.624996e-06,7.424998e-06,8.408332e-06,8.583331e-06,6.824994e-06,1.0095827e-05,9.966659e-06,8.362492e-06,9.170826e-06,1.1595829e-05,1.0237495e-05,1.0670828e-05,1.3237493e-05
4,172,140.068,0.344,9.87916e-06,9.008329e-06,7.379158e-06,3.645825e-06,7.337499e-06,8.358327e-06,8.524998e-06,6.82083e-06,9.987497e-06,1.0033329e-05,8.341662e-06,9.041659e-06,1.1595829e-05,1.0158332e-05,1.0654163e-05,1.3154165e-05
4,173,140.211,0.346,9.899998e-06,8.908328e-06,7.433327e-06,3.579164e-06,7.337499e-06,8.29583e-06,8.445827e-06,6.770825e-06,1.0016664e-05,9.824999e-06,8.349999e-06,9.008329e-06,1.152916e-05,1.0112492e-05,1.0599994e-05,1.319166e-05
4,174,140.354,0.348,9.820827e-06,8.84583e-06,7.379158e-06,3.566662e-06,7.287495e-06,8.262499e-06,8.445827e-06,6.720829e-06,9.929165e-06,9.733327e-06,8.333325e-06,8.924992e-06,1.144166e-05,1.006666e-05,1.0558327e-05,1.3208326e-05
4,175,140.497,0.35,9.762493e-06,8.887498e-06,7.30416e-06,3.537496e-06,7.224997e-06,8.22916e-06,8.354164e-06,6.670833e-06,9.941666e-06,9.679158e-06,8.329161e-06,8.96666e-06,1.1391664e-05,1.0054159e-05,1.0499994e-05,1.3099996e-05
4,176,140.641,0.352,9.620825e-06,8.733328e-06,7.233326e-06,3.54166e-06,7.124996e-06,8.154162e-06,8.349999e-06,6.63333e-06,9.962495e-06,9.641663e-06,8.183329e-06,8.816663e-06,1.1349996e-05,1.0062496e-05,1.0345832e-05,1.2937498e-05
4,177,140.784,0.354,9.808326e-06,8.737493e-06,7.204159e-06,3.479163e-06,7.112495e-06,8.112494e-06,8.312496e-06,6.599998e-06,9.954158e-06,9.566665e-06,8.049997e-06,8.937494e-06,1.1324993e-05,1.0054159e-05,1.0412495e-05,1.2987494e-05
4,178,140.927,0.356,9.712498e-06,8.687496e-06,7.149999e-06,3.429159e-06,7.024995e-06,8.074999e-06,8.162498e-06,6.570832e-06,9.924992e-06,9.520832e-06,7.974998e-06,8.704162e-06,1.1341659e-05,1.0124993e-05,1.0274998e-05,1.2949999e-05
4,179,141.07,0.358,9.462499e-06,8.554164e-06,7.074992e-06,3.454161e-06,6.974999e-06,7.983327e-06,8.149997e-06,6.474996e-06,9.937493e-06,9.458327e-06,7.93333e-06,8.724999e-06,1.1170832e-05,1.0008327e-05,1.0274998e-05,1.2824997e-05
4,180,141.213,0.36,9.366663e-06,8.587495e-06,7.091665e-06,3.399992e-06,6.966663e-06,7.974998e-06,8.099993e-06,6.454166e-06,9.916663e-06,9.437497e-06,7.883326e-06,8.629163e-06,1.1204163e-05,1.0058331e-05,1.0166661e-05,1.279583e-05
4,181,141.356,0.362,9.370828e-06,8.445827e-06,7.091665e-06,3.391663e-06,6.883327e-06,7.837494e-06,8.074999e-06,6.441664e-06,9.908326e-06,9.370828e-06,7.85416e-06,8.529162e-06,1.104583e-05,1.004583e-05,1.0116664e-05,1.2812495e-05
4,182,141.499,0.364,9.304166e-06,8.408332e-06,6.891664e-06,3.383326e-06,6.916666e-06,7.83333e-06,7.974998e-06,6.39166e-06,9.874995e-06,9.312495e-06,7.791662e-06,8.512497e-06,1.097916e-05,1.00125e-05,1.0224994e-05,1.2741662e-05
4,183,141.642,0.366,9.287493e-06,8.358327e-06,6.854161e-06,3.337494e-06,6.866662e-06,7.787497e-06,7.937495e-06,6.333327e-06,9.820827e-06,9.249997e-06,7.774996e-06,8.487495e-06,1.095833e-05,9.974996e-06,1.0029165e-05,1.272916e-05
4,184,141.785,0.368,9.199993e-06,8.329161e-06,6.804164e-06,3.379162e-06,6.816666e-06,7.716663e-06,7.899992e-06,6.299997e-06,9.837492e-06,9.32916e-06,7.687497e-06,8.387494e-06,1.0895832e-05,9.85833e-06,9.954158e-06,1.2662498e-05
4,185,141.928,0.37,9.12083e-06,8.320832e-06,6.804164e-06,3.26666e-06,6.808329e-06,7.708327e-06,7.866661e-06,6.191659e-06,9.808326e-06,9.158325e-06,7.666659e-06,8.395831e-06,1.0820826e-05,9.870831e-06,1.0054159e-05,1.2658325e-05
4,186,142.071,0.372,9.179163e-06,8.254163e-06,6.745831e-06,3.233329e-06,6.762496e-06,7.649994e-06,7.791662e-06,6.174993e-06,9.87916e-06,9.133331e-06,7.612498e-06,8.333325e-06,1.0833327e-05,9.837492e-06,9.824999e-06,1.2491663e-05
4,187,142.214,0.374,9.099992e-06,8.224996e-06,6.720829e-06,3.233329e-06,6.691662e-06,7.599997e-06,7.749994e-06,6.129162e-06,9.808326e-06,9.058333e-06,7.533328e-06,8.287493e-06,1.0737499e-05,9.866659e-06,9.774994e-06,1.260833e-05
4,188,142.357,0.376,9.016665e-06,8.137496e-06,6.683326e-06,3.199998e-06,6.587497e-06,7.595825e-06,7.720828e-06,6.133326e-06,9.762493e-06,8.958332e-06,7.529163e-06,8.191665e-06,1.0729162e-05,9.841665e-06,9.691659e-06,1.2383326e-05
4,189,142.5,0.378,9.14166e-06,8.133332e-06,6.599998e-06,3.199998e-06,6.541665e-06,7.516662e-06,7.699999e-06,6.108331e-06,9.779159e-06,8.999999e-06,7.466666e-06,8.208331e-06,1.0658327e-05,9.820827e-06,9.679158e-06,1.2270832e-05
4,190,142.643,0.38,8.991663e-06,8.095829e-06,6.562495e-06,3.179161e-06,6.499998e-06,7.424998e-06,7.691661e-06,6.049999e-06,9.774994e-06,8.887498e-06,7.387495e-06,8.074999e-06,1.0595831e-05,9.841665e-06,9.612497e-06,1.2320828e-05
4,191,142.786,0.382,9.004164e-06,8.058326e-06,6.558331e-06,3.174996e-06,6.466659e-06,7.395832e-06,7.524999e-06,5.954162e-06,9.779159e-06,8.804162e-06,7.324998e-06,8.024995e-06,1.0524996e-05,9.754165e-06,9.566665e-06,1.224583e-05
4,192,142.929,0.384,8.816663e-06,8.016666e-06,6.483333e-06,3.112499e-06,6.449994e-06,7.245827e-06,7.516662e-06,5.920831e-06,9.716662e-06,8.808327e-06,7.308332e-06,8.058326e-06,1.0520832e-05,9.745829e-06,9.524997e-06,1.2229165e-05
4,193,143.072,0.386,8.84583e-06,7.862496e-06,6.437492e-06,3.129164e-06,6.399997e-06,7.21666e-06,7.445828e-06,5.891665e-06,9.7375e-06,8.708326e-06,7.329162e-06,7.93333e-06,1.0466663e-05,9.720826e-06,9.433325e-06,1.2149993e-05
4,194,143.215,0.388,8.766659e-06,7.924994e-06,6.395833e-06,3.087497e-06,6.354165e-06,7.233326e-06,7.420826e-06,5.795829e-06,9.666665e-06,8.712498e-06,7.220833e-06,7.874997e-06,1.0466663e-05,9.691659e-06,9.412495e-06,1.2125e-05
4,195,143.358,0.39,8.566665e-06,7.841659e-06,6.387496e-06,3.037492e-06,6.333327e-06,7.174993e-06,7.333326e-06,5.770826e-06,9.85833e-06,8.612497e-06,7.21666e-06,7.841659e-06,1.032916e-05,9.67083e-06,9.333332e-06,1.2074995e-05
4,196,143.501,0.392,8.745829e-06,7.862496e-06,6.258329e-06,3.062495e-06,6.274994e-06,7.133333e-06,7.337499e-06,5.716666e-06,9.654164e-06,8.687496e-06,7.1625e-06,7.783326e-06,1.024166e-05,9.695832e-06,9.287493e-06,1.2033327e-05
4,197,143.644,0.394,8.666659e-06,7.774996e-06,6.299997e-06,3.041665e-06,6.245828e-06,7.083328e-06,7.266664e-06,5.679162e-06,9.616661e-06,8.549992e-06,7.108331e-06,7.724992e-06,1.0216665e-05,9.624998e-06,9.24166e-06,1.197083e-05
4,198,143.787,0.396,8.541663e-06,7.7125e-06,6.249992e-06,3.012498e-06,6.158328e-06,7.024995e-06,7.208331e-06,5.683327e-06,9.579166e-06,8.445827e-06,7.087493e-06,7.691661e-06,1.0212493e-05,9.674995e-06,9.095827e-06,1.1920825e-05
4,199,143.93,0.398,8.437499e-06,7.7125e-06,6.170829e-06,2.954165e-06,6.116661e-06,6.954161e-06,7.158327e-06,5.608328e-06,9.595831e-06,8.429161e-06,6.94166e-06,7.637493e-06,1.0104163e-05,9.620825e-06,9.083326e-06,1.1837498e-05
4,200,144.074,0.4,8.466665e-06,7.587496e-06,6.162492e-06,2.899996e-06,6.141663e-06,6.945832e-06,7.108331e-06,5.591663e-06,9.566665e-06,8.379166e-06,7.012494e-06,7.624992e-06,1.0058331e-05,9.574994e-06,9.091664e-06,1.1862493e-05
4,201,144.217,0.402,8.366665e-06,7.549993e-06,6.124997e-06,2.95833e-06,6.099995e-06,6.879163e-06,7.045825e-06,5.562496e-06,9.58333e-06,8.279165e-06,6.8875e-06,7.55833e-06,1.0041666e-05,9.58333e-06,8.937494e-06,1.1720832e-05
4,202,144.36,0.404,8.445827e-06,7.487496e-06,6.141663e-06,2.916662e-06,6.054163e-06,6.816666e-06,6.995829e-06,5.524993e-06,9.562493e-06,8.241662e-06,6.824994e-06,7.479159e-06,1.0004163e-05,9.595831e-06,8.970833e-06,1.1654162e-05
4,203,144.503,0.406,8.162498e-06,7.437499e-06,6.066664e-06,2.941664e-06,5.974992e-06,6.799992e-06,6.962498e-06,5.449994e-06,9.524997e-06,8.170828e-06,6.783327e-06,7.349992e-06,9.949994e-06,9.520832e-06,8.854158e-06,1.1683329e-05
4,204,144.646,0.408,8.237497e-06,7.341663e-06,5.983329e-06,2.87083e-06,6.012495e-06,6.783327e-06,6.899993e-06,5.474997e-06,9.516661e-06,8.104165e-06,6.741659e-06,7.395832e-06,9.808326e-06,9.474993e-06,8.749994e-06,1.1658327e-05
4,205,144.789,0.41,8.116658e-06,7.266664e-06,6.079165e-06,2.912498e-06,5.924996e-06,6.724993e-06,6.829158e-06,5.399998e-06,9.537498e-06,8.054161e-06,6.674997e-06,7.295831e-06,9.883332e-06,9.549999e-06,8.741665e-06,1.1541661e-05
4,206,144.932,0.412,8.024995e-06,7.237498e-06,5.90833e-06,2.841663e-06,5.84166e-06,6.687498e-06,6.916666e-06,5.383333e-06,9.487494e-06,8.004165e-06,6.649995e-06,7.249999e-06,9.712498e-06,9.404159e-06,8.65833e-06,1.1533331e-05
4,207,145.075,0.414,7.962497e-06,7.166664e-06,5.979165e-06,2.812497e-06,5.858326e-06,6.604163e-06,6.762496e-06,5.349994e-06,9.487494e-06,7.949996e-06,6.629165e-06,7.204159e-06,9.624998e-06,9.562493e-06,8.641664e-06,1.1383327e-05
4,208,145.218,0.416,7.904164e-06,7.179165e-06,5.837496e-06,2.941664e-06,5.787492e-06,6.63333e-06,6.658332e-06,5.283332e-06,9.462499e-06,7.904164e-06,6.549994e-06,7.1625e-06,9.595831e-06,9.354162e-06,8.604161e-06,1.1408329e-05
4,209,145.361,0.418,7.829165e-06,7.091665e-06,5.779163e-06,2.80416e-06,5.845833e-06,6.537493e-06,6.654159e-06,5.179159e-06,9.499995e-06,7.841659e-06,6.516663e-06,7.124996e-06,9.549999e-06,9.370828e-06,8.491659e-06,1.1274998e-05
4,210,145.504,0.42,7.774996e-06,7.058326e-06,5.754161e-06,2.745827e-06,5.849997e-06,6.529164e-06,6.595826e-06,5.25833e-06,9.454163e-06,7.816664e-06,6.433328e-06,7.033332e-06,9.512496e-06,9.312495e-06,8.379166e-06,1.1279162e-05
4,211,145.647,0.422,7.808328e-06,7.00833e-06,5.74166e-06,2.670829e-06,5.683327e-06,6.441664e-06,6.541665e-06,5.237492e-06,9.420832e-06,7.737493e-06,6.39166e-06,7.037497e-06,9.424996e-06,9.345826e-06,8.312496e-06,1.1204163e-05
4,212,145.79,0.424,7.716663e-06,6.966663e-06,5.766662e-06,2.666664e-06,5.724994e-06,6.462495e-06,6.541665e-06,5.158329e-06,9.462499e-06,7.658331e-06,6.379159e-06,6.954161e-06,9.404159e-06,9.320831e-06,8.270827e-06,1.1116664e-05
4,213,145.933,0.426,7.754159e-06,6.958326e-06,5.724994e-06,2.695831e-06,5.604164e-06,6.462495e-06,6.599998e-06,5.129163e-06,9.387493e-06,7.654166e-06,6.299997e-06,6.912494e-06,9.354162e-06,9.287493e-06,8.254163e-06,1.1033329e-05
4,214,146.076,0.428,7.774996e-06,6.962498e-06,5.679162e-06,2.687494e-06,5.620829e-06,6.370831e-06,6.508326e-06,5.091659e-06,9.412495e-06,7.608326e-06,6.304161e-06,6.870826e-06,9.295829e-06,9.266662e-06,8.162498e-06,1.104583e-05
4,215,146.219,0.43,7.670832e-06,6.908329e-06,5.620829e-06,2.695831e-06,5.570825e-06,6.258329e-06,6.387496e-06,5.045827e-06,9.366663e-06,7.541664e-06,6.287495e-06,6.82083e-06,9.216667e-06,9.262498e-06,8.166663e-06,1.0916662e-05
4,216,146.362,0.432,7.616663e-06,6.816666e-06,5.645832e-06,2.670829e-06,5.541659e-06,6.262493e-06,6.362494e-06,4.98333e-06,9.362499e-06,7.462494e-06,6.208332e-06,6.75416e-06,9.183327e-06,9.24166e-06,8.037496e-06,1.0924999e-05
4,217,146.505,0.434,7.379158e-06,6.745831e-06,5.558332e-06,2.629161e-06,5.529165e-06,6.220826e-06,6.241663e-06,5.020825e-06,9.345826e-06,7.441664e-06,6.137498e-06,6.729166e-06,9.166662e-06,9.204166e-06,8.004165e-06,1.0908326e-05
4,218,146.648,0.436,7.341663e-06,6.683326e-06,5.529165e-06,2.624997e-06,5.470832e-06,6.187495e-06,6.220826e-06,4.929161e-06,9.283328e-06,7.387495e-06,6.09583e-06,6.691662e-06,9.033331e-06,9.199993e-06,7.929166e-06,1.0849993e-05
4,219,146.791,0.438,7.412497e-06,6.658332e-06,5.55416e-06,2.637498e-06,5.458331e-06,6.145827e-06,6.149999e-06,4.879165e-06,9.399994e-06,7.354164e-06,6.104159e-06,6.645831e-06,9.016665e-06,9.195828e-06,7.841659e-06,1.0758328e-05
4,220,146.934,0.44,7.220833e-06,6.649995e-06,5.504163e-06,2.624997e-06,5.433329e-06,6.141663e-06,6.087494e-06,4.870828e-06,9.283328e-06,7.266664e-06,6.012495e-06,6.562495e-06,8.887498e-06,9.124994e-06,7.83333e-06,1.0741663e-05
4,221,147.077,0.442,7.279165e-06,6.591662e-06,5.508327e-06,2.549998e-06,5.387497e-06,6.091658e-06,6.062492e-06,4.870828e-06,9.237496e-06,7.179165e-06,5.949998e-06,6.529164e-06,8.874997e-06,9.287493e-06,7.783326e-06,1.075e-05
4,222,147.22,0.444,7.274993e-06,6.562495e-06,5.437493e-06,2.50833e-06,5.404162e-06,6.054163e-06,6.029161e-06,4.799994e-06,9.24166e-06,7.220833e-06,6.020832e-06,6.47916e-06,8.849995e-06,9.133331e-06,7.708327e-06,1.0608332e-05
4,223,147.363,0.446,7.095829e-06,6.429163e-06,5.441666e-06,2.533332e-06,5.366659e-06,6.024996e-06,5.970828e-06,4.820832e-06,9.145832e-06,7.241662e-06,5.945826e-06,6.466659e-06,8.791661e-06,9.05416e-06,7.670832e-06,1.0545826e-05
4,224,147.507,0.448,7.199995e-06,6.449994e-06,5.424992e-06,2.554162e-06,5.370831e-06,5.949998e-06,5.92916e-06,4.770827e-06,9.24166e-06,6.979164e-06,5.824995e-06,6.383332e-06,8.712498e-06,9.129159e-06,7.612498e-06,1.0458326e-05
4,225,147.65,0.45,7.074992e-06,6.399997e-06,5.387497e-06,2.545826e-06,5.320827e-06,5.949998e-06,5.899994e-06,4.770827e-06,9.191665e-06,6.970827e-06,5.749996e-06,6.354165e-06,8.662494e-06,9.058333e-06,7.533328e-06,1.0474992e-05
4,226,147.793,0.452,7.091665e-06,6.324999e-06,5.366659e-06,2.491665e-06,5.337492e-06,5.883328e-06,5.829159e-06,4.699993e-06,9.212494e-06,6.924995e-06,5.724994e-06,6.379159e-06,8.633328e-06,9.024993e-06,7.437499e-06,1.0404166e-05
4,227,147.936,0.454,6.987492e-06,6.274994e-06,5.337492e-06,2.470827e-06,5.212498e-06,5.891665e-06,5.770826e-06,4.712494e-06,9.22083e-06,6.899993e-06,5.804165e-06,6.216661e-06,8.745829e-06,9.024993e-06,7.391659e-06,1.0270826e-05
4,228,148.079,0.456,6.883327e-06,6.216661e-06,5.333328e-06,2.470827e-06,5.27916e-06,5.912495e-06,5.716666e-06,4.716659e-06,9.170826e-06,6.841659e-06,5.645832e-06,6.158328e-06,8.512497e-06,8.987498e-06,7.316661e-06,1.0212493e-05
4,229,148.222,0.458,6.737494e-06,6.237499e-06,5.416663e-06,2.483328e-06,5.254165e-06,5.791664e-06,5.758325e-06,4.624995e-06,9.183327e-06,6.770825e-06,5.65416e-06,6.120833e-06,8.41666e-06,9.037494e-06,7.333326e-06,1.0237495e-05
4,230,148.365,0.46,6.724993e-06,6.124997e-06,5.333328e-06,2.445825e-06,5.224999e-06,5.804165e-06,5.662497e-06,4.64166e-06,9.12083e-06,6.712492e-06,5.566661e-06,6.074993e-06,8.487495e-06,8.991663e-06,7.170828e-06,1.0141659e-05
4,231,148.508,0.462,6.624993e-06,6.058327e-06,5.320827e-06,2.479164e-06,5.224999e-06,5.80833e-06,5.641659e-06,4.624995e-06,9.099992e-06,6.670833e-06,5.566661e-06,6.033325e-06,8.266664e-06,8.912491e-06,7.220833e-06,1.0099999e-05
4,232,148.651,0.464,6.587497e-06,6.079165e-06,5.212498e-06,2.412494e-06,5.145828e-06,5.762497e-06,5.537494e-06,4.587499e-06,9.062497e-06,6.641666e-06,5.495826e-06,6.024996e-06,8.233333e-06,8.874997e-06,7.095829e-06,1.0049995e-05
4,233,148.794,0.466,6.56666e-06,6.074993e-06,5.233328e-06,2.499994e-06,5.204161e-06,5.787492e-06,5.541659e-06,4.512493e-06,9.099992e-06,6.549994e-06,5.487498e-06,5.99583e-06,8.199993e-06,8.870832e-06,7.02916e-06,9.983333e-06
4,234,148.937,0.468,6.441664e-06,6.024996e-06,5.245829e-06,2.541661e-06,5.133327e-06,5.716666e-06,5.462496e-06,4.537495e-06,9.049996e-06,6.512499e-06,5.433329e-06,5.933332e-06,8.174999e-06,8.824993e-06,6.94166e-06,9.991661e-06
4,235,149.08,0.47,6.483333e-06,5.912495e-06,5.245829e-06,2.370826e-06,5.199997e-06,5.695828e-06,5.504163e-06,4.524994e-06,9.058333e-06,6.454166e-06,5.391661e-06,5.937497e-06,8.112494e-06,8.833329e-06,6.895828e-06,9.837492e-06
4,236,149.223,0.472,6.541665e-06,5.895829e-06,5.212498e-06,2.399993e-06,5.166666e-06,5.670825e-06,5.408327e-06,4.520829e-06,9.070825e-06,6.387496e-06,5.37916e-06,5.874999e-06,8.083328e-06,8.829164e-06,6.8875e-06,9.720826e-06
4,237,149.366,0.474,6.362494e-06,5.854161e-06,5.183331e-06,2.383327e-06,5.079166e-06,5.804165e-06,5.333328e-06,4.504164e-06,9.041659e-06,6.366666e-06,5.333328e-06,5.837496e-06,7.974998e-06,8.812499e-06,6.791663e-06,9.716662e-06
4,238,149.509,0.476,6.374995e-06,5.820831e-06,5.19166e-06,2.362498e-06,5.079166e-06,5.683327e-06,5.44583e-06,4.420829e-06,9.041659e-06,6.345828e-06,5.262494e-06,5.787492e-06,7.962497e-06,8.804162e-06,6.724993e-06,9.649992e-06
4,239,149.652,0.478,6.412498e-06,5.799993e-06,5.166666e-06,2.379163e-06,5.062493e-06,5.624994e-06,5.27916e-06,4.491663e-06,8.995827e-06,6.295832e-06,5.237492e-06,5.708329e-06,7.908328e-06,8.749994e-06,6.712492e-06,9.58333e-06
4,240,149.795,0.48,6.262493e-06,5.712493e-06,5.204161e-06,2.358325e-06,5.095832e-06,5.624994e-06,5.237492e-06,4.408328e-06,8.995827e-06,6.245828e-06,5.187495e-06,5.708329e-06,7.816664e-06,8.774996e-06,6.616664e-06,9.558328e-06
4,241,149.938,0.482,6.070828e-06,5.645832e-06,5.187495e-06,2.370826e-06,5.066665e-06,5.587498e-06,5.208326e-06,4.470825e-06,8.970833e-06,6.158328e-06,5.149992e-06,5.65416e-06,7.787497e-06,8.699997e-06,6.591662e-06,9.499995e-06
4,242,150.081,0.484,6.104159e-06,5.624994e-06,5.149992e-06,2.316666e-06,5.087495e-06,5.579162e-06,5.19166e-06,4.399999e-06,8.904163e-06,6.158328e-06,5.154165e-06,5.595827e-06,7.770833e-06,8.695833e-06,6.524992e-06,9.437497e-06
4,243,150.224,0.486,6.054163e-06,5.608328e-06,5.141664e-06,2.329159e-06,5.062493e-06,5.541659e-06,5.141664e-06,4.362496e-06,9.02083e-06,6.054163e-06,5.166666e-06,5.599999e-06,7.820829e-06,8.641664e-06,6.47916e-06,9.349998e-06
4,244,150.367,0.488,5.958327e-06,5.629166e-06,5.179159e-06,2.32083e-06,5.037498e-06,5.549995e-06,5.10416e-06,4.516665e-06,8.912491e-06,6.045826e-06,5.137499e-06,5.566661e-06,7.691661e-06,8.670831e-06,6.395833e-06,9.362499e-06
4,245,150.51,0.49,5.962499e-06,5.574997e-06,5.133327e-06,2.32083e-06,5.083331e-06,5.549995e-06,5.074994e-06,4.391662e-06,8.96666e-06,5.991666e-06,5.054164e-06,5.558332e-06,7.633328e-06,8.683332e-06,6.379159e-06,9.304166e-06
4,246,150.653,0.492,5.970828e-06,5.562496e-06,5.112497e-06,2.312493e-06,5.041663e-06,5.529165e-06,5.062493e-06,4.349994e-06,8.858331e-06,5.999994e-06,5.116661e-06,5.524993e-06,7.574995e-06,8.704162e-06,6.299997e-06,9.158325e-06
4,247,150.796,0.494,6.029161e-06,5.579162e-06,5.154165e-06,2.349997e-06,5.07083e-06,5.491662e-06,5.024997e-06,4.379161e-06,8.820828e-06,5.879164e-06,4.995831e-06,5.46666e-06,7.533328e-06,8.662494e-06,6.283331e-06,9.095827e-06
4,248,150.939,0.496,5.812494e-06,5.491662e-06,5.166666e-06,2.316666e-06,5.033326e-06,5.479161e-06,4.966664e-06,4.370832e-06,8.804162e-06,5.912495e-06,4.949999e-06,5.412499e-06,7.408333e-06,8.566665e-06,6.191659e-06,9.091664e-06
4,249,151.083,0.498,5.779163e-06,5.449994e-06,5.145828e-06,2.295828e-06,5.016661e-06,5.483325e-06,4.945827e-06,4.36666e-06,8.816663e-06,5.787492e-06,4.970829e-06,5.416663e-06,7.374994e-06,8.633328e-06,6.162492e-06,9.008329e-06
4,250,151.226,0.5,5.891665e-06,5.433329e-06,5.158329e-06,2.304165e-06,5.049992e-06,5.479161e-06,4.945827e-06,4.329165e-06,8.837494e-06,5.770826e-06,4.887494e-06,5.529165e-06,7.366665e-06,8.624998e-06,6.145827e-06,8.96666e-06
4,251,151.369,0.502,5.833332e-06,5.370831e-06,5.199997e-06,2.324995e-06,5.049992e-06,5.520828e-06,4.866663e-06,4.391662e-06,8.795826e-06,5.72083e-06,4.833333e-06,5.316663e-06,7.40416e-06,8.558329e-06,6.029161e-06,8.870832e-06
4,252,151.512,0.504,5.649996e-06,5.329164e-06,5.166666e-06,2.274998e-06,5.049992e-06,5.470832e-06,4.849998e-06,4.424993e-06,8.774996e-06,5.687499e-06,4.824996e-06,5.324991e-06,7.233326e-06,8.554164e-06,6.012495e-06,8.854158e-06
4,253,151.655,0.506,5.545831e-06,5.320827e-06,5.324991e-06,2.316666e-06,5.074994e-06,5.504163e-06,4.833333e-06,4.349994e-06,8.770831e-06,5.649996e-06,4.82916e-06,5.224999e-06,7.233326e-06,8.574994e-06,5.941661e-06,8.774996e-06
4,254,151.798,0.508,5.537494e-06,5.249993e-06,5.324991e-06,2.304165e-06,5.058328e-06,5.520828e-06,4.82916e-06,4.383326e-06,8.724999e-06,5.599999e-06,4.79583e-06,5.241664e-06,7.099994e-06,8.524998e-06,5.920831e-06,8.745829e-06
4,255,151.941,0.51,5.495826e-06,5.283332e-06,5.241664e-06,2.345832e-06,5.124998e-06,5.508327e-06,4.816659e-06,4.320828e-06,8.720827e-06,5.53333e-06,4.791665e-06,5.266658e-06,7.112495e-06,8.474994e-06,5.904166e-06,8.699997e-06
4,256,152.084,0.512,5.470832e-06,5.362495e-06,5.195832e-06,2.337496e-06,5.091659e-06,5.529165e-06,4.812495e-06,4.395827e-06,8.708326e-06,5.562496e-06,4.737497e-06,5.233328e-06,6.983328e-06,8.487495e-06,5.874999e-06,8.65833e-06
4,257,152.227,0.514,5.429165e-06,5.174994e-06,5.233328e-06,2.412494e-06,5.133327e-06,5.483325e-06,4.766663e-06,4.308327e-06,8.724999e-06,5.46666e-06,4.712494e-06,5.199997e-06,6.999993e-06,8.437499e-06,5.820831e-06,8.574994e-06
4,258,152.37,0.516,5.345829e-06,5.174994e-06,5.195832e-06,2.304165e-06,5.154165e-06,5.499999e-06,4.699993e-06,4.36666e-06,8.666659e-06,5.44583e-06,4.733332e-06,5.204161e-06,6.979164e-06,8.412496e-06,5.695828e-06,8.508333e-06
4,259,152.513,0.518,5.374996e-06,5.133327e-06,5.245829e-06,2.32083e-06,5.154165e-06,5.483325e-06,4.683327e-06,4.358331e-06,8.645829e-06,5.404162e-06,4.691664e-06,5.166666e-06,6.908329e-06,8.45e-06,5.708329e-06,8.5375e-06
4,260,152.656,0.52,5.362495e-06,5.145828e-06,5.245829e-06,2.279162e-06,5.154165e-06,5.520828e-06,4.691664e-06,4.358331e-06,8.687496e-06,5.387497e-06,4.64166e-06,5.158329e-06,6.854161e-06,8.445827e-06,5.641659e-06,8.50416e-06
4,261,152.799,0.522,5.345829e-06,5.095832e-06,5.27916e-06,2.25416e-06,5.133327e-06,5.504163e-06,4.658325e-06,4.408328e-06,8.608326e-06,5.37916e-06,4.687492e-06,5.108333e-06,6.787499e-06,8.41666e-06,5.558332e-06,8.291666e-06
4,262,152.942,0.524,5.35833e-06,5.033326e-06,5.295825e-06,2.299992e-06,5.154165e-06,5.658333e-06,4.695829e-06,4.391662e-06,8.629163e-06,5.333328e-06,4.629159e-06,5.066665e-06,6.804164e-06,8.412496e-06,5.537494e-06,8.233333e-06
4,263,153.085,0.526,5.237492e-06,5.087495e-06,5.295825e-06,2.312493e-06,5.212498e-06,5.495826e-06,4.633331e-06,4.341666e-06,8.616662e-06,5.283332e-06,4.658325e-06,5.083331e-06,6.708328e-06,8.437499e-06,5.483325e-06,8.162498e-06
4,264,153.228,0.528,5.208326e-06,4.999995e-06,5.345829e-06,2.32083e-06,5.229163e-06,5.537494e-06,4.674999e-06,4.349994e-06,8.620827e-06,5.270831e-06,4.633331e-06,5.054164e-06,6.645831e-06,8.399995e-06,5.474997e-06,8.12916e-06
4,265,153.371,0.53,5.254165e-06,5.062493e-06,5.366659e-06,2.329159e-06,5.212498e-06,5.55416e-06,4.566662e-06,4.387498e-06,8.629163e-06,5.174994e-06,4.591664e-06,5.045827e-06,6.649995e-06,8.349999e-06,5.433329e-06,8.058326e-06
4,266,153.514,0.532,5.041663e-06,5.008332e-06,5.35833e-06,2.345832e-06,5.237492e-06,5.55416e-06,4.545832e-06,4.474998e-06,8.566665e-06,5.183331e-06,4.562497e-06,5.058328e-06,6.645831e-06,8.341662e-06,5.337492e-06,8.02083e-06
4,267,153.657,0.534,5.141664e-06,4.999995e-06,5.399998e-06,2.32083e-06,5.254165e-06,5.591663e-06,4.570826e-06,4.445831e-06,8.704162e-06,5.162493e-06,4.554161e-06,4.979165e-06,6.495825e-06,8.341662e-06,5.337492e-06,7.958332e-06
4,268,153.8,0.536,5.058328e-06,5.008332e-06,5.399998e-06,2.370826e-06,5.274995e-06,5.624994e-06,4.549996e-06,4.424993e-06,8.508333e-06,5.124998e-06,4.599992e-06,5.020825e-06,6.533329e-06,8.333325e-06,5.262494e-06,7.912493e-06
4,269,153.943,0.538,5.037498e-06,4.991658e-06,5.462496e-06,2.349997e-06,5.316663e-06,5.629166e-06,4.554161e-06,4.395827e-06,8.566665e-06,5.108333e-06,4.54166e-06,5.058328e-06,6.54583e-06,8.341662e-06,5.212498e-06,7.895827e-06
4,270,154.086,0.54,5.024997e-06,4.966664e-06,5.412499e-06,2.329159e-06,5.308326e-06,5.637495e-06,4.549996e-06,4.408328e-06,8.487495e-06,5.208326e-06,4.529158e-06,4.987494e-06,6.483333e-06,8.374993e-06,5.212498e-06,7.729165e-06
4,271,154.229,0.542,4.991658e-06,4.949999e-06,5.516664e-06,2.379163e-06,5.324991e-06,5.624994e-06,4.545832e-06,4.462496e-06,8.462493e-06,5.045827e-06,4.549996e-06,5.012496e-06,6.379159e-06,8.349999e-06,5.216662e-06,7.762495e-06
4,272,154.372,0.544,4.991658e-06,4.962492e-06,5.487498e-06,2.395828e-06,5.391661e-06,5.666661e-06,4.504164e-06,4.508328e-06,8.454163e-06,4.954163e-06,4.491663e-06,5.008332e-06,6.379159e-06,8.266664e-06,5.220827e-06,7.633328e-06
4,273,154.516,0.546,4.98333e-06,4.924997e-06,5.604164e-06,2.399993e-06,5.420828e-06,5.724994e-06,4.516665e-06,4.562497e-06,8.474994e-06,5.041663e-06,4.612494e-06,4.98333e-06,6.345828e-06,8.333325e-06,5.137499e-06,7.574995e-06
4,274,154.659,0.548,5.045827e-06,4.937498e-06,5.629166e-06,2.383327e-06,5.437493e-06,5.716666e-06,4.53333e-06,4.545832e-06,8.441662e-06,4.933325e-06,4.487499e-06,4.949999e-06,6.283331e-06,8.291666e-06,5.091659e-06,7.570831e-06
4,275,154.802,0.55,4.858327e-06,4.879165e-06,5.65416e-06,2.391664e-06,5.462496e-06,5.766662e-06,4.479162e-06,4.570826e-06,8.441662e-06,4.924997e-06,4.491663e-06,4.937498e-06,6.258329e-06,8.279165e-06,5.066665e-06,7.433327e-06
4,276,154.945,0.552,4.787493e-06,4.870828e-06,5.674998e-06,2.429159e-06,5.479161e-06,5.791664e-06,4.524994e-06,4.574998e-06,8.466665e-06,4.89583e-06,4.529158e-06,4.912496e-06,6.208332e-06,8.308331e-06,5.012496e-06,7.454165e-06
4,277,155.088,0.554,4.799994e-06,4.883329e-06,5.699992e-06,2.445825e-06,5.516664e-06,5.816658e-06,4.483326e-06,4.612494e-06,8.395831e-06,4.91666e-06,4.491663e-06,4.962492e-06,6.258329e-06,8.31666e-06,4.98333e-06,7.354164e-06
4,278,155.231,0.556,4.804158e-06,4.837497e-06,5.779163e-06,2.433332e-06,5.558332e-06,5.804165e-06,4.529158e-06,4.662498e-06,8.387494e-06,4.89583e-06,4.504164e-06,4.933325e-06,6.141663e-06,8.349999e-06,4.958328e-06,7.341663e-06
4,279,155.374,0.558,4.741661e-06,4.799994e-06,5.733331e-06,2.449997e-06,5.574997e-06,5.845833e-06,4.516665e-06,4.679163e-06,8.383329e-06,4.849998e-06,4.504164e-06,4.979165e-06,6.058327e-06,8.22916e-06,5.087495e-06,7.270829e-06
4,280,155.517,0.56,4.758326e-06,4.808331e-06,5.774998e-06,2.504166e-06,5.616665e-06,5.862498e-06,4.474998e-06,4.704165e-06,8.333325e-06,4.858327e-06,4.487499e-06,4.987494e-06,6.070828e-06,8.249998e-06,4.891666e-06,7.204159e-06
4,281,155.66,0.562,4.754162e-06,4.854162e-06,5.84166e-06,2.520831e-06,5.674998e-06,5.949998e-06,4.53333e-06,4.720831e-06,8.324997e-06,4.816659e-06,4.495827e-06,4.966664e-06,6.054163e-06,8.199993e-06,4.941662e-06,7.158327e-06
4,282,155.803,0.564,4.737497e-06,4.845826e-06,5.858326e-06,2.495829e-06,5.695828e-06,5.949998e-06,4.504164e-06,4.754162e-06,8.274992e-06,4.833333e-06,4.499992e-06,4.962492e-06,6.033325e-06,8.199993e-06,4.958328e-06,7.141662e-06
4,283,155.946,0.566,4.720831e-06,4.841661e-06,5.887493e-06,2.483328e-06,5.833332e-06,5.99583e-06,4.512493e-06,4.749998e-06,8.333325e-06,4.779164e-06,4.495827e-06,4.966664e-06,6.004159e-06,8.241662e-06,4.862499e-06,7.041661e-06
4,284,156.089,0.568,4.716659e-06,4.891666e-06,5.941661e-06,2.520831e-06,5.799993e-06,5.979165e-06,4.537495e-06,4.783328e-06,8.333325e-06,4.724996e-06,4.491663e-06,4.966664e-06,5.974992e-06,8.233333e-06,4.958328e-06,6.954161e-06
4,285,156.232,0.57,4.783328e-06,4.866663e-06,5.99583e-06,2.541661e-06,5.770826e-06,6.087494e-06,4.545832e-06,4.866663e-06,8.258326e-06,4.79583e-06,4.487499e-06,4.962492e-06,5.916659e-06,8.212495e-06,4.820832e-06,6.904165e-06
4,286,156.375,0.572,4.754162e-06,4.89583e-06,6.008331e-06,2.545826e-06,5.820831e-06,6.09583e-06,4.558333e-06,4.854162e-06,8.304159e-06,4.704165e-06,4.487499e-06,4.974993e-06,5.933332e-06,8.204166e-06,4.841661e-06,6.866662e-06
4,287,156.518,0.574,4.787493e-06,4.904159e-06,6.066664e-06,2.562499e-06,5.874999e-06,6.033325e-06,4.599992e-06,4.945827e-06,8.241662e-06,4.754162e-06,4.516665e-06,4.954163e-06,5.849997e-06,8.174999e-06,4.820832e-06,6.816666e-06
4,288,156.661,0.576,4.779164e-06,4.929161e-06,6.129162e-06,2.570828e-06,5.949998e-06,6.20416e-06,4.579163e-06,4.949999e-06,8.29583e-06,4.791665e-06,4.587499e-06,4.999995e-06,5.84166e-06,8.187492e-06,4.787493e-06,6.758332e-06
4,289,156.804,0.578,4.574998e-06,4.98333e-06,6.104159e-06,2.620832e-06,5.962499e-06,6.149999e-06,4.54166e-06,4.954163e-06,8.204166e-06,4.770827e-06,4.599992e-06,5.016661e-06,5.816658e-06,8.19583e-06,4.804158e-06,6.741659e-06
4,290,156.947,0.58,4.687492e-06,4.933325e-06,6.216661e-06,2.608331e-06,6.01666e-06,6.224998e-06,4.599992e-06,5.033326e-06,8.224996e-06,4.737497e-06,4.599992e-06,5.074994e-06,5.766662e-06,8.233333e-06,4.774992e-06,6.683326e-06
4,291,157.09,0.582,4.608329e-06,4.891666e-06,6.187495e-06,2.662492e-06,6.054163e-06,6.233327e-06,4.583327e-06,5.154165e-06,8.170828e-06,4.72916e-06,4.624995e-06,5.062493e-06,5.862498e-06,8.149997e-06,4.799994e-06,6.629165e-06
4,292,157.233,0.584,4.645832e-06,4.833333e-06,6.287495e-06,2.68333e-06,6.087494e-06,6.283331e-06,4.574998e-06,5.199997e-06,8.124995e-06,4.741661e-06,4.566662e-06,5.066665e-06,5.791664e-06,8.191665e-06,4.791665e-06,6.604163e-06
4,293,157.376,0.586,4.616666e-06,4.962492e-06,6.287495e-06,2.654163e-06,6.124997e-06,6.324999e-06,4.670826e-06,5.083331e-06,8.19583e-06,4.754162e-06,4.612494e-06,5.079166e-06,5.779163e-06,8.22916e-06,4.766663e-06,6.562495e-06
4,294,157.519,0.588,4.72916e-06,4.958328e-06,6.320826e-06,2.662492e-06,6.179166e-06,6.341664e-06,4.64166e-06,5.10416e-06,8.124995e-06,4.754162e-06,4.633331e-06,5.108333e-06,5.691663e-06,8.162498e-06,4.758326e-06,6.508326e-06
4,295,157.662,0.59,4.645832e-06,4.979165e-06,6.349993e-06,2.71666e-06,6.187495e-06,6.387496e-06,4.662498e-06,5.133327e-06,8.10833e-06,4.766663e-06,4.712494e-06,5.108333e-06,5.724994e-06,8.249998e-06,4.733332e-06,6.495825e-06
4,296,157.805,0.592,4.612494e-06,4.991658e-06,6.45833e-06,2.71666e-06,6.283331e-06,6.416662e-06,4.687492e-06,5.224999e-06,8.133332e-06,4.691664e-06,4.70833e-06,5.137499e-06,5.65416e-06,8.199993e-06,4.741661e-06,6.449994e-06
4,297,157.949,0.594,4.599992e-06,4.945827e-06,6.462495e-06,2.787495e-06,6.324999e-06,6.437492e-06,4.699993e-06,5.262494e-06,8.079163e-06,4.704165e-06,4.666662e-06,5.141664e-06,5.687499e-06,8.187492e-06,4.787493e-06,6.383332e-06
4,298,158.092,0.596,4.787493e-06,5.004159e-06,6.529164e-06,2.799996e-06,6.337492e-06,6.466659e-06,4.72916e-06,5.291661e-06,8.116658e-06,4.720831e-06,4.724996e-06,5.158329e-06,5.645832e-06,8.174999e-06,4.741661e-06,6.320826e-06
4,299,158.235,0.598,4.791665e-06,5.045827e-06,6.574996e-06,2.770829e-06,6.408326e-06,6.529164e-06,4.724996e-06,5.354166e-06,8.066662e-06,4.766663e-06,4.666662e-06,5.158329e-06,5.674998e-06,8.224996e-06,4.766663e-06,6.320826e-06
4,300,158.378,0.6,4.587499e-06,5.066665e-06,6.654159e-06,2.808333e-06,6.408326e-06,6.604163e-06,4.762499e-06,5.374996e-06,8.058326e-06,4.72916e-06,4.704165e-06,5.212498e-06,5.649996e-06,8.187492e-06,4.733332e-06,6.274994e-06
4,301,158.521,0.602,4.72916e-06,5.062493e-06,6.649995e-06,2.858329e-06,6.466659e-06,6.670833e-06,4.758326e-06,5.420828e-06,8.037496e-06,4.758326e-06,4.724996e-06,5.199997e-06,5.670825e-06,8.199993e-06,4.737497e-06,6.154164e-06
4,302,158.664,0.604,4.633331e-06,5.024997e-06,6.808329e-06,2.849992e-06,6.529164e-06,6.616664e-06,4.845826e-06,5.449994e-06,8.066662e-06,4.758326e-06,4.749998e-06,5.199997e-06,5.662497e-06,8.287493e-06,4.741661e-06,6.174993e-06
4,303,158.807,0.606,4.674999e-06,5.087495e-06,6.912494e-06,2.858329e-06,6.562495e-06,6.73333e-06,4.874993e-06,5.508327e-06,8.004165e-06,4.737497e-06,4.774992e-06,5.212498e-06,5.566661e-06,8.254163e-06,4.741661e-06,6.154164e-06
4,304,158.95,0.608,4.649997e-06,5.187495e-06,6.874998e-06,2.879159e-06,6.599998e-06,6.774998e-06,4.841661e-06,5.545831e-06,7.999993e-06,4.787493e-06,4.766663e-06,5.25833e-06,5.53333e-06,8.233333e-06,4.787493e-06,6.066664e-06
4,305,159.093,0.61,4.666662e-06,5.129163e-06,6.854161e-06,3.029164e-06,6.691662e-06,6.833331e-06,4.945827e-06,5.574997e-06,7.991664e-06,4.741661e-06,4.79583e-06,5.299997e-06,5.537494e-06,8.258326e-06,4.833333e-06,6.079165e-06
4,306,159.236,0.612,4.683327e-06,5.17083e-06,6.858325e-06,2.95833e-06,6.795828e-06,6.82083e-06,4.904159e-06,5.645832e-06,8.016666e-06,4.770827e-06,4.804158e-06,5.337492e-06,5.512492e-06,8.204166e-06,4.799994e-06,6.008331e-06
4,307,159.379,0.614,4.704165e-06,5.17083e-06,6.962498e-06,2.945828e-06,6.837495e-06,6.895828e-06,4.991658e-06,5.65416e-06,8.008329e-06,4.808331e-06,4.874993e-06,5.370831e-06,5.499999e-06,8.204166e-06,4.787493e-06,5.949998e-06
4,308,159.522,0.616,4.758326e-06,5.212498e-06,6.974999e-06,2.933327e-06,6.799992e-06,6.916666e-06,4.912496e-06,5.712493e-06,7.983327e-06,4.804158e-06,4.849998e-06,5.362495e-06,5.516664e-06,8.187492e-06,4.791665e-06,6.049999e-06
4,309,159.665,0.618,4.870828e-06,5.233328e-06,7.041661e-06,2.983332e-06,6.783327e-06,7.024995e-06,5.029162e-06,5.716666e-06,7.966662e-06,4.824996e-06,4.91666e-06,5.374996e-06,5.449994e-06,8.216659e-06,4.787493e-06,5.887493e-06
4,310,159.808,0.62,4.791665e-06,5.283332e-06,7.112495e-06,3.024999e-06,6.874998e-06,7.074992e-06,5.058328e-06,5.799993e-06,7.954161e-06,4.899995e-06,4.891666e-06,5.433329e-06,5.479161e-06,8.216659e-06,4.82916e-06,5.833332e-06
4,311,159.951,0.622,4.82916e-06,5.324991e-06,7.158327e-06,3.066659e-06,6.912494e-06,6.983328e-06,5.066665e-06,5.833332e-06,7.949996e-06,4.841661e-06,4.995831e-06,5.499999e-06,5.449994e-06,8.216659e-06,4.854162e-06,5.787492e-06
4,312,160.094,0.624,4.824996e-06,5.337492e-06,7.170828e-06,3.083332e-06,6.954161e-06,7.041661e-06,5.049992e-06,5.874999e-06,7.899992e-06,4.874993e-06,4.949999e-06,5.44583e-06,5.437493e-06,8.224996e-06,4.866663e-06,5.795829e-06
4,313,160.237,0.626,4.841661e-06,5.324991e-06,7.224997e-06,3.129164e-06,7.004166e-06,7.104159e-06,5.062493e-06,5.991666e-06,7.912493e-06,4.933325e-06,4.949999e-06,5.529165e-06,5.424992e-06,8.216659e-06,4.899995e-06,5.754161e-06
4,314,160.38,0.628,4.745825e-06,5.429165e-06,7.287495e-06,3.116663e-06,7.066663e-06,7.137497e-06,5.133327e-06,6.037497e-06,7.937495e-06,4.933325e-06,5.062493e-06,5.541659e-06,5.404162e-06,8.237497e-06,4.908331e-06,5.729159e-06
4,315,160.523,0.63,4.808331e-06,5.387497e-06,7.316661e-06,3.14583e-06,7.091665e-06,7.249999e-06,5.283332e-06,6.004159e-06,7.920829e-06,4.974993e-06,5.049992e-06,5.620829e-06,5.404162e-06,8.391658e-06,4.908331e-06,5.691663e-06
4,316,160.666,0.632,4.924997e-06,5.429165e-06,7.40416e-06,3.183325e-06,7.183329e-06,7.270829e-06,5.17083e-06,6.041662e-06,7.945831e-06,4.933325e-06,5.062493e-06,5.595827e-06,5.412499e-06,8.412496e-06,4.945827e-06,5.670825e-06
4,317,160.809,0.634,4.91666e-06,5.437493e-06,7.512498e-06,3.204163e-06,7.199995e-06,7.30416e-06,5.245829e-06,6.070828e-06,7.920829e-06,5.074994e-06,5.133327e-06,5.629166e-06,5.449994e-06,8.220832e-06,4.979165e-06,5.645832e-06
4,318,160.952,0.636,4.949999e-06,5.495826e-06,7.499997e-06,3.212492e-06,7.233326e-06,7.337499e-06,5.287496e-06,6.133326e-06,7.795827e-06,5.016661e-06,5.145828e-06,5.687499e-06,5.429165e-06,8.304159e-06,4.941662e-06,5.629166e-06
4,319,161.095,0.638,4.979165e-06,5.583326e-06,7.516662e-06,3.291663e-06,7.345827e-06,7.391659e-06,5.320827e-06,6.187495e-06,7.816664e-06,5.066665e-06,5.312499e-06,5.716666e-06,5.395826e-06,8.274992e-06,4.999995e-06,5.499999e-06
4,320,161.238,0.64,4.987494e-06,5.608328e-06,7.637493e-06,3.308328e-06,7.387495e-06,7.458329e-06,5.349994e-06,6.258329e-06,7.870825e-06,5.045827e-06,5.312499e-06,5.733331e-06,5.395826e-06,8.29583e-06,5.037498e-06,5.512492e-06
4,321,161.382,0.642,5.108333e-06,5.579162e-06,7.654166e-06,3.345831e-06,7.399996e-06,7.533328e-06,5.387497e-06,6.308325e-06,7.812492e-06,5.124998e-06,5.341665e-06,5.820831e-06,5.374996e-06,8.31666e-06,5.07083e-06,5.53333e-06
4,322,161.525,0.644,5.008332e-06,5.679162e-06,7.733329e-06,3.287498e-06,7.40416e-06,7.520827e-06,5.441666e-06,6.324999e-06,7.795827e-06,5.116661e-06,5.354166e-06,5.766662e-06,5.333328e-06,8.291666e-06,5.099996e-06,5.495826e-06
4,323,161.668,0.646,5.158329e-06,5.704164e-06,7.795827e-06,3.35416e-06,7.516662e-06,7.549993e-06,5.524993e-06,6.383332e-06,7.76666e-06,5.166666e-06,5.316663e-06,5.924996e-06,5.374996e-06,8.341662e-06,5.095832e-06,5.512492e-06
4,324,161.811,0.648,5.083331e-06,5.716666e-06,7.824993e-06,3.395828e-06,7.504161e-06,7.595825e-06,5.620829e-06,6.420827e-06,7.758331e-06,5.166666e-06,5.362495e-06,5.954162e-06,5.391661e-06,8.299994e-06,5.187495e-06,5.470832e-06
4,325,161.954,0.65,5.024997e-06,5.895829e-06,7.904164e-06,3.408329e-06,7.55833e-06,7.683333e-06,5.549995e-06,6.495825e-06,7.733329e-06,5.254165e-06,5.324991e-06,5.870827e-06,5.316663e-06,8.345826e-06,5.204161e-06,5.404162e-06
4,326,162.097,0.652,5.058328e-06,5.74166e-06,7.991664e-06,3.445832e-06,7.683333e-06,7.708327e-06,5.55416e-06,6.533329e-06,7.749994e-06,5.241664e-06,5.408327e-06,6.004159e-06,5.374996e-06,8.379166e-06,5.216662e-06,5.387497e-06
4,327,162.24,0.654,5.074994e-06,5.804165e-06,8.12916e-06,3.454161e-06,7.666659e-06,7.708327e-06,5.620829e-06,6.558331e-06,7.724992e-06,5.27916e-06,5.437493e-06,5.920831e-06,5.312499e-06,8.299994e-06,5.27916e-06,5.420828e-06
4,328,162.383,0.656,5.17083e-06,5.854161e-06,8.02083e-06,3.529159e-06,7.737493e-06,7.791662e-06,5.599999e-06,6.595826e-06,7.720828e-06,5.320827e-06,5.470832e-06,6.01666e-06,5.312499e-06,8.312496e-06,5.312499e-06,5.395826e-06
4,329,162.526,0.658,5.199997e-06,5.862498e-06,7.991664e-06,3.512494e-06,7.758331e-06,7.858332e-06,5.679162e-06,6.641666e-06,7.733329e-06,5.329164e-06,5.55416e-06,6.037497e-06,5.316663e-06,8.329161e-06,5.337492e-06,5.35833e-06
4,330,162.669,0.66,5.241664e-06,5.924996e-06,8.124995e-06,3.533332e-06,7.816664e-06,7.883326e-06,5.708329e-06,6.783327e-06,7.629164e-06,5.408327e-06,5.583326e-06,6.09583e-06,5.304162e-06,8.508333e-06,5.312499e-06,5.308326e-06
4,331,162.812,0.662,5.283332e-06,5.987493e-06,8.187492e-06,3.54166e-06,7.991664e-06,7.954161e-06,5.787492e-06,6.82083e-06,7.724992e-06,5.420828e-06,5.595827e-06,6.104159e-06,5.316663e-06,8.366665e-06,5.320827e-06,5.27916e-06
4,332,162.955,0.664,5.395826e-06,6.033325e-06,8.187492e-06,3.595829e-06,7.862496e-06,7.991664e-06,5.804165e-06,6.845832e-06,7.691661e-06,5.491662e-06,5.620829e-06,6.179166e-06,5.324991e-06,8.383329e-06,5.366659e-06,5.224999e-06
4,333,163.098,0.666,5.416663e-06,6.079165e-06,8.31666e-06,3.604166e-06,7.962497e-06,8.008329e-06,5.895829e-06,6.849996e-06,7.637493e-06,5.499999e-06,5.645832e-06,6.224998e-06,5.304162e-06,8.383329e-06,5.433329e-06,5.195832e-06
4,334,163.241,0.668,5.487498e-06,6.149999e-06,8.379166e-06,3.670827e-06,8.070827e-06,8.187492e-06,5.954162e-06,6.94166e-06,7.649994e-06,5.529165e-06,5.716666e-06,6.262493e-06,5.329164e-06,8.408332e-06,5.487498e-06,5.19166e-06
4,335,163.384,0.67,5.579162e-06,6.187495e-06,8.370828e-06,3.683329e-06,8.012494e-06,8.124995e-06,6.012495e-06,6.970827e-06,7.624992e-06,5.599999e-06,5.695828e-06,6.283331e-06,5.283332e-06,8.408332e-06,5.499999e-06,5.187495e-06
4,336,163.527,0.672,5.579162e-06,6.191659e-06,8.437499e-06,3.708331e-06,8.062498e-06,8.279165e-06,5.99583e-06,7.020831e-06,7.687497e-06,5.629166e-06,5.799993e-06,6.312498e-06,5.341665e-06,8.399995e-06,5.587498e-06,5.154165e-06
4,337,163.67,0.674,5.558332e-06,6.224998e-06,8.479166e-06,3.745826e-06,8.133332e-06,8.191665e-06,6.083329e-06,7.066663e-06,7.599997e-06,5.629166e-06,5.787492e-06,6.341664e-06,5.291661e-06,8.420833e-06,5.583326e-06,5.195832e-06
4,338,163.813,0.676,5.495826e-06,6.395833e-06,8.549992e-06,3.737497e-06,8.191665e-06,8.224996e-06,6.062492e-06,7.112495e-06,7.620828e-06,5.674998e-06,5.866663e-06,6.379159e-06,5.287496e-06,8.437499e-06,5.620829e-06,5.183331e-06
4,339,163.956,0.678,5.558332e-06,6.337492e-06,8.708326e-06,3.787494e-06,8.204166e-06,8.279165e-06,6.124997e-06,7.208331e-06,7.662495e-06,5.724994e-06,5.945826e-06,6.462495e-06,5.337492e-06,8.629163e-06,5.666661e-06,5.174994e-06
4,340,164.099,0.68,5.624994e-06,6.358329e-06,8.637492e-06,3.808331e-06,8.241662e-06,8.287493e-06,6.162492e-06,7.204159e-06,7.574995e-06,5.787492e-06,5.991666e-06,6.466659e-06,5.27916e-06,8.454163e-06,5.74166e-06,5.174994e-06
4,341,164.242,0.682,5.658333e-06,6.45833e-06,8.67916e-06,3.862492e-06,8.31666e-06,8.362492e-06,6.166665e-06,7.220833e-06,7.666659e-06,5.795829e-06,5.979165e-06,6.516663e-06,5.25833e-06,8.491659e-06,5.745832e-06,5.149992e-06
4,342,164.385,0.684,5.699992e-06,6.54583e-06,8.787497e-06,3.88333e-06,8.370828e-06,8.387494e-06,6.249992e-06,7.30416e-06,7.499997e-06,5.837496e-06,6.066664e-06,6.56666e-06,5.274995e-06,8.508333e-06,5.74166e-06,5.149992e-06
4,343,164.528,0.686,5.783327e-06,6.541665e-06,8.795826e-06,3.858328e-06,8.429161e-06,8.429161e-06,6.304161e-06,7.316661e-06,7.55833e-06,5.979165e-06,6.054163e-06,6.595826e-06,5.333328e-06,8.549992e-06,5.812494e-06,5.079166e-06
4,344,164.671,0.688,5.824995e-06,6.587497e-06,8.816663e-06,3.962493e-06,8.462493e-06,8.495832e-06,6.312498e-06,7.395832e-06,7.604162e-06,5.966663e-06,6.112496e-06,6.679161e-06,5.299997e-06,8.583331e-06,5.916659e-06,5.10416e-06
4,345,164.814,0.69,5.833332e-06,6.587497e-06,8.916664e-06,3.945827e-06,8.462493e-06,8.533327e-06,6.349993e-06,7.433327e-06,7.541664e-06,5.962499e-06,6.179166e-06,6.658332e-06,5.304162e-06,8.549992e-06,5.887493e-06,5.099996e-06
4,346,164.958,0.692,6.01666e-06,6.637494e-06,8.949995e-06,3.999996e-06,8.562493e-06,8.558329e-06,6.420827e-06,7.508326e-06,7.541664e-06,6.029161e-06,6.129162e-06,6.729166e-06,5.291661e-06,8.516661e-06,6.029161e-06,5.099996e-06
4,347,165.101,0.694,5.949998e-06,6.683326e-06,8.962496e-06,4.062494e-06,8.574994e-06,8.579159e-06,6.437492e-06,7.516662e-06,7.524999e-06,6.045826e-06,6.187495e-06,6.787499e-06,5.329164e-06,8.562493e-06,5.99583e-06,5.141664e-06
4,348,165.244,0.696,6.054163e-06,6.73333e-06,9.099992e-06,4.045828e-06,8.624998e-06,8.662494e-06,6.495825e-06,7.599997e-06,7.520827e-06,6.108331e-06,6.249992e-06,6.783327e-06,5.295825e-06,8.587495e-06,6.091658e-06,5.145828e-06
4,349,165.387,0.698,6.058327e-06,6.841659e-06,9.129159e-06,4.083332e-06,8.654165e-06,8.674995e-06,6.524992e-06,7.645829e-06,7.479159e-06,6.158328e-06,6.266665e-06,6.774998e-06,5.266658e-06,8.624998e-06,6.108331e-06,5.124998e-06
4,350,165.53,0.7,6.062492e-06,6.870826e-06,9.162498e-06,4.104161e-06,8.666659e-06,8.720827e-06,6.583325e-06,7.683333e-06,7.495833e-06,6.191659e-06,6.320826e-06,6.916666e-06,5.299997e-06,8.604161e-06,6.166665e-06,5.087495e-06
4,351,165.673,0.702,6.054163e-06,6.866662e-06,9.362499e-06,4.149993e-06,8.720827e-06,8.729164e-06,6.604163e-06,7.724992e-06,7.458329e-06,6.237499e-06,6.345828e-06,6.92083e-06,5.287496e-06,8.649993e-06,6.233327e-06,5.137499e-06
4,352,165.816,0.704,6.170829e-06,6.841659e-06,9.291664e-06,4.145829e-06,8.783332e-06,8.774996e-06,6.724993e-06,7.74583e-06,7.454165e-06,6.258329e-06,6.39166e-06,6.970827e-06,5.291661e-06,8.749994e-06,6.216661e-06,5.124998e-06
4,353,165.959,0.706,6.191659e-06,6.899993e-06,9.270827e-06,4.191661e-06,8.829164e-06,8.820828e-06,6.66666e-06,7.837494e-06,7.508326e-06,6.345828e-06,6.441664e-06,7.016659e-06,5.316663e-06,8.57083e-06,6.299997e-06,5.091659e-06
4,354,166.102,0.708,6.266665e-06,7.037497e-06,9.295829e-06,4.258331e-06,8.854158e-06,8.833329e-06,6.741659e-06,7.804163e-06,7.429162e-06,6.358329e-06,6.495825e-06,7.037497e-06,5.283332e-06,8.599996e-06,6.379159e-06,5.112497e-06
4,355,166.245,0.71,6.266665e-06,7.012494e-06,9.324996e-06,4.174995e-06,8.945831e-06,8.920829e-06,6.799992e-06,7.949996e-06,7.483332e-06,6.420827e-06,6.537493e-06,7.099994e-06,5.312499e-06,8.629163e-06,6.366666e-06,5.158329e-06
4,356,166.388,0.712,6.341664e-06,7.070827e-06,9.383329e-06,4.212499e-06,8.908328e-06,8.970833e-06,6.791663e-06,7.899992e-06,7.445828e-06,6.454166e-06,6.712492e-06,7.137497e-06,5.35833e-06,8.620827e-06,6.383332e-06,5.154165e-06
4,357,166.531,0.714,6.45833e-06,7.099994e-06,9.483329e-06,4.258331e-06,8.941666e-06,9.05416e-06,6.954161e-06,7.970826e-06,7.395832e-06,6.558331e-06,6.629165e-06,7.179165e-06,5.324991e-06,8.674995e-06,6.474996e-06,5.145828e-06
4,358,166.674,0.716,6.508326e-06,7.174993e-06,9.537498e-06,4.27916e-06,8.954159e-06,9.074998e-06,6.945832e-06,8.091664e-06,7.387495e-06,6.512499e-06,6.624993e-06,7.299996e-06,5.354166e-06,8.695833e-06,6.504162e-06,5.07083e-06
4,359,166.817,0.718,6.520828e-06,7.30416e-06,9.574994e-06,4.316664e-06,8.987498e-06,9.029166e-06,7.016659e-06,8.074999e-06,7.441664e-06,6.641666e-06,6.729166e-06,7.245827e-06,5.333328e-06,8.729164e-06,6.554159e-06,5.083331e-06
4,360,166.96,0.72,6.716665e-06,7.254163e-06,9.60416e-06,4.349994e-06,9.062497e-06,9.108328e-06,7.099994e-06,8.149997e-06,7.420826e-06,6.695827e-06,6.737494e-06,7.274993e-06,5.416663e-06,8.695833e-06,6.624993e-06,5.149992e-06
4,361,167.103,0.722,6.570832e-06,7.295831e-06,9.641663e-06,4.362496e-06,9.116666e-06,9.104165e-06,7.02916e-06,8.224996e-06,7.379158e-06,6.774998e-06,6.804164e-06,7.324998e-06,5.391661e-06,8.733328e-06,6.649995e-06,5.095832e-06
4,362,167.246,0.724,6.591662e-06,7.437499e-06,9.7375e-06,4.395827e-06,9.145832e-06,9.099992e-06,7.124996e-06,8.308331e-06,7.395832e-06,6.737494e-06,6.833331e-06,7.37083e-06,5.37916e-06,8.745829e-06,6.708328e-06,5.124998e-06
4,363,167.389,0.726,6.63333e-06,7.366665e-06,9.754165e-06,4.445831e-06,9.183327e-06,9.154161e-06,7.099994e-06,8.241662e-06,7.449993e-06,6.816666e-06,6.866662e-06,7.424998e-06,5.408327e-06,8.754166e-06,6.766661e-06,5.141664e-06
4,364,167.532,0.728,6.724993e-06,7.424998e-06,9.770831e-06,4.466661e-06,9.229159e-06,9.224995e-06,7.145826e-06,8.245825e-06,7.379158e-06,6.870826e-06,6.899993e-06,7.408333e-06,5.374996e-06,8.749994e-06,6.791663e-06,5.162493e-06
4,365,167.675,0.73,6.924995e-06,7.570831e-06,9.887497e-06,4.520829e-06,9.245833e-06,9.279163e-06,7.241662e-06,8.324997e-06,7.533328e-06,6.891664e-06,6.995829e-06,7.47083e-06,5.441666e-06,8.787497e-06,6.841659e-06,5.199997e-06
4,366,167.818,0.732,6.899993e-06,7.474995e-06,9.912499e-06,4.424993e-06,9.299994e-06,9.299994e-06,7.308332e-06,8.404159e-06,7.466666e-06,6.949997e-06,6.999993e-06,7.545829e-06,5.429165e-06,8.787497e-06,6.908329e-06,5.224999e-06
4,367,167.961,0.734,6.937496e-06,7.604162e-06,9.974996e-06,4.53333e-06,9.362499e-06,9.333332e-06,7.341663e-06,8.433326e-06,7.333326e-06,6.987492e-06,7.066663e-06,7.566658e-06,5.454159e-06,8.833329e-06,6.991665e-06,5.19166e-06
4,368,168.104,0.736,6.912494e-06,7.612498e-06,1.0016664e-05,4.554161e-06,9.391665e-06,9.379164e-06,7.374994e-06,8.491659e-06,7.341663e-06,7.020831e-06,7.266664e-06,7.662495e-06,5.504163e-06,8.858331e-06,6.937496e-06,5.149992e-06
4,369,168.247,0.738,7.045825e-06,7.662495e-06,1.0058331e-05,4.549996e-06,9.420832e-06,9.412495e-06,7.424998e-06,8.533327e-06,7.329162e-06,7.054162e-06,7.229161e-06,7.654166e-06,5.454159e-06,8.770831e-06,7.058326e-06,5.329164e-06
4,370,168.391,0.74,7.020831e-06,7.729165e-06,1.0033329e-05,4.629159e-06,9.391665e-06,9.470828e-06,7.466666e-06,8.616662e-06,7.341663e-06,7.274993e-06,7.245827e-06,7.724992e-06,5.504163e-06,8.816663e-06,7.045825e-06,5.233328e-06
4,371,168.534,0.742,7.095829e-06,7.741666e-06,1.0174997e-05,4.595828e-06,9.516661e-06,9.454163e-06,7.47083e-06,8.65833e-06,7.354164e-06,7.141662e-06,7.19583e-06,7.716663e-06,5.537494e-06,8.870832e-06,7.204159e-06,5.283332e-06
4,372,168.677,0.744,7.11666e-06,7.837494e-06,1.0216665e-05,4.687492e-06,9.587495e-06,9.558328e-06,7.549993e-06,8.67916e-06,7.30416e-06,7.212496e-06,7.208331e-06,7.812492e-06,5.516664e-06,8.883325e-06,7.249999e-06,5.287496e-06
4,373,168.82,0.746,7.329162e-06,7.849995e-06,1.0237495e-05,4.720831e-06,9.562493e-06,9.60416e-06,7.658331e-06,8.695833e-06,7.299996e-06,7.30416e-06,7.295831e-06,7.791662e-06,5.520828e-06,8.908328e-06,7.233326e-06,5.345829e-06
4,374,168.963,0.748,7.329162e-06,7.83333e-06,1.0287499e-05,4.737497e-06,9.658329e-06,9.554164e-06,7.624992e-06,8.766659e-06,7.316661e-06,7.333326e-06,7.379158e-06,7.795827e-06,5.63333e-06,8.937494e-06,7.291659e-06,5.308326e-06
4,375,169.106,0.75,7.291659e-06,7.94166e-06,1.0370827e-05,4.770827e-06,9.633327e-06,9.712498e-06,7.649994e-06,8.808327e-06,7.262492e-06,7.366665e-06,7.395832e-06,7.866661e-06,5.541659e-06,8.979162e-06,7.395832e-06,5.354166e-06
4,376,169.249,0.752,7.341663e-06,7.904164e-06,1.0333331e-05,4.745825e-06,9.67083e-06,9.683331e-06,7.737493e-06,8.829164e-06,7.316661e-06,7.416661e-06,7.466666e-06,7.93333e-06,5.53333e-06,8.929165e-06,7.412497e-06,5.391661e-06
4,377,169.392,0.754,7.420826e-06,7.924994e-06,1.0458326e-05,4.904159e-06,9.708333e-06,9.762493e-06,7.824993e-06,8.958332e-06,7.266664e-06,7.462494e-06,7.479159e-06,7.954161e-06,5.558332e-06,8.908328e-06,7.433327e-06,5.345829e-06
4,378,169.535,0.756,7.462494e-06,7.991664e-06,1.0433332e-05,4.82916e-06,9.733327e-06,9.75833e-06,7.804163e-06,8.962496e-06,7.254163e-06,7.55833e-06,7.495833e-06,8.008329e-06,5.608328e-06,8.954159e-06,7.549993e-06,5.44583e-06
4,379,169.678,0.758,7.47083e-06,8.058326e-06,1.0508331e-05,4.937498e-06,9.837492e-06,9.829164e-06,7.824993e-06,8.999999e-06,7.270829e-06,7.529163e-06,7.541664e-06,8.037496e-06,5.649996e-06,8.945831e-06,7.662495e-06,5.395826e-06
4,380,169.821,0.76,7.583332e-06,8.116658e-06,1.0479164e-05,5.049992e-06,9.887497e-06,9.816663e-06,7.870825e-06,9.045832e-06,7.266664e-06,7.620828e-06,7.637493e-06,8.095829e-06,5.637495e-06,8.979162e-06,7.55833e-06,5.44583e-06
4,381,169.964,0.762,7.795827e-06,8.158326e-06,1.0604159e-05,4.899995e-06,9.954158e-06,9.870831e-06,7.979163e-06,9.058333e-06,7.28333e-06,7.670832e-06,7.620828e-06,8.124995e-06,5.658333e-06,8.962496e-06,7.666659e-06,5.44583e-06
4,382,170.107,0.764,7.791662e-06,8.237497e-06,1.0654163e-05,4.945827e-06,9.816663e-06,9.949994e-06,7.987499e-06,9.145832e-06,7.224997e-06,7.691661e-06,7.779161e-06,8.308331e-06,5.691663e-06,9.024993e-06,7.687497e-06,5.524993e-06
4,383,170.25,0.766,7.708327e-06,8.237497e-06,1.0683329e-05,4.966664e-06,9.874995e-06,9.883332e-06,8.058326e-06,9.12083e-06,7.241662e-06,7.733329e-06,7.733329e-06,8.208331e-06,5.729159e-06,9.016665e-06,7.720828e-06,5.462496e-06
4,384,170.393,0.768,7.916665e-06,8.299994e-06,1.0712496e-05,4.98333e-06,9.941666e-06,9.87916e-06,8.058326e-06,9.245833e-06,7.224997e-06,7.837494e-06,7.812492e-06,8.304159e-06,5.708329e-06,9.016665e-06,7.820829e-06,5.495826e-06
4,385,170.536,0.77,7.962497e-06,8.337498e-06,1.0766666e-05,5.033326e-06,9.966659e-06,9.97916e-06,8.237497e-06,9.229159e-06,7.208331e-06,7.83333e-06,7.866661e-06,8.283329e-06,5.737495e-06,9.05416e-06,7.83333e-06,5.566661e-06
4,386,170.679,0.772,7.991664e-06,8.399995e-06,1.0829162e-05,5.016661e-06,1.0020828e-05,9.987497e-06,8.141661e-06,9.245833e-06,7.266664e-06,7.879162e-06,7.808328e-06,8.345826e-06,5.858326e-06,9.062497e-06,7.887498e-06,5.608328e-06
4,387,170.822,0.774,7.849995e-06,8.399995e-06,1.087083e-05,5.054164e-06,1.004583e-05,1.0070833e-05,8.149997e-06,9.387493e-06,7.179165e-06,7.962497e-06,7.945831e-06,8.329161e-06,5.799993e-06,9.066661e-06,7.954161e-06,5.670825e-06
4,388,170.965,0.776,7.904164e-06,8.541663e-06,1.0916662e-05,5.07083e-06,1.0062496e-05,1.0087498e-05,8.245825e-06,9.312495e-06,7.237498e-06,8.033331e-06,7.945831e-06,8.433326e-06,5.833332e-06,9.070825e-06,7.999993e-06,5.683327e-06
4,389,171.108,0.778,7.970826e-06,8.387494e-06,1.0962494e-05,5.087495e-06,1.0062496e-05,1.0145831e-05,8.254163e-06,9.387493e-06,7.174993e-06,8.012494e-06,7.974998e-06,8.433326e-06,5.874999e-06,9.095827e-06,8.079163e-06,5.712493e-06
4,390,171.251,0.78,8.02083e-06,8.541663e-06,1.1041665e-05,5.141664e-06,1.015416e-05,1.0137494e-05,8.31666e-06,9.404159e-06,7.224997e-06,8.216659e-06,8.04166e-06,8.491659e-06,5.883328e-06,9.145832e-06,8.10833e-06,5.774998e-06
4,391,171.394,0.782,8.124995e-06,8.65833e-06,1.1095826e-05,5.17083e-06,1.0137494e-05,1.0183327e-05,8.31666e-06,9.516661e-06,7.158327e-06,8.112494e-06,8.029159e-06,8.533327e-06,5.899994e-06,9.158325e-06,8.149997e-06,5.854161e-06
4,392,171.537,0.784,8.112494e-06,8.624998e-06,1.1116664e-05,5.174994e-06,1.0191663e-05,1.024166e-05,8.420833e-06,9.533326e-06,7.11666e-06,8.158326e-06,8.29583e-06,8.50416e-06,5.933332e-06,9.187492e-06,8.270827e-06,5.883328e-06
4,393,171.68,0.786,8.241662e-06,8.666659e-06,1.1083333e-05,5.208326e-06,1.0237495e-05,1.0299993e-05,8.458328e-06,9.545827e-06,7.1625e-06,8.283329e-06,8.220832e-06,8.579159e-06,5.958327e-06,9.158325e-06,8.287493e-06,5.812494e-06
4,394,171.824,0.788,8.199993e-06,8.704162e-06,1.114583e-05,5.274995e-06,1.0245832e-05,1.0270826e-05,8.458328e-06,9.649992e-06,7.1625e-06,8.241662e-06,8.154162e-06,8.620827e-06,6.012495e-06,9.216667e-06,8.31666e-06,5.866663e-06
4,395,171.967,0.79,8.362492e-06,8.649993e-06,1.1212492e-05,5.324991e-06,1.0333331e-05,1.0341661e-05,8.499996e-06,9.608332e-06,7.183329e-06,8.308331e-06,8.149997e-06,8.595832e-06,6.058327e-06,9.191665e-06,8.279165e-06,5.920831e-06
4,396,172.11,0.792,8.374993e-06,8.774996e-06,1.1295827e-05,5.274995e-06,1.0304165e-05,1.0358325e-05,8.5375e-06,9.708333e-06,7.166664e-06,8.31666e-06,8.224996e-06,8.641664e-06,6.099995e-06,9.179163e-06,8.383329e-06,5.937497e-06
4,397,172.253,0.794,8.595832e-06,8.824993e-06,1.1349996e-05,5.349994e-06,1.032083e-05,1.0433332e-05,8.57083e-06,9.729163e-06,7.145826e-06,8.391658e-06,8.258326e-06,8.704162e-06,6.049999e-06,9.216667e-06,8.424998e-06,6.004159e-06
4,398,172.396,0.796,8.587495e-06,8.754166e-06,1.1324993e-05,5.320827e-06,1.0295828e-05,1.040833e-05,8.662494e-06,9.87916e-06,7.158327e-06,8.454163e-06,8.349999e-06,8.691661e-06,6.216661e-06,9.258326e-06,8.474994e-06,6.029161e-06
4,399,172.539,0.798,8.5375e-06,8.762495e-06,1.152916e-05,5.395826e-06,1.0383328e-05,1.0433332e-05,8.666659e-06,9.837492e-06,7.174993e-06,8.491659e-06,8.374993e-06,8.77916e-06,6.195831e-06,9.312495e-06,8.454163e-06,6.041662e-06
4,400,172.682,0.8,8.487495e-06,8.812499e-06,1.1541661e-05,5.429165e-06,1.0433332e-05,1.0545826e-05,8.745829e-06,9.904162e-06,7.183329e-06,8.512497e-06,8.445827e-06,8.749994e-06,6.166665e-06,9.299994e-06,8.595832e-06,6.091658e-06
4,401,172.825,0.802,8.595832e-06,8.879161e-06,1.1562498e-05,5.470832e-06,1.0433332e-05,1.0554163e-05,8.729164e-06,9.987497e-06,7.11666e-06,8.5375e-06,8.420833e-06,8.849995e-06,6.258329e-06,9.208329e-06,8.654165e-06,6.154164e-06
4,402,172.968,0.804,8.65833e-06,8.991663e-06,1.1587493e-05,5.416663e-06,1.0512495e-05,1.0558327e-05,8.754166e-06,9.974996e-06,7.154163e-06,8.67916e-06,8.491659e-06,8.837494e-06,6.233327e-06,9.362499e-06,8.774996e-06,6.174993e-06
4,403,173.111,0.806,8.620827e-06,8.954159e-06,1.1604166e-05,5.449994e-06,1.052916e-05,1.0599994e-05,8.84583e-06,9.929165e-06,7.108331e-06,8.649993e-06,8.520826e-06,8.887498e-06,6.245828e-06,9.370828e-06,8.687496e-06,6.141663e-06
4,404,173.254,0.808,8.745829e-06,8.987498e-06,1.160833e-05,5.462496e-06,1.0758328e-05,1.0662492e-05,8.86666e-06,1.0062496e-05,7.108331e-06,8.695833e-06,8.587495e-06,8.899999e-06,6.295832e-06,9.254161e-06,8.799998e-06,6.324999e-06
4,405,173.397,0.81,8.941666e-06,9.062497e-06,1.1658327e-05,5.449994e-06,1.052916e-05,1.0712496e-05,8.883325e-06,1.0008327e-05,7.129161e-06,8.86666e-06,8.633328e-06,8.970833e-06,6.324999e-06,9.258326e-06,8.804162e-06,6.233327e-06
4,406,173.54,0.812,8.958332e-06,9.070825e-06,1.1674992e-05,5.541659e-06,1.0549998e-05,1.0737499e-05,8.916664e-06,1.0145831e-05,7.104159e-06,8.874997e-06,8.624998e-06,9.02083e-06,6.320826e-06,9.312495e-06,8.762495e-06,6.295832e-06
4,407,173.683,0.814,9.05416e-06,9.091664e-06,1.1745827e-05,5.566661e-06,1.0808333e-05,1.070416e-05,8.93333e-06,1.0166661e-05,7.124996e-06,8.774996e-06,8.691661e-06,9.083326e-06,6.387496e-06,9.316659e-06,8.858331e-06,6.295832e-06
4,408,173.826,0.816,9.033331e-06,9.249997e-06,1.1749999e-05,5.566661e-06,1.0608332e-05,1.078333e-05,9.129159e-06,1.0249996e-05,7.079164e-06,8.879161e-06,8.737493e-06,8.983326e-06,6.404161e-06,9.295829e-06,8.929165e-06,6.366666e-06
4,409,173.969,0.818,9.045832e-06,9.299994e-06,1.1824997e-05,5.63333e-06,1.0674993e-05,1.0729162e-05,9.041659e-06,1.0237495e-05,7.095829e-06,8.96666e-06,8.774996e-06,9.079162e-06,6.487497e-06,9.345826e-06,8.929165e-06,6.408326e-06
4,410,174.112,0.82,8.962496e-06,9.299994e-06,1.1841663e-05,5.662497e-06,1.0708332e-05,1.0770829e-05,9.133331e-06,1.0312494e-05,7.087493e-06,8.924992e-06,8.820828e-06,9.149996e-06,6.491661e-06,9.312495e-06,8.991663e-06,6.433328e-06
4,411,174.255,0.822,9.22083e-06,9.249997e-06,1.200416e-05,5.666661e-06,1.0741663e-05,1.0841663e-05,9.095827e-06,1.0370827e-05,7.02916e-06,9.008329e-06,8.812499e-06,9.149996e-06,6.47916e-06,9.391665e-06,9.083326e-06,6.495825e-06
4,412,174.398,0.824,9.195828e-06,9.262498e-06,1.1933326e-05,5.691663e-06,1.0758328e-05,1.089166e-05,9.158325e-06,1.0404166e-05,7.1625e-06,9.104165e-06,8.854158e-06,9.104165e-06,6.558331e-06,9.408331e-06,9.099992e-06,6.533329e-06
4,413,174.541,0.826,9.30833e-06,9.333332e-06,1.1949992e-05,5.745832e-06,1.0758328e-05,1.0924999e-05,9.145832e-06,1.0362498e-05,7.145826e-06,9.145832e-06,8.895826e-06,9.216667e-06,6.583325e-06,9.387493e-06,9.158325e-06,6.570832e-06
4,414,174.684,0.828,9.208329e-06,9.374992e-06,1.1987496e-05,5.766662e-06,1.0799996e-05,1.0937492e-05,9.249997e-06,1.0558327e-05,7.170828e-06,9.170826e-06,8.96666e-06,9.279163e-06,6.587497e-06,9.387493e-06,9.183327e-06,6.63333e-06
4,415,174.827,0.83,9.362499e-06,9.366663e-06,1.2029163e-05,5.795829e-06,1.0874995e-05,1.0991661e-05,9.266662e-06,1.0458326e-05,7.041661e-06,9.254161e-06,9.033331e-06,9.237496e-06,6.658332e-06,9.404159e-06,9.212494e-06,6.66666e-06
4,416,174.97,0.832,9.320831e-06,9.458327e-06,1.2162494e-05,5.733331e-06,1.0908326e-05,1.1029164e-05,9.320831e-06,1.0524996e-05,7.066663e-06,9.266662e-06,9.066661e-06,9.32916e-06,6.695827e-06,9.445826e-06,9.245833e-06,6.762496e-06
4,417,175.113,0.834,9.30833e-06,9.520832e-06,1.2158331e-05,5.820831e-06,1.089166e-05,1.106666e-05,9.30833e-06,1.0595831e-05,7.045825e-06,9.229159e-06,9.05416e-06,9.379164e-06,6.758332e-06,9.41666e-06,9.337497e-06,6.745831e-06
4,418,175.257,0.836,9.333332e-06,9.537498e-06,1.2237493e-05,5.858326e-06,1.0874995e-05,1.114583e-05,9.354162e-06,1.0620833e-05,7.070827e-06,9.266662e-06,9.129159e-06,9.383329e-06,6.812493e-06,9.424996e-06,9.374992e-06,6.762496e-06
4,419,175.4,0.838,9.458327e-06,9.533326e-06,1.2329165e-05,5.899994e-06,1.0920827e-05,1.114583e-05,9.424996e-06,1.0624997e-05,7.049998e-06,9.30833e-06,9.158325e-06,9.58333e-06,6.866662e-06,9.499995e-06,9.379164e-06,6.841659e-06
4,420,175.543,0.84,9.479165e-06,9.508331e-06,1.2254159e-05,5.966663e-06,1.0916662e-05,1.1162496e-05,9.420832e-06,1.0699995e-05,7.041661e-06,9.374992e-06,9.129159e-06,9.41666e-06,6.8875e-06,9.441662e-06,9.433325e-06,6.8875e-06
4,421,175.686,0.842,9.666665e-06,9.620825e-06,1.2329165e-05,5.974992e-06,1.0974995e-05,1.1191662e-05,9.454163e-06,1.0791659e-05,7.054162e-06,9.429161e-06,9.183327e-06,9.437497e-06,6.991665e-06,9.483329e-06,9.462499e-06,6.879163e-06
4,422,175.829,0.844,9.549999e-06,9.637499e-06,1.234583e-05,5.958327e-06,1.0999997e-05,1.1245831e-05,9.549999e-06,1.0754164e-05,7.024995e-06,9.454163e-06,9.233332e-06,9.470828e-06,7.016659e-06,9.49583e-06,9.554164e-06,6.937496e-06
4,423,175.972,0.846,9.679158e-06,9.608332e-06,1.2508329e-05,5.970828e-06,1.1083333e-05,1.1262497e-05,9.574994e-06,1.0808333e-05,7.016659e-06,9.487494e-06,9.237496e-06,9.470828e-06,6.929159e-06,9.516661e-06,9.641663e-06,7.066663e-06
4,424,176.115,0.848,9.624998e-06,9.674995e-06,1.2637496e-05,5.974992e-06,1.1079161e-05,1.1324993e-05,9.629162e-06,1.0929163e-05,7.024995e-06,9.537498e-06,9.337497e-06,9.570829e-06,7.083328e-06,9.591659e-06,9.674995e-06,7.079164e-06
4,425,176.258,0.85,9.683331e-06,9.724999e-06,1.2483327e-05,6.149999e-06,1.1070832e-05,1.142083e-05,9.662493e-06,1.0887496e-05,7.024995e-06,9.574994e-06,9.349998e-06,9.549999e-06,7.087493e-06,9.58333e-06,9.712498e-06,7.112495e-06
4,426,176.401,0.852,9.683331e-06,9.645828e-06,1.2524994e-05,6.062492e-06,1.1129165e-05,1.1349996e-05,9.699997e-06,1.0912498e-05,6.999993e-06,9.591659e-06,9.358327e-06,9.637499e-06,7.070827e-06,9.470828e-06,9.754165e-06,7.154163e-06
4,427,176.544,0.854,9.770831e-06,9.733327e-06,1.2516665e-05,6.09583e-06,1.1170832e-05,1.1437495e-05,9.695832e-06,1.0933328e-05,7.004166e-06,9.691659e-06,9.424996e-06,9.629162e-06,7.154163e-06,9.50416e-06,9.954158e-06,7.154163e-06
4,428,176.687,0.856,9.783332e-06,9.745829e-06,1.2641661e-05,6.062492e-06,1.1387499e-05,1.1558326e-05,9.749992e-06,1.1074996e-05,7.058326e-06,9.766666e-06,9.599996e-06,9.75833e-06,7.166664e-06,9.520832e-06,9.79166e-06,7.212496e-06
4,429,176.83,0.858,9.920827e-06,9.812498e-06,1.2699993e-05,6.099995e-06,1.1208328e-05,1.1495828e-05,9.770831e-06,1.1054166e-05,7.079164e-06,9.7375e-06,9.512496e-06,9.720826e-06,7.220833e-06,9.554164e-06,9.820827e-06,7.458329e-06
4,430,176.973,0.86,9.966659e-06,9.841665e-06,1.2737497e-05,6.133326e-06,1.1224993e-05,1.162916e-05,9.770831e-06,1.1154159e-05,6.958326e-06,9.820827e-06,9.529162e-06,9.745829e-06,7.241662e-06,9.524997e-06,9.891661e-06,7.254163e-06
4,431,177.116,0.862,1.0120829e-05,9.854166e-06,1.2741662e-05,6.162492e-06,1.1208328e-05,1.1754163e-05,9.908326e-06,1.1141666e-05,6.995829e-06,9.895825e-06,9.554164e-06,9.733327e-06,7.291659e-06,9.58333e-06,9.908326e-06,7.349992e-06
4,432,177.259,0.864,1.0099999e-05,9.929165e-06,1.2787493e-05,6.237499e-06,1.1349996e-05,1.1666663e-05,9.854166e-06,1.1191662e-05,7.02916e-06,9.854166e-06,9.599996e-06,9.795833e-06,7.354164e-06,9.570829e-06,9.945829e-06,7.316661e-06
4,433,177.402,0.866,9.999999e-06,9.841665e-06,1.2891666e-05,6.233327e-06,1.1329166e-05,1.1583328e-05,9.920827e-06,1.1199999e-05,7.00833e-06,9.949994e-06,9.645828e-06,9.837492e-06,7.354164e-06,9.612497e-06,9.983333e-06,7.383331e-06
4,434,177.545,0.868,1.0108328e-05,1.0149995e-05,1.2870828e-05,6.258329e-06,1.1337494e-05,1.1633332e-05,9.983333e-06,1.1283326e-05,6.987492e-06,9.908326e-06,9.674995e-06,9.883332e-06,7.408333e-06,9.58333e-06,1.0049995e-05,7.47083e-06
4,435,177.688,0.87,1.0054159e-05,9.999999e-06,1.298333e-05,6.312498e-06,1.1329166e-05,1.1666663e-05,9.920827e-06,1.1279162e-05,7.020831e-06,9.97916e-06,9.674995e-06,9.904162e-06,7.420826e-06,9.629162e-06,1.0074997e-05,7.508326e-06
4,436,177.831,0.872,1.0087498e-05,9.999999e-06,1.2991659e-05,6.324999e-06,1.1333331e-05,1.171666e-05,9.974996e-06,1.1304164e-05,7.020831e-06,1.0033329e-05,9.704161e-06,9.920827e-06,7.454165e-06,9.508331e-06,1.0129165e-05,7.566658e-06
4,437,177.974,0.874,1.0174997e-05,1.0024993e-05,1.2974993e-05,6.333327e-06,1.1383327e-05,1.1754163e-05,9.95833e-06,1.1345832e-05,7.045825e-06,1.0041666e-05,9.779159e-06,9.999999e-06,7.537492e-06,9.645828e-06,1.0233331e-05,7.583332e-06
4,438,178.117,0.876,1.0312494e-05,1.0091662e-05,1.3049992e-05,6.387496e-06,1.1416666e-05,1.1799995e-05,1.0074997e-05,1.1395828e-05,7.016659e-06,1.0170826e-05,9.833328e-06,9.97916e-06,7.599997e-06,9.574994e-06,1.0249996e-05,7.658331e-06
4,439,178.26,0.878,1.0316666e-05,1.015416e-05,1.308333e-05,6.399997e-06,1.1433332e-05,1.1824997e-05,1.0074997e-05,1.1379162e-05,6.987492e-06,1.0274998e-05,9.87916e-06,1.0058331e-05,7.55833e-06,9.616661e-06,1.0266662e-05,7.699999e-06
4,440,178.403,0.88,1.0345832e-05,1.0158332e-05,1.317083e-05,6.354165e-06,1.1474999e-05,1.1870829e-05,1.0162496e-05,1.1491664e-05,6.937496e-06,1.0170826e-05,9.887497e-06,1.004583e-05,7.645829e-06,9.699997e-06,1.0295828e-05,7.779161e-06
4,441,178.546,0.882,1.0454162e-05,1.0179162e-05,1.3229163e-05,6.512499e-06,1.1454161e-05,1.1924998e-05,1.0141659e-05,1.1549997e-05,7.004166e-06,1.0266662e-05,9.95833e-06,1.0037494e-05,7.691661e-06,9.679158e-06,1.0279163e-05,7.85416e-06
4,442,178.689,0.884,1.0483329e-05,1.0162496e-05,1.3266659e-05,6.441664e-06,1.1524995e-05,1.1916662e-05,1.015416e-05,1.1587493e-05,6.954161e-06,1.0349997e-05,1.0062496e-05,1.0116664e-05,7.7125e-06,9.741664e-06,1.0404166e-05,7.845831e-06
4,443,178.833,0.886,1.0454162e-05,1.0237495e-05,1.3354166e-05,6.529164e-06,1.1541661e-05,1.2024999e-05,1.0274998e-05,1.1637497e-05,7.00833e-06,1.0458326e-05,1.0058331e-05,1.022083e-05,7.758331e-06,9.666665e-06,1.0462499e-05,7.954161e-06
4,444,178.976,0.888,1.0620833e-05,1.0216665e-05,1.3349994e-05,6.516663e-06,1.1508329e-05,1.20375e-05,1.0274998e-05,1.169583e-05,6.979164e-06,1.0337496e-05,9.962495e-06,1.0349997e-05,7.858332e-06,9.687496e-06,1.040833e-05,7.958332e-06
4,445,179.119,0.89,1.0504166e-05,1.0304165e-05,1.3441666e-05,6.508326e-06,1.1570827e-05,1.2045829e-05,1.0258333e-05,1.1691665e-05,6.983328e-06,1.0449998e-05,1.006666e-05,1.0279163e-05,7.93333e-06,9.691659e-06,1.049583e-05,7.966662e-06
4,446,179.262,0.892,1.0508331e-05,1.0312494e-05,1.3487498e-05,6.587497e-06,1.1591665e-05,1.2054165e-05,1.0308329e-05,1.1745827e-05,6.966663e-06,1.0449998e-05,1.0074997e-05,1.0174997e-05,7.995828e-06,9.724999e-06,1.0541661e-05,7.995828e-06
4,447,179.405,0.894,1.0624997e-05,1.0429159e-05,1.3579162e-05,6.599998e-06,1.1604166e-05,1.2095833e-05,1.032916e-05,1.1854164e-05,6.979164e-06,1.0470828e-05,1.0054159e-05,1.0162496e-05,7.995828e-06,9.795833e-06,1.0545826e-05,8.10833e-06
4,448,179.548,0.896,1.0666665e-05,1.0308329e-05,1.36e-05,6.670833e-06,1.1674992e-05,1.2083332e-05,1.040833e-05,1.1833326e-05,6.962498e-06,1.0491665e-05,1.0141659e-05,1.0245832e-05,7.958332e-06,9.887497e-06,1.0670828e-05,8.099993e-06
4,449,179.691,0.898,1.0679166e-05,1.0291664e-05,1.36e-05,6.720829e-06,1.1616659e-05,1.224583e-05,1.0474992e-05,1.1854164e-05,6.983328e-06,1.0533333e-05,1.0158332e-05,1.0245832e-05,7.995828e-06,9.933328e-06,1.0762493e-05,8.112494e-06
4,450,179.834,0.9,1.0766666e-05,1.0345832e-05,1.3670826e-05,6.741659e-06,1.1741662e-05,1.2249994e-05,1.0433332e-05,1.1949992e-05,6.987492e-06,1.0591666e-05,1.0208329e-05,1.0337496e-05,8.079163e-06,9.7375e-06,1.0866665e-05,8.283329e-06
4,451,179.977,0.902,1.0770829e-05,1.0387492e-05,1.3608328e-05,6.770825e-06,1.169583e-05,1.2249994e-05,1.0491665e-05,1.1929163e-05,6.995829e-06,1.0724997e-05,1.0262497e-05,1.032916e-05,8.045832e-06,9.745829e-06,1.0737499e-05,8.312496e-06
4,452,180.12,0.904,1.097916e-05,1.0429159e-05,1.365416e-05,6.774998e-06,1.1766664e-05,1.2320828e-05,1.0587493e-05,1.1983331e-05,6.949997e-06,1.0649999e-05,1.0245832e-05,1.040833e-05,8.162498e-06,9.699997e-06,1.0779167e-05,8.266664e-06
4,453,180.263,0.906,1.0920827e-05,1.0462499e-05,1.3716666e-05,6.758332e-06,1.1841663e-05,1.236666e-05,1.0541661e-05,1.2041664e-05,6.945832e-06,1.0708332e-05,1.0262497e-05,1.0416658e-05,8.191665e-06,9.733327e-06,1.0770829e-05,8.304159e-06
4,454,180.406,0.908,1.1004162e-05,1.0487493e-05,1.3766662e-05,6.8875e-06,1.1795831e-05,1.2391662e-05,1.0612495e-05,1.2079159e-05,6.987492e-06,1.0754164e-05,1.032083e-05,1.0474992e-05,8.220832e-06,9.812498e-06,1.0949993e-05,8.354164e-06
4,455,180.549,0.91,1.1179161e-05,1.0533333e-05,1.3816659e-05,6.845832e-06,1.1779165e-05,1.2470826e-05,1.0641662e-05,1.2116662e-05,6.949997e-06,1.0799996e-05,1.0437497e-05,1.0504166e-05,8.283329e-06,9.762493e-06,1.0862494e-05,8.383329e-06
4,456,180.692,0.912,1.1108327e-05,1.058333e-05,1.3849997e-05,6.837495e-06,1.1812496e-05,1.2479162e-05,1.0745827e-05,1.2170832e-05,6.92083e-06,1.0858329e-05,1.0399994e-05,1.0508331e-05,8.308331e-06,9.829164e-06,1.0920827e-05,8.391658e-06
4,457,180.835,0.914,1.1091662e-05,1.0679166e-05,1.391666e-05,6.883327e-06,1.1824997e-05,1.2416665e-05,1.0774994e-05,1.2237493e-05,6.929159e-06,1.0812497e-05,1.0449998e-05,1.0549998e-05,8.312496e-06,9.820827e-06,1.1008327e-05,8.512497e-06
4,458,180.978,0.916,1.1074996e-05,1.0658327e-05,1.3937497e-05,6.912494e-06,1.1887495e-05,1.2537495e-05,1.0883331e-05,1.2241666e-05,6.933331e-06,1.089166e-05,1.0466663e-05,1.0579165e-05,8.424998e-06,9.824999e-06,1.1033329e-05,8.5375e-06
4,459,181.121,0.918,1.1104163e-05,1.0645826e-05,1.4041662e-05,6.924995e-06,1.1916662e-05,1.254166e-05,1.0708332e-05,1.2254159e-05,6.94166e-06,1.095833e-05,1.0429159e-05,1.0591666e-05,8.420833e-06,9.899998e-06,1.1049994e-05,8.608326e-06
4,460,181.264,0.92,1.1358333e-05,1.0795831e-05,1.4037498e-05,6.970827e-06,1.1945828e-05,1.254166e-05,1.0729162e-05,1.2499992e-05,6.999993e-06,1.1020828e-05,1.0533333e-05,1.0624997e-05,8.487495e-06,9.87916e-06,1.1124992e-05,8.604161e-06
4,461,181.407,0.922,1.1424994e-05,1.0645826e-05,1.4066664e-05,6.983328e-06,1.1920825e-05,1.2633332e-05,1.0862494e-05,1.2299998e-05,6.979164e-06,1.1024999e-05,1.0524996e-05,1.0612495e-05,8.512497e-06,9.874995e-06,1.1120828e-05,8.712498e-06
4,462,181.55,0.924,1.1337494e-05,1.0733326e-05,1.4116661e-05,6.987492e-06,1.1937499e-05,1.2620831e-05,1.0824998e-05,1.234583e-05,7.079164e-06,1.1020828e-05,1.0562499e-05,1.0645826e-05,8.541663e-06,9.820827e-06,1.1187498e-05,8.724999e-06
4,463,181.693,0.926,1.1379162e-05,1.080416e-05,1.415e-05,7.033332e-06,1.2016662e-05,1.2699993e-05,1.0879159e-05,1.2383326e-05,7.049998e-06,1.114583e-05,1.0645826e-05,1.0724997e-05,8.616662e-06,9.874995e-06,1.1216664e-05,8.808327e-06
4,464,181.836,0.928,1.1466662e-05,1.0733326e-05,1.4183331e-05,7.045825e-06,1.2016662e-05,1.2737497e-05,1.0920827e-05,1.2499992e-05,6.999993e-06,1.1204163e-05,1.0695831e-05,1.0733326e-05,8.608326e-06,9.904162e-06,1.1229165e-05,8.84583e-06
4,465,181.979,0.93,1.1383327e-05,1.0824998e-05,1.4195832e-05,7.137497e-06,1.2195826e-05,1.2770827e-05,1.0954165e-05,1.254166e-05,6.854161e-06,1.1129165e-05,1.0795831e-05,1.0716661e-05,8.741665e-06,9.866659e-06,1.1274998e-05,8.887498e-06
4,466,182.122,0.932,1.1395828e-05,1.0862494e-05,1.427083e-05,7.124996e-06,1.20375e-05,1.2787493e-05,1.0920827e-05,1.2562497e-05,7.012494e-06,1.1187498e-05,1.0729162e-05,1.0795831e-05,8.699997e-06,9.837492e-06,1.1333331e-05,8.941666e-06
4,467,182.266,0.934,1.1595829e-05,1.0833327e-05,1.4299997e-05,7.208331e-06,1.2112499e-05,1.2987494e-05,1.0983332e-05,1.2591664e-05,6.891664e-06,1.1408329e-05,1.0787495e-05,1.0854164e-05,8.774996e-06,9.866659e-06,1.1445833e-05,9.087499e-06
4,468,182.409,0.936,1.1545833e-05,1.0837499e-05,1.4374995e-05,7.183329e-06,1.2133328e-05,1.2908332e-05,1.1137494e-05,1.2633332e-05,6.895828e-06,1.1258332e-05,1.0779167e-05,1.0854164e-05,8.804162e-06,9.945829e-06,1.1399992e-05,9.033331e-06
4,469,182.552,0.938,1.1704159e-05,1.0945829e-05,1.439166e-05,7.19583e-06,1.2129164e-05,1.2929161e-05,1.1124992e-05,1.2687492e-05,6.908329e-06,1.13e-05,1.097916e-05,1.1037493e-05,8.924992e-06,9.899998e-06,1.1495828e-05,9.104165e-06
4,470,182.695,0.94,1.1545833e-05,1.0908326e-05,1.4437493e-05,7.266664e-06,1.2116662e-05,1.3008333e-05,1.1108327e-05,1.2754163e-05,6.92083e-06,1.1358333e-05,1.0862494e-05,1.0941664e-05,9.012492e-06,9.920827e-06,1.1466662e-05,9.058333e-06
4,471,182.838,0.942,1.1562498e-05,1.0841663e-05,1.454583e-05,7.270829e-06,1.2187496e-05,1.2933326e-05,1.1141666e-05,1.2812495e-05,6.929159e-06,1.1387499e-05,1.0924999e-05,1.0949993e-05,9.124994e-06,9.933328e-06,1.1545833e-05,9.133331e-06
4,472,182.981,0.944,1.1649998e-05,1.1029164e-05,1.4666661e-05,7.324998e-06,1.2195826e-05,1.3029162e-05,1.1216664e-05,1.282916e-05,6.94166e-06,1.1433332e-05,1.0916662e-05,1.1016663e-05,9.004164e-06,1.0004163e-05,1.1579164e-05,9.166662e-06
4,473,183.124,0.946,1.1745827e-05,1.1195826e-05,1.4687498e-05,7.337499e-06,1.2249994e-05,1.3095831e-05,1.1195826e-05,1.2870828e-05,6.937496e-06,1.1479163e-05,1.0970831e-05,1.0974995e-05,8.991663e-06,1.004583e-05,1.1637497e-05,9.266662e-06
4,474,183.267,0.948,1.1770829e-05,1.1162496e-05,1.463333e-05,7.395832e-06,1.2287497e-05,1.3120826e-05,1.1179161e-05,1.2899995e-05,6.895828e-06,1.1470826e-05,1.1012498e-05,1.106666e-05,9.041659e-06,1.0095827e-05,1.1645826e-05,9.324996e-06
4,475,183.41,0.95,1.1845827e-05,1.1012498e-05,1.4649995e-05,7.437499e-06,1.2316664e-05,1.3229163e-05,1.1237494e-05,1.3008333e-05,6.883327e-06,1.1708331e-05,1.1037493e-05,1.1062495e-05,9.024993e-06,9.949994e-06,1.1816661e-05,9.349998e-06
4,476,183.553,0.952,1.1870829e-05,1.1049994e-05,1.4695827e-05,7.391659e-06,1.2383326e-05,1.3262495e-05,1.1291663e-05,1.3012496e-05,6.866662e-06,1.160833e-05,1.1083333e-05,1.1116664e-05,9.158325e-06,9.899998e-06,1.1858328e-05,9.420832e-06
4,477,183.696,0.954,1.1916662e-05,1.1070832e-05,1.4762497e-05,7.441664e-06,1.2408328e-05,1.3287497e-05,1.135416e-05,1.3024997e-05,6.949997e-06,1.1616659e-05,1.1129165e-05,1.1162496e-05,9.187492e-06,9.912499e-06,1.1754163e-05,9.441662e-06
4,478,183.839,0.956,1.2154166e-05,1.1124992e-05,1.4837496e-05,7.587496e-06,1.234583e-05,1.3295826e-05,1.1408329e-05,1.3058328e-05,6.895828e-06,1.1595829e-05,1.1179161e-05,1.1216664e-05,9.179163e-06,1.0020828e-05,1.1795831e-05,9.470828e-06
4,479,183.982,0.958,1.2162494e-05,1.1149995e-05,1.4870827e-05,7.445828e-06,1.2449996e-05,1.3454159e-05,1.1449996e-05,1.3166666e-05,6.912494e-06,1.1704159e-05,1.1162496e-05,1.1208328e-05,9.299994e-06,1.00125e-05,1.1887495e-05,9.520832e-06
4,480,184.125,0.96,1.2133328e-05,1.1141666e-05,1.4920831e-05,7.529163e-06,1.2479162e-05,1.3562497e-05,1.1462498e-05,1.319166e-05,6.849996e-06,1.1691665e-05,1.1199999e-05,1.1204163e-05,9.316659e-06,1.0029165e-05,1.1887495e-05,9.562493e-06
4,481,184.268,0.962,1.2129164e-05,1.1216664e-05,1.4966663e-05,7.57916e-06,1.2429166e-05,1.343333e-05,1.1649998e-05,1.3241664e-05,6.954161e-06,1.1741662e-05,1.1291663e-05,1.1183325e-05,9.362499e-06,1.0024993e-05,1.1983331e-05,9.674995e-06
4,482,184.411,0.964,1.2354159e-05,1.126666e-05,1.5024996e-05,7.608326e-06,1.2487499e-05,1.3420829e-05,1.171666e-05,1.3304162e-05,6.912494e-06,1.1879166e-05,1.1316665e-05,1.1329166e-05,9.354162e-06,1.0041666e-05,1.2008325e-05,9.666665e-06
4,483,184.554,0.966,1.217916e-05,1.13e-05,1.5145826e-05,7.620828e-06,1.2491663e-05,1.3483325e-05,1.1699995e-05,1.3274996e-05,6.883327e-06,1.1833326e-05,1.1341659e-05,1.1366661e-05,9.420832e-06,1.0020828e-05,1.205833e-05,9.783332e-06
4,484,184.697,0.968,1.2429166e-05,1.1279162e-05,1.5074992e-05,7.658331e-06,1.2462497e-05,1.3529166e-05,1.1508329e-05,1.3320828e-05,6.883327e-06,1.1887495e-05,1.1370826e-05,1.1366661e-05,9.499995e-06,1.0062496e-05,1.2079159e-05,9.749992e-06
4,485,184.84,0.97,1.2370832e-05,1.13e-05,1.5208332e-05,7.670832e-06,1.2529159e-05,1.355416e-05,1.1620831e-05,1.353333e-05,6.995829e-06,1.20375e-05,1.1358333e-05,1.1424994e-05,9.533326e-06,1.0029165e-05,1.2125e-05,9.874995e-06
4,486,184.983,0.972,1.2308327e-05,1.1324993e-05,1.5174993e-05,7.724992e-06,1.2533331e-05,1.3612493e-05,1.1620831e-05,1.3387497e-05,6.933331e-06,1.200416e-05,1.1408329e-05,1.1399992e-05,9.599996e-06,1.004583e-05,1.2233329e-05,9.85833e-06
4,487,185.126,0.974,1.2291662e-05,1.135416e-05,1.5187494e-05,7.774996e-06,1.2595829e-05,1.36875e-05,1.1679164e-05,1.3491663e-05,7.033332e-06,1.2074995e-05,1.142083e-05,1.152083e-05,9.574994e-06,1.0104163e-05,1.2258331e-05,9.987497e-06
4,488,185.269,0.976,1.2420829e-05,1.1474999e-05,1.5270829e-05,7.737493e-06,1.2545832e-05,1.3699992e-05,1.1741662e-05,1.3487498e-05,6.970827e-06,1.2183333e-05,1.1508329e-05,1.1483327e-05,9.699997e-06,1.0091662e-05,1.2237493e-05,9.987497e-06
4,489,185.412,0.978,1.2495828e-05,1.142083e-05,1.5387495e-05,7.83333e-06,1.2629159e-05,1.3699992e-05,1.171666e-05,1.3558332e-05,6.829158e-06,1.2116662e-05,1.1570827e-05,1.1575e-05,9.704161e-06,1.0083326e-05,1.234583e-05,1.0141659e-05
4,490,185.555,0.98,1.2624995e-05,1.1404165e-05,1.5316662e-05,7.887498e-06,1.2670827e-05,1.3766662e-05,1.1808332e-05,1.3595827e-05,6.808329e-06,1.2270832e-05,1.1524995e-05,1.1587493e-05,9.720826e-06,1.0166661e-05,1.2320828e-05,1.0124993e-05
4,491,185.699,0.982,1.2445831e-05,1.1458325e-05,1.5391659e-05,7.862496e-06,1.2695829e-05,1.3816659e-05,1.1787494e-05,1.3645832e-05,6.858325e-06,1.2241666e-05,1.1712496e-05,1.1666663e-05,9.79166e-06,1.0141659e-05,1.2333329e-05,1.0079161e-05
4,492,185.842,0.984,1.2679164e-05,1.1487492e-05,1.5525e-05,7.83333e-06,1.2670827e-05,1.3824995e-05,1.1824997e-05,1.3691663e-05,6.829158e-06,1.2216663e-05,1.1779165e-05,1.1749999e-05,9.829164e-06,1.013333e-05,1.2387498e-05,1.0208329e-05
4,493,185.985,0.986,1.2816659e-05,1.1499993e-05,1.547916e-05,7.904164e-06,1.2720831e-05,1.3858326e-05,1.1820833e-05,1.3745833e-05,6.879163e-06,1.2249994e-05,1.1633332e-05,1.1749999e-05,9.841665e-06,1.0104163e-05,1.2412493e-05,1.0174997e-05
4,494,186.128,0.988,1.2733332e-05,1.1591665e-05,1.5545829e-05,7.958332e-06,1.270833e-05,1.3891665e-05,1.1895831e-05,1.3812494e-05,6.837495e-06,1.2291662e-05,1.1729161e-05,1.1916662e-05,9.912499e-06,1.0174997e-05,1.2529159e-05,1.0187498e-05
4,495,186.271,0.99,1.2687492e-05,1.1587493e-05,1.559166e-05,7.983327e-06,1.2737497e-05,1.3999995e-05,1.1937499e-05,1.3795829e-05,6.862497e-06,1.236666e-05,1.1729161e-05,1.1699995e-05,9.895825e-06,1.0141659e-05,1.2504164e-05,1.0254161e-05
4,496,186.414,0.992,1.2645833e-05,1.1541661e-05,1.5612499e-05,8.016666e-06,1.2783329e-05,1.3999995e-05,1.1987496e-05,1.3904166e-05,6.862497e-06,1.2387498e-05,1.1774993e-05,1.1754163e-05,1.0120829e-05,1.015416e-05,1.2574998e-05,1.0316666e-05
4,497,186.557,0.994,1.2695829e-05,1.1566663e-05,1.5795827e-05,8.049997e-06,1.279583e-05,1.3987494e-05,1.2029163e-05,1.4066664e-05,6.833331e-06,1.2420829e-05,1.1816661e-05,1.1795831e-05,9.949994e-06,1.024166e-05,1.2658325e-05,1.040833e-05
4,498,186.7,0.996,1.2774992e-05,1.1612495e-05,1.5841659e-05,8.249998e-06,1.2816659e-05,1.4095831e-05,1.209166e-05,1.3883328e-05,6.849996e-06,1.2458332e-05,1.1824997e-05,1.1837498e-05,1.0062496e-05,1.0312494e-05,1.2754163e-05,1.0429159e-05
4,499,186.843,0.998,1.2837498e-05,1.1658327e-05,1.5929167e-05,8.166663e-06,1.2833333e-05,1.4137499e-05,1.209166e-05,1.4045827e-05,6.833331e-06,1.2512493e-05,1.1870829e-05,1.1912497e-05,1.0054159e-05,1.013333e-05,1.2720831e-05,1.0499994e-05
4,500,186.986,1.0,1.291666e-05,1.1683329e-05,1.5758331e-05,8.191665e-06,1.2924997e-05,1.4133327e-05,1.2116662e-05,1.3962499e-05,6.841659e-06,1.2570827e-05,1.1937499e-05,1.1879166e-05,1.0137494e-05,1.0208329e-05,1.2895831e-05,1.0758328e-05
4,501,187.129,0.998,1.2845826e-05,1.1662499e-05,1.5854161e-05,8.070827e-06,1.2895831e-05,1.4154164e-05,1.205833e-05,1.4004159e-05,6.8875e-06,1.2545832e-05,1.188333e-05,1.1949992e-05,1.006666e-05,1.0170826e-05,1.2720831e-05,1.0474992e-05
4,502,187.272,0.996,1.2908332e-05,1.1612495e-05,1.5708327e-05,7.995828e-06,1.2941662e-05,1.4099995e-05,1.2016662e-05,1.3941662e-05,6.837495e-06,1.2416665e-05,1.1995832e-05,1.1833326e-05,9.999999e-06,1.0149995e-05,1.2591664e-05,1.0566664e-05
4,503,187.415,0.994,1.2770827e-05,1.1616659e-05,1.5654166e-05,8.091664e-06,1.2941662e-05,1.4199996e-05,1.1958329e-05,1.390833e-05,6.774998e-06,1.2362496e-05,1.171666e-05,1.1720832e-05,9.912499e-06,1.0079161e-05,1.2479162e-05,1.0254161e-05
4,504,187.558,0.992,1.2745825e-05,1.1554162e-05,1.565833e-05,7.954161e-06,1.272916e-05,1.4154164e-05,1.1879166e-05,1.3791664e-05,6.783327e-06,1.234583e-05,1.169583e-05,1.1741662e-05,9.849993e-06,1.0074997e-05,1.2495828e-05,1.0216665e-05
4,505,187.701,0.99,1.2837498e-05,1.1554162e-05,1.5570831e-05,7.995828e-06,1.2658325e-05,1.4099995e-05,1.1849999e-05,1.3795829e-05,6.804164e-06,1.2320828e-05,1.1599994e-05,1.1674992e-05,9.799997e-06,1.0029165e-05,1.2483327e-05,1.0108328e-05
4,506,187.844,0.988,1.2604165e-05,1.1670828e-05,1.5445828e-05,7.962497e-06,1.2616666e-05,1.3941662e-05,1.1862493e-05,1.3733332e-05,6.783327e-06,1.2283325e-05,1.1558326e-05,1.1599994e-05,9.720826e-06,9.97916e-06,1.2391662e-05,1.004583e-05
4,507,187.987,0.986,1.2679164e-05,1.1424994e-05,1.547916e-05,7.870825e-06,1.2629159e-05,1.3849997e-05,1.1941664e-05,1.3629166e-05,6.791663e-06,1.2183333e-05,1.1545833e-05,1.1549997e-05,9.679158e-06,9.970832e-06,1.2341667e-05,1.00125e-05
4,508,188.13,0.984,1.2429166e-05,1.1462498e-05,1.5395832e-05,7.85416e-06,1.2579163e-05,1.3854162e-05,1.1691665e-05,1.374166e-05,6.779162e-06,1.2049993e-05,1.1454161e-05,1.1499993e-05,9.637499e-06,9.933328e-06,1.2258331e-05,9.991661e-06
4,509,188.273,0.982,1.2304163e-05,1.1399992e-05,1.5354164e-05,7.787497e-06,1.254166e-05,1.3841661e-05,1.1658327e-05,1.3737495e-05,6.749995e-06,1.200416e-05,1.1437495e-05,1.1491664e-05,9.537498e-06,1.0145831e-05,1.2224992e-05,9.920827e-06
4,510,188.416,0.98,1.2449996e-05,1.1358333e-05,1.5283331e-05,7.837494e-06,1.2508329e-05,1.3812494e-05,1.1537496e-05,1.3504164e-05,6.883327e-06,1.2008325e-05,1.1341659e-05,1.1349996e-05,9.537498e-06,9.891661e-06,1.2216663e-05,9.883332e-06
4,511,188.559,0.978,1.2291662e-05,1.1195826e-05,1.5229161e-05,7.729165e-06,1.2466661e-05,1.3812494e-05,1.1562498e-05,1.336666e-05,6.787499e-06,1.1937499e-05,1.1279162e-05,1.135416e-05,9.454163e-06,9.862494e-06,1.226666e-05,9.824999e-06
4,512,188.702,0.976,1.2279161e-05,1.1291663e-05,1.5158327e-05,7.74583e-06,1.2466661e-05,1.3695828e-05,1.1499993e-05,1.3383333e-05,6.833331e-06,1.1954165e-05,1.1208328e-05,1.13e-05,9.337497e-06,9.870831e-06,1.2062494e-05,9.716662e-06
4,513,188.845,0.974,1.205833e-05,1.1312492e-05,1.5149999e-05,7.670832e-06,1.2362496e-05,1.3733332e-05,1.144166e-05,1.336666e-05,6.683326e-06,1.2070831e-05,1.1424994e-05,1.1249996e-05,9.349998e-06,9.862494e-06,1.2029163e-05,9.716662e-06
4,514,188.988,0.972,1.2158331e-05,1.1237494e-05,1.5024996e-05,7.670832e-06,1.2362496e-05,1.3658333e-05,1.1412493e-05,1.3262495e-05,6.658332e-06,1.1820833e-05,1.1204163e-05,1.1279162e-05,9.279163e-06,9.7375e-06,1.1933326e-05,9.662493e-06
4,515,189.131,0.97,1.2174995e-05,1.1183325e-05,1.5054163e-05,7.645829e-06,1.2283325e-05,1.3666661e-05,1.1362497e-05,1.3224999e-05,6.699999e-06,1.1658327e-05,1.1283326e-05,1.1174997e-05,9.275e-06,9.783332e-06,1.1891659e-05,9.537498e-06
4,516,189.275,0.968,1.200416e-05,1.1137494e-05,1.4949997e-05,7.529163e-06,1.2320828e-05,1.3587499e-05,1.1249996e-05,1.3154165e-05,6.658332e-06,1.1687493e-05,1.1137494e-05,1.1104163e-05,9.154161e-06,9.712498e-06,1.1774993e-05,9.487494e-06
4,517,189.418,0.966,1.2108326e-05,1.1104163e-05,1.4870827e-05,7.57916e-06,1.2304163e-05,1.355416e-05,1.1241658e-05,1.3079167e-05,6.645831e-06,1.162916e-05,1.1137494e-05,1.13e-05,9.091664e-06,9.679158e-06,1.1766664e-05,9.454163e-06
4,518,189.561,0.964,1.1991659e-05,1.1095826e-05,1.4916666e-05,7.483332e-06,1.2279161e-05,1.3499999e-05,1.1208328e-05,1.3070829e-05,6.624993e-06,1.1579164e-05,1.0899997e-05,1.1070832e-05,9.14166e-06,9.616661e-06,1.1683329e-05,9.295829e-06
4,519,189.704,0.962,1.1820833e-05,1.0929163e-05,1.4783327e-05,7.495833e-06,1.217916e-05,1.3420829e-05,1.1241658e-05,1.2949999e-05,6.612492e-06,1.1533331e-05,1.089166e-05,1.1008327e-05,9.091664e-06,9.612497e-06,1.1654162e-05,9.316659e-06
4,520,189.847,0.96,1.1770829e-05,1.0983332e-05,1.4708328e-05,7.495833e-06,1.2158331e-05,1.346666e-05,1.1062495e-05,1.2987494e-05,6.604163e-06,1.1449996e-05,1.0795831e-05,1.0849993e-05,9.066661e-06,9.624998e-06,1.1591665e-05,9.22083e-06
4,521,189.99,0.958,1.1658327e-05,1.0883331e-05,1.4883328e-05,7.454165e-06,1.2129164e-05,1.3449995e-05,1.106666e-05,1.2929161e-05,6.620828e-06,1.1404165e-05,1.0779167e-05,1.0895832e-05,8.84583e-06,9.554164e-06,1.160833e-05,9.162498e-06
4,522,190.133,0.956,1.152083e-05,1.0845828e-05,1.4749996e-05,7.487496e-06,1.2062494e-05,1.3354166e-05,1.095833e-05,1.2812495e-05,6.624993e-06,1.1341659e-05,1.0729162e-05,1.0799996e-05,8.77916e-06,9.520832e-06,1.1541661e-05,9.049996e-06
4,523,190.276,0.954,1.1537496e-05,1.0795831e-05,1.4791663e-05,7.345827e-06,1.2116662e-05,1.3325e-05,1.0945829e-05,1.2804167e-05,6.537493e-06,1.1270833e-05,1.0691659e-05,1.078333e-05,8.770831e-06,9.624998e-06,1.1437495e-05,9.095827e-06
4,524,190.419,0.952,1.1466662e-05,1.0770829e-05,1.445833e-05,7.274993e-06,1.2033327e-05,1.3254165e-05,1.0970831e-05,1.2704166e-05,6.574996e-06,1.1241658e-05,1.0670828e-05,1.0724997e-05,8.733328e-06,9.537498e-06,1.1554162e-05,8.974997e-06
4,525,190.562,0.95,1.1408329e-05,1.0758328e-05,1.4404161e-05,7.308332e-06,1.2033327e-05,1.3349994e-05,1.0829162e-05,1.2658325e-05,6.520828e-06,1.1179161e-05,1.0579165e-05,1.0745827e-05,8.674995e-06,9.412495e-06,1.1479163e-05,8.904163e-06
4,526,190.705,0.948,1.1491664e-05,1.0716661e-05,1.4408326e-05,7.174993e-06,1.2162494e-05,1.3249994e-05,1.0812497e-05,1.2637496e-05,6.554159e-06,1.1116664e-05,1.0520832e-05,1.0691659e-05,8.599996e-06,9.420832e-06,1.1295827e-05,9.066661e-06
4,527,190.848,0.946,1.1395828e-05,1.0720825e-05,1.4320826e-05,7.174993e-06,1.1912497e-05,1.3216662e-05,1.0699995e-05,1.2570827e-05,6.495825e-06,1.1099998e-05,1.0491665e-05,1.0604159e-05,8.574994e-06,9.391665e-06,1.1179161e-05,8.808327e-06
4,528,190.991,0.944,1.126666e-05,1.0654163e-05,1.4274994e-05,7.158327e-06,1.1837498e-05,1.3137499e-05,1.0766666e-05,1.2562497e-05,6.487497e-06,1.1054166e-05,1.0374999e-05,1.0608332e-05,8.458328e-06,9.387493e-06,1.1120828e-05,8.729164e-06
4,529,191.134,0.942,1.1404165e-05,1.0579165e-05,1.4212497e-05,7.141662e-06,1.171666e-05,1.3054164e-05,1.0899997e-05,1.2516665e-05,6.508326e-06,1.0962494e-05,1.0412495e-05,1.0508331e-05,8.454163e-06,9.341661e-06,1.1124992e-05,8.65833e-06
4,530,191.277,0.94,1.1179161e-05,1.0566664e-05,1.4133327e-05,7.095829e-06,1.1774993e-05,1.3095831e-05,1.0795831e-05,1.2462497e-05,6.524992e-06,1.0995833e-05,1.0299993e-05,1.049583e-05,8.362492e-06,9.30833e-06,1.106666e-05,8.624998e-06
4,531,191.42,0.938,1.1033329e-05,1.052916e-05,1.4116661e-05,7.024995e-06,1.1724997e-05,1.2974993e-05,1.0558327e-05,1.2412493e-05,6.491661e-06,1.0879159e-05,1.0337496e-05,1.049583e-05,8.324997e-06,9.304166e-06,1.0995833e-05,8.545828e-06
4,532,191.563,0.936,1.0924999e-05,1.052916e-05,1.4066664e-05,7.004166e-06,1.1712496e-05,1.2895831e-05,1.0433332e-05,1.2270832e-05,6.491661e-06,1.0841663e-05,1.0195828e-05,1.0416658e-05,8.308331e-06,9.291664e-06,1.0912498e-05,8.508333e-06
4,533,191.706,0.934,1.1087497e-05,1.0499994e-05,1.4024997e-05,6.983328e-06,1.1674992e-05,1.2874993e-05,1.0504166e-05,1.2341667e-05,6.466659e-06,1.0770829e-05,1.0158332e-05,1.0416658e-05,8.22916e-06,9.229159e-06,1.0912498e-05,8.487495e-06
4,534,191.849,0.932,1.0858329e-05,1.0445825e-05,1.390833e-05,6.966663e-06,1.1620831e-05,1.2849999e-05,1.0349997e-05,1.2129164e-05,6.537493e-06,1.0845828e-05,1.0137494e-05,1.0333331e-05,8.204166e-06,9.179163e-06,1.0874995e-05,8.366665e-06
4,535,191.992,0.93,1.0849993e-05,1.0383328e-05,1.3904166e-05,6.949997e-06,1.1641661e-05,1.2837498e-05,1.0395829e-05,1.2066666e-05,6.504162e-06,1.0745827e-05,1.0108328e-05,1.0316666e-05,8.179164e-06,9.216667e-06,1.0812497e-05,8.408332e-06
4,536,192.135,0.928,1.0820826e-05,1.0437497e-05,1.3816659e-05,6.904165e-06,1.1566663e-05,1.272916e-05,1.0349997e-05,1.2083332e-05,6.612492e-06,1.0629161e-05,1.0024993e-05,1.022083e-05,8.058326e-06,9.116666e-06,1.0745827e-05,8.29583e-06
4,537,192.278,0.926,1.0754164e-05,1.0341661e-05,1.3787492e-05,6.841659e-06,1.1541661e-05,1.2695829e-05,1.0291664e-05,1.2033327e-05,6.374995e-06,1.0674993e-05,9.95833e-06,1.0195828e-05,8.04166e-06,9.133331e-06,1.0666665e-05,8.187492e-06
4,538,192.421,0.924,1.0691659e-05,1.0349997e-05,1.3749996e-05,6.779162e-06,1.1474999e-05,1.2687492e-05,1.0245832e-05,1.1966666e-05,6.366666e-06,1.0604159e-05,1.0116664e-05,1.0149995e-05,7.970826e-06,9.037494e-06,1.0649999e-05,8.154162e-06
4,539,192.564,0.922,1.0674993e-05,1.0370827e-05,1.3724994e-05,6.833331e-06,1.144166e-05,1.2620831e-05,1.0183327e-05,1.1945828e-05,6.354165e-06,1.0479164e-05,1.0087498e-05,1.0141659e-05,7.916665e-06,9.116666e-06,1.0599994e-05,8.095829e-06
4,540,192.708,0.92,1.0737499e-05,1.0245832e-05,1.3662498e-05,6.795828e-06,1.1416666e-05,1.2620831e-05,1.0229166e-05,1.1924998e-05,6.374995e-06,1.0420831e-05,1.0037494e-05,1.0170826e-05,7.83333e-06,9.058333e-06,1.0570828e-05,8.095829e-06
4,541,192.851,0.918,1.0508331e-05,1.0187498e-05,1.3541659e-05,6.75416e-06,1.1429159e-05,1.2529159e-05,1.0162496e-05,1.180416e-05,6.370831e-06,1.0341661e-05,9.762493e-06,1.0087498e-05,7.841659e-06,9.05416e-06,1.0454162e-05,7.999993e-06
4,542,192.994,0.916,1.0670828e-05,1.0108328e-05,1.353333e-05,6.687498e-06,1.1341659e-05,1.2533331e-05,1.0037494e-05,1.1791666e-05,6.337492e-06,1.0349997e-05,9.820827e-06,9.962495e-06,7.779161e-06,8.999999e-06,1.0412495e-05,7.920829e-06
4,543,193.137,0.914,1.040833e-05,1.0158332e-05,1.3474997e-05,6.708328e-06,1.1345832e-05,1.243333e-05,1.006666e-05,1.1708331e-05,6.354165e-06,1.0262497e-05,9.691659e-06,9.883332e-06,7.83333e-06,8.987498e-06,1.0383328e-05,7.874997e-06
4,544,193.28,0.912,1.032083e-05,1.0029165e-05,1.3408328e-05,6.591662e-06,1.1312492e-05,1.2349995e-05,9.999999e-06,1.171666e-05,6.354165e-06,1.024166e-05,9.691659e-06,9.991661e-06,7.85416e-06,9.045832e-06,1.0308329e-05,7.874997e-06
4,545,193.423,0.91,1.0270826e-05,1.00125e-05,1.3454159e-05,6.554159e-06,1.1287499e-05,1.2316664e-05,9.941666e-06,1.1679164e-05,6.329163e-06,1.0195828e-05,9.633327e-06,9.870831e-06,7.599997e-06,8.979162e-06,1.0274998e-05,7.829165e-06
4,546,193.566,0.908,1.0183327e-05,9.987497e-06,1.3416664e-05,6.595826e-06,1.1258332e-05,1.2395827e-05,9.866659e-06,1.1562498e-05,6.379159e-06,1.0137494e-05,9.587495e-06,9.804161e-06,7.57916e-06,8.862496e-06,1.0249996e-05,7.76666e-06
4,547,193.709,0.906,1.0279163e-05,9.999999e-06,1.3387497e-05,6.579161e-06,1.1141666e-05,1.2274996e-05,9.837492e-06,1.1524995e-05,6.262493e-06,1.0087498e-05,9.508331e-06,9.766666e-06,7.462494e-06,8.949995e-06,1.0162496e-05,7.699999e-06
4,548,193.852,0.904,1.0124993e-05,9.962495e-06,1.3183331e-05,6.504162e-06,1.1183325e-05,1.2241666e-05,9.820827e-06,1.1524995e-05,6.316662e-06,1.0049995e-05,9.50416e-06,9.766666e-06,7.499997e-06,8.812499e-06,1.0212493e-05,7.674996e-06
4,549,193.995,0.902,1.0124993e-05,9.970832e-06,1.309166e-05,6.520828e-06,1.1162496e-05,1.2233329e-05,9.820827e-06,1.1387499e-05,6.27083e-06,9.97916e-06,9.437497e-06,9.674995e-06,7.462494e-06,8.774996e-06,1.0179162e-05,7.629164e-06
4,550,194.138,0.9,1.0070833e-05,9.870831e-06,1.3070829e-05,6.549994e-06,1.1062495e-05,1.2141665e-05,9.808326e-06,1.1337494e-05,6.308325e-06,9.95833e-06,9.333332e-06,9.666665e-06,7.416661e-06,8.733328e-06,1.0108328e-05,7.758331e-06
4,551,194.281,0.898,1.015416e-05,9.862494e-06,1.2995831e-05,6.437492e-06,1.1058331e-05,1.2216663e-05,9.708333e-06,1.1329166e-05,6.199996e-06,9.866659e-06,9.387493e-06,9.654164e-06,7.362493e-06,8.720827e-06,9.937493e-06,7.462494e-06
4,552,194.424,0.896,1.0158332e-05,9.787496e-06,1.2987494e-05,6.337492e-06,1.1079161e-05,1.2162494e-05,9.629162e-06,1.13e-05,6.20416e-06,9.908326e-06,9.333332e-06,9.649992e-06,7.324998e-06,8.729164e-06,9.904162e-06,7.474995e-06
4,553,194.567,0.894,1.0104163e-05,9.795833e-06,1.2912496e-05,6.316662e-06,1.0937492e-05,1.2108326e-05,9.662493e-06,1.1224993e-05,6.308325e-06,9.816663e-06,9.229159e-06,9.533326e-06,7.274993e-06,8.708326e-06,9.866659e-06,7.349992e-06
4,554,194.71,0.892,9.87916e-06,9.754165e-06,1.2879165e-05,6.295832e-06,1.0924999e-05,1.2008325e-05,9.649992e-06,1.1199999e-05,6.241663e-06,9.720826e-06,9.216667e-06,9.549999e-06,7.258328e-06,8.65833e-06,9.820827e-06,7.295831e-06
4,555,194.853,0.89,9.966659e-06,9.899998e-06,1.2820832e-05,6.258329e-06,1.0887496e-05,1.1933326e-05,9.524997e-06,1.1108327e-05,6.220826e-06,9.687496e-06,9.087499e-06,9.529162e-06,7.154163e-06,8.633328e-06,9.720826e-06,7.299996e-06
4,556,194.996,0.888,9.695832e-06,9.795833e-06,1.2737497e-05,6.241663e-06,1.0849993e-05,1.1895831e-05,9.412495e-06,1.1058331e-05,6.254164e-06,9.662493e-06,9.058333e-06,9.50416e-06,7.241662e-06,8.620827e-06,9.716662e-06,7.262492e-06
4,557,195.139,0.886,9.649992e-06,9.641663e-06,1.2716659e-05,6.199996e-06,1.0845828e-05,1.1858328e-05,9.391665e-06,1.0970831e-05,6.262493e-06,9.629162e-06,9.05416e-06,9.441662e-06,7.083328e-06,8.562493e-06,9.620825e-06,7.258328e-06
4,558,195.282,0.884,9.687496e-06,9.683331e-06,1.2624995e-05,6.191659e-06,1.078333e-05,1.1812496e-05,9.345826e-06,1.0899997e-05,6.191659e-06,9.579166e-06,9.008329e-06,9.324996e-06,7.070827e-06,8.529162e-06,9.595831e-06,7.170828e-06
4,559,195.425,0.882,9.683331e-06,9.60416e-06,1.2587499e-05,6.120833e-06,1.0733326e-05,1.1745827e-05,9.324996e-06,1.0866665e-05,6.324999e-06,9.520832e-06,8.970833e-06,9.333332e-06,6.974999e-06,8.574994e-06,9.566665e-06,7.11666e-06
4,560,195.568,0.88,9.637499e-06,9.558328e-06,1.254166e-05,6.066664e-06,1.0708332e-05,1.1674992e-05,9.295829e-06,1.0841663e-05,6.283331e-06,9.541663e-06,8.949995e-06,9.275e-06,6.958326e-06,8.529162e-06,9.466664e-06,7.066663e-06
4,561,195.711,0.878,9.474993e-06,9.558328e-06,1.243333e-05,6.054163e-06,1.0637498e-05,1.1662499e-05,9.237496e-06,1.0779167e-05,6.104159e-06,9.458327e-06,8.883325e-06,9.245833e-06,6.891664e-06,8.512497e-06,9.437497e-06,7.02916e-06
4,562,195.854,0.876,9.424996e-06,9.441662e-06,1.2370832e-05,6.024996e-06,1.0658327e-05,1.160833e-05,9.266662e-06,1.0724997e-05,6.087494e-06,9.449998e-06,8.924992e-06,9.279163e-06,6.879163e-06,8.508333e-06,9.374992e-06,6.987492e-06
4,563,195.997,0.874,9.358327e-06,9.454163e-06,1.2379161e-05,6.033325e-06,1.0608332e-05,1.162916e-05,9.14166e-06,1.0699995e-05,6.137498e-06,9.291664e-06,8.812499e-06,9.224995e-06,6.874998e-06,8.387494e-06,9.362499e-06,6.958326e-06
4,564,196.141,0.872,9.529162e-06,9.424996e-06,1.2374997e-05,5.970828e-06,1.0633325e-05,1.152083e-05,9.12083e-06,1.0674993e-05,6.145827e-06,9.233332e-06,8.733328e-06,9.183327e-06,6.787499e-06,8.454163e-06,9.304166e-06,6.866662e-06
4,565,196.284,0.87,9.429161e-06,9.366663e-06,1.2229165e-05,5.99583e-06,1.0579165e-05,1.1454161e-05,9.062497e-06,1.0624997e-05,6.108331e-06,9.158325e-06,8.708326e-06,9.108328e-06,6.758332e-06,8.387494e-06,9.174999e-06,6.849996e-06
4,566,196.427,0.868,9.179163e-06,9.412495e-06,1.2208327e-05,5.933332e-06,1.0545826e-05,1.1474999e-05,9.029166e-06,1.0541661e-05,6.141663e-06,9.191665e-06,8.629163e-06,9.304166e-06,6.708328e-06,8.362492e-06,9.229159e-06,6.783327e-06
4,567,196.57,0.866,9.383329e-06,9.399994e-06,1.2162494e-05,5.854161e-06,1.049583e-05,1.1433332e-05,9.02083e-06,1.0491665e-05,6.154164e-06,9.087499e-06,8.59166e-06,8.995827e-06,6.766661e-06,8.366665e-06,9.133331e-06,6.683326e-06
4,568,196.713,0.864,9.237496e-06,9.320831e-06,1.226666e-05,5.891665e-06,1.0445825e-05,1.1295827e-05,8.920829e-06,1.0379164e-05,6.104159e-06,9.058333e-06,8.574994e-06,8.974997e-06,6.579161e-06,8.312496e-06,9.104165e-06,6.729166e-06
4,569,196.856,0.862,9.05416e-06,9.187492e-06,1.2166659e-05,5.854161e-06,1.0387492e-05,1.1362497e-05,8.995827e-06,1.0437497e-05,6.116661e-06,9.016665e-06,8.562493e-06,8.924992e-06,6.599998e-06,8.337498e-06,9.045832e-06,6.679161e-06
4,570,196.999,0.86,9.004164e-06,9.162498e-06,1.2120827e-05,5.766662e-06,1.0370827e-05,1.1245831e-05,8.908328e-06,1.0333331e-05,6.066664e-06,8.929165e-06,8.508333e-06,9.037494e-06,6.679161e-06,8.304159e-06,9.008329e-06,6.604163e-06
4,571,197.142,0.858,8.974997e-06,9.170826e-06,1.1999997e-05,5.791664e-06,1.032916e-05,1.1245831e-05,8.799998e-06,1.0358325e-05,6.120833e-06,8.908328e-06,8.429161e-06,8.916664e-06,6.474996e-06,8.429161e-06,9.012492e-06,6.587497e-06
4,572,197.285,0.856,8.941666e-06,9.133331e-06,1.1841663e-05,5.783327e-06,1.0237495e-05,1.1204163e-05,8.808327e-06,1.022083e-05,6.187495e-06,8.883325e-06,8.399995e-06,8.854158e-06,6.462495e-06,8.179164e-06,8.958332e-06,6.516663e-06
4,573,197.428,0.854,8.84583e-06,9.074998e-06,1.1787494e-05,5.812494e-06,1.0429159e-05,1.1104163e-05,8.691661e-06,1.0224994e-05,6.108331e-06,8.829164e-06,8.370828e-06,8.833329e-06,6.433328e-06,8.087492e-06,8.912491e-06,6.454166e-06
4,574,197.571,0.852,8.820828e-06,9.095827e-06,1.1741662e-05,5.641659e-06,1.0316666e-05,1.1099998e-05,8.720827e-06,1.0116664e-05,6.087494e-06,8.774996e-06,8.354164e-06,8.820828e-06,6.383332e-06,8.124995e-06,8.741665e-06,6.474996e-06
4,575,197.714,0.85,8.937494e-06,9.037494e-06,1.1724997e-05,5.641659e-06,1.0249996e-05,1.1024999e-05,8.729164e-06,1.0074997e-05,6.020832e-06,8.733328e-06,8.274992e-06,8.770831e-06,6.374995e-06,8.112494e-06,8.708326e-06,6.362494e-06
4,576,197.857,0.848,8.908328e-06,8.974997e-06,1.1662499e-05,5.55416e-06,1.0137494e-05,1.0987496e-05,8.620827e-06,1.00125e-05,5.991666e-06,8.687496e-06,8.212495e-06,8.729164e-06,6.295832e-06,8.091664e-06,8.57083e-06,6.395833e-06
4,577,198.0,0.846,8.841665e-06,8.937494e-06,1.1612495e-05,5.570825e-06,1.0112492e-05,1.1137494e-05,8.604161e-06,1.0016664e-05,6.091658e-06,8.666659e-06,8.183329e-06,8.637492e-06,6.299997e-06,8.062498e-06,8.666659e-06,6.258329e-06
4,578,198.143,0.844,8.616662e-06,8.924992e-06,1.1545833e-05,5.549995e-06,1.004583e-05,1.1104163e-05,8.549992e-06,9.945829e-06,6.024996e-06,8.524998e-06,8.170828e-06,8.674995e-06,6.237499e-06,8.024995e-06,8.574994e-06,6.18333e-06
4,579,198.286,0.842,8.65833e-06,8.912491e-06,1.1524995e-05,5.483325e-06,1.0016664e-05,1.0799996e-05,8.508333e-06,9.891661e-06,6.024996e-06,8.529162e-06,8.149997e-06,8.662494e-06,6.241663e-06,8.04166e-06,8.5375e-06,6.191659e-06
4,580,198.429,0.84,8.541663e-06,8.883325e-06,1.1408329e-05,5.458331e-06,9.97916e-06,1.0754164e-05,8.574994e-06,9.79166e-06,6.020832e-06,8.508333e-06,8.10833e-06,8.599996e-06,6.145827e-06,7.962497e-06,8.466665e-06,6.149999e-06
4,581,198.572,0.838,8.558329e-06,8.841665e-06,1.1570827e-05,5.420828e-06,9.97916e-06,1.0729162e-05,8.495832e-06,9.770831e-06,6.033325e-06,8.391658e-06,8.045832e-06,8.574994e-06,6.124997e-06,7.945831e-06,8.395831e-06,6.133326e-06
4,582,198.715,0.836,8.333325e-06,8.874997e-06,1.13e-05,5.374996e-06,9.920827e-06,1.0691659e-05,8.29583e-06,9.691659e-06,6.099995e-06,8.362492e-06,7.924994e-06,8.558329e-06,6.091658e-06,7.899992e-06,8.362492e-06,6.104159e-06
4,583,198.858,0.834,8.366665e-06,8.770831e-06,1.1279162e-05,5.329164e-06,9.866659e-06,1.0666665e-05,8.299994e-06,9.649992e-06,6.012495e-06,8.304159e-06,7.899992e-06,8.458328e-06,6.033325e-06,7.887498e-06,8.291666e-06,6.054163e-06
4,584,199.001,0.832,8.308331e-06,8.691661e-06,1.1245831e-05,5.304162e-06,9.841665e-06,1.0608332e-05,8.274992e-06,9.574994e-06,5.999994e-06,8.266664e-06,7.899992e-06,8.41666e-06,6.033325e-06,7.895827e-06,8.233333e-06,6.041662e-06
4,585,199.144,0.83,8.437499e-06,8.670831e-06,1.1170832e-05,5.270831e-06,9.812498e-06,1.0516659e-05,8.220832e-06,9.591659e-06,5.945826e-06,8.283329e-06,7.849995e-06,8.433326e-06,6.008331e-06,7.858332e-06,8.204166e-06,5.945826e-06
4,586,199.287,0.828,8.220832e-06,8.649993e-06,1.1133329e-05,5.237492e-06,9.804161e-06,1.0499994e-05,8.187492e-06,9.516661e-06,5.945826e-06,8.224996e-06,7.824993e-06,8.374993e-06,5.979165e-06,7.762495e-06,8.158326e-06,5.945826e-06
4,587,199.43,0.826,8.166663e-06,8.604161e-06,1.1070832e-05,5.224999e-06,9.774994e-06,1.0445825e-05,8.141661e-06,9.470828e-06,5.970828e-06,8.120831e-06,7.76666e-06,8.320832e-06,5.99583e-06,7.808328e-06,8.158326e-06,5.829159e-06
4,588,199.573,0.824,8.204166e-06,8.604161e-06,1.1070832e-05,5.241664e-06,9.666665e-06,1.0387492e-05,8.083328e-06,9.383329e-06,5.937497e-06,8.029159e-06,7.824993e-06,8.337498e-06,5.858326e-06,7.795827e-06,8.012494e-06,5.837496e-06
4,589,199.717,0.822,8.237497e-06,8.529162e-06,1.0949993e-05,5.129163e-06,9.658329e-06,1.0333331e-05,8.066662e-06,9.379164e-06,5.991666e-06,7.999993e-06,7.762495e-06,8.266664e-06,5.916659e-06,7.74583e-06,7.987499e-06,5.858326e-06
4,590,199.86,0.82,7.908328e-06,8.512497e-06,1.0937492e-05,5.187495e-06,9.612497e-06,1.0366663e-05,8.062498e-06,9.304166e-06,5.933332e-06,7.949996e-06,7.562494e-06,8.208331e-06,5.874999e-06,7.741666e-06,7.904164e-06,5.837496e-06
4,591,200.003,0.818,8.083328e-06,8.445827e-06,1.0966659e-05,5.120826e-06,9.645828e-06,1.0245832e-05,8.037496e-06,9.295829e-06,5.962499e-06,7.891663e-06,7.662495e-06,8.170828e-06,6.029161e-06,7.7125e-06,7.904164e-06,5.704164e-06
4,592,200.146,0.816,8.066662e-06,8.420833e-06,1.0791659e-05,5.087495e-06,9.595831e-06,1.0216665e-05,7.937495e-06,9.212494e-06,5.949998e-06,7.883326e-06,7.529163e-06,8.083328e-06,5.866663e-06,7.666659e-06,7.866661e-06,5.695828e-06
4,593,200.289,0.814,8.033331e-06,8.366665e-06,1.0933328e-05,5.07083e-06,9.549999e-06,1.0216665e-05,7.891663e-06,9.170826e-06,5.966663e-06,7.870825e-06,7.487496e-06,8.062498e-06,5.804165e-06,7.724992e-06,7.791662e-06,5.679162e-06
4,594,200.432,0.812,7.779161e-06,8.262499e-06,1.061666e-05,5.016661e-06,9.512496e-06,1.0116664e-05,7.845831e-06,9.066661e-06,5.90833e-06,7.804163e-06,7.437499e-06,8.045832e-06,5.783327e-06,7.691661e-06,7.754159e-06,5.670825e-06
4,595,200.575,0.81,7.749994e-06,8.22916e-06,1.0779167e-05,5.037498e-06,9.424996e-06,1.0058331e-05,7.85416e-06,9.037494e-06,5.945826e-06,7.754159e-06,7.424998e-06,8.070827e-06,5.708329e-06,7.649994e-06,7.791662e-06,5.691663e-06
4,596,200.718,0.808,7.733329e-06,8.254163e-06,1.0608332e-05,5.008332e-06,9.424996e-06,9.995826e-06,7.808328e-06,9.045832e-06,5.949998e-06,7.695826e-06,7.412497e-06,8.033331e-06,5.72083e-06,7.545829e-06,7.654166e-06,5.63333e-06
4,597,200.861,0.806,7.674996e-06,8.204166e-06,1.0449998e-05,4.89583e-06,9.383329e-06,9.966659e-06,7.754159e-06,9.02083e-06,5.941661e-06,7.633328e-06,7.37083e-06,7.995828e-06,5.666661e-06,7.520827e-06,7.683333e-06,5.570825e-06
4,598,201.004,0.804,7.637493e-06,8.149997e-06,1.0433332e-05,4.933325e-06,9.408331e-06,9.929165e-06,7.724992e-06,8.924992e-06,5.924996e-06,7.629164e-06,7.295831e-06,7.958332e-06,5.662497e-06,7.537492e-06,7.608326e-06,5.595827e-06
4,599,201.147,0.802,7.683333e-06,8.149997e-06,1.0379164e-05,4.862499e-06,9.291664e-06,9.891661e-06,7.645829e-06,8.854158e-06,5.899994e-06,7.562494e-06,7.270829e-06,7.924994e-06,5.65416e-06,7.483332e-06,7.49166e-06,5.499999e-06
4,600,201.29,0.8,7.637493e-06,8.104165e-06,1.0383328e-05,4.820832e-06,9.320831e-06,9.874995e-06,7.629164e-06,8.849995e-06,5.92916e-06,7.545829e-06,7.224997e-06,7.899992e-06,5.583326e-06,7.508326e-06,7.429162e-06,5.608328e-06
4,601,201.433,0.798,7.499997e-06,8.091664e-06,1.032083e-05,4.804158e-06,9.208329e-06,9.749992e-06,7.554166e-06,8.783332e-06,5.92916e-06,7.412497e-06,7.179165e-06,7.887498e-06,5.604164e-06,7.466666e-06,7.374994e-06,5.416663e-06
4,602,201.576,0.796,7.441664e-06,8.024995e-06,1.0258333e-05,4.770827e-06,9.199993e-06,9.845829e-06,7.529163e-06,8.762495e-06,5.895829e-06,7.349992e-06,7.11666e-06,7.858332e-06,5.566661e-06,7.454165e-06,7.354164e-06,5.479161e-06
4,603,201.719,0.794,7.374994e-06,8.016666e-06,1.0212493e-05,4.724996e-06,9.14166e-06,9.741664e-06,7.499997e-06,8.674995e-06,5.870827e-06,7.341663e-06,7.11666e-06,7.791662e-06,5.558332e-06,7.412497e-06,7.312497e-06,5.458331e-06
4,604,201.862,0.792,7.320825e-06,7.979163e-06,1.0112492e-05,4.720831e-06,9.116666e-06,9.60416e-06,7.47083e-06,8.624998e-06,5.924996e-06,7.374994e-06,7.037497e-06,7.758331e-06,5.591663e-06,7.349992e-06,7.254163e-06,5.399998e-06
4,605,202.005,0.79,7.266664e-06,7.987499e-06,1.0091662e-05,4.695829e-06,9.091664e-06,9.541663e-06,7.433327e-06,8.608326e-06,5.895829e-06,7.279165e-06,6.991665e-06,7.762495e-06,5.504163e-06,7.362493e-06,7.179165e-06,5.387497e-06
4,606,202.148,0.788,7.291659e-06,7.958332e-06,1.00125e-05,4.649997e-06,9.079162e-06,9.533326e-06,7.329162e-06,8.508333e-06,5.991666e-06,7.170828e-06,6.987492e-06,7.654166e-06,5.499999e-06,7.299996e-06,7.149999e-06,5.349994e-06
4,607,202.291,0.786,7.19583e-06,7.862496e-06,9.962495e-06,4.629159e-06,9.024993e-06,9.479165e-06,7.291659e-06,8.445827e-06,5.866663e-06,7.199995e-06,6.899993e-06,7.699999e-06,5.504163e-06,7.333326e-06,7.087493e-06,5.320827e-06
4,608,202.434,0.784,7.129161e-06,7.816664e-06,9.908326e-06,4.570826e-06,8.979162e-06,9.429161e-06,7.262492e-06,8.374993e-06,5.879164e-06,7.183329e-06,6.945832e-06,7.637493e-06,5.458331e-06,7.229161e-06,7.095829e-06,5.312499e-06
4,609,202.577,0.782,7.179165e-06,7.795827e-06,9.870831e-06,4.570826e-06,8.904163e-06,9.39583e-06,7.233326e-06,8.308331e-06,5.937497e-06,7.079164e-06,6.833331e-06,7.562494e-06,5.437493e-06,7.299996e-06,7.00833e-06,5.312499e-06
4,610,202.72,0.78,7.19583e-06,7.716663e-06,9.824999e-06,4.520829e-06,8.941666e-06,9.316659e-06,7.187494e-06,8.29583e-06,5.849997e-06,7.016659e-06,6.854161e-06,7.604162e-06,5.404162e-06,7.224997e-06,6.945832e-06,5.299997e-06
4,611,202.863,0.778,7.00833e-06,7.699999e-06,9.762493e-06,4.545832e-06,8.854158e-06,9.287493e-06,7.120832e-06,8.270827e-06,5.829159e-06,7.024995e-06,6.8875e-06,7.524999e-06,5.399998e-06,7.254163e-06,6.966663e-06,5.229163e-06
4,612,203.006,0.776,6.995829e-06,7.666659e-06,9.654164e-06,4.458332e-06,8.808327e-06,9.212494e-06,7.095829e-06,8.208331e-06,5.845833e-06,6.933331e-06,6.766661e-06,7.454165e-06,5.383333e-06,7.179165e-06,6.841659e-06,5.262494e-06
4,613,203.15,0.774,6.899993e-06,7.595825e-06,9.591659e-06,4.491663e-06,8.762495e-06,9.174999e-06,7.083328e-06,8.145825e-06,5.845833e-06,6.870826e-06,6.674997e-06,7.604162e-06,5.399998e-06,7.208331e-06,6.795828e-06,5.212498e-06
4,614,203.293,0.772,6.895828e-06,7.595825e-06,9.566665e-06,4.399999e-06,8.770831e-06,9.133331e-06,6.991665e-06,8.099993e-06,5.854161e-06,6.849996e-06,6.641666e-06,7.583332e-06,5.333328e-06,7.191666e-06,6.749995e-06,5.224999e-06
4,615,203.436,0.77,6.929159e-06,7.570831e-06,9.599996e-06,4.329165e-06,8.699997e-06,9.058333e-06,6.970827e-06,8.037496e-06,5.858326e-06,6.779162e-06,6.629165e-06,7.337499e-06,5.345829e-06,7.133333e-06,6.762496e-06,5.141664e-06
4,616,203.579,0.768,6.804164e-06,7.474995e-06,9.487494e-06,4.34583e-06,8.674995e-06,9.095827e-06,6.912494e-06,8.037496e-06,5.858326e-06,6.749995e-06,6.570832e-06,7.312497e-06,5.420828e-06,7.087493e-06,6.670833e-06,5.129163e-06
4,617,203.722,0.766,6.783327e-06,7.391659e-06,9.554164e-06,4.316664e-06,8.633328e-06,8.954159e-06,6.899993e-06,7.970826e-06,5.837496e-06,6.704164e-06,6.529164e-06,7.245827e-06,5.366659e-06,7.137497e-06,6.574996e-06,5.229163e-06
4,618,203.865,0.764,6.691662e-06,7.387495e-06,9.424996e-06,4.291662e-06,8.599996e-06,8.929165e-06,6.837495e-06,7.912493e-06,5.858326e-06,6.620828e-06,6.491661e-06,7.208331e-06,5.320827e-06,7.166664e-06,6.579161e-06,5.199997e-06
4,619,204.008,0.762,6.604163e-06,7.308332e-06,9.383329e-06,4.266659e-06,8.587495e-06,8.824993e-06,6.75416e-06,7.829165e-06,5.845833e-06,6.599998e-06,6.433328e-06,7.224997e-06,5.287496e-06,7.070827e-06,6.520828e-06,5.129163e-06
4,620,204.151,0.76,6.587497e-06,7.254163e-06,9.370828e-06,4.174995e-06,8.520826e-06,8.824993e-06,6.795828e-06,7.816664e-06,5.845833e-06,6.56666e-06,6.412498e-06,7.212496e-06,5.35833e-06,7.079164e-06,6.574996e-06,5.199997e-06
4,621,204.294,0.758,6.495825e-06,7.229161e-06,9.191665e-06,4.229164e-06,8.45e-06,8.75833e-06,6.73333e-06,7.720828e-06,5.845833e-06,6.491661e-06,6.362494e-06,7.141662e-06,5.287496e-06,6.954161e-06,6.499998e-06,5.108333e-06
4,622,204.437,0.756,6.454166e-06,7.220833e-06,9.129159e-06,4.195825e-06,8.408332e-06,8.724999e-06,6.679161e-06,7.716663e-06,5.812494e-06,6.441664e-06,6.366666e-06,7.133333e-06,5.287496e-06,6.945832e-06,6.454166e-06,5.116661e-06
4,623,204.58,0.754,6.454166e-06,7.187494e-06,9.095827e-06,4.095833e-06,8.429161e-06,8.699997e-06,6.641666e-06,7.624992e-06,5.887493e-06,6.420827e-06,6.370831e-06,7.104159e-06,5.299997e-06,6.94166e-06,6.349993e-06,5.066665e-06
4,624,204.723,0.752,6.549994e-06,7.137497e-06,9.045832e-06,4.141665e-06,8.458328e-06,8.687496e-06,6.583325e-06,7.633328e-06,5.866663e-06,6.449994e-06,6.279159e-06,7.079164e-06,5.25833e-06,6.92083e-06,6.266665e-06,5.124998e-06
4,625,204.866,0.75,6.516663e-06,7.174993e-06,9.024993e-06,4.041664e-06,8.274992e-06,8.562493e-06,6.587497e-06,7.55833e-06,5.862498e-06,6.387496e-06,6.237499e-06,7.058326e-06,5.262494e-06,6.891664e-06,6.233327e-06,5.07083e-06
4,626,205.009,0.748,6.308325e-06,7.095829e-06,8.916664e-06,4.066666e-06,8.220832e-06,8.50416e-06,6.56666e-06,7.512498e-06,5.783327e-06,6.237499e-06,6.241663e-06,6.991665e-06,5.262494e-06,6.891664e-06,6.208332e-06,5.079166e-06
4,627,205.152,0.746,6.333327e-06,7.079164e-06,8.883325e-06,4.041664e-06,8.22916e-06,8.387494e-06,6.495825e-06,7.483332e-06,5.824995e-06,6.312498e-06,6.174993e-06,6.958326e-06,5.216662e-06,6.862497e-06,6.154164e-06,5.062493e-06
4,628,205.295,0.744,6.383332e-06,7.045825e-06,8.824993e-06,3.999996e-06,8.162498e-06,8.433326e-06,6.45833e-06,7.441664e-06,5.891665e-06,6.20416e-06,6.087494e-06,6.908329e-06,5.229163e-06,6.82083e-06,6.141663e-06,5.07083e-06
4,629,205.438,0.742,6.145827e-06,7.012494e-06,8.820828e-06,3.945827e-06,8.116658e-06,8.333325e-06,6.362494e-06,7.408333e-06,5.816658e-06,6.166665e-06,6.129162e-06,6.958326e-06,5.316663e-06,6.791663e-06,6.054163e-06,5.091659e-06
4,630,205.581,0.74,6.220826e-06,6.958326e-06,8.724999e-06,3.937499e-06,8.095829e-06,8.320832e-06,6.341664e-06,7.312497e-06,5.824995e-06,6.133326e-06,6.104159e-06,6.837495e-06,5.25833e-06,6.829158e-06,6.029161e-06,5.07083e-06
4,631,205.724,0.738,6.079165e-06,6.916666e-06,8.699997e-06,3.88333e-06,8.045832e-06,8.254163e-06,6.312498e-06,7.28333e-06,5.837496e-06,6.091658e-06,6.054163e-06,6.812493e-06,5.229163e-06,6.849996e-06,6.033325e-06,5.108333e-06
4,632,205.867,0.736,6.041662e-06,6.762496e-06,8.616662e-06,3.866664e-06,7.995828e-06,8.204166e-06,6.279159e-06,7.308332e-06,5.833332e-06,6.066664e-06,6.029161e-06,6.824994e-06,5.208326e-06,6.762496e-06,5.924996e-06,5.074994e-06
4,633,206.01,0.734,6.062492e-06,6.795828e-06,8.508333e-06,3.81666e-06,7.954161e-06,8.137496e-06,6.233327e-06,7.091665e-06,5.999994e-06,6.045826e-06,5.987493e-06,6.787499e-06,5.204161e-06,6.770825e-06,5.912495e-06,5.062493e-06
4,634,206.153,0.732,5.979165e-06,6.729166e-06,8.5375e-06,3.791666e-06,7.887498e-06,8.116658e-06,6.191659e-06,7.045825e-06,5.816658e-06,5.958327e-06,5.937497e-06,6.737494e-06,5.266658e-06,6.716665e-06,5.866663e-06,5.099996e-06
4,635,206.296,0.73,5.887493e-06,6.783327e-06,8.354164e-06,3.799995e-06,7.837494e-06,8.054161e-06,6.179166e-06,7.058326e-06,5.84166e-06,5.874999e-06,5.979165e-06,6.649995e-06,5.295825e-06,6.691662e-06,5.824995e-06,5.07083e-06
4,636,206.439,0.728,5.899994e-06,6.691662e-06,8.362492e-06,3.762492e-06,7.849995e-06,7.991664e-06,6.091658e-06,6.966663e-06,5.816658e-06,5.862498e-06,5.912495e-06,6.63333e-06,5.262494e-06,6.679161e-06,5.749996e-06,5.149992e-06
4,637,206.583,0.726,5.958327e-06,6.679161e-06,8.279165e-06,3.708331e-06,7.795827e-06,7.949996e-06,6.091658e-06,6.954161e-06,5.824995e-06,5.824995e-06,5.883328e-06,6.616664e-06,5.262494e-06,6.649995e-06,5.704164e-06,5.074994e-06
4,638,206.726,0.724,5.92916e-06,6.624993e-06,8.237497e-06,3.69583e-06,7.787497e-06,7.870825e-06,6.029161e-06,6.862497e-06,5.845833e-06,5.791664e-06,5.779163e-06,6.662496e-06,5.249993e-06,6.624993e-06,5.699992e-06,5.124998e-06
4,639,206.869,0.722,5.866663e-06,6.595826e-06,8.279165e-06,3.69583e-06,7.704162e-06,7.829165e-06,5.991666e-06,6.841659e-06,5.849997e-06,5.733331e-06,5.924996e-06,6.537493e-06,5.216662e-06,6.616664e-06,5.704164e-06,5.149992e-06
4,640,207.012,0.72,5.683327e-06,6.562495e-06,8.158326e-06,3.633332e-06,7.591661e-06,7.791662e-06,5.970828e-06,6.833331e-06,5.854161e-06,5.695828e-06,5.712493e-06,6.487497e-06,5.320827e-06,6.583325e-06,5.620829e-06,5.083331e-06
4,641,207.155,0.718,5.695828e-06,6.495825e-06,8.133332e-06,3.587492e-06,7.624992e-06,7.749994e-06,5.895829e-06,6.774998e-06,5.849997e-06,5.691663e-06,5.729159e-06,6.491661e-06,5.162493e-06,6.624993e-06,5.574997e-06,5.112497e-06
4,642,207.298,0.716,5.612493e-06,6.429163e-06,8.104165e-06,3.562498e-06,7.591661e-06,7.658331e-06,5.874999e-06,6.679161e-06,5.824995e-06,5.599999e-06,5.683327e-06,6.445829e-06,5.220827e-06,6.524992e-06,5.574997e-06,5.149992e-06
4,643,207.441,0.714,5.629166e-06,6.454166e-06,7.987499e-06,3.554161e-06,7.57916e-06,7.658331e-06,5.887493e-06,6.629165e-06,5.84166e-06,5.629166e-06,5.658333e-06,6.445829e-06,5.179159e-06,6.583325e-06,5.53333e-06,5.083331e-06
4,644,207.584,0.712,5.608328e-06,6.349993e-06,8.070827e-06,3.554161e-06,7.504161e-06,7.616663e-06,5.812494e-06,6.591662e-06,5.849997e-06,5.537494e-06,5.637495e-06,6.420827e-06,5.220827e-06,6.570832e-06,5.474997e-06,5.087495e-06
4,645,207.727,0.71,5.583326e-06,6.366666e-06,7.870825e-06,3.554161e-06,7.420826e-06,7.554166e-06,5.84166e-06,6.558331e-06,5.812494e-06,5.545831e-06,5.587498e-06,6.383332e-06,5.237492e-06,6.487497e-06,5.624994e-06,5.166666e-06
4,646,207.87,0.708,5.520828e-06,6.362494e-06,7.808328e-06,3.445832e-06,7.466666e-06,7.524999e-06,5.799993e-06,6.524992e-06,5.895829e-06,5.474997e-06,5.566661e-06,6.366666e-06,5.204161e-06,6.474996e-06,5.462496e-06,5.116661e-06
4,647,208.013,0.706,5.504163e-06,6.279159e-06,7.787497e-06,3.424994e-06,7.441664e-06,7.487496e-06,5.733331e-06,6.454166e-06,5.866663e-06,5.46666e-06,5.499999e-06,6.316662e-06,5.245829e-06,6.424999e-06,5.37916e-06,5.183331e-06
4,648,208.156,0.704,5.508327e-06,6.27083e-06,7.724992e-06,3.370825e-06,7.349992e-06,7.441664e-06,5.679162e-06,6.408326e-06,5.899994e-06,5.391661e-06,5.487498e-06,6.312498e-06,5.216662e-06,6.424999e-06,5.37916e-06,5.158329e-06
4,649,208.299,0.702,5.458331e-06,6.233327e-06,7.691661e-06,3.379162e-06,7.291659e-06,7.420826e-06,5.674998e-06,6.358329e-06,5.84166e-06,5.391661e-06,5.491662e-06,6.287495e-06,5.233328e-06,6.424999e-06,5.299997e-06,5.145828e-06
4,650,208.442,0.7,5.470832e-06,6.191659e-06,7.624992e-06,3.362497e-06,7.233326e-06,7.49166e-06,5.670825e-06,6.374995e-06,5.904166e-06,5.433329e-06,5.412499e-06,6.279159e-06,5.233328e-06,6.408326e-06,5.299997e-06,5.099996e-06
4,651,208.585,0.698,5.55416e-06,6.166665e-06,7.599997e-06,3.349996e-06,7.179165e-06,7.320825e-06,5.558332e-06,6.295832e-06,5.845833e-06,5.354166e-06,5.470832e-06,6.279159e-06,5.308326e-06,6.374995e-06,5.245829e-06,5.133327e-06
4,652,208.728,0.696,5.495826e-06,6.058327e-06,7.520827e-06,3.312492e-06,7.120832e-06,7.208331e-06,5.570825e-06,6.229162e-06,5.870827e-06,5.341665e-06,5.416663e-06,6.191659e-06,5.283332e-06,6.374995e-06,5.237492e-06,5.237492e-06
4,653,208.871,0.694,5.308326e-06,6.108331e-06,7.504161e-06,3.270833e-06,7.095829e-06,7.170828e-06,5.491662e-06,6.20416e-06,5.891665e-06,5.262494e-06,5.412499e-06,6.195831e-06,5.245829e-06,6.358329e-06,5.204161e-06,5.241664e-06
4,654,209.014,0.692,5.27916e-06,6.054163e-06,7.445828e-06,3.258332e-06,7.070827e-06,7.124996e-06,5.491662e-06,6.220826e-06,5.879164e-06,5.266658e-06,5.349994e-06,6.079165e-06,5.274995e-06,6.366666e-06,5.208326e-06,5.25833e-06
4,655,209.157,0.69,5.299997e-06,6.087494e-06,7.391659e-06,3.237494e-06,6.987492e-06,7.079164e-06,5.441666e-06,6.208332e-06,6.041662e-06,5.245829e-06,5.337492e-06,6.066664e-06,5.220827e-06,6.308325e-06,5.149992e-06,5.274995e-06
4,656,209.3,0.688,5.262494e-06,6.037497e-06,7.279165e-06,3.183325e-06,6.970827e-06,7.016659e-06,5.454159e-06,6.012495e-06,6.037497e-06,5.216662e-06,5.312499e-06,6.104159e-06,5.295825e-06,6.283331e-06,5.133327e-06,5.274995e-06
4,657,209.443,0.686,5.237492e-06,6.033325e-06,7.229161e-06,3.179161e-06,6.974999e-06,7.024995e-06,5.416663e-06,5.983329e-06,5.92916e-06,5.187495e-06,5.283332e-06,6.049999e-06,5.245829e-06,6.362494e-06,5.083331e-06,5.304162e-06
4,658,209.586,0.684,5.333328e-06,5.966663e-06,7.233326e-06,3.162495e-06,6.899993e-06,6.945832e-06,5.370831e-06,5.937497e-06,5.874999e-06,5.154165e-06,5.304162e-06,6.049999e-06,5.308326e-06,6.295832e-06,5.141664e-06,5.312499e-06
4,659,209.729,0.682,5.17083e-06,5.912495e-06,7.108331e-06,3.154159e-06,6.845832e-06,6.904165e-06,5.333328e-06,5.899994e-06,5.870827e-06,5.199997e-06,5.27916e-06,5.987493e-06,5.287496e-06,6.329163e-06,5.045827e-06,5.345829e-06
4,660,209.872,0.68,5.179159e-06,5.924996e-06,7.187494e-06,3.07916e-06,6.816666e-06,6.854161e-06,5.312499e-06,5.874999e-06,5.816658e-06,5.066665e-06,5.199997e-06,5.962499e-06,5.283332e-06,6.308325e-06,4.991658e-06,5.35833e-06
4,661,210.016,0.678,5.124998e-06,5.862498e-06,7.112495e-06,3.029164e-06,6.745831e-06,6.787499e-06,5.312499e-06,5.812494e-06,5.920831e-06,5.054164e-06,5.316663e-06,5.916659e-06,5.312499e-06,6.312498e-06,5.041663e-06,5.383333e-06
4,662,210.159,0.676,5.079166e-06,5.799993e-06,7.02916e-06,3.095826e-06,6.691662e-06,6.779162e-06,5.27916e-06,5.783327e-06,5.891665e-06,5.049992e-06,5.162493e-06,5.970828e-06,5.308326e-06,6.279159e-06,5.012496e-06,5.404162e-06
4,663,210.302,0.674,5.19166e-06,5.837496e-06,6.94166e-06,3.041665e-06,6.704164e-06,6.658332e-06,5.254165e-06,5.733331e-06,5.920831e-06,5.024997e-06,5.133327e-06,5.854161e-06,5.362495e-06,6.220826e-06,4.995831e-06,5.424992e-06
4,664,210.445,0.672,5.212498e-06,5.74166e-06,6.916666e-06,3.045829e-06,6.66666e-06,6.658332e-06,5.19166e-06,5.691663e-06,5.937497e-06,5.024997e-06,5.108333e-06,5.820831e-06,5.308326e-06,6.195831e-06,4.958328e-06,5.441666e-06
4,665,210.588,0.67,5.112497e-06,5.708329e-06,6.883327e-06,2.987496e-06,6.583325e-06,6.616664e-06,5.154165e-06,5.641659e-06,5.891665e-06,5.024997e-06,5.108333e-06,5.824995e-06,5.462496e-06,6.229162e-06,4.91666e-06,5.470832e-06
4,666,210.731,0.668,5.016661e-06,5.733331e-06,6.879163e-06,2.974995e-06,6.56666e-06,6.579161e-06,5.137499e-06,5.583326e-06,5.949998e-06,4.966664e-06,5.129163e-06,5.783327e-06,5.37916e-06,6.224998e-06,4.937498e-06,5.512492e-06
4,667,210.874,0.666,4.970829e-06,5.674998e-06,6.841659e-06,2.941664e-06,6.487497e-06,6.504162e-06,5.112497e-06,5.587498e-06,5.912495e-06,4.937498e-06,5.07083e-06,5.745832e-06,5.312499e-06,6.179166e-06,4.887494e-06,5.491662e-06
4,668,211.017,0.664,4.970829e-06,5.624994e-06,6.799992e-06,2.987496e-06,6.462495e-06,6.487497e-06,5.154165e-06,5.487498e-06,5.999994e-06,4.91666e-06,5.037498e-06,5.770826e-06,5.320827e-06,6.216661e-06,4.891666e-06,5.541659e-06
4,669,211.16,0.662,4.974993e-06,5.616665e-06,6.637494e-06,2.866665e-06,6.408326e-06,6.466659e-06,5.037498e-06,5.487498e-06,5.924996e-06,4.899995e-06,5.041663e-06,5.72083e-06,5.362495e-06,6.133326e-06,4.912496e-06,5.562496e-06
4,670,211.303,0.66,4.962492e-06,5.591663e-06,6.616664e-06,2.904161e-06,6.416662e-06,6.424999e-06,5.041663e-06,5.474997e-06,5.916659e-06,4.89583e-06,5.008332e-06,5.74166e-06,5.35833e-06,6.129162e-06,4.974993e-06,5.599999e-06
4,671,211.446,0.658,4.933325e-06,5.583326e-06,6.541665e-06,2.808333e-06,6.295832e-06,6.362494e-06,5.037498e-06,5.420828e-06,5.941661e-06,4.937498e-06,5.012496e-06,5.674998e-06,5.387497e-06,6.145827e-06,4.816659e-06,5.570825e-06
4,672,211.589,0.656,5.033326e-06,5.558332e-06,6.554159e-06,2.78333e-06,6.312498e-06,6.383332e-06,4.999995e-06,5.399998e-06,5.954162e-06,4.854162e-06,4.966664e-06,5.691663e-06,5.35833e-06,6.137498e-06,4.808331e-06,5.612493e-06
4,673,211.732,0.654,4.979165e-06,5.549995e-06,6.483333e-06,2.737498e-06,6.208332e-06,6.262493e-06,5.012496e-06,5.354166e-06,5.966663e-06,4.89583e-06,4.979165e-06,5.63333e-06,5.404162e-06,6.120833e-06,4.804158e-06,5.604164e-06
4,674,211.875,0.652,4.991658e-06,5.55416e-06,6.437492e-06,2.820826e-06,6.145827e-06,6.349993e-06,4.941662e-06,5.295825e-06,6.01666e-06,4.820832e-06,4.91666e-06,5.608328e-06,5.395826e-06,6.149999e-06,4.79583e-06,5.658333e-06
4,675,212.018,0.65,4.908331e-06,5.520828e-06,6.404161e-06,2.766665e-06,6.120833e-06,6.199996e-06,4.979165e-06,5.212498e-06,5.970828e-06,4.833333e-06,4.949999e-06,5.595827e-06,5.44583e-06,6.129162e-06,4.799994e-06,5.691663e-06
4,676,212.161,0.648,4.949999e-06,5.545831e-06,6.341664e-06,2.745827e-06,6.120833e-06,6.124997e-06,4.908331e-06,5.237492e-06,6.041662e-06,4.791665e-06,4.949999e-06,5.570825e-06,5.46666e-06,6.104159e-06,4.799994e-06,5.737495e-06
4,677,212.304,0.646,4.883329e-06,5.449994e-06,6.279159e-06,2.720825e-06,6.083329e-06,6.091658e-06,4.862499e-06,5.133327e-06,5.979165e-06,4.804158e-06,4.879165e-06,5.516664e-06,5.408327e-06,6.087494e-06,4.787493e-06,5.787492e-06
4,678,212.447,0.644,4.779164e-06,5.574997e-06,6.299997e-06,2.704159e-06,6.041662e-06,6.054163e-06,4.879165e-06,5.17083e-06,5.999994e-06,4.766663e-06,4.945827e-06,5.499999e-06,5.44583e-06,6.104159e-06,4.758326e-06,5.783327e-06
4,679,212.59,0.642,4.887494e-06,5.395826e-06,6.199996e-06,2.679165e-06,6.008331e-06,6.066664e-06,4.845826e-06,5.079166e-06,6.049999e-06,4.808331e-06,4.862499e-06,5.483325e-06,5.462496e-06,6.137498e-06,4.766663e-06,5.849997e-06
4,680,212.733,0.64,4.820832e-06,5.433329e-06,6.208332e-06,2.629161e-06,5.966663e-06,5.99583e-06,4.816659e-06,5.020825e-06,6.091658e-06,4.770827e-06,4.874993e-06,5.524993e-06,5.537494e-06,6.01666e-06,4.733332e-06,5.866663e-06
4,681,212.876,0.638,4.754162e-06,5.333328e-06,6.133326e-06,2.633325e-06,5.941661e-06,5.974992e-06,4.820832e-06,4.966664e-06,5.991666e-06,4.774992e-06,4.837497e-06,5.495826e-06,5.449994e-06,6.074993e-06,4.749998e-06,5.904166e-06
4,682,213.019,0.636,4.833333e-06,5.391661e-06,6.145827e-06,2.608331e-06,5.870827e-06,5.941661e-06,4.824996e-06,4.98333e-06,6.020832e-06,4.804158e-06,4.854162e-06,5.495826e-06,5.462496e-06,6.079165e-06,4.724996e-06,5.962499e-06
4,683,213.162,0.634,4.937498e-06,5.383333e-06,6.01666e-06,2.587493e-06,5.854161e-06,5.899994e-06,4.804158e-06,4.949999e-06,6.033325e-06,4.762499e-06,4.874993e-06,5.420828e-06,5.487498e-06,6.087494e-06,4.762499e-06,5.962499e-06
4,684,213.305,0.632,4.854162e-06,5.35833e-06,6.033325e-06,2.608331e-06,5.829159e-06,5.879164e-06,4.779164e-06,4.933325e-06,6.01666e-06,4.766663e-06,4.754162e-06,5.454159e-06,5.529165e-06,6.120833e-06,4.754162e-06,5.99583e-06
4,685,213.448,0.63,4.754162e-06,5.345829e-06,5.970828e-06,2.612495e-06,5.766662e-06,5.904166e-06,4.762499e-06,4.891666e-06,6.062492e-06,4.737497e-06,4.762499e-06,5.44583e-06,5.55416e-06,6.070828e-06,4.791665e-06,6.033325e-06
4,686,213.592,0.628,4.749998e-06,5.354166e-06,5.958327e-06,2.566663e-06,5.691663e-06,5.829159e-06,4.758326e-06,4.891666e-06,6.062492e-06,4.733332e-06,4.791665e-06,5.387497e-06,5.574997e-06,6.054163e-06,4.779164e-06,6.037497e-06
4,687,213.735,0.626,4.745825e-06,5.312499e-06,5.90833e-06,2.50833e-06,5.766662e-06,5.758325e-06,4.770827e-06,4.841661e-06,6.091658e-06,4.745825e-06,4.716659e-06,5.399998e-06,5.558332e-06,6.058327e-06,4.749998e-06,6.116661e-06
4,688,213.878,0.624,4.791665e-06,5.299997e-06,5.870827e-06,2.533332e-06,5.691663e-06,5.724994e-06,4.72916e-06,4.79583e-06,6.062492e-06,4.749998e-06,4.824996e-06,5.320827e-06,5.608328e-06,6.054163e-06,4.758326e-06,6.179166e-06
4,689,214.021,0.622,4.724996e-06,5.262494e-06,5.862498e-06,2.554162e-06,5.637495e-06,5.724994e-06,4.712494e-06,4.766663e-06,6.087494e-06,4.749998e-06,4.712494e-06,5.337492e-06,5.537494e-06,6.045826e-06,4.774992e-06,6.224998e-06
4,690,214.164,0.62,4.691664e-06,5.25833e-06,5.84166e-06,2.483328e-06,5.587498e-06,5.687499e-06,4.737497e-06,4.737497e-06,6.087494e-06,4.737497e-06,4.724996e-06,5.295825e-06,5.683327e-06,6.083329e-06,4.770827e-06,6.216661e-06
4,691,214.307,0.618,4.758326e-06,5.233328e-06,5.737495e-06,2.487493e-06,5.570825e-06,5.666661e-06,4.674999e-06,4.774992e-06,6.104159e-06,4.741661e-06,4.720831e-06,5.287496e-06,5.591663e-06,6.029161e-06,4.791665e-06,6.237499e-06
4,692,214.45,0.616,4.741661e-06,5.195832e-06,5.712493e-06,2.487493e-06,5.566661e-06,5.612493e-06,4.683327e-06,4.674999e-06,6.09583e-06,4.733332e-06,4.712494e-06,5.27916e-06,5.624994e-06,6.01666e-06,4.779164e-06,6.29166e-06
4,693,214.593,0.614,4.666662e-06,5.17083e-06,5.716666e-06,2.491665e-06,5.470832e-06,5.595827e-06,4.62083e-06,4.687492e-06,6.145827e-06,4.724996e-06,4.695829e-06,5.266658e-06,5.662497e-06,6.037497e-06,4.866663e-06,6.299997e-06
4,694,214.736,0.612,4.766663e-06,5.19166e-06,5.65416e-06,2.487493e-06,5.483325e-06,5.562496e-06,4.691664e-06,4.637496e-06,6.120833e-06,4.787493e-06,4.695829e-06,5.274995e-06,5.683327e-06,6.029161e-06,4.824996e-06,6.358329e-06
4,695,214.879,0.61,4.704165e-06,5.208326e-06,5.645832e-06,2.395828e-06,5.524993e-06,5.537494e-06,4.649997e-06,4.633331e-06,6.158328e-06,4.754162e-06,4.716659e-06,5.262494e-06,5.716666e-06,5.983329e-06,4.791665e-06,6.429163e-06
4,696,215.022,0.608,4.824996e-06,5.208326e-06,5.604164e-06,2.370826e-06,5.454159e-06,5.516664e-06,4.616666e-06,4.633331e-06,6.154164e-06,4.762499e-06,4.658325e-06,5.249993e-06,5.72083e-06,6.054163e-06,4.766663e-06,6.445829e-06
4,697,215.165,0.606,4.854162e-06,5.183331e-06,5.587498e-06,2.399993e-06,5.420828e-06,5.537494e-06,4.637496e-06,4.604165e-06,6.116661e-06,4.737497e-06,4.662498e-06,5.254165e-06,5.724994e-06,6.054163e-06,4.770827e-06,6.487497e-06
4,698,215.308,0.604,4.82916e-06,5.204161e-06,5.545831e-06,2.404165e-06,5.333328e-06,5.449994e-06,4.566662e-06,4.587499e-06,6.212497e-06,4.787493e-06,4.691664e-06,5.237492e-06,5.749996e-06,6.066664e-06,4.787493e-06,6.483333e-06
4,699,215.451,0.602,4.787493e-06,5.187495e-06,5.529165e-06,2.379163e-06,5.308326e-06,5.483325e-06,4.654161e-06,4.554161e-06,6.174993e-06,4.791665e-06,4.616666e-06,5.245829e-06,5.758325e-06,6.070828e-06,4.816659e-06,6.462495e-06
4,700,215.594,0.6,4.824996e-06,5.145828e-06,5.458331e-06,2.362498e-06,5.266658e-06,5.370831e-06,4.666662e-06,4.537495e-06,6.199996e-06,4.787493e-06,4.687492e-06,5.204161e-06,5.783327e-06,6.041662e-06,4.849998e-06,6.549994e-06
4,701,215.737,0.598,4.720831e-06,5.137499e-06,5.429165e-06,2.379163e-06,5.254165e-06,5.383333e-06,4.649997e-06,4.529158e-06,6.224998e-06,4.791665e-06,4.608329e-06,5.158329e-06,5.833332e-06,6.074993e-06,4.854162e-06,6.604163e-06
4,702,215.88,0.596,4.854162e-06,5.17083e-06,5.441666e-06,2.337496e-06,5.262494e-06,5.320827e-06,4.566662e-06,4.466661e-06,6.245828e-06,4.79583e-06,4.649997e-06,5.141664e-06,5.862498e-06,6.049999e-06,4.883329e-06,6.66666e-06
4,703,216.023,0.594,4.870828e-06,5.154165e-06,5.395826e-06,2.366662e-06,5.208326e-06,5.370831e-06,4.570826e-06,4.470825e-06,6.254164e-06,4.841661e-06,4.649997e-06,5.187495e-06,5.904166e-06,6.01666e-06,4.862499e-06,6.712492e-06
4,704,216.166,0.592,4.862499e-06,5.083331e-06,5.404162e-06,2.295828e-06,5.208326e-06,5.329164e-06,4.537495e-06,4.483326e-06,6.29166e-06,4.841661e-06,4.624995e-06,5.187495e-06,5.945826e-06,6.120833e-06,4.849998e-06,6.737494e-06
4,705,216.309,0.59,4.833333e-06,5.095832e-06,5.324991e-06,2.366662e-06,5.19166e-06,5.320827e-06,4.554161e-06,4.391662e-06,6.345828e-06,4.82916e-06,4.645832e-06,5.154165e-06,5.874999e-06,6.045826e-06,4.949999e-06,6.779162e-06
4,706,216.452,0.588,4.804158e-06,5.208326e-06,5.387497e-06,2.312493e-06,5.212498e-06,5.295825e-06,4.562497e-06,4.395827e-06,6.208332e-06,4.854162e-06,4.64166e-06,5.17083e-06,5.912495e-06,6.116661e-06,4.891666e-06,6.824994e-06
4,707,216.595,0.586,4.72916e-06,5.174994e-06,5.35833e-06,2.274998e-06,5.137499e-06,5.266658e-06,4.574998e-06,4.395827e-06,6.249992e-06,4.920832e-06,4.687492e-06,5.133327e-06,6.004159e-06,6.091658e-06,4.954163e-06,6.870826e-06
4,708,216.738,0.584,4.804158e-06,5.208326e-06,5.283332e-06,2.345832e-06,5.166666e-06,5.266658e-06,4.570826e-06,4.420829e-06,6.220826e-06,4.958328e-06,4.699993e-06,5.149992e-06,5.983329e-06,6.062492e-06,4.987494e-06,6.912494e-06
4,709,216.881,0.582,4.833333e-06,5.149992e-06,5.320827e-06,2.324995e-06,5.10416e-06,5.299997e-06,4.554161e-06,4.379161e-06,6.279159e-06,4.891666e-06,4.679163e-06,5.154165e-06,6.020832e-06,6.058327e-06,4.954163e-06,6.999993e-06
4,710,217.025,0.58,4.904159e-06,5.19166e-06,5.274995e-06,2.316666e-06,5.074994e-06,5.249993e-06,4.54166e-06,4.399999e-06,6.299997e-06,4.845826e-06,4.674999e-06,5.099996e-06,5.99583e-06,6.112496e-06,5.008332e-06,6.958326e-06
4,711,217.168,0.578,4.870828e-06,5.166666e-06,5.237492e-06,2.279162e-06,5.137499e-06,5.216662e-06,4.545832e-06,4.362496e-06,6.337492e-06,4.904159e-06,4.616666e-06,5.129163e-06,6.074993e-06,6.120833e-06,4.970829e-06,7.066663e-06
4,712,217.311,0.576,4.991658e-06,5.17083e-06,5.199997e-06,2.329159e-06,5.029162e-06,5.237492e-06,4.54166e-06,4.362496e-06,6.324999e-06,4.908331e-06,4.716659e-06,5.145828e-06,6.087494e-06,6.070828e-06,5.037498e-06,7.004166e-06
4,713,217.454,0.574,4.924997e-06,5.158329e-06,5.245829e-06,2.287499e-06,5.10416e-06,5.233328e-06,4.53333e-06,4.320828e-06,6.312498e-06,4.958328e-06,4.583327e-06,5.062493e-06,6.049999e-06,6.149999e-06,5.091659e-06,7.112495e-06
4,714,217.597,0.572,4.849998e-06,5.116661e-06,5.229163e-06,2.249996e-06,5.049992e-06,5.154165e-06,4.558333e-06,4.374997e-06,6.370831e-06,4.937498e-06,4.624995e-06,5.062493e-06,6.254164e-06,6.112496e-06,5.079166e-06,7.212496e-06
4,715,217.74,0.57,4.824996e-06,5.208326e-06,5.154165e-06,2.291664e-06,5.016661e-06,5.17083e-06,4.64166e-06,4.341666e-06,6.345828e-06,5.004159e-06,4.633331e-06,5.10416e-06,6.162492e-06,6.129162e-06,5.112497e-06,7.19583e-06
4,716,217.883,0.568,4.866663e-06,5.129163e-06,5.174994e-06,2.295828e-06,5.049992e-06,5.208326e-06,4.520829e-06,4.324992e-06,6.366666e-06,4.999995e-06,4.637496e-06,5.091659e-06,6.120833e-06,6.191659e-06,5.149992e-06,7.312497e-06
4,717,218.026,0.566,4.833333e-06,5.166666e-06,5.141664e-06,2.266661e-06,4.987494e-06,5.208326e-06,4.508328e-06,4.324992e-06,6.362494e-06,5.016661e-06,4.612494e-06,5.062493e-06,6.179166e-06,6.170829e-06,5.195832e-06,7.316661e-06
4,718,218.169,0.564,4.937498e-06,5.17083e-06,5.124998e-06,2.34166e-06,5.033326e-06,5.224999e-06,4.554161e-06,4.370832e-06,6.370831e-06,5.008332e-06,4.629159e-06,5.074994e-06,6.208332e-06,6.129162e-06,5.216662e-06,7.374994e-06
4,719,218.312,0.562,4.908331e-06,5.154165e-06,5.124998e-06,2.245831e-06,5.029162e-06,5.158329e-06,4.612494e-06,4.354159e-06,6.462495e-06,4.979165e-06,4.616666e-06,5.066665e-06,6.274994e-06,6.174993e-06,5.183331e-06,7.408333e-06
4,720,218.455,0.56,4.991658e-06,5.19166e-06,5.112497e-06,2.23333e-06,4.949999e-06,5.149992e-06,4.587499e-06,4.374997e-06,6.445829e-06,5.058328e-06,4.604165e-06,5.062493e-06,6.287495e-06,6.187495e-06,5.199997e-06,7.420826e-06
4,721,218.598,0.558,4.991658e-06,5.187495e-06,5.112497e-06,2.245831e-06,4.912496e-06,5.220827e-06,4.629159e-06,4.333329e-06,6.491661e-06,5.095832e-06,4.649997e-06,5.091659e-06,6.349993e-06,6.170829e-06,5.241664e-06,7.479159e-06
4,722,218.741,0.556,5.091659e-06,5.19166e-06,5.10416e-06,2.25416e-06,4.933325e-06,5.229163e-06,4.587499e-06,4.304163e-06,6.45833e-06,5.120826e-06,4.658325e-06,5.091659e-06,6.383332e-06,6.20416e-06,5.27916e-06,7.645829e-06
4,723,218.884,0.554,5.133327e-06,5.17083e-06,5.099996e-06,2.245831e-06,4.887494e-06,5.141664e-06,4.612494e-06,4.308327e-06,6.45833e-06,5.124998e-06,4.670826e-06,5.058328e-06,6.379159e-06,6.199996e-06,5.320827e-06,7.604162e-06
4,724,219.027,0.552,5.099996e-06,5.187495e-06,5.07083e-06,2.262497e-06,4.920832e-06,5.141664e-06,4.666662e-06,4.291662e-06,6.512499e-06,5.19166e-06,4.699993e-06,5.099996e-06,6.387496e-06,6.187495e-06,5.354166e-06,7.616663e-06
4,725,219.17,0.55,5.19166e-06,5.274995e-06,5.079166e-06,2.245831e-06,4.933325e-06,5.149992e-06,4.658325e-06,4.320828e-06,6.483333e-06,5.208326e-06,4.608329e-06,5.108333e-06,6.433328e-06,6.224998e-06,5.37916e-06,7.691661e-06
4,726,219.313,0.548,5.041663e-06,5.283332e-06,5.095832e-06,2.249996e-06,4.945827e-06,5.116661e-06,4.62083e-06,4.304163e-06,6.541665e-06,5.19166e-06,4.691664e-06,5.095832e-06,6.470831e-06,6.216661e-06,5.395826e-06,7.76666e-06
4,727,219.456,0.546,5.108333e-06,5.295825e-06,5.041663e-06,2.270826e-06,4.920832e-06,5.174994e-06,4.608329e-06,4.324992e-06,6.491661e-06,5.25833e-06,4.687492e-06,5.124998e-06,6.562495e-06,6.279159e-06,5.424992e-06,7.804163e-06
4,728,219.599,0.544,5.10416e-06,5.187495e-06,5.091659e-06,2.279162e-06,4.945827e-06,5.17083e-06,4.633331e-06,4.274996e-06,6.508326e-06,5.295825e-06,4.699993e-06,5.074994e-06,6.599998e-06,6.27083e-06,5.504163e-06,7.862496e-06
4,729,219.742,0.542,5.129163e-06,5.312499e-06,5.049992e-06,2.370826e-06,4.91666e-06,5.162493e-06,4.670826e-06,4.304163e-06,6.574996e-06,5.316663e-06,4.704165e-06,5.108333e-06,6.620828e-06,6.27083e-06,5.537494e-06,7.899992e-06
4,730,219.885,0.54,5.224999e-06,5.308326e-06,5.079166e-06,2.245831e-06,4.924997e-06,5.174994e-06,4.674999e-06,4.283325e-06,6.595826e-06,5.354166e-06,4.712494e-06,5.124998e-06,6.63333e-06,6.299997e-06,5.520828e-06,7.983327e-06
4,731,220.028,0.538,5.195832e-06,5.283332e-06,5.037498e-06,2.270826e-06,4.899995e-06,5.19166e-06,4.679163e-06,4.283325e-06,6.66666e-06,5.304162e-06,4.72916e-06,5.129163e-06,6.679161e-06,6.320826e-06,5.608328e-06,8.016666e-06
4,732,220.171,0.536,5.204161e-06,5.35833e-06,5.087495e-06,2.283327e-06,4.912496e-06,5.212498e-06,4.687492e-06,4.320828e-06,6.562495e-06,5.366659e-06,4.745825e-06,5.112497e-06,6.679161e-06,6.337492e-06,5.65416e-06,8.04166e-06
4,733,220.314,0.534,5.329164e-06,5.354166e-06,5.07083e-06,2.324995e-06,4.949999e-06,5.216662e-06,4.712494e-06,4.333329e-06,6.599998e-06,5.374996e-06,4.774992e-06,5.162493e-06,6.745831e-06,6.29166e-06,5.63333e-06,8.112494e-06
4,734,220.458,0.532,5.35833e-06,5.399998e-06,5.074994e-06,2.274998e-06,4.929161e-06,5.224999e-06,4.758326e-06,4.362496e-06,6.587497e-06,5.433329e-06,4.804158e-06,5.291661e-06,6.779162e-06,6.362494e-06,5.670825e-06,8.099993e-06
4,735,220.601,0.53,5.27916e-06,5.370831e-06,5.095832e-06,2.337496e-06,4.979165e-06,5.212498e-06,4.779164e-06,4.383326e-06,6.620828e-06,5.454159e-06,4.72916e-06,5.145828e-06,6.799992e-06,6.349993e-06,5.704164e-06,8.258326e-06
4,736,220.744,0.528,5.291661e-06,5.37916e-06,5.083331e-06,2.312493e-06,4.958328e-06,5.229163e-06,4.737497e-06,4.374997e-06,6.649995e-06,5.524993e-06,4.808331e-06,5.124998e-06,6.895828e-06,6.362494e-06,5.762497e-06,8.220832e-06
4,737,220.887,0.526,5.420828e-06,5.35833e-06,5.083331e-06,2.349997e-06,4.962492e-06,5.291661e-06,4.758326e-06,4.379161e-06,6.66666e-06,5.537494e-06,4.770827e-06,5.183331e-06,6.94166e-06,6.374995e-06,5.774998e-06,8.283329e-06
4,738,221.03,0.524,5.329164e-06,5.412499e-06,5.099996e-06,2.316666e-06,4.929161e-06,5.25833e-06,4.824996e-06,4.395827e-06,6.683326e-06,5.591663e-06,4.824996e-06,5.158329e-06,6.991665e-06,6.374995e-06,5.816658e-06,8.366665e-06
4,739,221.173,0.522,5.35833e-06,5.395826e-06,5.141664e-06,2.337496e-06,4.958328e-06,5.245829e-06,4.812495e-06,4.408328e-06,6.695827e-06,5.591663e-06,4.816659e-06,5.174994e-06,6.929159e-06,6.408326e-06,5.891665e-06,8.462493e-06
4,740,221.316,0.52,5.420828e-06,5.420828e-06,5.233328e-06,2.345832e-06,5.020825e-06,5.249993e-06,4.866663e-06,4.429166e-06,6.745831e-06,5.641659e-06,4.845826e-06,5.204161e-06,6.983328e-06,6.499998e-06,5.937497e-06,8.516661e-06
4,741,221.459,0.518,5.479161e-06,5.462496e-06,5.141664e-06,2.337496e-06,5.004159e-06,5.316663e-06,4.849998e-06,4.416665e-06,6.745831e-06,5.679162e-06,4.862499e-06,5.204161e-06,7.062499e-06,6.387496e-06,6.008331e-06,8.529162e-06
4,742,221.602,0.516,5.53333e-06,5.487498e-06,5.108333e-06,2.379163e-06,4.987494e-06,5.295825e-06,4.866663e-06,4.487499e-06,6.720829e-06,5.708329e-06,4.849998e-06,5.245829e-06,7.083328e-06,6.441664e-06,5.983329e-06,8.633328e-06
4,743,221.745,0.514,5.537494e-06,5.558332e-06,5.099996e-06,2.337496e-06,5.004159e-06,5.337492e-06,4.89583e-06,4.479162e-06,6.812493e-06,5.72083e-06,4.879165e-06,5.254165e-06,7.120832e-06,6.441664e-06,6.158328e-06,8.595832e-06
4,744,221.888,0.512,5.583326e-06,5.53333e-06,5.10416e-06,2.404165e-06,4.991658e-06,5.329164e-06,4.945827e-06,4.499992e-06,6.808329e-06,5.837496e-06,4.891666e-06,5.274995e-06,7.179165e-06,6.495825e-06,6.079165e-06,8.716663e-06
4,745,222.031,0.51,5.65416e-06,5.545831e-06,5.129163e-06,2.34166e-06,5.074994e-06,5.37916e-06,4.949999e-06,4.458332e-06,6.841659e-06,5.829159e-06,4.933325e-06,5.299997e-06,7.208331e-06,6.495825e-06,6.154164e-06,8.766659e-06
4,746,222.174,0.508,5.816658e-06,5.579162e-06,5.149992e-06,2.374999e-06,5.008332e-06,5.366659e-06,4.991658e-06,4.491663e-06,6.770825e-06,5.883328e-06,4.941662e-06,5.299997e-06,7.274993e-06,6.537493e-06,6.179166e-06,8.724999e-06
4,747,222.317,0.506,5.699992e-06,5.612493e-06,5.195832e-06,2.391664e-06,5.041663e-06,5.483325e-06,5.020825e-06,4.529158e-06,6.845832e-06,5.899994e-06,4.937498e-06,5.341665e-06,7.258328e-06,6.541665e-06,6.174993e-06,8.808327e-06
4,748,222.46,0.504,5.858326e-06,5.608328e-06,5.174994e-06,2.383327e-06,5.033326e-06,5.374996e-06,5.095832e-06,4.53333e-06,6.824994e-06,5.966663e-06,5.016661e-06,5.345829e-06,7.358328e-06,6.570832e-06,6.262493e-06,8.908328e-06
4,749,222.603,0.502,5.80833e-06,5.645832e-06,5.204161e-06,2.383327e-06,5.054164e-06,5.433329e-06,5.041663e-06,4.53333e-06,6.849996e-06,6.012495e-06,4.970829e-06,5.354166e-06,7.395832e-06,6.562495e-06,6.266665e-06,8.924992e-06
4,750,222.746,0.5,5.762497e-06,5.699992e-06,5.212498e-06,2.387492e-06,5.10416e-06,5.449994e-06,5.091659e-06,4.558333e-06,6.874998e-06,6.004159e-06,5.054164e-06,5.370831e-06,7.40416e-06,6.624993e-06,6.333327e-06,9.024993e-06
4,751,222.889,0.498,5.883328e-06,5.72083e-06,5.233328e-06,2.429159e-06,5.10416e-06,5.483325e-06,5.016661e-06,4.570826e-06,6.904165e-06,6.079165e-06,5.079166e-06,5.424992e-06,7.441664e-06,6.591662e-06,6.358329e-06,9.037494e-06
4,752,223.032,0.496,5.979165e-06,5.733331e-06,5.233328e-06,2.399993e-06,5.112497e-06,5.495826e-06,5.095832e-06,4.570826e-06,6.979164e-06,6.079165e-06,5.074994e-06,5.424992e-06,7.55833e-06,6.63333e-06,6.429163e-06,9.145832e-06
4,753,223.175,0.494,5.899994e-06,5.770826e-06,5.283332e-06,2.424995e-06,5.129163e-06,5.53333e-06,5.116661e-06,4.554161e-06,7.041661e-06,6.124997e-06,5.058328e-06,5.454159e-06,7.545829e-06,6.599998e-06,6.445829e-06,9.145832e-06
4,754,223.318,0.492,5.941661e-06,5.745832e-06,5.254165e-06,2.429159e-06,5.17083e-06,5.537494e-06,5.149992e-06,4.595828e-06,6.958326e-06,6.154164e-06,5.137499e-06,5.470832e-06,7.612498e-06,6.712492e-06,6.524992e-06,9.262498e-06
4,755,223.461,0.49,6.066664e-06,5.754161e-06,5.354166e-06,2.449997e-06,5.158329e-06,5.566661e-06,5.212498e-06,4.645832e-06,6.924995e-06,6.212497e-06,5.166666e-06,5.529165e-06,7.654166e-06,6.724993e-06,6.574996e-06,9.262498e-06
4,756,223.604,0.488,6.079165e-06,5.799993e-06,5.333328e-06,2.512495e-06,5.179159e-06,5.599999e-06,5.204161e-06,4.679163e-06,6.991665e-06,6.349993e-06,5.19166e-06,5.549995e-06,7.737493e-06,6.654159e-06,6.658332e-06,9.324996e-06
4,757,223.747,0.486,6.091658e-06,5.833332e-06,5.316663e-06,2.458326e-06,5.229163e-06,5.579162e-06,5.262494e-06,4.699993e-06,6.979164e-06,6.224998e-06,5.195832e-06,5.595827e-06,7.720828e-06,6.749995e-06,6.63333e-06,9.362499e-06
4,758,223.891,0.484,6.083329e-06,5.92916e-06,5.345829e-06,2.524996e-06,5.245829e-06,5.65416e-06,5.254165e-06,4.745825e-06,6.979164e-06,6.341664e-06,5.237492e-06,5.624994e-06,7.749994e-06,6.749995e-06,6.758332e-06,9.366663e-06
4,759,224.034,0.482,6.174993e-06,5.916659e-06,5.395826e-06,2.524996e-06,5.254165e-06,5.637495e-06,5.304162e-06,4.758326e-06,6.983328e-06,6.324999e-06,5.216662e-06,5.749996e-06,7.824993e-06,6.779162e-06,6.716665e-06,9.470828e-06
4,760,224.177,0.48,6.266665e-06,5.962499e-06,5.391661e-06,2.479164e-06,5.233328e-06,5.65416e-06,5.320827e-06,4.737497e-06,7.037497e-06,6.345828e-06,5.237492e-06,5.658333e-06,7.904164e-06,6.82083e-06,6.812493e-06,9.487494e-06
4,761,224.32,0.478,6.170829e-06,5.991666e-06,5.408327e-06,2.566663e-06,5.291661e-06,5.695828e-06,5.312499e-06,4.799994e-06,7.049998e-06,6.445829e-06,5.224999e-06,5.63333e-06,7.979163e-06,6.816666e-06,6.866662e-06,9.533326e-06
4,762,224.463,0.476,6.195831e-06,6.058327e-06,5.470832e-06,2.541661e-06,5.324991e-06,5.716666e-06,5.387497e-06,4.79583e-06,7.079164e-06,6.445829e-06,5.312499e-06,5.670825e-06,7.979163e-06,6.816666e-06,6.849996e-06,9.60416e-06
4,763,224.606,0.474,6.349993e-06,5.991666e-06,5.487498e-06,2.545826e-06,5.374996e-06,5.766662e-06,5.458331e-06,4.862499e-06,7.070827e-06,6.516663e-06,5.345829e-06,5.679162e-06,8.066662e-06,6.916666e-06,6.974999e-06,9.674995e-06
4,764,224.749,0.472,6.354165e-06,6.037497e-06,5.541659e-06,2.549998e-06,5.370831e-06,5.820831e-06,5.479161e-06,4.912496e-06,7.095829e-06,6.537493e-06,5.354166e-06,5.737495e-06,7.991664e-06,6.94166e-06,7.00833e-06,9.683331e-06
4,765,224.892,0.47,6.383332e-06,6.041662e-06,5.46666e-06,2.579164e-06,5.354166e-06,5.849997e-06,5.529165e-06,4.908331e-06,7.079164e-06,6.579161e-06,5.404162e-06,5.754161e-06,8.074999e-06,6.870826e-06,7.02916e-06,9.804161e-06
4,766,225.035,0.468,6.454166e-06,6.074993e-06,5.537494e-06,2.599994e-06,5.420828e-06,5.866663e-06,5.495826e-06,4.874993e-06,7.133333e-06,6.608327e-06,5.366659e-06,5.816658e-06,8.062498e-06,6.874998e-06,7.104159e-06,9.833328e-06
4,767,225.178,0.466,6.470831e-06,6.124997e-06,5.545831e-06,2.61666e-06,5.462496e-06,5.904166e-06,5.604164e-06,4.974993e-06,7.187494e-06,6.670833e-06,5.449994e-06,5.854161e-06,8.204166e-06,6.870826e-06,7.133333e-06,9.874995e-06
4,768,225.321,0.464,6.491661e-06,6.158328e-06,5.524993e-06,2.59583e-06,5.612493e-06,5.883328e-06,5.579162e-06,4.98333e-06,7.187494e-06,6.75416e-06,5.583326e-06,5.862498e-06,8.208331e-06,6.94166e-06,7.170828e-06,1.0083326e-05
4,769,225.464,0.462,6.645831e-06,6.199996e-06,5.599999e-06,2.654163e-06,5.454159e-06,5.92916e-06,5.629166e-06,5.016661e-06,7.245827e-06,6.716665e-06,5.529165e-06,5.920831e-06,8.304159e-06,6.958326e-06,7.166664e-06,9.970832e-06
4,770,225.607,0.46,6.583325e-06,6.258329e-06,5.624994e-06,2.633325e-06,5.458331e-06,6.008331e-06,5.604164e-06,5.049992e-06,7.1625e-06,6.82083e-06,5.516664e-06,5.958327e-06,8.337498e-06,6.995829e-06,7.287495e-06,9.987497e-06
4,771,225.75,0.458,6.816666e-06,6.237499e-06,5.658333e-06,2.645826e-06,5.487498e-06,6.024996e-06,5.666661e-06,5.049992e-06,7.19583e-06,6.895828e-06,5.541659e-06,6.058327e-06,8.374993e-06,6.999993e-06,7.324998e-06,1.004583e-05
4,772,225.893,0.456,6.870826e-06,6.345828e-06,5.662497e-06,2.687494e-06,5.504163e-06,6.074993e-06,5.824995e-06,5.079166e-06,7.266664e-06,6.879163e-06,5.549995e-06,5.991666e-06,8.433326e-06,7.02916e-06,7.37083e-06,1.0116664e-05
4,773,226.036,0.454,6.774998e-06,6.349993e-06,5.699992e-06,2.691658e-06,5.541659e-06,6.049999e-06,5.816658e-06,5.137499e-06,7.220833e-06,6.970827e-06,5.649996e-06,6.045826e-06,8.445827e-06,7.058326e-06,7.437499e-06,1.0166661e-05
4,774,226.179,0.452,6.937496e-06,6.387496e-06,5.729159e-06,2.695831e-06,5.63333e-06,6.229162e-06,5.874999e-06,5.091659e-06,7.279165e-06,6.987492e-06,5.662497e-06,6.054163e-06,8.433326e-06,7.049998e-06,7.479159e-06,1.0224994e-05
4,775,226.322,0.45,6.924995e-06,6.429163e-06,5.679162e-06,2.720825e-06,5.637495e-06,6.112496e-06,5.90833e-06,5.187495e-06,7.316661e-06,7.024995e-06,5.662497e-06,6.116661e-06,8.574994e-06,7.083328e-06,7.512498e-06,1.0283327e-05
4,776,226.465,0.448,6.8875e-06,6.433328e-06,5.758325e-06,2.737498e-06,5.674998e-06,6.162492e-06,5.833332e-06,5.224999e-06,7.366665e-06,7.074992e-06,5.679162e-06,6.116661e-06,8.545828e-06,7.137497e-06,7.570831e-06,1.0349997e-05
4,777,226.608,0.446,6.94166e-06,6.512499e-06,5.795829e-06,2.754164e-06,5.724994e-06,6.199996e-06,5.874999e-06,5.179159e-06,7.30416e-06,7.074992e-06,5.749996e-06,6.195831e-06,8.687496e-06,7.087493e-06,7.67916e-06,1.0379164e-05
4,778,226.751,0.444,7.124996e-06,6.549994e-06,5.845833e-06,2.741663e-06,5.716666e-06,6.241663e-06,5.916659e-06,5.312499e-06,7.28333e-06,7.191666e-06,5.787492e-06,6.233327e-06,8.695833e-06,7.104159e-06,7.699999e-06,1.0441661e-05
4,779,226.894,0.442,7.058326e-06,6.599998e-06,5.879164e-06,2.80416e-06,5.774998e-06,6.274994e-06,6.004159e-06,5.208326e-06,7.320825e-06,7.183329e-06,5.824995e-06,6.29166e-06,8.820828e-06,7.21666e-06,7.774996e-06,1.0549998e-05
4,780,227.037,0.44,7.129161e-06,6.624993e-06,5.866663e-06,2.829162e-06,5.754161e-06,6.324999e-06,6.024996e-06,5.283332e-06,7.341663e-06,7.287495e-06,5.829159e-06,6.329163e-06,8.799998e-06,7.21666e-06,7.791662e-06,1.0549998e-05
4,781,227.18,0.438,7.208331e-06,6.649995e-06,5.949998e-06,2.80416e-06,5.799993e-06,6.324999e-06,6.083329e-06,5.308326e-06,7.358328e-06,7.337499e-06,6.079165e-06,6.316662e-06,8.887498e-06,7.183329e-06,7.866661e-06,1.058333e-05
4,782,227.323,0.436,7.183329e-06,6.724993e-06,5.92916e-06,2.841663e-06,5.812494e-06,6.408326e-06,6.087494e-06,5.366659e-06,7.395832e-06,7.329162e-06,5.974992e-06,6.408326e-06,8.970833e-06,7.229161e-06,7.879162e-06,1.0595831e-05
4,783,227.467,0.434,7.399996e-06,6.691662e-06,5.966663e-06,2.887495e-06,5.912495e-06,6.487497e-06,6.133326e-06,5.408327e-06,7.424998e-06,7.349992e-06,5.937497e-06,6.424999e-06,8.974997e-06,7.287495e-06,7.924994e-06,1.0720825e-05
4,784,227.61,0.432,7.366665e-06,6.712492e-06,6.024996e-06,2.899996e-06,5.912495e-06,6.462495e-06,6.187495e-06,5.404162e-06,7.449993e-06,7.395832e-06,5.979165e-06,6.445829e-06,9.029166e-06,7.316661e-06,7.974998e-06,1.075e-05
4,785,227.753,0.43,7.524999e-06,6.895828e-06,6.024996e-06,2.899996e-06,5.887493e-06,6.495825e-06,6.266665e-06,5.487498e-06,7.479159e-06,7.47083e-06,5.999994e-06,6.662496e-06,9.112493e-06,7.308332e-06,8.058326e-06,1.0858329e-05
4,786,227.896,0.428,7.374994e-06,6.774998e-06,6.070828e-06,2.904161e-06,5.958327e-06,6.537493e-06,6.262493e-06,5.499999e-06,7.487496e-06,7.524999e-06,6.049999e-06,6.533329e-06,9.270827e-06,7.37083e-06,8.149997e-06,1.0858329e-05
4,787,228.039,0.426,7.429162e-06,6.799992e-06,6.124997e-06,2.933327e-06,5.999994e-06,6.595826e-06,6.354165e-06,5.512492e-06,7.479159e-06,7.595825e-06,6.112496e-06,6.637494e-06,9.212494e-06,7.408333e-06,8.170828e-06,1.0895832e-05
4,788,228.182,0.424,7.424998e-06,6.829158e-06,6.279159e-06,2.933327e-06,6.024996e-06,6.549994e-06,6.341664e-06,5.549995e-06,7.495833e-06,7.616663e-06,6.149999e-06,6.645831e-06,9.24166e-06,7.454165e-06,8.220832e-06,1.0949993e-05
4,789,228.325,0.422,7.487496e-06,6.870826e-06,6.187495e-06,2.987496e-06,6.049999e-06,6.620828e-06,6.379159e-06,5.574997e-06,7.533328e-06,7.670832e-06,6.166665e-06,6.63333e-06,9.216667e-06,7.533328e-06,8.287493e-06,1.0966659e-05
4,790,228.468,0.42,7.566658e-06,6.904165e-06,6.162492e-06,2.970831e-06,6.087494e-06,6.637494e-06,6.370831e-06,5.591663e-06,7.566658e-06,7.695826e-06,6.216661e-06,6.75416e-06,9.229159e-06,7.420826e-06,8.29583e-06,1.1070832e-05
4,791,228.611,0.418,7.670832e-06,6.999993e-06,6.179166e-06,3.054166e-06,6.179166e-06,6.674997e-06,6.454166e-06,5.608328e-06,7.549993e-06,7.770833e-06,6.245828e-06,6.75416e-06,9.358327e-06,7.49166e-06,8.337498e-06,1.106666e-05
4,792,228.754,0.416,7.654166e-06,7.016659e-06,6.220826e-06,3.066659e-06,6.124997e-06,6.708328e-06,6.45833e-06,5.670825e-06,7.633328e-06,7.837494e-06,6.287495e-06,6.841659e-06,9.412495e-06,7.454165e-06,8.374993e-06,1.114583e-05
4,793,228.897,0.414,7.733329e-06,7.066663e-06,6.262493e-06,2.999997e-06,6.27083e-06,6.741659e-06,6.54583e-06,5.724994e-06,7.608326e-06,7.820829e-06,6.324999e-06,6.854161e-06,9.441662e-06,7.49166e-06,8.408332e-06,1.1212492e-05
4,794,229.04,0.412,7.770833e-06,7.11666e-06,6.308325e-06,3.024999e-06,6.295832e-06,6.833331e-06,6.574996e-06,5.774998e-06,7.587496e-06,7.920829e-06,6.379159e-06,6.916666e-06,9.491666e-06,7.541664e-06,8.558329e-06,1.1212492e-05
4,795,229.183,0.41,8.012494e-06,7.137497e-06,6.345828e-06,3.041665e-06,6.241663e-06,6.929159e-06,6.599998e-06,5.749996e-06,7.616663e-06,8.004165e-06,6.358329e-06,7.012494e-06,9.541663e-06,7.583332e-06,8.516661e-06,1.1254159e-05
4,796,229.326,0.408,7.883326e-06,7.137497e-06,6.370831e-06,3.066659e-06,6.274994e-06,6.895828e-06,6.658332e-06,5.812494e-06,7.658331e-06,8.045832e-06,6.483333e-06,7.00833e-06,9.595831e-06,7.566658e-06,8.620827e-06,1.1304164e-05
4,797,229.469,0.406,7.920829e-06,7.170828e-06,6.433328e-06,3.116663e-06,6.304161e-06,7.004166e-06,6.762496e-06,5.80833e-06,7.683333e-06,8.024995e-06,6.483333e-06,7.062499e-06,9.645828e-06,7.591661e-06,8.65833e-06,1.135416e-05
4,798,229.612,0.404,7.970826e-06,7.254163e-06,6.470831e-06,3.104162e-06,6.383332e-06,7.024995e-06,6.854161e-06,5.891665e-06,7.704162e-06,8.083328e-06,6.554159e-06,7.091665e-06,9.741664e-06,7.620828e-06,8.733328e-06,1.1424994e-05
4,799,229.755,0.402,7.966662e-06,7.362493e-06,6.508326e-06,3.133329e-06,6.39166e-06,6.94166e-06,6.766661e-06,5.895829e-06,7.741666e-06,8.10833e-06,6.549994e-06,7.120832e-06,9.724999e-06,7.670832e-06,8.77916e-06,1.1412493e-05
4,800,229.898,0.4,8.204166e-06,7.324998e-06,6.595826e-06,3.16666e-06,6.445829e-06,7.033332e-06,6.82083e-06,6.041662e-06,7.724992e-06,8.208331e-06,6.641666e-06,7.129161e-06,9.795833e-06,7.662495e-06,8.787497e-06,1.1524995e-05
4,801,230.041,0.398,8.137496e-06,7.287495e-06,6.558331e-06,3.191662e-06,6.487497e-06,7.091665e-06,6.841659e-06,5.941661e-06,7.912493e-06,8.166663e-06,6.695827e-06,7.1625e-06,9.849993e-06,7.691661e-06,8.887498e-06,1.1549997e-05
4,802,230.184,0.396,8.145825e-06,7.420826e-06,6.579161e-06,3.162495e-06,6.491661e-06,7.11666e-06,6.904165e-06,5.999994e-06,7.899992e-06,8.383329e-06,6.658332e-06,7.287495e-06,9.891661e-06,7.720828e-06,8.941666e-06,1.162916e-05
4,803,230.327,0.394,8.191665e-06,7.399996e-06,6.695827e-06,3.179161e-06,6.558331e-06,7.170828e-06,6.958326e-06,6.029161e-06,7.758331e-06,8.395831e-06,6.745831e-06,7.341663e-06,9.970832e-06,7.729165e-06,8.995827e-06,1.1687493e-05
4,804,230.47,0.392,8.245825e-06,7.449993e-06,6.649995e-06,3.220828e-06,6.595826e-06,7.208331e-06,6.991665e-06,6.09583e-06,7.979163e-06,8.383329e-06,6.762496e-06,7.358328e-06,1.0016664e-05,7.754159e-06,9.05416e-06,1.1724997e-05
4,805,230.613,0.39,8.320832e-06,7.512498e-06,6.649995e-06,3.187497e-06,6.649995e-06,7.241662e-06,7.016659e-06,6.129162e-06,7.787497e-06,8.395831e-06,6.854161e-06,7.429162e-06,1.0033329e-05,7.808328e-06,9.012492e-06,1.1720832e-05
4,806,230.756,0.388,8.408332e-06,7.583332e-06,6.716665e-06,3.270833e-06,6.624993e-06,7.312497e-06,7.108331e-06,6.187495e-06,7.779161e-06,8.441662e-06,6.841659e-06,7.512498e-06,1.0145831e-05,7.870825e-06,9.187492e-06,1.1791666e-05
4,807,230.9,0.386,8.629163e-06,7.599997e-06,6.745831e-06,3.324993e-06,6.712492e-06,7.341663e-06,7.108331e-06,6.195831e-06,7.83333e-06,8.516661e-06,7.00833e-06,7.479159e-06,1.0170826e-05,7.858332e-06,9.112493e-06,1.1829162e-05
4,808,231.043,0.384,8.558329e-06,7.666659e-06,6.866662e-06,3.295827e-06,6.737494e-06,7.399996e-06,7.187494e-06,6.229162e-06,7.874997e-06,8.566665e-06,6.916666e-06,7.708327e-06,1.0158332e-05,7.862496e-06,9.191665e-06,1.1937499e-05
4,809,231.186,0.382,8.612497e-06,7.687497e-06,6.862497e-06,3.324993e-06,6.766661e-06,7.383331e-06,7.21666e-06,6.29166e-06,7.899992e-06,8.608326e-06,7.083328e-06,7.570831e-06,1.0287499e-05,7.895827e-06,9.266662e-06,1.1879166e-05
4,810,231.329,0.38,8.50416e-06,7.820829e-06,6.883327e-06,3.349996e-06,6.787499e-06,7.437499e-06,7.287495e-06,6.283331e-06,7.94166e-06,8.654165e-06,6.979164e-06,7.599997e-06,1.040833e-05,7.966662e-06,9.387493e-06,1.1987496e-05
4,811,231.472,0.378,8.762495e-06,7.774996e-06,6.970827e-06,3.345831e-06,6.824994e-06,7.549993e-06,7.295831e-06,6.333327e-06,7.945831e-06,8.662494e-06,7.062499e-06,7.729165e-06,1.032083e-05,8.037496e-06,9.374992e-06,1.2029163e-05
4,812,231.615,0.376,8.666659e-06,7.737493e-06,7.012494e-06,3.379162e-06,6.945832e-06,7.562494e-06,7.354164e-06,6.358329e-06,7.954161e-06,8.829164e-06,7.074992e-06,7.695826e-06,1.0474992e-05,8.02083e-06,9.404159e-06,1.2108326e-05
4,813,231.758,0.374,8.720827e-06,7.874997e-06,7.083328e-06,3.44166e-06,6.908329e-06,7.591661e-06,7.412497e-06,6.399997e-06,8.004165e-06,8.783332e-06,7.11666e-06,7.770833e-06,1.0429159e-05,7.945831e-06,9.558328e-06,1.217916e-05
4,814,231.901,0.372,8.783332e-06,7.887498e-06,7.024995e-06,3.466662e-06,6.962498e-06,7.654166e-06,7.462494e-06,6.470831e-06,7.958332e-06,8.874997e-06,7.174993e-06,7.816664e-06,1.052916e-05,8.033331e-06,9.691659e-06,1.2241666e-05
4,815,232.044,0.37,8.824993e-06,7.85416e-06,7.049998e-06,3.562498e-06,7.016659e-06,7.658331e-06,7.487496e-06,6.483333e-06,8.004165e-06,8.854158e-06,7.187494e-06,7.841659e-06,1.0520832e-05,8.149997e-06,9.558328e-06,1.2270832e-05
4,816,232.187,0.368,8.849995e-06,7.94166e-06,7.045825e-06,3.579164e-06,7.083328e-06,7.758331e-06,7.504161e-06,6.483333e-06,8.004165e-06,8.912491e-06,7.224997e-06,7.891663e-06,1.0570828e-05,8.04166e-06,9.729163e-06,1.2212499e-05
4,817,232.33,0.366,8.908328e-06,7.983327e-06,7.154163e-06,3.449996e-06,7.208331e-06,7.741666e-06,7.620828e-06,6.604163e-06,8.029159e-06,8.937494e-06,7.30416e-06,7.949996e-06,1.061666e-05,8.091664e-06,9.649992e-06,1.2420829e-05
4,818,232.473,0.364,9.004164e-06,8.045832e-06,7.19583e-06,3.499993e-06,7.083328e-06,7.774996e-06,7.612498e-06,6.63333e-06,8.079163e-06,8.954159e-06,7.295831e-06,8.012494e-06,1.0679166e-05,8.124995e-06,9.724999e-06,1.2316664e-05
4,819,232.616,0.362,9.024993e-06,8.029159e-06,7.237498e-06,3.599993e-06,7.091665e-06,7.883326e-06,7.654166e-06,6.683326e-06,8.054161e-06,9.05416e-06,7.341663e-06,8.099993e-06,1.0708332e-05,8.199993e-06,9.787496e-06,1.236666e-05
4,820,232.759,0.36,9.016665e-06,8.116658e-06,7.266664e-06,3.54166e-06,7.208331e-06,8.04166e-06,7.662495e-06,6.687498e-06,8.141661e-06,9.108328e-06,7.358328e-06,8.074999e-06,1.075e-05,8.141661e-06,9.849993e-06,1.2387498e-05
4,821,232.902,0.358,9.30833e-06,8.158326e-06,7.274993e-06,3.599993e-06,7.191666e-06,7.883326e-06,7.704162e-06,6.758332e-06,8.104165e-06,9.133331e-06,7.479159e-06,8.274992e-06,1.0770829e-05,8.174999e-06,9.924992e-06,1.2462497e-05
4,822,233.045,0.356,9.129159e-06,8.183329e-06,7.341663e-06,3.587492e-06,7.245827e-06,7.974998e-06,7.916665e-06,6.73333e-06,8.087492e-06,9.249997e-06,7.474995e-06,8.31666e-06,1.0883331e-05,8.191665e-06,9.949994e-06,1.2529159e-05
4,823,233.188,0.354,9.224995e-06,8.174999e-06,7.387495e-06,3.604166e-06,7.299996e-06,8.016666e-06,7.749994e-06,6.916666e-06,8.174999e-06,9.270827e-06,7.549993e-06,8.212495e-06,1.0916662e-05,8.249998e-06,9.995826e-06,1.2545832e-05
4,824,233.331,0.352,9.208329e-06,8.308331e-06,7.391659e-06,3.620831e-06,7.329162e-06,8.070827e-06,7.85416e-06,6.912494e-06,8.183329e-06,9.30833e-06,7.608326e-06,8.31666e-06,1.1012498e-05,8.291666e-06,1.0029165e-05,1.2612494e-05
4,825,233.474,0.35,9.483329e-06,8.245825e-06,7.433327e-06,3.645825e-06,7.383331e-06,8.083328e-06,7.912493e-06,6.949997e-06,8.287493e-06,9.366663e-06,7.674996e-06,8.324997e-06,1.1033329e-05,8.299994e-06,1.0141659e-05,1.2699993e-05
4,826,233.617,0.348,9.345826e-06,8.366665e-06,7.483332e-06,3.658326e-06,7.412497e-06,8.162498e-06,7.958332e-06,6.8875e-06,8.308331e-06,9.579166e-06,7.687497e-06,8.433326e-06,1.1049994e-05,8.312496e-06,1.0158332e-05,1.2741662e-05
4,827,233.76,0.346,9.437497e-06,8.429161e-06,7.541664e-06,3.69583e-06,7.474995e-06,8.204166e-06,8.029159e-06,6.870826e-06,8.191665e-06,9.50416e-06,7.708327e-06,8.454163e-06,1.1154159e-05,8.304159e-06,1.0224994e-05,1.2804167e-05
4,828,233.903,0.344,9.437497e-06,8.487495e-06,7.566658e-06,3.762492e-06,7.47083e-06,8.224996e-06,8.045832e-06,6.970827e-06,8.233333e-06,9.666665e-06,7.729165e-06,8.512497e-06,1.1212492e-05,8.391658e-06,1.024166e-05,1.2820832e-05
4,829,234.046,0.342,9.579166e-06,8.508333e-06,7.654166e-06,3.754163e-06,7.574995e-06,8.333325e-06,8.087492e-06,7.02916e-06,8.22916e-06,9.60416e-06,7.787497e-06,8.641664e-06,1.1183325e-05,8.354164e-06,1.0337496e-05,1.2849999e-05
4,830,234.189,0.34,9.591659e-06,8.599996e-06,7.716663e-06,3.783329e-06,7.583332e-06,8.320832e-06,8.149997e-06,7.054162e-06,8.270827e-06,9.566665e-06,7.837494e-06,8.587495e-06,1.1312492e-05,8.379166e-06,1.0412495e-05,1.2870828e-05
4,831,234.333,0.338,9.524997e-06,8.533327e-06,7.691661e-06,3.81666e-06,7.616663e-06,8.362492e-06,8.191665e-06,7.112495e-06,8.308331e-06,9.666665e-06,7.966662e-06,8.712498e-06,1.1270833e-05,8.454163e-06,1.0420831e-05,1.2929161e-05
4,832,234.476,0.336,9.779159e-06,8.579159e-06,7.783326e-06,3.79583e-06,7.699999e-06,8.41666e-06,8.249998e-06,7.141662e-06,8.349999e-06,9.654164e-06,8.004165e-06,8.754166e-06,1.1387499e-05,8.466665e-06,1.0458326e-05,1.2970829e-05
4,833,234.619,0.334,9.637499e-06,8.65833e-06,7.76666e-06,3.783329e-06,7.720828e-06,8.495832e-06,8.299994e-06,7.187494e-06,8.362492e-06,9.75833e-06,7.908328e-06,8.745829e-06,1.1458325e-05,8.495832e-06,1.049583e-05,1.2970829e-05
4,834,234.762,0.332,9.704161e-06,8.820828e-06,7.812492e-06,3.866664e-06,7.774996e-06,8.541663e-06,8.320832e-06,7.241662e-06,8.324997e-06,9.75833e-06,7.979163e-06,8.708326e-06,1.1399992e-05,8.516661e-06,1.0524996e-05,1.2999995e-05
4,835,234.905,0.33,9.779159e-06,8.691661e-06,7.916665e-06,3.933326e-06,7.787497e-06,8.562493e-06,8.349999e-06,7.295831e-06,8.424998e-06,9.841665e-06,8.058326e-06,8.799998e-06,1.1620831e-05,8.666659e-06,1.0629161e-05,1.3099996e-05
4,836,235.048,0.328,9.774994e-06,8.770831e-06,7.999993e-06,3.954164e-06,7.820829e-06,8.612497e-06,8.354164e-06,7.274993e-06,8.391658e-06,9.87916e-06,8.087492e-06,8.879161e-06,1.1579164e-05,8.666659e-06,1.0670828e-05,1.3129163e-05
4,837,235.191,0.326,9.824999e-06,8.766659e-06,8.058326e-06,3.991659e-06,7.862496e-06,8.65833e-06,8.470829e-06,7.30416e-06,8.45e-06,9.954158e-06,8.183329e-06,8.949995e-06,1.1558326e-05,8.59166e-06,1.0724997e-05,1.3208326e-05
4,838,235.334,0.324,9.962495e-06,8.804162e-06,7.949996e-06,3.974994e-06,7.904164e-06,8.687496e-06,8.48333e-06,7.462494e-06,8.420833e-06,1.0020828e-05,8.145825e-06,8.983326e-06,1.1758328e-05,8.595832e-06,1.0887496e-05,1.3204161e-05
4,839,235.477,0.322,1.0091662e-05,8.862496e-06,8.033331e-06,3.999996e-06,8.029159e-06,8.745829e-06,8.566665e-06,7.445828e-06,8.454163e-06,1.0054159e-05,8.208331e-06,9.049996e-06,1.1666663e-05,8.654165e-06,1.0954165e-05,1.334583e-05
4,840,235.62,0.32,9.995826e-06,8.912491e-06,8.116658e-06,4.09166e-06,8.079163e-06,8.754166e-06,8.549992e-06,7.441664e-06,8.499996e-06,1.0079161e-05,8.237497e-06,9.133331e-06,1.1724997e-05,8.641664e-06,1.0937492e-05,1.3325e-05
4,841,235.763,0.318,1.0104163e-05,8.958332e-06,8.116658e-06,3.983331e-06,8.104165e-06,8.862496e-06,8.649993e-06,7.49166e-06,8.516661e-06,1.0108328e-05,8.341662e-06,9.170826e-06,1.1762492e-05,8.674995e-06,1.0837499e-05,1.3512492e-05
4,842,235.906,0.316,1.0316666e-05,9.041659e-06,8.174999e-06,4.020826e-06,8.212495e-06,8.912491e-06,8.616662e-06,7.520827e-06,8.5375e-06,1.0070833e-05,8.370828e-06,9.208329e-06,1.1770829e-05,8.724999e-06,1.0941664e-05,1.3391662e-05
4,843,236.049,0.314,1.015416e-05,9.02083e-06,8.22916e-06,4.062494e-06,8.037496e-06,9.004164e-06,8.745829e-06,7.57916e-06,8.466665e-06,1.0179162e-05,8.387494e-06,9.249997e-06,1.1829162e-05,8.766659e-06,1.0954165e-05,1.3516665e-05
4,844,236.192,0.312,1.0266662e-05,9.074998e-06,8.224996e-06,4.066666e-06,8.158326e-06,9.033331e-06,8.745829e-06,7.612498e-06,8.5375e-06,1.0308329e-05,8.387494e-06,9.424996e-06,1.1891659e-05,8.762495e-06,1.0987496e-05,1.3429165e-05
4,845,236.335,0.31,1.0354162e-05,9.145832e-06,8.304159e-06,4.120827e-06,8.174999e-06,9.041659e-06,8.824993e-06,7.7125e-06,8.545828e-06,1.0316666e-05,8.529162e-06,9.366663e-06,1.1908332e-05,8.795826e-06,1.1141666e-05,1.3499999e-05
4,846,236.478,0.308,1.0387492e-05,9.162498e-06,8.345826e-06,4.133328e-06,8.266664e-06,9.004164e-06,8.912491e-06,7.683333e-06,8.59166e-06,1.0349997e-05,8.541663e-06,9.387493e-06,1.1945828e-05,8.86666e-06,1.1104163e-05,1.3587499e-05
4,847,236.621,0.306,1.0454162e-05,9.299994e-06,8.341662e-06,4.133328e-06,8.308331e-06,9.083326e-06,8.837494e-06,7.820829e-06,8.587495e-06,1.0362498e-05,8.620827e-06,9.454163e-06,1.200416e-05,8.84583e-06,1.1162496e-05,1.3612493e-05
4,848,236.764,0.304,1.0445825e-05,9.275e-06,8.395831e-06,4.154166e-06,8.370828e-06,9.162498e-06,8.887498e-06,7.762495e-06,8.674995e-06,1.0504166e-05,8.662494e-06,9.462499e-06,1.2079159e-05,8.899999e-06,1.1229165e-05,1.3695828e-05
4,849,236.907,0.302,1.0429159e-05,9.216667e-06,8.420833e-06,4.174995e-06,8.404159e-06,9.22083e-06,8.945831e-06,7.879162e-06,8.654165e-06,1.0466663e-05,8.649993e-06,9.591659e-06,1.2116662e-05,8.862496e-06,1.1262497e-05,1.3716666e-05
4,850,237.05,0.3,1.0479164e-05,9.287493e-06,8.499996e-06,4.216663e-06,8.429161e-06,9.283328e-06,9.033331e-06,7.812492e-06,8.699997e-06,1.0587493e-05,8.649993e-06,9.587495e-06,1.2183333e-05,8.958332e-06,1.1308328e-05,1.3758326e-05
4,851,237.193,0.298,1.0520832e-05,9.424996e-06,8.587495e-06,4.249994e-06,8.437499e-06,9.254161e-06,9.045832e-06,8.02083e-06,8.683332e-06,1.0579165e-05,8.745829e-06,9.633327e-06,1.224583e-05,8.949995e-06,1.1374998e-05,1.3820831e-05
4,852,237.336,0.296,1.0641662e-05,9.458327e-06,8.629163e-06,4.249994e-06,8.533327e-06,9.333332e-06,9.083326e-06,7.920829e-06,8.654165e-06,1.0683329e-05,8.745829e-06,9.637499e-06,1.2279161e-05,8.995827e-06,1.1316665e-05,1.3883328e-05
4,853,237.479,0.294,1.0699995e-05,9.441662e-06,8.57083e-06,4.237493e-06,8.562493e-06,9.387493e-06,9.145832e-06,7.929166e-06,8.712498e-06,1.075e-05,8.958332e-06,9.712498e-06,1.2262495e-05,9.029166e-06,1.1466662e-05,1.391666e-05
4,854,237.622,0.292,1.0795831e-05,9.512496e-06,8.666659e-06,4.337493e-06,8.574994e-06,9.424996e-06,9.14166e-06,8.02083e-06,8.687496e-06,1.0658327e-05,8.937494e-06,9.816663e-06,1.2341667e-05,9.045832e-06,1.1495828e-05,1.3833332e-05
4,855,237.766,0.29,1.0741663e-05,9.549999e-06,8.783332e-06,4.262495e-06,8.620827e-06,9.458327e-06,9.208329e-06,8.070827e-06,8.716663e-06,1.0883331e-05,8.854158e-06,9.824999e-06,1.2424994e-05,9.045832e-06,1.1470826e-05,1.3954163e-05
4,856,237.909,0.288,1.0966659e-05,9.570829e-06,8.829164e-06,4.299998e-06,8.733328e-06,9.529162e-06,9.299994e-06,8.095829e-06,8.766659e-06,1.0766666e-05,8.904163e-06,9.845829e-06,1.2462497e-05,9.095827e-06,1.1558326e-05,1.3970828e-05
4,857,238.052,0.286,1.0991661e-05,9.79166e-06,8.833329e-06,4.424993e-06,8.695833e-06,9.566665e-06,9.249997e-06,8.158326e-06,8.766659e-06,1.0824998e-05,9.033331e-06,1.0008327e-05,1.2533331e-05,9.083326e-06,1.1612495e-05,1.3974993e-05
4,858,238.195,0.284,1.1024999e-05,9.67083e-06,8.895826e-06,4.354159e-06,8.77916e-06,9.645828e-06,9.391665e-06,8.19583e-06,8.808327e-06,1.0849993e-05,8.991663e-06,9.962495e-06,1.2554161e-05,9.116666e-06,1.1666663e-05,1.4120833e-05
4,859,238.338,0.282,1.0916662e-05,9.662493e-06,8.920829e-06,4.420829e-06,8.795826e-06,9.67083e-06,9.316659e-06,8.262499e-06,8.816663e-06,1.0908326e-05,9.091664e-06,9.95833e-06,1.2699993e-05,9.295829e-06,1.1729161e-05,1.408333e-05
4,860,238.481,0.28,1.095833e-05,9.820827e-06,9.05416e-06,4.45416e-06,8.816663e-06,9.666665e-06,9.429161e-06,8.266664e-06,8.849995e-06,1.097916e-05,9.095827e-06,1.0016664e-05,1.2674999e-05,9.295829e-06,1.1824997e-05,1.4179166e-05
4,861,238.624,0.278,1.1029164e-05,9.874995e-06,9.074998e-06,4.470825e-06,8.887498e-06,9.779159e-06,9.487494e-06,8.320832e-06,8.899999e-06,1.1008327e-05,9.174999e-06,1.0079161e-05,1.2583328e-05,9.204166e-06,1.1833326e-05,1.4162492e-05
4,862,238.767,0.276,1.1079161e-05,9.754165e-06,9.079162e-06,4.495827e-06,8.958332e-06,9.808326e-06,9.470828e-06,8.354164e-06,8.962496e-06,1.1083333e-05,9.179163e-06,1.0166661e-05,1.2624995e-05,9.299994e-06,1.1962493e-05,1.4241664e-05
4,863,238.91,0.274,1.1183325e-05,9.79166e-06,9.024993e-06,4.599992e-06,9.012492e-06,9.820827e-06,9.537498e-06,8.420833e-06,8.954159e-06,1.1087497e-05,9.216667e-06,1.0195828e-05,1.2695829e-05,9.229159e-06,1.1949992e-05,1.4324999e-05
4,864,239.053,0.272,1.114583e-05,9.937493e-06,9.066661e-06,4.570826e-06,9.14166e-06,9.874995e-06,9.599996e-06,8.454163e-06,8.929165e-06,1.1133329e-05,9.283328e-06,1.0283327e-05,1.2737497e-05,9.437497e-06,1.2066666e-05,1.427083e-05
4,865,239.196,0.27,1.1199999e-05,9.883332e-06,9.216667e-06,4.504164e-06,9.041659e-06,9.929165e-06,9.666665e-06,8.512497e-06,8.93333e-06,1.1183325e-05,9.270827e-06,1.0291664e-05,1.2791666e-05,9.283328e-06,1.1958329e-05,1.4483333e-05
4,866,239.339,0.268,1.1249996e-05,9.962495e-06,9.187492e-06,4.554161e-06,9.083326e-06,1.0049995e-05,9.687496e-06,8.533327e-06,8.991663e-06,1.1224993e-05,9.362499e-06,1.0312494e-05,1.28625e-05,9.295829e-06,1.2020826e-05,1.4387496e-05
4,867,239.482,0.266,1.1524995e-05,9.987497e-06,9.245833e-06,4.524994e-06,9.145832e-06,1.0158332e-05,9.729163e-06,8.574994e-06,8.929165e-06,1.1258332e-05,9.354162e-06,1.0420831e-05,1.2870828e-05,9.349998e-06,1.2049993e-05,1.4425e-05
4,868,239.625,0.264,1.1424994e-05,1.0095827e-05,9.30833e-06,4.62083e-06,9.179163e-06,1.0137494e-05,9.824999e-06,8.587495e-06,8.979162e-06,1.1362497e-05,9.445826e-06,1.0429159e-05,1.2912496e-05,9.387493e-06,1.2145829e-05,1.4441665e-05
4,869,239.768,0.262,1.1504166e-05,1.0058331e-05,9.299994e-06,4.654161e-06,9.145832e-06,1.0195828e-05,9.929165e-06,8.612497e-06,9.02083e-06,1.13e-05,9.466664e-06,1.0454162e-05,1.2987494e-05,9.379164e-06,1.2145829e-05,1.4466659e-05
4,870,239.911,0.26,1.1491664e-05,1.0158332e-05,9.383329e-06,4.62083e-06,9.224995e-06,1.0141659e-05,9.949994e-06,8.704162e-06,9.012492e-06,1.1379162e-05,9.524997e-06,1.0516659e-05,1.3029162e-05,9.412495e-06,1.2191661e-05,1.4495826e-05
4,871,240.054,0.258,1.1416666e-05,1.0262497e-05,9.420832e-06,4.683327e-06,9.283328e-06,1.0195828e-05,1.0004163e-05,8.708326e-06,9.037494e-06,1.1499993e-05,9.524997e-06,1.0612495e-05,1.3108333e-05,9.458327e-06,1.2287497e-05,1.4537493e-05
4,872,240.197,0.256,1.1666663e-05,1.0195828e-05,9.462499e-06,4.687492e-06,9.324996e-06,1.0208329e-05,9.866659e-06,8.841665e-06,9.079162e-06,1.144166e-05,9.633327e-06,1.0624997e-05,1.3066665e-05,9.454163e-06,1.2279161e-05,1.4595827e-05
4,873,240.34,0.254,1.1649998e-05,1.0233331e-05,9.499995e-06,4.716659e-06,9.370828e-06,1.0308329e-05,9.929165e-06,8.879161e-06,9.095827e-06,1.1491664e-05,9.662493e-06,1.0670828e-05,1.317083e-05,9.508331e-06,1.2329165e-05,1.4699999e-05
4,874,240.483,0.252,1.152916e-05,1.0249996e-05,9.441662e-06,4.754162e-06,9.39583e-06,1.032916e-05,9.970832e-06,8.895826e-06,9.099992e-06,1.160833e-05,9.729163e-06,1.0683329e-05,1.3204161e-05,9.545827e-06,1.2374997e-05,1.4658332e-05
4,875,240.626,0.25,1.1729161e-05,1.0308329e-05,9.574994e-06,4.854162e-06,9.441662e-06,1.0370827e-05,1.0029165e-05,8.804162e-06,9.079162e-06,1.1833326e-05,9.733327e-06,1.0758328e-05,1.3166666e-05,9.587495e-06,1.2395827e-05,1.475416e-05
4,876,240.769,0.248,1.1808332e-05,1.0445825e-05,9.599996e-06,4.820832e-06,9.445826e-06,1.0458326e-05,1.0054159e-05,8.870832e-06,9.062497e-06,1.1658327e-05,9.816663e-06,1.0729162e-05,1.3233328e-05,9.616661e-06,1.2441659e-05,1.4795828e-05
4,877,240.912,0.246,1.1683329e-05,1.0362498e-05,9.7375e-06,4.837497e-06,9.529162e-06,1.0491665e-05,1.0124993e-05,8.941666e-06,9.083326e-06,1.1862493e-05,9.862494e-06,1.0908326e-05,1.3266659e-05,9.637499e-06,1.2524994e-05,1.482083e-05
4,878,241.055,0.244,1.1770829e-05,1.0483329e-05,9.733327e-06,4.812495e-06,9.595831e-06,1.0574992e-05,1.0141659e-05,8.970833e-06,9.104165e-06,1.1824997e-05,9.941666e-06,1.0874995e-05,1.3304162e-05,9.60416e-06,1.2491663e-05,1.4787499e-05
4,879,241.199,0.242,1.1862493e-05,1.0437497e-05,9.808326e-06,4.879165e-06,9.683331e-06,1.0591666e-05,1.0208329e-05,9.012492e-06,9.191665e-06,1.1708331e-05,9.954158e-06,1.0974995e-05,1.3362495e-05,9.637499e-06,1.2645833e-05,1.4912494e-05
4,880,241.342,0.24,1.1874994e-05,1.0491665e-05,9.829164e-06,4.924997e-06,9.716662e-06,1.0649999e-05,1.0254161e-05,9.099992e-06,9.199993e-06,1.180416e-05,1.0004163e-05,1.095833e-05,1.3474997e-05,9.691659e-06,1.2662498e-05,1.4916666e-05
4,881,241.485,0.238,1.2033327e-05,1.0549998e-05,9.841665e-06,4.912496e-06,9.762493e-06,1.0679166e-05,1.0299993e-05,9.129159e-06,9.199993e-06,1.188333e-05,9.983333e-06,1.1091662e-05,1.3441666e-05,9.691659e-06,1.2712495e-05,1.5174993e-05
4,882,241.628,0.236,1.2174995e-05,1.0541661e-05,9.924992e-06,4.908331e-06,9.720826e-06,1.0724997e-05,1.0324995e-05,9.145832e-06,9.249997e-06,1.1937499e-05,1.0020828e-05,1.106666e-05,1.3562497e-05,9.741664e-06,1.2691665e-05,1.4937496e-05
4,883,241.771,0.234,1.1999997e-05,1.0641662e-05,9.933328e-06,4.962492e-06,9.837492e-06,1.0762493e-05,1.0391665e-05,9.204166e-06,9.249997e-06,1.1941664e-05,1.0062496e-05,1.1083333e-05,1.3745833e-05,9.779159e-06,1.2749998e-05,1.4979164e-05
4,884,241.914,0.232,1.2029163e-05,1.0624997e-05,9.991661e-06,4.962492e-06,9.837492e-06,1.0874995e-05,1.0383328e-05,9.212494e-06,9.291664e-06,1.1987496e-05,1.0079161e-05,1.1091662e-05,1.3724994e-05,9.883332e-06,1.279583e-05,1.5058326e-05
4,885,242.057,0.23,1.2033327e-05,1.0649999e-05,1.013333e-05,5.041663e-06,9.899998e-06,1.0866665e-05,1.0429159e-05,9.30833e-06,9.287493e-06,1.2008325e-05,1.0141659e-05,1.1154159e-05,1.3820831e-05,9.85833e-06,1.2799994e-05,1.5124997e-05
4,886,242.2,0.228,1.2154166e-05,1.0712496e-05,1.0245832e-05,5.129163e-06,9.937493e-06,1.0904161e-05,1.0520832e-05,9.304166e-06,9.291664e-06,1.209166e-05,1.0170826e-05,1.1220829e-05,1.3679162e-05,9.770831e-06,1.2949999e-05,1.511666e-05
4,887,242.343,0.226,1.2187496e-05,1.0699995e-05,1.0212493e-05,5.241664e-06,9.949994e-06,1.0983332e-05,1.0541661e-05,9.374992e-06,9.304166e-06,1.2079159e-05,1.0208329e-05,1.1333331e-05,1.3704165e-05,9.795833e-06,1.3112497e-05,1.5208332e-05
4,888,242.486,0.224,1.2224992e-05,1.0754164e-05,1.0141659e-05,5.095832e-06,1.0083326e-05,1.1037493e-05,1.0579165e-05,9.39583e-06,9.399994e-06,1.2170832e-05,1.0266662e-05,1.132083e-05,1.374166e-05,9.87916e-06,1.3116662e-05,1.5349991e-05
4,889,242.629,0.222,1.2258331e-05,1.0816661e-05,1.0199992e-05,5.091659e-06,1.0137494e-05,1.1099998e-05,1.0599994e-05,9.412495e-06,9.433325e-06,1.2224992e-05,1.0304165e-05,1.1399992e-05,1.3745833e-05,9.854166e-06,1.2958328e-05,1.525e-05
4,890,242.772,0.22,1.2370832e-05,1.0883331e-05,1.0258333e-05,5.141664e-06,1.0224994e-05,1.1237494e-05,1.0629161e-05,9.549999e-06,9.349998e-06,1.2254159e-05,1.0337496e-05,1.1416666e-05,1.380833e-05,9.874995e-06,1.2995831e-05,1.5437499e-05
4,891,242.915,0.218,1.2408328e-05,1.0933328e-05,1.0316666e-05,5.124998e-06,1.0095827e-05,1.1387499e-05,1.0691659e-05,9.541663e-06,9.345826e-06,1.2333329e-05,1.0462499e-05,1.1495828e-05,1.3874999e-05,9.920827e-06,1.3074994e-05,1.5345828e-05
4,892,243.058,0.216,1.2566662e-05,1.1008327e-05,1.0358325e-05,5.19166e-06,1.0141659e-05,1.1179161e-05,1.0791659e-05,9.587495e-06,9.466664e-06,1.2387498e-05,1.0454162e-05,1.1470826e-05,1.3904166e-05,9.974996e-06,1.3137499e-05,1.5349991e-05
4,893,243.201,0.214,1.2462497e-05,1.0970831e-05,1.0387492e-05,5.212498e-06,1.0179162e-05,1.1424994e-05,1.0862494e-05,9.708333e-06,9.487494e-06,1.2416665e-05,1.0504166e-05,1.1583328e-05,1.3949998e-05,9.954158e-06,1.3174995e-05,1.5337499e-05
4,894,243.344,0.212,1.2712495e-05,1.1012498e-05,1.0474992e-05,5.220827e-06,1.0274998e-05,1.1241658e-05,1.095833e-05,9.67083e-06,9.433325e-06,1.2383326e-05,1.0487493e-05,1.1645826e-05,1.4008331e-05,1.0008327e-05,1.3195832e-05,1.5449992e-05
4,895,243.487,0.21,1.2466661e-05,1.1104163e-05,1.0470828e-05,5.291661e-06,1.0337496e-05,1.1387499e-05,1.0908326e-05,9.849993e-06,9.508331e-06,1.2479162e-05,1.0554163e-05,1.1741662e-05,1.4033326e-05,1.0004163e-05,1.3266659e-05,1.5466667e-05
4,896,243.63,0.208,1.2570827e-05,1.123333e-05,1.0504166e-05,5.270831e-06,1.0383328e-05,1.1412493e-05,1.0954165e-05,9.729163e-06,9.524997e-06,1.2483327e-05,1.0516659e-05,1.1658327e-05,1.4087494e-05,1.0095827e-05,1.3291661e-05,1.5516662e-05
4,897,243.773,0.206,1.2704166e-05,1.1120828e-05,1.0574992e-05,5.304162e-06,1.0387492e-05,1.1445833e-05,1.0920827e-05,9.870831e-06,9.616661e-06,1.2549996e-05,1.0624997e-05,1.1704159e-05,1.4095831e-05,1.0108328e-05,1.3354166e-05,1.5516662e-05
4,898,243.916,0.204,1.2804167e-05,1.1224993e-05,1.0687494e-05,5.366659e-06,1.0437497e-05,1.1512494e-05,1.0970831e-05,9.816663e-06,9.499995e-06,1.2595829e-05,1.0679166e-05,1.1729161e-05,1.4141663e-05,1.0070833e-05,1.3374996e-05,1.5583333e-05
4,899,244.059,0.202,1.2720831e-05,1.1312492e-05,1.0649999e-05,5.370831e-06,1.0479164e-05,1.1566663e-05,1.095833e-05,9.895825e-06,9.616661e-06,1.2645833e-05,1.0687494e-05,1.1829162e-05,1.4233327e-05,1.0062496e-05,1.3445831e-05,1.5633328e-05
4,900,244.202,0.2,1.2783329e-05,1.1316665e-05,1.0683329e-05,5.408327e-06,1.0524996e-05,1.1562498e-05,1.1008327e-05,9.895825e-06,9.554164e-06,1.2666663e-05,1.0729162e-05,1.1879166e-05,1.4174994e-05,1.0137494e-05,1.3445831e-05,1.5695827e-05
4,901,244.345,0.198,1.2758326e-05,1.1283326e-05,1.0812497e-05,5.391661e-06,1.0545826e-05,1.1620831e-05,1.1074996e-05,9.899998e-06,9.537498e-06,1.2712495e-05,1.0887496e-05,1.1941664e-05,1.4258329e-05,1.0187498e-05,1.3504164e-05,1.5683334e-05
4,902,244.488,0.196,1.2949999e-05,1.1458325e-05,1.0741663e-05,5.404162e-06,1.0716661e-05,1.1666663e-05,1.1099998e-05,9.987497e-06,9.529162e-06,1.2945827e-05,1.0929163e-05,1.1954165e-05,1.4316663e-05,1.0212493e-05,1.353333e-05,1.5774996e-05
4,903,244.631,0.194,1.28625e-05,1.1366661e-05,1.080416e-05,5.454159e-06,1.0708332e-05,1.169583e-05,1.1137494e-05,1.0008327e-05,9.574994e-06,1.2724996e-05,1.0837499e-05,1.2079159e-05,1.4299997e-05,1.0237495e-05,1.3529166e-05,1.5791662e-05
4,904,244.775,0.192,1.3033326e-05,1.1404165e-05,1.0874995e-05,5.462496e-06,1.0733326e-05,1.1762492e-05,1.1191662e-05,1.0079161e-05,9.624998e-06,1.2841661e-05,1.1012498e-05,1.2166659e-05,1.4341665e-05,1.0262497e-05,1.3574998e-05,1.5770833e-05
4,905,244.918,0.19,1.3108333e-05,1.1424994e-05,1.0920827e-05,5.479161e-06,1.0674993e-05,1.1791666e-05,1.126666e-05,1.0083326e-05,9.649992e-06,1.2820832e-05,1.0908326e-05,1.2033327e-05,1.4366667e-05,1.0216665e-05,1.3624994e-05,1.5858332e-05
4,906,245.061,0.188,1.3166666e-05,1.1512494e-05,1.1020828e-05,5.53333e-06,1.0824998e-05,1.1824997e-05,1.1262497e-05,1.0237495e-05,9.720826e-06,1.28625e-05,1.0991661e-05,1.2149993e-05,1.4533329e-05,1.0362498e-05,1.3670826e-05,1.5937496e-05
4,907,245.204,0.186,1.3204161e-05,1.162916e-05,1.1016663e-05,5.524993e-06,1.0820826e-05,1.1949992e-05,1.1270833e-05,1.0174997e-05,9.679158e-06,1.2912496e-05,1.0999997e-05,1.2224992e-05,1.46125e-05,1.0345832e-05,1.3733332e-05,1.5908328e-05
4,908,245.347,0.184,1.3045827e-05,1.1704159e-05,1.1012498e-05,5.558332e-06,1.087083e-05,1.200416e-05,1.1374998e-05,1.0237495e-05,9.695832e-06,1.2954163e-05,1.1016663e-05,1.2158331e-05,1.4508327e-05,1.0454162e-05,1.3791664e-05,1.594166e-05
4,909,245.49,0.182,1.3154165e-05,1.1604166e-05,1.116666e-05,5.612493e-06,1.0883331e-05,1.2016662e-05,1.1429159e-05,1.0233331e-05,9.741664e-06,1.2987494e-05,1.1108327e-05,1.2145829e-05,1.4483333e-05,1.0354162e-05,1.3779163e-05,1.6016666e-05
4,910,245.633,0.18,1.3095831e-05,1.1570827e-05,1.1224993e-05,5.641659e-06,1.0879159e-05,1.2045829e-05,1.1358333e-05,1.0287499e-05,9.749992e-06,1.3070829e-05,1.1124992e-05,1.2254159e-05,1.4595827e-05,1.0541661e-05,1.3899994e-05,1.6016666e-05
4,911,245.776,0.178,1.3145828e-05,1.1591665e-05,1.1279162e-05,5.783327e-06,1.1012498e-05,1.2137492e-05,1.1391664e-05,1.0337496e-05,9.87916e-06,1.308333e-05,1.114583e-05,1.2287497e-05,1.4562495e-05,1.0412495e-05,1.3895829e-05,1.6045833e-05
4,912,245.919,0.176,1.3179159e-05,1.1649998e-05,1.1216664e-05,5.854161e-06,1.1079161e-05,1.2125e-05,1.1474999e-05,1.0424996e-05,9.770831e-06,1.3162494e-05,1.1208328e-05,1.2349995e-05,1.465416e-05,1.0391665e-05,1.4008331e-05,1.6220833e-05
4,913,246.062,0.174,1.3233328e-05,1.1704159e-05,1.1262497e-05,5.72083e-06,1.1124992e-05,1.2154166e-05,1.1533331e-05,1.0445825e-05,9.695832e-06,1.3137499e-05,1.1229165e-05,1.2416665e-05,1.4712493e-05,1.0429159e-05,1.408333e-05,1.6137497e-05
4,914,246.205,0.172,1.3295826e-05,1.1824997e-05,1.1249996e-05,5.670825e-06,1.1116664e-05,1.2233329e-05,1.1575e-05,1.0462499e-05,9.787496e-06,1.3233328e-05,1.1279162e-05,1.2391662e-05,1.4762497e-05,1.0466663e-05,1.3933332e-05,1.6070826e-05
4,915,246.348,0.17,1.334583e-05,1.1779165e-05,1.1370826e-05,5.679162e-06,1.1241658e-05,1.2354159e-05,1.1537496e-05,1.0474992e-05,9.820827e-06,1.3229163e-05,1.13e-05,1.2516665e-05,1.4741659e-05,1.052916e-05,1.4049999e-05,1.6124995e-05
4,916,246.491,0.168,1.3454159e-05,1.1833326e-05,1.1404165e-05,5.716666e-06,1.1137494e-05,1.2458332e-05,1.1654162e-05,1.0491665e-05,9.829164e-06,1.3212498e-05,1.1399992e-05,1.252083e-05,1.4779162e-05,1.0545826e-05,1.4062492e-05,1.6183329e-05
4,917,246.634,0.166,1.343333e-05,1.1866665e-05,1.1445833e-05,5.779163e-06,1.1158331e-05,1.2462497e-05,1.1633332e-05,1.0562499e-05,9.833328e-06,1.3337493e-05,1.1449996e-05,1.2579163e-05,1.4799993e-05,1.0537497e-05,1.4087494e-05,1.6170827e-05
4,918,246.777,0.164,1.362083e-05,1.1833326e-05,1.1499993e-05,5.795829e-06,1.1220829e-05,1.2341667e-05,1.1758328e-05,1.0608332e-05,9.895825e-06,1.3291661e-05,1.142083e-05,1.2679164e-05,1.4866662e-05,1.0595831e-05,1.4112497e-05,1.6220833e-05
4,919,246.92,0.162,1.362083e-05,1.1929163e-05,1.1516667e-05,5.787492e-06,1.1254159e-05,1.2416665e-05,1.1845827e-05,1.0699995e-05,9.908326e-06,1.3379161e-05,1.1437495e-05,1.2712495e-05,1.4962498e-05,1.0599994e-05,1.4154164e-05,1.6291666e-05
4,920,247.063,0.16,1.36875e-05,1.2029163e-05,1.1587493e-05,5.870827e-06,1.1337494e-05,1.2412493e-05,1.1729161e-05,1.0666665e-05,9.887497e-06,1.3437494e-05,1.1424994e-05,1.2699993e-05,1.4941661e-05,1.0641662e-05,1.4220826e-05,1.6304159e-05
4,921,247.206,0.158,1.3483325e-05,1.2041664e-05,1.1612495e-05,5.874999e-06,1.1358333e-05,1.2549996e-05,1.1712496e-05,1.0829162e-05,9.945829e-06,1.3445831e-05,1.152916e-05,1.2666663e-05,1.4966663e-05,1.0633325e-05,1.4266666e-05,1.6354163e-05
4,922,247.349,0.156,1.36875e-05,1.2062494e-05,1.1708331e-05,5.916659e-06,1.144166e-05,1.2595829e-05,1.1829162e-05,1.0887496e-05,9.916663e-06,1.3499999e-05,1.1583328e-05,1.272916e-05,1.5062499e-05,1.0683329e-05,1.4345828e-05,1.6362492e-05
4,923,247.492,0.154,1.3591663e-05,1.2079159e-05,1.1712496e-05,5.924996e-06,1.1445833e-05,1.2645833e-05,1.1824997e-05,1.0987496e-05,1.0108328e-05,1.3479162e-05,1.1662499e-05,1.2816659e-05,1.5033333e-05,1.0679166e-05,1.4266666e-05,1.6441663e-05
4,924,247.635,0.152,1.362083e-05,1.2220828e-05,1.1737498e-05,5.937497e-06,1.1470826e-05,1.2654162e-05,1.1920825e-05,1.0808333e-05,9.983333e-06,1.3624994e-05,1.162916e-05,1.2849999e-05,1.5104159e-05,1.070416e-05,1.4370831e-05,1.6474994e-05
4,925,247.778,0.15,1.3879164e-05,1.2249994e-05,1.1829162e-05,5.991666e-06,1.1562498e-05,1.2699993e-05,1.1945828e-05,1.0895832e-05,9.949994e-06,1.36875e-05,1.1708331e-05,1.28625e-05,1.5058326e-05,1.0712496e-05,1.4425e-05,1.6524999e-05
4,926,247.921,0.148,1.382916e-05,1.2216663e-05,1.1799995e-05,6.004159e-06,1.1545833e-05,1.2745825e-05,1.1979158e-05,1.089166e-05,9.966659e-06,1.365416e-05,1.1799995e-05,1.2899995e-05,1.5170828e-05,1.0708332e-05,1.4420827e-05,1.6537499e-05
4,927,248.064,0.146,1.3837496e-05,1.2316664e-05,1.1879166e-05,5.987493e-06,1.1595829e-05,1.2808331e-05,1.200416e-05,1.0970831e-05,9.95833e-06,1.3858326e-05,1.1841663e-05,1.3016661e-05,1.5179166e-05,1.0733326e-05,1.4541666e-05,1.6604161e-05
4,928,248.208,0.144,1.4062492e-05,1.2216663e-05,1.1949992e-05,6.070828e-06,1.171666e-05,1.282916e-05,1.2045829e-05,1.1004162e-05,1.0020828e-05,1.3729159e-05,1.1829162e-05,1.2987494e-05,1.5187494e-05,1.078333e-05,1.454583e-05,1.6524999e-05
4,929,248.351,0.142,1.391666e-05,1.2329165e-05,1.1937499e-05,6.079165e-06,1.1691665e-05,1.28625e-05,1.2070831e-05,1.1020828e-05,1.0074997e-05,1.3679162e-05,1.1791666e-05,1.3045827e-05,1.5308333e-05,1.0754164e-05,1.4549994e-05,1.6662494e-05
4,930,248.494,0.14,1.4141663e-05,1.2299998e-05,1.1966666e-05,6.041662e-06,1.1808332e-05,1.2887494e-05,1.2095833e-05,1.1079161e-05,1.0087498e-05,1.3758326e-05,1.1895831e-05,1.308333e-05,1.5324998e-05,1.0820826e-05,1.456666e-05,1.6583332e-05
4,931,248.637,0.138,1.3883328e-05,1.2412493e-05,1.2066666e-05,6.137498e-06,1.1741662e-05,1.2945827e-05,1.2145829e-05,1.114583e-05,1.0083326e-05,1.382916e-05,1.1929163e-05,1.3112497e-05,1.5508325e-05,1.0912498e-05,1.4599998e-05,1.6654165e-05
4,932,248.78,0.136,1.415e-05,1.2333329e-05,1.2133328e-05,6.108331e-06,1.180416e-05,1.3024997e-05,1.2145829e-05,1.1220829e-05,1.0158332e-05,1.3866663e-05,1.1933326e-05,1.3104161e-05,1.5324998e-05,1.0849993e-05,1.4658332e-05,1.6774997e-05
4,933,248.923,0.134,1.399583e-05,1.2558333e-05,1.2258331e-05,6.154164e-06,1.1899996e-05,1.3033326e-05,1.2254159e-05,1.1224993e-05,1.0120829e-05,1.3883328e-05,1.1979158e-05,1.3120826e-05,1.557916e-05,1.1033329e-05,1.4716665e-05,1.6762495e-05
4,934,249.066,0.132,1.4058328e-05,1.2387498e-05,1.2374997e-05,6.220826e-06,1.1895831e-05,1.3070829e-05,1.2208327e-05,1.1249996e-05,1.015416e-05,1.3945826e-05,1.1987496e-05,1.3195832e-05,1.5374993e-05,1.0941664e-05,1.4658332e-05,1.6766659e-05
4,935,249.209,0.13,1.408333e-05,1.2429166e-05,1.2187496e-05,6.379159e-06,1.1995832e-05,1.3183331e-05,1.2254159e-05,1.1208328e-05,1.0187498e-05,1.3929161e-05,1.2041664e-05,1.325833e-05,1.5466667e-05,1.1074996e-05,1.4770826e-05,1.6766659e-05
4,936,249.352,0.128,1.408333e-05,1.2445831e-05,1.2208327e-05,6.337492e-06,1.1999997e-05,1.3212498e-05,1.226666e-05,1.1349996e-05,1.0187498e-05,1.4004159e-05,1.2087497e-05,1.3274996e-05,1.5474994e-05,1.0954165e-05,1.5045825e-05,1.6862496e-05
4,937,249.495,0.126,1.4124998e-05,1.2516665e-05,1.2299998e-05,6.324999e-06,1.20375e-05,1.3270831e-05,1.2383326e-05,1.1291663e-05,1.0208329e-05,1.408333e-05,1.2187496e-05,1.3337493e-05,1.5533327e-05,1.1016663e-05,1.4937496e-05,1.6870832e-05
4,938,249.638,0.124,1.4158329e-05,1.2566662e-05,1.2341667e-05,6.27083e-06,1.2174995e-05,1.3287497e-05,1.2358331e-05,1.1366661e-05,1.0170826e-05,1.4095831e-05,1.2158331e-05,1.3370832e-05,1.5612499e-05,1.1191662e-05,1.5070827e-05,1.702083e-05
4,939,249.781,0.122,1.4466659e-05,1.2629159e-05,1.2358331e-05,6.274994e-06,1.2233329e-05,1.3441666e-05,1.2420829e-05,1.1449996e-05,1.0162496e-05,1.415e-05,1.2183333e-05,1.3474997e-05,1.5608326e-05,1.1049994e-05,1.4795828e-05,1.696666e-05
4,940,249.924,0.12,1.4341665e-05,1.2620831e-05,1.2449996e-05,6.295832e-06,1.2229165e-05,1.3462496e-05,1.2441659e-05,1.1479163e-05,1.022083e-05,1.4095831e-05,1.2224992e-05,1.3454159e-05,1.5641666e-05,1.1108327e-05,1.4916666e-05,1.6916665e-05
4,941,250.067,0.118,1.4383332e-05,1.2816659e-05,1.2462497e-05,6.354165e-06,1.2145829e-05,1.3458332e-05,1.252083e-05,1.1499993e-05,1.0237495e-05,1.4179166e-05,1.2262495e-05,1.3491663e-05,1.5687498e-05,1.1091662e-05,1.5004166e-05,1.6937494e-05
4,942,250.21,0.116,1.4570832e-05,1.2691665e-05,1.2508329e-05,6.345828e-06,1.2354159e-05,1.3483325e-05,1.2658325e-05,1.1533331e-05,1.0312494e-05,1.4162492e-05,1.2316664e-05,1.3508327e-05,1.5683334e-05,1.1104163e-05,1.5012495e-05,1.7012493e-05
4,943,250.353,0.114,1.4429164e-05,1.2745825e-05,1.2574998e-05,6.39166e-06,1.226666e-05,1.3462496e-05,1.2529159e-05,1.1599994e-05,1.0304165e-05,1.4208333e-05,1.2316664e-05,1.3616665e-05,1.57125e-05,1.1120828e-05,1.5070827e-05,1.7008328e-05
4,944,250.496,0.112,1.4362494e-05,1.2779165e-05,1.2583328e-05,6.404161e-06,1.2295826e-05,1.3558332e-05,1.254166e-05,1.171666e-05,1.0304165e-05,1.4245828e-05,1.2299998e-05,1.3579162e-05,1.5824993e-05,1.1174997e-05,1.5079165e-05,1.7104165e-05
4,945,250.639,0.11,1.4591662e-05,1.2841661e-05,1.2733332e-05,6.433328e-06,1.2379161e-05,1.3616665e-05,1.2641661e-05,1.1837498e-05,1.0349997e-05,1.4320826e-05,1.2420829e-05,1.36875e-05,1.5787498e-05,1.1162496e-05,1.511666e-05,1.7129159e-05
4,946,250.782,0.108,1.4554159e-05,1.2779165e-05,1.2687492e-05,6.474996e-06,1.2374997e-05,1.3641659e-05,1.2674999e-05,1.1924998e-05,1.0466663e-05,1.4416662e-05,1.2429166e-05,1.3712493e-05,1.5799998e-05,1.1195826e-05,1.5166665e-05,1.7162498e-05
4,947,250.925,0.106,1.4499999e-05,1.2891666e-05,1.2783329e-05,6.470831e-06,1.2412493e-05,1.3666661e-05,1.2716659e-05,1.1699995e-05,1.0374999e-05,1.4387496e-05,1.2449996e-05,1.3795829e-05,1.594166e-05,1.1258332e-05,1.5191667e-05,1.7199993e-05
4,948,251.068,0.104,1.4554159e-05,1.3099996e-05,1.2783329e-05,6.47916e-06,1.2462497e-05,1.3737495e-05,1.270833e-05,1.169583e-05,1.0516659e-05,1.4425e-05,1.2479162e-05,1.3779163e-05,1.5929167e-05,1.1187498e-05,1.5254163e-05,1.7258326e-05
4,949,251.211,0.102,1.4579161e-05,1.2929161e-05,1.2770827e-05,6.504162e-06,1.2479162e-05,1.3804166e-05,1.2799994e-05,1.1849999e-05,1.0387492e-05,1.4499999e-05,1.2537495e-05,1.3874999e-05,1.5979163e-05,1.126666e-05,1.5266665e-05,1.7262499e-05
4,950,251.354,0.1,1.4604163e-05,1.309166e-05,1.2895831e-05,6.524992e-06,1.2554161e-05,1.3812494e-05,1.2824997e-05,1.1845827e-05,1.0370827e-05,1.4599998e-05,1.2641661e-05,1.3783328e-05,1.5970827e-05,1.1241658e-05,1.525e-05,1.7358327e-05
4,951,251.497,0.098,1.475416e-05,1.3054164e-05,1.2858327e-05,6.549994e-06,1.2583328e-05,1.3837496e-05,1.2820832e-05,1.1874994e-05,1.0337496e-05,1.4608328e-05,1.2583328e-05,1.3812494e-05,1.6045833e-05,1.1316665e-05,1.5312497e-05,1.7320832e-05
4,952,251.641,0.096,1.4933332e-05,1.3029162e-05,1.2962492e-05,6.591662e-06,1.260833e-05,1.3812494e-05,1.2854163e-05,1.1887495e-05,1.0449998e-05,1.4666661e-05,1.2766664e-05,1.3962499e-05,1.6004165e-05,1.135416e-05,1.5283331e-05,1.7562492e-05
4,953,251.784,0.094,1.4937496e-05,1.3074994e-05,1.298333e-05,6.683326e-06,1.2604165e-05,1.3949998e-05,1.2904159e-05,1.1920825e-05,1.0483329e-05,1.4662496e-05,1.2674999e-05,1.401666e-05,1.610833e-05,1.1379162e-05,1.5424999e-05,1.7391665e-05
4,954,251.927,0.092,1.4962498e-05,1.3166666e-05,1.3012496e-05,6.612492e-06,1.2758326e-05,1.3945826e-05,1.2941662e-05,1.2029163e-05,1.0445825e-05,1.4641666e-05,1.2654162e-05,1.4079165e-05,1.6183329e-05,1.1404165e-05,1.5466667e-05,1.7412496e-05
4,955,252.07,0.09,1.5012495e-05,1.3149993e-05,1.3087495e-05,6.624993e-06,1.2799994e-05,1.4020832e-05,1.2987494e-05,1.2016662e-05,1.0499994e-05,1.4662496e-05,1.2720831e-05,1.3962499e-05,1.6312495e-05,1.1487492e-05,1.5399997e-05,1.7424996e-05
4,956,252.213,0.088,1.4858325e-05,1.3254165e-05,1.3254165e-05,6.695827e-06,1.2699993e-05,1.4045827e-05,1.2995831e-05,1.2070831e-05,1.0549998e-05,1.465416e-05,1.2674999e-05,1.4108332e-05,1.6258327e-05,1.1433332e-05,1.5466667e-05,1.7520833e-05
4,957,252.356,0.086,1.4829159e-05,1.3154165e-05,1.3291661e-05,6.762496e-06,1.2783329e-05,1.4129162e-05,1.3024997e-05,1.2087497e-05,1.0554163e-05,1.4762497e-05,1.2816659e-05,1.4041662e-05,1.6374994e-05,1.160833e-05,1.5529164e-05,1.74625e-05
4,958,252.499,0.084,1.4816665e-05,1.3174995e-05,1.3208326e-05,6.712492e-06,1.2837498e-05,1.4099995e-05,1.3058328e-05,1.2145829e-05,1.0587493e-05,1.4779162e-05,1.2808331e-05,1.4099995e-05,1.6220833e-05,1.1474999e-05,1.559166e-05,1.7549999e-05
4,959,252.642,0.082,1.4866662e-05,1.336666e-05,1.3454159e-05,6.808329e-06,1.291666e-05,1.4154164e-05,1.3137499e-05,1.2220828e-05,1.0574992e-05,1.482083e-05,1.2824997e-05,1.4112497e-05,1.6199994e-05,1.1654162e-05,1.5670832e-05,1.7562492e-05
4,960,252.785,0.08,1.4983329e-05,1.3208326e-05,1.3224999e-05,6.862497e-06,1.2962492e-05,1.4266666e-05,1.3062493e-05,1.2224992e-05,1.0545826e-05,1.4799993e-05,1.2949999e-05,1.4162492e-05,1.6245825e-05,1.1654162e-05,1.5604162e-05,1.7620825e-05
4,961,252.928,0.078,1.4970827e-05,1.3266659e-05,1.3374996e-05,6.983328e-06,1.3062493e-05,1.4312498e-05,1.3104161e-05,1.2254159e-05,1.0641662e-05,1.4899992e-05,1.2924997e-05,1.4208333e-05,1.6333326e-05,1.152083e-05,1.5791662e-05,1.7599996e-05
4,962,253.071,0.076,1.4999993e-05,1.3304162e-05,1.3341665e-05,6.783327e-06,1.3029162e-05,1.4341665e-05,1.3154165e-05,1.2270832e-05,1.0579165e-05,1.48875e-05,1.2945827e-05,1.4212497e-05,1.6374994e-05,1.1487492e-05,1.5816664e-05,1.7654165e-05
4,963,253.214,0.074,1.5179166e-05,1.3387497e-05,1.343333e-05,6.854161e-06,1.3233328e-05,1.4379159e-05,1.319166e-05,1.2412493e-05,1.0595831e-05,1.4916666e-05,1.2979166e-05,1.4304161e-05,1.6399996e-05,1.1591665e-05,1.5762496e-05,1.7766666e-05
4,964,253.357,0.072,1.5295831e-05,1.3470833e-05,1.343333e-05,6.82083e-06,1.3041663e-05,1.4470832e-05,1.3187496e-05,1.236666e-05,1.061666e-05,1.490833e-05,1.3049992e-05,1.4370831e-05,1.6399996e-05,1.1604166e-05,1.5762496e-05,1.7683331e-05
4,965,253.5,0.07,1.5329162e-05,1.3454159e-05,1.3424992e-05,6.866662e-06,1.2995831e-05,1.4574996e-05,1.3254165e-05,1.2370832e-05,1.0658327e-05,1.5004166e-05,1.3062493e-05,1.4324999e-05,1.6479167e-05,1.1595829e-05,1.5741665e-05,1.7670831e-05
4,966,253.643,0.068,1.5287495e-05,1.3387497e-05,1.3487498e-05,6.866662e-06,1.3099996e-05,1.4416662e-05,1.3383333e-05,1.2429166e-05,1.0670828e-05,1.4937496e-05,1.3104161e-05,1.4429164e-05,1.6466665e-05,1.1658327e-05,1.5758331e-05,1.7762493e-05
4,967,253.786,0.066,1.5312497e-05,1.343333e-05,1.3508327e-05,6.916666e-06,1.3133327e-05,1.4462495e-05,1.3429165e-05,1.2412493e-05,1.0683329e-05,1.5091666e-05,1.3187496e-05,1.4383332e-05,1.657083e-05,1.1645826e-05,1.5829166e-05,1.7766666e-05
4,968,253.929,0.064,1.51625e-05,1.3633331e-05,1.3574998e-05,7.049998e-06,1.3212498e-05,1.4587497e-05,1.3499999e-05,1.252083e-05,1.0724997e-05,1.5104159e-05,1.3195832e-05,1.4420827e-05,1.6587495e-05,1.1670828e-05,1.5783326e-05,1.7820827e-05
4,969,254.072,0.062,1.5170828e-05,1.3633331e-05,1.3608328e-05,6.970827e-06,1.325833e-05,1.4549994e-05,1.3337493e-05,1.2487499e-05,1.080416e-05,1.509583e-05,1.3195832e-05,1.4449994e-05,1.6574995e-05,1.1674992e-05,1.5858332e-05,1.7824999e-05
4,970,254.215,0.06,1.5262493e-05,1.355416e-05,1.3666661e-05,7.037497e-06,1.3237493e-05,1.4620829e-05,1.3341665e-05,1.2566662e-05,1.0754164e-05,1.5204159e-05,1.3262495e-05,1.4570832e-05,1.6624999e-05,1.171666e-05,1.594166e-05,1.7849994e-05
4,971,254.358,0.058,1.5337499e-05,1.3612493e-05,1.3612493e-05,7.037497e-06,1.3274996e-05,1.4649995e-05,1.3412499e-05,1.2549996e-05,1.0824998e-05,1.5149999e-05,1.3195832e-05,1.4558331e-05,1.6595832e-05,1.1837498e-05,1.5937496e-05,1.7891662e-05
4,972,254.501,0.056,1.5333326e-05,1.3866663e-05,1.3679162e-05,7.245827e-06,1.3341665e-05,1.4724994e-05,1.3458332e-05,1.2666663e-05,1.0887496e-05,1.5191667e-05,1.3412499e-05,1.4574996e-05,1.6745829e-05,1.1741662e-05,1.6037497e-05,1.7962495e-05
4,973,254.644,0.054,1.5366666e-05,1.3766662e-05,1.3770827e-05,7.049998e-06,1.3341665e-05,1.4737495e-05,1.3474997e-05,1.2649997e-05,1.095833e-05,1.5329162e-05,1.3295826e-05,1.4579161e-05,1.6587495e-05,1.1758328e-05,1.6104166e-05,1.7895825e-05
4,974,254.787,0.052,1.5399997e-05,1.3708329e-05,1.3820831e-05,7.037497e-06,1.3333329e-05,1.4799993e-05,1.3529166e-05,1.270833e-05,1.0770829e-05,1.5508325e-05,1.343333e-05,1.4641666e-05,1.6720827e-05,1.1791666e-05,1.6045833e-05,1.796666e-05
4,975,254.93,0.05,1.5604162e-05,1.3783328e-05,1.3795829e-05,7.11666e-06,1.3429165e-05,1.484166e-05,1.3512492e-05,1.2758326e-05,1.0820826e-05,1.521666e-05,1.346666e-05,1.4720829e-05,1.6733329e-05,1.1895831e-05,1.6062499e-05,1.8037494e-05
4,976,255.074,0.048,1.5604162e-05,1.3816659e-05,1.3858326e-05,7.141662e-06,1.3516665e-05,1.4858325e-05,1.3558332e-05,1.2779165e-05,1.080416e-05,1.525e-05,1.3587499e-05,1.4783327e-05,1.6858332e-05,1.1795831e-05,1.6020831e-05,1.8049996e-05
4,977,255.217,0.046,1.5533327e-05,1.3787492e-05,1.3929161e-05,7.204159e-06,1.3487498e-05,1.490833e-05,1.3587499e-05,1.2820832e-05,1.0837499e-05,1.530416e-05,1.3424992e-05,1.4816665e-05,1.6895827e-05,1.1920825e-05,1.6079164e-05,1.8062496e-05
4,978,255.36,0.044,1.5562495e-05,1.3899994e-05,1.3970828e-05,7.224997e-06,1.3529166e-05,1.4937496e-05,1.3641659e-05,1.2824997e-05,1.0862494e-05,1.5420826e-05,1.3437494e-05,1.4758332e-05,1.6858332e-05,1.1879166e-05,1.610833e-05,1.8074998e-05
4,979,255.503,0.042,1.5495832e-05,1.3824995e-05,1.4024997e-05,7.224997e-06,1.3558332e-05,1.5012495e-05,1.3695828e-05,1.2891666e-05,1.0883331e-05,1.5412497e-05,1.3483325e-05,1.4779162e-05,1.6895827e-05,1.1949992e-05,1.6179165e-05,1.8066661e-05
4,980,255.646,0.04,1.5829166e-05,1.3833332e-05,1.4029161e-05,7.279165e-06,1.3595827e-05,1.5041661e-05,1.3699992e-05,1.2954163e-05,1.0866665e-05,1.5441665e-05,1.3499999e-05,1.4787499e-05,1.7124994e-05,1.1920825e-05,1.6287493e-05,1.815416e-05
4,981,255.789,0.038,1.5562495e-05,1.3833332e-05,1.4158329e-05,7.274993e-06,1.3708329e-05,1.5041661e-05,1.3708329e-05,1.3016661e-05,1.0941664e-05,1.5495832e-05,1.3566661e-05,1.4770826e-05,1.7033331e-05,1.2041664e-05,1.6295831e-05,1.8249997e-05
4,982,255.932,0.036,1.5541666e-05,1.3879164e-05,1.4245828e-05,7.270829e-06,1.3658333e-05,1.5104159e-05,1.3779163e-05,1.3033326e-05,1.0933328e-05,1.5474994e-05,1.3579162e-05,1.48875e-05,1.7087499e-05,1.1920825e-05,1.6274993e-05,1.8179162e-05
4,983,256.075,0.034,1.5641666e-05,1.3899994e-05,1.4108332e-05,7.504161e-06,1.3779163e-05,1.5158327e-05,1.3795829e-05,1.3149993e-05,1.0916662e-05,1.5562495e-05,1.3649996e-05,1.4929159e-05,1.696666e-05,1.2158331e-05,1.6341663e-05,1.834166e-05
4,984,256.218,0.032,1.5716663e-05,1.3958327e-05,1.4195832e-05,7.391659e-06,1.3779163e-05,1.5149999e-05,1.380833e-05,1.3099996e-05,1.095833e-05,1.5604162e-05,1.3645832e-05,1.4916666e-05,1.7016666e-05,1.2108326e-05,1.6358328e-05,1.8299992e-05
4,985,256.361,0.03,1.583333e-05,1.4187495e-05,1.4154164e-05,7.508326e-06,1.3833332e-05,1.5208332e-05,1.382916e-05,1.3129163e-05,1.106666e-05,1.5633328e-05,1.3662498e-05,1.5004166e-05,1.7070826e-05,1.2054165e-05,1.6358328e-05,1.8395829e-05
4,986,256.504,0.028,1.5804164e-05,1.4066664e-05,1.4258329e-05,7.395832e-06,1.3854162e-05,1.5274994e-05,1.3862498e-05,1.3179159e-05,1.1054166e-05,1.565833e-05,1.374166e-05,1.5008331e-05,1.7083326e-05,1.2049993e-05,1.6329161e-05,1.8299992e-05
4,987,256.647,0.026,1.5854161e-05,1.4037498e-05,1.4308325e-05,7.337499e-06,1.4033326e-05,1.5329162e-05,1.3949998e-05,1.3224999e-05,1.0974995e-05,1.5708327e-05,1.3695828e-05,1.5087493e-05,1.713333e-05,1.2087497e-05,1.6416661e-05,1.8570829e-05
4,988,256.79,0.024,1.5904165e-05,1.4095831e-05,1.435833e-05,7.420826e-06,1.4158329e-05,1.5474994e-05,1.3966664e-05,1.3195832e-05,1.0974995e-05,1.5654166e-05,1.3704165e-05,1.5079165e-05,1.7079163e-05,1.2120827e-05,1.6624999e-05,1.8354162e-05
4,989,256.933,0.022,1.5966662e-05,1.4137499e-05,1.4349993e-05,7.424998e-06,1.3979165e-05,1.5570831e-05,1.4112497e-05,1.3266659e-05,1.1020828e-05,1.5749994e-05,1.3799993e-05,1.509583e-05,1.7212495e-05,1.2104161e-05,1.6499996e-05,1.8416658e-05
4,990,257.076,0.02,1.6145825e-05,1.4087494e-05,1.4362494e-05,7.466666e-06,1.4024997e-05,1.5574995e-05,1.4137499e-05,1.3266659e-05,1.1016663e-05,1.5791662e-05,1.3749996e-05,1.511666e-05,1.7245833e-05,1.2162494e-05,1.6529162e-05,1.8512495e-05
4,991,257.219,0.018,1.6066662e-05,1.4166665e-05,1.4437493e-05,7.483332e-06,1.4020832e-05,1.5433327e-05,1.4112497e-05,1.3370832e-05,1.1074996e-05,1.5704163e-05,1.3812494e-05,1.5149999e-05,1.7233331e-05,1.2154166e-05,1.655833e-05,1.8362498e-05
4,992,257.362,0.016,1.5887499e-05,1.4233327e-05,1.4474996e-05,7.474995e-06,1.4058328e-05,1.5525e-05,1.4254165e-05,1.3341665e-05,1.1049994e-05,1.5837495e-05,1.3820831e-05,1.5233326e-05,1.7320832e-05,1.2195826e-05,1.6599997e-05,1.8483328e-05
4,993,257.505,0.014,1.6220833e-05,1.4199996e-05,1.4529164e-05,7.516662e-06,1.4108332e-05,1.5499998e-05,1.4245828e-05,1.3524993e-05,1.1179161e-05,1.5862497e-05,1.3970828e-05,1.5258328e-05,1.7291664e-05,1.2420829e-05,1.6604161e-05,1.8533334e-05
4,994,257.648,0.012,1.5970827e-05,1.4299997e-05,1.4529164e-05,7.529163e-06,1.4099995e-05,1.5620828e-05,1.417083e-05,1.3383333e-05,1.1083333e-05,1.593333e-05,1.3887493e-05,1.5245827e-05,1.7366663e-05,1.2208327e-05,1.6633328e-05,1.8570829e-05
4,995,257.791,0.01,1.609583e-05,1.4283331e-05,1.4608328e-05,7.57916e-06,1.417083e-05,1.5641666e-05,1.4124998e-05,1.3441666e-05,1.1274998e-05,1.594166e-05,1.3954163e-05,1.5295831e-05,1.7387494e-05,1.2287497e-05,1.6666667e-05,1.8587494e-05
4,996,257.934,0.008,1.6204167e-05,1.4362494e-05,1.4616664e-05,7.566658e-06,1.4199996e-05,1.5666659e-05,1.4129162e-05,1.3420829e-05,1.1345832e-05,1.592083e-05,1.4037498e-05,1.5270829e-05,1.7441662e-05,1.2229165e-05,1.6729164e-05,1.8633325e-05
4,997,258.077,0.006,1.604166e-05,1.429166e-05,1.4670833e-05,7.591661e-06,1.4233327e-05,1.5774996e-05,1.4162492e-05,1.3512492e-05,1.1291663e-05,1.6049997e-05,1.3966664e-05,1.5391659e-05,1.7354163e-05,1.2249994e-05,1.6762495e-05,1.8654164e-05
4,998,258.22,0.004,1.6170827e-05,1.4404161e-05,1.4737495e-05,7.633328e-06,1.4383332e-05,1.57125e-05,1.4199996e-05,1.3520829e-05,1.1212492e-05,1.6066662e-05,1.415e-05,1.5383332e-05,1.7433325e-05,1.2216663e-05,1.6770831e-05,1.8620833e-05
4,999,258.363,0.002,1.622916e-05,1.4408326e-05,1.4724994e-05,7.708327e-06,1.4295832e-05,1.5804164e-05,1.4224998e-05,1.3633331e-05,1.1112499e-05,1.6124995e-05,1.4208333e-05,1.5483332e-05,1.7412496e-05,1.226666e-05,1.6762495e-05,1.8829163e-05
4,1000,258.507,0.0,1.6404159e-05,1.4474996e-05,1.4774998e-05,7.658331e-06,1.4349993e-05,1.5783326e-05,1.4241664e-05,1.3641659e-05,1.1208328e-05,1.6033331e-05,1.4087494e-05,1.5583333e-05,1.7520833e-05,1.2379161e-05,1.6766659e-05,1.8799996e-05
,,,,,,,,,,,,,,,,,,,,4,0.578,0.558,0.492,0.522,0.498,0.504,0.56,0.514,0.98,0.592,0.548,0.552,0.682,0.582,0.59,0.716,0.614,0.592,0.538,0.56,0.554,0.548,0.566,0.544,0.748,0.614,0.574,0.554,0.718,0.61,0.636,0.746
5,0,258.78,0.0,1.6249998e-05,1.4499999e-05,1.4720829e-05,7.683333e-06,1.4366667e-05,1.5862497e-05,1.417083e-05,1.3587499e-05,1.1412493e-05,1.610833e-05,1.4108332e-05,1.5462494e-05,1.7558328e-05,1.2316664e-05,1.6874998e-05,1.8720826e-05
5,1,258.923,0.002,1.6254162e-05,1.45125e-05,1.4774998e-05,7.691661e-06,1.435833e-05,1.5866661e-05,1.4283331e-05,1.3608328e-05,1.1458325e-05,1.6099993e-05,1.4129162e-05,1.5449992e-05,1.7545828e-05,1.2395827e-05,1.6841666e-05,1.8841663e-05
5,2,259.066,0.004,1.6220833e-05,1.4504162e-05,1.4749996e-05,7.687497e-06,1.4320826e-05,1.5804164e-05,1.4245828e-05,1.3595827e-05,1.1154159e-05,1.6049997e-05,1.4145828e-05,1.5412497e-05,1.7545828e-05,1.2287497e-05,1.6816664e-05,1.8637498e-05
5,3,259.209,0.006,1.6187492e-05,1.447916e-05,1.4758332e-05,7.658331e-06,1.4312498e-05,1.5774996e-05,1.4274994e-05,1.3574998e-05,1.1237494e-05,1.6054162e-05,1.4174994e-05,1.5441665e-05,1.7474993e-05,1.2445831e-05,1.6708327e-05,1.860416e-05
5,4,259.352,0.008,1.6158327e-05,1.4470832e-05,1.4662496e-05,7.629164e-06,1.4437493e-05,1.576666e-05,1.4212497e-05,1.3499999e-05,1.1304164e-05,1.5966662e-05,1.4212497e-05,1.5404161e-05,1.7433325e-05,1.2374997e-05,1.6754166e-05,1.8645827e-05
5,5,259.496,0.01,1.6099993e-05,1.445833e-05,1.4716665e-05,7.674996e-06,1.4216662e-05,1.5783326e-05,1.4224998e-05,1.3479162e-05,1.1279162e-05,1.6162499e-05,1.4074993e-05,1.5416663e-05,1.741666e-05,1.2379161e-05,1.6741666e-05,1.8658327e-05
5,6,259.639,0.012,1.6037497e-05,1.4487497e-05,1.4620829e-05,7.616663e-06,1.420416e-05,1.5745831e-05,1.4366667e-05,1.346666e-05,1.1274998e-05,1.5949996e-05,1.4033326e-05,1.5349991e-05,1.7420833e-05,1.2383326e-05,1.6795826e-05,1.8666664e-05
5,7,259.782,0.014,1.5999993e-05,1.45125e-05,1.4579161e-05,7.595825e-06,1.4208333e-05,1.5654166e-05,1.4254165e-05,1.3429165e-05,1.1287499e-05,1.5970827e-05,1.4158329e-05,1.5374993e-05,1.7454164e-05,1.2304163e-05,1.6808328e-05,1.8612496e-05
5,8,259.925,0.016,1.6033331e-05,1.427083e-05,1.4529164e-05,7.57916e-06,1.4183331e-05,1.5649994e-05,1.4308325e-05,1.3429165e-05,1.1308328e-05,1.5954161e-05,1.4037498e-05,1.5279165e-05,1.7449998e-05,1.2358331e-05,1.6662494e-05,1.8629162e-05
5,9,260.068,0.018,1.59875e-05,1.4516663e-05,1.4470832e-05,7.508326e-06,1.4129162e-05,1.5612499e-05,1.4162492e-05,1.3429165e-05,1.1308328e-05,1.5924994e-05,1.4045827e-05,1.5287495e-05,1.7624998e-05,1.245416e-05,1.6704162e-05,1.8566665e-05
5,10,260.211,0.02,1.5979163e-05,1.4412499e-05,1.463333e-05,7.537492e-06,1.4108332e-05,1.5624992e-05,1.4124998e-05,1.3454159e-05,1.1308328e-05,1.5924994e-05,1.401666e-05,1.5237499e-05,1.7487495e-05,1.2537495e-05,1.6733329e-05,1.8524996e-05
5,11,260.354,0.022,1.6004165e-05,1.4304161e-05,1.4562495e-05,7.512498e-06,1.4099995e-05,1.5545829e-05,1.4116661e-05,1.3304162e-05,1.1291663e-05,1.5866661e-05,1.3983329e-05,1.5258328e-05,1.7383329e-05,1.2304163e-05,1.6674996e-05,1.8558327e-05
5,12,260.497,0.024,1.5991664e-05,1.4283331e-05,1.4662496e-05,7.529163e-06,1.4095831e-05,1.5495832e-05,1.4095831e-05,1.3287497e-05,1.1312492e-05,1.5908328e-05,1.3949998e-05,1.525e-05,1.7245833e-05,1.2412493e-05,1.667916e-05,1.8562499e-05
5,13,260.64,0.026,1.5929167e-05,1.4254165e-05,1.4412499e-05,7.508326e-06,1.4062492e-05,1.5462494e-05,1.4087494e-05,1.3274996e-05,1.1258332e-05,1.583333e-05,1.3912495e-05,1.5204159e-05,1.7245833e-05,1.2304163e-05,1.6633328e-05,1.8545827e-05
5,14,260.783,0.028,1.5891663e-05,1.4254165e-05,1.4387496e-05,7.458329e-06,1.401666e-05,1.5437499e-05,1.4091666e-05,1.3237493e-05,1.1199999e-05,1.5841659e-05,1.3899994e-05,1.5233326e-05,1.7262499e-05,1.2358331e-05,1.6562493e-05,1.8754165e-05
5,15,260.926,0.03,1.5895828e-05,1.4308325e-05,1.4316663e-05,7.366665e-06,1.4029161e-05,1.5499998e-05,1.4079165e-05,1.3212498e-05,1.1291663e-05,1.5783326e-05,1.3899994e-05,1.5224997e-05,1.7274999e-05,1.2333329e-05,1.6616663e-05,1.8641662e-05
5,16,261.069,0.032,1.5870826e-05,1.4295832e-05,1.4283331e-05,7.37083e-06,1.410416e-05,1.5420826e-05,1.4066664e-05,1.3183331e-05,1.1362497e-05,1.5787498e-05,1.3891665e-05,1.5279165e-05,1.7204165e-05,1.2324993e-05,1.6508333e-05,1.8566665e-05
5,17,261.212,0.034,1.5891663e-05,1.4279159e-05,1.4241664e-05,7.30416e-06,1.3999995e-05,1.5508325e-05,1.4074993e-05,1.3158329e-05,1.123333e-05,1.5795827e-05,1.3870827e-05,1.5191667e-05,1.7245833e-05,1.2304163e-05,1.6508333e-05,1.8354162e-05
5,18,261.355,0.036,1.5958332e-05,1.4245828e-05,1.4241664e-05,7.329162e-06,1.3874999e-05,1.5508325e-05,1.4158329e-05,1.3133327e-05,1.1287499e-05,1.5774996e-05,1.3837496e-05,1.5104159e-05,1.7175e-05,1.2299998e-05,1.650416e-05,1.8345832e-05
5,19,261.498,0.038,1.5949996e-05,1.4312498e-05,1.4174994e-05,7.320825e-06,1.3841661e-05,1.5270829e-05,1.3962499e-05,1.3095831e-05,1.1283326e-05,1.564583e-05,1.3783328e-05,1.5154163e-05,1.7266662e-05,1.2262495e-05,1.649166e-05,1.8316667e-05
5,20,261.641,0.04,1.5829166e-05,1.427083e-05,1.4166665e-05,7.279165e-06,1.3774999e-05,1.5254163e-05,1.4066664e-05,1.3033326e-05,1.1270833e-05,1.5716663e-05,1.3799993e-05,1.5099994e-05,1.7195829e-05,1.2274996e-05,1.6416661e-05,1.8358325e-05
5,21,261.784,0.042,1.5737494e-05,1.4183331e-05,1.4112497e-05,7.329162e-06,1.3783328e-05,1.5204159e-05,1.4108332e-05,1.3179159e-05,1.1337494e-05,1.5683334e-05,1.3733332e-05,1.5091666e-05,1.7154161e-05,1.2254159e-05,1.6429161e-05,1.8379164e-05
5,22,261.927,0.044,1.5762496e-05,1.4229163e-05,1.4095831e-05,7.245827e-06,1.3745833e-05,1.5179166e-05,1.3891665e-05,1.2974993e-05,1.1333331e-05,1.5670832e-05,1.3712493e-05,1.5058326e-05,1.7083326e-05,1.2262495e-05,1.6445827e-05,1.8291665e-05
5,23,262.07,0.046,1.5799998e-05,1.408333e-05,1.4074993e-05,7.249999e-06,1.3674999e-05,1.5099994e-05,1.3962499e-05,1.3141664e-05,1.1391664e-05,1.5620828e-05,1.3766662e-05,1.5066664e-05,1.7054161e-05,1.2258331e-05,1.6374994e-05,1.8370827e-05
5,24,262.213,0.048,1.5729165e-05,1.4216662e-05,1.3999995e-05,7.266664e-06,1.3629166e-05,1.5154163e-05,1.3874999e-05,1.2849999e-05,1.1404165e-05,1.5604162e-05,1.3704165e-05,1.4966663e-05,1.7062497e-05,1.2258331e-05,1.6366665e-05,1.8295828e-05
5,25,262.356,0.05,1.5774996e-05,1.4145828e-05,1.401666e-05,7.187494e-06,1.3637495e-05,1.5083328e-05,1.3866663e-05,1.2824997e-05,1.1454161e-05,1.5649994e-05,1.3716666e-05,1.4987492e-05,1.7016666e-05,1.2204162e-05,1.657083e-05,1.8312494e-05
5,26,262.499,0.052,1.5704163e-05,1.4129162e-05,1.3920831e-05,7.21666e-06,1.3612493e-05,1.5045825e-05,1.3883328e-05,1.2783329e-05,1.1262497e-05,1.5537493e-05,1.36875e-05,1.4933332e-05,1.7e-05,1.2241666e-05,1.6379166e-05,1.8358325e-05
5,27,262.642,0.054,1.5629164e-05,1.4099995e-05,1.3920831e-05,7.129161e-06,1.3537494e-05,1.5004166e-05,1.3824995e-05,1.2816659e-05,1.1295827e-05,1.5616662e-05,1.3758326e-05,1.4933332e-05,1.7041659e-05,1.224583e-05,1.6316661e-05,1.8212493e-05
5,28,262.785,0.056,1.5670832e-05,1.4079165e-05,1.3770827e-05,7.179165e-06,1.3516665e-05,1.4974999e-05,1.3774999e-05,1.2724996e-05,1.152916e-05,1.5587497e-05,1.3837496e-05,1.4891664e-05,1.6979162e-05,1.2145829e-05,1.6258327e-05,1.8216666e-05
5,29,262.928,0.058,1.5549993e-05,1.4124998e-05,1.3770827e-05,7.108331e-06,1.3420829e-05,1.4991665e-05,1.3758326e-05,1.2712495e-05,1.1283326e-05,1.5474994e-05,1.3770827e-05,1.4804164e-05,1.696666e-05,1.2149993e-05,1.6270827e-05,1.8137494e-05
5,30,263.072,0.06,1.5558329e-05,1.4049999e-05,1.3849997e-05,7.041661e-06,1.3487498e-05,1.4862498e-05,1.3799993e-05,1.2674999e-05,1.132083e-05,1.5399997e-05,1.3812494e-05,1.4824995e-05,1.6937494e-05,1.2237493e-05,1.6162499e-05,1.8129165e-05
5,31,263.215,0.062,1.5516662e-05,1.4145828e-05,1.3733332e-05,7.083328e-06,1.3441666e-05,1.4858325e-05,1.3791664e-05,1.2616666e-05,1.1287499e-05,1.5374993e-05,1.353333e-05,1.4904165e-05,1.6958333e-05,1.2191661e-05,1.6233333e-05,1.8162496e-05
5,32,263.358,0.064,1.5716663e-05,1.4079165e-05,1.3670826e-05,6.987492e-06,1.3333329e-05,1.4870827e-05,1.3749996e-05,1.270833e-05,1.1333331e-05,1.5416663e-05,1.3612493e-05,1.4779162e-05,1.7e-05,1.2224992e-05,1.6204167e-05,1.815416e-05
5,33,263.501,0.066,1.5474994e-05,1.3895829e-05,1.3704165e-05,6.962498e-06,1.325833e-05,1.4858325e-05,1.3783328e-05,1.260833e-05,1.1295827e-05,1.5366666e-05,1.3462496e-05,1.4699999e-05,1.6970833e-05,1.2158331e-05,1.6129159e-05,1.8012499e-05
5,34,263.644,0.068,1.5558329e-05,1.3941662e-05,1.3570825e-05,6.991665e-06,1.3262495e-05,1.4708328e-05,1.3608328e-05,1.2495828e-05,1.1258332e-05,1.537083e-05,1.3516665e-05,1.4679162e-05,1.6820828e-05,1.2237493e-05,1.6137497e-05,1.8070832e-05
5,35,263.787,0.07,1.537083e-05,1.3887493e-05,1.3724994e-05,6.958326e-06,1.3287497e-05,1.4745831e-05,1.3666661e-05,1.2545832e-05,1.1283326e-05,1.5324998e-05,1.3462496e-05,1.4620829e-05,1.6879161e-05,1.2341667e-05,1.6104166e-05,1.8037494e-05
5,36,263.93,0.072,1.5387495e-05,1.3966664e-05,1.36875e-05,7.070827e-06,1.3187496e-05,1.4691663e-05,1.3608328e-05,1.2466661e-05,1.1270833e-05,1.5354164e-05,1.3462496e-05,1.4629165e-05,1.6799999e-05,1.2241666e-05,1.6112495e-05,1.8083327e-05
5,37,264.073,0.074,1.5449992e-05,1.3937497e-05,1.3441666e-05,6.979164e-06,1.325833e-05,1.4666661e-05,1.3674999e-05,1.2441659e-05,1.1258332e-05,1.5287495e-05,1.3412499e-05,1.4641666e-05,1.6733329e-05,1.2362496e-05,1.6045833e-05,1.803333e-05
5,38,264.216,0.076,1.5391659e-05,1.3929161e-05,1.3462496e-05,6.870826e-06,1.3249994e-05,1.4570832e-05,1.36e-05,1.2391662e-05,1.1366661e-05,1.5229161e-05,1.3429165e-05,1.4587497e-05,1.6741666e-05,1.2070831e-05,1.5995829e-05,1.796666e-05
5,39,264.359,0.078,1.5329162e-05,1.3912495e-05,1.3395826e-05,6.937496e-06,1.317083e-05,1.4599998e-05,1.3508327e-05,1.2337494e-05,1.132083e-05,1.5245827e-05,1.336666e-05,1.4629165e-05,1.6725e-05,1.2054165e-05,1.6070826e-05,1.7949995e-05
5,40,264.502,0.08,1.5291658e-05,1.3824995e-05,1.3374996e-05,6.824994e-06,1.3095831e-05,1.4554159e-05,1.3541659e-05,1.2341667e-05,1.1270833e-05,1.5179166e-05,1.3404163e-05,1.4604163e-05,1.6674996e-05,1.2095833e-05,1.5945832e-05,1.7908327e-05
5,41,264.645,0.082,1.5287495e-05,1.3779163e-05,1.3358331e-05,6.912494e-06,1.3016661e-05,1.4591662e-05,1.3529166e-05,1.2287497e-05,1.1316665e-05,1.5141662e-05,1.3325e-05,1.4558331e-05,1.6666667e-05,1.2104161e-05,1.5908328e-05,1.7999999e-05
5,42,264.788,0.084,1.5283331e-05,1.3845834e-05,1.3299998e-05,6.729166e-06,1.2941662e-05,1.4433328e-05,1.3504164e-05,1.2187496e-05,1.1249996e-05,1.5174993e-05,1.327916e-05,1.4583326e-05,1.6666667e-05,1.2062494e-05,1.5887499e-05,1.7795834e-05
5,43,264.931,0.086,1.5241662e-05,1.3791664e-05,1.3224999e-05,6.779162e-06,1.2887494e-05,1.454583e-05,1.3662498e-05,1.2170832e-05,1.1229165e-05,1.5120832e-05,1.3312499e-05,1.4474996e-05,1.6629163e-05,1.2079159e-05,1.5916665e-05,1.7745828e-05
5,44,265.074,0.088,1.5241662e-05,1.3770827e-05,1.3187496e-05,6.758332e-06,1.2945827e-05,1.4425e-05,1.3549996e-05,1.2116662e-05,1.1249996e-05,1.5158327e-05,1.3374996e-05,1.4474996e-05,1.6545828e-05,1.2083332e-05,1.5883326e-05,1.7770832e-05
5,45,265.217,0.09,1.5179166e-05,1.3899994e-05,1.3179159e-05,6.720829e-06,1.2854163e-05,1.4266666e-05,1.3391662e-05,1.2108326e-05,1.1308328e-05,1.499583e-05,1.3274996e-05,1.45125e-05,1.6512497e-05,1.20375e-05,1.5849995e-05,1.7749993e-05
5,46,265.36,0.092,1.5158327e-05,1.3883328e-05,1.3108333e-05,6.691662e-06,1.2824997e-05,1.4216662e-05,1.3487498e-05,1.2099998e-05,1.13e-05,1.499583e-05,1.3129163e-05,1.445833e-05,1.6604161e-05,1.2024999e-05,1.5787498e-05,1.7762493e-05
5,47,265.503,0.094,1.5208332e-05,1.3733332e-05,1.3049992e-05,6.66666e-06,1.2820832e-05,1.4179166e-05,1.3449995e-05,1.2158331e-05,1.1316665e-05,1.4987492e-05,1.3124998e-05,1.4408326e-05,1.6520826e-05,1.2129164e-05,1.5804164e-05,1.7695833e-05
5,48,265.646,0.096,1.5124997e-05,1.3683327e-05,1.3008333e-05,6.658332e-06,1.2758326e-05,1.4174994e-05,1.3370832e-05,1.1958329e-05,1.1341659e-05,1.5016659e-05,1.3145828e-05,1.4429164e-05,1.6629163e-05,1.1995832e-05,1.5787498e-05,1.7766666e-05
5,49,265.789,0.098,1.5133333e-05,1.3629166e-05,1.2966665e-05,6.620828e-06,1.2824997e-05,1.4179166e-05,1.3266659e-05,1.2083332e-05,1.1341659e-05,1.5012495e-05,1.3124998e-05,1.4379159e-05,1.6424998e-05,1.1991659e-05,1.5749994e-05,1.77375e-05
5,50,265.932,0.1,1.5054163e-05,1.3712493e-05,1.2895831e-05,6.641666e-06,1.2674999e-05,1.4154164e-05,1.3341665e-05,1.1920825e-05,1.132083e-05,1.4983329e-05,1.3129163e-05,1.4320826e-05,1.6354163e-05,1.1958329e-05,1.592083e-05,1.7687496e-05
5,51,266.075,0.102,1.502916e-05,1.3604164e-05,1.2883329e-05,6.562495e-06,1.2687492e-05,1.4108332e-05,1.3274996e-05,1.1858328e-05,1.1449996e-05,1.4899992e-05,1.3008333e-05,1.4320826e-05,1.6420834e-05,1.1995832e-05,1.5708327e-05,1.7683331e-05
5,52,266.218,0.104,1.4941661e-05,1.3645832e-05,1.2874993e-05,6.554159e-06,1.2595829e-05,1.3999995e-05,1.3266659e-05,1.1854164e-05,1.1237494e-05,1.4933332e-05,1.3166666e-05,1.4345828e-05,1.6299995e-05,1.1999997e-05,1.5616662e-05,1.7654165e-05
5,53,266.361,0.106,1.4945833e-05,1.3545831e-05,1.2866664e-05,6.562495e-06,1.2587499e-05,1.3962499e-05,1.319166e-05,1.1829162e-05,1.1216664e-05,1.4849997e-05,1.3099996e-05,1.4245828e-05,1.6304159e-05,1.1958329e-05,1.564583e-05,1.7608332e-05
5,54,266.505,0.108,1.4954162e-05,1.3512492e-05,1.2754163e-05,6.470831e-06,1.2462497e-05,1.3904166e-05,1.3199997e-05,1.1720832e-05,1.123333e-05,1.4774998e-05,1.2999995e-05,1.4208333e-05,1.6283329e-05,1.1912497e-05,1.5587497e-05,1.7562492e-05
5,55,266.648,0.11,1.4816665e-05,1.3483325e-05,1.2745825e-05,6.466659e-06,1.2487499e-05,1.3904166e-05,1.3195832e-05,1.1679164e-05,1.1216664e-05,1.4704164e-05,1.309166e-05,1.417083e-05,1.6266664e-05,1.1954165e-05,1.5525e-05,1.7524997e-05
5,56,266.791,0.112,1.4812494e-05,1.3558332e-05,1.2674999e-05,6.437492e-06,1.2487499e-05,1.3849997e-05,1.3204161e-05,1.1712496e-05,1.1220829e-05,1.4741659e-05,1.3079167e-05,1.4120833e-05,1.6308331e-05,1.1958329e-05,1.5504162e-05,1.7512497e-05
5,57,266.934,0.114,1.4883328e-05,1.3537494e-05,1.2612494e-05,6.491661e-06,1.2462497e-05,1.374166e-05,1.3079167e-05,1.1612495e-05,1.1216664e-05,1.4695827e-05,1.2895831e-05,1.4041662e-05,1.6399996e-05,1.1891659e-05,1.5537493e-05,1.7516661e-05
5,58,267.077,0.116,1.4833331e-05,1.3429165e-05,1.252083e-05,6.379159e-06,1.2424994e-05,1.3804166e-05,1.3054164e-05,1.162916e-05,1.1220829e-05,1.4683326e-05,1.2870828e-05,1.4054163e-05,1.6333326e-05,1.1916662e-05,1.547916e-05,1.7437498e-05
5,59,267.22,0.118,1.4854161e-05,1.336666e-05,1.2612494e-05,6.374995e-06,1.2329165e-05,1.3745833e-05,1.300416e-05,1.1541661e-05,1.1237494e-05,1.4637494e-05,1.2858327e-05,1.4029161e-05,1.62625e-05,1.1904161e-05,1.5504162e-05,1.7395831e-05
5,60,267.363,0.12,1.4699999e-05,1.3320828e-05,1.2441659e-05,6.362494e-06,1.2291662e-05,1.3683327e-05,1.2979166e-05,1.1558326e-05,1.1237494e-05,1.4595827e-05,1.2808331e-05,1.3974993e-05,1.6074999e-05,1.1899996e-05,1.5412497e-05,1.7374992e-05
5,61,267.506,0.122,1.4683326e-05,1.3270831e-05,1.2670827e-05,6.295832e-06,1.224583e-05,1.3604164e-05,1.3041663e-05,1.152083e-05,1.1195826e-05,1.46125e-05,1.2791666e-05,1.4004159e-05,1.610833e-05,1.1854164e-05,1.5454165e-05,1.740416e-05
5,62,267.649,0.124,1.4637494e-05,1.325833e-05,1.2595829e-05,6.308325e-06,1.2170832e-05,1.3595827e-05,1.2974993e-05,1.1404165e-05,1.1204163e-05,1.4604163e-05,1.272916e-05,1.3924996e-05,1.6024995e-05,1.2024999e-05,1.5437499e-05,1.741666e-05
5,63,267.792,0.126,1.4645831e-05,1.3349994e-05,1.2399999e-05,6.345828e-06,1.2137492e-05,1.3516665e-05,1.2899995e-05,1.1404165e-05,1.1245831e-05,1.4720829e-05,1.2737497e-05,1.3933332e-05,1.5991664e-05,1.1795831e-05,1.5408334e-05,1.7320832e-05
5,64,267.935,0.128,1.4616664e-05,1.3220827e-05,1.2287497e-05,6.283331e-06,1.226666e-05,1.3529166e-05,1.2895831e-05,1.1304164e-05,1.1191662e-05,1.4433328e-05,1.2683328e-05,1.3833332e-05,1.5962498e-05,1.1912497e-05,1.5341664e-05,1.7499995e-05
5,65,268.078,0.13,1.4645831e-05,1.3204161e-05,1.2237493e-05,6.141663e-06,1.2074995e-05,1.3583326e-05,1.2874993e-05,1.1308328e-05,1.1229165e-05,1.4429164e-05,1.2741662e-05,1.3874999e-05,1.5945832e-05,1.1816661e-05,1.5437499e-05,1.7212495e-05
5,66,268.221,0.132,1.454583e-05,1.3174995e-05,1.2204162e-05,6.162492e-06,1.1974995e-05,1.3349994e-05,1.2874993e-05,1.1283326e-05,1.1104163e-05,1.447916e-05,1.2595829e-05,1.3824995e-05,1.592083e-05,1.1820833e-05,1.5208332e-05,1.7316659e-05
5,67,268.364,0.134,1.4520828e-05,1.3183331e-05,1.2158331e-05,6.141663e-06,1.2033327e-05,1.3474997e-05,1.2891666e-05,1.1229165e-05,1.1158331e-05,1.4387496e-05,1.254166e-05,1.3816659e-05,1.5874997e-05,1.1812496e-05,1.5179166e-05,1.7220831e-05
5,68,268.507,0.136,1.4504162e-05,1.3133327e-05,1.209166e-05,6.124997e-06,1.1887495e-05,1.3220827e-05,1.2833333e-05,1.1120828e-05,1.1141666e-05,1.4379159e-05,1.2583328e-05,1.3812494e-05,1.5841659e-05,1.1791666e-05,1.5183329e-05,1.7062497e-05
5,69,268.65,0.138,1.4441665e-05,1.3195832e-05,1.2049993e-05,6.124997e-06,1.1820833e-05,1.317083e-05,1.2837498e-05,1.114583e-05,1.1141666e-05,1.4274994e-05,1.2570827e-05,1.3674999e-05,1.5816664e-05,1.1704159e-05,1.511666e-05,1.7095828e-05
5,70,268.793,0.14,1.4333327e-05,1.3245829e-05,1.1979158e-05,6.074993e-06,1.1820833e-05,1.3199997e-05,1.2699993e-05,1.1083333e-05,1.116666e-05,1.4245828e-05,1.2499992e-05,1.3658333e-05,1.5845832e-05,1.1737498e-05,1.5041661e-05,1.7112494e-05
5,71,268.936,0.142,1.435833e-05,1.3120826e-05,1.1958329e-05,6.079165e-06,1.1812496e-05,1.3149993e-05,1.2774992e-05,1.1008327e-05,1.116666e-05,1.4258329e-05,1.2458332e-05,1.3624994e-05,1.5770833e-05,1.1749999e-05,1.5054163e-05,1.7095828e-05
5,72,269.079,0.144,1.4387496e-05,1.3074994e-05,1.1941664e-05,6.079165e-06,1.1729161e-05,1.3095831e-05,1.2691665e-05,1.1129165e-05,1.1204163e-05,1.4266666e-05,1.245416e-05,1.3674999e-05,1.5708327e-05,1.1737498e-05,1.5045825e-05,1.7058333e-05
5,73,269.222,0.146,1.4329164e-05,1.3208326e-05,1.1866665e-05,5.999994e-06,1.1687493e-05,1.3049992e-05,1.2645833e-05,1.1024999e-05,1.1104163e-05,1.4237499e-05,1.2416665e-05,1.3541659e-05,1.5662496e-05,1.1754163e-05,1.4999993e-05,1.7016666e-05
5,74,269.365,0.148,1.429166e-05,1.3079167e-05,1.1791666e-05,5.979165e-06,1.1658327e-05,1.2999995e-05,1.2595829e-05,1.0904161e-05,1.1216664e-05,1.4162492e-05,1.2395827e-05,1.3574998e-05,1.5662496e-05,1.1691665e-05,1.4945833e-05,1.7066661e-05
5,75,269.508,0.15,1.4258329e-05,1.2991659e-05,1.1787494e-05,5.954162e-06,1.1595829e-05,1.2954163e-05,1.2537495e-05,1.0833327e-05,1.1208328e-05,1.4133327e-05,1.2370832e-05,1.3520829e-05,1.5558329e-05,1.1674992e-05,1.4974999e-05,1.7012493e-05
5,76,269.651,0.152,1.4187495e-05,1.2908332e-05,1.1649998e-05,5.962499e-06,1.1537496e-05,1.2945827e-05,1.2570827e-05,1.080416e-05,1.1116664e-05,1.4133327e-05,1.2399999e-05,1.3454159e-05,1.5562495e-05,1.1679164e-05,1.4874999e-05,1.6891663e-05
5,77,269.794,0.154,1.4183331e-05,1.2879165e-05,1.1620831e-05,5.891665e-06,1.152916e-05,1.28625e-05,1.2483327e-05,1.0770829e-05,1.1079161e-05,1.4095831e-05,1.2362496e-05,1.3487498e-05,1.5541666e-05,1.1691665e-05,1.4854161e-05,1.6933331e-05
5,78,269.937,0.156,1.4166665e-05,1.2883329e-05,1.1637497e-05,5.937497e-06,1.1487492e-05,1.2816659e-05,1.2470826e-05,1.0729162e-05,1.1049994e-05,1.3983329e-05,1.2258331e-05,1.3545831e-05,1.5595826e-05,1.1616659e-05,1.4804164e-05,1.6862496e-05
5,79,270.081,0.158,1.408333e-05,1.3012496e-05,1.1575e-05,5.883328e-06,1.1374998e-05,1.2737497e-05,1.2458332e-05,1.0666665e-05,1.1083333e-05,1.3941662e-05,1.2308327e-05,1.3399998e-05,1.5633328e-05,1.1604166e-05,1.475416e-05,1.683333e-05
5,80,270.224,0.16,1.4037498e-05,1.2824997e-05,1.1566663e-05,5.804165e-06,1.1345832e-05,1.2770827e-05,1.2395827e-05,1.0662492e-05,1.1083333e-05,1.391666e-05,1.2129164e-05,1.3333329e-05,1.5516662e-05,1.1637497e-05,1.4783327e-05,1.684583e-05
5,81,270.367,0.162,1.4004159e-05,1.2712495e-05,1.1487492e-05,5.845833e-06,1.1366661e-05,1.2687492e-05,1.2374997e-05,1.0612495e-05,1.1054166e-05,1.3879164e-05,1.2066666e-05,1.3462496e-05,1.5520827e-05,1.1562498e-05,1.4737495e-05,1.6808328e-05
5,82,270.51,0.164,1.3962499e-05,1.2716659e-05,1.1358333e-05,5.783327e-06,1.1258332e-05,1.2658325e-05,1.2304163e-05,1.0604159e-05,1.104583e-05,1.3866663e-05,1.2104161e-05,1.3437494e-05,1.5429163e-05,1.1624996e-05,1.4687498e-05,1.6808328e-05
5,83,270.653,0.166,1.3933332e-05,1.2654162e-05,1.1437495e-05,5.745832e-06,1.123333e-05,1.2595829e-05,1.234583e-05,1.0499994e-05,1.1037493e-05,1.3799993e-05,1.205833e-05,1.317083e-05,1.5320826e-05,1.1595829e-05,1.4608328e-05,1.6670831e-05
5,84,270.796,0.168,1.3883328e-05,1.2629159e-05,1.1524995e-05,5.779163e-06,1.1154159e-05,1.2470826e-05,1.2399999e-05,1.0454162e-05,1.1099998e-05,1.3812494e-05,1.2074995e-05,1.3174995e-05,1.5333326e-05,1.1633332e-05,1.4666661e-05,1.6691662e-05
5,85,270.939,0.17,1.3874999e-05,1.2574998e-05,1.1437495e-05,5.724994e-06,1.1137494e-05,1.2458332e-05,1.2270832e-05,1.0399994e-05,1.1058331e-05,1.3754161e-05,1.2020826e-05,1.3099996e-05,1.5287495e-05,1.1487492e-05,1.4599998e-05,1.6704162e-05
5,86,271.082,0.172,1.3879164e-05,1.2574998e-05,1.1191662e-05,5.65416e-06,1.1124992e-05,1.2449996e-05,1.2174995e-05,1.040833e-05,1.1041665e-05,1.3745833e-05,1.1954165e-05,1.3145828e-05,1.5212496e-05,1.1541661e-05,1.4724994e-05,1.6633328e-05
5,87,271.225,0.174,1.3816659e-05,1.2508329e-05,1.1179161e-05,5.608328e-06,1.1049994e-05,1.2370832e-05,1.2195826e-05,1.0362498e-05,1.0991661e-05,1.3729159e-05,1.1929163e-05,1.3112497e-05,1.5187494e-05,1.1495828e-05,1.456666e-05,1.667916e-05
5,88,271.368,0.176,1.3799993e-05,1.2504164e-05,1.1112499e-05,5.695828e-06,1.1129165e-05,1.23125e-05,1.217916e-05,1.0224994e-05,1.1037493e-05,1.3670826e-05,1.1924998e-05,1.3079167e-05,1.5199995e-05,1.1479163e-05,1.46125e-05,1.6549993e-05
5,89,271.511,0.178,1.3724994e-05,1.252083e-05,1.1041665e-05,5.549995e-06,1.1020828e-05,1.2241666e-05,1.2104161e-05,1.0262497e-05,1.0991661e-05,1.3637495e-05,1.1895831e-05,1.3058328e-05,1.5149999e-05,1.1466662e-05,1.4520828e-05,1.6487495e-05
5,90,271.654,0.18,1.3708329e-05,1.2487499e-05,1.1008327e-05,5.616665e-06,1.1012498e-05,1.2429166e-05,1.2141665e-05,1.0158332e-05,1.0920827e-05,1.3595827e-05,1.1854164e-05,1.3008333e-05,1.5112495e-05,1.1491664e-05,1.4416662e-05,1.6541664e-05
5,91,271.797,0.182,1.3674999e-05,1.2474998e-05,1.0945829e-05,5.549995e-06,1.0816661e-05,1.2237493e-05,1.200416e-05,1.0099999e-05,1.1012498e-05,1.3545831e-05,1.1795831e-05,1.2979166e-05,1.5091666e-05,1.1458325e-05,1.4379159e-05,1.6529162e-05
5,92,271.94,0.184,1.362083e-05,1.2479162e-05,1.0920827e-05,5.512492e-06,1.075e-05,1.2333329e-05,1.2112499e-05,1.0129165e-05,1.0974995e-05,1.3537494e-05,1.1766664e-05,1.2933326e-05,1.5020832e-05,1.1416666e-05,1.4295832e-05,1.6487495e-05
5,93,272.083,0.186,1.3587499e-05,1.2404163e-05,1.0841663e-05,5.474997e-06,1.0716661e-05,1.2070831e-05,1.209166e-05,9.995826e-06,1.0924999e-05,1.3483325e-05,1.1708331e-05,1.2787493e-05,1.4979164e-05,1.1391664e-05,1.4308325e-05,1.6329161e-05
5,94,272.226,0.188,1.3674999e-05,1.2383326e-05,1.0833327e-05,5.462496e-06,1.0699995e-05,1.2012498e-05,1.2012498e-05,1.004583e-05,1.0904161e-05,1.346666e-05,1.1620831e-05,1.2895831e-05,1.5066664e-05,1.1399992e-05,1.427083e-05,1.639583e-05
5,95,272.369,0.19,1.3549996e-05,1.2362496e-05,1.0745827e-05,5.416663e-06,1.0629161e-05,1.1962493e-05,1.2125e-05,9.999999e-06,1.1029164e-05,1.3404163e-05,1.1691665e-05,1.2745825e-05,1.499583e-05,1.1399992e-05,1.420416e-05,1.6283329e-05
5,96,272.512,0.192,1.3424992e-05,1.2370832e-05,1.0662492e-05,5.412499e-06,1.061666e-05,1.1945828e-05,1.1816661e-05,9.983333e-06,1.1020828e-05,1.3387497e-05,1.1645826e-05,1.2808331e-05,1.4929159e-05,1.1366661e-05,1.420416e-05,1.6295831e-05
5,97,272.655,0.194,1.3529166e-05,1.23125e-05,1.0691659e-05,5.366659e-06,1.0608332e-05,1.1858328e-05,1.1766664e-05,9.837492e-06,1.1124992e-05,1.334583e-05,1.1554162e-05,1.2683328e-05,1.4845832e-05,1.1374998e-05,1.4154164e-05,1.6291666e-05
5,98,272.798,0.196,1.3462496e-05,1.226666e-05,1.061666e-05,5.354166e-06,1.0504166e-05,1.178333e-05,1.1779165e-05,1.00125e-05,1.1012498e-05,1.3274996e-05,1.1549997e-05,1.2658325e-05,1.4816665e-05,1.1312492e-05,1.4141663e-05,1.622916e-05
5,99,272.941,0.198,1.3429165e-05,1.2320828e-05,1.052916e-05,5.433329e-06,1.0458326e-05,1.1762492e-05,1.178333e-05,9.770831e-06,1.1029164e-05,1.3416664e-05,1.1558326e-05,1.2645833e-05,1.4808329e-05,1.1341659e-05,1.4199996e-05,1.622916e-05
5,100,273.084,0.2,1.3341665e-05,1.2174995e-05,1.0566664e-05,5.287496e-06,1.0429159e-05,1.1658327e-05,1.1774993e-05,9.716662e-06,1.0908326e-05,1.317083e-05,1.1549997e-05,1.2604165e-05,1.4837496e-05,1.1304164e-05,1.4037498e-05,1.6208331e-05
5,101,273.227,0.202,1.3349994e-05,1.2191661e-05,1.0483329e-05,5.299997e-06,1.0337496e-05,1.169583e-05,1.1666663e-05,9.687496e-06,1.0816661e-05,1.3233328e-05,1.1549997e-05,1.252083e-05,1.4745831e-05,1.1329166e-05,1.3970828e-05,1.6116659e-05
5,102,273.37,0.204,1.3374996e-05,1.2045829e-05,1.0404166e-05,5.249993e-06,1.0362498e-05,1.1604166e-05,1.1612495e-05,9.641663e-06,1.0874995e-05,1.3158329e-05,1.1624996e-05,1.252083e-05,1.4691663e-05,1.1304164e-05,1.3974993e-05,1.6141661e-05
5,103,273.514,0.206,1.3187496e-05,1.2041664e-05,1.032916e-05,5.25833e-06,1.0287499e-05,1.1558326e-05,1.1624996e-05,9.599996e-06,1.0849993e-05,1.3133327e-05,1.152083e-05,1.2612494e-05,1.4720829e-05,1.1270833e-05,1.3991666e-05,1.6158327e-05
5,104,273.657,0.208,1.336666e-05,1.2041664e-05,1.0270826e-05,5.141664e-06,1.0191663e-05,1.1499993e-05,1.1587493e-05,9.645828e-06,1.0874995e-05,1.298333e-05,1.1295827e-05,1.252083e-05,1.4683326e-05,1.1254159e-05,1.3937497e-05,1.6029158e-05
5,105,273.8,0.21,1.3295826e-05,1.2024999e-05,1.0266662e-05,5.141664e-06,1.0187498e-05,1.144166e-05,1.1641661e-05,9.520832e-06,1.0916662e-05,1.3012496e-05,1.1287499e-05,1.2379161e-05,1.4662496e-05,1.1224993e-05,1.3862498e-05,1.6070826e-05
5,106,273.943,0.212,1.3212498e-05,1.1920825e-05,1.0204164e-05,5.124998e-06,1.0104163e-05,1.1412493e-05,1.1612495e-05,9.487494e-06,1.0845828e-05,1.3008333e-05,1.1283326e-05,1.2370832e-05,1.4624993e-05,1.1237494e-05,1.3824995e-05,1.5991664e-05
5,107,274.086,0.214,1.3299998e-05,1.2129164e-05,1.0312494e-05,5.108333e-06,1.0124993e-05,1.1283326e-05,1.1479163e-05,9.462499e-06,1.0908326e-05,1.2933326e-05,1.1229165e-05,1.2274996e-05,1.4649995e-05,1.1212492e-05,1.3762497e-05,1.594166e-05
5,108,274.229,0.216,1.2954163e-05,1.2045829e-05,1.0091662e-05,5.095832e-06,1.0049995e-05,1.13e-05,1.1474999e-05,9.30833e-06,1.0970831e-05,1.2854163e-05,1.1212492e-05,1.2212499e-05,1.4437493e-05,1.1137494e-05,1.3737495e-05,1.5866661e-05
5,109,274.372,0.218,1.2999995e-05,1.1824997e-05,1.013333e-05,5.062493e-06,9.95833e-06,1.1216664e-05,1.1412493e-05,9.374992e-06,1.0816661e-05,1.2849999e-05,1.1133329e-05,1.2241666e-05,1.4412499e-05,1.1245831e-05,1.3699992e-05,1.5874997e-05
5,110,274.515,0.22,1.291666e-05,1.178333e-05,1.0199992e-05,5.041663e-06,9.987497e-06,1.1154159e-05,1.1379162e-05,9.287493e-06,1.0854164e-05,1.279583e-05,1.1112499e-05,1.217916e-05,1.4354166e-05,1.1199999e-05,1.3712493e-05,1.5770833e-05
5,111,274.658,0.222,1.2924997e-05,1.1762492e-05,9.941666e-06,5.008332e-06,9.854166e-06,1.1099998e-05,1.1379162e-05,9.254161e-06,1.0770829e-05,1.2766664e-05,1.1099998e-05,1.2149993e-05,1.4370831e-05,1.1291663e-05,1.3670826e-05,1.5862497e-05
5,112,274.801,0.224,1.2837498e-05,1.1708331e-05,9.862494e-06,5.012496e-06,9.920827e-06,1.104583e-05,1.1254159e-05,9.137495e-06,1.0758328e-05,1.2758326e-05,1.1041665e-05,1.2120827e-05,1.4345828e-05,1.1062495e-05,1.362083e-05,1.5674996e-05
5,113,274.944,0.226,1.2924997e-05,1.1683329e-05,9.816663e-06,4.929161e-06,9.762493e-06,1.1054166e-05,1.1283326e-05,9.14166e-06,1.0745827e-05,1.2733332e-05,1.1033329e-05,1.2070831e-05,1.429166e-05,1.106666e-05,1.3504164e-05,1.5695827e-05
5,114,275.087,0.228,1.2816659e-05,1.1645826e-05,9.774994e-06,4.854162e-06,9.87916e-06,1.1033329e-05,1.123333e-05,9.095827e-06,1.0841663e-05,1.2654162e-05,1.0954165e-05,1.2041664e-05,1.4208333e-05,1.1104163e-05,1.3491663e-05,1.5679161e-05
5,115,275.23,0.23,1.2883329e-05,1.1637497e-05,9.762493e-06,4.854162e-06,9.662493e-06,1.0920827e-05,1.1179161e-05,9.033331e-06,1.0729162e-05,1.2591664e-05,1.0899997e-05,1.1983331e-05,1.4224998e-05,1.1070832e-05,1.3404163e-05,1.5695827e-05
5,116,275.373,0.232,1.28625e-05,1.1566663e-05,9.687496e-06,4.833333e-06,9.595831e-06,1.1029164e-05,1.1179161e-05,8.999999e-06,1.0808333e-05,1.2516665e-05,1.0895832e-05,1.1974995e-05,1.4145828e-05,1.1083333e-05,1.3374996e-05,1.5562495e-05
5,117,275.516,0.234,1.2812495e-05,1.1649998e-05,9.624998e-06,4.82916e-06,9.645828e-06,1.0874995e-05,1.1174997e-05,8.954159e-06,1.0787495e-05,1.2470826e-05,1.0845828e-05,1.188333e-05,1.4120833e-05,1.1029164e-05,1.3316663e-05,1.5558329e-05
5,118,275.659,0.236,1.2758326e-05,1.1537496e-05,9.537498e-06,4.816659e-06,9.512496e-06,1.0720825e-05,1.1254159e-05,8.920829e-06,1.0724997e-05,1.2470826e-05,1.0845828e-05,1.1870829e-05,1.4108332e-05,1.1012498e-05,1.3325e-05,1.5474994e-05
5,119,275.802,0.238,1.252083e-05,1.1437495e-05,9.537498e-06,4.79583e-06,9.529162e-06,1.0708332e-05,1.1141666e-05,8.829164e-06,1.0745827e-05,1.2441659e-05,1.0745827e-05,1.1858328e-05,1.4041662e-05,1.0995833e-05,1.3291661e-05,1.547083e-05
5,120,275.945,0.24,1.2437495e-05,1.1449996e-05,9.487494e-06,4.762499e-06,9.420832e-06,1.061666e-05,1.0949993e-05,8.77916e-06,1.0691659e-05,1.2358331e-05,1.0716661e-05,1.1724997e-05,1.3983329e-05,1.0970831e-05,1.3208326e-05,1.5424999e-05
5,121,276.088,0.242,1.2416665e-05,1.1458325e-05,9.479165e-06,4.70833e-06,9.358327e-06,1.0591666e-05,1.1037493e-05,8.870832e-06,1.0774994e-05,1.2387498e-05,1.0670828e-05,1.1749999e-05,1.391666e-05,1.0933328e-05,1.3179159e-05,1.5416663e-05
5,122,276.231,0.244,1.2416665e-05,1.1399992e-05,9.374992e-06,4.716659e-06,9.341661e-06,1.0537497e-05,1.0849993e-05,8.687496e-06,1.0666665e-05,1.234583e-05,1.0604159e-05,1.169583e-05,1.3879164e-05,1.0916662e-05,1.3120826e-05,1.5320826e-05
5,123,276.374,0.246,1.2383326e-05,1.1245831e-05,9.320831e-06,4.704165e-06,9.283328e-06,1.0524996e-05,1.0829162e-05,8.608326e-06,1.0658327e-05,1.2304163e-05,1.0591666e-05,1.1649998e-05,1.3849997e-05,1.0999997e-05,1.3087495e-05,1.5345828e-05
5,124,276.517,0.248,1.2358331e-05,1.1345832e-05,9.24166e-06,4.633331e-06,9.233332e-06,1.0412495e-05,1.0837499e-05,8.566665e-06,1.0799996e-05,1.226666e-05,1.0558327e-05,1.1612495e-05,1.3887493e-05,1.0954165e-05,1.3045827e-05,1.5283331e-05
5,125,276.66,0.25,1.2324993e-05,1.1408329e-05,9.245833e-06,4.591664e-06,9.149996e-06,1.0341661e-05,1.0841663e-05,8.554164e-06,1.0604159e-05,1.2379161e-05,1.0645826e-05,1.1562498e-05,1.3845834e-05,1.0941664e-05,1.3016661e-05,1.5254163e-05
5,126,276.803,0.252,1.2216663e-05,1.1212492e-05,9.108328e-06,4.537495e-06,9.145832e-06,1.0274998e-05,1.0708332e-05,8.495832e-06,1.0608332e-05,1.2141665e-05,1.0479164e-05,1.1537496e-05,1.3766662e-05,1.0854164e-05,1.2987494e-05,1.5291658e-05
5,127,276.946,0.254,1.234583e-05,1.1158331e-05,9.074998e-06,4.599992e-06,9.066661e-06,1.0245832e-05,1.0654163e-05,8.445827e-06,1.0620833e-05,1.2162494e-05,1.0516659e-05,1.142083e-05,1.3679162e-05,1.080416e-05,1.2874993e-05,1.5212496e-05
5,128,277.09,0.256,1.2324993e-05,1.1116664e-05,9.091664e-06,4.487499e-06,9.008329e-06,1.0174997e-05,1.0649999e-05,8.399995e-06,1.0633325e-05,1.1958329e-05,1.0474992e-05,1.1466662e-05,1.3670826e-05,1.0841663e-05,1.2895831e-05,1.5149999e-05
5,129,277.233,0.258,1.2299998e-05,1.1087497e-05,8.924992e-06,4.445831e-06,8.999999e-06,1.0108328e-05,1.0608332e-05,8.333325e-06,1.0620833e-05,1.2008325e-05,1.032916e-05,1.1362497e-05,1.3733332e-05,1.0816661e-05,1.2841661e-05,1.5112495e-05
5,130,277.376,0.26,1.2033327e-05,1.116666e-05,8.979162e-06,4.512493e-06,8.945831e-06,1.0058331e-05,1.0533333e-05,8.31666e-06,1.0620833e-05,1.1979158e-05,1.0299993e-05,1.1333331e-05,1.3608328e-05,1.0791659e-05,1.2745825e-05,1.5041661e-05
5,131,277.519,0.262,1.2174995e-05,1.1079161e-05,8.920829e-06,4.404164e-06,8.870832e-06,9.974996e-06,1.049583e-05,8.270827e-06,1.0620833e-05,1.1916662e-05,1.0270826e-05,1.1341659e-05,1.3779163e-05,1.0729162e-05,1.2695829e-05,1.5054163e-05
5,132,277.662,0.264,1.1958329e-05,1.0987496e-05,8.816663e-06,4.408328e-06,8.820828e-06,9.945829e-06,1.0454162e-05,8.245825e-06,1.0566664e-05,1.1891659e-05,1.0237495e-05,1.123333e-05,1.3470833e-05,1.0845828e-05,1.272916e-05,1.4966663e-05
5,133,277.805,0.266,1.1937499e-05,1.0966659e-05,8.874997e-06,4.379161e-06,8.787497e-06,9.904162e-06,1.0479164e-05,8.141661e-06,1.0570828e-05,1.1808332e-05,1.0204164e-05,1.1191662e-05,1.3416664e-05,1.0745827e-05,1.2691665e-05,1.4979164e-05
5,134,277.948,0.268,1.1862493e-05,1.0854164e-05,8.858331e-06,4.34583e-06,8.762495e-06,9.887497e-06,1.0362498e-05,8.12916e-06,1.0549998e-05,1.1799995e-05,1.0170826e-05,1.1149995e-05,1.3387497e-05,1.0695831e-05,1.2841661e-05,1.4958326e-05
5,135,278.091,0.27,1.1874994e-05,1.080416e-05,8.695833e-06,4.416665e-06,8.691661e-06,9.816663e-06,1.0404166e-05,8.087492e-06,1.0587493e-05,1.1762492e-05,1.0087498e-05,1.1074996e-05,1.3370832e-05,1.0674993e-05,1.2545832e-05,1.4924995e-05
5,136,278.234,0.272,1.1787494e-05,1.078333e-05,8.608326e-06,4.34583e-06,8.637492e-06,9.762493e-06,1.0337496e-05,8.066662e-06,1.0554163e-05,1.1737498e-05,1.004583e-05,1.1037493e-05,1.3320828e-05,1.0654163e-05,1.2583328e-05,1.4912494e-05
5,137,278.377,0.274,1.1762492e-05,1.0770829e-05,8.520826e-06,4.341666e-06,8.729164e-06,9.704161e-06,1.0229166e-05,8.037496e-06,1.0554163e-05,1.1712496e-05,1.00125e-05,1.1004162e-05,1.3295826e-05,1.0666665e-05,1.2420829e-05,1.4779162e-05
5,138,278.52,0.276,1.180416e-05,1.0691659e-05,8.549992e-06,4.254158e-06,8.604161e-06,9.641663e-06,1.022083e-05,7.924994e-06,1.0549998e-05,1.1604166e-05,9.929165e-06,1.1020828e-05,1.3266659e-05,1.0670828e-05,1.2404163e-05,1.4895829e-05
5,139,278.663,0.278,1.1808332e-05,1.0695831e-05,8.458328e-06,4.216663e-06,8.654165e-06,9.620825e-06,1.0224994e-05,7.879162e-06,1.052916e-05,1.1562498e-05,9.995826e-06,1.0904161e-05,1.3199997e-05,1.0633325e-05,1.2404163e-05,1.4637494e-05
5,140,278.806,0.28,1.1824997e-05,1.0620833e-05,8.433326e-06,4.195825e-06,8.420833e-06,9.516661e-06,1.0199992e-05,7.874997e-06,1.0454162e-05,1.1524995e-05,9.841665e-06,1.089166e-05,1.317083e-05,1.0654163e-05,1.2370832e-05,1.4629165e-05
5,141,278.949,0.282,1.1754163e-05,1.058333e-05,8.349999e-06,4.17916e-06,8.404159e-06,9.537498e-06,1.0191663e-05,7.762495e-06,1.0516659e-05,1.1404165e-05,9.849993e-06,1.0808333e-05,1.3108333e-05,1.0566664e-05,1.2258331e-05,1.4541666e-05
5,142,279.092,0.284,1.1545833e-05,1.0562499e-05,8.283329e-06,4.162494e-06,8.304159e-06,9.41666e-06,1.0166661e-05,7.749994e-06,1.049583e-05,1.1383327e-05,9.783332e-06,1.080416e-05,1.3008333e-05,1.0562499e-05,1.2241666e-05,1.4487497e-05
5,143,279.235,0.286,1.171666e-05,1.0624997e-05,8.274992e-06,4.108326e-06,8.29583e-06,9.391665e-06,1.0083326e-05,7.749994e-06,1.0479164e-05,1.1370826e-05,9.766666e-06,1.0654163e-05,1.3062493e-05,1.0545826e-05,1.2158331e-05,1.4537493e-05
5,144,279.378,0.288,1.1562498e-05,1.0424996e-05,8.216659e-06,4.070831e-06,8.237497e-06,9.304166e-06,9.929165e-06,7.704162e-06,1.0499994e-05,1.1308328e-05,9.741664e-06,1.070416e-05,1.2987494e-05,1.0570828e-05,1.2137492e-05,1.447916e-05
5,145,279.521,0.29,1.1479163e-05,1.0604159e-05,8.187492e-06,4.054165e-06,8.187492e-06,9.266662e-06,1.013333e-05,7.587496e-06,1.0462499e-05,1.126666e-05,9.649992e-06,1.0670828e-05,1.291666e-05,1.0487493e-05,1.2074995e-05,1.4470832e-05
5,146,279.664,0.292,1.1333331e-05,1.0387492e-05,8.10833e-06,4.024998e-06,8.183329e-06,9.22083e-06,9.866659e-06,7.462494e-06,1.0566664e-05,1.1245831e-05,9.637499e-06,1.0554163e-05,1.2949999e-05,1.0483329e-05,1.2049993e-05,1.4466659e-05
5,147,279.807,0.294,1.1279162e-05,1.0291664e-05,8.099993e-06,4.033327e-06,8.054161e-06,9.158325e-06,9.812498e-06,7.508326e-06,1.0508331e-05,1.1245831e-05,9.608332e-06,1.052916e-05,1.2899995e-05,1.0433332e-05,1.2016662e-05,1.4470832e-05
5,148,279.95,0.296,1.1191662e-05,1.0399994e-05,8.008329e-06,3.987495e-06,8.079163e-06,9.087499e-06,9.816663e-06,7.399996e-06,1.0391665e-05,1.123333e-05,9.570829e-06,1.0499994e-05,1.2858327e-05,1.0429159e-05,1.1933326e-05,1.4408326e-05
5,149,280.093,0.298,1.1195826e-05,1.0258333e-05,7.904164e-06,3.929162e-06,7.970826e-06,9.05416e-06,9.754165e-06,7.391659e-06,1.0362498e-05,1.1137494e-05,9.474993e-06,1.0412495e-05,1.2824997e-05,1.0416658e-05,1.1874994e-05,1.4333327e-05
5,150,280.236,0.3,1.1304164e-05,1.0216665e-05,7.949996e-06,3.937499e-06,7.970826e-06,9.02083e-06,9.699997e-06,7.366665e-06,1.0370827e-05,1.1008327e-05,9.545827e-06,1.0420831e-05,1.2766664e-05,1.0374999e-05,1.1954165e-05,1.4258329e-05
5,151,280.379,0.302,1.1129165e-05,1.0224994e-05,7.895827e-06,3.895831e-06,7.949996e-06,8.974997e-06,9.649992e-06,7.324998e-06,1.0445825e-05,1.0937492e-05,9.458327e-06,1.0337496e-05,1.2658325e-05,1.0424996e-05,1.178333e-05,1.4245828e-05
5,152,280.523,0.304,1.1220829e-05,1.0112492e-05,7.808328e-06,3.833326e-06,7.870825e-06,8.912491e-06,9.60416e-06,7.30416e-06,1.0333331e-05,1.0916662e-05,9.516661e-06,1.0295828e-05,1.2629159e-05,1.0387492e-05,1.1816661e-05,1.4191659e-05
5,153,280.666,0.306,1.0954165e-05,1.0054159e-05,7.783326e-06,3.849999e-06,7.754159e-06,8.816663e-06,9.60416e-06,7.21666e-06,1.0345832e-05,1.0862494e-05,9.358327e-06,1.0199992e-05,1.2616666e-05,1.0366663e-05,1.169583e-05,1.4112497e-05
5,154,280.809,0.308,1.1162496e-05,1.0029165e-05,7.749994e-06,3.79583e-06,7.67916e-06,8.754166e-06,9.449998e-06,7.249999e-06,1.0354162e-05,1.0820826e-05,9.204166e-06,1.0195828e-05,1.2583328e-05,1.0316666e-05,1.1724997e-05,1.415e-05
5,155,280.952,0.31,1.0833327e-05,9.929165e-06,7.716663e-06,3.791666e-06,7.670832e-06,8.695833e-06,9.454163e-06,7.129161e-06,1.0291664e-05,1.0808333e-05,9.216667e-06,1.0095827e-05,1.2554161e-05,1.0349997e-05,1.1612495e-05,1.4062492e-05
5,156,281.095,0.312,1.0770829e-05,9.970832e-06,7.629164e-06,3.774993e-06,7.624992e-06,8.737493e-06,9.454163e-06,7.049998e-06,1.0291664e-05,1.0754164e-05,9.149996e-06,1.0029165e-05,1.2508329e-05,1.0358325e-05,1.1562498e-05,1.3999995e-05
5,157,281.238,0.314,1.0795831e-05,9.845829e-06,7.720828e-06,3.745826e-06,7.616663e-06,8.649993e-06,9.358327e-06,6.995829e-06,1.0233331e-05,1.070416e-05,9.095827e-06,9.999999e-06,1.2316664e-05,1.0404166e-05,1.1462498e-05,1.3945826e-05
5,158,281.381,0.316,1.075e-05,9.920827e-06,7.487496e-06,3.712495e-06,7.574995e-06,8.587495e-06,9.387493e-06,6.949997e-06,1.0254161e-05,1.0612495e-05,9.087499e-06,9.949994e-06,1.2358331e-05,1.0337496e-05,1.1454161e-05,1.3970828e-05
5,159,281.524,0.318,1.0708332e-05,9.954158e-06,7.437499e-06,3.704158e-06,7.508326e-06,8.545828e-06,9.320831e-06,6.999993e-06,1.0287499e-05,1.061666e-05,9.016665e-06,9.937493e-06,1.2299998e-05,1.0445825e-05,1.144166e-05,1.3912495e-05
5,160,281.667,0.32,1.0662492e-05,9.816663e-06,7.374994e-06,3.704158e-06,7.516662e-06,8.462493e-06,9.212494e-06,6.8875e-06,1.0199992e-05,1.0512495e-05,9.004164e-06,9.924992e-06,1.224583e-05,1.0224994e-05,1.1429159e-05,1.3845834e-05
5,161,281.81,0.322,1.0574992e-05,9.770831e-06,7.30416e-06,3.704158e-06,7.495833e-06,8.433326e-06,9.145832e-06,6.82083e-06,1.0224994e-05,1.049583e-05,8.941666e-06,9.920827e-06,1.2191661e-05,1.0195828e-05,1.1424994e-05,1.3962499e-05
5,162,281.953,0.324,1.0579165e-05,9.695832e-06,7.354164e-06,3.566662e-06,7.408333e-06,8.345826e-06,9.174999e-06,6.791663e-06,1.0212493e-05,1.0433332e-05,8.879161e-06,9.787496e-06,1.209166e-05,1.0166661e-05,1.1183325e-05,1.3874999e-05
5,163,282.096,0.326,1.0570828e-05,9.633327e-06,7.308332e-06,3.574999e-06,7.295831e-06,8.395831e-06,9.083326e-06,6.770825e-06,1.0166661e-05,1.0387492e-05,8.858331e-06,9.812498e-06,1.2108326e-05,1.0137494e-05,1.1216664e-05,1.372083e-05
5,164,282.239,0.328,1.0512495e-05,9.629162e-06,7.229161e-06,3.566662e-06,7.341663e-06,8.391658e-06,9.066661e-06,6.695827e-06,1.0129165e-05,1.0345832e-05,8.804162e-06,9.683331e-06,1.2008325e-05,1.0124993e-05,1.1124992e-05,1.3591663e-05
5,165,282.382,0.33,1.0629161e-05,9.554164e-06,7.166664e-06,3.549997e-06,7.191666e-06,8.283329e-06,9.045832e-06,6.624993e-06,1.0216665e-05,1.0270826e-05,8.791661e-06,9.645828e-06,1.2029163e-05,1.0124993e-05,1.1104163e-05,1.3524993e-05
5,166,282.525,0.332,1.0374999e-05,9.479165e-06,7.11666e-06,3.52083e-06,7.137497e-06,8.104165e-06,9.033331e-06,6.641666e-06,1.0187498e-05,1.0212493e-05,8.716663e-06,9.541663e-06,1.1929163e-05,1.006666e-05,1.1033329e-05,1.3483325e-05
5,167,282.668,0.334,1.0474992e-05,9.449998e-06,7.087493e-06,3.504165e-06,7.095829e-06,8.070827e-06,8.862496e-06,6.620828e-06,1.0183327e-05,1.0258333e-05,8.574994e-06,9.545827e-06,1.1870829e-05,1.0095827e-05,1.0999997e-05,1.3537494e-05
5,168,282.811,0.336,1.0162496e-05,9.383329e-06,6.991665e-06,3.454161e-06,7.087493e-06,7.983327e-06,8.887498e-06,6.56666e-06,1.0166661e-05,1.0099999e-05,8.641664e-06,9.437497e-06,1.1862493e-05,1.0037494e-05,1.0908326e-05,1.3483325e-05
5,169,282.954,0.338,1.0158332e-05,9.370828e-06,7.012494e-06,3.445832e-06,7.00833e-06,7.991664e-06,8.812499e-06,6.579161e-06,1.0116664e-05,1.0087498e-05,8.599996e-06,9.449998e-06,1.1766664e-05,9.999999e-06,1.0837499e-05,1.3424992e-05
5,170,283.097,0.34,1.0137494e-05,9.324996e-06,6.933331e-06,3.424994e-06,6.974999e-06,7.912493e-06,8.754166e-06,6.395833e-06,1.0174997e-05,1.0016664e-05,8.499996e-06,9.324996e-06,1.1724997e-05,1.0024993e-05,1.0820826e-05,1.3358331e-05
5,171,283.24,0.342,1.0162496e-05,9.254161e-06,6.866662e-06,3.370825e-06,6.94166e-06,7.899992e-06,8.699997e-06,6.437492e-06,1.0216665e-05,1.0041666e-05,8.433326e-06,9.354162e-06,1.1699995e-05,1.0004163e-05,1.0808333e-05,1.3291661e-05
5,172,283.383,0.344,1.0029165e-05,9.229159e-06,6.841659e-06,3.366661e-06,6.879163e-06,7.816664e-06,8.649993e-06,6.27083e-06,1.0233331e-05,9.904162e-06,8.454163e-06,9.316659e-06,1.1595829e-05,9.995826e-06,1.0708332e-05,1.3262495e-05
5,173,283.526,0.346,9.962495e-06,9.162498e-06,6.833331e-06,3.329166e-06,6.870826e-06,7.774996e-06,8.662494e-06,6.308325e-06,1.0041666e-05,9.870831e-06,8.370828e-06,9.249997e-06,1.1587493e-05,9.966659e-06,1.0641662e-05,1.317083e-05
5,174,283.669,0.348,9.941666e-06,9.091664e-06,6.745831e-06,3.33333e-06,6.849996e-06,7.724992e-06,8.512497e-06,6.241663e-06,1.0041666e-05,9.774994e-06,8.479166e-06,9.24166e-06,1.1508329e-05,9.970832e-06,1.0579165e-05,1.3204161e-05
5,175,283.812,0.35,9.916663e-06,9.062497e-06,6.687498e-06,3.362497e-06,6.787499e-06,7.695826e-06,8.520826e-06,6.179166e-06,1.0024993e-05,9.7375e-06,8.420833e-06,9.133331e-06,1.1549997e-05,9.929165e-06,1.0504166e-05,1.3162494e-05
5,176,283.956,0.352,9.995826e-06,8.987498e-06,6.683326e-06,3.274997e-06,6.649995e-06,7.641665e-06,8.420833e-06,6.149999e-06,1.0037494e-05,9.662493e-06,8.174999e-06,9.016665e-06,1.1483327e-05,9.85833e-06,1.0412495e-05,1.3062493e-05
5,177,284.099,0.354,9.704161e-06,8.974997e-06,6.654159e-06,3.229165e-06,6.670833e-06,7.595825e-06,8.420833e-06,6.079165e-06,1.0008327e-05,9.658329e-06,8.337498e-06,8.983326e-06,1.135416e-05,9.912499e-06,1.0483329e-05,1.3020825e-05
5,178,284.242,0.356,9.666665e-06,8.937494e-06,6.591662e-06,3.237494e-06,6.654159e-06,7.508326e-06,8.279165e-06,6.083329e-06,9.97916e-06,9.549999e-06,8.024995e-06,8.904163e-06,1.1337494e-05,9.854166e-06,1.0341661e-05,1.2966665e-05
5,179,284.385,0.358,9.595831e-06,8.891662e-06,6.529164e-06,3.216664e-06,6.524992e-06,7.429162e-06,8.254163e-06,6.029161e-06,9.983333e-06,9.570829e-06,7.987499e-06,9.02083e-06,1.1220829e-05,9.824999e-06,1.0333331e-05,1.2970829e-05
5,180,284.528,0.36,9.549999e-06,8.824993e-06,6.491661e-06,3.170832e-06,6.524992e-06,7.441664e-06,8.22916e-06,5.954162e-06,1.0033329e-05,9.474993e-06,7.958332e-06,8.774996e-06,1.1374998e-05,9.854166e-06,1.0229166e-05,1.2904159e-05
5,181,284.671,0.362,9.562493e-06,8.699997e-06,6.520828e-06,3.179161e-06,6.512499e-06,7.354164e-06,8.208331e-06,5.924996e-06,9.95833e-06,9.449998e-06,7.954161e-06,8.754166e-06,1.1124992e-05,9.874995e-06,1.0224994e-05,1.2833333e-05
5,182,284.814,0.364,9.441662e-06,8.687496e-06,6.441664e-06,3.120828e-06,6.441664e-06,7.329162e-06,8.149997e-06,5.895829e-06,9.908326e-06,9.383329e-06,7.916665e-06,8.695833e-06,1.1316665e-05,9.829164e-06,1.0129165e-05,1.2766664e-05
5,183,284.957,0.366,9.408331e-06,8.624998e-06,6.462495e-06,3.195826e-06,6.429163e-06,7.341663e-06,8.083328e-06,5.90833e-06,9.912499e-06,9.366663e-06,7.849995e-06,8.670831e-06,1.104583e-05,9.787496e-06,1.0149995e-05,1.2741662e-05
5,184,285.1,0.368,9.39583e-06,8.57083e-06,6.295832e-06,3.129164e-06,6.39166e-06,7.241662e-06,7.974998e-06,5.787492e-06,9.866659e-06,9.270827e-06,7.758331e-06,8.599996e-06,1.0991661e-05,9.674995e-06,1.0212493e-05,1.272916e-05
5,185,285.243,0.37,9.249997e-06,8.574994e-06,6.224998e-06,3.083332e-06,6.383332e-06,7.19583e-06,7.979163e-06,5.812494e-06,9.891661e-06,9.199993e-06,7.762495e-06,8.5375e-06,1.0970831e-05,9.612497e-06,1.006666e-05,1.2637496e-05
5,186,285.386,0.372,9.24166e-06,8.479166e-06,6.254164e-06,3.016663e-06,6.379159e-06,7.191666e-06,7.954161e-06,5.737495e-06,9.824999e-06,9.158325e-06,7.704162e-06,8.50416e-06,1.0916662e-05,9.649992e-06,9.87916e-06,1.2733332e-05
5,187,285.529,0.374,9.362499e-06,8.45e-06,6.20416e-06,3.016663e-06,6.245828e-06,7.158327e-06,7.879162e-06,5.708329e-06,9.812498e-06,9.129159e-06,7.645829e-06,8.45e-06,1.0854164e-05,9.599996e-06,9.987497e-06,1.2516665e-05
5,188,285.672,0.376,9.279163e-06,8.387494e-06,6.20416e-06,3.029164e-06,6.212497e-06,7.11666e-06,7.824993e-06,5.724994e-06,9.845829e-06,9.162498e-06,7.637493e-06,8.383329e-06,1.0779167e-05,9.637499e-06,9.770831e-06,1.2449996e-05
5,189,285.815,0.378,9.166662e-06,8.324997e-06,6.154164e-06,2.987496e-06,6.216661e-06,6.949997e-06,7.849995e-06,5.620829e-06,9.829164e-06,8.999999e-06,7.574995e-06,8.31666e-06,1.0745827e-05,9.562493e-06,9.762493e-06,1.2508329e-05
5,190,285.958,0.38,9.229159e-06,8.262499e-06,6.129162e-06,2.979159e-06,6.104159e-06,6.970827e-06,7.799999e-06,5.637495e-06,9.824999e-06,8.970833e-06,7.554166e-06,8.258326e-06,1.0699995e-05,9.570829e-06,9.7375e-06,1.2408328e-05
5,191,286.101,0.382,9.05416e-06,8.216659e-06,6.083329e-06,2.966658e-06,6.066664e-06,6.933331e-06,7.795827e-06,5.679162e-06,9.795833e-06,8.924992e-06,7.49166e-06,8.212495e-06,1.0654163e-05,9.558328e-06,9.629162e-06,1.2304163e-05
5,192,286.244,0.384,8.887498e-06,8.233333e-06,6.020832e-06,2.908325e-06,6.049999e-06,6.874998e-06,7.574995e-06,5.487498e-06,9.779159e-06,8.833329e-06,7.40416e-06,8.166663e-06,1.0554163e-05,9.541663e-06,9.599996e-06,1.2324993e-05
5,193,286.387,0.386,8.804162e-06,8.120831e-06,6.004159e-06,2.945828e-06,5.987493e-06,6.824994e-06,7.616663e-06,5.512492e-06,9.7375e-06,8.791661e-06,7.341663e-06,8.179164e-06,1.0516659e-05,9.491666e-06,9.466664e-06,1.2249994e-05
5,194,286.53,0.388,8.837494e-06,8.045832e-06,5.991666e-06,2.924999e-06,6.004159e-06,6.770825e-06,7.508326e-06,5.391661e-06,9.874995e-06,8.787497e-06,7.354164e-06,8.133332e-06,1.0470828e-05,9.533326e-06,9.449998e-06,1.2174995e-05
5,195,286.673,0.39,8.67916e-06,8.045832e-06,5.924996e-06,2.89166e-06,5.899994e-06,6.745831e-06,7.441664e-06,5.349994e-06,9.733327e-06,8.65833e-06,7.254163e-06,8.029159e-06,1.0433332e-05,9.433325e-06,9.41666e-06,1.2095833e-05
5,196,286.816,0.392,8.699997e-06,8.008329e-06,5.849997e-06,2.833327e-06,5.895829e-06,6.695827e-06,7.433327e-06,5.337492e-06,9.849993e-06,8.641664e-06,7.233326e-06,7.974998e-06,1.0295828e-05,9.433325e-06,9.362499e-06,1.2187496e-05
5,197,286.959,0.394,8.762495e-06,7.962497e-06,5.920831e-06,2.837499e-06,5.879164e-06,6.637494e-06,7.37083e-06,5.266658e-06,9.658329e-06,8.716663e-06,7.166664e-06,7.908328e-06,1.0270826e-05,9.412495e-06,9.254161e-06,1.2054165e-05
5,198,287.102,0.396,8.59166e-06,7.916665e-06,5.883328e-06,2.791659e-06,5.824995e-06,6.637494e-06,7.287495e-06,5.27916e-06,9.720826e-06,8.533327e-06,7.183329e-06,7.866661e-06,1.0279163e-05,9.362499e-06,9.162498e-06,1.1979158e-05
5,199,287.245,0.398,8.587495e-06,7.837494e-06,5.858326e-06,2.799996e-06,5.795829e-06,6.599998e-06,7.258328e-06,5.245829e-06,9.633327e-06,8.404159e-06,7.220833e-06,7.774996e-06,1.0199992e-05,9.420832e-06,9.179163e-06,1.2016662e-05
5,200,287.389,0.4,8.545828e-06,7.762495e-06,5.774998e-06,2.816661e-06,5.762497e-06,6.549994e-06,7.220833e-06,5.216662e-06,9.662493e-06,8.441662e-06,7.095829e-06,7.829165e-06,1.0145831e-05,9.333332e-06,9.099992e-06,1.1912497e-05
5,201,287.532,0.402,8.529162e-06,7.733329e-06,5.737495e-06,2.779166e-06,5.774998e-06,6.470831e-06,7.1625e-06,5.183331e-06,9.629162e-06,8.387494e-06,7.033332e-06,7.670832e-06,1.0054159e-05,9.349998e-06,9.004164e-06,1.1791666e-05
5,202,287.675,0.404,8.474994e-06,7.733329e-06,5.674998e-06,2.80416e-06,5.724994e-06,6.445829e-06,7.11666e-06,5.141664e-06,9.599996e-06,8.312496e-06,6.895828e-06,7.704162e-06,1.0204164e-05,9.358327e-06,8.983326e-06,1.1799995e-05
5,203,287.818,0.406,8.366665e-06,7.629164e-06,5.679162e-06,2.737498e-06,5.716666e-06,6.379159e-06,7.070827e-06,5.158329e-06,9.612497e-06,8.22916e-06,6.858325e-06,7.529163e-06,9.987497e-06,9.24166e-06,8.908328e-06,1.1762492e-05
5,204,287.961,0.408,8.299994e-06,7.604162e-06,5.629166e-06,2.729162e-06,5.629166e-06,6.329163e-06,7.004166e-06,5.054164e-06,9.620825e-06,8.191665e-06,6.779162e-06,7.479159e-06,9.995826e-06,9.387493e-06,8.912491e-06,1.1649998e-05
5,205,288.104,0.41,8.304159e-06,7.524999e-06,5.812494e-06,2.649999e-06,5.599999e-06,6.333327e-06,6.970827e-06,5.079166e-06,9.554164e-06,8.145825e-06,6.766661e-06,7.466666e-06,9.929165e-06,9.291664e-06,8.86666e-06,1.1620831e-05
5,206,288.247,0.412,8.074999e-06,7.474995e-06,5.645832e-06,2.687494e-06,5.604164e-06,6.308325e-06,6.908329e-06,5.012496e-06,9.529162e-06,8.079163e-06,6.737494e-06,7.379158e-06,9.787496e-06,9.174999e-06,8.745829e-06,1.1566663e-05
5,207,288.39,0.414,8.054161e-06,7.387495e-06,5.620829e-06,2.712496e-06,5.566661e-06,6.304161e-06,6.816666e-06,4.970829e-06,9.512496e-06,8.008329e-06,6.679161e-06,7.366665e-06,9.820827e-06,9.195828e-06,8.687496e-06,1.1454161e-05
5,208,288.533,0.416,8.058326e-06,7.320825e-06,5.537494e-06,2.645826e-06,5.579162e-06,6.216661e-06,6.783327e-06,4.987494e-06,9.541663e-06,8.012494e-06,6.616664e-06,7.30416e-06,9.699997e-06,9.158325e-06,8.699997e-06,1.1495828e-05
5,209,288.676,0.418,7.929166e-06,7.324998e-06,5.483325e-06,2.724997e-06,5.55416e-06,6.208332e-06,6.75416e-06,4.954163e-06,9.454163e-06,7.866661e-06,6.570832e-06,7.249999e-06,9.608332e-06,9.062497e-06,8.549992e-06,1.1458325e-05
5,210,288.819,0.42,7.920829e-06,7.229161e-06,5.495826e-06,2.562499e-06,5.508327e-06,6.191659e-06,6.720829e-06,4.920832e-06,9.462499e-06,7.849995e-06,6.516663e-06,7.249999e-06,9.587495e-06,9.066661e-06,8.541663e-06,1.1316665e-05
5,211,288.962,0.422,7.845831e-06,7.187494e-06,5.454159e-06,2.570828e-06,5.549995e-06,6.158328e-06,6.649995e-06,4.883329e-06,9.508331e-06,7.83333e-06,6.449994e-06,7.11666e-06,9.483329e-06,9.091664e-06,8.387494e-06,1.1329166e-05
5,212,289.105,0.424,7.924994e-06,7.145826e-06,5.470832e-06,2.574992e-06,5.437493e-06,6.149999e-06,6.56666e-06,4.854162e-06,9.412495e-06,7.758331e-06,6.399997e-06,7.087493e-06,9.441662e-06,9.087499e-06,8.362492e-06,1.1183325e-05
5,213,289.248,0.426,7.820829e-06,7.108331e-06,5.46666e-06,2.587493e-06,5.412499e-06,6.024996e-06,6.591662e-06,4.816659e-06,9.516661e-06,7.629164e-06,6.362494e-06,7.087493e-06,9.39583e-06,9.066661e-06,8.308331e-06,1.1149995e-05
5,214,289.391,0.428,7.812492e-06,7.083328e-06,5.395826e-06,2.562499e-06,5.383333e-06,6.029161e-06,6.599998e-06,4.79583e-06,9.449998e-06,7.620828e-06,6.341664e-06,6.983328e-06,9.399994e-06,9.037494e-06,8.262499e-06,1.1116664e-05
5,215,289.534,0.43,7.74583e-06,7.00833e-06,5.416663e-06,2.52916e-06,5.35833e-06,5.99583e-06,6.47916e-06,4.891666e-06,9.420832e-06,7.629164e-06,6.320826e-06,6.970827e-06,9.262498e-06,8.999999e-06,8.208331e-06,1.1062495e-05
5,216,289.677,0.432,7.520827e-06,6.987492e-06,5.362495e-06,2.512495e-06,5.337492e-06,5.941661e-06,6.491661e-06,4.749998e-06,9.433325e-06,7.529163e-06,6.304161e-06,6.916666e-06,9.283328e-06,8.987498e-06,8.112494e-06,1.1020828e-05
5,217,289.82,0.434,7.449993e-06,6.92083e-06,5.333328e-06,2.499994e-06,5.329164e-06,5.974992e-06,6.324999e-06,4.699993e-06,9.399994e-06,7.508326e-06,6.166665e-06,6.870826e-06,9.166662e-06,8.945831e-06,8.074999e-06,1.0983332e-05
5,218,289.963,0.436,7.487496e-06,6.895828e-06,5.458331e-06,2.487493e-06,5.295825e-06,5.870827e-06,6.237499e-06,4.712494e-06,9.39583e-06,7.408333e-06,6.195831e-06,6.729166e-06,9.116666e-06,8.920829e-06,8.004165e-06,1.0883331e-05
5,219,290.106,0.438,7.387495e-06,6.804164e-06,5.283332e-06,2.479164e-06,5.245829e-06,5.916659e-06,6.212497e-06,4.674999e-06,9.341661e-06,7.383331e-06,6.108331e-06,6.799992e-06,9.12083e-06,8.937494e-06,7.94166e-06,1.0862494e-05
5,220,290.249,0.44,7.391659e-06,6.779162e-06,5.333328e-06,2.491665e-06,5.249993e-06,5.849997e-06,6.179166e-06,4.612494e-06,9.387493e-06,7.329162e-06,6.049999e-06,6.720829e-06,9.058333e-06,8.941666e-06,7.874997e-06,1.0808333e-05
5,221,290.392,0.442,7.333326e-06,6.720829e-06,5.287496e-06,2.491665e-06,5.245829e-06,5.837496e-06,6.162492e-06,4.579163e-06,9.341661e-06,7.295831e-06,6.062492e-06,6.604163e-06,8.937494e-06,8.895826e-06,7.83333e-06,1.0683329e-05
5,222,290.535,0.444,7.224997e-06,6.662496e-06,5.304162e-06,2.429159e-06,5.212498e-06,5.820831e-06,6.087494e-06,4.612494e-06,9.270827e-06,7.270829e-06,5.991666e-06,6.604163e-06,8.891662e-06,8.883325e-06,7.729165e-06,1.0699995e-05
5,223,290.678,0.446,7.241662e-06,6.63333e-06,5.312499e-06,2.474992e-06,5.220827e-06,5.766662e-06,6.049999e-06,4.566662e-06,9.24166e-06,7.112495e-06,6.104159e-06,6.558331e-06,8.874997e-06,8.858331e-06,7.695826e-06,1.0662492e-05
5,224,290.821,0.448,7.220833e-06,6.595826e-06,5.212498e-06,2.387492e-06,5.195832e-06,5.766662e-06,5.958327e-06,4.566662e-06,9.233332e-06,7.058326e-06,5.99583e-06,6.474996e-06,8.812499e-06,8.829164e-06,7.645829e-06,1.0574992e-05
5,225,290.965,0.45,7.037497e-06,6.504162e-06,5.287496e-06,2.420831e-06,5.162493e-06,5.749996e-06,5.954162e-06,4.566662e-06,9.249997e-06,7.041661e-06,5.779163e-06,6.466659e-06,8.762495e-06,8.86666e-06,7.545829e-06,1.0520832e-05
5,226,291.108,0.452,7.012494e-06,6.487497e-06,5.266658e-06,2.441661e-06,5.158329e-06,5.699992e-06,5.870827e-06,4.504164e-06,9.245833e-06,6.891664e-06,5.954162e-06,6.366666e-06,8.65833e-06,8.745829e-06,7.512498e-06,1.0416658e-05
5,227,291.251,0.454,7.095829e-06,6.433328e-06,5.237492e-06,2.383327e-06,5.17083e-06,5.670825e-06,5.858326e-06,4.529158e-06,9.212494e-06,6.912494e-06,5.666661e-06,6.308325e-06,8.654165e-06,8.77916e-06,7.437499e-06,1.040833e-05
5,228,291.394,0.456,7.062499e-06,6.341664e-06,5.212498e-06,2.391664e-06,5.154165e-06,5.704164e-06,5.774998e-06,4.470825e-06,9.195828e-06,6.883327e-06,5.695828e-06,6.254164e-06,8.595832e-06,8.670831e-06,7.395832e-06,1.0366663e-05
5,229,291.537,0.458,6.766661e-06,6.404161e-06,5.241664e-06,2.395828e-06,5.095832e-06,5.670825e-06,5.804165e-06,4.445831e-06,9.187492e-06,6.82083e-06,5.63333e-06,6.20416e-06,8.470829e-06,8.708326e-06,7.337499e-06,1.0249996e-05
5,230,291.68,0.46,6.741659e-06,6.20416e-06,5.249993e-06,2.399993e-06,5.120826e-06,5.649996e-06,5.74166e-06,4.43333e-06,9.154161e-06,6.729166e-06,5.612493e-06,6.141663e-06,8.491659e-06,8.729164e-06,7.249999e-06,1.0208329e-05
5,231,291.823,0.462,6.708328e-06,6.154164e-06,5.270831e-06,2.379163e-06,5.10416e-06,5.666661e-06,5.662497e-06,4.412492e-06,9.154161e-06,6.720829e-06,5.574997e-06,6.174993e-06,8.370828e-06,8.716663e-06,7.249999e-06,1.015416e-05
5,232,291.966,0.464,6.716665e-06,6.087494e-06,5.233328e-06,2.349997e-06,5.099996e-06,5.612493e-06,5.599999e-06,4.412492e-06,9.158325e-06,6.649995e-06,5.495826e-06,6.104159e-06,8.304159e-06,8.674995e-06,7.174993e-06,1.0079161e-05
5,233,292.109,0.466,6.63333e-06,6.108331e-06,5.17083e-06,2.491665e-06,5.074994e-06,5.608328e-06,5.570825e-06,4.399999e-06,9.124994e-06,6.587497e-06,5.487498e-06,6.066664e-06,8.274992e-06,8.654165e-06,7.183329e-06,1.0029165e-05
5,234,292.252,0.468,6.524992e-06,6.058327e-06,5.179159e-06,2.316666e-06,5.108333e-06,5.608328e-06,5.541659e-06,4.379161e-06,9.083326e-06,6.529164e-06,5.470832e-06,6.01666e-06,8.19583e-06,8.566665e-06,6.987492e-06,9.949994e-06
5,235,292.395,0.47,6.524992e-06,6.01666e-06,5.137499e-06,2.304165e-06,5.187495e-06,5.612493e-06,5.499999e-06,4.404164e-06,9.12083e-06,6.445829e-06,5.458331e-06,5.974992e-06,8.170828e-06,8.583331e-06,6.929159e-06,1.0074997e-05
5,236,292.538,0.472,6.487497e-06,5.99583e-06,5.166666e-06,2.266661e-06,5.187495e-06,5.541659e-06,5.424992e-06,4.408328e-06,9.037494e-06,6.39166e-06,5.349994e-06,5.962499e-06,8.120831e-06,8.587495e-06,6.908329e-06,9.929165e-06
5,237,292.681,0.474,6.370831e-06,5.954162e-06,5.166666e-06,2.308329e-06,5.058328e-06,5.612493e-06,5.408327e-06,4.383326e-06,9.116666e-06,6.39166e-06,5.333328e-06,5.899994e-06,8.02083e-06,8.562493e-06,6.82083e-06,9.762493e-06
5,238,292.824,0.476,6.404161e-06,5.895829e-06,5.158329e-06,2.316666e-06,5.145828e-06,5.570825e-06,5.354166e-06,4.358331e-06,9.024993e-06,6.370831e-06,5.316663e-06,5.84166e-06,7.983327e-06,8.512497e-06,6.779162e-06,9.699997e-06
5,239,292.967,0.478,6.45833e-06,5.858326e-06,5.145828e-06,2.324995e-06,5.045827e-06,5.483325e-06,5.316663e-06,4.362496e-06,9.029166e-06,6.316662e-06,5.299997e-06,5.820831e-06,7.987499e-06,8.516661e-06,6.724993e-06,9.649992e-06
5,240,293.11,0.48,6.304161e-06,5.862498e-06,5.149992e-06,2.329159e-06,5.066665e-06,5.487498e-06,5.316663e-06,4.379161e-06,8.974997e-06,6.254164e-06,5.241664e-06,5.774998e-06,7.845831e-06,8.499996e-06,6.63333e-06,9.591659e-06
5,241,293.253,0.482,6.229162e-06,5.749996e-06,5.166666e-06,2.291664e-06,5.054164e-06,5.491662e-06,5.208326e-06,4.412492e-06,9.008329e-06,6.216661e-06,5.174994e-06,5.704164e-06,7.816664e-06,8.520826e-06,6.624993e-06,9.537498e-06
5,242,293.396,0.484,6.09583e-06,5.804165e-06,5.183331e-06,2.291664e-06,5.095832e-06,5.499999e-06,5.195832e-06,4.308327e-06,9.004164e-06,6.166665e-06,5.174994e-06,5.716666e-06,7.791662e-06,8.429161e-06,6.599998e-06,9.487494e-06
5,243,293.539,0.486,6.029161e-06,5.637495e-06,5.254165e-06,2.279162e-06,5.058328e-06,5.504163e-06,5.133327e-06,4.312499e-06,9.041659e-06,6.120833e-06,5.174994e-06,5.612493e-06,7.729165e-06,8.412496e-06,6.520828e-06,9.41666e-06
5,244,293.682,0.488,6.062492e-06,5.695828e-06,5.179159e-06,2.291664e-06,5.079166e-06,5.529165e-06,5.149992e-06,4.349994e-06,9.004164e-06,6.112496e-06,5.066665e-06,5.649996e-06,7.724992e-06,8.445827e-06,6.416662e-06,9.383329e-06
5,245,293.825,0.49,5.983329e-06,5.674998e-06,5.187495e-06,2.299992e-06,5.07083e-06,5.495826e-06,5.116661e-06,4.308327e-06,8.854158e-06,6.045826e-06,5.037498e-06,5.574997e-06,7.649994e-06,8.354164e-06,6.412498e-06,9.287493e-06
5,246,293.968,0.492,5.979165e-06,5.612493e-06,5.245829e-06,2.274998e-06,5.058328e-06,5.470832e-06,5.07083e-06,4.329165e-06,8.862496e-06,6.070828e-06,5.049992e-06,5.549995e-06,7.595825e-06,8.404159e-06,6.333327e-06,9.316659e-06
5,247,294.111,0.494,6.020832e-06,5.549995e-06,5.199997e-06,2.32083e-06,5.07083e-06,5.449994e-06,5.029162e-06,4.324992e-06,8.904163e-06,6.099995e-06,5.045827e-06,5.529165e-06,7.516662e-06,8.399995e-06,6.283331e-06,9.237496e-06
5,248,294.254,0.496,5.883328e-06,5.545831e-06,5.220827e-06,2.283327e-06,5.07083e-06,5.520828e-06,4.987494e-06,4.341666e-06,8.862496e-06,5.887493e-06,5.008332e-06,5.479161e-06,7.49166e-06,8.374993e-06,6.216661e-06,9.087499e-06
5,249,294.398,0.498,5.954162e-06,5.491662e-06,5.299997e-06,2.279162e-06,5.099996e-06,5.524993e-06,4.979165e-06,4.337493e-06,8.858331e-06,5.812494e-06,5.024997e-06,5.424992e-06,7.437499e-06,8.337498e-06,6.174993e-06,9.116666e-06
5,250,294.541,0.5,5.708329e-06,5.470832e-06,5.299997e-06,2.274998e-06,5.112497e-06,5.487498e-06,4.908331e-06,4.316664e-06,8.837494e-06,5.783327e-06,4.845826e-06,5.395826e-06,7.399996e-06,8.329161e-06,6.137498e-06,8.96666e-06
5,251,294.684,0.502,5.899994e-06,5.412499e-06,5.333328e-06,2.316666e-06,5.079166e-06,5.516664e-06,4.887494e-06,4.374997e-06,8.829164e-06,5.754161e-06,4.841661e-06,5.366659e-06,7.379158e-06,8.320832e-06,6.041662e-06,8.974997e-06
5,252,294.827,0.504,5.608328e-06,5.354166e-06,5.283332e-06,2.262497e-06,5.116661e-06,5.487498e-06,4.933325e-06,4.358331e-06,8.799998e-06,5.716666e-06,4.833333e-06,5.304162e-06,7.237498e-06,8.283329e-06,6.024996e-06,8.904163e-06
5,253,294.97,0.506,5.629166e-06,5.366659e-06,5.354166e-06,2.316666e-06,5.145828e-06,5.479161e-06,4.862499e-06,4.36666e-06,8.770831e-06,5.683327e-06,4.816659e-06,5.283332e-06,7.199995e-06,8.345826e-06,5.99583e-06,8.849995e-06
5,254,295.113,0.508,5.549995e-06,5.304162e-06,5.349994e-06,2.324995e-06,5.19166e-06,5.499999e-06,4.808331e-06,4.329165e-06,8.816663e-06,5.624994e-06,4.774992e-06,5.245829e-06,7.199995e-06,8.291666e-06,5.912495e-06,8.791661e-06
5,255,295.256,0.51,5.53333e-06,5.291661e-06,5.374996e-06,2.329159e-06,5.199997e-06,5.524993e-06,4.837497e-06,4.362496e-06,8.729164e-06,5.583326e-06,4.774992e-06,5.262494e-06,7.108331e-06,8.283329e-06,5.945826e-06,8.687496e-06
5,256,295.399,0.512,5.512492e-06,5.174994e-06,5.316663e-06,2.295828e-06,5.195832e-06,5.591663e-06,4.766663e-06,4.370832e-06,8.737493e-06,5.549995e-06,4.770827e-06,5.241664e-06,7.041661e-06,8.220832e-06,5.837496e-06,8.666659e-06
5,257,295.542,0.514,5.462496e-06,5.187495e-06,5.37916e-06,2.366662e-06,5.25833e-06,5.591663e-06,4.779164e-06,4.416665e-06,8.724999e-06,5.479161e-06,4.712494e-06,5.199997e-06,7.020831e-06,8.124995e-06,5.879164e-06,8.57083e-06
5,258,295.685,0.516,5.408327e-06,5.166666e-06,5.404162e-06,2.304165e-06,5.262494e-06,5.574997e-06,4.716659e-06,4.43333e-06,8.699997e-06,5.487498e-06,4.716659e-06,5.224999e-06,6.979164e-06,8.166663e-06,5.704164e-06,8.499996e-06
5,259,295.828,0.518,5.391661e-06,5.183331e-06,5.433329e-06,2.287499e-06,5.320827e-06,5.558332e-06,4.720831e-06,4.416665e-06,8.708326e-06,5.408327e-06,4.716659e-06,5.141664e-06,6.908329e-06,8.145825e-06,5.658333e-06,8.429161e-06
5,260,295.971,0.52,5.479161e-06,5.183331e-06,5.44583e-06,2.34166e-06,5.291661e-06,5.591663e-06,4.695829e-06,4.458332e-06,8.687496e-06,5.362495e-06,4.633331e-06,5.187495e-06,6.8875e-06,8.162498e-06,5.629166e-06,8.374993e-06
5,261,296.114,0.522,5.341665e-06,5.10416e-06,5.458331e-06,2.299992e-06,5.262494e-06,5.662497e-06,4.658325e-06,4.43333e-06,8.633328e-06,5.349994e-06,4.662498e-06,5.17083e-06,6.82083e-06,8.154162e-06,5.55416e-06,8.304159e-06
5,262,296.257,0.524,5.408327e-06,5.074994e-06,5.499999e-06,2.354161e-06,5.299997e-06,5.724994e-06,4.704165e-06,4.483326e-06,8.662494e-06,5.349994e-06,4.64166e-06,5.099996e-06,6.779162e-06,8.112494e-06,5.570825e-06,8.249998e-06
5,263,296.4,0.526,5.312499e-06,5.10416e-06,5.55416e-06,2.34166e-06,5.341665e-06,5.729159e-06,4.699993e-06,4.512493e-06,8.649993e-06,5.274995e-06,4.587499e-06,5.07083e-06,6.695827e-06,8.095829e-06,5.483325e-06,8.204166e-06
5,264,296.543,0.528,5.158329e-06,5.041663e-06,5.524993e-06,2.354161e-06,5.395826e-06,5.591663e-06,4.595828e-06,4.487499e-06,8.616662e-06,5.249993e-06,4.649997e-06,5.066665e-06,6.712492e-06,8.074999e-06,5.458331e-06,8.149997e-06
5,265,296.686,0.53,5.208326e-06,5.016661e-06,5.55416e-06,2.370826e-06,5.391661e-06,5.670825e-06,4.520829e-06,4.587499e-06,8.612497e-06,5.216662e-06,4.62083e-06,5.083331e-06,6.654159e-06,8.091664e-06,5.387497e-06,8.070827e-06
5,266,296.829,0.532,5.133327e-06,4.991658e-06,5.608328e-06,2.395828e-06,5.441666e-06,5.687499e-06,4.562497e-06,4.54166e-06,8.587495e-06,5.195832e-06,4.604165e-06,5.045827e-06,6.54583e-06,8.099993e-06,5.395826e-06,8.062498e-06
5,267,296.972,0.534,5.158329e-06,5.041663e-06,5.608328e-06,2.399993e-06,5.449994e-06,5.729159e-06,4.520829e-06,4.537495e-06,8.59166e-06,5.112497e-06,4.54166e-06,4.999995e-06,6.574996e-06,8.066662e-06,5.316663e-06,7.979163e-06
5,268,297.115,0.536,5.083331e-06,4.970829e-06,5.629166e-06,2.383327e-06,5.479161e-06,5.762497e-06,4.54166e-06,4.591664e-06,8.599996e-06,5.099996e-06,4.529158e-06,4.999995e-06,6.549994e-06,7.991664e-06,5.274995e-06,7.904164e-06
5,269,297.258,0.538,5.049992e-06,5.037498e-06,5.670825e-06,2.416658e-06,5.537494e-06,5.80833e-06,4.508328e-06,4.549996e-06,8.48333e-06,5.133327e-06,4.549996e-06,5.016661e-06,6.520828e-06,8.045832e-06,5.27916e-06,7.870825e-06
5,270,297.401,0.54,4.979165e-06,4.929161e-06,5.783327e-06,2.399993e-06,5.549995e-06,5.795829e-06,4.524994e-06,4.604165e-06,8.441662e-06,5.029162e-06,4.466661e-06,4.995831e-06,6.433328e-06,8.058326e-06,5.208326e-06,7.783326e-06
5,271,297.544,0.542,4.974993e-06,4.920832e-06,5.783327e-06,2.404165e-06,5.541659e-06,5.799993e-06,4.54166e-06,4.624995e-06,8.433326e-06,5.129163e-06,4.54166e-06,4.949999e-06,6.441664e-06,8.062498e-06,5.237492e-06,7.741666e-06
5,272,297.687,0.544,4.941662e-06,4.904159e-06,5.812494e-06,2.474992e-06,5.558332e-06,5.879164e-06,4.491663e-06,4.666662e-06,8.474994e-06,4.995831e-06,4.574998e-06,4.970829e-06,6.399997e-06,8.037496e-06,5.179159e-06,7.695826e-06
5,273,297.831,0.546,5.062493e-06,4.845826e-06,5.812494e-06,2.470827e-06,5.649996e-06,5.887493e-06,4.491663e-06,4.695829e-06,8.445827e-06,4.98333e-06,4.583327e-06,4.941662e-06,6.345828e-06,8.029159e-06,5.166666e-06,7.645829e-06
5,274,297.974,0.548,4.849998e-06,4.887494e-06,5.845833e-06,2.487493e-06,5.674998e-06,5.899994e-06,4.508328e-06,4.737497e-06,8.445827e-06,4.924997e-06,4.470825e-06,5.087495e-06,6.266665e-06,8.024995e-06,5.108333e-06,7.541664e-06
5,275,298.117,0.55,4.804158e-06,4.837497e-06,5.904166e-06,2.495829e-06,5.72083e-06,5.945826e-06,4.466661e-06,4.733332e-06,8.412496e-06,4.945827e-06,4.45416e-06,4.929161e-06,6.283331e-06,7.979163e-06,5.029162e-06,7.524999e-06
5,276,298.26,0.552,4.79583e-06,4.866663e-06,5.941661e-06,2.504166e-06,5.787492e-06,5.979165e-06,4.470825e-06,4.774992e-06,8.395831e-06,4.904159e-06,4.45416e-06,4.966664e-06,6.262493e-06,7.999993e-06,5.045827e-06,7.408333e-06
5,277,298.403,0.554,4.754162e-06,4.82916e-06,6.104159e-06,2.524996e-06,5.820831e-06,6.062492e-06,4.520829e-06,4.841661e-06,8.374993e-06,4.89583e-06,4.474998e-06,4.91666e-06,6.162492e-06,7.962497e-06,4.98333e-06,7.383331e-06
5,278,298.546,0.556,4.737497e-06,4.812495e-06,6.091658e-06,2.545826e-06,5.833332e-06,6.01666e-06,4.53333e-06,4.849998e-06,8.395831e-06,4.849998e-06,4.479162e-06,4.933325e-06,6.158328e-06,8.037496e-06,5.004159e-06,7.329162e-06
5,279,298.689,0.558,4.72916e-06,4.899995e-06,6.087494e-06,2.533332e-06,5.837496e-06,6.087494e-06,4.466661e-06,4.891666e-06,8.366665e-06,4.854162e-06,4.479162e-06,4.920832e-06,6.091658e-06,7.912493e-06,4.987494e-06,7.28333e-06
5,280,298.832,0.56,4.737497e-06,4.808331e-06,6.074993e-06,2.591666e-06,5.883328e-06,6.124997e-06,4.529158e-06,4.91666e-06,8.31666e-06,4.845826e-06,4.458332e-06,4.949999e-06,6.024996e-06,7.983327e-06,4.974993e-06,7.208331e-06
5,281,298.975,0.562,4.687492e-06,4.779164e-06,6.208332e-06,2.662492e-06,5.962499e-06,6.166665e-06,4.558333e-06,4.891666e-06,8.329161e-06,4.791665e-06,4.499992e-06,4.91666e-06,6.020832e-06,7.904164e-06,4.954163e-06,7.166664e-06
5,282,299.118,0.564,4.720831e-06,4.804158e-06,6.187495e-06,2.645826e-06,6.029161e-06,6.195831e-06,4.520829e-06,5.037498e-06,8.29583e-06,4.791665e-06,4.474998e-06,4.958328e-06,6.020832e-06,7.899992e-06,4.91666e-06,7.070827e-06
5,283,299.261,0.566,4.758326e-06,4.808331e-06,6.229162e-06,2.59583e-06,6.008331e-06,6.199996e-06,4.495827e-06,4.987494e-06,8.287493e-06,4.770827e-06,4.499992e-06,4.933325e-06,5.991666e-06,7.908328e-06,4.849998e-06,7.020831e-06
5,284,299.404,0.568,4.749998e-06,4.837497e-06,6.27083e-06,2.666664e-06,6.074993e-06,6.362494e-06,4.53333e-06,5.058328e-06,8.212495e-06,4.820832e-06,4.470825e-06,5.012496e-06,5.954162e-06,7.895827e-06,4.82916e-06,6.945832e-06
5,285,299.547,0.57,4.691664e-06,4.820832e-06,6.341664e-06,2.608331e-06,6.074993e-06,6.341664e-06,4.54166e-06,5.079166e-06,8.258326e-06,4.770827e-06,4.624995e-06,4.962492e-06,5.904166e-06,7.887498e-06,4.808331e-06,6.916666e-06
5,286,299.69,0.572,4.637496e-06,4.845826e-06,6.345828e-06,2.658328e-06,6.124997e-06,6.424999e-06,4.587499e-06,5.154165e-06,8.245825e-06,4.799994e-06,4.491663e-06,4.933325e-06,5.883328e-06,7.849995e-06,4.845826e-06,6.933331e-06
5,287,299.833,0.574,4.645832e-06,4.841661e-06,6.399997e-06,2.679165e-06,6.145827e-06,6.366666e-06,4.570826e-06,5.17083e-06,8.220832e-06,4.758326e-06,4.487499e-06,4.958328e-06,5.858326e-06,7.879162e-06,4.799994e-06,6.841659e-06
5,288,299.976,0.576,4.733332e-06,4.874993e-06,6.445829e-06,2.699995e-06,6.212497e-06,6.370831e-06,4.529158e-06,5.237492e-06,8.162498e-06,4.724996e-06,4.566662e-06,4.929161e-06,5.845833e-06,7.879162e-06,4.787493e-06,6.791663e-06
5,289,300.119,0.578,4.574998e-06,4.858327e-06,6.45833e-06,2.724997e-06,6.274994e-06,6.429163e-06,4.558333e-06,5.241664e-06,8.154162e-06,4.779164e-06,4.537495e-06,5.029162e-06,5.824995e-06,7.879162e-06,4.787493e-06,6.737494e-06
5,290,300.262,0.58,4.579163e-06,4.866663e-06,6.595826e-06,2.720825e-06,6.308325e-06,6.47916e-06,4.554161e-06,5.291661e-06,8.145825e-06,4.745825e-06,4.587499e-06,5.008332e-06,5.799993e-06,7.862496e-06,4.745825e-06,6.683326e-06
5,291,300.405,0.582,4.72916e-06,4.866663e-06,6.533329e-06,2.774994e-06,6.329163e-06,6.499998e-06,4.570826e-06,5.283332e-06,8.166663e-06,4.716659e-06,4.574998e-06,4.949999e-06,5.795829e-06,7.849995e-06,4.741661e-06,6.645831e-06
5,292,300.548,0.584,4.64166e-06,4.883329e-06,6.616664e-06,2.749991e-06,6.366666e-06,6.56666e-06,4.54166e-06,5.295825e-06,8.162498e-06,4.70833e-06,4.554161e-06,5.045827e-06,5.795829e-06,7.849995e-06,4.770827e-06,6.591662e-06
5,293,300.691,0.586,4.716659e-06,4.91666e-06,6.670833e-06,2.795831e-06,6.441664e-06,6.587497e-06,4.633331e-06,5.337492e-06,8.258326e-06,4.704165e-06,4.558333e-06,5.062493e-06,5.754161e-06,7.874997e-06,4.733332e-06,6.54583e-06
5,294,300.834,0.588,4.679163e-06,4.929161e-06,6.712492e-06,2.862493e-06,6.466659e-06,6.637494e-06,4.645832e-06,5.404162e-06,8.083328e-06,4.749998e-06,4.612494e-06,5.079166e-06,5.74166e-06,7.879162e-06,4.762499e-06,6.512499e-06
5,295,300.977,0.59,4.645832e-06,4.899995e-06,6.774998e-06,2.883331e-06,6.533329e-06,6.66666e-06,4.654161e-06,5.441666e-06,8.087492e-06,4.733332e-06,4.624995e-06,5.066665e-06,5.699992e-06,7.879162e-06,4.70833e-06,6.466659e-06
5,296,301.12,0.592,4.604165e-06,4.945827e-06,6.808329e-06,2.862493e-06,6.529164e-06,6.75416e-06,4.64166e-06,5.483325e-06,8.070827e-06,4.712494e-06,4.624995e-06,5.045827e-06,5.691663e-06,7.858332e-06,4.72916e-06,6.412498e-06
5,297,301.264,0.594,4.612494e-06,4.899995e-06,6.808329e-06,2.879159e-06,6.624993e-06,6.741659e-06,4.687492e-06,5.529165e-06,8.037496e-06,4.662498e-06,4.595828e-06,5.120826e-06,5.645832e-06,7.870825e-06,4.674999e-06,6.337492e-06
5,298,301.407,0.596,4.583327e-06,4.974993e-06,6.891664e-06,2.929163e-06,6.679161e-06,6.795828e-06,4.704165e-06,5.583326e-06,8.058326e-06,4.70833e-06,4.64166e-06,5.124998e-06,5.637495e-06,7.85416e-06,4.766663e-06,6.337492e-06
5,299,301.55,0.598,4.595828e-06,4.941662e-06,6.937496e-06,2.962494e-06,6.720829e-06,6.858325e-06,4.749998e-06,5.616665e-06,8.029159e-06,4.737497e-06,4.629159e-06,5.316663e-06,5.641659e-06,7.908328e-06,4.704165e-06,6.316662e-06
5,300,301.693,0.6,4.691664e-06,5.012496e-06,6.987492e-06,2.954165e-06,6.708328e-06,6.883327e-06,4.779164e-06,5.662497e-06,8.024995e-06,4.691664e-06,4.662498e-06,5.10416e-06,5.72083e-06,7.849995e-06,4.733332e-06,6.249992e-06
5,301,301.836,0.602,4.741661e-06,5.045827e-06,7.00833e-06,2.987496e-06,6.824994e-06,6.929159e-06,4.724996e-06,5.733331e-06,8.024995e-06,4.770827e-06,4.679163e-06,5.154165e-06,5.645832e-06,7.845831e-06,4.737497e-06,6.199996e-06
5,302,301.979,0.604,4.579163e-06,5.020825e-06,7.104159e-06,3.008326e-06,6.833331e-06,6.92083e-06,4.791665e-06,5.737495e-06,8.024995e-06,4.766663e-06,4.741661e-06,5.174994e-06,5.733331e-06,8.049997e-06,4.754162e-06,6.179166e-06
5,303,302.122,0.606,4.637496e-06,5.199997e-06,7.149999e-06,3.041665e-06,6.916666e-06,7.045825e-06,4.820832e-06,5.804165e-06,7.945831e-06,4.774992e-06,4.766663e-06,5.204161e-06,5.541659e-06,7.829165e-06,4.779164e-06,6.129162e-06
5,304,302.265,0.608,4.662498e-06,5.037498e-06,7.174993e-06,3.05833e-06,6.929159e-06,6.999993e-06,4.870828e-06,5.799993e-06,8.074999e-06,4.787493e-06,4.758326e-06,5.249993e-06,5.508327e-06,7.845831e-06,4.804158e-06,6.116661e-06
5,305,302.408,0.61,4.649997e-06,5.087495e-06,7.212496e-06,3.120828e-06,6.958326e-06,7.049998e-06,4.912496e-06,5.870827e-06,7.94166e-06,4.749998e-06,4.837497e-06,5.274995e-06,5.520828e-06,7.837494e-06,4.799994e-06,6.087494e-06
5,306,302.551,0.612,4.666662e-06,5.079166e-06,7.191666e-06,3.116663e-06,7.020831e-06,7.133333e-06,4.874993e-06,5.862498e-06,7.945831e-06,4.824996e-06,4.804158e-06,5.320827e-06,5.508327e-06,7.85416e-06,4.845826e-06,6.024996e-06
5,307,302.694,0.614,4.695829e-06,5.17083e-06,7.308332e-06,3.208327e-06,7.104159e-06,7.108331e-06,4.999995e-06,5.970828e-06,7.912493e-06,4.770827e-06,4.849998e-06,5.345829e-06,5.508327e-06,7.85416e-06,4.770827e-06,5.974992e-06
5,308,302.837,0.616,4.745825e-06,5.166666e-06,7.354164e-06,3.137493e-06,7.262492e-06,7.254163e-06,4.98333e-06,5.99583e-06,7.954161e-06,4.804158e-06,4.837497e-06,5.35833e-06,5.499999e-06,7.824993e-06,4.920832e-06,5.883328e-06
5,309,302.98,0.618,4.812495e-06,5.166666e-06,7.412497e-06,3.16666e-06,7.087493e-06,7.408333e-06,5.016661e-06,6.104159e-06,7.858332e-06,4.833333e-06,4.879165e-06,5.354166e-06,5.449994e-06,7.883326e-06,4.754162e-06,5.824995e-06
5,310,303.123,0.62,4.812495e-06,5.199997e-06,7.445828e-06,3.158331e-06,7.154163e-06,7.324998e-06,5.016661e-06,6.091658e-06,7.912493e-06,4.899995e-06,4.91666e-06,5.408327e-06,5.495826e-06,7.870825e-06,4.824996e-06,5.774998e-06
5,311,303.266,0.622,4.89583e-06,5.204161e-06,7.516662e-06,3.204163e-06,7.199995e-06,7.287495e-06,5.045827e-06,6.174993e-06,7.83333e-06,4.837497e-06,4.933325e-06,5.479161e-06,5.433329e-06,7.883326e-06,4.845826e-06,5.779163e-06
5,312,303.409,0.624,4.799994e-06,5.316663e-06,7.545829e-06,3.237494e-06,7.274993e-06,7.349992e-06,5.145828e-06,6.166665e-06,7.841659e-06,4.89583e-06,4.991658e-06,5.474997e-06,5.44583e-06,7.883326e-06,4.862499e-06,5.779163e-06
5,313,303.552,0.626,4.72916e-06,5.308326e-06,7.562494e-06,3.274997e-06,7.312497e-06,7.412497e-06,5.17083e-06,6.249992e-06,7.841659e-06,4.91666e-06,5.054164e-06,5.53333e-06,5.454159e-06,7.862496e-06,4.883329e-06,5.712493e-06
5,314,303.695,0.628,4.745825e-06,5.324991e-06,7.654166e-06,3.295827e-06,7.37083e-06,7.420826e-06,5.129163e-06,6.245828e-06,7.76666e-06,4.966664e-06,5.004159e-06,5.579162e-06,5.437493e-06,7.883326e-06,4.908331e-06,5.72083e-06
5,315,303.838,0.63,4.799994e-06,5.437493e-06,7.687497e-06,3.279162e-06,7.40416e-06,7.541664e-06,5.199997e-06,6.354165e-06,7.845831e-06,4.945827e-06,5.10416e-06,5.545831e-06,5.424992e-06,7.891663e-06,4.98333e-06,5.699992e-06
5,316,303.981,0.632,4.841661e-06,5.416663e-06,7.758331e-06,3.379162e-06,7.445828e-06,7.55833e-06,5.224999e-06,6.420827e-06,7.845831e-06,4.999995e-06,5.137499e-06,5.616665e-06,5.416663e-06,7.874997e-06,4.91666e-06,5.641659e-06
5,317,304.124,0.634,4.841661e-06,5.454159e-06,7.820829e-06,3.337494e-06,7.541664e-06,7.604162e-06,5.254165e-06,6.383332e-06,7.837494e-06,5.141664e-06,5.141664e-06,5.641659e-06,5.341665e-06,7.899992e-06,4.954163e-06,5.63333e-06
5,318,304.267,0.636,4.899995e-06,5.495826e-06,7.879162e-06,3.370825e-06,7.570831e-06,7.637493e-06,5.274995e-06,6.45833e-06,7.795827e-06,5.049992e-06,5.179159e-06,5.65416e-06,5.349994e-06,7.970826e-06,4.958328e-06,5.595827e-06
5,319,304.41,0.638,5.012496e-06,5.520828e-06,7.866661e-06,3.412493e-06,7.583332e-06,7.67916e-06,5.366659e-06,6.499998e-06,7.741666e-06,5.17083e-06,5.183331e-06,5.687499e-06,5.337492e-06,7.858332e-06,5.016661e-06,5.545831e-06
5,320,304.553,0.64,4.920832e-06,5.620829e-06,7.929166e-06,3.44166e-06,7.645829e-06,7.729165e-06,5.362495e-06,6.54583e-06,7.704162e-06,5.037498e-06,5.212498e-06,5.72083e-06,5.349994e-06,7.899992e-06,5.091659e-06,5.53333e-06
5,321,304.697,0.642,4.958328e-06,5.645832e-06,8.083328e-06,3.470826e-06,7.654166e-06,7.779161e-06,5.412499e-06,6.591662e-06,7.720828e-06,5.062493e-06,5.316663e-06,5.787492e-06,5.362495e-06,7.945831e-06,5.083331e-06,5.487498e-06
5,322,304.84,0.644,5.066665e-06,5.649996e-06,8.062498e-06,3.491664e-06,7.783326e-06,7.791662e-06,5.404162e-06,6.63333e-06,7.7125e-06,5.074994e-06,5.270831e-06,5.745832e-06,5.362495e-06,7.954161e-06,5.141664e-06,5.433329e-06
5,323,304.983,0.646,5.062493e-06,5.599999e-06,8.087492e-06,3.508329e-06,7.799999e-06,7.824993e-06,5.454159e-06,6.670833e-06,7.67916e-06,5.154165e-06,5.274995e-06,5.883328e-06,5.354166e-06,7.962497e-06,5.158329e-06,5.474997e-06
5,324,305.126,0.648,5.058328e-06,5.691663e-06,8.162498e-06,3.537496e-06,7.85416e-06,7.862496e-06,5.529165e-06,6.762496e-06,7.695826e-06,5.199997e-06,5.341665e-06,5.899994e-06,5.37916e-06,8.02083e-06,5.195832e-06,5.437493e-06
5,325,305.269,0.65,5.133327e-06,5.837496e-06,8.166663e-06,3.604166e-06,7.862496e-06,7.991664e-06,5.53333e-06,6.833331e-06,7.654166e-06,5.229163e-06,5.399998e-06,5.891665e-06,5.299997e-06,7.962497e-06,5.229163e-06,5.387497e-06
5,326,305.412,0.652,5.10416e-06,5.749996e-06,8.29583e-06,3.599993e-06,7.912493e-06,7.987499e-06,5.587498e-06,6.841659e-06,7.666659e-06,5.254165e-06,5.454159e-06,5.912495e-06,5.370831e-06,8.016666e-06,5.204161e-06,5.395826e-06
5,327,305.555,0.654,5.124998e-06,5.754161e-06,8.337498e-06,3.620831e-06,7.920829e-06,8.037496e-06,5.679162e-06,6.879163e-06,7.641665e-06,5.266658e-06,5.449994e-06,5.933332e-06,5.366659e-06,8.02083e-06,5.224999e-06,5.320827e-06
5,328,305.698,0.656,5.216662e-06,5.795829e-06,8.512497e-06,3.654162e-06,7.979163e-06,8.083328e-06,5.612493e-06,6.929159e-06,7.57916e-06,5.362495e-06,5.512492e-06,6.004159e-06,5.287496e-06,8.070827e-06,5.437493e-06,5.337492e-06
5,329,305.841,0.658,5.233328e-06,5.966663e-06,8.441662e-06,3.824997e-06,7.999993e-06,8.095829e-06,5.704164e-06,6.999993e-06,7.624992e-06,5.345829e-06,5.53333e-06,6.070828e-06,5.354166e-06,7.979163e-06,5.329164e-06,5.337492e-06
5,330,305.984,0.66,5.254165e-06,5.916659e-06,8.45e-06,3.691665e-06,8.112494e-06,8.162498e-06,5.80833e-06,7.02916e-06,7.554166e-06,5.399998e-06,5.558332e-06,6.104159e-06,5.304162e-06,8.045832e-06,5.433329e-06,5.295825e-06
5,331,306.127,0.662,5.299997e-06,5.954162e-06,8.48333e-06,3.708331e-06,8.199993e-06,8.220832e-06,5.858326e-06,7.045825e-06,7.633328e-06,5.429165e-06,5.583326e-06,6.124997e-06,5.316663e-06,8.004165e-06,5.366659e-06,5.283332e-06
5,332,306.27,0.664,5.35833e-06,6.058327e-06,8.541663e-06,3.69583e-06,8.116658e-06,8.237497e-06,5.858326e-06,7.1625e-06,7.524999e-06,5.487498e-06,5.624994e-06,6.187495e-06,5.324991e-06,8.02083e-06,5.420828e-06,5.212498e-06
5,333,306.413,0.666,5.479161e-06,6.058327e-06,8.59166e-06,3.754163e-06,8.245825e-06,8.279165e-06,5.899994e-06,7.174993e-06,7.533328e-06,5.499999e-06,5.683327e-06,6.220826e-06,5.299997e-06,8.058326e-06,5.429165e-06,5.17083e-06
5,334,306.556,0.668,5.44583e-06,6.099995e-06,8.666659e-06,3.820833e-06,8.308331e-06,8.308331e-06,5.999994e-06,7.19583e-06,7.549993e-06,5.574997e-06,5.762497e-06,6.295832e-06,5.295825e-06,8.062498e-06,5.516664e-06,5.195832e-06
5,335,306.699,0.67,5.591663e-06,6.166665e-06,8.683332e-06,3.833326e-06,8.29583e-06,8.341662e-06,6.020832e-06,7.254163e-06,7.537492e-06,5.637495e-06,5.699992e-06,6.287495e-06,5.283332e-06,8.087492e-06,5.537494e-06,5.158329e-06
5,336,306.842,0.672,5.470832e-06,6.170829e-06,8.733328e-06,3.862492e-06,8.370828e-06,8.358327e-06,6.041662e-06,7.295831e-06,7.529163e-06,5.670825e-06,5.84166e-06,6.299997e-06,5.291661e-06,8.083328e-06,5.562496e-06,5.174994e-06
5,337,306.985,0.674,5.691663e-06,6.241663e-06,8.816663e-06,3.891659e-06,8.387494e-06,8.558329e-06,6.099995e-06,7.520827e-06,7.512498e-06,5.662497e-06,5.891665e-06,6.39166e-06,5.262494e-06,8.095829e-06,5.63333e-06,5.174994e-06
5,338,307.128,0.676,5.729159e-06,6.237499e-06,8.862496e-06,3.891659e-06,8.437499e-06,8.441662e-06,6.083329e-06,7.474995e-06,7.504161e-06,5.712493e-06,5.899994e-06,6.362494e-06,5.341665e-06,8.066662e-06,5.645832e-06,5.179159e-06
5,339,307.271,0.678,5.695828e-06,6.324999e-06,8.862496e-06,3.949992e-06,8.458328e-06,8.524998e-06,6.124997e-06,7.583332e-06,7.495833e-06,5.795829e-06,5.937497e-06,6.462495e-06,5.316663e-06,8.266664e-06,5.708329e-06,5.141664e-06
5,340,307.414,0.68,5.762497e-06,6.383332e-06,8.954159e-06,3.933326e-06,8.50416e-06,8.57083e-06,6.195831e-06,7.454165e-06,7.520827e-06,5.829159e-06,5.991666e-06,6.483333e-06,5.333328e-06,8.158326e-06,5.733331e-06,5.116661e-06
5,341,307.557,0.682,5.733331e-06,6.416662e-06,9.012492e-06,3.999996e-06,8.583331e-06,8.587495e-06,6.233327e-06,7.429162e-06,7.433327e-06,5.816658e-06,6.024996e-06,6.570832e-06,5.304162e-06,8.079163e-06,5.724994e-06,5.145828e-06
5,342,307.7,0.684,5.804165e-06,6.483333e-06,9.05416e-06,3.995832e-06,8.604161e-06,8.633328e-06,6.249992e-06,7.641665e-06,7.408333e-06,5.887493e-06,6.070828e-06,6.595826e-06,5.249993e-06,8.120831e-06,5.845833e-06,5.141664e-06
5,343,307.843,0.686,5.816658e-06,6.470831e-06,9.112493e-06,3.995832e-06,8.683332e-06,8.674995e-06,6.329163e-06,7.608326e-06,7.416661e-06,5.937497e-06,6.104159e-06,6.658332e-06,5.304162e-06,8.116658e-06,5.84166e-06,5.141664e-06
5,344,307.986,0.688,5.820831e-06,6.562495e-06,9.195828e-06,4.09166e-06,8.662494e-06,8.733328e-06,6.370831e-06,7.67916e-06,7.399996e-06,5.987493e-06,6.162492e-06,6.73333e-06,5.316663e-06,8.166663e-06,5.970828e-06,5.112497e-06
5,345,308.129,0.69,5.90833e-06,6.56666e-06,9.245833e-06,4.09166e-06,8.724999e-06,8.812499e-06,6.408326e-06,7.716663e-06,7.395832e-06,6.045826e-06,6.237499e-06,6.691662e-06,5.308326e-06,8.174999e-06,5.962499e-06,5.133327e-06
5,346,308.273,0.692,5.983329e-06,6.629165e-06,9.266662e-06,4.09166e-06,8.787497e-06,8.774996e-06,6.445829e-06,7.749994e-06,7.412497e-06,6.020832e-06,6.233327e-06,6.741659e-06,5.341665e-06,8.179164e-06,6.066664e-06,5.049992e-06
5,347,308.416,0.694,6.008331e-06,6.716665e-06,9.262498e-06,4.083332e-06,8.787497e-06,8.804162e-06,6.491661e-06,7.820829e-06,7.399996e-06,6.054163e-06,6.233327e-06,6.866662e-06,5.324991e-06,8.233333e-06,6.020832e-06,5.079166e-06
5,348,308.559,0.696,6.20416e-06,6.741659e-06,9.333332e-06,4.170831e-06,8.833329e-06,8.849995e-06,6.537493e-06,7.849995e-06,7.395832e-06,6.145827e-06,6.274994e-06,6.862497e-06,5.337492e-06,8.224996e-06,6.087494e-06,5.091659e-06
5,349,308.702,0.698,6.008331e-06,6.770825e-06,9.349998e-06,4.233329e-06,8.816663e-06,8.908328e-06,6.549994e-06,7.887498e-06,7.341663e-06,6.212497e-06,6.312498e-06,6.870826e-06,5.383333e-06,8.174999e-06,6.124997e-06,5.145828e-06
5,350,308.845,0.7,6.133326e-06,6.799992e-06,9.483329e-06,4.224992e-06,8.929165e-06,8.983326e-06,6.620828e-06,7.916665e-06,7.391659e-06,6.258329e-06,6.404161e-06,6.899993e-06,5.420828e-06,8.299994e-06,6.158328e-06,5.116661e-06
5,351,308.988,0.702,6.179166e-06,6.812493e-06,9.524997e-06,4.287497e-06,8.937494e-06,9.029166e-06,6.679161e-06,7.962497e-06,7.329162e-06,6.241663e-06,6.441664e-06,6.891664e-06,5.349994e-06,8.320832e-06,6.208332e-06,5.087495e-06
5,352,309.131,0.704,6.191659e-06,6.837495e-06,9.574994e-06,4.262495e-06,8.999999e-06,9.004164e-06,6.749995e-06,7.983327e-06,7.299996e-06,6.324999e-06,6.429163e-06,6.954161e-06,5.254165e-06,8.345826e-06,6.266665e-06,5.145828e-06
5,353,309.274,0.706,6.266665e-06,6.891664e-06,9.541663e-06,4.374997e-06,9.02083e-06,9.041659e-06,6.691662e-06,8.104165e-06,7.358328e-06,6.374995e-06,6.520828e-06,7.024995e-06,5.27916e-06,8.241662e-06,6.299997e-06,5.108333e-06
5,354,309.417,0.708,6.27083e-06,7.020831e-06,9.566665e-06,4.379161e-06,9.041659e-06,9.079162e-06,6.812493e-06,8.112494e-06,7.28333e-06,6.379159e-06,6.524992e-06,7.033332e-06,5.308326e-06,8.254163e-06,6.429163e-06,5.108333e-06
5,355,309.56,0.71,6.324999e-06,6.995829e-06,9.620825e-06,4.462496e-06,9.124994e-06,9.112493e-06,6.841659e-06,8.166663e-06,7.337499e-06,6.45833e-06,6.608327e-06,7.11666e-06,5.324991e-06,8.262499e-06,6.445829e-06,5.091659e-06
5,356,309.703,0.712,6.383332e-06,7.058326e-06,9.662493e-06,4.358331e-06,9.108328e-06,9.133331e-06,6.874998e-06,8.22916e-06,7.28333e-06,6.520828e-06,6.649995e-06,7.11666e-06,5.362495e-06,8.291666e-06,6.441664e-06,5.07083e-06
5,357,309.846,0.714,6.462495e-06,7.074992e-06,9.749992e-06,4.374997e-06,9.275e-06,9.266662e-06,6.924995e-06,8.262499e-06,7.270829e-06,6.583325e-06,6.629165e-06,7.191666e-06,5.362495e-06,8.349999e-06,6.483333e-06,5.149992e-06
5,358,309.989,0.716,6.483333e-06,7.199995e-06,9.779159e-06,4.424993e-06,9.162498e-06,9.212494e-06,6.945832e-06,8.22916e-06,7.254163e-06,6.612492e-06,6.699999e-06,7.237498e-06,5.341665e-06,8.329161e-06,6.591662e-06,5.062493e-06
5,359,310.132,0.718,6.56666e-06,7.170828e-06,9.824999e-06,4.466661e-06,9.279163e-06,9.270827e-06,7.049998e-06,8.362492e-06,7.274993e-06,6.63333e-06,6.720829e-06,7.308332e-06,5.35833e-06,8.374993e-06,6.591662e-06,5.124998e-06
5,360,310.275,0.72,6.620828e-06,7.237498e-06,9.883332e-06,4.466661e-06,9.262498e-06,9.22083e-06,7.204159e-06,8.337498e-06,7.30416e-06,6.629165e-06,6.762496e-06,7.308332e-06,5.420828e-06,8.354164e-06,6.637494e-06,5.099996e-06
5,361,310.418,0.722,6.795828e-06,7.316661e-06,9.941666e-06,4.487499e-06,9.295829e-06,9.354162e-06,7.045825e-06,8.420833e-06,7.245827e-06,6.716665e-06,6.899993e-06,7.366665e-06,5.37916e-06,8.387494e-06,6.699999e-06,5.149992e-06
5,362,310.561,0.724,6.845832e-06,7.362493e-06,9.97916e-06,4.508328e-06,9.349998e-06,9.345826e-06,7.129161e-06,8.499996e-06,7.224997e-06,6.779162e-06,6.841659e-06,7.420826e-06,5.374996e-06,8.41666e-06,6.720829e-06,5.174994e-06
5,363,310.704,0.726,6.670833e-06,7.383331e-06,1.0008327e-05,4.558333e-06,9.391665e-06,9.362499e-06,7.133333e-06,8.491659e-06,7.366665e-06,6.816666e-06,6.912494e-06,7.379158e-06,5.420828e-06,8.345826e-06,6.804164e-06,5.166666e-06
5,364,310.847,0.728,6.749995e-06,7.533328e-06,9.987497e-06,4.562497e-06,9.41666e-06,9.408331e-06,7.191666e-06,8.508333e-06,7.295831e-06,6.870826e-06,6.933331e-06,7.47083e-06,5.404162e-06,8.370828e-06,6.862497e-06,5.174994e-06
5,365,310.99,0.73,6.933331e-06,7.487496e-06,1.0129165e-05,4.616666e-06,9.445826e-06,9.466664e-06,7.279165e-06,8.566665e-06,7.199995e-06,6.924995e-06,7.049998e-06,7.520827e-06,5.470832e-06,8.441662e-06,6.8875e-06,5.199997e-06
5,366,311.133,0.732,6.837495e-06,7.566658e-06,1.0170826e-05,4.633331e-06,9.520832e-06,9.524997e-06,7.337499e-06,8.604161e-06,7.254163e-06,6.991665e-06,7.066663e-06,7.562494e-06,5.495826e-06,8.408332e-06,6.94166e-06,5.179159e-06
5,367,311.276,0.734,6.908329e-06,7.612498e-06,1.0199992e-05,4.624995e-06,9.558328e-06,9.541663e-06,7.395832e-06,8.649993e-06,7.158327e-06,7.012494e-06,7.141662e-06,7.654166e-06,5.437493e-06,8.50416e-06,7.024995e-06,5.237492e-06
5,368,311.419,0.736,6.974999e-06,7.658331e-06,1.0237495e-05,4.745825e-06,9.533326e-06,9.570829e-06,7.40416e-06,8.691661e-06,7.137497e-06,7.066663e-06,7.183329e-06,7.716663e-06,5.504163e-06,8.404159e-06,7.045825e-06,5.233328e-06
5,369,311.562,0.738,7.124996e-06,7.733329e-06,1.0245832e-05,4.687492e-06,9.574994e-06,9.591659e-06,7.445828e-06,8.770831e-06,7.137497e-06,7.233326e-06,7.229161e-06,7.737493e-06,5.495826e-06,8.529162e-06,7.104159e-06,5.283332e-06
5,370,311.706,0.74,7.129161e-06,7.645829e-06,1.0312494e-05,4.720831e-06,9.67083e-06,9.599996e-06,7.508326e-06,8.783332e-06,7.158327e-06,7.183329e-06,7.212496e-06,7.824993e-06,5.541659e-06,8.474994e-06,7.133333e-06,5.254165e-06
5,371,311.849,0.742,7.291659e-06,7.749994e-06,1.0370827e-05,4.749998e-06,9.691659e-06,9.674995e-06,7.541664e-06,8.854158e-06,7.141662e-06,7.208331e-06,7.274993e-06,7.841659e-06,5.537494e-06,8.57083e-06,7.237498e-06,5.308326e-06
5,372,311.992,0.744,7.40416e-06,7.783326e-06,1.0433332e-05,4.783328e-06,9.674995e-06,9.683331e-06,7.641665e-06,8.870832e-06,7.137497e-06,7.270829e-06,7.287495e-06,7.74583e-06,5.529165e-06,8.508333e-06,7.312497e-06,5.324991e-06
5,373,312.135,0.746,7.312497e-06,7.874997e-06,1.0441661e-05,4.833333e-06,9.762493e-06,9.799997e-06,7.649994e-06,8.945831e-06,7.133333e-06,7.358328e-06,7.333326e-06,7.820829e-06,5.637495e-06,8.533327e-06,7.312497e-06,5.37916e-06
5,374,312.278,0.748,7.445828e-06,7.816664e-06,1.0545826e-05,4.812495e-06,9.779159e-06,9.779159e-06,7.729165e-06,8.987498e-06,7.099994e-06,7.37083e-06,7.40416e-06,7.85416e-06,5.474997e-06,8.520826e-06,7.354164e-06,5.354166e-06
5,375,312.421,0.75,7.395832e-06,7.93333e-06,1.0524996e-05,4.920832e-06,9.770831e-06,9.866659e-06,7.733329e-06,9.083326e-06,7.124996e-06,7.429162e-06,7.47083e-06,7.899992e-06,5.691663e-06,8.579159e-06,7.454165e-06,5.399998e-06
5,376,312.564,0.752,7.424998e-06,8.120831e-06,1.0712496e-05,4.954163e-06,9.820827e-06,9.862494e-06,7.770833e-06,9.058333e-06,7.079164e-06,7.487496e-06,7.495833e-06,7.895827e-06,5.55416e-06,8.67916e-06,7.445828e-06,5.44583e-06
5,377,312.707,0.754,7.466666e-06,7.962497e-06,1.0724997e-05,4.874993e-06,9.895825e-06,9.85833e-06,7.820829e-06,9.133331e-06,7.083328e-06,7.524999e-06,7.512498e-06,7.995828e-06,5.637495e-06,8.59166e-06,7.524999e-06,5.458331e-06
5,378,312.85,0.756,7.516662e-06,8.112494e-06,1.0649999e-05,4.941662e-06,9.933328e-06,9.916663e-06,7.841659e-06,9.137495e-06,7.062499e-06,7.595825e-06,7.541664e-06,8.02083e-06,5.624994e-06,8.583331e-06,7.604162e-06,5.429165e-06
5,379,312.993,0.758,7.541664e-06,8.054161e-06,1.0683329e-05,4.945827e-06,9.95833e-06,9.887497e-06,7.866661e-06,9.224995e-06,7.049998e-06,7.587496e-06,7.604162e-06,8.054161e-06,5.649996e-06,8.624998e-06,7.670832e-06,5.591663e-06
5,380,313.136,0.76,7.687497e-06,8.104165e-06,1.0741663e-05,4.974993e-06,1.0129165e-05,1.0024993e-05,7.920829e-06,9.237496e-06,7.045825e-06,7.683333e-06,7.674996e-06,8.116658e-06,5.716666e-06,8.633328e-06,7.674996e-06,5.483325e-06
5,381,313.279,0.762,7.699999e-06,8.166663e-06,1.0829162e-05,5.066665e-06,1.0054159e-05,1.0020828e-05,7.979163e-06,9.262498e-06,7.083328e-06,7.724992e-06,7.666659e-06,8.224996e-06,5.683327e-06,8.666659e-06,7.612498e-06,5.491662e-06
5,382,313.422,0.764,7.908328e-06,8.179164e-06,1.0833327e-05,4.991658e-06,1.004583e-05,1.004583e-05,8.070827e-06,9.291664e-06,7.049998e-06,7.787497e-06,7.754159e-06,8.170828e-06,5.749996e-06,8.633328e-06,7.729165e-06,5.491662e-06
5,383,313.565,0.766,7.945831e-06,8.22916e-06,1.0879159e-05,5.062493e-06,1.0058331e-05,1.0070833e-05,8.183329e-06,9.412495e-06,7.087493e-06,7.862496e-06,7.74583e-06,8.245825e-06,5.729159e-06,8.65833e-06,7.783326e-06,5.483325e-06
5,384,313.708,0.768,7.924994e-06,8.312496e-06,1.095833e-05,5.087495e-06,1.0095827e-05,1.004583e-05,8.249998e-06,9.412495e-06,7.012494e-06,7.837494e-06,7.808328e-06,8.262499e-06,5.749996e-06,8.674995e-06,7.866661e-06,5.591663e-06
5,385,313.851,0.77,7.899992e-06,8.262499e-06,1.0949993e-05,5.112497e-06,1.0120829e-05,1.0104163e-05,8.224996e-06,9.433325e-06,7.020831e-06,7.949996e-06,7.820829e-06,8.291666e-06,5.770826e-06,8.708326e-06,7.908328e-06,5.579162e-06
5,386,313.994,0.772,7.908328e-06,8.312496e-06,1.104583e-05,5.141664e-06,1.015416e-05,1.0174997e-05,8.279165e-06,9.487494e-06,6.966663e-06,7.995828e-06,7.874997e-06,8.41666e-06,5.783327e-06,8.720827e-06,7.912493e-06,5.662497e-06
5,387,314.137,0.774,7.895827e-06,8.437499e-06,1.1091662e-05,5.183331e-06,1.0187498e-05,1.0187498e-05,8.208331e-06,9.516661e-06,7.058326e-06,7.945831e-06,7.916665e-06,8.349999e-06,5.833332e-06,8.662494e-06,8.016666e-06,5.683327e-06
5,388,314.28,0.776,7.958332e-06,8.441662e-06,1.1112499e-05,5.204161e-06,1.0199992e-05,1.022083e-05,8.274992e-06,9.574994e-06,7.091665e-06,8.045832e-06,7.983327e-06,8.408332e-06,5.866663e-06,8.75833e-06,8.049997e-06,5.691663e-06
5,389,314.423,0.778,8.054161e-06,8.45e-06,1.114583e-05,5.187495e-06,1.0224994e-05,1.0274998e-05,8.299994e-06,9.566665e-06,7.087493e-06,8.083328e-06,8.066662e-06,8.433326e-06,5.904166e-06,8.733328e-06,8.066662e-06,5.708329e-06
5,390,314.566,0.78,8.079163e-06,8.579159e-06,1.1237494e-05,5.266658e-06,1.0249996e-05,1.032083e-05,8.341662e-06,9.595831e-06,7.074992e-06,8.154162e-06,8.095829e-06,8.50416e-06,5.949998e-06,8.77916e-06,8.10833e-06,5.766662e-06
5,391,314.709,0.782,8.174999e-06,8.633328e-06,1.1324993e-05,5.204161e-06,1.0299993e-05,1.0324995e-05,8.404159e-06,9.666665e-06,6.962498e-06,8.149997e-06,8.087492e-06,8.541663e-06,5.916659e-06,8.749994e-06,8.224996e-06,5.829159e-06
5,392,314.852,0.784,8.204166e-06,8.624998e-06,1.1349996e-05,5.291661e-06,1.032916e-05,1.0374999e-05,8.437499e-06,9.720826e-06,6.974999e-06,8.362492e-06,8.224996e-06,8.562493e-06,5.999994e-06,8.795826e-06,8.29583e-06,5.874999e-06
5,393,314.995,0.786,8.312496e-06,8.583331e-06,1.1358333e-05,5.287496e-06,1.0399994e-05,1.0379164e-05,8.466665e-06,9.762493e-06,6.945832e-06,8.249998e-06,8.220832e-06,8.583331e-06,5.999994e-06,8.783332e-06,8.287493e-06,5.899994e-06
5,394,315.139,0.788,8.283329e-06,8.687496e-06,1.142083e-05,5.299997e-06,1.0316666e-05,1.0449998e-05,8.5375e-06,9.837492e-06,6.970827e-06,8.304159e-06,8.19583e-06,8.583331e-06,6.054163e-06,8.804162e-06,8.387494e-06,5.904166e-06
5,395,315.282,0.79,8.579159e-06,8.699997e-06,1.1379162e-05,5.37916e-06,1.0424996e-05,1.0491665e-05,8.587495e-06,9.849993e-06,6.94166e-06,8.304159e-06,8.266664e-06,8.654165e-06,6.09583e-06,8.795826e-06,8.345826e-06,5.920831e-06
5,396,315.425,0.792,8.59166e-06,8.749994e-06,1.1462498e-05,5.404162e-06,1.0441661e-05,1.049583e-05,8.587495e-06,9.916663e-06,6.966663e-06,8.412496e-06,8.337498e-06,8.674995e-06,6.091658e-06,8.837494e-06,8.433326e-06,6.020832e-06
5,397,315.568,0.794,8.666659e-06,8.762495e-06,1.152916e-05,5.483325e-06,1.0416658e-05,1.0566664e-05,8.587495e-06,9.966659e-06,6.954161e-06,8.441662e-06,8.29583e-06,8.729164e-06,6.224998e-06,8.870832e-06,8.48333e-06,6.041662e-06
5,398,315.711,0.796,8.654165e-06,8.833329e-06,1.1508329e-05,5.46666e-06,1.0558327e-05,1.0629161e-05,8.683332e-06,9.941666e-06,6.94166e-06,8.470829e-06,8.345826e-06,8.729164e-06,6.216661e-06,8.862496e-06,8.529162e-06,6.066664e-06
5,399,315.854,0.798,8.50416e-06,8.84583e-06,1.1708331e-05,5.458331e-06,1.052916e-05,1.0633325e-05,8.712498e-06,1.0037494e-05,6.933331e-06,8.50416e-06,8.429161e-06,8.762495e-06,6.220826e-06,9.012492e-06,8.599996e-06,6.079165e-06
5,400,315.997,0.8,8.608326e-06,8.824993e-06,1.1575e-05,5.53333e-06,1.0524996e-05,1.0624997e-05,8.716663e-06,1.0116664e-05,6.991665e-06,8.599996e-06,8.495832e-06,8.791661e-06,6.18333e-06,8.93333e-06,8.649993e-06,6.166665e-06
5,401,316.14,0.802,8.670831e-06,8.895826e-06,1.1729161e-05,5.524993e-06,1.0591666e-05,1.0645826e-05,8.808327e-06,1.0058331e-05,6.912494e-06,8.608326e-06,8.479166e-06,8.883325e-06,6.212497e-06,8.837494e-06,8.687496e-06,6.154164e-06
5,402,316.283,0.804,8.687496e-06,8.908328e-06,1.1845827e-05,5.616665e-06,1.0574992e-05,1.0766666e-05,8.858331e-06,1.0179162e-05,6.94166e-06,8.687496e-06,8.549992e-06,8.929165e-06,6.262493e-06,8.862496e-06,8.787497e-06,6.224998e-06
5,403,316.426,0.806,8.749994e-06,8.962496e-06,1.1762492e-05,5.670825e-06,1.070416e-05,1.0712496e-05,8.912491e-06,1.0162496e-05,6.879163e-06,8.724999e-06,8.5375e-06,8.920829e-06,6.299997e-06,9.087499e-06,8.816663e-06,6.18333e-06
5,404,316.569,0.808,8.812499e-06,9.016665e-06,1.1766664e-05,5.65416e-06,1.0774994e-05,1.0737499e-05,8.945831e-06,1.0199992e-05,6.899993e-06,8.77916e-06,8.57083e-06,8.962496e-06,6.354165e-06,8.891662e-06,8.816663e-06,6.320826e-06
5,405,316.712,0.81,8.86666e-06,9.145832e-06,1.1829162e-05,5.570825e-06,1.0795831e-05,1.0816661e-05,8.912491e-06,1.0245832e-05,6.933331e-06,8.849995e-06,8.629163e-06,9.037494e-06,6.354165e-06,8.962496e-06,8.749994e-06,6.279159e-06
5,406,316.855,0.812,8.945831e-06,9.099992e-06,1.1870829e-05,5.608328e-06,1.0687494e-05,1.0895832e-05,8.96666e-06,1.0270826e-05,6.845832e-06,8.86666e-06,8.691661e-06,9.016665e-06,6.424999e-06,8.912491e-06,8.949995e-06,6.304161e-06
5,407,316.998,0.814,9.008329e-06,9.112493e-06,1.1912497e-05,5.679162e-06,1.0679166e-05,1.1020828e-05,9.004164e-06,1.0383328e-05,6.883327e-06,8.93333e-06,8.699997e-06,9.004164e-06,6.420827e-06,8.979162e-06,8.93333e-06,6.354165e-06
5,408,317.141,0.816,9.137495e-06,9.166662e-06,1.1941664e-05,5.708329e-06,1.0799996e-05,1.0833327e-05,9.091664e-06,1.0358325e-05,6.883327e-06,8.937494e-06,8.737493e-06,9.104165e-06,6.454166e-06,8.945831e-06,8.937494e-06,6.341664e-06
5,409,317.284,0.818,9.162498e-06,9.212494e-06,1.1949992e-05,5.72083e-06,1.0733326e-05,1.0912498e-05,9.12083e-06,1.0399994e-05,6.879163e-06,9.024993e-06,8.841665e-06,9.145832e-06,6.537493e-06,8.970833e-06,9.037494e-06,6.45833e-06
5,410,317.427,0.82,9.229159e-06,9.324996e-06,1.2024999e-05,5.745832e-06,1.0799996e-05,1.0916662e-05,9.095827e-06,1.0504166e-05,6.870826e-06,9.033331e-06,8.75833e-06,9.195828e-06,6.529164e-06,8.974997e-06,9.041659e-06,6.47916e-06
5,411,317.57,0.822,9.183327e-06,9.291664e-06,1.2241666e-05,5.766662e-06,1.0829162e-05,1.0895832e-05,9.091664e-06,1.049583e-05,6.883327e-06,9.058333e-06,8.916664e-06,9.145832e-06,6.583325e-06,8.991663e-06,9.12083e-06,6.54583e-06
5,412,317.713,0.824,9.154161e-06,9.362499e-06,1.2120827e-05,5.774998e-06,1.0812497e-05,1.1033329e-05,9.191665e-06,1.0491665e-05,6.812493e-06,9.104165e-06,8.887498e-06,9.149996e-06,6.616664e-06,9.02083e-06,9.116666e-06,6.591662e-06
5,413,317.856,0.826,9.237496e-06,9.412495e-06,1.2162494e-05,5.845833e-06,1.0866665e-05,1.1062495e-05,9.208329e-06,1.0624997e-05,6.824994e-06,9.154161e-06,8.941666e-06,9.224995e-06,6.616664e-06,9.058333e-06,9.22083e-06,6.63333e-06
5,414,317.999,0.828,9.279163e-06,9.433325e-06,1.2191661e-05,5.899994e-06,1.089166e-05,1.1129165e-05,9.24166e-06,1.0524996e-05,7.041661e-06,9.179163e-06,8.974997e-06,9.30833e-06,6.624993e-06,9.012492e-06,9.229159e-06,6.679161e-06
5,415,318.142,0.83,9.41666e-06,9.412495e-06,1.2237493e-05,5.837496e-06,1.0945829e-05,1.1062495e-05,9.324996e-06,1.0604159e-05,6.895828e-06,9.30833e-06,9.016665e-06,9.370828e-06,6.73333e-06,9.087499e-06,9.291664e-06,6.816666e-06
5,416,318.285,0.832,9.341661e-06,9.483329e-06,1.2295826e-05,5.912495e-06,1.0970831e-05,1.1141666e-05,9.32916e-06,1.061666e-05,6.745831e-06,9.229159e-06,9.058333e-06,9.354162e-06,6.724993e-06,9.024993e-06,9.316659e-06,6.741659e-06
5,417,318.428,0.834,9.399994e-06,9.470828e-06,1.2391662e-05,5.887493e-06,1.0962494e-05,1.1199999e-05,9.374992e-06,1.0729162e-05,6.791663e-06,9.324996e-06,9.174999e-06,9.379164e-06,6.845832e-06,9.049996e-06,9.362499e-06,6.824994e-06
5,418,318.571,0.836,9.549999e-06,9.50416e-06,1.2416665e-05,5.966663e-06,1.0991661e-05,1.1216664e-05,9.387493e-06,1.075e-05,6.845832e-06,9.374992e-06,9.104165e-06,9.408331e-06,6.870826e-06,9.041659e-06,9.41666e-06,6.82083e-06
5,419,318.715,0.838,9.437497e-06,9.50416e-06,1.243333e-05,5.962499e-06,1.1041665e-05,1.1254159e-05,9.458327e-06,1.0791659e-05,6.824994e-06,9.41666e-06,9.279163e-06,9.370828e-06,6.837495e-06,9.070825e-06,9.424996e-06,6.954161e-06
5,420,318.858,0.84,9.637499e-06,9.533326e-06,1.2524994e-05,5.962499e-06,1.1049994e-05,1.1312492e-05,9.50416e-06,1.0808333e-05,6.829158e-06,9.399994e-06,9.191665e-06,9.662493e-06,6.979164e-06,9.104165e-06,9.479165e-06,6.908329e-06
5,421,319.001,0.842,9.724999e-06,9.679158e-06,1.2499992e-05,6.062492e-06,1.104583e-05,1.1295827e-05,9.512496e-06,1.0887496e-05,6.787499e-06,9.445826e-06,9.262498e-06,9.554164e-06,7.016659e-06,9.104165e-06,9.579166e-06,6.912494e-06
5,422,319.144,0.844,9.629162e-06,9.75833e-06,1.2587499e-05,6.037497e-06,1.1058331e-05,1.1399992e-05,9.549999e-06,1.0945829e-05,6.808329e-06,9.529162e-06,9.245833e-06,9.524997e-06,7.037497e-06,9.12083e-06,9.616661e-06,7.004166e-06
5,423,319.287,0.846,9.637499e-06,9.687496e-06,1.2587499e-05,6.033325e-06,1.1129165e-05,1.1412493e-05,9.620825e-06,1.0991661e-05,6.82083e-06,9.566665e-06,9.345826e-06,9.487494e-06,7.145826e-06,9.262498e-06,9.624998e-06,7.062499e-06
5,424,319.43,0.848,9.716662e-06,9.729163e-06,1.2691665e-05,6.120833e-06,1.1108327e-05,1.1433332e-05,9.60416e-06,1.097916e-05,6.783327e-06,9.624998e-06,9.383329e-06,9.558328e-06,7.066663e-06,9.262498e-06,9.704161e-06,7.099994e-06
5,425,319.573,0.85,9.783332e-06,9.645828e-06,1.2629159e-05,6.129162e-06,1.1191662e-05,1.1487492e-05,9.633327e-06,1.1083333e-05,6.799992e-06,9.620825e-06,9.39583e-06,9.562493e-06,7.133333e-06,9.224995e-06,9.874995e-06,7.170828e-06
5,426,319.716,0.852,9.783332e-06,9.699997e-06,1.2666663e-05,6.229162e-06,1.1216664e-05,1.1491664e-05,9.666665e-06,1.1099998e-05,6.762496e-06,9.67083e-06,9.370828e-06,9.637499e-06,7.129161e-06,9.187492e-06,9.762493e-06,7.19583e-06
5,427,319.859,0.854,9.866659e-06,9.849993e-06,1.2804167e-05,6.262493e-06,1.1258332e-05,1.1479163e-05,9.75833e-06,1.1162496e-05,6.774998e-06,9.699997e-06,9.437497e-06,9.658329e-06,7.187494e-06,9.30833e-06,9.849993e-06,7.258328e-06
5,428,320.002,0.856,9.837492e-06,9.766666e-06,1.2762499e-05,6.20416e-06,1.135416e-05,1.1612495e-05,9.754165e-06,1.1108327e-05,6.824994e-06,9.733327e-06,9.508331e-06,9.687496e-06,7.266664e-06,9.129159e-06,9.904162e-06,7.349992e-06
5,429,320.145,0.858,9.999999e-06,9.787496e-06,1.2824997e-05,6.195831e-06,1.126666e-05,1.1666663e-05,9.824999e-06,1.1262497e-05,6.758332e-06,9.845829e-06,9.570829e-06,9.741664e-06,7.28333e-06,9.179163e-06,9.854166e-06,7.308332e-06
5,430,320.288,0.86,1.0158332e-05,9.824999e-06,1.2887494e-05,6.229162e-06,1.1283326e-05,1.1674992e-05,9.833328e-06,1.1241658e-05,6.837495e-06,9.887497e-06,9.570829e-06,9.783332e-06,7.28333e-06,9.199993e-06,9.916663e-06,7.312497e-06
5,431,320.431,0.862,1.0204164e-05,9.874995e-06,1.2908332e-05,6.245828e-06,1.1345832e-05,1.1724997e-05,9.824999e-06,1.1274998e-05,6.75416e-06,9.85833e-06,9.591659e-06,9.812498e-06,7.358328e-06,9.216667e-06,9.945829e-06,7.395832e-06
5,432,320.574,0.864,1.0141659e-05,9.887497e-06,1.2991659e-05,6.299997e-06,1.1283326e-05,1.1766664e-05,9.954158e-06,1.1295827e-05,6.745831e-06,9.870831e-06,9.562493e-06,9.837492e-06,7.399996e-06,9.258326e-06,1.0020828e-05,7.437499e-06
5,433,320.717,0.866,1.0091662e-05,9.924992e-06,1.298333e-05,6.333327e-06,1.1304164e-05,1.1808332e-05,9.999999e-06,1.1374998e-05,6.75416e-06,9.899998e-06,9.616661e-06,9.829164e-06,7.466666e-06,9.199993e-06,1.0041666e-05,7.445828e-06
5,434,320.86,0.868,1.0341661e-05,9.962495e-06,1.3066665e-05,6.374995e-06,1.1349996e-05,1.1920825e-05,9.954158e-06,1.1454161e-05,6.783327e-06,9.995826e-06,9.674995e-06,9.916663e-06,7.487496e-06,9.216667e-06,1.0083326e-05,7.549993e-06
5,435,321.003,0.87,1.0291664e-05,9.924992e-06,1.3070829e-05,6.345828e-06,1.1404165e-05,1.1758328e-05,9.895825e-06,1.1412493e-05,6.812493e-06,1.0024993e-05,9.770831e-06,9.916663e-06,7.495833e-06,9.204166e-06,1.0108328e-05,7.574995e-06
5,436,321.146,0.872,1.0187498e-05,1.0095827e-05,1.3079167e-05,6.408326e-06,1.1408329e-05,1.1858328e-05,1.0024993e-05,1.1549997e-05,6.758332e-06,1.0083326e-05,9.733327e-06,9.870831e-06,7.533328e-06,9.266662e-06,1.0174997e-05,7.666659e-06
5,437,321.289,0.874,1.0270826e-05,9.991661e-06,1.3179159e-05,6.404161e-06,1.1424994e-05,1.1895831e-05,1.0054159e-05,1.152083e-05,6.866662e-06,1.0141659e-05,9.795833e-06,9.933328e-06,7.566658e-06,9.30833e-06,1.0183327e-05,7.662495e-06
5,438,321.432,0.876,1.0387492e-05,1.0112492e-05,1.3229163e-05,6.483333e-06,1.1445833e-05,1.1895831e-05,1.0070833e-05,1.1483327e-05,6.724993e-06,1.0158332e-05,9.808326e-06,1.0008327e-05,7.658331e-06,9.233332e-06,1.0287499e-05,7.737493e-06
5,439,321.575,0.878,1.0433332e-05,1.0141659e-05,1.3291661e-05,6.483333e-06,1.1541661e-05,1.1929163e-05,1.0116664e-05,1.152916e-05,6.691662e-06,1.0270826e-05,9.870831e-06,9.999999e-06,7.691661e-06,9.324996e-06,1.0312494e-05,7.829165e-06
5,440,321.718,0.88,1.0474992e-05,1.013333e-05,1.3329164e-05,6.495825e-06,1.1637497e-05,1.1999997e-05,1.0141659e-05,1.1579164e-05,6.712492e-06,1.0295828e-05,9.904162e-06,1.0079161e-05,7.729165e-06,9.287493e-06,1.0345832e-05,7.795827e-06
5,441,321.861,0.882,1.0516659e-05,1.0166661e-05,1.3354166e-05,6.508326e-06,1.1570827e-05,1.2020826e-05,1.0195828e-05,1.1641661e-05,6.662496e-06,1.0237495e-05,9.933328e-06,1.0116664e-05,7.749994e-06,9.254161e-06,1.0366663e-05,7.891663e-06
5,442,322.004,0.884,1.0687494e-05,1.0245832e-05,1.3454159e-05,6.537493e-06,1.1566663e-05,1.2016662e-05,1.0212493e-05,1.1687493e-05,6.716665e-06,1.0449998e-05,1.0074997e-05,1.0266662e-05,7.837494e-06,9.337497e-06,1.0458326e-05,7.895827e-06
5,443,322.148,0.886,1.0741663e-05,1.0295828e-05,1.3429165e-05,6.529164e-06,1.1533331e-05,1.2054165e-05,1.0195828e-05,1.1787494e-05,6.699999e-06,1.0333331e-05,9.970832e-06,1.0129165e-05,7.83333e-06,9.312495e-06,1.0433332e-05,8.062498e-06
5,444,322.291,0.888,1.0524996e-05,1.0283327e-05,1.3454159e-05,6.63333e-06,1.162916e-05,1.2125e-05,1.0312494e-05,1.1795831e-05,6.741659e-06,1.0374999e-05,1.0008327e-05,1.0312494e-05,7.849995e-06,9.379164e-06,1.049583e-05,7.991664e-06
5,445,322.434,0.89,1.0787495e-05,1.032083e-05,1.353333e-05,6.645831e-06,1.1583328e-05,1.2220828e-05,1.0354162e-05,1.1858328e-05,6.745831e-06,1.0420831e-05,1.0087498e-05,1.0183327e-05,7.983327e-06,9.370828e-06,1.0520832e-05,8.004165e-06
5,446,322.577,0.892,1.0837499e-05,1.0274998e-05,1.3595827e-05,6.691662e-06,1.1624996e-05,1.2166659e-05,1.0370827e-05,1.1866665e-05,6.708328e-06,1.0483329e-05,1.0054159e-05,1.0212493e-05,8.049997e-06,9.391665e-06,1.0533333e-05,8.045832e-06
5,447,322.72,0.894,1.0641662e-05,1.0341661e-05,1.3633331e-05,6.695827e-06,1.1687493e-05,1.2220828e-05,1.0291664e-05,1.1812496e-05,6.708328e-06,1.0470828e-05,1.0104163e-05,1.0199992e-05,7.974998e-06,9.429161e-06,1.0604159e-05,8.133332e-06
5,448,322.863,0.896,1.0687494e-05,1.0341661e-05,1.3770827e-05,6.716665e-06,1.1670828e-05,1.2270832e-05,1.0379164e-05,1.1983331e-05,6.704164e-06,1.0516659e-05,1.0145831e-05,1.0237495e-05,7.987499e-06,9.512496e-06,1.0683329e-05,8.170828e-06
5,449,323.006,0.898,1.0708332e-05,1.032916e-05,1.3770827e-05,6.779162e-06,1.1724997e-05,1.2304163e-05,1.0379164e-05,1.1920825e-05,6.704164e-06,1.0566664e-05,1.0187498e-05,1.0291664e-05,8.058326e-06,9.570829e-06,1.0774994e-05,8.224996e-06
5,450,323.149,0.9,1.0816661e-05,1.0379164e-05,1.365416e-05,6.758332e-06,1.1729161e-05,1.2349995e-05,1.049583e-05,1.2083332e-05,6.704164e-06,1.0629161e-05,1.0224994e-05,1.0341661e-05,8.120831e-06,9.408331e-06,1.089166e-05,8.279165e-06
5,451,323.292,0.902,1.0849993e-05,1.0420831e-05,1.3733332e-05,6.899993e-06,1.1820833e-05,1.236666e-05,1.0520832e-05,1.1999997e-05,6.73333e-06,1.0604159e-05,1.0245832e-05,1.0366663e-05,8.137496e-06,9.366663e-06,1.0795831e-05,8.312496e-06
5,452,323.435,0.904,1.089166e-05,1.0462499e-05,1.3729159e-05,6.75416e-06,1.1887495e-05,1.2391662e-05,1.0545826e-05,1.205833e-05,6.699999e-06,1.0716661e-05,1.0291664e-05,1.0412495e-05,8.233333e-06,9.424996e-06,1.0795831e-05,8.395831e-06
5,453,323.578,0.906,1.0949993e-05,1.0458326e-05,1.382916e-05,6.82083e-06,1.1795831e-05,1.2449996e-05,1.0608332e-05,1.2162494e-05,6.73333e-06,1.0758328e-05,1.0312494e-05,1.0445825e-05,8.254163e-06,9.408331e-06,1.0837499e-05,8.374993e-06
5,454,323.721,0.908,1.1129165e-05,1.0504166e-05,1.3887493e-05,6.854161e-06,1.1816661e-05,1.2491663e-05,1.0633325e-05,1.2174995e-05,6.766661e-06,1.0716661e-05,1.040833e-05,1.0483329e-05,8.299994e-06,9.437497e-06,1.0916662e-05,8.399995e-06
5,455,323.864,0.91,1.1158331e-05,1.0549998e-05,1.3937497e-05,6.8875e-06,1.1833326e-05,1.2599993e-05,1.0620833e-05,1.2187496e-05,6.679161e-06,1.0787495e-05,1.040833e-05,1.0579165e-05,8.366665e-06,9.441662e-06,1.0970831e-05,8.433326e-06
5,456,324.007,0.912,1.1249996e-05,1.0562499e-05,1.3958327e-05,6.933331e-06,1.1879166e-05,1.2629159e-05,1.0687494e-05,1.2295826e-05,6.708328e-06,1.0829162e-05,1.0462499e-05,1.0487493e-05,8.370828e-06,9.441662e-06,1.0991661e-05,8.508333e-06
5,457,324.15,0.914,1.1308328e-05,1.0699995e-05,1.4012496e-05,6.949997e-06,1.1870829e-05,1.2558333e-05,1.0762493e-05,1.2354159e-05,6.645831e-06,1.089166e-05,1.0437497e-05,1.0574992e-05,8.458328e-06,9.408331e-06,1.1024999e-05,8.495832e-06
5,458,324.293,0.916,1.1366661e-05,1.0579165e-05,1.4091666e-05,6.954161e-06,1.1891659e-05,1.2654162e-05,1.0845828e-05,1.2316664e-05,6.670833e-06,1.0945829e-05,1.0541661e-05,1.0641662e-05,8.470829e-06,9.470828e-06,1.1054166e-05,8.65833e-06
5,459,324.436,0.918,1.1095826e-05,1.0670828e-05,1.4133327e-05,6.962498e-06,1.1979158e-05,1.2633332e-05,1.0766666e-05,1.2424994e-05,6.712492e-06,1.095833e-05,1.0549998e-05,1.0562499e-05,8.491659e-06,9.50416e-06,1.1095826e-05,8.629163e-06
5,460,324.579,0.92,1.1337494e-05,1.0641662e-05,1.4112497e-05,7.02916e-06,1.1941664e-05,1.2687492e-05,1.0729162e-05,1.2516665e-05,6.674997e-06,1.1012498e-05,1.058333e-05,1.0579165e-05,8.533327e-06,9.479165e-06,1.1162496e-05,8.724999e-06
5,461,324.722,0.922,1.1408329e-05,1.0654163e-05,1.415e-05,7.074992e-06,1.1979158e-05,1.2733332e-05,1.0795831e-05,1.2391662e-05,6.745831e-06,1.1024999e-05,1.0595831e-05,1.0687494e-05,8.57083e-06,9.58333e-06,1.1158331e-05,8.77916e-06
5,462,324.865,0.924,1.126666e-05,1.0816661e-05,1.4216662e-05,7.054162e-06,1.1979158e-05,1.2770827e-05,1.0854164e-05,1.2429166e-05,6.674997e-06,1.1141666e-05,1.0608332e-05,1.0724997e-05,8.608326e-06,9.458327e-06,1.116666e-05,8.824993e-06
5,463,325.008,0.926,1.1316665e-05,1.0712496e-05,1.4258329e-05,7.133333e-06,1.2016662e-05,1.2845826e-05,1.0895832e-05,1.2512493e-05,6.645831e-06,1.1170832e-05,1.0645826e-05,1.0720825e-05,8.67916e-06,9.49583e-06,1.1216664e-05,8.899999e-06
5,464,325.151,0.928,1.1458325e-05,1.0770829e-05,1.4283331e-05,7.145826e-06,1.2029163e-05,1.2845826e-05,1.0899997e-05,1.254166e-05,6.612492e-06,1.1212492e-05,1.0658327e-05,1.0716661e-05,8.683332e-06,9.524997e-06,1.1329166e-05,8.995827e-06
5,465,325.294,0.93,1.142083e-05,1.0866665e-05,1.4324999e-05,7.154163e-06,1.2066666e-05,1.2887494e-05,1.0962494e-05,1.2662498e-05,6.658332e-06,1.1329166e-05,1.0816661e-05,1.0820826e-05,8.745829e-06,9.562493e-06,1.1291663e-05,8.916664e-06
5,466,325.437,0.932,1.1491664e-05,1.0879159e-05,1.4445829e-05,7.245827e-06,1.209166e-05,1.291666e-05,1.0999997e-05,1.2687492e-05,6.704164e-06,1.1412493e-05,1.089166e-05,1.0833327e-05,8.804162e-06,9.462499e-06,1.1379162e-05,8.999999e-06
5,467,325.581,0.934,1.1662499e-05,1.0820826e-05,1.4379159e-05,7.287495e-06,1.2125e-05,1.298333e-05,1.1016663e-05,1.2745825e-05,6.641666e-06,1.1295827e-05,1.0883331e-05,1.080416e-05,8.849995e-06,9.524997e-06,1.1370826e-05,9.016665e-06
5,468,325.724,0.936,1.152916e-05,1.0887496e-05,1.4558331e-05,7.19583e-06,1.2149993e-05,1.3104161e-05,1.106666e-05,1.2766664e-05,6.670833e-06,1.1295827e-05,1.0762493e-05,1.0929163e-05,8.854158e-06,9.566665e-06,1.1433332e-05,9.14166e-06
5,469,325.867,0.938,1.180416e-05,1.0929163e-05,1.4491661e-05,7.308332e-06,1.2174995e-05,1.3124998e-05,1.126666e-05,1.2837498e-05,6.683326e-06,1.1366661e-05,1.0812497e-05,1.0916662e-05,8.924992e-06,9.50416e-06,1.1512494e-05,9.066661e-06
5,470,326.01,0.94,1.1612495e-05,1.1004162e-05,1.4587497e-05,7.295831e-06,1.2125e-05,1.3120826e-05,1.1079161e-05,1.2891666e-05,6.63333e-06,1.1366661e-05,1.0849993e-05,1.089166e-05,8.991663e-06,9.58333e-06,1.1549997e-05,9.237496e-06
5,471,326.153,0.942,1.1599994e-05,1.0995833e-05,1.465416e-05,7.295831e-06,1.226666e-05,1.3183331e-05,1.1116664e-05,1.2887494e-05,6.66666e-06,1.1416666e-05,1.0924999e-05,1.0895832e-05,8.987498e-06,9.649992e-06,1.1620831e-05,9.245833e-06
5,472,326.296,0.944,1.1670828e-05,1.0924999e-05,1.4729166e-05,7.387495e-06,1.2220828e-05,1.3216662e-05,1.1204163e-05,1.2866664e-05,6.645831e-06,1.1462498e-05,1.0962494e-05,1.0937492e-05,8.954159e-06,9.779159e-06,1.1674992e-05,9.262498e-06
5,473,326.439,0.946,1.1687493e-05,1.0920827e-05,1.4849997e-05,7.354164e-06,1.2224992e-05,1.3237493e-05,1.1274998e-05,1.3037499e-05,6.741659e-06,1.1541661e-05,1.1016663e-05,1.1008327e-05,9.033331e-06,9.579166e-06,1.1741662e-05,9.374992e-06
5,474,326.582,0.948,1.1774993e-05,1.095833e-05,1.4758332e-05,7.508326e-06,1.2249994e-05,1.3316663e-05,1.1249996e-05,1.3029162e-05,6.658332e-06,1.1516667e-05,1.1008327e-05,1.1012498e-05,9.124994e-06,9.804161e-06,1.1787494e-05,9.379164e-06
5,475,326.725,0.95,1.1874994e-05,1.1012498e-05,1.4766661e-05,7.55833e-06,1.2349995e-05,1.3308327e-05,1.1308328e-05,1.3029162e-05,6.687498e-06,1.1570827e-05,1.1020828e-05,1.1095826e-05,9.158325e-06,9.574994e-06,1.180416e-05,9.449998e-06
5,476,326.868,0.952,1.1858328e-05,1.1041665e-05,1.4762497e-05,7.483332e-06,1.243333e-05,1.3370832e-05,1.1241658e-05,1.3104161e-05,6.591662e-06,1.1641661e-05,1.1095826e-05,1.1120828e-05,9.204166e-06,9.554164e-06,1.1862493e-05,9.458327e-06
5,477,327.011,0.954,1.2041664e-05,1.1054166e-05,1.4879163e-05,7.533328e-06,1.2441659e-05,1.3358331e-05,1.1345832e-05,1.3179159e-05,6.629165e-06,1.1679164e-05,1.1129165e-05,1.1137494e-05,9.237496e-06,9.570829e-06,1.1949992e-05,9.508331e-06
5,478,327.154,0.956,1.1991659e-05,1.1129165e-05,1.4924995e-05,7.483332e-06,1.236666e-05,1.3420829e-05,1.1404165e-05,1.3199997e-05,6.654159e-06,1.1687493e-05,1.1133329e-05,1.1154159e-05,9.249997e-06,9.616661e-06,1.1779165e-05,9.533326e-06
5,479,327.297,0.958,1.2141665e-05,1.1174997e-05,1.4945833e-05,7.57916e-06,1.2429166e-05,1.3608328e-05,1.1379162e-05,1.3274996e-05,6.599998e-06,1.1724997e-05,1.1220829e-05,1.1199999e-05,9.312495e-06,9.633327e-06,1.1929163e-05,9.533326e-06
5,480,327.44,0.96,1.2129164e-05,1.1158331e-05,1.5033333e-05,7.604162e-06,1.2424994e-05,1.3512492e-05,1.1458325e-05,1.3299998e-05,6.641666e-06,1.1720832e-05,1.1254159e-05,1.1274998e-05,9.345826e-06,9.679158e-06,1.1945828e-05,9.595831e-06
5,481,327.583,0.962,1.2287497e-05,1.1191662e-05,1.5041661e-05,7.624992e-06,1.2379161e-05,1.3612493e-05,1.1579164e-05,1.3291661e-05,6.637494e-06,1.1845827e-05,1.1379162e-05,1.1283326e-05,9.433325e-06,9.691659e-06,1.2041664e-05,9.683331e-06
5,482,327.726,0.964,1.2341667e-05,1.1370826e-05,1.509583e-05,7.629164e-06,1.2424994e-05,1.3587499e-05,1.1508329e-05,1.3391662e-05,6.641666e-06,1.1824997e-05,1.1324993e-05,1.1283326e-05,9.437497e-06,9.695832e-06,1.205833e-05,9.762493e-06
5,483,327.869,0.966,1.2383326e-05,1.1220829e-05,1.5141662e-05,7.670832e-06,1.2491663e-05,1.3537494e-05,1.1524995e-05,1.3408328e-05,6.641666e-06,1.1958329e-05,1.1362497e-05,1.1329166e-05,9.474993e-06,9.708333e-06,1.2137492e-05,9.808326e-06
5,484,328.012,0.968,1.2333329e-05,1.1270833e-05,1.5229161e-05,7.699999e-06,1.2508329e-05,1.3645832e-05,1.1545833e-05,1.3412499e-05,6.658332e-06,1.1962493e-05,1.1374998e-05,1.1433332e-05,9.520832e-06,9.687496e-06,1.2108326e-05,9.841665e-06
5,485,328.155,0.97,1.2270832e-05,1.132083e-05,1.5283331e-05,7.774996e-06,1.2524994e-05,1.3645832e-05,1.1658327e-05,1.346666e-05,6.658332e-06,1.209166e-05,1.1408329e-05,1.1424994e-05,9.591659e-06,9.745829e-06,1.217916e-05,9.870831e-06
5,486,328.298,0.972,1.2270832e-05,1.1366661e-05,1.5237499e-05,7.799999e-06,1.2516665e-05,1.3745833e-05,1.1624996e-05,1.3495826e-05,6.716665e-06,1.2074995e-05,1.142083e-05,1.1445833e-05,9.608332e-06,9.733327e-06,1.2274996e-05,9.937493e-06
5,487,328.441,0.974,1.2562497e-05,1.1304164e-05,1.5308333e-05,7.76666e-06,1.2691665e-05,1.3762497e-05,1.1683329e-05,1.3545831e-05,6.720829e-06,1.2099998e-05,1.1483327e-05,1.1479163e-05,9.616661e-06,9.7375e-06,1.2337494e-05,1.0087498e-05
5,488,328.584,0.976,1.245416e-05,1.1362497e-05,1.5395832e-05,7.808328e-06,1.2620831e-05,1.3791664e-05,1.1724997e-05,1.3570825e-05,6.599998e-06,1.2095833e-05,1.1466662e-05,1.1470826e-05,9.674995e-06,9.691659e-06,1.2349995e-05,1.0037494e-05
5,489,328.727,0.978,1.254166e-05,1.1499993e-05,1.5416663e-05,7.791662e-06,1.2591664e-05,1.3833332e-05,1.1704159e-05,1.3649996e-05,6.591662e-06,1.2241666e-05,1.1583328e-05,1.1566663e-05,9.699997e-06,9.779159e-06,1.2308327e-05,1.0141659e-05
5,490,328.87,0.98,1.2570827e-05,1.1483327e-05,1.5454165e-05,7.85416e-06,1.2624995e-05,1.3883328e-05,1.1766664e-05,1.3691663e-05,6.583325e-06,1.2095833e-05,1.1599994e-05,1.1604166e-05,9.7375e-06,9.766666e-06,1.2441659e-05,1.0170826e-05
5,491,329.014,0.982,1.2666663e-05,1.1524995e-05,1.5474994e-05,7.908328e-06,1.2666663e-05,1.3941662e-05,1.1799995e-05,1.3716666e-05,6.574996e-06,1.2274996e-05,1.1699995e-05,1.160833e-05,9.824999e-06,9.79166e-06,1.2349995e-05,1.0183327e-05
5,492,329.157,0.984,1.2804167e-05,1.1458325e-05,1.5562495e-05,7.887498e-06,1.2645833e-05,1.3966664e-05,1.1895831e-05,1.3770827e-05,6.604163e-06,1.2220828e-05,1.1683329e-05,1.1645826e-05,9.929165e-06,9.795833e-06,1.2516665e-05,1.0254161e-05
5,493,329.3,0.986,1.2787493e-05,1.1583328e-05,1.5566658e-05,7.945831e-06,1.2679164e-05,1.399583e-05,1.1866665e-05,1.3866663e-05,6.599998e-06,1.2295826e-05,1.1649998e-05,1.1741662e-05,9.870831e-06,9.762493e-06,1.2491663e-05,1.0266662e-05
5,494,329.443,0.988,1.2770827e-05,1.1749999e-05,1.5620828e-05,7.983327e-06,1.2670827e-05,1.4062492e-05,1.1866665e-05,1.3866663e-05,6.587497e-06,1.2333329e-05,1.1649998e-05,1.1691665e-05,1.0033329e-05,9.837492e-06,1.2595829e-05,1.0316666e-05
5,495,329.586,0.99,1.2695829e-05,1.171666e-05,1.5674996e-05,7.995828e-06,1.2762499e-05,1.415e-05,1.1887495e-05,1.3883328e-05,6.608327e-06,1.234583e-05,1.1754163e-05,1.1708331e-05,1.0033329e-05,9.783332e-06,1.2629159e-05,1.0324995e-05
5,496,329.729,0.992,1.2662498e-05,1.1545833e-05,1.5916665e-05,8.099993e-06,1.2691665e-05,1.4079165e-05,1.1974995e-05,1.3962499e-05,6.595826e-06,1.2387498e-05,1.1762492e-05,1.1774993e-05,9.974996e-06,9.754165e-06,1.2637496e-05,1.0437497e-05
5,497,329.872,0.994,1.279583e-05,1.1537496e-05,1.5704163e-05,8.104165e-06,1.2774992e-05,1.4154164e-05,1.1991659e-05,1.3970828e-05,6.608327e-06,1.2420829e-05,1.1824997e-05,1.1691665e-05,9.974996e-06,9.883332e-06,1.2687492e-05,1.0458326e-05
5,498,330.015,0.996,1.2783329e-05,1.1612495e-05,1.5858332e-05,8.249998e-06,1.28625e-05,1.4233327e-05,1.2024999e-05,1.3954163e-05,6.604163e-06,1.2491663e-05,1.1854164e-05,1.1829162e-05,1.0104163e-05,9.874995e-06,1.2779165e-05,1.0458326e-05
5,499,330.158,0.998,1.2841661e-05,1.1587493e-05,1.5804164e-05,8.266664e-06,1.2791666e-05,1.4241664e-05,1.1999997e-05,1.4074993e-05,6.616664e-06,1.2583328e-05,1.1862493e-05,1.1820833e-05,1.0095827e-05,9.891661e-06,1.2866664e-05,1.0554163e-05
5,500,330.301,1.0,1.2887494e-05,1.1670828e-05,1.582083e-05,8.258326e-06,1.2945827e-05,1.4266666e-05,1.2125e-05,1.4129162e-05,6.629165e-06,1.2637496e-05,1.1937499e-05,1.1912497e-05,1.0170826e-05,9.849993e-06,1.2874993e-05,1.0562499e-05
5,501,330.444,0.998,1.2887494e-05,1.1649998e-05,1.5874997e-05,8.091664e-06,1.2908332e-05,1.4341665e-05,1.2041664e-05,1.4033326e-05,6.562495e-06,1.2545832e-05,1.1870829e-05,1.1849999e-05,1.0083326e-05,9.770831e-06,1.2766664e-05,1.0579165e-05
5,502,330.587,0.996,1.2937498e-05,1.1591665e-05,1.5808328e-05,8.091664e-06,1.3041663e-05,1.4287496e-05,1.2029163e-05,1.4045827e-05,6.637494e-06,1.2504164e-05,1.1962493e-05,1.1820833e-05,1.0037494e-05,9.770831e-06,1.2612494e-05,1.0424996e-05
5,503,330.73,0.994,1.2845826e-05,1.1633332e-05,1.5737494e-05,8.033331e-06,1.2791666e-05,1.4212497e-05,1.1891659e-05,1.3933332e-05,6.579161e-06,1.236666e-05,1.1733326e-05,1.1679164e-05,9.945829e-06,9.691659e-06,1.2574998e-05,1.0270826e-05
5,504,330.873,0.992,1.2779165e-05,1.1537496e-05,1.5720829e-05,8.033331e-06,1.2695829e-05,1.427083e-05,1.2120827e-05,1.3912495e-05,6.587497e-06,1.2408328e-05,1.171666e-05,1.1724997e-05,9.85833e-06,9.745829e-06,1.2558333e-05,1.0258333e-05
5,505,331.016,0.99,1.2854163e-05,1.1549997e-05,1.5599999e-05,8.033331e-06,1.2649997e-05,1.427083e-05,1.1924998e-05,1.3870827e-05,6.537493e-06,1.2241666e-05,1.1633332e-05,1.1662499e-05,9.824999e-06,9.666665e-06,1.2508329e-05,1.0179162e-05
5,506,331.159,0.988,1.2574998e-05,1.1499993e-05,1.557916e-05,7.999993e-06,1.2662498e-05,1.420416e-05,1.1895831e-05,1.3795829e-05,6.549994e-06,1.2216663e-05,1.1587493e-05,1.1679164e-05,9.729163e-06,9.629162e-06,1.2474998e-05,1.0108328e-05
5,507,331.302,0.986,1.2583328e-05,1.1429159e-05,1.5512498e-05,7.93333e-06,1.2637496e-05,1.4041662e-05,1.1812496e-05,1.372083e-05,6.549994e-06,1.2145829e-05,1.1587493e-05,1.1508329e-05,9.695832e-06,9.616661e-06,1.2370832e-05,1.004583e-05
5,508,331.445,0.984,1.2508329e-05,1.1324993e-05,1.5462494e-05,7.870825e-06,1.2566662e-05,1.3970828e-05,1.1908332e-05,1.3704165e-05,6.520828e-06,1.2133328e-05,1.1387499e-05,1.1462498e-05,9.629162e-06,9.599996e-06,1.2316664e-05,9.995826e-06
5,509,331.588,0.982,1.2387498e-05,1.1341659e-05,1.5387495e-05,7.85416e-06,1.2562497e-05,1.4004159e-05,1.1762492e-05,1.3579162e-05,6.537493e-06,1.2087497e-05,1.142083e-05,1.1504166e-05,9.654164e-06,9.624998e-06,1.2254159e-05,9.974996e-06
5,510,331.731,0.98,1.2262495e-05,1.1274998e-05,1.5383332e-05,7.791662e-06,1.2529159e-05,1.3929161e-05,1.1562498e-05,1.3679162e-05,6.491661e-06,1.2049993e-05,1.1316665e-05,1.1412493e-05,9.537498e-06,9.474993e-06,1.2208327e-05,9.924992e-06
5,511,331.874,0.978,1.2304163e-05,1.1341659e-05,1.5283331e-05,7.762495e-06,1.2462497e-05,1.3891665e-05,1.1562498e-05,1.3487498e-05,6.579161e-06,1.2162494e-05,1.13e-05,1.1408329e-05,9.508331e-06,9.541663e-06,1.2112499e-05,9.845829e-06
5,512,332.017,0.976,1.2379161e-05,1.1374998e-05,1.5295831e-05,7.762495e-06,1.2491663e-05,1.3899994e-05,1.1516667e-05,1.3370832e-05,6.454166e-06,1.1929163e-05,1.1241658e-05,1.13e-05,9.408331e-06,9.524997e-06,1.2104161e-05,9.820827e-06
5,513,332.16,0.974,1.2158331e-05,1.1216664e-05,1.521666e-05,7.754159e-06,1.2449996e-05,1.3891665e-05,1.144166e-05,1.3374996e-05,6.520828e-06,1.1849999e-05,1.1283326e-05,1.1341659e-05,9.358327e-06,9.387493e-06,1.2083332e-05,9.762493e-06
5,514,332.303,0.972,1.2083332e-05,1.1187498e-05,1.5224997e-05,7.683333e-06,1.2424994e-05,1.3820831e-05,1.1429159e-05,1.3383333e-05,6.416662e-06,1.1749999e-05,1.1333331e-05,1.1170832e-05,9.270827e-06,9.354162e-06,1.2008325e-05,9.674995e-06
5,515,332.446,0.97,1.2074995e-05,1.1174997e-05,1.5079165e-05,7.7125e-06,1.2362496e-05,1.3770827e-05,1.1345832e-05,1.3337493e-05,6.433328e-06,1.1699995e-05,1.1204163e-05,1.1191662e-05,9.249997e-06,9.399994e-06,1.1991659e-05,9.595831e-06
5,516,332.59,0.968,1.2187496e-05,1.1137494e-05,1.5062499e-05,7.587496e-06,1.2324993e-05,1.3724994e-05,1.1295827e-05,1.3274996e-05,6.404161e-06,1.1604166e-05,1.1008327e-05,1.1337494e-05,9.204166e-06,9.379164e-06,1.1808332e-05,9.524997e-06
5,517,332.733,0.966,1.2070831e-05,1.1095826e-05,1.5008331e-05,7.574995e-06,1.2295826e-05,1.3695828e-05,1.1287499e-05,1.3187496e-05,6.39166e-06,1.1658327e-05,1.0983332e-05,1.1158331e-05,9.174999e-06,9.295829e-06,1.180416e-05,9.429161e-06
5,518,332.876,0.964,1.1962493e-05,1.1062495e-05,1.4962498e-05,7.55833e-06,1.2262495e-05,1.3674999e-05,1.1179161e-05,1.3158329e-05,6.39166e-06,1.1624996e-05,1.097916e-05,1.1099998e-05,9.275e-06,9.354162e-06,1.1787494e-05,9.374992e-06
5,519,333.019,0.962,1.1874994e-05,1.1116664e-05,1.48875e-05,7.554166e-06,1.2212499e-05,1.365416e-05,1.1187498e-05,1.3058328e-05,6.379159e-06,1.1549997e-05,1.0920827e-05,1.0929163e-05,9.024993e-06,9.275e-06,1.169583e-05,9.337497e-06
5,520,333.162,0.96,1.1749999e-05,1.0887496e-05,1.4895829e-05,7.508326e-06,1.2170832e-05,1.3537494e-05,1.1133329e-05,1.3029162e-05,6.362494e-06,1.1491664e-05,1.0845828e-05,1.0887496e-05,9.158325e-06,9.32916e-06,1.1641661e-05,9.283328e-06
5,521,333.305,0.958,1.1637497e-05,1.087083e-05,1.4770826e-05,7.499997e-06,1.2129164e-05,1.3612493e-05,1.1062495e-05,1.2999995e-05,6.416662e-06,1.1408329e-05,1.0824998e-05,1.0866665e-05,8.883325e-06,9.387493e-06,1.1579164e-05,9.287493e-06
5,522,333.448,0.956,1.160833e-05,1.0816661e-05,1.4870827e-05,7.458329e-06,1.2054165e-05,1.3524993e-05,1.1020828e-05,1.2854163e-05,6.366666e-06,1.1379162e-05,1.070416e-05,1.0770829e-05,8.874997e-06,9.149996e-06,1.1570827e-05,9.162498e-06
5,523,333.591,0.954,1.1554162e-05,1.080416e-05,1.4658332e-05,7.483332e-06,1.2070831e-05,1.3437494e-05,1.0916662e-05,1.2870828e-05,6.295832e-06,1.1333331e-05,1.0658327e-05,1.0795831e-05,8.724999e-06,9.079162e-06,1.1687493e-05,9.129159e-06
5,524,333.734,0.952,1.1479163e-05,1.0837499e-05,1.4599998e-05,7.345827e-06,1.2020826e-05,1.3487498e-05,1.0904161e-05,1.2845826e-05,6.308325e-06,1.1258332e-05,1.061666e-05,1.0766666e-05,8.770831e-06,9.05416e-06,1.1508329e-05,9.037494e-06
5,525,333.877,0.95,1.1416666e-05,1.0766666e-05,1.4508327e-05,7.287495e-06,1.2041664e-05,1.3424992e-05,1.089166e-05,1.2716659e-05,6.27083e-06,1.1304164e-05,1.0562499e-05,1.0712496e-05,8.716663e-06,9.104165e-06,1.1312492e-05,8.995827e-06
5,526,334.02,0.948,1.1462498e-05,1.0741663e-05,1.4462495e-05,7.249999e-06,1.2125e-05,1.3349994e-05,1.0808333e-05,1.2674999e-05,6.345828e-06,1.1162496e-05,1.0558327e-05,1.0712496e-05,8.645829e-06,9.087499e-06,1.1370826e-05,8.920829e-06
5,527,334.163,0.946,1.1512494e-05,1.0712496e-05,1.4383332e-05,7.28333e-06,1.1991659e-05,1.3491663e-05,1.0808333e-05,1.2662498e-05,6.245828e-06,1.1174997e-05,1.0454162e-05,1.0662492e-05,8.587495e-06,8.999999e-06,1.1245831e-05,8.837494e-06
5,528,334.306,0.944,1.1387499e-05,1.0670828e-05,1.4370831e-05,7.104159e-06,1.2062494e-05,1.3312499e-05,1.075e-05,1.2574998e-05,6.245828e-06,1.1037493e-05,1.0449998e-05,1.0683329e-05,8.491659e-06,9.070825e-06,1.1170832e-05,8.816663e-06
5,529,334.449,0.942,1.1379162e-05,1.0683329e-05,1.4266666e-05,7.183329e-06,1.1787494e-05,1.3304162e-05,1.0770829e-05,1.2537495e-05,6.262493e-06,1.104583e-05,1.040833e-05,1.0524996e-05,8.520826e-06,8.96666e-06,1.1162496e-05,8.695833e-06
5,530,334.592,0.94,1.1204163e-05,1.0591666e-05,1.4283331e-05,7.141662e-06,1.1766664e-05,1.3245829e-05,1.0695831e-05,1.2537495e-05,6.191659e-06,1.0937492e-05,1.0295828e-05,1.0508331e-05,8.466665e-06,8.945831e-06,1.1070832e-05,8.724999e-06
5,531,334.735,0.938,1.1229165e-05,1.0570828e-05,1.4299997e-05,7.079164e-06,1.1779165e-05,1.3233328e-05,1.0687494e-05,1.2545832e-05,6.29166e-06,1.0966659e-05,1.0266662e-05,1.0424996e-05,8.374993e-06,8.937494e-06,1.1041665e-05,8.641664e-06
5,532,334.878,0.936,1.1179161e-05,1.0562499e-05,1.4141663e-05,7.087493e-06,1.1704159e-05,1.3049992e-05,1.052916e-05,1.2474998e-05,6.216661e-06,1.089166e-05,1.0237495e-05,1.0366663e-05,8.304159e-06,8.937494e-06,1.097916e-05,8.529162e-06
5,533,335.021,0.934,1.0929163e-05,1.040833e-05,1.4062492e-05,7.083328e-06,1.162916e-05,1.3024997e-05,1.0537497e-05,1.2458332e-05,6.308325e-06,1.0812497e-05,1.0174997e-05,1.0374999e-05,8.262499e-06,8.883325e-06,1.0924999e-05,8.554164e-06
5,534,335.164,0.932,1.0912498e-05,1.040833e-05,1.4008331e-05,7.00833e-06,1.1616659e-05,1.3033326e-05,1.0370827e-05,1.2274996e-05,6.179166e-06,1.078333e-05,1.0104163e-05,1.032083e-05,8.212495e-06,8.77916e-06,1.0916662e-05,8.408332e-06
5,535,335.307,0.93,1.0841663e-05,1.0445825e-05,1.3966664e-05,6.929159e-06,1.1587493e-05,1.2974993e-05,1.0374999e-05,1.2174995e-05,6.266665e-06,1.0716661e-05,1.0070833e-05,1.0341661e-05,8.204166e-06,8.77916e-06,1.0837499e-05,8.41666e-06
5,536,335.45,0.928,1.0791659e-05,1.0370827e-05,1.3929161e-05,6.966663e-06,1.1612495e-05,1.2895831e-05,1.0379164e-05,1.2158331e-05,6.120833e-06,1.0691659e-05,1.006666e-05,1.0224994e-05,8.170828e-06,8.787497e-06,1.0733326e-05,8.420833e-06
5,537,335.593,0.926,1.0829162e-05,1.0458326e-05,1.3854162e-05,6.908329e-06,1.1516667e-05,1.2874993e-05,1.0312494e-05,1.2054165e-05,6.137498e-06,1.0791659e-05,1.0037494e-05,1.0208329e-05,8.024995e-06,8.924992e-06,1.0679166e-05,8.262499e-06
5,538,335.736,0.924,1.0754164e-05,1.0283327e-05,1.3754161e-05,6.858325e-06,1.1504166e-05,1.2824997e-05,1.024166e-05,1.2070831e-05,6.112496e-06,1.0670828e-05,9.87916e-06,1.0158332e-05,8.016666e-06,8.708326e-06,1.0670828e-05,8.354164e-06
5,539,335.879,0.922,1.0699995e-05,1.0279163e-05,1.3791664e-05,6.849996e-06,1.1470826e-05,1.2812495e-05,1.0204164e-05,1.2016662e-05,6.149999e-06,1.0466663e-05,9.974996e-06,1.0145831e-05,7.958332e-06,8.695833e-06,1.0595831e-05,8.179164e-06
5,540,336.023,0.92,1.0791659e-05,1.0254161e-05,1.3712493e-05,6.833331e-06,1.1470826e-05,1.2741662e-05,1.0191663e-05,1.1958329e-05,6.137498e-06,1.0574992e-05,9.970832e-06,1.0179162e-05,7.870825e-06,8.666659e-06,1.0549998e-05,8.120831e-06
5,541,336.166,0.918,1.0624997e-05,1.0179162e-05,1.365416e-05,6.774998e-06,1.1412493e-05,1.2645833e-05,1.013333e-05,1.1920825e-05,6.129162e-06,1.0379164e-05,9.962495e-06,1.0229166e-05,7.937495e-06,8.604161e-06,1.0566664e-05,8.083328e-06
5,542,336.309,0.916,1.0733326e-05,1.0116664e-05,1.3624994e-05,6.758332e-06,1.1424994e-05,1.260833e-05,1.0054159e-05,1.1941664e-05,6.099995e-06,1.0387492e-05,9.812498e-06,9.95833e-06,7.949996e-06,8.629163e-06,1.0445825e-05,7.983327e-06
5,543,336.452,0.914,1.0679166e-05,1.0162496e-05,1.3583326e-05,6.704164e-06,1.1316665e-05,1.2666663e-05,1.004583e-05,1.1824997e-05,6.120833e-06,1.0295828e-05,9.733327e-06,9.970832e-06,7.895827e-06,8.612497e-06,1.0399994e-05,7.962497e-06
5,544,336.595,0.912,1.0612495e-05,1.022083e-05,1.3574998e-05,6.704164e-06,1.1270833e-05,1.2587499e-05,9.983333e-06,1.1841663e-05,6.087494e-06,1.0266662e-05,9.658329e-06,9.962495e-06,7.937495e-06,8.608326e-06,1.0370827e-05,7.970826e-06
5,545,336.738,0.91,1.0349997e-05,1.0004163e-05,1.3658333e-05,6.612492e-06,1.1245831e-05,1.2499992e-05,9.954158e-06,1.1683329e-05,6.108331e-06,1.022083e-05,9.595831e-06,9.820827e-06,7.666659e-06,8.529162e-06,1.0333331e-05,7.862496e-06
5,546,336.881,0.908,1.0254161e-05,9.966659e-06,1.3583326e-05,6.629165e-06,1.1208328e-05,1.2462497e-05,9.937493e-06,1.169583e-05,6.104159e-06,1.0166661e-05,9.591659e-06,9.824999e-06,7.654166e-06,8.587495e-06,1.0274998e-05,7.874997e-06
5,547,337.024,0.906,1.0233331e-05,9.929165e-06,1.3429165e-05,6.604163e-06,1.1195826e-05,1.245416e-05,9.929165e-06,1.1612495e-05,6.049999e-06,1.0099999e-05,9.524997e-06,9.75833e-06,7.583332e-06,8.466665e-06,1.0274998e-05,7.754159e-06
5,548,337.167,0.904,1.0199992e-05,9.954158e-06,1.3379161e-05,6.54583e-06,1.1224993e-05,1.2412493e-05,9.824999e-06,1.1516667e-05,6.054163e-06,1.004583e-05,9.50416e-06,9.774994e-06,7.533328e-06,8.41666e-06,1.0137494e-05,7.687497e-06
5,549,337.31,0.902,1.0124993e-05,9.995826e-06,1.3208326e-05,6.608327e-06,1.1216664e-05,1.2391662e-05,9.745829e-06,1.1479163e-05,6.041662e-06,1.0029165e-05,9.424996e-06,9.741664e-06,7.495833e-06,8.383329e-06,1.0208329e-05,7.737493e-06
5,550,337.453,0.9,1.0120829e-05,9.866659e-06,1.317083e-05,6.454166e-06,1.1154159e-05,1.236666e-05,9.75833e-06,1.1499993e-05,6.058327e-06,9.995826e-06,9.445826e-06,9.687496e-06,7.516662e-06,8.349999e-06,9.974996e-06,7.583332e-06
5,551,337.596,0.898,1.0058331e-05,9.929165e-06,1.3120826e-05,6.424999e-06,1.1183325e-05,1.2304163e-05,9.716662e-06,1.1391664e-05,6.041662e-06,9.95833e-06,9.333332e-06,9.641663e-06,7.408333e-06,8.362492e-06,1.0083326e-05,7.499997e-06
5,552,337.739,0.896,1.0162496e-05,9.816663e-06,1.3087495e-05,6.399997e-06,1.0995833e-05,1.2316664e-05,9.641663e-06,1.1424994e-05,5.966663e-06,9.854166e-06,9.366663e-06,9.641663e-06,7.324998e-06,8.374993e-06,9.908326e-06,7.441664e-06
5,553,337.882,0.894,1.0112492e-05,9.833328e-06,1.2987494e-05,6.341664e-06,1.0904161e-05,1.2279161e-05,9.679158e-06,1.1291663e-05,6.054163e-06,9.833328e-06,9.254161e-06,9.562493e-06,7.324998e-06,8.287493e-06,9.895825e-06,7.458329e-06
5,554,338.025,0.892,1.0091662e-05,9.745829e-06,1.2979166e-05,6.349993e-06,1.0899997e-05,1.2112499e-05,9.537498e-06,1.1308328e-05,6.01666e-06,9.808326e-06,9.224995e-06,9.524997e-06,7.279165e-06,8.291666e-06,9.824999e-06,7.416661e-06
5,555,338.168,0.89,9.97916e-06,9.749992e-06,1.2908332e-05,6.299997e-06,1.0899997e-05,1.2224992e-05,9.49583e-06,1.123333e-05,5.987493e-06,9.720826e-06,9.179163e-06,9.487494e-06,7.237498e-06,8.249998e-06,9.812498e-06,7.324998e-06
5,556,338.311,0.888,9.929165e-06,9.720826e-06,1.2866664e-05,6.287495e-06,1.0879159e-05,1.200416e-05,9.441662e-06,1.1229165e-05,5.949998e-06,9.687496e-06,9.158325e-06,9.449998e-06,7.158327e-06,8.208331e-06,9.716662e-06,7.287495e-06
5,557,338.454,0.886,9.679158e-06,9.699997e-06,1.2783329e-05,6.245828e-06,1.0829162e-05,1.2016662e-05,9.445826e-06,1.1070832e-05,6.033325e-06,9.620825e-06,9.070825e-06,9.370828e-06,7.141662e-06,8.220832e-06,9.658329e-06,7.241662e-06
5,558,338.597,0.884,9.691659e-06,9.608332e-06,1.270833e-05,6.262493e-06,1.0779167e-05,1.1962493e-05,9.49583e-06,1.1074996e-05,5.970828e-06,9.562493e-06,9.041659e-06,9.437497e-06,7.170828e-06,8.149997e-06,9.624998e-06,7.166664e-06
5,559,338.74,0.882,9.629162e-06,9.608332e-06,1.2658325e-05,6.229162e-06,1.078333e-05,1.1924998e-05,9.354162e-06,1.0983332e-05,5.937497e-06,9.524997e-06,8.979162e-06,9.32916e-06,7.087493e-06,8.124995e-06,9.558328e-06,7.1625e-06
5,560,338.883,0.88,9.60416e-06,9.658329e-06,1.2583328e-05,6.187495e-06,1.0729162e-05,1.1908332e-05,9.345826e-06,1.0949993e-05,6.004159e-06,9.633327e-06,8.954159e-06,9.362499e-06,6.970827e-06,8.141661e-06,9.566665e-06,7.108331e-06
5,561,339.026,0.878,9.629162e-06,9.516661e-06,1.2562497e-05,6.154164e-06,1.0687494e-05,1.1829162e-05,9.287493e-06,1.0841663e-05,6.066664e-06,9.554164e-06,8.945831e-06,9.275e-06,6.924995e-06,8.12916e-06,9.466664e-06,7.074992e-06
5,562,339.169,0.876,9.454163e-06,9.474993e-06,1.2591664e-05,6.066664e-06,1.0649999e-05,1.1770829e-05,9.237496e-06,1.0874995e-05,5.999994e-06,9.383329e-06,8.93333e-06,9.187492e-06,6.8875e-06,8.016666e-06,9.441662e-06,7.012494e-06
5,563,339.312,0.874,9.474993e-06,9.466664e-06,1.2495828e-05,6.045826e-06,1.0645826e-05,1.1762492e-05,9.187492e-06,1.0795831e-05,5.899994e-06,9.487494e-06,8.908328e-06,9.195828e-06,6.845832e-06,8.012494e-06,9.420832e-06,7.004166e-06
5,564,339.456,0.872,9.49583e-06,9.412495e-06,1.2420829e-05,6.037497e-06,1.0566664e-05,1.1712496e-05,9.149996e-06,1.0741663e-05,5.891665e-06,9.254161e-06,8.895826e-06,9.187492e-06,6.799992e-06,8.04166e-06,9.266662e-06,6.854161e-06
5,565,339.599,0.87,9.324996e-06,9.449998e-06,1.234583e-05,5.970828e-06,1.0570828e-05,1.1654162e-05,9.045832e-06,1.0670828e-05,5.912495e-06,9.174999e-06,8.695833e-06,9.283328e-06,6.783327e-06,7.966662e-06,9.30833e-06,6.837495e-06
5,566,339.742,0.868,9.216667e-06,9.320831e-06,1.2379161e-05,5.945826e-06,1.0516659e-05,1.1583328e-05,9.212494e-06,1.0662492e-05,5.912495e-06,9.212494e-06,8.649993e-06,9.066661e-06,6.712492e-06,7.962497e-06,9.195828e-06,6.82083e-06
5,567,339.885,0.866,9.199993e-06,9.349998e-06,1.2274996e-05,5.92916e-06,1.0545826e-05,1.1516667e-05,9.037494e-06,1.0558327e-05,5.920831e-06,9.133331e-06,8.587495e-06,9.041659e-06,6.758332e-06,7.904164e-06,9.170826e-06,6.75416e-06
5,568,340.028,0.864,9.137495e-06,9.208329e-06,1.2220828e-05,5.899994e-06,1.0454162e-05,1.1558326e-05,8.979162e-06,1.0579165e-05,5.862498e-06,9.05416e-06,8.599996e-06,8.991663e-06,6.720829e-06,8.049997e-06,9.12083e-06,6.716665e-06
5,569,340.171,0.862,9.037494e-06,9.324996e-06,1.2191661e-05,5.895829e-06,1.0404166e-05,1.1491664e-05,8.983326e-06,1.0508331e-05,5.870827e-06,9.058333e-06,8.587495e-06,8.93333e-06,6.741659e-06,7.849995e-06,9.05416e-06,6.695827e-06
5,570,340.314,0.86,9.058333e-06,9.183327e-06,1.2287497e-05,5.924996e-06,1.0366663e-05,1.1437495e-05,8.849995e-06,1.0479164e-05,5.891665e-06,9.012492e-06,8.529162e-06,8.891662e-06,6.541665e-06,7.845831e-06,9.029166e-06,6.583325e-06
5,571,340.457,0.858,8.949995e-06,9.158325e-06,1.2137492e-05,5.84166e-06,1.0374999e-05,1.1391664e-05,8.912491e-06,1.0395829e-05,5.862498e-06,8.941666e-06,8.470829e-06,8.912491e-06,6.499998e-06,7.937495e-06,8.96666e-06,6.608327e-06
5,572,340.6,0.856,8.954159e-06,9.112493e-06,1.1954165e-05,5.779163e-06,1.0337496e-05,1.1291663e-05,8.791661e-06,1.0370827e-05,5.879164e-06,8.912491e-06,8.41666e-06,8.874997e-06,6.429163e-06,7.804163e-06,8.883325e-06,6.537493e-06
5,573,340.743,0.854,8.854158e-06,9.066661e-06,1.1933326e-05,5.816658e-06,1.0374999e-05,1.1324993e-05,8.754166e-06,1.0312494e-05,5.887493e-06,8.891662e-06,8.399995e-06,8.841665e-06,6.437492e-06,7.729165e-06,8.954159e-06,6.466659e-06
5,574,340.886,0.852,8.86666e-06,9.058333e-06,1.1887495e-05,5.745832e-06,1.032083e-05,1.1254159e-05,8.699997e-06,1.0216665e-05,5.854161e-06,8.791661e-06,8.341662e-06,8.774996e-06,6.416662e-06,7.754159e-06,8.737493e-06,6.454166e-06
5,575,341.029,0.85,8.991663e-06,9.062497e-06,1.1837498e-05,5.641659e-06,1.0287499e-05,1.1249996e-05,8.716663e-06,1.0266662e-05,5.783327e-06,8.791661e-06,8.283329e-06,8.741665e-06,6.404161e-06,7.741666e-06,8.733328e-06,6.516663e-06
5,576,341.172,0.848,8.870832e-06,9.062497e-06,1.1808332e-05,5.574997e-06,1.0104163e-05,1.1220829e-05,8.612497e-06,1.0129165e-05,5.858326e-06,8.674995e-06,8.270827e-06,8.870832e-06,6.324999e-06,7.704162e-06,8.641664e-06,6.320826e-06
5,577,341.315,0.846,8.849995e-06,9.033331e-06,1.1720832e-05,5.608328e-06,1.0116664e-05,1.1099998e-05,8.641664e-06,1.0070833e-05,5.820831e-06,8.662494e-06,8.208331e-06,8.716663e-06,6.299997e-06,7.687497e-06,8.654165e-06,6.320826e-06
5,578,341.458,0.844,8.75833e-06,8.912491e-06,1.1641661e-05,5.591663e-06,1.0033329e-05,1.0999997e-05,8.620827e-06,1.0058331e-05,5.816658e-06,8.654165e-06,8.112494e-06,8.637492e-06,6.279159e-06,7.641665e-06,8.595832e-06,6.224998e-06
5,579,341.601,0.842,8.645829e-06,8.916664e-06,1.1624996e-05,5.55416e-06,1.0079161e-05,1.095833e-05,8.529162e-06,9.983333e-06,5.795829e-06,8.608326e-06,8.199993e-06,8.599996e-06,6.237499e-06,7.616663e-06,8.554164e-06,6.187495e-06
5,580,341.744,0.84,8.704162e-06,8.84583e-06,1.1545833e-05,5.479161e-06,1.0020828e-05,1.0924999e-05,8.512497e-06,9.904162e-06,5.812494e-06,8.487495e-06,8.083328e-06,8.645829e-06,6.174993e-06,7.549993e-06,8.462493e-06,6.141663e-06
5,581,341.887,0.838,8.65833e-06,8.904163e-06,1.1549997e-05,5.474997e-06,9.983333e-06,1.0874995e-05,8.420833e-06,9.954158e-06,5.829159e-06,8.445827e-06,8.058326e-06,8.558329e-06,6.108331e-06,7.537492e-06,8.470829e-06,6.149999e-06
5,582,342.03,0.836,8.583331e-06,8.816663e-06,1.1429159e-05,5.541659e-06,9.937493e-06,1.0866665e-05,8.41666e-06,9.816663e-06,5.812494e-06,8.429161e-06,7.983327e-06,8.529162e-06,6.058327e-06,7.537492e-06,8.399995e-06,6.091658e-06
5,583,342.173,0.834,8.370828e-06,8.737493e-06,1.1374998e-05,5.420828e-06,9.895825e-06,1.0816661e-05,8.324997e-06,9.712498e-06,5.779163e-06,8.387494e-06,7.93333e-06,8.533327e-06,6.133326e-06,7.504161e-06,8.349999e-06,6.083329e-06
5,584,342.316,0.832,8.358327e-06,8.704162e-06,1.1324993e-05,5.416663e-06,9.924992e-06,1.0733326e-05,8.291666e-06,9.837492e-06,5.791664e-06,8.29583e-06,7.904164e-06,8.495832e-06,6.116661e-06,7.416661e-06,8.29583e-06,6.049999e-06
5,585,342.459,0.83,8.29583e-06,8.716663e-06,1.1312492e-05,5.349994e-06,9.866659e-06,1.0708332e-05,8.237497e-06,9.641663e-06,5.820831e-06,8.462493e-06,7.891663e-06,8.441662e-06,6.049999e-06,7.495833e-06,8.216659e-06,6.024996e-06
5,586,342.602,0.828,8.304159e-06,8.624998e-06,1.1279162e-05,5.366659e-06,9.783332e-06,1.0624997e-05,8.174999e-06,9.616661e-06,5.708329e-06,8.141661e-06,7.849995e-06,8.379166e-06,5.999994e-06,7.49166e-06,8.187492e-06,5.962499e-06
5,587,342.745,0.826,8.183329e-06,8.65833e-06,1.1191662e-05,5.266658e-06,9.754165e-06,1.0633325e-05,8.179164e-06,9.579166e-06,5.708329e-06,8.120831e-06,7.970826e-06,8.324997e-06,5.991666e-06,7.408333e-06,8.154162e-06,5.916659e-06
5,588,342.889,0.824,8.299994e-06,8.5375e-06,1.1116664e-05,5.241664e-06,9.754165e-06,1.0579165e-05,8.083328e-06,9.520832e-06,5.762497e-06,8.066662e-06,7.920829e-06,8.337498e-06,5.945826e-06,7.441664e-06,8.070827e-06,5.870827e-06
5,589,343.032,0.822,8.22916e-06,8.566665e-06,1.1112499e-05,5.208326e-06,9.695832e-06,1.0512495e-05,8.066662e-06,9.499995e-06,5.762497e-06,8.033331e-06,7.758331e-06,8.29583e-06,5.870827e-06,7.420826e-06,8.095829e-06,5.879164e-06
5,590,343.175,0.82,8.12916e-06,8.512497e-06,1.1070832e-05,5.187495e-06,9.641663e-06,1.0474992e-05,8.033331e-06,9.41666e-06,5.745832e-06,7.962497e-06,7.612498e-06,8.237497e-06,5.862498e-06,7.333326e-06,7.949996e-06,5.791664e-06
5,591,343.318,0.818,8.087492e-06,8.445827e-06,1.0991661e-05,5.183331e-06,9.629162e-06,1.0395829e-05,8.183329e-06,9.404159e-06,5.745832e-06,7.929166e-06,7.629164e-06,8.179164e-06,5.874999e-06,7.308332e-06,7.93333e-06,5.833332e-06
5,592,343.461,0.816,7.908328e-06,8.349999e-06,1.0933328e-05,5.183331e-06,9.608332e-06,1.0324995e-05,7.958332e-06,9.358327e-06,5.699992e-06,7.916665e-06,7.495833e-06,8.154162e-06,5.799993e-06,7.287495e-06,7.904164e-06,5.716666e-06
5,593,343.604,0.814,7.849995e-06,8.41666e-06,1.0929163e-05,5.112497e-06,9.58333e-06,1.0266662e-05,7.908328e-06,9.287493e-06,5.745832e-06,7.866661e-06,7.541664e-06,8.104165e-06,5.758325e-06,7.362493e-06,7.849995e-06,5.74166e-06
5,594,343.747,0.812,7.729165e-06,8.362492e-06,1.0837499e-05,5.112497e-06,9.499995e-06,1.0270826e-05,7.891663e-06,9.191665e-06,5.699992e-06,7.787497e-06,7.495833e-06,8.062498e-06,5.812494e-06,7.19583e-06,7.787497e-06,5.674998e-06
5,595,343.89,0.81,7.970826e-06,8.241662e-06,1.0845828e-05,5.099996e-06,9.487494e-06,1.022083e-05,7.820829e-06,9.22083e-06,5.666661e-06,7.754159e-06,7.416661e-06,8.091664e-06,5.683327e-06,7.299996e-06,7.7125e-06,5.662497e-06
5,596,344.033,0.808,7.754159e-06,8.333325e-06,1.0733326e-05,5.07083e-06,9.508331e-06,1.0170826e-05,7.799999e-06,9.145832e-06,5.699992e-06,7.76666e-06,7.412497e-06,8.049997e-06,5.699992e-06,7.145826e-06,7.67916e-06,5.65416e-06
5,597,344.176,0.806,7.724992e-06,8.233333e-06,1.0608332e-05,5.041663e-06,9.445826e-06,1.0091662e-05,7.704162e-06,9.108328e-06,5.72083e-06,7.674996e-06,7.362493e-06,8.024995e-06,5.712493e-06,7.199995e-06,7.7125e-06,5.604164e-06
5,598,344.319,0.804,7.637493e-06,8.166663e-06,1.0545826e-05,4.89583e-06,9.454163e-06,1.0116664e-05,7.741666e-06,9.016665e-06,5.662497e-06,7.616663e-06,7.383331e-06,7.995828e-06,5.679162e-06,7.154163e-06,7.537492e-06,5.570825e-06
5,599,344.462,0.802,7.641665e-06,8.162498e-06,1.0512495e-05,4.912496e-06,9.39583e-06,1.0054159e-05,7.658331e-06,8.93333e-06,5.674998e-06,7.570831e-06,7.262492e-06,7.93333e-06,5.658333e-06,7.099994e-06,7.720828e-06,5.495826e-06
5,600,344.605,0.8,7.699999e-06,8.120831e-06,1.0487493e-05,4.862499e-06,9.270827e-06,1.0095827e-05,7.649994e-06,8.941666e-06,5.745832e-06,7.541664e-06,7.270829e-06,7.929166e-06,5.599999e-06,7.091665e-06,7.462494e-06,5.474997e-06
5,601,344.748,0.798,7.649994e-06,8.087492e-06,1.0437497e-05,4.820832e-06,9.454163e-06,1.0020828e-05,7.7125e-06,8.874997e-06,5.662497e-06,7.437499e-06,7.183329e-06,7.85416e-06,5.608328e-06,7.066663e-06,7.412497e-06,5.437493e-06
5,602,344.891,0.796,7.487496e-06,8.04166e-06,1.0399994e-05,4.845826e-06,9.162498e-06,9.941666e-06,7.533328e-06,8.899999e-06,5.641659e-06,7.412497e-06,7.104159e-06,7.820829e-06,5.562496e-06,7.054162e-06,7.379158e-06,5.404162e-06
5,603,345.034,0.794,7.504161e-06,7.991664e-06,1.0304165e-05,4.812495e-06,9.183327e-06,9.799997e-06,7.583332e-06,8.787497e-06,5.729159e-06,7.358328e-06,7.179165e-06,7.820829e-06,5.637495e-06,6.991665e-06,7.324998e-06,5.370831e-06
5,604,345.177,0.792,7.554166e-06,8.004165e-06,1.0258333e-05,4.791665e-06,9.174999e-06,9.7375e-06,7.420826e-06,8.754166e-06,5.712493e-06,7.395832e-06,7.049998e-06,7.83333e-06,5.583326e-06,6.995829e-06,7.299996e-06,5.424992e-06
5,605,345.32,0.79,7.333326e-06,8.012494e-06,1.0187498e-05,4.724996e-06,9.14166e-06,9.691659e-06,7.424998e-06,8.65833e-06,5.729159e-06,7.279165e-06,7.020831e-06,7.770833e-06,5.487498e-06,6.970827e-06,7.204159e-06,5.404162e-06
5,606,345.463,0.788,7.224997e-06,7.891663e-06,1.0145831e-05,4.72916e-06,9.095827e-06,9.674995e-06,7.345827e-06,8.604161e-06,5.645832e-06,7.237498e-06,7.079164e-06,7.737493e-06,5.537494e-06,7.054162e-06,7.204159e-06,5.354166e-06
5,607,345.606,0.786,7.324998e-06,7.791662e-06,1.0104163e-05,4.691664e-06,9.05416e-06,9.629162e-06,7.320825e-06,8.604161e-06,5.754161e-06,7.229161e-06,6.970827e-06,7.695826e-06,5.520828e-06,6.883327e-06,7.120832e-06,5.337492e-06
5,608,345.749,0.784,7.166664e-06,7.849995e-06,1.0083326e-05,4.695829e-06,9.012492e-06,9.591659e-06,7.30416e-06,8.491659e-06,5.745832e-06,7.158327e-06,6.929159e-06,7.624992e-06,5.499999e-06,6.883327e-06,7.191666e-06,5.333328e-06
5,609,345.892,0.782,7.129161e-06,7.691661e-06,9.966659e-06,4.612494e-06,9.016665e-06,9.545827e-06,7.249999e-06,8.479166e-06,5.620829e-06,7.154163e-06,6.899993e-06,7.599997e-06,5.491662e-06,6.874998e-06,6.999993e-06,5.337492e-06
5,610,346.035,0.78,7.099994e-06,7.770833e-06,9.949994e-06,4.574998e-06,8.945831e-06,9.470828e-06,7.21666e-06,8.412496e-06,5.641659e-06,7.095829e-06,7.020831e-06,7.587496e-06,5.462496e-06,6.883327e-06,6.987492e-06,5.291661e-06
5,611,346.178,0.778,7.004166e-06,7.670832e-06,9.891661e-06,4.529158e-06,8.887498e-06,9.437497e-06,7.170828e-06,8.374993e-06,5.674998e-06,6.966663e-06,6.849996e-06,7.516662e-06,5.474997e-06,6.870826e-06,6.945832e-06,5.195832e-06
5,612,346.321,0.776,6.987492e-06,7.687497e-06,9.904162e-06,4.508328e-06,8.870832e-06,9.374992e-06,7.141662e-06,8.308331e-06,5.63333e-06,6.949997e-06,6.8875e-06,7.516662e-06,5.399998e-06,6.816666e-06,6.908329e-06,5.283332e-06
5,613,346.465,0.774,6.874998e-06,7.624992e-06,9.79166e-06,4.516665e-06,8.808327e-06,9.320831e-06,7.041661e-06,8.241662e-06,5.674998e-06,6.849996e-06,6.795828e-06,7.445828e-06,5.387497e-06,6.779162e-06,6.833331e-06,5.245829e-06
5,614,346.608,0.772,6.949997e-06,7.566658e-06,9.733327e-06,4.491663e-06,8.820828e-06,9.258326e-06,6.991665e-06,8.22916e-06,5.674998e-06,6.854161e-06,6.66666e-06,7.420826e-06,5.420828e-06,6.816666e-06,6.770825e-06,5.249993e-06
5,615,346.751,0.77,6.999993e-06,7.520827e-06,9.699997e-06,4.437494e-06,8.824993e-06,9.137495e-06,6.999993e-06,8.179164e-06,5.658333e-06,6.762496e-06,6.624993e-06,7.337499e-06,5.395826e-06,6.787499e-06,6.737494e-06,5.233328e-06
5,616,346.894,0.768,6.841659e-06,7.512498e-06,9.608332e-06,4.391662e-06,8.708326e-06,9.204166e-06,6.908329e-06,8.133332e-06,5.666661e-06,6.791663e-06,6.587497e-06,7.279165e-06,5.404162e-06,6.66666e-06,6.699999e-06,5.199997e-06
5,617,347.037,0.766,6.745831e-06,7.449993e-06,9.699997e-06,4.404164e-06,8.695833e-06,9.041659e-06,6.912494e-06,8.045832e-06,5.65416e-06,6.683326e-06,6.529164e-06,7.266664e-06,5.37916e-06,6.683326e-06,6.66666e-06,5.17083e-06
5,618,347.18,0.764,6.720829e-06,7.383331e-06,9.470828e-06,4.34583e-06,8.624998e-06,9.104165e-06,6.883327e-06,8.004165e-06,5.641659e-06,6.637494e-06,6.558331e-06,7.237498e-06,5.320827e-06,6.795828e-06,6.591662e-06,5.174994e-06
5,619,347.323,0.762,6.624993e-06,7.387495e-06,9.420832e-06,4.374997e-06,8.599996e-06,9.024993e-06,6.845832e-06,7.945831e-06,5.658333e-06,6.599998e-06,6.462495e-06,7.249999e-06,5.283332e-06,6.612492e-06,6.549994e-06,5.158329e-06
5,620,347.466,0.76,6.591662e-06,7.291659e-06,9.358327e-06,4.34583e-06,8.57083e-06,8.929165e-06,6.812493e-06,7.93333e-06,5.704164e-06,6.529164e-06,6.45833e-06,7.199995e-06,5.283332e-06,6.570832e-06,6.495825e-06,5.129163e-06
5,621,347.609,0.758,6.537493e-06,7.241662e-06,9.30833e-06,4.24583e-06,8.512497e-06,8.958332e-06,6.704164e-06,7.829165e-06,5.616665e-06,6.516663e-06,6.412498e-06,7.166664e-06,5.283332e-06,6.616664e-06,6.504162e-06,5.124998e-06
5,622,347.752,0.756,6.483333e-06,7.212496e-06,9.258326e-06,4.24583e-06,8.487495e-06,8.833329e-06,6.73333e-06,7.845831e-06,5.595827e-06,6.524992e-06,6.399997e-06,7.170828e-06,5.283332e-06,6.54583e-06,6.366666e-06,5.149992e-06
5,623,347.895,0.754,6.470831e-06,7.224997e-06,9.216667e-06,4.316664e-06,8.424998e-06,8.829164e-06,6.679161e-06,7.791662e-06,5.620829e-06,6.445829e-06,6.379159e-06,7.124996e-06,5.287496e-06,6.495825e-06,6.366666e-06,5.07083e-06
5,624,348.038,0.752,6.449994e-06,7.158327e-06,9.166662e-06,4.195825e-06,8.562493e-06,8.75833e-06,6.641666e-06,7.704162e-06,5.699992e-06,6.420827e-06,6.320826e-06,7.095829e-06,5.254165e-06,6.524992e-06,6.279159e-06,5.066665e-06
5,625,348.181,0.75,6.45833e-06,7.129161e-06,9.112493e-06,4.108326e-06,8.349999e-06,8.762495e-06,6.570832e-06,7.658331e-06,5.708329e-06,6.370831e-06,6.308325e-06,7.062499e-06,5.299997e-06,6.516663e-06,6.287495e-06,5.095832e-06
5,626,348.324,0.748,6.487497e-06,7.11666e-06,9.070825e-06,4.079159e-06,8.391658e-06,8.812499e-06,6.504162e-06,7.633328e-06,5.649996e-06,6.241663e-06,6.179166e-06,6.995829e-06,5.262494e-06,6.45833e-06,6.216661e-06,5.174994e-06
5,627,348.467,0.746,6.424999e-06,7.041661e-06,8.999999e-06,4.087496e-06,8.270827e-06,8.599996e-06,6.54583e-06,7.591661e-06,5.687499e-06,6.279159e-06,6.258329e-06,7.004166e-06,5.274995e-06,6.429163e-06,6.174993e-06,5.066665e-06
5,628,348.61,0.744,6.437492e-06,7.02916e-06,8.983326e-06,4.074995e-06,8.220832e-06,8.59166e-06,6.499998e-06,7.529163e-06,5.649996e-06,6.212497e-06,6.174993e-06,6.974999e-06,5.241664e-06,6.466659e-06,6.137498e-06,5.045827e-06
5,629,348.753,0.742,6.166665e-06,6.958326e-06,8.958332e-06,3.991659e-06,8.224996e-06,8.470829e-06,6.379159e-06,7.479159e-06,5.691663e-06,6.179166e-06,6.09583e-06,6.929159e-06,5.237492e-06,6.408326e-06,6.062492e-06,5.087495e-06
5,630,348.896,0.74,6.229162e-06,7.02916e-06,8.804162e-06,3.995832e-06,8.162498e-06,8.454163e-06,6.366666e-06,7.466666e-06,5.72083e-06,6.137498e-06,6.149999e-06,6.908329e-06,5.224999e-06,6.383332e-06,6.041662e-06,5.066665e-06
5,631,349.039,0.738,6.141663e-06,6.870826e-06,8.795826e-06,3.974994e-06,8.116658e-06,8.429161e-06,6.349993e-06,7.366665e-06,5.699992e-06,6.062492e-06,6.116661e-06,6.824994e-06,5.212498e-06,6.370831e-06,6.024996e-06,5.079166e-06
5,632,349.182,0.736,6.149999e-06,6.870826e-06,8.724999e-06,3.941663e-06,8.095829e-06,8.341662e-06,6.299997e-06,7.249999e-06,5.783327e-06,6.01666e-06,6.045826e-06,6.795828e-06,5.270831e-06,6.329163e-06,5.933332e-06,5.079166e-06
5,633,349.325,0.734,6.058327e-06,6.774998e-06,8.720827e-06,3.920825e-06,8.02083e-06,8.320832e-06,6.249992e-06,7.254163e-06,5.80833e-06,5.999994e-06,5.991666e-06,6.804164e-06,5.262494e-06,6.316662e-06,5.90833e-06,5.079166e-06
5,634,349.468,0.732,5.945826e-06,6.783327e-06,8.633328e-06,3.833326e-06,8.029159e-06,8.241662e-06,6.229162e-06,7.187494e-06,5.724994e-06,6.070828e-06,5.979165e-06,6.708328e-06,5.233328e-06,6.312498e-06,5.849997e-06,5.087495e-06
5,635,349.611,0.73,5.974992e-06,6.770825e-06,8.541663e-06,3.908332e-06,7.937495e-06,8.216659e-06,6.179166e-06,7.174993e-06,5.63333e-06,5.979165e-06,6.008331e-06,6.737494e-06,5.254165e-06,6.283331e-06,5.820831e-06,5.079166e-06
5,636,349.754,0.728,5.983329e-06,6.674997e-06,8.462493e-06,3.820833e-06,7.887498e-06,8.154162e-06,6.124997e-06,7.112495e-06,5.658333e-06,5.816658e-06,5.979165e-06,6.66666e-06,5.237492e-06,6.262493e-06,5.804165e-06,5.10416e-06
5,637,349.898,0.726,5.80833e-06,6.749995e-06,8.445827e-06,3.833326e-06,7.849995e-06,8.10833e-06,6.104159e-06,7.079164e-06,5.674998e-06,5.862498e-06,5.90833e-06,6.679161e-06,5.241664e-06,6.224998e-06,5.733331e-06,5.091659e-06
5,638,350.041,0.724,5.84166e-06,6.641666e-06,8.395831e-06,3.699994e-06,7.787497e-06,8.02083e-06,6.070828e-06,7.004166e-06,5.641659e-06,5.783327e-06,5.779163e-06,6.599998e-06,5.212498e-06,6.233327e-06,5.716666e-06,5.095832e-06
5,639,350.184,0.722,5.937497e-06,6.599998e-06,8.329161e-06,3.679164e-06,7.804163e-06,8.008329e-06,6.049999e-06,6.958326e-06,5.674998e-06,5.762497e-06,5.733331e-06,6.541665e-06,5.233328e-06,6.216661e-06,5.65416e-06,5.037498e-06
5,640,350.327,0.72,5.80833e-06,6.583325e-06,8.299994e-06,3.741662e-06,7.787497e-06,7.962497e-06,5.966663e-06,6.899993e-06,5.704164e-06,5.712493e-06,5.770826e-06,6.520828e-06,5.341665e-06,6.199996e-06,5.658333e-06,5.112497e-06
5,641,350.47,0.718,5.766662e-06,6.462495e-06,8.29583e-06,3.674992e-06,7.704162e-06,7.94166e-06,5.945826e-06,6.858325e-06,5.683327e-06,5.704164e-06,5.729159e-06,6.491661e-06,5.212498e-06,6.18333e-06,5.629166e-06,5.137499e-06
5,642,350.613,0.716,5.649996e-06,6.499998e-06,8.154162e-06,3.595829e-06,7.691661e-06,7.816664e-06,5.924996e-06,6.741659e-06,5.649996e-06,5.63333e-06,5.704164e-06,6.441664e-06,5.283332e-06,6.199996e-06,5.583326e-06,5.133327e-06
5,643,350.756,0.714,5.674998e-06,6.366666e-06,8.112494e-06,3.624996e-06,7.57916e-06,7.804163e-06,5.837496e-06,6.762496e-06,5.729159e-06,5.616665e-06,5.695828e-06,6.441664e-06,5.354166e-06,6.212497e-06,5.491662e-06,5.137499e-06
5,644,350.899,0.712,5.629166e-06,6.362494e-06,8.024995e-06,3.624996e-06,7.554166e-06,7.737493e-06,5.795829e-06,6.704164e-06,5.716666e-06,5.558332e-06,5.649996e-06,6.408326e-06,5.212498e-06,6.166665e-06,5.53333e-06,5.091659e-06
5,645,351.042,0.71,5.537494e-06,6.345828e-06,7.995828e-06,3.583328e-06,7.516662e-06,7.720828e-06,5.829159e-06,6.66666e-06,5.666661e-06,5.516664e-06,5.587498e-06,6.383332e-06,5.245829e-06,6.083329e-06,5.433329e-06,5.145828e-06
5,646,351.185,0.708,5.537494e-06,6.295832e-06,7.991664e-06,3.508329e-06,7.479159e-06,7.587496e-06,5.758325e-06,6.583325e-06,5.72083e-06,5.483325e-06,5.587498e-06,6.387496e-06,5.233328e-06,6.074993e-06,5.383333e-06,5.10416e-06
5,647,351.328,0.706,5.524993e-06,6.304161e-06,7.937495e-06,3.508329e-06,7.495833e-06,7.608326e-06,5.783327e-06,6.570832e-06,5.699992e-06,5.474997e-06,5.591663e-06,6.299997e-06,5.245829e-06,6.049999e-06,5.349994e-06,5.229163e-06
5,648,351.471,0.704,5.529165e-06,6.237499e-06,7.858332e-06,3.404164e-06,7.445828e-06,7.499997e-06,5.699992e-06,6.504162e-06,5.624994e-06,5.391661e-06,5.499999e-06,6.354165e-06,5.262494e-06,6.079165e-06,5.299997e-06,5.129163e-06
5,649,351.614,0.702,5.483325e-06,6.216661e-06,7.791662e-06,3.429159e-06,7.354164e-06,7.554166e-06,5.691663e-06,6.470831e-06,5.683327e-06,5.412499e-06,5.529165e-06,6.320826e-06,5.237492e-06,6.024996e-06,5.341665e-06,5.137499e-06
5,650,351.757,0.7,5.499999e-06,6.208332e-06,7.770833e-06,3.445832e-06,7.308332e-06,7.454165e-06,5.641659e-06,6.47916e-06,5.695828e-06,5.391661e-06,5.504163e-06,6.279159e-06,5.241664e-06,6.024996e-06,5.283332e-06,5.179159e-06
5,651,351.9,0.698,5.44583e-06,6.199996e-06,7.695826e-06,3.374998e-06,7.266664e-06,7.437499e-06,5.683327e-06,6.404161e-06,5.695828e-06,5.383333e-06,5.504163e-06,6.174993e-06,5.204161e-06,5.991666e-06,5.274995e-06,5.166666e-06
5,652,352.043,0.696,5.508327e-06,6.133326e-06,7.683333e-06,3.374998e-06,7.21666e-06,7.391659e-06,5.629166e-06,6.354165e-06,5.687499e-06,5.370831e-06,5.383333e-06,6.18333e-06,5.295825e-06,5.979165e-06,5.245829e-06,5.212498e-06
5,653,352.186,0.694,5.316663e-06,6.120833e-06,7.649994e-06,3.33333e-06,7.204159e-06,7.291659e-06,5.529165e-06,6.283331e-06,5.699992e-06,5.312499e-06,5.370831e-06,6.166665e-06,5.245829e-06,5.987493e-06,5.166666e-06,5.212498e-06
5,654,352.329,0.692,5.354166e-06,6.154164e-06,7.587496e-06,3.308328e-06,7.149999e-06,7.287495e-06,5.491662e-06,6.224998e-06,5.754161e-06,5.299997e-06,5.416663e-06,6.104159e-06,5.241664e-06,5.945826e-06,5.212498e-06,5.233328e-06
5,655,352.472,0.69,5.437493e-06,6.008331e-06,7.508326e-06,3.283326e-06,7.099994e-06,7.229161e-06,5.483325e-06,6.220826e-06,5.733331e-06,5.27916e-06,5.316663e-06,6.070828e-06,5.224999e-06,5.979165e-06,5.145828e-06,5.295825e-06
5,656,352.615,0.688,5.183331e-06,5.945826e-06,7.462494e-06,3.308328e-06,7.087493e-06,7.166664e-06,5.454159e-06,6.112496e-06,5.833332e-06,5.220827e-06,5.337492e-06,6.037497e-06,5.295825e-06,5.916659e-06,5.174994e-06,5.27916e-06
5,657,352.758,0.686,5.274995e-06,5.99583e-06,7.391659e-06,3.224993e-06,7.037497e-06,7.124996e-06,5.420828e-06,6.074993e-06,5.683327e-06,5.187495e-06,5.316663e-06,6.066664e-06,5.266658e-06,5.90833e-06,5.083331e-06,5.283332e-06
5,658,352.901,0.684,5.19166e-06,6.020832e-06,7.40416e-06,3.220828e-06,6.94166e-06,7.054162e-06,5.412499e-06,6.066664e-06,5.683327e-06,5.237492e-06,5.283332e-06,6.074993e-06,5.237492e-06,5.92916e-06,5.079166e-06,5.404162e-06
5,659,353.044,0.682,5.179159e-06,5.904166e-06,7.266664e-06,3.216664e-06,6.945832e-06,7.020831e-06,5.349994e-06,5.99583e-06,5.716666e-06,5.162493e-06,5.316663e-06,6.058327e-06,5.291661e-06,5.912495e-06,5.066665e-06,5.324991e-06
5,660,353.187,0.68,5.216662e-06,5.891665e-06,7.266664e-06,3.162495e-06,6.8875e-06,6.929159e-06,5.345829e-06,5.979165e-06,5.754161e-06,5.095832e-06,5.304162e-06,5.983329e-06,5.262494e-06,5.895829e-06,5.037498e-06,5.399998e-06
5,661,353.331,0.678,5.216662e-06,5.90833e-06,7.21666e-06,3.116663e-06,6.795828e-06,6.958326e-06,5.312499e-06,5.92916e-06,5.754161e-06,5.07083e-06,5.237492e-06,5.962499e-06,5.316663e-06,5.874999e-06,5.020825e-06,5.374996e-06
5,662,353.474,0.676,5.241664e-06,5.849997e-06,7.174993e-06,3.108327e-06,6.774998e-06,6.874998e-06,5.304162e-06,5.895829e-06,5.737495e-06,5.008332e-06,5.254165e-06,5.916659e-06,5.324991e-06,5.883328e-06,4.995831e-06,5.349994e-06
5,663,353.617,0.674,5.045827e-06,5.84166e-06,7.133333e-06,3.112499e-06,6.787499e-06,6.816666e-06,5.308326e-06,5.829159e-06,5.758325e-06,5.020825e-06,5.145828e-06,5.920831e-06,5.333328e-06,5.845833e-06,4.954163e-06,5.345829e-06
5,664,353.76,0.672,5.049992e-06,5.766662e-06,7.062499e-06,3.045829e-06,6.687498e-06,6.837495e-06,5.199997e-06,5.795829e-06,5.74166e-06,5.033326e-06,5.129163e-06,5.862498e-06,5.308326e-06,5.795829e-06,4.987494e-06,5.470832e-06
5,665,353.903,0.67,5.158329e-06,5.766662e-06,7.058326e-06,3.045829e-06,6.654159e-06,6.783327e-06,5.195832e-06,5.762497e-06,5.74166e-06,5.004159e-06,5.120826e-06,5.820831e-06,5.479161e-06,5.833332e-06,4.979165e-06,5.499999e-06
5,666,354.046,0.668,4.979165e-06,5.662497e-06,6.929159e-06,3.016663e-06,6.66666e-06,6.691662e-06,5.129163e-06,5.729159e-06,5.804165e-06,4.995831e-06,5.108333e-06,5.774998e-06,5.416663e-06,5.795829e-06,4.920832e-06,5.495826e-06
5,667,354.189,0.666,4.987494e-06,5.658333e-06,6.883327e-06,2.979159e-06,6.562495e-06,6.674997e-06,5.19166e-06,5.662497e-06,5.766662e-06,4.954163e-06,5.054164e-06,5.737495e-06,5.316663e-06,5.837496e-06,4.854162e-06,5.545831e-06
5,668,354.332,0.664,4.995831e-06,5.629166e-06,6.987492e-06,2.970831e-06,6.562495e-06,6.641666e-06,5.154165e-06,5.670825e-06,5.758325e-06,4.949999e-06,5.074994e-06,5.770826e-06,5.320827e-06,5.754161e-06,4.941662e-06,5.483325e-06
5,669,354.475,0.662,4.970829e-06,5.608328e-06,6.783327e-06,2.983332e-06,6.533329e-06,6.608327e-06,5.087495e-06,5.558332e-06,5.791664e-06,4.924997e-06,5.029162e-06,5.754161e-06,5.320827e-06,5.766662e-06,4.854162e-06,5.587498e-06
5,670,354.618,0.66,4.949999e-06,5.604164e-06,6.762496e-06,2.895832e-06,6.583325e-06,6.537493e-06,5.062493e-06,5.570825e-06,5.824995e-06,4.924997e-06,5.024997e-06,5.716666e-06,5.387497e-06,5.766662e-06,4.874993e-06,5.574997e-06
5,671,354.761,0.658,4.912496e-06,5.591663e-06,6.670833e-06,2.887495e-06,6.47916e-06,6.483333e-06,5.087495e-06,5.512492e-06,5.791664e-06,4.874993e-06,5.004159e-06,5.674998e-06,5.391661e-06,5.74166e-06,4.849998e-06,5.570825e-06
5,672,354.904,0.656,5.012496e-06,5.545831e-06,6.683326e-06,2.845828e-06,6.441664e-06,6.470831e-06,5.07083e-06,5.474997e-06,5.824995e-06,4.866663e-06,4.999995e-06,5.674998e-06,5.387497e-06,5.766662e-06,4.754162e-06,5.612493e-06
5,673,355.047,0.654,4.899995e-06,5.55416e-06,6.616664e-06,2.862493e-06,6.295832e-06,6.504162e-06,4.98333e-06,5.416663e-06,5.854161e-06,4.887494e-06,4.991658e-06,5.666661e-06,5.424992e-06,5.745832e-06,4.804158e-06,5.579162e-06
5,674,355.19,0.652,5.074994e-06,5.537494e-06,6.587497e-06,2.837499e-06,6.258329e-06,6.416662e-06,4.974993e-06,5.387497e-06,5.80833e-06,4.89583e-06,4.904159e-06,5.63333e-06,5.387497e-06,5.762497e-06,4.816659e-06,5.683327e-06
5,675,355.333,0.65,4.995831e-06,5.516664e-06,6.524992e-06,2.78333e-06,6.245828e-06,6.287495e-06,5.012496e-06,5.333328e-06,5.845833e-06,4.841661e-06,4.908331e-06,5.595827e-06,5.437493e-06,5.712493e-06,4.816659e-06,5.695828e-06
5,676,355.476,0.648,4.891666e-06,5.537494e-06,6.466659e-06,2.812497e-06,6.195831e-06,6.262493e-06,4.954163e-06,5.304162e-06,5.829159e-06,4.862499e-06,4.949999e-06,5.595827e-06,5.462496e-06,5.749996e-06,4.804158e-06,5.724994e-06
5,677,355.619,0.646,4.820832e-06,5.391661e-06,6.437492e-06,2.749991e-06,6.18333e-06,6.166665e-06,4.941662e-06,5.262494e-06,5.887493e-06,4.816659e-06,4.891666e-06,5.612493e-06,5.46666e-06,5.712493e-06,4.774992e-06,5.766662e-06
5,678,355.762,0.644,4.787493e-06,5.454159e-06,6.416662e-06,2.724997e-06,6.124997e-06,6.158328e-06,4.870828e-06,5.249993e-06,5.879164e-06,4.804158e-06,4.920832e-06,5.574997e-06,5.479161e-06,5.745832e-06,4.766663e-06,5.795829e-06
5,679,355.905,0.642,4.89583e-06,5.404162e-06,6.299997e-06,2.708332e-06,6.091658e-06,6.162492e-06,4.862499e-06,5.162493e-06,5.854161e-06,4.812495e-06,4.887494e-06,5.545831e-06,5.420828e-06,5.712493e-06,4.787493e-06,5.812494e-06
5,680,356.048,0.64,4.874993e-06,5.383333e-06,6.345828e-06,2.737498e-06,6.062492e-06,6.137498e-06,4.849998e-06,5.099996e-06,5.954162e-06,4.783328e-06,4.854162e-06,5.512492e-06,5.487498e-06,5.695828e-06,4.754162e-06,5.849997e-06
5,681,356.191,0.638,4.808331e-06,5.341665e-06,6.29166e-06,2.704159e-06,6.024996e-06,6.108331e-06,4.808331e-06,5.25833e-06,5.824995e-06,4.791665e-06,4.862499e-06,5.504163e-06,5.53333e-06,5.699992e-06,4.762499e-06,5.870827e-06
5,682,356.334,0.636,4.787493e-06,5.383333e-06,6.27083e-06,2.662492e-06,5.987493e-06,6.004159e-06,4.82916e-06,5.07083e-06,6.008331e-06,4.758326e-06,4.824996e-06,5.516664e-06,5.508327e-06,5.745832e-06,4.72916e-06,5.941661e-06
5,683,356.477,0.634,4.733332e-06,5.370831e-06,6.120833e-06,2.666664e-06,5.924996e-06,6.012495e-06,4.82916e-06,5.066665e-06,5.870827e-06,4.824996e-06,4.849998e-06,5.462496e-06,5.491662e-06,5.645832e-06,4.783328e-06,5.974992e-06
5,684,356.62,0.632,4.799994e-06,5.345829e-06,6.179166e-06,2.649999e-06,5.912495e-06,5.962499e-06,4.808331e-06,5.029162e-06,5.870827e-06,4.737497e-06,4.845826e-06,5.441666e-06,5.520828e-06,5.666661e-06,4.737497e-06,5.974992e-06
5,685,356.764,0.63,4.91666e-06,5.374996e-06,6.129162e-06,2.645826e-06,5.862498e-06,5.937497e-06,4.799994e-06,4.991658e-06,5.916659e-06,4.712494e-06,4.845826e-06,5.412499e-06,5.558332e-06,5.737495e-06,4.724996e-06,5.987493e-06
5,686,356.907,0.628,4.866663e-06,5.333328e-06,6.079165e-06,2.566663e-06,5.862498e-06,5.904166e-06,4.749998e-06,4.962492e-06,5.879164e-06,4.749998e-06,4.737497e-06,5.487498e-06,5.558332e-06,5.670825e-06,4.737497e-06,6.079165e-06
5,687,357.05,0.626,4.854162e-06,5.304162e-06,6.049999e-06,2.545826e-06,5.80833e-06,5.804165e-06,4.695829e-06,4.937498e-06,5.954162e-06,4.720831e-06,4.758326e-06,5.354166e-06,5.604164e-06,5.745832e-06,4.758326e-06,6.091658e-06
5,688,357.193,0.624,4.691664e-06,5.291661e-06,5.983329e-06,2.608331e-06,5.72083e-06,5.80833e-06,4.758326e-06,4.908331e-06,5.90833e-06,4.766663e-06,4.749998e-06,5.44583e-06,5.65416e-06,5.699992e-06,4.754162e-06,6.170829e-06
5,689,357.336,0.622,4.774992e-06,5.262494e-06,5.941661e-06,2.549998e-06,5.737495e-06,5.824995e-06,4.704165e-06,4.870828e-06,5.916659e-06,4.770827e-06,4.72916e-06,5.308326e-06,5.629166e-06,5.712493e-06,4.749998e-06,6.18333e-06
5,690,357.479,0.62,4.683327e-06,5.37916e-06,5.991666e-06,2.533332e-06,5.649996e-06,5.766662e-06,4.720831e-06,4.833333e-06,5.954162e-06,4.741661e-06,4.766663e-06,5.27916e-06,5.670825e-06,5.704164e-06,4.766663e-06,6.162492e-06
5,691,357.622,0.618,4.733332e-06,5.199997e-06,5.912495e-06,2.541661e-06,5.629166e-06,5.766662e-06,4.704165e-06,4.824996e-06,5.966663e-06,4.774992e-06,4.733332e-06,5.312499e-06,5.658333e-06,5.662497e-06,4.758326e-06,6.287495e-06
5,692,357.765,0.616,4.741661e-06,5.204161e-06,5.866663e-06,2.52916e-06,5.645832e-06,5.708329e-06,4.629159e-06,4.737497e-06,5.958327e-06,4.741661e-06,4.758326e-06,5.287496e-06,5.637495e-06,5.749996e-06,4.808331e-06,6.27083e-06
5,693,357.908,0.614,4.745825e-06,5.166666e-06,5.762497e-06,2.491665e-06,5.55416e-06,5.670825e-06,4.674999e-06,4.779164e-06,5.991666e-06,4.770827e-06,4.679163e-06,5.283332e-06,5.649996e-06,5.641659e-06,4.849998e-06,6.349993e-06
5,694,358.051,0.612,4.724996e-06,5.229163e-06,5.745832e-06,2.52916e-06,5.541659e-06,5.666661e-06,4.674999e-06,4.754162e-06,5.949998e-06,4.737497e-06,4.695829e-06,5.274995e-06,5.704164e-06,5.658333e-06,4.858327e-06,6.308325e-06
5,695,358.194,0.61,4.70833e-06,5.216662e-06,5.683327e-06,2.483328e-06,5.558332e-06,5.587498e-06,4.683327e-06,4.733332e-06,6.024996e-06,4.808331e-06,4.724996e-06,5.266658e-06,5.724994e-06,5.679162e-06,4.783328e-06,6.358329e-06
5,696,358.337,0.608,4.745825e-06,5.17083e-06,5.687499e-06,2.404165e-06,5.474997e-06,5.591663e-06,4.674999e-06,4.691664e-06,6.024996e-06,4.774992e-06,4.712494e-06,5.241664e-06,5.749996e-06,5.691663e-06,4.766663e-06,6.541665e-06
5,697,358.48,0.606,4.745825e-06,5.179159e-06,5.666661e-06,2.40833e-06,5.46666e-06,5.649996e-06,4.612494e-06,4.687492e-06,6.01666e-06,4.799994e-06,4.674999e-06,5.237492e-06,5.733331e-06,5.662497e-06,4.812495e-06,6.416662e-06
5,698,358.623,0.604,4.783328e-06,5.195832e-06,5.641659e-06,2.383327e-06,5.395826e-06,5.549995e-06,4.62083e-06,4.658325e-06,6.049999e-06,4.808331e-06,4.666662e-06,5.224999e-06,5.758325e-06,5.691663e-06,4.799994e-06,6.487497e-06
5,699,358.766,0.602,4.766663e-06,5.149992e-06,5.612493e-06,2.420831e-06,5.391661e-06,5.574997e-06,4.658325e-06,4.574998e-06,6.045826e-06,4.758326e-06,4.64166e-06,5.237492e-06,5.791664e-06,5.729159e-06,4.808331e-06,6.508326e-06
5,700,358.909,0.6,4.862499e-06,5.141664e-06,5.541659e-06,2.40833e-06,5.354166e-06,5.479161e-06,4.679163e-06,4.629159e-06,6.09583e-06,4.837497e-06,4.662498e-06,5.216662e-06,5.829159e-06,5.72083e-06,4.845826e-06,6.579161e-06
5,701,359.052,0.598,4.733332e-06,5.124998e-06,5.541659e-06,2.391664e-06,5.362495e-06,5.46666e-06,4.762499e-06,4.554161e-06,6.074993e-06,4.820832e-06,4.699993e-06,5.208326e-06,5.829159e-06,5.687499e-06,4.845826e-06,6.620828e-06
5,702,359.195,0.596,4.679163e-06,5.141664e-06,5.483325e-06,2.395828e-06,5.316663e-06,5.429165e-06,4.562497e-06,4.570826e-06,6.099995e-06,4.862499e-06,4.674999e-06,5.133327e-06,5.829159e-06,5.674998e-06,4.858327e-06,6.654159e-06
5,703,359.338,0.594,4.724996e-06,5.162493e-06,5.458331e-06,2.362498e-06,5.291661e-06,5.416663e-06,4.595828e-06,4.62083e-06,6.116661e-06,4.804158e-06,4.683327e-06,5.216662e-06,5.899994e-06,5.699992e-06,4.866663e-06,6.729166e-06
5,704,359.481,0.592,4.770827e-06,5.154165e-06,5.491662e-06,2.329159e-06,5.266658e-06,5.37916e-06,4.562497e-06,4.445831e-06,6.087494e-06,4.833333e-06,4.629159e-06,5.145828e-06,5.90833e-06,5.649996e-06,4.870828e-06,6.804164e-06
5,705,359.624,0.59,4.779164e-06,5.108333e-06,5.412499e-06,2.329159e-06,5.270831e-06,5.37916e-06,4.558333e-06,4.466661e-06,6.112496e-06,4.887494e-06,4.662498e-06,5.166666e-06,5.924996e-06,5.74166e-06,4.941662e-06,6.791663e-06
5,706,359.767,0.588,4.891666e-06,5.174994e-06,5.420828e-06,2.358325e-06,5.262494e-06,5.337492e-06,4.574998e-06,4.437494e-06,6.09583e-06,4.91666e-06,4.674999e-06,5.179159e-06,5.958327e-06,5.762497e-06,4.891666e-06,6.841659e-06
5,707,359.91,0.586,4.924997e-06,5.17083e-06,5.395826e-06,2.34166e-06,5.19166e-06,5.345829e-06,4.54166e-06,4.45416e-06,6.09583e-06,4.808331e-06,4.637496e-06,5.124998e-06,5.991666e-06,5.754161e-06,4.937498e-06,6.870826e-06
5,708,360.053,0.584,4.908331e-06,5.154165e-06,5.374996e-06,2.345832e-06,5.208326e-06,5.299997e-06,4.583327e-06,4.445831e-06,6.112496e-06,4.866663e-06,4.637496e-06,5.19166e-06,5.999994e-06,5.74166e-06,4.91666e-06,6.899993e-06
5,709,360.196,0.582,4.804158e-06,5.162493e-06,5.374996e-06,2.316666e-06,5.187495e-06,5.295825e-06,4.570826e-06,4.449995e-06,6.137498e-06,4.866663e-06,4.612494e-06,5.124998e-06,6.062492e-06,5.754161e-06,5.020825e-06,6.970827e-06
5,710,360.34,0.58,4.945827e-06,5.133327e-06,5.349994e-06,2.354161e-06,5.108333e-06,5.287496e-06,4.516665e-06,4.424993e-06,6.166665e-06,4.879165e-06,4.579163e-06,5.108333e-06,6.037497e-06,5.766662e-06,5.033326e-06,6.974999e-06
5,711,360.483,0.578,4.816659e-06,5.154165e-06,5.291661e-06,2.345832e-06,5.174994e-06,5.274995e-06,4.595828e-06,4.408328e-06,6.199996e-06,4.870828e-06,4.591664e-06,5.112497e-06,6.091658e-06,5.80833e-06,5.008332e-06,7.033332e-06
5,712,360.626,0.576,4.745825e-06,5.174994e-06,5.295825e-06,2.316666e-06,5.137499e-06,5.245829e-06,4.524994e-06,4.387498e-06,6.199996e-06,4.958328e-06,4.591664e-06,5.037498e-06,6.124997e-06,5.749996e-06,5.054164e-06,7.095829e-06
5,713,360.769,0.574,4.958328e-06,5.124998e-06,5.283332e-06,2.308329e-06,5.079166e-06,5.245829e-06,4.53333e-06,4.370832e-06,6.195831e-06,4.962492e-06,4.587499e-06,5.049992e-06,6.087494e-06,5.779163e-06,5.058328e-06,7.1625e-06
5,714,360.912,0.572,4.874993e-06,5.174994e-06,5.287496e-06,2.32083e-06,5.054164e-06,5.19166e-06,4.583327e-06,4.391662e-06,6.220826e-06,4.962492e-06,4.599992e-06,5.037498e-06,6.266665e-06,5.787492e-06,5.10416e-06,7.187494e-06
5,715,361.055,0.57,4.833333e-06,5.145828e-06,5.308326e-06,2.279162e-06,5.074994e-06,5.283332e-06,4.587499e-06,4.395827e-06,6.229162e-06,5.004159e-06,4.612494e-06,5.037498e-06,6.137498e-06,5.833332e-06,5.108333e-06,7.262492e-06
5,716,361.198,0.568,4.849998e-06,5.133327e-06,5.299997e-06,2.287499e-06,5.058328e-06,5.212498e-06,4.566662e-06,4.324992e-06,6.283331e-06,4.999995e-06,4.624995e-06,5.049992e-06,6.166665e-06,5.80833e-06,5.17083e-06,7.258328e-06
5,717,361.341,0.566,4.899995e-06,5.137499e-06,5.166666e-06,2.25416e-06,5.012496e-06,5.220827e-06,4.562497e-06,4.379161e-06,6.266665e-06,5.049992e-06,4.629159e-06,5.091659e-06,6.216661e-06,5.904166e-06,5.120826e-06,7.324998e-06
5,718,361.484,0.564,4.924997e-06,5.154165e-06,5.19166e-06,2.279162e-06,5.004159e-06,5.224999e-06,4.545832e-06,4.383326e-06,6.299997e-06,5.058328e-06,4.604165e-06,5.058328e-06,6.245828e-06,5.779163e-06,5.19166e-06,7.408333e-06
5,719,361.627,0.562,4.874993e-06,5.154165e-06,5.166666e-06,2.241659e-06,4.98333e-06,5.17083e-06,4.545832e-06,4.337493e-06,6.337492e-06,5.091659e-06,4.604165e-06,5.079166e-06,6.29166e-06,5.787492e-06,5.204161e-06,7.479159e-06
5,720,361.77,0.56,4.945827e-06,5.154165e-06,5.158329e-06,2.241659e-06,4.991658e-06,5.179159e-06,4.54166e-06,4.324992e-06,6.324999e-06,5.07083e-06,4.599992e-06,5.049992e-06,6.295832e-06,5.84166e-06,5.220827e-06,7.458329e-06
5,721,361.913,0.558,4.945827e-06,5.174994e-06,5.145828e-06,2.245831e-06,4.958328e-06,5.149992e-06,4.604165e-06,4.362496e-06,6.295832e-06,5.095832e-06,4.624995e-06,5.062493e-06,6.345828e-06,5.866663e-06,5.270831e-06,7.562494e-06
5,722,362.056,0.556,5.07083e-06,5.183331e-06,5.149992e-06,2.241659e-06,4.924997e-06,5.154165e-06,4.579163e-06,4.354159e-06,6.345828e-06,5.145828e-06,4.633331e-06,5.07083e-06,6.354165e-06,5.870827e-06,5.291661e-06,7.533328e-06
5,723,362.199,0.554,5.162493e-06,5.17083e-06,5.116661e-06,2.23333e-06,4.958328e-06,5.299997e-06,4.649997e-06,4.341666e-06,6.354165e-06,5.208326e-06,4.674999e-06,5.066665e-06,6.395833e-06,5.858326e-06,5.312499e-06,7.616663e-06
5,724,362.342,0.552,5.124998e-06,5.245829e-06,5.108333e-06,2.270826e-06,4.941662e-06,5.174994e-06,4.612494e-06,4.299998e-06,6.333327e-06,5.162493e-06,4.637496e-06,4.999995e-06,6.454166e-06,5.858326e-06,5.362495e-06,7.629164e-06
5,725,362.485,0.55,5.17083e-06,5.154165e-06,5.10416e-06,2.237495e-06,4.933325e-06,5.25833e-06,4.654161e-06,4.287497e-06,6.374995e-06,5.208326e-06,4.64166e-06,5.054164e-06,6.449994e-06,5.891665e-06,5.391661e-06,7.74583e-06
5,726,362.628,0.548,5.108333e-06,5.195832e-06,5.095832e-06,2.287499e-06,4.933325e-06,5.149992e-06,4.579163e-06,4.420829e-06,6.429163e-06,5.233328e-06,4.683327e-06,5.108333e-06,6.516663e-06,5.895829e-06,5.416663e-06,7.783326e-06
5,727,362.771,0.546,5.020825e-06,5.220827e-06,5.074994e-06,2.25416e-06,4.937498e-06,5.154165e-06,4.62083e-06,4.395827e-06,6.454166e-06,5.270831e-06,4.662498e-06,5.074994e-06,6.529164e-06,6.037497e-06,5.437493e-06,7.837494e-06
5,728,362.914,0.544,5.079166e-06,5.216662e-06,5.108333e-06,2.249996e-06,4.929161e-06,5.158329e-06,4.604165e-06,4.283325e-06,6.441664e-06,5.291661e-06,4.658325e-06,5.062493e-06,6.612492e-06,5.937497e-06,5.474997e-06,7.874997e-06
5,729,363.057,0.542,5.220827e-06,5.233328e-06,5.049992e-06,2.270826e-06,4.91666e-06,5.187495e-06,4.633331e-06,4.299998e-06,6.56666e-06,5.345829e-06,4.674999e-06,5.124998e-06,6.637494e-06,5.941661e-06,5.504163e-06,7.912493e-06
5,730,363.2,0.54,5.195832e-06,5.262494e-06,5.079166e-06,2.249996e-06,4.937498e-06,5.19166e-06,4.679163e-06,4.237493e-06,6.445829e-06,5.391661e-06,4.716659e-06,5.099996e-06,6.604163e-06,5.99583e-06,5.512492e-06,8.008329e-06
5,731,363.343,0.538,5.262494e-06,5.349994e-06,5.10416e-06,2.270826e-06,4.89583e-06,5.187495e-06,4.679163e-06,4.295826e-06,6.433328e-06,5.454159e-06,4.691664e-06,5.141664e-06,6.687498e-06,5.954162e-06,5.587498e-06,7.987499e-06
5,732,363.486,0.536,5.229163e-06,5.316663e-06,5.062493e-06,2.262497e-06,4.929161e-06,5.158329e-06,4.691664e-06,4.324992e-06,6.445829e-06,5.458331e-06,4.737497e-06,5.124998e-06,6.695827e-06,5.979165e-06,5.570825e-06,8.120831e-06
5,733,363.629,0.534,5.341665e-06,5.312499e-06,5.120826e-06,2.270826e-06,4.904159e-06,5.154165e-06,4.691664e-06,4.308327e-06,6.47916e-06,5.387497e-06,4.749998e-06,5.129163e-06,6.816666e-06,6.012495e-06,5.699992e-06,8.062498e-06
5,734,363.773,0.532,5.270831e-06,5.341665e-06,5.083331e-06,2.23333e-06,4.929161e-06,5.233328e-06,4.699993e-06,4.34583e-06,6.474996e-06,5.404162e-06,4.691664e-06,5.099996e-06,6.824994e-06,5.999994e-06,5.704164e-06,8.12916e-06
5,735,363.916,0.53,5.316663e-06,5.35833e-06,5.141664e-06,2.266661e-06,4.924997e-06,5.187495e-06,4.737497e-06,4.333329e-06,6.54583e-06,5.449994e-06,4.724996e-06,5.187495e-06,6.833331e-06,6.079165e-06,5.779163e-06,8.224996e-06
5,736,364.059,0.528,5.474997e-06,5.341665e-06,5.041663e-06,2.295828e-06,4.887494e-06,5.158329e-06,4.712494e-06,4.337493e-06,6.558331e-06,5.549995e-06,4.737497e-06,5.154165e-06,6.866662e-06,6.058327e-06,5.799993e-06,8.279165e-06
5,737,364.202,0.526,5.337492e-06,5.333328e-06,5.041663e-06,2.291664e-06,4.970829e-06,5.233328e-06,4.779164e-06,4.387498e-06,6.56666e-06,5.55416e-06,4.737497e-06,5.141664e-06,6.891664e-06,6.037497e-06,5.766662e-06,8.345826e-06
5,738,364.345,0.524,5.495826e-06,5.408327e-06,5.079166e-06,2.291664e-06,4.908331e-06,5.237492e-06,4.749998e-06,4.404164e-06,6.574996e-06,5.604164e-06,4.816659e-06,5.10416e-06,6.924995e-06,6.041662e-06,5.858326e-06,8.366665e-06
5,739,364.488,0.522,5.35833e-06,5.374996e-06,5.087495e-06,2.299992e-06,4.962492e-06,5.229163e-06,4.820832e-06,4.383326e-06,6.658332e-06,5.65416e-06,4.770827e-06,5.208326e-06,7.024995e-06,6.099995e-06,5.883328e-06,8.48333e-06
5,740,364.631,0.52,5.424992e-06,5.395826e-06,5.204161e-06,2.312493e-06,4.974993e-06,5.233328e-06,4.791665e-06,4.383326e-06,6.620828e-06,5.641659e-06,4.820832e-06,5.224999e-06,7.070827e-06,6.104159e-06,5.99583e-06,8.533327e-06
5,741,364.774,0.518,5.474997e-06,5.433329e-06,5.149992e-06,2.304165e-06,4.937498e-06,5.254165e-06,4.858327e-06,4.379161e-06,6.620828e-06,5.712493e-06,4.837497e-06,5.220827e-06,7.024995e-06,6.149999e-06,6.091658e-06,8.554164e-06
5,742,364.917,0.516,5.520828e-06,5.462496e-06,5.083331e-06,2.462498e-06,4.974993e-06,5.27916e-06,4.858327e-06,4.420829e-06,6.604163e-06,5.733331e-06,4.845826e-06,5.233328e-06,7.054162e-06,6.133326e-06,6.129162e-06,8.612497e-06
5,743,365.06,0.514,5.53333e-06,5.499999e-06,5.145828e-06,2.34166e-06,4.966664e-06,5.25833e-06,4.883329e-06,4.420829e-06,6.637494e-06,5.758325e-06,4.866663e-06,5.25833e-06,7.199995e-06,6.099995e-06,6.124997e-06,8.633328e-06
5,744,365.203,0.512,5.666661e-06,5.499999e-06,5.116661e-06,2.291664e-06,4.974993e-06,5.312499e-06,4.887494e-06,4.491663e-06,6.66666e-06,5.795829e-06,4.858327e-06,5.287496e-06,7.208331e-06,6.18333e-06,6.054163e-06,8.737493e-06
5,745,365.346,0.51,5.649996e-06,5.537494e-06,5.129163e-06,2.34166e-06,4.974993e-06,5.35833e-06,4.929161e-06,4.483326e-06,6.662496e-06,5.80833e-06,4.920832e-06,5.295825e-06,7.254163e-06,6.187495e-06,6.104159e-06,8.895826e-06
5,746,365.489,0.508,5.766662e-06,5.55416e-06,5.162493e-06,2.324995e-06,4.987494e-06,5.395826e-06,4.945827e-06,4.470825e-06,6.654159e-06,5.916659e-06,4.904159e-06,5.270831e-06,7.279165e-06,6.249992e-06,6.166665e-06,8.77916e-06
5,747,365.632,0.506,5.72083e-06,5.579162e-06,5.154165e-06,2.349997e-06,5.016661e-06,5.387497e-06,5.016661e-06,4.470825e-06,6.741659e-06,5.945826e-06,4.941662e-06,5.320827e-06,7.316661e-06,6.229162e-06,6.220826e-06,8.787497e-06
5,748,365.775,0.504,5.712493e-06,5.583326e-06,5.149992e-06,2.362498e-06,4.979165e-06,5.349994e-06,5.058328e-06,4.504164e-06,6.762496e-06,5.920831e-06,4.995831e-06,5.337492e-06,7.40416e-06,6.262493e-06,6.299997e-06,8.883325e-06
5,749,365.918,0.502,5.866663e-06,5.674998e-06,5.154165e-06,2.366662e-06,5.062493e-06,5.354166e-06,4.999995e-06,4.499992e-06,6.729166e-06,5.979165e-06,4.98333e-06,5.374996e-06,7.437499e-06,6.274994e-06,6.304161e-06,8.949995e-06
5,750,366.061,0.5,5.770826e-06,5.616665e-06,5.19166e-06,2.40833e-06,5.07083e-06,5.399998e-06,5.074994e-06,4.54166e-06,6.783327e-06,6.074993e-06,5.041663e-06,5.399998e-06,7.466666e-06,6.266665e-06,6.379159e-06,9.024993e-06
5,751,366.204,0.498,5.779163e-06,5.691663e-06,5.224999e-06,2.399993e-06,5.087495e-06,5.416663e-06,5.045827e-06,4.53333e-06,6.837495e-06,6.066664e-06,5.004159e-06,5.404162e-06,7.499997e-06,6.283331e-06,6.39166e-06,9.070825e-06
5,752,366.347,0.496,5.899994e-06,5.829159e-06,5.187495e-06,2.429159e-06,5.099996e-06,5.437493e-06,5.074994e-06,4.520829e-06,6.858325e-06,6.09583e-06,5.029162e-06,5.454159e-06,7.562494e-06,6.283331e-06,6.47916e-06,9.129159e-06
5,753,366.49,0.494,5.958327e-06,5.779163e-06,5.208326e-06,2.445825e-06,5.07083e-06,5.454159e-06,5.108333e-06,4.558333e-06,6.837495e-06,6.162492e-06,5.045827e-06,5.449994e-06,7.629164e-06,6.324999e-06,6.512499e-06,9.170826e-06
5,754,366.633,0.492,5.954162e-06,5.774998e-06,5.237492e-06,2.420831e-06,5.099996e-06,5.46666e-06,5.17083e-06,4.587499e-06,6.883327e-06,6.212497e-06,5.095832e-06,5.479161e-06,7.608326e-06,6.416662e-06,6.533329e-06,9.233332e-06
5,755,366.776,0.49,5.924996e-06,5.829159e-06,5.287496e-06,2.433332e-06,5.099996e-06,5.508327e-06,5.17083e-06,4.604165e-06,6.837495e-06,6.279159e-06,5.149992e-06,5.499999e-06,7.683333e-06,6.387496e-06,6.587497e-06,9.32916e-06
5,756,366.919,0.488,6.09583e-06,5.862498e-06,5.229163e-06,2.462498e-06,5.137499e-06,5.537494e-06,5.220827e-06,4.604165e-06,6.824994e-06,6.308325e-06,5.166666e-06,5.516664e-06,7.74583e-06,6.362494e-06,6.691662e-06,9.408331e-06
5,757,367.062,0.486,6.133326e-06,5.862498e-06,5.324991e-06,2.420831e-06,5.124998e-06,5.516664e-06,5.220827e-06,4.62083e-06,6.858325e-06,6.266665e-06,5.212498e-06,5.579162e-06,7.76666e-06,6.387496e-06,6.683326e-06,9.479165e-06
5,758,367.206,0.484,6.133326e-06,5.945826e-06,5.304162e-06,2.504166e-06,5.183331e-06,5.570825e-06,5.270831e-06,4.662498e-06,6.883327e-06,6.329163e-06,5.308326e-06,5.579162e-06,7.812492e-06,6.499998e-06,6.720829e-06,9.39583e-06
5,759,367.349,0.482,6.09583e-06,5.924996e-06,5.324991e-06,2.491665e-06,5.241664e-06,5.566661e-06,5.283332e-06,4.691664e-06,6.929159e-06,6.345828e-06,5.216662e-06,5.72083e-06,7.866661e-06,6.474996e-06,6.745831e-06,9.599996e-06
5,760,367.492,0.48,6.295832e-06,5.941661e-06,5.304162e-06,2.474992e-06,5.216662e-06,5.620829e-06,5.283332e-06,4.695829e-06,6.94166e-06,6.39166e-06,5.19166e-06,5.587498e-06,7.954161e-06,6.445829e-06,6.829158e-06,9.483329e-06
5,761,367.635,0.478,6.174993e-06,5.945826e-06,5.324991e-06,2.524996e-06,5.212498e-06,5.624994e-06,5.354166e-06,4.712494e-06,6.94166e-06,6.474996e-06,5.208326e-06,5.695828e-06,7.954161e-06,6.466659e-06,6.849996e-06,9.587495e-06
5,762,367.778,0.476,6.349993e-06,5.983329e-06,5.362495e-06,2.524996e-06,5.266658e-06,5.645832e-06,5.374996e-06,4.774992e-06,6.995829e-06,6.470831e-06,5.287496e-06,5.658333e-06,7.970826e-06,6.654159e-06,6.962498e-06,9.629162e-06
5,763,367.921,0.474,6.258329e-06,6.049999e-06,5.416663e-06,2.541661e-06,5.287496e-06,5.737495e-06,5.416663e-06,4.812495e-06,6.979164e-06,6.524992e-06,5.270831e-06,5.695828e-06,8.083328e-06,6.604163e-06,6.979164e-06,9.720826e-06
5,764,368.064,0.472,6.320826e-06,6.037497e-06,5.437493e-06,2.520831e-06,5.337492e-06,5.74166e-06,5.387497e-06,4.804158e-06,6.979164e-06,6.549994e-06,5.333328e-06,5.712493e-06,8.054161e-06,6.554159e-06,7.020831e-06,9.741664e-06
5,765,368.207,0.47,6.399997e-06,6.062492e-06,5.474997e-06,2.554162e-06,5.304162e-06,5.754161e-06,5.512492e-06,4.874993e-06,7.02916e-06,6.595826e-06,5.391661e-06,5.783327e-06,8.204166e-06,6.537493e-06,7.083328e-06,9.799997e-06
5,766,368.35,0.468,6.437492e-06,6.099995e-06,5.441666e-06,2.608331e-06,5.329164e-06,5.737495e-06,5.495826e-06,4.816659e-06,7.020831e-06,6.624993e-06,5.35833e-06,5.812494e-06,8.158326e-06,6.587497e-06,7.145826e-06,9.862494e-06
5,767,368.493,0.466,6.495825e-06,6.174993e-06,5.441666e-06,2.524996e-06,5.387497e-06,5.791664e-06,5.591663e-06,4.820832e-06,7.091665e-06,6.708328e-06,5.424992e-06,5.870827e-06,8.233333e-06,6.558331e-06,7.170828e-06,9.937493e-06
5,768,368.636,0.464,6.595826e-06,6.158328e-06,5.487498e-06,2.562499e-06,5.429165e-06,5.799993e-06,5.574997e-06,4.924997e-06,7.095829e-06,6.762496e-06,5.46666e-06,5.912495e-06,8.279165e-06,6.66666e-06,7.149999e-06,1.0008327e-05
5,769,368.779,0.462,6.616664e-06,6.199996e-06,5.504163e-06,2.604159e-06,5.474997e-06,5.874999e-06,5.624994e-06,4.879165e-06,7.11666e-06,6.774998e-06,5.495826e-06,5.924996e-06,8.349999e-06,6.679161e-06,7.295831e-06,1.0158332e-05
5,770,368.922,0.46,6.82083e-06,6.254164e-06,5.55416e-06,2.583329e-06,5.374996e-06,5.920831e-06,5.620829e-06,4.970829e-06,7.137497e-06,6.874998e-06,5.474997e-06,5.933332e-06,8.383329e-06,6.712492e-06,7.262492e-06,1.0029165e-05
5,771,369.065,0.458,6.729166e-06,6.266665e-06,5.587498e-06,2.620832e-06,5.44583e-06,5.937497e-06,5.724994e-06,5.004159e-06,7.183329e-06,6.891664e-06,5.574997e-06,6.004159e-06,8.424998e-06,6.729166e-06,7.366665e-06,1.0095827e-05
5,772,369.208,0.456,6.704164e-06,6.345828e-06,5.599999e-06,2.658328e-06,5.474997e-06,5.883328e-06,5.745832e-06,5.024997e-06,7.149999e-06,6.949997e-06,5.608328e-06,5.99583e-06,8.45e-06,6.741659e-06,7.449993e-06,1.0116664e-05
5,773,369.351,0.454,6.783327e-06,6.329163e-06,5.649996e-06,2.666664e-06,5.499999e-06,5.912495e-06,5.783327e-06,5.024997e-06,7.166664e-06,6.995829e-06,5.637495e-06,6.058327e-06,8.48333e-06,6.762496e-06,7.483332e-06,1.0195828e-05
5,774,369.494,0.452,6.774998e-06,6.395833e-06,5.641659e-06,2.666664e-06,5.541659e-06,5.958327e-06,5.770826e-06,5.066665e-06,7.179165e-06,7.033332e-06,5.65416e-06,6.066664e-06,8.562493e-06,6.779162e-06,7.533328e-06,1.0245832e-05
5,775,369.637,0.45,6.858325e-06,6.445829e-06,5.65416e-06,2.658328e-06,5.587498e-06,6.037497e-06,5.799993e-06,5.179159e-06,7.187494e-06,7.083328e-06,5.666661e-06,6.279159e-06,8.645829e-06,6.841659e-06,7.541664e-06,1.0358325e-05
5,776,369.78,0.448,6.966663e-06,6.420827e-06,5.724994e-06,2.674993e-06,5.608328e-06,6.09583e-06,5.90833e-06,5.116661e-06,7.179165e-06,7.120832e-06,5.716666e-06,6.187495e-06,8.654165e-06,6.816666e-06,7.604162e-06,1.0358325e-05
5,777,369.923,0.446,6.937496e-06,6.491661e-06,5.745832e-06,2.712496e-06,5.604164e-06,6.112496e-06,5.90833e-06,5.074994e-06,7.387495e-06,7.170828e-06,5.749996e-06,6.245828e-06,8.699997e-06,6.862497e-06,7.724992e-06,1.0441661e-05
5,778,370.066,0.444,7.137497e-06,6.549994e-06,5.712493e-06,2.720825e-06,5.658333e-06,6.149999e-06,5.933332e-06,5.087495e-06,7.241662e-06,7.199995e-06,5.758325e-06,6.312498e-06,8.704162e-06,6.904165e-06,7.741666e-06,1.0512495e-05
5,779,370.209,0.442,7.070827e-06,6.608327e-06,5.791664e-06,2.762492e-06,5.645832e-06,6.20416e-06,5.987493e-06,5.174994e-06,7.299996e-06,7.424998e-06,5.845833e-06,6.312498e-06,8.862496e-06,6.937496e-06,7.720828e-06,1.0533333e-05
5,780,370.352,0.44,7.141662e-06,6.583325e-06,5.854161e-06,2.704159e-06,5.733331e-06,6.195831e-06,6.041662e-06,5.224999e-06,7.279165e-06,7.395832e-06,5.84166e-06,6.358329e-06,8.908328e-06,6.966663e-06,7.85416e-06,1.0670828e-05
5,781,370.495,0.438,7.287495e-06,6.658332e-06,5.883328e-06,2.808333e-06,5.729159e-06,6.245828e-06,6.066664e-06,5.237492e-06,7.329162e-06,7.337499e-06,5.912495e-06,6.408326e-06,8.904163e-06,6.891664e-06,7.883326e-06,1.0624997e-05
5,782,370.638,0.436,7.129161e-06,6.658332e-06,5.854161e-06,2.770829e-06,5.729159e-06,6.27083e-06,6.112496e-06,5.287496e-06,7.287495e-06,7.374994e-06,5.954162e-06,6.449994e-06,9.008329e-06,6.987492e-06,7.958332e-06,1.0666665e-05
5,783,370.782,0.434,7.424998e-06,6.716665e-06,5.899994e-06,2.816661e-06,5.804165e-06,6.279159e-06,6.216661e-06,5.320827e-06,7.354164e-06,7.420826e-06,6.033325e-06,6.466659e-06,8.983326e-06,7.020831e-06,7.958332e-06,1.0758328e-05
5,784,370.925,0.432,7.30416e-06,6.729166e-06,5.924996e-06,2.829162e-06,5.812494e-06,6.366666e-06,6.20416e-06,5.320827e-06,7.379158e-06,7.462494e-06,5.966663e-06,6.504162e-06,9.104165e-06,6.983328e-06,8.033331e-06,1.0758328e-05
5,785,371.068,0.43,7.324998e-06,6.758332e-06,5.949998e-06,2.829162e-06,5.887493e-06,6.39166e-06,6.241663e-06,5.383333e-06,7.395832e-06,7.520827e-06,5.99583e-06,6.654159e-06,9.133331e-06,7.083328e-06,8.104165e-06,1.0849993e-05
5,786,371.211,0.428,7.358328e-06,6.858325e-06,5.979165e-06,2.887495e-06,5.899994e-06,6.441664e-06,6.258329e-06,5.412499e-06,7.383331e-06,7.57916e-06,6.166665e-06,6.554159e-06,9.208329e-06,7.083328e-06,8.154162e-06,1.0849993e-05
5,787,371.354,0.426,7.474995e-06,6.783327e-06,6.037497e-06,2.858329e-06,5.874999e-06,6.466659e-06,6.333327e-06,5.437493e-06,7.412497e-06,7.616663e-06,6.087494e-06,6.608327e-06,9.195828e-06,7.174993e-06,8.216659e-06,1.0945829e-05
5,788,371.497,0.424,7.445828e-06,6.849996e-06,6.079165e-06,2.883331e-06,5.949998e-06,6.483333e-06,6.316662e-06,5.495826e-06,7.437499e-06,7.633328e-06,6.158328e-06,6.662496e-06,9.262498e-06,7.166664e-06,8.266664e-06,1.1016663e-05
5,789,371.64,0.422,7.554166e-06,6.874998e-06,6.124997e-06,3.045829e-06,5.924996e-06,6.558331e-06,6.408326e-06,5.454159e-06,7.479159e-06,7.720828e-06,6.174993e-06,6.695827e-06,9.337497e-06,7.141662e-06,8.354164e-06,1.1041665e-05
5,790,371.783,0.42,7.624992e-06,6.924995e-06,6.054163e-06,2.862493e-06,5.983329e-06,6.579161e-06,6.399997e-06,5.55416e-06,7.529163e-06,7.799999e-06,6.20416e-06,6.762496e-06,9.362499e-06,7.137497e-06,8.495832e-06,1.1133329e-05
5,791,371.926,0.418,7.641665e-06,7.033332e-06,6.116661e-06,2.995825e-06,6.041662e-06,6.554159e-06,6.429163e-06,5.595827e-06,7.487496e-06,7.774996e-06,6.224998e-06,6.774998e-06,9.41666e-06,7.1625e-06,8.554164e-06,1.116666e-05
5,792,372.069,0.416,7.829165e-06,7.058326e-06,6.137498e-06,2.949993e-06,6.149999e-06,6.658332e-06,6.508326e-06,5.637495e-06,7.47083e-06,7.887498e-06,6.29166e-06,6.908329e-06,9.458327e-06,7.208331e-06,8.429161e-06,1.1237494e-05
5,793,372.212,0.414,7.787497e-06,7.041661e-06,6.179166e-06,2.954165e-06,6.083329e-06,6.654159e-06,6.604163e-06,5.666661e-06,7.508326e-06,7.874997e-06,6.345828e-06,6.933331e-06,9.524997e-06,7.224997e-06,8.462493e-06,1.1241658e-05
5,794,372.355,0.412,7.820829e-06,7.11666e-06,6.216661e-06,2.966658e-06,6.141663e-06,6.791663e-06,6.54583e-06,5.674998e-06,7.554166e-06,7.954161e-06,6.39166e-06,6.92083e-06,9.599996e-06,7.295831e-06,8.524998e-06,1.1187498e-05
5,795,372.498,0.41,7.966662e-06,7.154163e-06,6.254164e-06,2.995825e-06,6.141663e-06,6.720829e-06,6.583325e-06,5.712493e-06,7.595825e-06,8.008329e-06,6.362494e-06,6.995829e-06,9.629162e-06,7.316661e-06,8.624998e-06,1.1279162e-05
5,796,372.641,0.408,7.991664e-06,7.21666e-06,6.266665e-06,3.049993e-06,6.191659e-06,6.829158e-06,6.724993e-06,5.712493e-06,7.587496e-06,8.062498e-06,6.466659e-06,7.037497e-06,9.691659e-06,7.312497e-06,8.699997e-06,1.1374998e-05
5,797,372.784,0.406,8.062498e-06,7.183329e-06,6.304161e-06,3.054166e-06,6.241663e-06,6.808329e-06,6.808329e-06,5.770826e-06,7.591661e-06,8.133332e-06,6.499998e-06,7.083328e-06,9.720826e-06,7.345827e-06,8.691661e-06,1.142083e-05
5,798,372.927,0.404,7.949996e-06,7.233326e-06,6.354165e-06,3.091661e-06,6.283331e-06,6.787499e-06,6.837495e-06,5.791664e-06,7.645829e-06,8.10833e-06,6.462495e-06,7.129161e-06,9.762493e-06,7.337499e-06,8.787497e-06,1.1433332e-05
5,799,373.07,0.402,7.991664e-06,7.316661e-06,6.454166e-06,3.087497e-06,6.308325e-06,6.879163e-06,6.787499e-06,5.799993e-06,7.654166e-06,8.174999e-06,6.549994e-06,7.166664e-06,9.779159e-06,7.379158e-06,8.837494e-06,1.1504166e-05
5,800,373.213,0.4,8.04166e-06,7.345827e-06,6.429163e-06,3.095826e-06,6.345828e-06,6.895828e-06,6.816666e-06,5.791664e-06,7.7125e-06,8.233333e-06,6.654159e-06,7.170828e-06,9.808326e-06,7.399996e-06,8.874997e-06,1.1583328e-05
5,801,373.356,0.398,8.087492e-06,7.416661e-06,6.429163e-06,3.095826e-06,6.362494e-06,6.987492e-06,6.854161e-06,5.891665e-06,7.83333e-06,8.320832e-06,6.637494e-06,7.287495e-06,9.891661e-06,7.454165e-06,8.970833e-06,1.1624996e-05
5,802,373.499,0.396,8.191665e-06,7.433327e-06,6.454166e-06,3.133329e-06,6.416662e-06,6.999993e-06,6.954161e-06,5.999994e-06,7.708327e-06,8.341662e-06,6.649995e-06,7.320825e-06,9.954158e-06,7.49166e-06,8.983326e-06,1.1704159e-05
5,803,373.642,0.394,8.241662e-06,7.449993e-06,6.516663e-06,3.149994e-06,6.445829e-06,7.02916e-06,6.949997e-06,5.962499e-06,7.76666e-06,8.458328e-06,6.679161e-06,7.345827e-06,1.0037494e-05,7.499997e-06,9.22083e-06,1.1799995e-05
5,804,373.785,0.392,8.245825e-06,7.495833e-06,6.599998e-06,3.204163e-06,6.466659e-06,7.099994e-06,7.02916e-06,5.979165e-06,7.691661e-06,8.508333e-06,6.812493e-06,7.437499e-06,1.0108328e-05,7.529163e-06,9.112493e-06,1.1795831e-05
5,805,373.928,0.39,8.41666e-06,7.574995e-06,6.558331e-06,3.212492e-06,6.541665e-06,7.174993e-06,7.087493e-06,6.024996e-06,7.741666e-06,8.612497e-06,6.82083e-06,7.441664e-06,1.0112492e-05,7.549993e-06,9.112493e-06,1.1858328e-05
5,806,374.071,0.388,8.441662e-06,7.595825e-06,6.616664e-06,3.220828e-06,6.549994e-06,7.166664e-06,7.079164e-06,6.079165e-06,7.749994e-06,8.574994e-06,6.791663e-06,7.504161e-06,1.0199992e-05,7.599997e-06,9.195828e-06,1.1899996e-05
5,807,374.215,0.386,8.549992e-06,7.620828e-06,6.687498e-06,3.270833e-06,6.604163e-06,7.183329e-06,7.166664e-06,6.091658e-06,7.824993e-06,8.516661e-06,6.979164e-06,7.566658e-06,1.0187498e-05,7.604162e-06,9.258326e-06,1.1879166e-05
5,808,374.358,0.384,8.645829e-06,7.649994e-06,6.683326e-06,3.295827e-06,6.637494e-06,7.258328e-06,7.191666e-06,6.141663e-06,7.799999e-06,8.583331e-06,7.058326e-06,7.574995e-06,1.0266662e-05,7.620828e-06,9.320831e-06,1.1958329e-05
5,809,374.501,0.382,8.558329e-06,7.724992e-06,6.720829e-06,3.245831e-06,6.716665e-06,7.28333e-06,7.187494e-06,6.174993e-06,7.812492e-06,8.620827e-06,6.945832e-06,7.683333e-06,1.0345832e-05,7.658331e-06,9.32916e-06,1.2033327e-05
5,810,374.644,0.38,8.562493e-06,7.787497e-06,6.745831e-06,3.299999e-06,6.741659e-06,7.333326e-06,7.254163e-06,6.229162e-06,7.895827e-06,8.733328e-06,6.949997e-06,7.633328e-06,1.0345832e-05,7.662495e-06,9.449998e-06,1.2045829e-05
5,811,374.787,0.378,8.599996e-06,7.816664e-06,6.829158e-06,3.291663e-06,6.745831e-06,7.333326e-06,7.299996e-06,6.254164e-06,7.870825e-06,8.77916e-06,7.004166e-06,7.674996e-06,1.0458326e-05,7.770833e-06,9.408331e-06,1.2087497e-05
5,812,374.93,0.376,8.654165e-06,7.837494e-06,6.937496e-06,3.341659e-06,6.804164e-06,7.458329e-06,7.399996e-06,6.274994e-06,7.899992e-06,8.766659e-06,7.108331e-06,7.770833e-06,1.0420831e-05,7.762495e-06,9.50416e-06,1.2187496e-05
5,813,375.073,0.374,8.733328e-06,7.841659e-06,6.841659e-06,3.35416e-06,6.824994e-06,7.441664e-06,7.462494e-06,6.287495e-06,7.887498e-06,8.84583e-06,7.112495e-06,7.845831e-06,1.0462499e-05,7.770833e-06,9.599996e-06,1.2208327e-05
5,814,375.216,0.372,8.816663e-06,7.841659e-06,6.858325e-06,3.433331e-06,6.874998e-06,7.508326e-06,7.416661e-06,6.358329e-06,7.887498e-06,8.904163e-06,7.154163e-06,7.862496e-06,1.0558327e-05,7.837494e-06,9.733327e-06,1.2270832e-05
5,815,375.359,0.37,8.816663e-06,7.93333e-06,6.916666e-06,3.366661e-06,6.891664e-06,7.533328e-06,7.479159e-06,6.354165e-06,7.924994e-06,8.949995e-06,7.224997e-06,7.920829e-06,1.0645826e-05,7.770833e-06,9.745829e-06,1.226666e-05
5,816,375.502,0.368,8.870832e-06,8.012494e-06,6.94166e-06,3.437495e-06,6.991665e-06,7.587496e-06,7.508326e-06,6.445829e-06,7.991664e-06,9.012492e-06,7.208331e-06,8.004165e-06,1.0637498e-05,7.820829e-06,9.79166e-06,1.2341667e-05
5,817,375.645,0.366,9.02083e-06,7.999993e-06,6.999993e-06,3.462497e-06,7.058326e-06,7.591661e-06,7.562494e-06,6.508326e-06,8.008329e-06,9.016665e-06,7.266664e-06,7.987499e-06,1.0708332e-05,7.862496e-06,9.745829e-06,1.2374997e-05
5,818,375.788,0.364,8.974997e-06,8.037496e-06,7.054162e-06,3.470826e-06,7.02916e-06,7.708327e-06,7.595825e-06,6.541665e-06,7.979163e-06,9.05416e-06,7.362493e-06,8.087492e-06,1.070416e-05,7.879162e-06,9.804161e-06,1.2362496e-05
5,819,375.931,0.362,9.170826e-06,8.058326e-06,7.104159e-06,3.466662e-06,7.066663e-06,7.674996e-06,7.708327e-06,6.516663e-06,8.004165e-06,9.095827e-06,7.358328e-06,8.158326e-06,1.0791659e-05,7.908328e-06,9.833328e-06,1.2399999e-05
5,820,376.074,0.36,9.212494e-06,8.154162e-06,7.129161e-06,3.474998e-06,7.062499e-06,7.824993e-06,7.824993e-06,6.541665e-06,8.033331e-06,9.162498e-06,7.437499e-06,8.170828e-06,1.0849993e-05,7.958332e-06,9.916663e-06,1.2566662e-05
5,821,376.217,0.358,9.258326e-06,8.133332e-06,7.149999e-06,3.499993e-06,7.070827e-06,7.779161e-06,7.849995e-06,6.654159e-06,8.008329e-06,9.266662e-06,7.508326e-06,8.241662e-06,1.087083e-05,7.987499e-06,9.962495e-06,1.2545832e-05
5,822,376.36,0.356,9.249997e-06,8.166663e-06,7.208331e-06,3.512494e-06,7.187494e-06,7.799999e-06,7.804163e-06,6.658332e-06,8.054161e-06,9.320831e-06,7.512498e-06,8.237497e-06,1.0904161e-05,7.995828e-06,9.974996e-06,1.2512493e-05
5,823,376.503,0.354,9.208329e-06,8.333325e-06,7.249999e-06,3.562498e-06,7.21666e-06,7.849995e-06,7.85416e-06,6.691662e-06,8.120831e-06,9.312495e-06,7.504161e-06,8.341662e-06,1.0949993e-05,8.004165e-06,1.0062496e-05,1.2654162e-05
5,824,376.646,0.352,9.254161e-06,8.370828e-06,7.316661e-06,3.52083e-06,7.224997e-06,7.924994e-06,7.841659e-06,6.770825e-06,8.158326e-06,9.362499e-06,7.595825e-06,8.304159e-06,1.1020828e-05,8.083328e-06,1.0145831e-05,1.2683328e-05
5,825,376.789,0.35,9.50416e-06,8.374993e-06,7.308332e-06,3.612495e-06,7.237498e-06,7.983327e-06,7.912493e-06,6.729166e-06,8.112494e-06,9.41666e-06,7.645829e-06,8.458328e-06,1.1087497e-05,8.02083e-06,1.0170826e-05,1.2724996e-05
5,826,376.932,0.348,9.404159e-06,8.404159e-06,7.324998e-06,3.645825e-06,7.329162e-06,8.004165e-06,7.979163e-06,6.766661e-06,8.133332e-06,9.462499e-06,7.658331e-06,8.454163e-06,1.1116664e-05,8.149997e-06,1.0179162e-05,1.2779165e-05
5,827,377.075,0.346,9.516661e-06,8.383329e-06,7.395832e-06,3.62916e-06,7.366665e-06,8.133332e-06,8.04166e-06,6.808329e-06,8.137496e-06,9.60416e-06,7.699999e-06,8.533327e-06,1.116666e-05,8.112494e-06,1.0291664e-05,1.2845826e-05
5,828,377.218,0.344,9.570829e-06,8.454163e-06,7.49166e-06,3.666663e-06,7.374994e-06,8.124995e-06,8.074999e-06,6.866662e-06,8.333325e-06,9.549999e-06,7.795827e-06,8.633328e-06,1.1162496e-05,8.191665e-06,1.0312494e-05,1.2887494e-05
5,829,377.361,0.342,9.574994e-06,8.612497e-06,7.545829e-06,3.679164e-06,7.462494e-06,8.170828e-06,8.095829e-06,6.891664e-06,8.341662e-06,9.699997e-06,7.83333e-06,8.579159e-06,1.1262497e-05,8.174999e-06,1.0316666e-05,1.2899995e-05
5,830,377.504,0.34,9.7375e-06,8.566665e-06,7.499997e-06,3.674992e-06,7.504161e-06,8.212495e-06,8.12916e-06,6.970827e-06,8.212495e-06,9.633327e-06,7.904164e-06,8.699997e-06,1.1316665e-05,8.245825e-06,1.0404166e-05,1.2954163e-05
5,831,377.648,0.338,9.804161e-06,8.629163e-06,7.574995e-06,3.733325e-06,7.533328e-06,8.245825e-06,8.245825e-06,6.995829e-06,8.224996e-06,9.829164e-06,8.045832e-06,8.754166e-06,1.1370826e-05,8.291666e-06,1.040833e-05,1.3037499e-05
5,832,377.791,0.336,9.833328e-06,8.624998e-06,7.637493e-06,3.729161e-06,7.604162e-06,8.333325e-06,8.287493e-06,7.041661e-06,8.270827e-06,9.724999e-06,8.016666e-06,8.766659e-06,1.1387499e-05,8.245825e-06,1.0574992e-05,1.3104161e-05
5,833,377.934,0.334,9.916663e-06,8.629163e-06,7.670832e-06,3.741662e-06,7.654166e-06,8.312496e-06,8.287493e-06,7.099994e-06,8.274992e-06,9.816663e-06,7.987499e-06,8.887498e-06,1.1541661e-05,8.312496e-06,1.0570828e-05,1.3041663e-05
5,834,378.077,0.332,9.695832e-06,8.770831e-06,7.674996e-06,3.829161e-06,7.612498e-06,8.324997e-06,8.333325e-06,7.133333e-06,8.283329e-06,9.904162e-06,8.062498e-06,8.837494e-06,1.169583e-05,8.341662e-06,1.0604159e-05,1.3066665e-05
5,835,378.22,0.33,9.954158e-06,8.741665e-06,7.887498e-06,3.849999e-06,7.645829e-06,8.445827e-06,8.345826e-06,7.204159e-06,8.345826e-06,9.912499e-06,8.058326e-06,8.991663e-06,1.1654162e-05,8.391658e-06,1.0654163e-05,1.3187496e-05
5,836,378.363,0.328,9.95833e-06,8.741665e-06,7.758331e-06,3.81666e-06,7.729165e-06,8.499996e-06,8.429161e-06,7.212496e-06,8.337498e-06,9.945829e-06,8.12916e-06,8.949995e-06,1.1562498e-05,8.429161e-06,1.0745827e-05,1.3249994e-05
5,837,378.506,0.326,1.0058331e-05,9.058333e-06,7.779161e-06,3.866664e-06,7.74583e-06,8.524998e-06,8.48333e-06,7.266664e-06,8.383329e-06,1.00125e-05,8.162498e-06,9.029166e-06,1.1683329e-05,8.433326e-06,1.0829162e-05,1.3299998e-05
5,838,378.649,0.324,9.995826e-06,8.84583e-06,7.841659e-06,3.874993e-06,7.816664e-06,8.524998e-06,8.524998e-06,7.279165e-06,8.337498e-06,1.0141659e-05,8.187492e-06,9.079162e-06,1.1658327e-05,8.608326e-06,1.0808333e-05,1.3358331e-05
5,839,378.792,0.322,1.0062496e-05,8.979162e-06,7.970826e-06,3.916661e-06,7.866661e-06,8.574994e-06,8.566665e-06,7.312497e-06,8.374993e-06,1.0074997e-05,8.262499e-06,9.112493e-06,1.1733326e-05,8.491659e-06,1.0824998e-05,1.3374996e-05
5,840,378.935,0.32,1.0058331e-05,8.945831e-06,7.891663e-06,3.899996e-06,7.849995e-06,8.67916e-06,8.57083e-06,7.329162e-06,8.466665e-06,1.0116664e-05,8.291666e-06,9.133331e-06,1.1791666e-05,8.424998e-06,1.0849993e-05,1.3387497e-05
5,841,379.078,0.318,1.0162496e-05,8.96666e-06,7.999993e-06,3.891659e-06,8.074999e-06,8.724999e-06,8.674995e-06,7.424998e-06,8.491659e-06,1.0191663e-05,8.299994e-06,9.229159e-06,1.1870829e-05,8.479166e-06,1.0983332e-05,1.3437494e-05
5,842,379.221,0.316,1.0149995e-05,9.037494e-06,8.004165e-06,3.954164e-06,8.049997e-06,8.816663e-06,8.695833e-06,7.445828e-06,8.399995e-06,1.0262497e-05,8.354164e-06,9.299994e-06,1.1841663e-05,8.470829e-06,1.1170832e-05,1.3487498e-05
5,843,379.364,0.314,1.0404166e-05,9.083326e-06,8.091664e-06,3.983331e-06,7.974998e-06,8.84583e-06,8.783332e-06,7.474995e-06,8.429161e-06,1.0283327e-05,8.395831e-06,9.387493e-06,1.1924998e-05,8.574994e-06,1.0995833e-05,1.3437494e-05
5,844,379.507,0.312,1.0437497e-05,9.14166e-06,8.10833e-06,4.008325e-06,8.062498e-06,8.891662e-06,8.841665e-06,7.499997e-06,8.512497e-06,1.0262497e-05,8.462493e-06,9.349998e-06,1.1983331e-05,8.558329e-06,1.1129165e-05,1.3541659e-05
5,845,379.65,0.31,1.0474992e-05,9.112493e-06,8.120831e-06,4.020826e-06,8.04166e-06,8.829164e-06,8.895826e-06,7.583332e-06,8.524998e-06,1.032916e-05,8.612497e-06,9.404159e-06,1.2133328e-05,8.583331e-06,1.1191662e-05,1.3549996e-05
5,846,379.793,0.308,1.0416658e-05,9.262498e-06,8.199993e-06,4.074995e-06,8.124995e-06,8.879161e-06,8.949995e-06,7.570831e-06,8.533327e-06,1.040833e-05,8.5375e-06,9.50416e-06,1.2112499e-05,8.624998e-06,1.1187498e-05,1.3604164e-05
5,847,379.936,0.306,1.0387492e-05,9.254161e-06,8.22916e-06,4.083332e-06,8.174999e-06,8.937494e-06,8.899999e-06,7.695826e-06,8.599996e-06,1.0470828e-05,8.508333e-06,9.562493e-06,1.2145829e-05,8.641664e-06,1.1216664e-05,1.3649996e-05
5,848,380.079,0.304,1.0458326e-05,9.291664e-06,8.283329e-06,4.083332e-06,8.22916e-06,8.96666e-06,8.912491e-06,7.720828e-06,8.745829e-06,1.0533333e-05,8.620827e-06,9.616661e-06,1.217916e-05,8.774996e-06,1.1274998e-05,1.3724994e-05
5,849,380.222,0.302,1.0479164e-05,9.487494e-06,8.308331e-06,4.124999e-06,8.254163e-06,9.070825e-06,8.954159e-06,7.741666e-06,8.645829e-06,1.0554163e-05,8.683332e-06,9.629162e-06,1.2116662e-05,8.720827e-06,1.1333331e-05,1.3758326e-05
5,850,380.365,0.3,1.0574992e-05,9.366663e-06,8.358327e-06,4.183332e-06,8.299994e-06,9.095827e-06,9.02083e-06,7.741666e-06,8.666659e-06,1.0645826e-05,8.704162e-06,9.654164e-06,1.2199998e-05,8.712498e-06,1.1333331e-05,1.3841661e-05
5,851,380.508,0.298,1.0562499e-05,9.39583e-06,8.404159e-06,4.149993e-06,8.370828e-06,9.124994e-06,9.12083e-06,7.795827e-06,8.716663e-06,1.0737499e-05,8.787497e-06,9.708333e-06,1.2279161e-05,8.812499e-06,1.142083e-05,1.3862498e-05
5,852,380.651,0.296,1.0624997e-05,9.50416e-06,8.487495e-06,4.208326e-06,8.337498e-06,9.212494e-06,9.12083e-06,7.799999e-06,8.579159e-06,1.0787495e-05,8.812499e-06,9.783332e-06,1.2324993e-05,8.745829e-06,1.1462498e-05,1.3891665e-05
5,853,380.794,0.294,1.070416e-05,9.512496e-06,8.545828e-06,4.233329e-06,8.395831e-06,9.22083e-06,9.158325e-06,7.837494e-06,8.633328e-06,1.070416e-05,8.912491e-06,9.779159e-06,1.2362496e-05,8.84583e-06,1.1504166e-05,1.390833e-05
5,854,380.937,0.292,1.0833327e-05,9.649992e-06,8.512497e-06,4.287497e-06,8.466665e-06,9.312495e-06,9.195828e-06,7.93333e-06,8.645829e-06,1.0795831e-05,8.991663e-06,9.870831e-06,1.2416665e-05,8.833329e-06,1.1524995e-05,1.4049999e-05
5,855,381.081,0.29,1.0833327e-05,9.633327e-06,8.545828e-06,4.287497e-06,8.574994e-06,9.324996e-06,9.266662e-06,7.929166e-06,8.712498e-06,1.0799996e-05,9.087499e-06,9.866659e-06,1.2466661e-05,8.833329e-06,1.1579164e-05,1.401666e-05
5,856,381.224,0.288,1.0995833e-05,9.666665e-06,8.674995e-06,4.24583e-06,8.508333e-06,9.399994e-06,9.337497e-06,7.995828e-06,8.745829e-06,1.0837499e-05,8.991663e-06,9.904162e-06,1.2512493e-05,8.891662e-06,1.1616659e-05,1.4124998e-05
5,857,381.367,0.286,1.0929163e-05,9.616661e-06,8.662494e-06,4.291662e-06,8.620827e-06,9.404159e-06,9.366663e-06,8.037496e-06,8.762495e-06,1.0912498e-05,8.96666e-06,9.95833e-06,1.2670827e-05,8.945831e-06,1.171666e-05,1.415e-05
5,858,381.51,0.284,1.097916e-05,9.704161e-06,8.699997e-06,4.354159e-06,8.691661e-06,9.549999e-06,9.312495e-06,8.104165e-06,8.766659e-06,1.095833e-05,9.083326e-06,1.0079161e-05,1.2683328e-05,8.96666e-06,1.1774993e-05,1.4174994e-05
5,859,381.653,0.282,1.0970831e-05,9.87916e-06,8.729164e-06,4.341666e-06,8.683332e-06,9.529162e-06,9.408331e-06,8.162498e-06,8.77916e-06,1.1008327e-05,9.062497e-06,1.0037494e-05,1.2720831e-05,9.004164e-06,1.1841663e-05,1.4129162e-05
5,860,381.796,0.28,1.1020828e-05,9.774994e-06,8.816663e-06,4.379161e-06,8.691661e-06,9.524997e-06,9.458327e-06,8.137496e-06,8.77916e-06,1.104583e-05,9.154161e-06,1.0116664e-05,1.2704166e-05,9.062497e-06,1.1849999e-05,1.4233327e-05
5,861,381.939,0.278,1.1083333e-05,9.754165e-06,8.912491e-06,4.43333e-06,8.754166e-06,9.666665e-06,9.487494e-06,8.179164e-06,8.920829e-06,1.1079161e-05,9.195828e-06,1.015416e-05,1.2870828e-05,9.012492e-06,1.1924998e-05,1.4262493e-05
5,862,382.082,0.276,1.1129165e-05,9.783332e-06,8.987498e-06,4.387498e-06,8.862496e-06,9.679158e-06,9.58333e-06,8.174999e-06,8.854158e-06,1.1162496e-05,9.208329e-06,1.0249996e-05,1.2754163e-05,9.099992e-06,1.1908332e-05,1.4304161e-05
5,863,382.225,0.274,1.1191662e-05,9.883332e-06,8.920829e-06,4.429166e-06,8.854158e-06,9.683331e-06,9.549999e-06,8.224996e-06,8.904163e-06,1.1149995e-05,9.30833e-06,1.0266662e-05,1.282916e-05,9.133331e-06,1.2041664e-05,1.4349993e-05
5,864,382.368,0.272,1.1204163e-05,9.912499e-06,8.93333e-06,4.512493e-06,8.937494e-06,9.745829e-06,9.633327e-06,8.312496e-06,8.808327e-06,1.1216664e-05,9.304166e-06,1.0349997e-05,1.2812495e-05,9.145832e-06,1.2062494e-05,1.4395833e-05
5,865,382.511,0.27,1.1279162e-05,9.954158e-06,8.995827e-06,4.45416e-06,8.991663e-06,9.762493e-06,9.687496e-06,8.337498e-06,8.93333e-06,1.1287499e-05,9.370828e-06,1.0337496e-05,1.2887494e-05,9.133331e-06,1.2183333e-05,1.4399998e-05
5,866,382.654,0.268,1.1329166e-05,9.987497e-06,9.033331e-06,4.466661e-06,9.070825e-06,9.841665e-06,9.712498e-06,8.395831e-06,8.899999e-06,1.1274998e-05,9.366663e-06,1.0445825e-05,1.291666e-05,9.149996e-06,1.2049993e-05,1.4433328e-05
5,867,382.797,0.266,1.1487492e-05,1.0024993e-05,9.091664e-06,4.508328e-06,9.037494e-06,1.0016664e-05,9.75833e-06,8.499996e-06,8.904163e-06,1.1287499e-05,9.408331e-06,1.0479164e-05,1.298333e-05,9.154161e-06,1.2249994e-05,1.4429164e-05
5,868,382.94,0.264,1.1549997e-05,1.0070833e-05,9.137495e-06,4.604165e-06,9.062497e-06,1.0020828e-05,9.862494e-06,8.5375e-06,8.96666e-06,1.1433332e-05,9.487494e-06,1.0533333e-05,1.3029162e-05,9.208329e-06,1.2149993e-05,1.4758332e-05
5,869,383.083,0.262,1.1554162e-05,1.0079161e-05,9.174999e-06,4.579163e-06,9.070825e-06,9.916663e-06,9.841665e-06,8.533327e-06,8.96666e-06,1.1383327e-05,9.533326e-06,1.0629161e-05,1.3012496e-05,9.224995e-06,1.2241666e-05,1.4462495e-05
5,870,383.226,0.26,1.1691665e-05,1.0079161e-05,9.216667e-06,4.616666e-06,9.095827e-06,1.0074997e-05,9.862494e-06,8.545828e-06,8.979162e-06,1.1499993e-05,9.599996e-06,1.0637498e-05,1.3116662e-05,9.258326e-06,1.2279161e-05,1.4537493e-05
5,871,383.369,0.258,1.1720832e-05,1.0333331e-05,9.249997e-06,4.645832e-06,9.166662e-06,1.0008327e-05,1.0049995e-05,8.558329e-06,8.987498e-06,1.1491664e-05,9.549999e-06,1.0679166e-05,1.3158329e-05,9.262498e-06,1.2295826e-05,1.4629165e-05
5,872,383.512,0.256,1.1487492e-05,1.0291664e-05,9.283328e-06,4.62083e-06,9.249997e-06,1.0087498e-05,9.95833e-06,8.595832e-06,9.037494e-06,1.1533331e-05,9.612497e-06,1.0624997e-05,1.3129163e-05,9.312495e-06,1.2337494e-05,1.4645831e-05
5,873,383.655,0.254,1.1570827e-05,1.032916e-05,9.341661e-06,4.699993e-06,9.24166e-06,1.0141659e-05,9.933328e-06,8.629163e-06,9.104165e-06,1.1620831e-05,9.712498e-06,1.0720825e-05,1.3254165e-05,9.333332e-06,1.2399999e-05,1.4712493e-05
5,874,383.798,0.252,1.1662499e-05,1.0245832e-05,9.41666e-06,4.704165e-06,9.275e-06,1.0191663e-05,1.0024993e-05,8.733328e-06,9.037494e-06,1.1620831e-05,9.712498e-06,1.0808333e-05,1.3291661e-05,9.337497e-06,1.2495828e-05,1.4737495e-05
5,875,383.941,0.25,1.1733326e-05,1.0404166e-05,9.487494e-06,4.758326e-06,9.341661e-06,1.0229166e-05,1.0091662e-05,8.683332e-06,9.154161e-06,1.1754163e-05,9.833328e-06,1.0879159e-05,1.3370832e-05,9.399994e-06,1.2504164e-05,1.4783327e-05
5,876,384.084,0.248,1.1733326e-05,1.0424996e-05,9.466664e-06,4.749998e-06,9.412495e-06,1.0274998e-05,1.0120829e-05,8.754166e-06,9.062497e-06,1.1787494e-05,9.841665e-06,1.0849993e-05,1.3349994e-05,9.454163e-06,1.2537495e-05,1.4933332e-05
5,877,384.227,0.246,1.1854164e-05,1.0474992e-05,9.562493e-06,4.745825e-06,9.483329e-06,1.0295828e-05,1.0158332e-05,8.849995e-06,9.049996e-06,1.1762492e-05,9.87916e-06,1.0954165e-05,1.3383333e-05,9.420832e-06,1.2579163e-05,1.4824995e-05
5,878,384.37,0.244,1.1849999e-05,1.0562499e-05,9.516661e-06,4.820832e-06,9.470828e-06,1.0404166e-05,1.0199992e-05,8.874997e-06,9.112493e-06,1.1829162e-05,1.0029165e-05,1.1020828e-05,1.3420829e-05,9.387493e-06,1.2637496e-05,1.4858325e-05
5,879,384.513,0.242,1.2108326e-05,1.0570828e-05,9.633327e-06,4.791665e-06,9.541663e-06,1.0466663e-05,1.0254161e-05,8.949995e-06,9.12083e-06,1.1820833e-05,1.0054159e-05,1.1091662e-05,1.3474997e-05,9.441662e-06,1.2674999e-05,1.4920831e-05
5,880,384.657,0.24,1.2083332e-05,1.0579165e-05,9.629162e-06,4.912496e-06,9.579166e-06,1.0524996e-05,1.0291664e-05,8.949995e-06,9.166662e-06,1.1879166e-05,1.0095827e-05,1.1049994e-05,1.3504164e-05,9.533326e-06,1.2629159e-05,1.4924995e-05
5,881,384.8,0.238,1.1966666e-05,1.0599994e-05,9.679158e-06,4.870828e-06,9.58333e-06,1.0524996e-05,1.0324995e-05,9.016665e-06,9.179163e-06,1.1958329e-05,1.0208329e-05,1.1245831e-05,1.3574998e-05,9.529162e-06,1.2741662e-05,1.5054163e-05
5,882,384.943,0.236,1.2237493e-05,1.0649999e-05,9.720826e-06,4.845826e-06,9.687496e-06,1.0641662e-05,1.0387492e-05,9.05416e-06,9.204166e-06,1.1987496e-05,1.0004163e-05,1.114583e-05,1.3595827e-05,9.570829e-06,1.2737497e-05,1.4999993e-05
5,883,385.086,0.234,1.2258331e-05,1.0766666e-05,9.787496e-06,4.89583e-06,9.620825e-06,1.0587493e-05,1.0399994e-05,9.124994e-06,9.191665e-06,1.2012498e-05,1.0087498e-05,1.1149995e-05,1.3729159e-05,9.554164e-06,1.28625e-05,1.509583e-05
5,884,385.229,0.232,1.2029163e-05,1.0829162e-05,9.795833e-06,4.91666e-06,9.745829e-06,1.0645826e-05,1.0404166e-05,9.104165e-06,9.262498e-06,1.2054165e-05,1.0137494e-05,1.1204163e-05,1.3774999e-05,9.608332e-06,1.282916e-05,1.5120832e-05
5,885,385.372,0.23,1.2145829e-05,1.0695831e-05,9.870831e-06,4.958328e-06,9.7375e-06,1.0708332e-05,1.0470828e-05,9.199993e-06,9.212494e-06,1.2083332e-05,1.0187498e-05,1.1224993e-05,1.372083e-05,9.724999e-06,1.291666e-05,1.5141662e-05
5,886,385.515,0.228,1.2208327e-05,1.0720825e-05,9.970832e-06,4.995831e-06,9.762493e-06,1.0770829e-05,1.0524996e-05,9.224995e-06,9.304166e-06,1.2162494e-05,1.0216665e-05,1.1337494e-05,1.3724994e-05,9.629162e-06,1.3008333e-05,1.5191667e-05
5,887,385.658,0.226,1.2237493e-05,1.0816661e-05,9.929165e-06,5.087495e-06,9.799997e-06,1.0849993e-05,1.0549998e-05,9.224995e-06,9.275e-06,1.2212499e-05,1.0262497e-05,1.1337494e-05,1.3891665e-05,9.708333e-06,1.3116662e-05,1.5291658e-05
5,888,385.801,0.224,1.2291662e-05,1.0808333e-05,1.0162496e-05,5.041663e-06,9.983333e-06,1.0849993e-05,1.0595831e-05,9.249997e-06,9.324996e-06,1.2274996e-05,1.0266662e-05,1.1462498e-05,1.3804166e-05,9.704161e-06,1.3099996e-05,1.530416e-05
5,889,385.944,0.222,1.2287497e-05,1.0858329e-05,1.004583e-05,5.012496e-06,9.97916e-06,1.0941664e-05,1.0729162e-05,9.30833e-06,9.391665e-06,1.2287497e-05,1.0345832e-05,1.1470826e-05,1.3862498e-05,9.695832e-06,1.3054164e-05,1.5295831e-05
5,890,386.087,0.22,1.2379161e-05,1.0983332e-05,1.004583e-05,5.029162e-06,9.941666e-06,1.1016663e-05,1.0654163e-05,9.387493e-06,9.324996e-06,1.23125e-05,1.0404166e-05,1.1479163e-05,1.3899994e-05,9.654164e-06,1.3049992e-05,1.5329162e-05
5,891,386.23,0.218,1.2479162e-05,1.0987496e-05,1.0137494e-05,5.074994e-06,1.0049995e-05,1.1083333e-05,1.0733326e-05,9.39583e-06,9.41666e-06,1.2387498e-05,1.0483329e-05,1.1566663e-05,1.3945826e-05,9.804161e-06,1.3166666e-05,1.5574995e-05
5,892,386.373,0.216,1.2620831e-05,1.097916e-05,1.0224994e-05,5.087495e-06,1.0199992e-05,1.104583e-05,1.0758328e-05,9.483329e-06,9.366663e-06,1.2337494e-05,1.0454162e-05,1.1666663e-05,1.4008331e-05,9.816663e-06,1.3124998e-05,1.537083e-05
5,893,386.516,0.214,1.2720831e-05,1.1062495e-05,1.0249996e-05,5.116661e-06,1.0141659e-05,1.1174997e-05,1.0874995e-05,9.483329e-06,9.420832e-06,1.2424994e-05,1.049583e-05,1.162916e-05,1.399583e-05,9.841665e-06,1.3266659e-05,1.549166e-05
5,894,386.659,0.212,1.2691665e-05,1.1104163e-05,1.0266662e-05,5.179159e-06,1.0145831e-05,1.1133329e-05,1.1058331e-05,9.579166e-06,9.449998e-06,1.2470826e-05,1.0545826e-05,1.1712496e-05,1.4066664e-05,9.833328e-06,1.3262495e-05,1.5412497e-05
5,895,386.802,0.21,1.279583e-05,1.1120828e-05,1.0349997e-05,5.224999e-06,1.0174997e-05,1.1245831e-05,1.1008327e-05,9.67083e-06,9.462499e-06,1.2499992e-05,1.0645826e-05,1.1733326e-05,1.4099995e-05,9.883332e-06,1.3349994e-05,1.5474994e-05
5,896,386.945,0.208,1.2649997e-05,1.1212492e-05,1.0466663e-05,5.216662e-06,1.0258333e-05,1.1258332e-05,1.1016663e-05,9.812498e-06,9.499995e-06,1.2533331e-05,1.0604159e-05,1.1766664e-05,1.4095831e-05,9.899998e-06,1.3374996e-05,1.5616662e-05
5,897,387.088,0.206,1.2774992e-05,1.13e-05,1.0416658e-05,5.25833e-06,1.0283327e-05,1.1329166e-05,1.0929163e-05,9.691659e-06,9.549999e-06,1.2662498e-05,1.0741663e-05,1.1754163e-05,1.4233327e-05,9.937493e-06,1.343333e-05,1.5629164e-05
5,898,387.231,0.204,1.2737497e-05,1.1170832e-05,1.0483329e-05,5.304162e-06,1.032916e-05,1.1333331e-05,1.0945829e-05,9.674995e-06,9.649992e-06,1.2654162e-05,1.0720825e-05,1.1824997e-05,1.420416e-05,9.916663e-06,1.3487498e-05,1.5616662e-05
5,899,387.374,0.202,1.2749998e-05,1.1308328e-05,1.0462499e-05,5.304162e-06,1.0354162e-05,1.1366661e-05,1.1049994e-05,9.824999e-06,9.674995e-06,1.2745825e-05,1.080416e-05,1.1870829e-05,1.4179166e-05,9.974996e-06,1.3508327e-05,1.5624992e-05
5,900,387.517,0.2,1.2883329e-05,1.1245831e-05,1.0579165e-05,5.337492e-06,1.0374999e-05,1.144166e-05,1.1074996e-05,9.712498e-06,9.479165e-06,1.2824997e-05,1.0820826e-05,1.1904161e-05,1.4337492e-05,9.962495e-06,1.3549996e-05,1.5745831e-05
5,901,387.66,0.198,1.2845826e-05,1.1412493e-05,1.0604159e-05,5.320827e-06,1.0424996e-05,1.1474999e-05,1.1099998e-05,9.770831e-06,9.774994e-06,1.2887494e-05,1.0908326e-05,1.1949992e-05,1.4337492e-05,1.0008327e-05,1.3541659e-05,1.576666e-05
5,902,387.803,0.196,1.2866664e-05,1.1466662e-05,1.0612495e-05,5.354166e-06,1.049583e-05,1.1562498e-05,1.1133329e-05,9.837492e-06,9.554164e-06,1.2783329e-05,1.0837499e-05,1.1995832e-05,1.4395833e-05,1.0020828e-05,1.3649996e-05,1.5762496e-05
5,903,387.946,0.194,1.2999995e-05,1.1416666e-05,1.0637498e-05,5.420828e-06,1.0520832e-05,1.1537496e-05,1.1199999e-05,9.908326e-06,9.562493e-06,1.279583e-05,1.0874995e-05,1.2112499e-05,1.4354166e-05,1.0049995e-05,1.3608328e-05,1.5854161e-05
5,904,388.09,0.192,1.3112497e-05,1.1454161e-05,1.0716661e-05,5.399998e-06,1.0741663e-05,1.1670828e-05,1.1224993e-05,9.920827e-06,9.616661e-06,1.28625e-05,1.1041665e-05,1.2104161e-05,1.4462495e-05,1.0074997e-05,1.3666661e-05,1.5808328e-05
5,905,388.233,0.19,1.2883329e-05,1.1504166e-05,1.0779167e-05,5.429165e-06,1.0645826e-05,1.1654162e-05,1.1295827e-05,9.966659e-06,9.612497e-06,1.2908332e-05,1.0983332e-05,1.2154166e-05,1.4533329e-05,1.0116664e-05,1.3641659e-05,1.5899999e-05
5,906,388.376,0.188,1.3262495e-05,1.1554162e-05,1.0833327e-05,5.420828e-06,1.0679166e-05,1.1733326e-05,1.1345832e-05,1.0058331e-05,9.624998e-06,1.2941662e-05,1.0920827e-05,1.2162494e-05,1.4641666e-05,1.0158332e-05,1.3770827e-05,1.593333e-05
5,907,388.519,0.186,1.3287497e-05,1.1670828e-05,1.080416e-05,5.491662e-06,1.0654163e-05,1.1787494e-05,1.1337494e-05,1.0016664e-05,9.629162e-06,1.2974993e-05,1.1054166e-05,1.2174995e-05,1.4662496e-05,1.022083e-05,1.3758326e-05,1.5945832e-05
5,908,388.662,0.184,1.3058328e-05,1.1566663e-05,1.0974995e-05,5.499999e-06,1.070416e-05,1.1849999e-05,1.1454161e-05,1.0108328e-05,9.679158e-06,1.3041663e-05,1.1104163e-05,1.2249994e-05,1.4679162e-05,1.022083e-05,1.3870827e-05,1.5983327e-05
5,909,388.805,0.182,1.3062493e-05,1.1604166e-05,1.0916662e-05,5.537494e-06,1.0758328e-05,1.1845827e-05,1.1383327e-05,1.0108328e-05,9.679158e-06,1.3066665e-05,1.1154159e-05,1.224583e-05,1.4591662e-05,1.0204164e-05,1.3874999e-05,1.6049997e-05
5,910,388.948,0.18,1.3145828e-05,1.1758328e-05,1.1141666e-05,5.595827e-06,1.0820826e-05,1.1866665e-05,1.144166e-05,1.0166661e-05,9.695832e-06,1.3129163e-05,1.1174997e-05,1.2358331e-05,1.4666661e-05,1.0370827e-05,1.3954163e-05,1.6024995e-05
5,911,389.091,0.178,1.3199997e-05,1.1637497e-05,1.0991661e-05,5.620829e-06,1.0916662e-05,1.1912497e-05,1.1524995e-05,1.0216665e-05,9.712498e-06,1.3145828e-05,1.1212492e-05,1.2404163e-05,1.4704164e-05,1.0466663e-05,1.3945826e-05,1.6116659e-05
5,912,389.234,0.176,1.327916e-05,1.1704159e-05,1.1279162e-05,5.570825e-06,1.0908326e-05,1.1991659e-05,1.1499993e-05,1.0266662e-05,9.733327e-06,1.3166666e-05,1.1212492e-05,1.2466661e-05,1.4708328e-05,1.0283327e-05,1.4129162e-05,1.6154163e-05
5,913,389.377,0.174,1.3291661e-05,1.1733326e-05,1.1154159e-05,5.72083e-06,1.106666e-05,1.1974995e-05,1.1554162e-05,1.032916e-05,9.75833e-06,1.3174995e-05,1.1274998e-05,1.2529159e-05,1.4804164e-05,1.0345832e-05,1.4037498e-05,1.6179165e-05
5,914,389.52,0.172,1.3362495e-05,1.1799995e-05,1.1149995e-05,5.608328e-06,1.1058331e-05,1.2208327e-05,1.1570827e-05,1.0308329e-05,9.75833e-06,1.3241664e-05,1.1283326e-05,1.2533331e-05,1.4808329e-05,1.0333331e-05,1.4049999e-05,1.6174999e-05
5,915,389.663,0.17,1.3541659e-05,1.1841663e-05,1.1224993e-05,5.679162e-06,1.0995833e-05,1.2233329e-05,1.1670828e-05,1.0399994e-05,9.75833e-06,1.3325e-05,1.1366661e-05,1.2558333e-05,1.4845832e-05,1.0379164e-05,1.4070829e-05,1.6320833e-05
5,916,389.806,0.168,1.3595827e-05,1.188333e-05,1.1245831e-05,5.679162e-06,1.1049994e-05,1.2224992e-05,1.169583e-05,1.0479164e-05,9.79166e-06,1.3316663e-05,1.1404165e-05,1.2633332e-05,1.4862498e-05,1.0383328e-05,1.4095831e-05,1.621666e-05
5,917,389.949,0.166,1.3495826e-05,1.188333e-05,1.13e-05,5.683327e-06,1.123333e-05,1.2204162e-05,1.1758328e-05,1.0474992e-05,9.887497e-06,1.343333e-05,1.1345832e-05,1.2674999e-05,1.4891664e-05,1.0441661e-05,1.4179166e-05,1.6266664e-05
5,918,390.092,0.164,1.355416e-05,1.20375e-05,1.132083e-05,5.72083e-06,1.1124992e-05,1.2208327e-05,1.1704159e-05,1.0512495e-05,9.837492e-06,1.3362495e-05,1.1537496e-05,1.2695829e-05,1.4999993e-05,1.0433332e-05,1.4233327e-05,1.6283329e-05
5,919,390.235,0.162,1.3529166e-05,1.2054165e-05,1.1349996e-05,5.749996e-06,1.1174997e-05,1.224583e-05,1.1729161e-05,1.0570828e-05,9.870831e-06,1.3399998e-05,1.1491664e-05,1.2695829e-05,1.4949997e-05,1.0424996e-05,1.4208333e-05,1.6345826e-05
5,920,390.378,0.16,1.3616665e-05,1.2141665e-05,1.142083e-05,5.791664e-06,1.1212492e-05,1.2316664e-05,1.1770829e-05,1.0562499e-05,9.916663e-06,1.3474997e-05,1.152083e-05,1.2774992e-05,1.5008331e-05,1.0458326e-05,1.4249992e-05,1.6408332e-05
5,921,390.521,0.158,1.3529166e-05,1.20375e-05,1.1445833e-05,5.837496e-06,1.1274998e-05,1.2429166e-05,1.1799995e-05,1.0608332e-05,9.949994e-06,1.3474997e-05,1.1587493e-05,1.2745825e-05,1.5037497e-05,1.0533333e-05,1.4366667e-05,1.6366665e-05
5,922,390.664,0.156,1.3612493e-05,1.20375e-05,1.1508329e-05,5.824995e-06,1.1324993e-05,1.2429166e-05,1.1837498e-05,1.0612495e-05,9.999999e-06,1.3549996e-05,1.1616659e-05,1.2820832e-05,1.5129161e-05,1.0533333e-05,1.4366667e-05,1.6466665e-05
5,923,390.807,0.154,1.3662498e-05,1.2329165e-05,1.1524995e-05,5.84166e-06,1.1324993e-05,1.2449996e-05,1.1895831e-05,1.0608332e-05,1.0037494e-05,1.3612493e-05,1.1720832e-05,1.2912496e-05,1.5104159e-05,1.0566664e-05,1.4425e-05,1.6512497e-05
5,924,390.95,0.152,1.3695828e-05,1.2249994e-05,1.1637497e-05,5.879164e-06,1.1408329e-05,1.254166e-05,1.1920825e-05,1.0683329e-05,9.895825e-06,1.3649996e-05,1.1704159e-05,1.2954163e-05,1.5104159e-05,1.0504166e-05,1.4445829e-05,1.650416e-05
5,925,391.093,0.15,1.3754161e-05,1.2329165e-05,1.1670828e-05,5.920831e-06,1.1483327e-05,1.2533331e-05,1.200416e-05,1.0716661e-05,9.962495e-06,1.3820831e-05,1.1766664e-05,1.2924997e-05,1.5133333e-05,1.0608332e-05,1.4483333e-05,1.6554164e-05
5,926,391.236,0.148,1.3791664e-05,1.2258331e-05,1.1724997e-05,5.970828e-06,1.1404165e-05,1.2629159e-05,1.1991659e-05,1.0820826e-05,9.991661e-06,1.3729159e-05,1.1941664e-05,1.3033326e-05,1.5233326e-05,1.0599994e-05,1.4433328e-05,1.6616663e-05
5,927,391.379,0.146,1.4045827e-05,1.2254159e-05,1.1699995e-05,5.895829e-06,1.1587493e-05,1.2695829e-05,1.2016662e-05,1.0820826e-05,9.983333e-06,1.3712493e-05,1.1954165e-05,1.2999995e-05,1.5212496e-05,1.0608332e-05,1.4474996e-05,1.6583332e-05
5,928,391.523,0.144,1.4112497e-05,1.2341667e-05,1.1808332e-05,6.01666e-06,1.1579164e-05,1.2720831e-05,1.209166e-05,1.087083e-05,1.0029165e-05,1.3691663e-05,1.1958329e-05,1.3149993e-05,1.530416e-05,1.0624997e-05,1.4587497e-05,1.6662494e-05
5,929,391.666,0.142,1.3899994e-05,1.2337494e-05,1.1879166e-05,5.983329e-06,1.1595829e-05,1.2787493e-05,1.2070831e-05,1.0908326e-05,1.00125e-05,1.380833e-05,1.1891659e-05,1.3287497e-05,1.5337499e-05,1.075e-05,1.4604163e-05,1.6674996e-05
5,930,391.809,0.14,1.4095831e-05,1.2412493e-05,1.1858328e-05,6.066664e-06,1.1612495e-05,1.2804167e-05,1.2199998e-05,1.0945829e-05,1.004583e-05,1.3779163e-05,1.1979158e-05,1.3245829e-05,1.5383332e-05,1.0724997e-05,1.4645831e-05,1.6737493e-05
5,931,391.952,0.138,1.3987494e-05,1.2604165e-05,1.1820833e-05,6.020832e-06,1.1708331e-05,1.2866664e-05,1.2149993e-05,1.1037493e-05,1.0054159e-05,1.3870827e-05,1.1958329e-05,1.3233328e-05,1.5404161e-05,1.0720825e-05,1.4658332e-05,1.6770831e-05
5,932,392.095,0.136,1.4120833e-05,1.2324993e-05,1.20375e-05,6.066664e-06,1.1666663e-05,1.2883329e-05,1.2229165e-05,1.1087497e-05,1.0079161e-05,1.3912495e-05,1.1949992e-05,1.3429165e-05,1.5395832e-05,1.089166e-05,1.4645831e-05,1.6774997e-05
5,933,392.238,0.134,1.4129162e-05,1.243333e-05,1.2112499e-05,6.087494e-06,1.1729161e-05,1.2966665e-05,1.2299998e-05,1.1054166e-05,1.0104163e-05,1.3954163e-05,1.1991659e-05,1.3266659e-05,1.5549993e-05,1.0912498e-05,1.4783327e-05,1.6829164e-05
5,934,392.381,0.132,1.4108332e-05,1.2529159e-05,1.2229165e-05,6.129162e-06,1.1808332e-05,1.2941662e-05,1.2287497e-05,1.1162496e-05,1.0141659e-05,1.4004159e-05,1.2070831e-05,1.3249994e-05,1.5741665e-05,1.0854164e-05,1.4862498e-05,1.6858332e-05
5,935,392.524,0.13,1.4112497e-05,1.2479162e-05,1.2216663e-05,6.199996e-06,1.1870829e-05,1.2999995e-05,1.2391662e-05,1.1133329e-05,1.0191663e-05,1.4037498e-05,1.2070831e-05,1.3370832e-05,1.5499998e-05,1.0933328e-05,1.4941661e-05,1.69e-05
5,936,392.667,0.128,1.4191659e-05,1.2545832e-05,1.205833e-05,6.249992e-06,1.1908332e-05,1.3066665e-05,1.2316664e-05,1.1195826e-05,1.013333e-05,1.4062492e-05,1.2120827e-05,1.3408328e-05,1.5554166e-05,1.0837499e-05,1.4854161e-05,1.6912492e-05
5,937,392.81,0.126,1.4191659e-05,1.2574998e-05,1.2137492e-05,6.27083e-06,1.1945828e-05,1.3137499e-05,1.2387498e-05,1.1254159e-05,1.0099999e-05,1.4095831e-05,1.2199998e-05,1.3479162e-05,1.5629164e-05,1.0841663e-05,1.509583e-05,1.6949994e-05
5,938,392.953,0.124,1.4245828e-05,1.2629159e-05,1.2174995e-05,6.187495e-06,1.200416e-05,1.3141664e-05,1.2408328e-05,1.1274998e-05,1.0179162e-05,1.4320826e-05,1.2229165e-05,1.3458332e-05,1.5633328e-05,1.0920827e-05,1.5037497e-05,1.6995828e-05
5,939,393.096,0.122,1.4295832e-05,1.2637496e-05,1.2274996e-05,6.354165e-06,1.2066666e-05,1.3270831e-05,1.2516665e-05,1.1287499e-05,1.022083e-05,1.417083e-05,1.2220828e-05,1.3524993e-05,1.5679161e-05,1.0908326e-05,1.48875e-05,1.7e-05
5,940,393.239,0.12,1.45125e-05,1.272916e-05,1.2308327e-05,6.258329e-06,1.2070831e-05,1.3320828e-05,1.2504164e-05,1.1337494e-05,1.0212493e-05,1.4199996e-05,1.2299998e-05,1.365416e-05,1.5720829e-05,1.095833e-05,1.4954162e-05,1.6974998e-05
5,941,393.382,0.118,1.4466659e-05,1.2766664e-05,1.2320828e-05,6.266665e-06,1.2045829e-05,1.3337493e-05,1.2633332e-05,1.1412493e-05,1.0224994e-05,1.4241664e-05,1.23125e-05,1.3604164e-05,1.5745831e-05,1.1008327e-05,1.5020832e-05,1.6995828e-05
5,942,393.525,0.116,1.447916e-05,1.2745825e-05,1.2333329e-05,6.279159e-06,1.2104161e-05,1.3249994e-05,1.2704166e-05,1.1458325e-05,1.0270826e-05,1.420416e-05,1.2337494e-05,1.3766662e-05,1.576666e-05,1.0987496e-05,1.5070827e-05,1.7095828e-05
5,943,393.668,0.114,1.4637494e-05,1.291666e-05,1.2404163e-05,6.366666e-06,1.2125e-05,1.3320828e-05,1.2762499e-05,1.1504166e-05,1.0287499e-05,1.4295832e-05,1.2424994e-05,1.3658333e-05,1.5824993e-05,1.1020828e-05,1.5108331e-05,1.7058333e-05
5,944,393.811,0.112,1.4549994e-05,1.28625e-05,1.2458332e-05,6.337492e-06,1.2212499e-05,1.3370832e-05,1.2683328e-05,1.1641661e-05,1.0291664e-05,1.4304161e-05,1.2329165e-05,1.3662498e-05,1.5858332e-05,1.1037493e-05,1.509583e-05,1.7162498e-05
5,945,393.954,0.11,1.4416662e-05,1.2974993e-05,1.252083e-05,6.370831e-06,1.224583e-05,1.3441666e-05,1.2641661e-05,1.1637497e-05,1.032083e-05,1.439166e-05,1.2516665e-05,1.3791664e-05,1.5908328e-05,1.1095826e-05,1.5141662e-05,1.714166e-05
5,946,394.097,0.108,1.4529164e-05,1.2891666e-05,1.2579163e-05,6.404161e-06,1.2258331e-05,1.3520829e-05,1.2687492e-05,1.1545833e-05,1.0379164e-05,1.4470832e-05,1.2474998e-05,1.3708329e-05,1.5945832e-05,1.1095826e-05,1.5224997e-05,1.7237497e-05
5,947,394.24,0.106,1.4516663e-05,1.2962492e-05,1.2549996e-05,6.408326e-06,1.2316664e-05,1.3549996e-05,1.2716659e-05,1.1575e-05,1.0558327e-05,1.4491661e-05,1.252083e-05,1.380833e-05,1.5924994e-05,1.1112499e-05,1.5270829e-05,1.7212495e-05
5,948,394.383,0.104,1.4549994e-05,1.2999995e-05,1.2570827e-05,6.629165e-06,1.234583e-05,1.3579162e-05,1.2737497e-05,1.1624996e-05,1.032916e-05,1.45125e-05,1.2508329e-05,1.3833332e-05,1.5974998e-05,1.1158331e-05,1.5266665e-05,1.7408331e-05
5,949,394.526,0.102,1.4591662e-05,1.3049992e-05,1.2654162e-05,6.454166e-06,1.2399999e-05,1.3633331e-05,1.2812495e-05,1.1595829e-05,1.0308329e-05,1.4749996e-05,1.2645833e-05,1.3866663e-05,1.59875e-05,1.1191662e-05,1.5337499e-05,1.729583e-05
5,950,394.669,0.1,1.4604163e-05,1.3033326e-05,1.2649997e-05,6.470831e-06,1.2483327e-05,1.372083e-05,1.2837498e-05,1.1737498e-05,1.0416658e-05,1.4570832e-05,1.2704166e-05,1.3941662e-05,1.6079164e-05,1.1162496e-05,1.5274994e-05,1.7395831e-05
5,951,394.812,0.098,1.4774998e-05,1.3062493e-05,1.2720831e-05,6.524992e-06,1.2449996e-05,1.3724994e-05,1.2833333e-05,1.1812496e-05,1.0570828e-05,1.4583326e-05,1.2662498e-05,1.4020832e-05,1.6054162e-05,1.1137494e-05,1.5433327e-05,1.7387494e-05
5,952,394.956,0.096,1.4699999e-05,1.3133327e-05,1.2845826e-05,6.462495e-06,1.2508329e-05,1.3766662e-05,1.2895831e-05,1.1816661e-05,1.0424996e-05,1.4624993e-05,1.2849999e-05,1.4199996e-05,1.6141661e-05,1.1170832e-05,1.5399997e-05,1.7395831e-05
5,953,395.099,0.094,1.4724994e-05,1.3141664e-05,1.2899995e-05,6.504162e-06,1.2524994e-05,1.3754161e-05,1.2904159e-05,1.1891659e-05,1.0474992e-05,1.4558331e-05,1.2624995e-05,1.3999995e-05,1.609583e-05,1.1287499e-05,1.5462494e-05,1.7491666e-05
5,954,395.242,0.092,1.5012495e-05,1.3104161e-05,1.2908332e-05,6.599998e-06,1.2599993e-05,1.380833e-05,1.2991659e-05,1.1891659e-05,1.0470828e-05,1.4679162e-05,1.2783329e-05,1.4012496e-05,1.6245825e-05,1.1279162e-05,1.5504162e-05,1.7429162e-05
5,955,395.385,0.09,1.5070827e-05,1.3120826e-05,1.2937498e-05,6.595826e-06,1.2624995e-05,1.3824995e-05,1.2970829e-05,1.2041664e-05,1.0504166e-05,1.4720829e-05,1.2704166e-05,1.4008331e-05,1.6237498e-05,1.1195826e-05,1.545833e-05,1.7433325e-05
5,956,395.528,0.088,1.5070827e-05,1.3141664e-05,1.3033326e-05,6.624993e-06,1.2649997e-05,1.3920831e-05,1.3024997e-05,1.1929163e-05,1.0483329e-05,1.473333e-05,1.2808331e-05,1.4074993e-05,1.6362492e-05,1.1337494e-05,1.5487496e-05,1.7516661e-05
5,957,395.671,0.086,1.5012495e-05,1.3183331e-05,1.308333e-05,6.63333e-06,1.2716659e-05,1.3895829e-05,1.3041663e-05,1.1979158e-05,1.0541661e-05,1.4758332e-05,1.2837498e-05,1.4074993e-05,1.6454163e-05,1.1399992e-05,1.5525e-05,1.7554165e-05
5,958,395.814,0.084,1.4941661e-05,1.3429165e-05,1.3129163e-05,6.708328e-06,1.2749998e-05,1.3979165e-05,1.3079167e-05,1.2024999e-05,1.052916e-05,1.4787499e-05,1.2845826e-05,1.4116661e-05,1.622916e-05,1.1533331e-05,1.5620828e-05,1.758333e-05
5,959,395.957,0.082,1.4962498e-05,1.3329164e-05,1.3199997e-05,6.683326e-06,1.2824997e-05,1.4012496e-05,1.3145828e-05,1.2079159e-05,1.0545826e-05,1.4858325e-05,1.2912496e-05,1.4195832e-05,1.6349999e-05,1.1404165e-05,1.5687498e-05,1.7662493e-05
5,960,396.1,0.08,1.4974999e-05,1.334583e-05,1.3108333e-05,6.812493e-06,1.2812495e-05,1.4116661e-05,1.3066665e-05,1.2116662e-05,1.0541661e-05,1.4920831e-05,1.2933326e-05,1.4262493e-05,1.6329161e-05,1.1424994e-05,1.5733329e-05,1.7683331e-05
5,961,396.243,0.078,1.4979164e-05,1.3287497e-05,1.3095831e-05,6.899993e-06,1.2858327e-05,1.4237499e-05,1.3124998e-05,1.2054165e-05,1.0512495e-05,1.4933332e-05,1.2954163e-05,1.4279159e-05,1.6349999e-05,1.1366661e-05,1.5774996e-05,1.7633327e-05
5,962,396.386,0.076,1.5170828e-05,1.3404163e-05,1.3220827e-05,6.770825e-06,1.3008333e-05,1.4229163e-05,1.3133327e-05,1.2116662e-05,1.0545826e-05,1.4904165e-05,1.3062493e-05,1.4316663e-05,1.6429161e-05,1.1524995e-05,1.5945832e-05,1.7666665e-05
5,963,396.529,0.074,1.5279165e-05,1.3408328e-05,1.3233328e-05,6.708328e-06,1.3024997e-05,1.4299997e-05,1.3187496e-05,1.2212499e-05,1.0537497e-05,1.4999993e-05,1.3024997e-05,1.439166e-05,1.6470829e-05,1.1466662e-05,1.5679161e-05,1.7724999e-05
5,964,396.672,0.072,1.5366666e-05,1.3483325e-05,1.3270831e-05,6.783327e-06,1.3095831e-05,1.4462495e-05,1.3254165e-05,1.2220828e-05,1.0608332e-05,1.499583e-05,1.3062493e-05,1.4387496e-05,1.6474994e-05,1.1466662e-05,1.575416e-05,1.7733328e-05
5,965,396.815,0.07,1.5333326e-05,1.3462496e-05,1.3299998e-05,6.804164e-06,1.2899995e-05,1.445833e-05,1.336666e-05,1.2295826e-05,1.0608332e-05,1.509583e-05,1.3058328e-05,1.4420827e-05,1.6466665e-05,1.1487492e-05,1.5795827e-05,1.7679158e-05
5,966,396.958,0.068,1.5416663e-05,1.3529166e-05,1.334583e-05,6.870826e-06,1.2970829e-05,1.4304161e-05,1.3320828e-05,1.2341667e-05,1.0641662e-05,1.5066664e-05,1.3133327e-05,1.445833e-05,1.6554164e-05,1.1495828e-05,1.5845832e-05,1.7712498e-05
5,967,397.101,0.066,1.5412497e-05,1.3562497e-05,1.3354166e-05,6.883327e-06,1.3049992e-05,1.4370831e-05,1.3512492e-05,1.2358331e-05,1.0658327e-05,1.5099994e-05,1.3179159e-05,1.4504162e-05,1.6599997e-05,1.1537496e-05,1.5879163e-05,1.7820827e-05
5,968,397.244,0.064,1.5204159e-05,1.3758326e-05,1.3445831e-05,6.862497e-06,1.3099996e-05,1.4366667e-05,1.3333329e-05,1.2370832e-05,1.0699995e-05,1.51625e-05,1.3245829e-05,1.4516663e-05,1.6645829e-05,1.1562498e-05,1.5904165e-05,1.7824999e-05
5,969,397.387,0.062,1.5241662e-05,1.3708329e-05,1.3449995e-05,6.912494e-06,1.3141664e-05,1.439166e-05,1.3337493e-05,1.2487499e-05,1.0899997e-05,1.5170828e-05,1.3287497e-05,1.45125e-05,1.6595832e-05,1.160833e-05,1.5945832e-05,1.7849994e-05
5,970,397.53,0.06,1.5312497e-05,1.3637495e-05,1.3504164e-05,6.945832e-06,1.3154165e-05,1.4504162e-05,1.3325e-05,1.2424994e-05,1.0812497e-05,1.5224997e-05,1.3266659e-05,1.4637494e-05,1.6595832e-05,1.1641661e-05,1.5962498e-05,1.7954168e-05
5,971,397.673,0.058,1.5270829e-05,1.3708329e-05,1.3549996e-05,6.974999e-06,1.3195832e-05,1.4491661e-05,1.3487498e-05,1.2437495e-05,1.0854164e-05,1.5191667e-05,1.3333329e-05,1.4591662e-05,1.6729164e-05,1.1666663e-05,1.5970827e-05,1.7920827e-05
5,972,397.816,0.056,1.5354164e-05,1.3649996e-05,1.3583326e-05,6.999993e-06,1.3266659e-05,1.4570832e-05,1.3508327e-05,1.2479162e-05,1.0866665e-05,1.5366666e-05,1.3333329e-05,1.4679162e-05,1.6683332e-05,1.1687493e-05,1.6049997e-05,1.804583e-05
5,973,397.959,0.054,1.5520827e-05,1.3683327e-05,1.3658333e-05,6.974999e-06,1.3287497e-05,1.4587497e-05,1.3504164e-05,1.2558333e-05,1.0720825e-05,1.5258328e-05,1.3349994e-05,1.4645831e-05,1.6808328e-05,1.1670828e-05,1.6074999e-05,1.8145831e-05
5,974,398.102,0.052,1.5525e-05,1.3862498e-05,1.3683327e-05,6.974999e-06,1.3337493e-05,1.4641666e-05,1.3545831e-05,1.2616666e-05,1.0954165e-05,1.5283331e-05,1.3549996e-05,1.4687498e-05,1.6741666e-05,1.162916e-05,1.6141661e-05,1.8041666e-05
5,975,398.245,0.05,1.5537493e-05,1.3804166e-05,1.3674999e-05,7.02916e-06,1.3341665e-05,1.4712493e-05,1.3579162e-05,1.2579163e-05,1.0887496e-05,1.5308333e-05,1.336666e-05,1.4837496e-05,1.6787497e-05,1.1645826e-05,1.6124995e-05,1.8133331e-05
5,976,398.389,0.048,1.5649994e-05,1.3833332e-05,1.3770827e-05,7.004166e-06,1.3387497e-05,1.4670833e-05,1.362083e-05,1.2674999e-05,1.0816661e-05,1.5283331e-05,1.3383333e-05,1.4787499e-05,1.6829164e-05,1.1745827e-05,1.6179165e-05,1.8083327e-05
5,977,398.532,0.046,1.5525e-05,1.3870827e-05,1.3729159e-05,7.045825e-06,1.3424992e-05,1.4770826e-05,1.3658333e-05,1.270833e-05,1.0816661e-05,1.5345828e-05,1.3579162e-05,1.4812494e-05,1.6908327e-05,1.1816661e-05,1.6199994e-05,1.8129165e-05
5,978,398.675,0.044,1.5758331e-05,1.3945826e-05,1.3799993e-05,7.083328e-06,1.3458332e-05,1.4879163e-05,1.3658333e-05,1.2762499e-05,1.0874995e-05,1.5454165e-05,1.3479162e-05,1.4804164e-05,1.7124994e-05,1.1774993e-05,1.6212494e-05,1.8174998e-05
5,979,398.818,0.042,1.5699998e-05,1.3945826e-05,1.3787492e-05,7.120832e-06,1.3437494e-05,1.48875e-05,1.3662498e-05,1.2758326e-05,1.087083e-05,1.5437499e-05,1.3445831e-05,1.4937496e-05,1.7029166e-05,1.1824997e-05,1.6245825e-05,1.81e-05
5,980,398.961,0.04,1.5541666e-05,1.3945826e-05,1.4112497e-05,7.166664e-06,1.3566661e-05,1.4929159e-05,1.3724994e-05,1.2812495e-05,1.0883331e-05,1.5512498e-05,1.3545831e-05,1.4858325e-05,1.7087499e-05,1.1795831e-05,1.6295831e-05,1.8216666e-05
5,981,399.104,0.038,1.5595826e-05,1.3933332e-05,1.4154164e-05,7.166664e-06,1.3549996e-05,1.4883328e-05,1.3795829e-05,1.2833333e-05,1.0912498e-05,1.5533327e-05,1.3587499e-05,1.4858325e-05,1.7158325e-05,1.1920825e-05,1.6337499e-05,1.8279163e-05
5,982,399.247,0.036,1.5649994e-05,1.4216662e-05,1.4124998e-05,7.237498e-06,1.3558332e-05,1.4949997e-05,1.3804166e-05,1.2874993e-05,1.0954165e-05,1.5545829e-05,1.3612493e-05,1.4937496e-05,1.6958333e-05,1.1954165e-05,1.6333326e-05,1.8245832e-05
5,983,399.39,0.034,1.5674996e-05,1.4070829e-05,1.4099995e-05,7.291659e-06,1.3679162e-05,1.5045825e-05,1.380833e-05,1.3037499e-05,1.0987496e-05,1.559166e-05,1.3637495e-05,1.5024996e-05,1.6991664e-05,1.1891659e-05,1.6454163e-05,1.8370827e-05
5,984,399.533,0.032,1.575416e-05,1.4033326e-05,1.4041662e-05,7.433327e-06,1.3712493e-05,1.5037497e-05,1.3841661e-05,1.2933326e-05,1.1154159e-05,1.5624992e-05,1.3666661e-05,1.5012495e-05,1.702083e-05,1.1991659e-05,1.6374994e-05,1.8324996e-05
5,985,399.676,0.03,1.5762496e-05,1.4024997e-05,1.4112497e-05,7.358328e-06,1.3866663e-05,1.5054163e-05,1.3941662e-05,1.300416e-05,1.0933328e-05,1.5704163e-05,1.3708329e-05,1.5074992e-05,1.7079163e-05,1.1899996e-05,1.6520826e-05,1.830833e-05
5,986,399.819,0.028,1.5795827e-05,1.4079165e-05,1.408333e-05,7.249999e-06,1.3874999e-05,1.5191667e-05,1.3837496e-05,1.2979166e-05,1.1033329e-05,1.565833e-05,1.3749996e-05,1.509583e-05,1.713333e-05,1.1874994e-05,1.6379166e-05,1.8362498e-05
5,987,399.962,0.026,1.5783326e-05,1.4079165e-05,1.415e-05,7.270829e-06,1.3879164e-05,1.5179166e-05,1.3924996e-05,1.308333e-05,1.0929163e-05,1.5762496e-05,1.3804166e-05,1.5120832e-05,1.7145832e-05,1.1995832e-05,1.6595832e-05,1.8395829e-05
5,988,400.105,0.024,1.6112495e-05,1.4191659e-05,1.4179166e-05,7.245827e-06,1.4004159e-05,1.5245827e-05,1.4024997e-05,1.3104161e-05,1.1033329e-05,1.5683334e-05,1.3824995e-05,1.5124997e-05,1.7204165e-05,1.200416e-05,1.6487495e-05,1.830833e-05
5,989,400.248,0.022,1.6020831e-05,1.4216662e-05,1.420416e-05,7.383331e-06,1.3779163e-05,1.5362493e-05,1.4045827e-05,1.3145828e-05,1.0974995e-05,1.576666e-05,1.3758326e-05,1.5270829e-05,1.7208329e-05,1.2020826e-05,1.6508333e-05,1.8541661e-05
5,990,400.391,0.02,1.6049997e-05,1.4220826e-05,1.4283331e-05,7.362493e-06,1.3924996e-05,1.5204159e-05,1.417083e-05,1.3287497e-05,1.1012498e-05,1.5816664e-05,1.3879164e-05,1.5149999e-05,1.7249997e-05,1.2016662e-05,1.6566666e-05,1.842916e-05
5,991,400.534,0.018,1.6008329e-05,1.4266666e-05,1.429166e-05,7.408333e-06,1.3937497e-05,1.5316662e-05,1.4154164e-05,1.3424992e-05,1.1016663e-05,1.5812493e-05,1.3949998e-05,1.5274994e-05,1.7312495e-05,1.2062494e-05,1.6624999e-05,1.8504166e-05
5,992,400.677,0.016,1.6016666e-05,1.4249992e-05,1.4349993e-05,7.379158e-06,1.3987494e-05,1.5295831e-05,1.4024997e-05,1.3187496e-05,1.1154159e-05,1.5841659e-05,1.3849997e-05,1.5254163e-05,1.7333332e-05,1.2074995e-05,1.6583332e-05,1.8558327e-05
5,993,400.82,0.014,1.5945832e-05,1.4304161e-05,1.4374995e-05,7.454165e-06,1.4041662e-05,1.5399997e-05,1.4020832e-05,1.3220827e-05,1.1174997e-05,1.5858332e-05,1.3987494e-05,1.5266665e-05,1.7349998e-05,1.2041664e-05,1.6708327e-05,1.8562499e-05
5,994,400.963,0.012,1.6070826e-05,1.4295832e-05,1.4412499e-05,7.504161e-06,1.4012496e-05,1.5483332e-05,1.4054163e-05,1.3270831e-05,1.1108327e-05,1.5924994e-05,1.3999995e-05,1.5299996e-05,1.7299993e-05,1.2120827e-05,1.6704162e-05,1.8566665e-05
5,995,401.106,0.01,1.6149997e-05,1.4366667e-05,1.439166e-05,7.487496e-06,1.4066664e-05,1.5487496e-05,1.4141663e-05,1.325833e-05,1.1212492e-05,1.5945832e-05,1.3987494e-05,1.5341664e-05,1.7466664e-05,1.2154166e-05,1.6716664e-05,1.8599994e-05
5,996,401.249,0.008,1.6149997e-05,1.4537493e-05,1.4425e-05,7.55833e-06,1.410416e-05,1.5549993e-05,1.4154164e-05,1.3374996e-05,1.1208328e-05,1.6012495e-05,1.4070829e-05,1.5399997e-05,1.7495831e-05,1.217916e-05,1.6716664e-05,1.8658327e-05
5,997,401.392,0.006,1.6241662e-05,1.4445829e-05,1.4499999e-05,7.566658e-06,1.4095831e-05,1.5554166e-05,1.4241664e-05,1.3341665e-05,1.1120828e-05,1.6079164e-05,1.4116661e-05,1.5429163e-05,1.7379165e-05,1.2249994e-05,1.6754166e-05,1.8758328e-05
5,998,401.535,0.004,1.6129159e-05,1.4570832e-05,1.4491661e-05,7.537492e-06,1.4187495e-05,1.5620828e-05,1.4262493e-05,1.3424992e-05,1.1074996e-05,1.5991664e-05,1.4166665e-05,1.5508325e-05,1.7474993e-05,1.2212499e-05,1.6758331e-05,1.8620833e-05
5,999,401.678,0.002,1.6270827e-05,1.4470832e-05,1.4637494e-05,7.608326e-06,1.4208333e-05,1.5683334e-05,1.4249992e-05,1.3424992e-05,1.1162496e-05,1.610833e-05,1.427083e-05,1.5549993e-05,1.7558328e-05,1.2274996e-05,1.6824992e-05,1.8824998e-05
5,1000,401.822,0.0,1.6208331e-05,1.4579161e-05,1.4579161e-05,7.520827e-06,1.417083e-05,1.5670832e-05,1.4254165e-05,1.343333e-05,1.1224993e-05,1.6199994e-05,1.435833e-05,1.5508325e-05,1.7508331e-05,1.2287497e-05,1.6916665e-05,1.8937493e-05
,,,,,,,,,,,,,,,,,,,,5,0.578,0.562,0.47,0.504,0.478,0.494,0.55,0.484,0.982,0.594,0.55,0.554,0.684,0.616,0.594,0.692,0.596,0.59,0.528,0.554,0.528,0.558,0.58,0.54,0.756,0.63,0.58,0.552,0.698,0.614,0.63,0.722
6,0,402.097,0.0,1.6204167e-05,1.4399998e-05,1.4770826e-05,7.566658e-06,1.4233327e-05,1.5783326e-05,1.4370831e-05,1.3499999e-05,1.126666e-05,1.6099993e-05,1.4191659e-05,1.5499998e-05,1.7529163e-05,1.2370832e-05,1.6933331e-05,1.877083e-05
6,1,402.24,0.002,1.6158327e-05,1.4462495e-05,1.4766661e-05,7.658331e-06,1.4266666e-05,1.5687498e-05,1.4379159e-05,1.3566661e-05,1.1229165e-05,1.610833e-05,1.4162492e-05,1.5533327e-05,1.7495831e-05,1.2404163e-05,1.6929165e-05,1.8704161e-05
6,2,402.383,0.004,1.6195831e-05,1.4449994e-05,1.4729166e-05,7.687497e-06,1.420416e-05,1.5633328e-05,1.4208333e-05,1.3441666e-05,1.1224993e-05,1.6091664e-05,1.4224998e-05,1.549166e-05,1.7529163e-05,1.2308327e-05,1.6895827e-05,1.8729163e-05
6,3,402.526,0.006,1.6174999e-05,1.4433328e-05,1.4687498e-05,7.724992e-06,1.4237499e-05,1.5587497e-05,1.4249992e-05,1.343333e-05,1.1270833e-05,1.6199994e-05,1.4158329e-05,1.547916e-05,1.7508331e-05,1.2374997e-05,1.7054161e-05,1.8912498e-05
6,4,402.669,0.008,1.6170827e-05,1.4466659e-05,1.4583326e-05,7.495833e-06,1.4237499e-05,1.5583333e-05,1.4241664e-05,1.3374996e-05,1.123333e-05,1.6020831e-05,1.4158329e-05,1.5537493e-05,1.7512497e-05,1.2195826e-05,1.6879161e-05,1.8862494e-05
6,5,402.812,0.01,1.621666e-05,1.4449994e-05,1.4562495e-05,7.462494e-06,1.4229163e-05,1.57125e-05,1.4324999e-05,1.3395826e-05,1.13e-05,1.6054162e-05,1.4116661e-05,1.5504162e-05,1.7458327e-05,1.2258331e-05,1.6737493e-05,1.8920828e-05
6,6,402.955,0.012,1.6137497e-05,1.445833e-05,1.4454166e-05,7.466666e-06,1.4099995e-05,1.559166e-05,1.427083e-05,1.3358331e-05,1.1283326e-05,1.6008329e-05,1.408333e-05,1.545833e-05,1.7470829e-05,1.2295826e-05,1.6716664e-05,1.8666664e-05
6,7,403.098,0.014,1.6133332e-05,1.465416e-05,1.4416662e-05,7.47083e-06,1.4062492e-05,1.5762496e-05,1.4220826e-05,1.3308327e-05,1.1262497e-05,1.5995829e-05,1.4095831e-05,1.545833e-05,1.7433325e-05,1.226666e-05,1.6649994e-05,1.860416e-05
6,8,403.241,0.016,1.6091664e-05,1.4454166e-05,1.4462495e-05,7.504161e-06,1.4020832e-05,1.5654166e-05,1.4387496e-05,1.3341665e-05,1.1333331e-05,1.5970827e-05,1.4062492e-05,1.5374993e-05,1.7412496e-05,1.2270832e-05,1.6770831e-05,1.8599994e-05
6,9,403.384,0.018,1.6179165e-05,1.4504162e-05,1.4408326e-05,7.495833e-06,1.3958327e-05,1.5437499e-05,1.4366667e-05,1.3329164e-05,1.1279162e-05,1.5966662e-05,1.4091666e-05,1.5483332e-05,1.7658329e-05,1.224583e-05,1.6749995e-05,1.8612496e-05
6,10,403.527,0.02,1.610833e-05,1.4441665e-05,1.439166e-05,7.445828e-06,1.3974993e-05,1.5508325e-05,1.4287496e-05,1.3283332e-05,1.1287499e-05,1.5945832e-05,1.408333e-05,1.5295831e-05,1.740416e-05,1.224583e-05,1.665833e-05,1.8620833e-05
6,11,403.67,0.022,1.604166e-05,1.4562495e-05,1.4374995e-05,7.445828e-06,1.3983329e-05,1.5412497e-05,1.4179166e-05,1.3304162e-05,1.1345832e-05,1.5904165e-05,1.4037498e-05,1.5320826e-05,1.7424996e-05,1.2237493e-05,1.6704162e-05,1.8579165e-05
6,12,403.813,0.024,1.6083328e-05,1.4549994e-05,1.4287496e-05,7.391659e-06,1.3941662e-05,1.5333326e-05,1.4112497e-05,1.3145828e-05,1.1333331e-05,1.5962498e-05,1.3979165e-05,1.5366666e-05,1.7358327e-05,1.2291662e-05,1.6708327e-05,1.8574992e-05
6,13,403.956,0.026,1.6087492e-05,1.4404161e-05,1.4233327e-05,7.40416e-06,1.3924996e-05,1.5366666e-05,1.4183331e-05,1.3149993e-05,1.1429159e-05,1.5829166e-05,1.3958327e-05,1.5333326e-05,1.7312495e-05,1.2241666e-05,1.6662494e-05,1.8566665e-05
6,14,404.099,0.028,1.6004165e-05,1.4383332e-05,1.4233327e-05,7.387495e-06,1.3904166e-05,1.5354164e-05,1.4074993e-05,1.3104161e-05,1.126666e-05,1.59875e-05,1.3958327e-05,1.5295831e-05,1.7291664e-05,1.2229165e-05,1.6620827e-05,1.8554163e-05
6,15,404.242,0.03,1.5937496e-05,1.4370831e-05,1.4191659e-05,7.37083e-06,1.3874999e-05,1.5299996e-05,1.4116661e-05,1.2991659e-05,1.1366661e-05,1.5929167e-05,1.3983329e-05,1.5291658e-05,1.7379165e-05,1.224583e-05,1.6633328e-05,1.8562499e-05
6,16,404.385,0.032,1.5862497e-05,1.435833e-05,1.4174994e-05,7.324998e-06,1.3824995e-05,1.5291658e-05,1.4158329e-05,1.3041663e-05,1.1270833e-05,1.5862497e-05,1.3962499e-05,1.5262493e-05,1.7258326e-05,1.2229165e-05,1.6599997e-05,1.8541661e-05
6,17,404.528,0.034,1.6087492e-05,1.4395833e-05,1.4162492e-05,7.312497e-06,1.3754161e-05,1.525e-05,1.4054163e-05,1.3020825e-05,1.1245831e-05,1.5983327e-05,1.4020832e-05,1.5283331e-05,1.7304166e-05,1.2204162e-05,1.655833e-05,1.8516659e-05
6,18,404.671,0.036,1.5954161e-05,1.4374995e-05,1.4070829e-05,7.308332e-06,1.3749996e-05,1.5199995e-05,1.4049999e-05,1.2999995e-05,1.1245831e-05,1.5954161e-05,1.3970828e-05,1.5195831e-05,1.7208329e-05,1.2220828e-05,1.6516662e-05,1.8379164e-05
6,19,404.815,0.038,1.5849995e-05,1.4345828e-05,1.4116661e-05,7.191666e-06,1.3783328e-05,1.5199995e-05,1.4037498e-05,1.2974993e-05,1.1283326e-05,1.583333e-05,1.3858326e-05,1.5233326e-05,1.7212495e-05,1.217916e-05,1.650416e-05,1.8570829e-05
6,20,404.958,0.04,1.583333e-05,1.429166e-05,1.399583e-05,7.266664e-06,1.3745833e-05,1.5154163e-05,1.4079165e-05,1.2920833e-05,1.1295827e-05,1.575416e-05,1.380833e-05,1.5404161e-05,1.7208329e-05,1.2158331e-05,1.6524999e-05,1.8437497e-05
6,21,405.101,0.042,1.5829166e-05,1.4266666e-05,1.3949998e-05,7.233326e-06,1.3624994e-05,1.502916e-05,1.3983329e-05,1.2895831e-05,1.1341659e-05,1.57125e-05,1.3795829e-05,1.5149999e-05,1.724166e-05,1.217916e-05,1.6533328e-05,1.8362498e-05
6,22,405.244,0.044,1.5795827e-05,1.4241664e-05,1.3941662e-05,7.220833e-06,1.3658333e-05,1.5087493e-05,1.3962499e-05,1.2887494e-05,1.1295827e-05,1.5729165e-05,1.3770827e-05,1.5066664e-05,1.7341661e-05,1.2237493e-05,1.645e-05,1.8370827e-05
6,23,405.387,0.046,1.5745831e-05,1.4237499e-05,1.3983329e-05,7.191666e-06,1.3579162e-05,1.5054163e-05,1.3958327e-05,1.2766664e-05,1.1308328e-05,1.5687498e-05,1.3799993e-05,1.5037497e-05,1.7299993e-05,1.2187496e-05,1.6445827e-05,1.844166e-05
6,24,405.53,0.048,1.5983327e-05,1.4304161e-05,1.4045827e-05,7.149999e-06,1.3541659e-05,1.4954162e-05,1.3962499e-05,1.2787493e-05,1.1287499e-05,1.5695827e-05,1.3791664e-05,1.5074992e-05,1.7379165e-05,1.2170832e-05,1.6416661e-05,1.8395829e-05
6,25,405.673,0.05,1.5724992e-05,1.4233327e-05,1.4024997e-05,7.154163e-06,1.3516665e-05,1.4924995e-05,1.3945826e-05,1.2737497e-05,1.1329166e-05,1.5604162e-05,1.3787492e-05,1.5054163e-05,1.7045832e-05,1.2379161e-05,1.6424998e-05,1.8324996e-05
6,26,405.816,0.052,1.5687498e-05,1.4208333e-05,1.3895829e-05,7.133333e-06,1.346666e-05,1.4891664e-05,1.3854162e-05,1.2741662e-05,1.1312492e-05,1.5670832e-05,1.3733332e-05,1.5070827e-05,1.7033331e-05,1.2249994e-05,1.6408332e-05,1.8287499e-05
6,27,405.959,0.054,1.5720829e-05,1.4154164e-05,1.3699992e-05,7.158327e-06,1.3487498e-05,1.482083e-05,1.3858326e-05,1.2595829e-05,1.1308328e-05,1.5604162e-05,1.3712493e-05,1.5004166e-05,1.7058333e-05,1.2074995e-05,1.6583332e-05,1.8349998e-05
6,28,406.102,0.056,1.5699998e-05,1.4233327e-05,1.3749996e-05,7.099994e-06,1.353333e-05,1.4824995e-05,1.3883328e-05,1.2587499e-05,1.123333e-05,1.559166e-05,1.3691663e-05,1.4958326e-05,1.7029166e-05,1.2229165e-05,1.6487495e-05,1.8312494e-05
6,29,406.245,0.058,1.5679161e-05,1.4208333e-05,1.362083e-05,7.170828e-06,1.3424992e-05,1.4858325e-05,1.3879164e-05,1.2545832e-05,1.1308328e-05,1.5549993e-05,1.3679162e-05,1.4970827e-05,1.7e-05,1.2116662e-05,1.6462493e-05,1.8245832e-05
6,30,406.388,0.06,1.5608326e-05,1.4108332e-05,1.3637495e-05,7.041661e-06,1.3383333e-05,1.4799993e-05,1.380833e-05,1.2570827e-05,1.135416e-05,1.5549993e-05,1.3666661e-05,1.4966663e-05,1.696666e-05,1.209166e-05,1.6312495e-05,1.8241661e-05
6,31,406.531,0.062,1.5649994e-05,1.4145828e-05,1.3583326e-05,6.949997e-06,1.3316663e-05,1.4824995e-05,1.3841661e-05,1.2508329e-05,1.1262497e-05,1.5504162e-05,1.3658333e-05,1.5062499e-05,1.6929165e-05,1.2120827e-05,1.6220833e-05,1.8116665e-05
6,32,406.674,0.064,1.5654166e-05,1.4129162e-05,1.3541659e-05,6.958326e-06,1.3254165e-05,1.4745831e-05,1.3795829e-05,1.2516665e-05,1.1258332e-05,1.5499998e-05,1.36e-05,1.48875e-05,1.6929165e-05,1.2104161e-05,1.6249998e-05,1.8124994e-05
6,33,406.817,0.066,1.5570831e-05,1.408333e-05,1.3474997e-05,6.937496e-06,1.3162494e-05,1.4716665e-05,1.3891665e-05,1.2399999e-05,1.126666e-05,1.5395832e-05,1.3558332e-05,1.4891664e-05,1.6941667e-05,1.2049993e-05,1.6274993e-05,1.8058332e-05
6,34,406.96,0.068,1.5629164e-05,1.4070829e-05,1.3449995e-05,6.904165e-06,1.3137499e-05,1.4562495e-05,1.3854162e-05,1.236666e-05,1.1262497e-05,1.5487496e-05,1.3629166e-05,1.4812494e-05,1.6941667e-05,1.2079159e-05,1.6191665e-05,1.8095827e-05
6,35,407.103,0.07,1.5604162e-05,1.4066664e-05,1.3404163e-05,6.874998e-06,1.3095831e-05,1.4529164e-05,1.3858326e-05,1.2358331e-05,1.1316665e-05,1.537083e-05,1.3595827e-05,1.475416e-05,1.684583e-05,1.20375e-05,1.6179165e-05,1.8091663e-05
6,36,407.246,0.072,1.5504162e-05,1.408333e-05,1.3349994e-05,6.849996e-06,1.309166e-05,1.4499999e-05,1.3854162e-05,1.2483327e-05,1.135416e-05,1.5412497e-05,1.3570825e-05,1.4799993e-05,1.6829164e-05,1.2274996e-05,1.6149997e-05,1.8091663e-05
6,37,407.389,0.074,1.5454165e-05,1.4091666e-05,1.3316663e-05,6.799992e-06,1.3041663e-05,1.447916e-05,1.3658333e-05,1.2270832e-05,1.135416e-05,1.5341664e-05,1.3545831e-05,1.4795828e-05,1.6799999e-05,1.2016662e-05,1.6137497e-05,1.8066661e-05
6,38,407.532,0.076,1.549166e-05,1.4095831e-05,1.3249994e-05,6.862497e-06,1.2995831e-05,1.445833e-05,1.3629166e-05,1.2274996e-05,1.132083e-05,1.5333326e-05,1.3529166e-05,1.4724994e-05,1.6754166e-05,1.2033327e-05,1.6104166e-05,1.803333e-05
6,39,407.675,0.078,1.5466667e-05,1.4087494e-05,1.3199997e-05,6.787499e-06,1.3008333e-05,1.4412499e-05,1.36e-05,1.2129164e-05,1.1274998e-05,1.5374993e-05,1.3412499e-05,1.4679162e-05,1.6820828e-05,1.2041664e-05,1.6149997e-05,1.8062496e-05
6,40,407.818,0.08,1.5349991e-05,1.3970828e-05,1.3262495e-05,6.783327e-06,1.2987494e-05,1.4399998e-05,1.3629166e-05,1.2166659e-05,1.1212492e-05,1.5466667e-05,1.343333e-05,1.4704164e-05,1.6770831e-05,1.2008325e-05,1.610833e-05,1.8024994e-05
6,41,407.961,0.082,1.5349991e-05,1.3933332e-05,1.3166666e-05,6.749995e-06,1.2887494e-05,1.4345828e-05,1.3612493e-05,1.2154166e-05,1.1212492e-05,1.5329162e-05,1.3537494e-05,1.4645831e-05,1.6674996e-05,1.2083332e-05,1.609583e-05,1.796666e-05
6,42,408.104,0.084,1.530416e-05,1.3883328e-05,1.3116662e-05,6.687498e-06,1.2854163e-05,1.4308325e-05,1.355416e-05,1.2125e-05,1.1270833e-05,1.5333326e-05,1.3395826e-05,1.4666661e-05,1.6691662e-05,1.1933326e-05,1.5995829e-05,1.8029164e-05
6,43,408.247,0.086,1.5395832e-05,1.3845834e-05,1.3079167e-05,6.75416e-06,1.2791666e-05,1.4304161e-05,1.353333e-05,1.2116662e-05,1.1270833e-05,1.5187494e-05,1.3449995e-05,1.4666661e-05,1.6662494e-05,1.197083e-05,1.5912494e-05,1.7949995e-05
6,44,408.391,0.088,1.5295831e-05,1.3845834e-05,1.3066665e-05,6.608327e-06,1.2699993e-05,1.4279159e-05,1.3508327e-05,1.2066666e-05,1.1274998e-05,1.5124997e-05,1.3262495e-05,1.4595827e-05,1.6774997e-05,1.1933326e-05,1.5870826e-05,1.7904162e-05
6,45,408.534,0.09,1.5266665e-05,1.3841661e-05,1.300416e-05,6.662496e-06,1.2733332e-05,1.4129162e-05,1.3508327e-05,1.1999997e-05,1.1237494e-05,1.5133333e-05,1.3283332e-05,1.46125e-05,1.6574995e-05,1.1991659e-05,1.593333e-05,1.7887496e-05
6,46,408.677,0.092,1.5220833e-05,1.3754161e-05,1.2887494e-05,6.591662e-06,1.2762499e-05,1.4199996e-05,1.3479162e-05,1.1983331e-05,1.1237494e-05,1.5129161e-05,1.3179159e-05,1.4662496e-05,1.6670831e-05,1.1974995e-05,1.5870826e-05,1.7779159e-05
6,47,408.82,0.094,1.5141662e-05,1.3804166e-05,1.2912496e-05,6.583325e-06,1.260833e-05,1.4087494e-05,1.3516665e-05,1.1937499e-05,1.1237494e-05,1.5066664e-05,1.3237493e-05,1.4591662e-05,1.6687496e-05,1.1962493e-05,1.5866661e-05,1.7849994e-05
6,48,408.963,0.096,1.5129161e-05,1.3729159e-05,1.2883329e-05,6.608327e-06,1.2574998e-05,1.399583e-05,1.3325e-05,1.1908332e-05,1.1274998e-05,1.5066664e-05,1.3199997e-05,1.4399998e-05,1.6520826e-05,1.205833e-05,1.5829166e-05,1.7795834e-05
6,49,409.106,0.098,1.5183329e-05,1.3645832e-05,1.2970829e-05,6.570832e-06,1.2616666e-05,1.401666e-05,1.3354166e-05,1.1845827e-05,1.1283326e-05,1.5008331e-05,1.3204161e-05,1.4466659e-05,1.6479167e-05,1.2033327e-05,1.5870826e-05,1.775833e-05
6,50,409.249,0.1,1.5054163e-05,1.3641659e-05,1.2970829e-05,6.579161e-06,1.2474998e-05,1.3933332e-05,1.3304162e-05,1.1787494e-05,1.1395828e-05,1.4970827e-05,1.3158329e-05,1.447916e-05,1.6466665e-05,1.1887495e-05,1.5887499e-05,1.7791661e-05
6,51,409.392,0.102,1.5074992e-05,1.3624994e-05,1.2699993e-05,6.574996e-06,1.2549996e-05,1.3912495e-05,1.3262495e-05,1.1833326e-05,1.126666e-05,1.4987492e-05,1.317083e-05,1.4404161e-05,1.6412496e-05,1.1858328e-05,1.5849995e-05,1.7762493e-05
6,52,409.535,0.104,1.5049998e-05,1.3633331e-05,1.2741662e-05,6.474996e-06,1.2533331e-05,1.3887493e-05,1.3329164e-05,1.1679164e-05,1.1229165e-05,1.5099994e-05,1.3149993e-05,1.4333327e-05,1.6445827e-05,1.1908332e-05,1.594166e-05,1.770416e-05
6,53,409.678,0.106,1.5020832e-05,1.3662498e-05,1.2637496e-05,6.412498e-06,1.2483327e-05,1.3870827e-05,1.3349994e-05,1.1649998e-05,1.1262497e-05,1.4920831e-05,1.3108333e-05,1.4341665e-05,1.6399996e-05,1.1895831e-05,1.5737494e-05,1.7620825e-05
6,54,409.821,0.108,1.499583e-05,1.3612493e-05,1.2587499e-05,6.424999e-06,1.2404163e-05,1.382916e-05,1.3262495e-05,1.1624996e-05,1.1216664e-05,1.4883328e-05,1.3045827e-05,1.429166e-05,1.6379166e-05,1.1854164e-05,1.5733329e-05,1.7641663e-05
6,55,409.964,0.11,1.4970827e-05,1.3591663e-05,1.2558333e-05,6.416662e-06,1.2349995e-05,1.3849997e-05,1.3233328e-05,1.1570827e-05,1.1229165e-05,1.4808329e-05,1.3012496e-05,1.4308325e-05,1.6316661e-05,1.1849999e-05,1.5604162e-05,1.7629163e-05
6,56,410.107,0.112,1.4966663e-05,1.3558332e-05,1.2549996e-05,6.374995e-06,1.2341667e-05,1.3749996e-05,1.3245829e-05,1.1491664e-05,1.1195826e-05,1.4845832e-05,1.2999995e-05,1.4283331e-05,1.6254162e-05,1.1866665e-05,1.5604162e-05,1.7520833e-05
6,57,410.25,0.114,1.4962498e-05,1.3499999e-05,1.2404163e-05,6.374995e-06,1.2333329e-05,1.3783328e-05,1.3329164e-05,1.1554162e-05,1.1174997e-05,1.4824995e-05,1.2995831e-05,1.4183331e-05,1.6291666e-05,1.1837498e-05,1.5616662e-05,1.7591659e-05
6,58,410.393,0.116,1.4891664e-05,1.3516665e-05,1.2412493e-05,6.316662e-06,1.2154166e-05,1.3729159e-05,1.3120826e-05,1.1466662e-05,1.1216664e-05,1.4816665e-05,1.2929161e-05,1.4162492e-05,1.6154163e-05,1.1833326e-05,1.5574995e-05,1.7574994e-05
6,59,410.536,0.118,1.4862498e-05,1.3616665e-05,1.2341667e-05,6.312498e-06,1.2166659e-05,1.3633331e-05,1.3204161e-05,1.1366661e-05,1.1212492e-05,1.4741659e-05,1.2912496e-05,1.4166665e-05,1.6191665e-05,1.1758328e-05,1.5516662e-05,1.7508331e-05
6,60,410.679,0.12,1.4799993e-05,1.3570825e-05,1.2329165e-05,6.258329e-06,1.2108326e-05,1.3670826e-05,1.308333e-05,1.1575e-05,1.1204163e-05,1.4645831e-05,1.2820832e-05,1.4166665e-05,1.6204167e-05,1.1795831e-05,1.5437499e-05,1.7483329e-05
6,61,410.822,0.122,1.4795828e-05,1.3416664e-05,1.2274996e-05,6.249992e-06,1.2104161e-05,1.3437494e-05,1.3012496e-05,1.1408329e-05,1.1204163e-05,1.4629165e-05,1.2924997e-05,1.4129162e-05,1.6158327e-05,1.1837498e-05,1.5449992e-05,1.7470829e-05
6,62,410.965,0.124,1.4674997e-05,1.3529166e-05,1.2174995e-05,6.245828e-06,1.2054165e-05,1.3404163e-05,1.3045827e-05,1.1295827e-05,1.1241658e-05,1.465416e-05,1.2808331e-05,1.3999995e-05,1.6141661e-05,1.1779165e-05,1.5437499e-05,1.7445827e-05
6,63,411.108,0.126,1.4779162e-05,1.3491663e-05,1.2129164e-05,6.220826e-06,1.1974995e-05,1.3358331e-05,1.2991659e-05,1.1220829e-05,1.123333e-05,1.4737495e-05,1.2824997e-05,1.4091666e-05,1.610833e-05,1.1737498e-05,1.5433327e-05,1.7420833e-05
6,64,411.251,0.128,1.4674997e-05,1.3420829e-05,1.2125e-05,6.154164e-06,1.1962493e-05,1.3320828e-05,1.2966665e-05,1.1149995e-05,1.1283326e-05,1.4616664e-05,1.2774992e-05,1.3945826e-05,1.6099993e-05,1.1662499e-05,1.5337499e-05,1.7379165e-05
6,65,411.394,0.13,1.4699999e-05,1.3383333e-05,1.2045829e-05,6.141663e-06,1.1862493e-05,1.3291661e-05,1.2979166e-05,1.1133329e-05,1.1187498e-05,1.4741659e-05,1.2662498e-05,1.3979165e-05,1.6049997e-05,1.1774993e-05,1.5299996e-05,1.7379165e-05
6,66,411.537,0.132,1.4608328e-05,1.3349994e-05,1.2029163e-05,6.133326e-06,1.1879166e-05,1.319166e-05,1.2904159e-05,1.1058331e-05,1.1208328e-05,1.4666661e-05,1.2954163e-05,1.3904166e-05,1.5983327e-05,1.1674992e-05,1.5283331e-05,1.7224995e-05
6,67,411.68,0.134,1.4574996e-05,1.3337493e-05,1.1974995e-05,6.045826e-06,1.180416e-05,1.3241664e-05,1.2874993e-05,1.1062495e-05,1.1112499e-05,1.4412499e-05,1.2791666e-05,1.3862498e-05,1.5908328e-05,1.1724997e-05,1.5212496e-05,1.7262499e-05
6,68,411.824,0.136,1.4599998e-05,1.3204161e-05,1.1983331e-05,5.987493e-06,1.1729161e-05,1.3308327e-05,1.2845826e-05,1.1016663e-05,1.1133329e-05,1.4549994e-05,1.2854163e-05,1.3891665e-05,1.593333e-05,1.1649998e-05,1.5237499e-05,1.7237497e-05
6,69,411.967,0.138,1.4474996e-05,1.3216662e-05,1.188333e-05,6.074993e-06,1.1758328e-05,1.308333e-05,1.2783329e-05,1.097916e-05,1.1158331e-05,1.4341665e-05,1.2699993e-05,1.3824995e-05,1.5966662e-05,1.1658327e-05,1.5149999e-05,1.7208329e-05
6,70,412.11,0.14,1.4454166e-05,1.3262495e-05,1.1799995e-05,6.008331e-06,1.1591665e-05,1.3012496e-05,1.2749998e-05,1.0970831e-05,1.1133329e-05,1.439166e-05,1.2787493e-05,1.3770827e-05,1.5808328e-05,1.1683329e-05,1.511666e-05,1.7112494e-05
6,71,412.253,0.142,1.439166e-05,1.3174995e-05,1.1741662e-05,6.004159e-06,1.1575e-05,1.3012496e-05,1.2808331e-05,1.0887496e-05,1.1162496e-05,1.4366667e-05,1.2495828e-05,1.391666e-05,1.5974998e-05,1.1662499e-05,1.5174993e-05,1.713333e-05
6,72,412.396,0.144,1.4404161e-05,1.3033326e-05,1.1916662e-05,5.924996e-06,1.1549997e-05,1.2945827e-05,1.2691665e-05,1.0816661e-05,1.1112499e-05,1.4295832e-05,1.2558333e-05,1.3666661e-05,1.5870826e-05,1.1641661e-05,1.5141662e-05,1.7124994e-05
6,73,412.539,0.146,1.4354166e-05,1.3016661e-05,1.180416e-05,5.916659e-06,1.1537496e-05,1.2933326e-05,1.2658325e-05,1.0712496e-05,1.1129165e-05,1.4304161e-05,1.2499992e-05,1.3691663e-05,1.576666e-05,1.1699995e-05,1.509583e-05,1.7158325e-05
6,74,412.682,0.148,1.4454166e-05,1.3041663e-05,1.1837498e-05,5.899994e-06,1.1458325e-05,1.2874993e-05,1.2670827e-05,1.0754164e-05,1.1129165e-05,1.4199996e-05,1.2429166e-05,1.3587499e-05,1.5816664e-05,1.1549997e-05,1.5091666e-05,1.7083326e-05
6,75,412.825,0.15,1.4333327e-05,1.2991659e-05,1.1633332e-05,5.862498e-06,1.1470826e-05,1.2766664e-05,1.2587499e-05,1.0708332e-05,1.1116664e-05,1.4183331e-05,1.2408328e-05,1.365416e-05,1.5679161e-05,1.1670828e-05,1.5070827e-05,1.6995828e-05
6,76,412.968,0.152,1.4254165e-05,1.2974993e-05,1.1504166e-05,5.924996e-06,1.1466662e-05,1.2770827e-05,1.2633332e-05,1.0724997e-05,1.1129165e-05,1.4166665e-05,1.2379161e-05,1.3541659e-05,1.5674996e-05,1.1658327e-05,1.5124997e-05,1.7062497e-05
6,77,413.111,0.154,1.4233327e-05,1.2999995e-05,1.1545833e-05,5.84166e-06,1.144166e-05,1.2704166e-05,1.2570827e-05,1.0587493e-05,1.1141666e-05,1.4174994e-05,1.2341667e-05,1.3524993e-05,1.5599999e-05,1.152083e-05,1.5045825e-05,1.6945831e-05
6,78,413.254,0.156,1.4220826e-05,1.2966665e-05,1.1404165e-05,5.829159e-06,1.1454161e-05,1.2683328e-05,1.260833e-05,1.0604159e-05,1.1120828e-05,1.4129162e-05,1.234583e-05,1.3512492e-05,1.5629164e-05,1.1537496e-05,1.4920831e-05,1.6979162e-05
6,79,413.397,0.158,1.4191659e-05,1.2908332e-05,1.1345832e-05,5.716666e-06,1.1399992e-05,1.2662498e-05,1.2491663e-05,1.0508331e-05,1.106666e-05,1.4091666e-05,1.2333329e-05,1.3474997e-05,1.5566658e-05,1.152083e-05,1.4787499e-05,1.6916665e-05
6,80,413.54,0.16,1.4154164e-05,1.2908332e-05,1.1341659e-05,5.704164e-06,1.1162496e-05,1.2624995e-05,1.2466661e-05,1.0449998e-05,1.1012498e-05,1.4054163e-05,1.2299998e-05,1.3495826e-05,1.5537493e-05,1.1495828e-05,1.4854161e-05,1.6895827e-05
6,81,413.683,0.162,1.4108332e-05,1.2933326e-05,1.1283326e-05,5.737495e-06,1.1187498e-05,1.2558333e-05,1.2645833e-05,1.0470828e-05,1.1029164e-05,1.3962499e-05,1.2174995e-05,1.343333e-05,1.5566658e-05,1.1491664e-05,1.4779162e-05,1.6808328e-05
6,82,413.826,0.164,1.4137499e-05,1.2804167e-05,1.1245831e-05,5.708329e-06,1.1183325e-05,1.2412493e-05,1.2637496e-05,1.0433332e-05,1.1079161e-05,1.3920831e-05,1.2187496e-05,1.3354166e-05,1.5466667e-05,1.1487492e-05,1.4749996e-05,1.6720827e-05
6,83,413.969,0.166,1.4037498e-05,1.2887494e-05,1.1187498e-05,5.658333e-06,1.1024999e-05,1.2320828e-05,1.2391662e-05,1.0420831e-05,1.1124992e-05,1.3854162e-05,1.2204162e-05,1.3308327e-05,1.545833e-05,1.1487492e-05,1.4741659e-05,1.6795826e-05
6,84,414.112,0.168,1.4012496e-05,1.2804167e-05,1.1120828e-05,5.616665e-06,1.1020828e-05,1.2337494e-05,1.2408328e-05,1.0279163e-05,1.1124992e-05,1.3912495e-05,1.2199998e-05,1.327916e-05,1.5404161e-05,1.1458325e-05,1.4683326e-05,1.6766659e-05
6,85,414.255,0.17,1.4024997e-05,1.2724996e-05,1.1083333e-05,5.574997e-06,1.0991661e-05,1.224583e-05,1.2295826e-05,1.0279163e-05,1.0991661e-05,1.3837496e-05,1.2079159e-05,1.3212498e-05,1.5341664e-05,1.1466662e-05,1.4620829e-05,1.6699998e-05
6,86,414.398,0.172,1.4008331e-05,1.2883329e-05,1.1020828e-05,5.562496e-06,1.0908326e-05,1.224583e-05,1.2374997e-05,1.0195828e-05,1.1104163e-05,1.3837496e-05,1.205833e-05,1.3287497e-05,1.5424999e-05,1.1391664e-05,1.4666661e-05,1.6741666e-05
6,87,414.541,0.174,1.3941662e-05,1.2887494e-05,1.0983332e-05,5.53333e-06,1.0883331e-05,1.2195826e-05,1.2241666e-05,1.0170826e-05,1.0966659e-05,1.3824995e-05,1.1987496e-05,1.3204161e-05,1.5283331e-05,1.1404165e-05,1.4620829e-05,1.6670831e-05
6,88,414.684,0.176,1.3874999e-05,1.2833333e-05,1.0916662e-05,5.591663e-06,1.0874995e-05,1.2145829e-05,1.2254159e-05,1.0087498e-05,1.1099998e-05,1.3820831e-05,1.200416e-05,1.3166666e-05,1.5337499e-05,1.1379162e-05,1.4604163e-05,1.6662494e-05
6,89,414.827,0.178,1.3899994e-05,1.2649997e-05,1.0924999e-05,5.508327e-06,1.0774994e-05,1.2133328e-05,1.2183333e-05,9.991661e-06,1.1120828e-05,1.3820831e-05,1.1895831e-05,1.3129163e-05,1.521666e-05,1.1412493e-05,1.4645831e-05,1.6624999e-05
6,90,414.97,0.18,1.3837496e-05,1.2574998e-05,1.0816661e-05,5.458331e-06,1.0708332e-05,1.2020826e-05,1.2174995e-05,1.0029165e-05,1.1083333e-05,1.3779163e-05,1.2008325e-05,1.309166e-05,1.5212496e-05,1.144166e-05,1.447916e-05,1.6604161e-05
6,91,415.113,0.182,1.3762497e-05,1.2599993e-05,1.080416e-05,5.433329e-06,1.0716661e-05,1.2049993e-05,1.2116662e-05,9.97916e-06,1.1012498e-05,1.3579162e-05,1.1870829e-05,1.2995831e-05,1.5174993e-05,1.1316665e-05,1.4583326e-05,1.6612497e-05
6,92,415.256,0.184,1.3716666e-05,1.2504164e-05,1.0745827e-05,5.449994e-06,1.0670828e-05,1.1974995e-05,1.2104161e-05,9.916663e-06,1.0974995e-05,1.3729159e-05,1.1958329e-05,1.3066665e-05,1.5170828e-05,1.1349996e-05,1.4474996e-05,1.6483331e-05
6,93,415.4,0.186,1.3695828e-05,1.2474998e-05,1.0679166e-05,5.362495e-06,1.058333e-05,1.188333e-05,1.205833e-05,9.904162e-06,1.095833e-05,1.3520829e-05,1.1999997e-05,1.2995831e-05,1.5149999e-05,1.1349996e-05,1.4449994e-05,1.6408332e-05
6,94,415.543,0.188,1.36e-05,1.2458332e-05,1.0608332e-05,5.370831e-06,1.0579165e-05,1.1820833e-05,1.1954165e-05,9.854166e-06,1.0966659e-05,1.3537494e-05,1.1791666e-05,1.2962492e-05,1.5124997e-05,1.1337494e-05,1.4304161e-05,1.6458329e-05
6,95,415.686,0.19,1.3733332e-05,1.2499992e-05,1.0579165e-05,5.345829e-06,1.0512495e-05,1.1829162e-05,1.2074995e-05,9.824999e-06,1.0937492e-05,1.3462496e-05,1.178333e-05,1.2870828e-05,1.5233326e-05,1.132083e-05,1.4287496e-05,1.6366665e-05
6,96,415.829,0.192,1.3549996e-05,1.2391662e-05,1.0554163e-05,5.366659e-06,1.0445825e-05,1.1816661e-05,1.1974995e-05,9.787496e-06,1.0937492e-05,1.3458332e-05,1.1758328e-05,1.2883329e-05,1.5145826e-05,1.1274998e-05,1.4266666e-05,1.6374994e-05
6,97,415.972,0.194,1.3516665e-05,1.2337494e-05,1.0549998e-05,5.283332e-06,1.0404166e-05,1.1670828e-05,1.1954165e-05,9.745829e-06,1.095833e-05,1.3424992e-05,1.1658327e-05,1.2758326e-05,1.4920831e-05,1.1395828e-05,1.4208333e-05,1.6358328e-05
6,98,416.115,0.196,1.346666e-05,1.23125e-05,1.0570828e-05,5.262494e-06,1.0333331e-05,1.1662499e-05,1.188333e-05,9.720826e-06,1.0916662e-05,1.3337493e-05,1.1662499e-05,1.2733332e-05,1.4937496e-05,1.1341659e-05,1.4262493e-05,1.6283329e-05
6,99,416.258,0.198,1.3429165e-05,1.2241666e-05,1.0470828e-05,5.245829e-06,1.0274998e-05,1.1541661e-05,1.1854164e-05,9.58333e-06,1.0949993e-05,1.3320828e-05,1.1591665e-05,1.2754163e-05,1.4829159e-05,1.1262497e-05,1.4287496e-05,1.6258327e-05
6,100,416.401,0.2,1.3420829e-05,1.217916e-05,1.040833e-05,5.299997e-06,1.0266662e-05,1.1591665e-05,1.1766664e-05,9.574994e-06,1.0908326e-05,1.3241664e-05,1.1562498e-05,1.2733332e-05,1.4899992e-05,1.1249996e-05,1.4245828e-05,1.6254162e-05
6,101,416.544,0.202,1.3404163e-05,1.2187496e-05,1.0204164e-05,5.287496e-06,1.0233331e-05,1.1454161e-05,1.1758328e-05,9.466664e-06,1.0866665e-05,1.3316663e-05,1.1512494e-05,1.2662498e-05,1.475416e-05,1.1208328e-05,1.4162492e-05,1.6208331e-05
6,102,416.687,0.204,1.334583e-05,1.217916e-05,1.0262497e-05,5.17083e-06,1.0316666e-05,1.1445833e-05,1.1745827e-05,9.437497e-06,1.0866665e-05,1.3195832e-05,1.1499993e-05,1.260833e-05,1.4804164e-05,1.1129165e-05,1.4145828e-05,1.6233333e-05
6,103,416.83,0.206,1.3341665e-05,1.2166659e-05,1.0162496e-05,5.112497e-06,1.0287499e-05,1.1374998e-05,1.1687493e-05,9.458327e-06,1.0920827e-05,1.3187496e-05,1.1445833e-05,1.2616666e-05,1.4791663e-05,1.1174997e-05,1.408333e-05,1.6162499e-05
6,104,416.973,0.208,1.3516665e-05,1.2149993e-05,1.0124993e-05,5.083331e-06,1.0183327e-05,1.1383327e-05,1.1683329e-05,9.366663e-06,1.0837499e-05,1.3174995e-05,1.1416666e-05,1.2591664e-05,1.4729166e-05,1.1179161e-05,1.3929161e-05,1.6133332e-05
6,105,417.116,0.21,1.3470833e-05,1.2074995e-05,1.0054159e-05,5.079166e-06,1.0004163e-05,1.1487492e-05,1.1729161e-05,9.312495e-06,1.0795831e-05,1.308333e-05,1.1412493e-05,1.2512493e-05,1.4645831e-05,1.1162496e-05,1.3945826e-05,1.6016666e-05
6,106,417.259,0.212,1.3437494e-05,1.209166e-05,9.983333e-06,5.012496e-06,9.995826e-06,1.1312492e-05,1.1624996e-05,9.30833e-06,1.0862494e-05,1.3074994e-05,1.126666e-05,1.2420829e-05,1.4641666e-05,1.1133329e-05,1.3899994e-05,1.5999993e-05
6,107,417.402,0.214,1.317083e-05,1.2024999e-05,9.954158e-06,5.033326e-06,9.933328e-06,1.1224993e-05,1.1583328e-05,9.258326e-06,1.0841663e-05,1.2999995e-05,1.135416e-05,1.2404163e-05,1.4620829e-05,1.1104163e-05,1.3866663e-05,1.593333e-05
6,108,417.545,0.216,1.3299998e-05,1.2049993e-05,9.891661e-06,4.958328e-06,9.862494e-06,1.1183325e-05,1.1674992e-05,9.258326e-06,1.0787495e-05,1.3041663e-05,1.1287499e-05,1.2387498e-05,1.4558331e-05,1.106666e-05,1.3820831e-05,1.5949996e-05
6,109,417.688,0.218,1.3254165e-05,1.1962493e-05,9.866659e-06,4.954163e-06,9.849993e-06,1.1041665e-05,1.1587493e-05,9.133331e-06,1.0887496e-05,1.2891666e-05,1.1258332e-05,1.2374997e-05,1.46125e-05,1.1095826e-05,1.3766662e-05,1.594166e-05
6,110,417.831,0.22,1.3233328e-05,1.188333e-05,9.79166e-06,4.937498e-06,9.779159e-06,1.0987496e-05,1.1395828e-05,9.099992e-06,1.0808333e-05,1.2945827e-05,1.123333e-05,1.2237493e-05,1.454583e-05,1.1008327e-05,1.374166e-05,1.5891663e-05
6,111,417.974,0.222,1.2966665e-05,1.200416e-05,9.783332e-06,4.841661e-06,9.729163e-06,1.0954165e-05,1.1412493e-05,9.024993e-06,1.0799996e-05,1.2920833e-05,1.1212492e-05,1.2337494e-05,1.4441665e-05,1.1108327e-05,1.3729159e-05,1.583333e-05
6,112,418.117,0.224,1.2912496e-05,1.178333e-05,9.787496e-06,4.891666e-06,9.67083e-06,1.089166e-05,1.1416666e-05,9.070825e-06,1.0991661e-05,1.2949999e-05,1.1104163e-05,1.2224992e-05,1.4362494e-05,1.1020828e-05,1.3670826e-05,1.5845832e-05
6,113,418.26,0.226,1.2999995e-05,1.1854164e-05,9.629162e-06,4.833333e-06,9.637499e-06,1.0862494e-05,1.1358333e-05,8.954159e-06,1.0829162e-05,1.2887494e-05,1.1062495e-05,1.2212499e-05,1.4383332e-05,1.0974995e-05,1.3608328e-05,1.5824993e-05
6,114,418.403,0.228,1.2883329e-05,1.1829162e-05,9.595831e-06,4.766663e-06,9.624998e-06,1.0770829e-05,1.1324993e-05,8.895826e-06,1.0741663e-05,1.2833333e-05,1.1120828e-05,1.2149993e-05,1.4337492e-05,1.104583e-05,1.3520829e-05,1.5804164e-05
6,115,418.546,0.23,1.3024997e-05,1.1766664e-05,9.566665e-06,4.808331e-06,9.520832e-06,1.0741663e-05,1.1224993e-05,8.833329e-06,1.0724997e-05,1.2933326e-05,1.0983332e-05,1.2108326e-05,1.4274994e-05,1.1024999e-05,1.36e-05,1.5679161e-05
6,116,418.689,0.232,1.2874993e-05,1.1741662e-05,9.470828e-06,4.79583e-06,9.470828e-06,1.0695831e-05,1.1199999e-05,8.812499e-06,1.0712496e-05,1.2666663e-05,1.0966659e-05,1.2125e-05,1.4237499e-05,1.0991661e-05,1.3491663e-05,1.5704163e-05
6,117,418.833,0.234,1.2674999e-05,1.1704159e-05,9.445826e-06,4.787493e-06,9.429161e-06,1.0604159e-05,1.1191662e-05,8.754166e-06,1.0729162e-05,1.2658325e-05,1.0966659e-05,1.2108326e-05,1.4233327e-05,1.0924999e-05,1.3516665e-05,1.564583e-05
6,118,418.976,0.236,1.2758326e-05,1.1658327e-05,9.349998e-06,4.704165e-06,9.379164e-06,1.0587493e-05,1.1108327e-05,8.691661e-06,1.0716661e-05,1.2570827e-05,1.087083e-05,1.2083332e-05,1.4220826e-05,1.0895832e-05,1.3395826e-05,1.5583333e-05
6,119,419.119,0.238,1.2720831e-05,1.1633332e-05,9.312495e-06,4.629159e-06,9.362499e-06,1.0537497e-05,1.1095826e-05,8.666659e-06,1.0762493e-05,1.254166e-05,1.0924999e-05,1.1899996e-05,1.429166e-05,1.0899997e-05,1.3391662e-05,1.5549993e-05
6,120,419.262,0.24,1.2816659e-05,1.1575e-05,9.24166e-06,4.662498e-06,9.262498e-06,1.0516659e-05,1.104583e-05,8.662494e-06,1.070416e-05,1.2491663e-05,1.0795831e-05,1.1879166e-05,1.4141663e-05,1.0937492e-05,1.3316663e-05,1.5558329e-05
6,121,419.405,0.242,1.2666663e-05,1.1729161e-05,9.299994e-06,4.599992e-06,9.291664e-06,1.0449998e-05,1.1049994e-05,8.549992e-06,1.0708332e-05,1.2474998e-05,1.0779167e-05,1.1879166e-05,1.429166e-05,1.089166e-05,1.3312499e-05,1.5495832e-05
6,122,419.548,0.244,1.2462497e-05,1.1508329e-05,9.354162e-06,4.637496e-06,9.149996e-06,1.0387492e-05,1.1016663e-05,8.545828e-06,1.0708332e-05,1.2404163e-05,1.075e-05,1.1741662e-05,1.4041662e-05,1.0966659e-05,1.3283332e-05,1.5466667e-05
6,123,419.691,0.246,1.2508329e-05,1.1408329e-05,9.30833e-06,4.62083e-06,9.133331e-06,1.032083e-05,1.0933328e-05,8.479166e-06,1.0666665e-05,1.2354159e-05,1.0695831e-05,1.1724997e-05,1.4179166e-05,1.0841663e-05,1.3208326e-05,1.545833e-05
6,124,419.834,0.248,1.2420829e-05,1.1570827e-05,8.987498e-06,4.524994e-06,9.074998e-06,1.0224994e-05,1.0962494e-05,8.516661e-06,1.0712496e-05,1.2283325e-05,1.0612495e-05,1.169583e-05,1.3904166e-05,1.0858329e-05,1.3249994e-05,1.5408334e-05
6,125,419.977,0.25,1.2374997e-05,1.1308328e-05,8.979162e-06,4.624995e-06,9.074998e-06,1.0224994e-05,1.087083e-05,8.395831e-06,1.0674993e-05,1.2320828e-05,1.0624997e-05,1.1687493e-05,1.3866663e-05,1.0816661e-05,1.3312499e-05,1.5416663e-05
6,126,420.12,0.252,1.2354159e-05,1.1274998e-05,8.916664e-06,4.416665e-06,8.945831e-06,1.0124993e-05,1.0754164e-05,8.345826e-06,1.0699995e-05,1.2212499e-05,1.0595831e-05,1.1649998e-05,1.3849997e-05,1.0762493e-05,1.3016661e-05,1.5324998e-05
6,127,420.263,0.254,1.2479162e-05,1.1258332e-05,8.870832e-06,4.445831e-06,8.987498e-06,1.0116664e-05,1.0770829e-05,8.299994e-06,1.0595831e-05,1.2166659e-05,1.058333e-05,1.1604166e-05,1.3845834e-05,1.0741663e-05,1.300416e-05,1.5324998e-05
6,128,420.406,0.256,1.2308327e-05,1.1237494e-05,8.862496e-06,4.429166e-06,8.858331e-06,9.966659e-06,1.0733326e-05,8.208331e-06,1.0604159e-05,1.2183333e-05,1.0424996e-05,1.1533331e-05,1.3712493e-05,1.0733326e-05,1.3020825e-05,1.5224997e-05
6,129,420.549,0.258,1.2279161e-05,1.1199999e-05,8.795826e-06,4.420829e-06,8.833329e-06,1.0137494e-05,1.0745827e-05,8.149997e-06,1.0637498e-05,1.2141665e-05,1.0445825e-05,1.1508329e-05,1.3791664e-05,1.0758328e-05,1.2949999e-05,1.5258328e-05
6,130,420.692,0.26,1.2349995e-05,1.1137494e-05,8.745829e-06,4.399999e-06,8.712498e-06,9.912499e-06,1.087083e-05,8.166663e-06,1.0604159e-05,1.2062494e-05,1.0374999e-05,1.1466662e-05,1.3691663e-05,1.0762493e-05,1.291666e-05,1.5129161e-05
6,131,420.835,0.262,1.2191661e-05,1.114583e-05,8.699997e-06,4.349994e-06,8.683332e-06,9.824999e-06,1.0754164e-05,8.124995e-06,1.061666e-05,1.1916662e-05,1.0345832e-05,1.1412493e-05,1.3637495e-05,1.0699995e-05,1.2845826e-05,1.5099994e-05
6,132,420.978,0.264,1.2074995e-05,1.1162496e-05,8.616662e-06,4.316664e-06,8.637492e-06,9.987497e-06,1.0537497e-05,8.120831e-06,1.0574992e-05,1.1933326e-05,1.0308329e-05,1.1308328e-05,1.3658333e-05,1.0633325e-05,1.2816659e-05,1.509583e-05
6,133,421.121,0.266,1.1999997e-05,1.0987496e-05,8.645829e-06,4.312499e-06,8.633328e-06,9.695832e-06,1.0587493e-05,8.058326e-06,1.0520832e-05,1.1941664e-05,1.0270826e-05,1.1312492e-05,1.3541659e-05,1.0683329e-05,1.2758326e-05,1.5041661e-05
6,134,421.264,0.268,1.1962493e-05,1.0995833e-05,8.524998e-06,4.291662e-06,8.57083e-06,9.704161e-06,1.0512495e-05,8.024995e-06,1.0662492e-05,1.1899996e-05,1.0262497e-05,1.1258332e-05,1.3579162e-05,1.0708332e-05,1.270833e-05,1.4991665e-05
6,135,421.407,0.27,1.2070831e-05,1.0916662e-05,8.524998e-06,4.233329e-06,8.520826e-06,9.60416e-06,1.0437497e-05,7.924994e-06,1.0674993e-05,1.1824997e-05,1.0179162e-05,1.1229165e-05,1.3587499e-05,1.0599994e-05,1.2666663e-05,1.4966663e-05
6,136,421.55,0.272,1.1899996e-05,1.0929163e-05,8.433326e-06,4.195825e-06,8.491659e-06,9.591659e-06,1.0437497e-05,7.979163e-06,1.061666e-05,1.1791666e-05,1.0149995e-05,1.1187498e-05,1.3499999e-05,1.0620833e-05,1.2645833e-05,1.4904165e-05
6,137,421.693,0.274,1.1845827e-05,1.0933328e-05,8.379166e-06,4.170831e-06,8.379166e-06,9.537498e-06,1.0387492e-05,7.804163e-06,1.049583e-05,1.1762492e-05,1.0116664e-05,1.1124992e-05,1.3341665e-05,1.0579165e-05,1.2591664e-05,1.4970827e-05
6,138,421.836,0.276,1.1862493e-05,1.0837499e-05,8.324997e-06,4.17916e-06,8.41666e-06,9.454163e-06,1.0341661e-05,7.733329e-06,1.0429159e-05,1.1824997e-05,1.0058331e-05,1.1087497e-05,1.3291661e-05,1.061666e-05,1.2512493e-05,1.4899992e-05
6,139,421.979,0.278,1.1845827e-05,1.0837499e-05,8.329161e-06,4.162494e-06,8.291666e-06,9.449998e-06,1.0279163e-05,7.720828e-06,1.0524996e-05,1.1683329e-05,1.0091662e-05,1.1058331e-05,1.334583e-05,1.0545826e-05,1.2512493e-05,1.4837496e-05
6,140,422.122,0.28,1.1791666e-05,1.0758328e-05,8.212495e-06,4.116662e-06,8.270827e-06,9.32916e-06,1.0233331e-05,7.641665e-06,1.0483329e-05,1.1666663e-05,1.0170826e-05,1.1024999e-05,1.3229163e-05,1.0608332e-05,1.2441659e-05,1.4708328e-05
6,141,422.266,0.282,1.1670828e-05,1.0774994e-05,8.179164e-06,4.029163e-06,8.258326e-06,9.291664e-06,1.0183327e-05,7.608326e-06,1.0479164e-05,1.1474999e-05,1.006666e-05,1.1037493e-05,1.3229163e-05,1.0524996e-05,1.245416e-05,1.4729166e-05
6,142,422.409,0.284,1.1866665e-05,1.0720825e-05,8.112494e-06,4.070831e-06,8.191665e-06,9.262498e-06,1.0079161e-05,7.566658e-06,1.0462499e-05,1.1470826e-05,9.920827e-06,1.1029164e-05,1.3208326e-05,1.049583e-05,1.2333329e-05,1.4708328e-05
6,143,422.552,0.286,1.1824997e-05,1.0679166e-05,8.066662e-06,3.991659e-06,8.158326e-06,9.22083e-06,1.0099999e-05,7.512498e-06,1.0474992e-05,1.1470826e-05,9.804161e-06,1.0912498e-05,1.3124998e-05,1.0458326e-05,1.2254159e-05,1.4716665e-05
6,144,422.695,0.288,1.1499993e-05,1.0629161e-05,8.004165e-06,4.008325e-06,8.024995e-06,9.224995e-06,1.0041666e-05,7.508326e-06,1.0429159e-05,1.142083e-05,9.783332e-06,1.0849993e-05,1.3087495e-05,1.0499994e-05,1.2229165e-05,1.4616664e-05
6,145,422.838,0.29,1.1424994e-05,1.0587493e-05,7.995828e-06,4.029163e-06,8.045832e-06,9.095827e-06,1.0008327e-05,7.445828e-06,1.0454162e-05,1.1374998e-05,9.733327e-06,1.0699995e-05,1.2999995e-05,1.0449998e-05,1.2204162e-05,1.4529164e-05
6,146,422.981,0.292,1.1395828e-05,1.0449998e-05,8.024995e-06,3.991659e-06,7.958332e-06,8.979162e-06,1.0033329e-05,7.366665e-06,1.0412495e-05,1.1316665e-05,9.7375e-06,1.0699995e-05,1.2995831e-05,1.0520832e-05,1.2170832e-05,1.4470832e-05
6,147,423.124,0.294,1.1399992e-05,1.0424996e-05,7.970826e-06,3.933326e-06,7.916665e-06,9.008329e-06,9.912499e-06,7.312497e-06,1.0387492e-05,1.1304164e-05,9.674995e-06,1.0641662e-05,1.291666e-05,1.0354162e-05,1.2108326e-05,1.4508327e-05
6,148,423.267,0.296,1.1329166e-05,1.0499994e-05,7.891663e-06,3.899996e-06,7.916665e-06,8.958332e-06,9.954158e-06,7.312497e-06,1.0437497e-05,1.1216664e-05,9.658329e-06,1.0620833e-05,1.2820832e-05,1.0404166e-05,1.2158331e-05,1.4449994e-05
6,149,423.41,0.298,1.1312492e-05,1.0358325e-05,7.966662e-06,3.966665e-06,7.979163e-06,8.874997e-06,9.808326e-06,7.233326e-06,1.0383328e-05,1.1191662e-05,9.529162e-06,1.0549998e-05,1.2854163e-05,1.0416658e-05,1.2079159e-05,1.4433328e-05
6,150,423.553,0.3,1.1224993e-05,1.0295828e-05,7.779161e-06,3.941663e-06,7.904164e-06,8.766659e-06,9.779159e-06,7.212496e-06,1.0366663e-05,1.1170832e-05,9.533326e-06,1.0512495e-05,1.282916e-05,1.032083e-05,1.1945828e-05,1.4383332e-05
6,151,423.696,0.302,1.1195826e-05,1.0308329e-05,7.662495e-06,3.766664e-06,7.820829e-06,8.804162e-06,9.741664e-06,7.145826e-06,1.0404166e-05,1.1012498e-05,9.424996e-06,1.0416658e-05,1.2762499e-05,1.0308329e-05,1.1879166e-05,1.4279159e-05
6,152,423.839,0.304,1.1362497e-05,1.0249996e-05,7.645829e-06,3.837498e-06,7.899992e-06,8.729164e-06,9.687496e-06,7.091665e-06,1.040833e-05,1.1054166e-05,9.449998e-06,1.0445825e-05,1.270833e-05,1.0299993e-05,1.1879166e-05,1.4245828e-05
6,153,423.982,0.306,1.1183325e-05,1.0195828e-05,7.583332e-06,3.779165e-06,7.633328e-06,8.774996e-06,9.699997e-06,7.070827e-06,1.0287499e-05,1.1020828e-05,9.420832e-06,1.0374999e-05,1.2666663e-05,1.0279163e-05,1.1754163e-05,1.420416e-05
6,154,424.125,0.308,1.1179161e-05,1.0124993e-05,7.529163e-06,3.708331e-06,7.608326e-06,8.749994e-06,9.808326e-06,6.991665e-06,1.0304165e-05,1.1020828e-05,9.299994e-06,1.0383328e-05,1.2616666e-05,1.0245832e-05,1.1758328e-05,1.4087494e-05
6,155,424.268,0.31,1.1004162e-05,1.0049995e-05,7.454165e-06,3.724996e-06,7.55833e-06,8.48333e-06,9.666665e-06,6.995829e-06,1.0333331e-05,1.0854164e-05,9.283328e-06,1.0149995e-05,1.2554161e-05,1.0195828e-05,1.1708331e-05,1.4120833e-05
6,156,424.411,0.312,1.1108327e-05,1.0079161e-05,7.441664e-06,3.71666e-06,7.483332e-06,8.470829e-06,9.616661e-06,7.070827e-06,1.0274998e-05,1.087083e-05,9.208329e-06,1.0204164e-05,1.2558333e-05,1.0229166e-05,1.1662499e-05,1.4066664e-05
6,157,424.554,0.314,1.0945829e-05,1.0037494e-05,7.391659e-06,3.654162e-06,7.462494e-06,8.412496e-06,9.499995e-06,6.949997e-06,1.0287499e-05,1.0770829e-05,9.129159e-06,1.013333e-05,1.2487499e-05,1.0191663e-05,1.1566663e-05,1.4029161e-05
6,158,424.697,0.316,1.1037493e-05,9.995826e-06,7.362493e-06,3.654162e-06,7.429162e-06,8.408332e-06,9.470828e-06,6.962498e-06,1.0283327e-05,1.0766666e-05,9.137495e-06,1.0095827e-05,1.2429166e-05,1.0191663e-05,1.1575e-05,1.3987494e-05
6,159,424.84,0.318,1.0745827e-05,9.95833e-06,7.299996e-06,3.633332e-06,7.387495e-06,8.362492e-06,9.379164e-06,6.712492e-06,1.0245832e-05,1.0712496e-05,9.133331e-06,1.0099999e-05,1.2420829e-05,1.0145831e-05,1.1499993e-05,1.3983329e-05
6,160,424.983,0.32,1.0741663e-05,9.941666e-06,7.204159e-06,3.620831e-06,7.295831e-06,8.258326e-06,9.333332e-06,6.687498e-06,1.0420831e-05,1.0662492e-05,9.045832e-06,1.0004163e-05,1.2304163e-05,1.0104163e-05,1.1483327e-05,1.3924996e-05
6,161,425.126,0.322,1.0712496e-05,9.899998e-06,7.166664e-06,3.616659e-06,7.262492e-06,8.29583e-06,9.287493e-06,6.708328e-06,1.0349997e-05,1.0787495e-05,9.008329e-06,9.97916e-06,1.2370832e-05,1.0049995e-05,1.1445833e-05,1.3899994e-05
6,162,425.269,0.324,1.0649999e-05,9.779159e-06,7.208331e-06,3.533332e-06,7.233326e-06,8.199993e-06,9.245833e-06,6.624993e-06,1.0212493e-05,1.0649999e-05,9.02083e-06,9.904162e-06,1.2220828e-05,1.0062496e-05,1.1341659e-05,1.3845834e-05
6,163,425.412,0.326,1.0608332e-05,9.783332e-06,7.124996e-06,3.583328e-06,7.141662e-06,8.162498e-06,9.162498e-06,6.583325e-06,1.0141659e-05,1.0566664e-05,9.058333e-06,9.895825e-06,1.2174995e-05,1.0008327e-05,1.1333331e-05,1.380833e-05
6,164,425.555,0.328,1.0579165e-05,9.729163e-06,7.037497e-06,3.512494e-06,7.158327e-06,8.104165e-06,9.137495e-06,6.558331e-06,1.0174997e-05,1.0449998e-05,8.920829e-06,9.799997e-06,1.2112499e-05,1.0108328e-05,1.123333e-05,1.3766662e-05
6,165,425.699,0.33,1.0537497e-05,9.654164e-06,7.062499e-06,3.487492e-06,7.054162e-06,8.054161e-06,9.062497e-06,6.529164e-06,1.0179162e-05,1.0333331e-05,8.816663e-06,9.749992e-06,1.2141665e-05,9.995826e-06,1.1245831e-05,1.36875e-05
6,166,425.842,0.332,1.0570828e-05,9.641663e-06,6.979164e-06,3.479163e-06,7.024995e-06,7.945831e-06,9.058333e-06,6.470831e-06,1.0183327e-05,1.0291664e-05,8.949995e-06,9.745829e-06,1.2045829e-05,1.0033329e-05,1.1104163e-05,1.3645832e-05
6,167,425.985,0.334,1.0299993e-05,9.516661e-06,6.979164e-06,3.404164e-06,6.987492e-06,7.908328e-06,9.033331e-06,6.437492e-06,1.0179162e-05,1.0266662e-05,8.716663e-06,9.633327e-06,1.2125e-05,9.966659e-06,1.1104163e-05,1.3670826e-05
6,168,426.128,0.336,1.0279163e-05,9.508331e-06,6.833331e-06,3.387499e-06,6.924995e-06,7.908328e-06,8.920829e-06,6.399997e-06,1.0162496e-05,1.0245832e-05,8.67916e-06,9.537498e-06,1.2062494e-05,9.912499e-06,1.1012498e-05,1.3570825e-05
6,169,426.271,0.338,1.0287499e-05,9.441662e-06,6.845832e-06,3.324993e-06,6.883327e-06,7.85416e-06,8.849995e-06,6.304161e-06,1.0137494e-05,1.0199992e-05,8.662494e-06,9.491666e-06,1.1966666e-05,9.974996e-06,1.0970831e-05,1.3529166e-05
6,170,426.414,0.34,1.0141659e-05,9.50416e-06,6.833331e-06,3.366661e-06,6.854161e-06,7.83333e-06,8.770831e-06,6.299997e-06,1.0108328e-05,1.0145831e-05,8.604161e-06,9.449998e-06,1.1895831e-05,1.0008327e-05,1.0933328e-05,1.3487498e-05
6,171,426.557,0.342,1.0166661e-05,9.312495e-06,6.858325e-06,3.358332e-06,6.795828e-06,7.720828e-06,8.745829e-06,6.229162e-06,1.0074997e-05,1.0108328e-05,8.545828e-06,9.379164e-06,1.1770829e-05,9.954158e-06,1.089166e-05,1.3387497e-05
6,172,426.7,0.344,1.0108328e-05,9.283328e-06,6.670833e-06,3.345831e-06,6.729166e-06,7.683333e-06,8.783332e-06,6.116661e-06,1.0070833e-05,9.999999e-06,8.474994e-06,9.370828e-06,1.1687493e-05,1.004583e-05,1.0866665e-05,1.3333329e-05
6,173,426.843,0.346,1.0062496e-05,9.191665e-06,6.649995e-06,3.341659e-06,6.691662e-06,7.616663e-06,8.720827e-06,6.174993e-06,1.006666e-05,9.974996e-06,8.445827e-06,9.312495e-06,1.1683329e-05,9.795833e-06,1.0908326e-05,1.3320828e-05
6,174,426.986,0.348,1.0008327e-05,9.158325e-06,6.558331e-06,3.199998e-06,6.679161e-06,7.504161e-06,8.704162e-06,6.091658e-06,1.0037494e-05,9.937493e-06,8.379166e-06,9.275e-06,1.1587493e-05,1.0041666e-05,1.0658327e-05,1.3266659e-05
6,175,427.129,0.35,9.949994e-06,9.154161e-06,6.616664e-06,3.208327e-06,6.637494e-06,7.55833e-06,8.583331e-06,6.083329e-06,1.0008327e-05,9.874995e-06,8.366665e-06,9.166662e-06,1.1599994e-05,9.770831e-06,1.0699995e-05,1.319166e-05
6,176,427.272,0.352,9.908326e-06,9.087499e-06,6.499998e-06,3.241658e-06,6.574996e-06,7.49166e-06,8.520826e-06,6.008331e-06,9.95833e-06,9.75833e-06,8.29583e-06,9.14166e-06,1.1537496e-05,9.79166e-06,1.0599994e-05,1.3145828e-05
6,177,427.415,0.354,9.908326e-06,9.037494e-06,6.45833e-06,3.141666e-06,6.512499e-06,7.454165e-06,8.466665e-06,5.983329e-06,9.97916e-06,9.820827e-06,8.254163e-06,9.112493e-06,1.1562498e-05,9.729163e-06,1.0533333e-05,1.308333e-05
6,178,427.558,0.356,9.812498e-06,8.974997e-06,6.429163e-06,3.158331e-06,6.56666e-06,7.524999e-06,8.424998e-06,5.970828e-06,1.0008327e-05,9.691659e-06,8.187492e-06,9.016665e-06,1.1429159e-05,9.770831e-06,1.0462499e-05,1.2999995e-05
6,179,427.701,0.358,9.87916e-06,8.987498e-06,6.39166e-06,3.137493e-06,6.374995e-06,7.30416e-06,8.499996e-06,5.924996e-06,9.983333e-06,9.674995e-06,8.199993e-06,8.991663e-06,1.1391664e-05,9.754165e-06,1.0399994e-05,1.3020825e-05
6,180,427.844,0.36,9.770831e-06,8.891662e-06,6.337492e-06,3.14583e-06,6.387496e-06,7.233326e-06,8.399995e-06,6.020832e-06,9.924992e-06,9.58333e-06,8.099993e-06,8.916664e-06,1.1366661e-05,9.687496e-06,1.0399994e-05,1.2924997e-05
6,181,427.987,0.362,9.733327e-06,8.858331e-06,6.299997e-06,3.074996e-06,6.374995e-06,7.179165e-06,8.320832e-06,5.833332e-06,9.962495e-06,9.579166e-06,8.091664e-06,8.883325e-06,1.1249996e-05,9.687496e-06,1.0312494e-05,1.2966665e-05
6,182,428.13,0.364,9.499995e-06,8.75833e-06,6.299997e-06,3.037492e-06,6.354165e-06,7.183329e-06,8.19583e-06,5.745832e-06,9.966659e-06,9.441662e-06,7.962497e-06,8.799998e-06,1.1199999e-05,9.58333e-06,1.0233331e-05,1.2870828e-05
6,183,428.273,0.366,9.529162e-06,8.833329e-06,6.216661e-06,3.062495e-06,6.283331e-06,7.145826e-06,8.12916e-06,5.708329e-06,9.991661e-06,9.445826e-06,7.908328e-06,8.787497e-06,1.1129165e-05,9.658329e-06,1.0199992e-05,1.2879165e-05
6,184,428.416,0.368,9.433325e-06,8.708326e-06,6.20416e-06,3.016663e-06,6.258329e-06,7.066663e-06,8.079163e-06,5.629166e-06,9.912499e-06,9.433325e-06,7.849995e-06,8.720827e-06,1.116666e-05,9.620825e-06,1.0087498e-05,1.2833333e-05
6,185,428.559,0.37,9.345826e-06,8.67916e-06,6.137498e-06,3.041665e-06,6.212497e-06,7.041661e-06,8.074999e-06,5.758325e-06,9.970832e-06,9.537498e-06,7.841659e-06,8.695833e-06,1.1104163e-05,9.587495e-06,1.0070833e-05,1.2737497e-05
6,186,428.702,0.372,9.354162e-06,8.670831e-06,6.162492e-06,2.99166e-06,6.174993e-06,7.00833e-06,8.029159e-06,5.629166e-06,9.883332e-06,9.341661e-06,7.783326e-06,8.641664e-06,1.1054166e-05,9.612497e-06,1.00125e-05,1.2741662e-05
6,187,428.845,0.374,9.433325e-06,8.558329e-06,6.083329e-06,3.004161e-06,6.154164e-06,6.949997e-06,7.970826e-06,5.537494e-06,1.0041666e-05,9.212494e-06,7.891663e-06,8.541663e-06,1.0974995e-05,9.541663e-06,1.0024993e-05,1.2749998e-05
6,188,428.988,0.376,9.320831e-06,8.533327e-06,6.083329e-06,2.949993e-06,6.112496e-06,6.916666e-06,7.908328e-06,5.55416e-06,9.787496e-06,9.287493e-06,7.76666e-06,8.558329e-06,1.0924999e-05,9.554164e-06,9.962495e-06,1.2616666e-05
6,189,429.132,0.378,9.233332e-06,8.474994e-06,6.020832e-06,2.924999e-06,6.066664e-06,6.82083e-06,7.870825e-06,5.495826e-06,9.783332e-06,9.179163e-06,7.783326e-06,8.620827e-06,1.0862494e-05,9.470828e-06,9.874995e-06,1.2504164e-05
6,190,429.275,0.38,9.099992e-06,8.48333e-06,5.987493e-06,2.949993e-06,6.045826e-06,6.812493e-06,7.908328e-06,5.504163e-06,9.774994e-06,9.037494e-06,7.516662e-06,8.445827e-06,1.080416e-05,9.449998e-06,9.762493e-06,1.2466661e-05
6,191,429.418,0.382,9.254161e-06,8.366665e-06,5.983329e-06,2.879159e-06,6.008331e-06,6.783327e-06,7.779161e-06,5.395826e-06,9.795833e-06,8.924992e-06,7.499997e-06,8.329161e-06,1.0841663e-05,9.49583e-06,9.733327e-06,1.2504164e-05
6,192,429.561,0.384,9.22083e-06,8.245825e-06,5.920831e-06,2.899996e-06,5.991666e-06,6.745831e-06,7.716663e-06,5.44583e-06,9.804161e-06,8.979162e-06,7.620828e-06,8.383329e-06,1.0774994e-05,9.387493e-06,9.67083e-06,1.2349995e-05
6,193,429.704,0.386,8.945831e-06,8.183329e-06,5.904166e-06,2.858329e-06,5.937497e-06,6.745831e-06,7.641665e-06,5.366659e-06,9.7375e-06,8.912491e-06,7.433327e-06,8.179164e-06,1.0604159e-05,9.429161e-06,9.620825e-06,1.2333329e-05
6,194,429.847,0.388,8.895826e-06,8.183329e-06,5.924996e-06,2.858329e-06,5.90833e-06,6.645831e-06,7.616663e-06,5.341665e-06,9.762493e-06,8.820828e-06,7.420826e-06,8.091664e-06,1.0637498e-05,9.483329e-06,9.574994e-06,1.2299998e-05
6,195,429.99,0.39,8.787497e-06,8.104165e-06,5.854161e-06,2.849992e-06,5.845833e-06,6.670833e-06,7.55833e-06,5.283332e-06,9.687496e-06,8.783332e-06,7.349992e-06,8.083328e-06,1.0516659e-05,9.449998e-06,9.474993e-06,1.2183333e-05
6,196,430.133,0.392,8.766659e-06,8.19583e-06,5.754161e-06,2.824998e-06,5.849997e-06,6.579161e-06,7.562494e-06,5.25833e-06,9.7375e-06,8.724999e-06,7.30416e-06,8.033331e-06,1.061666e-05,9.354162e-06,9.449998e-06,1.2204162e-05
6,197,430.276,0.394,8.724999e-06,8.004165e-06,5.74166e-06,2.770829e-06,5.774998e-06,6.558331e-06,7.479159e-06,5.249993e-06,9.674995e-06,8.65833e-06,7.241662e-06,8.012494e-06,1.0374999e-05,9.266662e-06,9.445826e-06,1.2154166e-05
6,198,430.419,0.396,8.649993e-06,7.954161e-06,5.716666e-06,2.795831e-06,5.779163e-06,6.449994e-06,7.37083e-06,5.229163e-06,9.637499e-06,8.670831e-06,7.187494e-06,7.949996e-06,1.0383328e-05,9.291664e-06,9.312495e-06,1.2129164e-05
6,199,430.562,0.398,8.566665e-06,7.899992e-06,5.679162e-06,2.720825e-06,5.812494e-06,6.487497e-06,7.30416e-06,5.187495e-06,9.745829e-06,8.558329e-06,7.1625e-06,7.870825e-06,1.0333331e-05,9.204166e-06,9.254161e-06,1.2074995e-05
6,200,430.705,0.4,8.620827e-06,7.858332e-06,5.683327e-06,2.729162e-06,5.837496e-06,6.437492e-06,7.274993e-06,5.10416e-06,9.674995e-06,8.516661e-06,7.199995e-06,7.862496e-06,1.0237495e-05,9.270827e-06,9.14166e-06,1.1949992e-05
6,201,430.848,0.402,8.508333e-06,7.820829e-06,5.658333e-06,2.687494e-06,5.666661e-06,6.387496e-06,7.21666e-06,5.049992e-06,9.712498e-06,8.404159e-06,7.012494e-06,7.791662e-06,1.0183327e-05,9.237496e-06,9.129159e-06,1.1845827e-05
6,202,430.991,0.404,8.579159e-06,7.816664e-06,5.616665e-06,2.687494e-06,5.591663e-06,6.47916e-06,7.208331e-06,5.087495e-06,9.591659e-06,8.437499e-06,6.954161e-06,7.787497e-06,1.0137494e-05,9.212494e-06,9.070825e-06,1.1824997e-05
6,203,431.134,0.406,8.554164e-06,7.67916e-06,5.587498e-06,2.679165e-06,5.516664e-06,6.287495e-06,7.166664e-06,5.020825e-06,9.633327e-06,8.395831e-06,6.991665e-06,7.654166e-06,1.0091662e-05,9.179163e-06,9.024993e-06,1.1779165e-05
6,204,431.277,0.408,8.491659e-06,7.7125e-06,5.645832e-06,2.666664e-06,5.549995e-06,6.249992e-06,7.158327e-06,5.033326e-06,9.558328e-06,8.270827e-06,6.862497e-06,7.57916e-06,1.0020828e-05,9.179163e-06,8.979162e-06,1.1733326e-05
6,205,431.42,0.41,8.274992e-06,7.549993e-06,5.562496e-06,2.641662e-06,5.562496e-06,6.20416e-06,7.066663e-06,4.970829e-06,9.574994e-06,8.216659e-06,6.833331e-06,7.537492e-06,1.0091662e-05,9.162498e-06,8.899999e-06,1.1666663e-05
6,206,431.563,0.412,8.341662e-06,7.599997e-06,5.491662e-06,2.61666e-06,5.524993e-06,6.216661e-06,6.933331e-06,4.958328e-06,9.570829e-06,8.158326e-06,6.808329e-06,7.49166e-06,9.933328e-06,9.066661e-06,8.824993e-06,1.1654162e-05
6,207,431.706,0.414,8.204166e-06,7.541664e-06,5.462496e-06,2.629161e-06,5.462496e-06,6.145827e-06,6.870826e-06,4.949999e-06,9.537498e-06,8.112494e-06,6.720829e-06,7.466666e-06,9.908326e-06,9.24166e-06,8.762495e-06,1.1579164e-05
6,208,431.849,0.416,8.070827e-06,7.445828e-06,5.44583e-06,2.574992e-06,5.458331e-06,6.112496e-06,6.870826e-06,4.791665e-06,9.637499e-06,8.091664e-06,6.745831e-06,7.395832e-06,9.85833e-06,9.074998e-06,8.708326e-06,1.1524995e-05
6,209,431.992,0.418,8.029159e-06,7.412497e-06,5.458331e-06,2.579164e-06,5.433329e-06,6.116661e-06,6.808329e-06,4.783328e-06,9.499995e-06,8.049997e-06,6.654159e-06,7.358328e-06,9.787496e-06,9.05416e-06,8.612497e-06,1.1487492e-05
6,210,432.135,0.42,8.054161e-06,7.354164e-06,5.412499e-06,2.583329e-06,5.399998e-06,6.033325e-06,6.770825e-06,4.891666e-06,9.454163e-06,8.062498e-06,6.587497e-06,7.312497e-06,9.624998e-06,9.058333e-06,8.545828e-06,1.1458325e-05
6,211,432.278,0.422,7.929166e-06,7.337499e-06,5.408327e-06,2.537497e-06,5.404162e-06,6.033325e-06,6.712492e-06,4.766663e-06,9.458327e-06,8.062498e-06,6.533329e-06,7.233326e-06,9.595831e-06,9.041659e-06,8.512497e-06,1.1312492e-05
6,212,432.421,0.424,7.916665e-06,7.237498e-06,5.433329e-06,2.549998e-06,5.37916e-06,6.045826e-06,6.66666e-06,4.766663e-06,9.412495e-06,7.895827e-06,6.599998e-06,7.187494e-06,9.579166e-06,8.958332e-06,8.458328e-06,1.132083e-05
6,213,432.564,0.426,7.929166e-06,7.241662e-06,5.37916e-06,2.504166e-06,5.337492e-06,5.987493e-06,6.629165e-06,4.712494e-06,9.487494e-06,7.849995e-06,6.424999e-06,7.099994e-06,9.554164e-06,8.987498e-06,8.458328e-06,1.1316665e-05
6,214,432.708,0.428,7.924994e-06,7.183329e-06,5.399998e-06,2.495829e-06,5.324991e-06,5.941661e-06,6.549994e-06,4.724996e-06,9.408331e-06,7.737493e-06,6.383332e-06,7.108331e-06,9.399994e-06,8.916664e-06,8.358327e-06,1.1195826e-05
6,215,432.851,0.43,7.916665e-06,7.108331e-06,5.37916e-06,2.495829e-06,5.316663e-06,5.904166e-06,6.549994e-06,4.691664e-06,9.424996e-06,7.708327e-06,6.312498e-06,7.187494e-06,9.39583e-06,8.941666e-06,8.287493e-06,1.1208328e-05
6,216,432.994,0.432,7.57916e-06,7.062499e-06,5.333328e-06,2.504166e-06,5.299997e-06,5.887493e-06,6.429163e-06,4.699993e-06,9.41666e-06,7.616663e-06,6.358329e-06,6.937496e-06,9.387493e-06,8.874997e-06,8.216659e-06,1.1116664e-05
6,217,433.137,0.434,7.595825e-06,6.983328e-06,5.316663e-06,2.474992e-06,5.229163e-06,5.904166e-06,6.416662e-06,4.616666e-06,9.349998e-06,7.57916e-06,6.212497e-06,6.987492e-06,9.408331e-06,8.924992e-06,8.162498e-06,1.1004162e-05
6,218,433.28,0.436,7.524999e-06,6.904165e-06,5.308326e-06,2.512495e-06,5.216662e-06,5.883328e-06,6.341664e-06,4.645832e-06,9.379164e-06,7.487496e-06,6.212497e-06,6.858325e-06,9.191665e-06,8.962496e-06,8.124995e-06,1.1020828e-05
6,219,433.423,0.438,7.449993e-06,6.904165e-06,5.304162e-06,2.495829e-06,5.19166e-06,5.816658e-06,6.324999e-06,4.645832e-06,9.362499e-06,7.458329e-06,6.158328e-06,6.787499e-06,9.145832e-06,8.883325e-06,8.029159e-06,1.0949993e-05
6,220,433.566,0.44,7.358328e-06,6.816666e-06,5.329164e-06,2.420831e-06,5.270831e-06,5.837496e-06,6.262493e-06,4.516665e-06,9.354162e-06,7.408333e-06,6.120833e-06,6.774998e-06,9.12083e-06,8.93333e-06,7.991664e-06,1.0883331e-05
6,221,433.709,0.442,7.295831e-06,6.766661e-06,5.254165e-06,2.474992e-06,5.204161e-06,5.762497e-06,6.170829e-06,4.574998e-06,9.30833e-06,7.354164e-06,6.058327e-06,6.729166e-06,9.029166e-06,8.804162e-06,7.912493e-06,1.0820826e-05
6,222,433.852,0.444,7.299996e-06,6.704164e-06,5.249993e-06,2.433332e-06,5.187495e-06,5.72083e-06,6.162492e-06,4.570826e-06,9.262498e-06,7.28333e-06,6.01666e-06,6.649995e-06,8.974997e-06,8.808327e-06,7.916665e-06,1.075e-05
6,223,433.995,0.446,7.183329e-06,6.708328e-06,5.229163e-06,2.391664e-06,5.199997e-06,5.724994e-06,6.099995e-06,4.545832e-06,9.312495e-06,7.19583e-06,5.966663e-06,6.63333e-06,8.962496e-06,8.691661e-06,7.791662e-06,1.0666665e-05
6,224,434.138,0.448,7.220833e-06,6.674997e-06,5.224999e-06,2.362498e-06,5.270831e-06,5.72083e-06,6.070828e-06,4.520829e-06,9.224995e-06,7.1625e-06,5.920831e-06,6.549994e-06,8.874997e-06,8.695833e-06,7.683333e-06,1.0612495e-05
6,225,434.281,0.45,7.183329e-06,6.562495e-06,5.212498e-06,2.395828e-06,5.10416e-06,5.716666e-06,6.029161e-06,4.524994e-06,9.299994e-06,7.104159e-06,5.904166e-06,6.54583e-06,8.841665e-06,8.712498e-06,7.670832e-06,1.0720825e-05
6,226,434.424,0.452,7.066663e-06,6.537493e-06,5.204161e-06,2.387492e-06,5.241664e-06,5.629166e-06,5.945826e-06,4.483326e-06,9.183327e-06,7.054162e-06,5.791664e-06,6.445829e-06,8.724999e-06,8.683332e-06,7.591661e-06,1.0504166e-05
6,227,434.567,0.454,7.179165e-06,6.470831e-06,5.199997e-06,2.374999e-06,5.116661e-06,5.683327e-06,6.087494e-06,4.508328e-06,9.249997e-06,6.979164e-06,5.845833e-06,6.429163e-06,8.695833e-06,8.65833e-06,7.55833e-06,1.0383328e-05
6,228,434.71,0.456,7.133333e-06,6.516663e-06,5.174994e-06,2.374999e-06,5.116661e-06,5.612493e-06,5.949998e-06,4.479162e-06,9.195828e-06,6.949997e-06,5.791664e-06,6.379159e-06,8.649993e-06,8.620827e-06,7.474995e-06,1.0370827e-05
6,229,434.853,0.458,7.066663e-06,6.345828e-06,5.158329e-06,2.366662e-06,5.108333e-06,5.758325e-06,5.879164e-06,4.43333e-06,9.199993e-06,6.958326e-06,5.691663e-06,6.333327e-06,8.57083e-06,8.641664e-06,7.445828e-06,1.0345832e-05
6,230,434.996,0.46,6.904165e-06,6.345828e-06,5.195832e-06,2.370826e-06,5.108333e-06,5.591663e-06,5.74166e-06,4.383326e-06,9.22083e-06,6.870826e-06,5.708329e-06,6.287495e-06,8.50416e-06,8.562493e-06,7.366665e-06,1.0283327e-05
6,231,435.139,0.462,6.708328e-06,6.29166e-06,5.158329e-06,2.383327e-06,5.07083e-06,5.591663e-06,5.766662e-06,4.437494e-06,9.195828e-06,6.829158e-06,5.595827e-06,6.229162e-06,8.512497e-06,8.549992e-06,7.324998e-06,1.0224994e-05
6,232,435.282,0.464,6.862497e-06,6.199996e-06,5.149992e-06,2.316666e-06,5.087495e-06,5.570825e-06,5.683327e-06,4.34583e-06,9.195828e-06,6.779162e-06,5.591663e-06,6.20416e-06,8.408332e-06,8.579159e-06,7.212496e-06,1.0183327e-05
6,233,435.425,0.466,6.670833e-06,6.212497e-06,5.141664e-06,2.366662e-06,5.066665e-06,5.583326e-06,5.612493e-06,4.45416e-06,9.079162e-06,6.679161e-06,5.558332e-06,6.141663e-06,8.358327e-06,8.491659e-06,7.237498e-06,1.0112492e-05
6,234,435.568,0.468,6.708328e-06,6.170829e-06,5.216662e-06,2.337496e-06,5.083331e-06,5.537494e-06,5.595827e-06,4.308327e-06,9.05416e-06,6.624993e-06,5.479161e-06,6.09583e-06,8.324997e-06,8.512497e-06,7.087493e-06,1.0083326e-05
6,235,435.711,0.47,6.562495e-06,6.145827e-06,5.154165e-06,2.308329e-06,5.087495e-06,5.524993e-06,5.549995e-06,4.337493e-06,9.029166e-06,6.541665e-06,5.44583e-06,6.066664e-06,8.258326e-06,8.516661e-06,7.049998e-06,1.0004163e-05
6,236,435.854,0.472,6.512499e-06,6.066664e-06,5.199997e-06,2.34166e-06,5.074994e-06,5.541659e-06,5.470832e-06,4.358331e-06,9.008329e-06,6.504162e-06,5.391661e-06,5.954162e-06,8.158326e-06,8.479166e-06,7.033332e-06,9.912499e-06
6,237,435.997,0.474,6.529164e-06,6.045826e-06,5.183331e-06,2.337496e-06,5.062493e-06,5.53333e-06,5.44583e-06,4.333329e-06,9.045832e-06,6.524992e-06,5.354166e-06,5.958327e-06,8.137496e-06,8.437499e-06,6.962498e-06,9.908326e-06
6,238,436.141,0.476,6.558331e-06,5.99583e-06,5.183331e-06,2.337496e-06,5.074994e-06,5.53333e-06,5.441666e-06,4.362496e-06,9.033331e-06,6.47916e-06,5.383333e-06,5.862498e-06,8.116658e-06,8.433326e-06,6.858325e-06,9.754165e-06
6,239,436.284,0.478,6.387496e-06,5.945826e-06,5.174994e-06,2.349997e-06,5.129163e-06,5.520828e-06,5.395826e-06,4.341666e-06,9.008329e-06,6.362494e-06,5.27916e-06,6.01666e-06,8.04166e-06,8.420833e-06,6.774998e-06,9.829164e-06
6,240,436.427,0.48,6.245828e-06,5.895829e-06,5.208326e-06,2.287499e-06,5.033326e-06,5.470832e-06,5.308326e-06,4.34583e-06,9.004164e-06,6.341664e-06,5.254165e-06,5.820831e-06,8.012494e-06,8.387494e-06,6.770825e-06,9.679158e-06
6,241,436.57,0.482,6.191659e-06,5.816658e-06,5.204161e-06,2.345832e-06,5.108333e-06,5.55416e-06,5.312499e-06,4.324992e-06,8.987498e-06,6.283331e-06,5.17083e-06,5.774998e-06,7.899992e-06,8.408332e-06,6.66666e-06,9.654164e-06
6,242,436.713,0.484,6.137498e-06,5.783327e-06,5.249993e-06,2.295828e-06,5.099996e-06,5.441666e-06,5.254165e-06,4.337493e-06,8.983326e-06,6.233327e-06,5.19166e-06,5.716666e-06,7.841659e-06,8.445827e-06,6.670833e-06,9.587495e-06
6,243,436.856,0.486,6.133326e-06,5.708329e-06,5.316663e-06,2.295828e-06,5.10416e-06,5.504163e-06,5.17083e-06,4.36666e-06,8.93333e-06,6.199996e-06,5.158329e-06,5.699992e-06,7.812492e-06,8.399995e-06,6.574996e-06,9.50416e-06
6,244,436.999,0.488,6.09583e-06,5.670825e-06,5.208326e-06,2.295828e-06,5.149992e-06,5.499999e-06,5.249993e-06,4.312499e-06,8.979162e-06,6.141663e-06,5.116661e-06,5.645832e-06,7.749994e-06,8.370828e-06,6.591662e-06,9.462499e-06
6,245,437.142,0.49,6.041662e-06,5.649996e-06,5.299997e-06,2.308329e-06,5.091659e-06,5.512492e-06,5.129163e-06,4.333329e-06,8.93333e-06,6.083329e-06,5.108333e-06,5.629166e-06,7.704162e-06,8.283329e-06,6.537493e-06,9.39583e-06
6,246,437.285,0.492,6.020832e-06,5.658333e-06,5.237492e-06,2.304165e-06,5.133327e-06,5.491662e-06,5.116661e-06,4.316664e-06,8.924992e-06,6.049999e-06,5.058328e-06,5.629166e-06,7.620828e-06,8.270827e-06,6.45833e-06,9.399994e-06
6,247,437.428,0.494,5.895829e-06,5.579162e-06,5.245829e-06,2.274998e-06,5.124998e-06,5.504163e-06,5.066665e-06,4.299998e-06,8.883325e-06,5.954162e-06,5.041663e-06,5.562496e-06,7.583332e-06,8.22916e-06,6.349993e-06,9.275e-06
6,248,437.571,0.496,5.90833e-06,5.549995e-06,5.25833e-06,2.262497e-06,5.17083e-06,5.562496e-06,5.091659e-06,4.312499e-06,8.841665e-06,5.979165e-06,4.949999e-06,5.53333e-06,7.545829e-06,8.224996e-06,6.324999e-06,9.199993e-06
6,249,437.714,0.498,5.862498e-06,5.53333e-06,5.312499e-06,2.279162e-06,5.174994e-06,5.570825e-06,5.037498e-06,4.399999e-06,8.837494e-06,5.945826e-06,4.966664e-06,5.483325e-06,7.487496e-06,8.220832e-06,6.216661e-06,9.349998e-06
6,250,437.857,0.5,5.949998e-06,5.483325e-06,5.312499e-06,2.304165e-06,5.133327e-06,5.549995e-06,4.962492e-06,4.36666e-06,8.816663e-06,5.804165e-06,4.904159e-06,5.429165e-06,7.445828e-06,8.204166e-06,6.195831e-06,9.062497e-06
6,251,438.0,0.502,5.783327e-06,5.474997e-06,5.345829e-06,2.308329e-06,5.141664e-06,5.612493e-06,4.987494e-06,4.399999e-06,8.804162e-06,5.787492e-06,4.866663e-06,5.399998e-06,7.383331e-06,8.183329e-06,6.129162e-06,9.008329e-06
6,252,438.143,0.504,5.749996e-06,5.44583e-06,5.341665e-06,2.312493e-06,5.166666e-06,5.545831e-06,5.037498e-06,4.329165e-06,8.791661e-06,5.795829e-06,4.908331e-06,5.35833e-06,7.299996e-06,8.154162e-06,6.112496e-06,8.949995e-06
6,253,438.286,0.506,5.72083e-06,5.474997e-06,5.370831e-06,2.308329e-06,5.199997e-06,5.483325e-06,4.874993e-06,4.424993e-06,8.783332e-06,5.733331e-06,4.791665e-06,5.383333e-06,7.274993e-06,8.154162e-06,6.037497e-06,8.908328e-06
6,254,438.429,0.508,5.649996e-06,5.333328e-06,5.370831e-06,2.295828e-06,5.216662e-06,5.53333e-06,4.82916e-06,4.512493e-06,8.787497e-06,5.691663e-06,4.820832e-06,5.354166e-06,7.279165e-06,8.258326e-06,5.999994e-06,8.833329e-06
6,255,438.572,0.51,5.583326e-06,5.337492e-06,5.349994e-06,2.32083e-06,5.241664e-06,5.595827e-06,4.874993e-06,4.483326e-06,8.799998e-06,5.65416e-06,4.820832e-06,5.35833e-06,7.145826e-06,8.124995e-06,5.937497e-06,8.783332e-06
6,256,438.715,0.512,5.53333e-06,5.249993e-06,5.404162e-06,2.291664e-06,5.245829e-06,5.591663e-06,4.820832e-06,4.337493e-06,8.699997e-06,5.624994e-06,4.79583e-06,5.320827e-06,7.129161e-06,8.087492e-06,5.904166e-06,8.745829e-06
6,257,438.858,0.514,5.462496e-06,5.283332e-06,5.416663e-06,2.337496e-06,5.245829e-06,5.612493e-06,4.720831e-06,4.416665e-06,8.67916e-06,5.545831e-06,4.783328e-06,5.254165e-06,7.137497e-06,8.062498e-06,5.870827e-06,8.662494e-06
6,258,439.001,0.516,5.499999e-06,5.249993e-06,5.433329e-06,2.308329e-06,5.291661e-06,5.587498e-06,4.754162e-06,4.429166e-06,8.724999e-06,5.574997e-06,4.733332e-06,5.195832e-06,7.012494e-06,8.116658e-06,5.804165e-06,8.637492e-06
6,259,439.144,0.518,5.412499e-06,5.179159e-06,5.491662e-06,2.358325e-06,5.316663e-06,5.608328e-06,4.745825e-06,4.404164e-06,8.641664e-06,5.441666e-06,4.666662e-06,5.204161e-06,6.966663e-06,8.079163e-06,5.74166e-06,8.549992e-06
6,260,439.287,0.52,5.349994e-06,5.19166e-06,5.545831e-06,2.304165e-06,5.295825e-06,5.662497e-06,4.687492e-06,4.474998e-06,8.712498e-06,5.483325e-06,4.716659e-06,5.183331e-06,6.995829e-06,8.074999e-06,5.645832e-06,8.429161e-06
6,261,439.43,0.522,5.345829e-06,5.145828e-06,5.599999e-06,2.34166e-06,5.370831e-06,5.641659e-06,4.674999e-06,4.466661e-06,8.620827e-06,5.35833e-06,4.699993e-06,5.187495e-06,6.899993e-06,8.070827e-06,5.683327e-06,8.424998e-06
6,262,439.574,0.524,5.387497e-06,5.120826e-06,5.599999e-06,2.424995e-06,5.404162e-06,5.65416e-06,4.674999e-06,4.499992e-06,8.604161e-06,5.35833e-06,4.758326e-06,5.120826e-06,6.862497e-06,8.016666e-06,5.604164e-06,8.312496e-06
6,263,439.717,0.526,5.320827e-06,5.066665e-06,5.591663e-06,2.358325e-06,5.524993e-06,5.74166e-06,4.654161e-06,4.54166e-06,8.595832e-06,5.341665e-06,4.599992e-06,5.10416e-06,6.749995e-06,8.012494e-06,5.579162e-06,8.283329e-06
6,264,439.86,0.528,5.224999e-06,5.083331e-06,5.687499e-06,2.358325e-06,5.449994e-06,5.704164e-06,4.604165e-06,4.54166e-06,8.604161e-06,5.304162e-06,4.545832e-06,5.045827e-06,6.779162e-06,7.987499e-06,5.516664e-06,8.183329e-06
6,265,440.003,0.53,5.212498e-06,5.024997e-06,5.641659e-06,2.399993e-06,5.491662e-06,5.774998e-06,4.645832e-06,4.570826e-06,8.583331e-06,5.270831e-06,4.520829e-06,5.066665e-06,6.674997e-06,7.93333e-06,5.462496e-06,8.116658e-06
6,266,440.146,0.532,5.270831e-06,4.98333e-06,5.737495e-06,2.412494e-06,5.512492e-06,5.804165e-06,4.579163e-06,4.583327e-06,8.579159e-06,5.216662e-06,4.587499e-06,5.029162e-06,6.683326e-06,7.999993e-06,5.433329e-06,8.099993e-06
6,267,440.289,0.534,5.029162e-06,5.024997e-06,5.754161e-06,2.395828e-06,5.537494e-06,5.837496e-06,4.591664e-06,4.612494e-06,8.516661e-06,5.183331e-06,4.554161e-06,5.029162e-06,6.737494e-06,7.970826e-06,5.391661e-06,8.087492e-06
6,268,440.432,0.536,5.033326e-06,4.908331e-06,5.858326e-06,2.399993e-06,5.537494e-06,5.795829e-06,4.562497e-06,4.612494e-06,8.529162e-06,5.124998e-06,4.549996e-06,5.029162e-06,6.549994e-06,7.962497e-06,5.324991e-06,7.995828e-06
6,269,440.575,0.538,4.962492e-06,4.941662e-06,5.758325e-06,2.40833e-06,5.583326e-06,5.858326e-06,4.579163e-06,4.64166e-06,8.50416e-06,5.137499e-06,4.53333e-06,5.008332e-06,6.537493e-06,8.04166e-06,5.324991e-06,7.908328e-06
6,270,440.718,0.54,5.016661e-06,4.949999e-06,5.824995e-06,2.462498e-06,5.658333e-06,5.891665e-06,4.537495e-06,4.704165e-06,8.462493e-06,5.124998e-06,4.504164e-06,4.999995e-06,6.499998e-06,7.891663e-06,5.366659e-06,7.870825e-06
6,271,440.861,0.542,4.924997e-06,4.904159e-06,5.883328e-06,2.433332e-06,5.637495e-06,5.90833e-06,4.516665e-06,4.724996e-06,8.491659e-06,5.074994e-06,4.54166e-06,4.979165e-06,6.47916e-06,7.995828e-06,5.237492e-06,7.779161e-06
6,272,441.004,0.544,4.999995e-06,4.899995e-06,5.883328e-06,2.462498e-06,5.691663e-06,5.937497e-06,4.504164e-06,4.766663e-06,8.487495e-06,5.079166e-06,4.499992e-06,4.962492e-06,6.404161e-06,7.849995e-06,5.162493e-06,7.737493e-06
6,273,441.147,0.546,4.999995e-06,4.887494e-06,5.949998e-06,2.449997e-06,5.758325e-06,5.962499e-06,4.524994e-06,4.770827e-06,8.491659e-06,5.004159e-06,4.474998e-06,4.974993e-06,6.395833e-06,7.874997e-06,5.158329e-06,7.674996e-06
6,274,441.29,0.548,5.024997e-06,4.899995e-06,5.983329e-06,2.50833e-06,5.72083e-06,6.070828e-06,4.53333e-06,4.833333e-06,8.462493e-06,5.008332e-06,4.449995e-06,4.987494e-06,6.341664e-06,7.870825e-06,5.079166e-06,7.545829e-06
6,275,441.433,0.55,5.045827e-06,4.874993e-06,6.037497e-06,2.499994e-06,5.812494e-06,6.145827e-06,4.508328e-06,4.849998e-06,8.383329e-06,4.908331e-06,4.445831e-06,4.912496e-06,6.295832e-06,7.858332e-06,5.074994e-06,7.524999e-06
6,276,441.576,0.552,4.824996e-06,4.858327e-06,6.058327e-06,2.533332e-06,5.824995e-06,5.99583e-06,4.487499e-06,4.845826e-06,8.395831e-06,4.949999e-06,4.479162e-06,4.937498e-06,6.266665e-06,7.816664e-06,5.066665e-06,7.47083e-06
6,277,441.719,0.554,4.808331e-06,4.899995e-06,6.099995e-06,2.558327e-06,5.845833e-06,6.104159e-06,4.604165e-06,4.899995e-06,8.354164e-06,4.91666e-06,4.43333e-06,4.974993e-06,6.224998e-06,7.824993e-06,5.045827e-06,7.449993e-06
6,278,441.862,0.556,4.720831e-06,4.874993e-06,6.137498e-06,2.562499e-06,5.924996e-06,6.112496e-06,4.562497e-06,4.924997e-06,8.312496e-06,4.879165e-06,4.458332e-06,4.974993e-06,6.166665e-06,7.820829e-06,5.008332e-06,7.391659e-06
6,279,442.005,0.558,4.854162e-06,4.849998e-06,6.195831e-06,2.604159e-06,5.954162e-06,6.212497e-06,4.53333e-06,5.024997e-06,8.345826e-06,4.883329e-06,4.491663e-06,4.941662e-06,6.129162e-06,7.879162e-06,5.004159e-06,7.349992e-06
6,280,442.148,0.56,4.716659e-06,4.787493e-06,6.229162e-06,2.591666e-06,6.012495e-06,6.18333e-06,4.474998e-06,5.112497e-06,8.312496e-06,4.845826e-06,4.487499e-06,4.958328e-06,6.133326e-06,7.812492e-06,4.912496e-06,7.254163e-06
6,281,442.291,0.562,4.724996e-06,4.816659e-06,6.29166e-06,2.645826e-06,6.008331e-06,6.245828e-06,4.474998e-06,5.008332e-06,8.412496e-06,4.858327e-06,4.474998e-06,4.899995e-06,6.137498e-06,7.770833e-06,4.912496e-06,7.19583e-06
6,282,442.434,0.564,4.79583e-06,4.837497e-06,6.324999e-06,2.654163e-06,6.074993e-06,6.262493e-06,4.487499e-06,5.008332e-06,8.341662e-06,4.854162e-06,4.466661e-06,4.945827e-06,6.066664e-06,7.774996e-06,4.904159e-06,7.166664e-06
6,283,442.577,0.566,4.699993e-06,4.837497e-06,6.362494e-06,2.633325e-06,6.091658e-06,6.279159e-06,4.516665e-06,5.066665e-06,8.22916e-06,4.816659e-06,4.516665e-06,4.941662e-06,6.033325e-06,7.799999e-06,4.862499e-06,7.141662e-06
6,284,442.72,0.568,4.674999e-06,4.874993e-06,6.333327e-06,2.687494e-06,6.145827e-06,6.362494e-06,4.499992e-06,5.112497e-06,8.149997e-06,4.754162e-06,4.449995e-06,4.966664e-06,6.008331e-06,7.791662e-06,4.862499e-06,7.074992e-06
6,285,442.863,0.57,4.699993e-06,4.770827e-06,6.474996e-06,2.699995e-06,6.166665e-06,6.354165e-06,4.545832e-06,5.158329e-06,8.162498e-06,4.816659e-06,4.441659e-06,4.991658e-06,5.966663e-06,7.799999e-06,4.854162e-06,7.049998e-06
6,286,443.007,0.572,4.724996e-06,4.854162e-06,6.466659e-06,2.741663e-06,6.199996e-06,6.466659e-06,4.53333e-06,5.237492e-06,8.19583e-06,4.749998e-06,4.579163e-06,5.004159e-06,5.945826e-06,7.737493e-06,4.862499e-06,6.924995e-06
6,287,443.15,0.574,4.649997e-06,4.854162e-06,6.508326e-06,2.691658e-06,6.29166e-06,6.437492e-06,4.512493e-06,5.291661e-06,8.183329e-06,4.733332e-06,4.437494e-06,4.949999e-06,5.937497e-06,7.791662e-06,4.791665e-06,6.949997e-06
6,288,443.293,0.576,4.766663e-06,4.816659e-06,6.595826e-06,2.808333e-06,6.370831e-06,6.524992e-06,4.537495e-06,5.299997e-06,8.191665e-06,4.749998e-06,4.483326e-06,4.937498e-06,5.937497e-06,7.737493e-06,4.808331e-06,6.841659e-06
6,289,443.436,0.578,4.799994e-06,4.858327e-06,6.624993e-06,2.758328e-06,6.362494e-06,6.529164e-06,4.537495e-06,5.320827e-06,8.170828e-06,4.758326e-06,4.499992e-06,4.987494e-06,5.899994e-06,7.695826e-06,4.799994e-06,6.854161e-06
6,290,443.579,0.58,4.591664e-06,4.79583e-06,6.63333e-06,2.799996e-06,6.454166e-06,6.579161e-06,4.554161e-06,5.366659e-06,8.166663e-06,4.712494e-06,4.520829e-06,4.974993e-06,5.866663e-06,7.76666e-06,4.799994e-06,6.762496e-06
6,291,443.722,0.582,4.629159e-06,4.82916e-06,6.804164e-06,2.87083e-06,6.45833e-06,6.629165e-06,4.566662e-06,5.37916e-06,8.099993e-06,4.733332e-06,4.53333e-06,4.91666e-06,5.874999e-06,7.837494e-06,4.770827e-06,6.695827e-06
6,292,443.865,0.584,4.566662e-06,4.82916e-06,6.816666e-06,2.845828e-06,6.462495e-06,6.654159e-06,4.562497e-06,5.437493e-06,8.099993e-06,4.72916e-06,4.554161e-06,4.974993e-06,5.833332e-06,7.733329e-06,4.754162e-06,6.695827e-06
6,293,444.008,0.586,4.570826e-06,4.887494e-06,6.75416e-06,2.908325e-06,6.537493e-06,6.716665e-06,4.645832e-06,5.491662e-06,8.145825e-06,4.733332e-06,4.579163e-06,4.999995e-06,5.762497e-06,7.808328e-06,4.804158e-06,6.629165e-06
6,294,444.151,0.588,4.562497e-06,4.837497e-06,6.804164e-06,2.970831e-06,6.612492e-06,6.75416e-06,4.633331e-06,5.574997e-06,8.087492e-06,4.70833e-06,4.558333e-06,5.054164e-06,5.712493e-06,7.724992e-06,4.774992e-06,6.533329e-06
6,295,444.294,0.59,4.545832e-06,4.920832e-06,6.837495e-06,2.895832e-06,6.645831e-06,6.779162e-06,4.695829e-06,5.55416e-06,8.04166e-06,4.720831e-06,4.570826e-06,5.062493e-06,5.733331e-06,7.654166e-06,4.724996e-06,6.491661e-06
6,296,444.437,0.592,4.595828e-06,4.891666e-06,6.8875e-06,2.883331e-06,6.704164e-06,6.824994e-06,4.683327e-06,5.599999e-06,7.999993e-06,4.72916e-06,4.591664e-06,5.062493e-06,5.687499e-06,7.687497e-06,4.745825e-06,6.441664e-06
6,297,444.58,0.594,4.712494e-06,4.899995e-06,6.962498e-06,2.883331e-06,6.808329e-06,6.841659e-06,4.666662e-06,5.645832e-06,7.995828e-06,4.658325e-06,4.608329e-06,5.120826e-06,5.691663e-06,7.720828e-06,4.720831e-06,6.408326e-06
6,298,444.723,0.596,4.633331e-06,4.933325e-06,7.020831e-06,2.979159e-06,6.712492e-06,6.891664e-06,4.699993e-06,5.695828e-06,8.045832e-06,4.72916e-06,4.637496e-06,5.083331e-06,5.65416e-06,7.720828e-06,4.687492e-06,6.324999e-06
6,299,444.866,0.598,4.662498e-06,4.941662e-06,7.087493e-06,2.979159e-06,6.766661e-06,6.958326e-06,4.758326e-06,5.729159e-06,7.995828e-06,4.741661e-06,4.645832e-06,5.133327e-06,5.629166e-06,7.724992e-06,4.724996e-06,6.308325e-06
6,300,445.009,0.6,4.758326e-06,4.945827e-06,7.108331e-06,3.012498e-06,6.799992e-06,7.024995e-06,4.720831e-06,5.766662e-06,7.979163e-06,4.770827e-06,4.662498e-06,5.158329e-06,5.645832e-06,7.716663e-06,4.745825e-06,6.245828e-06
6,301,445.152,0.602,4.741661e-06,5.091659e-06,7.170828e-06,3.037492e-06,6.849996e-06,6.983328e-06,4.754162e-06,5.862498e-06,7.970826e-06,4.779164e-06,4.704165e-06,5.149992e-06,5.587498e-06,7.708327e-06,4.733332e-06,6.199996e-06
6,302,445.295,0.604,4.624995e-06,5.012496e-06,7.212496e-06,3.041665e-06,6.912494e-06,7.091665e-06,4.741661e-06,5.812494e-06,8.004165e-06,4.758326e-06,4.704165e-06,5.158329e-06,5.562496e-06,7.683333e-06,4.741661e-06,6.191659e-06
6,303,445.438,0.606,4.616666e-06,5.012496e-06,7.212496e-06,3.074996e-06,6.966663e-06,7.087493e-06,4.866663e-06,5.916659e-06,7.937495e-06,4.762499e-06,4.704165e-06,5.212498e-06,5.699992e-06,7.683333e-06,4.766663e-06,6.149999e-06
6,304,445.581,0.608,4.633331e-06,4.974993e-06,7.316661e-06,3.066659e-06,7.012494e-06,7.133333e-06,4.812495e-06,5.90833e-06,7.991664e-06,4.766663e-06,4.712494e-06,5.179159e-06,5.587498e-06,7.699999e-06,4.72916e-06,6.124997e-06
6,305,445.724,0.61,4.679163e-06,5.174994e-06,7.345827e-06,3.104162e-06,7.062499e-06,7.179165e-06,4.845826e-06,5.966663e-06,7.954161e-06,4.79583e-06,4.833333e-06,5.245829e-06,5.462496e-06,7.74583e-06,4.749998e-06,6.087494e-06
6,306,445.867,0.612,4.637496e-06,5.037498e-06,7.458329e-06,3.104162e-06,7.091665e-06,7.237498e-06,4.89583e-06,5.99583e-06,7.966662e-06,4.787493e-06,4.816659e-06,5.320827e-06,5.541659e-06,7.737493e-06,4.758326e-06,6.054163e-06
6,307,446.01,0.614,4.637496e-06,5.10416e-06,7.412497e-06,3.170832e-06,7.170828e-06,7.279165e-06,4.91666e-06,6.083329e-06,7.866661e-06,4.816659e-06,4.787493e-06,5.324991e-06,5.566661e-06,7.720828e-06,4.787493e-06,5.999994e-06
6,308,446.153,0.616,4.670826e-06,5.158329e-06,7.424998e-06,3.183325e-06,7.212496e-06,7.324998e-06,4.933325e-06,6.108331e-06,7.845831e-06,4.82916e-06,4.870828e-06,5.283332e-06,5.499999e-06,7.670832e-06,4.774992e-06,5.970828e-06
6,309,446.296,0.618,4.712494e-06,5.195832e-06,7.55833e-06,3.204163e-06,7.254163e-06,7.354164e-06,4.987494e-06,6.162492e-06,7.83333e-06,4.799994e-06,4.862499e-06,5.374996e-06,5.491662e-06,7.749994e-06,4.799994e-06,5.937497e-06
6,310,446.439,0.62,4.737497e-06,5.187495e-06,7.587496e-06,3.199998e-06,7.287495e-06,7.374994e-06,4.995831e-06,6.18333e-06,7.808328e-06,4.808331e-06,4.920832e-06,5.37916e-06,5.491662e-06,7.733329e-06,4.816659e-06,5.84166e-06
6,311,446.583,0.622,4.849998e-06,5.237492e-06,7.674996e-06,3.295827e-06,7.333326e-06,7.441664e-06,5.024997e-06,6.237499e-06,7.820829e-06,4.862499e-06,5.041663e-06,5.399998e-06,5.404162e-06,7.720828e-06,4.79583e-06,5.849997e-06
6,312,446.726,0.624,4.891666e-06,5.254165e-06,7.7125e-06,3.291663e-06,7.358328e-06,7.47083e-06,5.091659e-06,6.27083e-06,7.824993e-06,4.858327e-06,4.91666e-06,5.420828e-06,5.491662e-06,7.695826e-06,4.841661e-06,5.829159e-06
6,313,446.869,0.626,4.912496e-06,5.25833e-06,7.774996e-06,3.295827e-06,7.458329e-06,7.512498e-06,5.07083e-06,6.362494e-06,7.779161e-06,4.920832e-06,4.954163e-06,5.46666e-06,5.424992e-06,7.754159e-06,4.858327e-06,5.799993e-06
6,314,447.012,0.628,4.766663e-06,5.308326e-06,7.787497e-06,3.345831e-06,7.466666e-06,7.545829e-06,5.179159e-06,6.420827e-06,7.808328e-06,4.920832e-06,4.995831e-06,5.470832e-06,5.412499e-06,7.704162e-06,4.883329e-06,5.712493e-06
6,315,447.155,0.63,4.783328e-06,5.349994e-06,7.904164e-06,3.399992e-06,7.516662e-06,7.683333e-06,5.220827e-06,6.412498e-06,7.733329e-06,4.941662e-06,5.045827e-06,5.479161e-06,5.437493e-06,7.729165e-06,4.920832e-06,5.662497e-06
6,316,447.298,0.632,4.824996e-06,5.333328e-06,8.02083e-06,3.404164e-06,7.537492e-06,7.662495e-06,5.19166e-06,6.495825e-06,7.741666e-06,4.970829e-06,5.074994e-06,5.549995e-06,5.404162e-06,7.762495e-06,4.949999e-06,5.729159e-06
6,317,447.441,0.634,4.779164e-06,5.395826e-06,7.916665e-06,3.458325e-06,7.620828e-06,7.7125e-06,5.262494e-06,6.541665e-06,7.741666e-06,4.966664e-06,5.112497e-06,5.591663e-06,5.304162e-06,7.754159e-06,4.933325e-06,5.641659e-06
6,318,447.584,0.636,4.899995e-06,5.391661e-06,8.004165e-06,3.491664e-06,7.654166e-06,7.716663e-06,5.270831e-06,6.608327e-06,7.683333e-06,5.054164e-06,5.145828e-06,5.641659e-06,5.337492e-06,7.724992e-06,5.016661e-06,5.629166e-06
6,319,447.727,0.638,4.920832e-06,5.433329e-06,8.012494e-06,3.512494e-06,7.683333e-06,7.799999e-06,5.333328e-06,6.56666e-06,7.724992e-06,5.049992e-06,5.17083e-06,5.662497e-06,5.354166e-06,7.76666e-06,5.029162e-06,5.541659e-06
6,320,447.87,0.64,4.970829e-06,5.537494e-06,8.070827e-06,3.537496e-06,7.799999e-06,7.862496e-06,5.299997e-06,6.641666e-06,7.708327e-06,5.07083e-06,5.208326e-06,5.691663e-06,5.399998e-06,7.716663e-06,4.966664e-06,5.537494e-06
6,321,448.013,0.642,5.016661e-06,5.524993e-06,8.154162e-06,3.508329e-06,7.783326e-06,7.916665e-06,5.433329e-06,6.758332e-06,7.662495e-06,5.108333e-06,5.224999e-06,5.749996e-06,5.366659e-06,7.787497e-06,5.020825e-06,5.595827e-06
6,322,448.156,0.644,4.98333e-06,5.574997e-06,8.149997e-06,3.504165e-06,7.862496e-06,7.945831e-06,5.429165e-06,6.749995e-06,7.691661e-06,5.091659e-06,5.287496e-06,5.779163e-06,5.345829e-06,7.808328e-06,5.037498e-06,5.449994e-06
6,323,448.299,0.646,5.099996e-06,5.595827e-06,8.249998e-06,3.549997e-06,7.824993e-06,7.908328e-06,5.449994e-06,6.758332e-06,7.654166e-06,5.195832e-06,5.262494e-06,5.812494e-06,5.35833e-06,7.799999e-06,5.079166e-06,5.462496e-06
6,324,448.442,0.648,5.079166e-06,5.683327e-06,8.279165e-06,3.570827e-06,7.929166e-06,8.10833e-06,5.574997e-06,6.824994e-06,7.658331e-06,5.145828e-06,5.399998e-06,5.854161e-06,5.354166e-06,7.812492e-06,5.145828e-06,5.391661e-06
6,325,448.585,0.65,5.133327e-06,5.708329e-06,8.308331e-06,3.62916e-06,7.929166e-06,7.979163e-06,5.599999e-06,6.866662e-06,7.604162e-06,5.212498e-06,5.383333e-06,5.883328e-06,5.283332e-06,7.791662e-06,5.124998e-06,5.395826e-06
6,326,448.728,0.652,5.233328e-06,5.754161e-06,8.391658e-06,3.658326e-06,8.02083e-06,8.112494e-06,5.674998e-06,6.962498e-06,7.641665e-06,5.204161e-06,5.374996e-06,5.912495e-06,5.312499e-06,7.812492e-06,5.204161e-06,5.395826e-06
6,327,448.871,0.654,5.087495e-06,5.787492e-06,8.433326e-06,3.666663e-06,8.004165e-06,8.087492e-06,5.579162e-06,7.062499e-06,7.595825e-06,5.270831e-06,5.449994e-06,5.899994e-06,5.333328e-06,7.83333e-06,5.204161e-06,5.349994e-06
6,328,449.014,0.656,5.224999e-06,5.791664e-06,8.541663e-06,3.687493e-06,8.104165e-06,8.149997e-06,5.624994e-06,7.083328e-06,7.599997e-06,5.345829e-06,5.449994e-06,5.999994e-06,5.349994e-06,7.862496e-06,5.241664e-06,5.329164e-06
6,329,449.157,0.658,5.17083e-06,5.883328e-06,8.516661e-06,3.712495e-06,8.099993e-06,8.191665e-06,5.641659e-06,7.02916e-06,7.616663e-06,5.329164e-06,5.499999e-06,5.962499e-06,5.362495e-06,7.83333e-06,5.25833e-06,5.312499e-06
6,330,449.3,0.66,5.383333e-06,5.920831e-06,8.574994e-06,3.758327e-06,8.179164e-06,8.270827e-06,5.716666e-06,7.083328e-06,7.512498e-06,5.404162e-06,5.562496e-06,6.070828e-06,5.304162e-06,7.887498e-06,5.329164e-06,5.324991e-06
6,331,449.443,0.662,5.287496e-06,5.858326e-06,8.645829e-06,3.783329e-06,8.233333e-06,8.270827e-06,5.762497e-06,7.104159e-06,7.499997e-06,5.529165e-06,5.595827e-06,6.108331e-06,5.283332e-06,7.85416e-06,5.349994e-06,5.316663e-06
6,332,449.586,0.664,5.324991e-06,6.004159e-06,8.716663e-06,3.799995e-06,8.270827e-06,8.304159e-06,5.795829e-06,7.208331e-06,7.487496e-06,5.429165e-06,5.63333e-06,6.212497e-06,5.304162e-06,7.866661e-06,5.416663e-06,5.270831e-06
6,333,449.729,0.666,5.487498e-06,6.012495e-06,8.704162e-06,3.820833e-06,8.287493e-06,8.349999e-06,5.862498e-06,7.258328e-06,7.466666e-06,5.46666e-06,5.704164e-06,6.149999e-06,5.27916e-06,7.849995e-06,5.454159e-06,5.241664e-06
6,334,449.872,0.668,5.424992e-06,6.083329e-06,8.833329e-06,3.858328e-06,8.366665e-06,8.429161e-06,5.920831e-06,7.30416e-06,7.437499e-06,5.499999e-06,5.849997e-06,6.20416e-06,5.324991e-06,7.912493e-06,5.495826e-06,5.245829e-06
6,335,450.016,0.67,5.579162e-06,6.083329e-06,8.84583e-06,3.924998e-06,8.329161e-06,8.441662e-06,5.962499e-06,7.341663e-06,7.458329e-06,5.541659e-06,5.829159e-06,6.262493e-06,5.27916e-06,7.924994e-06,5.537494e-06,5.179159e-06
6,336,450.159,0.672,5.474997e-06,6.141663e-06,8.887498e-06,3.945827e-06,8.445827e-06,8.474994e-06,5.949998e-06,7.412497e-06,7.466666e-06,5.620829e-06,5.783327e-06,6.258329e-06,5.341665e-06,7.924994e-06,5.574997e-06,5.174994e-06
6,337,450.302,0.674,5.479161e-06,6.195831e-06,8.916664e-06,3.958329e-06,8.408332e-06,8.529162e-06,5.999994e-06,7.479159e-06,7.424998e-06,5.649996e-06,5.74166e-06,6.337492e-06,5.27916e-06,7.945831e-06,5.55416e-06,5.129163e-06
6,338,450.445,0.676,5.537494e-06,6.199996e-06,8.991663e-06,3.966665e-06,8.554164e-06,8.554164e-06,6.09583e-06,7.487496e-06,7.449993e-06,5.679162e-06,5.883328e-06,6.366666e-06,5.295825e-06,7.949996e-06,5.637495e-06,5.158329e-06
6,339,450.588,0.678,5.662497e-06,6.279159e-06,9.041659e-06,4.037492e-06,8.533327e-06,8.545828e-06,6.083329e-06,7.541664e-06,7.412497e-06,5.716666e-06,5.883328e-06,6.424999e-06,5.362495e-06,7.987499e-06,5.629166e-06,5.17083e-06
6,340,450.731,0.68,5.670825e-06,6.27083e-06,9.112493e-06,4.016661e-06,8.616662e-06,8.629163e-06,6.212497e-06,7.583332e-06,7.424998e-06,5.754161e-06,5.941661e-06,6.437492e-06,5.283332e-06,8.012494e-06,5.695828e-06,5.204161e-06
6,341,450.874,0.682,5.666661e-06,6.345828e-06,9.124994e-06,4.029163e-06,8.645829e-06,8.708326e-06,6.249992e-06,7.599997e-06,7.424998e-06,5.774998e-06,6.012495e-06,6.499998e-06,5.270831e-06,8.074999e-06,5.74166e-06,5.166666e-06
6,342,451.017,0.684,5.729159e-06,6.379159e-06,9.266662e-06,4.129163e-06,8.670831e-06,8.774996e-06,6.220826e-06,7.666659e-06,7.37083e-06,5.870827e-06,6.045826e-06,6.591662e-06,5.270831e-06,7.962497e-06,5.795829e-06,5.179159e-06
6,343,451.16,0.686,5.795829e-06,6.429163e-06,9.195828e-06,4.058329e-06,8.683332e-06,8.75833e-06,6.283331e-06,7.699999e-06,7.333326e-06,5.845833e-06,6.079165e-06,6.591662e-06,5.295825e-06,8.058326e-06,6.008331e-06,5.129163e-06
6,344,451.303,0.688,5.866663e-06,6.474996e-06,9.237496e-06,4.212499e-06,8.833329e-06,8.808327e-06,6.341664e-06,7.816664e-06,7.324998e-06,5.941661e-06,6.112496e-06,6.658332e-06,5.291661e-06,7.999993e-06,5.945826e-06,5.099996e-06
6,345,451.446,0.69,5.899994e-06,6.537493e-06,9.245833e-06,4.162494e-06,8.895826e-06,8.841665e-06,6.374995e-06,7.795827e-06,7.366665e-06,5.966663e-06,6.133326e-06,6.679161e-06,5.312499e-06,8.016666e-06,5.887493e-06,5.108333e-06
6,346,451.589,0.692,6.033325e-06,6.579161e-06,9.349998e-06,4.258331e-06,8.833329e-06,8.837494e-06,6.441664e-06,7.895827e-06,7.337499e-06,5.966663e-06,6.20416e-06,6.749995e-06,5.299997e-06,8.029159e-06,5.999994e-06,5.141664e-06
6,347,451.732,0.694,5.941661e-06,6.645831e-06,9.429161e-06,4.183332e-06,8.999999e-06,8.96666e-06,6.491661e-06,7.916665e-06,7.270829e-06,6.070828e-06,6.208332e-06,6.766661e-06,5.287496e-06,8.049997e-06,5.987493e-06,5.074994e-06
6,348,451.875,0.696,6.199996e-06,6.670833e-06,9.429161e-06,4.224992e-06,8.849995e-06,8.920829e-06,6.541665e-06,7.970826e-06,7.279165e-06,6.120833e-06,6.266665e-06,6.824994e-06,5.308326e-06,8.058326e-06,6.070828e-06,5.004159e-06
6,349,452.018,0.698,6.033325e-06,6.720829e-06,9.458327e-06,4.27916e-06,8.949995e-06,8.93333e-06,6.499998e-06,8.033331e-06,7.274993e-06,6.149999e-06,6.341664e-06,6.841659e-06,5.299997e-06,8.070827e-06,6.116661e-06,5.041663e-06
6,350,452.161,0.7,6.166665e-06,6.833331e-06,9.533326e-06,4.283325e-06,9.004164e-06,9.029166e-06,6.587497e-06,8.012494e-06,7.30416e-06,6.20416e-06,6.379159e-06,6.929159e-06,5.308326e-06,8.062498e-06,6.158328e-06,5.054164e-06
6,351,452.304,0.702,6.09583e-06,6.833331e-06,9.60416e-06,4.329165e-06,9.041659e-06,8.983326e-06,6.683326e-06,8.120831e-06,7.279165e-06,6.241663e-06,6.345828e-06,6.945832e-06,5.341665e-06,8.074999e-06,6.20416e-06,5.049992e-06
6,352,452.447,0.704,6.337492e-06,6.849996e-06,9.620825e-06,4.312499e-06,9.066661e-06,9.083326e-06,6.649995e-06,8.091664e-06,7.312497e-06,6.283331e-06,6.429163e-06,6.995829e-06,5.270831e-06,8.066662e-06,6.20416e-06,5.095832e-06
6,353,452.59,0.706,6.379159e-06,6.908329e-06,9.654164e-06,4.362496e-06,9.091664e-06,9.124994e-06,6.745831e-06,8.245825e-06,7.316661e-06,6.362494e-06,6.54583e-06,7.041661e-06,5.337492e-06,8.112494e-06,6.304161e-06,5.087495e-06
6,354,452.733,0.708,6.29166e-06,6.958326e-06,9.712498e-06,4.358331e-06,9.091664e-06,9.158325e-06,6.724993e-06,8.174999e-06,7.362493e-06,6.358329e-06,6.504162e-06,7.041661e-06,5.341665e-06,8.120831e-06,6.308325e-06,5.083331e-06
6,355,452.876,0.71,6.404161e-06,7.079164e-06,9.7375e-06,4.379161e-06,9.166662e-06,9.187492e-06,6.808329e-06,8.220832e-06,7.266664e-06,6.574996e-06,6.629165e-06,7.095829e-06,5.366659e-06,8.12916e-06,6.354165e-06,5.108333e-06
6,356,453.019,0.712,6.358329e-06,7.02916e-06,9.787496e-06,4.412492e-06,9.224995e-06,9.216667e-06,6.837495e-06,8.274992e-06,7.179165e-06,6.524992e-06,6.629165e-06,7.187494e-06,5.329164e-06,8.199993e-06,6.412498e-06,5.095832e-06
6,357,453.162,0.714,6.45833e-06,7.02916e-06,9.912499e-06,4.474998e-06,9.262498e-06,9.249997e-06,6.924995e-06,8.299994e-06,7.241662e-06,6.583325e-06,6.679161e-06,7.199995e-06,5.354166e-06,8.120831e-06,6.483333e-06,5.108333e-06
6,358,453.305,0.716,6.520828e-06,7.129161e-06,9.837492e-06,4.516665e-06,9.295829e-06,9.279163e-06,6.933331e-06,8.391658e-06,7.179165e-06,6.570832e-06,6.63333e-06,7.237498e-06,5.366659e-06,8.19583e-06,6.529164e-06,5.074994e-06
6,359,453.449,0.718,6.541665e-06,7.179165e-06,9.945829e-06,4.529158e-06,9.245833e-06,9.312495e-06,6.991665e-06,8.395831e-06,7.183329e-06,6.604163e-06,6.874998e-06,7.258328e-06,5.412499e-06,8.199993e-06,6.599998e-06,5.158329e-06
6,360,453.592,0.72,6.624993e-06,7.291659e-06,9.983333e-06,4.491663e-06,9.408331e-06,9.333332e-06,7.020831e-06,8.470829e-06,7.187494e-06,6.745831e-06,6.749995e-06,7.362493e-06,5.391661e-06,8.204166e-06,6.637494e-06,5.145828e-06
6,361,453.735,0.722,6.808329e-06,7.262492e-06,1.0024993e-05,4.604165e-06,9.370828e-06,9.420832e-06,7.058326e-06,8.524998e-06,7.170828e-06,6.712492e-06,6.762496e-06,7.508326e-06,5.366659e-06,8.262499e-06,6.670833e-06,5.137499e-06
6,362,453.878,0.724,6.649995e-06,7.308332e-06,1.0054159e-05,4.570826e-06,9.474993e-06,9.41666e-06,7.108331e-06,8.533327e-06,7.149999e-06,6.73333e-06,6.854161e-06,7.416661e-06,5.449994e-06,8.179164e-06,6.683326e-06,5.179159e-06
6,363,454.021,0.726,6.858325e-06,7.354164e-06,1.0091662e-05,4.624995e-06,9.462499e-06,9.466664e-06,7.145826e-06,8.637492e-06,7.129161e-06,6.783327e-06,6.929159e-06,7.358328e-06,5.383333e-06,8.249998e-06,6.774998e-06,5.145828e-06
6,364,454.164,0.728,6.720829e-06,7.40416e-06,1.0266662e-05,4.64166e-06,9.49583e-06,9.445826e-06,7.204159e-06,8.687496e-06,7.129161e-06,6.858325e-06,6.954161e-06,7.412497e-06,5.374996e-06,8.329161e-06,6.82083e-06,5.224999e-06
6,365,454.307,0.73,6.804164e-06,7.412497e-06,1.032083e-05,4.695829e-06,9.524997e-06,9.587495e-06,7.262492e-06,8.654165e-06,7.21666e-06,6.908329e-06,6.987492e-06,7.483332e-06,5.408327e-06,8.262499e-06,6.908329e-06,5.141664e-06
6,366,454.45,0.732,6.883327e-06,7.408333e-06,1.0345832e-05,4.666662e-06,9.562493e-06,9.591659e-06,7.366665e-06,8.699997e-06,7.074992e-06,6.958326e-06,7.054162e-06,7.545829e-06,5.387497e-06,8.283329e-06,6.970827e-06,5.187495e-06
6,367,454.593,0.734,6.958326e-06,7.495833e-06,1.0266662e-05,4.787493e-06,9.629162e-06,9.60416e-06,7.391659e-06,8.724999e-06,7.095829e-06,6.995829e-06,7.108331e-06,7.587496e-06,5.44583e-06,8.287493e-06,6.954161e-06,5.224999e-06
6,368,454.736,0.736,6.991665e-06,7.554166e-06,1.0362498e-05,4.766663e-06,9.662493e-06,9.658329e-06,7.358328e-06,8.762495e-06,7.049998e-06,7.158327e-06,7.104159e-06,7.633328e-06,5.44583e-06,8.274992e-06,7.016659e-06,5.249993e-06
6,369,454.879,0.738,7.141662e-06,7.591661e-06,1.0395829e-05,4.72916e-06,9.729163e-06,9.658329e-06,7.458329e-06,8.849995e-06,7.112495e-06,7.120832e-06,7.179165e-06,7.674996e-06,5.483325e-06,8.445827e-06,7.058326e-06,5.216662e-06
6,370,455.022,0.74,7.237498e-06,7.637493e-06,1.0399994e-05,4.712494e-06,9.687496e-06,9.787496e-06,7.49166e-06,8.899999e-06,7.108331e-06,7.141662e-06,7.204159e-06,7.708327e-06,5.491662e-06,8.324997e-06,7.062499e-06,5.274995e-06
6,371,455.165,0.742,7.149999e-06,7.691661e-06,1.0462499e-05,4.808331e-06,9.783332e-06,9.849993e-06,7.541664e-06,8.949995e-06,7.079164e-06,7.245827e-06,7.270829e-06,7.76666e-06,5.504163e-06,8.374993e-06,7.174993e-06,5.254165e-06
6,372,455.308,0.744,7.179165e-06,7.741666e-06,1.052916e-05,4.841661e-06,9.79166e-06,9.724999e-06,7.620828e-06,8.974997e-06,7.049998e-06,7.254163e-06,7.28333e-06,7.74583e-06,5.529165e-06,8.358327e-06,7.21666e-06,5.224999e-06
6,373,455.451,0.746,7.258328e-06,7.83333e-06,1.0579165e-05,4.883329e-06,9.808326e-06,9.808326e-06,7.599997e-06,9.029166e-06,7.004166e-06,7.30416e-06,7.408333e-06,7.845831e-06,5.537494e-06,8.383329e-06,7.30416e-06,5.295825e-06
6,374,455.594,0.748,7.412497e-06,7.816664e-06,1.0612495e-05,4.899995e-06,9.816663e-06,9.849993e-06,7.699999e-06,9.079162e-06,7.020831e-06,7.354164e-06,7.383331e-06,7.862496e-06,5.579162e-06,8.387494e-06,7.316661e-06,5.320827e-06
6,375,455.737,0.75,7.316661e-06,7.820829e-06,1.0633325e-05,4.941662e-06,9.862494e-06,9.870831e-06,7.699999e-06,9.149996e-06,6.995829e-06,7.362493e-06,7.47083e-06,7.904164e-06,5.587498e-06,8.454163e-06,7.40416e-06,5.345829e-06
6,376,455.88,0.752,7.458329e-06,7.945831e-06,1.0741663e-05,4.945827e-06,9.87916e-06,9.916663e-06,7.737493e-06,9.145832e-06,7.02916e-06,7.474995e-06,7.483332e-06,7.904164e-06,5.604164e-06,8.412496e-06,7.391659e-06,5.387497e-06
6,377,456.023,0.754,7.449993e-06,8.02083e-06,1.075e-05,4.970829e-06,9.895825e-06,9.941666e-06,7.891663e-06,9.295829e-06,7.062499e-06,7.520827e-06,7.587496e-06,7.999993e-06,5.624994e-06,8.433326e-06,7.499997e-06,5.408327e-06
6,378,456.166,0.756,7.504161e-06,8.008329e-06,1.0774994e-05,5.016661e-06,9.924992e-06,9.999999e-06,7.795827e-06,9.224995e-06,7.083328e-06,7.57916e-06,7.537492e-06,8.029159e-06,5.566661e-06,8.458328e-06,7.541664e-06,5.412499e-06
6,379,456.309,0.758,7.504161e-06,8.070827e-06,1.0820826e-05,5.029162e-06,9.991661e-06,9.974996e-06,7.879162e-06,9.254161e-06,7.074992e-06,7.566658e-06,7.608326e-06,8.066662e-06,5.699992e-06,8.479166e-06,7.566658e-06,5.433329e-06
6,380,456.452,0.76,7.604162e-06,8.137496e-06,1.0904161e-05,5.037498e-06,1.0024993e-05,1.0058331e-05,7.920829e-06,9.299994e-06,6.92083e-06,7.779161e-06,7.633328e-06,8.099993e-06,5.724994e-06,8.495832e-06,7.641665e-06,5.537494e-06
6,381,456.595,0.762,7.620828e-06,8.166663e-06,1.0916662e-05,5.079166e-06,1.0079161e-05,1.006666e-05,7.945831e-06,9.341661e-06,7.016659e-06,7.729165e-06,7.67916e-06,8.199993e-06,5.724994e-06,8.520826e-06,7.641665e-06,5.53333e-06
6,382,456.738,0.764,7.724992e-06,8.183329e-06,1.1004162e-05,5.10416e-06,1.0070833e-05,1.0124993e-05,7.991664e-06,9.404159e-06,6.970827e-06,7.729165e-06,7.858332e-06,8.170828e-06,5.754161e-06,8.512497e-06,7.733329e-06,5.495826e-06
6,383,456.881,0.766,7.962497e-06,8.191665e-06,1.0999997e-05,5.137499e-06,1.0104163e-05,1.0170826e-05,8.02083e-06,9.449998e-06,6.916666e-06,7.729165e-06,7.874997e-06,8.233333e-06,5.695828e-06,8.512497e-06,7.749994e-06,5.541659e-06
6,384,457.025,0.768,7.816664e-06,8.31666e-06,1.1058331e-05,5.129163e-06,1.0170826e-05,1.0183327e-05,8.133332e-06,9.479165e-06,6.962498e-06,7.770833e-06,7.774996e-06,8.266664e-06,5.774998e-06,8.524998e-06,7.837494e-06,5.629166e-06
6,385,457.168,0.77,8.058326e-06,8.304159e-06,1.1091662e-05,5.137499e-06,1.022083e-05,1.0249996e-05,8.266664e-06,9.541663e-06,6.924995e-06,7.849995e-06,7.799999e-06,8.470829e-06,5.791664e-06,8.533327e-06,7.862496e-06,5.599999e-06
6,386,457.311,0.772,7.949996e-06,8.354164e-06,1.1074996e-05,5.229163e-06,1.0137494e-05,1.0262497e-05,8.149997e-06,9.58333e-06,6.924995e-06,7.929166e-06,7.916665e-06,8.320832e-06,5.787492e-06,8.616662e-06,7.891663e-06,5.658333e-06
6,387,457.454,0.774,7.899992e-06,8.362492e-06,1.1116664e-05,5.262494e-06,1.0229166e-05,1.0279163e-05,8.191665e-06,9.662493e-06,6.895828e-06,7.958332e-06,7.93333e-06,8.291666e-06,5.899994e-06,8.624998e-06,7.979163e-06,5.649996e-06
6,388,457.597,0.776,8.024995e-06,8.41666e-06,1.1374998e-05,5.224999e-06,1.0258333e-05,1.0304165e-05,8.220832e-06,9.762493e-06,6.883327e-06,8.012494e-06,7.983327e-06,8.387494e-06,5.84166e-06,8.67916e-06,8.04166e-06,5.716666e-06
6,389,457.74,0.778,7.987499e-06,8.429161e-06,1.1312492e-05,5.270831e-06,1.0341661e-05,1.0345832e-05,8.291666e-06,9.654164e-06,6.912494e-06,8.049997e-06,8.024995e-06,8.387494e-06,5.883328e-06,8.67916e-06,8.087492e-06,5.749996e-06
6,390,457.883,0.78,8.074999e-06,8.433326e-06,1.1249996e-05,5.291661e-06,1.0358325e-05,1.0379164e-05,8.391658e-06,9.741664e-06,6.904165e-06,8.120831e-06,8.066662e-06,8.474994e-06,5.845833e-06,8.67916e-06,8.120831e-06,5.791664e-06
6,391,458.026,0.782,8.166663e-06,8.487495e-06,1.1337494e-05,5.370831e-06,1.0374999e-05,1.0387492e-05,8.345826e-06,9.745829e-06,6.904165e-06,8.141661e-06,8.070827e-06,8.491659e-06,5.912495e-06,8.616662e-06,8.208331e-06,5.804165e-06
6,392,458.169,0.784,8.224996e-06,8.558329e-06,1.1349996e-05,5.374996e-06,1.040833e-05,1.0454162e-05,8.379166e-06,9.824999e-06,6.841659e-06,8.22916e-06,8.104165e-06,8.558329e-06,5.949998e-06,8.624998e-06,8.362492e-06,5.891665e-06
6,393,458.312,0.786,8.254163e-06,8.579159e-06,1.1379162e-05,5.399998e-06,1.040833e-05,1.0395829e-05,8.441662e-06,9.899998e-06,6.858325e-06,8.258326e-06,8.204166e-06,8.549992e-06,5.987493e-06,8.662494e-06,8.433326e-06,5.837496e-06
6,394,458.455,0.788,8.358327e-06,8.654165e-06,1.1424994e-05,5.370831e-06,1.0412495e-05,1.0462499e-05,8.479166e-06,9.916663e-06,6.808329e-06,8.291666e-06,8.216659e-06,8.633328e-06,6.024996e-06,8.65833e-06,8.274992e-06,5.866663e-06
6,395,458.598,0.79,8.583331e-06,8.67916e-06,1.1483327e-05,5.395826e-06,1.0524996e-05,1.0537497e-05,8.545828e-06,9.937493e-06,6.812493e-06,8.395831e-06,8.245825e-06,8.674995e-06,6.033325e-06,8.704162e-06,8.333325e-06,5.912495e-06
6,396,458.741,0.792,8.437499e-06,8.754166e-06,1.1541661e-05,5.424992e-06,1.0470828e-05,1.0649999e-05,8.616662e-06,9.941666e-06,6.858325e-06,8.445827e-06,8.333325e-06,8.716663e-06,6.058327e-06,8.704162e-06,8.366665e-06,5.933332e-06
6,397,458.884,0.794,8.549992e-06,8.754166e-06,1.1558326e-05,5.46666e-06,1.0541661e-05,1.0633325e-05,8.65833e-06,1.0041666e-05,6.808329e-06,8.445827e-06,8.266664e-06,8.737493e-06,6.099995e-06,8.720827e-06,8.458328e-06,5.92916e-06
6,398,459.027,0.796,8.729164e-06,8.874997e-06,1.1633332e-05,5.495826e-06,1.0545826e-05,1.0608332e-05,8.699997e-06,1.0091662e-05,6.804164e-06,8.491659e-06,8.383329e-06,8.854158e-06,6.137498e-06,8.712498e-06,8.499996e-06,5.999994e-06
6,399,459.17,0.798,8.708326e-06,8.870832e-06,1.1641661e-05,5.53333e-06,1.052916e-05,1.0662492e-05,8.774996e-06,1.013333e-05,6.841659e-06,8.495832e-06,8.433326e-06,8.77916e-06,6.179166e-06,8.741665e-06,8.533327e-06,6.041662e-06
6,400,459.313,0.8,8.829164e-06,8.858331e-06,1.1704159e-05,5.566661e-06,1.0587493e-05,1.0699995e-05,8.787497e-06,1.0191663e-05,6.841659e-06,8.595832e-06,8.445827e-06,8.879161e-06,6.216661e-06,8.745829e-06,8.59166e-06,6.141663e-06
6,401,459.456,0.802,8.587495e-06,8.904163e-06,1.169583e-05,5.562496e-06,1.058333e-05,1.0716661e-05,8.804162e-06,1.0091662e-05,6.812493e-06,8.654165e-06,8.491659e-06,8.791661e-06,6.212497e-06,8.754166e-06,8.641664e-06,6.145827e-06
6,402,459.599,0.804,8.654165e-06,8.937494e-06,1.1812496e-05,5.595827e-06,1.0633325e-05,1.0754164e-05,8.791661e-06,1.0162496e-05,6.8875e-06,8.687496e-06,8.512497e-06,8.93333e-06,6.362494e-06,8.795826e-06,8.683332e-06,6.212497e-06
6,403,459.742,0.806,8.891662e-06,9.008329e-06,1.1824997e-05,5.574997e-06,1.0716661e-05,1.0779167e-05,8.84583e-06,1.022083e-05,6.983328e-06,8.799998e-06,8.595832e-06,8.895826e-06,6.274994e-06,8.770831e-06,8.749994e-06,6.216661e-06
6,404,459.885,0.808,8.787497e-06,9.129159e-06,1.1870829e-05,5.691663e-06,1.070416e-05,1.0820826e-05,8.849995e-06,1.0254161e-05,6.758332e-06,8.791661e-06,8.624998e-06,8.974997e-06,6.308325e-06,8.837494e-06,8.820828e-06,6.324999e-06
6,405,460.028,0.81,8.84583e-06,9.066661e-06,1.2045829e-05,5.637495e-06,1.0758328e-05,1.0862494e-05,8.916664e-06,1.0312494e-05,6.791663e-06,8.824993e-06,8.666659e-06,9.041659e-06,6.308325e-06,8.854158e-06,8.837494e-06,6.349993e-06
6,406,460.171,0.812,8.887498e-06,9.162498e-06,1.1966666e-05,5.624994e-06,1.0716661e-05,1.0912498e-05,8.954159e-06,1.0316666e-05,6.779162e-06,8.891662e-06,8.704162e-06,8.999999e-06,6.412498e-06,8.812499e-06,8.849995e-06,6.329163e-06
6,407,460.314,0.814,8.945831e-06,9.133331e-06,1.1945828e-05,5.708329e-06,1.0754164e-05,1.0941664e-05,8.999999e-06,1.0404166e-05,6.766661e-06,9.049996e-06,8.687496e-06,9.083326e-06,6.474996e-06,8.820828e-06,8.962496e-06,6.387496e-06
6,408,460.458,0.816,9.083326e-06,9.195828e-06,1.205833e-05,5.662497e-06,1.0820826e-05,1.1033329e-05,9.033331e-06,1.0420831e-05,6.774998e-06,8.941666e-06,8.824993e-06,9.091664e-06,6.470831e-06,8.829164e-06,8.995827e-06,6.370831e-06
6,409,460.601,0.818,8.987498e-06,9.216667e-06,1.2095833e-05,5.745832e-06,1.0799996e-05,1.0999997e-05,9.045832e-06,1.0504166e-05,6.774998e-06,8.929165e-06,8.787497e-06,9.112493e-06,6.516663e-06,8.812499e-06,8.999999e-06,6.470831e-06
6,410,460.744,0.82,9.070825e-06,9.208329e-06,1.209166e-05,5.754161e-06,1.0766666e-05,1.0941664e-05,9.137495e-06,1.0516659e-05,6.762496e-06,9.004164e-06,8.858331e-06,9.124994e-06,6.56666e-06,8.874997e-06,9.045832e-06,6.520828e-06
6,411,460.887,0.822,9.137495e-06,9.258326e-06,1.2137492e-05,5.816658e-06,1.0795831e-05,1.104583e-05,9.083326e-06,1.0562499e-05,6.829158e-06,9.045832e-06,8.874997e-06,9.170826e-06,6.587497e-06,8.904163e-06,9.049996e-06,6.562495e-06
6,412,461.03,0.824,9.137495e-06,9.32916e-06,1.217916e-05,5.866663e-06,1.089166e-05,1.106666e-05,9.174999e-06,1.0591666e-05,6.729166e-06,9.087499e-06,8.904163e-06,9.204166e-06,6.570832e-06,8.883325e-06,9.129159e-06,6.554159e-06
6,413,461.173,0.826,9.14166e-06,9.254161e-06,1.2241666e-05,5.883328e-06,1.0908326e-05,1.1041665e-05,9.170826e-06,1.0691659e-05,6.766661e-06,9.099992e-06,8.954159e-06,9.137495e-06,6.616664e-06,8.937494e-06,9.22083e-06,6.645831e-06
6,414,461.316,0.828,9.258326e-06,9.312495e-06,1.2420829e-05,5.879164e-06,1.0945829e-05,1.1129165e-05,9.283328e-06,1.0629161e-05,6.716665e-06,9.183327e-06,8.970833e-06,9.266662e-06,6.645831e-06,8.987498e-06,9.275e-06,6.691662e-06
6,415,461.459,0.83,9.291664e-06,9.320831e-06,1.2274996e-05,5.991666e-06,1.0987496e-05,1.1174997e-05,9.245833e-06,1.0674993e-05,6.758332e-06,9.187492e-06,9.012492e-06,9.270827e-06,6.691662e-06,8.858331e-06,9.312495e-06,6.737494e-06
6,416,461.602,0.832,9.333332e-06,9.366663e-06,1.2329165e-05,5.895829e-06,1.0995833e-05,1.1237494e-05,9.283328e-06,1.0683329e-05,6.724993e-06,9.229159e-06,9.062497e-06,9.312495e-06,6.749995e-06,8.86666e-06,9.39583e-06,6.741659e-06
6,417,461.745,0.834,9.362499e-06,9.433325e-06,1.2383326e-05,5.937497e-06,1.1083333e-05,1.1195826e-05,9.374992e-06,1.0812497e-05,6.741659e-06,9.320831e-06,9.058333e-06,9.391665e-06,6.774998e-06,8.941666e-06,9.424996e-06,6.770825e-06
6,418,461.888,0.836,9.516661e-06,9.470828e-06,1.2466661e-05,5.979165e-06,1.1149995e-05,1.132083e-05,9.391665e-06,1.0795831e-05,6.716665e-06,9.374992e-06,9.091664e-06,9.391665e-06,6.854161e-06,8.954159e-06,9.399994e-06,6.833331e-06
6,419,462.031,0.838,9.474993e-06,9.508331e-06,1.2479162e-05,5.999994e-06,1.1187498e-05,1.1324993e-05,9.420832e-06,1.0862494e-05,6.645831e-06,9.333332e-06,9.245833e-06,9.454163e-06,6.870826e-06,8.974997e-06,9.474993e-06,6.937496e-06
6,420,462.174,0.84,9.712498e-06,9.512496e-06,1.2562497e-05,6.041662e-06,1.1033329e-05,1.1399992e-05,9.462499e-06,1.0904161e-05,6.670833e-06,9.433325e-06,9.204166e-06,9.470828e-06,6.891664e-06,8.962496e-06,9.424996e-06,6.912494e-06
6,421,462.317,0.842,9.779159e-06,9.558328e-06,1.2562497e-05,6.083329e-06,1.1074996e-05,1.1458325e-05,9.474993e-06,1.1008327e-05,6.66666e-06,9.49583e-06,9.24166e-06,9.50416e-06,6.966663e-06,8.987498e-06,9.562493e-06,6.983328e-06
6,422,462.46,0.844,9.841665e-06,9.616661e-06,1.2579163e-05,6.062492e-06,1.1124992e-05,1.1424994e-05,9.616661e-06,1.1008327e-05,6.699999e-06,9.454163e-06,9.245833e-06,9.424996e-06,6.966663e-06,9.008329e-06,9.566665e-06,7.012494e-06
6,423,462.603,0.846,9.708333e-06,9.616661e-06,1.2637496e-05,6.108331e-06,1.1099998e-05,1.1429159e-05,9.679158e-06,1.1154159e-05,6.691662e-06,9.608332e-06,9.341661e-06,9.524997e-06,7.041661e-06,9.004164e-06,9.654164e-06,7.062499e-06
6,424,462.746,0.848,9.666665e-06,9.683331e-06,1.2637496e-05,6.112496e-06,1.1183325e-05,1.144166e-05,9.566665e-06,1.1258332e-05,6.679161e-06,9.574994e-06,9.275e-06,9.587495e-06,7.045825e-06,8.974997e-06,9.637499e-06,7.104159e-06
6,425,462.889,0.85,9.816663e-06,9.733327e-06,1.2741662e-05,6.149999e-06,1.1204163e-05,1.1491664e-05,9.608332e-06,1.1124992e-05,6.766661e-06,9.60416e-06,9.387493e-06,9.608332e-06,7.091665e-06,9.045832e-06,9.712498e-06,7.154163e-06
6,426,463.032,0.852,9.733327e-06,9.720826e-06,1.2854163e-05,6.174993e-06,1.1195826e-05,1.1583328e-05,9.649992e-06,1.1174997e-05,6.795828e-06,9.666665e-06,9.412495e-06,9.679158e-06,7.141662e-06,9.004164e-06,9.745829e-06,7.204159e-06
6,427,463.175,0.854,9.929165e-06,9.75833e-06,1.282916e-05,6.224998e-06,1.1262497e-05,1.1583328e-05,9.708333e-06,1.1187498e-05,6.824994e-06,9.787496e-06,9.445826e-06,9.695832e-06,7.224997e-06,9.02083e-06,9.75833e-06,7.262492e-06
6,428,463.318,0.856,9.85833e-06,9.741664e-06,1.2808331e-05,6.208332e-06,1.1241658e-05,1.1595829e-05,9.724999e-06,1.1195826e-05,6.716665e-06,9.899998e-06,9.462499e-06,9.666665e-06,7.262492e-06,9.079162e-06,9.874995e-06,7.28333e-06
6,429,463.461,0.858,9.933328e-06,9.812498e-06,1.2941662e-05,6.233327e-06,1.1312492e-05,1.1599994e-05,9.762493e-06,1.1258332e-05,6.66666e-06,9.85833e-06,9.545827e-06,9.749992e-06,7.30416e-06,9.045832e-06,9.883332e-06,7.379158e-06
6,430,463.604,0.86,1.0024993e-05,9.87916e-06,1.2999995e-05,6.308325e-06,1.135416e-05,1.1712496e-05,9.79166e-06,1.1237494e-05,6.608327e-06,9.929165e-06,9.608332e-06,9.729163e-06,7.320825e-06,9.104165e-06,9.95833e-06,7.362493e-06
6,431,463.747,0.862,1.0174997e-05,9.883332e-06,1.3033326e-05,6.27083e-06,1.1295827e-05,1.1745827e-05,9.837492e-06,1.1333331e-05,6.554159e-06,9.85833e-06,9.666665e-06,9.779159e-06,7.408333e-06,9.033331e-06,9.974996e-06,7.462494e-06
6,432,463.891,0.864,1.0270826e-05,9.937493e-06,1.3037499e-05,6.27083e-06,1.1370826e-05,1.1708331e-05,9.874995e-06,1.1333331e-05,6.654159e-06,9.891661e-06,9.745829e-06,9.808326e-06,7.420826e-06,9.116666e-06,9.941666e-06,7.40416e-06
6,433,464.034,0.866,1.0224994e-05,9.966659e-06,1.3058328e-05,6.341664e-06,1.135416e-05,1.1779165e-05,9.870831e-06,1.142083e-05,6.629165e-06,9.933328e-06,9.662493e-06,9.933328e-06,7.47083e-06,9.129159e-06,1.0033329e-05,7.474995e-06
6,434,464.177,0.868,1.0349997e-05,9.970832e-06,1.3095831e-05,6.370831e-06,1.1349996e-05,1.180416e-05,9.904162e-06,1.1474999e-05,6.662496e-06,1.0020828e-05,9.633327e-06,9.941666e-06,7.674996e-06,9.116666e-06,1.004583e-05,7.49166e-06
6,435,464.32,0.87,1.0229166e-05,1.0099999e-05,1.3124998e-05,6.399997e-06,1.1445833e-05,1.1858328e-05,9.945829e-06,1.1499993e-05,6.629165e-06,1.0033329e-05,9.720826e-06,9.95833e-06,7.566658e-06,9.149996e-06,1.0124993e-05,7.612498e-06
6,436,464.463,0.872,1.0274998e-05,1.0020828e-05,1.3262495e-05,6.412498e-06,1.142083e-05,1.1870829e-05,9.995826e-06,1.1583328e-05,6.608327e-06,1.0062496e-05,9.749992e-06,9.891661e-06,7.529163e-06,9.149996e-06,1.0129165e-05,7.695826e-06
6,437,464.606,0.874,1.0349997e-05,1.0016664e-05,1.3295826e-05,6.466659e-06,1.1487492e-05,1.1979158e-05,1.0087498e-05,1.1583328e-05,6.670833e-06,1.0099999e-05,9.774994e-06,9.904162e-06,7.641665e-06,9.24166e-06,1.0224994e-05,7.704162e-06
6,438,464.749,0.876,1.0295828e-05,1.0037494e-05,1.3229163e-05,6.508326e-06,1.1479163e-05,1.1991659e-05,1.0104163e-05,1.1599994e-05,6.649995e-06,1.0129165e-05,9.799997e-06,9.995826e-06,7.595825e-06,9.145832e-06,1.0337496e-05,7.749994e-06
6,439,464.892,0.878,1.0337496e-05,1.0033329e-05,1.3299998e-05,6.599998e-06,1.1554162e-05,1.1979158e-05,1.0170826e-05,1.1612495e-05,6.649995e-06,1.0195828e-05,9.837492e-06,9.983333e-06,7.695826e-06,9.366663e-06,1.0304165e-05,7.804163e-06
6,440,465.035,0.88,1.0358325e-05,1.0079161e-05,1.336666e-05,6.66666e-06,1.1524995e-05,1.2062494e-05,1.0183327e-05,1.1649998e-05,6.624993e-06,1.0287499e-05,9.929165e-06,1.0041666e-05,7.737493e-06,9.245833e-06,1.032916e-05,7.858332e-06
6,441,465.178,0.882,1.0412495e-05,1.0091662e-05,1.3358331e-05,6.641666e-06,1.1658327e-05,1.2133328e-05,1.0137494e-05,1.1754163e-05,6.608327e-06,1.0283327e-05,9.895825e-06,1.0099999e-05,7.770833e-06,9.204166e-06,1.0470828e-05,7.916665e-06
6,442,465.321,0.884,1.0466663e-05,1.0170826e-05,1.3454159e-05,6.670833e-06,1.1583328e-05,1.2154166e-05,1.0162496e-05,1.178333e-05,6.63333e-06,1.032083e-05,9.999999e-06,1.0108328e-05,7.799999e-06,9.149996e-06,1.0391665e-05,7.883326e-06
6,443,465.464,0.886,1.0612495e-05,1.0195828e-05,1.3495826e-05,6.595826e-06,1.1654162e-05,1.2229165e-05,1.0187498e-05,1.1795831e-05,6.587497e-06,1.0379164e-05,9.970832e-06,1.0145831e-05,7.841659e-06,9.191665e-06,1.0424996e-05,8.02083e-06
6,444,465.607,0.888,1.0733326e-05,1.0229166e-05,1.3579162e-05,6.533329e-06,1.1570827e-05,1.2374997e-05,1.0312494e-05,1.1833326e-05,6.616664e-06,1.0362498e-05,1.0049995e-05,1.015416e-05,7.891663e-06,9.208329e-06,1.0499994e-05,7.991664e-06
6,445,465.75,0.89,1.061666e-05,1.0270826e-05,1.3558332e-05,6.683326e-06,1.1766664e-05,1.2204162e-05,1.0304165e-05,1.1895831e-05,6.562495e-06,1.0466663e-05,1.0029165e-05,1.022083e-05,7.912493e-06,9.199993e-06,1.0512495e-05,7.991664e-06
6,446,465.893,0.892,1.0820826e-05,1.0237495e-05,1.3645832e-05,6.66666e-06,1.1708331e-05,1.2370832e-05,1.0470828e-05,1.1879166e-05,6.583325e-06,1.0533333e-05,1.0124993e-05,1.032083e-05,7.970826e-06,9.245833e-06,1.0562499e-05,8.112494e-06
6,447,466.036,0.894,1.0837499e-05,1.0466663e-05,1.3645832e-05,6.691662e-06,1.1633332e-05,1.2254159e-05,1.0437497e-05,1.1945828e-05,6.599998e-06,1.0512495e-05,1.0170826e-05,1.0262497e-05,7.995828e-06,9.233332e-06,1.0633325e-05,8.099993e-06
6,448,466.179,0.896,1.0737499e-05,1.0262497e-05,1.3641659e-05,6.770825e-06,1.1733326e-05,1.2316664e-05,1.0483329e-05,1.2041664e-05,6.574996e-06,1.058333e-05,1.0095827e-05,1.0304165e-05,8.033331e-06,9.270827e-06,1.0649999e-05,8.216659e-06
6,449,466.322,0.898,1.0933328e-05,1.0333331e-05,1.3783328e-05,6.770825e-06,1.1741662e-05,1.2349995e-05,1.0516659e-05,1.1979158e-05,6.599998e-06,1.0591666e-05,1.0212493e-05,1.0266662e-05,8.120831e-06,9.270827e-06,1.0687494e-05,8.216659e-06
6,450,466.465,0.9,1.0949993e-05,1.0345832e-05,1.3774999e-05,6.816666e-06,1.1749999e-05,1.2412493e-05,1.0483329e-05,1.2295826e-05,6.66666e-06,1.0658327e-05,1.0224994e-05,1.0291664e-05,8.166663e-06,9.295829e-06,1.0745827e-05,8.287493e-06
6,451,466.608,0.902,1.0983332e-05,1.0433332e-05,1.382916e-05,6.816666e-06,1.1749999e-05,1.2441659e-05,1.0491665e-05,1.209166e-05,6.641666e-06,1.0654163e-05,1.0266662e-05,1.0308329e-05,8.158326e-06,9.224995e-06,1.0812497e-05,8.354164e-06
6,452,466.751,0.904,1.0991661e-05,1.0604159e-05,1.3899994e-05,6.92083e-06,1.1762492e-05,1.245416e-05,1.0520832e-05,1.2216663e-05,6.783327e-06,1.0774994e-05,1.0224994e-05,1.0383328e-05,8.233333e-06,9.304166e-06,1.0833327e-05,8.366665e-06
6,453,466.894,0.906,1.1037493e-05,1.0433332e-05,1.3887493e-05,6.866662e-06,1.1854164e-05,1.2529159e-05,1.0545826e-05,1.2183333e-05,6.54583e-06,1.0770829e-05,1.0333331e-05,1.0424996e-05,8.199993e-06,9.358327e-06,1.0841663e-05,8.445827e-06
6,454,467.037,0.908,1.0941664e-05,1.0562499e-05,1.4008331e-05,6.849996e-06,1.1858328e-05,1.2524994e-05,1.0570828e-05,1.224583e-05,6.599998e-06,1.0766666e-05,1.0374999e-05,1.0483329e-05,8.291666e-06,9.354162e-06,1.0966659e-05,8.441662e-06
6,455,467.18,0.91,1.1062495e-05,1.0570828e-05,1.4045827e-05,7.004166e-06,1.1833326e-05,1.2554161e-05,1.0579165e-05,1.2283325e-05,6.537493e-06,1.0758328e-05,1.032083e-05,1.0487493e-05,8.312496e-06,9.266662e-06,1.1049994e-05,8.524998e-06
6,456,467.324,0.912,1.1274998e-05,1.0566664e-05,1.4112497e-05,6.949997e-06,1.1904161e-05,1.2683328e-05,1.0679166e-05,1.2308327e-05,6.562495e-06,1.0916662e-05,1.0599994e-05,1.0520832e-05,8.408332e-06,9.345826e-06,1.0929163e-05,8.533327e-06
6,457,467.467,0.914,1.1291663e-05,1.0579165e-05,1.4033326e-05,6.949997e-06,1.1908332e-05,1.2670827e-05,1.0674993e-05,1.2404163e-05,6.574996e-06,1.0845828e-05,1.0445825e-05,1.0512495e-05,8.429161e-06,9.324996e-06,1.0970831e-05,8.620827e-06
6,458,467.61,0.916,1.1362497e-05,1.0649999e-05,1.4133327e-05,6.995829e-06,1.1954165e-05,1.2662498e-05,1.0641662e-05,1.2416665e-05,6.579161e-06,1.0879159e-05,1.0479164e-05,1.0645826e-05,8.499996e-06,9.337497e-06,1.1099998e-05,8.633328e-06
6,459,467.753,0.918,1.1129165e-05,1.0695831e-05,1.4174994e-05,7.024995e-06,1.1904161e-05,1.2754163e-05,1.0720825e-05,1.2474998e-05,6.570832e-06,1.0987496e-05,1.0458326e-05,1.0608332e-05,8.470829e-06,9.345826e-06,1.1137494e-05,8.699997e-06
6,460,467.896,0.92,1.1454161e-05,1.0691659e-05,1.4258329e-05,7.041661e-06,1.1895831e-05,1.2770827e-05,1.0716661e-05,1.2529159e-05,6.558331e-06,1.1024999e-05,1.0566664e-05,1.058333e-05,8.666659e-06,9.387493e-06,1.1154159e-05,8.77916e-06
6,461,468.039,0.922,1.1216664e-05,1.0645826e-05,1.4329164e-05,7.120832e-06,1.2041664e-05,1.28625e-05,1.0791659e-05,1.2529159e-05,6.562495e-06,1.1029164e-05,1.0574992e-05,1.0629161e-05,8.533327e-06,9.562493e-06,1.1216664e-05,8.77916e-06
6,462,468.182,0.924,1.1283326e-05,1.0658327e-05,1.4495826e-05,7.145826e-06,1.1974995e-05,1.2787493e-05,1.0908326e-05,1.2529159e-05,6.529164e-06,1.106666e-05,1.058333e-05,1.0604159e-05,8.587495e-06,9.349998e-06,1.1212492e-05,8.816663e-06
6,463,468.325,0.926,1.1312492e-05,1.0687494e-05,1.4533329e-05,7.158327e-06,1.20375e-05,1.28625e-05,1.0929163e-05,1.2587499e-05,6.570832e-06,1.1141666e-05,1.0666665e-05,1.0733326e-05,8.641664e-06,9.333332e-06,1.1341659e-05,8.858331e-06
6,464,468.468,0.928,1.1387499e-05,1.0712496e-05,1.4416662e-05,7.266664e-06,1.2024999e-05,1.2899995e-05,1.0841663e-05,1.2666663e-05,6.562495e-06,1.1174997e-05,1.0670828e-05,1.0737499e-05,8.687496e-06,9.374992e-06,1.1379162e-05,8.858331e-06
6,465,468.611,0.93,1.1391664e-05,1.0745827e-05,1.4433328e-05,7.154163e-06,1.2070831e-05,1.2941662e-05,1.0991661e-05,1.2704166e-05,6.616664e-06,1.1216664e-05,1.0691659e-05,1.0779167e-05,8.737493e-06,9.466664e-06,1.1437495e-05,8.949995e-06
6,466,468.754,0.932,1.1462498e-05,1.0774994e-05,1.445833e-05,7.174993e-06,1.23125e-05,1.3041663e-05,1.0912498e-05,1.2762499e-05,6.541665e-06,1.1195826e-05,1.075e-05,1.0745827e-05,8.77916e-06,9.383329e-06,1.142083e-05,9.062497e-06
6,467,468.897,0.934,1.1554162e-05,1.0837499e-05,1.4491661e-05,7.179165e-06,1.209166e-05,1.3112497e-05,1.1004162e-05,1.2770827e-05,6.470831e-06,1.1258332e-05,1.0762493e-05,1.0845828e-05,8.858331e-06,9.424996e-06,1.1374998e-05,9.016665e-06
6,468,469.04,0.936,1.1633332e-05,1.0845828e-05,1.4562495e-05,7.274993e-06,1.2133328e-05,1.3045827e-05,1.1041665e-05,1.2770827e-05,6.508326e-06,1.1312492e-05,1.0849993e-05,1.0883331e-05,8.883325e-06,9.433325e-06,1.1433332e-05,9.066661e-06
6,469,469.183,0.938,1.1795831e-05,1.0945829e-05,1.4583326e-05,7.291659e-06,1.2074995e-05,1.3099996e-05,1.1087497e-05,1.282916e-05,6.495825e-06,1.1287499e-05,1.0845828e-05,1.0929163e-05,8.945831e-06,9.420832e-06,1.1487492e-05,9.058333e-06
6,470,469.326,0.94,1.180416e-05,1.0874995e-05,1.4666661e-05,7.349992e-06,1.2216663e-05,1.3095831e-05,1.1154159e-05,1.2887494e-05,6.541665e-06,1.1370826e-05,1.0908326e-05,1.0949993e-05,8.924992e-06,9.441662e-06,1.1537496e-05,9.12083e-06
6,471,469.469,0.942,1.1904161e-05,1.0983332e-05,1.4687498e-05,7.395832e-06,1.2191661e-05,1.317083e-05,1.1295827e-05,1.2899995e-05,6.570832e-06,1.1374998e-05,1.0920827e-05,1.0970831e-05,9.112493e-06,9.449998e-06,1.1633332e-05,9.199993e-06
6,472,469.612,0.944,1.1916662e-05,1.1058331e-05,1.473333e-05,7.387495e-06,1.2220828e-05,1.3158329e-05,1.1208328e-05,1.2970829e-05,6.529164e-06,1.1483327e-05,1.0987496e-05,1.1016663e-05,9.045832e-06,9.420832e-06,1.162916e-05,9.266662e-06
6,473,469.755,0.946,1.1937499e-05,1.0933328e-05,1.4774998e-05,7.387495e-06,1.2241666e-05,1.3266659e-05,1.1195826e-05,1.2954163e-05,6.587497e-06,1.1508329e-05,1.0954165e-05,1.0974995e-05,9.091664e-06,9.445826e-06,1.1687493e-05,9.320831e-06
6,474,469.898,0.948,1.1799995e-05,1.0949993e-05,1.4791663e-05,7.445828e-06,1.2241666e-05,1.3308327e-05,1.1199999e-05,1.3124998e-05,6.574996e-06,1.1554162e-05,1.0983332e-05,1.1008327e-05,9.154161e-06,9.483329e-06,1.1745827e-05,9.374992e-06
6,475,470.041,0.95,1.1799995e-05,1.1054166e-05,1.4895829e-05,7.49166e-06,1.2287497e-05,1.3354166e-05,1.1191662e-05,1.3029162e-05,6.608327e-06,1.1566663e-05,1.0995833e-05,1.1058331e-05,9.154161e-06,9.483329e-06,1.1787494e-05,9.449998e-06
6,476,470.184,0.952,1.1824997e-05,1.1020828e-05,1.4870827e-05,7.49166e-06,1.2337494e-05,1.3374996e-05,1.1237494e-05,1.3108333e-05,6.520828e-06,1.1833326e-05,1.1112499e-05,1.1116664e-05,9.233332e-06,9.512496e-06,1.178333e-05,9.483329e-06
6,477,470.327,0.954,1.1924998e-05,1.1070832e-05,1.4933332e-05,7.504161e-06,1.2320828e-05,1.3424992e-05,1.1345832e-05,1.3183331e-05,6.562495e-06,1.1729161e-05,1.1154159e-05,1.1108327e-05,9.22083e-06,9.516661e-06,1.1862493e-05,9.533326e-06
6,478,470.47,0.956,1.2041664e-05,1.1108327e-05,1.4920831e-05,7.516662e-06,1.2404163e-05,1.346666e-05,1.135416e-05,1.3187496e-05,6.687498e-06,1.1737498e-05,1.1224993e-05,1.1179161e-05,9.316659e-06,9.558328e-06,1.188333e-05,9.608332e-06
6,479,470.613,0.958,1.217916e-05,1.1183325e-05,1.4958326e-05,7.570831e-06,1.2429166e-05,1.3724994e-05,1.1366661e-05,1.327916e-05,6.462495e-06,1.1829162e-05,1.1291663e-05,1.1245831e-05,9.39583e-06,9.549999e-06,1.1862493e-05,9.633327e-06
6,480,470.757,0.96,1.2291662e-05,1.1170832e-05,1.5058326e-05,7.608326e-06,1.2395827e-05,1.3504164e-05,1.1416666e-05,1.3270831e-05,6.512499e-06,1.1820833e-05,1.1362497e-05,1.1237494e-05,9.358327e-06,9.533326e-06,1.2012498e-05,9.654164e-06
6,481,470.9,0.962,1.2125e-05,1.1245831e-05,1.5149999e-05,7.67916e-06,1.2462497e-05,1.36e-05,1.1445833e-05,1.3354166e-05,6.47916e-06,1.1895831e-05,1.1391664e-05,1.1370826e-05,9.462499e-06,9.516661e-06,1.1979158e-05,9.745829e-06
6,482,471.043,0.964,1.2120827e-05,1.1262497e-05,1.5199995e-05,7.662495e-06,1.243333e-05,1.3637495e-05,1.1483327e-05,1.3395826e-05,6.529164e-06,1.1891659e-05,1.1220829e-05,1.1487492e-05,9.445826e-06,9.558328e-06,1.2099998e-05,9.729163e-06
6,483,471.186,0.966,1.2420829e-05,1.1283326e-05,1.5266665e-05,7.737493e-06,1.2424994e-05,1.3724994e-05,1.1541661e-05,1.353333e-05,6.54583e-06,1.1912497e-05,1.13e-05,1.1349996e-05,9.599996e-06,9.60416e-06,1.2083332e-05,9.770831e-06
6,484,471.329,0.968,1.2195826e-05,1.1295827e-05,1.5270829e-05,7.704162e-06,1.2549996e-05,1.3712493e-05,1.1579164e-05,1.3495826e-05,6.474996e-06,1.1949992e-05,1.1362497e-05,1.1316665e-05,9.654164e-06,9.537498e-06,1.2183333e-05,9.812498e-06
6,485,471.472,0.97,1.226666e-05,1.1283326e-05,1.5362493e-05,7.762495e-06,1.2495828e-05,1.3733332e-05,1.1666663e-05,1.3524993e-05,6.520828e-06,1.1941664e-05,1.1416666e-05,1.1333331e-05,9.708333e-06,9.695832e-06,1.2249994e-05,9.920827e-06
6,486,471.615,0.972,1.2241666e-05,1.1262497e-05,1.5399997e-05,7.83333e-06,1.2479162e-05,1.3816659e-05,1.1599994e-05,1.3604164e-05,6.508326e-06,1.2008325e-05,1.1424994e-05,1.1429159e-05,9.599996e-06,9.704161e-06,1.2262495e-05,9.929165e-06
6,487,471.758,0.974,1.2349995e-05,1.1283326e-05,1.5529164e-05,7.837494e-06,1.2574998e-05,1.3887493e-05,1.1729161e-05,1.362083e-05,6.516663e-06,1.2070831e-05,1.1474999e-05,1.1466662e-05,9.612497e-06,9.629162e-06,1.2349995e-05,1.0058331e-05
6,488,471.901,0.976,1.2358331e-05,1.1362497e-05,1.5354164e-05,7.904164e-06,1.2595829e-05,1.3887493e-05,1.1712496e-05,1.3649996e-05,6.47916e-06,1.2104161e-05,1.1483327e-05,1.1470826e-05,9.608332e-06,9.541663e-06,1.2374997e-05,1.0041666e-05
6,489,472.044,0.978,1.2462497e-05,1.144166e-05,1.5404161e-05,7.929166e-06,1.2612494e-05,1.3912495e-05,1.1691665e-05,1.3737495e-05,6.516663e-06,1.2170832e-05,1.1487492e-05,1.1516667e-05,9.733327e-06,9.754165e-06,1.2316664e-05,1.0112492e-05
6,490,472.187,0.98,1.245416e-05,1.1383327e-05,1.5558329e-05,7.958332e-06,1.2620831e-05,1.3991666e-05,1.1779165e-05,1.3708329e-05,6.47916e-06,1.2191661e-05,1.1595829e-05,1.1583328e-05,9.795833e-06,9.620825e-06,1.2337494e-05,1.0195828e-05
6,491,472.33,0.982,1.2595829e-05,1.144166e-05,1.5520827e-05,7.970826e-06,1.2699993e-05,1.4008331e-05,1.1758328e-05,1.3745833e-05,6.508326e-06,1.217916e-05,1.1620831e-05,1.1599994e-05,9.824999e-06,9.641663e-06,1.2445831e-05,1.0179162e-05
6,492,472.473,0.984,1.2799994e-05,1.144166e-05,1.5620828e-05,7.958332e-06,1.2699993e-05,1.410416e-05,1.1895831e-05,1.3762497e-05,6.499998e-06,1.2283325e-05,1.1645826e-05,1.1645826e-05,9.874995e-06,9.674995e-06,1.2466661e-05,1.0170826e-05
6,493,472.616,0.986,1.2770827e-05,1.1504166e-05,1.5574995e-05,7.954161e-06,1.2654162e-05,1.4099995e-05,1.1920825e-05,1.3837496e-05,6.520828e-06,1.2329165e-05,1.1649998e-05,1.1749999e-05,9.887497e-06,9.637499e-06,1.2466661e-05,1.0216665e-05
6,494,472.759,0.988,1.2883329e-05,1.1495828e-05,1.5687498e-05,8.033331e-06,1.270833e-05,1.4274994e-05,1.1991659e-05,1.3904166e-05,6.516663e-06,1.2391662e-05,1.1612495e-05,1.1612495e-05,9.937493e-06,9.637499e-06,1.2499992e-05,1.032083e-05
6,495,472.902,0.99,1.2883329e-05,1.1583328e-05,1.5729165e-05,8.037496e-06,1.2741662e-05,1.4120833e-05,1.1866665e-05,1.3945826e-05,6.508326e-06,1.234583e-05,1.1795831e-05,1.1674992e-05,9.966659e-06,9.624998e-06,1.2604165e-05,1.0262497e-05
6,496,473.045,0.992,1.2962492e-05,1.1508329e-05,1.5799998e-05,8.070827e-06,1.2766664e-05,1.4224998e-05,1.2054165e-05,1.3991666e-05,6.499998e-06,1.2349995e-05,1.1808332e-05,1.178333e-05,1.004583e-05,9.662493e-06,1.2620831e-05,1.0379164e-05
6,497,473.188,0.994,1.270833e-05,1.1624996e-05,1.5812493e-05,8.074999e-06,1.2787493e-05,1.4191659e-05,1.1954165e-05,1.3987494e-05,6.45833e-06,1.2391662e-05,1.180416e-05,1.1724997e-05,1.0095827e-05,9.645828e-06,1.2666663e-05,1.0441661e-05
6,498,473.331,0.996,1.272916e-05,1.1679164e-05,1.5837495e-05,8.095829e-06,1.2804167e-05,1.4287496e-05,1.2045829e-05,1.4045827e-05,6.520828e-06,1.2549996e-05,1.1795831e-05,1.1754163e-05,1.0137494e-05,9.649992e-06,1.2716659e-05,1.0499994e-05
6,499,473.474,0.998,1.2933326e-05,1.1724997e-05,1.5891663e-05,8.154162e-06,1.2824997e-05,1.4329164e-05,1.2074995e-05,1.4029161e-05,6.562495e-06,1.2579163e-05,1.1866665e-05,1.1841663e-05,1.0120829e-05,9.729163e-06,1.2704166e-05,1.0516659e-05
6,500,473.617,1.0,1.2904159e-05,1.1791666e-05,1.5887499e-05,8.220832e-06,1.2841661e-05,1.4354166e-05,1.2079159e-05,1.4279159e-05,6.47916e-06,1.2570827e-05,1.1895831e-05,1.1862493e-05,1.0212493e-05,9.716662e-06,1.2779165e-05,1.0624997e-05
6,501,473.76,0.998,1.2870828e-05,1.1699995e-05,1.5879163e-05,8.154162e-06,1.2837498e-05,1.435833e-05,1.2054165e-05,1.399583e-05,6.433328e-06,1.2595829e-05,1.1858328e-05,1.1854164e-05,1.015416e-05,9.662493e-06,1.2741662e-05,1.0516659e-05
6,502,473.903,0.996,1.2866664e-05,1.1708331e-05,1.5845832e-05,8.137496e-06,1.2808331e-05,1.4329164e-05,1.2012498e-05,1.4024997e-05,6.629165e-06,1.2437495e-05,1.1808332e-05,1.178333e-05,1.0058331e-05,9.654164e-06,1.2662498e-05,1.0483329e-05
6,503,474.046,0.994,1.2766664e-05,1.1541661e-05,1.5729165e-05,8.145825e-06,1.2745825e-05,1.4320826e-05,1.1941664e-05,1.4004159e-05,6.408326e-06,1.2341667e-05,1.1958329e-05,1.1762492e-05,9.97916e-06,9.574994e-06,1.2674999e-05,1.0374999e-05
6,504,474.189,0.992,1.2904159e-05,1.1604166e-05,1.5691661e-05,8.104165e-06,1.2754163e-05,1.4233327e-05,1.1858328e-05,1.3912495e-05,6.424999e-06,1.2287497e-05,1.1879166e-05,1.1658327e-05,9.941666e-06,9.60416e-06,1.2533331e-05,1.0287499e-05
6,505,474.333,0.99,1.2674999e-05,1.1470826e-05,1.5749994e-05,8.066662e-06,1.2712495e-05,1.4208333e-05,1.1829162e-05,1.3920831e-05,6.420827e-06,1.2254159e-05,1.1737498e-05,1.1633332e-05,9.887497e-06,9.537498e-06,1.2487499e-05,1.0258333e-05
6,506,474.476,0.988,1.2512493e-05,1.1516667e-05,1.5699998e-05,7.974998e-06,1.2645833e-05,1.4237499e-05,1.1833326e-05,1.3849997e-05,6.416662e-06,1.2233329e-05,1.1508329e-05,1.1641661e-05,9.804161e-06,9.512496e-06,1.2420829e-05,1.0237495e-05
6,507,474.619,0.986,1.2733332e-05,1.1495828e-05,1.5604162e-05,7.920829e-06,1.2570827e-05,1.4191659e-05,1.1733326e-05,1.3816659e-05,6.399997e-06,1.2191661e-05,1.1466662e-05,1.1491664e-05,9.783332e-06,9.508331e-06,1.2316664e-05,1.004583e-05
6,508,474.762,0.984,1.2395827e-05,1.1337494e-05,1.5520827e-05,7.929166e-06,1.2599993e-05,1.4195832e-05,1.1649998e-05,1.3745833e-05,6.370831e-06,1.2141665e-05,1.1474999e-05,1.1437495e-05,9.666665e-06,9.458327e-06,1.2316664e-05,9.995826e-06
6,509,474.905,0.982,1.236666e-05,1.1491664e-05,1.5533327e-05,7.945831e-06,1.2516665e-05,1.4120833e-05,1.1666663e-05,1.3708329e-05,6.366666e-06,1.2079159e-05,1.1391664e-05,1.1437495e-05,9.720826e-06,9.433325e-06,1.2241666e-05,9.995826e-06
6,510,475.048,0.98,1.2316664e-05,1.1287499e-05,1.5516662e-05,7.962497e-06,1.2583328e-05,1.399583e-05,1.1591665e-05,1.3616665e-05,6.370831e-06,1.200416e-05,1.1366661e-05,1.1304164e-05,9.487494e-06,9.362499e-06,1.2270832e-05,9.945829e-06
6,511,475.191,0.978,1.2258331e-05,1.1245831e-05,1.5308333e-05,7.883326e-06,1.2549996e-05,1.3991666e-05,1.1558326e-05,1.3529166e-05,6.308325e-06,1.1962493e-05,1.1287499e-05,1.1333331e-05,9.549999e-06,9.454163e-06,1.2212499e-05,9.833328e-06
6,512,475.334,0.976,1.2187496e-05,1.1220829e-05,1.5258328e-05,7.824993e-06,1.243333e-05,1.3999995e-05,1.1424994e-05,1.3458332e-05,6.320826e-06,1.1870829e-05,1.123333e-05,1.1237494e-05,9.404159e-06,9.41666e-06,1.2183333e-05,9.770831e-06
6,513,475.477,0.974,1.2170832e-05,1.1279162e-05,1.5224997e-05,7.841659e-06,1.2437495e-05,1.3983329e-05,1.142083e-05,1.3449995e-05,6.308325e-06,1.1904161e-05,1.1204163e-05,1.1262497e-05,9.370828e-06,9.316659e-06,1.2158331e-05,9.720826e-06
6,514,475.62,0.972,1.2062494e-05,1.1162496e-05,1.5124997e-05,7.795827e-06,1.2445831e-05,1.3912495e-05,1.135416e-05,1.334583e-05,6.316662e-06,1.1799995e-05,1.1129165e-05,1.1216664e-05,9.358327e-06,9.266662e-06,1.1966666e-05,9.733327e-06
6,515,475.763,0.97,1.20375e-05,1.1179161e-05,1.509583e-05,7.674996e-06,1.2458332e-05,1.391666e-05,1.13e-05,1.3320828e-05,6.295832e-06,1.1699995e-05,1.1083333e-05,1.1124992e-05,9.287493e-06,9.254161e-06,1.1845827e-05,9.58333e-06
6,516,475.906,0.968,1.2008325e-05,1.1124992e-05,1.5099994e-05,7.658331e-06,1.2437495e-05,1.3912495e-05,1.1291663e-05,1.325833e-05,6.262493e-06,1.1733326e-05,1.0987496e-05,1.1133329e-05,9.187492e-06,9.212494e-06,1.1824997e-05,9.679158e-06
6,517,476.049,0.966,1.2125e-05,1.1024999e-05,1.5037497e-05,7.645829e-06,1.2208327e-05,1.3924996e-05,1.1212492e-05,1.3254165e-05,6.249992e-06,1.1691665e-05,1.097916e-05,1.1004162e-05,9.158325e-06,9.22083e-06,1.1816661e-05,9.454163e-06
6,518,476.192,0.964,1.2024999e-05,1.1029164e-05,1.4949997e-05,7.599997e-06,1.2249994e-05,1.3799993e-05,1.1304164e-05,1.3212498e-05,6.220826e-06,1.1524995e-05,1.0962494e-05,1.0999997e-05,9.079162e-06,9.191665e-06,1.1749999e-05,9.433325e-06
6,519,476.335,0.962,1.2012498e-05,1.1004162e-05,1.48875e-05,7.562494e-06,1.2158331e-05,1.3816659e-05,1.1141666e-05,1.3087495e-05,6.233327e-06,1.152083e-05,1.0845828e-05,1.0920827e-05,9.037494e-06,9.149996e-06,1.1733326e-05,9.32916e-06
6,520,476.478,0.96,1.171666e-05,1.1008327e-05,1.4854161e-05,7.504161e-06,1.2166659e-05,1.3641659e-05,1.1212492e-05,1.3033326e-05,6.249992e-06,1.1454161e-05,1.075e-05,1.0845828e-05,8.941666e-06,9.079162e-06,1.1579164e-05,9.262498e-06
6,521,476.621,0.958,1.1774993e-05,1.0874995e-05,1.4799993e-05,7.454165e-06,1.2154166e-05,1.3612493e-05,1.104583e-05,1.2995831e-05,6.249992e-06,1.1404165e-05,1.080416e-05,1.0866665e-05,8.920829e-06,9.079162e-06,1.1587493e-05,9.262498e-06
6,522,476.764,0.956,1.178333e-05,1.0887496e-05,1.4858325e-05,7.429162e-06,1.2062494e-05,1.3579162e-05,1.0929163e-05,1.2941662e-05,6.224998e-06,1.135416e-05,1.0737499e-05,1.0854164e-05,8.920829e-06,9.108328e-06,1.1533331e-05,9.183327e-06
6,523,476.907,0.954,1.1579164e-05,1.0858329e-05,1.4737495e-05,7.37083e-06,1.2087497e-05,1.3516665e-05,1.0962494e-05,1.2874993e-05,6.208332e-06,1.1383327e-05,1.0641662e-05,1.0845828e-05,8.895826e-06,9.058333e-06,1.1474999e-05,9.224995e-06
6,524,477.05,0.952,1.1466662e-05,1.080416e-05,1.4608328e-05,7.387495e-06,1.2012498e-05,1.3512492e-05,1.0912498e-05,1.2779165e-05,6.258329e-06,1.1241658e-05,1.0633325e-05,1.0699995e-05,8.816663e-06,8.991663e-06,1.1470826e-05,9.049996e-06
6,525,477.193,0.95,1.1374998e-05,1.080416e-05,1.4591662e-05,7.333326e-06,1.1979158e-05,1.3470833e-05,1.0862494e-05,1.2804167e-05,6.233327e-06,1.1424994e-05,1.0591666e-05,1.0729162e-05,8.766659e-06,9.037494e-06,1.1349996e-05,9.037494e-06
6,526,477.336,0.948,1.1504166e-05,1.0770829e-05,1.4599998e-05,7.266664e-06,1.1995832e-05,1.3387497e-05,1.0829162e-05,1.2704166e-05,6.141663e-06,1.1237494e-05,1.0554163e-05,1.0666665e-05,8.624998e-06,8.958332e-06,1.1304164e-05,8.983326e-06
6,527,477.479,0.946,1.1391664e-05,1.0824998e-05,1.447916e-05,7.279165e-06,1.1874994e-05,1.3379161e-05,1.075e-05,1.272916e-05,6.129162e-06,1.1329166e-05,1.0554163e-05,1.0641662e-05,8.595832e-06,8.93333e-06,1.1249996e-05,8.791661e-06
6,528,477.622,0.944,1.1487492e-05,1.075e-05,1.4379159e-05,7.183329e-06,1.1862493e-05,1.336666e-05,1.0720825e-05,1.2604165e-05,6.124997e-06,1.1041665e-05,1.0591666e-05,1.0591666e-05,8.59166e-06,8.93333e-06,1.1245831e-05,8.799998e-06
6,529,477.766,0.942,1.1254159e-05,1.0658327e-05,1.4287496e-05,7.204159e-06,1.1824997e-05,1.3283332e-05,1.0666665e-05,1.2574998e-05,6.145827e-06,1.0916662e-05,1.0437497e-05,1.0516659e-05,8.491659e-06,8.816663e-06,1.1174997e-05,8.708326e-06
6,530,477.909,0.94,1.1279162e-05,1.0612495e-05,1.4308325e-05,7.191666e-06,1.1849999e-05,1.3241664e-05,1.0587493e-05,1.2499992e-05,6.145827e-06,1.095833e-05,1.0333331e-05,1.0570828e-05,8.462493e-06,8.833329e-06,1.1049994e-05,8.741665e-06
6,531,478.052,0.938,1.1274998e-05,1.058333e-05,1.4308325e-05,7.158327e-06,1.1774993e-05,1.3133327e-05,1.0595831e-05,1.2504164e-05,6.116661e-06,1.0929163e-05,1.0270826e-05,1.0520832e-05,8.445827e-06,8.745829e-06,1.1054166e-05,8.666659e-06
6,532,478.195,0.936,1.0991661e-05,1.0520832e-05,1.4237499e-05,7.11666e-06,1.1729161e-05,1.319166e-05,1.0487493e-05,1.243333e-05,6.112496e-06,1.0866665e-05,1.0170826e-05,1.0391665e-05,8.333325e-06,8.762495e-06,1.0983332e-05,8.616662e-06
6,533,478.338,0.934,1.1008327e-05,1.0483329e-05,1.4179166e-05,7.024995e-06,1.1654162e-05,1.3062493e-05,1.0466663e-05,1.2358331e-05,6.09583e-06,1.080416e-05,1.0170826e-05,1.0308329e-05,8.349999e-06,8.804162e-06,1.0987496e-05,8.516661e-06
6,534,478.481,0.932,1.1033329e-05,1.0374999e-05,1.4158329e-05,7.066663e-06,1.1662499e-05,1.3049992e-05,1.0474992e-05,1.234583e-05,6.058327e-06,1.0712496e-05,1.0129165e-05,1.0274998e-05,8.145825e-06,8.695833e-06,1.089166e-05,8.445827e-06
6,535,478.624,0.93,1.0883331e-05,1.0312494e-05,1.399583e-05,7.012494e-06,1.1583328e-05,1.3024997e-05,1.0345832e-05,1.2258331e-05,6.162492e-06,1.0699995e-05,1.0079161e-05,1.024166e-05,8.124995e-06,8.745829e-06,1.0816661e-05,8.395831e-06
6,536,478.767,0.928,1.0816661e-05,1.0324995e-05,1.3929161e-05,7.033332e-06,1.1566663e-05,1.3029162e-05,1.0270826e-05,1.2258331e-05,6.104159e-06,1.0624997e-05,1.004583e-05,1.0204164e-05,8.054161e-06,8.687496e-06,1.0820826e-05,8.383329e-06
6,537,478.91,0.926,1.0779167e-05,1.032916e-05,1.3999995e-05,6.962498e-06,1.1583328e-05,1.2941662e-05,1.0279163e-05,1.217916e-05,6.01666e-06,1.0587493e-05,9.970832e-06,1.0158332e-05,8.045832e-06,8.57083e-06,1.0791659e-05,8.324997e-06
6,538,479.053,0.924,1.0695831e-05,1.0345832e-05,1.3820831e-05,6.94166e-06,1.1587493e-05,1.2887494e-05,1.0279163e-05,1.2079159e-05,6.033325e-06,1.0516659e-05,9.941666e-06,1.0112492e-05,7.991664e-06,8.587495e-06,1.0620833e-05,8.333325e-06
6,539,479.196,0.922,1.0654163e-05,1.0279163e-05,1.3787492e-05,6.829158e-06,1.1587493e-05,1.2899995e-05,1.0162496e-05,1.2012498e-05,6.012495e-06,1.0533333e-05,9.912499e-06,1.0070833e-05,7.974998e-06,8.508333e-06,1.0620833e-05,8.174999e-06
6,540,479.339,0.92,1.0599994e-05,1.022083e-05,1.3729159e-05,6.75416e-06,1.144166e-05,1.2799994e-05,1.0141659e-05,1.2029163e-05,6.01666e-06,1.0441661e-05,9.862494e-06,1.0116664e-05,7.93333e-06,8.545828e-06,1.0570828e-05,8.141661e-06
6,541,479.482,0.918,1.0574992e-05,1.0224994e-05,1.36875e-05,6.758332e-06,1.144166e-05,1.2945827e-05,1.0166661e-05,1.1954165e-05,6.004159e-06,1.0424996e-05,9.812498e-06,1.0058331e-05,7.904164e-06,8.508333e-06,1.052916e-05,8.016666e-06
6,542,479.625,0.916,1.0674993e-05,1.0212493e-05,1.3633331e-05,6.762496e-06,1.1454161e-05,1.2737497e-05,1.0141659e-05,1.1891659e-05,5.933332e-06,1.0379164e-05,9.774994e-06,1.0020828e-05,7.837494e-06,8.48333e-06,1.0433332e-05,7.974998e-06
6,543,479.768,0.914,1.0533333e-05,1.0083326e-05,1.3591663e-05,6.741659e-06,1.1316665e-05,1.2654162e-05,1.0120829e-05,1.1887495e-05,5.987493e-06,1.0308329e-05,9.729163e-06,9.945829e-06,7.787497e-06,8.462493e-06,1.0387492e-05,7.945831e-06
6,544,479.911,0.912,1.0599994e-05,1.0024993e-05,1.3545831e-05,6.683326e-06,1.13e-05,1.2629159e-05,1.0195828e-05,1.1841663e-05,6.029161e-06,1.0283327e-05,9.616661e-06,9.933328e-06,7.779161e-06,8.429161e-06,1.0349997e-05,7.899992e-06
6,545,480.054,0.91,1.0358325e-05,9.991661e-06,1.3524993e-05,6.641666e-06,1.1287499e-05,1.2545832e-05,9.874995e-06,1.1754163e-05,5.920831e-06,1.0249996e-05,9.579166e-06,9.820827e-06,7.699999e-06,8.399995e-06,1.0270826e-05,7.870825e-06
6,546,480.197,0.908,1.022083e-05,1.004583e-05,1.3537494e-05,6.654159e-06,1.1241658e-05,1.2595829e-05,9.899998e-06,1.180416e-05,5.958327e-06,1.0187498e-05,9.624998e-06,9.829164e-06,7.649994e-06,8.374993e-06,1.0258333e-05,7.816664e-06
6,547,480.34,0.906,1.024166e-05,9.933328e-06,1.3445831e-05,6.612492e-06,1.1170832e-05,1.2537495e-05,9.874995e-06,1.1724997e-05,6.079165e-06,1.0149995e-05,9.520832e-06,9.816663e-06,7.620828e-06,8.304159e-06,1.0179162e-05,7.799999e-06
6,548,480.483,0.904,1.0233331e-05,9.987497e-06,1.336666e-05,6.604163e-06,1.1174997e-05,1.2491663e-05,9.845829e-06,1.1533331e-05,5.937497e-06,1.0079161e-05,9.533326e-06,9.724999e-06,7.612498e-06,8.304159e-06,1.0162496e-05,7.7125e-06
6,549,480.626,0.902,1.0149995e-05,9.916663e-06,1.3274996e-05,6.512499e-06,1.1120828e-05,1.2437495e-05,9.783332e-06,1.1579164e-05,6.037497e-06,1.0112492e-05,9.433325e-06,9.704161e-06,7.499997e-06,8.274992e-06,1.0087498e-05,7.687497e-06
6,550,480.769,0.9,1.0049995e-05,9.941666e-06,1.325833e-05,6.491661e-06,1.1099998e-05,1.2395827e-05,9.733327e-06,1.1499993e-05,5.92916e-06,9.991661e-06,9.449998e-06,9.704161e-06,7.458329e-06,8.220832e-06,1.006666e-05,7.683333e-06
6,551,480.912,0.898,9.999999e-06,9.87916e-06,1.3158329e-05,6.466659e-06,1.1054166e-05,1.2424994e-05,9.699997e-06,1.1416666e-05,5.883328e-06,1.0041666e-05,9.383329e-06,9.687496e-06,7.462494e-06,8.270827e-06,9.933328e-06,7.612498e-06
6,552,481.055,0.896,1.0041666e-05,9.795833e-06,1.3124998e-05,6.524992e-06,1.1037493e-05,1.2279161e-05,9.624998e-06,1.1395828e-05,5.866663e-06,9.929165e-06,9.441662e-06,9.58333e-06,7.379158e-06,8.19583e-06,9.924992e-06,7.545829e-06
6,553,481.199,0.894,9.954158e-06,9.824999e-06,1.3049992e-05,6.441664e-06,1.1041665e-05,1.245416e-05,9.591659e-06,1.1349996e-05,5.879164e-06,9.729163e-06,9.262498e-06,9.645828e-06,7.291659e-06,8.162498e-06,9.924992e-06,7.424998e-06
6,554,481.342,0.892,9.908326e-06,9.770831e-06,1.2995831e-05,6.345828e-06,1.0941664e-05,1.2216663e-05,9.541663e-06,1.1341659e-05,5.891665e-06,9.729163e-06,9.154161e-06,9.516661e-06,7.333326e-06,8.183329e-06,9.79166e-06,7.47083e-06
6,555,481.485,0.89,9.854166e-06,9.695832e-06,1.2954163e-05,6.329163e-06,1.0937492e-05,1.2145829e-05,9.499995e-06,1.1220829e-05,5.916659e-06,9.733327e-06,9.279163e-06,9.595831e-06,7.30416e-06,8.112494e-06,9.766666e-06,7.316661e-06
6,556,481.628,0.888,9.829164e-06,9.716662e-06,1.2945827e-05,6.304161e-06,1.0895832e-05,1.2099998e-05,9.458327e-06,1.1237494e-05,5.854161e-06,9.699997e-06,9.170826e-06,9.520832e-06,7.229161e-06,8.04166e-06,9.720826e-06,7.28333e-06
6,557,481.771,0.886,9.891661e-06,9.591659e-06,1.2908332e-05,6.29166e-06,1.0816661e-05,1.2095833e-05,9.399994e-06,1.1154159e-05,5.849997e-06,9.608332e-06,9.104165e-06,9.612497e-06,7.183329e-06,8.112494e-06,9.67083e-06,7.28333e-06
6,558,481.914,0.884,9.612497e-06,9.774994e-06,1.28625e-05,6.258329e-06,1.0808333e-05,1.2066666e-05,9.391665e-06,1.1087497e-05,5.833332e-06,9.579166e-06,9.062497e-06,9.333332e-06,7.19583e-06,8.133332e-06,9.620825e-06,7.212496e-06
6,559,482.057,0.882,9.624998e-06,9.537498e-06,1.2837498e-05,6.27083e-06,1.0795831e-05,1.197083e-05,9.324996e-06,1.1020828e-05,5.991666e-06,9.545827e-06,8.995827e-06,9.32916e-06,7.108331e-06,8.087492e-06,9.512496e-06,7.154163e-06
6,560,482.2,0.88,9.729163e-06,9.479165e-06,1.2866664e-05,6.241663e-06,1.0691659e-05,1.1945828e-05,9.320831e-06,1.0941664e-05,5.837496e-06,9.449998e-06,8.958332e-06,9.304166e-06,6.991665e-06,8.062498e-06,9.60416e-06,7.062499e-06
6,561,482.343,0.878,9.533326e-06,9.508331e-06,1.2612494e-05,6.341664e-06,1.0716661e-05,1.1941664e-05,9.237496e-06,1.0941664e-05,5.824995e-06,9.412495e-06,8.891662e-06,9.266662e-06,6.945832e-06,8.058326e-06,9.412495e-06,7.066663e-06
6,562,482.486,0.876,9.545827e-06,9.520832e-06,1.2508329e-05,6.091658e-06,1.0691659e-05,1.1870829e-05,9.304166e-06,1.0879159e-05,5.812494e-06,9.479165e-06,8.874997e-06,9.208329e-06,6.92083e-06,7.887498e-06,9.404159e-06,7.11666e-06
6,563,482.629,0.874,9.408331e-06,9.50416e-06,1.2549996e-05,6.087494e-06,1.0837499e-05,1.1874994e-05,9.166662e-06,1.0829162e-05,5.80833e-06,9.30833e-06,8.783332e-06,9.224995e-06,6.870826e-06,7.874997e-06,9.324996e-06,6.945832e-06
6,564,482.772,0.872,9.404159e-06,9.379164e-06,1.2508329e-05,5.987493e-06,1.0712496e-05,1.1845827e-05,9.14166e-06,1.0854164e-05,5.812494e-06,9.316659e-06,8.833329e-06,9.216667e-06,6.845832e-06,7.908328e-06,9.245833e-06,6.891664e-06
6,565,482.915,0.87,9.391665e-06,9.420832e-06,1.243333e-05,6.045826e-06,1.0570828e-05,1.1720832e-05,9.12083e-06,1.0699995e-05,5.804165e-06,9.229159e-06,8.687496e-06,9.104165e-06,6.75416e-06,7.849995e-06,9.258326e-06,6.795828e-06
6,566,483.058,0.868,9.483329e-06,9.349998e-06,1.2379161e-05,5.937497e-06,1.0508331e-05,1.1849999e-05,9.099992e-06,1.0674993e-05,5.837496e-06,9.237496e-06,8.687496e-06,9.05416e-06,6.73333e-06,7.837494e-06,9.216667e-06,6.804164e-06
6,567,483.201,0.866,9.366663e-06,9.358327e-06,1.2329165e-05,5.933332e-06,1.0424996e-05,1.1662499e-05,9.091664e-06,1.0641662e-05,5.816658e-06,9.179163e-06,8.683332e-06,9.037494e-06,6.645831e-06,7.791662e-06,9.158325e-06,6.704164e-06
6,568,483.344,0.864,9.349998e-06,9.304166e-06,1.2220828e-05,5.949998e-06,1.0433332e-05,1.160833e-05,9.041659e-06,1.0599994e-05,5.787492e-06,9.062497e-06,8.558329e-06,9.066661e-06,6.649995e-06,7.770833e-06,9.124994e-06,6.708328e-06
6,569,483.487,0.862,9.091664e-06,9.249997e-06,1.2212499e-05,5.887493e-06,1.0449998e-05,1.1487492e-05,8.908328e-06,1.0645826e-05,5.787492e-06,9.033331e-06,8.5375e-06,8.954159e-06,6.616664e-06,7.774996e-06,9.079162e-06,6.708328e-06
6,570,483.63,0.86,9.029166e-06,9.249997e-06,1.2087497e-05,5.866663e-06,1.0412495e-05,1.1483327e-05,8.849995e-06,1.0562499e-05,5.779163e-06,8.979162e-06,8.487495e-06,8.899999e-06,6.595826e-06,7.737493e-06,8.995827e-06,6.579161e-06
6,571,483.773,0.858,9.016665e-06,9.208329e-06,1.2074995e-05,5.816658e-06,1.0349997e-05,1.1458325e-05,8.812499e-06,1.0416658e-05,5.833332e-06,8.970833e-06,8.445827e-06,8.891662e-06,6.533329e-06,7.704162e-06,8.949995e-06,6.608327e-06
6,572,483.916,0.856,8.958332e-06,9.187492e-06,1.2062494e-05,5.783327e-06,1.0333331e-05,1.1387499e-05,8.75833e-06,1.032916e-05,5.783327e-06,8.924992e-06,8.399995e-06,8.854158e-06,6.474996e-06,7.662495e-06,8.891662e-06,6.537493e-06
6,573,484.059,0.854,8.958332e-06,9.154161e-06,1.2029163e-05,5.787492e-06,1.0266662e-05,1.1366661e-05,8.745829e-06,1.0266662e-05,5.729159e-06,8.86666e-06,8.395831e-06,8.854158e-06,6.445829e-06,7.683333e-06,8.908328e-06,6.512499e-06
6,574,484.202,0.852,8.816663e-06,9.058333e-06,1.1974995e-05,5.687499e-06,1.0262497e-05,1.1258332e-05,8.741665e-06,1.0262497e-05,5.716666e-06,8.874997e-06,8.383329e-06,8.77916e-06,6.379159e-06,7.620828e-06,8.812499e-06,6.474996e-06
6,575,484.345,0.85,8.799998e-06,9.029166e-06,1.1949992e-05,5.716666e-06,1.022083e-05,1.1270833e-05,8.683332e-06,1.0249996e-05,5.683327e-06,8.849995e-06,8.420833e-06,8.762495e-06,6.345828e-06,7.583332e-06,8.783332e-06,6.429163e-06
6,576,484.488,0.848,8.949995e-06,9.037494e-06,1.1895831e-05,5.691663e-06,1.0166661e-05,1.1245831e-05,8.649993e-06,1.0187498e-05,5.679162e-06,8.649993e-06,8.31666e-06,8.75833e-06,6.312498e-06,7.591661e-06,8.683332e-06,6.449994e-06
6,577,484.632,0.846,8.895826e-06,8.991663e-06,1.1737498e-05,5.699992e-06,1.0174997e-05,1.1141666e-05,8.583331e-06,1.0137494e-05,5.708329e-06,8.633328e-06,8.283329e-06,8.741665e-06,6.308325e-06,7.508326e-06,8.716663e-06,6.358329e-06
6,578,484.775,0.844,8.604161e-06,8.920829e-06,1.1724997e-05,5.566661e-06,1.013333e-05,1.1149995e-05,8.520826e-06,1.0099999e-05,5.708329e-06,8.604161e-06,8.120831e-06,8.741665e-06,6.220826e-06,7.566658e-06,8.541663e-06,6.283331e-06
6,579,484.918,0.842,8.674995e-06,8.912491e-06,1.1699995e-05,5.595827e-06,1.0079161e-05,1.104583e-05,8.491659e-06,1.0041666e-05,5.72083e-06,8.558329e-06,8.083328e-06,8.583331e-06,6.237499e-06,7.499997e-06,8.57083e-06,6.224998e-06
6,580,485.061,0.84,8.487495e-06,8.854158e-06,1.1604166e-05,5.570825e-06,9.970832e-06,1.1037493e-05,8.412496e-06,1.0004163e-05,5.679162e-06,8.499996e-06,7.999993e-06,8.574994e-06,6.27083e-06,7.512498e-06,8.48333e-06,6.245828e-06
6,581,485.204,0.838,8.529162e-06,8.96666e-06,1.1566663e-05,5.512492e-06,1.0041666e-05,1.0991661e-05,8.445827e-06,9.949994e-06,5.666661e-06,8.437499e-06,8.016666e-06,8.516661e-06,6.229162e-06,7.40416e-06,8.458328e-06,6.129162e-06
6,582,485.347,0.836,8.429161e-06,8.791661e-06,1.1495828e-05,5.487498e-06,9.945829e-06,1.0962494e-05,8.304159e-06,9.937493e-06,5.72083e-06,8.395831e-06,8.008329e-06,8.474994e-06,6.174993e-06,7.462494e-06,8.399995e-06,6.09583e-06
6,583,485.49,0.834,8.420833e-06,8.699997e-06,1.1533331e-05,5.483325e-06,9.945829e-06,1.0899997e-05,8.304159e-06,9.804161e-06,5.65416e-06,8.345826e-06,7.949996e-06,8.491659e-06,6.141663e-06,7.354164e-06,8.362492e-06,6.074993e-06
6,584,485.633,0.832,8.312496e-06,8.683332e-06,1.1491664e-05,5.508327e-06,9.924992e-06,1.0837499e-05,8.299994e-06,9.75833e-06,5.65416e-06,8.241662e-06,7.912493e-06,8.412496e-06,6.045826e-06,7.449993e-06,8.366665e-06,6.054163e-06
6,585,485.776,0.83,8.320832e-06,8.649993e-06,1.1495828e-05,5.37916e-06,9.870831e-06,1.0779167e-05,8.249998e-06,9.741664e-06,5.666661e-06,8.308331e-06,7.85416e-06,8.41666e-06,5.974992e-06,7.399996e-06,8.312496e-06,6.008331e-06
6,586,485.919,0.828,8.204166e-06,8.587495e-06,1.1341659e-05,5.312499e-06,9.908326e-06,1.0729162e-05,8.166663e-06,9.67083e-06,5.674998e-06,8.199993e-06,7.820829e-06,8.391658e-06,5.979165e-06,7.324998e-06,8.320832e-06,5.958327e-06
6,587,486.062,0.826,8.233333e-06,8.599996e-06,1.1204163e-05,5.420828e-06,9.741664e-06,1.0716661e-05,8.154162e-06,9.624998e-06,5.662497e-06,8.137496e-06,7.733329e-06,8.324997e-06,5.974992e-06,7.337499e-06,8.116658e-06,5.974992e-06
6,588,486.205,0.824,8.212495e-06,8.549992e-06,1.116666e-05,5.254165e-06,9.79166e-06,1.061666e-05,8.154162e-06,9.58333e-06,5.670825e-06,8.10833e-06,7.774996e-06,8.333325e-06,5.904166e-06,7.274993e-06,8.079163e-06,5.837496e-06
6,589,486.348,0.822,8.154162e-06,8.50416e-06,1.1079161e-05,5.229163e-06,9.666665e-06,1.0641662e-05,8.070827e-06,9.562493e-06,5.641659e-06,8.120831e-06,7.658331e-06,8.254163e-06,5.966663e-06,7.241662e-06,8.054161e-06,5.80833e-06
6,590,486.491,0.82,8.245825e-06,8.470829e-06,1.1087497e-05,5.237492e-06,9.720826e-06,1.058333e-05,8.049997e-06,9.483329e-06,5.608328e-06,8.049997e-06,7.641665e-06,8.216659e-06,5.849997e-06,7.187494e-06,7.94166e-06,5.733331e-06
6,591,486.634,0.818,8.149997e-06,8.466665e-06,1.1008327e-05,5.212498e-06,9.633327e-06,1.0491665e-05,8.124995e-06,9.41666e-06,5.699992e-06,7.987499e-06,7.641665e-06,8.233333e-06,5.879164e-06,7.191666e-06,7.929166e-06,5.791664e-06
6,592,486.777,0.816,8.045832e-06,8.412496e-06,1.0945829e-05,5.179159e-06,9.60416e-06,1.0524996e-05,7.899992e-06,9.399994e-06,5.666661e-06,7.954161e-06,7.524999e-06,8.137496e-06,5.766662e-06,7.137497e-06,7.891663e-06,5.729159e-06
6,593,486.92,0.814,8.037496e-06,8.358327e-06,1.0945829e-05,5.158329e-06,9.591659e-06,1.0395829e-05,7.979163e-06,9.362499e-06,5.629166e-06,7.841659e-06,7.516662e-06,8.183329e-06,5.787492e-06,7.166664e-06,7.841659e-06,5.708329e-06
6,594,487.063,0.812,7.887498e-06,8.362492e-06,1.0874995e-05,5.091659e-06,9.549999e-06,1.0316666e-05,7.841659e-06,9.370828e-06,5.641659e-06,7.787497e-06,7.483332e-06,8.137496e-06,5.762497e-06,7.079164e-06,7.791662e-06,5.670825e-06
6,595,487.206,0.81,7.866661e-06,8.262499e-06,1.0774994e-05,5.091659e-06,9.499995e-06,1.0308329e-05,7.795827e-06,9.279163e-06,5.670825e-06,7.758331e-06,7.474995e-06,8.145825e-06,5.708329e-06,7.066663e-06,7.708327e-06,5.687499e-06
6,596,487.349,0.808,7.816664e-06,8.308331e-06,1.0770829e-05,5.049992e-06,9.470828e-06,1.0266662e-05,7.912493e-06,9.145832e-06,5.683327e-06,7.737493e-06,7.437499e-06,8.070827e-06,5.712493e-06,7.049998e-06,7.733329e-06,5.616665e-06
6,597,487.492,0.806,7.737493e-06,8.274992e-06,1.0645826e-05,4.999995e-06,9.437497e-06,1.0191663e-05,7.724992e-06,9.095827e-06,5.591663e-06,7.670832e-06,7.337499e-06,7.958332e-06,5.649996e-06,7.020831e-06,7.687497e-06,5.591663e-06
6,598,487.635,0.804,7.749994e-06,8.183329e-06,1.0691659e-05,4.987494e-06,9.408331e-06,1.013333e-05,7.74583e-06,9.016665e-06,5.574997e-06,7.666659e-06,7.30416e-06,7.974998e-06,5.687499e-06,7.062499e-06,7.566658e-06,5.620829e-06
6,599,487.778,0.802,7.549993e-06,8.149997e-06,1.0533333e-05,4.958328e-06,9.408331e-06,1.0083326e-05,7.645829e-06,8.999999e-06,5.574997e-06,7.549993e-06,7.329162e-06,7.929166e-06,5.658333e-06,6.92083e-06,7.554166e-06,5.620829e-06
6,600,487.921,0.8,7.720828e-06,8.124995e-06,1.0504166e-05,4.949999e-06,9.399994e-06,1.0049995e-05,7.637493e-06,8.96666e-06,5.570825e-06,7.524999e-06,7.345827e-06,7.895827e-06,5.616665e-06,6.945832e-06,7.474995e-06,5.562496e-06
6,601,488.065,0.798,7.641665e-06,8.137496e-06,1.049583e-05,4.849998e-06,9.283328e-06,9.97916e-06,7.570831e-06,8.924992e-06,5.620829e-06,7.437499e-06,7.320825e-06,7.874997e-06,5.616665e-06,6.899993e-06,7.441664e-06,5.495826e-06
6,602,488.208,0.796,7.583332e-06,8.029159e-06,1.0483329e-05,4.887494e-06,9.304166e-06,9.97916e-06,7.520827e-06,8.912491e-06,5.591663e-06,7.374994e-06,7.166664e-06,7.874997e-06,5.570825e-06,6.94166e-06,7.387495e-06,5.508327e-06
6,603,488.351,0.794,7.57916e-06,8.012494e-06,1.0412495e-05,4.849998e-06,9.266662e-06,9.895825e-06,7.508326e-06,8.799998e-06,5.604164e-06,7.324998e-06,7.104159e-06,7.899992e-06,5.558332e-06,6.924995e-06,7.341663e-06,5.433329e-06
6,604,488.494,0.792,7.454165e-06,7.999993e-06,1.0341661e-05,4.866663e-06,9.195828e-06,9.841665e-06,7.416661e-06,8.808327e-06,5.599999e-06,7.345827e-06,7.020831e-06,7.83333e-06,5.587498e-06,6.879163e-06,7.412497e-06,5.437493e-06
6,605,488.637,0.79,7.299996e-06,7.949996e-06,1.0312494e-05,4.824996e-06,9.162498e-06,9.841665e-06,7.412497e-06,8.691661e-06,5.579162e-06,7.316661e-06,7.02916e-06,7.879162e-06,5.508327e-06,6.824994e-06,7.21666e-06,5.362495e-06
6,606,488.78,0.788,7.241662e-06,7.870825e-06,1.0204164e-05,4.758326e-06,9.137495e-06,9.720826e-06,7.349992e-06,8.699997e-06,5.574997e-06,7.245827e-06,7.012494e-06,7.741666e-06,5.558332e-06,6.849996e-06,7.19583e-06,5.404162e-06
6,607,488.923,0.786,7.187494e-06,7.870825e-06,1.0324995e-05,4.695829e-06,9.095827e-06,9.687496e-06,7.337499e-06,8.724999e-06,5.566661e-06,7.174993e-06,6.962498e-06,7.658331e-06,5.474997e-06,6.82083e-06,7.11666e-06,5.329164e-06
6,608,489.066,0.784,7.145826e-06,7.762495e-06,1.0079161e-05,4.724996e-06,9.058333e-06,9.662493e-06,7.341663e-06,8.554164e-06,5.612493e-06,7.129161e-06,6.933331e-06,7.608326e-06,5.470832e-06,6.708328e-06,7.083328e-06,5.312499e-06
6,609,489.209,0.782,7.145826e-06,7.749994e-06,1.0095827e-05,4.64166e-06,8.96666e-06,9.60416e-06,7.19583e-06,8.524998e-06,5.637495e-06,7.054162e-06,6.862497e-06,7.591661e-06,5.454159e-06,6.704164e-06,7.016659e-06,5.312499e-06
6,610,489.352,0.78,7.095829e-06,7.695826e-06,9.983333e-06,4.608329e-06,9.033331e-06,9.524997e-06,7.237498e-06,8.487495e-06,5.53333e-06,7.070827e-06,6.841659e-06,7.541664e-06,5.437493e-06,6.708328e-06,7.11666e-06,5.295825e-06
6,611,489.495,0.778,6.995829e-06,7.666659e-06,9.912499e-06,4.54166e-06,8.908328e-06,9.49583e-06,7.1625e-06,8.420833e-06,5.608328e-06,6.995829e-06,6.82083e-06,7.508326e-06,5.44583e-06,6.662496e-06,6.870826e-06,5.312499e-06
6,612,489.638,0.776,7.179165e-06,7.624992e-06,9.887497e-06,4.529158e-06,8.908328e-06,9.549999e-06,7.11666e-06,8.391658e-06,5.524993e-06,6.933331e-06,6.783327e-06,7.533328e-06,5.408327e-06,6.674997e-06,6.854161e-06,5.216662e-06
6,613,489.781,0.774,7.049998e-06,7.587496e-06,9.829164e-06,4.520829e-06,8.829164e-06,9.449998e-06,7.066663e-06,8.304159e-06,5.616665e-06,6.870826e-06,6.708328e-06,7.458329e-06,5.391661e-06,6.612492e-06,6.758332e-06,5.183331e-06
6,614,489.924,0.772,6.899993e-06,7.566658e-06,9.766666e-06,4.462496e-06,8.84583e-06,9.324996e-06,7.024995e-06,8.266664e-06,5.583326e-06,6.791663e-06,6.683326e-06,7.449993e-06,5.362495e-06,6.629165e-06,6.783327e-06,5.187495e-06
6,615,490.067,0.77,6.858325e-06,7.545829e-06,9.729163e-06,4.466661e-06,8.787497e-06,9.433325e-06,6.999993e-06,8.216659e-06,5.583326e-06,6.795828e-06,6.587497e-06,7.316661e-06,5.374996e-06,6.587497e-06,6.712492e-06,5.112497e-06
6,616,490.21,0.768,6.870826e-06,7.624992e-06,9.637499e-06,4.474998e-06,8.754166e-06,9.237496e-06,6.904165e-06,8.174999e-06,5.616665e-06,6.749995e-06,6.658332e-06,7.337499e-06,5.35833e-06,6.583325e-06,6.691662e-06,5.154165e-06
6,617,490.353,0.766,6.899993e-06,7.458329e-06,9.624998e-06,4.43333e-06,8.729164e-06,9.24166e-06,6.845832e-06,8.083328e-06,5.529165e-06,6.699999e-06,6.512499e-06,7.337499e-06,5.312499e-06,6.554159e-06,6.616664e-06,5.158329e-06
6,618,490.496,0.764,6.724993e-06,7.437499e-06,9.579166e-06,4.395827e-06,8.645829e-06,9.124994e-06,6.824994e-06,8.054161e-06,5.583326e-06,6.670833e-06,6.558331e-06,7.274993e-06,5.320827e-06,6.483333e-06,6.599998e-06,5.162493e-06
6,619,490.639,0.762,6.645831e-06,7.333326e-06,9.524997e-06,4.358331e-06,8.637492e-06,9.116666e-06,6.812493e-06,8.058326e-06,5.579162e-06,6.604163e-06,6.533329e-06,7.266664e-06,5.312499e-06,6.504162e-06,6.520828e-06,5.158329e-06
6,620,490.782,0.76,6.591662e-06,7.308332e-06,9.408331e-06,4.337493e-06,8.595832e-06,9.041659e-06,6.75416e-06,7.937495e-06,5.629166e-06,6.599998e-06,6.45833e-06,7.237498e-06,5.324991e-06,6.537493e-06,6.512499e-06,5.141664e-06
6,621,490.925,0.758,6.56666e-06,7.320825e-06,9.370828e-06,4.295826e-06,8.5375e-06,9.004164e-06,6.708328e-06,7.862496e-06,5.620829e-06,6.504162e-06,6.466659e-06,7.170828e-06,5.241664e-06,6.433328e-06,6.483333e-06,5.129163e-06
6,622,491.068,0.756,6.520828e-06,7.262492e-06,9.374992e-06,4.254158e-06,8.554164e-06,8.937494e-06,6.720829e-06,7.858332e-06,5.541659e-06,6.512499e-06,6.412498e-06,7.129161e-06,5.349994e-06,6.429163e-06,6.379159e-06,5.120826e-06
6,623,491.211,0.754,6.529164e-06,7.241662e-06,9.333332e-06,4.249994e-06,8.454163e-06,8.904163e-06,6.670833e-06,7.799999e-06,5.512492e-06,6.483333e-06,6.345828e-06,7.124996e-06,5.283332e-06,6.445829e-06,6.354165e-06,5.095832e-06
6,624,491.354,0.752,6.441664e-06,7.187494e-06,9.22083e-06,4.208326e-06,8.470829e-06,8.854158e-06,6.604163e-06,7.754159e-06,5.541659e-06,6.437492e-06,6.333327e-06,7.087493e-06,5.262494e-06,6.362494e-06,6.299997e-06,5.074994e-06
6,625,491.497,0.75,6.399997e-06,7.166664e-06,9.204166e-06,4.162494e-06,8.429161e-06,8.812499e-06,6.562495e-06,7.695826e-06,5.562496e-06,6.299997e-06,6.445829e-06,7.079164e-06,5.299997e-06,6.349993e-06,6.27083e-06,5.062493e-06
6,626,491.641,0.748,6.329163e-06,7.054162e-06,9.162498e-06,4.174995e-06,8.374993e-06,8.770831e-06,6.491661e-06,7.674996e-06,5.541659e-06,6.299997e-06,6.254164e-06,7.108331e-06,5.304162e-06,6.320826e-06,6.241663e-06,5.074994e-06
6,627,491.784,0.746,6.462495e-06,7.016659e-06,9.083326e-06,4.141665e-06,8.258326e-06,8.67916e-06,6.504162e-06,7.612498e-06,5.570825e-06,6.274994e-06,6.166665e-06,7.049998e-06,5.229163e-06,6.324999e-06,6.112496e-06,5.120826e-06
6,628,491.927,0.744,6.354165e-06,7.016659e-06,9.029166e-06,4.124999e-06,8.262499e-06,8.604161e-06,6.45833e-06,7.574995e-06,5.570825e-06,6.18333e-06,6.216661e-06,6.904165e-06,5.312499e-06,6.287495e-06,6.112496e-06,5.099996e-06
6,629,492.07,0.742,6.412498e-06,6.883327e-06,9.029166e-06,4.062494e-06,8.274992e-06,8.5375e-06,6.345828e-06,7.512498e-06,5.574997e-06,6.191659e-06,6.124997e-06,6.949997e-06,5.324991e-06,6.295832e-06,6.079165e-06,5.087495e-06
6,630,492.213,0.74,6.283331e-06,6.908329e-06,8.954159e-06,4.00416e-06,8.162498e-06,8.579159e-06,6.316662e-06,7.483332e-06,5.566661e-06,6.112496e-06,6.104159e-06,6.808329e-06,5.270831e-06,6.266665e-06,6.091658e-06,5.066665e-06
6,631,492.356,0.738,6.116661e-06,6.895828e-06,8.908328e-06,4.016661e-06,8.154162e-06,8.520826e-06,6.320826e-06,7.445828e-06,5.549995e-06,6.091658e-06,6.037497e-06,6.829158e-06,5.195832e-06,6.229162e-06,6.033325e-06,5.083331e-06
6,632,492.499,0.736,6.054163e-06,6.791663e-06,8.904163e-06,3.962493e-06,8.116658e-06,8.433326e-06,6.29166e-06,7.337499e-06,5.595827e-06,6.020832e-06,6.045826e-06,6.787499e-06,5.229163e-06,6.195831e-06,5.958327e-06,5.099996e-06
6,633,492.642,0.734,5.991666e-06,6.783327e-06,8.799998e-06,3.949992e-06,8.062498e-06,8.399995e-06,6.245828e-06,7.37083e-06,5.55416e-06,6.033325e-06,5.999994e-06,6.779162e-06,5.19166e-06,6.170829e-06,5.983329e-06,5.120826e-06
6,634,492.785,0.732,6.024996e-06,6.791663e-06,8.854158e-06,3.870829e-06,8.112494e-06,8.324997e-06,6.224998e-06,7.291659e-06,5.541659e-06,5.954162e-06,5.954162e-06,6.712492e-06,5.216662e-06,6.154164e-06,5.916659e-06,5.054164e-06
6,635,492.928,0.73,5.920831e-06,6.73333e-06,8.604161e-06,3.924998e-06,8.04166e-06,8.291666e-06,6.187495e-06,7.204159e-06,5.55416e-06,5.941661e-06,5.933332e-06,6.712492e-06,5.249993e-06,6.079165e-06,5.824995e-06,5.033326e-06
6,636,493.071,0.728,5.92916e-06,6.674997e-06,8.57083e-06,3.81666e-06,7.908328e-06,8.187492e-06,6.116661e-06,7.149999e-06,5.537494e-06,5.84166e-06,5.862498e-06,6.691662e-06,5.212498e-06,6.120833e-06,5.724994e-06,5.208326e-06
6,637,493.214,0.726,5.937497e-06,6.662496e-06,8.529162e-06,3.829161e-06,7.899992e-06,8.183329e-06,6.112496e-06,7.120832e-06,5.558332e-06,5.849997e-06,5.849997e-06,6.649995e-06,5.229163e-06,6.099995e-06,5.812494e-06,5.07083e-06
6,638,493.357,0.724,5.795829e-06,6.637494e-06,8.437499e-06,3.812496e-06,7.83333e-06,8.170828e-06,6.033325e-06,7.079164e-06,5.549995e-06,5.845833e-06,5.804165e-06,6.587497e-06,5.208326e-06,6.112496e-06,5.787492e-06,5.058328e-06
6,639,493.5,0.722,5.941661e-06,6.574996e-06,8.412496e-06,3.754163e-06,7.849995e-06,8.099993e-06,6.066664e-06,7.004166e-06,5.583326e-06,5.795829e-06,5.820831e-06,6.54583e-06,5.229163e-06,6.070828e-06,5.641659e-06,5.029162e-06
6,640,493.643,0.72,5.899994e-06,6.587497e-06,8.345826e-06,3.724996e-06,7.737493e-06,7.987499e-06,6.01666e-06,6.983328e-06,5.599999e-06,5.691663e-06,5.812494e-06,6.516663e-06,5.212498e-06,6.029161e-06,5.624994e-06,5.033326e-06
6,641,493.786,0.718,5.695828e-06,6.508326e-06,8.329161e-06,3.704158e-06,7.729165e-06,8.016666e-06,5.979165e-06,6.891664e-06,5.574997e-06,5.733331e-06,5.787492e-06,6.570832e-06,5.195832e-06,6.020832e-06,5.591663e-06,5.108333e-06
6,642,493.929,0.716,5.649996e-06,6.47916e-06,8.249998e-06,3.679164e-06,7.67916e-06,7.899992e-06,5.837496e-06,6.833331e-06,5.608328e-06,5.629166e-06,5.666661e-06,6.466659e-06,5.245829e-06,5.99583e-06,5.545831e-06,5.116661e-06
6,643,494.072,0.714,5.641659e-06,6.466659e-06,8.183329e-06,3.658326e-06,7.633328e-06,7.862496e-06,5.879164e-06,6.799992e-06,5.629166e-06,5.666661e-06,5.72083e-06,6.508326e-06,5.212498e-06,6.01666e-06,5.520828e-06,5.116661e-06
6,644,494.215,0.712,5.712493e-06,6.45833e-06,8.158326e-06,3.579164e-06,7.608326e-06,7.787497e-06,5.80833e-06,6.737494e-06,5.624994e-06,5.562496e-06,5.649996e-06,6.445829e-06,5.199997e-06,5.999994e-06,5.462496e-06,5.137499e-06
6,645,494.358,0.71,5.512492e-06,6.283331e-06,8.074999e-06,3.570827e-06,7.541664e-06,7.787497e-06,5.758325e-06,6.716665e-06,5.641659e-06,5.595827e-06,5.629166e-06,6.39166e-06,5.262494e-06,5.92916e-06,5.479161e-06,5.112497e-06
6,646,494.501,0.708,5.516664e-06,6.358329e-06,8.079163e-06,3.54166e-06,7.524999e-06,7.67916e-06,5.762497e-06,6.604163e-06,5.63333e-06,5.487498e-06,5.583326e-06,6.341664e-06,5.195832e-06,5.962499e-06,5.449994e-06,5.208326e-06
6,647,494.644,0.706,5.524993e-06,6.387496e-06,7.970826e-06,3.529159e-06,7.499997e-06,7.662495e-06,5.733331e-06,6.562495e-06,5.583326e-06,5.574997e-06,5.574997e-06,6.333327e-06,5.245829e-06,5.962499e-06,5.374996e-06,5.129163e-06
6,648,494.787,0.704,5.579162e-06,6.29166e-06,7.949996e-06,3.454161e-06,7.441664e-06,7.612498e-06,5.708329e-06,6.591662e-06,5.55416e-06,5.458331e-06,5.520828e-06,6.266665e-06,5.237492e-06,5.887493e-06,5.370831e-06,5.133327e-06
6,649,494.93,0.702,5.520828e-06,6.295832e-06,7.845831e-06,3.474998e-06,7.412497e-06,7.566658e-06,5.679162e-06,6.508326e-06,5.595827e-06,5.383333e-06,5.508327e-06,6.266665e-06,5.291661e-06,5.949998e-06,5.366659e-06,5.187495e-06
6,650,495.074,0.7,5.604164e-06,6.233327e-06,7.85416e-06,3.499993e-06,7.358328e-06,7.566658e-06,5.63333e-06,6.516663e-06,5.562496e-06,5.374996e-06,5.562496e-06,6.241663e-06,5.254165e-06,5.879164e-06,5.299997e-06,5.195832e-06
6,651,495.217,0.698,5.404162e-06,6.149999e-06,7.812492e-06,3.387499e-06,7.354164e-06,7.462494e-06,5.612493e-06,6.420827e-06,5.620829e-06,5.320827e-06,5.399998e-06,6.241663e-06,5.212498e-06,5.879164e-06,5.237492e-06,5.19166e-06
6,652,495.36,0.696,5.329164e-06,6.158328e-06,7.758331e-06,3.395828e-06,7.224997e-06,7.429162e-06,5.570825e-06,6.408326e-06,5.624994e-06,5.299997e-06,5.462496e-06,6.233327e-06,5.316663e-06,5.866663e-06,5.262494e-06,5.208326e-06
6,653,495.503,0.694,5.337492e-06,6.066664e-06,7.733329e-06,3.379162e-06,7.21666e-06,7.387495e-06,5.512492e-06,6.320826e-06,5.612493e-06,5.299997e-06,5.341665e-06,6.262493e-06,5.291661e-06,5.874999e-06,5.224999e-06,5.283332e-06
6,654,495.646,0.692,5.483325e-06,6.033325e-06,7.662495e-06,3.349996e-06,7.241662e-06,7.362493e-06,5.495826e-06,6.379159e-06,5.645832e-06,5.262494e-06,5.395826e-06,6.087494e-06,5.287496e-06,5.874999e-06,5.183331e-06,5.237492e-06
6,655,495.789,0.69,5.266658e-06,6.062492e-06,7.662495e-06,3.349996e-06,7.208331e-06,7.245827e-06,5.483325e-06,6.262493e-06,5.624994e-06,5.249993e-06,5.349994e-06,6.020832e-06,5.329164e-06,5.879164e-06,5.129163e-06,5.287496e-06
6,656,495.932,0.688,5.245829e-06,5.966663e-06,7.529163e-06,3.33333e-06,7.129161e-06,7.241662e-06,5.495826e-06,6.195831e-06,5.608328e-06,5.17083e-06,5.341665e-06,6.066664e-06,5.295825e-06,5.824995e-06,5.099996e-06,5.283332e-06
6,657,496.075,0.686,5.229163e-06,5.962499e-06,7.529163e-06,3.308328e-06,7.058326e-06,7.241662e-06,5.391661e-06,6.154164e-06,5.604164e-06,5.187495e-06,5.308326e-06,6.020832e-06,5.25833e-06,5.804165e-06,5.141664e-06,5.27916e-06
6,658,496.218,0.684,5.237492e-06,5.924996e-06,7.416661e-06,3.316665e-06,7.02916e-06,7.124996e-06,5.383333e-06,6.174993e-06,5.63333e-06,5.158329e-06,5.27916e-06,6.012495e-06,5.233328e-06,5.833332e-06,5.10416e-06,5.337492e-06
6,659,496.361,0.682,5.145828e-06,5.899994e-06,7.345827e-06,3.26666e-06,7.079164e-06,7.108331e-06,5.329164e-06,6.041662e-06,5.691663e-06,5.108333e-06,5.25833e-06,5.979165e-06,5.308326e-06,5.74166e-06,5.041663e-06,5.366659e-06
6,660,496.504,0.68,5.212498e-06,5.854161e-06,7.299996e-06,3.162495e-06,6.958326e-06,7.091665e-06,5.333328e-06,6.033325e-06,5.679162e-06,5.037498e-06,5.254165e-06,5.979165e-06,5.291661e-06,5.724994e-06,4.954163e-06,5.337492e-06
6,661,496.647,0.678,5.220827e-06,5.84166e-06,7.254163e-06,3.183325e-06,6.891664e-06,6.999993e-06,5.316663e-06,6.004159e-06,5.65416e-06,5.112497e-06,5.220827e-06,5.941661e-06,5.295825e-06,5.708329e-06,4.949999e-06,5.387497e-06
6,662,496.79,0.676,5.187495e-06,5.816658e-06,7.241662e-06,3.141666e-06,6.787499e-06,6.916666e-06,5.266658e-06,5.937497e-06,5.641659e-06,5.079166e-06,5.166666e-06,5.90833e-06,5.287496e-06,5.729159e-06,4.979165e-06,5.354166e-06
6,663,496.933,0.674,5.137499e-06,5.766662e-06,7.149999e-06,3.108327e-06,6.779162e-06,6.870826e-06,5.266658e-06,5.879164e-06,5.695828e-06,5.045827e-06,5.137499e-06,5.870827e-06,5.304162e-06,5.712493e-06,4.941662e-06,5.424992e-06
6,664,497.076,0.672,5.216662e-06,5.837496e-06,7.133333e-06,3.091661e-06,6.708328e-06,6.845832e-06,5.254165e-06,5.854161e-06,5.641659e-06,5.041663e-06,5.166666e-06,5.866663e-06,5.304162e-06,5.674998e-06,4.966664e-06,5.366659e-06
6,665,497.219,0.67,5.208326e-06,5.729159e-06,7.095829e-06,3.066659e-06,6.716665e-06,6.779162e-06,5.237492e-06,5.80833e-06,5.699992e-06,4.98333e-06,5.174994e-06,5.862498e-06,5.316663e-06,5.704164e-06,4.929161e-06,5.454159e-06
6,666,497.362,0.668,5.07083e-06,5.758325e-06,7.070827e-06,3.054166e-06,6.691662e-06,6.770825e-06,5.141664e-06,5.74166e-06,5.712493e-06,4.962492e-06,5.074994e-06,5.804165e-06,5.27916e-06,5.679162e-06,4.908331e-06,5.470832e-06
6,667,497.505,0.666,4.991658e-06,5.662497e-06,6.954161e-06,3.020827e-06,6.645831e-06,6.699999e-06,5.149992e-06,5.816658e-06,5.666661e-06,4.979165e-06,5.108333e-06,5.774998e-06,5.304162e-06,5.687499e-06,4.879165e-06,5.516664e-06
6,668,497.648,0.664,4.987494e-06,5.733331e-06,6.94166e-06,2.99166e-06,6.599998e-06,6.683326e-06,5.124998e-06,5.674998e-06,5.820831e-06,4.945827e-06,5.10416e-06,5.754161e-06,5.395826e-06,5.65416e-06,4.879165e-06,5.516664e-06
6,669,497.791,0.662,5.029162e-06,5.658333e-06,6.866662e-06,2.99166e-06,6.516663e-06,6.637494e-06,5.066665e-06,5.604164e-06,5.74166e-06,4.979165e-06,5.024997e-06,5.795829e-06,5.337492e-06,5.629166e-06,4.874993e-06,5.55416e-06
6,670,497.934,0.66,4.958328e-06,5.620829e-06,6.833331e-06,2.945828e-06,6.495825e-06,6.56666e-06,5.074994e-06,5.516664e-06,5.712493e-06,4.904159e-06,5.037498e-06,5.74166e-06,5.370831e-06,5.662497e-06,4.862499e-06,5.55416e-06
6,671,498.077,0.658,4.920832e-06,5.595827e-06,6.804164e-06,2.949993e-06,6.466659e-06,6.504162e-06,5.058328e-06,5.53333e-06,5.704164e-06,4.862499e-06,5.012496e-06,5.729159e-06,5.383333e-06,5.666661e-06,4.82916e-06,5.612493e-06
6,672,498.22,0.656,4.937498e-06,5.574997e-06,6.770825e-06,2.949993e-06,6.424999e-06,6.512499e-06,5.008332e-06,5.541659e-06,5.687499e-06,4.891666e-06,5.033326e-06,5.704164e-06,5.366659e-06,5.674998e-06,4.812495e-06,5.674998e-06
6,673,498.363,0.654,4.89583e-06,5.566661e-06,6.716665e-06,2.895832e-06,6.379159e-06,6.474996e-06,5.008332e-06,5.454159e-06,5.754161e-06,4.79583e-06,5.004159e-06,5.624994e-06,5.404162e-06,5.624994e-06,4.799994e-06,5.604164e-06
6,674,498.507,0.652,4.879165e-06,5.537494e-06,6.629165e-06,2.858329e-06,6.287495e-06,6.429163e-06,4.962492e-06,5.454159e-06,5.716666e-06,4.820832e-06,5.016661e-06,5.679162e-06,5.433329e-06,5.595827e-06,4.799994e-06,5.716666e-06
6,675,498.65,0.65,4.824996e-06,5.46666e-06,6.604163e-06,2.808333e-06,6.345828e-06,6.366666e-06,4.908331e-06,5.424992e-06,5.749996e-06,4.820832e-06,4.970829e-06,5.637495e-06,5.420828e-06,5.616665e-06,4.812495e-06,5.724994e-06
6,676,498.793,0.648,4.891666e-06,5.479161e-06,6.524992e-06,2.795831e-06,6.304161e-06,6.333327e-06,4.929161e-06,5.383333e-06,5.783327e-06,4.808331e-06,4.924997e-06,5.616665e-06,5.529165e-06,5.608328e-06,4.791665e-06,5.733331e-06
6,677,498.936,0.646,4.812495e-06,5.416663e-06,6.474996e-06,2.824998e-06,6.158328e-06,6.249992e-06,4.879165e-06,5.299997e-06,5.783327e-06,4.799994e-06,4.866663e-06,5.558332e-06,5.454159e-06,5.624994e-06,4.787493e-06,5.824995e-06
6,678,499.079,0.644,4.920832e-06,5.416663e-06,6.449994e-06,2.766665e-06,6.199996e-06,6.258329e-06,4.887494e-06,5.27916e-06,5.812494e-06,4.812495e-06,4.874993e-06,5.487498e-06,5.483325e-06,5.583326e-06,4.804158e-06,5.795829e-06
6,679,499.222,0.642,4.849998e-06,5.35833e-06,6.416662e-06,2.758328e-06,6.154164e-06,6.199996e-06,4.887494e-06,5.224999e-06,5.737495e-06,4.816659e-06,4.887494e-06,5.524993e-06,5.512492e-06,5.591663e-06,4.762499e-06,5.849997e-06
6,680,499.365,0.64,4.879165e-06,5.366659e-06,6.354165e-06,2.729162e-06,6.108331e-06,6.149999e-06,4.899995e-06,5.204161e-06,5.829159e-06,4.762499e-06,4.887494e-06,5.474997e-06,5.44583e-06,5.674998e-06,4.70833e-06,5.866663e-06
6,681,499.508,0.638,4.758326e-06,5.333328e-06,6.274994e-06,2.712496e-06,6.108331e-06,6.149999e-06,4.833333e-06,5.162493e-06,5.799993e-06,4.754162e-06,4.870828e-06,5.470832e-06,5.46666e-06,5.704164e-06,4.766663e-06,5.879164e-06
6,682,499.651,0.636,4.808331e-06,5.299997e-06,6.245828e-06,2.654163e-06,6.054163e-06,6.087494e-06,4.82916e-06,5.091659e-06,5.824995e-06,4.783328e-06,4.845826e-06,5.449994e-06,5.516664e-06,5.558332e-06,4.812495e-06,5.958327e-06
6,683,499.794,0.634,4.754162e-06,5.354166e-06,6.208332e-06,2.637498e-06,6.041662e-06,6.049999e-06,4.770827e-06,5.137499e-06,5.799993e-06,4.741661e-06,4.854162e-06,5.429165e-06,5.491662e-06,5.55416e-06,4.720831e-06,5.945826e-06
6,684,499.937,0.632,4.791665e-06,5.354166e-06,6.179166e-06,2.620832e-06,5.983329e-06,6.029161e-06,4.754162e-06,5.062493e-06,5.816658e-06,4.79583e-06,4.799994e-06,5.429165e-06,5.545831e-06,5.55416e-06,4.712494e-06,5.99583e-06
6,685,500.08,0.63,4.91666e-06,5.304162e-06,6.166665e-06,2.612495e-06,5.958327e-06,5.966663e-06,4.833333e-06,5.024997e-06,5.854161e-06,4.766663e-06,4.79583e-06,5.383333e-06,5.545831e-06,5.537494e-06,4.704165e-06,6.049999e-06
6,686,500.223,0.628,4.899995e-06,5.283332e-06,6.091658e-06,2.587493e-06,5.891665e-06,6.012495e-06,4.749998e-06,5.029162e-06,5.866663e-06,4.79583e-06,4.774992e-06,5.383333e-06,5.583326e-06,5.562496e-06,4.72916e-06,6.029161e-06
6,687,500.366,0.626,4.804158e-06,5.254165e-06,6.070828e-06,2.570828e-06,5.824995e-06,5.92916e-06,4.770827e-06,5.016661e-06,5.866663e-06,4.745825e-06,4.804158e-06,5.399998e-06,5.570825e-06,5.562496e-06,4.72916e-06,6.083329e-06
6,688,500.509,0.624,4.870828e-06,5.254165e-06,6.037497e-06,2.59583e-06,5.774998e-06,5.837496e-06,4.687492e-06,4.937498e-06,5.879164e-06,4.79583e-06,4.799994e-06,5.345829e-06,5.595827e-06,5.549995e-06,4.758326e-06,6.108331e-06
6,689,500.652,0.622,4.91666e-06,5.287496e-06,5.983329e-06,2.566663e-06,5.712493e-06,5.812494e-06,4.70833e-06,4.945827e-06,5.879164e-06,4.762499e-06,4.733332e-06,5.308326e-06,5.570825e-06,5.570825e-06,4.754162e-06,6.129162e-06
6,690,500.795,0.62,4.683327e-06,5.208326e-06,5.954162e-06,2.562499e-06,5.716666e-06,5.758325e-06,4.70833e-06,4.858327e-06,5.887493e-06,4.749998e-06,4.745825e-06,5.312499e-06,5.616665e-06,5.55416e-06,4.745825e-06,6.20416e-06
6,691,500.938,0.618,4.766663e-06,5.241664e-06,5.879164e-06,2.52916e-06,5.687499e-06,5.733331e-06,4.691664e-06,4.912496e-06,5.90833e-06,4.766663e-06,4.720831e-06,5.291661e-06,5.645832e-06,5.545831e-06,4.745825e-06,6.27083e-06
6,692,501.081,0.616,4.716659e-06,5.195832e-06,5.987493e-06,2.487493e-06,5.637495e-06,5.737495e-06,4.633331e-06,4.762499e-06,5.954162e-06,4.749998e-06,4.704165e-06,5.329164e-06,5.704164e-06,5.537494e-06,4.741661e-06,6.308325e-06
6,693,501.224,0.614,4.762499e-06,5.233328e-06,5.862498e-06,2.50833e-06,5.608328e-06,5.699992e-06,4.633331e-06,4.741661e-06,5.895829e-06,4.791665e-06,4.716659e-06,5.312499e-06,5.704164e-06,5.53333e-06,4.770827e-06,6.324999e-06
6,694,501.367,0.612,4.72916e-06,5.224999e-06,5.758325e-06,2.454162e-06,5.583326e-06,5.666661e-06,4.629159e-06,4.687492e-06,5.941661e-06,4.912496e-06,4.741661e-06,5.266658e-06,5.745832e-06,5.512492e-06,4.745825e-06,6.379159e-06
6,695,501.51,0.61,4.670826e-06,5.216662e-06,5.787492e-06,2.449997e-06,5.562496e-06,5.63333e-06,4.645832e-06,4.716659e-06,6.079165e-06,4.745825e-06,4.691664e-06,5.25833e-06,5.699992e-06,5.549995e-06,4.799994e-06,6.399997e-06
6,696,501.653,0.608,4.72916e-06,5.17083e-06,5.708329e-06,2.466663e-06,5.524993e-06,5.608328e-06,4.612494e-06,4.712494e-06,5.916659e-06,4.758326e-06,4.674999e-06,5.25833e-06,5.704164e-06,5.616665e-06,4.774992e-06,6.424999e-06
6,697,501.796,0.606,4.720831e-06,5.17083e-06,5.745832e-06,2.458326e-06,5.504163e-06,5.604164e-06,4.608329e-06,4.674999e-06,5.983329e-06,4.79583e-06,4.754162e-06,5.208326e-06,5.770826e-06,5.591663e-06,4.816659e-06,6.508326e-06
6,698,501.939,0.604,4.799994e-06,5.174994e-06,5.63333e-06,2.420831e-06,5.433329e-06,5.541659e-06,4.612494e-06,4.654161e-06,5.949998e-06,4.758326e-06,4.683327e-06,5.208326e-06,5.787492e-06,5.583326e-06,4.816659e-06,6.504162e-06
6,699,502.083,0.602,4.666662e-06,5.174994e-06,5.662497e-06,2.429159e-06,5.458331e-06,5.53333e-06,4.62083e-06,4.62083e-06,5.979165e-06,4.749998e-06,4.637496e-06,5.187495e-06,5.820831e-06,5.604164e-06,4.804158e-06,6.562495e-06
6,700,502.226,0.6,4.812495e-06,5.166666e-06,5.608328e-06,2.404165e-06,5.449994e-06,5.495826e-06,4.687492e-06,4.616666e-06,6.01666e-06,4.812495e-06,4.64166e-06,5.133327e-06,5.858326e-06,5.608328e-06,4.824996e-06,6.63333e-06
6,701,502.369,0.598,4.89583e-06,5.120826e-06,5.587498e-06,2.379163e-06,5.354166e-06,5.458331e-06,4.604165e-06,4.595828e-06,6.020832e-06,4.812495e-06,4.608329e-06,5.162493e-06,5.858326e-06,5.583326e-06,4.874993e-06,6.658332e-06
6,702,502.512,0.596,4.799994e-06,5.083331e-06,5.587498e-06,2.40833e-06,5.349994e-06,5.420828e-06,4.612494e-06,4.587499e-06,6.004159e-06,4.812495e-06,4.649997e-06,5.17083e-06,5.812494e-06,5.599999e-06,4.883329e-06,6.66666e-06
6,703,502.655,0.594,4.704165e-06,5.083331e-06,5.55416e-06,2.391664e-06,5.324991e-06,5.504163e-06,4.604165e-06,4.579163e-06,6.033325e-06,4.804158e-06,4.624995e-06,5.129163e-06,5.916659e-06,5.558332e-06,4.879165e-06,6.73333e-06
6,704,502.798,0.592,4.758326e-06,5.062493e-06,5.537494e-06,2.354161e-06,5.354166e-06,5.387497e-06,4.579163e-06,4.508328e-06,6.058327e-06,4.845826e-06,4.649997e-06,5.137499e-06,5.887493e-06,5.595827e-06,4.862499e-06,6.804164e-06
6,705,502.941,0.59,4.720831e-06,5.120826e-06,5.424992e-06,2.391664e-06,5.308326e-06,5.383333e-06,4.599992e-06,4.504164e-06,6.033325e-06,4.82916e-06,4.633331e-06,5.116661e-06,5.904166e-06,5.574997e-06,4.891666e-06,6.795828e-06
6,706,503.084,0.588,4.799994e-06,5.099996e-06,5.491662e-06,2.379163e-06,5.233328e-06,5.383333e-06,4.583327e-06,4.529158e-06,6.066664e-06,4.866663e-06,4.633331e-06,5.141664e-06,5.924996e-06,5.612493e-06,4.904159e-06,6.883327e-06
6,707,503.227,0.586,4.758326e-06,5.108333e-06,5.374996e-06,2.358325e-06,5.254165e-06,5.341665e-06,4.612494e-06,4.495827e-06,6.066664e-06,4.849998e-06,4.624995e-06,5.091659e-06,5.974992e-06,5.545831e-06,4.966664e-06,6.912494e-06
6,708,503.37,0.584,4.758326e-06,5.087495e-06,5.395826e-06,2.370826e-06,5.35833e-06,5.35833e-06,4.579163e-06,4.508328e-06,6.074993e-06,4.883329e-06,4.599992e-06,5.133327e-06,5.987493e-06,5.55416e-06,5.024997e-06,6.912494e-06
6,709,503.513,0.582,4.804158e-06,5.095832e-06,5.312499e-06,2.283327e-06,5.304162e-06,5.333328e-06,4.545832e-06,4.441659e-06,6.058327e-06,4.837497e-06,4.570826e-06,5.099996e-06,6.037497e-06,5.616665e-06,4.974993e-06,7.02916e-06
6,710,503.656,0.58,4.79583e-06,5.124998e-06,5.370831e-06,2.308329e-06,5.129163e-06,5.408327e-06,4.558333e-06,4.483326e-06,6.108331e-06,4.949999e-06,4.629159e-06,5.108333e-06,6.020832e-06,5.620829e-06,5.012496e-06,7.183329e-06
6,711,503.799,0.578,4.812495e-06,5.095832e-06,5.354166e-06,2.358325e-06,5.124998e-06,5.266658e-06,4.562497e-06,4.441659e-06,6.187495e-06,4.933325e-06,4.558333e-06,5.087495e-06,6.062492e-06,5.641659e-06,4.991658e-06,7.066663e-06
6,712,503.942,0.576,4.870828e-06,5.149992e-06,5.308326e-06,2.312493e-06,5.149992e-06,5.241664e-06,4.583327e-06,4.387498e-06,6.174993e-06,4.933325e-06,4.62083e-06,5.058328e-06,6.129162e-06,5.637495e-06,5.054164e-06,7.091665e-06
6,713,504.085,0.574,4.891666e-06,5.162493e-06,5.270831e-06,2.316666e-06,5.091659e-06,5.241664e-06,4.554161e-06,4.36666e-06,6.191659e-06,4.929161e-06,4.633331e-06,5.024997e-06,6.104159e-06,5.666661e-06,5.079166e-06,7.183329e-06
6,714,504.228,0.572,4.799994e-06,5.095832e-06,5.27916e-06,2.283327e-06,5.087495e-06,5.220827e-06,4.499992e-06,4.337493e-06,6.187495e-06,4.979165e-06,4.624995e-06,5.016661e-06,6.199996e-06,5.658333e-06,5.087495e-06,7.187494e-06
6,715,504.371,0.57,4.854162e-06,5.141664e-06,5.266658e-06,2.279162e-06,5.091659e-06,5.245829e-06,4.508328e-06,4.495827e-06,6.212497e-06,4.991658e-06,4.654161e-06,5.095832e-06,6.141663e-06,5.695828e-06,5.108333e-06,7.266664e-06
6,716,504.514,0.568,5.012496e-06,5.091659e-06,5.216662e-06,2.262497e-06,5.066665e-06,5.241664e-06,4.520829e-06,4.316664e-06,6.18333e-06,5.058328e-06,4.591664e-06,5.012496e-06,6.216661e-06,5.670825e-06,5.124998e-06,7.30416e-06
6,717,504.657,0.566,4.987494e-06,5.079166e-06,5.249993e-06,2.241659e-06,5.024997e-06,5.220827e-06,4.558333e-06,4.341666e-06,6.366666e-06,5.029162e-06,4.637496e-06,5.058328e-06,6.241663e-06,5.658333e-06,5.183331e-06,7.37083e-06
6,718,504.8,0.564,4.879165e-06,5.162493e-06,5.224999e-06,2.224994e-06,5.033326e-06,5.204161e-06,4.554161e-06,4.304163e-06,6.320826e-06,5.049992e-06,4.654161e-06,5.054164e-06,6.20416e-06,5.699992e-06,5.216662e-06,7.408333e-06
6,719,504.943,0.562,4.899995e-06,5.174994e-06,5.233328e-06,2.270826e-06,4.995831e-06,5.216662e-06,4.537495e-06,4.287497e-06,6.27083e-06,5.129163e-06,4.629159e-06,5.099996e-06,6.320826e-06,5.737495e-06,5.237492e-06,7.47083e-06
6,720,505.086,0.56,5.020825e-06,5.187495e-06,5.224999e-06,2.262497e-06,5.029162e-06,5.212498e-06,4.562497e-06,4.362496e-06,6.191659e-06,5.204161e-06,4.645832e-06,5.091659e-06,6.341664e-06,5.766662e-06,5.212498e-06,7.499997e-06
6,721,505.229,0.558,5.066665e-06,5.166666e-06,5.137499e-06,2.25416e-06,4.979165e-06,5.162493e-06,4.583327e-06,4.291662e-06,6.258329e-06,5.162493e-06,4.679163e-06,5.049992e-06,6.370831e-06,5.708329e-06,5.291661e-06,7.533328e-06
6,722,505.372,0.556,4.98333e-06,5.166666e-06,5.145828e-06,2.224994e-06,4.958328e-06,5.17083e-06,4.566662e-06,4.304163e-06,6.287495e-06,5.133327e-06,4.654161e-06,5.099996e-06,6.370831e-06,5.699992e-06,5.341665e-06,7.620828e-06
6,723,505.516,0.554,5.083331e-06,5.166666e-06,5.141664e-06,2.195827e-06,4.937498e-06,5.137499e-06,4.587499e-06,4.316664e-06,6.299997e-06,5.283332e-06,4.591664e-06,5.012496e-06,6.449994e-06,5.766662e-06,5.329164e-06,7.654166e-06
6,724,505.659,0.552,5.154165e-06,5.212498e-06,5.17083e-06,2.283327e-06,4.962492e-06,5.166666e-06,4.549996e-06,4.295826e-06,6.320826e-06,5.183331e-06,4.612494e-06,5.087495e-06,6.483333e-06,5.787492e-06,5.35833e-06,7.7125e-06
6,725,505.802,0.55,5.045827e-06,5.133327e-06,5.129163e-06,2.266661e-06,4.89583e-06,5.204161e-06,4.558333e-06,4.283325e-06,6.337492e-06,5.237492e-06,4.629159e-06,5.19166e-06,6.529164e-06,5.774998e-06,5.362495e-06,7.787497e-06
6,726,505.945,0.548,4.987494e-06,5.195832e-06,5.108333e-06,2.304165e-06,5.004159e-06,5.183331e-06,4.595828e-06,4.299998e-06,6.337492e-06,5.245829e-06,4.637496e-06,5.029162e-06,6.612492e-06,5.824995e-06,5.44583e-06,7.83333e-06
6,727,506.088,0.546,5.17083e-06,5.349994e-06,5.137499e-06,2.308329e-06,4.937498e-06,5.112497e-06,4.570826e-06,4.299998e-06,6.370831e-06,5.304162e-06,4.64166e-06,4.991658e-06,6.620828e-06,5.812494e-06,5.524993e-06,7.879162e-06
6,728,506.231,0.544,5.062493e-06,5.174994e-06,5.120826e-06,2.237495e-06,4.958328e-06,5.124998e-06,4.649997e-06,4.27916e-06,6.374995e-06,5.287496e-06,4.666662e-06,5.045827e-06,6.620828e-06,5.945826e-06,5.512492e-06,7.916665e-06
6,729,506.374,0.542,5.116661e-06,5.216662e-06,5.17083e-06,2.258333e-06,4.89583e-06,5.166666e-06,4.658325e-06,4.316664e-06,6.412498e-06,5.337492e-06,4.687492e-06,5.066665e-06,6.66666e-06,5.837496e-06,5.55416e-06,8.024995e-06
6,730,506.517,0.54,5.179159e-06,5.224999e-06,5.074994e-06,2.287499e-06,4.987494e-06,5.204161e-06,4.62083e-06,4.349994e-06,6.424999e-06,5.345829e-06,4.666662e-06,5.095832e-06,6.658332e-06,5.820831e-06,5.662497e-06,8.029159e-06
6,731,506.66,0.538,5.116661e-06,5.304162e-06,5.083331e-06,2.237495e-06,4.937498e-06,5.204161e-06,4.662498e-06,4.266659e-06,6.412498e-06,5.404162e-06,4.704165e-06,5.083331e-06,6.73333e-06,5.833332e-06,5.724994e-06,8.083328e-06
6,732,506.803,0.536,5.174994e-06,5.283332e-06,5.058328e-06,2.354161e-06,4.912496e-06,5.179159e-06,4.683327e-06,4.287497e-06,6.404161e-06,5.408327e-06,4.70833e-06,5.10416e-06,6.737494e-06,5.84166e-06,5.691663e-06,8.120831e-06
6,733,506.946,0.534,5.241664e-06,5.287496e-06,5.079166e-06,2.241659e-06,4.98333e-06,5.179159e-06,4.733332e-06,4.324992e-06,6.462495e-06,5.429165e-06,4.691664e-06,5.141664e-06,6.812493e-06,5.833332e-06,5.641659e-06,8.154162e-06
6,734,507.089,0.532,5.245829e-06,5.320827e-06,5.07083e-06,2.23333e-06,4.949999e-06,5.174994e-06,4.720831e-06,4.333329e-06,6.504162e-06,5.504163e-06,4.712494e-06,5.145828e-06,6.849996e-06,5.899994e-06,5.804165e-06,8.191665e-06
6,735,507.232,0.53,5.333328e-06,5.308326e-06,5.10416e-06,2.270826e-06,4.920832e-06,5.224999e-06,4.766663e-06,4.324992e-06,6.491661e-06,5.537494e-06,4.683327e-06,5.149992e-06,6.845832e-06,5.937497e-06,5.74166e-06,8.258326e-06
6,736,507.375,0.528,5.274995e-06,5.354166e-06,5.087495e-06,2.304165e-06,4.904159e-06,5.158329e-06,4.770827e-06,4.358331e-06,6.520828e-06,5.537494e-06,4.733332e-06,5.10416e-06,6.945832e-06,5.920831e-06,5.80833e-06,8.341662e-06
6,737,507.518,0.526,5.420828e-06,5.354166e-06,5.062493e-06,2.262497e-06,4.91666e-06,5.154165e-06,4.745825e-06,4.374997e-06,6.520828e-06,5.604164e-06,4.745825e-06,5.174994e-06,6.891664e-06,5.954162e-06,5.833332e-06,8.341662e-06
6,738,507.661,0.524,5.399998e-06,5.370831e-06,5.083331e-06,2.291664e-06,4.929161e-06,5.187495e-06,4.766663e-06,4.36666e-06,6.541665e-06,5.612493e-06,4.787493e-06,5.179159e-06,6.974999e-06,5.966663e-06,5.891665e-06,8.470829e-06
6,739,507.804,0.522,5.520828e-06,5.487498e-06,5.112497e-06,2.287499e-06,4.941662e-06,5.166666e-06,4.745825e-06,4.354159e-06,6.554159e-06,5.612493e-06,4.833333e-06,5.187495e-06,7.004166e-06,5.962499e-06,5.916659e-06,8.479166e-06
6,740,507.947,0.52,5.437493e-06,5.441666e-06,5.124998e-06,2.287499e-06,4.954163e-06,5.220827e-06,4.924997e-06,4.424993e-06,6.608327e-06,5.716666e-06,4.820832e-06,5.183331e-06,7.066663e-06,5.974992e-06,5.966663e-06,8.545828e-06
6,741,508.09,0.518,5.545831e-06,5.454159e-06,5.062493e-06,2.316666e-06,4.929161e-06,5.262494e-06,4.845826e-06,4.391662e-06,6.616664e-06,5.72083e-06,4.820832e-06,5.220827e-06,7.087493e-06,6.01666e-06,6.008331e-06,8.583331e-06
6,742,508.233,0.516,5.512492e-06,5.474997e-06,5.10416e-06,2.283327e-06,4.970829e-06,5.241664e-06,4.870828e-06,4.341666e-06,6.716665e-06,5.779163e-06,4.833333e-06,5.249993e-06,7.141662e-06,6.029161e-06,6.174993e-06,8.65833e-06
6,743,508.376,0.514,5.641659e-06,5.520828e-06,5.112497e-06,2.279162e-06,4.958328e-06,5.270831e-06,4.874993e-06,4.362496e-06,6.73333e-06,5.758325e-06,4.854162e-06,5.220827e-06,7.141662e-06,6.091658e-06,6.104159e-06,8.724999e-06
6,744,508.519,0.512,5.529165e-06,5.483325e-06,5.091659e-06,2.304165e-06,4.962492e-06,5.274995e-06,4.924997e-06,4.420829e-06,6.637494e-06,5.899994e-06,4.89583e-06,5.266658e-06,7.229161e-06,6.09583e-06,6.120833e-06,8.808327e-06
6,745,508.662,0.51,5.733331e-06,5.55416e-06,5.149992e-06,2.266661e-06,4.991658e-06,5.254165e-06,4.941662e-06,4.412492e-06,6.704164e-06,5.949998e-06,4.949999e-06,5.27916e-06,7.308332e-06,6.099995e-06,6.170829e-06,8.84583e-06
6,746,508.805,0.508,5.670825e-06,5.574997e-06,5.112497e-06,2.379163e-06,5.004159e-06,5.304162e-06,4.933325e-06,4.441659e-06,6.629165e-06,5.899994e-06,4.979165e-06,5.329164e-06,7.333326e-06,6.083329e-06,6.20416e-06,8.841665e-06
6,747,508.949,0.506,5.833332e-06,5.574997e-06,5.195832e-06,2.387492e-06,5.020825e-06,5.329164e-06,4.970829e-06,4.458332e-06,6.695827e-06,6.079165e-06,4.954163e-06,5.324991e-06,7.333326e-06,6.170829e-06,6.27083e-06,8.891662e-06
6,748,509.092,0.504,5.820831e-06,5.645832e-06,5.183331e-06,2.387492e-06,5.012496e-06,5.308326e-06,5.008332e-06,4.449995e-06,6.679161e-06,5.937497e-06,4.958328e-06,5.337492e-06,7.479159e-06,6.154164e-06,6.333327e-06,8.96666e-06
6,749,509.235,0.502,5.845833e-06,5.641659e-06,5.162493e-06,2.374999e-06,5.020825e-06,5.387497e-06,4.995831e-06,4.470825e-06,6.683326e-06,6.033325e-06,4.945827e-06,5.495826e-06,7.395832e-06,6.229162e-06,6.370831e-06,9.062497e-06
6,750,509.378,0.5,5.970828e-06,5.645832e-06,5.183331e-06,2.383327e-06,5.033326e-06,5.324991e-06,5.024997e-06,4.491663e-06,6.73333e-06,6.049999e-06,4.962492e-06,5.395826e-06,7.495833e-06,6.216661e-06,6.445829e-06,9.14166e-06
6,751,509.521,0.498,5.816658e-06,5.645832e-06,5.166666e-06,2.387492e-06,5.049992e-06,5.449994e-06,5.079166e-06,4.54166e-06,6.73333e-06,6.112496e-06,5.012496e-06,5.362495e-06,7.520827e-06,6.229162e-06,6.487497e-06,9.14166e-06
6,752,509.664,0.496,5.845833e-06,5.666661e-06,5.245829e-06,2.399993e-06,5.091659e-06,5.391661e-06,5.129163e-06,4.466661e-06,6.766661e-06,6.141663e-06,5.045827e-06,5.420828e-06,7.562494e-06,6.245828e-06,6.520828e-06,9.174999e-06
6,753,509.807,0.494,5.891665e-06,5.708329e-06,5.162493e-06,2.462498e-06,5.07083e-06,5.429165e-06,5.145828e-06,4.524994e-06,6.799992e-06,6.149999e-06,5.066665e-06,5.412499e-06,7.662495e-06,6.266665e-06,6.554159e-06,9.24166e-06
6,754,509.95,0.492,5.962499e-06,5.770826e-06,5.204161e-06,2.420831e-06,5.124998e-06,5.495826e-06,5.116661e-06,4.545832e-06,6.829158e-06,6.20416e-06,5.095832e-06,5.479161e-06,7.666659e-06,6.366666e-06,6.649995e-06,9.316659e-06
6,755,510.093,0.49,6.004159e-06,5.774998e-06,5.199997e-06,2.383327e-06,5.108333e-06,5.499999e-06,5.174994e-06,4.524994e-06,6.808329e-06,6.199996e-06,5.087495e-06,5.508327e-06,7.658331e-06,6.274994e-06,6.624993e-06,9.374992e-06
6,756,510.236,0.488,6.033325e-06,5.783327e-06,5.374996e-06,2.445825e-06,5.154165e-06,5.508327e-06,5.212498e-06,4.570826e-06,6.770825e-06,6.324999e-06,5.129163e-06,5.566661e-06,7.787497e-06,6.312498e-06,6.716665e-06,9.383329e-06
6,757,510.379,0.486,6.099995e-06,5.824995e-06,5.245829e-06,2.466663e-06,5.183331e-06,5.483325e-06,5.254165e-06,4.599992e-06,6.899993e-06,6.304161e-06,5.137499e-06,5.53333e-06,7.820829e-06,6.295832e-06,6.766661e-06,9.491666e-06
6,758,510.522,0.484,6.212497e-06,5.891665e-06,5.274995e-06,2.466663e-06,5.19166e-06,5.579162e-06,5.270831e-06,4.687492e-06,6.841659e-06,6.324999e-06,5.17083e-06,5.595827e-06,7.874997e-06,6.374995e-06,6.82083e-06,9.545827e-06
6,759,510.665,0.482,6.27083e-06,5.883328e-06,5.304162e-06,2.445825e-06,5.199997e-06,5.583326e-06,5.295825e-06,4.683327e-06,6.874998e-06,6.379159e-06,5.179159e-06,5.604164e-06,7.929166e-06,6.366666e-06,6.816666e-06,9.524997e-06
6,760,510.808,0.48,6.245828e-06,5.933332e-06,5.312499e-06,2.458326e-06,5.27916e-06,5.558332e-06,5.341665e-06,4.679163e-06,6.908329e-06,6.424999e-06,5.241664e-06,5.612493e-06,7.945831e-06,6.370831e-06,6.858325e-06,9.524997e-06
6,761,510.951,0.478,6.433328e-06,5.974992e-06,5.312499e-06,2.504166e-06,5.204161e-06,5.595827e-06,5.399998e-06,4.716659e-06,6.962498e-06,6.47916e-06,5.283332e-06,5.629166e-06,7.970826e-06,6.408326e-06,6.945832e-06,9.645828e-06
6,762,511.094,0.476,6.424999e-06,5.954162e-06,5.329164e-06,2.483328e-06,5.245829e-06,5.562496e-06,5.441666e-06,4.72916e-06,6.962498e-06,6.541665e-06,5.291661e-06,5.704164e-06,8.049997e-06,6.433328e-06,6.958326e-06,9.704161e-06
6,763,511.237,0.474,6.29166e-06,6.049999e-06,5.341665e-06,2.52916e-06,5.25833e-06,5.641659e-06,5.383333e-06,4.89583e-06,6.962498e-06,6.562495e-06,5.291661e-06,5.766662e-06,8.120831e-06,6.445829e-06,7.020831e-06,9.770831e-06
6,764,511.38,0.472,6.387496e-06,6.062492e-06,5.387497e-06,2.512495e-06,5.283332e-06,5.666661e-06,5.416663e-06,4.787493e-06,6.954161e-06,6.599998e-06,5.383333e-06,5.72083e-06,8.099993e-06,6.429163e-06,7.041661e-06,9.816663e-06
6,765,511.523,0.47,6.466659e-06,6.074993e-06,5.366659e-06,2.554162e-06,5.27916e-06,5.712493e-06,5.46666e-06,4.779164e-06,6.995829e-06,6.645831e-06,5.404162e-06,5.849997e-06,8.19583e-06,6.47916e-06,7.141662e-06,9.874995e-06
6,766,511.666,0.468,6.449994e-06,6.112496e-06,5.420828e-06,2.512495e-06,5.299997e-06,5.72083e-06,5.504163e-06,4.937498e-06,6.966663e-06,6.699999e-06,5.399998e-06,5.837496e-06,8.162498e-06,6.499998e-06,7.166664e-06,9.883332e-06
6,767,511.809,0.466,6.454166e-06,6.212497e-06,5.408327e-06,2.533332e-06,5.324991e-06,5.762497e-06,5.566661e-06,4.799994e-06,7.074992e-06,6.779162e-06,5.433329e-06,5.895829e-06,8.249998e-06,6.558331e-06,7.21666e-06,9.970832e-06
6,768,511.952,0.464,6.591662e-06,6.212497e-06,5.504163e-06,2.545826e-06,5.349994e-06,5.766662e-06,5.570825e-06,4.845826e-06,7.070827e-06,6.849996e-06,5.458331e-06,5.937497e-06,8.320832e-06,6.604163e-06,7.241662e-06,1.0029165e-05
6,769,512.095,0.462,6.612492e-06,6.20416e-06,5.508327e-06,2.570828e-06,5.399998e-06,5.820831e-06,5.637495e-06,4.841661e-06,6.999993e-06,6.791663e-06,5.462496e-06,5.958327e-06,8.358327e-06,6.63333e-06,7.295831e-06,1.0049995e-05
6,770,512.238,0.46,6.774998e-06,6.266665e-06,5.499999e-06,2.637498e-06,5.399998e-06,5.845833e-06,5.649996e-06,4.912496e-06,7.079164e-06,6.866662e-06,5.562496e-06,5.987493e-06,8.487495e-06,6.63333e-06,7.449993e-06,1.0137494e-05
6,771,512.382,0.458,6.8875e-06,6.295832e-06,5.491662e-06,2.558327e-06,5.391661e-06,5.895829e-06,5.691663e-06,4.933325e-06,7.083328e-06,6.899993e-06,5.53333e-06,6.066664e-06,8.454163e-06,6.654159e-06,7.441664e-06,1.024166e-05
6,772,512.525,0.456,6.874998e-06,6.345828e-06,5.591663e-06,2.59583e-06,5.44583e-06,5.904166e-06,5.74166e-06,4.958328e-06,7.129161e-06,6.949997e-06,5.545831e-06,6.012495e-06,8.57083e-06,6.691662e-06,7.49166e-06,1.0237495e-05
6,773,512.668,0.454,6.891664e-06,6.337492e-06,5.574997e-06,2.658328e-06,5.470832e-06,5.912495e-06,5.766662e-06,5.008332e-06,7.141662e-06,7.045825e-06,5.579162e-06,6.079165e-06,8.624998e-06,6.683326e-06,7.529163e-06,1.0274998e-05
6,774,512.811,0.452,6.804164e-06,6.383332e-06,5.570825e-06,2.629161e-06,5.46666e-06,5.987493e-06,5.799993e-06,5.020825e-06,7.158327e-06,7.037497e-06,5.641659e-06,6.079165e-06,8.604161e-06,6.75416e-06,7.537492e-06,1.032916e-05
6,775,512.954,0.45,6.883327e-06,6.420827e-06,5.662497e-06,2.720825e-06,5.516664e-06,6.029161e-06,5.837496e-06,5.087495e-06,7.149999e-06,7.124996e-06,5.649996e-06,6.145827e-06,8.770831e-06,6.737494e-06,7.608326e-06,1.0391665e-05
6,776,513.097,0.448,6.870826e-06,6.383332e-06,5.724994e-06,2.666664e-06,5.566661e-06,5.974992e-06,5.862498e-06,5.041663e-06,7.170828e-06,7.133333e-06,5.683327e-06,6.158328e-06,8.820828e-06,6.795828e-06,7.658331e-06,1.0470828e-05
6,777,513.24,0.446,6.94166e-06,6.454166e-06,5.74166e-06,2.729162e-06,5.579162e-06,6.058327e-06,5.916659e-06,5.079166e-06,7.174993e-06,7.208331e-06,5.762497e-06,6.224998e-06,8.766659e-06,6.837495e-06,7.749994e-06,1.0458326e-05
6,778,513.383,0.444,6.970827e-06,6.491661e-06,5.820831e-06,2.749991e-06,5.599999e-06,6.112496e-06,5.962499e-06,5.137499e-06,7.199995e-06,7.287495e-06,5.74166e-06,6.29166e-06,8.783332e-06,6.791663e-06,7.845831e-06,1.0491665e-05
6,779,513.526,0.442,7.033332e-06,6.520828e-06,5.712493e-06,2.670829e-06,5.708329e-06,6.108331e-06,5.999994e-06,5.154165e-06,7.258328e-06,7.28333e-06,5.849997e-06,6.320826e-06,8.849995e-06,6.949997e-06,7.829165e-06,1.0645826e-05
6,780,513.669,0.44,7.108331e-06,6.562495e-06,5.729159e-06,2.729162e-06,5.716666e-06,6.154164e-06,5.99583e-06,5.241664e-06,7.291659e-06,7.308332e-06,5.824995e-06,6.383332e-06,8.945831e-06,6.883327e-06,7.870825e-06,1.0649999e-05
6,781,513.812,0.438,7.233326e-06,6.612492e-06,5.804165e-06,2.737498e-06,5.704164e-06,6.212497e-06,6.087494e-06,5.224999e-06,7.229161e-06,7.379158e-06,5.895829e-06,6.383332e-06,8.991663e-06,6.879163e-06,7.899992e-06,1.0683329e-05
6,782,513.955,0.436,7.30416e-06,6.658332e-06,5.774998e-06,2.766665e-06,5.84166e-06,6.208332e-06,6.137498e-06,5.270831e-06,7.345827e-06,7.462494e-06,5.962499e-06,6.433328e-06,9.008329e-06,6.904165e-06,7.924994e-06,1.0687494e-05
6,783,514.098,0.434,7.441664e-06,6.683326e-06,5.866663e-06,2.758328e-06,5.729159e-06,6.370831e-06,6.149999e-06,5.274995e-06,7.316661e-06,7.541664e-06,5.974992e-06,6.487497e-06,9.074998e-06,6.945832e-06,7.983327e-06,1.0758328e-05
6,784,514.241,0.432,7.483332e-06,6.720829e-06,5.858326e-06,2.799996e-06,5.804165e-06,6.320826e-06,6.174993e-06,5.35833e-06,7.383331e-06,7.57916e-06,5.970828e-06,6.529164e-06,9.170826e-06,6.949997e-06,8.091664e-06,1.0762493e-05
6,785,514.384,0.43,7.570831e-06,6.787499e-06,5.891665e-06,2.837499e-06,5.787492e-06,6.324999e-06,6.324999e-06,5.312499e-06,7.374994e-06,7.554166e-06,6.037497e-06,6.604163e-06,9.183327e-06,6.991665e-06,8.145825e-06,1.087083e-05
6,786,514.527,0.428,7.516662e-06,6.841659e-06,5.945826e-06,2.841663e-06,5.845833e-06,6.324999e-06,6.254164e-06,5.362495e-06,7.391659e-06,7.604162e-06,6.083329e-06,6.616664e-06,9.183327e-06,6.983328e-06,8.204166e-06,1.0908326e-05
6,787,514.67,0.426,7.633328e-06,6.858325e-06,5.924996e-06,2.862493e-06,5.887493e-06,6.39166e-06,6.441664e-06,5.37916e-06,7.429162e-06,7.720828e-06,6.133326e-06,6.641666e-06,9.287493e-06,7.02916e-06,8.22916e-06,1.0999997e-05
6,788,514.813,0.424,7.566658e-06,6.912494e-06,6.024996e-06,2.845828e-06,5.92916e-06,6.395833e-06,6.383332e-06,5.545831e-06,7.424998e-06,7.729165e-06,6.099995e-06,6.691662e-06,9.345826e-06,7.041661e-06,8.304159e-06,1.1054166e-05
6,789,514.956,0.422,7.704162e-06,6.924995e-06,5.974992e-06,2.895832e-06,5.949998e-06,6.466659e-06,6.349993e-06,5.424992e-06,7.512498e-06,7.699999e-06,6.191659e-06,6.787499e-06,9.437497e-06,7.079164e-06,8.354164e-06,1.1108327e-05
6,790,515.099,0.42,7.733329e-06,6.991665e-06,6.012495e-06,2.912498e-06,5.974992e-06,6.533329e-06,6.424999e-06,5.474997e-06,7.545829e-06,7.820829e-06,6.187495e-06,6.833331e-06,9.483329e-06,7.104159e-06,8.349999e-06,1.1141666e-05
6,791,515.242,0.418,7.741666e-06,7.004166e-06,6.049999e-06,2.924999e-06,6.004159e-06,6.529164e-06,6.441664e-06,5.437493e-06,7.620828e-06,7.808328e-06,6.308325e-06,6.854161e-06,9.524997e-06,7.104159e-06,8.462493e-06,1.1199999e-05
6,792,515.385,0.416,7.724992e-06,7.058326e-06,6.133326e-06,2.95833e-06,5.983329e-06,6.562495e-06,6.537493e-06,5.545831e-06,7.445828e-06,7.920829e-06,6.287495e-06,6.891664e-06,9.50416e-06,7.166664e-06,8.508333e-06,1.1195826e-05
6,793,515.528,0.414,7.74583e-06,7.079164e-06,6.145827e-06,2.999997e-06,6.049999e-06,6.599998e-06,6.579161e-06,5.558332e-06,7.554166e-06,8.024995e-06,6.379159e-06,6.916666e-06,9.58333e-06,7.124996e-06,8.558329e-06,1.132083e-05
6,794,515.671,0.412,7.862496e-06,7.1625e-06,6.104159e-06,3.020827e-06,6.145827e-06,6.783327e-06,6.595826e-06,5.612493e-06,7.504161e-06,8.074999e-06,6.408326e-06,6.991665e-06,9.616661e-06,7.166664e-06,8.67916e-06,1.1358333e-05
6,795,515.815,0.41,8.070827e-06,7.11666e-06,6.208332e-06,2.995825e-06,6.129162e-06,6.641666e-06,6.641666e-06,5.641659e-06,7.55833e-06,7.991664e-06,6.466659e-06,6.983328e-06,9.674995e-06,7.241662e-06,8.65833e-06,1.1404165e-05
6,796,515.958,0.408,8.12916e-06,7.191666e-06,6.237499e-06,3.041665e-06,6.18333e-06,6.724993e-06,6.66666e-06,5.649996e-06,7.574995e-06,8.045832e-06,6.429163e-06,7.112495e-06,9.766666e-06,7.308332e-06,8.712498e-06,1.1466662e-05
6,797,516.101,0.406,7.987499e-06,7.245827e-06,6.283331e-06,3.037492e-06,6.212497e-06,6.712492e-06,6.741659e-06,5.745832e-06,7.57916e-06,8.174999e-06,6.529164e-06,7.237498e-06,9.874995e-06,7.274993e-06,8.745829e-06,1.1466662e-05
6,798,516.244,0.404,8.179164e-06,7.30416e-06,6.304161e-06,3.083332e-06,6.208332e-06,6.745831e-06,6.812493e-06,5.849997e-06,7.599997e-06,8.170828e-06,6.512499e-06,7.262492e-06,9.937493e-06,7.320825e-06,8.854158e-06,1.1554162e-05
6,799,516.387,0.402,8.074999e-06,7.28333e-06,6.324999e-06,3.066659e-06,6.279159e-06,6.870826e-06,6.82083e-06,5.758325e-06,7.595825e-06,8.241662e-06,6.54583e-06,7.362493e-06,1.0054159e-05,7.337499e-06,8.883325e-06,1.1566663e-05
6,800,516.53,0.4,8.099993e-06,7.362493e-06,6.345828e-06,3.05833e-06,6.287495e-06,6.8875e-06,6.916666e-06,5.799993e-06,7.633328e-06,8.299994e-06,6.63333e-06,7.237498e-06,9.983333e-06,7.354164e-06,9.016665e-06,1.1654162e-05
6,801,516.673,0.398,8.166663e-06,7.349992e-06,6.349993e-06,3.137493e-06,6.358329e-06,6.929159e-06,6.916666e-06,5.84166e-06,7.641665e-06,8.324997e-06,6.649995e-06,7.274993e-06,9.95833e-06,7.516662e-06,9.045832e-06,1.1683329e-05
6,802,516.816,0.396,8.233333e-06,7.395832e-06,6.404161e-06,3.104162e-06,6.387496e-06,6.949997e-06,6.987492e-06,5.833332e-06,7.67916e-06,8.391658e-06,6.695827e-06,7.383331e-06,9.933328e-06,7.49166e-06,9.087499e-06,1.1724997e-05
6,803,516.959,0.394,8.299994e-06,7.420826e-06,6.495825e-06,3.137493e-06,6.445829e-06,6.979164e-06,7.016659e-06,5.891665e-06,7.729165e-06,8.399995e-06,6.708328e-06,7.395832e-06,1.0145831e-05,7.429162e-06,9.154161e-06,1.1816661e-05
6,804,517.102,0.392,8.312496e-06,7.499997e-06,6.504162e-06,3.216664e-06,6.487497e-06,7.033332e-06,7.037497e-06,5.958327e-06,7.649994e-06,8.479166e-06,6.762496e-06,7.454165e-06,1.0116664e-05,7.441664e-06,9.112493e-06,1.1929163e-05
6,805,517.245,0.39,8.395831e-06,7.524999e-06,6.533329e-06,3.137493e-06,6.654159e-06,7.087493e-06,7.124996e-06,6.037497e-06,7.774996e-06,8.541663e-06,6.829158e-06,7.479159e-06,1.0174997e-05,7.458329e-06,9.145832e-06,1.2066666e-05
6,806,517.388,0.388,8.391658e-06,7.587496e-06,6.562495e-06,3.208327e-06,6.604163e-06,7.274993e-06,7.166664e-06,6.054163e-06,7.754159e-06,8.629163e-06,6.845832e-06,7.583332e-06,1.0237495e-05,7.504161e-06,9.32916e-06,1.2049993e-05
6,807,517.531,0.386,8.595832e-06,7.637493e-06,6.620828e-06,3.199998e-06,6.549994e-06,7.204159e-06,7.149999e-06,6.066664e-06,7.791662e-06,8.645829e-06,6.870826e-06,7.574995e-06,1.0233331e-05,7.549993e-06,9.312495e-06,1.1966666e-05
6,808,517.674,0.384,8.59166e-06,7.674996e-06,6.620828e-06,3.224993e-06,6.558331e-06,7.229161e-06,7.254163e-06,6.104159e-06,7.841659e-06,8.724999e-06,6.92083e-06,7.587496e-06,1.0345832e-05,7.570831e-06,9.387493e-06,1.1991659e-05
6,809,517.817,0.382,8.662494e-06,7.720828e-06,6.637494e-06,3.258332e-06,6.587497e-06,7.229161e-06,7.408333e-06,6.158328e-06,7.812492e-06,8.77916e-06,6.970827e-06,7.670832e-06,1.0387492e-05,7.591661e-06,9.39583e-06,1.205833e-05
6,810,517.96,0.38,8.674995e-06,7.770833e-06,6.704164e-06,3.283326e-06,6.66666e-06,7.295831e-06,7.387495e-06,6.149999e-06,7.83333e-06,8.783332e-06,6.991665e-06,7.720828e-06,1.0466663e-05,7.591661e-06,9.483329e-06,1.2104161e-05
6,811,518.103,0.378,8.637492e-06,7.837494e-06,6.712492e-06,3.287498e-06,6.670833e-06,7.28333e-06,7.441664e-06,6.149999e-06,7.808328e-06,8.787497e-06,7.020831e-06,7.783326e-06,1.0520832e-05,7.662495e-06,9.479165e-06,1.2125e-05
6,812,518.246,0.376,8.820828e-06,7.849995e-06,6.779162e-06,3.316665e-06,6.75416e-06,7.324998e-06,7.495833e-06,6.399997e-06,7.870825e-06,8.883325e-06,7.091665e-06,7.816664e-06,1.0479164e-05,7.708327e-06,9.558328e-06,1.2224992e-05
6,813,518.389,0.374,8.887498e-06,7.858332e-06,6.791663e-06,3.341659e-06,6.774998e-06,7.387495e-06,7.449993e-06,6.245828e-06,7.929166e-06,8.854158e-06,7.166664e-06,7.816664e-06,1.0574992e-05,7.662495e-06,9.599996e-06,1.2279161e-05
6,814,518.532,0.372,8.816663e-06,7.949996e-06,6.804164e-06,3.474998e-06,6.799992e-06,7.462494e-06,7.495833e-06,6.274994e-06,7.970826e-06,8.983326e-06,7.149999e-06,7.937495e-06,1.0654163e-05,7.749994e-06,9.662493e-06,1.2308327e-05
6,815,518.675,0.37,8.874997e-06,8.008329e-06,6.866662e-06,3.379162e-06,6.845832e-06,7.466666e-06,7.537492e-06,6.304161e-06,7.94166e-06,9.016665e-06,7.241662e-06,7.958332e-06,1.0608332e-05,7.7125e-06,9.695832e-06,1.2354159e-05
6,816,518.818,0.368,8.983326e-06,8.033331e-06,6.904165e-06,3.374998e-06,6.808329e-06,7.508326e-06,7.55833e-06,6.329163e-06,7.937495e-06,9.162498e-06,7.266664e-06,8.029159e-06,1.0670828e-05,7.783326e-06,9.741664e-06,1.2449996e-05
6,817,518.961,0.366,8.945831e-06,8.045832e-06,6.945832e-06,3.416665e-06,6.924995e-06,7.533328e-06,7.599997e-06,6.399997e-06,7.949996e-06,9.179163e-06,7.30416e-06,8.058326e-06,1.0770829e-05,7.754159e-06,9.787496e-06,1.2404163e-05
6,818,519.104,0.364,9.033331e-06,8.120831e-06,6.970827e-06,3.504165e-06,6.970827e-06,7.674996e-06,7.649994e-06,6.441664e-06,7.904164e-06,9.149996e-06,7.474995e-06,8.116658e-06,1.0774994e-05,7.779161e-06,9.870831e-06,1.2437495e-05
6,819,519.248,0.362,9.116666e-06,8.104165e-06,7.012494e-06,3.491664e-06,6.974999e-06,7.658331e-06,7.691661e-06,6.487497e-06,7.999993e-06,9.275e-06,7.537492e-06,8.337498e-06,1.0833327e-05,7.85416e-06,9.929165e-06,1.2516665e-05
6,820,519.391,0.36,9.074998e-06,8.166663e-06,7.108331e-06,3.404164e-06,7.079164e-06,7.674996e-06,7.758331e-06,6.508326e-06,8.029159e-06,9.162498e-06,7.504161e-06,8.19583e-06,1.0912498e-05,7.891663e-06,9.995826e-06,1.2537495e-05
6,821,519.534,0.358,9.374992e-06,8.19583e-06,7.154163e-06,3.474998e-06,7.083328e-06,7.724992e-06,7.741666e-06,6.583325e-06,8.024995e-06,9.295829e-06,7.437499e-06,8.391658e-06,1.0987496e-05,7.929166e-06,9.995826e-06,1.2679164e-05
6,822,519.677,0.356,9.433325e-06,8.337498e-06,7.158327e-06,3.52083e-06,7.174993e-06,7.791662e-06,7.799999e-06,6.574996e-06,8.066662e-06,9.32916e-06,7.508326e-06,8.283329e-06,1.1079161e-05,7.937495e-06,1.0024993e-05,1.2641661e-05
6,823,519.82,0.354,9.312495e-06,8.383329e-06,7.220833e-06,3.570827e-06,7.104159e-06,7.787497e-06,7.866661e-06,6.629165e-06,8.066662e-06,9.399994e-06,7.57916e-06,8.333325e-06,1.1058331e-05,7.954161e-06,1.0104163e-05,1.2720831e-05
6,824,519.963,0.352,9.316659e-06,8.362492e-06,7.30416e-06,3.512494e-06,7.258328e-06,7.904164e-06,7.879162e-06,6.66666e-06,8.074999e-06,9.429161e-06,7.604162e-06,8.508333e-06,1.1154159e-05,8.099993e-06,1.0191663e-05,1.2754163e-05
6,825,520.106,0.35,9.383329e-06,8.312496e-06,7.379158e-06,3.545833e-06,7.220833e-06,7.958332e-06,7.887498e-06,6.716665e-06,8.124995e-06,9.499995e-06,7.683333e-06,8.420833e-06,1.1224993e-05,8.058326e-06,1.0224994e-05,1.2766664e-05
6,826,520.249,0.348,9.549999e-06,8.366665e-06,7.379158e-06,3.62916e-06,7.287495e-06,7.962497e-06,8.058326e-06,6.779162e-06,8.141661e-06,9.529162e-06,7.683333e-06,8.520826e-06,1.1291663e-05,8.008329e-06,1.0316666e-05,1.2837498e-05
6,827,520.392,0.346,9.49583e-06,8.420833e-06,7.312497e-06,3.60833e-06,7.30416e-06,7.970826e-06,8.099993e-06,6.829158e-06,8.183329e-06,9.574994e-06,7.737493e-06,8.59166e-06,1.1199999e-05,8.012494e-06,1.0341661e-05,1.28625e-05
6,828,520.535,0.344,9.541663e-06,8.549992e-06,7.349992e-06,3.662499e-06,7.429162e-06,8.033331e-06,8.074999e-06,6.862497e-06,8.166663e-06,9.7375e-06,7.749994e-06,8.587495e-06,1.1283326e-05,8.008329e-06,1.0462499e-05,1.2941662e-05
6,829,520.678,0.342,9.570829e-06,8.579159e-06,7.374994e-06,3.624996e-06,7.420826e-06,8.10833e-06,8.162498e-06,6.858325e-06,8.170828e-06,9.691659e-06,7.849995e-06,8.699997e-06,1.1379162e-05,8.095829e-06,1.0441661e-05,1.3104161e-05
6,830,520.821,0.34,9.645828e-06,8.558329e-06,7.445828e-06,3.724996e-06,7.570831e-06,8.174999e-06,8.183329e-06,6.8875e-06,8.237497e-06,9.695832e-06,7.908328e-06,8.733328e-06,1.1404165e-05,8.116658e-06,1.0549998e-05,1.2979166e-05
6,831,520.964,0.338,9.733327e-06,8.616662e-06,7.533328e-06,3.683329e-06,7.454165e-06,8.237497e-06,8.191665e-06,6.966663e-06,8.249998e-06,9.787496e-06,7.949996e-06,8.824993e-06,1.1449996e-05,8.208331e-06,1.049583e-05,1.300416e-05
6,832,521.107,0.336,9.887497e-06,8.65833e-06,7.545829e-06,3.729161e-06,7.504161e-06,8.249998e-06,8.299994e-06,6.962498e-06,8.237497e-06,9.849993e-06,7.937495e-06,8.804162e-06,1.1462498e-05,8.166663e-06,1.0566664e-05,1.3099996e-05
6,833,521.25,0.334,9.79166e-06,8.729164e-06,7.55833e-06,3.787494e-06,7.562494e-06,8.324997e-06,8.366665e-06,7.012494e-06,8.287493e-06,9.849993e-06,7.983327e-06,8.891662e-06,1.1512494e-05,8.199993e-06,1.0637498e-05,1.3129163e-05
6,834,521.393,0.332,1.0004163e-05,8.770831e-06,7.624992e-06,3.766664e-06,7.566658e-06,8.341662e-06,8.48333e-06,7.091665e-06,8.29583e-06,9.929165e-06,8.083328e-06,8.895826e-06,1.1583328e-05,8.233333e-06,1.0683329e-05,1.309166e-05
6,835,521.536,0.33,1.0074997e-05,8.770831e-06,7.641665e-06,3.799995e-06,7.645829e-06,8.41666e-06,8.495832e-06,7.083328e-06,8.345826e-06,9.924992e-06,8.133332e-06,8.96666e-06,1.1645826e-05,8.287493e-06,1.0762493e-05,1.3249994e-05
6,836,521.679,0.328,9.866659e-06,8.84583e-06,7.729165e-06,3.791666e-06,7.716663e-06,8.324997e-06,8.420833e-06,7.145826e-06,8.291666e-06,1.0004163e-05,8.066662e-06,9.041659e-06,1.1654162e-05,8.299994e-06,1.0733326e-05,1.3287497e-05
6,837,521.822,0.326,9.929165e-06,8.916664e-06,7.762495e-06,3.841662e-06,7.741666e-06,8.45e-06,8.662494e-06,7.308332e-06,8.412496e-06,1.0079161e-05,8.216659e-06,9.12083e-06,1.1741662e-05,8.308331e-06,1.0841663e-05,1.3374996e-05
6,838,521.965,0.324,1.0041666e-05,8.854158e-06,7.808328e-06,3.866664e-06,7.749994e-06,8.50416e-06,8.5375e-06,7.191666e-06,8.470829e-06,1.0145831e-05,8.216659e-06,9.162498e-06,1.1754163e-05,8.408332e-06,1.0858329e-05,1.3395826e-05
6,839,522.108,0.322,1.0191663e-05,9.016665e-06,7.83333e-06,3.874993e-06,7.816664e-06,8.520826e-06,8.629163e-06,7.191666e-06,8.508333e-06,1.0112492e-05,8.29583e-06,9.179163e-06,1.1812496e-05,8.420833e-06,1.0924999e-05,1.3424992e-05
6,840,522.251,0.32,1.032083e-05,9.02083e-06,7.841659e-06,3.920825e-06,7.874997e-06,8.604161e-06,8.612497e-06,7.299996e-06,8.370828e-06,1.0283327e-05,8.408332e-06,9.208329e-06,1.1791666e-05,8.433326e-06,1.0941664e-05,1.3454159e-05
6,841,522.394,0.318,1.024166e-05,9.099992e-06,7.883326e-06,3.895831e-06,7.899992e-06,8.608326e-06,8.699997e-06,7.329162e-06,8.433326e-06,1.0458326e-05,8.454163e-06,9.30833e-06,1.1916662e-05,8.487495e-06,1.1012498e-05,1.3537494e-05
6,842,522.537,0.316,1.0299993e-05,9.137495e-06,7.916665e-06,3.979158e-06,7.954161e-06,8.699997e-06,8.67916e-06,7.387495e-06,8.441662e-06,1.0312494e-05,8.554164e-06,9.354162e-06,1.1966666e-05,8.41666e-06,1.1095826e-05,1.3633331e-05
6,843,522.68,0.314,1.0316666e-05,9.087499e-06,7.987499e-06,3.958329e-06,7.970826e-06,8.695833e-06,8.774996e-06,7.429162e-06,8.433326e-06,1.0333331e-05,8.608326e-06,9.437497e-06,1.1966666e-05,8.454163e-06,1.1049994e-05,1.3562497e-05
6,844,522.824,0.312,1.0491665e-05,9.166662e-06,8.091664e-06,3.979158e-06,7.991664e-06,8.766659e-06,8.808327e-06,7.454165e-06,8.499996e-06,1.0345832e-05,8.445827e-06,9.424996e-06,1.2174995e-05,8.479166e-06,1.1099998e-05,1.3629166e-05
6,845,522.967,0.31,1.058333e-05,9.229159e-06,8.062498e-06,4.012497e-06,8.02083e-06,8.804162e-06,8.841665e-06,7.504161e-06,8.499996e-06,1.0445825e-05,8.495832e-06,9.479165e-06,1.2116662e-05,8.541663e-06,1.1141666e-05,1.3679162e-05
6,846,523.11,0.308,1.0624997e-05,9.266662e-06,8.124995e-06,4.070831e-06,8.070827e-06,8.874997e-06,8.887498e-06,7.599997e-06,8.520826e-06,1.0466663e-05,8.554164e-06,9.508331e-06,1.2229165e-05,8.583331e-06,1.1195826e-05,1.3762497e-05
6,847,523.253,0.306,1.0383328e-05,9.391665e-06,8.145825e-06,4.037492e-06,8.104165e-06,8.883325e-06,9.091664e-06,7.583332e-06,8.524998e-06,1.0533333e-05,8.595832e-06,9.620825e-06,1.2237493e-05,8.599996e-06,1.13e-05,1.3749996e-05
6,848,523.396,0.304,1.0633325e-05,9.349998e-06,8.224996e-06,4.087496e-06,8.212495e-06,8.879161e-06,8.974997e-06,7.645829e-06,8.549992e-06,1.0574992e-05,8.633328e-06,9.574994e-06,1.2274996e-05,8.704162e-06,1.1370826e-05,1.3812494e-05
6,849,523.539,0.302,1.052916e-05,9.320831e-06,8.324997e-06,4.129163e-06,8.233333e-06,8.937494e-06,9.012492e-06,7.691661e-06,8.554164e-06,1.0587493e-05,8.733328e-06,9.629162e-06,1.2262495e-05,8.77916e-06,1.1445833e-05,1.3799993e-05
6,850,523.682,0.3,1.0641662e-05,9.341661e-06,8.241662e-06,4.183332e-06,8.270827e-06,9.058333e-06,8.999999e-06,7.699999e-06,8.587495e-06,1.0683329e-05,8.766659e-06,9.716662e-06,1.2274996e-05,8.808327e-06,1.1504166e-05,1.3891665e-05
6,851,523.825,0.298,1.0683329e-05,9.358327e-06,8.429161e-06,4.137492e-06,8.258326e-06,9.108328e-06,9.099992e-06,7.716663e-06,8.608326e-06,1.0695831e-05,8.774996e-06,9.774994e-06,1.2299998e-05,8.666659e-06,1.169583e-05,1.3933332e-05
6,852,523.968,0.296,1.0687494e-05,9.491666e-06,8.379166e-06,4.237493e-06,8.329161e-06,9.137495e-06,9.174999e-06,7.820829e-06,8.637492e-06,1.0866665e-05,8.816663e-06,9.829164e-06,1.2374997e-05,8.895826e-06,1.1541661e-05,1.3962499e-05
6,853,524.111,0.294,1.0745827e-05,9.491666e-06,8.391658e-06,4.129163e-06,8.366665e-06,9.170826e-06,9.191665e-06,7.774996e-06,8.67916e-06,1.0854164e-05,9.029166e-06,9.874995e-06,1.2408328e-05,8.774996e-06,1.1495828e-05,1.4020832e-05
6,854,524.254,0.292,1.0812497e-05,9.545827e-06,8.462493e-06,4.349994e-06,8.495832e-06,9.24166e-06,9.24166e-06,7.916665e-06,8.724999e-06,1.0824998e-05,8.920829e-06,9.899998e-06,1.2508329e-05,8.774996e-06,1.1624996e-05,1.4162492e-05
6,855,524.397,0.29,1.0883331e-05,9.599996e-06,8.520826e-06,4.216663e-06,8.429161e-06,9.30833e-06,9.266662e-06,7.891663e-06,8.741665e-06,1.0862494e-05,8.991663e-06,9.999999e-06,1.2512493e-05,8.829164e-06,1.1691665e-05,1.4037498e-05
6,856,524.54,0.288,1.0929163e-05,9.658329e-06,8.57083e-06,4.241665e-06,8.487495e-06,9.454163e-06,9.345826e-06,7.916665e-06,8.708326e-06,1.095833e-05,8.999999e-06,1.004583e-05,1.2566662e-05,8.84583e-06,1.1683329e-05,1.4091666e-05
6,857,524.683,0.286,1.1099998e-05,9.674995e-06,8.59166e-06,4.291662e-06,8.520826e-06,9.483329e-06,9.462499e-06,8.004165e-06,8.704162e-06,1.0941664e-05,8.96666e-06,1.0129165e-05,1.2591664e-05,8.879161e-06,1.1754163e-05,1.4066664e-05
6,858,524.826,0.284,1.1195826e-05,9.616661e-06,8.620827e-06,4.324992e-06,8.587495e-06,9.374992e-06,9.487494e-06,8.037496e-06,8.75833e-06,1.1049994e-05,9.124994e-06,1.0112492e-05,1.2649997e-05,8.895826e-06,1.1812496e-05,1.4199996e-05
6,859,524.969,0.282,1.1199999e-05,9.799997e-06,8.67916e-06,4.320828e-06,8.633328e-06,9.49583e-06,9.554164e-06,8.079163e-06,8.774996e-06,1.1016663e-05,9.166662e-06,1.0162496e-05,1.2695829e-05,8.908328e-06,1.1870829e-05,1.4254165e-05
6,860,525.112,0.28,1.1087497e-05,9.912499e-06,8.712498e-06,4.349994e-06,8.670831e-06,9.458327e-06,9.479165e-06,8.216659e-06,8.783332e-06,1.1099998e-05,9.133331e-06,1.0279163e-05,1.2745825e-05,8.908328e-06,1.1887495e-05,1.4237499e-05
6,861,525.255,0.278,1.1183325e-05,9.824999e-06,8.724999e-06,4.36666e-06,8.716663e-06,9.562493e-06,9.566665e-06,8.258326e-06,8.870832e-06,1.1079161e-05,9.237496e-06,1.0291664e-05,1.2762499e-05,9.004164e-06,1.1962493e-05,1.4295832e-05
6,862,525.398,0.276,1.13e-05,9.808326e-06,8.820828e-06,4.395827e-06,8.754166e-06,9.629162e-06,9.58333e-06,8.145825e-06,8.912491e-06,1.1254159e-05,9.254161e-06,1.032916e-05,1.2824997e-05,8.983326e-06,1.1933326e-05,1.4349993e-05
6,863,525.541,0.274,1.1212492e-05,9.949994e-06,8.870832e-06,4.424993e-06,8.787497e-06,9.633327e-06,9.633327e-06,8.262499e-06,8.799998e-06,1.1208328e-05,9.316659e-06,1.0379164e-05,1.2849999e-05,9.02083e-06,1.1995832e-05,1.4404161e-05
6,864,525.684,0.272,1.1279162e-05,1.0020828e-05,8.86666e-06,4.420829e-06,8.833329e-06,9.662493e-06,9.666665e-06,8.233333e-06,8.899999e-06,1.1337494e-05,9.349998e-06,1.0420831e-05,1.298333e-05,9.074998e-06,1.2191661e-05,1.4429164e-05
6,865,525.827,0.27,1.1466662e-05,1.0112492e-05,8.883325e-06,4.458332e-06,8.86666e-06,9.720826e-06,9.683331e-06,8.308331e-06,8.858331e-06,1.13e-05,9.454163e-06,1.0437497e-05,1.2920833e-05,9.14166e-06,1.2070831e-05,1.4429164e-05
6,866,525.97,0.268,1.1362497e-05,1.0108328e-05,9.029166e-06,4.466661e-06,8.945831e-06,9.799997e-06,9.774994e-06,8.354164e-06,8.916664e-06,1.1445833e-05,9.537498e-06,1.0479164e-05,1.3037499e-05,9.033331e-06,1.2208327e-05,1.4499999e-05
6,867,526.113,0.266,1.1424994e-05,1.0108328e-05,9.037494e-06,4.554161e-06,8.937494e-06,9.862494e-06,9.754165e-06,8.404159e-06,8.824993e-06,1.1412493e-05,9.462499e-06,1.0604159e-05,1.3070829e-05,9.095827e-06,1.2220828e-05,1.4591662e-05
6,868,526.257,0.264,1.1508329e-05,1.0091662e-05,9.058333e-06,4.508328e-06,8.974997e-06,9.833328e-06,9.870831e-06,8.424998e-06,8.949995e-06,1.1412493e-05,9.508331e-06,1.0637498e-05,1.3129163e-05,9.162498e-06,1.23125e-05,1.4645831e-05
6,869,526.4,0.262,1.152083e-05,1.0195828e-05,9.133331e-06,4.583327e-06,9.008329e-06,9.933328e-06,9.799997e-06,8.45e-06,8.962496e-06,1.1462498e-05,9.512496e-06,1.0691659e-05,1.3162494e-05,9.166662e-06,1.2287497e-05,1.4687498e-05
6,870,526.543,0.26,1.1774993e-05,1.0204164e-05,9.183327e-06,4.529158e-06,9.05416e-06,9.95833e-06,9.916663e-06,8.558329e-06,8.991663e-06,1.1545833e-05,9.562493e-06,1.0683329e-05,1.3233328e-05,9.229159e-06,1.2333329e-05,1.4716665e-05
6,871,526.686,0.258,1.178333e-05,1.0212493e-05,9.183327e-06,4.608329e-06,9.074998e-06,9.995826e-06,9.970832e-06,8.5375e-06,8.979162e-06,1.1595829e-05,9.608332e-06,1.0637498e-05,1.3287497e-05,9.245833e-06,1.236666e-05,1.4649995e-05
6,872,526.829,0.256,1.1587493e-05,1.024166e-05,9.270827e-06,4.645832e-06,9.129159e-06,1.0037494e-05,1.0062496e-05,8.612497e-06,9.016665e-06,1.1595829e-05,9.679158e-06,1.0779167e-05,1.3349994e-05,9.295829e-06,1.2404163e-05,1.4720829e-05
6,873,526.972,0.254,1.1666663e-05,1.0299993e-05,9.299994e-06,4.654161e-06,9.179163e-06,1.0029165e-05,1.0199992e-05,8.624998e-06,9.212494e-06,1.1620831e-05,9.716662e-06,1.0766666e-05,1.3354166e-05,9.39583e-06,1.2499992e-05,1.4799993e-05
6,874,527.115,0.252,1.1637497e-05,1.0337496e-05,9.424996e-06,4.679163e-06,9.237496e-06,1.0149995e-05,1.0087498e-05,8.670831e-06,9.116666e-06,1.1720832e-05,9.7375e-06,1.0874995e-05,1.3341665e-05,9.270827e-06,1.2566662e-05,1.484166e-05
6,875,527.258,0.25,1.1737498e-05,1.0399994e-05,9.383329e-06,4.720831e-06,9.320831e-06,1.0212493e-05,1.006666e-05,8.720827e-06,9.091664e-06,1.1758328e-05,9.795833e-06,1.0924999e-05,1.3308327e-05,9.362499e-06,1.2695829e-05,1.4904165e-05
6,876,527.401,0.248,1.1758328e-05,1.0412495e-05,9.39583e-06,4.912496e-06,9.391665e-06,1.024166e-05,1.0208329e-05,8.77916e-06,9.108328e-06,1.1774993e-05,9.849993e-06,1.0945829e-05,1.3370832e-05,9.279163e-06,1.2691665e-05,1.4904165e-05
6,877,527.544,0.246,1.1799995e-05,1.0487493e-05,9.458327e-06,4.712494e-06,9.387493e-06,1.0316666e-05,1.0191663e-05,8.833329e-06,9.070825e-06,1.1849999e-05,9.85833e-06,1.1016663e-05,1.3462496e-05,9.387493e-06,1.2762499e-05,1.490833e-05
6,878,527.687,0.244,1.1895831e-05,1.0620833e-05,9.437497e-06,4.716659e-06,9.587495e-06,1.0324995e-05,1.0279163e-05,8.837494e-06,9.149996e-06,1.1874994e-05,9.974996e-06,1.1049994e-05,1.3529166e-05,9.349998e-06,1.2645833e-05,1.5054163e-05
6,879,527.83,0.242,1.1995832e-05,1.0541661e-05,9.566665e-06,4.799994e-06,9.574994e-06,1.0454162e-05,1.0333331e-05,8.895826e-06,9.108328e-06,1.1954165e-05,9.945829e-06,1.1108327e-05,1.3499999e-05,9.462499e-06,1.2658325e-05,1.5004166e-05
6,880,527.973,0.24,1.2158331e-05,1.0633325e-05,9.566665e-06,4.774992e-06,9.49583e-06,1.0433332e-05,1.0354162e-05,8.908328e-06,9.149996e-06,1.1987496e-05,1.0024993e-05,1.114583e-05,1.3545831e-05,9.449998e-06,1.2737497e-05,1.5054163e-05
6,881,528.116,0.238,1.2208327e-05,1.0674993e-05,9.608332e-06,4.799994e-06,9.483329e-06,1.0479164e-05,1.0491665e-05,8.999999e-06,9.199993e-06,1.20375e-05,1.0095827e-05,1.1187498e-05,1.365416e-05,9.491666e-06,1.2808331e-05,1.5012495e-05
6,882,528.259,0.236,1.2174995e-05,1.0645826e-05,9.691659e-06,4.862499e-06,9.529162e-06,1.0462499e-05,1.0479164e-05,9.033331e-06,9.191665e-06,1.205833e-05,1.015416e-05,1.1291663e-05,1.36875e-05,9.479165e-06,1.2845826e-05,1.5049998e-05
6,883,528.402,0.234,1.2329165e-05,1.0791659e-05,9.712498e-06,4.883329e-06,9.649992e-06,1.0524996e-05,1.0554163e-05,9.045832e-06,9.187492e-06,1.2095833e-05,1.0079161e-05,1.1279162e-05,1.3716666e-05,9.529162e-06,1.2904159e-05,1.5137498e-05
6,884,528.545,0.232,1.2229165e-05,1.080416e-05,9.762493e-06,4.91666e-06,9.683331e-06,1.0562499e-05,1.0487493e-05,9.091664e-06,9.258326e-06,1.2108326e-05,1.0187498e-05,1.1304164e-05,1.3754161e-05,9.566665e-06,1.2904159e-05,1.5204159e-05
6,885,528.688,0.23,1.2304163e-05,1.0791659e-05,9.787496e-06,4.89583e-06,9.741664e-06,1.0629161e-05,1.0604159e-05,9.05416e-06,9.270827e-06,1.2229165e-05,1.0195828e-05,1.1412493e-05,1.374166e-05,9.595831e-06,1.2966665e-05,1.5233326e-05
6,886,528.831,0.228,1.2262495e-05,1.0962494e-05,9.849993e-06,4.924997e-06,9.733327e-06,1.0687494e-05,1.0549998e-05,9.166662e-06,9.262498e-06,1.2249994e-05,1.032083e-05,1.1404165e-05,1.3783328e-05,9.645828e-06,1.300416e-05,1.5270829e-05
6,887,528.974,0.226,1.2254159e-05,1.0908326e-05,9.908326e-06,4.941662e-06,9.829164e-06,1.0758328e-05,1.0587493e-05,9.174999e-06,9.341661e-06,1.2270832e-05,1.0374999e-05,1.1504166e-05,1.3895829e-05,9.641663e-06,1.3070829e-05,1.530416e-05
6,888,529.117,0.224,1.234583e-05,1.1020828e-05,9.883332e-06,4.98333e-06,9.866659e-06,1.0795831e-05,1.0658327e-05,9.24166e-06,9.287493e-06,1.2416665e-05,1.0379164e-05,1.1499993e-05,1.3895829e-05,9.716662e-06,1.3120826e-05,1.5379166e-05
6,889,529.26,0.222,1.2445831e-05,1.1020828e-05,9.983333e-06,5.037498e-06,9.895825e-06,1.0845828e-05,1.0695831e-05,9.208329e-06,9.262498e-06,1.2574998e-05,1.0345832e-05,1.1620831e-05,1.3874999e-05,9.704161e-06,1.3141664e-05,1.5570831e-05
6,890,529.403,0.22,1.2487499e-05,1.1020828e-05,9.991661e-06,5.074994e-06,1.0016664e-05,1.0879159e-05,1.0733326e-05,9.275e-06,9.408331e-06,1.252083e-05,1.0654163e-05,1.1579164e-05,1.3962499e-05,9.691659e-06,1.3116662e-05,1.5383332e-05
6,891,529.546,0.218,1.2479162e-05,1.1104163e-05,1.0087498e-05,5.137499e-06,9.974996e-06,1.1004162e-05,1.0745827e-05,9.366663e-06,9.349998e-06,1.2408328e-05,1.052916e-05,1.1637497e-05,1.3979165e-05,9.7375e-06,1.3262495e-05,1.547916e-05
6,892,529.69,0.216,1.2604165e-05,1.1124992e-05,1.0112492e-05,5.087495e-06,1.004583e-05,1.1008327e-05,1.0829162e-05,9.391665e-06,9.362499e-06,1.2429166e-05,1.0649999e-05,1.1666663e-05,1.4062492e-05,9.787496e-06,1.3299998e-05,1.5483332e-05
6,893,529.833,0.214,1.2758326e-05,1.1154159e-05,1.0216665e-05,5.174994e-06,1.006666e-05,1.106666e-05,1.0845828e-05,9.462499e-06,9.383329e-06,1.252083e-05,1.0487493e-05,1.1766664e-05,1.4116661e-05,9.774994e-06,1.3283332e-05,1.5562495e-05
6,894,529.976,0.212,1.2833333e-05,1.1183325e-05,1.022083e-05,5.108333e-06,1.0170826e-05,1.1137494e-05,1.0916662e-05,9.479165e-06,9.408331e-06,1.2491663e-05,1.0787495e-05,1.178333e-05,1.4191659e-05,9.829164e-06,1.3299998e-05,1.5604162e-05
6,895,530.119,0.21,1.2724996e-05,1.1174997e-05,1.0291664e-05,5.141664e-06,1.0187498e-05,1.1174997e-05,1.1029164e-05,9.537498e-06,9.41666e-06,1.2604165e-05,1.0662492e-05,1.180416e-05,1.4166665e-05,9.841665e-06,1.3429165e-05,1.5662496e-05
6,896,530.262,0.208,1.2799994e-05,1.1229165e-05,1.0379164e-05,5.19166e-06,1.0179162e-05,1.1224993e-05,1.0924999e-05,9.587495e-06,9.429161e-06,1.2620831e-05,1.0620833e-05,1.1799995e-05,1.420416e-05,9.883332e-06,1.3404163e-05,1.564583e-05
6,897,530.405,0.206,1.2699993e-05,1.1195826e-05,1.0491665e-05,5.283332e-06,1.0199992e-05,1.1262497e-05,1.0999997e-05,9.641663e-06,9.545827e-06,1.2641661e-05,1.0724997e-05,1.1879166e-05,1.4262493e-05,9.97916e-06,1.3483325e-05,1.5670832e-05
6,898,530.548,0.204,1.2737497e-05,1.132083e-05,1.0474992e-05,5.283332e-06,1.0249996e-05,1.1312492e-05,1.1074996e-05,9.708333e-06,9.474993e-06,1.2704166e-05,1.0737499e-05,1.1933326e-05,1.4266666e-05,1.0116664e-05,1.3558332e-05,1.5683334e-05
6,899,530.691,0.202,1.2774992e-05,1.1499993e-05,1.0387492e-05,5.25833e-06,1.0341661e-05,1.1274998e-05,1.1137494e-05,9.662493e-06,9.512496e-06,1.2816659e-05,1.0816661e-05,1.1987496e-05,1.4287496e-05,1.0162496e-05,1.3629166e-05,1.5779162e-05
6,900,530.834,0.2,1.2849999e-05,1.1312492e-05,1.0429159e-05,5.370831e-06,1.0383328e-05,1.1399992e-05,1.1074996e-05,9.699997e-06,9.533326e-06,1.2770827e-05,1.0833327e-05,1.2029163e-05,1.4337492e-05,9.954158e-06,1.3804166e-05,1.5791662e-05
6,901,530.977,0.198,1.28625e-05,1.1341659e-05,1.061666e-05,5.458331e-06,1.0454162e-05,1.1349996e-05,1.1191662e-05,9.79166e-06,9.516661e-06,1.2791666e-05,1.0862494e-05,1.2045829e-05,1.4370831e-05,9.941666e-06,1.3762497e-05,1.5874997e-05
6,902,531.12,0.196,1.2920833e-05,1.1499993e-05,1.0504166e-05,5.287496e-06,1.058333e-05,1.1504166e-05,1.1174997e-05,9.824999e-06,9.595831e-06,1.2874993e-05,1.0874995e-05,1.2095833e-05,1.4445829e-05,1.0016664e-05,1.3691663e-05,1.5887499e-05
6,903,531.263,0.194,1.3033326e-05,1.1470826e-05,1.0554163e-05,5.329164e-06,1.0462499e-05,1.1524995e-05,1.1224993e-05,9.841665e-06,9.629162e-06,1.2908332e-05,1.0904161e-05,1.2170832e-05,1.4445829e-05,1.0020828e-05,1.3674999e-05,1.5841659e-05
6,904,531.406,0.192,1.3070829e-05,1.1466662e-05,1.0654163e-05,5.324991e-06,1.0545826e-05,1.1641661e-05,1.1295827e-05,9.866659e-06,9.637499e-06,1.2933326e-05,1.0987496e-05,1.2220828e-05,1.4495826e-05,1.004583e-05,1.36875e-05,1.5849995e-05
6,905,531.549,0.19,1.3016661e-05,1.1516667e-05,1.0679166e-05,5.412499e-06,1.0483329e-05,1.1637497e-05,1.1295827e-05,9.962495e-06,9.608332e-06,1.291666e-05,1.1049994e-05,1.2216663e-05,1.4537493e-05,1.006666e-05,1.3787492e-05,1.5895828e-05
6,906,531.692,0.188,1.3320828e-05,1.1558326e-05,1.0745827e-05,5.408327e-06,1.0624997e-05,1.1587493e-05,1.1308328e-05,1.0008327e-05,9.624998e-06,1.3045827e-05,1.1049994e-05,1.2308327e-05,1.4554159e-05,1.0112492e-05,1.382916e-05,1.592083e-05
6,907,531.835,0.186,1.3299998e-05,1.1749999e-05,1.0741663e-05,5.44583e-06,1.0645826e-05,1.1754163e-05,1.1470826e-05,1.0016664e-05,9.683331e-06,1.3024997e-05,1.1129165e-05,1.2287497e-05,1.4662496e-05,1.0116664e-05,1.3866663e-05,1.5999993e-05
6,908,531.978,0.184,1.3354166e-05,1.1708331e-05,1.0845828e-05,5.46666e-06,1.070416e-05,1.1704159e-05,1.1329166e-05,1.0058331e-05,9.658329e-06,1.3108333e-05,1.1191662e-05,1.2383326e-05,1.4595827e-05,1.013333e-05,1.3883328e-05,1.6037497e-05
6,909,532.121,0.182,1.3116662e-05,1.1754163e-05,1.106666e-05,5.512492e-06,1.0758328e-05,1.1766664e-05,1.1437495e-05,1.0199992e-05,9.766666e-06,1.3108333e-05,1.1216664e-05,1.2437495e-05,1.4708328e-05,1.0204164e-05,1.3924996e-05,1.6045833e-05
6,910,532.264,0.18,1.3154165e-05,1.1758328e-05,1.0895832e-05,5.516664e-06,1.0741663e-05,1.1829162e-05,1.1454161e-05,1.0195828e-05,9.716662e-06,1.3166666e-05,1.1183325e-05,1.2399999e-05,1.4699999e-05,1.0224994e-05,1.399583e-05,1.6083328e-05
6,911,532.407,0.178,1.3270831e-05,1.1754163e-05,1.0974995e-05,5.558332e-06,1.0795831e-05,1.1858328e-05,1.1495828e-05,1.0145831e-05,9.829164e-06,1.3179159e-05,1.1262497e-05,1.2508329e-05,1.4766661e-05,1.0249996e-05,1.4045827e-05,1.6112495e-05
6,912,532.55,0.176,1.3295826e-05,1.1824997e-05,1.1070832e-05,5.599999e-06,1.0874995e-05,1.1904161e-05,1.1541661e-05,1.0158332e-05,9.712498e-06,1.3312499e-05,1.126666e-05,1.2491663e-05,1.4874999e-05,1.022083e-05,1.4049999e-05,1.6304159e-05
6,913,532.693,0.174,1.3354166e-05,1.1808332e-05,1.0999997e-05,5.608328e-06,1.0849993e-05,1.1974995e-05,1.1583328e-05,1.0183327e-05,9.912499e-06,1.3470833e-05,1.1316665e-05,1.2599993e-05,1.4854161e-05,1.0316666e-05,1.408333e-05,1.6204167e-05
6,914,532.836,0.172,1.3416664e-05,1.1933326e-05,1.1108327e-05,5.65416e-06,1.0941664e-05,1.1995832e-05,1.1624996e-05,1.032916e-05,9.720826e-06,1.3329164e-05,1.1437495e-05,1.2599993e-05,1.4833331e-05,1.0254161e-05,1.410416e-05,1.6249998e-05
6,915,532.979,0.17,1.3570825e-05,1.1841663e-05,1.1120828e-05,5.637495e-06,1.0995833e-05,1.2062494e-05,1.1641661e-05,1.0341661e-05,9.79166e-06,1.3370832e-05,1.1491664e-05,1.2691665e-05,1.4916666e-05,1.032083e-05,1.4208333e-05,1.6316661e-05
6,916,533.123,0.168,1.3445831e-05,1.2008325e-05,1.1229165e-05,5.608328e-06,1.1004162e-05,1.2083332e-05,1.1683329e-05,1.0354162e-05,9.829164e-06,1.3391662e-05,1.1620831e-05,1.2666663e-05,1.4924995e-05,1.0341661e-05,1.4249992e-05,1.6299995e-05
6,917,533.266,0.166,1.3699992e-05,1.1999997e-05,1.1212492e-05,5.712493e-06,1.1041665e-05,1.2191661e-05,1.1699995e-05,1.0433332e-05,9.829164e-06,1.3358331e-05,1.1533331e-05,1.2849999e-05,1.4974999e-05,1.0391665e-05,1.427083e-05,1.6304159e-05
6,918,533.409,0.164,1.3699992e-05,1.2045829e-05,1.123333e-05,5.754161e-06,1.106666e-05,1.2191661e-05,1.1974995e-05,1.0474992e-05,9.845829e-06,1.3441666e-05,1.1491664e-05,1.2766664e-05,1.5091666e-05,1.0399994e-05,1.4295832e-05,1.6429161e-05
6,919,533.552,0.162,1.3537494e-05,1.209166e-05,1.1345832e-05,5.762497e-06,1.1141666e-05,1.2233329e-05,1.1920825e-05,1.0508331e-05,9.866659e-06,1.3508327e-05,1.1591665e-05,1.2999995e-05,1.5124997e-05,1.0362498e-05,1.429166e-05,1.6420834e-05
6,920,533.695,0.16,1.3608328e-05,1.2054165e-05,1.1287499e-05,5.787492e-06,1.1133329e-05,1.2316664e-05,1.1899996e-05,1.0549998e-05,9.833328e-06,1.3524993e-05,1.1558326e-05,1.3062493e-05,1.5295831e-05,1.0479164e-05,1.4329164e-05,1.6437498e-05
6,921,533.838,0.158,1.3608328e-05,1.2249994e-05,1.1499993e-05,5.791664e-06,1.1183325e-05,1.2279161e-05,1.1908332e-05,1.0524996e-05,9.895825e-06,1.3524993e-05,1.162916e-05,1.2833333e-05,1.5070827e-05,1.0420831e-05,1.4362494e-05,1.6487495e-05
6,922,533.981,0.156,1.3679162e-05,1.2095833e-05,1.1495828e-05,5.824995e-06,1.126666e-05,1.2395827e-05,1.1949992e-05,1.0599994e-05,9.949994e-06,1.362083e-05,1.1662499e-05,1.282916e-05,1.5108331e-05,1.0570828e-05,1.4462495e-05,1.6545828e-05
6,923,534.124,0.154,1.3666661e-05,1.2108326e-05,1.1595829e-05,5.866663e-06,1.1358333e-05,1.2379161e-05,1.1916662e-05,1.0683329e-05,9.970832e-06,1.362083e-05,1.171666e-05,1.2945827e-05,1.5258328e-05,1.0570828e-05,1.4466659e-05,1.6587495e-05
6,924,534.267,0.152,1.3787492e-05,1.2195826e-05,1.1595829e-05,5.92916e-06,1.1345832e-05,1.2508329e-05,1.1949992e-05,1.0670828e-05,9.920827e-06,1.3666661e-05,1.1770829e-05,1.2949999e-05,1.5233326e-05,1.0541661e-05,1.4574996e-05,1.6624999e-05
6,925,534.41,0.15,1.3804166e-05,1.2212499e-05,1.1654162e-05,5.958327e-06,1.1458325e-05,1.2487499e-05,1.2062494e-05,1.075e-05,1.0062496e-05,1.3724994e-05,1.1766664e-05,1.3045827e-05,1.5262493e-05,1.0541661e-05,1.4712493e-05,1.6629163e-05
6,926,534.553,0.148,1.3845834e-05,1.2241666e-05,1.1583328e-05,5.904166e-06,1.1641661e-05,1.2583328e-05,1.2049993e-05,1.0737499e-05,1.0016664e-05,1.3774999e-05,1.1924998e-05,1.3058328e-05,1.5312497e-05,1.0579165e-05,1.4791663e-05,1.6629163e-05
6,927,534.696,0.146,1.3979165e-05,1.2283325e-05,1.1620831e-05,6.091658e-06,1.1466662e-05,1.2629159e-05,1.2095833e-05,1.0837499e-05,1.0054159e-05,1.3833332e-05,1.1820833e-05,1.3154165e-05,1.5345828e-05,1.0566664e-05,1.4604163e-05,1.6687496e-05
6,928,534.839,0.144,1.401666e-05,1.2304163e-05,1.1704159e-05,5.916659e-06,1.1462498e-05,1.2754163e-05,1.2166659e-05,1.0833327e-05,9.970832e-06,1.3762497e-05,1.1874994e-05,1.3133327e-05,1.537083e-05,1.0629161e-05,1.4541666e-05,1.6674996e-05
6,929,534.982,0.142,1.4133327e-05,1.2462497e-05,1.1720832e-05,5.983329e-06,1.1612495e-05,1.2758326e-05,1.2170832e-05,1.0895832e-05,9.995826e-06,1.3870827e-05,1.1945828e-05,1.3204161e-05,1.5391659e-05,1.0670828e-05,1.4683326e-05,1.6674996e-05
6,930,535.125,0.14,1.4045827e-05,1.2358331e-05,1.1774993e-05,5.979165e-06,1.1566663e-05,1.2924997e-05,1.2279161e-05,1.0933328e-05,1.0070833e-05,1.3970828e-05,1.1958329e-05,1.3358331e-05,1.5424999e-05,1.0649999e-05,1.4708328e-05,1.6716664e-05
6,931,535.268,0.138,1.4208333e-05,1.2449996e-05,1.1812496e-05,6.033325e-06,1.162916e-05,1.2941662e-05,1.2174995e-05,1.1091662e-05,1.0049995e-05,1.3899994e-05,1.1974995e-05,1.3266659e-05,1.5512498e-05,1.0691659e-05,1.4741659e-05,1.6754166e-05
6,932,535.411,0.136,1.427083e-05,1.2554161e-05,1.1866665e-05,6.024996e-06,1.1679164e-05,1.2749998e-05,1.2358331e-05,1.1020828e-05,1.0087498e-05,1.3933332e-05,1.2074995e-05,1.3287497e-05,1.5445828e-05,1.0733326e-05,1.4774998e-05,1.6816664e-05
6,933,535.554,0.134,1.401666e-05,1.2620831e-05,1.1937499e-05,6.041662e-06,1.1720832e-05,1.2804167e-05,1.2283325e-05,1.0995833e-05,1.015416e-05,1.4004159e-05,1.2012498e-05,1.3391662e-05,1.5574995e-05,1.0791659e-05,1.4770826e-05,1.6883325e-05
6,934,535.697,0.132,1.415e-05,1.2616666e-05,1.2020826e-05,6.083329e-06,1.1704159e-05,1.2908332e-05,1.2449996e-05,1.1220829e-05,1.0187498e-05,1.4074993e-05,1.2120827e-05,1.3374996e-05,1.5520827e-05,1.078333e-05,1.4829159e-05,1.6883325e-05
6,935,535.84,0.13,1.4220826e-05,1.2595829e-05,1.2020826e-05,6.133326e-06,1.1795831e-05,1.2937498e-05,1.2370832e-05,1.1029164e-05,1.015416e-05,1.4049999e-05,1.2116662e-05,1.3437494e-05,1.5570831e-05,1.0745827e-05,1.484166e-05,1.695416e-05
6,936,535.983,0.128,1.4187495e-05,1.2674999e-05,1.209166e-05,6.170829e-06,1.1787494e-05,1.2999995e-05,1.2362496e-05,1.104583e-05,1.0195828e-05,1.4179166e-05,1.2145829e-05,1.3441666e-05,1.5679161e-05,1.078333e-05,1.4949997e-05,1.6987498e-05
6,937,536.126,0.126,1.4258329e-05,1.2704166e-05,1.2024999e-05,6.174993e-06,1.1908332e-05,1.3041663e-05,1.2420829e-05,1.114583e-05,1.0120829e-05,1.4179166e-05,1.2199998e-05,1.3529166e-05,1.5687498e-05,1.0862494e-05,1.4912494e-05,1.7e-05
6,938,536.269,0.124,1.4399998e-05,1.2720831e-05,1.2116662e-05,6.195831e-06,1.188333e-05,1.3058328e-05,1.2479162e-05,1.1162496e-05,1.0216665e-05,1.417083e-05,1.2316664e-05,1.3516665e-05,1.5762496e-05,1.0883331e-05,1.4966663e-05,1.7066661e-05
6,939,536.412,0.122,1.4433328e-05,1.2770827e-05,1.2116662e-05,6.258329e-06,1.1958329e-05,1.3166666e-05,1.2487499e-05,1.126666e-05,1.0174997e-05,1.4279159e-05,1.2474998e-05,1.3595827e-05,1.5762496e-05,1.0854164e-05,1.5033333e-05,1.6995828e-05
6,940,536.555,0.12,1.456666e-05,1.2687492e-05,1.2162494e-05,6.18333e-06,1.1987496e-05,1.3179159e-05,1.2491663e-05,1.1308328e-05,1.0208329e-05,1.4212497e-05,1.2291662e-05,1.36875e-05,1.575416e-05,1.0920827e-05,1.5037497e-05,1.712083e-05
6,941,536.699,0.118,1.445833e-05,1.2787493e-05,1.2320828e-05,6.262493e-06,1.2024999e-05,1.3370832e-05,1.2599993e-05,1.1345832e-05,1.0229166e-05,1.4266666e-05,1.2462497e-05,1.3641659e-05,1.5854161e-05,1.0912498e-05,1.5062499e-05,1.7124994e-05
6,942,536.842,0.116,1.4679162e-05,1.2841661e-05,1.2316664e-05,6.312498e-06,1.2049993e-05,1.3349994e-05,1.2595829e-05,1.1408329e-05,1.0233331e-05,1.4308325e-05,1.2358331e-05,1.3666661e-05,1.5887499e-05,1.0949993e-05,1.5079165e-05,1.71875e-05
6,943,536.985,0.114,1.4679162e-05,1.2912496e-05,1.2295826e-05,6.316662e-06,1.2174995e-05,1.3229163e-05,1.2674999e-05,1.1454161e-05,1.0283327e-05,1.4320826e-05,1.236666e-05,1.3820831e-05,1.5970827e-05,1.0995833e-05,1.5141662e-05,1.714166e-05
6,944,537.128,0.112,1.4508327e-05,1.291666e-05,1.2408328e-05,6.358329e-06,1.2129164e-05,1.3408328e-05,1.2637496e-05,1.1504166e-05,1.0308329e-05,1.4420827e-05,1.2429166e-05,1.3708329e-05,1.5891663e-05,1.1049994e-05,1.5166665e-05,1.7191664e-05
6,945,537.271,0.11,1.4787499e-05,1.2858327e-05,1.252083e-05,6.333327e-06,1.2204162e-05,1.3337493e-05,1.2737497e-05,1.1537496e-05,1.0324995e-05,1.4399998e-05,1.2487499e-05,1.3958327e-05,1.6012495e-05,1.1074996e-05,1.5179166e-05,1.7245833e-05
6,946,537.414,0.108,1.4570832e-05,1.2908332e-05,1.245416e-05,6.379159e-06,1.2254159e-05,1.3391662e-05,1.270833e-05,1.152083e-05,1.0370827e-05,1.4416662e-05,1.2524994e-05,1.3754161e-05,1.6020831e-05,1.1033329e-05,1.5245827e-05,1.7266662e-05
6,947,537.557,0.106,1.4554159e-05,1.2949999e-05,1.2674999e-05,6.445829e-06,1.2283325e-05,1.3470833e-05,1.2824997e-05,1.1599994e-05,1.0333331e-05,1.45125e-05,1.2558333e-05,1.3887493e-05,1.609583e-05,1.1274998e-05,1.5324998e-05,1.7349998e-05
6,948,537.7,0.104,1.46125e-05,1.2987494e-05,1.2499992e-05,6.487497e-06,1.2370832e-05,1.3504164e-05,1.2737497e-05,1.1637497e-05,1.0374999e-05,1.454583e-05,1.2591664e-05,1.3887493e-05,1.6020831e-05,1.104583e-05,1.5316662e-05,1.7324995e-05
6,949,537.843,0.102,1.4708328e-05,1.2962492e-05,1.2741662e-05,6.499998e-06,1.2358331e-05,1.3549996e-05,1.2804167e-05,1.1654162e-05,1.0399994e-05,1.4624993e-05,1.2629159e-05,1.3941662e-05,1.609583e-05,1.1024999e-05,1.5404161e-05,1.7374992e-05
6,950,537.986,0.1,1.4679162e-05,1.3154165e-05,1.2595829e-05,6.533329e-06,1.2499992e-05,1.3637495e-05,1.2812495e-05,1.1658327e-05,1.0420831e-05,1.4574996e-05,1.2749998e-05,1.3966664e-05,1.6104166e-05,1.1070832e-05,1.5349991e-05,1.7562492e-05
6,951,538.129,0.098,1.4791663e-05,1.308333e-05,1.2704166e-05,6.441664e-06,1.254166e-05,1.3662498e-05,1.2904159e-05,1.1737498e-05,1.0437497e-05,1.4645831e-05,1.2691665e-05,1.4058328e-05,1.6124995e-05,1.1141666e-05,1.5354164e-05,1.7429162e-05
6,952,538.272,0.096,1.5037497e-05,1.3087495e-05,1.2745825e-05,6.487497e-06,1.2620831e-05,1.3704165e-05,1.291666e-05,1.1787494e-05,1.0458326e-05,1.4595827e-05,1.2704166e-05,1.4087494e-05,1.6208331e-05,1.1191662e-05,1.5349991e-05,1.74625e-05
6,953,538.415,0.094,1.4979164e-05,1.3137499e-05,1.2741662e-05,6.529164e-06,1.245416e-05,1.3791664e-05,1.2962492e-05,1.180416e-05,1.0441661e-05,1.465416e-05,1.2758326e-05,1.410416e-05,1.6195831e-05,1.1208328e-05,1.547083e-05,1.7424996e-05
6,954,538.558,0.092,1.5054163e-05,1.3333329e-05,1.279583e-05,6.516663e-06,1.2491663e-05,1.3754161e-05,1.3008333e-05,1.1858328e-05,1.0479164e-05,1.4716665e-05,1.2824997e-05,1.4112497e-05,1.6254162e-05,1.1229165e-05,1.5474994e-05,1.7499995e-05
6,955,538.701,0.09,1.4999993e-05,1.3379161e-05,1.2824997e-05,6.54583e-06,1.2554161e-05,1.3758326e-05,1.317083e-05,1.1862493e-05,1.0541661e-05,1.4687498e-05,1.2887494e-05,1.4116661e-05,1.62625e-05,1.123333e-05,1.5520827e-05,1.7433325e-05
6,956,538.844,0.088,1.4870827e-05,1.3233328e-05,1.2891666e-05,6.612492e-06,1.2629159e-05,1.3966664e-05,1.3216662e-05,1.1991659e-05,1.0470828e-05,1.4779162e-05,1.2866664e-05,1.4158329e-05,1.6287493e-05,1.1274998e-05,1.557916e-05,1.7516661e-05
6,957,538.987,0.086,1.4874999e-05,1.3304162e-05,1.2941662e-05,6.629165e-06,1.2641661e-05,1.3920831e-05,1.3041663e-05,1.1916662e-05,1.0566664e-05,1.4829159e-05,1.2904159e-05,1.4166665e-05,1.6333326e-05,1.1295827e-05,1.5612499e-05,1.7616661e-05
6,958,539.13,0.084,1.5045825e-05,1.3333329e-05,1.3008333e-05,6.649995e-06,1.2687492e-05,1.3962499e-05,1.3204161e-05,1.2054165e-05,1.0541661e-05,1.4845832e-05,1.2929161e-05,1.4241664e-05,1.6408332e-05,1.1387499e-05,1.5683334e-05,1.7641663e-05
6,959,539.273,0.082,1.5049998e-05,1.3429165e-05,1.3024997e-05,6.699999e-06,1.2737497e-05,1.3983329e-05,1.3129163e-05,1.2024999e-05,1.0649999e-05,1.4924995e-05,1.2920833e-05,1.4316663e-05,1.6349999e-05,1.1391664e-05,1.564583e-05,1.7616661e-05
6,960,539.416,0.08,1.4970827e-05,1.343333e-05,1.2999995e-05,6.654159e-06,1.2754163e-05,1.4020832e-05,1.3137499e-05,1.2204162e-05,1.0591666e-05,1.5008331e-05,1.3037499e-05,1.4312498e-05,1.6412496e-05,1.1374998e-05,1.575416e-05,1.7670831e-05
6,961,539.559,0.078,1.509583e-05,1.3520829e-05,1.3045827e-05,6.724993e-06,1.2787493e-05,1.408333e-05,1.3154165e-05,1.209166e-05,1.0637498e-05,1.5008331e-05,1.3054164e-05,1.4299997e-05,1.6462493e-05,1.1445833e-05,1.5704163e-05,1.7720826e-05
6,962,539.702,0.076,1.5037497e-05,1.343333e-05,1.3108333e-05,6.708328e-06,1.2870828e-05,1.410416e-05,1.3233328e-05,1.209166e-05,1.0537497e-05,1.4987492e-05,1.3037499e-05,1.4329164e-05,1.6462493e-05,1.1374998e-05,1.5783326e-05,1.7779159e-05
6,963,539.845,0.074,1.5270829e-05,1.3516665e-05,1.319166e-05,6.679161e-06,1.28625e-05,1.4179166e-05,1.3241664e-05,1.2158331e-05,1.0620833e-05,1.4979164e-05,1.3308327e-05,1.4470832e-05,1.6554164e-05,1.1383327e-05,1.5762496e-05,1.7808326e-05
6,964,539.988,0.072,1.5366666e-05,1.3516665e-05,1.3233328e-05,6.812493e-06,1.2933326e-05,1.4154164e-05,1.3262495e-05,1.2174995e-05,1.0595831e-05,1.4949997e-05,1.3199997e-05,1.4499999e-05,1.6574995e-05,1.1512494e-05,1.5795827e-05,1.7916664e-05
6,965,540.132,0.07,1.5420826e-05,1.3683327e-05,1.3220827e-05,6.816666e-06,1.2933326e-05,1.4237499e-05,1.3316663e-05,1.2220828e-05,1.0662492e-05,1.5037497e-05,1.3149993e-05,1.4487497e-05,1.6529162e-05,1.1466662e-05,1.583333e-05,1.7841665e-05
6,966,540.275,0.068,1.5391659e-05,1.3591663e-05,1.3266659e-05,6.808329e-06,1.3045827e-05,1.4287496e-05,1.3325e-05,1.2241666e-05,1.0649999e-05,1.5070827e-05,1.3133327e-05,1.4554159e-05,1.6587495e-05,1.1483327e-05,1.5866661e-05,1.7837492e-05
6,967,540.418,0.066,1.5170828e-05,1.3641659e-05,1.3254165e-05,6.770825e-06,1.3008333e-05,1.4337492e-05,1.3404163e-05,1.2362496e-05,1.0641662e-05,1.5170828e-05,1.3145828e-05,1.454583e-05,1.6716664e-05,1.1516667e-05,1.5929167e-05,1.7862494e-05
6,968,540.561,0.064,1.5241662e-05,1.3549996e-05,1.3370832e-05,6.841659e-06,1.3079167e-05,1.4387496e-05,1.336666e-05,1.2387498e-05,1.0658327e-05,1.5170828e-05,1.3199997e-05,1.454583e-05,1.6741666e-05,1.1562498e-05,1.5966662e-05,1.797916e-05
6,969,540.704,0.062,1.5437499e-05,1.3662498e-05,1.3387497e-05,6.8875e-06,1.3041663e-05,1.4449994e-05,1.3408328e-05,1.2408328e-05,1.0720825e-05,1.5179166e-05,1.3237493e-05,1.456666e-05,1.6691662e-05,1.162916e-05,1.5962498e-05,1.797916e-05
6,970,540.847,0.06,1.5341664e-05,1.3591663e-05,1.3558332e-05,6.916666e-06,1.3070829e-05,1.439166e-05,1.3491663e-05,1.2470826e-05,1.0733326e-05,1.5254163e-05,1.3329164e-05,1.4645831e-05,1.6733329e-05,1.1645826e-05,1.6016666e-05,1.7941666e-05
6,971,540.99,0.058,1.5308333e-05,1.3629166e-05,1.3566661e-05,6.912494e-06,1.3133327e-05,1.4487497e-05,1.3495826e-05,1.2441659e-05,1.089166e-05,1.5299996e-05,1.3308327e-05,1.4608328e-05,1.6708327e-05,1.171666e-05,1.6083328e-05,1.7983333e-05
6,972,541.133,0.056,1.5412497e-05,1.3695828e-05,1.365416e-05,6.949997e-06,1.3220827e-05,1.4508327e-05,1.3495826e-05,1.2449996e-05,1.0849993e-05,1.5329162e-05,1.3370832e-05,1.4670833e-05,1.6787497e-05,1.160833e-05,1.6116659e-05,1.8037494e-05
6,973,541.276,0.054,1.5445828e-05,1.3712493e-05,1.3487498e-05,6.966663e-06,1.3183331e-05,1.4620829e-05,1.3491663e-05,1.2504164e-05,1.0787495e-05,1.5354164e-05,1.3329164e-05,1.4758332e-05,1.6754166e-05,1.1649998e-05,1.6312495e-05,1.8091663e-05
6,974,541.419,0.052,1.5454165e-05,1.3774999e-05,1.3591663e-05,7.11666e-06,1.3420829e-05,1.46125e-05,1.3591663e-05,1.2566662e-05,1.0737499e-05,1.5395832e-05,1.3404163e-05,1.4779162e-05,1.6841666e-05,1.1670828e-05,1.6129159e-05,1.8133331e-05
6,975,541.562,0.05,1.5587497e-05,1.3783328e-05,1.362083e-05,7.054162e-06,1.3287497e-05,1.463333e-05,1.3566661e-05,1.2612494e-05,1.0791659e-05,1.5404161e-05,1.3437494e-05,1.4808329e-05,1.6883325e-05,1.1658327e-05,1.6416661e-05,1.8104163e-05
6,976,541.705,0.048,1.5512498e-05,1.382916e-05,1.3616665e-05,7.241662e-06,1.3320828e-05,1.4741659e-05,1.3624994e-05,1.2583328e-05,1.0766666e-05,1.5420826e-05,1.3474997e-05,1.4870827e-05,1.6862496e-05,1.1720832e-05,1.6129159e-05,1.8370827e-05
6,977,541.848,0.046,1.5774996e-05,1.3983329e-05,1.3704165e-05,7.087493e-06,1.3383333e-05,1.4812494e-05,1.3691663e-05,1.2674999e-05,1.0812497e-05,1.5449992e-05,1.3479162e-05,1.4895829e-05,1.69e-05,1.1724997e-05,1.6458329e-05,1.8095827e-05
6,978,541.991,0.044,1.5724992e-05,1.3874999e-05,1.3737495e-05,7.070827e-06,1.3399998e-05,1.4924995e-05,1.3816659e-05,1.2716659e-05,1.0912498e-05,1.5454165e-05,1.36e-05,1.4895829e-05,1.6937494e-05,1.1737498e-05,1.62625e-05,1.830833e-05
6,979,542.134,0.042,1.5862497e-05,1.3933332e-05,1.3762497e-05,7.108331e-06,1.3379161e-05,1.475416e-05,1.3837496e-05,1.2754163e-05,1.0879159e-05,1.545833e-05,1.3629166e-05,1.4924995e-05,1.6958333e-05,1.1841663e-05,1.6312495e-05,1.8183327e-05
6,980,542.277,0.04,1.5887499e-05,1.3958327e-05,1.3779163e-05,7.154163e-06,1.3445831e-05,1.4966663e-05,1.3791664e-05,1.2841661e-05,1.0841663e-05,1.5566658e-05,1.362083e-05,1.4987492e-05,1.7045832e-05,1.1791666e-05,1.6295831e-05,1.8245832e-05
6,981,542.42,0.038,1.5866661e-05,1.3904166e-05,1.3866663e-05,7.145826e-06,1.3558332e-05,1.4787499e-05,1.3729159e-05,1.2779165e-05,1.0941664e-05,1.5545829e-05,1.3704165e-05,1.5016659e-05,1.7079163e-05,1.1799995e-05,1.6345826e-05,1.8266663e-05
6,982,542.563,0.036,1.5845832e-05,1.4058328e-05,1.3841661e-05,7.179165e-06,1.355416e-05,1.4916666e-05,1.3712493e-05,1.3041663e-05,1.0908326e-05,1.5608326e-05,1.3649996e-05,1.4979164e-05,1.7037495e-05,1.1779165e-05,1.6362492e-05,1.8291665e-05
6,983,542.706,0.034,1.5845832e-05,1.4195832e-05,1.3920831e-05,7.212496e-06,1.36e-05,1.4941661e-05,1.382916e-05,1.282916e-05,1.1004162e-05,1.5666659e-05,1.3662498e-05,1.5016659e-05,1.7058333e-05,1.1891659e-05,1.645e-05,1.832083e-05
6,984,542.849,0.032,1.5995829e-05,1.4124998e-05,1.3949998e-05,7.233326e-06,1.3616665e-05,1.4991665e-05,1.3833332e-05,1.2824997e-05,1.0983332e-05,1.5637494e-05,1.3712493e-05,1.509583e-05,1.7145832e-05,1.1841663e-05,1.6437498e-05,1.834166e-05
6,985,542.992,0.03,1.5858332e-05,1.4116661e-05,1.3962499e-05,7.212496e-06,1.3683327e-05,1.5070827e-05,1.3945826e-05,1.2887494e-05,1.1124992e-05,1.5720829e-05,1.372083e-05,1.5120832e-05,1.7104165e-05,1.1899996e-05,1.6624999e-05,1.8358325e-05
6,986,543.135,0.028,1.582083e-05,1.410416e-05,1.4087494e-05,7.329162e-06,1.3712493e-05,1.5058326e-05,1.3937497e-05,1.2937498e-05,1.1024999e-05,1.5720829e-05,1.3854162e-05,1.5124997e-05,1.7199993e-05,1.1945828e-05,1.6633328e-05,1.8645827e-05
6,987,543.278,0.026,1.5874997e-05,1.4216662e-05,1.4116661e-05,7.329162e-06,1.3745833e-05,1.511666e-05,1.3966664e-05,1.3049992e-05,1.0937492e-05,1.5879163e-05,1.3983329e-05,1.5229161e-05,1.7208329e-05,1.1941664e-05,1.6529162e-05,1.8529161e-05
6,988,543.421,0.024,1.5983327e-05,1.4162492e-05,1.4174994e-05,7.249999e-06,1.3745833e-05,1.5158327e-05,1.3970828e-05,1.3024997e-05,1.1016663e-05,1.5733329e-05,1.3937497e-05,1.5224997e-05,1.7179163e-05,1.1979158e-05,1.6512497e-05,1.8512495e-05
6,989,543.565,0.022,1.5824993e-05,1.4266666e-05,1.4191659e-05,7.354164e-06,1.3812494e-05,1.5174993e-05,1.4008331e-05,1.3054164e-05,1.1008327e-05,1.5854161e-05,1.3912495e-05,1.5320826e-05,1.7320832e-05,1.2020826e-05,1.6624999e-05,1.8487493e-05
6,990,543.708,0.02,1.6212494e-05,1.4279159e-05,1.4183331e-05,7.391659e-06,1.3870827e-05,1.5224997e-05,1.4054163e-05,1.3116662e-05,1.1058331e-05,1.5779162e-05,1.3795829e-05,1.5287495e-05,1.7383329e-05,1.1999997e-05,1.6633328e-05,1.8554163e-05
6,991,543.851,0.018,1.6220833e-05,1.4233327e-05,1.4237499e-05,7.437499e-06,1.391666e-05,1.5237499e-05,1.4108332e-05,1.3166666e-05,1.106666e-05,1.5866661e-05,1.3899994e-05,1.5562495e-05,1.7424996e-05,1.205833e-05,1.6595832e-05,1.8558327e-05
6,992,543.994,0.016,1.6124995e-05,1.4374995e-05,1.4287496e-05,7.333326e-06,1.3866663e-05,1.5299996e-05,1.408333e-05,1.3212498e-05,1.106666e-05,1.5929167e-05,1.3966664e-05,1.5454165e-05,1.7437498e-05,1.2016662e-05,1.6616663e-05,1.8554163e-05
6,993,544.137,0.014,1.610833e-05,1.4441665e-05,1.4491661e-05,7.420826e-06,1.3945826e-05,1.5333326e-05,1.4095831e-05,1.3254165e-05,1.1095826e-05,1.592083e-05,1.3962499e-05,1.5337499e-05,1.76375e-05,1.2095833e-05,1.667916e-05,1.8591667e-05
6,994,544.28,0.012,1.6020831e-05,1.4387496e-05,1.4404161e-05,7.441664e-06,1.3945826e-05,1.5341664e-05,1.415e-05,1.3208326e-05,1.1104163e-05,1.5954161e-05,1.4033326e-05,1.5420826e-05,1.7379165e-05,1.2174995e-05,1.6762495e-05,1.8583329e-05
6,995,544.423,0.01,1.6037497e-05,1.4366667e-05,1.4524992e-05,7.424998e-06,1.4091666e-05,1.5387495e-05,1.4220826e-05,1.3370832e-05,1.1149995e-05,1.5991664e-05,1.4095831e-05,1.545833e-05,1.7558328e-05,1.2254159e-05,1.6791662e-05,1.8691659e-05
6,996,544.566,0.008,1.6054162e-05,1.4387496e-05,1.4541666e-05,7.616663e-06,1.4133327e-05,1.5454165e-05,1.4216662e-05,1.3295826e-05,1.116666e-05,1.6054162e-05,1.4074993e-05,1.5412497e-05,1.7433325e-05,1.224583e-05,1.6870832e-05,1.8787496e-05
6,997,544.709,0.006,1.6149997e-05,1.4383332e-05,1.4624993e-05,7.608326e-06,1.4124998e-05,1.5583333e-05,1.420416e-05,1.3333329e-05,1.1195826e-05,1.6120832e-05,1.4099995e-05,1.5504162e-05,1.7491666e-05,1.2299998e-05,1.677916e-05,1.8704161e-05
6,998,544.852,0.004,1.6179165e-05,1.445833e-05,1.4429164e-05,7.649994e-06,1.4208333e-05,1.5545829e-05,1.4299997e-05,1.3424992e-05,1.1154159e-05,1.6104166e-05,1.4154164e-05,1.547083e-05,1.7508331e-05,1.2304163e-05,1.696666e-05,1.8820827e-05
6,999,544.995,0.002,1.6387494e-05,1.447916e-05,1.454583e-05,7.604162e-06,1.4220826e-05,1.5529164e-05,1.4258329e-05,1.3391662e-05,1.1224993e-05,1.6116659e-05,1.4187495e-05,1.5516662e-05,1.7562492e-05,1.2187496e-05,1.6808328e-05,1.8791659e-05
6,1000,545.138,0.0,1.6374994e-05,1.4491661e-05,1.4637494e-05,7.641665e-06,1.4224998e-05,1.5629164e-05,1.4341665e-05,1.3479162e-05,1.114583e-05,1.6120832e-05,1.420416e-05,1.559166e-05,1.7595832e-05,1.2237493e-05,1.7029166e-05,1.8745828e-05
,,,,,,,,,,,,,,,,,,,,6,0.59,0.57,0.466,0.496,0.48,0.484,0.56,0.494,0.994,0.594,0.554,0.562,0.682,0.59,0.596,0.696,0.602,0.592,0.536,0.554,0.55,0.546,0.572,0.538,0.754,0.634,0.578,0.546,0.734,0.612,0.63,0.722
7,0,545.414,0.0,1.62625e-05,1.4574996e-05,1.4595827e-05,7.612498e-06,1.429166e-05,1.5679161e-05,1.4312498e-05,1.3487498e-05,1.1174997e-05,1.6158327e-05,1.4216662e-05,1.5599999e-05,1.7612498e-05,1.2229165e-05,1.6883325e-05,1.8750001e-05
7,1,545.557,0.002,1.6266664e-05,1.4579161e-05,1.4583326e-05,7.533328e-06,1.4387496e-05,1.5737494e-05,1.4374995e-05,1.3487498e-05,1.1208328e-05,1.6149997e-05,1.4208333e-05,1.5641666e-05,1.7558328e-05,1.2258331e-05,1.684583e-05,1.8766665e-05
7,2,545.7,0.004,1.6249998e-05,1.4524992e-05,1.4491661e-05,7.549993e-06,1.4145828e-05,1.5812493e-05,1.4425e-05,1.3391662e-05,1.1274998e-05,1.6116659e-05,1.4237499e-05,1.5599999e-05,1.7604159e-05,1.2224992e-05,1.683333e-05,1.8712497e-05
7,3,545.843,0.006,1.6362492e-05,1.4599998e-05,1.4520828e-05,7.499997e-06,1.4087494e-05,1.5629164e-05,1.4520828e-05,1.3416664e-05,1.1199999e-05,1.6049997e-05,1.4183331e-05,1.5729165e-05,1.7524997e-05,1.2212499e-05,1.6883325e-05,1.8720826e-05
7,4,545.986,0.008,1.6237498e-05,1.4670833e-05,1.45125e-05,7.479159e-06,1.408333e-05,1.547916e-05,1.4524992e-05,1.3374996e-05,1.1237494e-05,1.6083328e-05,1.4249992e-05,1.5525e-05,1.7549999e-05,1.2208327e-05,1.6858332e-05,1.8745828e-05
7,5,546.129,0.01,1.6183329e-05,1.4591662e-05,1.4433328e-05,7.499997e-06,1.4108332e-05,1.5462494e-05,1.4337492e-05,1.3320828e-05,1.1274998e-05,1.6083328e-05,1.4141663e-05,1.5508325e-05,1.750416e-05,1.2249994e-05,1.6933331e-05,1.8691659e-05
7,6,546.272,0.012,1.6187492e-05,1.4599998e-05,1.4399998e-05,7.474995e-06,1.408333e-05,1.5462494e-05,1.4299997e-05,1.3416664e-05,1.1512494e-05,1.6079164e-05,1.4129162e-05,1.5566658e-05,1.7487495e-05,1.2212499e-05,1.6804162e-05,1.8716661e-05
7,7,546.415,0.014,1.6154163e-05,1.4570832e-05,1.4374995e-05,7.47083e-06,1.4062492e-05,1.5541666e-05,1.4224998e-05,1.3274996e-05,1.1304164e-05,1.6087492e-05,1.4174994e-05,1.5433327e-05,1.7545828e-05,1.2204162e-05,1.6799999e-05,1.8687495e-05
7,8,546.558,0.016,1.6174999e-05,1.4524992e-05,1.4349993e-05,7.641665e-06,1.401666e-05,1.5449992e-05,1.4262493e-05,1.3245829e-05,1.1383327e-05,1.6099993e-05,1.4116661e-05,1.549166e-05,1.7420833e-05,1.2224992e-05,1.677916e-05,1.8699995e-05
7,9,546.701,0.018,1.6145825e-05,1.4508327e-05,1.4304161e-05,7.462494e-06,1.399583e-05,1.5379166e-05,1.4279159e-05,1.3199997e-05,1.1399992e-05,1.6149997e-05,1.4145828e-05,1.5449992e-05,1.7508331e-05,1.2254159e-05,1.6799999e-05,1.8674993e-05
7,10,546.844,0.02,1.6141661e-05,1.4549994e-05,1.4295832e-05,7.437499e-06,1.3983329e-05,1.5462494e-05,1.4229163e-05,1.3149993e-05,1.1224993e-05,1.6149997e-05,1.4133327e-05,1.5437499e-05,1.7408331e-05,1.2233329e-05,1.6866659e-05,1.865e-05
7,11,546.987,0.022,1.6116659e-05,1.45125e-05,1.4324999e-05,7.341663e-06,1.3983329e-05,1.5354164e-05,1.4208333e-05,1.3149993e-05,1.1283326e-05,1.6145825e-05,1.4174994e-05,1.5445828e-05,1.7412496e-05,1.2199998e-05,1.665833e-05,1.8620833e-05
7,12,547.13,0.024,1.6112495e-05,1.4416662e-05,1.4287496e-05,7.420826e-06,1.3891665e-05,1.5354164e-05,1.4166665e-05,1.3112497e-05,1.1258332e-05,1.5916665e-05,1.4137499e-05,1.5441665e-05,1.7466664e-05,1.2141665e-05,1.6749995e-05,1.8608333e-05
7,13,547.274,0.026,1.5991664e-05,1.4574996e-05,1.4245828e-05,7.408333e-06,1.3849997e-05,1.5270829e-05,1.4166665e-05,1.3112497e-05,1.1291663e-05,1.6149997e-05,1.4124998e-05,1.5429163e-05,1.7408331e-05,1.2229165e-05,1.6770831e-05,1.861666e-05
7,14,547.417,0.028,1.5979163e-05,1.4466659e-05,1.4120833e-05,7.324998e-06,1.380833e-05,1.5308333e-05,1.4166665e-05,1.3070829e-05,1.1337494e-05,1.594166e-05,1.4087494e-05,1.5345828e-05,1.741666e-05,1.2212499e-05,1.6762495e-05,1.8591667e-05
7,15,547.56,0.03,1.5979163e-05,1.4420827e-05,1.4187495e-05,7.324998e-06,1.3858326e-05,1.525e-05,1.410416e-05,1.3024997e-05,1.1324993e-05,1.592083e-05,1.4029161e-05,1.5383332e-05,1.7487495e-05,1.2166659e-05,1.6649994e-05,1.8499994e-05
7,16,547.703,0.032,1.5974998e-05,1.4420827e-05,1.4074993e-05,7.345827e-06,1.3733332e-05,1.5224997e-05,1.4129162e-05,1.3033326e-05,1.13e-05,1.5904165e-05,1.3937497e-05,1.5312497e-05,1.7316659e-05,1.2220828e-05,1.6654165e-05,1.8545827e-05
7,17,547.846,0.034,1.6070826e-05,1.4341665e-05,1.4199996e-05,7.241662e-06,1.3783328e-05,1.5179166e-05,1.4154164e-05,1.3008333e-05,1.13e-05,1.5879163e-05,1.3904166e-05,1.5212496e-05,1.7337497e-05,1.2316664e-05,1.6670831e-05,1.8524996e-05
7,18,547.989,0.036,1.593333e-05,1.4283331e-05,1.4179166e-05,7.262492e-06,1.374166e-05,1.5049998e-05,1.4066664e-05,1.28625e-05,1.1312492e-05,1.5845832e-05,1.3958327e-05,1.5241662e-05,1.7545828e-05,1.224583e-05,1.6737493e-05,1.8562499e-05
7,19,548.132,0.038,1.5883326e-05,1.4262493e-05,1.3937497e-05,7.249999e-06,1.3683327e-05,1.5124997e-05,1.4145828e-05,1.2874993e-05,1.1312492e-05,1.5795827e-05,1.3970828e-05,1.5266665e-05,1.7258326e-05,1.2249994e-05,1.6641665e-05,1.8516659e-05
7,20,548.275,0.04,1.5908328e-05,1.4274994e-05,1.4066664e-05,7.229161e-06,1.3637495e-05,1.5066664e-05,1.4045827e-05,1.2858327e-05,1.1366661e-05,1.5824993e-05,1.3899994e-05,1.5204159e-05,1.7224995e-05,1.2283325e-05,1.6612497e-05,1.860416e-05
7,21,548.418,0.042,1.5912494e-05,1.4316663e-05,1.3849997e-05,7.262492e-06,1.3595827e-05,1.4979164e-05,1.399583e-05,1.2866664e-05,1.1341659e-05,1.5812493e-05,1.3870827e-05,1.5204159e-05,1.7274999e-05,1.2145829e-05,1.6666667e-05,1.8491666e-05
7,22,548.561,0.044,1.5829166e-05,1.4283331e-05,1.3891665e-05,7.220833e-06,1.3749996e-05,1.4970827e-05,1.4024997e-05,1.2733332e-05,1.1270833e-05,1.5749994e-05,1.3854162e-05,1.5191667e-05,1.7212495e-05,1.2125e-05,1.6674996e-05,1.8454162e-05
7,23,548.704,0.046,1.583333e-05,1.4354166e-05,1.3833332e-05,7.199995e-06,1.374166e-05,1.5024996e-05,1.3958327e-05,1.2808331e-05,1.1304164e-05,1.5824993e-05,1.3874999e-05,1.51625e-05,1.7175e-05,1.2154166e-05,1.6412496e-05,1.8454162e-05
7,24,548.847,0.048,1.5879163e-05,1.4304161e-05,1.3749996e-05,7.166664e-06,1.3566661e-05,1.5099994e-05,1.3962499e-05,1.2745825e-05,1.1262497e-05,1.5641666e-05,1.3887493e-05,1.5258328e-05,1.7129159e-05,1.209166e-05,1.6599997e-05,1.8412495e-05
7,25,548.99,0.05,1.5837495e-05,1.4266666e-05,1.3716666e-05,7.033332e-06,1.3479162e-05,1.4979164e-05,1.3949998e-05,1.2699993e-05,1.13e-05,1.5720829e-05,1.380833e-05,1.5141662e-05,1.7137496e-05,1.2145829e-05,1.6374994e-05,1.832916e-05
7,26,549.133,0.052,1.5741665e-05,1.4320826e-05,1.3708329e-05,7.079164e-06,1.3441666e-05,1.484166e-05,1.399583e-05,1.2649997e-05,1.1333331e-05,1.5733329e-05,1.3841661e-05,1.5112495e-05,1.7149996e-05,1.2120827e-05,1.6462493e-05,1.8266663e-05
7,27,549.276,0.054,1.5749994e-05,1.4337492e-05,1.3633331e-05,7.062499e-06,1.3374996e-05,1.5008331e-05,1.3933332e-05,1.2629159e-05,1.1304164e-05,1.5670832e-05,1.3754161e-05,1.5174993e-05,1.7104165e-05,1.2108326e-05,1.6399996e-05,1.834166e-05
7,28,549.419,0.056,1.5783326e-05,1.427083e-05,1.3624994e-05,7.00833e-06,1.3341665e-05,1.4679162e-05,1.401666e-05,1.2624995e-05,1.1349996e-05,1.5587497e-05,1.3779163e-05,1.5037497e-05,1.7112494e-05,1.2125e-05,1.6429161e-05,1.8287499e-05
7,29,549.562,0.058,1.5695827e-05,1.4224998e-05,1.3583326e-05,7.049998e-06,1.3333329e-05,1.4679162e-05,1.3899994e-05,1.2620831e-05,1.1249996e-05,1.5649994e-05,1.3791664e-05,1.5066664e-05,1.7054161e-05,1.2070831e-05,1.6370828e-05,1.8283328e-05
7,30,549.705,0.06,1.5749994e-05,1.4229163e-05,1.3637495e-05,6.979164e-06,1.3287497e-05,1.4691663e-05,1.4054163e-05,1.2591664e-05,1.1274998e-05,1.5516662e-05,1.3674999e-05,1.5070827e-05,1.7041659e-05,1.2099998e-05,1.6337499e-05,1.8266663e-05
7,31,549.848,0.062,1.5666659e-05,1.4162492e-05,1.3604164e-05,6.94166e-06,1.3204161e-05,1.4687498e-05,1.3779163e-05,1.2470826e-05,1.1449996e-05,1.5529164e-05,1.3674999e-05,1.4904165e-05,1.7012493e-05,1.2149993e-05,1.6324997e-05,1.8266663e-05
7,32,549.991,0.064,1.5720829e-05,1.4112497e-05,1.3441666e-05,6.949997e-06,1.3208326e-05,1.465416e-05,1.3799993e-05,1.2383326e-05,1.152916e-05,1.5612499e-05,1.3604164e-05,1.5004166e-05,1.6937494e-05,1.2054165e-05,1.6349999e-05,1.8183327e-05
7,33,550.134,0.066,1.5566658e-05,1.4241664e-05,1.3391662e-05,6.945832e-06,1.3166666e-05,1.4533329e-05,1.3795829e-05,1.2383326e-05,1.1308328e-05,1.549166e-05,1.365416e-05,1.4904165e-05,1.7033331e-05,1.2024999e-05,1.6308331e-05,1.822083e-05
7,34,550.277,0.068,1.5599999e-05,1.4179166e-05,1.3395826e-05,6.883327e-06,1.3112497e-05,1.4574996e-05,1.3779163e-05,1.2295826e-05,1.142083e-05,1.5570831e-05,1.3574998e-05,1.4899992e-05,1.696666e-05,1.2162494e-05,1.6304159e-05,1.8158333e-05
7,35,550.42,0.07,1.5587497e-05,1.4079165e-05,1.3312499e-05,6.870826e-06,1.3062493e-05,1.4537493e-05,1.3770827e-05,1.2308327e-05,1.123333e-05,1.5558329e-05,1.362083e-05,1.4916666e-05,1.6970833e-05,1.2033327e-05,1.6199994e-05,1.8170826e-05
7,36,550.563,0.072,1.564583e-05,1.4129162e-05,1.3316663e-05,6.799992e-06,1.3058328e-05,1.4483333e-05,1.3729159e-05,1.2287497e-05,1.1283326e-05,1.5408334e-05,1.36e-05,1.4899992e-05,1.696666e-05,1.1966666e-05,1.6258327e-05,1.8304165e-05
7,37,550.706,0.074,1.5666659e-05,1.4012496e-05,1.3233328e-05,6.774998e-06,1.2995831e-05,1.46125e-05,1.3716666e-05,1.2216663e-05,1.1283326e-05,1.5333326e-05,1.3758326e-05,1.4866662e-05,1.6866659e-05,1.2070831e-05,1.6195831e-05,1.8116665e-05
7,38,550.85,0.076,1.549166e-05,1.4062492e-05,1.3179159e-05,6.841659e-06,1.2970829e-05,1.4399998e-05,1.3749996e-05,1.2133328e-05,1.1324993e-05,1.5387495e-05,1.3766662e-05,1.4774998e-05,1.683333e-05,1.2066666e-05,1.610833e-05,1.8137494e-05
7,39,550.993,0.078,1.5416663e-05,1.4033326e-05,1.3158329e-05,6.749995e-06,1.2958328e-05,1.4383332e-05,1.3679162e-05,1.2212499e-05,1.1295827e-05,1.5279165e-05,1.3474997e-05,1.4962498e-05,1.6770831e-05,1.2054165e-05,1.6179165e-05,1.8062496e-05
7,40,551.136,0.08,1.5379166e-05,1.4012496e-05,1.3145828e-05,6.745831e-06,1.2954163e-05,1.4229163e-05,1.36875e-05,1.2125e-05,1.1312492e-05,1.5308333e-05,1.3454159e-05,1.473333e-05,1.6920829e-05,1.1999997e-05,1.6091664e-05,1.797916e-05
7,41,551.279,0.082,1.5308333e-05,1.4033326e-05,1.3020825e-05,6.737494e-06,1.2787493e-05,1.4283331e-05,1.3612493e-05,1.2083332e-05,1.1258332e-05,1.5324998e-05,1.3429165e-05,1.4762497e-05,1.6749995e-05,1.1987496e-05,1.6158327e-05,1.7991662e-05
7,42,551.422,0.084,1.535833e-05,1.399583e-05,1.3058328e-05,6.699999e-06,1.2845826e-05,1.4295832e-05,1.3579162e-05,1.2079159e-05,1.1287499e-05,1.530416e-05,1.3420829e-05,1.4641666e-05,1.69e-05,1.2099998e-05,1.6083328e-05,1.8029164e-05
7,43,551.565,0.086,1.5333326e-05,1.3874999e-05,1.3062493e-05,6.716665e-06,1.2841661e-05,1.4174994e-05,1.3566661e-05,1.20375e-05,1.1329166e-05,1.521666e-05,1.3429165e-05,1.4591662e-05,1.6691662e-05,1.1941664e-05,1.6058326e-05,1.7941666e-05
7,44,551.708,0.088,1.5295831e-05,1.3991666e-05,1.2908332e-05,6.708328e-06,1.2741662e-05,1.4108332e-05,1.362083e-05,1.1962493e-05,1.1304164e-05,1.5204159e-05,1.3412499e-05,1.4620829e-05,1.6745829e-05,1.2095833e-05,1.6087492e-05,1.796666e-05
7,45,551.851,0.09,1.530416e-05,1.3799993e-05,1.2970829e-05,6.73333e-06,1.2720831e-05,1.4074993e-05,1.3520829e-05,1.1941664e-05,1.1333331e-05,1.521666e-05,1.3408328e-05,1.4637494e-05,1.6649994e-05,1.1937499e-05,1.6012495e-05,1.8112492e-05
7,46,551.994,0.092,1.5324998e-05,1.3862498e-05,1.2799994e-05,6.616664e-06,1.2679164e-05,1.4137499e-05,1.3474997e-05,1.1924998e-05,1.1349996e-05,1.5170828e-05,1.3362495e-05,1.4608328e-05,1.6633328e-05,1.2020826e-05,1.5916665e-05,1.7891662e-05
7,47,552.137,0.094,1.5291658e-05,1.3899994e-05,1.2824997e-05,6.554159e-06,1.2591664e-05,1.3999995e-05,1.3479162e-05,1.180416e-05,1.1245831e-05,1.5108331e-05,1.3458332e-05,1.4616664e-05,1.6637492e-05,1.1908332e-05,1.6120832e-05,1.7837492e-05
7,48,552.28,0.096,1.5241662e-05,1.390833e-05,1.2733332e-05,6.512499e-06,1.2766664e-05,1.4024997e-05,1.3474997e-05,1.1766664e-05,1.1258332e-05,1.5099994e-05,1.327916e-05,1.454583e-05,1.6624999e-05,1.188333e-05,1.5858332e-05,1.7837492e-05
7,49,552.423,0.098,1.5320826e-05,1.3783328e-05,1.2754163e-05,6.495825e-06,1.2733332e-05,1.3954163e-05,1.3512492e-05,1.180416e-05,1.1258332e-05,1.5149999e-05,1.3333329e-05,1.4574996e-05,1.6579159e-05,1.1899996e-05,1.5837495e-05,1.7804161e-05
7,50,552.566,0.1,1.5341664e-05,1.3795829e-05,1.2716659e-05,6.474996e-06,1.2479162e-05,1.401666e-05,1.3454159e-05,1.1691665e-05,1.1245831e-05,1.5087493e-05,1.3229163e-05,1.4429164e-05,1.6529162e-05,1.188333e-05,1.5841659e-05,1.7783332e-05
7,51,552.709,0.102,1.5133333e-05,1.3716666e-05,1.2624995e-05,6.495825e-06,1.2499992e-05,1.3849997e-05,1.3420829e-05,1.169583e-05,1.126666e-05,1.5024996e-05,1.3195832e-05,1.4508327e-05,1.6562493e-05,1.1879166e-05,1.582083e-05,1.769166e-05
7,52,552.852,0.104,1.5145826e-05,1.3766662e-05,1.2591664e-05,6.449994e-06,1.2374997e-05,1.374166e-05,1.3420829e-05,1.1649998e-05,1.1258332e-05,1.5004166e-05,1.3274996e-05,1.4433328e-05,1.6483331e-05,1.1845827e-05,1.5808328e-05,1.7708333e-05
7,53,552.995,0.106,1.5066664e-05,1.3795829e-05,1.2558333e-05,6.395833e-06,1.2333329e-05,1.3691663e-05,1.3549996e-05,1.1616659e-05,1.1208328e-05,1.4958326e-05,1.3233328e-05,1.4387496e-05,1.6458329e-05,1.1829162e-05,1.5799998e-05,1.7720826e-05
7,54,553.138,0.108,1.51625e-05,1.3804166e-05,1.2487499e-05,6.379159e-06,1.23125e-05,1.3662498e-05,1.3399998e-05,1.1524995e-05,1.1283326e-05,1.4879163e-05,1.3141664e-05,1.4383332e-05,1.6391659e-05,1.180416e-05,1.5737494e-05,1.7716662e-05
7,55,553.281,0.11,1.509583e-05,1.3637495e-05,1.2483327e-05,6.366666e-06,1.2320828e-05,1.3670826e-05,1.3337493e-05,1.1499993e-05,1.1379162e-05,1.4883328e-05,1.309166e-05,1.4316663e-05,1.6399996e-05,1.1833326e-05,1.5695827e-05,1.7629163e-05
7,56,553.424,0.112,1.5024996e-05,1.3670826e-05,1.2391662e-05,6.437492e-06,1.2212499e-05,1.3641659e-05,1.3254165e-05,1.1495828e-05,1.1329166e-05,1.4895829e-05,1.3070829e-05,1.4258329e-05,1.6341663e-05,1.1795831e-05,1.5662496e-05,1.7645827e-05
7,57,553.567,0.114,1.5037497e-05,1.3616665e-05,1.2420829e-05,6.304161e-06,1.2204162e-05,1.3604164e-05,1.3220827e-05,1.1370826e-05,1.1224993e-05,1.4937496e-05,1.309166e-05,1.4283331e-05,1.6366665e-05,1.1787494e-05,1.5637494e-05,1.7649993e-05
7,58,553.71,0.116,1.4983329e-05,1.3708329e-05,1.224583e-05,6.27083e-06,1.217916e-05,1.3504164e-05,1.3229163e-05,1.1395828e-05,1.1220829e-05,1.4899992e-05,1.3024997e-05,1.4262493e-05,1.6374994e-05,1.1749999e-05,1.5679161e-05,1.7633327e-05
7,59,553.853,0.118,1.4945833e-05,1.3566661e-05,1.2258331e-05,6.237499e-06,1.2099998e-05,1.3499999e-05,1.3183331e-05,1.1270833e-05,1.1170832e-05,1.4904165e-05,1.2958328e-05,1.4245828e-05,1.6241662e-05,1.1779165e-05,1.5612499e-05,1.7724999e-05
7,60,553.996,0.12,1.4920831e-05,1.3612493e-05,1.2125e-05,6.216661e-06,1.2249994e-05,1.3437494e-05,1.3187496e-05,1.1312492e-05,1.1333331e-05,1.4962498e-05,1.308333e-05,1.4266666e-05,1.6279166e-05,1.1820833e-05,1.5583333e-05,1.7579167e-05
7,61,554.139,0.122,1.4895829e-05,1.3449995e-05,1.2216663e-05,6.249992e-06,1.2016662e-05,1.343333e-05,1.3120826e-05,1.1312492e-05,1.1220829e-05,1.4670833e-05,1.3112497e-05,1.4233327e-05,1.6274993e-05,1.1799995e-05,1.5529164e-05,1.7491666e-05
7,62,554.283,0.124,1.4774998e-05,1.3545831e-05,1.2083332e-05,6.18333e-06,1.2158331e-05,1.3391662e-05,1.3141664e-05,1.1212492e-05,1.1187498e-05,1.4716665e-05,1.3104161e-05,1.4137499e-05,1.6166663e-05,1.1699995e-05,1.5566658e-05,1.7458327e-05
7,63,554.426,0.126,1.4758332e-05,1.3495826e-05,1.2125e-05,6.141663e-06,1.1908332e-05,1.3354166e-05,1.3062493e-05,1.1179161e-05,1.1187498e-05,1.46125e-05,1.2891666e-05,1.4224998e-05,1.6199994e-05,1.1737498e-05,1.5445828e-05,1.7420833e-05
7,64,554.569,0.128,1.5012495e-05,1.3445831e-05,1.2020826e-05,6.149999e-06,1.1954165e-05,1.3274996e-05,1.3074994e-05,1.114583e-05,1.1220829e-05,1.4616664e-05,1.2824997e-05,1.4199996e-05,1.6195831e-05,1.1674992e-05,1.5429163e-05,1.7366663e-05
7,65,554.712,0.13,1.4691663e-05,1.3416664e-05,1.200416e-05,6.104159e-06,1.1812496e-05,1.319166e-05,1.3041663e-05,1.1108327e-05,1.1179161e-05,1.4604163e-05,1.3012496e-05,1.3937497e-05,1.6341663e-05,1.1687493e-05,1.5433327e-05,1.741666e-05
7,66,554.855,0.132,1.4670833e-05,1.3304162e-05,1.2129164e-05,6.070828e-06,1.1837498e-05,1.3137499e-05,1.298333e-05,1.1074996e-05,1.1174997e-05,1.4558331e-05,1.2774992e-05,1.3983329e-05,1.6274993e-05,1.178333e-05,1.535833e-05,1.7433325e-05
7,67,554.998,0.134,1.4645831e-05,1.3262495e-05,1.2079159e-05,6.099995e-06,1.1758328e-05,1.3058328e-05,1.2945827e-05,1.1012498e-05,1.1324993e-05,1.4533329e-05,1.2787493e-05,1.3933332e-05,1.5999993e-05,1.1820833e-05,1.537083e-05,1.7341661e-05
7,68,555.141,0.136,1.4595827e-05,1.3262495e-05,1.1937499e-05,6.045826e-06,1.1687493e-05,1.3049992e-05,1.2912496e-05,1.0970831e-05,1.1199999e-05,1.4462495e-05,1.270833e-05,1.3974993e-05,1.5904165e-05,1.180416e-05,1.5333326e-05,1.7279164e-05
7,69,555.284,0.138,1.4599998e-05,1.3462496e-05,1.1987496e-05,6.029161e-06,1.1654162e-05,1.2995831e-05,1.2904159e-05,1.0887496e-05,1.1149995e-05,1.4495826e-05,1.2654162e-05,1.3874999e-05,1.5958332e-05,1.1670828e-05,1.5316662e-05,1.7291664e-05
7,70,555.427,0.14,1.4554159e-05,1.3199997e-05,1.1808332e-05,5.958327e-06,1.1637497e-05,1.2987494e-05,1.2820832e-05,1.0904161e-05,1.114583e-05,1.4462495e-05,1.2612494e-05,1.3895829e-05,1.5887499e-05,1.1812496e-05,1.537083e-05,1.7170827e-05
7,71,555.57,0.142,1.4554159e-05,1.319166e-05,1.1641661e-05,5.966663e-06,1.1670828e-05,1.2924997e-05,1.2866664e-05,1.089166e-05,1.1137494e-05,1.4379159e-05,1.2554161e-05,1.3837496e-05,1.5849995e-05,1.1579164e-05,1.537083e-05,1.7304166e-05
7,72,555.713,0.144,1.4570832e-05,1.3220827e-05,1.1599994e-05,6.041662e-06,1.1637497e-05,1.2858327e-05,1.2824997e-05,1.0791659e-05,1.114583e-05,1.4341665e-05,1.2595829e-05,1.3787492e-05,1.5862497e-05,1.1570827e-05,1.5079165e-05,1.7254162e-05
7,73,555.856,0.146,1.4487497e-05,1.3166666e-05,1.1566663e-05,5.937497e-06,1.1541661e-05,1.2899995e-05,1.2749998e-05,1.0808333e-05,1.1074996e-05,1.4374995e-05,1.254166e-05,1.3758326e-05,1.5816664e-05,1.162916e-05,1.5258328e-05,1.7183327e-05
7,74,555.999,0.148,1.4425e-05,1.317083e-05,1.1537496e-05,5.904166e-06,1.1391664e-05,1.2858327e-05,1.2762499e-05,1.0687494e-05,1.1204163e-05,1.4312498e-05,1.2574998e-05,1.3754161e-05,1.5849995e-05,1.1562498e-05,1.5045825e-05,1.7087499e-05
7,75,556.142,0.15,1.4520828e-05,1.3116662e-05,1.1504166e-05,5.870827e-06,1.1337494e-05,1.2924997e-05,1.2654162e-05,1.0662492e-05,1.1179161e-05,1.4308325e-05,1.2483327e-05,1.3662498e-05,1.576666e-05,1.1579164e-05,1.5091666e-05,1.7041659e-05
7,76,556.285,0.152,1.4504162e-05,1.3133327e-05,1.1462498e-05,5.829159e-06,1.1287499e-05,1.2670827e-05,1.2866664e-05,1.0683329e-05,1.1141666e-05,1.4191659e-05,1.2458332e-05,1.3729159e-05,1.575416e-05,1.1575e-05,1.5066664e-05,1.7183327e-05
7,77,556.428,0.154,1.4249992e-05,1.325833e-05,1.1387499e-05,5.787492e-06,1.1316665e-05,1.272916e-05,1.2670827e-05,1.0745827e-05,1.1120828e-05,1.4195832e-05,1.2445831e-05,1.3649996e-05,1.5762496e-05,1.1533331e-05,1.5020832e-05,1.6974998e-05
7,78,556.571,0.156,1.4312498e-05,1.2970829e-05,1.132083e-05,5.733331e-06,1.1270833e-05,1.2545832e-05,1.2641661e-05,1.0537497e-05,1.1087497e-05,1.4195832e-05,1.2379161e-05,1.3604164e-05,1.5691661e-05,1.1587493e-05,1.4958326e-05,1.6970833e-05
7,79,556.714,0.158,1.4279159e-05,1.3008333e-05,1.1249996e-05,5.687499e-06,1.1245831e-05,1.2529159e-05,1.2566662e-05,1.061666e-05,1.1116664e-05,1.4112497e-05,1.2304163e-05,1.362083e-05,1.5620828e-05,1.1512494e-05,1.4916666e-05,1.6941667e-05
