SWEEP_IDX,POINT,TIME,V_GATE,I_CH0,I_CH1,I_CH2,I_CH3,I_CH4,I_CH5,I_CH6,I_CH7,I_CH8,I_CH9,I_CH10,I_CH11,I_CH12,I_CH13,I_CH14,I_CH15,DIRAC_SWEEP_IDX,DIRAC_V_FWD_CH0,DIRAC_V_FWD_CH1,DIRAC_V_FWD_CH2,DIRAC_V_FWD_CH3,DIRAC_V_FWD_CH4,DIRAC_V_FWD_CH5,DIRAC_V_FWD_CH6,DIRAC_V_FWD_CH7,DIRAC_V_FWD_CH8,DIRAC_V_FWD_CH9,DIRAC_V_FWD_CH10,DIRAC_V_FWD_CH11,DIRAC_V_FWD_CH12,DIRAC_V_FWD_CH13,DIRAC_V_FWD_CH14,DIRAC_V_FWD_CH15,DIRAC_V_REV_CH0,DIRAC_V_REV_CH1,DIRAC_V_REV_CH2,DIRAC_V_REV_CH3,DIRAC_V_REV_CH4,DIRAC_V_REV_CH5,DIRAC_V_REV_CH6,DIRAC_V_REV_CH7,DIRAC_V_REV_CH8,DIRAC_V_REV_CH9,DIRAC_V_REV_CH10,DIRAC_V_REV_CH11,DIRAC_V_REV_CH12,DIRAC_V_REV_CH13,DIRAC_V_REV_CH14,DIRAC_V_REV_CH15
0,0,0.0,0.7,-6.95841e-07,-2.9174e-08,5.20825e-07,8.266664e-06,3.370825e-06,9.095827e-06,9.14166e-06,7.329162e-06,8.241662e-06,7.787497e-06,9.312495e-06,9.374992e-06,8.612497e-06,6.974999e-06,8.833329e-06,8.566665e-06
0,1,0.16,0.71,3.820833e-06,1.966659e-06,1.820827e-06,9.099992e-06,4.058329e-06,9.641663e-06,9.574994e-06,7.666659e-06,8.545828e-06,8.133332e-06,9.524997e-06,9.549999e-06,8.804162e-06,7.129161e-06,8.970833e-06,8.704162e-06
0,2,0.32,0.72,4.020826e-06,2.166661e-06,2.033329e-06,9.183327e-06,4.166659e-06,9.666665e-06,9.662493e-06,7.729165e-06,8.59166e-06,8.220832e-06,9.570829e-06,9.641663e-06,8.874997e-06,7.149999e-06,8.999999e-06,8.720827e-06
0,3,0.48,0.73,4.020826e-06,2.283327e-06,2.095826e-06,9.204166e-06,4.212499e-06,9.754165e-06,9.695832e-06,7.708327e-06,8.624998e-06,8.22916e-06,9.570829e-06,9.608332e-06,8.854158e-06,7.11666e-06,9.02083e-06,8.749994e-06
0,4,0.639,0.74,4.054165e-06,2.345832e-06,2.187498e-06,9.212494e-06,4.187496e-06,9.774994e-06,9.704161e-06,7.704162e-06,8.620827e-06,8.208331e-06,9.574994e-06,9.599996e-06,8.77916e-06,7.108331e-06,9.033331e-06,8.741665e-06
0,5,0.799,0.75,4.049993e-06,2.395828e-06,2.249996e-06,9.158325e-06,4.224992e-06,9.754165e-06,9.699997e-06,7.645829e-06,8.608326e-06,8.241662e-06,9.558328e-06,9.612497e-06,8.858331e-06,7.062499e-06,9.012492e-06,8.733328e-06
0,6,0.959,0.76,4.083332e-06,2.445825e-06,2.258333e-06,9.14166e-06,4.183332e-06,9.729163e-06,9.679158e-06,7.583332e-06,8.608326e-06,8.187492e-06,9.499995e-06,9.58333e-06,8.816663e-06,7.054162e-06,8.962496e-06,8.704162e-06
0,7,1.119,0.77,4.070831e-06,2.487493e-06,2.324995e-06,9.070825e-06,4.199997e-06,9.658329e-06,9.60416e-06,7.566658e-06,8.579159e-06,8.191665e-06,9.454163e-06,9.516661e-06,8.820828e-06,6.966663e-06,8.96666e-06,8.654165e-06
0,8,1.279,0.78,4.062494e-06,2.52916e-06,2.333331e-06,8.96666e-06,4.183332e-06,9.67083e-06,9.658329e-06,7.504161e-06,8.541663e-06,8.133332e-06,9.429161e-06,9.524997e-06,8.754166e-06,6.92083e-06,8.929165e-06,8.662494e-06
0,9,1.438,0.79,4.079159e-06,2.545826e-06,2.366662e-06,9.012492e-06,4.187496e-06,9.645828e-06,9.60416e-06,7.441664e-06,8.533327e-06,8.091664e-06,9.291664e-06,9.445826e-06,8.720827e-06,6.862497e-06,8.883325e-06,8.670831e-06
0,10,1.598,0.8,4.024998e-06,2.587493e-06,2.391664e-06,8.904163e-06,4.149993e-06,9.587495e-06,9.570829e-06,7.387495e-06,8.454163e-06,8.133332e-06,9.312495e-06,9.420832e-06,8.695833e-06,6.816666e-06,8.858331e-06,8.549992e-06
0,11,1.758,0.81,4.020826e-06,2.604159e-06,2.433332e-06,8.858331e-06,4.137492e-06,9.554164e-06,9.541663e-06,7.287495e-06,8.45e-06,8.016666e-06,9.258326e-06,9.349998e-06,8.629163e-06,6.762496e-06,8.770831e-06,8.549992e-06
0,12,1.918,0.82,3.958329e-06,2.620832e-06,2.495829e-06,8.795826e-06,4.083332e-06,9.470828e-06,9.487494e-06,7.270829e-06,8.387494e-06,8.012494e-06,9.154161e-06,9.30833e-06,8.620827e-06,6.662496e-06,8.741665e-06,8.429161e-06
0,13,2.078,0.83,3.987495e-06,2.654163e-06,2.466663e-06,8.729164e-06,4.108326e-06,9.454163e-06,9.49583e-06,7.1625e-06,8.345826e-06,7.94166e-06,9.129159e-06,9.275e-06,8.558329e-06,6.629165e-06,8.67916e-06,8.437499e-06
0,14,2.237,0.84,3.974994e-06,2.599994e-06,2.537497e-06,8.662494e-06,4.066666e-06,9.399994e-06,9.429161e-06,7.091665e-06,8.31666e-06,7.908328e-06,9.074998e-06,9.179163e-06,8.508333e-06,6.554159e-06,8.629163e-06,8.420833e-06
0,15,2.397,0.85,3.958329e-06,2.724997e-06,2.524996e-06,8.574994e-06,4.062494e-06,9.354162e-06,9.39583e-06,6.974999e-06,8.262499e-06,7.85416e-06,8.899999e-06,9.137495e-06,8.433326e-06,6.470831e-06,8.562493e-06,8.341662e-06
0,16,2.557,0.86,3.945827e-06,2.724997e-06,2.554162e-06,8.508333e-06,4.024998e-06,9.333332e-06,9.32916e-06,6.929159e-06,8.191665e-06,7.812492e-06,8.93333e-06,9.095827e-06,8.387494e-06,6.383332e-06,8.495832e-06,8.279165e-06
0,17,2.717,0.87,3.920825e-06,2.758328e-06,2.620832e-06,8.45e-06,3.995832e-06,9.254161e-06,9.30833e-06,6.912494e-06,8.141661e-06,7.724992e-06,8.84583e-06,9.041659e-06,8.337498e-06,6.287495e-06,8.487495e-06,8.191665e-06
0,18,2.877,0.88,3.924998e-06,2.774994e-06,2.574992e-06,8.337498e-06,4.00416e-06,9.191665e-06,9.258326e-06,6.774998e-06,8.099993e-06,7.666659e-06,8.766659e-06,8.96666e-06,8.241662e-06,6.229162e-06,8.337498e-06,8.12916e-06
0,19,3.037,0.89,3.908332e-06,2.766665e-06,2.604159e-06,8.262499e-06,3.995832e-06,9.116666e-06,9.179163e-06,6.712492e-06,7.995828e-06,7.624992e-06,8.670831e-06,8.858331e-06,8.183329e-06,6.062492e-06,8.31666e-06,8.133332e-06
0,20,3.196,0.9,3.879165e-06,2.841663e-06,2.691658e-06,8.149997e-06,4.012497e-06,9.049996e-06,9.179163e-06,6.624993e-06,7.93333e-06,7.537492e-06,8.516661e-06,8.820828e-06,8.083328e-06,6.041662e-06,8.199993e-06,7.979163e-06
0,21,3.356,0.91,3.854163e-06,2.862493e-06,2.670829e-06,8.099993e-06,3.933326e-06,9.024993e-06,9.091664e-06,6.562495e-06,7.866661e-06,7.383331e-06,8.474994e-06,8.770831e-06,8.054161e-06,5.92916e-06,8.120831e-06,7.983327e-06
0,22,3.516,0.92,3.845827e-06,2.80416e-06,2.737498e-06,7.991664e-06,3.912497e-06,8.883325e-06,9.016665e-06,6.433328e-06,7.770833e-06,7.383331e-06,8.391658e-06,8.67916e-06,7.937495e-06,5.820831e-06,8.062498e-06,7.879162e-06
0,23,3.676,0.93,3.824997e-06,2.904161e-06,2.708332e-06,7.895827e-06,3.912497e-06,8.754166e-06,8.937494e-06,6.366666e-06,7.76666e-06,7.30416e-06,8.304159e-06,8.604161e-06,7.845831e-06,5.658333e-06,7.966662e-06,7.787497e-06
0,24,3.836,0.94,3.862492e-06,2.912498e-06,2.754164e-06,7.774996e-06,3.88333e-06,8.749994e-06,8.891662e-06,6.279159e-06,7.633328e-06,7.19583e-06,8.187492e-06,8.495832e-06,7.762495e-06,5.583326e-06,7.837494e-06,7.604162e-06
0,25,3.995,0.95,3.804159e-06,2.979159e-06,2.808333e-06,7.666659e-06,3.937499e-06,8.629163e-06,8.787497e-06,6.158328e-06,7.549993e-06,7.104159e-06,8.004165e-06,8.412496e-06,7.629164e-06,5.337492e-06,7.729165e-06,7.57916e-06
0,26,4.155,0.96,3.791666e-06,2.954165e-06,2.820826e-06,7.55833e-06,3.854163e-06,8.5375e-06,8.729164e-06,6.112496e-06,7.474995e-06,6.987492e-06,7.899992e-06,8.241662e-06,7.524999e-06,5.308326e-06,7.595825e-06,7.508326e-06
0,27,4.315,0.97,3.804159e-06,2.999997e-06,2.837499e-06,7.387495e-06,3.866664e-06,8.429161e-06,8.674995e-06,5.962499e-06,7.337499e-06,6.895828e-06,7.804163e-06,8.208331e-06,7.408333e-06,5.116661e-06,7.462494e-06,7.379158e-06
0,28,4.475,0.98,3.749998e-06,2.995825e-06,2.858329e-06,7.30416e-06,3.824997e-06,8.312496e-06,8.587495e-06,5.883328e-06,7.21666e-06,6.758332e-06,7.67916e-06,8.087492e-06,7.279165e-06,5.020825e-06,7.299996e-06,7.30416e-06
0,29,4.635,0.99,3.804159e-06,3.024999e-06,2.887495e-06,7.149999e-06,3.829161e-06,8.145825e-06,8.520826e-06,5.770826e-06,7.091665e-06,6.654159e-06,7.583332e-06,8.016666e-06,7.170828e-06,4.849998e-06,7.187494e-06,7.166664e-06
0,30,4.794,1.0,3.762492e-06,3.070831e-06,2.866665e-06,7.024995e-06,3.820833e-06,8.099993e-06,8.395831e-06,5.691663e-06,7.012494e-06,6.499998e-06,7.374994e-06,7.904164e-06,7.037497e-06,4.683327e-06,7.070827e-06,7.066663e-06
0,31,4.954,1.01,3.766664e-06,3.049993e-06,2.933327e-06,6.899993e-06,3.804159e-06,7.983327e-06,8.329161e-06,5.620829e-06,6.895828e-06,6.374995e-06,7.324998e-06,7.804163e-06,6.962498e-06,4.520829e-06,6.954161e-06,6.929159e-06
0,32,5.114,1.02,3.758327e-06,3.120828e-06,2.95833e-06,6.791663e-06,3.791666e-06,7.841659e-06,8.220832e-06,5.53333e-06,6.741659e-06,6.283331e-06,7.199995e-06,7.716663e-06,6.791663e-06,4.34583e-06,6.808329e-06,6.82083e-06
0,33,5.274,1.03,3.766664e-06,3.141666e-06,2.899996e-06,6.683326e-06,3.770828e-06,7.741666e-06,8.145825e-06,5.454159e-06,6.616664e-06,6.170829e-06,7.120832e-06,7.554166e-06,6.658332e-06,4.170831e-06,6.683326e-06,6.679161e-06
0,34,5.434,1.04,3.745826e-06,3.149994e-06,2.983332e-06,6.549994e-06,3.762492e-06,7.616663e-06,8.04166e-06,5.433329e-06,6.47916e-06,6.029161e-06,7.02916e-06,7.483332e-06,6.495825e-06,4.012497e-06,6.516663e-06,6.591662e-06
0,35,5.594,1.05,3.741662e-06,3.191662e-06,2.979159e-06,6.45833e-06,3.741662e-06,7.487496e-06,7.949996e-06,5.349994e-06,6.341664e-06,5.912495e-06,6.92083e-06,7.37083e-06,6.345828e-06,3.858328e-06,6.387496e-06,6.470831e-06
0,36,5.753,1.06,3.729161e-06,3.174996e-06,3.074996e-06,6.324999e-06,3.754163e-06,7.391659e-06,7.816664e-06,5.299997e-06,6.249992e-06,5.883328e-06,6.849996e-06,7.249999e-06,6.29166e-06,3.741662e-06,6.345828e-06,6.366666e-06
0,37,5.913,1.07,3.69583e-06,3.245831e-06,3.062495e-06,6.249992e-06,3.754163e-06,7.249999e-06,7.670832e-06,5.224999e-06,6.074993e-06,5.80833e-06,6.749995e-06,7.170828e-06,6.141663e-06,3.604166e-06,6.262493e-06,6.233327e-06
0,38,6.073,1.08,3.712495e-06,3.245831e-06,3.099998e-06,6.233327e-06,3.712495e-06,7.104159e-06,7.549993e-06,5.199997e-06,5.991666e-06,5.733331e-06,6.745831e-06,7.041661e-06,6.087494e-06,3.549997e-06,6.20416e-06,6.145827e-06
0,39,6.233,1.09,3.708331e-06,3.262496e-06,3.074996e-06,6.129162e-06,3.733325e-06,7.033332e-06,7.374994e-06,5.216662e-06,5.895829e-06,5.749996e-06,6.729166e-06,6.995829e-06,6.01666e-06,3.437495e-06,6.20416e-06,6.074993e-06
0,40,6.393,1.1,3.71666e-06,3.345831e-06,3.141666e-06,6.149999e-06,3.637497e-06,6.929159e-06,7.329162e-06,5.19166e-06,5.829159e-06,5.745832e-06,6.708328e-06,6.929159e-06,5.954162e-06,3.399992e-06,6.141663e-06,5.962499e-06
0,41,6.552,1.11,3.749998e-06,3.270833e-06,3.137493e-06,6.09583e-06,3.729161e-06,6.92083e-06,7.170828e-06,5.174994e-06,5.712493e-06,5.749996e-06,6.729166e-06,6.866662e-06,5.895829e-06,3.387499e-06,6.195831e-06,5.924996e-06
0,42,6.712,1.12,3.749998e-06,3.387499e-06,3.187497e-06,6.141663e-06,3.712495e-06,6.837495e-06,7.049998e-06,5.187495e-06,5.712493e-06,5.799993e-06,6.762496e-06,6.82083e-06,5.90833e-06,3.416665e-06,6.233327e-06,5.820831e-06
0,43,6.872,1.13,3.758327e-06,3.341659e-06,3.183325e-06,6.229162e-06,3.737497e-06,6.854161e-06,6.958326e-06,5.224999e-06,5.72083e-06,5.854161e-06,6.787499e-06,6.795828e-06,5.962499e-06,3.466662e-06,6.299997e-06,5.774998e-06
0,44,7.032,1.14,3.766664e-06,3.429159e-06,3.195826e-06,6.220826e-06,3.749998e-06,6.795828e-06,6.854161e-06,5.19166e-06,5.716666e-06,5.966663e-06,6.845832e-06,6.774998e-06,6.054163e-06,3.52083e-06,6.362494e-06,5.749996e-06
0,45,7.192,1.15,3.79583e-06,3.412493e-06,3.208327e-06,6.312498e-06,3.724996e-06,6.724993e-06,6.783327e-06,5.299997e-06,5.74166e-06,6.029161e-06,6.962498e-06,6.766661e-06,6.120833e-06,3.637497e-06,6.454166e-06,5.724994e-06
0,46,7.352,1.16,3.787494e-06,3.412493e-06,3.270833e-06,6.262493e-06,3.737497e-06,6.833331e-06,6.674997e-06,5.362495e-06,5.791664e-06,6.141663e-06,7.045825e-06,6.783327e-06,6.216661e-06,3.720832e-06,6.45833e-06,5.84166e-06
0,47,7.511,1.17,3.820833e-06,3.504165e-06,3.308328e-06,6.487497e-06,3.791666e-06,6.858325e-06,6.637494e-06,5.441666e-06,5.90833e-06,6.279159e-06,7.137497e-06,6.787499e-06,6.341664e-06,3.88333e-06,6.712492e-06,5.874999e-06
0,48,7.671,1.18,3.858328e-06,3.54166e-06,3.329166e-06,6.579161e-06,3.770828e-06,6.92083e-06,6.662496e-06,5.549995e-06,6.024996e-06,6.358329e-06,7.320825e-06,6.899993e-06,6.483333e-06,4.012497e-06,6.858325e-06,6.01666e-06
0,49,7.831,1.19,3.899996e-06,3.545833e-06,3.408329e-06,6.716665e-06,3.837498e-06,7.037497e-06,6.691662e-06,5.595827e-06,6.137498e-06,6.487497e-06,7.445828e-06,7.020831e-06,6.637494e-06,4.195825e-06,7.041661e-06,6.120833e-06
0,50,7.991,1.2,3.954164e-06,3.599993e-06,3.349996e-06,6.824994e-06,3.879165e-06,7.083328e-06,6.679161e-06,5.712493e-06,6.295832e-06,6.637494e-06,7.57916e-06,7.099994e-06,6.816666e-06,4.395827e-06,7.199995e-06,6.29166e-06
0,51,8.151,1.21,3.958329e-06,3.566662e-06,3.433331e-06,6.999993e-06,3.891659e-06,7.28333e-06,6.849996e-06,5.858326e-06,6.437492e-06,6.854161e-06,7.770833e-06,7.254163e-06,6.970827e-06,4.529158e-06,7.387495e-06,6.449994e-06
0,52,8.31,1.22,4.045828e-06,3.570827e-06,3.404164e-06,7.183329e-06,4.033327e-06,7.395832e-06,7.041661e-06,5.912495e-06,6.629165e-06,6.979164e-06,7.954161e-06,7.47083e-06,7.154163e-06,4.704165e-06,7.529163e-06,6.658332e-06
0,53,8.47,1.23,4.120827e-06,3.683329e-06,3.470826e-06,7.345827e-06,4.049993e-06,7.562494e-06,7.174993e-06,6.087494e-06,6.795828e-06,7.137497e-06,8.124995e-06,7.504161e-06,7.366665e-06,4.920832e-06,7.729165e-06,6.829158e-06
0,54,8.63,1.24,4.174995e-06,3.71666e-06,3.504165e-06,7.487496e-06,4.145829e-06,7.758331e-06,7.379158e-06,6.224998e-06,6.962498e-06,7.262492e-06,8.329161e-06,7.799999e-06,7.541664e-06,5.095832e-06,7.93333e-06,7.016659e-06
0,55,8.79,1.25,4.237493e-06,3.766664e-06,3.52083e-06,7.687497e-06,4.149993e-06,7.899992e-06,7.537492e-06,6.354165e-06,7.129161e-06,7.47083e-06,8.529162e-06,7.991664e-06,7.699999e-06,5.291661e-06,8.066662e-06,7.174993e-06
0,56,8.95,1.26,4.295826e-06,3.729161e-06,3.595829e-06,7.812492e-06,4.266659e-06,7.987499e-06,7.741666e-06,6.533329e-06,7.262492e-06,7.587496e-06,8.674995e-06,8.187492e-06,7.829165e-06,5.44583e-06,8.145825e-06,7.337499e-06
0,57,9.109,1.27,4.349994e-06,3.762492e-06,3.529159e-06,8.062498e-06,4.34583e-06,8.245825e-06,7.974998e-06,6.624993e-06,7.441664e-06,7.74583e-06,8.883325e-06,8.383329e-06,7.966662e-06,5.616665e-06,8.404159e-06,7.49166e-06
0,58,9.269,1.28,4.424993e-06,3.824997e-06,3.674992e-06,8.187492e-06,4.379161e-06,8.437499e-06,8.141661e-06,6.849996e-06,7.524999e-06,7.85416e-06,8.945831e-06,8.558329e-06,8.062498e-06,5.787492e-06,8.529162e-06,7.687497e-06
0,59,9.429,1.29,4.479162e-06,3.866664e-06,3.679164e-06,8.370828e-06,4.504164e-06,8.595832e-06,8.379166e-06,6.949997e-06,7.724992e-06,7.94166e-06,9.224995e-06,8.770831e-06,8.333325e-06,5.937497e-06,8.683332e-06,7.85416e-06
0,60,9.589,1.3,4.537495e-06,3.874993e-06,3.704158e-06,8.587495e-06,4.537495e-06,8.804162e-06,8.529162e-06,7.091665e-06,7.779161e-06,8.12916e-06,9.41666e-06,8.937494e-06,8.445827e-06,6.091658e-06,8.795826e-06,7.995828e-06
0,61,9.749,1.31,4.624995e-06,3.88333e-06,3.691665e-06,8.687496e-06,4.612494e-06,8.929165e-06,8.708326e-06,7.204159e-06,7.962497e-06,8.224996e-06,9.516661e-06,9.12083e-06,8.579159e-06,6.224998e-06,8.891662e-06,8.095829e-06
0,62,9.909,1.32,4.699993e-06,3.954164e-06,3.708331e-06,8.858331e-06,4.637496e-06,9.133331e-06,8.954159e-06,7.362493e-06,8.10833e-06,8.320832e-06,9.695832e-06,9.299994e-06,8.666659e-06,6.383332e-06,8.991663e-06,8.19583e-06
0,63,10.068,1.33,4.791665e-06,3.974994e-06,3.820833e-06,8.958332e-06,4.741661e-06,9.275e-06,9.083326e-06,7.512498e-06,8.183329e-06,8.454163e-06,9.837492e-06,9.379164e-06,8.799998e-06,6.474996e-06,9.145832e-06,8.404159e-06
0,64,10.228,1.34,4.804158e-06,3.999996e-06,3.737497e-06,9.149996e-06,4.841661e-06,9.437497e-06,9.262498e-06,7.612498e-06,8.304159e-06,8.562493e-06,9.945829e-06,9.558328e-06,8.920829e-06,6.616664e-06,9.237496e-06,8.474994e-06
0,65,10.388,1.35,4.89583e-06,4.041664e-06,3.862492e-06,9.337497e-06,4.891666e-06,9.624998e-06,9.362499e-06,7.749994e-06,8.479166e-06,8.608326e-06,1.0095827e-05,9.704161e-06,9.037494e-06,6.712492e-06,9.366663e-06,8.674995e-06
0,66,10.548,1.36,4.979165e-06,4.108326e-06,3.88333e-06,9.449998e-06,4.958328e-06,9.741664e-06,9.529162e-06,7.93333e-06,8.57083e-06,8.77916e-06,1.0229166e-05,9.904162e-06,9.149996e-06,6.837495e-06,9.49583e-06,8.766659e-06
0,67,10.708,1.37,5.079166e-06,4.145829e-06,3.866664e-06,9.545827e-06,5.008332e-06,9.887497e-06,9.716662e-06,8.066662e-06,8.65833e-06,8.874997e-06,1.0370827e-05,1.0037494e-05,9.270827e-06,6.962498e-06,9.549999e-06,8.895826e-06
0,68,10.867,1.38,5.133327e-06,4.112498e-06,3.879165e-06,9.695832e-06,5.120826e-06,1.0079161e-05,9.829164e-06,8.220832e-06,8.766659e-06,8.908328e-06,1.0491665e-05,1.0162496e-05,9.362499e-06,7.070827e-06,9.708333e-06,9.012492e-06
0,69,11.027,1.39,5.241664e-06,4.204162e-06,3.974994e-06,9.874995e-06,5.199997e-06,1.0170826e-05,1.0029165e-05,8.308331e-06,8.883325e-06,9.083326e-06,1.0595831e-05,1.024166e-05,9.466664e-06,7.208331e-06,9.779159e-06,9.066661e-06
0,70,11.187,1.4,5.291661e-06,4.233329e-06,4.058329e-06,1.0016664e-05,5.287496e-06,1.0333331e-05,1.0120829e-05,8.454163e-06,8.941666e-06,9.12083e-06,1.0741663e-05,1.0399994e-05,9.591659e-06,7.279165e-06,9.841665e-06,9.191665e-06
0,71,11.347,1.41,5.366659e-06,4.324992e-06,4.09166e-06,1.0099999e-05,5.341665e-06,1.0437497e-05,1.0191663e-05,8.562493e-06,9.037494e-06,9.229159e-06,1.078333e-05,1.0508331e-05,9.679158e-06,7.395832e-06,9.937493e-06,9.291664e-06
0,72,11.507,1.42,5.416663e-06,4.324992e-06,4.112498e-06,1.0229166e-05,5.416663e-06,1.0541661e-05,1.0354162e-05,8.687496e-06,9.129159e-06,9.245833e-06,1.0912498e-05,1.061666e-05,9.724999e-06,7.499997e-06,1.00125e-05,9.370828e-06
0,73,11.666,1.43,5.508327e-06,4.320828e-06,4.15833e-06,1.0349997e-05,5.541659e-06,1.0666665e-05,1.0504166e-05,8.795826e-06,9.174999e-06,9.379164e-06,1.1020828e-05,1.0683329e-05,9.824999e-06,7.55833e-06,1.0162496e-05,9.458327e-06
0,74,11.826,1.44,5.512492e-06,4.379161e-06,4.174995e-06,1.0437497e-05,5.591663e-06,1.0762493e-05,1.0591666e-05,8.908328e-06,9.295829e-06,9.362499e-06,1.1104163e-05,1.0837499e-05,9.887497e-06,7.683333e-06,1.0216665e-05,9.595831e-06
0,75,11.986,1.45,5.620829e-06,4.445831e-06,4.216663e-06,1.0549998e-05,5.683327e-06,1.0895832e-05,1.0699995e-05,9.016665e-06,9.387493e-06,9.50416e-06,1.1262497e-05,1.0966659e-05,1.0037494e-05,7.779161e-06,1.0274998e-05,9.691659e-06
0,76,12.146,1.46,5.683327e-06,4.499992e-06,4.254158e-06,1.0679166e-05,5.733331e-06,1.1008327e-05,1.0829162e-05,9.074998e-06,9.441662e-06,9.599996e-06,1.1341659e-05,1.106666e-05,1.0095827e-05,7.870825e-06,1.0341661e-05,9.754165e-06
0,77,12.306,1.47,5.791664e-06,4.508328e-06,4.287497e-06,1.0795831e-05,5.804165e-06,1.1149995e-05,1.0862494e-05,9.245833e-06,9.537498e-06,9.674995e-06,1.1416666e-05,1.1154159e-05,1.0170826e-05,7.94166e-06,1.0399994e-05,9.829164e-06
0,78,12.466,1.48,5.899994e-06,4.587499e-06,4.358331e-06,1.0787495e-05,5.862498e-06,1.1208328e-05,1.1016663e-05,9.333332e-06,9.579166e-06,9.770831e-06,1.1504166e-05,1.1249996e-05,1.0270826e-05,7.970826e-06,1.0420831e-05,9.854166e-06
0,79,12.625,1.49,5.920831e-06,4.654161e-06,4.404164e-06,1.0945829e-05,5.99583e-06,1.1337494e-05,1.1116664e-05,9.466664e-06,9.67083e-06,9.862494e-06,1.160833e-05,1.1337494e-05,1.0324995e-05,8.091664e-06,1.061666e-05,1.0016664e-05
0,80,12.785,1.5,6.074993e-06,4.699993e-06,4.45416e-06,1.1095826e-05,6.024996e-06,1.1404165e-05,1.1237494e-05,9.60416e-06,9.649992e-06,9.899998e-06,1.1724997e-05,1.1462498e-05,1.0374999e-05,8.170828e-06,1.0662492e-05,1.0099999e-05
0,81,12.945,1.49,5.72083e-06,4.54166e-06,4.299998e-06,1.0937492e-05,5.966663e-06,1.1291663e-05,1.1083333e-05,9.437497e-06,9.616661e-06,9.829164e-06,1.1570827e-05,1.1366661e-05,1.0333331e-05,8.079163e-06,1.0624997e-05,9.995826e-06
0,82,13.105,1.48,5.72083e-06,4.458332e-06,4.308327e-06,1.0837499e-05,5.812494e-06,1.1191662e-05,1.1008327e-05,9.358327e-06,9.566665e-06,9.699997e-06,1.1533331e-05,1.126666e-05,1.0266662e-05,7.958332e-06,1.0474992e-05,9.874995e-06
0,83,13.265,1.47,5.587498e-06,4.424993e-06,4.220828e-06,1.0708332e-05,5.774998e-06,1.1037493e-05,1.0854164e-05,9.195828e-06,9.454163e-06,9.629162e-06,1.1374998e-05,1.1120828e-05,1.0162496e-05,7.895827e-06,1.0416658e-05,9.808326e-06
0,84,13.424,1.46,5.504163e-06,4.383326e-06,4.099997e-06,1.0591666e-05,5.645832e-06,1.0954165e-05,1.0745827e-05,9.083326e-06,9.370828e-06,9.554164e-06,1.1262497e-05,1.104583e-05,1.006666e-05,7.791662e-06,1.0291664e-05,9.754165e-06
0,85,13.584,1.45,5.404162e-06,4.295826e-06,4.108326e-06,1.0424996e-05,5.549995e-06,1.0820826e-05,1.0637498e-05,8.958332e-06,9.258326e-06,9.462499e-06,1.1158331e-05,1.087083e-05,9.937493e-06,7.7125e-06,1.0229166e-05,9.616661e-06
0,86,13.744,1.44,5.333328e-06,4.249994e-06,4.083332e-06,1.0354162e-05,5.516664e-06,1.0679166e-05,1.0516659e-05,8.841665e-06,9.204166e-06,9.387493e-06,1.1049994e-05,1.0824998e-05,9.841665e-06,7.629164e-06,1.0162496e-05,9.516661e-06
0,87,13.904,1.43,5.262494e-06,4.24583e-06,4.029163e-06,1.0195828e-05,5.412499e-06,1.0591666e-05,1.0370827e-05,8.687496e-06,9.116666e-06,9.270827e-06,1.0941664e-05,1.0695831e-05,9.754165e-06,7.524999e-06,1.0020828e-05,9.429161e-06
0,88,14.064,1.42,5.220827e-06,4.162494e-06,3.983331e-06,1.013333e-05,5.283332e-06,1.0479164e-05,1.0299993e-05,8.629163e-06,8.999999e-06,9.187492e-06,1.0791659e-05,1.0537497e-05,9.67083e-06,7.408333e-06,9.895825e-06,9.287493e-06
0,89,14.224,1.41,5.108333e-06,4.145829e-06,3.920825e-06,9.97916e-06,5.216662e-06,1.0374999e-05,1.0141659e-05,8.329161e-06,8.941666e-06,9.12083e-06,1.0729162e-05,1.0445825e-05,9.545827e-06,7.316661e-06,9.87916e-06,9.24166e-06
0,90,14.383,1.4,5.045827e-06,4.037492e-06,3.908332e-06,9.854166e-06,5.137499e-06,1.0229166e-05,1.0041666e-05,8.387494e-06,8.862496e-06,9.02083e-06,1.0591666e-05,1.0279163e-05,9.487494e-06,7.179165e-06,9.779159e-06,9.104165e-06
0,91,14.543,1.39,4.945827e-06,4.095833e-06,3.837498e-06,9.704161e-06,5.099996e-06,1.0087498e-05,9.87916e-06,8.245825e-06,8.754166e-06,8.96666e-06,1.0499994e-05,1.0204164e-05,9.370828e-06,7.124996e-06,9.666665e-06,8.983326e-06
0,92,14.703,1.38,4.887494e-06,4.024998e-06,3.799995e-06,9.641663e-06,5.020825e-06,9.95833e-06,9.7375e-06,8.091664e-06,8.641664e-06,8.824993e-06,1.0416658e-05,1.0091662e-05,9.258326e-06,7.004166e-06,9.591659e-06,8.904163e-06
0,93,14.863,1.37,4.79583e-06,3.979158e-06,3.799995e-06,9.437497e-06,4.924997e-06,9.804161e-06,9.579166e-06,8.004165e-06,8.512497e-06,8.770831e-06,1.0287499e-05,9.908326e-06,9.154161e-06,6.841659e-06,9.49583e-06,8.75833e-06
0,94,15.023,1.36,4.745825e-06,3.954164e-06,3.783329e-06,9.337497e-06,4.82916e-06,9.654164e-06,9.441662e-06,7.804163e-06,8.41666e-06,8.670831e-06,1.0179162e-05,9.804161e-06,9.029166e-06,6.716665e-06,9.366663e-06,8.654165e-06
0,95,15.182,1.35,4.679163e-06,3.895831e-06,3.658326e-06,9.195828e-06,4.758326e-06,9.474993e-06,9.262498e-06,7.674996e-06,8.304159e-06,8.5375e-06,9.899998e-06,9.633327e-06,8.887498e-06,6.541665e-06,9.254161e-06,8.499996e-06
0,96,15.342,1.34,4.604165e-06,3.849999e-06,3.641661e-06,9.024993e-06,4.687492e-06,9.333332e-06,9.104165e-06,7.537492e-06,8.187492e-06,8.395831e-06,9.824999e-06,9.466664e-06,8.799998e-06,6.512499e-06,9.133331e-06,8.370828e-06
0,97,15.502,1.33,4.504164e-06,3.783329e-06,3.604166e-06,8.84583e-06,4.579163e-06,9.212494e-06,8.908328e-06,7.349992e-06,8.066662e-06,8.283329e-06,9.729163e-06,9.333332e-06,8.674995e-06,6.362494e-06,9.033331e-06,8.308331e-06
0,98,15.662,1.32,4.462496e-06,3.79583e-06,3.60833e-06,8.695833e-06,4.54166e-06,8.958332e-06,8.787497e-06,7.295831e-06,7.929166e-06,8.22916e-06,9.562493e-06,9.22083e-06,8.554164e-06,6.220826e-06,8.93333e-06,8.037496e-06
0,99,15.822,1.31,4.383326e-06,3.770828e-06,3.499993e-06,8.558329e-06,4.437494e-06,8.833329e-06,8.599996e-06,7.141662e-06,7.808328e-06,8.083328e-06,9.429161e-06,9.008329e-06,8.374993e-06,6.083329e-06,8.75833e-06,7.970826e-06
0,100,15.981,1.3,4.333329e-06,3.658326e-06,3.479163e-06,8.358327e-06,4.404164e-06,8.641664e-06,8.362492e-06,6.983328e-06,7.620828e-06,7.966662e-06,9.262498e-06,8.762495e-06,8.216659e-06,5.895829e-06,8.649993e-06,7.787497e-06
0,101,16.141,1.29,4.270832e-06,3.699994e-06,3.529159e-06,8.224996e-06,4.358331e-06,8.470829e-06,8.22916e-06,6.812493e-06,7.533328e-06,7.783326e-06,9.091664e-06,8.683332e-06,8.099993e-06,5.779163e-06,8.499996e-06,7.633328e-06
0,102,16.301,1.28,4.17916e-06,3.654162e-06,3.504165e-06,8.012494e-06,4.266659e-06,8.31666e-06,7.966662e-06,6.645831e-06,7.358328e-06,7.599997e-06,8.937494e-06,8.458328e-06,7.966662e-06,5.608328e-06,8.345826e-06,7.516662e-06
0,103,16.461,1.27,4.141665e-06,3.645825e-06,3.424994e-06,7.824993e-06,4.170831e-06,8.083328e-06,7.783326e-06,6.533329e-06,7.179165e-06,7.541664e-06,8.733328e-06,8.258326e-06,7.799999e-06,5.420828e-06,8.174999e-06,7.299996e-06
0,104,16.621,1.26,4.054165e-06,3.645825e-06,3.387499e-06,7.687497e-06,4.070831e-06,7.908328e-06,7.541664e-06,6.362494e-06,7.024995e-06,7.387495e-06,8.562493e-06,8.083328e-06,7.620828e-06,5.249993e-06,8.012494e-06,7.099994e-06
0,105,16.781,1.25,4.016661e-06,3.583328e-06,3.379162e-06,7.383331e-06,4.083332e-06,7.729165e-06,7.345827e-06,6.237499e-06,6.841659e-06,7.212496e-06,8.391658e-06,7.895827e-06,7.454165e-06,5.029162e-06,7.849995e-06,6.929159e-06
0,106,16.94,1.24,3.916661e-06,3.533332e-06,3.383326e-06,7.312497e-06,3.999996e-06,7.55833e-06,7.158327e-06,6.054163e-06,6.66666e-06,7.058326e-06,8.183329e-06,7.662495e-06,7.254163e-06,4.866663e-06,7.670832e-06,6.724993e-06
0,107,17.1,1.23,3.920825e-06,3.54166e-06,3.349996e-06,7.091665e-06,3.933326e-06,7.362493e-06,6.904165e-06,5.945826e-06,6.462495e-06,6.879163e-06,7.866661e-06,7.441664e-06,7.074992e-06,4.629159e-06,7.458329e-06,6.554159e-06
0,108,17.26,1.22,3.820833e-06,3.466662e-06,3.316665e-06,6.949997e-06,3.841662e-06,7.191666e-06,6.770825e-06,5.795829e-06,6.312498e-06,6.745831e-06,7.804163e-06,7.291659e-06,6.854161e-06,4.441659e-06,7.262492e-06,6.354165e-06
0,109,17.42,1.21,3.783329e-06,3.483327e-06,3.308328e-06,6.799992e-06,3.824997e-06,7.083328e-06,6.658332e-06,5.658333e-06,6.129162e-06,6.533329e-06,7.620828e-06,7.099994e-06,6.679161e-06,4.258331e-06,7.049998e-06,6.145827e-06
0,110,17.58,1.2,3.766664e-06,3.429159e-06,3.291663e-06,6.616664e-06,3.783329e-06,6.945832e-06,6.645831e-06,5.549995e-06,5.966663e-06,6.429163e-06,7.454165e-06,7.016659e-06,6.516663e-06,4.033327e-06,6.891664e-06,5.991666e-06
0,111,17.739,1.19,3.654162e-06,3.449996e-06,3.237494e-06,6.541665e-06,3.745826e-06,6.879163e-06,6.616664e-06,5.420828e-06,5.883328e-06,6.304161e-06,7.262492e-06,6.908329e-06,6.274994e-06,3.916661e-06,6.741659e-06,5.920831e-06
0,112,17.899,1.18,3.683329e-06,3.395828e-06,3.254159e-06,6.404161e-06,3.737497e-06,6.837495e-06,6.649995e-06,5.412499e-06,5.783327e-06,6.18333e-06,7.170828e-06,6.812493e-06,6.229162e-06,3.749998e-06,6.599998e-06,5.862498e-06
0,113,18.059,1.17,3.674992e-06,3.387499e-06,3.191662e-06,6.333327e-06,3.729161e-06,6.783327e-06,6.745831e-06,5.320827e-06,5.758325e-06,6.033325e-06,7.016659e-06,6.829158e-06,6.141663e-06,3.633332e-06,6.504162e-06,5.84166e-06
0,114,18.219,1.16,3.645825e-06,3.366661e-06,3.212492e-06,6.27083e-06,3.666663e-06,6.808329e-06,6.808329e-06,5.27916e-06,5.716666e-06,5.937497e-06,6.962498e-06,6.774998e-06,6.058327e-06,3.558326e-06,6.404161e-06,5.824995e-06
0,115,18.379,1.15,3.670827e-06,3.349996e-06,3.141666e-06,6.158328e-06,3.71666e-06,6.762496e-06,6.92083e-06,5.229163e-06,5.695828e-06,5.883328e-06,6.858325e-06,6.729166e-06,5.974992e-06,3.358332e-06,6.320826e-06,5.799993e-06
0,116,18.538,1.14,3.683329e-06,3.279162e-06,3.129164e-06,6.104159e-06,3.699994e-06,6.837495e-06,7.079164e-06,5.179159e-06,5.787492e-06,5.833332e-06,6.808329e-06,6.829158e-06,5.979165e-06,3.349996e-06,6.216661e-06,5.895829e-06
0,117,18.698,1.13,3.687493e-06,3.308328e-06,3.124992e-06,6.054163e-06,3.708331e-06,6.937496e-06,7.233326e-06,5.195832e-06,5.816658e-06,5.791664e-06,6.741659e-06,6.879163e-06,6.033325e-06,3.399992e-06,6.249992e-06,5.970828e-06
0,118,18.858,1.12,3.704158e-06,3.320829e-06,3.116663e-06,6.166665e-06,3.712495e-06,6.966663e-06,7.416661e-06,5.237492e-06,5.904166e-06,5.733331e-06,6.745831e-06,6.912494e-06,6.033325e-06,3.379162e-06,6.195831e-06,6.049999e-06
0,119,19.018,1.11,3.687493e-06,3.279162e-06,3.091661e-06,6.191659e-06,3.71666e-06,7.041661e-06,7.529163e-06,5.195832e-06,6.01666e-06,5.733331e-06,6.770825e-06,7.041661e-06,6.099995e-06,3.479163e-06,6.216661e-06,6.154164e-06
0,120,19.178,1.1,3.704158e-06,3.270833e-06,3.054166e-06,6.191659e-06,3.749998e-06,7.104159e-06,7.695826e-06,5.25833e-06,6.074993e-06,5.812494e-06,6.804164e-06,7.079164e-06,6.179166e-06,3.562498e-06,6.279159e-06,6.233327e-06
0,121,19.338,1.09,3.69583e-06,3.224993e-06,3.029164e-06,6.299997e-06,3.754163e-06,7.320825e-06,7.824993e-06,5.287496e-06,6.224998e-06,5.854161e-06,6.837495e-06,7.220833e-06,6.27083e-06,3.666663e-06,6.337492e-06,6.362494e-06
0,122,19.497,1.08,3.683329e-06,3.174996e-06,2.999997e-06,6.416662e-06,3.770828e-06,7.441664e-06,7.94166e-06,5.349994e-06,6.316662e-06,5.899994e-06,6.866662e-06,7.279165e-06,6.387496e-06,3.779165e-06,6.424999e-06,6.445829e-06
0,123,19.657,1.07,3.645825e-06,3.174996e-06,2.954165e-06,6.516663e-06,3.783329e-06,7.574995e-06,8.079163e-06,5.362495e-06,6.429163e-06,5.937497e-06,6.991665e-06,7.445828e-06,6.491661e-06,3.945827e-06,6.516663e-06,6.583325e-06
0,124,19.817,1.06,3.712495e-06,3.137493e-06,2.95833e-06,6.645831e-06,3.774993e-06,7.708327e-06,8.170828e-06,5.449994e-06,6.595826e-06,6.133326e-06,7.099994e-06,7.591661e-06,6.654159e-06,4.095833e-06,6.654159e-06,6.699999e-06
0,125,19.977,1.05,3.704158e-06,3.133329e-06,2.949993e-06,6.787499e-06,3.829161e-06,7.829165e-06,8.216659e-06,5.549995e-06,6.720829e-06,6.254164e-06,7.233326e-06,7.729165e-06,6.762496e-06,4.233329e-06,6.783327e-06,6.795828e-06
0,126,20.137,1.04,3.745826e-06,3.070831e-06,2.916662e-06,6.8875e-06,3.81666e-06,8.004165e-06,8.41666e-06,5.637495e-06,6.862497e-06,6.374995e-06,7.420826e-06,7.870825e-06,6.904165e-06,4.445831e-06,6.899993e-06,6.962498e-06
0,127,20.296,1.03,3.733325e-06,3.045829e-06,2.920826e-06,7.037497e-06,3.829161e-06,8.10833e-06,8.491659e-06,5.758325e-06,6.983328e-06,6.454166e-06,7.537492e-06,7.966662e-06,7.058326e-06,4.616666e-06,7.058326e-06,7.045825e-06
0,128,20.456,1.02,3.770828e-06,3.087497e-06,2.899996e-06,7.208331e-06,3.862492e-06,8.224996e-06,8.629163e-06,5.84166e-06,7.104159e-06,6.629165e-06,7.658331e-06,8.095829e-06,7.149999e-06,4.799994e-06,7.1625e-06,7.174993e-06
0,129,20.616,1.01,3.774993e-06,3.020827e-06,2.833327e-06,7.324998e-06,3.862492e-06,8.387494e-06,8.683332e-06,5.920831e-06,7.21666e-06,6.63333e-06,7.799999e-06,8.199993e-06,7.299996e-06,4.899995e-06,7.324998e-06,7.279165e-06
0,130,20.776,1.0,3.770828e-06,3.016663e-06,2.849992e-06,7.462494e-06,3.887495e-06,8.383329e-06,8.75833e-06,6.024996e-06,7.299996e-06,6.879163e-06,7.916665e-06,8.291666e-06,7.383331e-06,5.091659e-06,7.466666e-06,7.374994e-06
0,131,20.936,0.99,3.758327e-06,2.979159e-06,2.745827e-06,7.504161e-06,3.879165e-06,8.583331e-06,8.841665e-06,6.108331e-06,7.433327e-06,6.958326e-06,8.029159e-06,8.429161e-06,7.533328e-06,5.216662e-06,7.55833e-06,7.487496e-06
0,132,21.095,0.98,3.849999e-06,3.008326e-06,2.749991e-06,7.699999e-06,3.954164e-06,8.654165e-06,8.962496e-06,6.233327e-06,7.541664e-06,7.074992e-06,8.149997e-06,8.479166e-06,7.637493e-06,5.262494e-06,7.699999e-06,7.549993e-06
0,133,21.255,0.97,3.841662e-06,2.866665e-06,2.774994e-06,7.820829e-06,3.937499e-06,8.762495e-06,9.012492e-06,6.283331e-06,7.620828e-06,7.158327e-06,8.249998e-06,8.583331e-06,7.729165e-06,5.44583e-06,7.779161e-06,7.654166e-06
0,134,21.415,0.96,3.854163e-06,2.920826e-06,2.766665e-06,7.870825e-06,3.924998e-06,8.829164e-06,9.066661e-06,6.420827e-06,7.687497e-06,7.233326e-06,8.341662e-06,8.691661e-06,7.845831e-06,5.599999e-06,7.879162e-06,7.749994e-06
0,135,21.575,0.95,3.837498e-06,2.924999e-06,2.749991e-06,7.995828e-06,3.933326e-06,8.862496e-06,9.083326e-06,6.454166e-06,7.76666e-06,7.291659e-06,8.462493e-06,8.754166e-06,7.874997e-06,5.674998e-06,7.991664e-06,7.812492e-06
0,136,21.735,0.94,3.870829e-06,2.841663e-06,2.679165e-06,8.137496e-06,3.954164e-06,9.029166e-06,9.166662e-06,6.554159e-06,7.816664e-06,7.391659e-06,8.574994e-06,8.84583e-06,7.999993e-06,5.829159e-06,8.049997e-06,7.904164e-06
0,137,21.895,0.93,3.879165e-06,2.845828e-06,2.712496e-06,8.183329e-06,4.012497e-06,9.083326e-06,9.229159e-06,6.620828e-06,7.866661e-06,7.474995e-06,8.649993e-06,8.854158e-06,8.045832e-06,5.883328e-06,8.174999e-06,7.962497e-06
0,138,22.054,0.92,3.849999e-06,2.837499e-06,2.674993e-06,8.216659e-06,4.029163e-06,9.124994e-06,9.245833e-06,6.716665e-06,7.991664e-06,7.533328e-06,8.695833e-06,8.970833e-06,8.045832e-06,6.037497e-06,8.245825e-06,7.995828e-06
0,139,22.214,0.91,3.891659e-06,2.791659e-06,2.654163e-06,8.358327e-06,4.016661e-06,9.174999e-06,9.291664e-06,6.812493e-06,8.024995e-06,7.612498e-06,8.808327e-06,8.983326e-06,8.216659e-06,6.09583e-06,8.312496e-06,8.087492e-06
0,140,22.374,0.9,3.88333e-06,2.770829e-06,2.604159e-06,8.412496e-06,3.999996e-06,9.212494e-06,9.324996e-06,6.837495e-06,8.095829e-06,7.658331e-06,8.795826e-06,9.037494e-06,8.212495e-06,6.158328e-06,8.320832e-06,8.133332e-06
0,141,22.534,0.89,3.866664e-06,2.733326e-06,2.570828e-06,8.441662e-06,4.012497e-06,9.258326e-06,9.345826e-06,6.879163e-06,8.137496e-06,7.687497e-06,8.937494e-06,9.091664e-06,8.29583e-06,6.254164e-06,8.412496e-06,8.204166e-06
0,142,22.694,0.88,3.849999e-06,2.724997e-06,2.537497e-06,8.470829e-06,4.049993e-06,9.341661e-06,9.370828e-06,6.94166e-06,8.12916e-06,7.76666e-06,8.987498e-06,9.149996e-06,8.320832e-06,6.274994e-06,8.479166e-06,8.233333e-06
0,143,22.853,0.87,3.929162e-06,2.708332e-06,2.483328e-06,8.599996e-06,4.066666e-06,9.349998e-06,9.424996e-06,7.004166e-06,8.220832e-06,7.779161e-06,9.029166e-06,9.166662e-06,8.379166e-06,6.408326e-06,8.516661e-06,8.291666e-06
0,144,23.013,0.86,3.887495e-06,2.641662e-06,2.52916e-06,8.620827e-06,4.083332e-06,9.420832e-06,9.433325e-06,7.087493e-06,8.254163e-06,7.829165e-06,9.058333e-06,9.224995e-06,8.462493e-06,6.441664e-06,8.5375e-06,8.337498e-06
0,145,23.173,0.85,3.912497e-06,2.612495e-06,2.466663e-06,8.670831e-06,4.083332e-06,9.399994e-06,9.512496e-06,7.083328e-06,8.258326e-06,7.866661e-06,9.116666e-06,9.279163e-06,8.474994e-06,6.504162e-06,8.620827e-06,8.383329e-06
0,146,23.333,0.84,3.920825e-06,2.608331e-06,2.462498e-06,8.67916e-06,4.054165e-06,9.479165e-06,9.487494e-06,7.120832e-06,8.312496e-06,7.929166e-06,9.179163e-06,9.291664e-06,8.545828e-06,6.587497e-06,8.629163e-06,8.429161e-06
0,147,23.493,0.83,3.88333e-06,2.591666e-06,2.424995e-06,8.762495e-06,4.112498e-06,9.466664e-06,9.516661e-06,7.183329e-06,8.345826e-06,7.94166e-06,9.179163e-06,9.337497e-06,8.57083e-06,6.612492e-06,8.704162e-06,8.424998e-06
0,148,23.653,0.82,3.908332e-06,2.541661e-06,2.387492e-06,8.829164e-06,4.09166e-06,9.516661e-06,9.516661e-06,7.212496e-06,8.379166e-06,7.983327e-06,9.174999e-06,9.32916e-06,8.574994e-06,6.624993e-06,8.67916e-06,8.487495e-06
0,149,23.812,0.81,3.920825e-06,2.470827e-06,2.404165e-06,8.833329e-06,4.108326e-06,9.549999e-06,9.549999e-06,7.295831e-06,8.433326e-06,8.004165e-06,9.249997e-06,9.362499e-06,8.649993e-06,6.704164e-06,8.799998e-06,8.495832e-06
0,150,23.972,0.8,3.916661e-06,2.533332e-06,2.362498e-06,8.86666e-06,4.133328e-06,9.558328e-06,9.566665e-06,7.320825e-06,8.445827e-06,8.024995e-06,9.295829e-06,9.404159e-06,8.654165e-06,6.75416e-06,8.791661e-06,8.533327e-06
0,151,24.132,0.79,3.912497e-06,2.462498e-06,2.362498e-06,8.920829e-06,4.108326e-06,9.587495e-06,9.545827e-06,7.341663e-06,8.462493e-06,8.037496e-06,9.30833e-06,9.374992e-06,8.691661e-06,6.787499e-06,8.837494e-06,8.587495e-06
0,152,24.292,0.78,3.899996e-06,2.462498e-06,2.279162e-06,8.899999e-06,4.112498e-06,9.599996e-06,9.487494e-06,7.374994e-06,8.491659e-06,8.083328e-06,9.312495e-06,9.437497e-06,8.712498e-06,6.870826e-06,8.891662e-06,8.579159e-06
0,153,24.452,0.77,3.90416e-06,2.391664e-06,2.266661e-06,8.958332e-06,4.09166e-06,9.620825e-06,9.595831e-06,7.441664e-06,8.520826e-06,8.074999e-06,9.379164e-06,9.412495e-06,8.729164e-06,6.8875e-06,8.849995e-06,8.608326e-06
0,154,24.611,0.76,3.899996e-06,2.337496e-06,2.304165e-06,8.970833e-06,4.133328e-06,9.633327e-06,9.591659e-06,7.454165e-06,8.545828e-06,8.141661e-06,9.387493e-06,9.458327e-06,8.762495e-06,6.933331e-06,8.912491e-06,8.629163e-06
0,155,24.771,0.75,3.891659e-06,2.354161e-06,2.183326e-06,9.004164e-06,4.099997e-06,9.633327e-06,9.612497e-06,7.474995e-06,8.5375e-06,8.104165e-06,9.366663e-06,9.483329e-06,8.762495e-06,6.974999e-06,8.887498e-06,8.65833e-06
0,156,24.931,0.74,3.887495e-06,2.304165e-06,2.191663e-06,8.96666e-06,4.124999e-06,9.658329e-06,9.579166e-06,7.49166e-06,8.558329e-06,8.154162e-06,9.41666e-06,9.483329e-06,8.791661e-06,7.00833e-06,8.941666e-06,8.691661e-06
0,157,25.091,0.73,3.820833e-06,2.324995e-06,2.149995e-06,9.045832e-06,4.083332e-06,9.599996e-06,9.612497e-06,7.520827e-06,8.566665e-06,8.154162e-06,9.387493e-06,9.487494e-06,8.799998e-06,7.062499e-06,8.924992e-06,8.670831e-06
0,158,25.251,0.72,3.824997e-06,2.23333e-06,2.124993e-06,9.05416e-06,4.104161e-06,9.67083e-06,9.537498e-06,7.549993e-06,8.583331e-06,8.149997e-06,9.445826e-06,9.487494e-06,8.824993e-06,7.066663e-06,8.920829e-06,8.67916e-06
0,159,25.41,0.71,3.841662e-06,2.23333e-06,2.083325e-06,9.062497e-06,4.120827e-06,9.645828e-06,9.599996e-06,7.574995e-06,8.587495e-06,8.179164e-06,9.433325e-06,9.49583e-06,8.804162e-06,7.079164e-06,8.991663e-06,8.716663e-06
0,160,25.57,0.7,3.866664e-06,2.212493e-06,2.091662e-06,9.074998e-06,4.079159e-06,9.695832e-06,9.595831e-06,7.574995e-06,8.624998e-06,8.191665e-06,9.391665e-06,9.499995e-06,8.854158e-06,7.137497e-06,8.987498e-06,8.708326e-06
,,,,,,,,,,,,,,,,,,,,0,0.7,0.7,0.7,1.11,0.7,1.15,1.17,1.11,1.11,1.08,1.1,1.15,1.11,1.11,1.1,1.15,1.16,0.7,0.71,1.13,1.16,1.15,1.19,1.14,1.15,1.12,1.13,1.15,1.15,1.14,1.12,1.15
1,0,25.901,0.7,3.924998e-06,2.208328e-06,2.095826e-06,9.049996e-06,4.087496e-06,9.666665e-06,9.562493e-06,7.566658e-06,8.616662e-06,8.166663e-06,9.454163e-06,9.466664e-06,8.812499e-06,7.129161e-06,8.96666e-06,8.724999e-06
1,1,26.06,0.71,3.916661e-06,2.274998e-06,2.149995e-06,9.033331e-06,4.116662e-06,9.637499e-06,9.574994e-06,7.508326e-06,8.599996e-06,8.19583e-06,9.374992e-06,9.474993e-06,8.841665e-06,7.058326e-06,9.004164e-06,8.687496e-06
1,2,26.22,0.72,3.916661e-06,2.337496e-06,2.166661e-06,9.008329e-06,4.079159e-06,9.616661e-06,9.541663e-06,7.445828e-06,8.587495e-06,8.149997e-06,9.370828e-06,9.41666e-06,8.804162e-06,7.070827e-06,8.958332e-06,8.704162e-06
1,3,26.38,0.73,3.958329e-06,2.299992e-06,2.216665e-06,8.954159e-06,4.062494e-06,9.587495e-06,9.545827e-06,7.424998e-06,8.520826e-06,8.112494e-06,9.324996e-06,9.383329e-06,8.729164e-06,6.999993e-06,8.904163e-06,8.645829e-06
1,4,26.54,0.74,3.887495e-06,2.358325e-06,2.216665e-06,8.912491e-06,4.062494e-06,9.50416e-06,9.429161e-06,7.354164e-06,8.508333e-06,8.104165e-06,9.279163e-06,9.362499e-06,8.737493e-06,6.94166e-06,8.904163e-06,8.624998e-06
1,5,26.7,0.75,3.920825e-06,2.399993e-06,2.224994e-06,8.858331e-06,3.999996e-06,9.520832e-06,9.474993e-06,7.312497e-06,8.454163e-06,8.04166e-06,9.237496e-06,9.316659e-06,8.683332e-06,6.891664e-06,8.841665e-06,8.59166e-06
1,6,26.86,0.76,3.874993e-06,2.433332e-06,2.308329e-06,8.804162e-06,4.029163e-06,9.50416e-06,9.458327e-06,7.270829e-06,8.445827e-06,8.049997e-06,9.195828e-06,9.291664e-06,8.641664e-06,6.829158e-06,8.812499e-06,8.499996e-06
1,7,27.019,0.77,3.874993e-06,2.449997e-06,2.304165e-06,8.754166e-06,3.987495e-06,9.433325e-06,9.404159e-06,7.191666e-06,8.404159e-06,7.974998e-06,9.104165e-06,9.224995e-06,8.5375e-06,6.779162e-06,8.770831e-06,8.466665e-06
1,8,27.179,0.78,3.862492e-06,2.479164e-06,2.337496e-06,8.67916e-06,3.995832e-06,9.383329e-06,9.370828e-06,7.129161e-06,8.345826e-06,7.958332e-06,9.066661e-06,9.166662e-06,8.541663e-06,6.683326e-06,8.733328e-06,8.466665e-06
1,9,27.339,0.79,3.808331e-06,2.512495e-06,2.358325e-06,8.637492e-06,3.991659e-06,9.354162e-06,9.370828e-06,7.066663e-06,8.283329e-06,7.841659e-06,8.983326e-06,9.162498e-06,8.474994e-06,6.66666e-06,8.67916e-06,8.433326e-06
1,10,27.499,0.8,3.841662e-06,2.52916e-06,2.379163e-06,8.549992e-06,3.958329e-06,9.304166e-06,9.270827e-06,6.999993e-06,8.304159e-06,7.837494e-06,8.96666e-06,9.079162e-06,8.491659e-06,6.599998e-06,8.620827e-06,8.370828e-06
1,11,27.659,0.81,3.804159e-06,2.516659e-06,2.337496e-06,8.429161e-06,3.916661e-06,9.266662e-06,9.279163e-06,6.912494e-06,8.191665e-06,7.799999e-06,8.879161e-06,9.029166e-06,8.404159e-06,6.487497e-06,8.59166e-06,8.304159e-06
1,12,27.818,0.82,3.787494e-06,2.524996e-06,2.395828e-06,8.424998e-06,3.862492e-06,9.179163e-06,9.199993e-06,6.829158e-06,8.199993e-06,7.741666e-06,8.833329e-06,8.941666e-06,8.337498e-06,6.462495e-06,8.491659e-06,8.274992e-06
1,13,27.978,0.83,3.766664e-06,2.570828e-06,2.445825e-06,8.320832e-06,3.866664e-06,9.133331e-06,9.166662e-06,6.787499e-06,8.116658e-06,7.708327e-06,8.712498e-06,8.908328e-06,8.283329e-06,6.366666e-06,8.437499e-06,8.19583e-06
1,14,28.138,0.84,3.737497e-06,2.554162e-06,2.429159e-06,8.254163e-06,3.841662e-06,9.074998e-06,9.14166e-06,6.658332e-06,8.070827e-06,7.633328e-06,8.65833e-06,8.854158e-06,8.233333e-06,6.27083e-06,8.404159e-06,8.141661e-06
1,15,28.298,0.85,3.774993e-06,2.612495e-06,2.487493e-06,8.166663e-06,3.841662e-06,9.045832e-06,9.05416e-06,6.558331e-06,8.04166e-06,7.574995e-06,8.612497e-06,8.77916e-06,8.187492e-06,6.195831e-06,8.308331e-06,8.083328e-06
1,16,28.458,0.86,3.737497e-06,2.649999e-06,2.504166e-06,8.070827e-06,3.849999e-06,8.93333e-06,9.045832e-06,6.487497e-06,7.958332e-06,7.554166e-06,8.508333e-06,8.741665e-06,8.095829e-06,6.137498e-06,8.266664e-06,8.008329e-06
1,17,28.618,0.87,3.749998e-06,2.591666e-06,2.499994e-06,8.02083e-06,3.79583e-06,8.912491e-06,8.949995e-06,6.333327e-06,7.916665e-06,7.454165e-06,8.412496e-06,8.683332e-06,8.024995e-06,6.045826e-06,8.137496e-06,7.949996e-06
1,18,28.777,0.88,3.71666e-06,2.679165e-06,2.533332e-06,7.904164e-06,3.787494e-06,8.816663e-06,8.949995e-06,6.383332e-06,7.816664e-06,7.383331e-06,8.337498e-06,8.608326e-06,7.983327e-06,5.90833e-06,8.104165e-06,7.841659e-06
1,19,28.937,0.89,3.699994e-06,2.666664e-06,2.541661e-06,7.812492e-06,3.779165e-06,8.741665e-06,8.887498e-06,6.266665e-06,7.758331e-06,7.295831e-06,8.254163e-06,8.533327e-06,7.874997e-06,5.837496e-06,7.979163e-06,7.829165e-06
1,20,29.097,0.9,3.683329e-06,2.720825e-06,2.59583e-06,7.733329e-06,3.745826e-06,8.67916e-06,8.808327e-06,6.187495e-06,7.649994e-06,7.208331e-06,8.162498e-06,8.420833e-06,7.812492e-06,5.74166e-06,7.912493e-06,7.733329e-06
1,21,29.257,0.91,3.683329e-06,2.758328e-06,2.587493e-06,7.612498e-06,3.754163e-06,8.562493e-06,8.795826e-06,6.116661e-06,7.595825e-06,7.120832e-06,8.04166e-06,8.366665e-06,7.708327e-06,5.591663e-06,7.829165e-06,7.620828e-06
1,22,29.417,0.92,3.616659e-06,2.733326e-06,2.608331e-06,7.520827e-06,3.724996e-06,8.512497e-06,8.695833e-06,6.037497e-06,7.504161e-06,7.037497e-06,7.979163e-06,8.283329e-06,7.608326e-06,5.483325e-06,7.687497e-06,7.591661e-06
1,23,29.576,0.93,3.670827e-06,2.762492e-06,2.670829e-06,7.408333e-06,3.720832e-06,8.399995e-06,8.649993e-06,5.966663e-06,7.433327e-06,6.958326e-06,7.849995e-06,8.204166e-06,7.516662e-06,5.387497e-06,7.612498e-06,7.454165e-06
1,24,29.736,0.94,3.624996e-06,2.841663e-06,2.662492e-06,7.279165e-06,3.69583e-06,8.329161e-06,8.599996e-06,5.845833e-06,7.279165e-06,6.841659e-06,7.737493e-06,8.141661e-06,7.40416e-06,5.245829e-06,7.454165e-06,7.379158e-06
1,25,29.896,0.95,3.612495e-06,2.824998e-06,2.695831e-06,7.170828e-06,3.687493e-06,8.170828e-06,8.408332e-06,5.754161e-06,7.199995e-06,6.741659e-06,7.633328e-06,8.024995e-06,7.287495e-06,5.091659e-06,7.374994e-06,7.291659e-06
1,26,30.056,0.96,3.574999e-06,2.816661e-06,2.687494e-06,7.033332e-06,3.683329e-06,8.074999e-06,8.399995e-06,5.645832e-06,7.104159e-06,6.649995e-06,7.47083e-06,7.954161e-06,7.170828e-06,4.970829e-06,7.208331e-06,7.199995e-06
1,27,30.216,0.97,3.666663e-06,2.924999e-06,2.729162e-06,6.962498e-06,3.670827e-06,7.904164e-06,8.341662e-06,5.583326e-06,7.004166e-06,6.508326e-06,7.408333e-06,7.824993e-06,7.054162e-06,4.804158e-06,7.066663e-06,7.058326e-06
1,28,30.375,0.98,3.595829e-06,2.820826e-06,2.745827e-06,6.808329e-06,3.658326e-06,7.874997e-06,8.262499e-06,5.470832e-06,6.837495e-06,6.395833e-06,7.262492e-06,7.724992e-06,6.924995e-06,4.608329e-06,6.962498e-06,6.958326e-06
1,29,30.535,0.99,3.579164e-06,2.937492e-06,2.733326e-06,6.662496e-06,3.620831e-06,7.799999e-06,8.183329e-06,5.408327e-06,6.791663e-06,6.245828e-06,7.191666e-06,7.662495e-06,6.795828e-06,4.491663e-06,6.824994e-06,6.824994e-06
1,30,30.695,1.0,3.591665e-06,2.970831e-06,2.808333e-06,6.579161e-06,3.633332e-06,7.649994e-06,8.029159e-06,5.349994e-06,6.612492e-06,6.145827e-06,6.991665e-06,7.524999e-06,6.649995e-06,4.287497e-06,6.670833e-06,6.704164e-06
1,31,30.855,1.01,3.558326e-06,2.995825e-06,2.833327e-06,6.495825e-06,3.624996e-06,7.524999e-06,7.958332e-06,5.220827e-06,6.508326e-06,6.024996e-06,6.974999e-06,7.466666e-06,6.529164e-06,4.183332e-06,6.56666e-06,6.645831e-06
1,32,31.015,1.02,3.662499e-06,3.054166e-06,2.895832e-06,6.408326e-06,3.512494e-06,7.374994e-06,7.929166e-06,5.254165e-06,6.408326e-06,5.90833e-06,6.933331e-06,7.349992e-06,6.395833e-06,3.987495e-06,6.408326e-06,6.487497e-06
1,33,31.175,1.03,3.591665e-06,3.029164e-06,2.887495e-06,6.279159e-06,3.62916e-06,7.337499e-06,7.841659e-06,5.154165e-06,6.245828e-06,5.862498e-06,6.808329e-06,7.254163e-06,6.304161e-06,3.833326e-06,6.320826e-06,6.341664e-06
1,34,31.334,1.04,3.616659e-06,3.004161e-06,2.887495e-06,6.18333e-06,3.604166e-06,7.245827e-06,7.716663e-06,5.149992e-06,6.174993e-06,5.729159e-06,6.73333e-06,7.166664e-06,6.158328e-06,3.749998e-06,6.245828e-06,6.295832e-06
1,35,31.494,1.05,3.612495e-06,3.083332e-06,2.933327e-06,6.133326e-06,3.604166e-06,7.124996e-06,7.604162e-06,5.10416e-06,5.987493e-06,5.666661e-06,6.691662e-06,7.037497e-06,6.079165e-06,3.595829e-06,6.166665e-06,6.133326e-06
1,36,31.654,1.06,3.583328e-06,3.108327e-06,2.941664e-06,6.054163e-06,3.574999e-06,6.970827e-06,7.524999e-06,5.07083e-06,5.945826e-06,5.658333e-06,6.662496e-06,7.016659e-06,5.966663e-06,3.504165e-06,6.120833e-06,6.054163e-06
1,37,31.814,1.07,3.612495e-06,3.124992e-06,2.95833e-06,5.999994e-06,3.587492e-06,6.916666e-06,7.333326e-06,5.045827e-06,5.84166e-06,5.620829e-06,6.583325e-06,6.8875e-06,5.90833e-06,3.433331e-06,6.037497e-06,5.954162e-06
1,38,31.974,1.08,3.566662e-06,3.137493e-06,2.979159e-06,6.012495e-06,3.587492e-06,6.833331e-06,7.291659e-06,5.024997e-06,5.716666e-06,5.641659e-06,6.562495e-06,6.787499e-06,5.866663e-06,3.341659e-06,6.079165e-06,5.862498e-06
1,39,32.133,1.09,3.583328e-06,3.170832e-06,3.008326e-06,6.008331e-06,3.52083e-06,6.774998e-06,7.179165e-06,5.045827e-06,5.716666e-06,5.616665e-06,6.579161e-06,6.795828e-06,5.837496e-06,3.370825e-06,6.062492e-06,5.799993e-06
1,40,32.293,1.1,3.649998e-06,3.216664e-06,3.054166e-06,6.008331e-06,3.579164e-06,6.762496e-06,7.037497e-06,5.020825e-06,5.637495e-06,5.687499e-06,6.612492e-06,6.73333e-06,5.849997e-06,3.337494e-06,6.116661e-06,5.737495e-06
1,41,32.453,1.11,3.620831e-06,3.241658e-06,3.045829e-06,6.070828e-06,3.591665e-06,6.724993e-06,6.954161e-06,5.087495e-06,5.63333e-06,5.649996e-06,6.595826e-06,6.695827e-06,5.824995e-06,3.42083e-06,6.162492e-06,5.699992e-06
1,42,32.613,1.12,3.649998e-06,3.195826e-06,3.112499e-06,6.108331e-06,3.595829e-06,6.695827e-06,6.833331e-06,5.129163e-06,5.583326e-06,5.799993e-06,6.695827e-06,6.629165e-06,5.895829e-06,3.445832e-06,6.220826e-06,5.674998e-06
1,43,32.773,1.13,3.641661e-06,3.283326e-06,3.095826e-06,6.145827e-06,3.633332e-06,6.687498e-06,6.75416e-06,5.137499e-06,5.629166e-06,5.887493e-06,6.745831e-06,6.699999e-06,5.983329e-06,3.529159e-06,6.304161e-06,5.649996e-06
1,44,32.933,1.14,3.679164e-06,3.345831e-06,3.162495e-06,6.220826e-06,3.633332e-06,6.716665e-06,6.708328e-06,5.183331e-06,5.670825e-06,5.962499e-06,6.870826e-06,6.658332e-06,6.008331e-06,3.554161e-06,6.383332e-06,5.695828e-06
1,45,33.092,1.15,3.687493e-06,3.35416e-06,3.199998e-06,6.258329e-06,3.670827e-06,6.720829e-06,6.616664e-06,5.283332e-06,5.699992e-06,6.066664e-06,6.904165e-06,6.679161e-06,6.129162e-06,3.737497e-06,6.466659e-06,5.74166e-06
1,46,33.252,1.16,3.724996e-06,3.341659e-06,3.162495e-06,6.404161e-06,3.654162e-06,6.762496e-06,6.579161e-06,5.312499e-06,5.812494e-06,6.187495e-06,7.037497e-06,6.708328e-06,6.27083e-06,3.849999e-06,6.608327e-06,5.774998e-06
1,47,33.412,1.17,3.745826e-06,3.387499e-06,3.245831e-06,6.491661e-06,3.733325e-06,6.845832e-06,6.516663e-06,5.44583e-06,5.895829e-06,6.299997e-06,7.145826e-06,6.774998e-06,6.437492e-06,4.00416e-06,6.799992e-06,5.90833e-06
1,48,33.572,1.18,3.779165e-06,3.44166e-06,3.254159e-06,6.637494e-06,3.762492e-06,6.916666e-06,6.56666e-06,5.495826e-06,6.054163e-06,6.433328e-06,7.254163e-06,6.862497e-06,6.520828e-06,4.174995e-06,6.937496e-06,6.020832e-06
1,49,33.732,1.19,3.81666e-06,3.449996e-06,3.295827e-06,6.687498e-06,3.691665e-06,7.058326e-06,6.620828e-06,5.604164e-06,6.220826e-06,6.579161e-06,7.445828e-06,6.970827e-06,6.720829e-06,4.316664e-06,7.095829e-06,6.162492e-06
1,50,33.891,1.2,3.829161e-06,3.474998e-06,3.320829e-06,6.891664e-06,3.854163e-06,7.1625e-06,6.695827e-06,5.724994e-06,6.337492e-06,6.729166e-06,7.595825e-06,7.020831e-06,6.8875e-06,4.483326e-06,7.308332e-06,6.345828e-06
1,51,34.051,1.21,3.954164e-06,3.549997e-06,3.337494e-06,7.054162e-06,3.895831e-06,7.312497e-06,6.833331e-06,5.799993e-06,6.524992e-06,6.8875e-06,7.716663e-06,7.266664e-06,7.024995e-06,4.670826e-06,7.412497e-06,6.533329e-06
1,52,34.211,1.22,3.995832e-06,3.558326e-06,3.391663e-06,7.220833e-06,3.945827e-06,7.47083e-06,6.933331e-06,5.916659e-06,6.604163e-06,7.049998e-06,7.970826e-06,7.420826e-06,7.249999e-06,4.858327e-06,7.620828e-06,6.720829e-06
1,53,34.371,1.23,4.00416e-06,3.570827e-06,3.433331e-06,7.354164e-06,3.991659e-06,7.637493e-06,7.137497e-06,6.120833e-06,6.787499e-06,7.187494e-06,8.10833e-06,7.633328e-06,7.383331e-06,4.991658e-06,7.76666e-06,6.866662e-06
1,54,34.531,1.24,4.141665e-06,3.604166e-06,3.462497e-06,7.554166e-06,4.066666e-06,7.820829e-06,7.341663e-06,6.212497e-06,7.012494e-06,7.337499e-06,8.31666e-06,7.791662e-06,7.566658e-06,5.208326e-06,7.924994e-06,7.083328e-06
1,55,34.69,1.25,4.120827e-06,3.620831e-06,3.479163e-06,7.729165e-06,4.120827e-06,7.954161e-06,7.541664e-06,6.374995e-06,7.133333e-06,7.487496e-06,8.495832e-06,8.02083e-06,7.67916e-06,5.35833e-06,8.154162e-06,7.237498e-06
1,56,34.85,1.26,4.266659e-06,3.708331e-06,3.512494e-06,7.891663e-06,4.212499e-06,8.133332e-06,7.754159e-06,6.47916e-06,7.316661e-06,7.533328e-06,8.616662e-06,8.120831e-06,7.874997e-06,5.53333e-06,8.224996e-06,7.383331e-06
1,57,35.01,1.27,4.308327e-06,3.691665e-06,3.545833e-06,8.062498e-06,4.295826e-06,8.329161e-06,7.974998e-06,6.670833e-06,7.437499e-06,7.645829e-06,8.841665e-06,8.387494e-06,8.062498e-06,5.691663e-06,8.404159e-06,7.545829e-06
1,58,35.17,1.28,4.34583e-06,3.837498e-06,3.579164e-06,8.233333e-06,4.379161e-06,8.441662e-06,8.162498e-06,6.808329e-06,7.604162e-06,7.870825e-06,8.995827e-06,8.545828e-06,8.179164e-06,5.824995e-06,8.541663e-06,7.683333e-06
1,59,35.33,1.29,4.466661e-06,3.749998e-06,3.616659e-06,8.404159e-06,4.420829e-06,8.649993e-06,8.349999e-06,6.966663e-06,7.716663e-06,7.995828e-06,9.224995e-06,8.741665e-06,8.329161e-06,5.941661e-06,8.662494e-06,7.866661e-06
1,60,35.49,1.3,4.504164e-06,3.824997e-06,3.587492e-06,8.549992e-06,4.545832e-06,8.816663e-06,8.549992e-06,7.104159e-06,7.85416e-06,8.112494e-06,9.349998e-06,8.920829e-06,8.41666e-06,6.054163e-06,8.795826e-06,8.004165e-06
1,61,35.649,1.31,4.579163e-06,3.874993e-06,3.654162e-06,8.733328e-06,4.587499e-06,8.970833e-06,8.733328e-06,7.212496e-06,7.958332e-06,8.224996e-06,9.520832e-06,9.062497e-06,8.566665e-06,6.254164e-06,8.908328e-06,8.133332e-06
1,62,35.809,1.32,4.616666e-06,3.916661e-06,3.724996e-06,8.858331e-06,4.662498e-06,9.133331e-06,8.891662e-06,7.366665e-06,8.070827e-06,8.245825e-06,9.641663e-06,9.22083e-06,8.695833e-06,6.354165e-06,9.024993e-06,8.270827e-06
1,63,35.969,1.33,4.712494e-06,3.962493e-06,3.737497e-06,9.037494e-06,4.695829e-06,9.270827e-06,9.079162e-06,7.424998e-06,8.199993e-06,8.404159e-06,9.770831e-06,9.412495e-06,8.799998e-06,6.47916e-06,9.124994e-06,8.374993e-06
1,64,36.129,1.34,4.808331e-06,3.958329e-06,3.770828e-06,9.154161e-06,4.79583e-06,9.437497e-06,9.224995e-06,7.654166e-06,8.304159e-06,8.554164e-06,9.929165e-06,9.545827e-06,8.958332e-06,6.641666e-06,9.224995e-06,8.512497e-06
1,65,36.289,1.35,4.874993e-06,4.037492e-06,3.808331e-06,9.316659e-06,4.91666e-06,9.641663e-06,9.433325e-06,7.783326e-06,8.429161e-06,8.608326e-06,1.006666e-05,9.720826e-06,9.016665e-06,6.73333e-06,9.349998e-06,8.624998e-06
1,66,36.448,1.36,4.970829e-06,4.058329e-06,3.766664e-06,9.479165e-06,4.966664e-06,9.766666e-06,9.545827e-06,7.912493e-06,8.554164e-06,8.720827e-06,1.0195828e-05,9.85833e-06,9.087499e-06,6.891664e-06,9.445826e-06,8.774996e-06
1,67,36.608,1.37,5.033326e-06,4.120827e-06,3.891659e-06,9.579166e-06,5.049992e-06,9.908326e-06,9.679158e-06,8.029159e-06,8.599996e-06,8.841665e-06,1.0299993e-05,9.987497e-06,9.249997e-06,6.970827e-06,9.570829e-06,8.854158e-06
1,68,36.768,1.38,5.108333e-06,4.15833e-06,3.929162e-06,9.7375e-06,5.083331e-06,1.0058331e-05,9.795833e-06,8.187492e-06,8.754166e-06,8.941666e-06,1.0424996e-05,1.0124993e-05,9.320831e-06,7.099994e-06,9.641663e-06,8.987498e-06
1,69,36.928,1.39,5.179159e-06,4.166659e-06,3.949992e-06,9.874995e-06,5.129163e-06,1.0195828e-05,9.941666e-06,8.345826e-06,8.833329e-06,9.037494e-06,1.058333e-05,1.0224994e-05,9.483329e-06,7.179165e-06,9.79166e-06,9.070825e-06
1,70,37.088,1.4,5.183331e-06,4.216663e-06,3.995832e-06,9.970832e-06,5.283332e-06,1.0279163e-05,1.0116664e-05,8.412496e-06,8.916664e-06,9.137495e-06,1.0687494e-05,1.0391665e-05,9.520832e-06,7.266664e-06,9.824999e-06,9.154161e-06
1,71,37.247,1.41,5.354166e-06,4.237493e-06,4.029163e-06,1.0124993e-05,5.37916e-06,1.0466663e-05,1.0216665e-05,8.579159e-06,9.024993e-06,9.158325e-06,1.0799996e-05,1.0516659e-05,9.641663e-06,7.424998e-06,9.945829e-06,9.275e-06
1,72,37.407,1.42,5.429165e-06,4.341666e-06,4.074995e-06,1.0195828e-05,5.437493e-06,1.0558327e-05,1.0358325e-05,8.674995e-06,9.091664e-06,9.270827e-06,1.0874995e-05,1.0612495e-05,9.762493e-06,7.483332e-06,1.0004163e-05,9.399994e-06
1,73,37.567,1.43,5.487498e-06,4.341666e-06,4.09166e-06,1.0337496e-05,5.491662e-06,1.0666665e-05,1.0420831e-05,8.762495e-06,9.154161e-06,9.299994e-06,1.1033329e-05,1.0733326e-05,9.795833e-06,7.545829e-06,1.0087498e-05,9.466664e-06
1,74,37.727,1.44,5.579162e-06,4.354159e-06,4.145829e-06,1.0479164e-05,5.612493e-06,1.0808333e-05,1.0587493e-05,8.941666e-06,9.275e-06,9.437497e-06,1.1099998e-05,1.0833327e-05,9.920827e-06,7.645829e-06,1.0199992e-05,9.570829e-06
1,75,37.887,1.45,5.641659e-06,4.412492e-06,4.204162e-06,1.0604159e-05,5.579162e-06,1.080416e-05,1.0733326e-05,9.004164e-06,9.287493e-06,9.512496e-06,1.1208328e-05,1.0954165e-05,9.937493e-06,7.762495e-06,1.0283327e-05,9.641663e-06
1,76,38.047,1.46,5.737495e-06,4.491663e-06,4.249994e-06,1.0666665e-05,5.74166e-06,1.1041665e-05,1.0791659e-05,9.133331e-06,9.399994e-06,9.566665e-06,1.1337494e-05,1.1049994e-05,1.0070833e-05,7.804163e-06,1.0262497e-05,9.762493e-06
1,77,38.206,1.47,5.779163e-06,4.512493e-06,4.24583e-06,1.075e-05,5.791664e-06,1.1087497e-05,1.0912498e-05,9.24166e-06,9.445826e-06,9.649992e-06,1.1412493e-05,1.1149995e-05,1.0120829e-05,7.962497e-06,1.0420831e-05,9.808326e-06
1,78,38.366,1.48,5.891665e-06,4.591664e-06,4.358331e-06,1.0866665e-05,5.891665e-06,1.1229165e-05,1.0966659e-05,9.333332e-06,9.541663e-06,9.733327e-06,1.1474999e-05,1.1216664e-05,1.0224994e-05,8.029159e-06,1.0462499e-05,9.887497e-06
1,79,38.526,1.49,5.945826e-06,4.570826e-06,4.341666e-06,1.0974995e-05,5.962499e-06,1.1295827e-05,1.104583e-05,9.441662e-06,9.624998e-06,9.762493e-06,1.1566663e-05,1.1324993e-05,1.0295828e-05,8.062498e-06,1.0558327e-05,9.970832e-06
1,80,38.686,1.5,5.999994e-06,4.666662e-06,4.387498e-06,1.1087497e-05,6.01666e-06,1.1370826e-05,1.1224993e-05,9.570829e-06,9.708333e-06,9.866659e-06,1.1637497e-05,1.1474999e-05,1.0324995e-05,8.208331e-06,1.0624997e-05,1.004583e-05
1,81,38.846,1.49,5.745832e-06,4.537495e-06,4.291662e-06,1.0883331e-05,5.787492e-06,1.1283326e-05,1.1049994e-05,9.449998e-06,9.612497e-06,9.799997e-06,1.1591665e-05,1.1312492e-05,1.0324995e-05,8.058326e-06,1.0520832e-05,9.974996e-06
1,82,39.005,1.48,5.591663e-06,4.45416e-06,4.266659e-06,1.0791659e-05,5.829159e-06,1.1116664e-05,1.0966659e-05,9.287493e-06,9.49583e-06,9.679158e-06,1.1504166e-05,1.1220829e-05,1.0199992e-05,7.983327e-06,1.0462499e-05,9.874995e-06
1,83,39.165,1.47,5.579162e-06,4.399999e-06,4.183332e-06,1.0716661e-05,5.72083e-06,1.1049994e-05,1.0916662e-05,9.191665e-06,9.424996e-06,9.608332e-06,1.1387499e-05,1.1129165e-05,1.0158332e-05,7.870825e-06,1.0366663e-05,9.716662e-06
1,84,39.325,1.46,5.458331e-06,4.308327e-06,4.108326e-06,1.0570828e-05,5.63333e-06,1.0949993e-05,1.0737499e-05,9.079162e-06,9.316659e-06,9.479165e-06,1.1270833e-05,1.0983332e-05,1.0024993e-05,7.787497e-06,1.0270826e-05,9.708333e-06
1,85,39.485,1.45,5.366659e-06,4.312499e-06,4.079159e-06,1.0466663e-05,5.562496e-06,1.0774994e-05,1.0574992e-05,8.887498e-06,9.237496e-06,9.420832e-06,1.1149995e-05,1.0899997e-05,9.924992e-06,7.7125e-06,1.0179162e-05,9.591659e-06
1,86,39.645,1.44,5.291661e-06,4.229164e-06,4.024998e-06,1.0304165e-05,5.458331e-06,1.0724997e-05,1.049583e-05,8.816663e-06,9.145832e-06,9.341661e-06,1.1033329e-05,1.0787495e-05,9.849993e-06,7.55833e-06,1.0129165e-05,9.499995e-06
1,87,39.804,1.43,5.179159e-06,4.108326e-06,3.962493e-06,1.0233331e-05,5.399998e-06,1.0554163e-05,1.0395829e-05,8.687496e-06,9.099992e-06,9.291664e-06,1.0974995e-05,1.0674993e-05,9.729163e-06,7.504161e-06,9.995826e-06,9.408331e-06
1,88,39.964,1.42,5.208326e-06,4.204162e-06,3.966665e-06,1.0137494e-05,5.287496e-06,1.0504166e-05,1.0266662e-05,8.620827e-06,8.999999e-06,9.170826e-06,1.0862494e-05,1.058333e-05,9.679158e-06,7.433327e-06,9.941666e-06,9.291664e-06
1,89,40.124,1.41,5.049992e-06,4.120827e-06,3.941663e-06,9.983333e-06,5.266658e-06,1.0370827e-05,1.0108328e-05,8.491659e-06,8.904163e-06,9.108328e-06,1.0745827e-05,1.0449998e-05,9.574994e-06,7.295831e-06,9.874995e-06,9.179163e-06
1,90,40.284,1.4,4.991658e-06,4.108326e-06,3.879165e-06,9.912499e-06,5.212498e-06,1.0204164e-05,1.0037494e-05,8.379166e-06,8.804162e-06,9.024993e-06,1.0674993e-05,1.0337496e-05,9.424996e-06,7.237498e-06,9.770831e-06,9.108328e-06
1,91,40.444,1.39,4.89583e-06,4.054165e-06,3.849999e-06,9.741664e-06,5.10416e-06,1.0158332e-05,9.883332e-06,8.287493e-06,8.704162e-06,8.945831e-06,1.052916e-05,1.0216665e-05,9.379164e-06,7.108331e-06,9.666665e-06,8.991663e-06
1,92,40.604,1.38,4.866663e-06,4.029163e-06,3.799995e-06,9.60416e-06,5.062493e-06,9.987497e-06,9.749992e-06,8.112494e-06,8.579159e-06,8.841665e-06,1.0341661e-05,1.0108328e-05,9.208329e-06,6.908329e-06,9.520832e-06,8.86666e-06
1,93,40.763,1.37,4.845826e-06,3.966665e-06,3.783329e-06,9.462499e-06,4.958328e-06,9.833328e-06,9.620825e-06,7.987499e-06,8.495832e-06,8.720827e-06,1.0274998e-05,9.924992e-06,9.145832e-06,6.8875e-06,9.458327e-06,8.75833e-06
1,94,40.923,1.36,4.704165e-06,3.958329e-06,3.745826e-06,9.387493e-06,4.879165e-06,9.687496e-06,9.491666e-06,7.891663e-06,8.370828e-06,8.624998e-06,1.0070833e-05,9.837492e-06,9.05416e-06,6.749995e-06,9.349998e-06,8.629163e-06
1,95,41.083,1.35,4.654161e-06,3.887495e-06,3.670827e-06,9.224995e-06,4.762499e-06,9.524997e-06,9.279163e-06,7.704162e-06,8.237497e-06,8.512497e-06,1.0029165e-05,9.633327e-06,8.874997e-06,6.612492e-06,9.224995e-06,8.487495e-06
1,96,41.243,1.34,4.604165e-06,3.858328e-06,3.683329e-06,9.066661e-06,4.654161e-06,9.370828e-06,9.158325e-06,7.595825e-06,8.149997e-06,8.412496e-06,9.883332e-06,9.483329e-06,8.783332e-06,6.491661e-06,9.145832e-06,8.387494e-06
1,97,41.403,1.33,4.562497e-06,3.870829e-06,3.62916e-06,8.887498e-06,4.654161e-06,9.162498e-06,8.979162e-06,7.416661e-06,8.033331e-06,8.308331e-06,9.7375e-06,9.354162e-06,8.670831e-06,6.324999e-06,9.012492e-06,8.249998e-06
1,98,41.562,1.32,4.479162e-06,3.81666e-06,3.533332e-06,8.75833e-06,4.570826e-06,9.058333e-06,8.816663e-06,7.316661e-06,7.916665e-06,8.179164e-06,9.58333e-06,9.145832e-06,8.520826e-06,6.145827e-06,8.862496e-06,8.112494e-06
1,99,41.722,1.31,4.379161e-06,3.783329e-06,3.558326e-06,8.574994e-06,4.508328e-06,8.829164e-06,8.595832e-06,7.137497e-06,7.737493e-06,8.04166e-06,9.437497e-06,9.016665e-06,8.391658e-06,6.054163e-06,8.75833e-06,7.954161e-06
1,100,41.882,1.3,4.333329e-06,3.749998e-06,3.537496e-06,8.433326e-06,4.420829e-06,8.683332e-06,8.437499e-06,6.999993e-06,7.624992e-06,7.837494e-06,9.287493e-06,8.883325e-06,8.254163e-06,5.937497e-06,8.59166e-06,7.76666e-06
1,101,42.042,1.29,4.274996e-06,3.699994e-06,3.562498e-06,8.237497e-06,4.370832e-06,8.516661e-06,8.266664e-06,6.883327e-06,7.504161e-06,7.845831e-06,9.154161e-06,8.695833e-06,8.104165e-06,5.729159e-06,8.508333e-06,7.633328e-06
1,102,42.202,1.28,4.220828e-06,3.712495e-06,3.508329e-06,8.095829e-06,4.304163e-06,8.287493e-06,8.024995e-06,6.679161e-06,7.333326e-06,7.658331e-06,8.941666e-06,8.529162e-06,7.920829e-06,5.570825e-06,8.312496e-06,7.483332e-06
1,103,42.362,1.27,4.183332e-06,3.679164e-06,3.483327e-06,7.924994e-06,4.216663e-06,8.199993e-06,7.795827e-06,6.591662e-06,7.158327e-06,7.533328e-06,8.787497e-06,8.279165e-06,7.76666e-06,5.370831e-06,8.174999e-06,7.279165e-06
1,104,42.521,1.26,4.079159e-06,3.670827e-06,3.479163e-06,7.674996e-06,4.170831e-06,7.949996e-06,7.599997e-06,6.449994e-06,6.933331e-06,7.387495e-06,8.608326e-06,8.141661e-06,7.599997e-06,5.245829e-06,7.995828e-06,7.087493e-06
1,105,42.681,1.25,4.020826e-06,3.662499e-06,3.437495e-06,7.55833e-06,4.079159e-06,7.83333e-06,7.395832e-06,6.279159e-06,6.816666e-06,7.204159e-06,8.433326e-06,7.929166e-06,7.462494e-06,5.062493e-06,7.845831e-06,6.94166e-06
1,106,42.841,1.24,3.974994e-06,3.583328e-06,3.44166e-06,7.395832e-06,4.062494e-06,7.645829e-06,7.199995e-06,6.124997e-06,6.658332e-06,7.099994e-06,8.19583e-06,7.691661e-06,7.266664e-06,4.841661e-06,7.658331e-06,6.704164e-06
1,107,43.001,1.23,3.933326e-06,3.579164e-06,3.395828e-06,7.212496e-06,3.974994e-06,7.408333e-06,6.966663e-06,5.966663e-06,6.47916e-06,6.8875e-06,8.045832e-06,7.533328e-06,7.074992e-06,4.683327e-06,7.466666e-06,6.533329e-06
1,108,43.161,1.22,3.88333e-06,3.54166e-06,3.329166e-06,7.054162e-06,3.88333e-06,7.324998e-06,6.849996e-06,5.862498e-06,6.304161e-06,6.712492e-06,7.879162e-06,7.341663e-06,6.904165e-06,4.404164e-06,7.30416e-06,6.374995e-06
1,109,43.32,1.21,3.841662e-06,3.537496e-06,3.274997e-06,6.916666e-06,3.887495e-06,7.137497e-06,6.73333e-06,5.737495e-06,6.133326e-06,6.583325e-06,7.666659e-06,7.170828e-06,6.658332e-06,4.187496e-06,7.087493e-06,6.162492e-06
1,110,43.48,1.2,3.783329e-06,3.412493e-06,3.291663e-06,6.73333e-06,3.824997e-06,7.012494e-06,6.604163e-06,5.624994e-06,5.983329e-06,6.399997e-06,7.462494e-06,7.016659e-06,6.499998e-06,4.09166e-06,6.879163e-06,6.054163e-06
1,111,43.64,1.19,3.741662e-06,3.44166e-06,3.274997e-06,6.595826e-06,3.804159e-06,6.945832e-06,6.63333e-06,5.512492e-06,5.854161e-06,6.20416e-06,7.287495e-06,6.904165e-06,6.395833e-06,3.870829e-06,6.783327e-06,5.949998e-06
1,112,43.8,1.18,3.670827e-06,3.44166e-06,3.258332e-06,6.495825e-06,3.737497e-06,6.841659e-06,6.691662e-06,5.433329e-06,5.754161e-06,6.174993e-06,7.187494e-06,6.866662e-06,6.224998e-06,3.779165e-06,6.599998e-06,5.854161e-06
1,113,43.96,1.17,3.720832e-06,3.379162e-06,3.229165e-06,6.308325e-06,3.708331e-06,6.758332e-06,6.724993e-06,5.370831e-06,5.758325e-06,6.09583e-06,7.112495e-06,6.799992e-06,6.158328e-06,3.633332e-06,6.499998e-06,5.845833e-06
1,114,44.119,1.16,3.674992e-06,3.383326e-06,3.212492e-06,6.287495e-06,3.762492e-06,6.774998e-06,6.837495e-06,5.299997e-06,5.729159e-06,5.937497e-06,6.979164e-06,6.779162e-06,6.070828e-06,3.516658e-06,6.445829e-06,5.816658e-06
1,115,44.279,1.15,3.720832e-06,3.391663e-06,3.208327e-06,6.212497e-06,3.745826e-06,6.849996e-06,6.945832e-06,5.270831e-06,5.724994e-06,5.904166e-06,6.92083e-06,6.724993e-06,6.054163e-06,3.495828e-06,6.341664e-06,5.866663e-06
1,116,44.439,1.14,3.687493e-06,3.35416e-06,3.208327e-06,6.174993e-06,3.737497e-06,6.808329e-06,7.079164e-06,5.233328e-06,5.758325e-06,5.874999e-06,6.862497e-06,6.858325e-06,5.999994e-06,3.424994e-06,6.295832e-06,5.945826e-06
1,117,44.599,1.13,3.674992e-06,3.35416e-06,3.129164e-06,6.133326e-06,3.737497e-06,6.862497e-06,7.149999e-06,5.233328e-06,5.812494e-06,5.812494e-06,6.804164e-06,6.899993e-06,6.020832e-06,3.437495e-06,6.229162e-06,5.99583e-06
1,118,44.759,1.12,3.679164e-06,3.287498e-06,3.124992e-06,6.120833e-06,3.71666e-06,6.954161e-06,7.345827e-06,5.216662e-06,5.879164e-06,5.799993e-06,6.758332e-06,6.958326e-06,6.033325e-06,3.429159e-06,6.233327e-06,6.074993e-06
1,119,44.919,1.11,3.699994e-06,3.287498e-06,3.087497e-06,6.133326e-06,3.720832e-06,7.020831e-06,7.495833e-06,5.220827e-06,5.983329e-06,5.783327e-06,6.766661e-06,7.058326e-06,6.091658e-06,3.491664e-06,6.283331e-06,6.174993e-06
1,120,45.078,1.1,3.704158e-06,3.162495e-06,3.099998e-06,6.229162e-06,3.712495e-06,7.133333e-06,7.658331e-06,5.249993e-06,6.045826e-06,5.795829e-06,6.770825e-06,7.079164e-06,6.208332e-06,3.562498e-06,6.245828e-06,6.283331e-06
1,121,45.238,1.09,3.712495e-06,3.254159e-06,3.070831e-06,6.237499e-06,3.762492e-06,7.224997e-06,7.791662e-06,5.287496e-06,6.195831e-06,5.899994e-06,6.833331e-06,7.245827e-06,6.316662e-06,3.687493e-06,6.370831e-06,6.374995e-06
1,122,45.398,1.08,3.71666e-06,3.224993e-06,3.045829e-06,6.39166e-06,3.779165e-06,7.387495e-06,7.908328e-06,5.341665e-06,6.345828e-06,5.962499e-06,6.908329e-06,7.312497e-06,6.404161e-06,3.804159e-06,6.441664e-06,6.516663e-06
1,123,45.558,1.07,3.754163e-06,3.16666e-06,3.029164e-06,6.462495e-06,3.787494e-06,7.508326e-06,8.066662e-06,5.420828e-06,6.408326e-06,6.012495e-06,6.970827e-06,7.449993e-06,6.520828e-06,3.937499e-06,6.508326e-06,6.595826e-06
1,124,45.718,1.06,3.712495e-06,3.170832e-06,2.995825e-06,6.541665e-06,3.758327e-06,7.616663e-06,8.179164e-06,5.449994e-06,6.595826e-06,6.199996e-06,7.095829e-06,7.608326e-06,6.620828e-06,4.087496e-06,6.66666e-06,6.687498e-06
1,125,45.877,1.05,3.729161e-06,3.174996e-06,2.99166e-06,6.749995e-06,3.774993e-06,7.820829e-06,8.291666e-06,5.537494e-06,6.741659e-06,6.27083e-06,7.237498e-06,7.720828e-06,6.812493e-06,4.299998e-06,6.791663e-06,6.870826e-06
1,126,46.037,1.04,3.754163e-06,3.129164e-06,2.974995e-06,6.870826e-06,3.837498e-06,7.954161e-06,8.404159e-06,5.63333e-06,6.841659e-06,6.412498e-06,7.308332e-06,7.795827e-06,6.908329e-06,4.45416e-06,6.945832e-06,6.937496e-06
1,127,46.197,1.03,3.766664e-06,3.07916e-06,2.920826e-06,7.033332e-06,3.841662e-06,8.062498e-06,8.520826e-06,5.695828e-06,6.933331e-06,6.508326e-06,7.516662e-06,7.954161e-06,7.066663e-06,4.637496e-06,7.049998e-06,7.091665e-06
1,128,46.357,1.02,3.799995e-06,3.104162e-06,2.929163e-06,7.129161e-06,3.874993e-06,8.191665e-06,8.59166e-06,5.729159e-06,7.099994e-06,6.654159e-06,7.649994e-06,8.045832e-06,7.208331e-06,4.749998e-06,7.183329e-06,7.104159e-06
1,129,46.517,1.01,3.81666e-06,3.087497e-06,2.895832e-06,7.274993e-06,3.88333e-06,8.345826e-06,8.720827e-06,5.904166e-06,7.220833e-06,6.774998e-06,7.779161e-06,8.22916e-06,7.30416e-06,4.904159e-06,7.341663e-06,7.295831e-06
1,130,46.676,1.0,3.824997e-06,3.037492e-06,2.812497e-06,7.40416e-06,3.90416e-06,8.424998e-06,8.762495e-06,5.987493e-06,7.295831e-06,6.895828e-06,7.929166e-06,8.270827e-06,7.433327e-06,5.07083e-06,7.366665e-06,7.333326e-06
1,131,46.836,0.99,3.808331e-06,3.024999e-06,2.799996e-06,7.512498e-06,3.933326e-06,8.499996e-06,8.862496e-06,6.087494e-06,7.437499e-06,6.999993e-06,8.016666e-06,8.399995e-06,7.529163e-06,5.208326e-06,7.562494e-06,7.479159e-06
1,132,46.996,0.98,3.854163e-06,2.966658e-06,2.80416e-06,7.658331e-06,3.937499e-06,8.654165e-06,8.916664e-06,6.124997e-06,7.483332e-06,7.066663e-06,8.170828e-06,8.529162e-06,7.637493e-06,5.366659e-06,7.687497e-06,7.587496e-06
1,133,47.156,0.97,3.849999e-06,2.954165e-06,2.812497e-06,7.74583e-06,3.954164e-06,8.720827e-06,8.970833e-06,6.245828e-06,7.599997e-06,7.187494e-06,8.241662e-06,8.566665e-06,7.749994e-06,5.458331e-06,7.791662e-06,7.658331e-06
1,134,47.316,0.96,3.833326e-06,2.945828e-06,2.741663e-06,7.845831e-06,3.941663e-06,8.816663e-06,9.083326e-06,6.324999e-06,7.695826e-06,7.254163e-06,8.366665e-06,8.662494e-06,7.783326e-06,5.583326e-06,7.899992e-06,7.724992e-06
1,135,47.476,0.95,3.841662e-06,2.883331e-06,2.770829e-06,7.970826e-06,3.945827e-06,8.908328e-06,9.108328e-06,6.462495e-06,7.74583e-06,7.337499e-06,8.495832e-06,8.774996e-06,7.912493e-06,5.712493e-06,7.929166e-06,7.845831e-06
1,136,47.635,0.94,3.854163e-06,2.912498e-06,2.729162e-06,8.070827e-06,3.962493e-06,8.987498e-06,9.170826e-06,6.512499e-06,7.83333e-06,7.433327e-06,8.508333e-06,8.816663e-06,7.995828e-06,5.837496e-06,8.116658e-06,7.887498e-06
1,137,47.795,0.93,3.912497e-06,2.87083e-06,2.687494e-06,8.145825e-06,3.983331e-06,9.05416e-06,9.224995e-06,6.624993e-06,7.899992e-06,7.454165e-06,8.641664e-06,8.86666e-06,8.091664e-06,5.924996e-06,8.166663e-06,7.983327e-06
1,138,47.955,0.92,3.887495e-06,2.829162e-06,2.68333e-06,8.208331e-06,3.995832e-06,9.104165e-06,9.279163e-06,6.691662e-06,7.858332e-06,7.529163e-06,8.67916e-06,8.941666e-06,8.120831e-06,5.983329e-06,8.254163e-06,8.033331e-06
1,139,48.115,0.91,3.866664e-06,2.820826e-06,2.591666e-06,8.29583e-06,4.008325e-06,9.137495e-06,9.304166e-06,6.712492e-06,8.02083e-06,7.599997e-06,8.795826e-06,8.987498e-06,8.141661e-06,6.083329e-06,8.270827e-06,8.104165e-06
1,140,48.275,0.9,3.879165e-06,2.770829e-06,2.633325e-06,8.308331e-06,4.049993e-06,9.212494e-06,9.333332e-06,6.779162e-06,8.049997e-06,7.645829e-06,8.858331e-06,9.029166e-06,8.270827e-06,6.158328e-06,8.370828e-06,8.166663e-06
1,141,48.434,0.89,3.879165e-06,2.758328e-06,2.608331e-06,8.462493e-06,4.062494e-06,9.262498e-06,9.370828e-06,6.870826e-06,8.124995e-06,7.7125e-06,8.908328e-06,9.108328e-06,8.270827e-06,6.249992e-06,8.445827e-06,8.220832e-06
1,142,48.594,0.88,3.929162e-06,2.745827e-06,2.599994e-06,8.50416e-06,4.029163e-06,9.299994e-06,9.41666e-06,6.949997e-06,8.174999e-06,7.76666e-06,8.995827e-06,9.137495e-06,8.354164e-06,6.329163e-06,8.479166e-06,8.245825e-06
1,143,48.754,0.87,3.908332e-06,2.687494e-06,2.545826e-06,8.541663e-06,4.066666e-06,9.304166e-06,9.420832e-06,6.995829e-06,8.220832e-06,7.816664e-06,9.004164e-06,9.162498e-06,8.395831e-06,6.349993e-06,8.545828e-06,8.291666e-06
1,144,48.914,0.86,3.899996e-06,2.687494e-06,2.533332e-06,8.579159e-06,4.074995e-06,9.383329e-06,9.454163e-06,7.033332e-06,8.279165e-06,7.85416e-06,9.079162e-06,9.212494e-06,8.408332e-06,6.454166e-06,8.579159e-06,8.324997e-06
1,145,49.074,0.85,3.912497e-06,2.649999e-06,2.499994e-06,8.629163e-06,4.054165e-06,9.379164e-06,9.445826e-06,7.112495e-06,8.274992e-06,7.891663e-06,9.108328e-06,9.266662e-06,8.524998e-06,6.504162e-06,8.633328e-06,8.379166e-06
1,146,49.233,0.84,3.90416e-06,2.624997e-06,2.474992e-06,8.67916e-06,4.09166e-06,9.433325e-06,9.491666e-06,7.137497e-06,8.329161e-06,7.93333e-06,9.154161e-06,9.30833e-06,8.524998e-06,6.570832e-06,8.683332e-06,8.424998e-06
1,147,49.393,0.83,3.920825e-06,2.59583e-06,2.474992e-06,8.733328e-06,4.087496e-06,9.49583e-06,9.516661e-06,7.199995e-06,8.362492e-06,7.924994e-06,9.208329e-06,9.291664e-06,8.574994e-06,6.624993e-06,8.724999e-06,8.458328e-06
1,148,49.553,0.82,3.90416e-06,2.566663e-06,2.416658e-06,8.770831e-06,4.099997e-06,9.449998e-06,9.549999e-06,7.237498e-06,8.395831e-06,7.987499e-06,9.229159e-06,9.345826e-06,8.59166e-06,6.66666e-06,8.749994e-06,8.462493e-06
1,149,49.713,0.81,3.920825e-06,2.549998e-06,2.399993e-06,8.820828e-06,4.099997e-06,9.537498e-06,9.545827e-06,7.233326e-06,8.445827e-06,8.016666e-06,9.270827e-06,9.379164e-06,8.608326e-06,6.699999e-06,8.783332e-06,8.516661e-06
1,150,49.873,0.8,3.920825e-06,2.524996e-06,2.374999e-06,8.774996e-06,4.095833e-06,9.533326e-06,9.562493e-06,7.30416e-06,8.437499e-06,8.033331e-06,9.312495e-06,9.387493e-06,8.695833e-06,6.779162e-06,8.787497e-06,8.57083e-06
1,151,50.033,0.79,3.912497e-06,2.479164e-06,2.34166e-06,8.879161e-06,4.099997e-06,9.529162e-06,9.608332e-06,7.354164e-06,8.466665e-06,8.062498e-06,9.304166e-06,9.454163e-06,8.704162e-06,6.837495e-06,8.824993e-06,8.566665e-06
1,152,50.192,0.78,3.937499e-06,2.479164e-06,2.32083e-06,8.924992e-06,4.116662e-06,9.620825e-06,9.570829e-06,7.383331e-06,8.491659e-06,8.04166e-06,9.358327e-06,9.441662e-06,8.637492e-06,6.783327e-06,8.874997e-06,8.616662e-06
1,153,50.352,0.77,3.899996e-06,2.445825e-06,2.308329e-06,8.937494e-06,4.141665e-06,9.60416e-06,9.599996e-06,7.374994e-06,8.516661e-06,8.095829e-06,9.379164e-06,9.462499e-06,8.745829e-06,6.895828e-06,8.879161e-06,8.616662e-06
1,154,50.512,0.76,3.916661e-06,2.399993e-06,2.279162e-06,8.987498e-06,4.129163e-06,9.649992e-06,9.58333e-06,7.416661e-06,8.562493e-06,8.112494e-06,9.412495e-06,9.470828e-06,8.745829e-06,6.958326e-06,8.908328e-06,8.666659e-06
1,155,50.672,0.75,3.88333e-06,2.349997e-06,2.270826e-06,8.96666e-06,4.133328e-06,9.649992e-06,9.60416e-06,7.479159e-06,8.549992e-06,8.149997e-06,9.404159e-06,9.487494e-06,8.812499e-06,6.979164e-06,8.958332e-06,8.633328e-06
1,156,50.832,0.74,3.899996e-06,2.304165e-06,2.179162e-06,8.958332e-06,4.09166e-06,9.649992e-06,9.60416e-06,7.449993e-06,8.562493e-06,8.133332e-06,9.433325e-06,9.50416e-06,8.808327e-06,7.012494e-06,8.954159e-06,8.674995e-06
1,157,50.991,0.73,3.916661e-06,2.312493e-06,2.120829e-06,9.02083e-06,4.124999e-06,9.67083e-06,9.591659e-06,7.533328e-06,8.599996e-06,8.166663e-06,9.454163e-06,9.458327e-06,8.824993e-06,6.954161e-06,8.958332e-06,8.670831e-06
1,158,51.151,0.72,3.891659e-06,2.312493e-06,2.174997e-06,9.033331e-06,4.124999e-06,9.649992e-06,9.587495e-06,7.549993e-06,8.604161e-06,8.19583e-06,9.433325e-06,9.516661e-06,8.808327e-06,7.091665e-06,8.987498e-06,8.683332e-06
1,159,51.311,0.71,3.916661e-06,2.262497e-06,2.124993e-06,9.062497e-06,4.09166e-06,9.67083e-06,9.612497e-06,7.508326e-06,8.620827e-06,8.170828e-06,9.437497e-06,9.512496e-06,8.858331e-06,7.095829e-06,8.991663e-06,8.745829e-06
1,160,51.471,0.7,3.891659e-06,2.224994e-06,2.13333e-06,9.070825e-06,4.112498e-06,9.67083e-06,9.599996e-06,7.566658e-06,8.620827e-06,8.220832e-06,9.449998e-06,9.491666e-06,8.849995e-06,7.108331e-06,9.037494e-06,8.712498e-06
,,,,,,,,,,,,,,,,,,,,1,1.01,0.7,0.7,1.07,1.02,1.13,1.17,1.1,1.12,1.09,1.08,1.12,1.11,1.1,1.07,1.13,1.18,0.7,0.73,1.12,1.17,1.17,1.2,1.12,1.15,1.11,1.12,1.15,1.14,1.14,1.13,1.16
2,0,51.778,0.7,3.954164e-06,2.245831e-06,2.13333e-06,9.05416e-06,4.054165e-06,9.683331e-06,9.624998e-06,7.562494e-06,8.624998e-06,8.19583e-06,9.474993e-06,9.487494e-06,8.862496e-06,7.124996e-06,8.962496e-06,8.687496e-06
2,1,51.937,0.71,3.849999e-06,2.23333e-06,2.191663e-06,9.033331e-06,4.120827e-06,9.645828e-06,9.595831e-06,7.524999e-06,8.595832e-06,8.174999e-06,9.370828e-06,9.474993e-06,8.833329e-06,7.083328e-06,9.004164e-06,8.712498e-06
2,2,52.097,0.72,3.941663e-06,2.324995e-06,2.187498e-06,8.999999e-06,4.045828e-06,9.599996e-06,9.566665e-06,7.47083e-06,8.566665e-06,8.141661e-06,9.324996e-06,9.454163e-06,8.795826e-06,7.054162e-06,8.941666e-06,8.67916e-06
2,3,52.257,0.73,3.924998e-06,2.337496e-06,2.258333e-06,8.920829e-06,4.049993e-06,9.58333e-06,9.508331e-06,7.349992e-06,8.5375e-06,8.033331e-06,9.354162e-06,9.399994e-06,8.774996e-06,6.987492e-06,8.929165e-06,8.674995e-06
2,4,52.417,0.74,3.912497e-06,2.424995e-06,2.23333e-06,8.883325e-06,4.079159e-06,9.558328e-06,9.483329e-06,7.358328e-06,8.516661e-06,8.104165e-06,9.270827e-06,9.374992e-06,8.729164e-06,6.949997e-06,8.908328e-06,8.583331e-06
2,5,52.577,0.75,3.916661e-06,2.420831e-06,2.279162e-06,8.795826e-06,4.024998e-06,9.524997e-06,9.520832e-06,7.308332e-06,8.474994e-06,8.062498e-06,9.266662e-06,9.333332e-06,8.724999e-06,6.908329e-06,8.841665e-06,8.587495e-06
2,6,52.736,0.76,3.88333e-06,2.429159e-06,2.333331e-06,8.787497e-06,4.045828e-06,9.445826e-06,9.474993e-06,7.245827e-06,8.445827e-06,8.062498e-06,9.183327e-06,9.266662e-06,8.649993e-06,6.824994e-06,8.795826e-06,8.562493e-06
2,7,52.896,0.77,3.908332e-06,2.504166e-06,2.304165e-06,8.741665e-06,3.995832e-06,9.454163e-06,9.433325e-06,7.158327e-06,8.437499e-06,7.983327e-06,9.162498e-06,9.233332e-06,8.612497e-06,6.795828e-06,8.774996e-06,8.487495e-06
2,8,53.056,0.78,3.908332e-06,2.479164e-06,2.374999e-06,8.65833e-06,4.00416e-06,9.39583e-06,9.404159e-06,7.120832e-06,8.345826e-06,7.962497e-06,9.074998e-06,9.154161e-06,8.616662e-06,6.712492e-06,8.724999e-06,8.441662e-06
2,9,53.216,0.79,3.824997e-06,2.545826e-06,2.391664e-06,8.595832e-06,3.97083e-06,9.316659e-06,9.324996e-06,7.049998e-06,8.354164e-06,7.94166e-06,9.004164e-06,9.137495e-06,8.50416e-06,6.654159e-06,8.683332e-06,8.429161e-06
2,10,53.376,0.8,3.866664e-06,2.562499e-06,2.433332e-06,8.533327e-06,3.908332e-06,9.324996e-06,9.354162e-06,7.004166e-06,8.29583e-06,7.870825e-06,8.991663e-06,9.108328e-06,8.470829e-06,6.591662e-06,8.633328e-06,8.387494e-06
2,11,53.536,0.81,3.845827e-06,2.558327e-06,2.445825e-06,8.474994e-06,3.962493e-06,9.224995e-06,9.266662e-06,6.908329e-06,8.233333e-06,7.866661e-06,8.899999e-06,9.058333e-06,8.45e-06,6.504162e-06,8.57083e-06,8.329161e-06
2,12,53.695,0.82,3.820833e-06,2.59583e-06,2.441661e-06,8.379166e-06,3.908332e-06,9.208329e-06,9.24166e-06,6.829158e-06,8.224996e-06,7.779161e-06,8.84583e-06,9.004164e-06,8.399995e-06,6.47916e-06,8.5375e-06,8.274992e-06
2,13,53.855,0.83,3.812496e-06,2.587493e-06,2.487493e-06,8.241662e-06,3.870829e-06,9.14166e-06,9.191665e-06,6.774998e-06,8.099993e-06,7.720828e-06,8.749994e-06,8.920829e-06,8.320832e-06,6.324999e-06,8.462493e-06,8.220832e-06
2,14,54.015,0.84,3.79583e-06,2.654163e-06,2.495829e-06,8.254163e-06,3.866664e-06,9.087499e-06,9.179163e-06,6.658332e-06,8.104165e-06,7.666659e-06,8.704162e-06,8.891662e-06,8.249998e-06,6.304161e-06,8.358327e-06,8.145825e-06
2,15,54.175,0.85,3.79583e-06,2.658328e-06,2.520831e-06,8.154162e-06,3.874993e-06,8.983326e-06,9.083326e-06,6.595826e-06,8.049997e-06,7.599997e-06,8.59166e-06,8.837494e-06,8.204166e-06,6.212497e-06,8.31666e-06,8.120831e-06
2,16,54.335,0.86,3.774993e-06,2.674993e-06,2.558327e-06,8.083328e-06,3.862492e-06,8.954159e-06,9.091664e-06,6.520828e-06,7.949996e-06,7.57916e-06,8.529162e-06,8.762495e-06,8.141661e-06,6.108331e-06,8.249998e-06,8.054161e-06
2,17,54.494,0.87,3.749998e-06,2.699995e-06,2.574992e-06,7.999993e-06,3.829161e-06,8.891662e-06,9.008329e-06,6.416662e-06,7.937495e-06,7.47083e-06,8.429161e-06,8.670831e-06,8.033331e-06,6.029161e-06,8.19583e-06,7.995828e-06
2,18,54.654,0.88,3.758327e-06,2.704159e-06,2.583329e-06,7.879162e-06,3.804159e-06,8.787497e-06,8.937494e-06,6.345828e-06,7.845831e-06,7.399996e-06,8.333325e-06,8.487495e-06,7.987499e-06,5.92916e-06,8.12916e-06,7.887498e-06
2,19,54.814,0.89,3.71666e-06,2.749991e-06,2.574992e-06,7.816664e-06,3.779165e-06,8.724999e-06,8.891662e-06,6.224998e-06,7.779161e-06,7.316661e-06,8.241662e-06,8.554164e-06,7.879162e-06,5.829159e-06,8.012494e-06,7.83333e-06
2,20,54.974,0.9,3.683329e-06,2.758328e-06,2.629161e-06,7.674996e-06,3.745826e-06,8.649993e-06,8.841665e-06,6.187495e-06,7.687497e-06,7.266664e-06,8.174999e-06,8.466665e-06,7.808328e-06,5.712493e-06,7.912493e-06,7.774996e-06
2,21,55.134,0.91,3.616659e-06,2.791659e-06,2.658328e-06,7.595825e-06,3.766664e-06,8.541663e-06,8.791661e-06,6.087494e-06,7.612498e-06,7.166664e-06,8.04166e-06,8.399995e-06,7.724992e-06,5.612493e-06,7.816664e-06,7.591661e-06
2,22,55.293,0.92,3.683329e-06,2.720825e-06,2.570828e-06,7.487496e-06,3.687493e-06,8.470829e-06,8.691661e-06,5.983329e-06,7.533328e-06,6.991665e-06,7.962497e-06,8.283329e-06,7.608326e-06,5.470832e-06,7.695826e-06,7.583332e-06
2,23,55.453,0.93,3.674992e-06,2.812497e-06,2.687494e-06,7.345827e-06,3.69583e-06,8.366665e-06,8.633328e-06,5.891665e-06,7.433327e-06,6.966663e-06,7.795827e-06,8.199993e-06,7.524999e-06,5.354166e-06,7.624992e-06,7.47083e-06
2,24,55.613,0.94,3.666663e-06,2.845828e-06,2.695831e-06,7.233326e-06,3.708331e-06,8.279165e-06,8.59166e-06,5.770826e-06,7.341663e-06,6.804164e-06,7.74583e-06,8.087492e-06,7.387495e-06,5.224999e-06,7.458329e-06,7.383331e-06
2,25,55.773,0.95,3.670827e-06,2.862493e-06,2.737498e-06,7.108331e-06,3.704158e-06,8.187492e-06,8.445827e-06,5.691663e-06,7.224997e-06,6.770825e-06,7.620828e-06,7.987499e-06,7.291659e-06,5.049992e-06,7.333326e-06,7.245827e-06
2,26,55.933,0.96,3.641661e-06,2.87083e-06,2.724997e-06,6.974999e-06,3.612495e-06,8.037496e-06,8.45e-06,5.570825e-06,7.120832e-06,6.649995e-06,7.474995e-06,7.916665e-06,7.154163e-06,4.862499e-06,7.224997e-06,7.137497e-06
2,27,56.093,0.97,3.624996e-06,2.904161e-06,2.749991e-06,6.837495e-06,3.674992e-06,7.954161e-06,8.312496e-06,5.508327e-06,6.991665e-06,6.466659e-06,7.387495e-06,7.76666e-06,7.058326e-06,4.741661e-06,7.066663e-06,7.079164e-06
2,28,56.252,0.98,3.620831e-06,2.937492e-06,2.787495e-06,6.679161e-06,3.666663e-06,7.824993e-06,8.262499e-06,5.462496e-06,6.879163e-06,6.395833e-06,7.229161e-06,7.724992e-06,6.862497e-06,4.579163e-06,6.937496e-06,6.933331e-06
2,29,56.412,0.99,3.612495e-06,2.95833e-06,2.770829e-06,6.612492e-06,3.641661e-06,7.683333e-06,8.179164e-06,5.320827e-06,6.745831e-06,6.249992e-06,7.154163e-06,7.616663e-06,6.783327e-06,4.458332e-06,6.795828e-06,6.829158e-06
2,30,56.572,1.0,3.60833e-06,2.941664e-06,2.824998e-06,6.504162e-06,3.633332e-06,7.604162e-06,8.070827e-06,5.295825e-06,6.629165e-06,6.129162e-06,7.058326e-06,7.495833e-06,6.674997e-06,4.258331e-06,6.687498e-06,6.687498e-06
2,31,56.732,1.01,3.574999e-06,3.020827e-06,2.845828e-06,6.412498e-06,3.558326e-06,7.466666e-06,7.983327e-06,5.212498e-06,6.508326e-06,6.037497e-06,6.958326e-06,7.437499e-06,6.549994e-06,4.145829e-06,6.537493e-06,6.591662e-06
2,32,56.892,1.02,3.595829e-06,3.024999e-06,2.883331e-06,6.320826e-06,3.595829e-06,7.362493e-06,7.879162e-06,5.19166e-06,6.349993e-06,5.920831e-06,6.883327e-06,7.316661e-06,6.387496e-06,3.966665e-06,6.395833e-06,6.470831e-06
2,33,57.051,1.03,3.591665e-06,3.033328e-06,2.866665e-06,6.187495e-06,3.60833e-06,7.245827e-06,7.779161e-06,5.162493e-06,6.212497e-06,5.854161e-06,6.774998e-06,7.220833e-06,6.241663e-06,3.720832e-06,6.333327e-06,6.362494e-06
2,34,57.211,1.04,3.587492e-06,3.07916e-06,2.904161e-06,6.170829e-06,3.570827e-06,7.108331e-06,7.699999e-06,5.091659e-06,6.133326e-06,5.74166e-06,6.720829e-06,7.070827e-06,6.158328e-06,3.71666e-06,6.220826e-06,6.279159e-06
2,35,57.371,1.05,3.620831e-06,3.087497e-06,2.962494e-06,6.070828e-06,3.583328e-06,7.049998e-06,7.55833e-06,5.095832e-06,5.979165e-06,5.574997e-06,6.654159e-06,7.049998e-06,6.045826e-06,3.504165e-06,6.191659e-06,6.137498e-06
2,36,57.531,1.06,3.579164e-06,3.141666e-06,2.966658e-06,6.041662e-06,3.554161e-06,6.954161e-06,7.479159e-06,5.074994e-06,5.933332e-06,5.658333e-06,6.63333e-06,6.999993e-06,5.979165e-06,3.470826e-06,6.108331e-06,6.041662e-06
2,37,57.691,1.07,3.62916e-06,3.149994e-06,2.995825e-06,5.99583e-06,3.524995e-06,6.837495e-06,7.354164e-06,5.066665e-06,5.791664e-06,5.629166e-06,6.624993e-06,6.883327e-06,5.866663e-06,3.416665e-06,6.066664e-06,5.912495e-06
2,38,57.85,1.08,3.579164e-06,3.191662e-06,2.999997e-06,5.945826e-06,3.599993e-06,6.824994e-06,7.270829e-06,5.045827e-06,5.766662e-06,5.637495e-06,6.612492e-06,6.816666e-06,5.858326e-06,3.324993e-06,6.074993e-06,5.874999e-06
2,39,58.01,1.09,3.595829e-06,3.16666e-06,3.062495e-06,5.991666e-06,3.574999e-06,6.762496e-06,7.137497e-06,5.066665e-06,5.683327e-06,5.666661e-06,6.624993e-06,6.704164e-06,5.795829e-06,3.366661e-06,6.108331e-06,5.799993e-06
2,40,58.17,1.1,3.633332e-06,3.208327e-06,3.07916e-06,5.999994e-06,3.599993e-06,6.708328e-06,7.020831e-06,5.083331e-06,5.624994e-06,5.699992e-06,6.629165e-06,6.712492e-06,5.879164e-06,3.358332e-06,6.124997e-06,5.749996e-06
2,41,58.33,1.11,3.637497e-06,3.270833e-06,3.05833e-06,6.104159e-06,3.60833e-06,6.708328e-06,6.924995e-06,5.099996e-06,5.595827e-06,5.758325e-06,6.66666e-06,6.708328e-06,5.862498e-06,3.399992e-06,6.187495e-06,5.670825e-06
2,42,58.49,1.12,3.662499e-06,3.249995e-06,3.120828e-06,6.133326e-06,3.583328e-06,6.679161e-06,6.808329e-06,5.17083e-06,5.599999e-06,5.824995e-06,6.75416e-06,6.674997e-06,5.92916e-06,3.470826e-06,6.249992e-06,5.679162e-06
2,43,58.65,1.13,3.645825e-06,3.262496e-06,3.124992e-06,6.18333e-06,3.579164e-06,6.674997e-06,6.737494e-06,5.183331e-06,5.662497e-06,5.899994e-06,6.799992e-06,6.658332e-06,5.979165e-06,3.533332e-06,6.324999e-06,5.612493e-06
2,44,58.809,1.14,3.654162e-06,3.254159e-06,3.174996e-06,6.245828e-06,3.641661e-06,6.73333e-06,6.645831e-06,5.249993e-06,5.679162e-06,5.999994e-06,6.874998e-06,6.604163e-06,6.066664e-06,3.654162e-06,6.416662e-06,5.724994e-06
2,45,58.969,1.15,3.708331e-06,3.374998e-06,3.224993e-06,6.370831e-06,3.69583e-06,6.774998e-06,6.574996e-06,5.312499e-06,5.712493e-06,6.108331e-06,6.983328e-06,6.729166e-06,6.162492e-06,3.745826e-06,6.554159e-06,5.754161e-06
2,46,59.129,1.16,3.724996e-06,3.404164e-06,3.220828e-06,6.487497e-06,3.662499e-06,6.816666e-06,6.54583e-06,5.341665e-06,5.845833e-06,6.187495e-06,7.108331e-06,6.770825e-06,6.274994e-06,3.88333e-06,6.649995e-06,5.84166e-06
2,47,59.289,1.17,3.754163e-06,3.433331e-06,3.262496e-06,6.616664e-06,3.737497e-06,6.924995e-06,6.537493e-06,5.458331e-06,5.966663e-06,6.362494e-06,7.220833e-06,6.808329e-06,6.454166e-06,4.049993e-06,6.854161e-06,5.941661e-06
2,48,59.449,1.18,3.79583e-06,3.429159e-06,3.233329e-06,6.662496e-06,3.770828e-06,6.991665e-06,6.612492e-06,5.574997e-06,6.083329e-06,6.508326e-06,7.337499e-06,6.862497e-06,6.587497e-06,4.191661e-06,6.979164e-06,6.066664e-06
2,49,59.608,1.19,3.849999e-06,3.479163e-06,3.324993e-06,6.874998e-06,3.804159e-06,7.133333e-06,6.645831e-06,5.691663e-06,6.249992e-06,6.63333e-06,7.516662e-06,6.999993e-06,6.745831e-06,4.362496e-06,7.145826e-06,6.254164e-06
2,50,59.768,1.2,3.895831e-06,3.533332e-06,3.358332e-06,6.945832e-06,3.879165e-06,7.249999e-06,6.749995e-06,5.791664e-06,6.370831e-06,6.791663e-06,7.566658e-06,7.187494e-06,6.945832e-06,4.499992e-06,7.320825e-06,6.429163e-06
2,51,59.928,1.21,3.97083e-06,3.545833e-06,3.349996e-06,7.133333e-06,3.908332e-06,7.354164e-06,6.862497e-06,5.866663e-06,6.54583e-06,6.937496e-06,7.837494e-06,7.316661e-06,7.074992e-06,4.70833e-06,7.462494e-06,6.570832e-06
2,52,60.088,1.22,3.999996e-06,3.566662e-06,3.42083e-06,7.28333e-06,3.987495e-06,7.570831e-06,7.00833e-06,6.058327e-06,6.699999e-06,7.099994e-06,8.008329e-06,7.458329e-06,7.266664e-06,4.837497e-06,7.670832e-06,6.749995e-06
2,53,60.248,1.23,4.070831e-06,3.616659e-06,3.399992e-06,7.462494e-06,4.020826e-06,7.574995e-06,7.229161e-06,6.129162e-06,6.862497e-06,7.21666e-06,8.141661e-06,7.637493e-06,7.391659e-06,5.012496e-06,7.758331e-06,6.8875e-06
2,54,60.408,1.24,4.120827e-06,3.620831e-06,3.374998e-06,7.554166e-06,4.116662e-06,7.874997e-06,7.366665e-06,6.287495e-06,7.02916e-06,7.291659e-06,8.354164e-06,7.770833e-06,7.566658e-06,5.208326e-06,7.949996e-06,7.099994e-06
2,55,60.567,1.25,4.149993e-06,3.649998e-06,3.495828e-06,7.724992e-06,4.191661e-06,7.999993e-06,7.604162e-06,6.420827e-06,7.183329e-06,7.512498e-06,8.50416e-06,8.02083e-06,7.770833e-06,5.349994e-06,8.083328e-06,7.241662e-06
2,56,60.727,1.26,4.241665e-06,3.708331e-06,3.504165e-06,7.974998e-06,4.216663e-06,8.170828e-06,7.787497e-06,6.54583e-06,7.345827e-06,7.566658e-06,8.729164e-06,8.224996e-06,7.904164e-06,5.55416e-06,8.262499e-06,7.433327e-06
2,57,60.887,1.27,4.324992e-06,3.737497e-06,3.524995e-06,8.112494e-06,4.283325e-06,8.370828e-06,7.974998e-06,6.683326e-06,7.399996e-06,7.787497e-06,8.891662e-06,8.337498e-06,8.062498e-06,5.695828e-06,8.408332e-06,7.587496e-06
2,58,61.047,1.28,4.36666e-06,3.79583e-06,3.566662e-06,8.312496e-06,4.404164e-06,8.512497e-06,8.220832e-06,6.866662e-06,7.599997e-06,7.858332e-06,9.058333e-06,8.562493e-06,8.199993e-06,5.824995e-06,8.554164e-06,7.708327e-06
2,59,61.207,1.29,4.424993e-06,3.812496e-06,3.616659e-06,8.48333e-06,4.458332e-06,8.724999e-06,8.433326e-06,7.024995e-06,7.758331e-06,7.991664e-06,9.233332e-06,8.737493e-06,8.299994e-06,5.979165e-06,8.674995e-06,7.883326e-06
2,60,61.366,1.3,4.499992e-06,3.841662e-06,3.641661e-06,8.595832e-06,4.549996e-06,8.841665e-06,8.579159e-06,7.137497e-06,7.895827e-06,8.124995e-06,9.341661e-06,8.954159e-06,8.479166e-06,6.112496e-06,8.804162e-06,8.016666e-06
2,61,61.526,1.31,4.587499e-06,3.866664e-06,3.683329e-06,8.783332e-06,4.604165e-06,9.008329e-06,8.741665e-06,7.274993e-06,7.987499e-06,8.220832e-06,9.520832e-06,9.070825e-06,8.59166e-06,6.266665e-06,8.895826e-06,8.154162e-06
2,62,61.686,1.32,4.691664e-06,3.924998e-06,3.724996e-06,8.929165e-06,4.720831e-06,9.191665e-06,8.937494e-06,7.437499e-06,8.087492e-06,8.362492e-06,9.662493e-06,9.279163e-06,8.733328e-06,6.362494e-06,9.029166e-06,8.274992e-06
2,63,61.846,1.33,4.724996e-06,3.958329e-06,3.699994e-06,9.099992e-06,4.779164e-06,9.341661e-06,9.108328e-06,7.562494e-06,8.237497e-06,8.474994e-06,9.824999e-06,9.445826e-06,8.804162e-06,6.499998e-06,9.116666e-06,8.370828e-06
2,64,62.006,1.34,4.837497e-06,4.008325e-06,3.783329e-06,9.212494e-06,4.816659e-06,9.529162e-06,9.262498e-06,7.7125e-06,8.308331e-06,8.520826e-06,9.962495e-06,9.591659e-06,8.899999e-06,6.620828e-06,9.224995e-06,8.533327e-06
2,65,62.165,1.35,4.887494e-06,4.037492e-06,3.766664e-06,9.279163e-06,4.933325e-06,9.608332e-06,9.412495e-06,7.829165e-06,8.429161e-06,8.641664e-06,1.0070833e-05,9.720826e-06,9.037494e-06,6.729166e-06,9.374992e-06,8.616662e-06
2,66,62.325,1.36,4.962492e-06,4.083332e-06,3.845827e-06,9.524997e-06,4.966664e-06,9.820827e-06,9.566665e-06,7.974998e-06,8.566665e-06,8.729164e-06,1.0233331e-05,9.841665e-06,9.154161e-06,6.841659e-06,9.454163e-06,8.729164e-06
2,67,62.485,1.37,4.98333e-06,4.095833e-06,3.899996e-06,9.562493e-06,5.033326e-06,9.95833e-06,9.691659e-06,8.099993e-06,8.654165e-06,8.820828e-06,1.0324995e-05,9.999999e-06,9.266662e-06,6.94166e-06,9.529162e-06,8.879161e-06
2,68,62.645,1.38,5.10416e-06,4.137492e-06,3.945827e-06,9.795833e-06,5.162493e-06,1.0074997e-05,9.891661e-06,8.233333e-06,8.754166e-06,8.920829e-06,1.0479164e-05,1.015416e-05,9.333332e-06,7.070827e-06,9.695832e-06,8.949995e-06
2,69,62.805,1.39,5.204161e-06,4.183332e-06,3.954164e-06,9.883332e-06,5.220827e-06,1.0166661e-05,9.987497e-06,8.362492e-06,8.84583e-06,9.02083e-06,1.0608332e-05,1.0245832e-05,9.487494e-06,7.19583e-06,9.749992e-06,9.099992e-06
2,70,62.965,1.4,5.249993e-06,4.24583e-06,4.054165e-06,1.0029165e-05,5.329164e-06,1.0387492e-05,1.0149995e-05,8.50416e-06,8.954159e-06,9.145832e-06,1.0658327e-05,1.0395829e-05,9.554164e-06,7.291659e-06,9.849993e-06,9.170826e-06
2,71,63.124,1.41,5.37916e-06,4.208326e-06,4.095833e-06,1.0174997e-05,5.370831e-06,1.0516659e-05,1.0254161e-05,8.629163e-06,9.016665e-06,9.179163e-06,1.0833327e-05,1.0516659e-05,9.599996e-06,7.391659e-06,9.945829e-06,9.32916e-06
2,72,63.284,1.42,5.44583e-06,4.333329e-06,4.137492e-06,1.0283327e-05,5.474997e-06,1.0629161e-05,1.0395829e-05,8.774996e-06,9.079162e-06,9.299994e-06,1.0854164e-05,1.0654163e-05,9.770831e-06,7.479159e-06,1.0037494e-05,9.379164e-06
2,73,63.444,1.43,5.483325e-06,4.387498e-06,4.137492e-06,1.0391665e-05,5.537494e-06,1.0712496e-05,1.049583e-05,8.820828e-06,9.199993e-06,9.399994e-06,1.1058331e-05,1.0774994e-05,9.854166e-06,7.570831e-06,1.0129165e-05,9.49583e-06
2,74,63.604,1.44,5.591663e-06,4.416665e-06,4.195825e-06,1.0462499e-05,5.612493e-06,1.0866665e-05,1.0520832e-05,8.987498e-06,9.283328e-06,9.462499e-06,1.1187498e-05,1.0845828e-05,9.924992e-06,7.637493e-06,1.0216665e-05,9.499995e-06
2,75,63.764,1.45,5.662497e-06,4.462496e-06,4.212499e-06,1.0558327e-05,5.708329e-06,1.0924999e-05,1.0729162e-05,9.070825e-06,9.349998e-06,9.499995e-06,1.1249996e-05,1.0987496e-05,1.00125e-05,7.720828e-06,1.024166e-05,9.562493e-06
2,76,63.923,1.46,5.708329e-06,4.479162e-06,4.283325e-06,1.0695831e-05,5.774998e-06,1.1041665e-05,1.0795831e-05,9.170826e-06,9.399994e-06,9.591659e-06,1.1366661e-05,1.1054166e-05,1.006666e-05,7.837494e-06,1.0333331e-05,9.762493e-06
2,77,64.083,1.47,5.787492e-06,4.53333e-06,4.308327e-06,1.0812497e-05,5.854161e-06,1.1120828e-05,1.0954165e-05,9.324996e-06,9.458327e-06,9.691659e-06,1.1429159e-05,1.1112499e-05,1.0174997e-05,7.929166e-06,1.0429159e-05,9.783332e-06
2,78,64.243,1.48,5.84166e-06,4.545832e-06,4.316664e-06,1.0912498e-05,5.912495e-06,1.1254159e-05,1.1029164e-05,9.366663e-06,9.579166e-06,9.654164e-06,1.152083e-05,1.1295827e-05,1.0224994e-05,8.016666e-06,1.0483329e-05,9.874995e-06
2,79,64.403,1.49,5.974992e-06,4.629159e-06,4.420829e-06,1.106666e-05,5.987493e-06,1.1374998e-05,1.1079161e-05,9.458327e-06,9.629162e-06,9.829164e-06,1.1620831e-05,1.1412493e-05,1.0354162e-05,8.104165e-06,1.058333e-05,9.97916e-06
2,80,64.563,1.5,6.033325e-06,4.670826e-06,4.424993e-06,1.1099998e-05,6.058327e-06,1.1387499e-05,1.1262497e-05,9.620825e-06,9.716662e-06,9.87916e-06,1.1712496e-05,1.1495828e-05,1.0345832e-05,8.170828e-06,1.0629161e-05,1.0074997e-05
2,81,64.723,1.49,5.724994e-06,4.54166e-06,4.333329e-06,1.0970831e-05,5.945826e-06,1.1349996e-05,1.1095826e-05,9.462499e-06,9.599996e-06,9.795833e-06,1.1579164e-05,1.1349996e-05,1.0341661e-05,8.012494e-06,1.0566664e-05,9.991661e-06
2,82,64.882,1.48,5.624994e-06,4.483326e-06,4.262495e-06,1.0820826e-05,5.883328e-06,1.1195826e-05,1.1008327e-05,9.345826e-06,9.487494e-06,9.729163e-06,1.1491664e-05,1.1229165e-05,1.015416e-05,7.970826e-06,1.0466663e-05,9.87916e-06
2,83,65.042,1.47,5.587498e-06,4.424993e-06,4.199997e-06,1.0737499e-05,5.783327e-06,1.1108327e-05,1.0899997e-05,9.208329e-06,9.433325e-06,9.558328e-06,1.1404165e-05,1.114583e-05,1.0091662e-05,7.891663e-06,1.0341661e-05,9.783332e-06
2,84,65.202,1.46,5.487498e-06,4.358331e-06,4.145829e-06,1.0595831e-05,5.683327e-06,1.0966659e-05,1.0745827e-05,9.112493e-06,9.341661e-06,9.516661e-06,1.1279162e-05,1.0987496e-05,1.0041666e-05,7.76666e-06,1.0291664e-05,9.687496e-06
2,85,65.362,1.45,5.337492e-06,4.312499e-06,4.083332e-06,1.0479164e-05,5.570825e-06,1.0841663e-05,1.0654163e-05,8.987498e-06,9.262498e-06,9.441662e-06,1.1170832e-05,1.0933328e-05,9.870831e-06,7.67916e-06,1.0141659e-05,9.595831e-06
2,86,65.522,1.44,5.337492e-06,4.24583e-06,3.995832e-06,1.0337496e-05,5.454159e-06,1.0774994e-05,1.0533333e-05,8.887498e-06,9.145832e-06,9.358327e-06,1.1099998e-05,1.0787495e-05,9.816663e-06,7.524999e-06,1.0124993e-05,9.529162e-06
2,87,65.681,1.43,5.229163e-06,4.216663e-06,4.020826e-06,1.0195828e-05,5.433329e-06,1.058333e-05,1.0370827e-05,8.729164e-06,9.037494e-06,9.266662e-06,1.0941664e-05,1.0649999e-05,9.729163e-06,7.495833e-06,1.0037494e-05,9.374992e-06
2,88,65.841,1.42,5.199997e-06,4.170831e-06,3.949992e-06,1.0166661e-05,5.329164e-06,1.0516659e-05,1.0295828e-05,8.637492e-06,8.954159e-06,9.137495e-06,1.0866665e-05,1.0537497e-05,9.645828e-06,7.408333e-06,9.937493e-06,9.312495e-06
2,89,66.001,1.41,5.095832e-06,4.116662e-06,3.924998e-06,1.004583e-05,5.283332e-06,1.0345832e-05,1.0162496e-05,8.524998e-06,8.891662e-06,9.104165e-06,1.0737499e-05,1.0445825e-05,9.545827e-06,7.274993e-06,9.837492e-06,9.187492e-06
2,90,66.161,1.4,4.995831e-06,4.120827e-06,3.849999e-06,9.908326e-06,5.166666e-06,1.024166e-05,1.0033329e-05,8.383329e-06,8.795826e-06,8.995827e-06,1.0608332e-05,1.0358325e-05,9.420832e-06,7.199995e-06,9.729163e-06,9.066661e-06
2,91,66.321,1.39,4.945827e-06,4.037492e-06,3.862492e-06,9.774994e-06,5.108333e-06,1.0149995e-05,9.916663e-06,8.299994e-06,8.704162e-06,8.924992e-06,1.0570828e-05,1.0191663e-05,9.374992e-06,7.049998e-06,9.662493e-06,8.96666e-06
2,92,66.48,1.38,4.862499e-06,4.008325e-06,3.79583e-06,9.637499e-06,5.066665e-06,1.00125e-05,9.766666e-06,8.141661e-06,8.604161e-06,8.824993e-06,1.0387492e-05,1.0108328e-05,9.237496e-06,6.8875e-06,9.566665e-06,8.837494e-06
2,93,66.64,1.37,4.804158e-06,3.945827e-06,3.749998e-06,9.508331e-06,4.933325e-06,9.849993e-06,9.624998e-06,7.999993e-06,8.479166e-06,8.704162e-06,1.0308329e-05,9.966659e-06,9.129159e-06,6.837495e-06,9.437497e-06,8.745829e-06
2,94,66.8,1.36,4.720831e-06,3.995832e-06,3.724996e-06,9.341661e-06,4.899995e-06,9.724999e-06,9.466664e-06,7.866661e-06,8.333325e-06,8.641664e-06,1.0174997e-05,9.841665e-06,9.008329e-06,6.712492e-06,9.345826e-06,8.633328e-06
2,95,66.96,1.35,4.629159e-06,3.924998e-06,3.729161e-06,9.262498e-06,4.783328e-06,9.541663e-06,9.291664e-06,7.641665e-06,8.287493e-06,8.508333e-06,1.0016664e-05,9.674995e-06,8.879161e-06,6.599998e-06,9.249997e-06,8.495832e-06
2,96,67.12,1.34,4.64166e-06,3.837498e-06,3.649998e-06,9.091664e-06,4.720831e-06,9.441662e-06,9.183327e-06,7.587496e-06,8.162498e-06,8.429161e-06,9.916663e-06,9.487494e-06,8.799998e-06,6.462495e-06,9.099992e-06,8.366665e-06
2,97,67.28,1.33,4.516665e-06,3.841662e-06,3.641661e-06,8.945831e-06,4.637496e-06,9.237496e-06,8.991663e-06,7.374994e-06,8.016666e-06,8.312496e-06,9.766666e-06,9.374992e-06,8.649993e-06,6.320826e-06,8.979162e-06,8.216659e-06
2,98,67.439,1.32,4.483326e-06,3.749998e-06,3.599993e-06,8.820828e-06,4.570826e-06,9.074998e-06,8.820828e-06,7.333326e-06,7.883326e-06,8.145825e-06,9.60416e-06,9.133331e-06,8.541663e-06,6.199996e-06,8.874997e-06,8.083328e-06
2,99,67.599,1.31,4.36666e-06,3.754163e-06,3.60833e-06,8.633328e-06,4.520829e-06,8.895826e-06,8.612497e-06,7.174993e-06,7.741666e-06,8.024995e-06,9.412495e-06,9.049996e-06,8.374993e-06,6.029161e-06,8.724999e-06,7.895827e-06
2,100,67.759,1.3,4.333329e-06,3.749998e-06,3.554161e-06,8.48333e-06,4.36666e-06,8.729164e-06,8.445827e-06,7.004166e-06,7.637493e-06,7.937495e-06,9.320831e-06,8.849995e-06,8.216659e-06,5.899994e-06,8.599996e-06,7.791662e-06
2,101,67.919,1.29,4.283325e-06,3.683329e-06,3.54166e-06,8.283329e-06,4.354159e-06,8.57083e-06,8.191665e-06,6.8875e-06,7.474995e-06,7.799999e-06,9.14166e-06,8.683332e-06,8.087492e-06,5.745832e-06,8.474994e-06,7.595825e-06
2,102,68.079,1.28,4.195825e-06,3.674992e-06,3.487492e-06,8.095829e-06,4.287497e-06,8.354164e-06,8.054161e-06,6.704164e-06,7.299996e-06,7.633328e-06,8.954159e-06,8.516661e-06,7.920829e-06,5.566661e-06,8.291666e-06,7.408333e-06
2,103,68.238,1.27,4.170831e-06,3.654162e-06,3.433331e-06,7.983327e-06,4.224992e-06,8.220832e-06,7.816664e-06,6.612492e-06,7.124996e-06,7.512498e-06,8.816663e-06,8.31666e-06,7.779161e-06,5.329164e-06,8.12916e-06,7.299996e-06
2,104,68.398,1.26,4.099997e-06,3.620831e-06,3.454161e-06,7.749994e-06,4.141665e-06,7.970826e-06,7.620828e-06,6.454166e-06,6.974999e-06,7.349992e-06,8.583331e-06,8.074999e-06,7.595825e-06,5.199997e-06,7.970826e-06,7.058326e-06
2,105,68.558,1.25,4.024998e-06,3.604166e-06,3.391663e-06,7.620828e-06,4.079159e-06,7.874997e-06,7.316661e-06,6.29166e-06,6.808329e-06,7.133333e-06,8.408332e-06,7.93333e-06,7.399996e-06,5.024997e-06,7.799999e-06,6.891664e-06
2,106,68.718,1.24,3.97083e-06,3.570827e-06,3.399992e-06,7.408333e-06,4.012497e-06,7.67916e-06,7.170828e-06,6.145827e-06,6.641666e-06,7.020831e-06,8.245825e-06,7.699999e-06,7.249999e-06,4.779164e-06,7.649994e-06,6.695827e-06
2,107,68.878,1.23,3.899996e-06,3.558326e-06,3.337494e-06,7.212496e-06,3.945827e-06,7.395832e-06,7.016659e-06,6.008331e-06,6.470831e-06,6.879163e-06,8.004165e-06,7.533328e-06,7.012494e-06,4.645832e-06,7.441664e-06,6.504162e-06
2,108,69.037,1.22,3.854163e-06,3.524995e-06,3.362497e-06,7.037497e-06,3.879165e-06,7.333326e-06,6.870826e-06,5.916659e-06,6.274994e-06,6.724993e-06,7.891663e-06,7.337499e-06,6.8875e-06,4.362496e-06,7.158327e-06,6.349993e-06
2,109,69.197,1.21,3.824997e-06,3.479163e-06,3.312492e-06,6.891664e-06,3.891659e-06,7.187494e-06,6.724993e-06,5.737495e-06,6.154164e-06,6.54583e-06,7.662495e-06,7.145826e-06,6.708328e-06,4.233329e-06,7.099994e-06,6.170829e-06
2,110,69.357,1.2,3.804159e-06,3.479163e-06,3.312492e-06,6.812493e-06,3.849999e-06,7.091665e-06,6.649995e-06,5.65416e-06,6.01666e-06,6.341664e-06,7.541664e-06,7.062499e-06,6.529164e-06,4.087496e-06,6.908329e-06,6.054163e-06
2,111,69.517,1.19,3.758327e-06,3.458325e-06,3.245831e-06,6.612492e-06,3.779165e-06,6.933331e-06,6.616664e-06,5.55416e-06,5.858326e-06,6.312498e-06,7.316661e-06,6.949997e-06,6.395833e-06,3.88333e-06,6.770825e-06,5.954162e-06
2,112,69.677,1.18,3.704158e-06,3.412493e-06,3.245831e-06,6.516663e-06,3.737497e-06,6.770825e-06,6.66666e-06,5.44583e-06,5.804165e-06,6.174993e-06,7.19583e-06,6.874998e-06,6.245828e-06,3.758327e-06,6.56666e-06,5.833332e-06
2,113,69.837,1.17,3.712495e-06,3.404164e-06,3.233329e-06,6.39166e-06,3.699994e-06,6.837495e-06,6.691662e-06,5.370831e-06,5.758325e-06,6.083329e-06,7.112495e-06,6.749995e-06,6.149999e-06,3.62916e-06,6.524992e-06,5.84166e-06
2,114,69.996,1.16,3.658326e-06,3.404164e-06,3.149994e-06,6.283331e-06,3.712495e-06,6.774998e-06,6.799992e-06,5.324991e-06,5.745832e-06,5.954162e-06,6.987492e-06,6.791663e-06,6.079165e-06,3.533332e-06,6.39166e-06,5.804165e-06
2,115,70.156,1.15,3.645825e-06,3.337494e-06,3.158331e-06,6.237499e-06,3.691665e-06,6.808329e-06,6.908329e-06,5.27916e-06,5.716666e-06,5.883328e-06,6.916666e-06,6.770825e-06,6.012495e-06,3.479163e-06,6.345828e-06,5.854161e-06
2,116,70.316,1.14,3.637497e-06,3.316665e-06,3.120828e-06,6.170829e-06,3.679164e-06,6.787499e-06,7.00833e-06,5.199997e-06,5.666661e-06,5.84166e-06,6.837495e-06,6.799992e-06,5.983329e-06,3.395828e-06,6.279159e-06,5.895829e-06
2,117,70.476,1.13,3.662499e-06,3.341659e-06,3.129164e-06,6.091658e-06,3.662499e-06,6.804164e-06,7.145826e-06,5.174994e-06,5.795829e-06,5.795829e-06,6.770825e-06,6.854161e-06,6.008331e-06,3.412493e-06,6.216661e-06,5.970828e-06
2,118,70.636,1.12,3.69583e-06,3.287498e-06,3.104162e-06,6.120833e-06,3.712495e-06,6.899993e-06,7.287495e-06,5.216662e-06,5.879164e-06,5.791664e-06,6.779162e-06,6.92083e-06,6.070828e-06,3.416665e-06,6.233327e-06,6.045826e-06
2,119,70.795,1.11,3.604166e-06,3.262496e-06,3.083332e-06,6.087494e-06,3.724996e-06,6.954161e-06,7.445828e-06,5.17083e-06,5.979165e-06,5.779163e-06,6.741659e-06,6.991665e-06,6.062492e-06,3.479163e-06,6.237499e-06,6.154164e-06
2,120,70.955,1.1,3.708331e-06,3.254159e-06,3.066659e-06,6.141663e-06,3.69583e-06,7.074992e-06,7.599997e-06,5.224999e-06,6.066664e-06,5.795829e-06,6.779162e-06,7.087493e-06,6.179166e-06,3.562498e-06,6.274994e-06,6.283331e-06
2,121,71.115,1.09,3.658326e-06,3.229165e-06,3.070831e-06,6.199996e-06,3.766664e-06,7.187494e-06,7.762495e-06,5.237492e-06,6.158328e-06,5.799993e-06,6.804164e-06,7.179165e-06,6.258329e-06,3.60833e-06,6.374995e-06,6.383332e-06
2,122,71.275,1.08,3.687493e-06,3.199998e-06,3.012498e-06,6.283331e-06,3.71666e-06,7.316661e-06,7.887498e-06,5.270831e-06,6.320826e-06,5.941661e-06,6.874998e-06,7.316661e-06,6.395833e-06,3.783329e-06,6.408326e-06,6.504162e-06
2,123,71.435,1.07,3.704158e-06,3.154159e-06,2.99166e-06,6.383332e-06,3.745826e-06,7.449993e-06,7.991664e-06,5.35833e-06,6.424999e-06,6.058327e-06,6.954161e-06,7.408333e-06,6.516663e-06,3.895831e-06,6.499998e-06,6.570832e-06
2,124,71.594,1.06,3.645825e-06,3.162495e-06,2.970831e-06,6.537493e-06,3.770828e-06,7.570831e-06,8.112494e-06,5.395826e-06,6.56666e-06,6.145827e-06,7.066663e-06,7.541664e-06,6.562495e-06,4.112498e-06,6.641666e-06,6.687498e-06
2,125,71.754,1.05,3.733325e-06,3.108327e-06,2.962494e-06,6.604163e-06,3.779165e-06,7.716663e-06,8.22916e-06,5.458331e-06,6.712492e-06,6.195831e-06,7.141662e-06,7.620828e-06,6.774998e-06,4.233329e-06,6.749995e-06,6.824994e-06
2,126,71.914,1.04,3.670827e-06,3.095826e-06,2.929163e-06,6.770825e-06,3.799995e-06,7.841659e-06,8.337498e-06,5.516664e-06,6.849996e-06,6.379159e-06,7.308332e-06,7.783326e-06,6.912494e-06,4.412492e-06,6.883327e-06,6.904165e-06
2,127,72.074,1.03,3.741662e-06,3.083332e-06,2.908325e-06,6.916666e-06,3.79583e-06,7.979163e-06,8.420833e-06,5.624994e-06,6.958326e-06,6.47916e-06,7.449993e-06,7.908328e-06,7.012494e-06,4.599992e-06,6.999993e-06,7.054162e-06
2,128,72.234,1.02,3.758327e-06,3.024999e-06,2.887495e-06,7.024995e-06,3.808331e-06,8.10833e-06,8.533327e-06,5.72083e-06,7.020831e-06,6.595826e-06,7.545829e-06,7.958332e-06,7.124996e-06,4.720831e-06,7.149999e-06,7.129161e-06
2,129,72.394,1.01,3.745826e-06,3.041665e-06,2.808333e-06,7.170828e-06,3.81666e-06,8.216659e-06,8.641664e-06,5.795829e-06,7.170828e-06,6.724993e-06,7.683333e-06,8.120831e-06,7.237498e-06,4.91666e-06,7.295831e-06,7.262492e-06
2,130,72.553,1.0,3.766664e-06,2.987496e-06,2.879159e-06,7.308332e-06,3.849999e-06,8.374993e-06,8.716663e-06,5.899994e-06,7.308332e-06,6.849996e-06,7.841659e-06,8.208331e-06,7.383331e-06,5.062493e-06,7.420826e-06,7.349992e-06
2,131,72.713,0.99,3.745826e-06,2.95833e-06,2.812497e-06,7.416661e-06,3.899996e-06,8.437499e-06,8.820828e-06,5.962499e-06,7.387495e-06,6.966663e-06,7.974998e-06,8.370828e-06,7.508326e-06,5.183331e-06,7.55833e-06,7.437499e-06
2,132,72.873,0.98,3.81666e-06,2.954165e-06,2.80416e-06,7.545829e-06,3.870829e-06,8.574994e-06,8.904163e-06,6.099995e-06,7.483332e-06,7.016659e-06,8.070827e-06,8.445827e-06,7.616663e-06,5.308326e-06,7.629164e-06,7.554166e-06
2,133,73.033,0.97,3.81666e-06,2.929163e-06,2.791659e-06,7.670832e-06,3.912497e-06,8.65833e-06,8.954159e-06,6.158328e-06,7.529163e-06,7.137497e-06,8.19583e-06,8.491659e-06,7.695826e-06,5.449994e-06,7.74583e-06,7.633328e-06
2,134,73.193,0.96,3.79583e-06,2.933327e-06,2.749991e-06,7.741666e-06,3.874993e-06,8.729164e-06,9.037494e-06,6.254164e-06,7.670832e-06,7.241662e-06,8.320832e-06,8.583331e-06,7.774996e-06,5.545831e-06,7.870825e-06,7.716663e-06
2,135,73.352,0.95,3.837498e-06,2.874994e-06,2.712496e-06,7.904164e-06,3.912497e-06,8.820828e-06,9.066661e-06,6.354165e-06,7.741666e-06,7.320825e-06,8.429161e-06,8.699997e-06,7.862496e-06,5.558332e-06,7.991664e-06,7.812492e-06
2,136,73.512,0.94,3.81666e-06,2.841663e-06,2.699995e-06,7.979163e-06,3.958329e-06,8.899999e-06,9.137495e-06,6.466659e-06,7.791662e-06,7.395832e-06,8.429161e-06,8.774996e-06,7.945831e-06,5.816658e-06,8.079163e-06,7.862496e-06
2,137,73.672,0.93,3.845827e-06,2.841663e-06,2.670829e-06,8.074999e-06,3.941663e-06,8.999999e-06,9.191665e-06,6.54583e-06,7.887498e-06,7.437499e-06,8.583331e-06,8.837494e-06,8.016666e-06,5.895829e-06,8.120831e-06,7.949996e-06
2,138,73.832,0.92,3.849999e-06,2.824998e-06,2.704159e-06,8.133332e-06,3.974994e-06,9.029166e-06,9.224995e-06,6.658332e-06,7.937495e-06,7.549993e-06,8.645829e-06,8.891662e-06,8.116658e-06,5.962499e-06,8.224996e-06,8.02083e-06
2,139,73.992,0.91,3.879165e-06,2.816661e-06,2.641662e-06,8.224996e-06,3.983331e-06,9.058333e-06,9.295829e-06,6.699999e-06,8.02083e-06,7.562494e-06,8.770831e-06,8.974997e-06,8.158326e-06,6.091658e-06,8.266664e-06,8.033331e-06
2,140,74.152,0.9,3.899996e-06,2.770829e-06,2.629161e-06,8.308331e-06,3.987495e-06,9.145832e-06,9.30833e-06,6.758332e-06,8.029159e-06,7.658331e-06,8.820828e-06,9.016665e-06,8.224996e-06,6.133326e-06,8.354164e-06,8.137496e-06
2,141,74.311,0.89,3.858328e-06,2.766665e-06,2.59583e-06,8.387494e-06,4.020826e-06,9.212494e-06,9.391665e-06,6.837495e-06,8.10833e-06,7.716663e-06,8.895826e-06,9.02083e-06,8.29583e-06,6.229162e-06,8.420833e-06,8.166663e-06
2,142,74.471,0.88,3.90416e-06,2.712496e-06,2.587493e-06,8.458328e-06,4.041664e-06,9.279163e-06,9.366663e-06,6.883327e-06,8.170828e-06,7.733329e-06,8.970833e-06,9.108328e-06,8.354164e-06,6.279159e-06,8.479166e-06,8.241662e-06
2,143,74.631,0.87,3.899996e-06,2.712496e-06,2.549998e-06,8.487495e-06,4.045828e-06,9.291664e-06,9.41666e-06,6.962498e-06,8.199993e-06,7.820829e-06,9.016665e-06,9.195828e-06,8.366665e-06,6.354165e-06,8.5375e-06,8.283329e-06
2,144,74.791,0.86,3.90416e-06,2.687494e-06,2.545826e-06,8.562493e-06,3.995832e-06,9.287493e-06,9.449998e-06,6.991665e-06,8.266664e-06,7.820829e-06,9.05416e-06,9.212494e-06,8.437499e-06,6.45833e-06,8.583331e-06,8.324997e-06
2,145,74.951,0.85,3.895831e-06,2.612495e-06,2.483328e-06,8.574994e-06,4.045828e-06,9.391665e-06,9.458327e-06,7.066663e-06,8.249998e-06,7.887498e-06,9.087499e-06,9.245833e-06,8.462493e-06,6.45833e-06,8.604161e-06,8.379166e-06
2,146,75.11,0.84,3.887495e-06,2.633325e-06,2.449997e-06,8.649993e-06,4.066666e-06,9.391665e-06,9.483329e-06,7.083328e-06,8.29583e-06,7.883326e-06,9.14166e-06,9.266662e-06,8.495832e-06,6.558331e-06,8.641664e-06,8.395831e-06
2,147,75.27,0.83,3.891659e-06,2.554162e-06,2.399993e-06,8.662494e-06,4.045828e-06,9.437497e-06,9.491666e-06,7.166664e-06,8.299994e-06,7.920829e-06,9.174999e-06,9.279163e-06,8.549992e-06,6.591662e-06,8.670831e-06,8.429161e-06
2,148,75.43,0.82,3.870829e-06,2.558327e-06,2.416658e-06,8.720827e-06,4.058329e-06,9.41666e-06,9.474993e-06,7.141662e-06,8.366665e-06,7.987499e-06,9.14166e-06,9.333332e-06,8.545828e-06,6.658332e-06,8.720827e-06,8.474994e-06
2,149,75.59,0.81,3.862492e-06,2.52916e-06,2.366662e-06,8.770831e-06,4.020826e-06,9.49583e-06,9.499995e-06,7.187494e-06,8.395831e-06,7.970826e-06,9.187492e-06,9.341661e-06,8.562493e-06,6.708328e-06,8.75833e-06,8.499996e-06
2,150,75.75,0.8,3.920825e-06,2.499994e-06,2.308329e-06,8.770831e-06,4.083332e-06,9.499995e-06,9.529162e-06,7.266664e-06,8.424998e-06,8.029159e-06,9.266662e-06,9.345826e-06,8.65833e-06,6.708328e-06,8.783332e-06,8.545828e-06
2,151,75.909,0.79,3.858328e-06,2.454162e-06,2.224994e-06,8.820828e-06,4.070831e-06,9.508331e-06,9.541663e-06,7.291659e-06,8.470829e-06,8.037496e-06,9.270827e-06,9.404159e-06,8.666659e-06,6.791663e-06,8.820828e-06,8.541663e-06
2,152,76.069,0.78,3.908332e-06,2.391664e-06,2.316666e-06,8.858331e-06,4.049993e-06,9.537498e-06,9.49583e-06,7.324998e-06,8.45e-06,8.049997e-06,9.304166e-06,9.383329e-06,8.712498e-06,6.808329e-06,8.854158e-06,8.595832e-06
2,153,76.229,0.77,3.833326e-06,2.412494e-06,2.270826e-06,8.870832e-06,4.062494e-06,9.579166e-06,9.591659e-06,7.291659e-06,8.479166e-06,8.083328e-06,9.304166e-06,9.441662e-06,8.720827e-06,6.883327e-06,8.887498e-06,8.608326e-06
2,154,76.389,0.76,3.88333e-06,2.370826e-06,2.262497e-06,8.929165e-06,4.058329e-06,9.587495e-06,9.529162e-06,7.395832e-06,8.520826e-06,8.10833e-06,9.32916e-06,9.433325e-06,8.720827e-06,6.924995e-06,8.891662e-06,8.633328e-06
2,155,76.549,0.75,3.899996e-06,2.345832e-06,2.220829e-06,8.912491e-06,4.09166e-06,9.60416e-06,9.574994e-06,7.445828e-06,8.524998e-06,8.116658e-06,9.358327e-06,9.441662e-06,8.77916e-06,6.945832e-06,8.908328e-06,8.637492e-06
2,156,76.709,0.74,3.874993e-06,2.308329e-06,2.183326e-06,8.945831e-06,4.108326e-06,9.612497e-06,9.60416e-06,7.429162e-06,8.541663e-06,8.145825e-06,9.39583e-06,9.454163e-06,8.766659e-06,6.974999e-06,8.937494e-06,8.670831e-06
2,157,76.868,0.73,3.879165e-06,2.279162e-06,2.179162e-06,8.970833e-06,4.066666e-06,9.620825e-06,9.562493e-06,7.479159e-06,8.562493e-06,8.154162e-06,9.399994e-06,9.474993e-06,8.812499e-06,7.02916e-06,8.949995e-06,8.708326e-06
2,158,77.028,0.72,3.879165e-06,2.287499e-06,2.145831e-06,8.974997e-06,4.09166e-06,9.60416e-06,9.574994e-06,7.49166e-06,8.599996e-06,8.162498e-06,9.412495e-06,9.50416e-06,8.824993e-06,7.045825e-06,8.987498e-06,8.674995e-06
2,159,77.188,0.71,3.870829e-06,2.23333e-06,2.099999e-06,9.033331e-06,4.049993e-06,9.649992e-06,9.579166e-06,7.504161e-06,8.512497e-06,8.154162e-06,9.445826e-06,9.487494e-06,8.816663e-06,7.083328e-06,8.987498e-06,8.704162e-06
2,160,77.348,0.7,3.849999e-06,2.212493e-06,2.116664e-06,9.004164e-06,4.074995e-06,9.58333e-06,9.587495e-06,7.554166e-06,8.608326e-06,8.187492e-06,9.449998e-06,9.479165e-06,8.870832e-06,7.129161e-06,9.02083e-06,8.649993e-06
,,,,,,,,,,,,,,,,,,,,2,1.01,0.71,0.7,1.08,1.07,1.13,1.17,1.08,1.11,1.05,1.08,1.14,1.09,1.08,1.07,1.13,1.11,0.7,0.71,1.11,1.13,1.18,1.19,1.11,1.14,1.11,1.11,1.17,1.14,1.14,1.13,1.16
3,0,77.629,0.7,3.870829e-06,2.245831e-06,2.124993e-06,8.987498e-06,4.029163e-06,9.562493e-06,9.579166e-06,7.47083e-06,8.612497e-06,8.187492e-06,9.412495e-06,9.479165e-06,8.841665e-06,7.099994e-06,9.004164e-06,8.695833e-06
3,1,77.789,0.71,3.937499e-06,2.262497e-06,2.137494e-06,8.974997e-06,4.070831e-06,9.620825e-06,9.566665e-06,7.429162e-06,8.612497e-06,8.166663e-06,9.404159e-06,9.466664e-06,8.816663e-06,7.074992e-06,8.958332e-06,8.633328e-06
3,2,77.948,0.72,3.937499e-06,2.266661e-06,2.187498e-06,8.941666e-06,4.066666e-06,9.574994e-06,9.533326e-06,7.441664e-06,8.541663e-06,8.170828e-06,9.341661e-06,9.412495e-06,8.729164e-06,6.966663e-06,8.949995e-06,8.670831e-06
3,3,78.108,0.73,3.908332e-06,2.379163e-06,2.212493e-06,8.904163e-06,4.029163e-06,9.533326e-06,9.545827e-06,7.358328e-06,8.5375e-06,8.091664e-06,9.324996e-06,9.379164e-06,8.754166e-06,6.999993e-06,8.904163e-06,8.620827e-06
3,4,78.268,0.74,3.920825e-06,2.362498e-06,2.23333e-06,8.820828e-06,4.020826e-06,9.524997e-06,9.487494e-06,7.312497e-06,8.437499e-06,8.029159e-06,9.287493e-06,9.324996e-06,8.729164e-06,6.929159e-06,8.86666e-06,8.616662e-06
3,5,78.428,0.75,3.874993e-06,2.441661e-06,2.283327e-06,8.77916e-06,4.029163e-06,9.479165e-06,9.470828e-06,7.21666e-06,8.495832e-06,8.083328e-06,9.187492e-06,9.291664e-06,8.670831e-06,6.870826e-06,8.799998e-06,8.566665e-06
3,6,78.588,0.76,3.88333e-06,2.424995e-06,2.299992e-06,8.674995e-06,3.97083e-06,9.458327e-06,9.41666e-06,7.187494e-06,8.441662e-06,7.995828e-06,9.162498e-06,9.254161e-06,8.629163e-06,6.808329e-06,8.791661e-06,8.466665e-06
3,7,78.747,0.77,3.854163e-06,2.454162e-06,2.312493e-06,8.67916e-06,3.97083e-06,9.39583e-06,9.391665e-06,7.074992e-06,8.383329e-06,7.974998e-06,9.095827e-06,9.212494e-06,8.612497e-06,6.73333e-06,8.741665e-06,8.48333e-06
3,8,78.907,0.78,3.820833e-06,2.445825e-06,2.32083e-06,8.629163e-06,3.929162e-06,9.333332e-06,9.362499e-06,7.049998e-06,8.379166e-06,7.924994e-06,8.962496e-06,9.166662e-06,8.554164e-06,6.708328e-06,8.704162e-06,8.458328e-06
3,9,79.067,0.79,3.845827e-06,2.479164e-06,2.354161e-06,8.545828e-06,3.933326e-06,9.333332e-06,9.299994e-06,6.983328e-06,8.287493e-06,7.887498e-06,8.999999e-06,9.095827e-06,8.520826e-06,6.612492e-06,8.662494e-06,8.424998e-06
3,10,79.227,0.8,3.808331e-06,2.537497e-06,2.391664e-06,8.466665e-06,3.929162e-06,9.233332e-06,9.24166e-06,6.916666e-06,8.279165e-06,7.866661e-06,8.904163e-06,9.083326e-06,8.458328e-06,6.587497e-06,8.637492e-06,8.329161e-06
3,11,79.387,0.81,3.829161e-06,2.524996e-06,2.416658e-06,8.374993e-06,3.879165e-06,9.229159e-06,9.270827e-06,6.845832e-06,8.237497e-06,7.770833e-06,8.874997e-06,8.995827e-06,8.429161e-06,6.504162e-06,8.558329e-06,8.312496e-06
3,12,79.547,0.82,3.737497e-06,2.554162e-06,2.383327e-06,8.354164e-06,3.895831e-06,9.129159e-06,9.212494e-06,6.787499e-06,8.174999e-06,7.783326e-06,8.795826e-06,8.974997e-06,8.341662e-06,6.358329e-06,8.441662e-06,8.254163e-06
3,13,79.706,0.83,3.699994e-06,2.587493e-06,2.454162e-06,8.224996e-06,3.874993e-06,9.066661e-06,9.149996e-06,6.691662e-06,8.120831e-06,7.649994e-06,8.708326e-06,8.899999e-06,8.274992e-06,6.362494e-06,8.408332e-06,8.183329e-06
3,14,79.866,0.84,3.766664e-06,2.583329e-06,2.458326e-06,8.162498e-06,3.824997e-06,9.029166e-06,9.12083e-06,6.587497e-06,8.033331e-06,7.604162e-06,8.599996e-06,8.799998e-06,8.237497e-06,6.262493e-06,8.383329e-06,8.154162e-06
3,15,80.026,0.85,3.729161e-06,2.620832e-06,2.462498e-06,8.079163e-06,3.787494e-06,8.924992e-06,9.045832e-06,6.483333e-06,7.979163e-06,7.587496e-06,8.5375e-06,8.749994e-06,8.124995e-06,6.18333e-06,8.29583e-06,8.045832e-06
3,16,80.186,0.86,3.741662e-06,2.604159e-06,2.516659e-06,7.991664e-06,3.787494e-06,8.841665e-06,8.912491e-06,6.454166e-06,7.94166e-06,7.499997e-06,8.458328e-06,8.65833e-06,8.099993e-06,6.104159e-06,8.233333e-06,7.954161e-06
3,17,80.346,0.87,3.699994e-06,2.666664e-06,2.516659e-06,7.841659e-06,3.783329e-06,8.820828e-06,8.96666e-06,6.349993e-06,7.845831e-06,7.474995e-06,8.387494e-06,8.633328e-06,8.004165e-06,5.987493e-06,8.162498e-06,7.924994e-06
3,18,80.505,0.88,3.691665e-06,2.687494e-06,2.533332e-06,7.795827e-06,3.766664e-06,8.729164e-06,8.891662e-06,6.241663e-06,7.816664e-06,7.333326e-06,8.274992e-06,8.545828e-06,7.904164e-06,5.904166e-06,8.024995e-06,7.858332e-06
3,19,80.665,0.89,3.670827e-06,2.704159e-06,2.574992e-06,7.695826e-06,3.741662e-06,8.637492e-06,8.837494e-06,6.18333e-06,7.704162e-06,7.308332e-06,8.174999e-06,8.408332e-06,7.887498e-06,5.799993e-06,7.983327e-06,7.758331e-06
3,20,80.825,0.9,3.645825e-06,2.729162e-06,2.570828e-06,7.599997e-06,3.733325e-06,8.5375e-06,8.754166e-06,6.066664e-06,7.641665e-06,7.191666e-06,8.083328e-06,8.420833e-06,7.76666e-06,5.699992e-06,7.858332e-06,7.691661e-06
3,21,80.985,0.91,3.633332e-06,2.733326e-06,2.629161e-06,7.487496e-06,3.654162e-06,8.445827e-06,8.699997e-06,5.979165e-06,7.591661e-06,7.120832e-06,7.991664e-06,8.312496e-06,7.695826e-06,5.562496e-06,7.754159e-06,7.649994e-06
3,22,81.145,0.92,3.641661e-06,2.766665e-06,2.604159e-06,7.312497e-06,3.683329e-06,8.329161e-06,8.641664e-06,5.887493e-06,7.47083e-06,7.00833e-06,7.837494e-06,8.241662e-06,7.541664e-06,5.437493e-06,7.599997e-06,7.512498e-06
3,23,81.305,0.93,3.60833e-06,2.779166e-06,2.624997e-06,7.245827e-06,3.658326e-06,8.22916e-06,8.57083e-06,5.791664e-06,7.374994e-06,6.912494e-06,7.758331e-06,8.120831e-06,7.47083e-06,5.333328e-06,7.549993e-06,7.429162e-06
3,24,81.464,0.94,3.591665e-06,2.779166e-06,2.670829e-06,7.11666e-06,3.654162e-06,8.154162e-06,8.499996e-06,5.712493e-06,7.287495e-06,6.795828e-06,7.637493e-06,8.012494e-06,7.387495e-06,5.187495e-06,7.420826e-06,7.30416e-06
3,25,81.624,0.95,3.604166e-06,2.837499e-06,2.662492e-06,6.987492e-06,3.62916e-06,8.033331e-06,8.433326e-06,5.583326e-06,7.179165e-06,6.624993e-06,7.454165e-06,7.937495e-06,7.191666e-06,5.045827e-06,7.312497e-06,7.19583e-06
3,26,81.784,0.96,3.579164e-06,2.820826e-06,2.708332e-06,6.787499e-06,3.595829e-06,7.93333e-06,8.31666e-06,5.504163e-06,7.049998e-06,6.541665e-06,7.412497e-06,7.804163e-06,7.133333e-06,4.870828e-06,7.154163e-06,7.133333e-06
3,27,81.944,0.97,3.583328e-06,2.89166e-06,2.699995e-06,6.674997e-06,3.616659e-06,7.808328e-06,8.279165e-06,5.429165e-06,6.937496e-06,6.420827e-06,7.266664e-06,7.704162e-06,6.991665e-06,4.716659e-06,7.012494e-06,6.983328e-06
3,28,82.104,0.98,3.587492e-06,2.854164e-06,2.749991e-06,6.624993e-06,3.529159e-06,7.683333e-06,8.174999e-06,5.354166e-06,6.845832e-06,6.308325e-06,7.21666e-06,7.649994e-06,6.849996e-06,4.562497e-06,6.862497e-06,6.841659e-06
3,29,82.263,0.99,3.554161e-06,2.849992e-06,2.795831e-06,6.487497e-06,3.595829e-06,7.562494e-06,8.037496e-06,5.287496e-06,6.66666e-06,6.220826e-06,7.02916e-06,7.466666e-06,6.73333e-06,4.387498e-06,6.75416e-06,6.770825e-06
3,30,82.423,1.0,3.512494e-06,2.95833e-06,2.774994e-06,6.387496e-06,3.562498e-06,7.466666e-06,8.008329e-06,5.179159e-06,6.549994e-06,6.083329e-06,6.966663e-06,7.424998e-06,6.595826e-06,4.241665e-06,6.604163e-06,6.662496e-06
3,31,82.583,1.01,3.566662e-06,2.949993e-06,2.799996e-06,6.295832e-06,3.537496e-06,7.374994e-06,7.879162e-06,5.158329e-06,6.358329e-06,5.879164e-06,6.858325e-06,7.337499e-06,6.441664e-06,4.087496e-06,6.495825e-06,6.533329e-06
3,32,82.743,1.02,3.537496e-06,2.999997e-06,2.808333e-06,6.170829e-06,3.533332e-06,7.1625e-06,7.741666e-06,5.112497e-06,6.324999e-06,5.84166e-06,6.762496e-06,7.254163e-06,6.333327e-06,3.929162e-06,6.349993e-06,6.404161e-06
3,33,82.903,1.03,3.558326e-06,3.016663e-06,2.833327e-06,6.124997e-06,3.524995e-06,7.149999e-06,7.708327e-06,5.066665e-06,6.187495e-06,5.737495e-06,6.75416e-06,7.154163e-06,6.245828e-06,3.770828e-06,6.245828e-06,6.279159e-06
3,34,83.062,1.04,3.554161e-06,3.024999e-06,2.899996e-06,6.058327e-06,3.508329e-06,7.041661e-06,7.608326e-06,5.037498e-06,6.058327e-06,5.704164e-06,6.641666e-06,7.033332e-06,6.112496e-06,3.641661e-06,6.154164e-06,6.20416e-06
3,35,83.222,1.05,3.574999e-06,3.07916e-06,2.887495e-06,6.004159e-06,3.549997e-06,6.937496e-06,7.512498e-06,4.98333e-06,5.966663e-06,5.616665e-06,6.595826e-06,6.991665e-06,6.004159e-06,3.562498e-06,6.120833e-06,6.091658e-06
3,36,83.382,1.06,3.562498e-06,3.066659e-06,2.924999e-06,5.970828e-06,3.533332e-06,6.870826e-06,7.374994e-06,4.979165e-06,5.783327e-06,5.524993e-06,6.574996e-06,6.912494e-06,5.933332e-06,3.424994e-06,6.066664e-06,5.974992e-06
3,37,83.542,1.07,3.479163e-06,3.124992e-06,2.937492e-06,5.962499e-06,3.495828e-06,6.774998e-06,7.270829e-06,4.89583e-06,5.762497e-06,5.587498e-06,6.549994e-06,6.82083e-06,5.874999e-06,3.399992e-06,6.01666e-06,5.845833e-06
3,38,83.702,1.08,3.562498e-06,3.120828e-06,2.974995e-06,5.962499e-06,3.529159e-06,6.737494e-06,7.174993e-06,5.016661e-06,5.695828e-06,5.595827e-06,6.574996e-06,6.695827e-06,5.804165e-06,3.379162e-06,6.049999e-06,5.829159e-06
3,39,83.862,1.09,3.529159e-06,3.149994e-06,2.933327e-06,5.987493e-06,3.545833e-06,6.683326e-06,7.033332e-06,5.041663e-06,5.63333e-06,5.649996e-06,6.579161e-06,6.729166e-06,5.799993e-06,3.35416e-06,6.099995e-06,5.745832e-06
3,40,84.021,1.1,3.599993e-06,3.170832e-06,3.037492e-06,6.01666e-06,3.537496e-06,6.674997e-06,6.954161e-06,5.049992e-06,5.570825e-06,5.674998e-06,6.587497e-06,6.66666e-06,5.829159e-06,3.370825e-06,6.058327e-06,5.683327e-06
3,41,84.181,1.11,3.599993e-06,3.208327e-06,3.066659e-06,6.045826e-06,3.537496e-06,6.637494e-06,6.799992e-06,5.062493e-06,5.574997e-06,5.74166e-06,6.66666e-06,6.63333e-06,5.812494e-06,3.35416e-06,6.162492e-06,5.658333e-06
3,42,84.341,1.12,3.620831e-06,3.258332e-06,3.083332e-06,6.170829e-06,3.579164e-06,6.654159e-06,6.720829e-06,5.112497e-06,5.599999e-06,5.816658e-06,6.716665e-06,6.649995e-06,5.899994e-06,3.495828e-06,6.254164e-06,5.574997e-06
3,43,84.501,1.13,3.60833e-06,3.229165e-06,3.116663e-06,6.199996e-06,3.579164e-06,6.649995e-06,6.662496e-06,5.154165e-06,5.591663e-06,5.891665e-06,6.791663e-06,6.641666e-06,5.962499e-06,3.549997e-06,6.312498e-06,5.641659e-06
3,44,84.661,1.14,3.641661e-06,3.270833e-06,3.091661e-06,6.266665e-06,3.624996e-06,6.699999e-06,6.612492e-06,5.237492e-06,5.670825e-06,6.029161e-06,6.854161e-06,6.662496e-06,6.09583e-06,3.649998e-06,6.45833e-06,5.674998e-06
3,45,84.82,1.15,3.691665e-06,3.279162e-06,3.070831e-06,6.412498e-06,3.645825e-06,6.762496e-06,6.558331e-06,5.283332e-06,5.770826e-06,6.079165e-06,6.979164e-06,6.687498e-06,6.120833e-06,3.799995e-06,6.541665e-06,5.758325e-06
3,46,84.98,1.16,3.699994e-06,3.349996e-06,3.208327e-06,6.495825e-06,3.691665e-06,6.837495e-06,6.516663e-06,5.374996e-06,5.833332e-06,6.262493e-06,7.070827e-06,6.720829e-06,6.333327e-06,3.891659e-06,6.691662e-06,5.870827e-06
3,47,85.14,1.17,3.754163e-06,3.391663e-06,3.195826e-06,6.63333e-06,3.741662e-06,6.924995e-06,6.537493e-06,5.470832e-06,5.920831e-06,6.366666e-06,7.229161e-06,6.829158e-06,6.466659e-06,4.099997e-06,6.874998e-06,5.949998e-06
3,48,85.3,1.18,3.79583e-06,3.42083e-06,3.270833e-06,6.770825e-06,3.762492e-06,7.020831e-06,6.562495e-06,5.570825e-06,6.112496e-06,6.516663e-06,7.354164e-06,6.891664e-06,6.608327e-06,4.241665e-06,7.033332e-06,6.124997e-06
3,49,85.46,1.19,3.808331e-06,3.44166e-06,3.245831e-06,6.870826e-06,3.837498e-06,7.158327e-06,6.674997e-06,5.716666e-06,6.229162e-06,6.683326e-06,7.520827e-06,7.087493e-06,6.808329e-06,4.445831e-06,7.1625e-06,6.245828e-06
3,50,85.619,1.2,3.899996e-06,3.487492e-06,3.295827e-06,7.083328e-06,3.870829e-06,7.249999e-06,6.745831e-06,5.816658e-06,6.424999e-06,6.770825e-06,7.666659e-06,7.149999e-06,6.891664e-06,4.516665e-06,7.291659e-06,6.466659e-06
3,51,85.779,1.21,3.962493e-06,3.529159e-06,3.362497e-06,7.204159e-06,3.929162e-06,7.429162e-06,6.904165e-06,5.970828e-06,6.54583e-06,6.949997e-06,7.85416e-06,7.345827e-06,7.137497e-06,4.762499e-06,7.516662e-06,6.587497e-06
3,52,85.939,1.22,3.958329e-06,3.579164e-06,3.366661e-06,7.358328e-06,3.979158e-06,7.624992e-06,7.062499e-06,6.058327e-06,6.745831e-06,7.024995e-06,8.037496e-06,7.512498e-06,7.299996e-06,4.945827e-06,7.658331e-06,6.783327e-06
3,53,86.099,1.23,4.029163e-06,3.574999e-06,3.429159e-06,7.520827e-06,4.058329e-06,7.724992e-06,7.187494e-06,6.233327e-06,6.891664e-06,7.208331e-06,8.216659e-06,7.654166e-06,7.47083e-06,5.099996e-06,7.874997e-06,6.974999e-06
3,54,86.259,1.24,4.129163e-06,3.612495e-06,3.44166e-06,7.687497e-06,4.095833e-06,7.799999e-06,7.383331e-06,6.320826e-06,7.033332e-06,7.383331e-06,8.337498e-06,7.874997e-06,7.629164e-06,5.25833e-06,7.970826e-06,7.11666e-06
3,55,86.419,1.25,4.170831e-06,3.641661e-06,3.479163e-06,7.85416e-06,4.187496e-06,8.049997e-06,7.599997e-06,6.466659e-06,7.233326e-06,7.504161e-06,8.595832e-06,8.004165e-06,7.770833e-06,5.420828e-06,8.124995e-06,7.329162e-06
3,56,86.578,1.26,4.233329e-06,3.674992e-06,3.54166e-06,7.987499e-06,4.270832e-06,8.266664e-06,7.824993e-06,6.624993e-06,7.324998e-06,7.633328e-06,8.724999e-06,8.216659e-06,7.920829e-06,5.579162e-06,8.308331e-06,7.429162e-06
3,57,86.738,1.27,4.34583e-06,3.691665e-06,3.483327e-06,8.187492e-06,4.320828e-06,8.391658e-06,8.004165e-06,6.704164e-06,7.504161e-06,7.795827e-06,8.899999e-06,8.399995e-06,8.074999e-06,5.745832e-06,8.429161e-06,7.612498e-06
3,58,86.898,1.28,4.420829e-06,3.649998e-06,3.570827e-06,8.337498e-06,4.395827e-06,8.57083e-06,8.208331e-06,6.891664e-06,7.633328e-06,7.920829e-06,9.049996e-06,8.608326e-06,8.204166e-06,5.874999e-06,8.579159e-06,7.749994e-06
3,59,87.058,1.29,4.45416e-06,3.812496e-06,3.604166e-06,8.48333e-06,4.479162e-06,8.745829e-06,8.383329e-06,7.037497e-06,7.779161e-06,8.062498e-06,9.245833e-06,8.804162e-06,8.354164e-06,6.058327e-06,8.674995e-06,7.874997e-06
3,60,87.218,1.3,4.549996e-06,3.829161e-06,3.62916e-06,8.587495e-06,4.466661e-06,8.929165e-06,8.620827e-06,7.183329e-06,7.891663e-06,8.158326e-06,9.429161e-06,8.983326e-06,8.48333e-06,6.141663e-06,8.795826e-06,7.974998e-06
3,61,87.377,1.31,4.62083e-06,3.891659e-06,3.691665e-06,8.791661e-06,4.604165e-06,9.012492e-06,8.754166e-06,7.329162e-06,7.999993e-06,8.262499e-06,9.520832e-06,9.129159e-06,8.554164e-06,6.208332e-06,8.916664e-06,8.158326e-06
3,62,87.537,1.32,4.674999e-06,3.899996e-06,3.679164e-06,8.949995e-06,4.666662e-06,9.233332e-06,8.958332e-06,7.445828e-06,8.112494e-06,8.341662e-06,9.637499e-06,9.224995e-06,8.699997e-06,6.408326e-06,9.024993e-06,8.274992e-06
3,63,87.697,1.33,4.720831e-06,3.908332e-06,3.733325e-06,9.112493e-06,4.766663e-06,9.379164e-06,9.083326e-06,7.574995e-06,8.212495e-06,8.437499e-06,9.799997e-06,9.429161e-06,8.816663e-06,6.512499e-06,9.124994e-06,8.395831e-06
3,64,87.857,1.34,4.787493e-06,3.974994e-06,3.766664e-06,9.216667e-06,4.82916e-06,9.491666e-06,9.204166e-06,7.654166e-06,8.320832e-06,8.545828e-06,9.908326e-06,9.554164e-06,8.920829e-06,6.637494e-06,9.229159e-06,8.48333e-06
3,65,88.017,1.35,4.862499e-06,3.991659e-06,3.791666e-06,9.387493e-06,4.870828e-06,9.687496e-06,9.424996e-06,7.866661e-06,8.454163e-06,8.620827e-06,1.0095827e-05,9.729163e-06,9.062497e-06,6.649995e-06,9.345826e-06,8.612497e-06
3,66,88.176,1.36,4.904159e-06,3.999996e-06,3.749998e-06,9.445826e-06,4.966664e-06,9.816663e-06,9.570829e-06,7.970826e-06,8.533327e-06,8.729164e-06,1.022083e-05,9.87916e-06,9.124994e-06,6.845832e-06,9.379164e-06,8.708326e-06
3,67,88.336,1.37,5.033326e-06,4.108326e-06,3.845827e-06,9.645828e-06,5.054164e-06,9.937493e-06,9.691659e-06,8.099993e-06,8.624998e-06,8.804162e-06,1.0308329e-05,9.97916e-06,9.258326e-06,6.987492e-06,9.512496e-06,8.879161e-06
3,68,88.496,1.38,5.116661e-06,4.129163e-06,3.941663e-06,9.79166e-06,5.17083e-06,1.0137494e-05,9.887497e-06,8.233333e-06,8.724999e-06,8.962496e-06,1.0487493e-05,1.0129165e-05,9.341661e-06,7.079164e-06,9.679158e-06,9.008329e-06
3,69,88.656,1.39,5.241664e-06,4.24583e-06,3.979158e-06,9.962495e-06,5.237492e-06,1.0224994e-05,9.995826e-06,8.391658e-06,8.883325e-06,9.024993e-06,1.0599994e-05,1.0291664e-05,9.462499e-06,7.179165e-06,9.770831e-06,9.12083e-06
3,70,88.816,1.4,5.308326e-06,4.191661e-06,4.012497e-06,1.00125e-05,5.274995e-06,1.0345832e-05,1.0112492e-05,8.474994e-06,8.920829e-06,9.083326e-06,1.0708332e-05,1.0379164e-05,9.554164e-06,7.279165e-06,9.804161e-06,9.12083e-06
3,71,88.976,1.41,5.349994e-06,4.258331e-06,4.024998e-06,1.0054159e-05,5.35833e-06,1.0520832e-05,1.0266662e-05,8.629163e-06,9.004164e-06,9.237496e-06,1.0816661e-05,1.0541661e-05,9.649992e-06,7.37083e-06,9.941666e-06,9.233332e-06
3,72,89.135,1.42,5.433329e-06,4.308327e-06,4.087496e-06,1.0274998e-05,5.433329e-06,1.0604159e-05,1.0379164e-05,8.729164e-06,9.108328e-06,9.279163e-06,1.0970831e-05,1.061666e-05,9.720826e-06,7.49166e-06,1.0033329e-05,9.399994e-06
3,73,89.295,1.43,5.504163e-06,4.358331e-06,4.162494e-06,1.0362498e-05,5.558332e-06,1.0754164e-05,1.0516659e-05,8.854158e-06,9.162498e-06,9.341661e-06,1.1024999e-05,1.0745827e-05,9.833328e-06,7.524999e-06,1.0120829e-05,9.441662e-06
3,74,89.455,1.44,5.579162e-06,4.374997e-06,4.17916e-06,1.0491665e-05,5.587498e-06,1.0854164e-05,1.0608332e-05,8.941666e-06,9.216667e-06,9.462499e-06,1.1158331e-05,1.0879159e-05,9.916663e-06,7.674996e-06,1.0170826e-05,9.558328e-06
3,75,89.615,1.45,5.649996e-06,4.441659e-06,4.199997e-06,1.061666e-05,5.674998e-06,1.0949993e-05,1.0658327e-05,9.087499e-06,9.345826e-06,9.512496e-06,1.1199999e-05,1.0929163e-05,9.991661e-06,7.741666e-06,1.0262497e-05,9.662493e-06
3,76,89.775,1.46,5.745832e-06,4.53333e-06,4.274996e-06,1.0683329e-05,5.766662e-06,1.104583e-05,1.0812497e-05,9.183327e-06,9.420832e-06,9.599996e-06,1.1337494e-05,1.1095826e-05,1.0079161e-05,7.820829e-06,1.032083e-05,9.699997e-06
3,77,89.934,1.47,5.779163e-06,4.508328e-06,4.241665e-06,1.0787495e-05,5.812494e-06,1.116666e-05,1.0937492e-05,9.270827e-06,9.520832e-06,9.629162e-06,1.1454161e-05,1.1187498e-05,1.0112492e-05,7.85416e-06,1.0395829e-05,9.833328e-06
3,78,90.094,1.48,5.866663e-06,4.558333e-06,4.304163e-06,1.0887496e-05,5.899994e-06,1.1229165e-05,1.1024999e-05,9.39583e-06,9.545827e-06,9.7375e-06,1.1499993e-05,1.1208328e-05,1.0233331e-05,7.991664e-06,1.0516659e-05,9.870831e-06
3,79,90.254,1.49,5.962499e-06,4.633331e-06,4.354159e-06,1.1004162e-05,5.970828e-06,1.1362497e-05,1.1124992e-05,9.508331e-06,9.616661e-06,9.795833e-06,1.1624996e-05,1.1379162e-05,1.0291664e-05,8.112494e-06,1.0587493e-05,1.00125e-05
3,80,90.414,1.5,6.01666e-06,4.658325e-06,4.462496e-06,1.1137494e-05,6.058327e-06,1.1454161e-05,1.1199999e-05,9.524997e-06,9.695832e-06,9.904162e-06,1.1699995e-05,1.1462498e-05,1.0387492e-05,8.158326e-06,1.0637498e-05,1.0058331e-05
3,81,90.574,1.49,5.733331e-06,4.487499e-06,4.216663e-06,1.0941664e-05,5.916659e-06,1.1262497e-05,1.1137494e-05,9.462499e-06,9.599996e-06,9.766666e-06,1.1579164e-05,1.1304164e-05,1.0266662e-05,8.033331e-06,1.0516659e-05,9.933328e-06
3,82,90.733,1.48,5.608328e-06,4.437494e-06,4.191661e-06,1.0833327e-05,5.824995e-06,1.1216664e-05,1.0954165e-05,9.320831e-06,9.516661e-06,9.683331e-06,1.1516667e-05,1.1241658e-05,1.0145831e-05,7.94166e-06,1.0479164e-05,9.883332e-06
3,83,90.893,1.47,5.566661e-06,4.466661e-06,4.224992e-06,1.0729162e-05,5.791664e-06,1.1083333e-05,1.0887496e-05,9.229159e-06,9.39583e-06,9.587495e-06,1.1374998e-05,1.1158331e-05,1.0087498e-05,7.866661e-06,1.0349997e-05,9.770831e-06
3,84,91.053,1.46,5.508327e-06,4.383326e-06,4.145829e-06,1.0591666e-05,5.683327e-06,1.0983332e-05,1.0770829e-05,9.112493e-06,9.316659e-06,9.483329e-06,1.1324993e-05,1.1041665e-05,1.00125e-05,7.770833e-06,1.0266662e-05,9.699997e-06
3,85,91.213,1.45,5.395826e-06,4.266659e-06,4.104161e-06,1.0474992e-05,5.583326e-06,1.0816661e-05,1.0579165e-05,8.991663e-06,9.208329e-06,9.387493e-06,1.1212492e-05,1.0908326e-05,9.929165e-06,7.683333e-06,1.0145831e-05,9.574994e-06
3,86,91.373,1.44,5.316663e-06,4.254158e-06,4.062494e-06,1.0416658e-05,5.479161e-06,1.0745827e-05,1.0549998e-05,8.858331e-06,9.183327e-06,9.345826e-06,1.1083333e-05,1.0816661e-05,9.816663e-06,7.587496e-06,1.0112492e-05,9.445826e-06
3,87,91.533,1.43,5.287496e-06,4.216663e-06,4.00416e-06,1.0245832e-05,5.424992e-06,1.0604159e-05,1.040833e-05,8.783332e-06,9.062497e-06,9.266662e-06,1.1004162e-05,1.0666665e-05,9.733327e-06,7.474995e-06,1.00125e-05,9.387493e-06
3,88,91.692,1.42,5.162493e-06,4.204162e-06,4.00416e-06,1.0166661e-05,5.387497e-06,1.0520832e-05,1.0291664e-05,8.65833e-06,8.970833e-06,9.216667e-06,1.0879159e-05,1.0483329e-05,9.637499e-06,7.287495e-06,9.962495e-06,9.275e-06
3,89,91.852,1.41,5.145828e-06,4.129163e-06,3.958329e-06,1.0037494e-05,5.27916e-06,1.0416658e-05,1.0158332e-05,8.512497e-06,8.912491e-06,9.058333e-06,1.0695831e-05,1.0474992e-05,9.562493e-06,7.295831e-06,9.833328e-06,9.204166e-06
3,90,92.012,1.4,5.041663e-06,4.074995e-06,3.924998e-06,9.862494e-06,5.204161e-06,1.0258333e-05,1.0037494e-05,8.374993e-06,8.791661e-06,9.004164e-06,1.0658327e-05,1.0366663e-05,9.441662e-06,7.154163e-06,9.75833e-06,9.066661e-06
3,91,92.172,1.39,4.962492e-06,4.095833e-06,3.887495e-06,9.841665e-06,5.099996e-06,1.0170826e-05,9.899998e-06,8.29583e-06,8.733328e-06,8.93333e-06,1.052916e-05,1.0237495e-05,9.358327e-06,7.066663e-06,9.658329e-06,8.991663e-06
3,92,92.332,1.38,4.862499e-06,4.008325e-06,3.808331e-06,9.649992e-06,5.07083e-06,1.0029165e-05,9.774994e-06,8.183329e-06,8.595832e-06,8.799998e-06,1.0391665e-05,1.006666e-05,9.233332e-06,6.94166e-06,9.545827e-06,8.849995e-06
3,93,92.491,1.37,4.866663e-06,4.016661e-06,3.787494e-06,9.537498e-06,5.004159e-06,9.883332e-06,9.641663e-06,8.029159e-06,8.524998e-06,8.683332e-06,1.0283327e-05,9.95833e-06,9.104165e-06,6.833331e-06,9.466664e-06,8.716663e-06
3,94,92.651,1.36,4.72916e-06,3.929162e-06,3.766664e-06,9.437497e-06,4.891666e-06,9.75833e-06,9.516661e-06,7.949996e-06,8.387494e-06,8.612497e-06,1.0174997e-05,9.79166e-06,9.024993e-06,6.729166e-06,9.333332e-06,8.649993e-06
3,95,92.811,1.35,4.674999e-06,3.891659e-06,3.720832e-06,9.237496e-06,4.816659e-06,9.566665e-06,9.32916e-06,7.754159e-06,8.237497e-06,8.41666e-06,1.0016664e-05,9.662493e-06,8.879161e-06,6.583325e-06,9.195828e-06,8.470829e-06
3,96,92.971,1.34,4.599992e-06,3.870829e-06,3.687493e-06,9.129159e-06,4.745825e-06,9.441662e-06,9.216667e-06,7.654166e-06,8.179164e-06,8.395831e-06,9.866659e-06,9.441662e-06,8.733328e-06,6.437492e-06,9.074998e-06,8.358327e-06
3,97,93.131,1.33,4.554161e-06,3.824997e-06,3.633332e-06,8.945831e-06,4.683327e-06,9.266662e-06,8.987498e-06,7.516662e-06,8.024995e-06,8.279165e-06,9.7375e-06,9.362499e-06,8.662494e-06,6.320826e-06,8.987498e-06,8.22916e-06
3,98,93.29,1.32,4.458332e-06,3.799995e-06,3.604166e-06,8.854158e-06,4.591664e-06,9.137495e-06,8.858331e-06,7.37083e-06,7.929166e-06,8.191665e-06,9.591659e-06,9.233332e-06,8.520826e-06,6.20416e-06,8.854158e-06,8.087492e-06
3,99,93.45,1.31,4.429166e-06,3.791666e-06,3.604166e-06,8.691661e-06,4.495827e-06,8.954159e-06,8.649993e-06,7.220833e-06,7.737493e-06,8.04166e-06,9.49583e-06,9.066661e-06,8.387494e-06,6.058327e-06,8.745829e-06,7.94166e-06
3,100,93.61,1.3,4.304163e-06,3.754163e-06,3.587492e-06,8.491659e-06,4.449995e-06,8.787497e-06,8.479166e-06,7.083328e-06,7.608326e-06,7.93333e-06,9.337497e-06,8.937494e-06,8.266664e-06,5.891665e-06,8.616662e-06,7.749994e-06
3,101,93.77,1.29,4.270832e-06,3.708331e-06,3.516658e-06,8.366665e-06,4.362496e-06,8.633328e-06,8.287493e-06,6.874998e-06,7.508326e-06,7.795827e-06,9.166662e-06,8.724999e-06,8.10833e-06,5.724994e-06,8.462493e-06,7.57916e-06
3,102,93.93,1.28,4.220828e-06,3.683329e-06,3.533332e-06,8.166663e-06,4.216663e-06,8.41666e-06,8.062498e-06,6.791663e-06,7.316661e-06,7.666659e-06,9.02083e-06,8.545828e-06,7.93333e-06,5.541659e-06,8.299994e-06,7.441664e-06
3,103,94.09,1.27,4.141665e-06,3.683329e-06,3.462497e-06,7.999993e-06,4.274996e-06,8.266664e-06,7.899992e-06,6.658332e-06,7.19583e-06,7.529163e-06,8.84583e-06,8.379166e-06,7.779161e-06,5.395826e-06,8.141661e-06,7.270829e-06
3,104,94.249,1.26,4.095833e-06,3.562498e-06,3.474998e-06,7.816664e-06,4.166659e-06,8.062498e-06,7.637493e-06,6.483333e-06,6.999993e-06,7.358328e-06,8.649993e-06,8.149997e-06,7.629164e-06,5.229163e-06,7.987499e-06,7.112495e-06
3,105,94.409,1.25,4.037492e-06,3.570827e-06,3.44166e-06,7.633328e-06,4.116662e-06,7.899992e-06,7.462494e-06,6.337492e-06,6.783327e-06,7.233326e-06,8.387494e-06,7.862496e-06,7.374994e-06,5.037498e-06,7.808328e-06,6.870826e-06
3,106,94.569,1.24,4.00416e-06,3.566662e-06,3.370825e-06,7.474995e-06,4.012497e-06,7.683333e-06,7.241662e-06,6.129162e-06,6.662496e-06,7.041661e-06,8.274992e-06,7.754159e-06,7.233326e-06,4.845826e-06,7.633328e-06,6.741659e-06
3,107,94.729,1.23,3.929162e-06,3.54166e-06,3.337494e-06,7.220833e-06,3.954164e-06,7.504161e-06,7.045825e-06,6.083329e-06,6.433328e-06,6.8875e-06,8.049997e-06,7.554166e-06,7.062499e-06,4.616666e-06,7.449993e-06,6.504162e-06
3,108,94.889,1.22,3.849999e-06,3.558326e-06,3.295827e-06,7.104159e-06,3.916661e-06,7.387495e-06,6.92083e-06,5.949998e-06,6.287495e-06,6.762496e-06,7.904164e-06,7.408333e-06,6.841659e-06,4.412492e-06,7.270829e-06,6.329163e-06
3,109,95.048,1.21,3.841662e-06,3.483327e-06,3.320829e-06,6.962498e-06,3.858328e-06,7.258328e-06,6.73333e-06,5.812494e-06,6.145827e-06,6.562495e-06,7.691661e-06,7.19583e-06,6.704164e-06,4.258331e-06,7.104159e-06,6.208332e-06
3,110,95.208,1.2,3.804159e-06,3.504165e-06,3.258332e-06,6.795828e-06,3.841662e-06,7.108331e-06,6.66666e-06,5.683327e-06,6.029161e-06,6.437492e-06,7.516662e-06,7.104159e-06,6.541665e-06,4.074995e-06,6.958326e-06,6.01666e-06
3,111,95.368,1.19,3.749998e-06,3.462497e-06,3.274997e-06,6.687498e-06,3.804159e-06,6.974999e-06,6.645831e-06,5.583326e-06,5.904166e-06,6.220826e-06,7.408333e-06,6.949997e-06,6.420827e-06,3.924998e-06,6.804164e-06,5.966663e-06
3,112,95.528,1.18,3.754163e-06,3.445832e-06,3.26666e-06,6.533329e-06,3.81666e-06,6.929159e-06,6.624993e-06,5.516664e-06,5.766662e-06,6.208332e-06,7.254163e-06,6.874998e-06,6.27083e-06,3.770828e-06,6.637494e-06,5.895829e-06
3,113,95.688,1.17,3.71666e-06,3.449996e-06,3.254159e-06,6.408326e-06,3.733325e-06,6.849996e-06,6.704164e-06,5.408327e-06,5.754161e-06,6.070828e-06,7.120832e-06,6.824994e-06,6.124997e-06,3.666663e-06,6.529164e-06,5.833332e-06
3,114,95.848,1.16,3.729161e-06,3.374998e-06,3.224993e-06,6.262493e-06,3.749998e-06,6.816666e-06,6.749995e-06,5.370831e-06,5.749996e-06,6.008331e-06,6.974999e-06,6.783327e-06,6.079165e-06,3.529159e-06,6.45833e-06,5.858326e-06
3,115,96.007,1.15,3.699994e-06,3.404164e-06,3.212492e-06,6.233327e-06,3.741662e-06,6.808329e-06,6.924995e-06,5.27916e-06,5.737495e-06,5.904166e-06,6.94166e-06,6.808329e-06,6.058327e-06,3.474998e-06,6.329163e-06,5.870827e-06
3,116,96.167,1.14,3.712495e-06,3.362497e-06,3.179161e-06,6.162492e-06,3.683329e-06,6.799992e-06,7.016659e-06,5.237492e-06,5.766662e-06,5.84166e-06,6.783327e-06,6.845832e-06,6.020832e-06,3.429159e-06,6.283331e-06,5.949998e-06
3,117,96.327,1.13,3.670827e-06,3.362497e-06,3.16666e-06,6.162492e-06,3.733325e-06,6.816666e-06,7.174993e-06,5.25833e-06,5.791664e-06,5.833332e-06,6.791663e-06,6.858325e-06,6.020832e-06,3.395828e-06,6.279159e-06,5.983329e-06
3,118,96.487,1.12,3.679164e-06,3.337494e-06,3.074996e-06,6.133326e-06,3.69583e-06,6.874998e-06,7.266664e-06,5.17083e-06,5.858326e-06,5.774998e-06,6.799992e-06,6.891664e-06,6.024996e-06,3.44166e-06,6.216661e-06,6.062492e-06
3,119,96.647,1.11,3.662499e-06,3.245831e-06,3.116663e-06,6.104159e-06,3.724996e-06,6.945832e-06,7.374994e-06,5.208326e-06,5.92916e-06,5.758325e-06,6.770825e-06,6.962498e-06,6.116661e-06,3.470826e-06,6.262493e-06,6.104159e-06
3,120,96.806,1.1,3.662499e-06,3.199998e-06,3.045829e-06,6.137498e-06,3.69583e-06,7.020831e-06,7.612498e-06,5.233328e-06,6.079165e-06,5.824995e-06,6.73333e-06,7.066663e-06,6.133326e-06,3.516658e-06,6.283331e-06,6.258329e-06
3,121,96.966,1.09,3.679164e-06,3.237494e-06,3.037492e-06,6.166665e-06,3.71666e-06,7.145826e-06,7.724992e-06,5.241664e-06,6.124997e-06,5.858326e-06,6.758332e-06,7.154163e-06,6.27083e-06,3.620831e-06,6.27083e-06,6.329163e-06
3,122,97.126,1.08,3.687493e-06,3.229165e-06,3.066659e-06,6.262493e-06,3.745826e-06,7.191666e-06,7.841659e-06,5.274995e-06,6.249992e-06,5.920831e-06,6.845832e-06,7.249999e-06,6.358329e-06,3.741662e-06,6.387496e-06,6.437492e-06
3,123,97.286,1.07,3.674992e-06,3.195826e-06,3.004161e-06,6.354165e-06,3.749998e-06,7.358328e-06,7.970826e-06,5.316663e-06,6.399997e-06,6.037497e-06,6.92083e-06,7.379158e-06,6.462495e-06,3.920825e-06,6.483333e-06,6.574996e-06
3,124,97.446,1.06,3.704158e-06,3.124992e-06,2.974995e-06,6.449994e-06,3.758327e-06,7.529163e-06,8.066662e-06,5.399998e-06,6.537493e-06,6.112496e-06,7.058326e-06,7.508326e-06,6.624993e-06,4.049993e-06,6.599998e-06,6.645831e-06
3,125,97.605,1.05,3.691665e-06,3.137493e-06,2.949993e-06,6.620828e-06,3.779165e-06,7.633328e-06,8.208331e-06,5.429165e-06,6.695827e-06,6.220826e-06,7.166664e-06,7.645829e-06,6.741659e-06,4.24583e-06,6.745831e-06,6.770825e-06
3,126,97.765,1.04,3.766664e-06,3.016663e-06,2.970831e-06,6.741659e-06,3.808331e-06,7.824993e-06,8.337498e-06,5.512492e-06,6.795828e-06,6.366666e-06,7.30416e-06,7.733329e-06,6.82083e-06,4.374997e-06,6.866662e-06,6.912494e-06
3,127,97.925,1.03,3.745826e-06,3.108327e-06,2.929163e-06,6.841659e-06,3.783329e-06,7.93333e-06,8.458328e-06,5.612493e-06,6.929159e-06,6.429163e-06,7.395832e-06,7.841659e-06,7.00833e-06,4.524994e-06,7.020831e-06,7.020831e-06
3,128,98.085,1.02,3.762492e-06,3.087497e-06,2.912498e-06,6.999993e-06,3.783329e-06,8.037496e-06,8.50416e-06,5.641659e-06,7.066663e-06,6.595826e-06,7.562494e-06,7.995828e-06,7.11666e-06,4.733332e-06,7.129161e-06,7.095829e-06
3,129,98.245,1.01,3.745826e-06,3.049993e-06,2.904161e-06,7.095829e-06,3.858328e-06,8.191665e-06,8.645829e-06,5.820831e-06,7.158327e-06,6.716665e-06,7.691661e-06,8.124995e-06,7.270829e-06,4.858327e-06,7.28333e-06,7.212496e-06
3,130,98.405,1.0,3.762492e-06,3.054166e-06,2.849992e-06,7.245827e-06,3.829161e-06,8.254163e-06,8.695833e-06,5.858326e-06,7.295831e-06,6.799992e-06,7.816664e-06,8.245825e-06,7.341663e-06,4.966664e-06,7.312497e-06,7.329162e-06
3,131,98.564,0.99,3.774993e-06,2.970831e-06,2.841663e-06,7.395832e-06,3.845827e-06,8.408332e-06,8.766659e-06,5.958327e-06,7.366665e-06,6.933331e-06,7.937495e-06,8.312496e-06,7.487496e-06,5.17083e-06,7.541664e-06,7.458329e-06
3,132,98.724,0.98,3.81666e-06,2.979159e-06,2.824998e-06,7.512498e-06,3.899996e-06,8.512497e-06,8.874997e-06,6.041662e-06,7.454165e-06,7.020831e-06,8.045832e-06,8.445827e-06,7.599997e-06,5.295825e-06,7.633328e-06,7.529163e-06
3,133,98.884,0.97,3.812496e-06,2.933327e-06,2.80416e-06,7.624992e-06,3.891659e-06,8.608326e-06,8.949995e-06,6.170829e-06,7.595825e-06,7.120832e-06,8.145825e-06,8.50416e-06,7.649994e-06,5.412499e-06,7.720828e-06,7.633328e-06
3,134,99.044,0.96,3.820833e-06,2.916662e-06,2.78333e-06,7.729165e-06,3.937499e-06,8.695833e-06,8.937494e-06,6.233327e-06,7.649994e-06,7.233326e-06,8.266664e-06,8.616662e-06,7.749994e-06,5.53333e-06,7.899992e-06,7.716663e-06
3,135,99.204,0.95,3.804159e-06,2.874994e-06,2.733326e-06,7.858332e-06,3.829161e-06,8.804162e-06,9.095827e-06,6.329163e-06,7.7125e-06,7.299996e-06,8.383329e-06,8.65833e-06,7.862496e-06,5.637495e-06,7.94166e-06,7.783326e-06
3,136,99.363,0.94,3.866664e-06,2.854164e-06,2.733326e-06,7.937495e-06,3.958329e-06,8.895826e-06,9.145832e-06,6.470831e-06,7.808328e-06,7.395832e-06,8.516661e-06,8.75833e-06,7.966662e-06,5.762497e-06,8.079163e-06,7.883326e-06
3,137,99.523,0.93,3.866664e-06,2.874994e-06,2.679165e-06,8.029159e-06,3.966665e-06,8.93333e-06,9.191665e-06,6.499998e-06,7.895827e-06,7.424998e-06,8.554164e-06,8.870832e-06,8.024995e-06,5.879164e-06,8.133332e-06,7.945831e-06
3,138,99.683,0.92,3.887495e-06,2.816661e-06,2.68333e-06,8.10833e-06,3.979158e-06,8.991663e-06,9.229159e-06,6.604163e-06,7.937495e-06,7.512498e-06,8.670831e-06,8.887498e-06,8.104165e-06,5.937497e-06,8.19583e-06,8.024995e-06
3,139,99.843,0.91,3.81666e-06,2.795831e-06,2.620832e-06,8.199993e-06,3.983331e-06,9.070825e-06,9.258326e-06,6.595826e-06,7.987499e-06,7.583332e-06,8.729164e-06,8.954159e-06,8.170828e-06,6.041662e-06,8.29583e-06,8.045832e-06
3,140,100.003,0.9,3.90416e-06,2.78333e-06,2.579164e-06,8.249998e-06,3.983331e-06,9.145832e-06,9.312495e-06,6.73333e-06,8.033331e-06,7.624992e-06,8.795826e-06,9.012492e-06,8.208331e-06,6.112496e-06,8.333325e-06,8.099993e-06
3,141,100.162,0.89,3.866664e-06,2.720825e-06,2.604159e-06,8.312496e-06,3.983331e-06,9.199993e-06,9.345826e-06,6.808329e-06,8.099993e-06,7.699999e-06,8.887498e-06,9.083326e-06,8.258326e-06,6.174993e-06,8.408332e-06,8.170828e-06
3,142,100.322,0.88,3.88333e-06,2.733326e-06,2.566663e-06,8.395831e-06,4.012497e-06,9.249997e-06,9.412495e-06,6.845832e-06,8.133332e-06,7.724992e-06,8.924992e-06,9.12083e-06,8.324997e-06,6.283331e-06,8.420833e-06,8.220832e-06
3,143,100.482,0.87,3.912497e-06,2.670829e-06,2.541661e-06,8.479166e-06,4.016661e-06,9.287493e-06,9.383329e-06,6.908329e-06,8.174999e-06,7.74583e-06,8.954159e-06,9.116666e-06,8.383329e-06,6.341664e-06,8.479166e-06,8.262499e-06
3,144,100.642,0.86,3.887495e-06,2.654163e-06,2.504166e-06,8.479166e-06,4.049993e-06,9.304166e-06,9.429161e-06,6.966663e-06,8.224996e-06,7.841659e-06,9.033331e-06,9.199993e-06,8.408332e-06,6.420827e-06,8.558329e-06,8.291666e-06
3,145,100.802,0.85,3.90416e-06,2.654163e-06,2.470827e-06,8.529162e-06,4.012497e-06,9.349998e-06,9.474993e-06,7.02916e-06,8.274992e-06,7.841659e-06,9.070825e-06,9.216667e-06,8.479166e-06,6.466659e-06,8.599996e-06,8.345826e-06
3,146,100.962,0.84,3.858328e-06,2.566663e-06,2.474992e-06,8.608326e-06,4.058329e-06,9.399994e-06,9.483329e-06,7.099994e-06,8.308331e-06,7.904164e-06,9.14166e-06,9.275e-06,8.5375e-06,6.520828e-06,8.670831e-06,8.379166e-06
3,147,101.121,0.83,3.887495e-06,2.583329e-06,2.420831e-06,8.666659e-06,4.020826e-06,9.41666e-06,9.50416e-06,7.112495e-06,8.324997e-06,7.908328e-06,9.174999e-06,9.304166e-06,8.5375e-06,6.604163e-06,8.67916e-06,8.420833e-06
3,148,101.281,0.82,3.929162e-06,2.554162e-06,2.424995e-06,8.691661e-06,4.029163e-06,9.454163e-06,9.474993e-06,7.170828e-06,8.354164e-06,7.945831e-06,9.199993e-06,9.320831e-06,8.541663e-06,6.654159e-06,8.712498e-06,8.445827e-06
3,149,101.441,0.81,3.90416e-06,2.537497e-06,2.362498e-06,8.708326e-06,4.095833e-06,9.454163e-06,9.533326e-06,7.204159e-06,8.320832e-06,7.899992e-06,9.199993e-06,9.341661e-06,8.59166e-06,6.691662e-06,8.754166e-06,8.458328e-06
3,150,101.601,0.8,3.88333e-06,2.479164e-06,2.337496e-06,8.749994e-06,4.037492e-06,9.474993e-06,9.537498e-06,7.245827e-06,8.45e-06,8.016666e-06,9.229159e-06,9.362499e-06,8.649993e-06,6.737494e-06,8.795826e-06,8.520826e-06
3,151,101.761,0.79,3.887495e-06,2.454162e-06,2.34166e-06,8.804162e-06,4.09166e-06,9.516661e-06,9.58333e-06,7.279165e-06,8.445827e-06,8.058326e-06,9.299994e-06,9.379164e-06,8.691661e-06,6.745831e-06,8.804162e-06,8.529162e-06
3,152,101.92,0.78,3.874993e-06,2.454162e-06,2.208328e-06,8.837494e-06,4.083332e-06,9.545827e-06,9.570829e-06,7.312497e-06,8.499996e-06,8.074999e-06,9.304166e-06,9.391665e-06,8.691661e-06,6.766661e-06,8.820828e-06,8.533327e-06
3,153,102.08,0.77,3.908332e-06,2.395828e-06,2.304165e-06,8.833329e-06,4.079159e-06,9.566665e-06,9.566665e-06,7.366665e-06,8.499996e-06,8.070827e-06,9.358327e-06,9.39583e-06,8.745829e-06,6.854161e-06,8.891662e-06,8.583331e-06
3,154,102.24,0.76,3.849999e-06,2.391664e-06,2.262497e-06,8.883325e-06,4.108326e-06,9.58333e-06,9.599996e-06,7.366665e-06,8.524998e-06,8.104165e-06,9.366663e-06,9.458327e-06,8.704162e-06,6.916666e-06,8.912491e-06,8.574994e-06
3,155,102.4,0.75,3.870829e-06,2.345832e-06,2.224994e-06,8.908328e-06,4.049993e-06,9.58333e-06,9.558328e-06,7.424998e-06,8.533327e-06,8.104165e-06,9.345826e-06,9.449998e-06,8.783332e-06,6.949997e-06,8.904163e-06,8.654165e-06
3,156,102.56,0.74,3.899996e-06,2.333331e-06,2.183326e-06,8.924992e-06,4.083332e-06,9.591659e-06,9.58333e-06,7.416661e-06,8.545828e-06,8.133332e-06,9.374992e-06,9.483329e-06,8.741665e-06,6.958326e-06,8.93333e-06,8.670831e-06
3,157,102.72,0.73,3.899996e-06,2.287499e-06,2.158332e-06,8.979162e-06,4.049993e-06,9.616661e-06,9.570829e-06,7.429162e-06,8.545828e-06,8.133332e-06,9.383329e-06,9.479165e-06,8.799998e-06,7.033332e-06,8.958332e-06,8.662494e-06
3,158,102.879,0.72,3.858328e-06,2.270826e-06,2.15416e-06,8.929165e-06,4.087496e-06,9.633327e-06,9.566665e-06,7.483332e-06,8.541663e-06,8.154162e-06,9.391665e-06,9.474993e-06,8.820828e-06,7.049998e-06,8.974997e-06,8.683332e-06
3,159,103.039,0.71,3.854163e-06,2.25416e-06,2.124993e-06,9.016665e-06,4.083332e-06,9.591659e-06,9.608332e-06,7.504161e-06,8.566665e-06,8.162498e-06,9.354162e-06,9.49583e-06,8.820828e-06,7.087493e-06,8.96666e-06,8.708326e-06
3,160,103.199,0.7,3.88333e-06,2.199992e-06,2.095826e-06,9.012492e-06,4.062494e-06,9.620825e-06,9.570829e-06,7.512498e-06,8.620827e-06,8.183329e-06,9.458327e-06,9.499995e-06,8.841665e-06,7.133333e-06,9.004164e-06,8.737493e-06
,,,,,,,,,,,,,,,,,,,,3,1.07,0.7,0.7,1.07,1.07,1.11,1.16,1.07,1.1,1.06,1.07,1.11,1.09,1.09,1.07,1.12,1.11,0.7,0.7,1.11,1.14,1.14,1.18,1.12,1.15,1.11,1.1,1.16,1.14,1.13,1.12,1.17
4,0,103.455,0.7,3.879165e-06,2.220829e-06,2.091662e-06,8.979162e-06,4.070831e-06,9.595831e-06,9.595831e-06,7.49166e-06,8.612497e-06,8.166663e-06,9.408331e-06,9.50416e-06,8.799998e-06,7.099994e-06,8.924992e-06,8.670831e-06
4,1,103.614,0.71,3.949992e-06,2.258333e-06,2.162496e-06,8.937494e-06,4.070831e-06,9.620825e-06,9.541663e-06,7.466666e-06,8.566665e-06,8.158326e-06,9.387493e-06,9.437497e-06,8.804162e-06,6.999993e-06,8.962496e-06,8.708326e-06
4,2,103.774,0.72,3.929162e-06,2.324995e-06,2.166661e-06,8.899999e-06,4.054165e-06,9.570829e-06,9.541663e-06,7.387495e-06,8.541663e-06,8.145825e-06,9.349998e-06,9.32916e-06,8.770831e-06,7.024995e-06,8.945831e-06,8.666659e-06
4,3,103.934,0.73,3.929162e-06,2.329159e-06,2.204164e-06,8.862496e-06,3.983331e-06,9.541663e-06,9.541663e-06,7.324998e-06,8.545828e-06,8.091664e-06,9.304166e-06,9.333332e-06,8.745829e-06,7.00833e-06,8.895826e-06,8.65833e-06
4,4,104.094,0.74,3.887495e-06,2.379163e-06,2.266661e-06,8.824993e-06,3.995832e-06,9.470828e-06,9.487494e-06,7.320825e-06,8.50416e-06,8.083328e-06,9.249997e-06,9.32916e-06,8.716663e-06,6.883327e-06,8.887498e-06,8.579159e-06
4,5,104.254,0.75,3.88333e-06,2.420831e-06,2.220829e-06,8.724999e-06,4.012497e-06,9.479165e-06,9.491666e-06,7.204159e-06,8.466665e-06,8.033331e-06,9.212494e-06,9.283328e-06,8.65833e-06,6.833331e-06,8.804162e-06,8.566665e-06
4,6,104.413,0.76,3.895831e-06,2.429159e-06,2.23333e-06,8.733328e-06,3.987495e-06,9.454163e-06,9.429161e-06,7.166664e-06,8.441662e-06,8.029159e-06,9.174999e-06,9.249997e-06,8.662494e-06,6.808329e-06,8.708326e-06,8.529162e-06
4,7,104.573,0.77,3.829161e-06,2.483328e-06,2.291664e-06,8.654165e-06,3.958329e-06,9.39583e-06,9.391665e-06,7.091665e-06,8.399995e-06,7.970826e-06,9.112493e-06,9.204166e-06,8.587495e-06,6.766661e-06,8.774996e-06,8.474994e-06
4,8,104.733,0.78,3.845827e-06,2.479164e-06,2.34166e-06,8.59166e-06,3.941663e-06,9.333332e-06,9.345826e-06,7.033332e-06,8.345826e-06,7.916665e-06,9.033331e-06,9.099992e-06,8.579159e-06,6.695827e-06,8.691661e-06,8.462493e-06
4,9,104.893,0.79,3.837498e-06,2.487493e-06,2.379163e-06,8.512497e-06,3.924998e-06,9.262498e-06,9.337497e-06,6.958326e-06,8.304159e-06,7.912493e-06,8.983326e-06,9.112493e-06,8.474994e-06,6.637494e-06,8.687496e-06,8.358327e-06
4,10,105.053,0.8,3.804159e-06,2.50833e-06,2.387492e-06,8.429161e-06,3.887495e-06,9.254161e-06,9.312495e-06,6.883327e-06,8.245825e-06,7.83333e-06,8.916664e-06,9.074998e-06,8.420833e-06,6.56666e-06,8.583331e-06,8.333325e-06
4,11,105.213,0.81,3.808331e-06,2.541661e-06,2.362498e-06,8.283329e-06,3.912497e-06,9.191665e-06,9.249997e-06,6.774998e-06,8.220832e-06,7.791662e-06,8.862496e-06,8.974997e-06,8.424998e-06,6.474996e-06,8.48333e-06,8.312496e-06
4,12,105.372,0.82,3.783329e-06,2.574992e-06,2.362498e-06,8.304159e-06,3.866664e-06,9.112493e-06,9.208329e-06,6.749995e-06,8.166663e-06,7.716663e-06,8.762495e-06,8.929165e-06,8.312496e-06,6.437492e-06,8.50416e-06,8.22916e-06
4,13,105.532,0.83,3.762492e-06,2.579164e-06,2.454162e-06,8.149997e-06,3.837498e-06,9.074998e-06,9.129159e-06,6.66666e-06,8.079163e-06,7.624992e-06,8.649993e-06,8.862496e-06,8.283329e-06,6.308325e-06,8.41666e-06,8.19583e-06
4,14,105.692,0.84,3.729161e-06,2.579164e-06,2.449997e-06,8.099993e-06,3.804159e-06,8.983326e-06,9.099992e-06,6.541665e-06,8.037496e-06,7.637493e-06,8.59166e-06,8.820828e-06,8.204166e-06,6.233327e-06,8.362492e-06,8.104165e-06
4,15,105.852,0.85,3.69583e-06,2.629161e-06,2.470827e-06,8.004165e-06,3.791666e-06,8.870832e-06,8.987498e-06,6.449994e-06,7.974998e-06,7.554166e-06,8.495832e-06,8.724999e-06,8.120831e-06,6.112496e-06,8.274992e-06,8.037496e-06
4,16,106.012,0.86,3.69583e-06,2.608331e-06,2.462498e-06,7.899992e-06,3.774993e-06,8.84583e-06,8.970833e-06,6.399997e-06,7.899992e-06,7.508326e-06,8.437499e-06,8.662494e-06,8.074999e-06,6.045826e-06,8.137496e-06,7.991664e-06
4,17,106.171,0.87,3.674992e-06,2.620832e-06,2.512495e-06,7.820829e-06,3.733325e-06,8.737493e-06,8.958332e-06,6.299997e-06,7.862496e-06,7.387495e-06,8.274992e-06,8.566665e-06,7.924994e-06,5.916659e-06,8.091664e-06,7.895827e-06
4,18,106.331,0.88,3.691665e-06,2.666664e-06,2.537497e-06,7.704162e-06,3.729161e-06,8.674995e-06,8.883325e-06,6.199996e-06,7.758331e-06,7.324998e-06,8.241662e-06,8.499996e-06,7.929166e-06,5.845833e-06,8.04166e-06,7.841659e-06
4,19,106.491,0.89,3.649998e-06,2.687494e-06,2.562499e-06,7.595825e-06,3.699994e-06,8.562493e-06,8.833329e-06,6.112496e-06,7.67916e-06,7.249999e-06,8.12916e-06,8.466665e-06,7.824993e-06,5.745832e-06,7.966662e-06,7.737493e-06
4,20,106.651,0.9,3.658326e-06,2.708332e-06,2.583329e-06,7.504161e-06,3.641661e-06,8.479166e-06,8.745829e-06,5.991666e-06,7.629164e-06,7.149999e-06,8.024995e-06,8.370828e-06,7.729165e-06,5.670825e-06,7.824993e-06,7.695826e-06
4,21,106.811,0.91,3.641661e-06,2.733326e-06,2.599994e-06,7.399996e-06,3.670827e-06,8.308331e-06,8.683332e-06,5.941661e-06,7.529163e-06,7.066663e-06,7.94166e-06,8.22916e-06,7.637493e-06,5.487498e-06,7.7125e-06,7.574995e-06
4,22,106.97,0.92,3.587492e-06,2.758328e-06,2.587493e-06,7.170828e-06,3.674992e-06,8.279165e-06,8.629163e-06,5.812494e-06,7.441664e-06,6.987492e-06,7.824993e-06,8.208331e-06,7.516662e-06,5.35833e-06,7.624992e-06,7.49166e-06
4,23,107.13,0.93,3.658326e-06,2.695831e-06,2.654163e-06,7.149999e-06,3.645825e-06,8.19583e-06,8.545828e-06,5.737495e-06,7.333326e-06,6.874998e-06,7.620828e-06,8.095829e-06,7.345827e-06,5.299997e-06,7.508326e-06,7.412497e-06
4,24,107.29,0.94,3.566662e-06,2.824998e-06,2.645826e-06,7.012494e-06,3.649998e-06,8.054161e-06,8.462493e-06,5.637495e-06,7.21666e-06,6.704164e-06,7.599997e-06,8.02083e-06,7.316661e-06,5.133327e-06,7.387495e-06,7.30416e-06
4,25,107.45,0.95,3.570827e-06,2.80416e-06,2.699995e-06,6.883327e-06,3.591665e-06,7.966662e-06,8.408332e-06,5.55416e-06,7.1625e-06,6.645831e-06,7.499997e-06,7.908328e-06,7.199995e-06,4.945827e-06,7.224997e-06,7.21666e-06
4,26,107.61,0.96,3.583328e-06,2.837499e-06,2.654163e-06,6.745831e-06,3.524995e-06,7.849995e-06,8.31666e-06,5.424992e-06,7.020831e-06,6.520828e-06,7.341663e-06,7.791662e-06,7.074992e-06,4.833333e-06,7.120832e-06,7.054162e-06
4,27,107.77,0.97,3.558326e-06,2.837499e-06,2.708332e-06,6.549994e-06,3.591665e-06,7.729165e-06,8.233333e-06,5.341665e-06,6.883327e-06,6.358329e-06,7.254163e-06,7.699999e-06,6.933331e-06,4.649997e-06,6.970827e-06,6.962498e-06
4,28,107.929,0.98,3.554161e-06,2.824998e-06,2.774994e-06,6.508326e-06,3.570827e-06,7.624992e-06,8.137496e-06,5.329164e-06,6.795828e-06,6.245828e-06,7.091665e-06,7.587496e-06,6.729166e-06,4.479162e-06,6.837495e-06,6.837495e-06
4,29,108.089,0.99,3.491664e-06,2.895832e-06,2.762492e-06,6.387496e-06,3.554161e-06,7.495833e-06,8.074999e-06,5.233328e-06,6.654159e-06,6.087494e-06,6.916666e-06,7.504161e-06,6.699999e-06,4.349994e-06,6.691662e-06,6.716665e-06
4,30,108.249,1.0,3.54166e-06,2.929163e-06,2.766665e-06,6.295832e-06,3.508329e-06,7.362493e-06,7.924994e-06,5.145828e-06,6.508326e-06,5.991666e-06,6.92083e-06,7.374994e-06,6.529164e-06,4.15833e-06,6.54583e-06,6.554159e-06
4,31,108.409,1.01,3.52083e-06,2.924999e-06,2.779166e-06,6.170829e-06,3.474998e-06,7.229161e-06,7.85416e-06,5.099996e-06,6.379159e-06,5.937497e-06,6.808329e-06,7.308332e-06,6.362494e-06,4.00416e-06,6.408326e-06,6.441664e-06
4,32,108.569,1.02,3.554161e-06,2.99166e-06,2.791659e-06,6.104159e-06,3.399992e-06,7.145826e-06,7.720828e-06,5.033326e-06,6.237499e-06,5.80833e-06,6.724993e-06,7.129161e-06,6.262493e-06,3.849999e-06,6.279159e-06,6.29166e-06
4,33,108.728,1.03,3.508329e-06,2.974995e-06,2.812497e-06,5.999994e-06,3.529159e-06,7.049998e-06,7.654166e-06,5.083331e-06,6.141663e-06,5.733331e-06,6.670833e-06,7.079164e-06,6.149999e-06,3.670827e-06,6.199996e-06,6.241663e-06
4,34,108.888,1.04,3.504165e-06,2.995825e-06,2.854164e-06,5.991666e-06,3.499993e-06,6.916666e-06,7.57916e-06,4.974993e-06,6.004159e-06,5.608328e-06,6.587497e-06,6.987492e-06,6.041662e-06,3.612495e-06,6.099995e-06,6.145827e-06
4,35,109.048,1.05,3.516658e-06,3.024999e-06,2.887495e-06,5.933332e-06,3.495828e-06,6.858325e-06,7.416661e-06,4.979165e-06,5.866663e-06,5.620829e-06,6.583325e-06,6.891664e-06,5.949998e-06,3.491664e-06,6.049999e-06,6.041662e-06
4,36,109.208,1.06,3.454161e-06,3.033328e-06,2.854164e-06,5.90833e-06,3.474998e-06,6.791663e-06,7.337499e-06,4.995831e-06,5.787492e-06,5.624994e-06,6.549994e-06,6.883327e-06,5.887493e-06,3.412493e-06,6.066664e-06,5.941661e-06
4,37,109.368,1.07,3.529159e-06,3.108327e-06,2.912498e-06,5.949998e-06,3.495828e-06,6.741659e-06,7.170828e-06,4.941662e-06,5.737495e-06,5.591663e-06,6.549994e-06,6.804164e-06,5.854161e-06,3.35416e-06,6.020832e-06,5.833332e-06
4,38,109.527,1.08,3.545833e-06,3.070831e-06,2.924999e-06,5.920831e-06,3.483327e-06,6.691662e-06,7.091665e-06,4.970829e-06,5.658333e-06,5.604164e-06,6.56666e-06,6.716665e-06,5.824995e-06,3.324993e-06,6.058327e-06,5.783327e-06
4,39,109.687,1.09,3.537496e-06,3.14583e-06,2.941664e-06,5.983329e-06,3.508329e-06,6.641666e-06,7.020831e-06,4.995831e-06,5.612493e-06,5.591663e-06,6.583325e-06,6.712492e-06,5.699992e-06,3.341659e-06,6.074993e-06,5.708329e-06
4,40,109.847,1.1,3.54166e-06,3.179161e-06,3.029164e-06,6.008331e-06,3.504165e-06,6.608327e-06,6.899993e-06,5.008332e-06,5.570825e-06,5.683327e-06,6.624993e-06,6.654159e-06,5.812494e-06,3.366661e-06,6.087494e-06,5.637495e-06
4,41,110.007,1.11,3.549997e-06,3.241658e-06,3.033328e-06,6.079165e-06,3.562498e-06,6.595826e-06,6.774998e-06,5.074994e-06,5.579162e-06,5.762497e-06,6.662496e-06,6.637494e-06,5.845833e-06,3.399992e-06,6.199996e-06,5.612493e-06
4,42,110.167,1.12,3.587492e-06,3.195826e-06,3.024999e-06,6.116661e-06,3.524995e-06,6.570832e-06,6.683326e-06,5.129163e-06,5.595827e-06,5.812494e-06,6.73333e-06,6.595826e-06,5.899994e-06,3.491664e-06,6.254164e-06,5.616665e-06
4,43,110.327,1.13,3.533332e-06,3.199998e-06,3.095826e-06,6.224998e-06,3.570827e-06,6.662496e-06,6.637494e-06,5.183331e-06,5.645832e-06,5.899994e-06,6.766661e-06,6.595826e-06,5.991666e-06,3.562498e-06,6.333327e-06,5.529165e-06
4,44,110.486,1.14,3.62916e-06,3.283326e-06,3.112499e-06,6.312498e-06,3.566662e-06,6.641666e-06,6.549994e-06,5.241664e-06,5.716666e-06,6.024996e-06,6.824994e-06,6.620828e-06,6.079165e-06,3.683329e-06,6.416662e-06,5.679162e-06
4,45,110.646,1.15,3.683329e-06,3.291663e-06,3.154159e-06,6.408326e-06,3.604166e-06,6.749995e-06,6.516663e-06,5.320827e-06,5.791664e-06,6.066664e-06,6.987492e-06,6.695827e-06,6.199996e-06,3.787494e-06,6.570832e-06,5.745832e-06
4,46,110.806,1.16,3.674992e-06,3.349996e-06,3.116663e-06,6.512499e-06,3.683329e-06,6.854161e-06,6.483333e-06,5.404162e-06,5.883328e-06,6.274994e-06,7.070827e-06,6.691662e-06,6.333327e-06,3.933326e-06,6.708328e-06,5.84166e-06
4,47,110.966,1.17,3.708331e-06,3.341659e-06,3.16666e-06,6.645831e-06,3.687493e-06,6.924995e-06,6.491661e-06,5.487498e-06,6.024996e-06,6.379159e-06,7.224997e-06,6.783327e-06,6.47916e-06,4.124999e-06,6.829158e-06,6.01666e-06
4,48,111.126,1.18,3.745826e-06,3.329166e-06,3.254159e-06,6.737494e-06,3.670827e-06,7.070827e-06,6.541665e-06,5.604164e-06,6.099995e-06,6.541665e-06,7.333326e-06,6.904165e-06,6.612492e-06,4.220828e-06,7.00833e-06,6.124997e-06
4,49,111.285,1.19,3.799995e-06,3.462497e-06,3.245831e-06,6.92083e-06,3.779165e-06,7.187494e-06,6.641666e-06,5.712493e-06,6.283331e-06,6.662496e-06,7.512498e-06,7.00833e-06,6.799992e-06,4.441659e-06,7.199995e-06,6.287495e-06
4,50,111.445,1.2,3.879165e-06,3.449996e-06,3.291663e-06,7.054162e-06,3.845827e-06,7.349992e-06,6.73333e-06,5.816658e-06,6.412498e-06,6.804164e-06,7.670832e-06,7.141662e-06,6.995829e-06,4.633331e-06,7.349992e-06,6.437492e-06
4,51,111.605,1.21,3.908332e-06,3.516658e-06,3.308328e-06,7.220833e-06,3.924998e-06,7.47083e-06,6.874998e-06,5.949998e-06,6.583325e-06,6.974999e-06,7.816664e-06,7.329162e-06,7.149999e-06,4.716659e-06,7.508326e-06,6.583325e-06
4,52,111.765,1.22,3.966665e-06,3.495828e-06,3.33333e-06,7.387495e-06,3.924998e-06,7.629164e-06,7.024995e-06,6.066664e-06,6.770825e-06,7.11666e-06,8.04166e-06,7.487496e-06,7.316661e-06,4.98333e-06,7.674996e-06,6.824994e-06
4,53,111.925,1.23,4.045828e-06,3.54166e-06,3.374998e-06,7.524999e-06,4.049993e-06,7.770833e-06,7.220833e-06,6.216661e-06,6.904165e-06,7.274993e-06,8.199993e-06,7.67916e-06,7.441664e-06,5.129163e-06,7.849995e-06,6.945832e-06
4,54,112.084,1.24,4.087496e-06,3.604166e-06,3.387499e-06,7.683333e-06,4.070831e-06,7.966662e-06,7.424998e-06,6.370831e-06,7.112495e-06,7.416661e-06,8.412496e-06,7.85416e-06,7.612498e-06,5.312499e-06,7.958332e-06,7.141662e-06
4,55,112.244,1.25,4.166659e-06,3.60833e-06,3.437495e-06,7.862496e-06,4.166659e-06,8.12916e-06,7.612498e-06,6.554159e-06,7.21666e-06,7.541664e-06,8.512497e-06,8.033331e-06,7.708327e-06,5.462496e-06,8.174999e-06,7.299996e-06
4,56,112.404,1.26,4.224992e-06,3.687493e-06,3.449996e-06,8.012494e-06,4.258331e-06,8.237497e-06,7.820829e-06,6.63333e-06,7.379158e-06,7.641665e-06,8.720827e-06,8.241662e-06,7.945831e-06,5.63333e-06,8.308331e-06,7.429162e-06
4,57,112.564,1.27,4.308327e-06,3.712495e-06,3.533332e-06,8.191665e-06,4.333329e-06,8.45e-06,8.016666e-06,6.758332e-06,7.516662e-06,7.787497e-06,8.916664e-06,8.404159e-06,8.066662e-06,5.729159e-06,8.41666e-06,7.608326e-06
4,58,112.724,1.28,4.258331e-06,3.758327e-06,3.52083e-06,8.370828e-06,4.395827e-06,8.512497e-06,8.22916e-06,6.895828e-06,7.612498e-06,7.920829e-06,9.024993e-06,8.595832e-06,8.208331e-06,5.887493e-06,8.57083e-06,7.7125e-06
4,59,112.884,1.29,4.43333e-06,3.745826e-06,3.487492e-06,8.48333e-06,4.43333e-06,8.695833e-06,8.391658e-06,6.999993e-06,7.762495e-06,7.962497e-06,9.237496e-06,8.804162e-06,8.341662e-06,6.045826e-06,8.67916e-06,7.858332e-06
4,60,113.043,1.3,4.470825e-06,3.787494e-06,3.549997e-06,8.59166e-06,4.504164e-06,8.870832e-06,8.562493e-06,7.183329e-06,7.908328e-06,8.116658e-06,9.374992e-06,8.904163e-06,8.462493e-06,6.129162e-06,8.833329e-06,8.016666e-06
4,61,113.203,1.31,4.545832e-06,3.829161e-06,3.604166e-06,8.787497e-06,4.537495e-06,9.004164e-06,8.774996e-06,7.266664e-06,8.012494e-06,8.158326e-06,9.462499e-06,9.124994e-06,8.549992e-06,6.262493e-06,8.887498e-06,8.133332e-06
4,62,113.363,1.32,4.637496e-06,3.858328e-06,3.683329e-06,8.962496e-06,4.64166e-06,9.233332e-06,8.870832e-06,7.483332e-06,8.12916e-06,8.237497e-06,9.708333e-06,9.266662e-06,8.712498e-06,6.387496e-06,9.02083e-06,8.262499e-06
4,63,113.523,1.33,4.683327e-06,3.912497e-06,3.720832e-06,9.104165e-06,4.724996e-06,9.366663e-06,9.112493e-06,7.57916e-06,8.237497e-06,8.441662e-06,9.779159e-06,9.399994e-06,8.816663e-06,6.512499e-06,9.154161e-06,8.337498e-06
4,64,113.683,1.34,4.745825e-06,3.937499e-06,3.708331e-06,9.229159e-06,4.79583e-06,9.562493e-06,9.183327e-06,7.687497e-06,8.362492e-06,8.529162e-06,9.929165e-06,9.508331e-06,8.899999e-06,6.637494e-06,9.179163e-06,8.41666e-06
4,65,113.842,1.35,4.816659e-06,4.00416e-06,3.812496e-06,9.420832e-06,4.858327e-06,9.629162e-06,9.437497e-06,7.849995e-06,8.441662e-06,8.637492e-06,1.004583e-05,9.691659e-06,9.049996e-06,6.729166e-06,9.358327e-06,8.654165e-06
4,66,114.002,1.36,4.966664e-06,4.074995e-06,3.81666e-06,9.524997e-06,4.987494e-06,9.833328e-06,9.599996e-06,7.983327e-06,8.558329e-06,8.699997e-06,1.022083e-05,9.845829e-06,9.129159e-06,6.895828e-06,9.445826e-06,8.733328e-06
4,67,114.162,1.37,5.004159e-06,4.054165e-06,3.854163e-06,9.624998e-06,5.033326e-06,9.970832e-06,9.679158e-06,8.104165e-06,8.662494e-06,8.841665e-06,1.0349997e-05,9.995826e-06,9.249997e-06,6.954161e-06,9.554164e-06,8.854158e-06
4,68,114.322,1.38,5.054164e-06,4.141665e-06,3.912497e-06,9.774994e-06,5.129163e-06,1.0099999e-05,9.829164e-06,8.187492e-06,8.754166e-06,8.937494e-06,1.0399994e-05,1.0104163e-05,9.320831e-06,7.095829e-06,9.654164e-06,8.96666e-06
4,69,114.482,1.39,5.195832e-06,4.137492e-06,3.945827e-06,9.924992e-06,5.179159e-06,1.0262497e-05,9.999999e-06,8.354164e-06,8.841665e-06,9.02083e-06,1.0591666e-05,1.0254161e-05,9.433325e-06,7.21666e-06,9.716662e-06,9.058333e-06
4,70,114.642,1.4,5.208326e-06,4.174995e-06,4.00416e-06,1.0024993e-05,5.320827e-06,1.0341661e-05,1.0104163e-05,8.45e-06,8.887498e-06,9.091664e-06,1.0604159e-05,1.0412495e-05,9.554164e-06,7.262492e-06,9.829164e-06,9.199993e-06
4,71,114.801,1.41,5.324991e-06,4.254158e-06,4.016661e-06,1.0158332e-05,5.354166e-06,1.0512495e-05,1.0237495e-05,8.612497e-06,8.999999e-06,9.166662e-06,1.080416e-05,1.0483329e-05,9.599996e-06,7.387495e-06,9.941666e-06,9.304166e-06
4,72,114.961,1.42,5.412499e-06,4.287497e-06,4.083332e-06,1.0254161e-05,5.462496e-06,1.0654163e-05,1.0362498e-05,8.729164e-06,9.108328e-06,9.279163e-06,1.0858329e-05,1.0645826e-05,9.741664e-06,7.458329e-06,1.0020828e-05,9.387493e-06
4,73,115.121,1.43,5.483325e-06,4.341666e-06,4.058329e-06,1.0387492e-05,5.524993e-06,1.0699995e-05,1.0487493e-05,8.75833e-06,9.195828e-06,9.345826e-06,1.0999997e-05,1.0737499e-05,9.841665e-06,7.533328e-06,1.0079161e-05,9.433325e-06
4,74,115.281,1.44,5.537494e-06,4.358331e-06,4.108326e-06,1.0433332e-05,5.63333e-06,1.0754164e-05,1.0591666e-05,8.96666e-06,9.258326e-06,9.366663e-06,1.1108327e-05,1.0858329e-05,9.912499e-06,7.670832e-06,1.0166661e-05,9.545827e-06
4,75,115.441,1.45,5.645832e-06,4.391662e-06,4.216663e-06,1.0549998e-05,5.674998e-06,1.0941664e-05,1.0712496e-05,9.104165e-06,9.320831e-06,9.474993e-06,1.1220829e-05,1.0937492e-05,9.987497e-06,7.662495e-06,1.0237495e-05,9.612497e-06
4,76,115.6,1.46,5.670825e-06,4.391662e-06,4.15833e-06,1.0699995e-05,5.737495e-06,1.1033329e-05,1.0845828e-05,9.170826e-06,9.420832e-06,9.595831e-06,1.132083e-05,1.1074996e-05,1.0058331e-05,7.837494e-06,1.0341661e-05,9.741664e-06
4,77,115.76,1.47,5.770826e-06,4.499992e-06,4.254158e-06,1.0808333e-05,5.862498e-06,1.1137494e-05,1.0920827e-05,9.320831e-06,9.420832e-06,9.674995e-06,1.1345832e-05,1.1149995e-05,1.0129165e-05,7.870825e-06,1.0404166e-05,9.804161e-06
4,78,115.92,1.48,5.858326e-06,4.554161e-06,4.324992e-06,1.0899997e-05,5.895829e-06,1.123333e-05,1.1008327e-05,9.374992e-06,9.562493e-06,9.754165e-06,1.1516667e-05,1.132083e-05,1.024166e-05,8.037496e-06,1.0458326e-05,9.887497e-06
4,79,116.08,1.49,5.991666e-06,4.604165e-06,4.379161e-06,1.0991661e-05,5.983329e-06,1.1341659e-05,1.1116664e-05,9.491666e-06,9.595831e-06,9.808326e-06,1.1604166e-05,1.1379162e-05,1.0337496e-05,8.070827e-06,1.0574992e-05,9.941666e-06
4,80,116.24,1.5,5.974992e-06,4.62083e-06,4.36666e-06,1.1108327e-05,6.108331e-06,1.1454161e-05,1.1270833e-05,9.58333e-06,9.695832e-06,9.85833e-06,1.1749999e-05,1.1499993e-05,1.0349997e-05,8.133332e-06,1.0587493e-05,1.0049995e-05
4,81,116.399,1.49,5.758325e-06,4.529158e-06,4.224992e-06,1.095833e-05,5.958327e-06,1.1316665e-05,1.1087497e-05,9.420832e-06,9.612497e-06,9.799997e-06,1.1604166e-05,1.1287499e-05,1.0262497e-05,8.054161e-06,1.0429159e-05,9.954158e-06
4,82,116.559,1.48,5.612493e-06,4.458332e-06,4.17916e-06,1.0816661e-05,5.80833e-06,1.116666e-05,1.0941664e-05,9.366663e-06,9.479165e-06,9.674995e-06,1.1470826e-05,1.1212492e-05,1.0116664e-05,7.945831e-06,1.0441661e-05,9.849993e-06
4,83,116.719,1.47,5.566661e-06,4.383326e-06,4.199997e-06,1.0666665e-05,5.754161e-06,1.1079161e-05,1.0841663e-05,9.204166e-06,9.391665e-06,9.512496e-06,1.1345832e-05,1.1095826e-05,1.0074997e-05,7.85416e-06,1.0345832e-05,9.770831e-06
4,84,116.879,1.46,5.462496e-06,4.299998e-06,4.145829e-06,1.0562499e-05,5.624994e-06,1.0954165e-05,1.0741663e-05,9.070825e-06,9.316659e-06,9.524997e-06,1.1291663e-05,1.097916e-05,1.0024993e-05,7.737493e-06,1.0283327e-05,9.674995e-06
4,85,117.039,1.45,5.391661e-06,4.270832e-06,4.062494e-06,1.0454162e-05,5.574997e-06,1.0787495e-05,1.0658327e-05,8.987498e-06,9.229159e-06,9.454163e-06,1.1154159e-05,1.0904161e-05,9.887497e-06,7.67916e-06,1.0145831e-05,9.533326e-06
4,86,117.199,1.44,5.374996e-06,4.262495e-06,3.995832e-06,1.0387492e-05,5.508327e-06,1.0741663e-05,1.0491665e-05,8.883325e-06,9.187492e-06,9.316659e-06,1.1049994e-05,1.0845828e-05,9.79166e-06,7.566658e-06,1.0062496e-05,9.399994e-06
4,87,117.358,1.43,5.233328e-06,4.187496e-06,4.008325e-06,1.0245832e-05,5.437493e-06,1.0612495e-05,1.0424996e-05,8.787497e-06,9.049996e-06,9.287493e-06,1.0945829e-05,1.0587493e-05,9.741664e-06,7.366665e-06,1.0024993e-05,9.379164e-06
4,88,117.518,1.42,5.204161e-06,4.174995e-06,3.949992e-06,1.0174997e-05,5.333328e-06,1.052916e-05,1.0279163e-05,8.666659e-06,8.958332e-06,9.154161e-06,1.0754164e-05,1.058333e-05,9.60416e-06,7.391659e-06,9.891661e-06,9.279163e-06
4,89,117.678,1.41,5.095832e-06,4.087496e-06,3.933326e-06,1.0070833e-05,5.262494e-06,1.0391665e-05,1.0174997e-05,8.579159e-06,8.883325e-06,9.070825e-06,1.0745827e-05,1.0429159e-05,9.541663e-06,7.274993e-06,9.799997e-06,9.174999e-06
4,90,117.838,1.4,5.016661e-06,4.099997e-06,3.879165e-06,9.920827e-06,5.19166e-06,1.0245832e-05,1.0037494e-05,8.437499e-06,8.816663e-06,8.995827e-06,1.0633325e-05,1.0345832e-05,9.408331e-06,7.166664e-06,9.729163e-06,9.066661e-06
4,91,117.998,1.39,4.962492e-06,4.058329e-06,3.854163e-06,9.820827e-06,5.158329e-06,1.0208329e-05,9.874995e-06,8.291666e-06,8.67916e-06,8.895826e-06,1.0479164e-05,1.0195828e-05,9.337497e-06,7.045825e-06,9.579166e-06,8.941666e-06
4,92,118.157,1.38,4.845826e-06,3.90416e-06,3.808331e-06,9.629162e-06,5.041663e-06,1.0041666e-05,9.774994e-06,8.145825e-06,8.558329e-06,8.841665e-06,1.0354162e-05,1.0070833e-05,9.166662e-06,6.924995e-06,9.562493e-06,8.820828e-06
4,93,118.317,1.37,4.816659e-06,3.966665e-06,3.737497e-06,9.545827e-06,4.962492e-06,9.883332e-06,9.645828e-06,8.02083e-06,8.50416e-06,8.67916e-06,1.0283327e-05,9.970832e-06,9.087499e-06,6.787499e-06,9.433325e-06,8.695833e-06
4,94,118.477,1.36,4.70833e-06,3.90416e-06,3.754163e-06,9.374992e-06,4.891666e-06,9.762493e-06,9.483329e-06,7.908328e-06,8.374993e-06,8.608326e-06,1.0149995e-05,9.795833e-06,8.991663e-06,6.708328e-06,9.287493e-06,8.587495e-06
4,95,118.637,1.35,4.629159e-06,3.854163e-06,3.687493e-06,9.199993e-06,4.779164e-06,9.574994e-06,9.249997e-06,7.762495e-06,8.237497e-06,8.512497e-06,9.987497e-06,9.674995e-06,8.891662e-06,6.587497e-06,9.195828e-06,8.462493e-06
4,96,118.797,1.34,4.604165e-06,3.81666e-06,3.687493e-06,9.112493e-06,4.720831e-06,9.374992e-06,9.137495e-06,7.612498e-06,8.137496e-06,8.349999e-06,9.920827e-06,9.529162e-06,8.712498e-06,6.441664e-06,9.087499e-06,8.362492e-06
4,97,118.957,1.33,4.499992e-06,3.745826e-06,3.62916e-06,8.937494e-06,4.658325e-06,9.237496e-06,8.987498e-06,7.487496e-06,7.995828e-06,8.270827e-06,9.745829e-06,9.383329e-06,8.629163e-06,6.304161e-06,8.949995e-06,8.19583e-06
4,98,119.116,1.32,4.445831e-06,3.791666e-06,3.562498e-06,8.762495e-06,4.562497e-06,9.112493e-06,8.833329e-06,7.362493e-06,7.924994e-06,8.158326e-06,9.624998e-06,9.212494e-06,8.48333e-06,6.191659e-06,8.837494e-06,8.062498e-06
4,99,119.276,1.31,4.383326e-06,3.708331e-06,3.52083e-06,8.65833e-06,4.508328e-06,8.949995e-06,8.645829e-06,7.224997e-06,7.733329e-06,8.037496e-06,9.337497e-06,9.024993e-06,8.370828e-06,6.033325e-06,8.716663e-06,7.924994e-06
4,100,119.436,1.3,4.333329e-06,3.724996e-06,3.524995e-06,8.479166e-06,4.408328e-06,8.766659e-06,8.48333e-06,7.087493e-06,7.620828e-06,7.895827e-06,9.291664e-06,8.874997e-06,8.204166e-06,5.883328e-06,8.566665e-06,7.720828e-06
4,101,119.596,1.29,4.262495e-06,3.666663e-06,3.508329e-06,8.345826e-06,4.333329e-06,8.612497e-06,8.262499e-06,6.904165e-06,7.462494e-06,7.76666e-06,9.133331e-06,8.687496e-06,8.079163e-06,5.729159e-06,8.437499e-06,7.599997e-06
4,102,119.756,1.28,4.162494e-06,3.604166e-06,3.433331e-06,8.145825e-06,4.291662e-06,8.404159e-06,8.012494e-06,6.745831e-06,7.28333e-06,7.633328e-06,8.970833e-06,8.487495e-06,7.895827e-06,5.529165e-06,8.299994e-06,7.416661e-06
4,103,119.915,1.27,4.141665e-06,3.620831e-06,3.412493e-06,7.991664e-06,4.199997e-06,8.258326e-06,7.849995e-06,6.63333e-06,7.141662e-06,7.495833e-06,8.783332e-06,8.299994e-06,7.762495e-06,5.320827e-06,8.099993e-06,7.249999e-06
4,104,120.075,1.26,4.049993e-06,3.570827e-06,3.399992e-06,7.791662e-06,4.129163e-06,8.04166e-06,7.620828e-06,6.508326e-06,6.949997e-06,7.337499e-06,8.566665e-06,8.116658e-06,7.570831e-06,5.187495e-06,7.949996e-06,7.054162e-06
4,105,120.235,1.25,3.949992e-06,3.524995e-06,3.383326e-06,7.662495e-06,4.074995e-06,7.866661e-06,7.445828e-06,6.345828e-06,6.75416e-06,7.233326e-06,8.466665e-06,7.966662e-06,7.395832e-06,5.033326e-06,7.762495e-06,6.870826e-06
4,106,120.395,1.24,3.912497e-06,3.52083e-06,3.324993e-06,7.466666e-06,4.00416e-06,7.754159e-06,7.204159e-06,6.216661e-06,6.599998e-06,7.041661e-06,8.262499e-06,7.733329e-06,7.229161e-06,4.820832e-06,7.612498e-06,6.641666e-06
4,107,120.555,1.23,3.891659e-06,3.504165e-06,3.316665e-06,7.212496e-06,3.999996e-06,7.562494e-06,7.041661e-06,6.054163e-06,6.45833e-06,6.912494e-06,8.049997e-06,7.566658e-06,7.012494e-06,4.612494e-06,7.433327e-06,6.487497e-06
4,108,120.714,1.22,3.849999e-06,3.483327e-06,3.237494e-06,7.154163e-06,3.90416e-06,7.395832e-06,6.879163e-06,5.949998e-06,6.299997e-06,6.66666e-06,7.866661e-06,7.37083e-06,6.879163e-06,4.470825e-06,7.249999e-06,6.362494e-06
4,109,120.874,1.21,3.79583e-06,3.466662e-06,3.291663e-06,6.937496e-06,3.829161e-06,7.199995e-06,6.716665e-06,5.80833e-06,6.129162e-06,6.579161e-06,7.658331e-06,7.141662e-06,6.708328e-06,4.199997e-06,7.066663e-06,6.145827e-06
4,110,121.034,1.2,3.745826e-06,3.445832e-06,3.241658e-06,6.791663e-06,3.824997e-06,7.070827e-06,6.63333e-06,5.670825e-06,5.941661e-06,6.366666e-06,7.529163e-06,7.070827e-06,6.470831e-06,4.074995e-06,6.899993e-06,6.024996e-06
4,111,121.194,1.19,3.729161e-06,3.391663e-06,3.26666e-06,6.674997e-06,3.774993e-06,6.974999e-06,6.604163e-06,5.541659e-06,5.854161e-06,6.287495e-06,7.362493e-06,6.937496e-06,6.408326e-06,3.90416e-06,6.724993e-06,5.933332e-06
4,112,121.354,1.18,3.616659e-06,3.408329e-06,3.220828e-06,6.499998e-06,3.720832e-06,6.787499e-06,6.624993e-06,5.44583e-06,5.783327e-06,6.145827e-06,7.208331e-06,6.783327e-06,6.229162e-06,3.741662e-06,6.595826e-06,5.758325e-06
4,113,121.514,1.17,3.654162e-06,3.345831e-06,3.191662e-06,6.408326e-06,3.699994e-06,6.837495e-06,6.637494e-06,5.362495e-06,5.729159e-06,6.01666e-06,7.066663e-06,6.795828e-06,6.112496e-06,3.595829e-06,6.491661e-06,5.766662e-06
4,114,121.673,1.16,3.604166e-06,3.362497e-06,3.16666e-06,6.312498e-06,3.687493e-06,6.75416e-06,6.737494e-06,5.329164e-06,5.695828e-06,5.987493e-06,6.94166e-06,6.741659e-06,6.024996e-06,3.504165e-06,6.404161e-06,5.783327e-06
4,115,121.833,1.15,3.654162e-06,3.308328e-06,3.104162e-06,6.212497e-06,3.670827e-06,6.73333e-06,6.795828e-06,5.233328e-06,5.687499e-06,5.854161e-06,6.841659e-06,6.758332e-06,5.979165e-06,3.458325e-06,6.312498e-06,5.804165e-06
4,116,121.993,1.14,3.62916e-06,3.270833e-06,3.112499e-06,6.112496e-06,3.645825e-06,6.745831e-06,6.933331e-06,5.179159e-06,5.649996e-06,5.824995e-06,6.799992e-06,6.749995e-06,5.941661e-06,3.358332e-06,6.224998e-06,5.862498e-06
4,117,122.153,1.13,3.616659e-06,3.254159e-06,3.070831e-06,6.112496e-06,3.637497e-06,6.691662e-06,6.999993e-06,5.120826e-06,5.779163e-06,5.762497e-06,6.741659e-06,6.795828e-06,5.933332e-06,3.379162e-06,6.199996e-06,5.845833e-06
4,118,122.313,1.12,3.649998e-06,3.199998e-06,3.070831e-06,5.99583e-06,3.616659e-06,6.804164e-06,7.179165e-06,5.129163e-06,5.791664e-06,5.716666e-06,6.73333e-06,6.82083e-06,5.970828e-06,3.379162e-06,6.179166e-06,5.999994e-06
4,119,122.472,1.11,3.524995e-06,3.204163e-06,3.045829e-06,6.004159e-06,3.616659e-06,6.82083e-06,7.337499e-06,5.112497e-06,5.874999e-06,5.74166e-06,6.679161e-06,6.891664e-06,6.012495e-06,3.433331e-06,6.229162e-06,6.058327e-06
4,120,122.632,1.1,3.645825e-06,3.179161e-06,3.008326e-06,6.079165e-06,3.62916e-06,6.949997e-06,7.508326e-06,5.145828e-06,6.012495e-06,5.733331e-06,6.708328e-06,6.962498e-06,6.091658e-06,3.524995e-06,6.18333e-06,6.170829e-06
4,121,122.792,1.09,3.641661e-06,3.162495e-06,3.024999e-06,6.083329e-06,3.654162e-06,7.066663e-06,7.637493e-06,5.149992e-06,6.108331e-06,5.804165e-06,6.73333e-06,7.104159e-06,6.187495e-06,3.583328e-06,6.254164e-06,6.258329e-06
4,122,122.952,1.08,3.637497e-06,3.154159e-06,2.983332e-06,6.124997e-06,3.641661e-06,7.120832e-06,7.804163e-06,5.195832e-06,6.224998e-06,5.879164e-06,6.808329e-06,7.183329e-06,6.274994e-06,3.737497e-06,6.349993e-06,6.341664e-06
4,123,123.112,1.07,3.674992e-06,3.112499e-06,2.949993e-06,6.27083e-06,3.670827e-06,7.28333e-06,7.887498e-06,5.224999e-06,6.333327e-06,5.949998e-06,6.895828e-06,7.316661e-06,6.429163e-06,3.829161e-06,6.429163e-06,6.495825e-06
4,124,123.271,1.06,3.654162e-06,3.116663e-06,2.87083e-06,6.374995e-06,3.712495e-06,7.412497e-06,8.049997e-06,5.283332e-06,6.487497e-06,6.066664e-06,6.966663e-06,7.454165e-06,6.554159e-06,3.966665e-06,6.508326e-06,6.620828e-06
4,125,123.431,1.05,3.679164e-06,3.05833e-06,2.920826e-06,6.512499e-06,3.704158e-06,7.554166e-06,8.141661e-06,5.354166e-06,6.616664e-06,6.099995e-06,7.074992e-06,7.529163e-06,6.670833e-06,4.208326e-06,6.66666e-06,6.704164e-06
4,126,123.591,1.04,3.662499e-06,3.049993e-06,2.895832e-06,6.591662e-06,3.741662e-06,7.695826e-06,8.254163e-06,5.424992e-06,6.741659e-06,6.295832e-06,7.21666e-06,7.687497e-06,6.829158e-06,4.341666e-06,6.82083e-06,6.812493e-06
4,127,123.751,1.03,3.683329e-06,3.070831e-06,2.866665e-06,6.770825e-06,3.749998e-06,7.791662e-06,8.349999e-06,5.495826e-06,6.895828e-06,6.366666e-06,7.354164e-06,7.787497e-06,6.924995e-06,4.512493e-06,6.929159e-06,6.949997e-06
4,128,123.911,1.02,3.708331e-06,3.004161e-06,2.845828e-06,6.808329e-06,3.679164e-06,7.937495e-06,8.445827e-06,5.620829e-06,6.958326e-06,6.516663e-06,7.474995e-06,7.870825e-06,7.070827e-06,4.649997e-06,7.062499e-06,7.058326e-06
4,129,124.071,1.01,3.704158e-06,2.983332e-06,2.824998e-06,6.958326e-06,3.808331e-06,8.070827e-06,8.599996e-06,5.687499e-06,7.137497e-06,6.649995e-06,7.599997e-06,8.049997e-06,7.191666e-06,4.812495e-06,7.199995e-06,7.199995e-06
4,130,124.23,1.0,3.733325e-06,2.983332e-06,2.737498e-06,7.170828e-06,3.741662e-06,8.22916e-06,8.654165e-06,5.762497e-06,7.249999e-06,6.741659e-06,7.74583e-06,8.095829e-06,7.295831e-06,4.958328e-06,7.345827e-06,7.30416e-06
4,131,124.39,0.99,3.729161e-06,2.949993e-06,2.80416e-06,7.30416e-06,3.829161e-06,8.287493e-06,8.762495e-06,5.912495e-06,7.320825e-06,6.82083e-06,7.824993e-06,8.279165e-06,7.454165e-06,5.124998e-06,7.466666e-06,7.391659e-06
4,132,124.55,0.98,3.754163e-06,2.920826e-06,2.745827e-06,7.387495e-06,3.812496e-06,8.445827e-06,8.808327e-06,5.92916e-06,7.420826e-06,6.937496e-06,8.016666e-06,8.370828e-06,7.524999e-06,5.249993e-06,7.566658e-06,7.495833e-06
4,133,124.71,0.97,3.758327e-06,2.912498e-06,2.766665e-06,7.495833e-06,3.845827e-06,8.5375e-06,8.86666e-06,6.108331e-06,7.504161e-06,7.070827e-06,8.104165e-06,8.429161e-06,7.645829e-06,5.362495e-06,7.716663e-06,7.554166e-06
4,134,124.87,0.96,3.733325e-06,2.858329e-06,2.733326e-06,7.637493e-06,3.887495e-06,8.620827e-06,8.941666e-06,6.133326e-06,7.608326e-06,7.179165e-06,8.233333e-06,8.574994e-06,7.687497e-06,5.483325e-06,7.799999e-06,7.670832e-06
4,135,125.029,0.95,3.824997e-06,2.87083e-06,2.645826e-06,7.774996e-06,3.870829e-06,8.745829e-06,9.008329e-06,6.283331e-06,7.691661e-06,7.245827e-06,8.308331e-06,8.612497e-06,7.808328e-06,5.604164e-06,7.883326e-06,7.779161e-06
4,136,125.189,0.94,3.808331e-06,2.866665e-06,2.691658e-06,7.845831e-06,3.920825e-06,8.816663e-06,9.104165e-06,6.329163e-06,7.779161e-06,7.362493e-06,8.420833e-06,8.716663e-06,7.887498e-06,5.737495e-06,7.999993e-06,7.787497e-06
4,137,125.349,0.93,3.812496e-06,2.80416e-06,2.645826e-06,7.945831e-06,3.90416e-06,8.895826e-06,9.112493e-06,6.424999e-06,7.829165e-06,7.40416e-06,8.512497e-06,8.795826e-06,7.954161e-06,5.824995e-06,8.074999e-06,7.85416e-06
4,138,125.509,0.92,3.791666e-06,2.766665e-06,2.645826e-06,8.004165e-06,3.933326e-06,8.937494e-06,9.145832e-06,6.495825e-06,7.879162e-06,7.47083e-06,8.616662e-06,8.829164e-06,8.074999e-06,5.904166e-06,8.158326e-06,7.93333e-06
4,139,125.669,0.91,3.791666e-06,2.779166e-06,2.604159e-06,8.120831e-06,3.874993e-06,9.016665e-06,9.208329e-06,6.562495e-06,7.904164e-06,7.529163e-06,8.699997e-06,8.941666e-06,8.12916e-06,6.033325e-06,8.158326e-06,8.008329e-06
4,140,125.829,0.9,3.812496e-06,2.724997e-06,2.599994e-06,8.199993e-06,3.962493e-06,9.108328e-06,9.249997e-06,6.658332e-06,8.008329e-06,7.604162e-06,8.774996e-06,8.945831e-06,8.191665e-06,6.070828e-06,8.183329e-06,8.091664e-06
4,141,125.988,0.89,3.841662e-06,2.724997e-06,2.562499e-06,8.254163e-06,3.954164e-06,9.104165e-06,9.291664e-06,6.704164e-06,8.074999e-06,7.645829e-06,8.804162e-06,9.012492e-06,8.208331e-06,6.18333e-06,8.387494e-06,8.137496e-06
4,142,126.148,0.88,3.874993e-06,2.687494e-06,2.533332e-06,8.333325e-06,3.987495e-06,9.212494e-06,9.320831e-06,6.783327e-06,8.112494e-06,7.658331e-06,8.879161e-06,9.074998e-06,8.304159e-06,6.258329e-06,8.391658e-06,8.179164e-06
4,143,126.308,0.87,3.854163e-06,2.654163e-06,2.50833e-06,8.379166e-06,3.991659e-06,9.22083e-06,9.366663e-06,6.849996e-06,8.137496e-06,7.729165e-06,8.937494e-06,9.104165e-06,8.312496e-06,6.287495e-06,8.462493e-06,8.162498e-06
4,144,126.468,0.86,3.81666e-06,2.649999e-06,2.487493e-06,8.420833e-06,3.979158e-06,9.270827e-06,9.41666e-06,6.92083e-06,8.199993e-06,7.76666e-06,8.983326e-06,9.133331e-06,8.391658e-06,6.412498e-06,8.533327e-06,8.254163e-06
4,145,126.628,0.85,3.874993e-06,2.583329e-06,2.454162e-06,8.508333e-06,3.987495e-06,9.316659e-06,9.39583e-06,6.958326e-06,8.22916e-06,7.791662e-06,9.033331e-06,9.187492e-06,8.437499e-06,6.416662e-06,8.562493e-06,8.329161e-06
4,146,126.787,0.84,3.849999e-06,2.579164e-06,2.420831e-06,8.558329e-06,4.024998e-06,9.320831e-06,9.424996e-06,7.004166e-06,8.283329e-06,7.870825e-06,8.999999e-06,9.199993e-06,8.441662e-06,6.504162e-06,8.620827e-06,8.329161e-06
4,147,126.947,0.83,3.862492e-06,2.537497e-06,2.391664e-06,8.59166e-06,3.974994e-06,9.391665e-06,9.445826e-06,7.079164e-06,8.31666e-06,7.887498e-06,9.12083e-06,9.275e-06,8.508333e-06,6.574996e-06,8.641664e-06,8.387494e-06
4,148,127.107,0.82,3.833326e-06,2.520831e-06,2.391664e-06,8.637492e-06,4.033327e-06,9.374992e-06,9.470828e-06,7.104159e-06,8.324997e-06,7.93333e-06,9.149996e-06,9.266662e-06,8.520826e-06,6.604163e-06,8.67916e-06,8.420833e-06
4,149,127.267,0.81,3.854163e-06,2.512495e-06,2.345832e-06,8.65833e-06,3.995832e-06,9.30833e-06,9.474993e-06,7.141662e-06,8.362492e-06,7.94166e-06,9.183327e-06,9.295829e-06,8.558329e-06,6.683326e-06,8.724999e-06,8.462493e-06
4,150,127.427,0.8,3.837498e-06,2.399993e-06,2.299992e-06,8.691661e-06,4.033327e-06,9.458327e-06,9.512496e-06,7.187494e-06,8.383329e-06,7.966662e-06,9.195828e-06,9.30833e-06,8.612497e-06,6.724993e-06,8.766659e-06,8.50416e-06
4,151,127.586,0.79,3.858328e-06,2.433332e-06,2.241659e-06,8.762495e-06,4.049993e-06,9.479165e-06,9.524997e-06,7.204159e-06,8.445827e-06,8.024995e-06,9.258326e-06,9.370828e-06,8.616662e-06,6.75416e-06,8.77916e-06,8.516661e-06
4,152,127.746,0.78,3.854163e-06,2.424995e-06,2.295828e-06,8.766659e-06,4.016661e-06,9.520832e-06,9.516661e-06,7.266664e-06,8.445827e-06,8.004165e-06,9.254161e-06,9.362499e-06,8.674995e-06,6.812493e-06,8.820828e-06,8.5375e-06
4,153,127.906,0.77,3.866664e-06,2.399993e-06,2.262497e-06,8.808327e-06,4.062494e-06,9.508331e-06,9.533326e-06,7.249999e-06,8.424998e-06,8.087492e-06,9.287493e-06,9.345826e-06,8.691661e-06,6.82083e-06,8.862496e-06,8.562493e-06
4,154,128.066,0.76,3.874993e-06,2.374999e-06,2.224994e-06,8.841665e-06,4.045828e-06,9.533326e-06,9.570829e-06,7.324998e-06,8.495832e-06,8.087492e-06,9.32916e-06,9.399994e-06,8.674995e-06,6.908329e-06,8.870832e-06,8.554164e-06
4,155,128.226,0.75,3.870829e-06,2.308329e-06,2.208328e-06,8.820828e-06,4.033327e-06,9.554164e-06,9.524997e-06,7.358328e-06,8.50416e-06,8.066662e-06,9.324996e-06,9.391665e-06,8.699997e-06,6.92083e-06,8.879161e-06,8.579159e-06
4,156,128.386,0.74,3.862492e-06,2.279162e-06,2.149995e-06,8.887498e-06,4.049993e-06,9.554164e-06,9.58333e-06,7.366665e-06,8.508333e-06,8.120831e-06,9.320831e-06,9.445826e-06,8.737493e-06,6.962498e-06,8.883325e-06,8.595832e-06
4,157,128.545,0.73,3.829161e-06,2.266661e-06,2.174997e-06,8.908328e-06,4.033327e-06,9.562493e-06,9.558328e-06,7.416661e-06,8.5375e-06,8.112494e-06,9.362499e-06,9.404159e-06,8.754166e-06,7.00833e-06,8.924992e-06,8.65833e-06
4,158,128.705,0.72,3.799995e-06,2.262497e-06,2.149995e-06,8.912491e-06,4.049993e-06,9.58333e-06,9.574994e-06,7.416661e-06,8.549992e-06,8.133332e-06,9.266662e-06,9.470828e-06,8.799998e-06,7.033332e-06,8.929165e-06,8.662494e-06
4,159,128.865,0.71,3.862492e-06,2.245831e-06,2.091662e-06,8.987498e-06,4.045828e-06,9.58333e-06,9.499995e-06,7.412497e-06,8.59166e-06,8.154162e-06,9.399994e-06,9.429161e-06,8.77916e-06,7.091665e-06,8.974997e-06,8.708326e-06
4,160,129.025,0.7,3.824997e-06,2.208328e-06,2.087498e-06,8.974997e-06,4.066666e-06,9.591659e-06,9.579166e-06,7.504161e-06,8.59166e-06,8.19583e-06,9.408331e-06,9.491666e-06,8.799998e-06,7.074992e-06,8.991663e-06,8.691661e-06
,,,,,,,,,,,,,,,,,,,,4,1.06,0.7,0.7,1.06,1.02,1.12,1.16,1.07,1.1,1.07,1.06,1.12,1.09,1.08,1.07,1.13,1.11,0.7,0.7,1.12,1.12,1.13,1.19,1.11,1.14,1.12,1.11,1.16,1.13,1.14,1.12,1.18
5,0,129.297,0.7,3.879165e-06,2.25416e-06,2.108328e-06,8.958332e-06,4.041664e-06,9.60416e-06,9.499995e-06,7.445828e-06,8.604161e-06,8.166663e-06,9.420832e-06,9.458327e-06,8.824993e-06,7.108331e-06,8.991663e-06,8.699997e-06
5,1,129.457,0.702,3.874993e-06,2.204164e-06,2.120829e-06,8.916664e-06,4.062494e-06,9.599996e-06,9.574994e-06,7.479159e-06,8.579159e-06,8.133332e-06,9.387493e-06,9.454163e-06,8.841665e-06,7.066663e-06,8.962496e-06,8.670831e-06
5,2,129.617,0.704,3.824997e-06,2.224994e-06,2.104163e-06,8.945831e-06,4.012497e-06,9.58333e-06,9.545827e-06,7.399996e-06,8.59166e-06,8.162498e-06,9.370828e-06,9.420832e-06,8.754166e-06,7.058326e-06,8.958332e-06,8.670831e-06
5,3,129.776,0.706,3.88333e-06,2.249996e-06,2.137494e-06,8.924992e-06,4.037492e-06,9.549999e-06,9.512496e-06,7.424998e-06,8.574994e-06,8.141661e-06,9.337497e-06,9.41666e-06,8.787497e-06,7.054162e-06,8.93333e-06,8.670831e-06
5,4,129.936,0.708,3.837498e-06,2.262497e-06,2.124993e-06,8.899999e-06,3.995832e-06,9.516661e-06,9.524997e-06,7.333326e-06,8.5375e-06,8.112494e-06,9.320831e-06,9.391665e-06,8.729164e-06,6.999993e-06,8.924992e-06,8.662494e-06
5,5,130.096,0.71,3.866664e-06,2.270826e-06,2.13333e-06,8.854158e-06,4.016661e-06,9.566665e-06,9.49583e-06,7.366665e-06,8.5375e-06,8.116658e-06,9.32916e-06,9.379164e-06,8.77916e-06,7.012494e-06,8.93333e-06,8.65833e-06
5,6,130.256,0.712,3.870829e-06,2.274998e-06,2.149995e-06,8.858331e-06,3.991659e-06,9.483329e-06,9.49583e-06,7.358328e-06,8.549992e-06,8.124995e-06,9.291664e-06,9.345826e-06,8.762495e-06,6.995829e-06,8.904163e-06,8.616662e-06
5,7,130.416,0.714,3.858328e-06,2.279162e-06,2.104163e-06,8.854158e-06,3.983331e-06,9.49583e-06,9.483329e-06,7.30416e-06,8.5375e-06,8.079163e-06,9.291664e-06,9.304166e-06,8.745829e-06,6.995829e-06,8.862496e-06,8.574994e-06
5,8,130.575,0.716,3.804159e-06,2.237495e-06,2.13333e-06,8.816663e-06,3.995832e-06,9.524997e-06,9.470828e-06,7.337499e-06,8.529162e-06,8.104165e-06,9.283328e-06,9.349998e-06,8.741665e-06,6.979164e-06,8.908328e-06,8.624998e-06
5,9,130.735,0.718,3.833326e-06,2.283327e-06,2.129165e-06,8.77916e-06,3.987495e-06,9.424996e-06,9.470828e-06,7.274993e-06,8.487495e-06,8.045832e-06,9.233332e-06,9.30833e-06,8.712498e-06,6.962498e-06,8.883325e-06,8.549992e-06
5,10,130.895,0.72,3.804159e-06,2.212493e-06,2.120829e-06,8.762495e-06,3.937499e-06,9.474993e-06,9.433325e-06,7.249999e-06,8.495832e-06,8.062498e-06,9.245833e-06,9.291664e-06,8.712498e-06,6.949997e-06,8.870832e-06,8.608326e-06
5,11,131.055,0.722,3.783329e-06,2.266661e-06,2.124993e-06,8.762495e-06,3.966665e-06,9.441662e-06,9.437497e-06,7.224997e-06,8.495832e-06,8.074999e-06,9.204166e-06,9.291664e-06,8.683332e-06,6.933331e-06,8.870832e-06,8.566665e-06
5,12,131.215,0.724,3.79583e-06,2.241659e-06,2.108328e-06,8.745829e-06,3.899996e-06,9.429161e-06,9.41666e-06,7.229161e-06,8.479166e-06,8.012494e-06,9.195828e-06,9.291664e-06,8.670831e-06,6.899993e-06,8.824993e-06,8.562493e-06
5,13,131.374,0.726,3.79583e-06,2.25416e-06,2.170825e-06,8.712498e-06,3.916661e-06,9.41666e-06,9.379164e-06,7.241662e-06,8.441662e-06,8.049997e-06,9.187492e-06,9.275e-06,8.67916e-06,6.899993e-06,8.837494e-06,8.566665e-06
5,14,131.534,0.728,3.766664e-06,2.295828e-06,2.149995e-06,8.737493e-06,3.937499e-06,9.424996e-06,9.399994e-06,7.199995e-06,8.412496e-06,8.024995e-06,9.154161e-06,9.275e-06,8.65833e-06,6.912494e-06,8.829164e-06,8.541663e-06
5,15,131.694,0.73,3.791666e-06,2.279162e-06,2.179162e-06,8.67916e-06,3.916661e-06,9.429161e-06,9.366663e-06,7.191666e-06,8.437499e-06,7.991664e-06,9.162498e-06,9.233332e-06,8.674995e-06,6.866662e-06,8.824993e-06,8.549992e-06
5,16,131.854,0.732,3.754163e-06,2.291664e-06,2.116664e-06,8.695833e-06,3.937499e-06,9.391665e-06,9.387493e-06,7.149999e-06,8.420833e-06,8.02083e-06,9.12083e-06,9.212494e-06,8.629163e-06,6.866662e-06,8.837494e-06,8.5375e-06
5,17,132.014,0.734,3.754163e-06,2.295828e-06,2.158332e-06,8.65833e-06,3.887495e-06,9.399994e-06,9.383329e-06,7.141662e-06,8.433326e-06,7.974998e-06,9.124994e-06,9.187492e-06,8.599996e-06,6.82083e-06,8.787497e-06,8.508333e-06
5,18,132.174,0.736,3.733325e-06,2.25416e-06,2.149995e-06,8.612497e-06,3.908332e-06,9.362499e-06,9.337497e-06,7.129161e-06,8.395831e-06,7.979163e-06,9.108328e-06,9.195828e-06,8.579159e-06,6.82083e-06,8.766659e-06,8.491659e-06
5,19,132.333,0.738,3.737497e-06,2.291664e-06,2.158332e-06,8.649993e-06,3.862492e-06,9.362499e-06,9.341661e-06,7.087493e-06,8.391658e-06,7.945831e-06,9.104165e-06,9.212494e-06,8.583331e-06,6.812493e-06,8.749994e-06,8.474994e-06
5,20,132.493,0.74,3.741662e-06,2.291664e-06,2.166661e-06,8.608326e-06,3.879165e-06,9.354162e-06,9.345826e-06,7.112495e-06,8.324997e-06,7.916665e-06,9.074998e-06,9.179163e-06,8.59166e-06,6.804164e-06,8.737493e-06,8.470829e-06
5,21,132.653,0.742,3.733325e-06,2.32083e-06,2.179162e-06,8.612497e-06,3.866664e-06,9.304166e-06,9.316659e-06,7.045825e-06,8.383329e-06,7.954161e-06,9.024993e-06,9.191665e-06,8.583331e-06,6.791663e-06,8.720827e-06,8.454163e-06
5,22,132.813,0.744,3.737497e-06,2.299992e-06,2.149995e-06,8.579159e-06,3.866664e-06,9.30833e-06,9.295829e-06,7.062499e-06,8.383329e-06,7.929166e-06,9.033331e-06,9.124994e-06,8.558329e-06,6.770825e-06,8.729164e-06,8.462493e-06
5,23,132.973,0.746,3.704158e-06,2.312493e-06,2.191663e-06,8.541663e-06,3.870829e-06,9.295829e-06,9.324996e-06,7.054162e-06,8.320832e-06,7.904164e-06,9.045832e-06,9.166662e-06,8.5375e-06,6.745831e-06,8.662494e-06,8.366665e-06
5,24,133.132,0.748,3.704158e-06,2.291664e-06,2.174997e-06,8.583331e-06,3.858328e-06,9.287493e-06,9.30833e-06,6.987492e-06,8.354164e-06,7.883326e-06,9.008329e-06,9.129159e-06,8.524998e-06,6.762496e-06,8.704162e-06,8.445827e-06
5,25,133.292,0.75,3.741662e-06,2.324995e-06,2.158332e-06,8.549992e-06,3.862492e-06,9.287493e-06,9.304166e-06,7.033332e-06,8.320832e-06,7.899992e-06,9.016665e-06,9.037494e-06,8.562493e-06,6.724993e-06,8.704162e-06,8.437499e-06
5,26,133.452,0.752,3.687493e-06,2.32083e-06,2.162496e-06,8.541663e-06,3.862492e-06,9.279163e-06,9.312495e-06,6.979164e-06,8.337498e-06,7.916665e-06,8.991663e-06,9.12083e-06,8.491659e-06,6.724993e-06,8.691661e-06,8.424998e-06
5,27,133.612,0.754,3.708331e-06,2.316666e-06,2.220829e-06,8.533327e-06,3.841662e-06,9.279163e-06,9.295829e-06,6.995829e-06,8.283329e-06,7.883326e-06,9.004164e-06,9.112493e-06,8.524998e-06,6.716665e-06,8.674995e-06,8.433326e-06
5,28,133.772,0.756,3.69583e-06,2.324995e-06,2.208328e-06,8.479166e-06,3.824997e-06,9.258326e-06,9.312495e-06,6.962498e-06,8.287493e-06,7.879162e-06,8.987498e-06,9.066661e-06,8.491659e-06,6.674997e-06,8.666659e-06,8.383329e-06
5,29,133.932,0.758,3.699994e-06,2.337496e-06,2.124993e-06,8.516661e-06,3.79583e-06,9.254161e-06,9.279163e-06,6.945832e-06,8.320832e-06,7.866661e-06,8.983326e-06,9.083326e-06,8.45e-06,6.691662e-06,8.641664e-06,8.366665e-06
5,30,134.091,0.76,3.691665e-06,2.345832e-06,2.195827e-06,8.474994e-06,3.829161e-06,9.249997e-06,9.283328e-06,6.966663e-06,8.237497e-06,7.858332e-06,8.945831e-06,9.074998e-06,8.470829e-06,6.654159e-06,8.633328e-06,8.362492e-06
5,31,134.251,0.762,3.712495e-06,2.337496e-06,2.208328e-06,8.466665e-06,3.808331e-06,9.216667e-06,9.283328e-06,6.933331e-06,8.274992e-06,7.824993e-06,8.93333e-06,9.099992e-06,8.454163e-06,6.658332e-06,8.608326e-06,8.349999e-06
5,32,134.411,0.764,3.683329e-06,2.312493e-06,2.245831e-06,8.437499e-06,3.749998e-06,9.229159e-06,9.249997e-06,6.916666e-06,8.212495e-06,7.799999e-06,8.941666e-06,9.049996e-06,8.429161e-06,6.641666e-06,8.583331e-06,8.333325e-06
5,33,134.571,0.766,3.658326e-06,2.34166e-06,2.208328e-06,8.408332e-06,3.804159e-06,9.137495e-06,9.258326e-06,6.870826e-06,8.220832e-06,7.824993e-06,8.887498e-06,9.045832e-06,8.420833e-06,6.604163e-06,8.583331e-06,8.320832e-06
5,34,134.731,0.768,3.662499e-06,2.316666e-06,2.183326e-06,8.341662e-06,3.804159e-06,9.195828e-06,9.249997e-06,6.849996e-06,8.249998e-06,7.783326e-06,8.929165e-06,9.004164e-06,8.424998e-06,6.608327e-06,8.508333e-06,8.283329e-06
5,35,134.89,0.77,3.674992e-06,2.32083e-06,2.224994e-06,8.387494e-06,3.812496e-06,9.166662e-06,9.212494e-06,6.858325e-06,8.212495e-06,7.824993e-06,8.895826e-06,9.004164e-06,8.379166e-06,6.574996e-06,8.574994e-06,8.299994e-06
5,36,135.05,0.772,3.670827e-06,2.362498e-06,2.187498e-06,8.387494e-06,3.779165e-06,9.149996e-06,9.266662e-06,6.795828e-06,8.22916e-06,7.783326e-06,8.887498e-06,9.029166e-06,8.370828e-06,6.579161e-06,8.545828e-06,8.29583e-06
5,37,135.21,0.774,3.666663e-06,2.34166e-06,2.224994e-06,8.374993e-06,3.741662e-06,9.145832e-06,9.183327e-06,6.812493e-06,8.174999e-06,7.724992e-06,8.904163e-06,8.970833e-06,8.395831e-06,6.570832e-06,8.533327e-06,8.237497e-06
5,38,135.37,0.776,3.649998e-06,2.358325e-06,2.195827e-06,8.333325e-06,3.770828e-06,9.133331e-06,9.137495e-06,6.795828e-06,8.199993e-06,7.74583e-06,8.84583e-06,9.004164e-06,8.366665e-06,6.549994e-06,8.549992e-06,8.191665e-06
5,39,135.53,0.778,3.683329e-06,2.349997e-06,2.224994e-06,8.291666e-06,3.774993e-06,9.14166e-06,9.195828e-06,6.804164e-06,8.179164e-06,7.724992e-06,8.849995e-06,9.004164e-06,8.358327e-06,6.54583e-06,8.462493e-06,8.258326e-06
5,40,135.689,0.78,3.666663e-06,2.354161e-06,2.237495e-06,8.333325e-06,3.745826e-06,9.108328e-06,9.179163e-06,6.774998e-06,8.170828e-06,7.720828e-06,8.84583e-06,8.979162e-06,8.358327e-06,6.449994e-06,8.516661e-06,8.249998e-06
5,41,135.849,0.782,3.658326e-06,2.379163e-06,2.245831e-06,8.324997e-06,3.783329e-06,9.129159e-06,9.208329e-06,6.745831e-06,8.183329e-06,7.708327e-06,8.833329e-06,8.958332e-06,8.312496e-06,6.504162e-06,8.499996e-06,8.258326e-06
5,42,136.009,0.784,3.704158e-06,2.358325e-06,2.241659e-06,8.312496e-06,3.758327e-06,9.137495e-06,9.162498e-06,6.770825e-06,8.120831e-06,7.649994e-06,8.833329e-06,8.974997e-06,8.345826e-06,6.470831e-06,8.491659e-06,8.224996e-06
5,43,136.169,0.786,3.641661e-06,2.370826e-06,2.262497e-06,8.237497e-06,3.770828e-06,9.079162e-06,9.124994e-06,6.654159e-06,8.162498e-06,7.720828e-06,8.816663e-06,8.983326e-06,8.324997e-06,6.462495e-06,8.487495e-06,8.220832e-06
5,44,136.329,0.788,3.658326e-06,2.349997e-06,2.23333e-06,8.279165e-06,3.729161e-06,9.004164e-06,9.145832e-06,6.73333e-06,8.137496e-06,7.683333e-06,8.787497e-06,8.937494e-06,8.329161e-06,6.437492e-06,8.399995e-06,8.208331e-06
5,45,136.489,0.79,3.62916e-06,2.34166e-06,2.208328e-06,8.262499e-06,3.779165e-06,9.05416e-06,9.162498e-06,6.712492e-06,8.124995e-06,7.683333e-06,8.774996e-06,8.916664e-06,8.279165e-06,6.412498e-06,8.329161e-06,8.179164e-06
5,46,136.648,0.792,3.62916e-06,2.395828e-06,2.208328e-06,8.249998e-06,3.691665e-06,9.029166e-06,9.149996e-06,6.720829e-06,8.10833e-06,7.666659e-06,8.783332e-06,8.912491e-06,8.19583e-06,6.429163e-06,8.379166e-06,8.19583e-06
5,47,136.808,0.794,3.679164e-06,2.379163e-06,2.249996e-06,8.237497e-06,3.749998e-06,9.070825e-06,9.112493e-06,6.695827e-06,8.070827e-06,7.658331e-06,8.745829e-06,8.899999e-06,8.266664e-06,6.408326e-06,8.41666e-06,8.166663e-06
5,48,136.968,0.796,3.633332e-06,2.387492e-06,2.245831e-06,8.212495e-06,3.724996e-06,9.012492e-06,9.14166e-06,6.637494e-06,8.083328e-06,7.670832e-06,8.737493e-06,8.899999e-06,8.220832e-06,6.370831e-06,8.387494e-06,8.12916e-06
5,49,137.128,0.798,3.641661e-06,2.395828e-06,2.258333e-06,8.19583e-06,3.712495e-06,9.041659e-06,9.14166e-06,6.679161e-06,8.087492e-06,7.629164e-06,8.745829e-06,8.895826e-06,8.245825e-06,6.383332e-06,8.387494e-06,8.158326e-06
5,50,137.288,0.8,3.587492e-06,2.399993e-06,2.262497e-06,8.166663e-06,3.766664e-06,9.012492e-06,9.133331e-06,6.629165e-06,8.024995e-06,7.641665e-06,8.733328e-06,8.883325e-06,8.220832e-06,6.345828e-06,8.358327e-06,8.058326e-06
5,51,137.447,0.802,3.562498e-06,2.374999e-06,2.258333e-06,8.187492e-06,3.724996e-06,8.983326e-06,9.112493e-06,6.63333e-06,8.033331e-06,7.591661e-06,8.712498e-06,8.874997e-06,8.208331e-06,6.237499e-06,8.341662e-06,8.137496e-06
5,52,137.607,0.804,3.616659e-06,2.358325e-06,2.295828e-06,8.145825e-06,3.720832e-06,9.02083e-06,9.074998e-06,6.583325e-06,8.029159e-06,7.591661e-06,8.695833e-06,8.858331e-06,8.19583e-06,6.320826e-06,8.349999e-06,8.083328e-06
5,53,137.767,0.806,3.612495e-06,2.379163e-06,2.25416e-06,8.145825e-06,3.737497e-06,8.970833e-06,9.137495e-06,6.604163e-06,8.024995e-06,7.595825e-06,8.704162e-06,8.870832e-06,8.170828e-06,6.316662e-06,8.320832e-06,8.10833e-06
5,54,137.927,0.808,3.649998e-06,2.40833e-06,2.258333e-06,8.137496e-06,3.691665e-06,8.983326e-06,9.124994e-06,6.574996e-06,7.995828e-06,7.570831e-06,8.712498e-06,8.849995e-06,8.183329e-06,6.312498e-06,8.329161e-06,8.070827e-06
5,55,138.087,0.81,3.641661e-06,2.424995e-06,2.249996e-06,8.116658e-06,3.754163e-06,8.974997e-06,9.108328e-06,6.541665e-06,7.991664e-06,7.574995e-06,8.687496e-06,8.86666e-06,8.137496e-06,6.262493e-06,8.333325e-06,8.087492e-06
5,56,138.246,0.812,3.645825e-06,2.399993e-06,2.279162e-06,8.104165e-06,3.679164e-06,8.991663e-06,9.095827e-06,6.574996e-06,7.987499e-06,7.533328e-06,8.708326e-06,8.854158e-06,8.149997e-06,6.29166e-06,8.29583e-06,8.070827e-06
5,57,138.406,0.814,3.658326e-06,2.383327e-06,2.304165e-06,8.10833e-06,3.733325e-06,8.96666e-06,9.112493e-06,6.579161e-06,7.937495e-06,7.47083e-06,8.674995e-06,8.833329e-06,8.170828e-06,6.233327e-06,8.283329e-06,8.04166e-06
5,58,138.566,0.816,3.604166e-06,2.424995e-06,2.274998e-06,8.087492e-06,3.724996e-06,8.945831e-06,9.104165e-06,6.54583e-06,7.874997e-06,7.524999e-06,8.641664e-06,8.86666e-06,8.120831e-06,6.229162e-06,8.299994e-06,8.045832e-06
5,59,138.726,0.818,3.649998e-06,2.441661e-06,2.329159e-06,8.087492e-06,3.720832e-06,8.949995e-06,9.05416e-06,6.54583e-06,7.929166e-06,7.524999e-06,8.65833e-06,8.816663e-06,8.124995e-06,6.187495e-06,8.254163e-06,8.037496e-06
5,60,138.886,0.82,3.616659e-06,2.433332e-06,2.291664e-06,8.074999e-06,3.69583e-06,8.816663e-06,9.099992e-06,6.549994e-06,7.916665e-06,7.508326e-06,8.624998e-06,8.849995e-06,8.10833e-06,6.199996e-06,8.22916e-06,7.995828e-06
5,61,139.046,0.822,3.649998e-06,2.429159e-06,2.237495e-06,7.987499e-06,3.71666e-06,8.937494e-06,9.049996e-06,6.520828e-06,7.954161e-06,7.516662e-06,8.604161e-06,8.787497e-06,8.087492e-06,6.195831e-06,8.149997e-06,8.02083e-06
5,62,139.205,0.824,3.641661e-06,2.420831e-06,2.316666e-06,8.058326e-06,3.729161e-06,8.908328e-06,9.079162e-06,6.541665e-06,7.916665e-06,7.474995e-06,8.5375e-06,8.812499e-06,8.091664e-06,6.141663e-06,8.241662e-06,8.008329e-06
5,63,139.365,0.826,3.633332e-06,2.441661e-06,2.308329e-06,8.033331e-06,3.704158e-06,8.908328e-06,9.095827e-06,6.508326e-06,7.916665e-06,7.47083e-06,8.554164e-06,8.795826e-06,8.062498e-06,6.145827e-06,8.224996e-06,7.999993e-06
5,64,139.525,0.828,3.633332e-06,2.433332e-06,2.304165e-06,8.008329e-06,3.699994e-06,8.870832e-06,9.045832e-06,6.491661e-06,7.895827e-06,7.466666e-06,8.624998e-06,8.783332e-06,8.049997e-06,6.120833e-06,8.179164e-06,7.995828e-06
5,65,139.685,0.83,3.558326e-06,2.449997e-06,2.32083e-06,8.008329e-06,3.670827e-06,8.887498e-06,9.058333e-06,6.466659e-06,7.883326e-06,7.458329e-06,8.583331e-06,8.770831e-06,8.045832e-06,6.074993e-06,8.174999e-06,7.958332e-06
5,66,139.845,0.832,3.649998e-06,2.366662e-06,2.329159e-06,8.024995e-06,3.687493e-06,8.883325e-06,9.05416e-06,6.441664e-06,7.899992e-06,7.412497e-06,8.604161e-06,8.766659e-06,8.024995e-06,6.091658e-06,8.158326e-06,7.945831e-06
5,67,140.004,0.834,3.624996e-06,2.437496e-06,2.354161e-06,7.987499e-06,3.712495e-06,8.858331e-06,9.029166e-06,6.449994e-06,7.849995e-06,7.454165e-06,8.562493e-06,8.737493e-06,7.995828e-06,6.058327e-06,8.183329e-06,7.937495e-06
5,68,140.164,0.836,3.637497e-06,2.466663e-06,2.316666e-06,7.979163e-06,3.679164e-06,8.86666e-06,9.062497e-06,6.429163e-06,7.845831e-06,7.387495e-06,8.574994e-06,8.745829e-06,7.999993e-06,6.099995e-06,8.137496e-06,7.895827e-06
5,69,140.324,0.838,3.649998e-06,2.433332e-06,2.333331e-06,7.937495e-06,3.687493e-06,8.858331e-06,9.02083e-06,6.433328e-06,7.770833e-06,7.391659e-06,8.562493e-06,8.729164e-06,7.954161e-06,6.041662e-06,8.112494e-06,7.916665e-06
5,70,140.484,0.84,3.562498e-06,2.466663e-06,2.316666e-06,7.962497e-06,3.674992e-06,8.812499e-06,8.945831e-06,6.354165e-06,7.83333e-06,7.362493e-06,8.533327e-06,8.733328e-06,7.958332e-06,6.029161e-06,8.124995e-06,7.870825e-06
5,71,140.644,0.842,3.574999e-06,2.433332e-06,2.279162e-06,7.920829e-06,3.62916e-06,8.837494e-06,8.974997e-06,6.39166e-06,7.799999e-06,7.329162e-06,8.5375e-06,8.729164e-06,7.958332e-06,6.024996e-06,8.070827e-06,7.874997e-06
5,72,140.803,0.844,3.566662e-06,2.404165e-06,2.279162e-06,7.866661e-06,3.69583e-06,8.833329e-06,9.02083e-06,6.379159e-06,7.779161e-06,7.37083e-06,8.524998e-06,8.687496e-06,7.829165e-06,5.974992e-06,7.983327e-06,7.812492e-06
5,73,140.963,0.846,3.604166e-06,2.483328e-06,2.291664e-06,7.912493e-06,3.674992e-06,8.787497e-06,9.008329e-06,6.370831e-06,7.812492e-06,7.329162e-06,8.50416e-06,8.704162e-06,7.908328e-06,5.991666e-06,8.037496e-06,7.866661e-06
5,74,141.123,0.848,3.62916e-06,2.437496e-06,2.358325e-06,7.870825e-06,3.679164e-06,8.812499e-06,8.983326e-06,6.354165e-06,7.770833e-06,7.258328e-06,8.466665e-06,8.704162e-06,7.916665e-06,5.970828e-06,8.066662e-06,7.841659e-06
5,75,141.283,0.85,3.579164e-06,2.474992e-06,2.345832e-06,7.866661e-06,3.679164e-06,8.720827e-06,8.970833e-06,6.329163e-06,7.791662e-06,7.266664e-06,8.495832e-06,8.708326e-06,7.866661e-06,5.966663e-06,8.045832e-06,7.804163e-06
5,76,141.443,0.852,3.60833e-06,2.449997e-06,2.345832e-06,7.866661e-06,3.645825e-06,8.716663e-06,8.983326e-06,6.345828e-06,7.758331e-06,7.299996e-06,8.508333e-06,8.691661e-06,7.883326e-06,5.90833e-06,8.016666e-06,7.829165e-06
5,77,141.603,0.854,3.599993e-06,2.491665e-06,2.337496e-06,7.845831e-06,3.654162e-06,8.77916e-06,8.983326e-06,6.324999e-06,7.724992e-06,7.312497e-06,8.462493e-06,8.712498e-06,7.812492e-06,5.912495e-06,7.908328e-06,7.779161e-06
5,78,141.762,0.856,3.612495e-06,2.504166e-06,2.362498e-06,7.862496e-06,3.645825e-06,8.75833e-06,8.983326e-06,6.299997e-06,7.737493e-06,7.258328e-06,8.474994e-06,8.670831e-06,7.754159e-06,5.891665e-06,7.991664e-06,7.758331e-06
5,79,141.922,0.858,3.620831e-06,2.491665e-06,2.366662e-06,7.816664e-06,3.670827e-06,8.737493e-06,8.937494e-06,6.324999e-06,7.704162e-06,7.287495e-06,8.470829e-06,8.687496e-06,7.824993e-06,5.862498e-06,7.979163e-06,7.770833e-06
5,80,142.082,0.86,3.604166e-06,2.512495e-06,2.349997e-06,7.820829e-06,3.687493e-06,8.754166e-06,8.987498e-06,6.27083e-06,7.599997e-06,7.258328e-06,8.458328e-06,8.666659e-06,7.824993e-06,5.874999e-06,7.979163e-06,7.749994e-06
5,81,142.242,0.862,3.604166e-06,2.504166e-06,2.379163e-06,7.824993e-06,3.654162e-06,8.683332e-06,8.899999e-06,6.279159e-06,7.699999e-06,7.245827e-06,8.458328e-06,8.683332e-06,7.808328e-06,5.837496e-06,7.945831e-06,7.737493e-06
5,82,142.402,0.864,3.60833e-06,2.50833e-06,2.358325e-06,7.724992e-06,3.679164e-06,8.670831e-06,8.983326e-06,6.279159e-06,7.687497e-06,7.241662e-06,8.441662e-06,8.674995e-06,7.795827e-06,5.791664e-06,7.929166e-06,7.658331e-06
5,83,142.561,0.866,3.633332e-06,2.474992e-06,2.362498e-06,7.816664e-06,3.616659e-06,8.741665e-06,8.96666e-06,6.254164e-06,7.699999e-06,7.229161e-06,8.433326e-06,8.620827e-06,7.812492e-06,5.820831e-06,7.920829e-06,7.716663e-06
5,84,142.721,0.868,3.620831e-06,2.524996e-06,2.374999e-06,7.783326e-06,3.674992e-06,8.695833e-06,8.93333e-06,6.266665e-06,7.633328e-06,7.224997e-06,8.424998e-06,8.641664e-06,7.774996e-06,5.787492e-06,7.879162e-06,7.687497e-06
5,85,142.881,0.87,3.612495e-06,2.541661e-06,2.399993e-06,7.770833e-06,3.674992e-06,8.720827e-06,8.949995e-06,6.174993e-06,7.612498e-06,7.21666e-06,8.437499e-06,8.670831e-06,7.783326e-06,5.762497e-06,7.887498e-06,7.737493e-06
5,86,143.041,0.872,3.60833e-06,2.524996e-06,2.433332e-06,7.720828e-06,3.645825e-06,8.595832e-06,8.93333e-06,6.241663e-06,7.624992e-06,7.187494e-06,8.399995e-06,8.595832e-06,7.770833e-06,5.758325e-06,7.891663e-06,7.704162e-06
5,87,143.201,0.874,3.554161e-06,2.533332e-06,2.387492e-06,7.670832e-06,3.662499e-06,8.687496e-06,8.96666e-06,6.212497e-06,7.633328e-06,7.166664e-06,8.374993e-06,8.637492e-06,7.695826e-06,5.716666e-06,7.879162e-06,7.662495e-06
5,88,143.36,0.876,3.62916e-06,2.537497e-06,2.433332e-06,7.741666e-06,3.612495e-06,8.691661e-06,8.916664e-06,6.187495e-06,7.620828e-06,7.104159e-06,8.341662e-06,8.574994e-06,7.662495e-06,5.729159e-06,7.812492e-06,7.670832e-06
5,89,143.52,0.878,3.620831e-06,2.562499e-06,2.449997e-06,7.695826e-06,3.683329e-06,8.649993e-06,8.924992e-06,6.18333e-06,7.570831e-06,7.149999e-06,8.362492e-06,8.579159e-06,7.720828e-06,5.691663e-06,7.837494e-06,7.654166e-06
5,90,143.68,0.88,3.595829e-06,2.554162e-06,2.429159e-06,7.699999e-06,3.658326e-06,8.65833e-06,8.937494e-06,6.187495e-06,7.595825e-06,7.091665e-06,8.354164e-06,8.59166e-06,7.695826e-06,5.683327e-06,7.820829e-06,7.645829e-06
5,91,143.84,0.882,3.604166e-06,2.537497e-06,2.441661e-06,7.691661e-06,3.679164e-06,8.624998e-06,8.924992e-06,6.179166e-06,7.55833e-06,7.129161e-06,8.354164e-06,8.558329e-06,7.67916e-06,5.658333e-06,7.808328e-06,7.649994e-06
5,92,144.0,0.884,3.60833e-06,2.59583e-06,2.437496e-06,7.683333e-06,3.670827e-06,8.616662e-06,8.941666e-06,6.124997e-06,7.587496e-06,7.095829e-06,8.287493e-06,8.549992e-06,7.645829e-06,5.645832e-06,7.762495e-06,7.520827e-06
5,93,144.16,0.886,3.595829e-06,2.566663e-06,2.412494e-06,7.57916e-06,3.649998e-06,8.649993e-06,8.879161e-06,6.158328e-06,7.574995e-06,7.087493e-06,8.345826e-06,8.57083e-06,7.641665e-06,5.587498e-06,7.758331e-06,7.57916e-06
5,94,144.319,0.888,3.587492e-06,2.591666e-06,2.437496e-06,7.629164e-06,3.654162e-06,8.608326e-06,8.899999e-06,6.087494e-06,7.49166e-06,7.058326e-06,8.258326e-06,8.558329e-06,7.633328e-06,5.591663e-06,7.7125e-06,7.562494e-06
5,95,144.479,0.89,3.620831e-06,2.583329e-06,2.412494e-06,7.637493e-06,3.645825e-06,8.558329e-06,8.887498e-06,6.091658e-06,7.520827e-06,6.962498e-06,8.308331e-06,8.566665e-06,7.629164e-06,5.583326e-06,7.704162e-06,7.55833e-06
5,96,144.639,0.892,3.595829e-06,2.562499e-06,2.445825e-06,7.604162e-06,3.637497e-06,8.562493e-06,8.829164e-06,6.116661e-06,7.479159e-06,7.016659e-06,8.274992e-06,8.508333e-06,7.595825e-06,5.524993e-06,7.695826e-06,7.524999e-06
5,97,144.799,0.894,3.579164e-06,2.599994e-06,2.433332e-06,7.612498e-06,3.649998e-06,8.545828e-06,8.899999e-06,6.091658e-06,7.512498e-06,6.987492e-06,8.258326e-06,8.549992e-06,7.57916e-06,5.524993e-06,7.691661e-06,7.520827e-06
5,98,144.959,0.896,3.60833e-06,2.570828e-06,2.466663e-06,7.524999e-06,3.62916e-06,8.562493e-06,8.84583e-06,6.049999e-06,7.495833e-06,7.016659e-06,8.245825e-06,8.512497e-06,7.570831e-06,5.508327e-06,7.670832e-06,7.508326e-06
5,99,145.118,0.898,3.566662e-06,2.591666e-06,2.449997e-06,7.55833e-06,3.620831e-06,8.554164e-06,8.879161e-06,6.054163e-06,7.454165e-06,6.983328e-06,8.204166e-06,8.516661e-06,7.537492e-06,5.504163e-06,7.670832e-06,7.499997e-06
5,100,145.278,0.9,3.612495e-06,2.608331e-06,2.449997e-06,7.562494e-06,3.645825e-06,8.5375e-06,8.879161e-06,6.041662e-06,7.433327e-06,6.949997e-06,8.191665e-06,8.466665e-06,7.520827e-06,5.495826e-06,7.637493e-06,7.504161e-06
5,101,145.438,0.902,3.62916e-06,2.61666e-06,2.504166e-06,7.545829e-06,3.670827e-06,8.524998e-06,8.84583e-06,6.01666e-06,7.416661e-06,6.987492e-06,8.220832e-06,8.487495e-06,7.549993e-06,5.437493e-06,7.637493e-06,7.479159e-06
5,102,145.598,0.904,3.616659e-06,2.637498e-06,2.479164e-06,7.529163e-06,3.633332e-06,8.533327e-06,8.833329e-06,6.01666e-06,7.416661e-06,6.970827e-06,8.208331e-06,8.491659e-06,7.487496e-06,5.44583e-06,7.604162e-06,7.483332e-06
5,103,145.758,0.906,3.612495e-06,2.654163e-06,2.479164e-06,7.520827e-06,3.637497e-06,8.533327e-06,8.854158e-06,6.054163e-06,7.420826e-06,6.924995e-06,8.179164e-06,8.487495e-06,7.495833e-06,5.387497e-06,7.595825e-06,7.462494e-06
5,104,145.917,0.908,3.570827e-06,2.629161e-06,2.487493e-06,7.512498e-06,3.649998e-06,8.499996e-06,8.816663e-06,5.991666e-06,7.391659e-06,6.94166e-06,8.187492e-06,8.458328e-06,7.474995e-06,5.370831e-06,7.595825e-06,7.449993e-06
5,105,146.077,0.91,3.624996e-06,2.537497e-06,2.487493e-06,7.512498e-06,3.62916e-06,8.50416e-06,8.816663e-06,5.974992e-06,7.412497e-06,6.908329e-06,8.170828e-06,8.445827e-06,7.420826e-06,5.337492e-06,7.562494e-06,7.420826e-06
5,106,146.237,0.912,3.562498e-06,2.612495e-06,2.504166e-06,7.454165e-06,3.641661e-06,8.479166e-06,8.791661e-06,5.958327e-06,7.333326e-06,6.891664e-06,8.162498e-06,8.441662e-06,7.479159e-06,5.324991e-06,7.524999e-06,7.40416e-06
5,107,146.397,0.914,3.574999e-06,2.633325e-06,2.495829e-06,7.462494e-06,3.654162e-06,8.429161e-06,8.804162e-06,5.962499e-06,7.362493e-06,6.8875e-06,8.137496e-06,8.466665e-06,7.441664e-06,5.341665e-06,7.520827e-06,7.420826e-06
5,108,146.557,0.916,3.616659e-06,2.645826e-06,2.541661e-06,7.433327e-06,3.658326e-06,8.45e-06,8.741665e-06,5.966663e-06,7.320825e-06,6.858325e-06,8.12916e-06,8.391658e-06,7.449993e-06,5.316663e-06,7.474995e-06,7.399996e-06
5,109,146.717,0.918,3.562498e-06,2.637498e-06,2.474992e-06,7.345827e-06,3.666663e-06,8.41666e-06,8.812499e-06,5.949998e-06,7.316661e-06,6.862497e-06,8.062498e-06,8.433326e-06,7.399996e-06,5.283332e-06,7.47083e-06,7.366665e-06
5,110,146.876,0.92,3.612495e-06,2.566663e-06,2.50833e-06,7.40416e-06,3.633332e-06,8.41666e-06,8.787497e-06,5.937497e-06,7.266664e-06,6.804164e-06,8.062498e-06,8.399995e-06,7.387495e-06,5.283332e-06,7.454165e-06,7.374994e-06
5,111,147.036,0.922,3.616659e-06,2.637498e-06,2.524996e-06,7.374994e-06,3.662499e-06,8.433326e-06,8.799998e-06,5.92916e-06,7.266664e-06,6.799992e-06,8.091664e-06,8.395831e-06,7.391659e-06,5.229163e-06,7.441664e-06,7.320825e-06
5,112,147.196,0.924,3.616659e-06,2.670829e-06,2.52916e-06,7.40416e-06,3.616659e-06,8.433326e-06,8.787497e-06,5.891665e-06,7.30416e-06,6.808329e-06,8.079163e-06,8.354164e-06,7.345827e-06,5.233328e-06,7.437499e-06,7.329162e-06
5,113,147.356,0.926,3.616659e-06,2.641662e-06,2.524996e-06,7.341663e-06,3.599993e-06,8.308331e-06,8.75833e-06,5.90833e-06,7.266664e-06,6.75416e-06,8.02083e-06,8.333325e-06,7.337499e-06,5.208326e-06,7.429162e-06,7.30416e-06
5,114,147.516,0.928,3.595829e-06,2.704159e-06,2.512495e-06,7.354164e-06,3.670827e-06,8.366665e-06,8.774996e-06,5.891665e-06,7.245827e-06,6.758332e-06,8.062498e-06,8.366665e-06,7.266664e-06,5.179159e-06,7.387495e-06,7.274993e-06
5,115,147.675,0.93,3.624996e-06,2.691658e-06,2.479164e-06,7.333326e-06,3.579164e-06,8.337498e-06,8.737493e-06,5.874999e-06,7.241662e-06,6.741659e-06,8.049997e-06,8.299994e-06,7.320825e-06,5.158329e-06,7.387495e-06,7.258328e-06
5,116,147.835,0.932,3.62916e-06,2.691658e-06,2.574992e-06,7.312497e-06,3.654162e-06,8.333325e-06,8.749994e-06,5.866663e-06,7.21666e-06,6.729166e-06,7.937495e-06,8.337498e-06,7.287495e-06,5.129163e-06,7.341663e-06,7.258328e-06
5,117,147.995,0.934,3.624996e-06,2.674993e-06,2.524996e-06,7.329162e-06,3.662499e-06,8.291666e-06,8.729164e-06,5.845833e-06,7.199995e-06,6.687498e-06,7.999993e-06,8.324997e-06,7.212496e-06,5.083331e-06,7.291659e-06,7.241662e-06
5,118,148.155,0.936,3.545833e-06,2.68333e-06,2.583329e-06,7.266664e-06,3.637497e-06,8.341662e-06,8.729164e-06,5.862498e-06,7.187494e-06,6.679161e-06,7.987499e-06,8.312496e-06,7.279165e-06,5.083331e-06,7.337499e-06,7.229161e-06
5,119,148.315,0.938,3.604166e-06,2.708332e-06,2.562499e-06,7.254163e-06,3.641661e-06,8.283329e-06,8.708326e-06,5.820831e-06,7.166664e-06,6.674997e-06,7.929166e-06,8.291666e-06,7.224997e-06,5.024997e-06,7.270829e-06,7.183329e-06
5,120,148.475,0.94,3.641661e-06,2.71666e-06,2.566663e-06,7.258328e-06,3.645825e-06,8.312496e-06,8.674995e-06,5.829159e-06,7.120832e-06,6.645831e-06,7.970826e-06,8.279165e-06,7.220833e-06,5.020825e-06,7.179165e-06,7.220833e-06
5,121,148.634,0.942,3.595829e-06,2.737498e-06,2.566663e-06,7.208331e-06,3.60833e-06,8.22916e-06,8.674995e-06,5.791664e-06,7.083328e-06,6.649995e-06,7.887498e-06,8.254163e-06,7.183329e-06,4.995831e-06,7.258328e-06,7.179165e-06
5,122,148.794,0.944,3.570827e-06,2.71666e-06,2.566663e-06,7.204159e-06,3.60833e-06,8.262499e-06,8.65833e-06,5.774998e-06,7.108331e-06,6.604163e-06,7.870825e-06,8.233333e-06,7.174993e-06,4.98333e-06,7.174993e-06,7.133333e-06
5,123,148.954,0.946,3.583328e-06,2.712496e-06,2.587493e-06,7.179165e-06,3.599993e-06,8.233333e-06,8.612497e-06,5.699992e-06,7.070827e-06,6.574996e-06,7.887498e-06,8.220832e-06,7.145826e-06,4.933325e-06,7.21666e-06,7.129161e-06
5,124,149.114,0.948,3.579164e-06,2.745827e-06,2.549998e-06,7.149999e-06,3.599993e-06,8.183329e-06,8.649993e-06,5.729159e-06,7.074992e-06,6.56666e-06,7.874997e-06,8.220832e-06,7.120832e-06,4.91666e-06,7.154163e-06,7.124996e-06
5,125,149.274,0.95,3.60833e-06,2.704159e-06,2.558327e-06,7.137497e-06,3.612495e-06,8.199993e-06,8.587495e-06,5.724994e-06,7.045825e-06,6.558331e-06,7.870825e-06,8.179164e-06,7.108331e-06,4.862499e-06,7.145826e-06,7.079164e-06
5,126,149.433,0.952,3.599993e-06,2.766665e-06,2.612495e-06,7.129161e-06,3.599993e-06,8.166663e-06,8.629163e-06,5.716666e-06,7.004166e-06,6.529164e-06,7.816664e-06,8.179164e-06,7.058326e-06,4.899995e-06,7.154163e-06,7.024995e-06
5,127,149.593,0.954,3.60833e-06,2.708332e-06,2.549998e-06,7.099994e-06,3.599993e-06,8.166663e-06,8.604161e-06,5.687499e-06,6.979164e-06,6.499998e-06,7.783326e-06,8.162498e-06,7.058326e-06,4.837497e-06,7.083328e-06,7.074992e-06
5,128,149.753,0.956,3.599993e-06,2.733326e-06,2.608331e-06,7.062499e-06,3.620831e-06,8.133332e-06,8.583331e-06,5.670825e-06,6.974999e-06,6.474996e-06,7.783326e-06,8.141661e-06,7.049998e-06,4.799994e-06,7.045825e-06,7.045825e-06
5,129,149.913,0.958,3.554161e-06,2.766665e-06,2.549998e-06,7.049998e-06,3.570827e-06,8.099993e-06,8.562493e-06,5.63333e-06,6.991665e-06,6.441664e-06,7.758331e-06,8.112494e-06,6.999993e-06,4.762499e-06,7.033332e-06,7.016659e-06
5,130,150.073,0.96,3.587492e-06,2.762492e-06,2.612495e-06,7.020831e-06,3.587492e-06,8.12916e-06,8.566665e-06,5.658333e-06,6.929159e-06,6.466659e-06,7.737493e-06,8.099993e-06,7.020831e-06,4.783328e-06,7.054162e-06,7.00833e-06
5,131,150.232,0.962,3.587492e-06,2.774994e-06,2.61666e-06,6.974999e-06,3.624996e-06,8.079163e-06,8.562493e-06,5.649996e-06,6.949997e-06,6.445829e-06,7.695826e-06,8.008329e-06,6.924995e-06,4.724996e-06,7.049998e-06,6.979164e-06
5,132,150.392,0.964,3.612495e-06,2.787495e-06,2.624997e-06,7.024995e-06,3.604166e-06,8.074999e-06,8.520826e-06,5.629166e-06,6.949997e-06,6.408326e-06,7.716663e-06,8.079163e-06,6.979164e-06,4.745825e-06,6.974999e-06,6.979164e-06
5,133,150.552,0.966,3.549997e-06,2.766665e-06,2.641662e-06,6.94166e-06,3.620831e-06,8.016666e-06,8.549992e-06,5.570825e-06,6.816666e-06,6.329163e-06,7.67916e-06,8.087492e-06,6.933331e-06,4.670826e-06,6.974999e-06,6.954161e-06
5,134,150.712,0.968,3.562498e-06,2.80416e-06,2.637498e-06,6.94166e-06,3.599993e-06,8.033331e-06,8.520826e-06,5.570825e-06,6.8875e-06,6.333327e-06,7.662495e-06,8.04166e-06,6.891664e-06,4.679163e-06,6.966663e-06,6.958326e-06
5,135,150.872,0.97,3.574999e-06,2.741663e-06,2.61666e-06,6.841659e-06,3.604166e-06,7.991664e-06,8.479166e-06,5.587498e-06,6.858325e-06,6.337492e-06,7.649994e-06,8.02083e-06,6.916666e-06,4.629159e-06,6.899993e-06,6.849996e-06
5,136,151.032,0.972,3.545833e-06,2.80416e-06,2.654163e-06,6.904165e-06,3.595829e-06,7.979163e-06,8.50416e-06,5.541659e-06,6.862497e-06,6.333327e-06,7.612498e-06,7.974998e-06,6.874998e-06,4.599992e-06,6.899993e-06,6.92083e-06
5,137,151.191,0.974,3.612495e-06,2.712496e-06,2.633325e-06,6.904165e-06,3.591665e-06,7.979163e-06,8.466665e-06,5.558332e-06,6.837495e-06,6.266665e-06,7.608326e-06,7.983327e-06,6.862497e-06,4.570826e-06,6.837495e-06,6.92083e-06
5,138,151.351,0.976,3.587492e-06,2.795831e-06,2.649999e-06,6.841659e-06,3.62916e-06,7.949996e-06,8.479166e-06,5.537494e-06,6.787499e-06,6.245828e-06,7.570831e-06,8.016666e-06,6.837495e-06,4.54166e-06,6.862497e-06,6.866662e-06
5,139,151.511,0.978,3.60833e-06,2.833327e-06,2.654163e-06,6.866662e-06,3.60833e-06,7.945831e-06,8.429161e-06,5.524993e-06,6.804164e-06,6.295832e-06,7.562494e-06,7.945831e-06,6.808329e-06,4.537495e-06,6.849996e-06,6.879163e-06
5,140,151.671,0.98,3.587492e-06,2.795831e-06,2.695831e-06,6.816666e-06,3.574999e-06,7.858332e-06,8.349999e-06,5.516664e-06,6.758332e-06,6.254164e-06,7.495833e-06,7.920829e-06,6.804164e-06,4.470825e-06,6.845832e-06,6.858325e-06
5,141,151.831,0.982,3.595829e-06,2.845828e-06,2.670829e-06,6.791663e-06,3.533332e-06,7.866661e-06,8.45e-06,5.479161e-06,6.737494e-06,6.233327e-06,7.499997e-06,7.929166e-06,6.75416e-06,4.462496e-06,6.762496e-06,6.795828e-06
5,142,151.99,0.984,3.60833e-06,2.78333e-06,2.704159e-06,6.783327e-06,3.595829e-06,7.887498e-06,8.395831e-06,5.46666e-06,6.716665e-06,6.229162e-06,7.49166e-06,7.916665e-06,6.745831e-06,4.429166e-06,6.762496e-06,6.816666e-06
5,143,152.15,0.986,3.591665e-06,2.854164e-06,2.691658e-06,6.745831e-06,3.612495e-06,7.874997e-06,8.424998e-06,5.483325e-06,6.712492e-06,6.233327e-06,7.47083e-06,7.904164e-06,6.720829e-06,4.424993e-06,6.766661e-06,6.762496e-06
5,144,152.31,0.988,3.595829e-06,2.854164e-06,2.699995e-06,6.729166e-06,3.616659e-06,7.870825e-06,8.362492e-06,5.429165e-06,6.695827e-06,6.179166e-06,7.399996e-06,7.829165e-06,6.699999e-06,4.391662e-06,6.704164e-06,6.762496e-06
5,145,152.47,0.99,3.587492e-06,2.824998e-06,2.704159e-06,6.716665e-06,3.570827e-06,7.83333e-06,8.370828e-06,5.458331e-06,6.662496e-06,6.154164e-06,7.399996e-06,7.837494e-06,6.712492e-06,4.36666e-06,6.73333e-06,6.75416e-06
5,146,152.63,0.992,3.558326e-06,2.866665e-06,2.662492e-06,6.683326e-06,3.587492e-06,7.674996e-06,8.362492e-06,5.404162e-06,6.654159e-06,6.108331e-06,7.374994e-06,7.845831e-06,6.63333e-06,4.333329e-06,6.670833e-06,6.695827e-06
5,147,152.789,0.994,3.574999e-06,2.874994e-06,2.695831e-06,6.66666e-06,3.579164e-06,7.779161e-06,8.320832e-06,5.387497e-06,6.649995e-06,6.116661e-06,7.366665e-06,7.799999e-06,6.66666e-06,4.249994e-06,6.612492e-06,6.729166e-06
5,148,152.949,0.996,3.583328e-06,2.887495e-06,2.712496e-06,6.612492e-06,3.620831e-06,7.762495e-06,8.349999e-06,5.37916e-06,6.624993e-06,6.09583e-06,7.262492e-06,7.76666e-06,6.624993e-06,4.258331e-06,6.66666e-06,6.674997e-06
5,149,153.109,0.998,3.599993e-06,2.849992e-06,2.720825e-06,6.645831e-06,3.583328e-06,7.754159e-06,8.299994e-06,5.374996e-06,6.591662e-06,6.091658e-06,7.316661e-06,7.754159e-06,6.604163e-06,4.270832e-06,6.595826e-06,6.658332e-06
5,150,153.269,1.0,3.579164e-06,2.904161e-06,2.754164e-06,6.56666e-06,3.595829e-06,7.674996e-06,8.233333e-06,5.37916e-06,6.56666e-06,6.079165e-06,7.291659e-06,7.741666e-06,6.587497e-06,4.208326e-06,6.579161e-06,6.616664e-06
5,151,153.429,1.002,3.574999e-06,2.883331e-06,2.71666e-06,6.562495e-06,3.574999e-06,7.662495e-06,8.304159e-06,5.349994e-06,6.549994e-06,6.041662e-06,7.262492e-06,7.741666e-06,6.554159e-06,4.195825e-06,6.599998e-06,6.616664e-06
5,152,153.589,1.004,3.587492e-06,2.883331e-06,2.724997e-06,6.499998e-06,3.604166e-06,7.695826e-06,8.241662e-06,5.35833e-06,6.520828e-06,6.033325e-06,7.279165e-06,7.716663e-06,6.520828e-06,4.058329e-06,6.562495e-06,6.533329e-06
5,153,153.748,1.006,3.574999e-06,2.87083e-06,2.762492e-06,6.533329e-06,3.604166e-06,7.641665e-06,8.258326e-06,5.324991e-06,6.449994e-06,6.008331e-06,7.183329e-06,7.670832e-06,6.441664e-06,4.166659e-06,6.554159e-06,6.587497e-06
5,154,153.908,1.008,3.579164e-06,2.89166e-06,2.762492e-06,6.529164e-06,3.570827e-06,7.645829e-06,8.216659e-06,5.337492e-06,6.470831e-06,5.866663e-06,7.208331e-06,7.674996e-06,6.491661e-06,4.108326e-06,6.483333e-06,6.554159e-06
5,155,154.068,1.01,3.529159e-06,2.899996e-06,2.758328e-06,6.47916e-06,3.591665e-06,7.570831e-06,8.191665e-06,5.291661e-06,6.433328e-06,5.99583e-06,7.170828e-06,7.649994e-06,6.491661e-06,4.074995e-06,6.491661e-06,6.554159e-06
5,156,154.228,1.012,3.533332e-06,2.924999e-06,2.749991e-06,6.47916e-06,3.579164e-06,7.520827e-06,8.174999e-06,5.283332e-06,6.441664e-06,5.933332e-06,7.1625e-06,7.629164e-06,6.462495e-06,4.066666e-06,6.449994e-06,6.499998e-06
5,157,154.388,1.014,3.587492e-06,2.879159e-06,2.733326e-06,6.370831e-06,3.574999e-06,7.566658e-06,8.162498e-06,5.262494e-06,6.429163e-06,5.954162e-06,7.137497e-06,7.608326e-06,6.445829e-06,4.016661e-06,6.445829e-06,6.495825e-06
5,158,154.547,1.016,3.554161e-06,2.87083e-06,2.720825e-06,6.412498e-06,3.566662e-06,7.499997e-06,8.154162e-06,5.245829e-06,6.404161e-06,5.937497e-06,7.074992e-06,7.55833e-06,6.333327e-06,3.929162e-06,6.39166e-06,6.420827e-06
5,159,154.707,1.018,3.579164e-06,2.924999e-06,2.741663e-06,6.387496e-06,3.545833e-06,7.495833e-06,8.095829e-06,5.25833e-06,6.374995e-06,5.866663e-06,7.045825e-06,7.524999e-06,6.39166e-06,3.974994e-06,6.366666e-06,6.474996e-06
5,160,154.867,1.02,3.537496e-06,2.895832e-06,2.758328e-06,6.333327e-06,3.574999e-06,7.466666e-06,8.091664e-06,5.229163e-06,6.324999e-06,5.883328e-06,7.041661e-06,7.516662e-06,6.349993e-06,3.924998e-06,6.374995e-06,6.424999e-06
5,161,155.027,1.022,3.554161e-06,2.945828e-06,2.758328e-06,6.366666e-06,3.549997e-06,7.429162e-06,8.087492e-06,5.174994e-06,6.345828e-06,5.854161e-06,7.024995e-06,7.483332e-06,6.337492e-06,3.924998e-06,6.374995e-06,6.437492e-06
5,162,155.187,1.024,3.558326e-06,2.933327e-06,2.749991e-06,6.304161e-06,3.566662e-06,7.387495e-06,8.02083e-06,5.216662e-06,6.274994e-06,5.833332e-06,7.004166e-06,7.466666e-06,6.337492e-06,3.879165e-06,6.354165e-06,6.349993e-06
5,163,155.347,1.026,3.52083e-06,2.941664e-06,2.749991e-06,6.324999e-06,3.537496e-06,7.395832e-06,8.037496e-06,5.158329e-06,6.283331e-06,5.837496e-06,6.949997e-06,7.47083e-06,6.274994e-06,3.854163e-06,6.329163e-06,6.387496e-06
5,164,155.506,1.028,3.524995e-06,2.908325e-06,2.795831e-06,6.245828e-06,3.533332e-06,7.366665e-06,7.987499e-06,5.166666e-06,6.249992e-06,5.787492e-06,6.929159e-06,7.408333e-06,6.229162e-06,3.841662e-06,6.295832e-06,6.341664e-06
5,165,155.666,1.03,3.529159e-06,2.945828e-06,2.78333e-06,6.233327e-06,3.566662e-06,7.354164e-06,7.966662e-06,5.19166e-06,6.233327e-06,5.812494e-06,6.933331e-06,7.408333e-06,6.237499e-06,3.79583e-06,6.312498e-06,6.320826e-06
5,166,155.826,1.032,3.491664e-06,2.924999e-06,2.770829e-06,6.262493e-06,3.545833e-06,7.329162e-06,7.962497e-06,5.137499e-06,6.229162e-06,5.787492e-06,6.908329e-06,7.391659e-06,6.233327e-06,3.81666e-06,6.283331e-06,6.324999e-06
5,167,155.986,1.034,3.512494e-06,2.937492e-06,2.808333e-06,6.241663e-06,3.52083e-06,7.262492e-06,7.949996e-06,5.120826e-06,6.18333e-06,5.72083e-06,6.879163e-06,7.324998e-06,6.199996e-06,3.745826e-06,6.254164e-06,6.279159e-06
5,168,156.146,1.036,3.537496e-06,2.945828e-06,2.779166e-06,6.112496e-06,3.558326e-06,7.299996e-06,7.895827e-06,5.116661e-06,6.18333e-06,5.74166e-06,6.870826e-06,7.358328e-06,6.191659e-06,3.749998e-06,6.216661e-06,6.287495e-06
5,169,156.305,1.038,3.554161e-06,2.966658e-06,2.820826e-06,6.149999e-06,3.537496e-06,7.254163e-06,7.895827e-06,5.116661e-06,6.141663e-06,5.716666e-06,6.82083e-06,7.279165e-06,6.187495e-06,3.712495e-06,6.254164e-06,6.287495e-06
5,170,156.465,1.04,3.562498e-06,2.987496e-06,2.820826e-06,6.158328e-06,3.554161e-06,7.245827e-06,7.924994e-06,5.116661e-06,6.129162e-06,5.766662e-06,6.849996e-06,7.224997e-06,6.174993e-06,3.645825e-06,6.245828e-06,6.245828e-06
5,171,156.625,1.042,3.545833e-06,2.99166e-06,2.820826e-06,6.174993e-06,3.512494e-06,7.183329e-06,7.85416e-06,5.10416e-06,6.129162e-06,5.72083e-06,6.849996e-06,7.237498e-06,6.154164e-06,3.699994e-06,6.18333e-06,6.254164e-06
5,172,156.785,1.044,3.537496e-06,2.983332e-06,2.841663e-06,6.099995e-06,3.504165e-06,7.112495e-06,7.845831e-06,5.137499e-06,6.09583e-06,5.724994e-06,6.812493e-06,7.241662e-06,6.154164e-06,3.674992e-06,6.220826e-06,6.212497e-06
5,173,156.945,1.046,3.562498e-06,3.020827e-06,2.816661e-06,6.066664e-06,3.54166e-06,7.183329e-06,7.83333e-06,5.066665e-06,6.058327e-06,5.695828e-06,6.787499e-06,7.212496e-06,6.108331e-06,3.645825e-06,6.162492e-06,6.174993e-06
5,174,157.104,1.048,3.574999e-06,2.962494e-06,2.837499e-06,6.112496e-06,3.491664e-06,7.170828e-06,7.779161e-06,5.083331e-06,6.033325e-06,5.691663e-06,6.804164e-06,7.179165e-06,6.074993e-06,3.587492e-06,6.162492e-06,6.179166e-06
5,175,157.264,1.05,3.508329e-06,3.029164e-06,2.808333e-06,6.029161e-06,3.549997e-06,7.120832e-06,7.774996e-06,5.049992e-06,6.033325e-06,5.641659e-06,6.73333e-06,7.204159e-06,5.958327e-06,3.616659e-06,6.112496e-06,6.124997e-06
5,176,157.424,1.052,3.566662e-06,2.999997e-06,2.862493e-06,6.09583e-06,3.508329e-06,7.11666e-06,7.737493e-06,5.041663e-06,6.008331e-06,5.65416e-06,6.729166e-06,7.158327e-06,6.045826e-06,3.570827e-06,6.124997e-06,6.154164e-06
5,177,157.584,1.054,3.558326e-06,3.037492e-06,2.854164e-06,6.058327e-06,3.570827e-06,7.066663e-06,7.641665e-06,5.074994e-06,5.970828e-06,5.637495e-06,6.745831e-06,7.1625e-06,6.037497e-06,3.524995e-06,6.116661e-06,6.129162e-06
5,178,157.744,1.056,3.537496e-06,3.020827e-06,2.837499e-06,6.079165e-06,3.512494e-06,7.104159e-06,7.716663e-06,5.07083e-06,5.987493e-06,5.645832e-06,6.729166e-06,7.137497e-06,6.008331e-06,3.554161e-06,6.120833e-06,6.112496e-06
5,179,157.904,1.058,3.574999e-06,2.983332e-06,2.895832e-06,5.937497e-06,3.533332e-06,7.037497e-06,7.574995e-06,5.012496e-06,5.891665e-06,5.63333e-06,6.658332e-06,7.087493e-06,6.033325e-06,3.491664e-06,6.012495e-06,6.099995e-06
5,180,158.063,1.06,3.524995e-06,3.045829e-06,2.829162e-06,6.020832e-06,3.508329e-06,7.024995e-06,7.649994e-06,5.066665e-06,5.933332e-06,5.645832e-06,6.641666e-06,7.079164e-06,5.99583e-06,3.483327e-06,6.062492e-06,6.054163e-06
5,181,158.223,1.062,3.54166e-06,3.045829e-06,2.858329e-06,6.01666e-06,3.54166e-06,7.033332e-06,7.616663e-06,5.024997e-06,5.895829e-06,5.604164e-06,6.670833e-06,7.024995e-06,5.974992e-06,3.487492e-06,6.066664e-06,6.070828e-06
5,182,158.383,1.064,3.512494e-06,3.037492e-06,2.862493e-06,5.987493e-06,3.533332e-06,6.995829e-06,7.604162e-06,5.066665e-06,5.899994e-06,5.641659e-06,6.658332e-06,7.049998e-06,5.954162e-06,3.449996e-06,6.083329e-06,6.041662e-06
5,183,158.543,1.066,3.554161e-06,3.07916e-06,2.845828e-06,5.970828e-06,3.533332e-06,6.962498e-06,7.57916e-06,5.029162e-06,5.879164e-06,5.63333e-06,6.629165e-06,7.00833e-06,5.933332e-06,3.395828e-06,6.074993e-06,6.029161e-06
5,184,158.703,1.068,3.570827e-06,3.041665e-06,2.899996e-06,6.004159e-06,3.462497e-06,6.974999e-06,7.549993e-06,5.045827e-06,5.845833e-06,5.662497e-06,6.645831e-06,7.020831e-06,5.954162e-06,3.429159e-06,6.112496e-06,5.99583e-06
5,185,158.862,1.07,3.524995e-06,3.033328e-06,2.833327e-06,5.99583e-06,3.554161e-06,6.912494e-06,7.516662e-06,5.045827e-06,5.883328e-06,5.65416e-06,6.637494e-06,6.933331e-06,5.90833e-06,3.383326e-06,6.083329e-06,5.966663e-06
5,186,159.022,1.072,3.579164e-06,3.099998e-06,2.941664e-06,5.999994e-06,3.549997e-06,6.929159e-06,7.512498e-06,5.037498e-06,5.820831e-06,5.595827e-06,6.641666e-06,6.974999e-06,5.920831e-06,3.42083e-06,6.083329e-06,5.99583e-06
5,187,159.182,1.074,3.583328e-06,3.07916e-06,2.954165e-06,5.987493e-06,3.54166e-06,6.883327e-06,7.449993e-06,4.987494e-06,5.724994e-06,5.637495e-06,6.591662e-06,6.933331e-06,5.912495e-06,3.399992e-06,6.074993e-06,5.937497e-06
5,188,159.342,1.076,3.566662e-06,3.062495e-06,2.87083e-06,5.958327e-06,3.52083e-06,6.883327e-06,7.462494e-06,5.029162e-06,5.812494e-06,5.620829e-06,6.599998e-06,6.958326e-06,5.937497e-06,3.429159e-06,6.087494e-06,5.966663e-06
5,189,159.502,1.078,3.599993e-06,3.124992e-06,2.949993e-06,5.954162e-06,3.537496e-06,6.883327e-06,7.399996e-06,5.049992e-06,5.795829e-06,5.641659e-06,6.608327e-06,6.895828e-06,5.92916e-06,3.329166e-06,6.079165e-06,5.891665e-06
5,190,159.661,1.08,3.566662e-06,3.033328e-06,2.862493e-06,6.004159e-06,3.554161e-06,6.804164e-06,7.412497e-06,5.020825e-06,5.783327e-06,5.599999e-06,6.587497e-06,6.899993e-06,5.812494e-06,3.316665e-06,6.062492e-06,5.920831e-06
5,191,159.821,1.082,3.583328e-06,3.104162e-06,2.899996e-06,5.949998e-06,3.558326e-06,6.837495e-06,7.337499e-06,5.058328e-06,5.737495e-06,5.612493e-06,6.616664e-06,6.870826e-06,5.916659e-06,3.341659e-06,6.054163e-06,5.887493e-06
5,192,159.981,1.084,3.549997e-06,3.108327e-06,2.920826e-06,5.899994e-06,3.549997e-06,6.816666e-06,7.30416e-06,5.012496e-06,5.74166e-06,5.641659e-06,6.591662e-06,6.824994e-06,5.84166e-06,3.329166e-06,6.066664e-06,5.833332e-06
5,193,160.141,1.086,3.570827e-06,3.112499e-06,2.949993e-06,5.916659e-06,3.529159e-06,6.766661e-06,7.28333e-06,5.020825e-06,5.737495e-06,5.583326e-06,6.587497e-06,6.824994e-06,5.874999e-06,3.370825e-06,6.054163e-06,5.854161e-06
5,194,160.301,1.088,3.54166e-06,3.116663e-06,2.987496e-06,5.983329e-06,3.549997e-06,6.779162e-06,7.308332e-06,4.98333e-06,5.712493e-06,5.63333e-06,6.574996e-06,6.791663e-06,5.854161e-06,3.324993e-06,6.054163e-06,5.833332e-06
5,195,160.461,1.09,3.483327e-06,3.108327e-06,2.966658e-06,5.970828e-06,3.549997e-06,6.779162e-06,7.274993e-06,5.033326e-06,5.737495e-06,5.645832e-06,6.587497e-06,6.841659e-06,5.833332e-06,3.341659e-06,6.074993e-06,5.824995e-06
5,196,160.62,1.092,3.566662e-06,3.154159e-06,2.99166e-06,5.979165e-06,3.512494e-06,6.762496e-06,7.229161e-06,5.033326e-06,5.679162e-06,5.65416e-06,6.624993e-06,6.73333e-06,5.874999e-06,3.349996e-06,6.087494e-06,5.804165e-06
5,197,160.78,1.094,3.533332e-06,3.141666e-06,2.970831e-06,5.974992e-06,3.566662e-06,6.770825e-06,7.229161e-06,5.054164e-06,5.674998e-06,5.629166e-06,6.512499e-06,6.82083e-06,5.849997e-06,3.33333e-06,6.09583e-06,5.774998e-06
5,198,160.94,1.096,3.579164e-06,3.162495e-06,2.995825e-06,5.974992e-06,3.549997e-06,6.73333e-06,7.179165e-06,5.049992e-06,5.674998e-06,5.629166e-06,6.583325e-06,6.708328e-06,5.854161e-06,3.329166e-06,6.083329e-06,5.787492e-06
5,199,161.1,1.098,3.562498e-06,3.149994e-06,3.008326e-06,5.999994e-06,3.549997e-06,6.66666e-06,7.079164e-06,5.037498e-06,5.662497e-06,5.674998e-06,6.56666e-06,6.770825e-06,5.820831e-06,3.295827e-06,6.09583e-06,5.766662e-06
5,200,161.26,1.1,3.562498e-06,3.170832e-06,2.970831e-06,5.991666e-06,3.499993e-06,6.729166e-06,7.149999e-06,5.045827e-06,5.649996e-06,5.63333e-06,6.616664e-06,6.737494e-06,5.829159e-06,3.299999e-06,6.079165e-06,5.774998e-06
5,201,161.419,1.102,3.558326e-06,3.149994e-06,2.970831e-06,6.004159e-06,3.545833e-06,6.729166e-06,7.083328e-06,5.07083e-06,5.629166e-06,5.629166e-06,6.604163e-06,6.712492e-06,5.858326e-06,3.33333e-06,6.079165e-06,5.779163e-06
5,202,161.579,1.104,3.583328e-06,3.191662e-06,3.008326e-06,6.01666e-06,3.587492e-06,6.699999e-06,7.074992e-06,5.062493e-06,5.587498e-06,5.658333e-06,6.595826e-06,6.737494e-06,5.824995e-06,3.312492e-06,6.087494e-06,5.72083e-06
5,203,161.739,1.106,3.562498e-06,3.16666e-06,3.020827e-06,6.029161e-06,3.570827e-06,6.704164e-06,7.045825e-06,5.066665e-06,5.616665e-06,5.637495e-06,6.624993e-06,6.716665e-06,5.854161e-06,3.324993e-06,6.074993e-06,5.733331e-06
5,204,161.899,1.108,3.495828e-06,3.212492e-06,3.012498e-06,5.991666e-06,3.579164e-06,6.66666e-06,7.012494e-06,5.079166e-06,5.562496e-06,5.733331e-06,6.629165e-06,6.699999e-06,5.858326e-06,3.33333e-06,6.133326e-06,5.683327e-06
5,205,162.059,1.11,3.545833e-06,3.229165e-06,2.983332e-06,6.066664e-06,3.579164e-06,6.704164e-06,7.024995e-06,5.045827e-06,5.641659e-06,5.683327e-06,6.637494e-06,6.724993e-06,5.845833e-06,3.362497e-06,6.120833e-06,5.712493e-06
5,206,162.218,1.112,3.574999e-06,3.187497e-06,3.045829e-06,6.049999e-06,3.583328e-06,6.654159e-06,6.962498e-06,5.074994e-06,5.63333e-06,5.691663e-06,6.66666e-06,6.674997e-06,5.837496e-06,3.374998e-06,6.062492e-06,5.712493e-06
5,207,162.378,1.114,3.570827e-06,3.199998e-06,3.041665e-06,6.045826e-06,3.587492e-06,6.674997e-06,6.966663e-06,5.124998e-06,5.624994e-06,5.729159e-06,6.641666e-06,6.708328e-06,5.745832e-06,3.33333e-06,6.145827e-06,5.679162e-06
5,208,162.538,1.116,3.60833e-06,3.179161e-06,3.049993e-06,6.029161e-06,3.570827e-06,6.687498e-06,6.929159e-06,5.108333e-06,5.595827e-06,5.708329e-06,6.691662e-06,6.670833e-06,5.833332e-06,3.374998e-06,6.166665e-06,5.695828e-06
5,209,162.698,1.118,3.574999e-06,3.233329e-06,3.062495e-06,6.041662e-06,3.604166e-06,6.570832e-06,6.883327e-06,5.099996e-06,5.520828e-06,5.779163e-06,6.66666e-06,6.654159e-06,5.870827e-06,3.349996e-06,6.174993e-06,5.708329e-06
5,210,162.858,1.12,3.591665e-06,3.241658e-06,3.041665e-06,6.058327e-06,3.570827e-06,6.591662e-06,6.870826e-06,5.112497e-06,5.63333e-06,5.758325e-06,6.687498e-06,6.687498e-06,5.866663e-06,3.387499e-06,6.187495e-06,5.641659e-06
5,211,163.018,1.122,3.574999e-06,3.199998e-06,3.062495e-06,6.087494e-06,3.595829e-06,6.645831e-06,6.795828e-06,5.141664e-06,5.583326e-06,5.737495e-06,6.662496e-06,6.63333e-06,5.862498e-06,3.366661e-06,6.179166e-06,5.679162e-06
5,212,163.177,1.124,3.54166e-06,3.249995e-06,3.041665e-06,6.129162e-06,3.545833e-06,6.620828e-06,6.812493e-06,5.087495e-06,5.587498e-06,5.758325e-06,6.679161e-06,6.574996e-06,5.774998e-06,3.412493e-06,6.216661e-06,5.666661e-06
5,213,163.337,1.126,3.533332e-06,3.170832e-06,3.016663e-06,6.129162e-06,3.583328e-06,6.612492e-06,6.783327e-06,5.091659e-06,5.591663e-06,5.708329e-06,6.720829e-06,6.654159e-06,5.90833e-06,3.404164e-06,6.195831e-06,5.704164e-06
5,214,163.497,1.128,3.570827e-06,3.245831e-06,3.07916e-06,6.145827e-06,3.554161e-06,6.641666e-06,6.762496e-06,5.137499e-06,5.616665e-06,5.854161e-06,6.704164e-06,6.654159e-06,5.891665e-06,3.424994e-06,6.262493e-06,5.649996e-06
5,215,163.657,1.13,3.612495e-06,3.262496e-06,3.099998e-06,6.162492e-06,3.583328e-06,6.66666e-06,6.766661e-06,5.174994e-06,5.624994e-06,5.812494e-06,6.75416e-06,6.654159e-06,5.92916e-06,3.395828e-06,6.241663e-06,5.683327e-06
5,216,163.817,1.132,3.587492e-06,3.249995e-06,3.083332e-06,6.158328e-06,3.599993e-06,6.662496e-06,6.720829e-06,5.183331e-06,5.591663e-06,5.837496e-06,6.745831e-06,6.612492e-06,5.92916e-06,3.454161e-06,6.279159e-06,5.65416e-06
5,217,163.976,1.134,3.599993e-06,3.254159e-06,3.054166e-06,6.195831e-06,3.533332e-06,6.645831e-06,6.737494e-06,5.17083e-06,5.637495e-06,5.804165e-06,6.795828e-06,6.658332e-06,5.945826e-06,3.495828e-06,6.245828e-06,5.641659e-06
5,218,164.136,1.136,3.62916e-06,3.283326e-06,3.112499e-06,6.195831e-06,3.604166e-06,6.674997e-06,6.691662e-06,5.220827e-06,5.637495e-06,5.895829e-06,6.73333e-06,6.604163e-06,5.962499e-06,3.508329e-06,6.299997e-06,5.704164e-06
5,219,164.296,1.138,3.612495e-06,3.287498e-06,3.108327e-06,6.229162e-06,3.612495e-06,6.66666e-06,6.670833e-06,5.199997e-06,5.620829e-06,5.833332e-06,6.795828e-06,6.687498e-06,5.962499e-06,3.529159e-06,6.316662e-06,5.674998e-06
5,220,164.456,1.14,3.633332e-06,3.233329e-06,3.087497e-06,6.245828e-06,3.583328e-06,6.679161e-06,6.612492e-06,5.212498e-06,5.645832e-06,5.849997e-06,6.808329e-06,6.616664e-06,5.958327e-06,3.516658e-06,6.312498e-06,5.637495e-06
5,221,164.616,1.142,3.595829e-06,3.270833e-06,3.112499e-06,6.208332e-06,3.554161e-06,6.712492e-06,6.662496e-06,5.241664e-06,5.624994e-06,5.941661e-06,6.837495e-06,6.66666e-06,5.966663e-06,3.549997e-06,6.329163e-06,5.670825e-06
5,222,164.775,1.144,3.624996e-06,3.295827e-06,3.037492e-06,6.179166e-06,3.579164e-06,6.687498e-06,6.63333e-06,5.220827e-06,5.641659e-06,5.933332e-06,6.833331e-06,6.649995e-06,5.945826e-06,3.558326e-06,6.287495e-06,5.691663e-06
5,223,164.935,1.146,3.641661e-06,3.249995e-06,3.095826e-06,6.262493e-06,3.587492e-06,6.695827e-06,6.587497e-06,5.270831e-06,5.608328e-06,5.870827e-06,6.883327e-06,6.658332e-06,6.041662e-06,3.574999e-06,6.399997e-06,5.637495e-06
5,224,165.095,1.148,3.624996e-06,3.299999e-06,3.120828e-06,6.316662e-06,3.620831e-06,6.649995e-06,6.579161e-06,5.237492e-06,5.662497e-06,5.954162e-06,6.891664e-06,6.662496e-06,6.033325e-06,3.570827e-06,6.395833e-06,5.679162e-06
5,225,165.255,1.15,3.637497e-06,3.287498e-06,3.129164e-06,6.329163e-06,3.599993e-06,6.75416e-06,6.558331e-06,5.27916e-06,5.704164e-06,5.999994e-06,6.899993e-06,6.658332e-06,6.079165e-06,3.62916e-06,6.433328e-06,5.716666e-06
5,226,165.415,1.152,3.549997e-06,3.295827e-06,3.124992e-06,6.316662e-06,3.658326e-06,6.637494e-06,6.570832e-06,5.308326e-06,5.637495e-06,6.008331e-06,6.933331e-06,6.679161e-06,6.070828e-06,3.616659e-06,6.449994e-06,5.695828e-06
5,227,165.575,1.154,3.649998e-06,3.316665e-06,3.124992e-06,6.366666e-06,3.62916e-06,6.695827e-06,6.562495e-06,5.299997e-06,5.708329e-06,6.024996e-06,6.949997e-06,6.699999e-06,6.062492e-06,3.666663e-06,6.45833e-06,5.704164e-06
5,228,165.734,1.156,3.641661e-06,3.304164e-06,3.158331e-06,6.39166e-06,3.595829e-06,6.720829e-06,6.508326e-06,5.295825e-06,5.699992e-06,6.024996e-06,6.929159e-06,6.645831e-06,6.129162e-06,3.683329e-06,6.495825e-06,5.695828e-06
5,229,165.894,1.158,3.649998e-06,3.320829e-06,3.120828e-06,6.408326e-06,3.654162e-06,6.737494e-06,6.516663e-06,5.333328e-06,5.670825e-06,6.033325e-06,6.987492e-06,6.708328e-06,6.129162e-06,3.712495e-06,6.499998e-06,5.733331e-06
5,230,166.054,1.16,3.670827e-06,3.304164e-06,3.149994e-06,6.424999e-06,3.641661e-06,6.791663e-06,6.495825e-06,5.295825e-06,5.662497e-06,6.029161e-06,7.033332e-06,6.670833e-06,6.174993e-06,3.708331e-06,6.516663e-06,5.74166e-06
5,231,166.214,1.162,3.641661e-06,3.329166e-06,3.129164e-06,6.433328e-06,3.620831e-06,6.762496e-06,6.520828e-06,5.37916e-06,5.737495e-06,6.129162e-06,7.016659e-06,6.691662e-06,6.18333e-06,3.766664e-06,6.56666e-06,5.708329e-06
5,232,166.374,1.164,3.645825e-06,3.270833e-06,3.116663e-06,6.374995e-06,3.641661e-06,6.799992e-06,6.474996e-06,5.370831e-06,5.766662e-06,6.116661e-06,7.079164e-06,6.720829e-06,6.187495e-06,3.774993e-06,6.56666e-06,5.783327e-06
5,233,166.533,1.166,3.645825e-06,3.316665e-06,3.141666e-06,6.508326e-06,3.679164e-06,6.799992e-06,6.483333e-06,5.416663e-06,5.799993e-06,6.166665e-06,7.083328e-06,6.679161e-06,6.18333e-06,3.791666e-06,6.608327e-06,5.799993e-06
5,234,166.693,1.168,3.666663e-06,3.370825e-06,3.158331e-06,6.516663e-06,3.662499e-06,6.841659e-06,6.512499e-06,5.416663e-06,5.795829e-06,6.141663e-06,7.058326e-06,6.791663e-06,6.266665e-06,3.820833e-06,6.624993e-06,5.829159e-06
5,235,166.853,1.17,3.708331e-06,3.337494e-06,3.14583e-06,6.554159e-06,3.679164e-06,6.891664e-06,6.504162e-06,5.408327e-06,5.779163e-06,6.212497e-06,7.19583e-06,6.791663e-06,6.295832e-06,3.879165e-06,6.66666e-06,5.862498e-06
5,236,167.013,1.172,3.645825e-06,3.366661e-06,3.133329e-06,6.562495e-06,3.679164e-06,6.849996e-06,6.491661e-06,5.458331e-06,5.849997e-06,6.258329e-06,7.166664e-06,6.787499e-06,6.308325e-06,3.908332e-06,6.649995e-06,5.837496e-06
5,237,167.173,1.174,3.724996e-06,3.320829e-06,3.179161e-06,6.616664e-06,3.699994e-06,6.824994e-06,6.516663e-06,5.462496e-06,5.837496e-06,6.249992e-06,7.21666e-06,6.745831e-06,6.349993e-06,3.945827e-06,6.704164e-06,5.874999e-06
5,238,167.333,1.176,3.674992e-06,3.345831e-06,3.216664e-06,6.624993e-06,3.699994e-06,6.899993e-06,6.495825e-06,5.512492e-06,5.895829e-06,6.308325e-06,7.249999e-06,6.829158e-06,6.366666e-06,3.924998e-06,6.758332e-06,5.854161e-06
5,239,167.492,1.178,3.69583e-06,3.379162e-06,3.199998e-06,6.645831e-06,3.71666e-06,6.924995e-06,6.554159e-06,5.520828e-06,5.941661e-06,6.29166e-06,7.270829e-06,6.845832e-06,6.379159e-06,3.991659e-06,6.795828e-06,5.874999e-06
5,240,167.652,1.18,3.737497e-06,3.387499e-06,3.208327e-06,6.695827e-06,3.729161e-06,6.958326e-06,6.541665e-06,5.566661e-06,5.904166e-06,6.333327e-06,7.308332e-06,6.866662e-06,6.449994e-06,4.037492e-06,6.779162e-06,5.970828e-06
5,241,167.812,1.182,3.708331e-06,3.412493e-06,3.208327e-06,6.720829e-06,3.774993e-06,7.012494e-06,6.562495e-06,5.545831e-06,5.983329e-06,6.383332e-06,7.316661e-06,6.8875e-06,6.445829e-06,4.033327e-06,6.870826e-06,5.958327e-06
5,242,167.972,1.184,3.71666e-06,3.395828e-06,3.183325e-06,6.724993e-06,3.724996e-06,7.02916e-06,6.541665e-06,5.579162e-06,5.974992e-06,6.387496e-06,7.37083e-06,6.874998e-06,6.483333e-06,4.029163e-06,6.854161e-06,5.999994e-06
5,243,168.132,1.186,3.758327e-06,3.416665e-06,3.245831e-06,6.679161e-06,3.774993e-06,7.004166e-06,6.583325e-06,5.637495e-06,6.004159e-06,6.424999e-06,7.391659e-06,6.904165e-06,6.516663e-06,4.087496e-06,6.858325e-06,5.958327e-06
5,244,168.291,1.188,3.724996e-06,3.379162e-06,3.137493e-06,6.787499e-06,3.770828e-06,7.074992e-06,6.587497e-06,5.624994e-06,6.074993e-06,6.449994e-06,7.454165e-06,6.970827e-06,6.549994e-06,4.079159e-06,6.933331e-06,6.049999e-06
5,245,168.451,1.19,3.762492e-06,3.395828e-06,3.229165e-06,6.791663e-06,3.770828e-06,7.083328e-06,6.583325e-06,5.683327e-06,5.979165e-06,6.395833e-06,7.454165e-06,6.966663e-06,6.612492e-06,4.15833e-06,6.966663e-06,6.062492e-06
5,246,168.611,1.192,3.754163e-06,3.395828e-06,3.212492e-06,6.854161e-06,3.774993e-06,7.11666e-06,6.599998e-06,5.641659e-06,6.012495e-06,6.404161e-06,7.433327e-06,7.033332e-06,6.616664e-06,4.216663e-06,7.004166e-06,6.091658e-06
5,247,168.771,1.194,3.81666e-06,3.399992e-06,3.241658e-06,6.829158e-06,3.758327e-06,7.145826e-06,6.649995e-06,5.724994e-06,6.145827e-06,6.524992e-06,7.566658e-06,7.033332e-06,6.662496e-06,4.254158e-06,6.999993e-06,6.124997e-06
5,248,168.931,1.196,3.754163e-06,3.44166e-06,3.258332e-06,6.899993e-06,3.808331e-06,7.187494e-06,6.66666e-06,5.733331e-06,6.149999e-06,6.587497e-06,7.57916e-06,7.066663e-06,6.674997e-06,4.274996e-06,7.062499e-06,6.154164e-06
5,249,169.09,1.198,3.783329e-06,3.42083e-06,3.170832e-06,6.970827e-06,3.833326e-06,7.199995e-06,6.704164e-06,5.737495e-06,6.191659e-06,6.587497e-06,7.612498e-06,7.054162e-06,6.691662e-06,4.237493e-06,7.012494e-06,6.174993e-06
5,250,169.25,1.2,3.824997e-06,3.416665e-06,3.233329e-06,6.958326e-06,3.829161e-06,7.229161e-06,6.708328e-06,5.770826e-06,6.166665e-06,6.629165e-06,7.595825e-06,7.129161e-06,6.758332e-06,4.341666e-06,7.129161e-06,6.208332e-06
5,251,169.41,1.202,3.754163e-06,3.454161e-06,3.220828e-06,6.987492e-06,3.837498e-06,7.229161e-06,6.704164e-06,5.804165e-06,6.237499e-06,6.641666e-06,7.637493e-06,7.170828e-06,6.791663e-06,4.374997e-06,7.129161e-06,6.237499e-06
5,252,169.57,1.204,3.824997e-06,3.429159e-06,3.283326e-06,7.00833e-06,3.81666e-06,7.299996e-06,6.741659e-06,5.74166e-06,6.287495e-06,6.691662e-06,7.691661e-06,7.1625e-06,6.841659e-06,4.420829e-06,7.212496e-06,6.320826e-06
5,253,169.73,1.206,3.787494e-06,3.433331e-06,3.254159e-06,7.02916e-06,3.866664e-06,7.30416e-06,6.745831e-06,5.824995e-06,6.279159e-06,6.704164e-06,7.708327e-06,7.183329e-06,6.795828e-06,4.462496e-06,7.254163e-06,6.299997e-06
5,254,169.89,1.208,3.879165e-06,3.429159e-06,3.249995e-06,7.133333e-06,3.870829e-06,7.337499e-06,6.812493e-06,5.866663e-06,6.354165e-06,6.737494e-06,7.762495e-06,7.220833e-06,6.874998e-06,4.504164e-06,7.270829e-06,6.337492e-06
5,255,170.049,1.21,3.849999e-06,3.454161e-06,3.295827e-06,7.079164e-06,3.88333e-06,7.387495e-06,6.841659e-06,5.858326e-06,6.366666e-06,6.749995e-06,7.808328e-06,7.28333e-06,6.916666e-06,4.516665e-06,7.329162e-06,6.349993e-06
5,256,170.209,1.212,3.808331e-06,3.487492e-06,3.274997e-06,7.1625e-06,3.879165e-06,7.429162e-06,6.912494e-06,5.912495e-06,6.412498e-06,6.795828e-06,7.841659e-06,7.312497e-06,6.962498e-06,4.587499e-06,7.358328e-06,6.408326e-06
5,257,170.369,1.214,3.854163e-06,3.462497e-06,3.316665e-06,7.187494e-06,3.862492e-06,7.445828e-06,6.899993e-06,5.945826e-06,6.424999e-06,6.845832e-06,7.879162e-06,7.337499e-06,6.991665e-06,4.591664e-06,7.358328e-06,6.470831e-06
5,258,170.529,1.216,3.88333e-06,3.487492e-06,3.299999e-06,7.229161e-06,3.941663e-06,7.433327e-06,6.929159e-06,5.99583e-06,6.487497e-06,6.849996e-06,7.887498e-06,7.387495e-06,7.041661e-06,4.633331e-06,7.441664e-06,6.462495e-06
5,259,170.689,1.218,3.887495e-06,3.487492e-06,3.262496e-06,7.187494e-06,3.916661e-06,7.524999e-06,6.970827e-06,5.979165e-06,6.524992e-06,6.870826e-06,7.945831e-06,7.433327e-06,7.074992e-06,4.699993e-06,7.420826e-06,6.549994e-06
5,260,170.848,1.22,3.895831e-06,3.462497e-06,3.345831e-06,7.299996e-06,3.954164e-06,7.549993e-06,6.999993e-06,6.041662e-06,6.524992e-06,6.929159e-06,7.999993e-06,7.449993e-06,7.074992e-06,4.629159e-06,7.504161e-06,6.56666e-06
5,261,171.008,1.222,3.879165e-06,3.495828e-06,3.312492e-06,7.30416e-06,3.924998e-06,7.57916e-06,7.049998e-06,6.062492e-06,6.583325e-06,6.929159e-06,7.991664e-06,7.512498e-06,7.099994e-06,4.758326e-06,7.533328e-06,6.583325e-06
5,262,171.168,1.224,3.933326e-06,3.437495e-06,3.337494e-06,7.358328e-06,3.958329e-06,7.612498e-06,7.070827e-06,6.087494e-06,6.570832e-06,6.970827e-06,8.04166e-06,7.512498e-06,7.179165e-06,4.770827e-06,7.554166e-06,6.658332e-06
5,263,171.328,1.226,3.912497e-06,3.524995e-06,3.33333e-06,7.37083e-06,3.999996e-06,7.633328e-06,7.120832e-06,6.124997e-06,6.654159e-06,7.02916e-06,8.083328e-06,7.55833e-06,7.183329e-06,4.833333e-06,7.57916e-06,6.612492e-06
5,264,171.488,1.228,3.933326e-06,3.529159e-06,3.249995e-06,7.441664e-06,3.983331e-06,7.654166e-06,7.145826e-06,6.179166e-06,6.687498e-06,7.02916e-06,8.158326e-06,7.595825e-06,7.258328e-06,4.891666e-06,7.612498e-06,6.720829e-06
5,265,171.647,1.23,3.945827e-06,3.474998e-06,3.299999e-06,7.449993e-06,3.991659e-06,7.666659e-06,7.19583e-06,6.195831e-06,6.683326e-06,7.062499e-06,8.158326e-06,7.612498e-06,7.270829e-06,4.887494e-06,7.637493e-06,6.75416e-06
5,266,171.807,1.232,3.954164e-06,3.533332e-06,3.299999e-06,7.541664e-06,4.020826e-06,7.754159e-06,7.262492e-06,6.220826e-06,6.770825e-06,7.091665e-06,8.199993e-06,7.662495e-06,7.295831e-06,4.949999e-06,7.695826e-06,6.804164e-06
5,267,171.967,1.234,3.958329e-06,3.537496e-06,3.358332e-06,7.545829e-06,4.029163e-06,7.812492e-06,7.241662e-06,6.208332e-06,6.787499e-06,7.120832e-06,8.241662e-06,7.7125e-06,7.366665e-06,4.962492e-06,7.720828e-06,6.779162e-06
5,268,172.127,1.236,3.974994e-06,3.558326e-06,3.345831e-06,7.620828e-06,4.083332e-06,7.812492e-06,7.349992e-06,6.27083e-06,6.73333e-06,7.170828e-06,8.279165e-06,7.795827e-06,7.387495e-06,4.991658e-06,7.770833e-06,6.845832e-06
5,269,172.287,1.238,3.97083e-06,3.549997e-06,3.362497e-06,7.633328e-06,4.012497e-06,7.849995e-06,7.349992e-06,6.266665e-06,6.816666e-06,7.19583e-06,8.349999e-06,7.791662e-06,7.412497e-06,4.991658e-06,7.774996e-06,6.883327e-06
5,270,172.447,1.24,4.016661e-06,3.558326e-06,3.345831e-06,7.624992e-06,4.066666e-06,7.879162e-06,7.40416e-06,6.304161e-06,6.883327e-06,7.262492e-06,8.337498e-06,7.820829e-06,7.416661e-06,5.07083e-06,7.816664e-06,6.916666e-06
5,271,172.606,1.242,3.999996e-06,3.54166e-06,3.374998e-06,7.708327e-06,4.074995e-06,7.937495e-06,7.474995e-06,6.337492e-06,6.912494e-06,7.266664e-06,8.349999e-06,7.895827e-06,7.462494e-06,5.108333e-06,7.808328e-06,6.966663e-06
5,272,172.766,1.244,4.070831e-06,3.512494e-06,3.395828e-06,7.724992e-06,4.120827e-06,7.970826e-06,7.49166e-06,6.404161e-06,6.870826e-06,7.287495e-06,8.454163e-06,7.93333e-06,7.545829e-06,5.141664e-06,7.899992e-06,6.991665e-06
5,273,172.926,1.246,4.062494e-06,3.604166e-06,3.366661e-06,7.749994e-06,4.099997e-06,7.970826e-06,7.516662e-06,6.39166e-06,6.937496e-06,7.324998e-06,8.462493e-06,7.958332e-06,7.529163e-06,5.19166e-06,7.924994e-06,7.004166e-06
5,274,173.086,1.248,4.045828e-06,3.545833e-06,3.383326e-06,7.795827e-06,4.083332e-06,7.979163e-06,7.554166e-06,6.416662e-06,6.966663e-06,7.320825e-06,8.499996e-06,7.987499e-06,7.595825e-06,5.179159e-06,7.974998e-06,7.095829e-06
5,275,173.246,1.25,4.09166e-06,3.579164e-06,3.391663e-06,7.804163e-06,4.183332e-06,8.066662e-06,7.624992e-06,6.433328e-06,7.016659e-06,7.387495e-06,8.516661e-06,8.058326e-06,7.616663e-06,5.224999e-06,8.02083e-06,7.099994e-06
5,276,173.405,1.252,4.124999e-06,3.570827e-06,3.304164e-06,7.870825e-06,4.149993e-06,8.120831e-06,7.649994e-06,6.504162e-06,7.095829e-06,7.412497e-06,8.583331e-06,8.02083e-06,7.658331e-06,5.229163e-06,7.970826e-06,7.133333e-06
5,277,173.565,1.254,4.095833e-06,3.604166e-06,3.412493e-06,7.870825e-06,4.133328e-06,8.141661e-06,7.699999e-06,6.562495e-06,7.074992e-06,7.445828e-06,8.612497e-06,8.133332e-06,7.695826e-06,5.316663e-06,8.087492e-06,7.174993e-06
5,278,173.725,1.256,4.133328e-06,3.637497e-06,3.408329e-06,7.920829e-06,4.191661e-06,8.183329e-06,7.720828e-06,6.508326e-06,7.141662e-06,7.391659e-06,8.616662e-06,8.149997e-06,7.708327e-06,5.341665e-06,8.029159e-06,7.204159e-06
5,279,173.885,1.258,4.15833e-06,3.60833e-06,3.424994e-06,7.912493e-06,4.208326e-06,8.216659e-06,7.729165e-06,6.583325e-06,7.145826e-06,7.445828e-06,8.695833e-06,8.166663e-06,7.779161e-06,5.37916e-06,8.116658e-06,7.245827e-06
5,280,174.045,1.26,4.120827e-06,3.633332e-06,3.383326e-06,7.962497e-06,4.216663e-06,8.224996e-06,7.795827e-06,6.599998e-06,7.187494e-06,7.495833e-06,8.695833e-06,8.262499e-06,7.774996e-06,5.404162e-06,8.12916e-06,7.237498e-06
5,281,174.205,1.262,4.137492e-06,3.583328e-06,3.412493e-06,8.04166e-06,4.216663e-06,8.29583e-06,7.862496e-06,6.562495e-06,7.241662e-06,7.545829e-06,8.77916e-06,8.287493e-06,7.804163e-06,5.437493e-06,8.174999e-06,7.279165e-06
5,282,174.364,1.264,4.154166e-06,3.624996e-06,3.437495e-06,8.070827e-06,4.237493e-06,8.31666e-06,7.908328e-06,6.695827e-06,7.258328e-06,7.583332e-06,8.774996e-06,8.329161e-06,7.85416e-06,5.44583e-06,8.19583e-06,7.320825e-06
5,283,174.524,1.266,4.187496e-06,3.612495e-06,3.44166e-06,8.112494e-06,4.249994e-06,8.329161e-06,7.94166e-06,6.674997e-06,7.279165e-06,7.587496e-06,8.787497e-06,8.349999e-06,7.862496e-06,5.512492e-06,8.224996e-06,7.358328e-06
5,284,174.684,1.268,4.224992e-06,3.616659e-06,3.466662e-06,8.137496e-06,4.27916e-06,8.391658e-06,7.954161e-06,6.745831e-06,7.308332e-06,7.616663e-06,8.86666e-06,8.379166e-06,7.912493e-06,5.53333e-06,8.287493e-06,7.416661e-06
5,285,174.844,1.27,4.24583e-06,3.704158e-06,3.462497e-06,8.154162e-06,4.312499e-06,8.433326e-06,8.029159e-06,6.783327e-06,7.374994e-06,7.699999e-06,8.908328e-06,8.454163e-06,7.929166e-06,5.599999e-06,8.320832e-06,7.416661e-06
5,286,175.004,1.272,4.258331e-06,3.641661e-06,3.458325e-06,8.166663e-06,4.291662e-06,8.420833e-06,8.045832e-06,6.791663e-06,7.387495e-06,7.699999e-06,8.974997e-06,8.479166e-06,7.954161e-06,5.608328e-06,8.299994e-06,7.441664e-06
5,287,175.163,1.274,4.162494e-06,3.679164e-06,3.504165e-06,8.258326e-06,4.341666e-06,8.512497e-06,8.145825e-06,6.837495e-06,7.424998e-06,7.724992e-06,8.96666e-06,8.437499e-06,8.012494e-06,5.670825e-06,8.395831e-06,7.520827e-06
5,288,175.323,1.276,4.254158e-06,3.704158e-06,3.470826e-06,8.29583e-06,4.354159e-06,8.5375e-06,8.170828e-06,6.874998e-06,7.466666e-06,7.749994e-06,9.008329e-06,8.545828e-06,8.02083e-06,5.695828e-06,8.354164e-06,7.541664e-06
5,289,175.483,1.278,4.24583e-06,3.691665e-06,3.491664e-06,8.320832e-06,4.316664e-06,8.533327e-06,8.183329e-06,6.891664e-06,7.458329e-06,7.808328e-06,9.058333e-06,8.612497e-06,8.045832e-06,5.704164e-06,8.433326e-06,7.574995e-06
5,290,175.643,1.28,4.266659e-06,3.712495e-06,3.495828e-06,8.349999e-06,4.34583e-06,8.583331e-06,8.254163e-06,6.895828e-06,7.508326e-06,7.816664e-06,9.05416e-06,8.633328e-06,8.062498e-06,5.770826e-06,8.441662e-06,7.587496e-06
5,291,175.803,1.282,4.329165e-06,3.654162e-06,3.508329e-06,8.329161e-06,4.295826e-06,8.608326e-06,8.287493e-06,6.937496e-06,7.516662e-06,7.837494e-06,9.129159e-06,8.666659e-06,8.12916e-06,5.733331e-06,8.408332e-06,7.658331e-06
5,292,175.962,1.284,4.299998e-06,3.658326e-06,3.466662e-06,8.41666e-06,4.412492e-06,8.654165e-06,8.304159e-06,6.995829e-06,7.549993e-06,7.83333e-06,9.137495e-06,8.704162e-06,8.133332e-06,5.783327e-06,8.50416e-06,7.687497e-06
5,293,176.122,1.286,4.341666e-06,3.720832e-06,3.491664e-06,8.445827e-06,4.399999e-06,8.695833e-06,8.341662e-06,6.94166e-06,7.595825e-06,7.845831e-06,9.179163e-06,8.745829e-06,8.187492e-06,5.84166e-06,8.524998e-06,7.708327e-06
5,294,176.282,1.288,4.316664e-06,3.71666e-06,3.529159e-06,8.466665e-06,4.441659e-06,8.724999e-06,8.370828e-06,7.045825e-06,7.499997e-06,7.862496e-06,9.166662e-06,8.745829e-06,8.22916e-06,5.870827e-06,8.562493e-06,7.708327e-06
5,295,176.442,1.29,4.349994e-06,3.71666e-06,3.545833e-06,8.5375e-06,4.424993e-06,8.724999e-06,8.379166e-06,7.012494e-06,7.620828e-06,7.929166e-06,9.216667e-06,8.808327e-06,8.199993e-06,5.904166e-06,8.566665e-06,7.737493e-06
5,296,176.602,1.292,4.36666e-06,3.737497e-06,3.529159e-06,8.533327e-06,4.429166e-06,8.783332e-06,8.395831e-06,7.083328e-06,7.683333e-06,7.954161e-06,9.291664e-06,8.808327e-06,8.279165e-06,5.920831e-06,8.587495e-06,7.791662e-06
5,297,176.762,1.294,4.416665e-06,3.745826e-06,3.508329e-06,8.541663e-06,4.483326e-06,8.84583e-06,8.495832e-06,7.108331e-06,7.691661e-06,7.999993e-06,9.312495e-06,8.895826e-06,8.29583e-06,5.945826e-06,8.654165e-06,7.83333e-06
5,298,176.921,1.296,4.429166e-06,3.749998e-06,3.54166e-06,8.608326e-06,4.483326e-06,8.874997e-06,8.520826e-06,7.149999e-06,7.737493e-06,7.937495e-06,9.366663e-06,8.916664e-06,8.279165e-06,5.999994e-06,8.641664e-06,7.904164e-06
5,299,177.081,1.298,4.470825e-06,3.762492e-06,3.558326e-06,8.641664e-06,4.512493e-06,8.916664e-06,8.583331e-06,7.170828e-06,7.758331e-06,7.983327e-06,9.291664e-06,8.987498e-06,8.379166e-06,6.008331e-06,8.720827e-06,7.887498e-06
5,300,177.241,1.3,4.429166e-06,3.779165e-06,3.545833e-06,8.662494e-06,4.53333e-06,8.941666e-06,8.624998e-06,7.212496e-06,7.808328e-06,8.029159e-06,9.412495e-06,8.970833e-06,8.366665e-06,6.041662e-06,8.708326e-06,7.883326e-06
5,301,177.401,1.302,4.45416e-06,3.770828e-06,3.570827e-06,8.716663e-06,4.545832e-06,8.999999e-06,8.599996e-06,7.241662e-06,7.824993e-06,8.099993e-06,9.487494e-06,8.987498e-06,8.395831e-06,6.083329e-06,8.77916e-06,7.962497e-06
5,302,177.561,1.304,4.462496e-06,3.737497e-06,3.591665e-06,8.754166e-06,4.583327e-06,9.008329e-06,8.708326e-06,7.254163e-06,7.841659e-06,8.104165e-06,9.466664e-06,9.070825e-06,8.424998e-06,6.066664e-06,8.783332e-06,7.954161e-06
5,303,177.72,1.306,4.437494e-06,3.69583e-06,3.516658e-06,8.77916e-06,4.545832e-06,9.041659e-06,8.745829e-06,7.249999e-06,7.870825e-06,8.066662e-06,9.487494e-06,9.062497e-06,8.454163e-06,6.112496e-06,8.762495e-06,7.983327e-06
5,304,177.88,1.308,4.499992e-06,3.783329e-06,3.591665e-06,8.783332e-06,4.570826e-06,9.070825e-06,8.770831e-06,7.312497e-06,7.849995e-06,8.133332e-06,9.458327e-06,8.995827e-06,8.487495e-06,6.141663e-06,8.829164e-06,8.004165e-06
5,305,178.04,1.31,4.483326e-06,3.812496e-06,3.599993e-06,8.849995e-06,4.579163e-06,9.087499e-06,8.762495e-06,7.320825e-06,7.891663e-06,8.145825e-06,9.533326e-06,9.133331e-06,8.491659e-06,6.174993e-06,8.824993e-06,8.045832e-06
5,306,178.2,1.312,4.545832e-06,3.799995e-06,3.620831e-06,8.858331e-06,4.566662e-06,9.112493e-06,8.808327e-06,7.274993e-06,7.937495e-06,8.199993e-06,9.591659e-06,9.166662e-06,8.558329e-06,6.18333e-06,8.887498e-06,8.037496e-06
5,307,178.36,1.314,4.516665e-06,3.812496e-06,3.587492e-06,8.849995e-06,4.587499e-06,9.099992e-06,8.841665e-06,7.366665e-06,7.962497e-06,8.216659e-06,9.60416e-06,9.199993e-06,8.5375e-06,6.208332e-06,8.891662e-06,8.070827e-06
5,308,178.519,1.316,4.545832e-06,3.770828e-06,3.620831e-06,8.912491e-06,4.608329e-06,9.208329e-06,8.874997e-06,7.433327e-06,7.979163e-06,8.19583e-06,9.654164e-06,9.216667e-06,8.562493e-06,6.216661e-06,8.908328e-06,8.149997e-06
5,309,178.679,1.318,4.554161e-06,3.799995e-06,3.60833e-06,8.920829e-06,4.629159e-06,9.199993e-06,8.912491e-06,7.458329e-06,7.983327e-06,8.158326e-06,9.599996e-06,9.283328e-06,8.59166e-06,6.266665e-06,8.958332e-06,8.145825e-06
5,310,178.839,1.32,4.579163e-06,3.79583e-06,3.624996e-06,8.995827e-06,4.674999e-06,9.275e-06,8.979162e-06,7.449993e-06,8.024995e-06,8.266664e-06,9.687496e-06,9.258326e-06,8.604161e-06,6.274994e-06,8.945831e-06,8.204166e-06
5,311,178.999,1.322,4.570826e-06,3.829161e-06,3.637497e-06,8.983326e-06,4.662498e-06,9.262498e-06,8.945831e-06,7.479159e-06,8.024995e-06,8.283329e-06,9.733327e-06,9.262498e-06,8.662494e-06,6.304161e-06,8.999999e-06,8.216659e-06
5,312,179.159,1.324,4.583327e-06,3.833326e-06,3.637497e-06,8.995827e-06,4.587499e-06,9.299994e-06,9.029166e-06,7.516662e-06,8.04166e-06,8.304159e-06,9.729163e-06,9.324996e-06,8.662494e-06,6.366666e-06,9.012492e-06,8.199993e-06
5,313,179.319,1.326,4.599992e-06,3.820833e-06,3.666663e-06,9.058333e-06,4.687492e-06,9.316659e-06,9.016665e-06,7.541664e-06,8.112494e-06,8.329161e-06,9.779159e-06,9.383329e-06,8.699997e-06,6.374995e-06,9.033331e-06,8.258326e-06
5,314,179.478,1.328,4.624995e-06,3.829161e-06,3.69583e-06,9.037494e-06,4.716659e-06,9.379164e-06,9.108328e-06,7.599997e-06,8.120831e-06,8.362492e-06,9.787496e-06,9.404159e-06,8.716663e-06,6.399997e-06,9.074998e-06,8.29583e-06
5,315,179.638,1.33,4.666662e-06,3.854163e-06,3.616659e-06,9.137495e-06,4.745825e-06,9.445826e-06,9.095827e-06,7.599997e-06,8.137496e-06,8.383329e-06,9.854166e-06,9.474993e-06,8.77916e-06,6.454166e-06,9.066661e-06,8.341662e-06
5,316,179.798,1.332,4.670826e-06,3.849999e-06,3.679164e-06,9.145832e-06,4.762499e-06,9.441662e-06,9.149996e-06,7.637493e-06,8.183329e-06,8.429161e-06,9.887497e-06,9.487494e-06,8.795826e-06,6.445829e-06,9.129159e-06,8.374993e-06
5,317,179.958,1.334,4.649997e-06,3.912497e-06,3.687493e-06,9.199993e-06,4.737497e-06,9.466664e-06,9.183327e-06,7.670832e-06,8.170828e-06,8.370828e-06,9.87916e-06,9.520832e-06,8.774996e-06,6.483333e-06,9.108328e-06,8.354164e-06
5,318,180.118,1.336,4.666662e-06,3.858328e-06,3.679164e-06,9.199993e-06,4.779164e-06,9.516661e-06,9.22083e-06,7.724992e-06,8.204166e-06,8.412496e-06,9.908326e-06,9.537498e-06,8.816663e-06,6.495825e-06,9.14166e-06,8.395831e-06
5,319,180.277,1.338,4.654161e-06,3.88333e-06,3.641661e-06,9.204166e-06,4.799994e-06,9.512496e-06,9.254161e-06,7.67916e-06,8.208331e-06,8.445827e-06,9.929165e-06,9.545827e-06,8.820828e-06,6.516663e-06,9.162498e-06,8.412496e-06
5,320,180.437,1.34,4.674999e-06,3.870829e-06,3.708331e-06,9.266662e-06,4.808331e-06,9.558328e-06,9.266662e-06,7.754159e-06,8.274992e-06,8.466665e-06,9.995826e-06,9.599996e-06,8.870832e-06,6.54583e-06,9.145832e-06,8.445827e-06
5,321,180.597,1.342,4.687492e-06,3.899996e-06,3.724996e-06,9.258326e-06,4.841661e-06,9.579166e-06,9.275e-06,7.76666e-06,8.241662e-06,8.437499e-06,9.966659e-06,9.60416e-06,8.879161e-06,6.541665e-06,9.179163e-06,8.458328e-06
5,322,180.757,1.344,4.754162e-06,3.895831e-06,3.729161e-06,9.337497e-06,4.841661e-06,9.612497e-06,9.324996e-06,7.804163e-06,8.320832e-06,8.524998e-06,1.0054159e-05,9.674995e-06,8.891662e-06,6.641666e-06,9.249997e-06,8.508333e-06
5,323,180.917,1.346,4.783328e-06,3.920825e-06,3.712495e-06,9.337497e-06,4.845826e-06,9.679158e-06,9.354162e-06,7.849995e-06,8.31666e-06,8.545828e-06,1.0037494e-05,9.695832e-06,8.974997e-06,6.624993e-06,9.233332e-06,8.508333e-06
5,324,181.076,1.348,4.766663e-06,3.870829e-06,3.724996e-06,9.379164e-06,4.866663e-06,9.658329e-06,9.391665e-06,7.829165e-06,8.31666e-06,8.562493e-06,1.0037494e-05,9.729163e-06,8.96666e-06,6.612492e-06,9.295829e-06,8.533327e-06
5,325,181.236,1.35,4.787493e-06,3.945827e-06,3.733325e-06,9.408331e-06,4.879165e-06,9.733327e-06,9.445826e-06,7.883326e-06,8.354164e-06,8.554164e-06,1.006666e-05,9.720826e-06,8.991663e-06,6.674997e-06,9.275e-06,8.554164e-06
5,326,181.396,1.352,4.79583e-06,3.945827e-06,3.749998e-06,9.424996e-06,4.904159e-06,9.75833e-06,9.479165e-06,7.908328e-06,8.362492e-06,8.595832e-06,1.0104163e-05,9.783332e-06,8.995827e-06,6.691662e-06,9.291664e-06,8.583331e-06
5,327,181.556,1.354,4.820832e-06,3.929162e-06,3.71666e-06,9.458327e-06,4.883329e-06,9.774994e-06,9.49583e-06,7.93333e-06,8.412496e-06,8.604161e-06,1.0158332e-05,9.75833e-06,8.970833e-06,6.724993e-06,9.333332e-06,8.608326e-06
5,328,181.716,1.356,4.812495e-06,3.88333e-06,3.762492e-06,9.437497e-06,4.929161e-06,9.799997e-06,9.512496e-06,7.949996e-06,8.424998e-06,8.637492e-06,1.0145831e-05,9.829164e-06,9.049996e-06,6.716665e-06,9.374992e-06,8.616662e-06
5,329,181.876,1.358,4.845826e-06,3.929162e-06,3.662499e-06,9.508331e-06,4.958328e-06,9.79166e-06,9.516661e-06,7.949996e-06,8.404159e-06,8.637492e-06,1.0141659e-05,9.829164e-06,9.033331e-06,6.783327e-06,9.391665e-06,8.654165e-06
5,330,182.035,1.36,4.866663e-06,3.945827e-06,3.691665e-06,9.554164e-06,4.904159e-06,9.845829e-06,9.579166e-06,8.004165e-06,8.474994e-06,8.608326e-06,1.0191663e-05,9.85833e-06,9.079162e-06,6.808329e-06,9.358327e-06,8.695833e-06
5,331,182.195,1.362,4.845826e-06,3.983331e-06,3.749998e-06,9.520832e-06,4.979165e-06,9.866659e-06,9.612497e-06,8.02083e-06,8.462493e-06,8.662494e-06,1.0224994e-05,9.887497e-06,9.083326e-06,6.774998e-06,9.399994e-06,8.662494e-06
5,332,182.355,1.364,4.841661e-06,3.958329e-06,3.733325e-06,9.591659e-06,4.933325e-06,9.870831e-06,9.60416e-06,8.054161e-06,8.533327e-06,8.691661e-06,1.0254161e-05,9.904162e-06,9.108328e-06,6.82083e-06,9.412495e-06,8.708326e-06
5,333,182.515,1.366,4.904159e-06,3.966665e-06,3.762492e-06,9.545827e-06,4.98333e-06,9.841665e-06,9.612497e-06,8.095829e-06,8.512497e-06,8.733328e-06,1.0279163e-05,9.929165e-06,9.091664e-06,6.837495e-06,9.487494e-06,8.754166e-06
5,334,182.675,1.368,4.833333e-06,4.00416e-06,3.791666e-06,9.637499e-06,5.016661e-06,9.962495e-06,9.708333e-06,8.083328e-06,8.529162e-06,8.749994e-06,1.0287499e-05,9.983333e-06,9.104165e-06,6.870826e-06,9.441662e-06,8.745829e-06
5,335,182.834,1.37,4.908331e-06,3.97083e-06,3.79583e-06,9.654164e-06,5.016661e-06,1.0004163e-05,9.691659e-06,8.124995e-06,8.566665e-06,8.774996e-06,1.0370827e-05,9.995826e-06,9.174999e-06,6.908329e-06,9.470828e-06,8.808327e-06
5,336,182.994,1.372,4.937498e-06,4.008325e-06,3.824997e-06,9.704161e-06,5.041663e-06,9.983333e-06,9.712498e-06,8.170828e-06,8.549992e-06,8.808327e-06,1.0337496e-05,9.991661e-06,9.179163e-06,6.94166e-06,9.499995e-06,8.783332e-06
5,337,183.154,1.374,4.979165e-06,4.020826e-06,3.720832e-06,9.704161e-06,5.041663e-06,1.0004163e-05,9.79166e-06,8.174999e-06,8.604161e-06,8.787497e-06,1.0366663e-05,1.006666e-05,9.229159e-06,6.924995e-06,9.499995e-06,8.86666e-06
5,338,183.314,1.376,4.987494e-06,3.987495e-06,3.849999e-06,9.708333e-06,5.058328e-06,1.0058331e-05,9.779159e-06,8.199993e-06,8.629163e-06,8.874997e-06,1.0387492e-05,1.0087498e-05,9.254161e-06,6.970827e-06,9.537498e-06,8.833329e-06
5,339,183.474,1.378,4.987494e-06,4.029163e-06,3.783329e-06,9.745829e-06,5.066665e-06,1.0033329e-05,9.837492e-06,8.220832e-06,8.633328e-06,8.824993e-06,1.0395829e-05,1.0141659e-05,9.266662e-06,6.983328e-06,9.541663e-06,8.829164e-06
5,340,183.634,1.38,5.016661e-06,4.012497e-06,3.841662e-06,9.770831e-06,5.099996e-06,1.0124993e-05,9.820827e-06,8.266664e-06,8.624998e-06,8.849995e-06,1.0441661e-05,1.0116664e-05,9.291664e-06,6.995829e-06,9.587495e-06,8.870832e-06
5,341,183.793,1.382,4.974993e-06,4.041664e-06,3.841662e-06,9.795833e-06,5.124998e-06,1.0116664e-05,9.887497e-06,8.258326e-06,8.662494e-06,8.899999e-06,1.0391665e-05,1.0129165e-05,9.324996e-06,7.016659e-06,9.620825e-06,8.887498e-06
5,342,183.953,1.384,5.016661e-06,3.995832e-06,3.804159e-06,9.787496e-06,5.074994e-06,1.0174997e-05,9.912499e-06,8.299994e-06,8.720827e-06,8.899999e-06,1.049583e-05,1.0170826e-05,9.341661e-06,7.041661e-06,9.595831e-06,8.929165e-06
5,343,184.113,1.386,5.016661e-06,4.020826e-06,3.870829e-06,9.849993e-06,5.141664e-06,1.0179162e-05,9.920827e-06,8.29583e-06,8.712498e-06,8.924992e-06,1.0499994e-05,1.0199992e-05,9.333332e-06,7.041661e-06,9.645828e-06,8.962496e-06
5,344,184.273,1.388,5.008332e-06,4.029163e-06,3.841662e-06,9.870831e-06,5.133327e-06,1.0187498e-05,9.974996e-06,8.324997e-06,8.754166e-06,8.924992e-06,1.0549998e-05,1.0249996e-05,9.362499e-06,7.104159e-06,9.633327e-06,8.958332e-06
5,345,184.433,1.39,5.016661e-06,4.029163e-06,3.88333e-06,9.870831e-06,5.095832e-06,1.024166e-05,9.974996e-06,8.370828e-06,8.766659e-06,8.958332e-06,1.0579165e-05,1.024166e-05,9.404159e-06,7.104159e-06,9.691659e-06,9.037494e-06
5,346,184.592,1.392,5.058328e-06,4.074995e-06,3.870829e-06,9.933328e-06,5.216662e-06,1.0237495e-05,1.0020828e-05,8.387494e-06,8.783332e-06,8.916664e-06,1.0570828e-05,1.0283327e-05,9.39583e-06,7.133333e-06,9.691659e-06,8.991663e-06
5,347,184.752,1.394,5.10416e-06,4.087496e-06,3.895831e-06,9.962495e-06,5.19166e-06,1.0312494e-05,1.0033329e-05,8.454163e-06,8.837494e-06,9.004164e-06,1.0612495e-05,1.032916e-05,9.445826e-06,7.149999e-06,9.708333e-06,9.062497e-06
5,348,184.912,1.396,5.108333e-06,4.095833e-06,3.899996e-06,9.954158e-06,5.229163e-06,1.0316666e-05,1.0049995e-05,8.466665e-06,8.820828e-06,9.037494e-06,1.0620833e-05,1.0370827e-05,9.441662e-06,7.158327e-06,9.762493e-06,9.049996e-06
5,349,185.072,1.398,5.124998e-06,4.099997e-06,3.829161e-06,1.0016664e-05,5.199997e-06,1.0295828e-05,1.0087498e-05,8.420833e-06,8.837494e-06,8.983326e-06,1.0608332e-05,1.0354162e-05,9.429161e-06,7.224997e-06,9.749992e-06,9.066661e-06
5,350,185.232,1.4,5.137499e-06,4.083332e-06,3.916661e-06,9.970832e-06,5.245829e-06,1.0341661e-05,1.0058331e-05,8.520826e-06,8.837494e-06,9.029166e-06,1.0699995e-05,1.0391665e-05,9.449998e-06,7.179165e-06,9.762493e-06,9.095827e-06
5,351,185.391,1.402,5.145828e-06,4.041664e-06,3.887495e-06,1.0054159e-05,5.25833e-06,1.0379164e-05,1.013333e-05,8.512497e-06,8.854158e-06,9.070825e-06,1.0695831e-05,1.040833e-05,9.487494e-06,7.229161e-06,9.79166e-06,9.108328e-06
5,352,185.551,1.404,5.166666e-06,4.108326e-06,3.933326e-06,1.0054159e-05,5.270831e-06,1.0399994e-05,1.0091662e-05,8.516661e-06,8.887498e-06,9.05416e-06,1.0683329e-05,1.0370827e-05,9.424996e-06,7.266664e-06,9.762493e-06,9.158325e-06
5,353,185.711,1.406,5.129163e-06,4.141665e-06,3.949992e-06,1.0062496e-05,5.312499e-06,1.0412495e-05,1.0179162e-05,8.579159e-06,8.899999e-06,9.058333e-06,1.0729162e-05,1.0462499e-05,9.541663e-06,7.270829e-06,9.829164e-06,9.149996e-06
5,354,185.871,1.408,5.137499e-06,4.137492e-06,3.941663e-06,1.0083326e-05,5.291661e-06,1.0429159e-05,1.0199992e-05,8.583331e-06,8.937494e-06,9.108328e-06,1.075e-05,1.0449998e-05,9.549999e-06,7.312497e-06,9.841665e-06,9.187492e-06
5,355,186.031,1.41,5.212498e-06,4.141665e-06,3.924998e-06,1.0108328e-05,5.329164e-06,1.0462499e-05,1.0212493e-05,8.604161e-06,8.937494e-06,9.099992e-06,1.075e-05,1.0520832e-05,9.599996e-06,7.316661e-06,9.862494e-06,9.208329e-06
5,356,186.191,1.412,5.208326e-06,4.15833e-06,3.954164e-06,1.0145831e-05,5.329164e-06,1.0491665e-05,1.0224994e-05,8.616662e-06,8.958332e-06,9.145832e-06,1.0808333e-05,1.0512495e-05,9.58333e-06,7.333326e-06,9.874995e-06,9.199993e-06
5,357,186.35,1.414,5.245829e-06,4.149993e-06,3.983331e-06,1.0141659e-05,5.329164e-06,1.0516659e-05,1.0233331e-05,8.683332e-06,8.983326e-06,9.162498e-06,1.0824998e-05,1.0533333e-05,9.612497e-06,7.341663e-06,9.899998e-06,9.24166e-06
5,358,186.51,1.416,5.241664e-06,4.137492e-06,3.937499e-06,1.0116664e-05,5.387497e-06,1.0554163e-05,1.0291664e-05,8.695833e-06,8.983326e-06,9.166662e-06,1.0816661e-05,1.0591666e-05,9.624998e-06,7.379158e-06,9.895825e-06,9.262498e-06
5,359,186.67,1.418,5.283332e-06,4.187496e-06,3.958329e-06,1.0233331e-05,5.35833e-06,1.0533333e-05,1.0279163e-05,8.670831e-06,9.012492e-06,9.199993e-06,1.0849993e-05,1.0579165e-05,9.612497e-06,7.40416e-06,9.924992e-06,9.279163e-06
5,360,186.83,1.42,5.283332e-06,4.170831e-06,3.983331e-06,1.022083e-05,5.383333e-06,1.0591666e-05,1.0312494e-05,8.745829e-06,9.016665e-06,9.233332e-06,1.0854164e-05,1.0620833e-05,9.695832e-06,7.362493e-06,9.974996e-06,9.299994e-06
5,361,186.99,1.422,5.291661e-06,4.224992e-06,3.974994e-06,1.0183327e-05,5.399998e-06,1.061666e-05,1.0391665e-05,8.770831e-06,9.033331e-06,9.183327e-06,1.0929163e-05,1.0654163e-05,9.695832e-06,7.437499e-06,9.949994e-06,9.270827e-06
5,362,187.149,1.424,5.349994e-06,4.154166e-06,4.029163e-06,1.0279163e-05,5.429165e-06,1.0654163e-05,1.0358325e-05,8.799998e-06,9.074998e-06,9.212494e-06,1.0920827e-05,1.0633325e-05,9.716662e-06,7.462494e-06,1.0016664e-05,9.370828e-06
5,363,187.309,1.426,5.333328e-06,4.216663e-06,3.991659e-06,1.0274998e-05,5.44583e-06,1.0624997e-05,1.0395829e-05,8.787497e-06,9.079162e-06,9.275e-06,1.0837499e-05,1.0604159e-05,9.741664e-06,7.458329e-06,1.0016664e-05,9.333332e-06
5,364,187.469,1.428,5.349994e-06,4.229164e-06,3.999996e-06,1.0299993e-05,5.437493e-06,1.0662492e-05,1.040833e-05,8.820828e-06,9.066661e-06,9.304166e-06,1.0983332e-05,1.070416e-05,9.704161e-06,7.462494e-06,1.0008327e-05,9.408331e-06
5,365,187.629,1.43,5.366659e-06,4.229164e-06,3.979158e-06,1.0299993e-05,5.470832e-06,1.0662492e-05,1.0395829e-05,8.824993e-06,9.099992e-06,9.312495e-06,1.0962494e-05,1.0708332e-05,9.7375e-06,7.499997e-06,1.00125e-05,9.412495e-06
5,366,187.789,1.432,5.366659e-06,4.249994e-06,3.999996e-06,1.040833e-05,5.437493e-06,1.0670828e-05,1.049583e-05,8.908328e-06,9.137495e-06,9.287493e-06,1.1033329e-05,1.0799996e-05,9.787496e-06,7.508326e-06,1.00125e-05,9.349998e-06
5,367,187.948,1.434,5.370831e-06,4.229164e-06,4.024998e-06,1.0354162e-05,5.499999e-06,1.0737499e-05,1.0479164e-05,8.912491e-06,9.116666e-06,9.320831e-06,1.1041665e-05,1.0762493e-05,9.799997e-06,7.479159e-06,1.0095827e-05,9.437497e-06
5,368,188.108,1.436,5.362495e-06,4.258331e-06,4.041664e-06,1.0412495e-05,5.558332e-06,1.0762493e-05,1.0533333e-05,8.899999e-06,9.170826e-06,9.32916e-06,1.0970831e-05,1.078333e-05,9.799997e-06,7.55833e-06,1.0116664e-05,9.445826e-06
5,369,188.268,1.438,5.44583e-06,4.258331e-06,4.074995e-06,1.0429159e-05,5.495826e-06,1.0779167e-05,1.0541661e-05,8.920829e-06,9.183327e-06,9.299994e-06,1.1095826e-05,1.0779167e-05,9.849993e-06,7.570831e-06,1.0079161e-05,9.483329e-06
5,370,188.428,1.44,5.441666e-06,4.283325e-06,4.087496e-06,1.0424996e-05,5.583326e-06,1.080416e-05,1.0579165e-05,8.949995e-06,9.170826e-06,9.387493e-06,1.1095826e-05,1.0841663e-05,9.829164e-06,7.620828e-06,1.0137494e-05,9.499995e-06
5,371,188.588,1.442,5.44583e-06,4.262495e-06,4.062494e-06,1.0437497e-05,5.562496e-06,1.0799996e-05,1.0587493e-05,8.991663e-06,9.187492e-06,9.341661e-06,1.1133329e-05,1.0829162e-05,9.87916e-06,7.629164e-06,1.0129165e-05,9.529162e-06
5,372,188.748,1.444,5.470832e-06,4.258331e-06,4.012497e-06,1.0474992e-05,5.604164e-06,1.0874995e-05,1.0599994e-05,9.012492e-06,9.208329e-06,9.429161e-06,1.116666e-05,1.089166e-05,9.874995e-06,7.595825e-06,1.0149995e-05,9.50416e-06
5,373,188.907,1.446,5.449994e-06,4.229164e-06,4.062494e-06,1.0470828e-05,5.608328e-06,1.0845828e-05,1.0641662e-05,9.024993e-06,9.262498e-06,9.412495e-06,1.1154159e-05,1.0929163e-05,9.829164e-06,7.695826e-06,1.0162496e-05,9.558328e-06
5,374,189.067,1.448,5.499999e-06,4.312499e-06,4.099997e-06,1.0516659e-05,5.591663e-06,1.0916662e-05,1.0649999e-05,9.058333e-06,9.212494e-06,9.404159e-06,1.1149995e-05,1.0916662e-05,9.912499e-06,7.662495e-06,1.0174997e-05,9.587495e-06
5,375,189.227,1.45,5.474997e-06,4.312499e-06,4.095833e-06,1.0545826e-05,5.620829e-06,1.0883331e-05,1.0670828e-05,9.05416e-06,9.24166e-06,9.470828e-06,1.1212492e-05,1.0954165e-05,9.908326e-06,7.666659e-06,1.0229166e-05,9.58333e-06
5,376,189.387,1.452,5.549995e-06,4.333329e-06,4.079159e-06,1.0579165e-05,5.608328e-06,1.0954165e-05,1.0737499e-05,9.095827e-06,9.320831e-06,9.487494e-06,1.1258332e-05,1.0962494e-05,9.937493e-06,7.704162e-06,1.0233331e-05,9.641663e-06
5,377,189.547,1.454,5.537494e-06,4.308327e-06,4.108326e-06,1.058333e-05,5.662497e-06,1.0970831e-05,1.0729162e-05,9.099992e-06,9.30833e-06,9.470828e-06,1.1241658e-05,1.0983332e-05,9.991661e-06,7.716663e-06,1.0208329e-05,9.579166e-06
5,378,189.706,1.456,5.537494e-06,4.295826e-06,4.079159e-06,1.0624997e-05,5.712493e-06,1.0966659e-05,1.0733326e-05,9.124994e-06,9.316659e-06,9.512496e-06,1.1279162e-05,1.0983332e-05,9.887497e-06,7.74583e-06,1.022083e-05,9.612497e-06
5,379,189.866,1.458,5.549995e-06,4.34583e-06,4.166659e-06,1.0641662e-05,5.683327e-06,1.097916e-05,1.0754164e-05,9.174999e-06,9.279163e-06,9.491666e-06,1.13e-05,1.0983332e-05,1.0029165e-05,7.737493e-06,1.0287499e-05,9.666665e-06
5,380,190.026,1.46,5.608328e-06,4.354159e-06,4.108326e-06,1.0695831e-05,5.737495e-06,1.1004162e-05,1.0795831e-05,9.158325e-06,9.312495e-06,9.554164e-06,1.1258332e-05,1.1070832e-05,9.999999e-06,7.779161e-06,1.0291664e-05,9.658329e-06
5,381,190.186,1.462,5.558332e-06,4.362496e-06,4.15833e-06,1.0683329e-05,5.704164e-06,1.104583e-05,1.078333e-05,9.166662e-06,9.354162e-06,9.499995e-06,1.1304164e-05,1.1029164e-05,9.991661e-06,7.783326e-06,1.024166e-05,9.691659e-06
5,382,190.346,1.464,5.574997e-06,4.358331e-06,4.120827e-06,1.0695831e-05,5.724994e-06,1.0999997e-05,1.0808333e-05,9.183327e-06,9.358327e-06,9.558328e-06,1.1341659e-05,1.1074996e-05,1.0062496e-05,7.774996e-06,1.0312494e-05,9.645828e-06
5,383,190.506,1.466,5.591663e-06,4.370832e-06,4.129163e-06,1.0745827e-05,5.74166e-06,1.1070832e-05,1.0829162e-05,9.224995e-06,9.349998e-06,9.566665e-06,1.1362497e-05,1.1099998e-05,1.0024993e-05,7.770833e-06,1.0312494e-05,9.729163e-06
5,384,190.665,1.468,5.63333e-06,4.349994e-06,4.166659e-06,1.0733326e-05,5.754161e-06,1.1083333e-05,1.0833327e-05,9.262498e-06,9.387493e-06,9.574994e-06,1.1333331e-05,1.1029164e-05,1.0087498e-05,7.824993e-06,1.032916e-05,9.699997e-06
5,385,190.825,1.47,5.608328e-06,4.424993e-06,4.145829e-06,1.0758328e-05,5.783327e-06,1.1133329e-05,1.0829162e-05,9.262498e-06,9.391665e-06,9.595831e-06,1.1366661e-05,1.1129165e-05,1.0070833e-05,7.812492e-06,1.0362498e-05,9.7375e-06
5,386,190.985,1.472,5.658333e-06,4.374997e-06,4.183332e-06,1.0795831e-05,5.749996e-06,1.1133329e-05,1.0874995e-05,9.275e-06,9.424996e-06,9.579166e-06,1.1383327e-05,1.1124992e-05,1.0083326e-05,7.85416e-06,1.0362498e-05,9.795833e-06
5,387,191.145,1.474,5.679162e-06,4.437494e-06,4.237493e-06,1.0758328e-05,5.787492e-06,1.1112499e-05,1.0908326e-05,9.295829e-06,9.420832e-06,9.620825e-06,1.1412493e-05,1.1179161e-05,1.0129165e-05,7.895827e-06,1.0362498e-05,9.795833e-06
5,388,191.305,1.476,5.712493e-06,4.404164e-06,4.137492e-06,1.0758328e-05,5.795829e-06,1.1179161e-05,1.0924999e-05,9.312495e-06,9.454163e-06,9.637499e-06,1.1470826e-05,1.1191662e-05,1.0112492e-05,7.924994e-06,1.032916e-05,9.829164e-06
5,389,191.464,1.478,5.72083e-06,4.43333e-06,4.233329e-06,1.0812497e-05,5.862498e-06,1.1212492e-05,1.0962494e-05,9.39583e-06,9.429161e-06,9.687496e-06,1.1449996e-05,1.1120828e-05,1.0162496e-05,7.949996e-06,1.0445825e-05,9.854166e-06
5,390,191.624,1.48,5.74166e-06,4.458332e-06,4.224992e-06,1.0866665e-05,5.84166e-06,1.1199999e-05,1.0987496e-05,9.383329e-06,9.470828e-06,9.649992e-06,1.1404165e-05,1.1224993e-05,1.0170826e-05,7.966662e-06,1.0412495e-05,9.824999e-06
5,391,191.784,1.482,5.758325e-06,4.458332e-06,4.224992e-06,1.089166e-05,5.883328e-06,1.1245831e-05,1.1008327e-05,9.391665e-06,9.479165e-06,9.67083e-06,1.1533331e-05,1.1254159e-05,1.0199992e-05,7.924994e-06,1.0424996e-05,9.866659e-06
5,392,191.944,1.484,5.745832e-06,4.395827e-06,4.224992e-06,1.0874995e-05,5.870827e-06,1.1208328e-05,1.1020828e-05,9.39583e-06,9.474993e-06,9.712498e-06,1.1483327e-05,1.1262497e-05,1.0166661e-05,7.970826e-06,1.0466663e-05,9.870831e-06
5,393,192.104,1.486,5.758325e-06,4.470825e-06,4.212499e-06,1.095833e-05,5.912495e-06,1.126666e-05,1.1041665e-05,9.437497e-06,9.512496e-06,9.649992e-06,1.1533331e-05,1.1295827e-05,1.0216665e-05,8.012494e-06,1.0445825e-05,9.866659e-06
5,394,192.263,1.488,5.749996e-06,4.466661e-06,4.174995e-06,1.0941664e-05,5.916659e-06,1.1283326e-05,1.1054166e-05,9.441662e-06,9.554164e-06,9.749992e-06,1.1533331e-05,1.1304164e-05,1.0237495e-05,7.916665e-06,1.0487493e-05,9.895825e-06
5,395,192.423,1.49,5.795829e-06,4.529158e-06,4.254158e-06,1.0974995e-05,5.912495e-06,1.1287499e-05,1.1070832e-05,9.474993e-06,9.549999e-06,9.720826e-06,1.1587493e-05,1.123333e-05,1.0145831e-05,8.049997e-06,1.0483329e-05,9.912499e-06
5,396,192.583,1.492,5.783327e-06,4.45416e-06,4.233329e-06,1.0937492e-05,5.924996e-06,1.1312492e-05,1.1029164e-05,9.466664e-06,9.50416e-06,9.729163e-06,1.1554162e-05,1.1349996e-05,1.0258333e-05,8.024995e-06,1.0487493e-05,9.95833e-06
5,397,192.743,1.494,5.774998e-06,4.529158e-06,4.287497e-06,1.0991661e-05,5.941661e-06,1.1316665e-05,1.1062495e-05,9.508331e-06,9.562493e-06,9.783332e-06,1.1587493e-05,1.1387499e-05,1.0291664e-05,8.029159e-06,1.0570828e-05,9.962495e-06
5,398,192.903,1.496,5.833332e-06,4.512493e-06,4.287497e-06,1.1016663e-05,5.958327e-06,1.1370826e-05,1.1124992e-05,9.554164e-06,9.60416e-06,9.754165e-06,1.162916e-05,1.1399992e-05,1.0287499e-05,8.104165e-06,1.0533333e-05,9.962495e-06
5,399,193.063,1.498,5.866663e-06,4.53333e-06,4.295826e-06,1.1029164e-05,6.029161e-06,1.1374998e-05,1.1183325e-05,9.570829e-06,9.587495e-06,9.816663e-06,1.1654162e-05,1.1416666e-05,1.0262497e-05,8.070827e-06,1.0483329e-05,9.987497e-06
5,400,193.222,1.5,5.862498e-06,4.545832e-06,4.27916e-06,1.1008327e-05,5.970828e-06,1.1379162e-05,1.1179161e-05,9.574994e-06,9.60416e-06,9.766666e-06,1.1666663e-05,1.1374998e-05,1.0287499e-05,8.137496e-06,1.0599994e-05,1.0037494e-05
5,401,193.382,1.498,5.812494e-06,4.508328e-06,4.299998e-06,1.1008327e-05,5.987493e-06,1.1416666e-05,1.1133329e-05,9.587495e-06,9.529162e-06,9.766666e-06,1.1616659e-05,1.1379162e-05,1.0312494e-05,8.095829e-06,1.0566664e-05,9.970832e-06
5,402,193.542,1.496,5.766662e-06,4.466661e-06,4.266659e-06,1.1016663e-05,5.966663e-06,1.1341659e-05,1.1124992e-05,9.529162e-06,9.591659e-06,9.75833e-06,1.1633332e-05,1.1399992e-05,1.0274998e-05,8.079163e-06,1.0554163e-05,9.97916e-06
5,403,193.702,1.494,5.824995e-06,4.508328e-06,4.295826e-06,1.0995833e-05,5.962499e-06,1.1366661e-05,1.1091662e-05,9.541663e-06,9.570829e-06,9.7375e-06,1.1595829e-05,1.1374998e-05,1.0279163e-05,8.012494e-06,1.0508331e-05,9.974996e-06
5,404,193.862,1.492,5.724994e-06,4.449995e-06,4.241665e-06,1.0924999e-05,5.949998e-06,1.1312492e-05,1.1099998e-05,9.50416e-06,9.516661e-06,9.787496e-06,1.160833e-05,1.1391664e-05,1.0237495e-05,8.033331e-06,1.0508331e-05,9.945829e-06
5,405,194.021,1.49,5.737495e-06,4.45416e-06,4.233329e-06,1.095833e-05,5.958327e-06,1.1312492e-05,1.1137494e-05,9.454163e-06,9.537498e-06,9.729163e-06,1.1599994e-05,1.1316665e-05,1.015416e-05,8.049997e-06,1.0474992e-05,9.966659e-06
5,406,194.181,1.488,5.779163e-06,4.43333e-06,4.266659e-06,1.0924999e-05,5.904166e-06,1.1283326e-05,1.1041665e-05,9.487494e-06,9.508331e-06,9.708333e-06,1.1516667e-05,1.1295827e-05,1.0204164e-05,7.970826e-06,1.0437497e-05,9.870831e-06
5,407,194.341,1.486,5.708329e-06,4.470825e-06,4.24583e-06,1.0916662e-05,5.970828e-06,1.1274998e-05,1.1070832e-05,9.454163e-06,9.508331e-06,9.724999e-06,1.1533331e-05,1.1316665e-05,1.0229166e-05,8.024995e-06,1.0483329e-05,9.908326e-06
5,408,194.501,1.484,5.733331e-06,4.445831e-06,4.204162e-06,1.0904161e-05,5.870827e-06,1.1245831e-05,1.1054166e-05,9.437497e-06,9.474993e-06,9.695832e-06,1.152083e-05,1.1295827e-05,1.0174997e-05,7.979163e-06,1.0449998e-05,9.887497e-06
5,409,194.661,1.482,5.662497e-06,4.491663e-06,4.204162e-06,1.0858329e-05,5.879164e-06,1.1091662e-05,1.0987496e-05,9.391665e-06,9.420832e-06,9.658329e-06,1.1462498e-05,1.1262497e-05,1.0170826e-05,7.899992e-06,1.0416658e-05,9.85833e-06
5,410,194.82,1.48,5.695828e-06,4.412492e-06,4.074995e-06,1.0824998e-05,5.824995e-06,1.1187498e-05,1.0924999e-05,9.391665e-06,9.458327e-06,9.637499e-06,1.1437495e-05,1.1220829e-05,1.0137494e-05,7.954161e-06,1.040833e-05,9.833328e-06
5,411,194.98,1.478,5.674998e-06,4.379161e-06,4.195825e-06,1.0795831e-05,5.833332e-06,1.1187498e-05,1.0966659e-05,9.358327e-06,9.437497e-06,9.608332e-06,1.1458325e-05,1.1195826e-05,1.0183327e-05,7.929166e-06,1.0354162e-05,9.783332e-06
5,412,195.14,1.476,5.608328e-06,4.399999e-06,4.170831e-06,1.0791659e-05,5.833332e-06,1.1154159e-05,1.0966659e-05,9.299994e-06,9.370828e-06,9.654164e-06,1.1458325e-05,1.1187498e-05,1.0108328e-05,7.924994e-06,1.0379164e-05,9.799997e-06
5,413,195.3,1.474,5.65416e-06,4.374997e-06,4.191661e-06,1.0787495e-05,5.804165e-06,1.1141666e-05,1.0887496e-05,9.320831e-06,9.408331e-06,9.574994e-06,1.1437495e-05,1.1158331e-05,1.0149995e-05,7.874997e-06,1.0391665e-05,9.812498e-06
5,414,195.46,1.472,5.629166e-06,4.370832e-06,4.149993e-06,1.0779167e-05,5.787492e-06,1.1133329e-05,1.0841663e-05,9.254161e-06,9.404159e-06,9.591659e-06,1.1379162e-05,1.1179161e-05,1.013333e-05,7.866661e-06,1.0349997e-05,9.683331e-06
5,415,195.62,1.47,5.63333e-06,4.379161e-06,4.095833e-06,1.0733326e-05,5.791664e-06,1.114583e-05,1.0879159e-05,9.258326e-06,9.379164e-06,9.579166e-06,1.1391664e-05,1.1116664e-05,1.0087498e-05,7.845831e-06,1.0308329e-05,9.658329e-06
5,416,195.779,1.468,5.587498e-06,4.341666e-06,4.141665e-06,1.0662492e-05,5.770826e-06,1.1058331e-05,1.0845828e-05,9.270827e-06,9.345826e-06,9.566665e-06,1.1329166e-05,1.1112499e-05,1.0062496e-05,7.812492e-06,1.0345832e-05,9.704161e-06
5,417,195.939,1.466,5.566661e-06,4.374997e-06,4.112498e-06,1.0691659e-05,5.733331e-06,1.1095826e-05,1.0862494e-05,9.245833e-06,9.316659e-06,9.533326e-06,1.1341659e-05,1.1083333e-05,1.0024993e-05,7.812492e-06,1.0291664e-05,9.683331e-06
5,418,196.099,1.464,5.566661e-06,4.358331e-06,4.154166e-06,1.0708332e-05,5.691663e-06,1.1041665e-05,1.0774994e-05,9.254161e-06,9.320831e-06,9.558328e-06,1.1270833e-05,1.1054166e-05,1.0004163e-05,7.791662e-06,1.0324995e-05,9.679158e-06
5,419,196.259,1.462,5.541659e-06,4.333329e-06,4.129163e-06,1.0662492e-05,5.691663e-06,1.1016663e-05,1.0824998e-05,9.208329e-06,9.30833e-06,9.499995e-06,1.1308328e-05,1.1062495e-05,1.0029165e-05,7.783326e-06,1.0291664e-05,9.654164e-06
5,420,196.419,1.46,5.570825e-06,4.283325e-06,4.079159e-06,1.0633325e-05,5.687499e-06,1.1016663e-05,1.0766666e-05,9.154161e-06,9.320831e-06,9.512496e-06,1.1274998e-05,1.1008327e-05,9.933328e-06,7.724992e-06,1.0208329e-05,9.67083e-06
5,421,196.578,1.458,5.487498e-06,4.249994e-06,4.145829e-06,1.0612495e-05,5.687499e-06,1.0974995e-05,1.0745827e-05,9.124994e-06,9.283328e-06,9.49583e-06,1.1224993e-05,1.1008327e-05,9.916663e-06,7.649994e-06,1.0245832e-05,9.658329e-06
5,422,196.738,1.456,5.491662e-06,4.299998e-06,4.070831e-06,1.0604159e-05,5.649996e-06,1.095833e-05,1.0733326e-05,9.124994e-06,9.258326e-06,9.441662e-06,1.1158331e-05,1.0983332e-05,9.95833e-06,7.695826e-06,1.0212493e-05,9.645828e-06
5,423,196.898,1.454,5.474997e-06,4.291662e-06,4.087496e-06,1.0570828e-05,5.65416e-06,1.0941664e-05,1.070416e-05,9.137495e-06,9.258326e-06,9.458327e-06,1.1208328e-05,1.0983332e-05,9.970832e-06,7.708327e-06,1.0233331e-05,9.633327e-06
5,424,197.058,1.452,5.470832e-06,4.24583e-06,4.049993e-06,1.0558327e-05,5.63333e-06,1.0895832e-05,1.0674993e-05,9.070825e-06,9.24166e-06,9.441662e-06,1.1174997e-05,1.0962494e-05,9.912499e-06,7.7125e-06,1.0224994e-05,9.562493e-06
5,425,197.218,1.45,5.479161e-06,4.274996e-06,4.062494e-06,1.0512495e-05,5.520828e-06,1.0824998e-05,1.0654163e-05,9.049996e-06,9.237496e-06,9.345826e-06,1.1174997e-05,1.0924999e-05,9.912499e-06,7.683333e-06,1.0149995e-05,9.562493e-06
5,426,197.378,1.448,5.433329e-06,4.249994e-06,4.049993e-06,1.0470828e-05,5.583326e-06,1.0879159e-05,1.0662492e-05,9.041659e-06,9.212494e-06,9.424996e-06,1.1183325e-05,1.0937492e-05,9.883332e-06,7.612498e-06,1.0191663e-05,9.566665e-06
5,427,197.537,1.446,5.404162e-06,4.254158e-06,4.016661e-06,1.0483329e-05,5.537494e-06,1.0829162e-05,1.0587493e-05,8.991663e-06,9.216667e-06,9.379164e-06,1.1154159e-05,1.0849993e-05,9.829164e-06,7.658331e-06,1.0145831e-05,9.554164e-06
5,428,197.697,1.444,5.362495e-06,4.204162e-06,4.024998e-06,1.0445825e-05,5.558332e-06,1.0808333e-05,1.0579165e-05,9.008329e-06,9.166662e-06,9.374992e-06,1.1079161e-05,1.0833327e-05,9.866659e-06,7.591661e-06,1.0129165e-05,9.483329e-06
5,429,197.857,1.442,5.345829e-06,4.237493e-06,3.983331e-06,1.0441661e-05,5.537494e-06,1.0754164e-05,1.0566664e-05,8.949995e-06,9.183327e-06,9.370828e-06,1.1112499e-05,1.0833327e-05,9.862494e-06,7.608326e-06,1.0104163e-05,9.499995e-06
5,430,198.017,1.44,5.391661e-06,4.220828e-06,4.00416e-06,1.040833e-05,5.504163e-06,1.0766666e-05,1.0512495e-05,8.949995e-06,9.166662e-06,9.366663e-06,1.1058331e-05,1.078333e-05,9.812498e-06,7.587496e-06,1.0095827e-05,9.470828e-06
5,431,198.177,1.438,5.291661e-06,4.191661e-06,3.979158e-06,1.0337496e-05,5.512492e-06,1.0745827e-05,1.0520832e-05,8.895826e-06,9.091664e-06,9.370828e-06,1.1054166e-05,1.075e-05,9.808326e-06,7.570831e-06,1.0062496e-05,9.474993e-06
5,432,198.336,1.436,5.362495e-06,4.141665e-06,3.974994e-06,1.0449998e-05,5.499999e-06,1.0774994e-05,1.0524996e-05,8.924992e-06,9.104165e-06,9.30833e-06,1.1037493e-05,1.0779167e-05,9.774994e-06,7.570831e-06,1.006666e-05,9.462499e-06
5,433,198.496,1.434,5.354166e-06,4.187496e-06,3.987495e-06,1.0358325e-05,5.520828e-06,1.0737499e-05,1.0516659e-05,8.916664e-06,9.062497e-06,9.312495e-06,1.1041665e-05,1.0766666e-05,9.779159e-06,7.508326e-06,1.004583e-05,9.391665e-06
5,434,198.656,1.432,5.337492e-06,4.229164e-06,3.97083e-06,1.0354162e-05,5.499999e-06,1.0741663e-05,1.0504166e-05,8.84583e-06,9.074998e-06,9.204166e-06,1.0983332e-05,1.0762493e-05,9.75833e-06,7.545829e-06,1.0037494e-05,9.41666e-06
5,435,198.816,1.43,5.324991e-06,4.187496e-06,4.00416e-06,1.0333331e-05,5.437493e-06,1.0708332e-05,1.0466663e-05,8.879161e-06,9.083326e-06,9.249997e-06,1.097916e-05,1.0699995e-05,9.720826e-06,7.474995e-06,9.999999e-06,9.379164e-06
5,436,198.976,1.428,5.27916e-06,4.124999e-06,3.945827e-06,1.0291664e-05,5.424992e-06,1.0662492e-05,1.0383328e-05,8.812499e-06,9.066661e-06,9.229159e-06,1.0937492e-05,1.0629161e-05,9.716662e-06,7.474995e-06,9.970832e-06,9.324996e-06
5,437,199.135,1.426,5.224999e-06,4.141665e-06,3.90416e-06,1.0291664e-05,5.416663e-06,1.0641662e-05,1.0370827e-05,8.75833e-06,9.062497e-06,9.22083e-06,1.0966659e-05,1.0637498e-05,9.704161e-06,7.399996e-06,9.974996e-06,9.333332e-06
5,438,199.295,1.424,5.291661e-06,4.095833e-06,3.962493e-06,1.0258333e-05,5.437493e-06,1.0595831e-05,1.0366663e-05,8.791661e-06,9.02083e-06,9.179163e-06,1.0883331e-05,1.0641662e-05,9.683331e-06,7.437499e-06,9.95833e-06,9.320831e-06
5,439,199.455,1.422,5.187495e-06,4.137492e-06,3.924998e-06,1.0229166e-05,5.366659e-06,1.0587493e-05,1.0358325e-05,8.683332e-06,8.987498e-06,9.187492e-06,1.0862494e-05,1.061666e-05,9.641663e-06,7.424998e-06,9.924992e-06,9.295829e-06
5,440,199.615,1.42,5.254165e-06,4.137492e-06,3.937499e-06,1.0170826e-05,5.374996e-06,1.0554163e-05,1.0308329e-05,8.741665e-06,8.962496e-06,9.199993e-06,1.0899997e-05,1.0604159e-05,9.649992e-06,7.391659e-06,9.941666e-06,9.299994e-06
5,441,199.775,1.418,5.158329e-06,4.137492e-06,3.899996e-06,1.0199992e-05,5.383333e-06,1.0433332e-05,1.0299993e-05,8.704162e-06,9.004164e-06,9.174999e-06,1.0858329e-05,1.0595831e-05,9.633327e-06,7.354164e-06,9.908326e-06,9.229159e-06
5,442,199.935,1.416,5.19166e-06,4.104161e-06,3.908332e-06,1.0112492e-05,5.35833e-06,1.052916e-05,1.0216665e-05,8.699997e-06,8.974997e-06,9.145832e-06,1.087083e-05,1.0566664e-05,9.570829e-06,7.399996e-06,9.933328e-06,9.316659e-06
5,443,200.094,1.414,5.212498e-06,4.129163e-06,3.920825e-06,1.0174997e-05,5.362495e-06,1.0512495e-05,1.0258333e-05,8.670831e-06,8.958332e-06,9.183327e-06,1.0808333e-05,1.0524996e-05,9.612497e-06,7.345827e-06,9.904162e-06,9.249997e-06
5,444,200.254,1.412,5.162493e-06,4.116662e-06,3.90416e-06,1.0174997e-05,5.354166e-06,1.0533333e-05,1.0249996e-05,8.670831e-06,8.929165e-06,9.116666e-06,1.0812497e-05,1.0566664e-05,9.570829e-06,7.354164e-06,9.85833e-06,9.24166e-06
5,445,200.414,1.41,5.179159e-06,4.099997e-06,3.941663e-06,1.0149995e-05,5.316663e-06,1.0483329e-05,1.0229166e-05,8.687496e-06,8.904163e-06,9.12083e-06,1.0820826e-05,1.049583e-05,9.599996e-06,7.320825e-06,9.85833e-06,9.216667e-06
5,446,200.574,1.408,5.141664e-06,4.108326e-06,3.895831e-06,1.0108328e-05,5.295825e-06,1.0437497e-05,1.0212493e-05,8.608326e-06,8.899999e-06,9.108328e-06,1.0741663e-05,1.049583e-05,9.529162e-06,7.337499e-06,9.841665e-06,9.174999e-06
5,447,200.734,1.406,5.179159e-06,4.120827e-06,3.899996e-06,1.0099999e-05,5.329164e-06,1.0458326e-05,1.0191663e-05,8.624998e-06,8.879161e-06,9.112493e-06,1.0795831e-05,1.0487493e-05,9.570829e-06,7.30416e-06,9.816663e-06,9.187492e-06
5,448,200.893,1.404,5.141664e-06,4.058329e-06,3.908332e-06,1.0062496e-05,5.295825e-06,1.0437497e-05,1.0166661e-05,8.574994e-06,8.86666e-06,9.112493e-06,1.0733326e-05,1.0441661e-05,9.49583e-06,7.154163e-06,9.774994e-06,9.166662e-06
5,449,201.053,1.402,5.129163e-06,4.079159e-06,3.879165e-06,1.004583e-05,5.25833e-06,1.0391665e-05,1.0141659e-05,8.541663e-06,8.86666e-06,9.041659e-06,1.0729162e-05,1.0416658e-05,9.508331e-06,7.295831e-06,9.762493e-06,9.162498e-06
5,450,201.213,1.4,5.120826e-06,4.074995e-06,3.866664e-06,1.00125e-05,5.254165e-06,1.0395829e-05,1.0091662e-05,8.520826e-06,8.833329e-06,9.041659e-06,1.0691659e-05,1.0412495e-05,9.483329e-06,7.187494e-06,9.762493e-06,9.12083e-06
5,451,201.373,1.398,5.054164e-06,4.074995e-06,3.879165e-06,1.0016664e-05,5.241664e-06,1.0324995e-05,1.004583e-05,8.479166e-06,8.816663e-06,9.016665e-06,1.0662492e-05,1.0379164e-05,9.445826e-06,7.249999e-06,9.766666e-06,9.083326e-06
5,452,201.533,1.396,5.112497e-06,4.074995e-06,3.866664e-06,9.962495e-06,5.224999e-06,1.0224994e-05,1.0037494e-05,8.508333e-06,8.791661e-06,8.979162e-06,1.0658327e-05,1.0333331e-05,9.437497e-06,7.179165e-06,9.699997e-06,9.033331e-06
5,453,201.692,1.394,5.029162e-06,4.054165e-06,3.858328e-06,9.916663e-06,5.195832e-06,1.0287499e-05,1.0008327e-05,8.445827e-06,8.787497e-06,9.004164e-06,1.0608332e-05,1.032083e-05,9.404159e-06,7.145826e-06,9.666665e-06,9.024993e-06
5,454,201.852,1.392,5.049992e-06,3.954164e-06,3.829161e-06,9.916663e-06,5.174994e-06,1.0274998e-05,1.0008327e-05,8.412496e-06,8.787497e-06,8.958332e-06,1.0587493e-05,1.0212493e-05,9.39583e-06,7.158327e-06,9.724999e-06,9.062497e-06
5,455,202.012,1.39,5.041663e-06,4.049993e-06,3.858328e-06,9.904162e-06,5.19166e-06,1.0279163e-05,9.970832e-06,8.41666e-06,8.741665e-06,8.945831e-06,1.0533333e-05,1.0287499e-05,9.41666e-06,7.091665e-06,9.679158e-06,9.016665e-06
5,456,202.172,1.388,4.991658e-06,4.020826e-06,3.824997e-06,9.874995e-06,5.145828e-06,1.0204164e-05,9.899998e-06,8.337498e-06,8.720827e-06,8.908328e-06,1.0533333e-05,1.0224994e-05,9.320831e-06,7.124996e-06,9.666665e-06,9.004164e-06
5,457,202.332,1.386,4.970829e-06,4.037492e-06,3.812496e-06,9.820827e-06,5.137499e-06,1.0145831e-05,9.924992e-06,8.374993e-06,8.691661e-06,8.937494e-06,1.0533333e-05,1.0212493e-05,9.304166e-06,7.091665e-06,9.674995e-06,8.974997e-06
5,458,202.492,1.384,4.958328e-06,3.983331e-06,3.791666e-06,9.762493e-06,5.149992e-06,1.0112492e-05,9.912499e-06,8.312496e-06,8.683332e-06,8.891662e-06,1.0491665e-05,1.0183327e-05,9.283328e-06,7.062499e-06,9.612497e-06,8.954159e-06
5,459,202.651,1.382,4.966664e-06,3.991659e-06,3.837498e-06,9.812498e-06,5.074994e-06,1.0162496e-05,9.85833e-06,8.279165e-06,8.670831e-06,8.86666e-06,1.0479164e-05,1.0108328e-05,9.283328e-06,7.062499e-06,9.587495e-06,8.924992e-06
5,460,202.811,1.38,4.929161e-06,3.924998e-06,3.799995e-06,9.754165e-06,5.087495e-06,1.0091662e-05,9.833328e-06,8.274992e-06,8.599996e-06,8.858331e-06,1.0441661e-05,1.0141659e-05,9.295829e-06,7.016659e-06,9.579166e-06,8.84583e-06
5,461,202.971,1.378,4.941662e-06,3.974994e-06,3.770828e-06,9.749992e-06,5.054164e-06,1.0079161e-05,9.804161e-06,8.245825e-06,8.645829e-06,8.829164e-06,1.0445825e-05,1.0120829e-05,9.233332e-06,7.00833e-06,9.570829e-06,8.874997e-06
5,462,203.131,1.376,4.937498e-06,3.966665e-06,3.791666e-06,9.679158e-06,5.049992e-06,1.0041666e-05,9.774994e-06,8.187492e-06,8.579159e-06,8.816663e-06,1.0387492e-05,1.004583e-05,9.262498e-06,6.983328e-06,9.541663e-06,8.837494e-06
5,463,203.291,1.374,4.874993e-06,3.974994e-06,3.724996e-06,9.60416e-06,4.98333e-06,1.0016664e-05,9.754165e-06,8.162498e-06,8.579159e-06,8.799998e-06,1.0341661e-05,1.0062496e-05,9.191665e-06,6.916666e-06,9.50416e-06,8.791661e-06
5,464,203.45,1.372,4.804158e-06,3.90416e-06,3.654162e-06,9.633327e-06,4.999995e-06,9.999999e-06,9.687496e-06,8.158326e-06,8.5375e-06,8.749994e-06,1.032083e-05,9.987497e-06,9.149996e-06,6.916666e-06,9.454163e-06,8.783332e-06
5,465,203.61,1.37,4.833333e-06,3.945827e-06,3.749998e-06,9.629162e-06,4.995831e-06,9.954158e-06,9.687496e-06,8.162498e-06,8.499996e-06,8.741665e-06,1.0316666e-05,1.00125e-05,9.158325e-06,6.8875e-06,9.470828e-06,8.787497e-06
5,466,203.77,1.368,4.845826e-06,3.929162e-06,3.729161e-06,9.629162e-06,4.987494e-06,9.962495e-06,9.699997e-06,8.104165e-06,8.479166e-06,8.729164e-06,1.0299993e-05,9.991661e-06,9.149996e-06,6.854161e-06,9.449998e-06,8.770831e-06
5,467,203.93,1.366,4.833333e-06,3.899996e-06,3.733325e-06,9.529162e-06,4.974993e-06,9.912499e-06,9.58333e-06,8.016666e-06,8.454163e-06,8.699997e-06,1.0249996e-05,9.941666e-06,9.133331e-06,6.849996e-06,9.429161e-06,8.724999e-06
5,468,204.09,1.364,4.824996e-06,3.895831e-06,3.71666e-06,9.566665e-06,4.937498e-06,9.870831e-06,9.624998e-06,8.016666e-06,8.466665e-06,8.716663e-06,1.0245832e-05,9.949994e-06,9.062497e-06,6.829158e-06,9.399994e-06,8.695833e-06
5,469,204.25,1.362,4.779164e-06,3.899996e-06,3.741662e-06,9.537498e-06,4.941662e-06,9.887497e-06,9.558328e-06,7.958332e-06,8.424998e-06,8.654165e-06,1.0245832e-05,9.908326e-06,9.091664e-06,6.799992e-06,9.399994e-06,8.708326e-06
5,470,204.409,1.36,4.774992e-06,3.929162e-06,3.720832e-06,9.516661e-06,4.929161e-06,9.808326e-06,9.558328e-06,8.016666e-06,8.441662e-06,8.683332e-06,1.0208329e-05,9.804161e-06,9.066661e-06,6.749995e-06,9.399994e-06,8.654165e-06
5,471,204.569,1.358,4.749998e-06,3.908332e-06,3.687493e-06,9.474993e-06,4.891666e-06,9.808326e-06,9.50416e-06,7.962497e-06,8.420833e-06,8.620827e-06,1.0183327e-05,9.829164e-06,9.024993e-06,6.749995e-06,9.320831e-06,8.595832e-06
5,472,204.729,1.356,4.758326e-06,3.854163e-06,3.641661e-06,9.412495e-06,4.866663e-06,9.770831e-06,9.441662e-06,7.962497e-06,8.31666e-06,8.612497e-06,1.013333e-05,9.783332e-06,9.033331e-06,6.699999e-06,9.320831e-06,8.608326e-06
5,473,204.889,1.354,4.712494e-06,3.841662e-06,3.641661e-06,9.370828e-06,4.791665e-06,9.687496e-06,9.41666e-06,7.874997e-06,8.370828e-06,8.583331e-06,1.0087498e-05,9.808326e-06,8.979162e-06,6.73333e-06,9.299994e-06,8.59166e-06
5,474,205.049,1.352,4.724996e-06,3.833326e-06,3.637497e-06,9.408331e-06,4.82916e-06,9.683331e-06,9.399994e-06,7.883326e-06,8.324997e-06,8.558329e-06,1.0120829e-05,9.720826e-06,8.974997e-06,6.670833e-06,9.245833e-06,8.470829e-06
5,475,205.208,1.35,4.683327e-06,3.874993e-06,3.658326e-06,9.349998e-06,4.804158e-06,9.658329e-06,9.366663e-06,7.862496e-06,8.329161e-06,8.533327e-06,1.0016664e-05,9.716662e-06,8.874997e-06,6.63333e-06,9.262498e-06,8.541663e-06
5,476,205.368,1.348,4.683327e-06,3.837498e-06,3.666663e-06,9.337497e-06,4.79583e-06,9.624998e-06,9.316659e-06,7.849995e-06,8.308331e-06,8.508333e-06,1.0037494e-05,9.691659e-06,8.924992e-06,6.658332e-06,9.22083e-06,8.524998e-06
5,477,205.528,1.346,4.624995e-06,3.820833e-06,3.641661e-06,9.291664e-06,4.787493e-06,9.566665e-06,9.254161e-06,7.804163e-06,8.258326e-06,8.487495e-06,9.995826e-06,9.612497e-06,8.862496e-06,6.599998e-06,9.191665e-06,8.491659e-06
5,478,205.688,1.344,4.670826e-06,3.808331e-06,3.60833e-06,9.291664e-06,4.758326e-06,9.479165e-06,9.299994e-06,7.779161e-06,8.287493e-06,8.495832e-06,9.983333e-06,9.666665e-06,8.874997e-06,6.604163e-06,9.187492e-06,8.45e-06
5,479,205.848,1.342,4.629159e-06,3.737497e-06,3.60833e-06,9.216667e-06,4.687492e-06,9.58333e-06,9.262498e-06,7.74583e-06,8.216659e-06,8.462493e-06,9.929165e-06,9.579166e-06,8.829164e-06,6.529164e-06,9.170826e-06,8.412496e-06
5,480,206.007,1.34,4.608329e-06,3.808331e-06,3.612495e-06,9.22083e-06,4.766663e-06,9.508331e-06,9.208329e-06,7.708327e-06,8.208331e-06,8.466665e-06,9.870831e-06,9.595831e-06,8.804162e-06,6.541665e-06,9.091664e-06,8.374993e-06
5,481,206.167,1.338,4.595828e-06,3.758327e-06,3.62916e-06,9.224995e-06,4.741661e-06,9.524997e-06,9.212494e-06,7.729165e-06,8.187492e-06,8.433326e-06,9.916663e-06,9.541663e-06,8.774996e-06,6.533329e-06,9.133331e-06,8.387494e-06
5,482,206.327,1.336,4.629159e-06,3.820833e-06,3.62916e-06,9.162498e-06,4.749998e-06,9.470828e-06,9.216667e-06,7.729165e-06,8.099993e-06,8.429161e-06,9.908326e-06,9.562493e-06,8.791661e-06,6.495825e-06,9.112493e-06,8.366665e-06
5,483,206.487,1.334,4.616666e-06,3.804159e-06,3.616659e-06,9.162498e-06,4.737497e-06,9.474993e-06,9.116666e-06,7.629164e-06,8.170828e-06,8.41666e-06,9.85833e-06,9.533326e-06,8.754166e-06,6.495825e-06,9.083326e-06,8.379166e-06
5,484,206.647,1.332,4.62083e-06,3.804159e-06,3.587492e-06,9.129159e-06,4.749998e-06,9.458327e-06,9.124994e-06,7.670832e-06,8.120831e-06,8.404159e-06,9.845829e-06,9.470828e-06,8.75833e-06,6.437492e-06,9.087499e-06,8.274992e-06
5,485,206.807,1.33,4.599992e-06,3.799995e-06,3.612495e-06,9.145832e-06,4.699993e-06,9.408331e-06,9.091664e-06,7.587496e-06,8.074999e-06,8.374993e-06,9.812498e-06,9.433325e-06,8.729164e-06,6.399997e-06,8.970833e-06,8.304159e-06
5,486,206.966,1.328,4.562497e-06,3.762492e-06,3.574999e-06,9.095827e-06,4.695829e-06,9.387493e-06,9.05416e-06,7.595825e-06,8.091664e-06,8.299994e-06,9.779159e-06,9.39583e-06,8.612497e-06,6.395833e-06,9.029166e-06,8.29583e-06
5,487,207.126,1.326,4.54166e-06,3.774993e-06,3.579164e-06,9.037494e-06,4.670826e-06,9.304166e-06,8.974997e-06,7.541664e-06,8.008329e-06,8.304159e-06,9.774994e-06,9.404159e-06,8.683332e-06,6.39166e-06,8.999999e-06,8.258326e-06
5,488,207.286,1.324,4.508328e-06,3.758327e-06,3.583328e-06,9.058333e-06,4.670826e-06,9.304166e-06,8.991663e-06,7.562494e-06,8.054161e-06,8.324997e-06,9.79166e-06,9.379164e-06,8.683332e-06,6.374995e-06,8.93333e-06,8.254163e-06
5,489,207.446,1.322,4.53333e-06,3.79583e-06,3.579164e-06,9.004164e-06,4.637496e-06,9.279163e-06,8.949995e-06,7.566658e-06,8.024995e-06,8.283329e-06,9.687496e-06,9.32916e-06,8.670831e-06,6.333327e-06,8.96666e-06,8.212495e-06
5,490,207.606,1.32,4.520829e-06,3.766664e-06,3.579164e-06,8.991663e-06,4.654161e-06,9.266662e-06,8.93333e-06,7.487496e-06,7.991664e-06,8.270827e-06,9.712498e-06,9.304166e-06,8.624998e-06,6.308325e-06,8.949995e-06,8.141661e-06
5,491,207.765,1.318,4.491663e-06,3.691665e-06,3.54166e-06,8.916664e-06,4.629159e-06,9.245833e-06,8.883325e-06,7.49166e-06,7.966662e-06,8.204166e-06,9.679158e-06,9.237496e-06,8.562493e-06,6.274994e-06,8.908328e-06,8.170828e-06
5,492,207.925,1.316,4.491663e-06,3.741662e-06,3.533332e-06,8.924992e-06,4.645832e-06,9.191665e-06,8.912491e-06,7.454165e-06,7.937495e-06,8.220832e-06,9.654164e-06,9.258326e-06,8.57083e-06,6.254164e-06,8.929165e-06,8.10833e-06
5,493,208.085,1.314,4.499992e-06,3.741662e-06,3.574999e-06,8.899999e-06,4.574998e-06,9.162498e-06,8.824993e-06,7.420826e-06,7.920829e-06,8.187492e-06,9.60416e-06,9.233332e-06,8.529162e-06,6.237499e-06,8.86666e-06,8.116658e-06
5,494,208.245,1.312,4.470825e-06,3.745826e-06,3.562498e-06,8.86666e-06,4.587499e-06,9.158325e-06,8.808327e-06,7.391659e-06,7.866661e-06,8.19583e-06,9.562493e-06,9.187492e-06,8.533327e-06,6.208332e-06,8.86666e-06,8.079163e-06
5,495,208.405,1.31,4.43333e-06,3.766664e-06,3.508329e-06,8.812499e-06,4.562497e-06,9.02083e-06,8.75833e-06,7.324998e-06,7.866661e-06,8.133332e-06,9.537498e-06,9.170826e-06,8.487495e-06,6.170829e-06,8.820828e-06,8.058326e-06
5,496,208.564,1.308,4.441659e-06,3.737497e-06,3.579164e-06,8.849995e-06,4.566662e-06,9.058333e-06,8.720827e-06,7.337499e-06,7.845831e-06,8.10833e-06,9.533326e-06,9.137495e-06,8.458328e-06,6.174993e-06,8.799998e-06,8.029159e-06
5,497,208.724,1.306,4.36666e-06,3.704158e-06,3.512494e-06,8.766659e-06,4.54166e-06,9.004164e-06,8.699997e-06,7.291659e-06,7.795827e-06,8.116658e-06,9.483329e-06,9.099992e-06,8.424998e-06,6.154164e-06,8.795826e-06,7.966662e-06
5,498,208.884,1.304,4.437494e-06,3.729161e-06,3.512494e-06,8.774996e-06,4.512493e-06,9.02083e-06,8.674995e-06,7.295831e-06,7.804163e-06,8.062498e-06,9.483329e-06,9.062497e-06,8.424998e-06,6.133326e-06,8.745829e-06,7.958332e-06
5,499,209.044,1.302,4.416665e-06,3.69583e-06,3.533332e-06,8.716663e-06,4.512493e-06,8.987498e-06,8.608326e-06,7.299996e-06,7.76666e-06,8.074999e-06,9.41666e-06,9.016665e-06,8.383329e-06,6.099995e-06,8.75833e-06,7.937495e-06
5,500,209.204,1.3,4.399999e-06,3.741662e-06,3.529159e-06,8.670831e-06,4.487499e-06,8.96666e-06,8.654165e-06,7.258328e-06,7.762495e-06,7.999993e-06,9.408331e-06,9.02083e-06,8.374993e-06,6.066664e-06,8.724999e-06,7.904164e-06
5,501,209.364,1.298,4.399999e-06,3.679164e-06,3.466662e-06,8.662494e-06,4.474998e-06,8.941666e-06,8.545828e-06,7.204159e-06,7.729165e-06,8.008329e-06,9.362499e-06,8.93333e-06,8.329161e-06,5.958327e-06,8.695833e-06,7.895827e-06
5,502,209.523,1.296,4.320828e-06,3.616659e-06,3.470826e-06,8.587495e-06,4.45416e-06,8.854158e-06,8.529162e-06,7.1625e-06,7.645829e-06,8.012494e-06,9.279163e-06,8.920829e-06,8.299994e-06,6.020832e-06,8.670831e-06,7.816664e-06
5,503,209.683,1.294,4.349994e-06,3.687493e-06,3.499993e-06,8.599996e-06,4.441659e-06,8.908328e-06,8.50416e-06,7.133333e-06,7.587496e-06,7.887498e-06,9.304166e-06,8.916664e-06,8.287493e-06,5.987493e-06,8.641664e-06,7.824993e-06
5,504,209.843,1.292,4.312499e-06,3.69583e-06,3.508329e-06,8.579159e-06,4.470825e-06,8.808327e-06,8.408332e-06,7.120832e-06,7.620828e-06,7.962497e-06,9.279163e-06,8.887498e-06,8.216659e-06,5.904166e-06,8.637492e-06,7.799999e-06
5,505,210.003,1.29,4.316664e-06,3.699994e-06,3.474998e-06,8.516661e-06,4.416665e-06,8.791661e-06,8.349999e-06,7.087493e-06,7.637493e-06,7.937495e-06,9.249997e-06,8.824993e-06,8.224996e-06,5.916659e-06,8.604161e-06,7.791662e-06
5,506,210.163,1.288,4.287497e-06,3.666663e-06,3.491664e-06,8.508333e-06,4.424993e-06,8.783332e-06,8.337498e-06,7.02916e-06,7.57916e-06,7.874997e-06,9.208329e-06,8.787497e-06,8.212495e-06,5.866663e-06,8.533327e-06,7.67916e-06
5,507,210.322,1.286,4.270832e-06,3.658326e-06,3.470826e-06,8.491659e-06,4.354159e-06,8.712498e-06,8.354164e-06,7.066663e-06,7.545829e-06,7.858332e-06,9.179163e-06,8.766659e-06,8.166663e-06,5.845833e-06,8.520826e-06,7.695826e-06
5,508,210.482,1.284,4.262495e-06,3.645825e-06,3.445832e-06,8.404159e-06,4.341666e-06,8.67916e-06,8.249998e-06,6.991665e-06,7.520827e-06,7.762495e-06,9.124994e-06,8.67916e-06,8.133332e-06,5.829159e-06,8.479166e-06,7.629164e-06
5,509,210.642,1.282,4.224992e-06,3.624996e-06,3.449996e-06,8.333325e-06,4.320828e-06,8.612497e-06,8.224996e-06,6.908329e-06,7.462494e-06,7.791662e-06,9.108328e-06,8.687496e-06,8.083328e-06,5.770826e-06,8.466665e-06,7.624992e-06
5,510,210.802,1.28,4.199997e-06,3.604166e-06,3.433331e-06,8.324997e-06,4.283325e-06,8.558329e-06,8.162498e-06,6.899993e-06,7.454165e-06,7.76666e-06,9.079162e-06,8.604161e-06,8.054161e-06,5.766662e-06,8.404159e-06,7.604162e-06
5,511,210.962,1.278,4.195825e-06,3.595829e-06,3.429159e-06,8.29583e-06,4.287497e-06,8.462493e-06,8.154162e-06,6.912494e-06,7.420826e-06,7.729165e-06,9.029166e-06,8.583331e-06,8.029159e-06,5.716666e-06,8.399995e-06,7.566658e-06
5,512,211.121,1.276,4.137492e-06,3.587492e-06,3.383326e-06,8.279165e-06,4.258331e-06,8.512497e-06,8.079163e-06,6.824994e-06,7.374994e-06,7.7125e-06,8.96666e-06,8.541663e-06,7.962497e-06,5.624994e-06,8.370828e-06,7.512498e-06
5,513,211.281,1.274,4.149993e-06,3.583328e-06,3.416665e-06,8.249998e-06,4.258331e-06,8.50416e-06,8.070827e-06,6.862497e-06,7.345827e-06,7.699999e-06,8.983326e-06,8.533327e-06,7.991664e-06,5.670825e-06,8.320832e-06,7.524999e-06
5,514,211.441,1.272,4.149993e-06,3.587492e-06,3.395828e-06,8.179164e-06,4.27916e-06,8.474994e-06,8.02083e-06,6.779162e-06,7.291659e-06,7.624992e-06,8.895826e-06,8.50416e-06,7.93333e-06,5.624994e-06,8.291666e-06,7.466666e-06
5,515,211.601,1.27,4.149993e-06,3.583328e-06,3.391663e-06,8.166663e-06,4.233329e-06,8.445827e-06,7.995828e-06,6.75416e-06,7.333326e-06,7.637493e-06,8.916664e-06,8.441662e-06,7.908328e-06,5.624994e-06,8.29583e-06,7.424998e-06
5,516,211.761,1.268,4.108326e-06,3.562498e-06,3.379162e-06,8.095829e-06,4.224992e-06,8.391658e-06,7.849995e-06,6.758332e-06,7.279165e-06,7.620828e-06,8.86666e-06,8.433326e-06,7.912493e-06,5.520828e-06,8.279165e-06,7.399996e-06
5,517,211.921,1.266,4.124999e-06,3.554161e-06,3.395828e-06,8.133332e-06,4.233329e-06,8.333325e-06,7.924994e-06,6.691662e-06,7.254163e-06,7.595825e-06,8.829164e-06,8.395831e-06,7.824993e-06,5.537494e-06,8.233333e-06,7.387495e-06
5,518,212.08,1.264,4.129163e-06,3.512494e-06,3.383326e-06,8.02083e-06,4.212499e-06,8.291666e-06,7.837494e-06,6.695827e-06,7.170828e-06,7.554166e-06,8.804162e-06,8.283329e-06,7.808328e-06,5.516664e-06,8.187492e-06,7.333326e-06
5,519,212.24,1.262,4.104161e-06,3.566662e-06,3.362497e-06,8.049997e-06,4.183332e-06,8.245825e-06,7.83333e-06,6.637494e-06,7.166664e-06,7.524999e-06,8.670831e-06,8.187492e-06,7.795827e-06,5.474997e-06,8.174999e-06,7.291659e-06
5,520,212.4,1.26,4.054165e-06,3.512494e-06,3.345831e-06,8.029159e-06,4.145829e-06,8.270827e-06,7.762495e-06,6.649995e-06,7.120832e-06,7.499997e-06,8.733328e-06,8.262499e-06,7.741666e-06,5.449994e-06,8.145825e-06,7.28333e-06
5,521,212.56,1.258,4.083332e-06,3.570827e-06,3.399992e-06,7.970826e-06,4.199997e-06,8.212495e-06,7.720828e-06,6.629165e-06,7.133333e-06,7.504161e-06,8.670831e-06,8.224996e-06,7.741666e-06,5.37916e-06,8.149997e-06,7.249999e-06
5,522,212.72,1.256,4.012497e-06,3.533332e-06,3.349996e-06,7.945831e-06,4.170831e-06,8.166663e-06,7.708327e-06,6.574996e-06,7.079164e-06,7.437499e-06,8.666659e-06,8.19583e-06,7.708327e-06,5.370831e-06,8.079163e-06,7.212496e-06
5,523,212.879,1.254,4.083332e-06,3.524995e-06,3.370825e-06,7.85416e-06,4.145829e-06,8.170828e-06,7.654166e-06,6.558331e-06,7.062499e-06,7.445828e-06,8.599996e-06,8.158326e-06,7.699999e-06,5.283332e-06,8.074999e-06,7.187494e-06
5,524,213.039,1.252,4.008325e-06,3.537496e-06,3.324993e-06,7.866661e-06,4.120827e-06,8.104165e-06,7.591661e-06,6.529164e-06,7.012494e-06,7.391659e-06,8.5375e-06,8.054161e-06,7.641665e-06,5.333328e-06,7.999993e-06,7.11666e-06
5,525,213.199,1.25,4.037492e-06,3.524995e-06,3.33333e-06,7.85416e-06,4.116662e-06,8.066662e-06,7.591661e-06,6.504162e-06,6.983328e-06,7.374994e-06,8.583331e-06,8.04166e-06,7.658331e-06,5.287496e-06,7.974998e-06,7.141662e-06
5,526,213.359,1.248,4.00416e-06,3.537496e-06,3.387499e-06,7.824993e-06,4.129163e-06,8.074999e-06,7.508326e-06,6.483333e-06,6.933331e-06,7.387495e-06,8.529162e-06,8.045832e-06,7.604162e-06,5.19166e-06,7.974998e-06,7.066663e-06
5,527,213.519,1.246,4.020826e-06,3.512494e-06,3.316665e-06,7.783326e-06,4.033327e-06,7.966662e-06,7.508326e-06,6.412498e-06,6.949997e-06,7.291659e-06,8.487495e-06,7.974998e-06,7.529163e-06,5.224999e-06,7.883326e-06,6.970827e-06
5,528,213.679,1.244,4.00416e-06,3.483327e-06,3.299999e-06,7.708327e-06,4.058329e-06,7.995828e-06,7.408333e-06,6.416662e-06,6.904165e-06,7.316661e-06,8.474994e-06,7.94166e-06,7.520827e-06,5.19166e-06,7.899992e-06,7.004166e-06
5,529,213.838,1.242,3.954164e-06,3.52083e-06,3.320829e-06,7.720828e-06,4.062494e-06,7.895827e-06,7.441664e-06,6.366666e-06,6.883327e-06,7.237498e-06,8.404159e-06,7.937495e-06,7.458329e-06,5.154165e-06,7.879162e-06,6.962498e-06
5,530,213.998,1.24,4.00416e-06,3.512494e-06,3.33333e-06,7.691661e-06,4.033327e-06,7.929166e-06,7.383331e-06,6.39166e-06,6.837495e-06,7.254163e-06,8.341662e-06,7.937495e-06,7.483332e-06,5.133327e-06,7.841659e-06,6.945832e-06
5,531,214.158,1.238,3.945827e-06,3.495828e-06,3.299999e-06,7.649994e-06,4.054165e-06,7.887498e-06,7.320825e-06,6.312498e-06,6.799992e-06,7.208331e-06,8.358327e-06,7.820829e-06,7.408333e-06,5.091659e-06,7.829165e-06,6.866662e-06
5,532,214.318,1.236,3.933326e-06,3.487492e-06,3.316665e-06,7.608326e-06,3.995832e-06,7.85416e-06,7.295831e-06,6.27083e-06,6.770825e-06,7.158327e-06,8.291666e-06,7.791662e-06,7.37083e-06,5.049992e-06,7.754159e-06,6.837495e-06
5,533,214.478,1.234,3.908332e-06,3.412493e-06,3.270833e-06,7.566658e-06,4.012497e-06,7.812492e-06,7.220833e-06,6.283331e-06,6.724993e-06,7.141662e-06,8.279165e-06,7.737493e-06,7.333326e-06,4.98333e-06,7.7125e-06,6.837495e-06
5,534,214.637,1.232,3.88333e-06,3.437495e-06,3.26666e-06,7.533328e-06,4.00416e-06,7.762495e-06,7.19583e-06,6.245828e-06,6.691662e-06,7.095829e-06,8.212495e-06,7.720828e-06,7.229161e-06,4.962492e-06,7.683333e-06,6.774998e-06
5,535,214.797,1.23,3.874993e-06,3.449996e-06,3.241658e-06,7.495833e-06,3.97083e-06,7.749994e-06,7.158327e-06,6.191659e-06,6.649995e-06,7.049998e-06,8.166663e-06,7.67916e-06,7.258328e-06,4.904159e-06,7.624992e-06,6.73333e-06
5,536,214.957,1.228,3.891659e-06,3.449996e-06,3.254159e-06,7.458329e-06,3.987495e-06,7.699999e-06,7.120832e-06,6.141663e-06,6.629165e-06,7.087493e-06,8.145825e-06,7.658331e-06,7.237498e-06,4.891666e-06,7.637493e-06,6.670833e-06
5,537,215.117,1.226,3.799995e-06,3.437495e-06,3.258332e-06,7.433327e-06,3.97083e-06,7.67916e-06,7.079164e-06,6.133326e-06,6.591662e-06,7.00833e-06,8.091664e-06,7.587496e-06,7.174993e-06,4.887494e-06,7.595825e-06,6.662496e-06
5,538,215.277,1.224,3.887495e-06,3.474998e-06,3.279162e-06,7.399996e-06,3.937499e-06,7.612498e-06,7.049998e-06,6.120833e-06,6.549994e-06,6.999993e-06,8.070827e-06,7.554166e-06,7.191666e-06,4.816659e-06,7.570831e-06,6.637494e-06
5,539,215.436,1.222,3.829161e-06,3.370825e-06,3.233329e-06,7.37083e-06,3.941663e-06,7.595825e-06,7.020831e-06,6.070828e-06,6.520828e-06,6.958326e-06,8.058326e-06,7.49166e-06,7.091665e-06,4.79583e-06,7.541664e-06,6.604163e-06
5,540,215.596,1.22,3.79583e-06,3.433331e-06,3.270833e-06,7.329162e-06,3.916661e-06,7.608326e-06,6.970827e-06,6.09583e-06,6.491661e-06,6.912494e-06,8.008329e-06,7.483332e-06,7.120832e-06,4.758326e-06,7.449993e-06,6.541665e-06
5,541,215.756,1.218,3.81666e-06,3.437495e-06,3.191662e-06,7.295831e-06,3.90416e-06,7.524999e-06,6.94166e-06,6.020832e-06,6.462495e-06,6.799992e-06,7.979163e-06,7.495833e-06,7.066663e-06,4.712494e-06,7.437499e-06,6.495825e-06
5,542,215.916,1.216,3.849999e-06,3.416665e-06,3.26666e-06,7.258328e-06,3.887495e-06,7.520827e-06,6.912494e-06,6.033325e-06,6.333327e-06,6.879163e-06,7.945831e-06,7.374994e-06,7.004166e-06,4.679163e-06,7.420826e-06,6.495825e-06
5,543,216.076,1.214,3.779165e-06,3.44166e-06,3.299999e-06,7.21666e-06,3.79583e-06,7.445828e-06,6.841659e-06,5.99583e-06,6.399997e-06,6.849996e-06,7.887498e-06,7.345827e-06,6.958326e-06,4.62083e-06,7.324998e-06,6.424999e-06
5,544,216.236,1.212,3.79583e-06,3.412493e-06,3.229165e-06,7.21666e-06,3.854163e-06,7.454165e-06,6.858325e-06,5.945826e-06,6.374995e-06,6.804164e-06,7.870825e-06,7.316661e-06,6.929159e-06,4.554161e-06,7.266664e-06,6.420827e-06
5,545,216.395,1.21,3.799995e-06,3.399992e-06,3.245831e-06,7.174993e-06,3.858328e-06,7.420826e-06,6.783327e-06,5.933332e-06,6.324999e-06,6.795828e-06,7.837494e-06,7.237498e-06,6.924995e-06,4.570826e-06,7.308332e-06,6.379159e-06
5,546,216.555,1.208,3.724996e-06,3.429159e-06,3.241658e-06,7.137497e-06,3.81666e-06,7.341663e-06,6.745831e-06,5.883328e-06,6.279159e-06,6.762496e-06,7.758331e-06,7.308332e-06,6.866662e-06,4.529158e-06,7.258328e-06,6.333327e-06
5,547,216.715,1.206,3.770828e-06,3.387499e-06,3.245831e-06,7.095829e-06,3.79583e-06,7.366665e-06,6.691662e-06,5.870827e-06,6.158328e-06,6.66666e-06,7.737493e-06,7.183329e-06,6.841659e-06,4.470825e-06,7.224997e-06,6.304161e-06
5,548,216.875,1.204,3.69583e-06,3.399992e-06,3.220828e-06,7.054162e-06,3.829161e-06,7.30416e-06,6.63333e-06,5.858326e-06,6.174993e-06,6.641666e-06,7.716663e-06,7.204159e-06,6.808329e-06,4.441659e-06,7.220833e-06,6.279159e-06
5,549,217.035,1.202,3.762492e-06,3.370825e-06,3.216664e-06,7.062499e-06,3.804159e-06,7.266664e-06,6.679161e-06,5.816658e-06,6.191659e-06,6.624993e-06,7.670832e-06,7.1625e-06,6.708328e-06,4.420829e-06,7.154163e-06,6.266665e-06
5,550,217.194,1.2,3.737497e-06,3.399992e-06,3.233329e-06,7.012494e-06,3.779165e-06,7.254163e-06,6.624993e-06,5.787492e-06,6.162492e-06,6.624993e-06,7.629164e-06,7.120832e-06,6.73333e-06,4.370832e-06,7.145826e-06,6.154164e-06
5,551,217.354,1.198,3.712495e-06,3.366661e-06,3.187497e-06,6.966663e-06,3.783329e-06,7.208331e-06,6.649995e-06,5.749996e-06,6.112496e-06,6.570832e-06,7.55833e-06,7.095829e-06,6.695827e-06,4.362496e-06,7.104159e-06,6.162492e-06
5,552,217.514,1.196,3.712495e-06,3.366661e-06,3.195826e-06,6.908329e-06,3.783329e-06,7.241662e-06,6.616664e-06,5.754161e-06,6.037497e-06,6.491661e-06,7.591661e-06,7.070827e-06,6.654159e-06,4.287497e-06,7.054162e-06,6.174993e-06
5,553,217.674,1.194,3.687493e-06,3.35416e-06,3.220828e-06,6.874998e-06,3.766664e-06,7.1625e-06,6.574996e-06,5.716666e-06,6.058327e-06,6.54583e-06,7.529163e-06,7.016659e-06,6.645831e-06,4.262495e-06,7.045825e-06,6.116661e-06
5,554,217.834,1.192,3.704158e-06,3.374998e-06,3.187497e-06,6.879163e-06,3.733325e-06,7.154163e-06,6.587497e-06,5.691663e-06,6.037497e-06,6.508326e-06,7.512498e-06,6.974999e-06,6.620828e-06,4.24583e-06,6.966663e-06,6.074993e-06
5,555,217.993,1.19,3.712495e-06,3.349996e-06,3.179161e-06,6.845832e-06,3.745826e-06,7.104159e-06,6.554159e-06,5.72083e-06,6.01666e-06,6.495825e-06,7.474995e-06,7.004166e-06,6.558331e-06,4.212499e-06,6.970827e-06,6.037497e-06
5,556,218.153,1.188,3.69583e-06,3.33333e-06,3.183325e-06,6.833331e-06,3.741662e-06,7.11666e-06,6.574996e-06,5.620829e-06,5.987493e-06,6.424999e-06,7.429162e-06,7.00833e-06,6.537493e-06,4.170831e-06,6.94166e-06,6.037497e-06
5,557,218.313,1.186,3.712495e-06,3.370825e-06,3.199998e-06,6.804164e-06,3.737497e-06,7.087493e-06,6.537493e-06,5.608328e-06,5.945826e-06,6.437492e-06,7.433327e-06,6.962498e-06,6.483333e-06,4.112498e-06,6.899993e-06,5.99583e-06
5,558,218.473,1.184,3.649998e-06,3.341659e-06,3.183325e-06,6.766661e-06,3.737497e-06,7.00833e-06,6.512499e-06,5.599999e-06,5.874999e-06,6.399997e-06,7.374994e-06,6.929159e-06,6.45833e-06,4.058329e-06,6.883327e-06,5.962499e-06
5,559,218.633,1.182,3.645825e-06,3.320829e-06,3.124992e-06,6.741659e-06,3.699994e-06,7.024995e-06,6.491661e-06,5.566661e-06,5.904166e-06,6.354165e-06,7.341663e-06,6.8875e-06,6.437492e-06,4.062494e-06,6.833331e-06,5.941661e-06
5,560,218.793,1.18,3.637497e-06,3.316665e-06,3.187497e-06,6.658332e-06,3.637497e-06,6.987492e-06,6.495825e-06,5.574997e-06,5.879164e-06,6.320826e-06,7.270829e-06,6.858325e-06,6.420827e-06,3.966665e-06,6.804164e-06,5.845833e-06
5,561,218.952,1.178,3.645825e-06,3.316665e-06,3.120828e-06,6.649995e-06,3.616659e-06,6.933331e-06,6.466659e-06,5.487498e-06,5.866663e-06,6.245828e-06,7.270829e-06,6.816666e-06,6.283331e-06,4.024998e-06,6.737494e-06,5.829159e-06
5,562,219.112,1.176,3.599993e-06,3.295827e-06,3.162495e-06,6.612492e-06,3.666663e-06,6.92083e-06,6.47916e-06,5.529165e-06,5.816658e-06,6.27083e-06,7.241662e-06,6.741659e-06,6.349993e-06,3.966665e-06,6.73333e-06,5.854161e-06
5,563,219.272,1.174,3.579164e-06,3.329166e-06,3.14583e-06,6.608327e-06,3.674992e-06,6.874998e-06,6.499998e-06,5.474997e-06,5.816658e-06,6.154164e-06,7.212496e-06,6.829158e-06,6.283331e-06,3.924998e-06,6.708328e-06,5.845833e-06
5,564,219.432,1.172,3.641661e-06,3.262496e-06,3.133329e-06,6.533329e-06,3.641661e-06,6.82083e-06,6.499998e-06,5.470832e-06,5.787492e-06,6.170829e-06,7.199995e-06,6.75416e-06,6.262493e-06,3.912497e-06,6.649995e-06,5.829159e-06
5,565,219.592,1.17,3.62916e-06,3.308328e-06,3.099998e-06,6.512499e-06,3.666663e-06,6.866662e-06,6.424999e-06,5.458331e-06,5.74166e-06,6.174993e-06,7.124996e-06,6.799992e-06,6.287495e-06,3.879165e-06,6.66666e-06,5.758325e-06
5,566,219.751,1.168,3.616659e-06,3.262496e-06,3.004161e-06,6.499998e-06,3.624996e-06,6.833331e-06,6.449994e-06,5.433329e-06,5.749996e-06,6.129162e-06,7.104159e-06,6.699999e-06,6.191659e-06,3.849999e-06,6.608327e-06,5.766662e-06
5,567,219.911,1.166,3.566662e-06,3.26666e-06,3.137493e-06,6.495825e-06,3.637497e-06,6.82083e-06,6.462495e-06,5.399998e-06,5.691663e-06,6.166665e-06,7.104159e-06,6.73333e-06,6.216661e-06,3.791666e-06,6.595826e-06,5.770826e-06
5,568,220.071,1.164,3.599993e-06,3.295827e-06,3.108327e-06,6.491661e-06,3.620831e-06,6.762496e-06,6.520828e-06,5.366659e-06,5.645832e-06,6.024996e-06,7.095829e-06,6.741659e-06,6.170829e-06,3.783329e-06,6.558331e-06,5.758325e-06
5,569,220.231,1.162,3.587492e-06,3.254159e-06,3.116663e-06,6.437492e-06,3.604166e-06,6.799992e-06,6.491661e-06,5.383333e-06,5.699992e-06,6.045826e-06,7.020831e-06,6.691662e-06,6.174993e-06,3.745826e-06,6.499998e-06,5.724994e-06
5,570,220.391,1.16,3.570827e-06,3.262496e-06,3.070831e-06,6.39166e-06,3.604166e-06,6.73333e-06,6.508326e-06,5.329164e-06,5.65416e-06,6.066664e-06,7.004166e-06,6.699999e-06,6.145827e-06,3.749998e-06,6.449994e-06,5.687499e-06
5,571,220.551,1.158,3.579164e-06,3.258332e-06,3.07916e-06,6.412498e-06,3.54166e-06,6.75416e-06,6.470831e-06,5.324991e-06,5.645832e-06,6.058327e-06,6.995829e-06,6.691662e-06,6.116661e-06,3.712495e-06,6.483333e-06,5.695828e-06
5,572,220.71,1.156,3.583328e-06,3.258332e-06,3.099998e-06,6.370831e-06,3.595829e-06,6.720829e-06,6.512499e-06,5.324991e-06,5.662497e-06,6.041662e-06,6.916666e-06,6.595826e-06,6.09583e-06,3.624996e-06,6.491661e-06,5.679162e-06
5,573,220.87,1.154,3.554161e-06,3.241658e-06,3.091661e-06,6.354165e-06,3.595829e-06,6.716665e-06,6.541665e-06,5.274995e-06,5.645832e-06,5.999994e-06,6.945832e-06,6.645831e-06,6.074993e-06,3.687493e-06,6.437492e-06,5.666661e-06
5,574,221.03,1.152,3.549997e-06,3.237494e-06,3.099998e-06,6.312498e-06,3.54166e-06,6.691662e-06,6.508326e-06,5.204161e-06,5.574997e-06,5.958327e-06,6.954161e-06,6.645831e-06,6.054163e-06,3.649998e-06,6.437492e-06,5.683327e-06
5,575,221.19,1.15,3.549997e-06,3.249995e-06,3.054166e-06,6.308325e-06,3.566662e-06,6.637494e-06,6.570832e-06,5.249993e-06,5.604164e-06,5.962499e-06,6.891664e-06,6.662496e-06,6.041662e-06,3.60833e-06,6.408326e-06,5.666661e-06
5,576,221.35,1.148,3.562498e-06,3.212492e-06,3.083332e-06,6.266665e-06,3.562498e-06,6.691662e-06,6.554159e-06,5.27916e-06,5.608328e-06,5.937497e-06,6.895828e-06,6.616664e-06,5.999994e-06,3.624996e-06,6.358329e-06,5.649996e-06
5,577,221.509,1.146,3.562498e-06,3.179161e-06,3.104162e-06,6.287495e-06,3.579164e-06,6.649995e-06,6.587497e-06,5.237492e-06,5.579162e-06,5.937497e-06,6.816666e-06,6.608327e-06,5.983329e-06,3.529159e-06,6.362494e-06,5.674998e-06
5,578,221.669,1.144,3.579164e-06,3.258332e-06,3.054166e-06,6.258329e-06,3.562498e-06,6.645831e-06,6.608327e-06,5.216662e-06,5.587498e-06,5.887493e-06,6.787499e-06,6.583325e-06,5.945826e-06,3.562498e-06,6.320826e-06,5.674998e-06
5,579,221.829,1.142,3.537496e-06,3.220828e-06,3.041665e-06,6.220826e-06,3.512494e-06,6.624993e-06,6.529164e-06,5.216662e-06,5.499999e-06,5.833332e-06,6.804164e-06,6.629165e-06,5.945826e-06,3.508329e-06,6.299997e-06,5.641659e-06
5,580,221.989,1.14,3.533332e-06,3.216664e-06,2.995825e-06,6.166665e-06,3.508329e-06,6.616664e-06,6.63333e-06,5.187495e-06,5.574997e-06,5.849997e-06,6.766661e-06,6.599998e-06,5.916659e-06,3.512494e-06,6.29166e-06,5.616665e-06
5,581,222.149,1.138,3.570827e-06,3.199998e-06,2.979159e-06,6.137498e-06,3.516658e-06,6.599998e-06,6.574996e-06,5.179159e-06,5.558332e-06,5.820831e-06,6.795828e-06,6.624993e-06,5.924996e-06,3.479163e-06,6.245828e-06,5.63333e-06
5,582,222.308,1.136,3.479163e-06,3.174996e-06,3.033328e-06,6.137498e-06,3.537496e-06,6.574996e-06,6.645831e-06,5.166666e-06,5.537494e-06,5.820831e-06,6.758332e-06,6.599998e-06,5.904166e-06,3.466662e-06,6.224998e-06,5.604164e-06
5,583,222.468,1.134,3.549997e-06,3.174996e-06,2.983332e-06,6.145827e-06,3.52083e-06,6.604163e-06,6.670833e-06,5.137499e-06,5.562496e-06,5.779163e-06,6.708328e-06,6.595826e-06,5.891665e-06,3.454161e-06,6.216661e-06,5.641659e-06
5,584,222.628,1.132,3.533332e-06,3.174996e-06,3.004161e-06,6.091658e-06,3.458325e-06,6.554159e-06,6.63333e-06,5.116661e-06,5.537494e-06,5.779163e-06,6.720829e-06,6.612492e-06,5.870827e-06,3.424994e-06,6.254164e-06,5.641659e-06
5,585,222.788,1.13,3.491664e-06,3.187497e-06,3.004161e-06,6.112496e-06,3.524995e-06,6.554159e-06,6.674997e-06,5.129163e-06,5.549995e-06,5.799993e-06,6.704164e-06,6.604163e-06,5.845833e-06,3.445832e-06,6.191659e-06,5.649996e-06
5,586,222.948,1.128,3.487492e-06,3.174996e-06,2.99166e-06,6.070828e-06,3.495828e-06,6.516663e-06,6.749995e-06,5.099996e-06,5.529165e-06,5.762497e-06,6.695827e-06,6.591662e-06,5.874999e-06,3.399992e-06,6.18333e-06,5.683327e-06
5,587,223.108,1.126,3.529159e-06,3.174996e-06,2.924999e-06,6.091658e-06,3.512494e-06,6.591662e-06,6.795828e-06,5.083331e-06,5.537494e-06,5.770826e-06,6.670833e-06,6.624993e-06,5.849997e-06,3.291663e-06,6.195831e-06,5.616665e-06
5,588,223.267,1.124,3.516658e-06,3.158331e-06,2.962494e-06,6.079165e-06,3.458325e-06,6.558331e-06,6.787499e-06,5.095832e-06,5.53333e-06,5.749996e-06,6.679161e-06,6.591662e-06,5.854161e-06,3.374998e-06,6.09583e-06,5.674998e-06
5,589,223.427,1.122,3.499993e-06,3.174996e-06,2.99166e-06,6.029161e-06,3.529159e-06,6.591662e-06,6.82083e-06,5.091659e-06,5.524993e-06,5.658333e-06,6.649995e-06,6.591662e-06,5.837496e-06,3.370825e-06,6.18333e-06,5.658333e-06
5,590,223.587,1.12,3.52083e-06,3.170832e-06,3.004161e-06,6.008331e-06,3.529159e-06,6.570832e-06,6.862497e-06,5.054164e-06,5.53333e-06,5.737495e-06,6.637494e-06,6.629165e-06,5.829159e-06,3.383326e-06,6.112496e-06,5.666661e-06
5,591,223.747,1.118,3.508329e-06,3.141666e-06,2.962494e-06,5.991666e-06,3.495828e-06,6.595826e-06,6.8875e-06,5.07083e-06,5.55416e-06,5.695828e-06,6.624993e-06,6.616664e-06,5.84166e-06,3.337494e-06,6.116661e-06,5.662497e-06
5,592,223.907,1.116,3.52083e-06,3.091661e-06,2.941664e-06,6.029161e-06,3.529159e-06,6.591662e-06,6.924995e-06,5.049992e-06,5.558332e-06,5.674998e-06,6.620828e-06,6.629165e-06,5.816658e-06,3.35416e-06,6.129162e-06,5.674998e-06
5,593,224.066,1.114,3.537496e-06,3.137493e-06,2.929163e-06,6.024996e-06,3.466662e-06,6.595826e-06,6.933331e-06,5.045827e-06,5.55416e-06,5.65416e-06,6.637494e-06,6.645831e-06,5.845833e-06,3.345831e-06,6.108331e-06,5.733331e-06
5,594,224.226,1.112,3.545833e-06,3.170832e-06,2.987496e-06,5.979165e-06,3.499993e-06,6.56666e-06,6.937496e-06,5.079166e-06,5.566661e-06,5.695828e-06,6.583325e-06,6.679161e-06,5.804165e-06,3.341659e-06,6.133326e-06,5.72083e-06
5,595,224.386,1.11,3.549997e-06,3.158331e-06,2.970831e-06,5.962499e-06,3.529159e-06,6.616664e-06,7.004166e-06,5.045827e-06,5.566661e-06,5.591663e-06,6.604163e-06,6.687498e-06,5.795829e-06,3.324993e-06,6.066664e-06,5.74166e-06
5,596,224.546,1.108,3.491664e-06,3.124992e-06,2.999997e-06,5.941661e-06,3.504165e-06,6.583325e-06,6.958326e-06,5.037498e-06,5.570825e-06,5.65416e-06,6.583325e-06,6.674997e-06,5.837496e-06,3.308328e-06,6.070828e-06,5.687499e-06
5,597,224.706,1.106,3.499993e-06,3.124992e-06,2.933327e-06,5.945826e-06,3.483327e-06,6.529164e-06,7.020831e-06,5.016661e-06,5.608328e-06,5.637495e-06,6.587497e-06,6.708328e-06,5.812494e-06,3.320829e-06,6.029161e-06,5.724994e-06
5,598,224.865,1.104,3.512494e-06,3.108327e-06,2.929163e-06,5.904166e-06,3.479163e-06,6.570832e-06,7.049998e-06,5.024997e-06,5.624994e-06,5.637495e-06,6.570832e-06,6.670833e-06,5.80833e-06,3.312492e-06,6.054163e-06,5.74166e-06
5,599,225.025,1.102,3.474998e-06,3.112499e-06,2.95833e-06,5.899994e-06,3.483327e-06,6.595826e-06,7.074992e-06,4.999995e-06,5.645832e-06,5.612493e-06,6.483333e-06,6.73333e-06,5.816658e-06,3.316665e-06,6.083329e-06,5.766662e-06
5,600,225.185,1.1,3.458325e-06,3.062495e-06,2.924999e-06,5.920831e-06,3.466662e-06,6.604163e-06,7.095829e-06,4.991658e-06,5.608328e-06,5.604164e-06,6.56666e-06,6.683326e-06,5.787492e-06,3.304164e-06,6.029161e-06,5.812494e-06
5,601,225.345,1.098,3.495828e-06,3.091661e-06,2.945828e-06,5.866663e-06,3.495828e-06,6.608327e-06,7.133333e-06,5.033326e-06,5.637495e-06,5.624994e-06,6.508326e-06,6.716665e-06,5.816658e-06,3.324993e-06,6.074993e-06,5.787492e-06
5,602,225.505,1.096,3.512494e-06,3.095826e-06,2.929163e-06,5.858326e-06,3.483327e-06,6.599998e-06,7.137497e-06,4.98333e-06,5.629166e-06,5.591663e-06,6.541665e-06,6.737494e-06,5.816658e-06,3.337494e-06,6.01666e-06,5.816658e-06
5,603,225.665,1.094,3.458325e-06,3.066659e-06,2.904161e-06,5.80833e-06,3.479163e-06,6.654159e-06,7.179165e-06,4.999995e-06,5.645832e-06,5.566661e-06,6.562495e-06,6.741659e-06,5.833332e-06,3.299999e-06,6.049999e-06,5.862498e-06
5,604,225.824,1.092,3.495828e-06,3.087497e-06,2.954165e-06,5.895829e-06,3.504165e-06,6.620828e-06,7.208331e-06,5.008332e-06,5.658333e-06,5.604164e-06,6.54583e-06,6.774998e-06,5.766662e-06,3.358332e-06,6.070828e-06,5.816658e-06
5,605,225.984,1.09,3.512494e-06,3.07916e-06,2.920826e-06,5.912495e-06,3.470826e-06,6.670833e-06,7.245827e-06,4.979165e-06,5.712493e-06,5.558332e-06,6.491661e-06,6.779162e-06,5.866663e-06,3.362497e-06,6.037497e-06,5.870827e-06
5,606,226.144,1.088,3.495828e-06,3.095826e-06,2.920826e-06,5.891665e-06,3.504165e-06,6.662496e-06,7.204159e-06,5.008332e-06,5.683327e-06,5.624994e-06,6.54583e-06,6.783327e-06,5.854161e-06,3.358332e-06,6.066664e-06,5.870827e-06
5,607,226.304,1.086,3.504165e-06,3.074996e-06,2.887495e-06,5.90833e-06,3.449996e-06,6.691662e-06,7.299996e-06,5.004159e-06,5.754161e-06,5.583326e-06,6.587497e-06,6.82083e-06,5.887493e-06,3.370825e-06,6.029161e-06,5.887493e-06
5,608,226.464,1.084,3.512494e-06,3.029164e-06,2.904161e-06,5.883328e-06,3.533332e-06,6.699999e-06,7.308332e-06,4.98333e-06,5.74166e-06,5.604164e-06,6.583325e-06,6.82083e-06,5.866663e-06,3.370825e-06,6.012495e-06,5.895829e-06
5,609,226.623,1.082,3.508329e-06,3.020827e-06,2.824998e-06,5.895829e-06,3.516658e-06,6.704164e-06,7.354164e-06,4.999995e-06,5.766662e-06,5.624994e-06,6.549994e-06,6.866662e-06,5.812494e-06,3.283326e-06,6.066664e-06,5.912495e-06
5,610,226.783,1.08,3.524995e-06,3.074996e-06,2.89166e-06,5.904166e-06,3.479163e-06,6.737494e-06,7.349992e-06,4.995831e-06,5.754161e-06,5.570825e-06,6.574996e-06,6.854161e-06,5.912495e-06,3.399992e-06,6.045826e-06,5.945826e-06
5,611,226.943,1.078,3.512494e-06,3.049993e-06,2.89166e-06,5.870827e-06,3.524995e-06,6.749995e-06,7.399996e-06,4.98333e-06,5.779163e-06,5.524993e-06,6.579161e-06,6.879163e-06,5.912495e-06,3.383326e-06,6.079165e-06,5.937497e-06
5,612,227.103,1.076,3.533332e-06,3.037492e-06,2.895832e-06,5.874999e-06,3.458325e-06,6.774998e-06,7.424998e-06,4.966664e-06,5.829159e-06,5.570825e-06,6.54583e-06,6.849996e-06,5.949998e-06,3.408329e-06,6.054163e-06,5.983329e-06
5,613,227.263,1.074,3.516658e-06,3.012498e-06,2.908325e-06,5.874999e-06,3.487492e-06,6.724993e-06,7.408333e-06,5.008332e-06,5.812494e-06,5.591663e-06,6.574996e-06,6.933331e-06,5.958327e-06,3.424994e-06,6.074993e-06,5.974992e-06
5,614,227.423,1.072,3.466662e-06,3.05833e-06,2.887495e-06,5.887493e-06,3.499993e-06,6.799992e-06,7.474995e-06,4.954163e-06,5.80833e-06,5.587498e-06,6.579161e-06,6.945832e-06,5.949998e-06,3.458325e-06,6.054163e-06,5.983329e-06
5,615,227.582,1.07,3.549997e-06,3.05833e-06,2.899996e-06,5.916659e-06,3.491664e-06,6.829158e-06,7.49166e-06,4.98333e-06,5.849997e-06,5.579162e-06,6.554159e-06,6.866662e-06,5.949998e-06,3.449996e-06,6.070828e-06,6.029161e-06
5,616,227.742,1.068,3.458325e-06,3.045829e-06,2.837499e-06,5.887493e-06,3.516658e-06,6.837495e-06,7.504161e-06,4.979165e-06,5.870827e-06,5.624994e-06,6.554159e-06,6.958326e-06,5.999994e-06,3.479163e-06,6.091658e-06,6.058327e-06
5,617,227.902,1.066,3.54166e-06,3.012498e-06,2.845828e-06,5.854161e-06,3.487492e-06,6.841659e-06,7.537492e-06,4.954163e-06,5.904166e-06,5.591663e-06,6.583325e-06,6.954161e-06,6.008331e-06,3.516658e-06,6.108331e-06,6.070828e-06
5,618,228.062,1.064,3.499993e-06,3.016663e-06,2.854164e-06,5.895829e-06,3.479163e-06,6.866662e-06,7.574995e-06,4.991658e-06,5.937497e-06,5.616665e-06,6.599998e-06,7.041661e-06,6.020832e-06,3.454161e-06,6.133326e-06,6.083329e-06
5,619,228.222,1.062,3.487492e-06,3.020827e-06,2.862493e-06,5.874999e-06,3.391663e-06,6.883327e-06,7.587496e-06,4.991658e-06,5.962499e-06,5.629166e-06,6.608327e-06,7.070827e-06,6.024996e-06,3.52083e-06,6.074993e-06,6.079165e-06
5,620,228.381,1.06,3.479163e-06,2.962494e-06,2.833327e-06,5.924996e-06,3.454161e-06,6.895828e-06,7.624992e-06,4.999995e-06,5.983329e-06,5.637495e-06,6.629165e-06,7.045825e-06,5.974992e-06,3.533332e-06,6.137498e-06,6.149999e-06
5,621,228.541,1.058,3.495828e-06,3.020827e-06,2.854164e-06,5.941661e-06,3.508329e-06,6.899993e-06,7.670832e-06,4.991658e-06,5.979165e-06,5.63333e-06,6.649995e-06,7.095829e-06,6.062492e-06,3.570827e-06,6.108331e-06,6.087494e-06
5,622,228.701,1.056,3.524995e-06,3.004161e-06,2.849992e-06,5.983329e-06,3.462497e-06,6.937496e-06,7.637493e-06,5.012496e-06,6.024996e-06,5.670825e-06,6.695827e-06,7.079164e-06,6.066664e-06,3.595829e-06,6.154164e-06,6.170829e-06
5,623,228.861,1.054,3.516658e-06,3.004161e-06,2.824998e-06,5.933332e-06,3.470826e-06,6.937496e-06,7.616663e-06,5.016661e-06,6.012495e-06,5.695828e-06,6.670833e-06,7.095829e-06,6.049999e-06,3.612495e-06,6.158328e-06,6.158328e-06
5,624,229.021,1.052,3.491664e-06,2.974995e-06,2.80416e-06,6.004159e-06,3.495828e-06,6.999993e-06,7.737493e-06,5.004159e-06,6.037497e-06,5.662497e-06,6.691662e-06,7.11666e-06,6.058327e-06,3.624996e-06,6.174993e-06,6.191659e-06
5,625,229.18,1.05,3.483327e-06,2.941664e-06,2.729162e-06,5.970828e-06,3.470826e-06,6.979164e-06,7.699999e-06,5.033326e-06,6.045826e-06,5.699992e-06,6.699999e-06,7.108331e-06,6.158328e-06,3.666663e-06,6.20416e-06,6.216661e-06
5,626,229.34,1.048,3.499993e-06,2.966658e-06,2.80416e-06,5.966663e-06,3.433331e-06,6.991665e-06,7.770833e-06,5.033326e-06,6.099995e-06,5.708329e-06,6.704164e-06,7.166664e-06,6.124997e-06,3.704158e-06,6.187495e-06,6.254164e-06
5,627,229.5,1.046,3.529159e-06,2.954165e-06,2.820826e-06,6.020832e-06,3.499993e-06,7.058326e-06,7.758331e-06,5.041663e-06,6.116661e-06,5.716666e-06,6.762496e-06,7.166664e-06,6.195831e-06,3.679164e-06,6.224998e-06,6.266665e-06
5,628,229.66,1.044,3.487492e-06,2.949993e-06,2.808333e-06,5.999994e-06,3.537496e-06,7.041661e-06,7.791662e-06,4.974993e-06,6.154164e-06,5.754161e-06,6.729166e-06,7.237498e-06,6.18333e-06,3.762492e-06,6.274994e-06,6.27083e-06
5,629,229.82,1.042,3.52083e-06,2.970831e-06,2.820826e-06,6.037497e-06,3.487492e-06,7.037497e-06,7.83333e-06,5.033326e-06,6.170829e-06,5.724994e-06,6.737494e-06,7.21666e-06,6.220826e-06,3.749998e-06,6.237499e-06,6.299997e-06
5,630,229.98,1.04,3.462497e-06,2.937492e-06,2.799996e-06,6.054163e-06,3.512494e-06,7.083328e-06,7.841659e-06,5.049992e-06,6.162492e-06,5.758325e-06,6.75416e-06,7.245827e-06,6.266665e-06,3.787494e-06,6.304161e-06,6.329163e-06
5,631,230.139,1.038,3.504165e-06,2.974995e-06,2.779166e-06,6.070828e-06,3.508329e-06,7.074992e-06,7.895827e-06,5.07083e-06,6.229162e-06,5.766662e-06,6.774998e-06,7.233326e-06,6.174993e-06,3.858328e-06,6.295832e-06,6.316662e-06
5,632,230.299,1.036,3.529159e-06,2.904161e-06,2.799996e-06,6.104159e-06,3.508329e-06,7.183329e-06,7.883326e-06,5.083331e-06,6.216661e-06,5.804165e-06,6.833331e-06,7.324998e-06,6.304161e-06,3.849999e-06,6.308325e-06,6.370831e-06
5,633,230.459,1.034,3.470826e-06,2.929163e-06,2.795831e-06,6.104159e-06,3.470826e-06,7.158327e-06,7.908328e-06,5.07083e-06,6.266665e-06,5.829159e-06,6.849996e-06,7.320825e-06,6.308325e-06,3.866664e-06,6.358329e-06,6.370831e-06
5,634,230.619,1.032,3.499993e-06,2.937492e-06,2.787495e-06,6.137498e-06,3.504165e-06,7.21666e-06,7.937495e-06,5.045827e-06,6.324999e-06,5.845833e-06,6.866662e-06,7.354164e-06,6.362494e-06,3.933326e-06,6.370831e-06,6.412498e-06
5,635,230.779,1.03,3.516658e-06,2.904161e-06,2.78333e-06,6.154164e-06,3.499993e-06,7.208331e-06,7.937495e-06,5.120826e-06,6.308325e-06,5.84166e-06,6.879163e-06,7.324998e-06,6.358329e-06,3.849999e-06,6.333327e-06,6.416662e-06
5,636,230.938,1.028,3.504165e-06,2.933327e-06,2.662492e-06,6.154164e-06,3.499993e-06,7.233326e-06,7.983327e-06,5.116661e-06,6.341664e-06,5.816658e-06,6.870826e-06,7.391659e-06,6.379159e-06,3.933326e-06,6.395833e-06,6.462495e-06
5,637,231.098,1.026,3.537496e-06,2.912498e-06,2.78333e-06,6.191659e-06,3.52083e-06,7.287495e-06,7.949996e-06,5.154165e-06,6.312498e-06,5.887493e-06,6.954161e-06,7.412497e-06,6.416662e-06,3.991659e-06,6.416662e-06,6.466659e-06
5,638,231.258,1.024,3.504165e-06,2.920826e-06,2.779166e-06,6.20416e-06,3.512494e-06,7.291659e-06,8.02083e-06,5.091659e-06,6.395833e-06,5.920831e-06,6.916666e-06,7.445828e-06,6.412498e-06,4.00416e-06,6.399997e-06,6.487497e-06
5,639,231.418,1.022,3.499993e-06,2.883331e-06,2.741663e-06,6.245828e-06,3.474998e-06,7.30416e-06,8.016666e-06,5.116661e-06,6.424999e-06,5.90833e-06,6.974999e-06,7.433327e-06,6.454166e-06,4.037492e-06,6.45833e-06,6.524992e-06
5,640,231.578,1.02,3.524995e-06,2.916662e-06,2.774994e-06,6.245828e-06,3.516658e-06,7.345827e-06,8.066662e-06,5.158329e-06,6.399997e-06,5.958327e-06,6.979164e-06,7.499997e-06,6.470831e-06,4.033327e-06,6.437492e-06,6.516663e-06
5,641,231.737,1.018,3.516658e-06,2.89166e-06,2.679165e-06,6.258329e-06,3.52083e-06,7.391659e-06,8.070827e-06,5.154165e-06,6.445829e-06,5.970828e-06,7.058326e-06,7.499997e-06,6.47916e-06,4.116662e-06,6.495825e-06,6.554159e-06
5,642,231.897,1.016,3.524995e-06,2.862493e-06,2.779166e-06,6.279159e-06,3.52083e-06,7.366665e-06,8.087492e-06,5.149992e-06,6.45833e-06,5.99583e-06,7.020831e-06,7.499997e-06,6.541665e-06,4.108326e-06,6.533329e-06,6.554159e-06
5,643,232.057,1.014,3.512494e-06,2.895832e-06,2.737498e-06,6.304161e-06,3.533332e-06,7.424998e-06,8.137496e-06,5.204161e-06,6.491661e-06,6.041662e-06,7.083328e-06,7.566658e-06,6.549994e-06,4.174995e-06,6.554159e-06,6.599998e-06
5,644,232.217,1.012,3.512494e-06,2.866665e-06,2.754164e-06,6.324999e-06,3.487492e-06,7.429162e-06,8.137496e-06,5.220827e-06,6.54583e-06,6.037497e-06,7.087493e-06,7.545829e-06,6.56666e-06,4.187496e-06,6.554159e-06,6.629165e-06
5,645,232.377,1.01,3.524995e-06,2.883331e-06,2.729162e-06,6.329163e-06,3.52083e-06,7.458329e-06,8.174999e-06,5.224999e-06,6.541665e-06,6.045826e-06,7.133333e-06,7.624992e-06,6.591662e-06,4.208326e-06,6.595826e-06,6.616664e-06
5,646,232.537,1.008,3.533332e-06,2.787495e-06,2.708332e-06,6.39166e-06,3.491664e-06,7.479159e-06,8.154162e-06,5.19166e-06,6.549994e-06,6.049999e-06,7.149999e-06,7.616663e-06,6.587497e-06,4.224992e-06,6.604163e-06,6.662496e-06
5,647,232.696,1.006,3.516658e-06,2.862493e-06,2.71666e-06,6.39166e-06,3.533332e-06,7.508326e-06,8.199993e-06,5.245829e-06,6.591662e-06,6.045826e-06,7.1625e-06,7.562494e-06,6.662496e-06,4.262495e-06,6.645831e-06,6.662496e-06
5,648,232.856,1.004,3.499993e-06,2.87083e-06,2.68333e-06,6.433328e-06,3.529159e-06,7.537492e-06,8.19583e-06,5.237492e-06,6.529164e-06,6.104159e-06,7.154163e-06,7.654166e-06,6.654159e-06,4.320828e-06,6.654159e-06,6.687498e-06
5,649,233.016,1.002,3.537496e-06,2.829162e-06,2.741663e-06,6.462495e-06,3.529159e-06,7.566658e-06,8.224996e-06,5.299997e-06,6.516663e-06,6.133326e-06,7.224997e-06,7.67916e-06,6.691662e-06,4.304163e-06,6.699999e-06,6.720829e-06
5,650,233.176,1.0,3.508329e-06,2.87083e-06,2.71666e-06,6.483333e-06,3.533332e-06,7.512498e-06,8.245825e-06,5.27916e-06,6.674997e-06,6.166665e-06,7.229161e-06,7.695826e-06,6.695827e-06,4.333329e-06,6.716665e-06,6.691662e-06
5,651,233.336,0.998,3.52083e-06,2.824998e-06,2.708332e-06,6.487497e-06,3.533332e-06,7.595825e-06,8.279165e-06,5.291661e-06,6.691662e-06,6.154164e-06,7.258328e-06,7.708327e-06,6.724993e-06,4.395827e-06,6.716665e-06,6.774998e-06
5,652,233.495,0.996,3.533332e-06,2.779166e-06,2.674993e-06,6.499998e-06,3.558326e-06,7.616663e-06,8.287493e-06,5.320827e-06,6.695827e-06,6.20416e-06,7.245827e-06,7.729165e-06,6.720829e-06,4.408328e-06,6.766661e-06,6.758332e-06
5,653,233.655,0.994,3.54166e-06,2.862493e-06,2.637498e-06,6.533329e-06,3.524995e-06,7.616663e-06,8.304159e-06,5.287496e-06,6.73333e-06,6.191659e-06,7.295831e-06,7.770833e-06,6.762496e-06,4.462496e-06,6.741659e-06,6.787499e-06
5,654,233.815,0.992,3.524995e-06,2.80416e-06,2.637498e-06,6.537493e-06,3.558326e-06,7.687497e-06,8.304159e-06,5.349994e-06,6.749995e-06,6.249992e-06,7.291659e-06,7.76666e-06,6.812493e-06,4.449995e-06,6.808329e-06,6.795828e-06
5,655,233.975,0.99,3.470826e-06,2.833327e-06,2.654163e-06,6.56666e-06,3.495828e-06,7.662495e-06,8.304159e-06,5.349994e-06,6.766661e-06,6.220826e-06,7.299996e-06,7.808328e-06,6.791663e-06,4.508328e-06,6.82083e-06,6.799992e-06
5,656,234.135,0.988,3.524995e-06,2.824998e-06,2.658328e-06,6.599998e-06,3.524995e-06,7.733329e-06,8.329161e-06,5.383333e-06,6.799992e-06,6.254164e-06,7.383331e-06,7.820829e-06,6.841659e-06,4.524994e-06,6.833331e-06,6.829158e-06
5,657,234.294,0.986,3.495828e-06,2.808333e-06,2.654163e-06,6.616664e-06,3.529159e-06,7.733329e-06,8.354164e-06,5.399998e-06,6.799992e-06,6.312498e-06,7.354164e-06,7.799999e-06,6.824994e-06,4.579163e-06,6.899993e-06,6.841659e-06
5,658,234.454,0.984,3.537496e-06,2.808333e-06,2.649999e-06,6.654159e-06,3.549997e-06,7.770833e-06,8.379166e-06,5.395826e-06,6.824994e-06,6.237499e-06,7.337499e-06,7.845831e-06,6.866662e-06,4.583327e-06,6.879163e-06,6.879163e-06
5,659,234.614,0.982,3.524995e-06,2.766665e-06,2.612495e-06,6.66666e-06,3.549997e-06,7.787497e-06,8.362492e-06,5.437493e-06,6.841659e-06,6.362494e-06,7.433327e-06,7.879162e-06,6.916666e-06,4.579163e-06,6.929159e-06,6.916666e-06
5,660,234.774,0.98,3.529159e-06,2.791659e-06,2.645826e-06,6.637494e-06,3.558326e-06,7.779161e-06,8.399995e-06,5.416663e-06,6.8875e-06,6.366666e-06,7.454165e-06,7.916665e-06,6.94166e-06,4.624995e-06,6.933331e-06,6.92083e-06
5,661,234.934,0.978,3.549997e-06,2.770829e-06,2.629161e-06,6.699999e-06,3.54166e-06,7.808328e-06,8.412496e-06,5.470832e-06,6.908329e-06,6.383332e-06,7.512498e-06,7.908328e-06,6.970827e-06,4.666662e-06,6.995829e-06,6.949997e-06
5,662,235.094,0.976,3.495828e-06,2.766665e-06,2.666664e-06,6.73333e-06,3.587492e-06,7.862496e-06,8.433326e-06,5.454159e-06,6.916666e-06,6.408326e-06,7.524999e-06,7.954161e-06,6.979164e-06,4.695829e-06,7.004166e-06,6.966663e-06
5,663,235.253,0.974,3.533332e-06,2.774994e-06,2.649999e-06,6.762496e-06,3.558326e-06,7.874997e-06,8.437499e-06,5.479161e-06,6.912494e-06,6.429163e-06,7.499997e-06,7.93333e-06,6.979164e-06,4.737497e-06,7.016659e-06,7.004166e-06
5,664,235.413,0.972,3.512494e-06,2.770829e-06,2.662492e-06,6.774998e-06,3.562498e-06,7.887498e-06,8.445827e-06,5.529165e-06,6.924995e-06,6.437492e-06,7.554166e-06,8.012494e-06,7.041661e-06,4.745825e-06,7.041661e-06,6.974999e-06
5,665,235.573,0.97,3.52083e-06,2.779166e-06,2.620832e-06,6.816666e-06,3.574999e-06,7.94166e-06,8.454163e-06,5.512492e-06,6.995829e-06,6.445829e-06,7.529163e-06,7.995828e-06,6.987492e-06,4.779164e-06,7.049998e-06,7.012494e-06
5,666,235.733,0.968,3.579164e-06,2.766665e-06,2.612495e-06,6.816666e-06,3.566662e-06,7.924994e-06,8.491659e-06,5.549995e-06,6.999993e-06,6.495825e-06,7.629164e-06,8.016666e-06,7.070827e-06,4.783328e-06,7.133333e-06,7.058326e-06
5,667,235.893,0.966,3.558326e-06,2.766665e-06,2.624997e-06,6.858325e-06,3.595829e-06,7.974998e-06,8.516661e-06,5.53333e-06,6.991665e-06,6.512499e-06,7.620828e-06,8.049997e-06,7.054162e-06,4.812495e-06,7.02916e-06,7.02916e-06
5,668,236.052,0.964,3.562498e-06,2.733326e-06,2.554162e-06,6.908329e-06,3.587492e-06,8.004165e-06,8.524998e-06,5.562496e-06,7.058326e-06,6.537493e-06,7.641665e-06,8.049997e-06,7.099994e-06,4.841661e-06,7.141662e-06,7.099994e-06
5,669,236.212,0.962,3.529159e-06,2.733326e-06,2.620832e-06,6.908329e-06,3.562498e-06,7.983327e-06,8.549992e-06,5.591663e-06,7.016659e-06,6.549994e-06,7.583332e-06,8.008329e-06,7.11666e-06,4.874993e-06,7.170828e-06,7.066663e-06
5,670,236.372,0.96,3.566662e-06,2.766665e-06,2.537497e-06,6.979164e-06,3.583328e-06,8.024995e-06,8.583331e-06,5.591663e-06,7.083328e-06,6.583325e-06,7.729165e-06,8.104165e-06,7.133333e-06,4.933325e-06,7.191666e-06,7.124996e-06
5,671,236.532,0.958,3.499993e-06,2.733326e-06,2.637498e-06,6.962498e-06,3.583328e-06,8.04166e-06,8.554164e-06,5.637495e-06,7.095829e-06,6.554159e-06,7.729165e-06,8.112494e-06,7.158327e-06,4.937498e-06,7.21666e-06,7.137497e-06
5,672,236.692,0.956,3.537496e-06,2.762492e-06,2.604159e-06,6.999993e-06,3.583328e-06,8.074999e-06,8.604161e-06,5.649996e-06,7.137497e-06,6.612492e-06,7.758331e-06,8.166663e-06,7.199995e-06,4.98333e-06,7.220833e-06,7.141662e-06
5,673,236.851,0.954,3.566662e-06,2.720825e-06,2.624997e-06,7.012494e-06,3.595829e-06,8.112494e-06,8.583331e-06,5.649996e-06,7.149999e-06,6.63333e-06,7.76666e-06,8.137496e-06,7.220833e-06,4.970829e-06,7.266664e-06,7.187494e-06
5,674,237.011,0.952,3.566662e-06,2.741663e-06,2.599994e-06,7.041661e-06,3.616659e-06,8.087492e-06,8.612497e-06,5.691663e-06,7.124996e-06,6.66666e-06,7.787497e-06,8.10833e-06,7.229161e-06,5.008332e-06,7.308332e-06,7.187494e-06
5,675,237.171,0.95,3.591665e-06,2.720825e-06,2.566663e-06,7.062499e-06,3.595829e-06,8.133332e-06,8.620827e-06,5.658333e-06,7.145826e-06,6.649995e-06,7.808328e-06,8.174999e-06,7.237498e-06,5.058328e-06,7.28333e-06,7.204159e-06
5,676,237.331,0.948,3.570827e-06,2.737498e-06,2.591666e-06,7.083328e-06,3.624996e-06,8.133332e-06,8.649993e-06,5.695828e-06,7.191666e-06,6.720829e-06,7.829165e-06,8.199993e-06,7.287495e-06,5.074994e-06,7.362493e-06,7.237498e-06
5,677,237.491,0.946,3.524995e-06,2.749991e-06,2.554162e-06,7.095829e-06,3.579164e-06,8.158326e-06,8.612497e-06,5.716666e-06,7.220833e-06,6.699999e-06,7.845831e-06,8.237497e-06,7.291659e-06,5.079166e-06,7.316661e-06,7.237498e-06
5,678,237.651,0.944,3.591665e-06,2.708332e-06,2.491665e-06,7.108331e-06,3.524995e-06,8.220832e-06,8.65833e-06,5.737495e-06,7.212496e-06,6.724993e-06,7.866661e-06,8.216659e-06,7.299996e-06,5.133327e-06,7.383331e-06,7.291659e-06
5,679,237.81,0.942,3.570827e-06,2.662492e-06,2.587493e-06,7.129161e-06,3.624996e-06,8.191665e-06,8.637492e-06,5.749996e-06,7.224997e-06,6.73333e-06,7.85416e-06,8.233333e-06,7.295831e-06,5.137499e-06,7.399996e-06,7.266664e-06
5,680,237.97,0.94,3.599993e-06,2.695831e-06,2.562499e-06,7.1625e-06,3.566662e-06,8.233333e-06,8.699997e-06,5.737495e-06,7.258328e-06,6.708328e-06,7.912493e-06,8.258326e-06,7.354164e-06,5.179159e-06,7.383331e-06,7.287495e-06
5,681,238.13,0.938,3.583328e-06,2.691658e-06,2.570828e-06,7.166664e-06,3.620831e-06,8.191665e-06,8.708326e-06,5.779163e-06,7.28333e-06,6.795828e-06,7.924994e-06,8.233333e-06,7.374994e-06,5.174994e-06,7.441664e-06,7.30416e-06
5,682,238.29,0.936,3.579164e-06,2.687494e-06,2.524996e-06,7.208331e-06,3.604166e-06,8.279165e-06,8.645829e-06,5.729159e-06,7.299996e-06,6.787499e-06,7.945831e-06,8.320832e-06,7.391659e-06,5.241664e-06,7.441664e-06,7.345827e-06
5,683,238.45,0.934,3.60833e-06,2.695831e-06,2.558327e-06,7.170828e-06,3.558326e-06,8.279165e-06,8.729164e-06,5.812494e-06,7.254163e-06,6.833331e-06,7.958332e-06,8.304159e-06,7.395832e-06,5.216662e-06,7.437499e-06,7.320825e-06
5,684,238.609,0.932,3.574999e-06,2.687494e-06,2.545826e-06,7.262492e-06,3.624996e-06,8.270827e-06,8.729164e-06,5.816658e-06,7.287495e-06,6.845832e-06,7.970826e-06,8.333325e-06,7.341663e-06,5.183331e-06,7.49166e-06,7.341663e-06
5,685,238.769,0.93,3.591665e-06,2.670829e-06,2.545826e-06,7.279165e-06,3.599993e-06,8.349999e-06,8.749994e-06,5.883328e-06,7.329162e-06,6.808329e-06,8.004165e-06,8.270827e-06,7.424998e-06,5.308326e-06,7.499997e-06,7.366665e-06
5,686,238.929,0.928,3.574999e-06,2.699995e-06,2.570828e-06,7.287495e-06,3.654162e-06,8.345826e-06,8.766659e-06,5.887493e-06,7.312497e-06,6.787499e-06,8.016666e-06,8.383329e-06,7.462494e-06,5.312499e-06,7.566658e-06,7.408333e-06
5,687,239.089,0.926,3.612495e-06,2.670829e-06,2.512495e-06,7.324998e-06,3.574999e-06,8.345826e-06,8.77916e-06,5.887493e-06,7.408333e-06,6.891664e-06,8.054161e-06,8.354164e-06,7.458329e-06,5.337492e-06,7.508326e-06,7.429162e-06
5,688,239.249,0.924,3.612495e-06,2.620832e-06,2.512495e-06,7.308332e-06,3.624996e-06,8.374993e-06,8.783332e-06,5.941661e-06,7.366665e-06,6.8875e-06,8.024995e-06,8.404159e-06,7.524999e-06,5.329164e-06,7.587496e-06,7.408333e-06
5,689,239.409,0.922,3.574999e-06,2.649999e-06,2.512495e-06,7.291659e-06,3.616659e-06,8.387494e-06,8.808327e-06,5.916659e-06,7.424998e-06,6.924995e-06,8.083328e-06,8.358327e-06,7.49166e-06,5.391661e-06,7.595825e-06,7.437499e-06
5,690,239.568,0.92,3.587492e-06,2.658328e-06,2.516659e-06,7.366665e-06,3.620831e-06,8.383329e-06,8.766659e-06,5.920831e-06,7.424998e-06,6.904165e-06,8.10833e-06,8.395831e-06,7.499997e-06,5.37916e-06,7.595825e-06,7.454165e-06
5,691,239.728,0.918,3.554161e-06,2.645826e-06,2.512495e-06,7.383331e-06,3.666663e-06,8.408332e-06,8.749994e-06,5.954162e-06,7.40416e-06,6.895828e-06,8.037496e-06,8.429161e-06,7.499997e-06,5.408327e-06,7.624992e-06,7.437499e-06
5,692,239.888,0.916,3.599993e-06,2.658328e-06,2.499994e-06,7.412497e-06,3.566662e-06,8.441662e-06,8.787497e-06,5.912495e-06,7.445828e-06,6.966663e-06,8.149997e-06,8.45e-06,7.512498e-06,5.420828e-06,7.612498e-06,7.495833e-06
5,693,240.048,0.914,3.587492e-06,2.654163e-06,2.491665e-06,7.416661e-06,3.649998e-06,8.445827e-06,8.824993e-06,5.983329e-06,7.424998e-06,6.987492e-06,8.141661e-06,8.458328e-06,7.57916e-06,5.404162e-06,7.662495e-06,7.47083e-06
5,694,240.208,0.912,3.60833e-06,2.633325e-06,2.495829e-06,7.420826e-06,3.624996e-06,8.445827e-06,8.837494e-06,5.987493e-06,7.466666e-06,6.983328e-06,8.179164e-06,8.458328e-06,7.549993e-06,5.454159e-06,7.658331e-06,7.495833e-06
5,695,240.367,0.91,3.633332e-06,2.637498e-06,2.420831e-06,7.437499e-06,3.62916e-06,8.458328e-06,8.837494e-06,6.01666e-06,7.487496e-06,6.979164e-06,8.174999e-06,8.45e-06,7.612498e-06,5.499999e-06,7.695826e-06,7.524999e-06
5,696,240.527,0.908,3.612495e-06,2.662492e-06,2.499994e-06,7.47083e-06,3.658326e-06,8.466665e-06,8.883325e-06,6.049999e-06,7.466666e-06,7.012494e-06,8.162498e-06,8.48333e-06,7.604162e-06,5.524993e-06,7.699999e-06,7.504161e-06
5,697,240.687,0.906,3.612495e-06,2.604159e-06,2.441661e-06,7.499997e-06,3.612495e-06,8.495832e-06,8.837494e-06,6.037497e-06,7.504161e-06,7.033332e-06,8.22916e-06,8.499996e-06,7.624992e-06,5.541659e-06,7.704162e-06,7.570831e-06
5,698,240.847,0.904,3.599993e-06,2.620832e-06,2.487493e-06,7.479159e-06,3.616659e-06,8.491659e-06,8.858331e-06,6.062492e-06,7.495833e-06,7.041661e-06,8.19583e-06,8.512497e-06,7.633328e-06,5.55416e-06,7.733329e-06,7.529163e-06
5,699,241.007,0.902,3.591665e-06,2.570828e-06,2.449997e-06,7.516662e-06,3.62916e-06,8.516661e-06,8.883325e-06,6.054163e-06,7.545829e-06,7.066663e-06,8.245825e-06,8.545828e-06,7.637493e-06,5.574997e-06,7.733329e-06,7.524999e-06
5,700,241.166,0.9,3.595829e-06,2.587493e-06,2.466663e-06,7.424998e-06,3.633332e-06,8.508333e-06,8.870832e-06,6.074993e-06,7.537492e-06,7.091665e-06,8.254163e-06,8.50416e-06,7.541664e-06,5.499999e-06,7.758331e-06,7.583332e-06
5,701,241.326,0.898,3.570827e-06,2.579164e-06,2.466663e-06,7.520827e-06,3.641661e-06,8.558329e-06,8.924992e-06,6.091658e-06,7.574995e-06,7.095829e-06,8.262499e-06,8.549992e-06,7.674996e-06,5.566661e-06,7.76666e-06,7.595825e-06
5,702,241.486,0.896,3.633332e-06,2.599994e-06,2.483328e-06,7.545829e-06,3.645825e-06,8.574994e-06,8.895826e-06,6.108331e-06,7.574995e-06,7.012494e-06,8.258326e-06,8.541663e-06,7.670832e-06,5.629166e-06,7.779161e-06,7.620828e-06
5,703,241.646,0.894,3.616659e-06,2.608331e-06,2.458326e-06,7.566658e-06,3.654162e-06,8.554164e-06,8.916664e-06,6.116661e-06,7.541664e-06,7.149999e-06,8.29583e-06,8.583331e-06,7.687497e-06,5.662497e-06,7.837494e-06,7.620828e-06
5,704,241.806,0.892,3.599993e-06,2.59583e-06,2.429159e-06,7.566658e-06,3.662499e-06,8.599996e-06,8.924992e-06,6.145827e-06,7.595825e-06,7.108331e-06,8.308331e-06,8.566665e-06,7.704162e-06,5.683327e-06,7.812492e-06,7.549993e-06
5,705,241.966,0.89,3.587492e-06,2.570828e-06,2.445825e-06,7.529163e-06,3.670827e-06,8.616662e-06,8.93333e-06,6.162492e-06,7.583332e-06,7.154163e-06,8.333325e-06,8.579159e-06,7.741666e-06,5.658333e-06,7.858332e-06,7.620828e-06
5,706,242.125,0.888,3.616659e-06,2.570828e-06,2.424995e-06,7.662495e-06,3.662499e-06,8.608326e-06,8.945831e-06,6.174993e-06,7.641665e-06,7.166664e-06,8.31666e-06,8.612497e-06,7.662495e-06,5.712493e-06,7.874997e-06,7.654166e-06
5,707,242.285,0.886,3.645825e-06,2.566663e-06,2.474992e-06,7.649994e-06,3.658326e-06,8.674995e-06,8.945831e-06,6.187495e-06,7.608326e-06,7.166664e-06,8.387494e-06,8.620827e-06,7.783326e-06,5.708329e-06,7.870825e-06,7.695826e-06
5,708,242.445,0.884,3.60833e-06,2.59583e-06,2.454162e-06,7.674996e-06,3.666663e-06,8.637492e-06,8.954159e-06,6.199996e-06,7.641665e-06,7.174993e-06,8.358327e-06,8.654165e-06,7.74583e-06,5.74166e-06,7.904164e-06,7.67916e-06
5,709,242.605,0.882,3.554161e-06,2.566663e-06,2.416658e-06,7.670832e-06,3.633332e-06,8.562493e-06,8.954159e-06,6.199996e-06,7.674996e-06,7.187494e-06,8.420833e-06,8.641664e-06,7.799999e-06,5.754161e-06,7.920829e-06,7.7125e-06
5,710,242.765,0.88,3.616659e-06,2.566663e-06,2.449997e-06,7.695826e-06,3.679164e-06,8.654165e-06,8.979162e-06,6.233327e-06,7.633328e-06,7.187494e-06,8.404159e-06,8.649993e-06,7.812492e-06,5.749996e-06,7.908328e-06,7.695826e-06
5,711,242.924,0.878,3.612495e-06,2.554162e-06,2.429159e-06,7.720828e-06,3.666663e-06,8.67916e-06,8.979162e-06,6.216661e-06,7.691661e-06,7.233326e-06,8.412496e-06,8.662494e-06,7.783326e-06,5.683327e-06,7.924994e-06,7.74583e-06
5,712,243.084,0.876,3.612495e-06,2.537497e-06,2.441661e-06,7.737493e-06,3.679164e-06,8.683332e-06,8.974997e-06,6.283331e-06,7.687497e-06,7.237498e-06,8.412496e-06,8.587495e-06,7.83333e-06,5.791664e-06,7.93333e-06,7.733329e-06
5,713,243.244,0.874,3.62916e-06,2.566663e-06,2.395828e-06,7.741666e-06,3.666663e-06,8.683332e-06,9.004164e-06,6.262493e-06,7.670832e-06,7.249999e-06,8.462493e-06,8.708326e-06,7.824993e-06,5.795829e-06,7.93333e-06,7.762495e-06
5,714,243.404,0.872,3.637497e-06,2.52916e-06,2.391664e-06,7.754159e-06,3.679164e-06,8.724999e-06,8.995827e-06,6.295832e-06,7.704162e-06,7.258328e-06,8.445827e-06,8.662494e-06,7.83333e-06,5.820831e-06,7.949996e-06,7.779161e-06
5,715,243.564,0.87,3.620831e-06,2.549998e-06,2.370826e-06,7.741666e-06,3.683329e-06,8.670831e-06,9.008329e-06,6.304161e-06,7.708327e-06,7.270829e-06,8.470829e-06,8.720827e-06,7.85416e-06,5.858326e-06,7.949996e-06,7.708327e-06
5,716,243.723,0.868,3.604166e-06,2.50833e-06,2.399993e-06,7.774996e-06,3.687493e-06,8.749994e-06,8.983326e-06,6.29166e-06,7.754159e-06,7.279165e-06,8.466665e-06,8.708326e-06,7.879162e-06,5.870827e-06,7.979163e-06,7.808328e-06
5,717,243.883,0.866,3.649998e-06,2.52916e-06,2.437496e-06,7.808328e-06,3.691665e-06,8.745829e-06,9.016665e-06,6.320826e-06,7.729165e-06,7.308332e-06,8.495832e-06,8.712498e-06,7.916665e-06,5.874999e-06,8.012494e-06,7.791662e-06
5,718,244.043,0.864,3.637497e-06,2.554162e-06,2.399993e-06,7.837494e-06,3.687493e-06,8.749994e-06,9.05416e-06,6.320826e-06,7.754159e-06,7.30416e-06,8.479166e-06,8.754166e-06,7.899992e-06,5.887493e-06,8.024995e-06,7.791662e-06
5,719,244.203,0.862,3.624996e-06,2.487493e-06,2.395828e-06,7.841659e-06,3.69583e-06,8.770831e-06,9.033331e-06,6.358329e-06,7.670832e-06,7.308332e-06,8.533327e-06,8.720827e-06,7.924994e-06,5.891665e-06,8.024995e-06,7.841659e-06
5,720,244.363,0.86,3.633332e-06,2.504166e-06,2.358325e-06,7.841659e-06,3.674992e-06,8.774996e-06,9.062497e-06,6.308325e-06,7.774996e-06,7.329162e-06,8.491659e-06,8.745829e-06,7.85416e-06,5.933332e-06,8.045832e-06,7.829165e-06
5,721,244.523,0.858,3.658326e-06,2.495829e-06,2.383327e-06,7.858332e-06,3.679164e-06,8.804162e-06,9.024993e-06,6.354165e-06,7.76666e-06,7.324998e-06,8.529162e-06,8.766659e-06,7.924994e-06,5.941661e-06,8.04166e-06,7.812492e-06
5,722,244.682,0.856,3.641661e-06,2.499994e-06,2.395828e-06,7.858332e-06,3.69583e-06,8.783332e-06,9.033331e-06,6.349993e-06,7.774996e-06,7.324998e-06,8.558329e-06,8.691661e-06,7.93333e-06,5.966663e-06,8.099993e-06,7.849995e-06
5,723,244.842,0.854,3.587492e-06,2.512495e-06,2.370826e-06,7.895827e-06,3.662499e-06,8.799998e-06,9.066661e-06,6.416662e-06,7.795827e-06,7.316661e-06,8.48333e-06,8.774996e-06,7.94166e-06,5.987493e-06,8.079163e-06,7.849995e-06
5,724,245.002,0.852,3.645825e-06,2.499994e-06,2.395828e-06,7.891663e-06,3.691665e-06,8.824993e-06,9.045832e-06,6.337492e-06,7.791662e-06,7.379158e-06,8.583331e-06,8.762495e-06,7.954161e-06,5.958327e-06,8.112494e-06,7.883326e-06
5,725,245.162,0.85,3.633332e-06,2.495829e-06,2.34166e-06,7.891663e-06,3.674992e-06,8.808327e-06,9.070825e-06,6.429163e-06,7.829165e-06,7.383331e-06,8.558329e-06,8.77916e-06,7.962497e-06,5.99583e-06,8.087492e-06,7.862496e-06
5,726,245.322,0.848,3.649998e-06,2.458326e-06,2.333331e-06,7.916665e-06,3.712495e-06,8.829164e-06,9.087499e-06,6.429163e-06,7.83333e-06,7.374994e-06,8.612497e-06,8.754166e-06,7.979163e-06,6.01666e-06,8.087492e-06,7.866661e-06
5,727,245.481,0.846,3.624996e-06,2.470827e-06,2.379163e-06,7.895827e-06,3.71666e-06,8.84583e-06,9.079162e-06,6.441664e-06,7.820829e-06,7.379158e-06,8.608326e-06,8.791661e-06,7.999993e-06,6.012495e-06,8.099993e-06,7.883326e-06
5,728,245.641,0.844,3.633332e-06,2.462498e-06,2.345832e-06,7.937495e-06,3.679164e-06,8.879161e-06,9.095827e-06,6.429163e-06,7.858332e-06,7.40416e-06,8.608326e-06,8.716663e-06,8.008329e-06,6.070828e-06,8.116658e-06,7.891663e-06
5,729,245.801,0.842,3.641661e-06,2.462498e-06,2.362498e-06,7.949996e-06,3.712495e-06,8.841665e-06,9.058333e-06,6.445829e-06,7.791662e-06,7.374994e-06,8.645829e-06,8.795826e-06,8.012494e-06,6.029161e-06,8.149997e-06,7.929166e-06
5,730,245.961,0.84,3.637497e-06,2.466663e-06,2.354161e-06,7.966662e-06,3.712495e-06,8.858331e-06,9.108328e-06,6.470831e-06,7.866661e-06,7.408333e-06,8.641664e-06,8.833329e-06,8.02083e-06,6.074993e-06,8.149997e-06,7.916665e-06
5,731,246.121,0.838,3.624996e-06,2.466663e-06,2.34166e-06,7.970826e-06,3.670827e-06,8.870832e-06,9.083326e-06,6.487497e-06,7.870825e-06,7.420826e-06,8.666659e-06,8.841665e-06,8.054161e-06,6.058327e-06,8.141661e-06,7.929166e-06
5,732,246.281,0.836,3.633332e-06,2.441661e-06,2.34166e-06,7.945831e-06,3.712495e-06,8.904163e-06,9.14166e-06,6.499998e-06,7.887498e-06,7.474995e-06,8.662494e-06,8.84583e-06,8.016666e-06,6.09583e-06,8.191665e-06,7.94166e-06
5,733,246.44,0.834,3.633332e-06,2.399993e-06,2.324995e-06,8.004165e-06,3.662499e-06,8.920829e-06,9.099992e-06,6.499998e-06,7.870825e-06,7.441664e-06,8.674995e-06,8.833329e-06,8.045832e-06,6.120833e-06,8.19583e-06,7.970826e-06
5,734,246.6,0.832,3.637497e-06,2.420831e-06,2.316666e-06,8.016666e-06,3.720832e-06,8.920829e-06,9.137495e-06,6.529164e-06,7.887498e-06,7.479159e-06,8.683332e-06,8.862496e-06,8.087492e-06,6.108331e-06,8.204166e-06,7.970826e-06
5,735,246.76,0.83,3.654162e-06,2.437496e-06,2.279162e-06,8.04166e-06,3.704158e-06,8.929165e-06,9.129159e-06,6.524992e-06,7.912493e-06,7.454165e-06,8.708326e-06,8.895826e-06,8.062498e-06,6.124997e-06,8.204166e-06,7.974998e-06
5,736,246.92,0.828,3.637497e-06,2.437496e-06,2.324995e-06,8.016666e-06,3.708331e-06,8.887498e-06,9.108328e-06,6.570832e-06,7.94166e-06,7.458329e-06,8.695833e-06,8.887498e-06,8.095829e-06,6.154164e-06,8.22916e-06,7.995828e-06
5,737,247.08,0.826,3.649998e-06,2.458326e-06,2.324995e-06,8.008329e-06,3.654162e-06,8.904163e-06,9.14166e-06,6.54583e-06,7.924994e-06,7.520827e-06,8.687496e-06,8.879161e-06,8.095829e-06,6.162492e-06,8.245825e-06,7.987499e-06
5,738,247.239,0.824,3.645825e-06,2.358325e-06,2.312493e-06,8.087492e-06,3.704158e-06,8.924992e-06,9.149996e-06,6.558331e-06,7.945831e-06,7.445828e-06,8.708326e-06,8.862496e-06,8.070827e-06,6.187495e-06,8.212495e-06,8.016666e-06
5,739,247.399,0.822,3.641661e-06,2.420831e-06,2.299992e-06,8.04166e-06,3.724996e-06,8.929165e-06,9.129159e-06,6.54583e-06,7.929166e-06,7.499997e-06,8.712498e-06,8.895826e-06,8.095829e-06,6.166665e-06,8.216659e-06,7.991664e-06
5,740,247.559,0.82,3.641661e-06,2.404165e-06,2.274998e-06,8.074999e-06,3.720832e-06,8.970833e-06,9.145832e-06,6.570832e-06,7.962497e-06,7.529163e-06,8.733328e-06,8.874997e-06,8.10833e-06,6.191659e-06,8.249998e-06,8.024995e-06
5,741,247.719,0.818,3.641661e-06,2.399993e-06,2.25416e-06,8.087492e-06,3.729161e-06,8.904163e-06,9.066661e-06,6.616664e-06,7.966662e-06,7.499997e-06,8.733328e-06,8.895826e-06,8.120831e-06,6.212497e-06,8.266664e-06,8.012494e-06
5,742,247.879,0.816,3.599993e-06,2.395828e-06,2.274998e-06,8.074999e-06,3.729161e-06,8.974997e-06,9.174999e-06,6.579161e-06,7.958332e-06,7.549993e-06,8.720827e-06,8.879161e-06,8.099993e-06,6.220826e-06,8.216659e-06,8.029159e-06
5,743,248.038,0.814,3.658326e-06,2.374999e-06,2.216665e-06,8.070827e-06,3.699994e-06,8.987498e-06,9.149996e-06,6.583325e-06,7.974998e-06,7.516662e-06,8.754166e-06,8.895826e-06,8.116658e-06,6.187495e-06,8.274992e-06,8.054161e-06
5,744,248.198,0.812,3.60833e-06,2.387492e-06,2.266661e-06,8.087492e-06,3.724996e-06,8.96666e-06,9.154161e-06,6.591662e-06,7.983327e-06,7.549993e-06,8.683332e-06,8.937494e-06,8.137496e-06,6.241663e-06,8.291666e-06,8.016666e-06
5,745,248.358,0.81,3.658326e-06,2.379163e-06,2.25416e-06,8.137496e-06,3.724996e-06,8.999999e-06,9.174999e-06,6.608327e-06,7.962497e-06,7.524999e-06,8.737493e-06,8.937494e-06,8.154162e-06,6.274994e-06,8.274992e-06,8.074999e-06
5,746,248.518,0.808,3.641661e-06,2.358325e-06,2.270826e-06,8.124995e-06,3.733325e-06,8.999999e-06,9.083326e-06,6.591662e-06,7.979163e-06,7.549993e-06,8.762495e-06,8.93333e-06,8.174999e-06,6.254164e-06,8.262499e-06,8.058326e-06
5,747,248.678,0.806,3.637497e-06,2.387492e-06,2.229158e-06,8.137496e-06,3.712495e-06,8.949995e-06,9.154161e-06,6.645831e-06,7.970826e-06,7.533328e-06,8.783332e-06,8.93333e-06,8.162498e-06,6.249992e-06,8.29583e-06,8.037496e-06
5,748,248.838,0.804,3.654162e-06,2.362498e-06,2.208328e-06,8.154162e-06,3.71666e-06,9.016665e-06,9.158325e-06,6.645831e-06,8.004165e-06,7.566658e-06,8.77916e-06,8.924992e-06,8.141661e-06,6.283331e-06,8.299994e-06,8.091664e-06
5,749,248.997,0.802,3.60833e-06,2.362498e-06,2.23333e-06,8.158326e-06,3.71666e-06,9.004164e-06,9.179163e-06,6.658332e-06,8.02083e-06,7.570831e-06,8.77916e-06,8.96666e-06,8.174999e-06,6.320826e-06,8.349999e-06,8.070827e-06
5,750,249.157,0.8,3.645825e-06,2.366662e-06,2.224994e-06,8.12916e-06,3.691665e-06,9.008329e-06,9.129159e-06,6.683326e-06,7.991664e-06,7.566658e-06,8.808327e-06,8.949995e-06,8.179164e-06,6.345828e-06,8.320832e-06,8.079163e-06
5,751,249.317,0.798,3.654162e-06,2.34166e-06,2.25416e-06,8.183329e-06,3.741662e-06,9.029166e-06,9.162498e-06,6.679161e-06,8.02083e-06,7.604162e-06,8.795826e-06,8.974997e-06,8.187492e-06,6.287495e-06,8.370828e-06,8.095829e-06
5,752,249.477,0.796,3.645825e-06,2.358325e-06,2.23333e-06,8.191665e-06,3.733325e-06,8.970833e-06,9.187492e-06,6.66666e-06,8.049997e-06,7.583332e-06,8.795826e-06,8.962496e-06,8.179164e-06,6.362494e-06,8.345826e-06,8.116658e-06
5,753,249.637,0.794,3.62916e-06,2.329159e-06,2.224994e-06,8.174999e-06,3.712495e-06,9.024993e-06,9.183327e-06,6.674997e-06,7.999993e-06,7.595825e-06,8.824993e-06,8.958332e-06,8.199993e-06,6.333327e-06,8.341662e-06,8.116658e-06
5,754,249.796,0.792,3.62916e-06,2.287499e-06,2.224994e-06,8.204166e-06,3.674992e-06,8.995827e-06,9.191665e-06,6.695827e-06,8.029159e-06,7.604162e-06,8.824993e-06,8.974997e-06,8.174999e-06,6.349993e-06,8.366665e-06,8.116658e-06
5,755,249.956,0.79,3.633332e-06,2.329159e-06,2.224994e-06,8.208331e-06,3.71666e-06,9.02083e-06,9.166662e-06,6.712492e-06,8.04166e-06,7.57916e-06,8.824993e-06,8.949995e-06,8.220832e-06,6.383332e-06,8.333325e-06,8.116658e-06
5,756,250.116,0.788,3.583328e-06,2.312493e-06,2.208328e-06,8.220832e-06,3.733325e-06,9.062497e-06,9.112493e-06,6.695827e-06,8.016666e-06,7.57916e-06,8.833329e-06,8.991663e-06,8.224996e-06,6.362494e-06,8.370828e-06,8.149997e-06
5,757,250.276,0.786,3.633332e-06,2.324995e-06,2.179162e-06,8.254163e-06,3.687493e-06,9.062497e-06,9.22083e-06,6.724993e-06,8.070827e-06,7.612498e-06,8.862496e-06,8.974997e-06,8.212495e-06,6.39166e-06,8.366665e-06,8.154162e-06
5,758,250.436,0.784,3.637497e-06,2.312493e-06,2.216665e-06,8.220832e-06,3.691665e-06,9.070825e-06,9.195828e-06,6.737494e-06,8.029159e-06,7.612498e-06,8.837494e-06,8.974997e-06,8.245825e-06,6.379159e-06,8.391658e-06,8.141661e-06
5,759,250.595,0.782,3.612495e-06,2.291664e-06,2.174997e-06,8.22916e-06,3.720832e-06,9.062497e-06,9.199993e-06,6.720829e-06,8.079163e-06,7.649994e-06,8.849995e-06,8.995827e-06,8.22916e-06,6.416662e-06,8.379166e-06,8.104165e-06
5,760,250.755,0.78,3.637497e-06,2.212493e-06,2.212493e-06,8.245825e-06,3.708331e-06,9.091664e-06,9.162498e-06,6.749995e-06,8.070827e-06,7.616663e-06,8.858331e-06,8.958332e-06,8.249998e-06,6.420827e-06,8.391658e-06,8.141661e-06
5,761,250.915,0.778,3.591665e-06,2.291664e-06,2.120829e-06,8.212495e-06,3.729161e-06,9.066661e-06,9.208329e-06,6.724993e-06,8.074999e-06,7.587496e-06,8.854158e-06,8.999999e-06,8.254163e-06,6.399997e-06,8.399995e-06,8.149997e-06
5,762,251.075,0.776,3.579164e-06,2.266661e-06,2.149995e-06,8.254163e-06,3.708331e-06,9.066661e-06,9.191665e-06,6.720829e-06,8.066662e-06,7.616663e-06,8.858331e-06,8.979162e-06,8.233333e-06,6.445829e-06,8.408332e-06,8.158326e-06
5,763,251.235,0.774,3.645825e-06,2.262497e-06,2.145831e-06,8.220832e-06,3.724996e-06,9.104165e-06,9.22083e-06,6.791663e-06,8.091664e-06,7.620828e-06,8.874997e-06,9.008329e-06,8.237497e-06,6.45833e-06,8.395831e-06,8.112494e-06
5,764,251.395,0.772,3.612495e-06,2.304165e-06,2.095826e-06,8.237497e-06,3.729161e-06,9.062497e-06,9.187492e-06,6.766661e-06,8.083328e-06,7.654166e-06,8.870832e-06,8.999999e-06,8.266664e-06,6.454166e-06,8.399995e-06,8.187492e-06
5,765,251.554,0.77,3.60833e-06,2.249996e-06,2.174997e-06,8.299994e-06,3.704158e-06,9.074998e-06,9.199993e-06,6.799992e-06,8.091664e-06,7.666659e-06,8.874997e-06,8.995827e-06,8.291666e-06,6.445829e-06,8.41666e-06,8.199993e-06
5,766,251.714,0.768,3.620831e-06,2.23333e-06,2.120829e-06,8.283329e-06,3.741662e-06,9.066661e-06,9.22083e-06,6.729166e-06,8.091664e-06,7.658331e-06,8.887498e-06,9.029166e-06,8.291666e-06,6.474996e-06,8.454163e-06,8.170828e-06
5,767,251.874,0.766,3.637497e-06,2.237495e-06,2.129165e-06,8.291666e-06,3.724996e-06,9.112493e-06,9.195828e-06,6.779162e-06,8.099993e-06,7.666659e-06,8.908328e-06,9.004164e-06,8.291666e-06,6.45833e-06,8.454163e-06,8.199993e-06
5,768,252.034,0.764,3.612495e-06,2.237495e-06,2.162496e-06,8.266664e-06,3.749998e-06,9.079162e-06,9.191665e-06,6.787499e-06,8.104165e-06,7.674996e-06,8.916664e-06,9.016665e-06,8.308331e-06,6.499998e-06,8.454163e-06,8.199993e-06
5,769,252.194,0.762,3.599993e-06,2.237495e-06,2.124993e-06,8.31666e-06,3.733325e-06,9.091664e-06,9.245833e-06,6.791663e-06,8.133332e-06,7.666659e-06,8.916664e-06,8.974997e-06,8.299994e-06,6.499998e-06,8.424998e-06,8.187492e-06
5,770,252.353,0.76,3.599993e-06,2.204164e-06,2.129165e-06,8.320832e-06,3.71666e-06,9.116666e-06,9.14166e-06,6.808329e-06,8.10833e-06,7.695826e-06,8.929165e-06,9.029166e-06,8.233333e-06,6.416662e-06,8.487495e-06,8.237497e-06
5,771,252.513,0.758,3.591665e-06,2.23333e-06,2.13333e-06,8.329161e-06,3.741662e-06,9.108328e-06,9.229159e-06,6.833331e-06,8.145825e-06,7.704162e-06,8.858331e-06,9.041659e-06,8.31666e-06,6.529164e-06,8.491659e-06,8.174999e-06
5,772,252.673,0.756,3.637497e-06,2.220829e-06,2.124993e-06,8.329161e-06,3.737497e-06,9.112493e-06,9.22083e-06,6.824994e-06,8.124995e-06,7.708327e-06,8.954159e-06,9.037494e-06,8.345826e-06,6.520828e-06,8.479166e-06,8.174999e-06
5,773,252.833,0.754,3.60833e-06,2.204164e-06,2.104163e-06,8.320832e-06,3.704158e-06,9.124994e-06,9.224995e-06,6.854161e-06,8.12916e-06,7.720828e-06,8.929165e-06,9.029166e-06,8.31666e-06,6.533329e-06,8.516661e-06,8.208331e-06
5,774,252.993,0.752,3.637497e-06,2.229158e-06,2.079161e-06,8.362492e-06,3.741662e-06,9.149996e-06,9.249997e-06,6.837495e-06,8.12916e-06,7.699999e-06,8.941666e-06,9.041659e-06,8.329161e-06,6.549994e-06,8.474994e-06,8.224996e-06
5,775,253.153,0.75,3.658326e-06,2.199992e-06,2.108328e-06,8.320832e-06,3.762492e-06,9.162498e-06,9.233332e-06,6.866662e-06,8.162498e-06,7.708327e-06,8.929165e-06,9.037494e-06,8.329161e-06,6.537493e-06,8.462493e-06,8.241662e-06
5,776,253.312,0.748,3.599993e-06,2.237495e-06,2.124993e-06,8.324997e-06,3.729161e-06,9.112493e-06,9.224995e-06,6.883327e-06,8.183329e-06,7.7125e-06,8.93333e-06,9.058333e-06,8.241662e-06,6.583325e-06,8.508333e-06,8.22916e-06
5,777,253.472,0.746,3.612495e-06,2.199992e-06,2.104163e-06,8.349999e-06,3.687493e-06,9.154161e-06,9.224995e-06,6.870826e-06,8.162498e-06,7.741666e-06,8.962496e-06,9.066661e-06,8.312496e-06,6.583325e-06,8.491659e-06,8.279165e-06
5,778,253.632,0.744,3.587492e-06,2.216665e-06,2.099999e-06,8.366665e-06,3.720832e-06,9.137495e-06,9.229159e-06,6.858325e-06,8.166663e-06,7.737493e-06,8.945831e-06,9.074998e-06,8.345826e-06,6.574996e-06,8.541663e-06,8.266664e-06
5,779,253.792,0.742,3.624996e-06,2.220829e-06,2.091662e-06,8.349999e-06,3.741662e-06,9.133331e-06,9.249997e-06,6.870826e-06,8.187492e-06,7.716663e-06,8.945831e-06,9.049996e-06,8.379166e-06,6.579161e-06,8.508333e-06,8.254163e-06
5,780,253.952,0.74,3.583328e-06,2.158332e-06,2.008327e-06,8.29583e-06,3.724996e-06,9.104165e-06,9.24166e-06,6.899993e-06,8.145825e-06,7.74583e-06,8.970833e-06,9.070825e-06,8.29583e-06,6.524992e-06,8.48333e-06,8.258326e-06
5,781,254.111,0.738,3.633332e-06,2.195827e-06,2.083325e-06,8.349999e-06,3.737497e-06,9.133331e-06,9.270827e-06,6.883327e-06,8.199993e-06,7.729165e-06,8.970833e-06,9.079162e-06,8.362492e-06,6.620828e-06,8.524998e-06,8.262499e-06
5,782,254.271,0.736,3.637497e-06,2.170825e-06,2.079161e-06,8.395831e-06,3.699994e-06,9.158325e-06,9.254161e-06,6.924995e-06,8.137496e-06,7.733329e-06,8.937494e-06,9.058333e-06,8.387494e-06,6.629165e-06,8.520826e-06,8.29583e-06
5,783,254.431,0.734,3.62916e-06,2.195827e-06,2.074997e-06,8.408332e-06,3.712495e-06,9.145832e-06,9.224995e-06,6.883327e-06,8.208331e-06,7.724992e-06,8.93333e-06,9.079162e-06,8.395831e-06,6.637494e-06,8.545828e-06,8.266664e-06
5,784,254.591,0.732,3.62916e-06,2.149995e-06,2.070832e-06,8.424998e-06,3.704158e-06,9.179163e-06,9.229159e-06,6.916666e-06,8.212495e-06,7.758331e-06,9.008329e-06,9.091664e-06,8.399995e-06,6.629165e-06,8.562493e-06,8.274992e-06
5,785,254.751,0.73,3.616659e-06,2.120829e-06,2.041666e-06,8.341662e-06,3.737497e-06,9.183327e-06,9.229159e-06,6.895828e-06,8.19583e-06,7.76666e-06,9.004164e-06,9.099992e-06,8.362492e-06,6.599998e-06,8.579159e-06,8.270827e-06
5,786,254.91,0.728,3.574999e-06,2.158332e-06,2.041666e-06,8.445827e-06,3.691665e-06,9.179163e-06,9.249997e-06,6.92083e-06,8.216659e-06,7.770833e-06,8.995827e-06,9.108328e-06,8.370828e-06,6.662496e-06,8.545828e-06,8.299994e-06
5,787,255.07,0.726,3.624996e-06,2.120829e-06,2.062495e-06,8.429161e-06,3.733325e-06,9.187492e-06,9.233332e-06,6.974999e-06,8.208331e-06,7.74583e-06,8.999999e-06,9.066661e-06,8.424998e-06,6.649995e-06,8.57083e-06,8.312496e-06
5,788,255.23,0.724,3.624996e-06,2.149995e-06,1.970832e-06,8.408332e-06,3.733325e-06,9.187492e-06,9.224995e-06,6.933331e-06,8.204166e-06,7.662495e-06,8.991663e-06,9.079162e-06,8.404159e-06,6.687498e-06,8.595832e-06,8.29583e-06
5,789,255.39,0.722,3.633332e-06,2.15416e-06,2.049994e-06,8.437499e-06,3.729161e-06,9.199993e-06,9.224995e-06,6.929159e-06,8.233333e-06,7.737493e-06,9.024993e-06,9.087499e-06,8.424998e-06,6.637494e-06,8.583331e-06,8.31666e-06
5,790,255.55,0.72,3.60833e-06,2.141659e-06,2.054159e-06,8.404159e-06,3.745826e-06,9.070825e-06,9.287493e-06,6.966663e-06,8.212495e-06,7.824993e-06,9.02083e-06,9.108328e-06,8.412496e-06,6.695827e-06,8.59166e-06,8.254163e-06
5,791,255.71,0.718,3.649998e-06,2.145831e-06,2.012499e-06,8.45e-06,3.737497e-06,9.212494e-06,9.279163e-06,6.979164e-06,8.249998e-06,7.791662e-06,9.033331e-06,9.116666e-06,8.412496e-06,6.658332e-06,8.579159e-06,8.345826e-06
5,792,255.869,0.716,3.599993e-06,2.108328e-06,2.016664e-06,8.462493e-06,3.741662e-06,9.179163e-06,9.254161e-06,7.012494e-06,8.241662e-06,7.804163e-06,9.049996e-06,9.129159e-06,8.441662e-06,6.704164e-06,8.620827e-06,8.324997e-06
5,793,256.029,0.714,3.637497e-06,2.158332e-06,2.029165e-06,8.45e-06,3.745826e-06,9.208329e-06,9.295829e-06,6.954161e-06,8.233333e-06,7.774996e-06,9.012492e-06,9.108328e-06,8.441662e-06,6.716665e-06,8.612497e-06,8.312496e-06
5,794,256.189,0.712,3.649998e-06,2.099999e-06,2.033329e-06,8.470829e-06,3.754163e-06,9.212494e-06,9.262498e-06,7.02916e-06,8.233333e-06,7.804163e-06,9.058333e-06,9.116666e-06,8.429161e-06,6.720829e-06,8.620827e-06,8.349999e-06
5,795,256.349,0.71,3.599993e-06,2.116664e-06,2.004163e-06,8.474994e-06,3.745826e-06,9.154161e-06,9.245833e-06,6.987492e-06,8.245825e-06,7.829165e-06,9.049996e-06,9.104165e-06,8.470829e-06,6.73333e-06,8.599996e-06,8.324997e-06
5,796,256.509,0.708,3.62916e-06,2.095826e-06,2.016664e-06,8.516661e-06,3.729161e-06,9.208329e-06,9.279163e-06,6.970827e-06,8.274992e-06,7.820829e-06,9.041659e-06,9.133331e-06,8.458328e-06,6.770825e-06,8.595832e-06,8.358327e-06
5,797,256.668,0.706,3.62916e-06,2.108328e-06,1.97916e-06,8.479166e-06,3.770828e-06,9.216667e-06,9.275e-06,7.012494e-06,8.262499e-06,7.820829e-06,9.008329e-06,9.12083e-06,8.462493e-06,6.670833e-06,8.616662e-06,8.354164e-06
5,798,256.828,0.704,3.633332e-06,2.095826e-06,2.004163e-06,8.499996e-06,3.749998e-06,9.224995e-06,9.287493e-06,7.012494e-06,8.187492e-06,7.749994e-06,9.033331e-06,9.133331e-06,8.437499e-06,6.73333e-06,8.595832e-06,8.333325e-06
5,799,256.988,0.702,3.641661e-06,2.04583e-06,1.962495e-06,8.491659e-06,3.770828e-06,9.224995e-06,9.199993e-06,7.02916e-06,8.249998e-06,7.816664e-06,9.045832e-06,9.133331e-06,8.462493e-06,6.762496e-06,8.633328e-06,8.349999e-06
5,800,257.148,0.7,3.599993e-06,2.091662e-06,2.004163e-06,8.508333e-06,3.737497e-06,9.208329e-06,9.22083e-06,6.995829e-06,8.287493e-06,7.83333e-06,9.045832e-06,9.137495e-06,8.424998e-06,6.758332e-06,8.649993e-06,8.337498e-06
,,,,,,,,,,,,,,,,,,,,5,1.09,0.702,0.704,1.084,1.068,1.118,1.164,1.088,1.118,1.086,1.094,1.124,1.114,1.098,1.058,1.14,1.1,0.702,0.702,1.094,1.062,1.128,1.17,1.072,1.142,1.078,1.102,1.144,1.092,1.082,1.084,1.136
6,0,257.42,0.7,3.624996e-06,2.083325e-06,1.995826e-06,8.495832e-06,3.733325e-06,9.224995e-06,9.279163e-06,7.024995e-06,8.274992e-06,7.837494e-06,9.049996e-06,9.108328e-06,8.487495e-06,6.762496e-06,8.637492e-06,8.374993e-06
6,1,257.58,0.702,3.62916e-06,2.137494e-06,2.012499e-06,8.474994e-06,3.762492e-06,9.199993e-06,9.266662e-06,6.999993e-06,8.208331e-06,7.837494e-06,9.029166e-06,9.133331e-06,8.441662e-06,6.745831e-06,8.629163e-06,8.345826e-06
6,2,257.74,0.704,3.641661e-06,2.087498e-06,2.004163e-06,8.470829e-06,3.737497e-06,9.229159e-06,9.24166e-06,6.991665e-06,8.249998e-06,7.754159e-06,9.037494e-06,9.095827e-06,8.45e-06,6.737494e-06,8.624998e-06,8.358327e-06
6,3,257.9,0.706,3.587492e-06,2.129165e-06,2.016664e-06,8.445827e-06,3.708331e-06,9.166662e-06,9.254161e-06,6.979164e-06,8.220832e-06,7.820829e-06,8.970833e-06,9.079162e-06,8.45e-06,6.729166e-06,8.595832e-06,8.329161e-06
6,4,258.06,0.708,3.574999e-06,2.112492e-06,1.966659e-06,8.445827e-06,3.712495e-06,9.208329e-06,9.233332e-06,6.954161e-06,8.212495e-06,7.76666e-06,8.991663e-06,9.095827e-06,8.429161e-06,6.716665e-06,8.566665e-06,8.320832e-06
6,5,258.219,0.71,3.545833e-06,2.029165e-06,2.033329e-06,8.41666e-06,3.737497e-06,9.170826e-06,9.212494e-06,6.937496e-06,8.199993e-06,7.779161e-06,8.970833e-06,9.066661e-06,8.45e-06,6.674997e-06,8.57083e-06,8.308331e-06
6,6,258.379,0.712,3.599993e-06,2.104163e-06,2.004163e-06,8.412496e-06,3.712495e-06,9.145832e-06,9.229159e-06,6.92083e-06,8.22916e-06,7.779161e-06,8.858331e-06,9.083326e-06,8.29583e-06,6.687498e-06,8.562493e-06,8.304159e-06
6,7,258.539,0.714,3.595829e-06,2.099999e-06,2.012499e-06,8.395831e-06,3.704158e-06,9.174999e-06,9.229159e-06,6.912494e-06,8.191665e-06,7.762495e-06,8.991663e-06,9.058333e-06,8.358327e-06,6.637494e-06,8.57083e-06,8.308331e-06
6,8,258.699,0.716,3.587492e-06,2.13333e-06,2.024992e-06,8.358327e-06,3.699994e-06,9.133331e-06,9.208329e-06,6.883327e-06,8.187492e-06,7.774996e-06,8.96666e-06,9.016665e-06,8.379166e-06,6.645831e-06,8.583331e-06,8.22916e-06
6,9,258.859,0.718,3.60833e-06,2.13333e-06,2.049994e-06,8.387494e-06,3.633332e-06,9.129159e-06,9.22083e-06,6.879163e-06,8.191665e-06,7.716663e-06,8.941666e-06,9.049996e-06,8.362492e-06,6.649995e-06,8.512497e-06,8.241662e-06
6,10,259.019,0.72,3.583328e-06,2.116664e-06,2.04583e-06,8.283329e-06,3.704158e-06,9.108328e-06,9.191665e-06,6.866662e-06,8.179164e-06,7.741666e-06,8.941666e-06,9.024993e-06,8.395831e-06,6.624993e-06,8.520826e-06,8.266664e-06
6,11,259.178,0.722,3.566662e-06,2.108328e-06,2.054159e-06,8.370828e-06,3.658326e-06,9.091664e-06,9.208329e-06,6.833331e-06,8.170828e-06,7.724992e-06,8.891662e-06,8.995827e-06,8.283329e-06,6.63333e-06,8.508333e-06,8.241662e-06
6,12,259.338,0.724,3.612495e-06,2.129165e-06,2.062495e-06,8.304159e-06,3.670827e-06,9.079162e-06,9.166662e-06,6.845832e-06,8.145825e-06,7.733329e-06,8.895826e-06,9.004164e-06,8.366665e-06,6.599998e-06,8.466665e-06,8.224996e-06
6,13,259.498,0.726,3.574999e-06,2.13333e-06,2.033329e-06,8.337498e-06,3.704158e-06,9.095827e-06,9.174999e-06,6.804164e-06,8.054161e-06,7.716663e-06,8.887498e-06,9.004164e-06,8.304159e-06,6.587497e-06,8.487495e-06,8.183329e-06
6,14,259.658,0.728,3.558326e-06,2.116664e-06,2.070832e-06,8.291666e-06,3.674992e-06,9.062497e-06,9.083326e-06,6.816666e-06,8.145825e-06,7.687497e-06,8.887498e-06,8.945831e-06,8.299994e-06,6.591662e-06,8.48333e-06,8.245825e-06
6,15,259.818,0.73,3.591665e-06,2.104163e-06,2.054159e-06,8.254163e-06,3.712495e-06,9.083326e-06,9.170826e-06,6.799992e-06,8.099993e-06,7.683333e-06,8.870832e-06,8.979162e-06,8.312496e-06,6.549994e-06,8.474994e-06,8.112494e-06
6,16,259.977,0.732,3.570827e-06,2.104163e-06,2.004163e-06,8.299994e-06,3.683329e-06,9.079162e-06,9.174999e-06,6.770825e-06,8.120831e-06,7.674996e-06,8.874997e-06,8.970833e-06,8.29583e-06,6.54583e-06,8.458328e-06,8.224996e-06
6,17,260.137,0.734,3.595829e-06,2.158332e-06,2.095826e-06,8.274992e-06,3.658326e-06,9.05416e-06,9.145832e-06,6.762496e-06,8.083328e-06,7.662495e-06,8.841665e-06,8.979162e-06,8.304159e-06,6.529164e-06,8.412496e-06,8.191665e-06
6,18,260.297,0.736,3.558326e-06,2.174997e-06,2.06666e-06,8.237497e-06,3.658326e-06,9.05416e-06,9.116666e-06,6.737494e-06,8.079163e-06,7.649994e-06,8.837494e-06,8.983326e-06,8.249998e-06,6.495825e-06,8.412496e-06,8.166663e-06
6,19,260.457,0.738,3.570827e-06,2.15416e-06,2.091662e-06,8.220832e-06,3.62916e-06,8.999999e-06,9.074998e-06,6.741659e-06,8.091664e-06,7.629164e-06,8.837494e-06,8.937494e-06,8.254163e-06,6.504162e-06,8.408332e-06,8.149997e-06
6,20,260.617,0.74,3.479163e-06,2.183326e-06,2.074997e-06,8.166663e-06,3.624996e-06,9.004164e-06,9.129159e-06,6.712492e-06,8.070827e-06,7.654166e-06,8.795826e-06,8.949995e-06,8.249998e-06,6.466659e-06,8.41666e-06,8.091664e-06
6,21,260.776,0.742,3.537496e-06,2.191663e-06,2.062495e-06,8.204166e-06,3.633332e-06,9.004164e-06,9.083326e-06,6.679161e-06,8.095829e-06,7.616663e-06,8.795826e-06,8.93333e-06,8.208331e-06,6.47916e-06,8.383329e-06,8.149997e-06
6,22,260.936,0.744,3.533332e-06,2.187498e-06,2.108328e-06,8.145825e-06,3.641661e-06,9.008329e-06,9.108328e-06,6.699999e-06,8.033331e-06,7.604162e-06,8.791661e-06,8.891662e-06,8.258326e-06,6.454166e-06,8.383329e-06,8.137496e-06
6,23,261.096,0.746,3.512494e-06,2.212493e-06,2.079161e-06,8.158326e-06,3.624996e-06,9.004164e-06,9.104165e-06,6.645831e-06,8.029159e-06,7.57916e-06,8.791661e-06,8.924992e-06,8.212495e-06,6.45833e-06,8.379166e-06,8.120831e-06
6,24,261.256,0.748,3.574999e-06,2.187498e-06,2.095826e-06,8.120831e-06,3.637497e-06,8.987498e-06,9.091664e-06,6.649995e-06,8.045832e-06,7.608326e-06,8.804162e-06,8.870832e-06,8.183329e-06,6.404161e-06,8.362492e-06,8.104165e-06
6,25,261.416,0.75,3.554161e-06,2.208328e-06,2.099999e-06,8.149997e-06,3.649998e-06,8.96666e-06,9.033331e-06,6.599998e-06,8.012494e-06,7.583332e-06,8.745829e-06,8.904163e-06,8.179164e-06,6.424999e-06,8.354164e-06,8.087492e-06
6,26,261.576,0.752,3.574999e-06,2.208328e-06,2.120829e-06,8.183329e-06,3.62916e-06,8.995827e-06,9.091664e-06,6.658332e-06,8.012494e-06,7.562494e-06,8.766659e-06,8.899999e-06,8.183329e-06,6.408326e-06,8.320832e-06,8.104165e-06
6,27,261.735,0.754,3.545833e-06,2.195827e-06,2.037493e-06,8.141661e-06,3.624996e-06,8.945831e-06,9.079162e-06,6.629165e-06,7.966662e-06,7.554166e-06,8.762495e-06,8.874997e-06,8.149997e-06,6.379159e-06,8.320832e-06,8.079163e-06
6,28,261.895,0.756,3.545833e-06,2.224994e-06,2.104163e-06,8.120831e-06,3.616659e-06,8.945831e-06,9.104165e-06,6.608327e-06,7.970826e-06,7.429162e-06,8.741665e-06,8.883325e-06,8.12916e-06,6.374995e-06,8.308331e-06,8.083328e-06
6,29,262.055,0.758,3.545833e-06,2.220829e-06,2.112492e-06,8.104165e-06,3.616659e-06,8.949995e-06,9.058333e-06,6.587497e-06,7.945831e-06,7.541664e-06,8.699997e-06,8.854158e-06,8.162498e-06,6.333327e-06,8.299994e-06,8.049997e-06
6,30,262.215,0.76,3.504165e-06,2.224994e-06,2.087498e-06,8.112494e-06,3.60833e-06,8.93333e-06,9.091664e-06,6.574996e-06,7.987499e-06,7.524999e-06,8.708326e-06,8.874997e-06,8.116658e-06,6.324999e-06,8.304159e-06,7.958332e-06
6,31,262.375,0.762,3.562498e-06,2.187498e-06,2.099999e-06,8.079163e-06,3.579164e-06,8.916664e-06,9.058333e-06,6.570832e-06,7.954161e-06,7.49166e-06,8.708326e-06,8.86666e-06,8.116658e-06,6.295832e-06,8.208331e-06,8.033331e-06
6,32,262.534,0.764,3.533332e-06,2.220829e-06,2.049994e-06,8.070827e-06,3.570827e-06,8.883325e-06,9.041659e-06,6.56666e-06,7.94166e-06,7.499997e-06,8.65833e-06,8.833329e-06,8.10833e-06,6.29166e-06,8.258326e-06,8.02083e-06
6,33,262.694,0.766,3.524995e-06,2.241659e-06,2.112492e-06,8.037496e-06,3.60833e-06,8.879161e-06,9.045832e-06,6.520828e-06,7.94166e-06,7.395832e-06,8.637492e-06,8.820828e-06,8.095829e-06,6.262493e-06,8.233333e-06,8.012494e-06
6,34,262.854,0.768,3.533332e-06,2.191663e-06,2.145831e-06,8.008329e-06,3.60833e-06,8.891662e-06,9.029166e-06,6.499998e-06,7.916665e-06,7.487496e-06,8.687496e-06,8.799998e-06,8.054161e-06,6.254164e-06,8.245825e-06,7.999993e-06
6,35,263.014,0.77,3.504165e-06,2.224994e-06,2.091662e-06,8.037496e-06,3.616659e-06,8.879161e-06,9.049996e-06,6.470831e-06,7.895827e-06,7.495833e-06,8.695833e-06,8.820828e-06,8.066662e-06,6.266665e-06,8.199993e-06,7.999993e-06
6,36,263.174,0.772,3.558326e-06,2.245831e-06,2.129165e-06,7.991664e-06,3.579164e-06,8.870832e-06,9.016665e-06,6.520828e-06,7.887498e-06,7.47083e-06,8.654165e-06,8.791661e-06,8.049997e-06,6.254164e-06,8.199993e-06,7.970826e-06
6,37,263.334,0.774,3.454161e-06,2.237495e-06,2.079161e-06,7.995828e-06,3.570827e-06,8.854158e-06,9.05416e-06,6.470831e-06,7.891663e-06,7.462494e-06,8.608326e-06,8.812499e-06,8.029159e-06,6.162492e-06,8.224996e-06,7.962497e-06
6,38,263.493,0.776,3.508329e-06,2.245831e-06,2.13333e-06,7.991664e-06,3.562498e-06,8.833329e-06,8.995827e-06,6.47916e-06,7.887498e-06,7.374994e-06,8.666659e-06,8.762495e-06,7.958332e-06,6.220826e-06,8.166663e-06,7.912493e-06
6,39,263.653,0.778,3.52083e-06,2.224994e-06,2.13333e-06,7.954161e-06,3.566662e-06,8.820828e-06,9.004164e-06,6.470831e-06,7.83333e-06,7.424998e-06,8.633328e-06,8.733328e-06,8.02083e-06,6.170829e-06,8.145825e-06,7.908328e-06
6,40,263.813,0.78,3.479163e-06,2.25416e-06,2.108328e-06,7.954161e-06,3.537496e-06,8.799998e-06,8.970833e-06,6.437492e-06,7.845831e-06,7.391659e-06,8.587495e-06,8.741665e-06,7.949996e-06,6.158328e-06,8.12916e-06,7.879162e-06
6,41,263.973,0.782,3.495828e-06,2.229158e-06,2.145831e-06,7.895827e-06,3.554161e-06,8.795826e-06,8.995827e-06,6.45833e-06,7.837494e-06,7.408333e-06,8.604161e-06,8.745829e-06,7.999993e-06,6.170829e-06,8.120831e-06,7.904164e-06
6,42,264.133,0.784,3.479163e-06,2.237495e-06,2.137494e-06,7.899992e-06,3.574999e-06,8.783332e-06,9.012492e-06,6.404161e-06,7.83333e-06,7.374994e-06,8.595832e-06,8.745829e-06,7.970826e-06,6.154164e-06,8.120831e-06,7.908328e-06
6,43,264.292,0.786,3.533332e-06,2.241659e-06,2.166661e-06,7.93333e-06,3.554161e-06,8.799998e-06,8.987498e-06,6.416662e-06,7.791662e-06,7.362493e-06,8.599996e-06,8.749994e-06,7.895827e-06,6.029161e-06,8.104165e-06,7.887498e-06
6,44,264.452,0.788,3.479163e-06,2.229158e-06,2.187498e-06,7.887498e-06,3.583328e-06,8.770831e-06,9.012492e-06,6.379159e-06,7.770833e-06,7.37083e-06,8.566665e-06,8.77916e-06,7.966662e-06,6.091658e-06,8.079163e-06,7.879162e-06
6,45,264.612,0.79,3.504165e-06,2.262497e-06,2.166661e-06,7.883326e-06,3.562498e-06,8.783332e-06,8.987498e-06,6.366666e-06,7.804163e-06,7.308332e-06,8.59166e-06,8.75833e-06,7.904164e-06,6.104159e-06,8.074999e-06,7.879162e-06
6,46,264.772,0.792,3.454161e-06,2.258333e-06,2.158332e-06,7.858332e-06,3.52083e-06,8.745829e-06,8.904163e-06,6.370831e-06,7.791662e-06,7.345827e-06,8.558329e-06,8.708326e-06,7.958332e-06,6.045826e-06,8.062498e-06,7.837494e-06
6,47,264.932,0.794,3.449996e-06,2.274998e-06,2.145831e-06,7.879162e-06,3.558326e-06,8.754166e-06,9.008329e-06,6.358329e-06,7.770833e-06,7.333326e-06,8.558329e-06,8.754166e-06,7.904164e-06,6.083329e-06,8.037496e-06,7.85416e-06
6,48,265.091,0.796,3.516658e-06,2.262497e-06,2.104163e-06,7.870825e-06,3.533332e-06,8.766659e-06,8.96666e-06,6.349993e-06,7.749994e-06,7.274993e-06,8.5375e-06,8.641664e-06,7.887498e-06,6.062492e-06,8.024995e-06,7.83333e-06
6,49,265.251,0.798,3.479163e-06,2.274998e-06,2.145831e-06,7.812492e-06,3.549997e-06,8.737493e-06,8.949995e-06,6.320826e-06,7.729165e-06,7.28333e-06,8.508333e-06,8.724999e-06,7.887498e-06,6.033325e-06,8.037496e-06,7.783326e-06
6,50,265.411,0.8,3.499993e-06,2.262497e-06,2.149995e-06,7.808328e-06,3.516658e-06,8.729164e-06,8.912491e-06,6.262493e-06,7.74583e-06,7.270829e-06,8.545828e-06,8.704162e-06,7.874997e-06,5.999994e-06,8.008329e-06,7.804163e-06
6,51,265.571,0.802,3.458325e-06,2.266661e-06,2.179162e-06,7.808328e-06,3.554161e-06,8.708326e-06,8.929165e-06,6.316662e-06,7.629164e-06,7.299996e-06,8.5375e-06,8.67916e-06,7.883326e-06,5.991666e-06,8.012494e-06,7.804163e-06
6,52,265.731,0.804,3.495828e-06,2.283327e-06,2.166661e-06,7.787497e-06,3.516658e-06,8.67916e-06,8.979162e-06,6.312498e-06,7.67916e-06,7.241662e-06,8.495832e-06,8.683332e-06,7.845831e-06,5.945826e-06,7.962497e-06,7.762495e-06
6,53,265.891,0.806,3.512494e-06,2.258333e-06,2.15416e-06,7.779161e-06,3.516658e-06,8.691661e-06,8.937494e-06,6.279159e-06,7.695826e-06,7.262492e-06,8.499996e-06,8.691661e-06,7.845831e-06,5.874999e-06,7.929166e-06,7.758331e-06
6,54,266.05,0.808,3.491664e-06,2.299992e-06,2.204164e-06,7.762495e-06,3.533332e-06,8.637492e-06,8.941666e-06,6.258329e-06,7.662495e-06,7.229161e-06,8.45e-06,8.674995e-06,7.820829e-06,5.924996e-06,7.962497e-06,7.737493e-06
6,55,266.21,0.81,3.483327e-06,2.295828e-06,2.195827e-06,7.754159e-06,3.516658e-06,8.683332e-06,8.929165e-06,6.241663e-06,7.687497e-06,7.149999e-06,8.495832e-06,8.687496e-06,7.83333e-06,5.937497e-06,7.912493e-06,7.754159e-06
6,56,266.37,0.812,3.474998e-06,2.304165e-06,2.224994e-06,7.74583e-06,3.516658e-06,8.641664e-06,8.908328e-06,6.258329e-06,7.633328e-06,7.220833e-06,8.466665e-06,8.654165e-06,7.791662e-06,5.916659e-06,7.937495e-06,7.695826e-06
6,57,266.53,0.814,3.495828e-06,2.304165e-06,2.141659e-06,7.737493e-06,3.504165e-06,8.645829e-06,8.929165e-06,6.241663e-06,7.649994e-06,7.179165e-06,8.466665e-06,8.65833e-06,7.758331e-06,5.912495e-06,7.908328e-06,7.695826e-06
6,58,266.69,0.816,3.437495e-06,2.299992e-06,2.179162e-06,7.641665e-06,3.533332e-06,8.637492e-06,8.904163e-06,6.233327e-06,7.612498e-06,7.187494e-06,8.454163e-06,8.637492e-06,7.783326e-06,5.874999e-06,7.883326e-06,7.674996e-06
6,59,266.849,0.818,3.445832e-06,2.308329e-06,2.187498e-06,7.695826e-06,3.516658e-06,8.624998e-06,8.920829e-06,6.216661e-06,7.624992e-06,7.179165e-06,8.412496e-06,8.624998e-06,7.708327e-06,5.766662e-06,7.879162e-06,7.683333e-06
6,60,267.009,0.82,3.499993e-06,2.295828e-06,2.191663e-06,7.691661e-06,3.499993e-06,8.608326e-06,8.883325e-06,6.191659e-06,7.612498e-06,7.141662e-06,8.420833e-06,8.629163e-06,7.729165e-06,5.837496e-06,7.862496e-06,7.695826e-06
6,61,267.169,0.822,3.466662e-06,2.312493e-06,2.216665e-06,7.645829e-06,3.516658e-06,8.604161e-06,8.891662e-06,6.166665e-06,7.587496e-06,7.1625e-06,8.41666e-06,8.654165e-06,7.716663e-06,5.812494e-06,7.858332e-06,7.662495e-06
6,62,267.329,0.824,3.474998e-06,2.312493e-06,2.204164e-06,7.633328e-06,3.479163e-06,8.595832e-06,8.879161e-06,6.18333e-06,7.587496e-06,7.11666e-06,8.408332e-06,8.633328e-06,7.67916e-06,5.80833e-06,7.837494e-06,7.662495e-06
6,63,267.489,0.826,3.508329e-06,2.316666e-06,2.183326e-06,7.587496e-06,3.52083e-06,8.59166e-06,8.883325e-06,6.170829e-06,7.545829e-06,7.108331e-06,8.391658e-06,8.57083e-06,7.683333e-06,5.779163e-06,7.787497e-06,7.624992e-06
6,64,267.648,0.828,3.42083e-06,2.308329e-06,2.166661e-06,7.637493e-06,3.462497e-06,8.566665e-06,8.837494e-06,6.124997e-06,7.541664e-06,7.087493e-06,8.341662e-06,8.604161e-06,7.666659e-06,5.787492e-06,7.783326e-06,7.599997e-06
6,65,267.808,0.83,3.470826e-06,2.324995e-06,2.220829e-06,7.604162e-06,3.466662e-06,8.562493e-06,8.870832e-06,6.133326e-06,7.533328e-06,7.049998e-06,8.362492e-06,8.533327e-06,7.658331e-06,5.72083e-06,7.774996e-06,7.599997e-06
6,66,267.968,0.832,3.429159e-06,2.337496e-06,2.212493e-06,7.57916e-06,3.516658e-06,8.541663e-06,8.904163e-06,6.116661e-06,7.529163e-06,7.083328e-06,8.362492e-06,8.595832e-06,7.666659e-06,5.729159e-06,7.783326e-06,7.599997e-06
6,67,268.128,0.834,3.462497e-06,2.349997e-06,2.237495e-06,7.629164e-06,3.474998e-06,8.566665e-06,8.862496e-06,6.108331e-06,7.458329e-06,7.062499e-06,8.399995e-06,8.587495e-06,7.629164e-06,5.708329e-06,7.762495e-06,7.570831e-06
6,68,268.288,0.836,3.479163e-06,2.329159e-06,2.270826e-06,7.554166e-06,3.537496e-06,8.562493e-06,8.883325e-06,6.129162e-06,7.504161e-06,7.045825e-06,8.329161e-06,8.57083e-06,7.645829e-06,5.699992e-06,7.716663e-06,7.541664e-06
6,69,268.448,0.838,3.462497e-06,2.358325e-06,2.229158e-06,7.570831e-06,3.479163e-06,8.541663e-06,8.812499e-06,6.062492e-06,7.499997e-06,7.004166e-06,8.345826e-06,8.520826e-06,7.566658e-06,5.683327e-06,7.708327e-06,7.562494e-06
6,70,268.607,0.84,3.474998e-06,2.32083e-06,2.266661e-06,7.55833e-06,3.516658e-06,8.545828e-06,8.858331e-06,6.087494e-06,7.495833e-06,7.02916e-06,8.383329e-06,8.5375e-06,7.612498e-06,5.65416e-06,7.720828e-06,7.537492e-06
6,71,268.767,0.842,3.474998e-06,2.374999e-06,2.249996e-06,7.524999e-06,3.516658e-06,8.50416e-06,8.879161e-06,6.074993e-06,7.416661e-06,6.999993e-06,8.308331e-06,8.57083e-06,7.57916e-06,5.637495e-06,7.666659e-06,7.520827e-06
6,72,268.927,0.844,3.454161e-06,2.362498e-06,2.25416e-06,7.55833e-06,3.429159e-06,8.508333e-06,8.84583e-06,6.045826e-06,7.462494e-06,6.983328e-06,8.333325e-06,8.549992e-06,7.549993e-06,5.612493e-06,7.654166e-06,7.49166e-06
6,73,269.087,0.846,3.445832e-06,2.370826e-06,2.287499e-06,7.504161e-06,3.516658e-06,8.487495e-06,8.820828e-06,6.066664e-06,7.433327e-06,6.970827e-06,8.329161e-06,8.491659e-06,7.524999e-06,5.574997e-06,7.666659e-06,7.412497e-06
6,74,269.247,0.848,3.479163e-06,2.387492e-06,2.212493e-06,7.512498e-06,3.408329e-06,8.470829e-06,8.84583e-06,6.024996e-06,7.40416e-06,6.937496e-06,8.299994e-06,8.529162e-06,7.524999e-06,5.579162e-06,7.604162e-06,7.47083e-06
6,75,269.406,0.85,3.466662e-06,2.354161e-06,2.291664e-06,7.504161e-06,3.44166e-06,8.48333e-06,8.829164e-06,6.01666e-06,7.383331e-06,6.937496e-06,8.299994e-06,8.495832e-06,7.516662e-06,5.537494e-06,7.620828e-06,7.462494e-06
6,76,269.566,0.852,3.458325e-06,2.399993e-06,2.25416e-06,7.49166e-06,3.487492e-06,8.433326e-06,8.799998e-06,5.999994e-06,7.399996e-06,6.924995e-06,8.258326e-06,8.495832e-06,7.474995e-06,5.549995e-06,7.591661e-06,7.441664e-06
6,77,269.726,0.854,3.44166e-06,2.379163e-06,2.229158e-06,7.408333e-06,3.495828e-06,8.462493e-06,8.808327e-06,6.008331e-06,7.374994e-06,6.879163e-06,8.304159e-06,8.512497e-06,7.462494e-06,5.499999e-06,7.587496e-06,7.449993e-06
6,78,269.886,0.856,3.42083e-06,2.387492e-06,2.237495e-06,7.424998e-06,3.483327e-06,8.362492e-06,8.799998e-06,5.958327e-06,7.324998e-06,6.8875e-06,8.237497e-06,8.474994e-06,7.445828e-06,5.499999e-06,7.566658e-06,7.387495e-06
6,79,270.046,0.858,3.474998e-06,2.370826e-06,2.241659e-06,7.408333e-06,3.454161e-06,8.420833e-06,8.787497e-06,5.954162e-06,7.291659e-06,6.854161e-06,8.249998e-06,8.466665e-06,7.379158e-06,5.495826e-06,7.508326e-06,7.329162e-06
6,80,270.206,0.86,3.445832e-06,2.379163e-06,2.299992e-06,7.395832e-06,3.504165e-06,8.429161e-06,8.774996e-06,5.962499e-06,7.333326e-06,6.862497e-06,8.220832e-06,8.491659e-06,7.412497e-06,5.429165e-06,7.47083e-06,7.395832e-06
6,81,270.365,0.862,3.454161e-06,2.437496e-06,2.295828e-06,7.416661e-06,3.479163e-06,8.383329e-06,8.795826e-06,5.937497e-06,7.291659e-06,6.82083e-06,8.224996e-06,8.445827e-06,7.316661e-06,5.441666e-06,7.487496e-06,7.329162e-06
6,82,270.525,0.864,3.491664e-06,2.345832e-06,2.270826e-06,7.395832e-06,3.454161e-06,8.399995e-06,8.745829e-06,5.916659e-06,7.274993e-06,6.816666e-06,8.262499e-06,8.454163e-06,7.408333e-06,5.366659e-06,7.508326e-06,7.37083e-06
6,83,270.685,0.866,3.462497e-06,2.404165e-06,2.308329e-06,7.374994e-06,3.470826e-06,8.391658e-06,8.774996e-06,5.916659e-06,7.312497e-06,6.837495e-06,8.22916e-06,8.474994e-06,7.395832e-06,5.383333e-06,7.499997e-06,7.299996e-06
6,84,270.845,0.868,3.479163e-06,2.424995e-06,2.295828e-06,7.362493e-06,3.429159e-06,8.374993e-06,8.783332e-06,5.92916e-06,7.270829e-06,6.783327e-06,8.204166e-06,8.445827e-06,7.383331e-06,5.35833e-06,7.449993e-06,7.320825e-06
6,85,271.005,0.87,3.454161e-06,2.40833e-06,2.274998e-06,7.366665e-06,3.491664e-06,8.370828e-06,8.783332e-06,5.912495e-06,7.266664e-06,6.783327e-06,8.183329e-06,8.399995e-06,7.354164e-06,5.316663e-06,7.441664e-06,7.295831e-06
6,86,271.164,0.872,3.483327e-06,2.437496e-06,2.337496e-06,7.345827e-06,3.483327e-06,8.349999e-06,8.799998e-06,5.870827e-06,7.241662e-06,6.766661e-06,8.179164e-06,8.437499e-06,7.312497e-06,5.283332e-06,7.395832e-06,7.279165e-06
6,87,271.324,0.874,3.504165e-06,2.424995e-06,2.32083e-06,7.333326e-06,3.495828e-06,8.358327e-06,8.754166e-06,5.899994e-06,7.220833e-06,6.774998e-06,8.191665e-06,8.441662e-06,7.333326e-06,5.324991e-06,7.437499e-06,7.287495e-06
6,88,271.484,0.876,3.487492e-06,2.458326e-06,2.34166e-06,7.316661e-06,3.504165e-06,8.312496e-06,8.754166e-06,5.862498e-06,7.183329e-06,6.712492e-06,8.133332e-06,8.404159e-06,7.299996e-06,5.266658e-06,7.366665e-06,7.241662e-06
6,89,271.644,0.878,3.470826e-06,2.437496e-06,2.312493e-06,7.291659e-06,3.474998e-06,8.324997e-06,8.762495e-06,5.862498e-06,7.154163e-06,6.704164e-06,8.141661e-06,8.408332e-06,7.279165e-06,5.270831e-06,7.358328e-06,7.237498e-06
6,90,271.804,0.88,3.437495e-06,2.454162e-06,2.304165e-06,7.266664e-06,3.479163e-06,8.287493e-06,8.716663e-06,5.84166e-06,7.174993e-06,6.687498e-06,8.120831e-06,8.391658e-06,7.266664e-06,5.212498e-06,7.337499e-06,7.241662e-06
6,91,271.963,0.882,3.449996e-06,2.454162e-06,2.324995e-06,7.191666e-06,3.483327e-06,8.312496e-06,8.75833e-06,5.812494e-06,7.166664e-06,6.674997e-06,8.120831e-06,8.399995e-06,7.245827e-06,5.245829e-06,7.329162e-06,7.224997e-06
6,92,272.123,0.884,3.466662e-06,2.445825e-06,2.333331e-06,7.212496e-06,3.462497e-06,8.308331e-06,8.720827e-06,5.791664e-06,7.141662e-06,6.654159e-06,8.10833e-06,8.383329e-06,7.241662e-06,5.199997e-06,7.291659e-06,7.187494e-06
6,93,272.283,0.886,3.462497e-06,2.470827e-06,2.32083e-06,7.270829e-06,3.462497e-06,8.274992e-06,8.745829e-06,5.820831e-06,7.158327e-06,6.658332e-06,8.112494e-06,8.358327e-06,7.224997e-06,5.19166e-06,7.30416e-06,7.208331e-06
6,94,272.443,0.888,3.466662e-06,2.470827e-06,2.358325e-06,7.254163e-06,3.483327e-06,8.22916e-06,8.729164e-06,5.80833e-06,7.11666e-06,6.591662e-06,8.10833e-06,8.362492e-06,7.204159e-06,5.149992e-06,7.287495e-06,7.187494e-06
6,95,272.603,0.89,3.491664e-06,2.483328e-06,2.358325e-06,7.174993e-06,3.474998e-06,8.22916e-06,8.720827e-06,5.799993e-06,7.11666e-06,6.629165e-06,8.070827e-06,8.374993e-06,7.19583e-06,5.133327e-06,7.279165e-06,7.145826e-06
6,96,272.763,0.892,3.483327e-06,2.445825e-06,2.333331e-06,7.224997e-06,3.458325e-06,8.266664e-06,8.720827e-06,5.749996e-06,7.079164e-06,6.583325e-06,8.066662e-06,8.324997e-06,7.1625e-06,5.112497e-06,7.141662e-06,7.166664e-06
6,97,272.922,0.894,3.474998e-06,2.466663e-06,2.362498e-06,7.187494e-06,3.479163e-06,8.233333e-06,8.691661e-06,5.799993e-06,7.079164e-06,6.591662e-06,8.058326e-06,8.358327e-06,7.079164e-06,5.016661e-06,7.237498e-06,7.137497e-06
6,98,273.082,0.896,3.479163e-06,2.458326e-06,2.366662e-06,7.199995e-06,3.483327e-06,8.249998e-06,8.724999e-06,5.74166e-06,7.033332e-06,6.562495e-06,8.062498e-06,8.362492e-06,7.141662e-06,5.087495e-06,7.174993e-06,7.108331e-06
6,99,273.242,0.898,3.474998e-06,2.474992e-06,2.391664e-06,7.187494e-06,3.479163e-06,8.233333e-06,8.691661e-06,5.737495e-06,7.062499e-06,6.570832e-06,8.083328e-06,8.31666e-06,7.133333e-06,5.066665e-06,7.166664e-06,7.112495e-06
6,100,273.402,0.9,3.429159e-06,2.520831e-06,2.383327e-06,7.166664e-06,3.483327e-06,8.187492e-06,8.720827e-06,5.779163e-06,7.058326e-06,6.558331e-06,8.016666e-06,8.333325e-06,7.108331e-06,5.037498e-06,7.187494e-06,7.070827e-06
6,101,273.562,0.902,3.499993e-06,2.504166e-06,2.354161e-06,7.145826e-06,3.470826e-06,8.19583e-06,8.704162e-06,5.737495e-06,7.045825e-06,6.516663e-06,8.04166e-06,8.324997e-06,7.091665e-06,4.945827e-06,7.141662e-06,7.083328e-06
6,102,273.721,0.904,3.479163e-06,2.491665e-06,2.404165e-06,7.108331e-06,3.474998e-06,8.187492e-06,8.654165e-06,5.729159e-06,6.983328e-06,6.495825e-06,8.02083e-06,8.299994e-06,7.00833e-06,4.966664e-06,7.145826e-06,7.041661e-06
6,103,273.881,0.906,3.470826e-06,2.52916e-06,2.383327e-06,7.11666e-06,3.479163e-06,8.162498e-06,8.65833e-06,5.695828e-06,6.991665e-06,6.483333e-06,8.016666e-06,8.279165e-06,6.970827e-06,4.966664e-06,7.099994e-06,7.02916e-06
6,104,274.041,0.908,3.458325e-06,2.487493e-06,2.395828e-06,7.062499e-06,3.466662e-06,8.158326e-06,8.645829e-06,5.691663e-06,6.949997e-06,6.474996e-06,7.979163e-06,8.216659e-06,7.020831e-06,4.845826e-06,7.079164e-06,7.012494e-06
6,105,274.201,0.91,3.449996e-06,2.520831e-06,2.391664e-06,7.091665e-06,3.470826e-06,8.149997e-06,8.662494e-06,5.687499e-06,6.958326e-06,6.483333e-06,7.966662e-06,8.258326e-06,6.987492e-06,4.91666e-06,7.074992e-06,6.962498e-06
6,106,274.361,0.912,3.487492e-06,2.516659e-06,2.399993e-06,7.066663e-06,3.449996e-06,8.145825e-06,8.637492e-06,5.649996e-06,6.933331e-06,6.420827e-06,7.954161e-06,8.254163e-06,6.949997e-06,4.879165e-06,7.02916e-06,6.974999e-06
6,107,274.52,0.914,3.454161e-06,2.499994e-06,2.437496e-06,7.062499e-06,3.470826e-06,8.124995e-06,8.629163e-06,5.65416e-06,6.912494e-06,6.437492e-06,7.958332e-06,8.258326e-06,6.974999e-06,4.82916e-06,7.054162e-06,6.979164e-06
6,108,274.68,0.916,3.508329e-06,2.566663e-06,2.416658e-06,7.037497e-06,3.437495e-06,8.083328e-06,8.624998e-06,5.624994e-06,6.895828e-06,6.387496e-06,7.916665e-06,8.208331e-06,6.949997e-06,4.841661e-06,6.995829e-06,6.958326e-06
6,109,274.84,0.918,3.454161e-06,2.549998e-06,2.433332e-06,7.00833e-06,3.479163e-06,8.10833e-06,8.579159e-06,5.649996e-06,6.879163e-06,6.395833e-06,7.924994e-06,8.233333e-06,6.958326e-06,4.804158e-06,7.004166e-06,6.94166e-06
6,110,275.0,0.92,3.466662e-06,2.549998e-06,2.416658e-06,6.949997e-06,3.445832e-06,8.049997e-06,8.624998e-06,5.608328e-06,6.883327e-06,6.366666e-06,7.908328e-06,8.220832e-06,6.916666e-06,4.799994e-06,6.974999e-06,6.929159e-06
6,111,275.16,0.922,3.479163e-06,2.562499e-06,2.399993e-06,6.991665e-06,3.449996e-06,8.070827e-06,8.612497e-06,5.608328e-06,6.804164e-06,6.320826e-06,7.891663e-06,8.179164e-06,6.912494e-06,4.745825e-06,6.929159e-06,6.916666e-06
6,112,275.32,0.924,3.445832e-06,2.558327e-06,2.424995e-06,6.974999e-06,3.466662e-06,8.02083e-06,8.608326e-06,5.570825e-06,6.833331e-06,6.333327e-06,7.879162e-06,8.174999e-06,6.879163e-06,4.749998e-06,6.924995e-06,6.870826e-06
6,113,275.479,0.926,3.470826e-06,2.516659e-06,2.429159e-06,6.904165e-06,3.44166e-06,7.995828e-06,8.583331e-06,5.558332e-06,6.812493e-06,6.266665e-06,7.841659e-06,8.158326e-06,6.824994e-06,4.704165e-06,6.874998e-06,6.849996e-06
6,114,275.639,0.928,3.458325e-06,2.52916e-06,2.424995e-06,6.891664e-06,3.454161e-06,7.991664e-06,8.554164e-06,5.549995e-06,6.791663e-06,6.187495e-06,7.816664e-06,8.166663e-06,6.845832e-06,4.679163e-06,6.870826e-06,6.833331e-06
6,115,275.799,0.93,3.445832e-06,2.558327e-06,2.433332e-06,6.891664e-06,3.445832e-06,7.979163e-06,8.549992e-06,5.520828e-06,6.745831e-06,6.245828e-06,7.783326e-06,8.141661e-06,6.779162e-06,4.674999e-06,6.82083e-06,6.816666e-06
6,116,275.959,0.932,3.395828e-06,2.558327e-06,2.429159e-06,6.862497e-06,3.429159e-06,7.966662e-06,8.520826e-06,5.512492e-06,6.766661e-06,6.241663e-06,7.791662e-06,8.095829e-06,6.791663e-06,4.633331e-06,6.837495e-06,6.779162e-06
6,117,276.119,0.934,3.44166e-06,2.599994e-06,2.399993e-06,6.845832e-06,3.466662e-06,7.937495e-06,8.558329e-06,5.516664e-06,6.73333e-06,6.212497e-06,7.779161e-06,8.116658e-06,6.766661e-06,4.604165e-06,6.75416e-06,6.783327e-06
6,118,276.278,0.936,3.449996e-06,2.566663e-06,2.449997e-06,6.833331e-06,3.449996e-06,7.966662e-06,8.524998e-06,5.524993e-06,6.695827e-06,6.179166e-06,7.783326e-06,8.099993e-06,6.73333e-06,4.612494e-06,6.783327e-06,6.808329e-06
6,119,276.438,0.938,3.474998e-06,2.549998e-06,2.483328e-06,6.816666e-06,3.433331e-06,7.94166e-06,8.545828e-06,5.504163e-06,6.691662e-06,6.18333e-06,7.720828e-06,8.095829e-06,6.73333e-06,4.554161e-06,6.779162e-06,6.745831e-06
6,120,276.598,0.94,3.424994e-06,2.591666e-06,2.454162e-06,6.816666e-06,3.449996e-06,7.920829e-06,8.516661e-06,5.483325e-06,6.683326e-06,6.162492e-06,7.74583e-06,8.095829e-06,6.708328e-06,4.562497e-06,6.741659e-06,6.762496e-06
6,121,276.758,0.942,3.44166e-06,2.599994e-06,2.437496e-06,6.783327e-06,3.42083e-06,7.908328e-06,8.470829e-06,5.495826e-06,6.66666e-06,6.112496e-06,7.670832e-06,8.037496e-06,6.695827e-06,4.508328e-06,6.73333e-06,6.704164e-06
6,122,276.918,0.944,3.474998e-06,2.624997e-06,2.454162e-06,6.75416e-06,3.445832e-06,7.887498e-06,8.491659e-06,5.424992e-06,6.654159e-06,6.145827e-06,7.695826e-06,8.058326e-06,6.670833e-06,4.483326e-06,6.687498e-06,6.712492e-06
6,123,277.078,0.946,3.504165e-06,2.61666e-06,2.495829e-06,6.774998e-06,3.445832e-06,7.891663e-06,8.479166e-06,5.441666e-06,6.637494e-06,6.120833e-06,7.645829e-06,8.029159e-06,6.662496e-06,4.466661e-06,6.691662e-06,6.724993e-06
6,124,277.237,0.948,3.479163e-06,2.620832e-06,2.487493e-06,6.758332e-06,3.466662e-06,7.858332e-06,8.491659e-06,5.454159e-06,6.56666e-06,6.09583e-06,7.616663e-06,7.93333e-06,6.629165e-06,4.420829e-06,6.654159e-06,6.654159e-06
6,125,277.397,0.95,3.462497e-06,2.59583e-06,2.479164e-06,6.724993e-06,3.458325e-06,7.837494e-06,8.424998e-06,5.391661e-06,6.579161e-06,6.045826e-06,7.612498e-06,7.966662e-06,6.599998e-06,4.408328e-06,6.616664e-06,6.629165e-06
6,126,277.557,0.952,3.462497e-06,2.612495e-06,2.487493e-06,6.670833e-06,3.462497e-06,7.804163e-06,8.399995e-06,5.370831e-06,6.558331e-06,6.066664e-06,7.595825e-06,7.979163e-06,6.583325e-06,4.36666e-06,6.629165e-06,6.612492e-06
6,127,277.717,0.954,3.454161e-06,2.662492e-06,2.499994e-06,6.645831e-06,3.429159e-06,7.749994e-06,8.45e-06,5.37916e-06,6.562495e-06,6.01666e-06,7.566658e-06,7.970826e-06,6.570832e-06,4.324992e-06,6.587497e-06,6.612492e-06
6,128,277.877,0.956,3.470826e-06,2.59583e-06,2.504166e-06,6.645831e-06,3.44166e-06,7.812492e-06,8.41666e-06,5.374996e-06,6.520828e-06,6.024996e-06,7.583332e-06,7.94166e-06,6.54583e-06,4.308327e-06,6.570832e-06,6.604163e-06
6,129,278.036,0.958,3.44166e-06,2.654163e-06,2.487493e-06,6.63333e-06,3.437495e-06,7.754159e-06,8.408332e-06,5.354166e-06,6.495825e-06,5.987493e-06,7.512498e-06,7.937495e-06,6.529164e-06,4.27916e-06,6.541665e-06,6.583325e-06
6,130,278.196,0.96,3.449996e-06,2.645826e-06,2.504166e-06,6.645831e-06,3.458325e-06,7.741666e-06,8.341662e-06,5.333328e-06,6.508326e-06,5.974992e-06,7.524999e-06,7.929166e-06,6.508326e-06,4.262495e-06,6.474996e-06,6.583325e-06
6,131,278.356,0.962,3.458325e-06,2.637498e-06,2.524996e-06,6.533329e-06,3.449996e-06,7.691661e-06,8.399995e-06,5.27916e-06,6.441664e-06,5.974992e-06,7.495833e-06,7.908328e-06,6.483333e-06,4.233329e-06,6.508326e-06,6.549994e-06
6,132,278.516,0.964,3.424994e-06,2.666664e-06,2.504166e-06,6.574996e-06,3.437495e-06,7.724992e-06,8.374993e-06,5.329164e-06,6.45833e-06,5.937497e-06,7.49166e-06,7.895827e-06,6.462495e-06,4.212499e-06,6.487497e-06,6.520828e-06
6,133,278.676,0.966,3.491664e-06,2.645826e-06,2.570828e-06,6.541665e-06,3.44166e-06,7.591661e-06,8.329161e-06,5.291661e-06,6.395833e-06,5.904166e-06,7.458329e-06,7.849995e-06,6.441664e-06,4.137492e-06,6.45833e-06,6.495825e-06
6,134,278.835,0.968,3.454161e-06,2.691658e-06,2.537497e-06,6.558331e-06,3.433331e-06,7.649994e-06,8.329161e-06,5.295825e-06,6.399997e-06,5.924996e-06,7.424998e-06,7.820829e-06,6.412498e-06,4.174995e-06,6.437492e-06,6.449994e-06
6,135,278.995,0.97,3.458325e-06,2.662492e-06,2.541661e-06,6.520828e-06,3.44166e-06,7.674996e-06,8.333325e-06,5.262494e-06,6.39166e-06,5.833332e-06,7.408333e-06,7.841659e-06,6.395833e-06,4.133328e-06,6.420827e-06,6.483333e-06
6,136,279.155,0.972,3.458325e-06,2.699995e-06,2.554162e-06,6.495825e-06,3.462497e-06,7.641665e-06,8.31666e-06,5.270831e-06,6.370831e-06,5.816658e-06,7.40416e-06,7.820829e-06,6.387496e-06,4.116662e-06,6.395833e-06,6.454166e-06
6,137,279.315,0.974,3.44166e-06,2.695831e-06,2.558327e-06,6.474996e-06,3.44166e-06,7.612498e-06,8.291666e-06,5.17083e-06,6.345828e-06,5.791664e-06,7.37083e-06,7.799999e-06,6.329163e-06,4.112498e-06,6.349993e-06,6.441664e-06
6,138,279.475,0.976,3.470826e-06,2.699995e-06,2.549998e-06,6.420827e-06,3.424994e-06,7.591661e-06,8.249998e-06,5.274995e-06,6.304161e-06,5.845833e-06,7.337499e-06,7.76666e-06,6.354165e-06,4.054165e-06,6.329163e-06,6.374995e-06
6,139,279.635,0.978,3.408329e-06,2.695831e-06,2.541661e-06,6.349993e-06,3.437495e-06,7.574995e-06,8.274992e-06,5.216662e-06,6.283331e-06,5.80833e-06,7.324998e-06,7.741666e-06,6.295832e-06,4.054165e-06,6.333327e-06,6.366666e-06
6,140,279.794,0.98,3.379162e-06,2.699995e-06,2.566663e-06,6.408326e-06,3.42083e-06,7.549993e-06,8.245825e-06,5.204161e-06,6.279159e-06,5.779163e-06,7.308332e-06,7.670832e-06,6.237499e-06,4.024998e-06,6.333327e-06,6.399997e-06
6,141,279.954,0.982,3.466662e-06,2.712496e-06,2.591666e-06,6.374995e-06,3.445832e-06,7.549993e-06,8.262499e-06,5.220827e-06,6.262493e-06,5.820831e-06,7.287495e-06,7.758331e-06,6.258329e-06,3.983331e-06,6.312498e-06,6.349993e-06
6,142,280.114,0.984,3.466662e-06,2.754164e-06,2.59583e-06,6.395833e-06,3.424994e-06,7.545829e-06,8.220832e-06,5.141664e-06,6.245828e-06,5.758325e-06,7.266664e-06,7.683333e-06,6.27083e-06,3.974994e-06,6.304161e-06,6.324999e-06
6,143,280.274,0.986,3.474998e-06,2.724997e-06,2.620832e-06,6.379159e-06,3.458325e-06,7.454165e-06,8.224996e-06,5.199997e-06,6.229162e-06,5.770826e-06,7.199995e-06,7.687497e-06,6.283331e-06,3.920825e-06,6.295832e-06,6.333327e-06
6,144,280.434,0.988,3.429159e-06,2.758328e-06,2.591666e-06,6.283331e-06,3.412493e-06,7.466666e-06,8.233333e-06,5.183331e-06,6.233327e-06,5.716666e-06,7.229161e-06,7.608326e-06,6.20416e-06,3.899996e-06,6.245828e-06,6.316662e-06
6,145,280.593,0.99,3.449996e-06,2.658328e-06,2.599994e-06,6.316662e-06,3.454161e-06,7.47083e-06,8.158326e-06,5.145828e-06,6.179166e-06,5.724994e-06,7.191666e-06,7.624992e-06,6.166665e-06,3.812496e-06,6.208332e-06,6.304161e-06
6,146,280.753,0.992,3.416665e-06,2.745827e-06,2.579164e-06,6.29166e-06,3.42083e-06,7.408333e-06,8.174999e-06,5.120826e-06,6.133326e-06,5.699992e-06,7.170828e-06,7.633328e-06,6.166665e-06,3.845827e-06,6.179166e-06,6.249992e-06
6,147,280.913,0.994,3.412493e-06,2.729162e-06,2.579164e-06,6.27083e-06,3.412493e-06,7.424998e-06,8.120831e-06,5.137499e-06,6.137498e-06,5.674998e-06,7.179165e-06,7.599997e-06,6.154164e-06,3.829161e-06,6.199996e-06,6.279159e-06
6,148,281.073,0.996,3.424994e-06,2.754164e-06,2.604159e-06,6.258329e-06,3.416665e-06,7.379158e-06,8.104165e-06,5.091659e-06,6.129162e-06,5.670825e-06,7.112495e-06,7.562494e-06,6.129162e-06,3.804159e-06,6.195831e-06,6.208332e-06
6,149,281.233,0.998,3.462497e-06,2.770829e-06,2.59583e-06,6.199996e-06,3.437495e-06,7.341663e-06,8.099993e-06,5.091659e-06,6.120833e-06,5.65416e-06,7.079164e-06,7.541664e-06,6.124997e-06,3.779165e-06,6.145827e-06,6.162492e-06
6,150,281.392,1.0,3.433331e-06,2.720825e-06,2.562499e-06,6.224998e-06,3.42083e-06,7.316661e-06,8.04166e-06,5.108333e-06,6.074993e-06,5.63333e-06,7.066663e-06,7.504161e-06,6.054163e-06,3.687493e-06,6.149999e-06,6.191659e-06
6,151,281.552,1.002,3.404164e-06,2.774994e-06,2.612495e-06,6.18333e-06,3.424994e-06,7.295831e-06,8.054161e-06,5.083331e-06,6.045826e-06,5.63333e-06,7.058326e-06,7.466666e-06,6.079165e-06,3.754163e-06,6.137498e-06,6.187495e-06
6,152,281.712,1.004,3.462497e-06,2.745827e-06,2.637498e-06,6.195831e-06,3.42083e-06,7.299996e-06,8.058326e-06,5.054164e-06,6.041662e-06,5.608328e-06,7.045825e-06,7.420826e-06,6.079165e-06,3.699994e-06,6.112496e-06,6.154164e-06
6,153,281.872,1.006,3.437495e-06,2.749991e-06,2.599994e-06,6.170829e-06,3.44166e-06,7.295831e-06,8.049997e-06,5.049992e-06,6.029161e-06,5.616665e-06,7.00833e-06,7.47083e-06,6.074993e-06,3.699994e-06,6.108331e-06,6.108331e-06
6,154,282.032,1.008,3.42083e-06,2.787495e-06,2.583329e-06,6.120833e-06,3.404164e-06,7.274993e-06,8.024995e-06,5.029162e-06,6.008331e-06,5.541659e-06,6.995829e-06,7.454165e-06,6.024996e-06,3.679164e-06,6.066664e-06,6.054163e-06
6,155,282.192,1.01,3.379162e-06,2.762492e-06,2.633325e-06,6.108331e-06,3.412493e-06,7.220833e-06,7.966662e-06,5.020825e-06,5.987493e-06,5.579162e-06,6.949997e-06,7.399996e-06,6.004159e-06,3.633332e-06,6.066664e-06,6.133326e-06
6,156,282.351,1.012,3.429159e-06,2.812497e-06,2.649999e-06,6.104159e-06,3.370825e-06,7.179165e-06,7.991664e-06,5.033326e-06,5.958327e-06,5.583326e-06,6.933331e-06,7.387495e-06,5.987493e-06,3.645825e-06,6.074993e-06,6.116661e-06
6,157,282.511,1.014,3.458325e-06,2.754164e-06,2.612495e-06,6.074993e-06,3.429159e-06,7.241662e-06,7.974998e-06,5.020825e-06,5.941661e-06,5.53333e-06,6.933331e-06,7.387495e-06,6.01666e-06,3.612495e-06,6.070828e-06,6.112496e-06
6,158,282.671,1.016,3.44166e-06,2.829162e-06,2.674993e-06,6.070828e-06,3.454161e-06,7.174993e-06,7.966662e-06,4.945827e-06,5.962499e-06,5.566661e-06,6.879163e-06,7.358328e-06,5.962499e-06,3.579164e-06,6.058327e-06,6.041662e-06
6,159,282.831,1.018,3.445832e-06,2.816661e-06,2.670829e-06,6.099995e-06,3.362497e-06,7.112495e-06,7.937495e-06,5.004159e-06,5.945826e-06,5.549995e-06,6.912494e-06,7.349992e-06,5.974992e-06,3.574999e-06,6.045826e-06,6.058327e-06
6,160,282.991,1.02,3.412493e-06,2.833327e-06,2.695831e-06,5.974992e-06,3.445832e-06,7.137497e-06,7.929166e-06,5.037498e-06,5.90833e-06,5.558332e-06,6.870826e-06,7.299996e-06,5.92916e-06,3.533332e-06,5.966663e-06,6.037497e-06
6,161,283.15,1.022,3.454161e-06,2.849992e-06,2.608331e-06,6.058327e-06,3.437495e-06,7.137497e-06,7.891663e-06,5.008332e-06,5.912495e-06,5.508327e-06,6.854161e-06,7.308332e-06,5.933332e-06,3.545833e-06,6.008331e-06,6.037497e-06
6,162,283.31,1.024,3.470826e-06,2.812497e-06,2.71666e-06,6.020832e-06,3.424994e-06,7.095829e-06,7.85416e-06,4.933325e-06,5.862498e-06,5.516664e-06,6.824994e-06,7.204159e-06,5.937497e-06,3.512494e-06,5.987493e-06,5.987493e-06
6,163,283.47,1.026,3.424994e-06,2.845828e-06,2.68333e-06,5.991666e-06,3.424994e-06,7.087493e-06,7.870825e-06,4.974993e-06,5.849997e-06,5.458331e-06,6.783327e-06,7.279165e-06,5.883328e-06,3.483327e-06,5.983329e-06,5.949998e-06
6,164,283.63,1.028,3.454161e-06,2.841663e-06,2.679165e-06,5.962499e-06,3.387499e-06,7.054162e-06,7.799999e-06,4.979165e-06,5.824995e-06,5.46666e-06,6.749995e-06,7.199995e-06,5.874999e-06,3.487492e-06,5.954162e-06,5.983329e-06
6,165,283.79,1.03,3.416665e-06,2.845828e-06,2.704159e-06,5.933332e-06,3.362497e-06,7.049998e-06,7.795827e-06,4.970829e-06,5.812494e-06,5.483325e-06,6.73333e-06,7.21666e-06,5.887493e-06,3.429159e-06,5.983329e-06,5.920831e-06
6,166,283.949,1.032,3.408329e-06,2.820826e-06,2.624997e-06,5.949998e-06,3.391663e-06,7.024995e-06,7.779161e-06,4.958328e-06,5.816658e-06,5.491662e-06,6.73333e-06,7.208331e-06,5.783327e-06,3.399992e-06,5.958327e-06,5.941661e-06
6,167,284.109,1.034,3.466662e-06,2.841663e-06,2.729162e-06,5.945826e-06,3.404164e-06,6.991665e-06,7.741666e-06,4.929161e-06,5.795829e-06,5.449994e-06,6.720829e-06,7.137497e-06,5.854161e-06,3.416665e-06,5.979165e-06,5.924996e-06
6,168,284.269,1.036,3.44166e-06,2.895832e-06,2.712496e-06,5.924996e-06,3.433331e-06,6.924995e-06,7.737493e-06,4.912496e-06,5.779163e-06,5.44583e-06,6.683326e-06,7.154163e-06,5.820831e-06,3.395828e-06,5.962499e-06,5.895829e-06
6,169,284.429,1.038,3.445832e-06,2.862493e-06,2.720825e-06,5.90833e-06,3.391663e-06,6.937496e-06,7.704162e-06,4.924997e-06,5.74166e-06,5.458331e-06,6.674997e-06,7.099994e-06,5.833332e-06,3.391663e-06,5.92916e-06,5.870827e-06
6,170,284.589,1.04,3.429159e-06,2.837499e-06,2.670829e-06,5.891665e-06,3.404164e-06,6.833331e-06,7.587496e-06,4.924997e-06,5.704164e-06,5.441666e-06,6.637494e-06,7.070827e-06,5.804165e-06,3.387499e-06,5.870827e-06,5.858326e-06
6,171,284.749,1.042,3.437495e-06,2.87083e-06,2.724997e-06,5.891665e-06,3.404164e-06,6.924995e-06,7.641665e-06,4.899995e-06,5.74166e-06,5.441666e-06,6.629165e-06,7.070827e-06,5.787492e-06,3.362497e-06,5.924996e-06,5.866663e-06
6,172,284.908,1.044,3.416665e-06,2.862493e-06,2.774994e-06,5.866663e-06,3.391663e-06,6.883327e-06,7.645829e-06,4.929161e-06,5.691663e-06,5.46666e-06,6.616664e-06,7.016659e-06,5.791664e-06,3.349996e-06,5.933332e-06,5.791664e-06
6,173,285.068,1.046,3.449996e-06,2.89166e-06,2.741663e-06,5.858326e-06,3.399992e-06,6.854161e-06,7.629164e-06,4.883329e-06,5.662497e-06,5.366659e-06,6.587497e-06,6.945832e-06,5.770826e-06,3.345831e-06,5.916659e-06,5.80833e-06
6,174,285.228,1.048,3.429159e-06,2.866665e-06,2.712496e-06,5.845833e-06,3.395828e-06,6.854161e-06,7.545829e-06,4.899995e-06,5.679162e-06,5.470832e-06,6.591662e-06,7.004166e-06,5.770826e-06,3.337494e-06,5.941661e-06,5.837496e-06
6,175,285.388,1.05,3.44166e-06,2.941664e-06,2.774994e-06,5.833332e-06,3.445832e-06,6.833331e-06,7.574995e-06,4.891666e-06,5.679162e-06,5.46666e-06,6.599998e-06,7.004166e-06,5.766662e-06,3.304164e-06,5.945826e-06,5.716666e-06
6,176,285.548,1.052,3.433331e-06,2.908325e-06,2.787495e-06,5.812494e-06,3.387499e-06,6.854161e-06,7.566658e-06,4.91666e-06,5.687499e-06,5.462496e-06,6.604163e-06,6.94166e-06,5.770826e-06,3.312492e-06,5.899994e-06,5.783327e-06
6,177,285.707,1.054,3.404164e-06,2.924999e-06,2.774994e-06,5.837496e-06,3.424994e-06,6.791663e-06,7.524999e-06,4.899995e-06,5.641659e-06,5.441666e-06,6.524992e-06,6.945832e-06,5.754161e-06,3.308328e-06,5.949998e-06,5.783327e-06
6,178,285.867,1.056,3.433331e-06,2.949993e-06,2.774994e-06,5.820831e-06,3.404164e-06,6.762496e-06,7.524999e-06,4.854162e-06,5.658333e-06,5.458331e-06,6.554159e-06,6.949997e-06,5.733331e-06,3.308328e-06,5.90833e-06,5.733331e-06
6,179,286.027,1.058,3.454161e-06,2.929163e-06,2.808333e-06,5.829159e-06,3.433331e-06,6.766661e-06,7.445828e-06,4.908331e-06,5.637495e-06,5.479161e-06,6.549994e-06,6.870826e-06,5.704164e-06,3.270833e-06,5.916659e-06,5.74166e-06
6,180,286.187,1.06,3.433331e-06,2.945828e-06,2.791659e-06,5.84166e-06,3.429159e-06,6.73333e-06,7.408333e-06,4.824996e-06,5.587498e-06,5.474997e-06,6.495825e-06,6.904165e-06,5.716666e-06,3.299999e-06,5.879164e-06,5.733331e-06
6,181,286.347,1.062,3.44166e-06,2.895832e-06,2.779166e-06,5.799993e-06,3.404164e-06,6.749995e-06,7.420826e-06,4.904159e-06,5.608328e-06,5.46666e-06,6.554159e-06,6.854161e-06,5.687499e-06,3.299999e-06,5.879164e-06,5.724994e-06
6,182,286.507,1.064,3.412493e-06,2.929163e-06,2.779166e-06,5.816658e-06,3.462497e-06,6.720829e-06,7.391659e-06,4.899995e-06,5.579162e-06,5.483325e-06,6.47916e-06,6.870826e-06,5.695828e-06,3.254159e-06,5.92916e-06,5.716666e-06
6,183,286.666,1.066,3.458325e-06,2.966658e-06,2.779166e-06,5.829159e-06,3.379162e-06,6.641666e-06,7.387495e-06,4.904159e-06,5.591663e-06,5.46666e-06,6.491661e-06,6.82083e-06,5.591663e-06,3.287498e-06,5.937497e-06,5.704164e-06
6,184,286.826,1.068,3.470826e-06,2.983332e-06,2.837499e-06,5.812494e-06,3.42083e-06,6.704164e-06,7.337499e-06,4.924997e-06,5.541659e-06,5.487498e-06,6.470831e-06,6.829158e-06,5.74166e-06,3.26666e-06,5.949998e-06,5.699992e-06
6,185,286.986,1.07,3.454161e-06,2.987496e-06,2.799996e-06,5.845833e-06,3.44166e-06,6.654159e-06,7.329162e-06,4.879165e-06,5.458331e-06,5.520828e-06,6.504162e-06,6.808329e-06,5.704164e-06,3.308328e-06,5.916659e-06,5.65416e-06
6,186,287.146,1.072,3.424994e-06,2.995825e-06,2.841663e-06,5.820831e-06,3.404164e-06,6.63333e-06,7.299996e-06,4.899995e-06,5.562496e-06,5.470832e-06,6.483333e-06,6.766661e-06,5.708329e-06,3.287498e-06,5.945826e-06,5.674998e-06
6,187,287.306,1.074,3.458325e-06,2.979159e-06,2.799996e-06,5.783327e-06,3.383326e-06,6.63333e-06,7.287495e-06,4.887494e-06,5.53333e-06,5.541659e-06,6.47916e-06,6.758332e-06,5.691663e-06,3.274997e-06,5.962499e-06,5.65416e-06
6,188,287.465,1.076,3.433331e-06,2.912498e-06,2.737498e-06,5.816658e-06,3.416665e-06,6.604163e-06,7.237498e-06,4.887494e-06,5.53333e-06,5.504163e-06,6.474996e-06,6.720829e-06,5.645832e-06,3.237494e-06,5.912495e-06,5.63333e-06
6,189,287.625,1.078,3.44166e-06,2.999997e-06,2.849992e-06,5.829159e-06,3.399992e-06,6.608327e-06,7.229161e-06,4.920832e-06,5.504163e-06,5.504163e-06,6.441664e-06,6.687498e-06,5.745832e-06,3.283326e-06,5.962499e-06,5.604164e-06
6,190,287.785,1.08,3.437495e-06,3.020827e-06,2.824998e-06,5.816658e-06,3.429159e-06,6.612492e-06,7.158327e-06,4.899995e-06,5.53333e-06,5.516664e-06,6.462495e-06,6.749995e-06,5.641659e-06,3.299999e-06,5.962499e-06,5.616665e-06
6,191,287.945,1.082,3.429159e-06,2.999997e-06,2.87083e-06,5.783327e-06,3.404164e-06,6.612492e-06,7.145826e-06,4.91666e-06,5.504163e-06,5.520828e-06,6.466659e-06,6.691662e-06,5.699992e-06,3.270833e-06,5.974992e-06,5.591663e-06
6,192,288.105,1.084,3.412493e-06,3.020827e-06,2.833327e-06,5.816658e-06,3.366661e-06,6.529164e-06,7.145826e-06,4.904159e-06,5.504163e-06,5.537494e-06,6.445829e-06,6.66666e-06,5.637495e-06,3.241658e-06,5.899994e-06,5.562496e-06
6,193,288.264,1.086,3.412493e-06,3.004161e-06,2.862493e-06,5.816658e-06,3.412493e-06,6.56666e-06,7.112495e-06,4.904159e-06,5.512492e-06,5.53333e-06,6.466659e-06,6.649995e-06,5.620829e-06,3.287498e-06,5.974992e-06,5.587498e-06
6,194,288.424,1.088,3.42083e-06,3.004161e-06,2.879159e-06,5.812494e-06,3.42083e-06,6.562495e-06,7.070827e-06,4.899995e-06,5.449994e-06,5.53333e-06,6.395833e-06,6.649995e-06,5.699992e-06,3.279162e-06,5.987493e-06,5.558332e-06
6,195,288.584,1.09,3.449996e-06,3.024999e-06,2.845828e-06,5.820831e-06,3.399992e-06,6.56666e-06,7.049998e-06,4.912496e-06,5.499999e-06,5.46666e-06,6.474996e-06,6.662496e-06,5.683327e-06,3.291663e-06,5.987493e-06,5.549995e-06
6,196,288.744,1.092,3.429159e-06,3.004161e-06,2.904161e-06,5.824995e-06,3.42083e-06,6.587497e-06,6.945832e-06,4.837497e-06,5.487498e-06,5.566661e-06,6.483333e-06,6.616664e-06,5.699992e-06,3.312492e-06,5.983329e-06,5.574997e-06
6,197,288.904,1.094,3.412493e-06,3.05833e-06,2.874994e-06,5.779163e-06,3.416665e-06,6.541665e-06,6.991665e-06,4.924997e-06,5.483325e-06,5.566661e-06,6.437492e-06,6.612492e-06,5.704164e-06,3.304164e-06,5.987493e-06,5.55416e-06
6,198,289.064,1.096,3.445832e-06,3.029164e-06,2.883331e-06,5.858326e-06,3.404164e-06,6.537493e-06,6.949997e-06,4.933325e-06,5.487498e-06,5.55416e-06,6.466659e-06,6.56666e-06,5.729159e-06,3.26666e-06,6.012495e-06,5.570825e-06
6,199,289.223,1.098,3.404164e-06,3.024999e-06,2.874994e-06,5.879164e-06,3.44166e-06,6.520828e-06,6.970827e-06,4.962492e-06,5.462496e-06,5.583326e-06,6.474996e-06,6.56666e-06,5.699992e-06,3.26666e-06,6.037497e-06,5.508327e-06
6,200,289.383,1.1,3.416665e-06,3.05833e-06,2.87083e-06,5.895829e-06,3.44166e-06,6.508326e-06,6.92083e-06,4.91666e-06,5.483325e-06,5.587498e-06,6.504162e-06,6.579161e-06,5.72083e-06,3.304164e-06,6.054163e-06,5.562496e-06
6,201,289.543,1.102,3.454161e-06,3.070831e-06,2.916662e-06,5.895829e-06,3.424994e-06,6.54583e-06,6.883327e-06,4.98333e-06,5.462496e-06,5.65416e-06,6.474996e-06,6.574996e-06,5.754161e-06,3.299999e-06,6.074993e-06,5.537494e-06
6,202,289.703,1.104,3.416665e-06,3.116663e-06,2.904161e-06,5.90833e-06,3.42083e-06,6.470831e-06,6.854161e-06,4.933325e-06,5.483325e-06,5.641659e-06,6.483333e-06,6.595826e-06,5.716666e-06,3.33333e-06,6.062492e-06,5.512492e-06
6,203,289.863,1.106,3.462497e-06,3.049993e-06,2.908325e-06,5.845833e-06,3.349996e-06,6.529164e-06,6.862497e-06,4.941662e-06,5.499999e-06,5.637495e-06,6.533329e-06,6.562495e-06,5.758325e-06,3.362497e-06,6.037497e-06,5.433329e-06
6,204,290.022,1.108,3.433331e-06,2.999997e-06,2.883331e-06,5.879164e-06,3.387499e-06,6.487497e-06,6.770825e-06,4.920832e-06,5.46666e-06,5.641659e-06,6.470831e-06,6.508326e-06,5.724994e-06,3.362497e-06,6.074993e-06,5.504163e-06
6,205,290.182,1.11,3.466662e-06,3.070831e-06,2.89166e-06,5.933332e-06,3.433331e-06,6.499998e-06,6.783327e-06,4.941662e-06,5.483325e-06,5.674998e-06,6.45833e-06,6.54583e-06,5.74166e-06,3.387499e-06,6.070828e-06,5.516664e-06
6,206,290.342,1.112,3.433331e-06,3.041665e-06,2.924999e-06,5.924996e-06,3.445832e-06,6.433328e-06,6.737494e-06,4.933325e-06,5.420828e-06,5.683327e-06,6.516663e-06,6.516663e-06,5.787492e-06,3.383326e-06,6.108331e-06,5.504163e-06
6,207,290.502,1.114,3.458325e-06,3.083332e-06,2.904161e-06,5.933332e-06,3.445832e-06,6.433328e-06,6.737494e-06,4.970829e-06,5.504163e-06,5.645832e-06,6.537493e-06,6.520828e-06,5.754161e-06,3.412493e-06,6.129162e-06,5.541659e-06
6,208,290.662,1.116,3.433331e-06,3.087497e-06,2.895832e-06,5.916659e-06,3.387499e-06,6.495825e-06,6.704164e-06,5.008332e-06,5.458331e-06,5.712493e-06,6.558331e-06,6.499998e-06,5.812494e-06,3.391663e-06,6.124997e-06,5.529165e-06
6,209,290.821,1.118,3.44166e-06,3.104162e-06,2.933327e-06,5.991666e-06,3.408329e-06,6.499998e-06,6.674997e-06,4.991658e-06,5.474997e-06,5.74166e-06,6.558331e-06,6.495825e-06,5.774998e-06,3.370825e-06,6.087494e-06,5.483325e-06
6,210,290.981,1.12,3.44166e-06,3.045829e-06,2.941664e-06,5.983329e-06,3.44166e-06,6.495825e-06,6.583325e-06,4.999995e-06,5.491662e-06,5.733331e-06,6.574996e-06,6.499998e-06,5.799993e-06,3.454161e-06,6.154164e-06,5.495826e-06
6,211,291.141,1.122,3.449996e-06,3.099998e-06,2.962494e-06,6.008331e-06,3.474998e-06,6.495825e-06,6.649995e-06,5.029162e-06,5.487498e-06,5.774998e-06,6.599998e-06,6.508326e-06,5.824995e-06,3.454161e-06,6.208332e-06,5.508327e-06
6,212,291.301,1.124,3.462497e-06,3.095826e-06,2.895832e-06,5.999994e-06,3.408329e-06,6.487497e-06,6.549994e-06,5.037498e-06,5.529165e-06,5.783327e-06,6.624993e-06,6.491661e-06,5.824995e-06,3.504165e-06,6.179166e-06,5.508327e-06
6,213,291.461,1.126,3.449996e-06,3.108327e-06,2.954165e-06,5.987493e-06,3.433331e-06,6.516663e-06,6.608327e-06,5.054164e-06,5.512492e-06,5.80833e-06,6.616664e-06,6.491661e-06,5.829159e-06,3.495828e-06,6.216661e-06,5.499999e-06
6,214,291.621,1.128,3.433331e-06,3.116663e-06,2.949993e-06,6.024996e-06,3.366661e-06,6.520828e-06,6.583325e-06,5.054164e-06,5.524993e-06,5.804165e-06,6.645831e-06,6.529164e-06,5.870827e-06,3.529159e-06,6.224998e-06,5.541659e-06
6,215,291.78,1.13,3.479163e-06,3.108327e-06,2.970831e-06,6.029161e-06,3.445832e-06,6.512499e-06,6.520828e-06,5.066665e-06,5.520828e-06,5.787492e-06,6.616664e-06,6.429163e-06,5.854161e-06,3.54166e-06,6.224998e-06,5.537494e-06
6,216,291.94,1.132,3.474998e-06,3.083332e-06,2.966658e-06,6.099995e-06,3.483327e-06,6.508326e-06,6.512499e-06,5.095832e-06,5.458331e-06,5.795829e-06,6.66666e-06,6.537493e-06,5.92916e-06,3.554161e-06,6.27083e-06,5.537494e-06
6,217,292.1,1.134,3.479163e-06,3.133329e-06,2.974995e-06,6.099995e-06,3.454161e-06,6.524992e-06,6.520828e-06,5.024997e-06,5.474997e-06,5.849997e-06,6.63333e-06,6.533329e-06,5.904166e-06,3.554161e-06,6.295832e-06,5.549995e-06
6,218,292.26,1.136,3.445832e-06,3.133329e-06,2.966658e-06,6.112496e-06,3.462497e-06,6.54583e-06,6.508326e-06,5.129163e-06,5.570825e-06,5.883328e-06,6.695827e-06,6.483333e-06,5.924996e-06,3.591665e-06,6.312498e-06,5.529165e-06
6,219,292.42,1.138,3.466662e-06,3.158331e-06,2.949993e-06,6.074993e-06,3.470826e-06,6.549994e-06,6.491661e-06,5.099996e-06,5.595827e-06,5.904166e-06,6.720829e-06,6.524992e-06,5.962499e-06,3.620831e-06,6.316662e-06,5.566661e-06
6,220,292.579,1.14,3.470826e-06,3.108327e-06,2.912498e-06,6.120833e-06,3.483327e-06,6.574996e-06,6.454166e-06,5.145828e-06,5.545831e-06,5.924996e-06,6.75416e-06,6.512499e-06,5.966663e-06,3.624996e-06,6.316662e-06,5.591663e-06
6,221,292.739,1.142,3.458325e-06,3.191662e-06,3.004161e-06,6.166665e-06,3.495828e-06,6.541665e-06,6.462495e-06,5.116661e-06,5.574997e-06,5.962499e-06,6.674997e-06,6.554159e-06,5.979165e-06,3.691665e-06,6.39166e-06,5.570825e-06
6,222,292.899,1.144,3.474998e-06,3.154159e-06,3.008326e-06,6.224998e-06,3.483327e-06,6.595826e-06,6.433328e-06,5.108333e-06,5.608328e-06,5.92916e-06,6.812493e-06,6.524992e-06,6.024996e-06,3.687493e-06,6.374995e-06,5.629166e-06
6,223,293.059,1.146,3.499993e-06,3.137493e-06,3.016663e-06,6.195831e-06,3.479163e-06,6.579161e-06,6.404161e-06,5.079166e-06,5.608328e-06,5.966663e-06,6.758332e-06,6.504162e-06,6.029161e-06,3.670827e-06,6.416662e-06,5.608328e-06
6,224,293.219,1.148,3.499993e-06,3.170832e-06,2.983332e-06,6.245828e-06,3.479163e-06,6.541665e-06,6.416662e-06,5.183331e-06,5.658333e-06,5.983329e-06,6.824994e-06,6.554159e-06,6.004159e-06,3.733325e-06,6.420827e-06,5.574997e-06
6,225,293.379,1.15,3.516658e-06,3.154159e-06,3.016663e-06,6.20416e-06,3.474998e-06,6.637494e-06,6.399997e-06,5.229163e-06,5.629166e-06,6.029161e-06,6.829158e-06,6.533329e-06,6.070828e-06,3.758327e-06,6.437492e-06,5.670825e-06
6,226,293.538,1.152,3.504165e-06,3.187497e-06,3.004161e-06,6.254164e-06,3.499993e-06,6.63333e-06,6.408326e-06,5.216662e-06,5.674998e-06,6.029161e-06,6.854161e-06,6.562495e-06,6.087494e-06,3.804159e-06,6.487497e-06,5.649996e-06
6,227,293.698,1.154,3.512494e-06,3.179161e-06,3.012498e-06,6.254164e-06,3.52083e-06,6.662496e-06,6.387496e-06,5.233328e-06,5.704164e-06,6.074993e-06,6.895828e-06,6.549994e-06,6.154164e-06,3.81666e-06,6.508326e-06,5.699992e-06
6,228,293.858,1.156,3.499993e-06,3.179161e-06,3.029164e-06,6.308325e-06,3.512494e-06,6.612492e-06,6.362494e-06,5.266658e-06,5.708329e-06,6.099995e-06,6.829158e-06,6.562495e-06,6.149999e-06,3.799995e-06,6.549994e-06,5.662497e-06
6,229,294.018,1.158,3.529159e-06,3.199998e-06,3.033328e-06,6.333327e-06,3.495828e-06,6.620828e-06,6.366666e-06,5.262494e-06,5.754161e-06,6.087494e-06,6.929159e-06,6.591662e-06,6.179166e-06,3.887495e-06,6.554159e-06,5.674998e-06
6,230,294.178,1.16,3.529159e-06,3.158331e-06,3.020827e-06,6.383332e-06,3.554161e-06,6.66666e-06,6.370831e-06,5.304162e-06,5.762497e-06,6.137498e-06,6.966663e-06,6.595826e-06,6.233327e-06,3.891659e-06,6.608327e-06,5.737495e-06
6,231,294.337,1.162,3.524995e-06,3.233329e-06,3.049993e-06,6.424999e-06,3.54166e-06,6.708328e-06,6.383332e-06,5.308326e-06,5.770826e-06,6.120833e-06,6.970827e-06,6.629165e-06,6.241663e-06,3.866664e-06,6.641666e-06,5.737495e-06
6,232,294.497,1.164,3.533332e-06,3.179161e-06,3.062495e-06,6.433328e-06,3.52083e-06,6.741659e-06,6.362494e-06,5.35833e-06,5.762497e-06,6.174993e-06,7.016659e-06,6.63333e-06,6.279159e-06,3.945827e-06,6.674997e-06,5.816658e-06
6,233,294.657,1.166,3.558326e-06,3.224993e-06,3.066659e-06,6.45833e-06,3.595829e-06,6.774998e-06,6.349993e-06,5.308326e-06,5.80833e-06,6.187495e-06,7.033332e-06,6.670833e-06,6.295832e-06,3.979158e-06,6.691662e-06,5.80833e-06
6,234,294.817,1.168,3.549997e-06,3.212492e-06,2.995825e-06,6.495825e-06,3.566662e-06,6.73333e-06,6.39166e-06,5.370831e-06,5.866663e-06,6.233327e-06,7.054162e-06,6.649995e-06,6.329163e-06,4.024998e-06,6.724993e-06,5.833332e-06
6,235,294.977,1.17,3.574999e-06,3.258332e-06,2.995825e-06,6.499998e-06,3.583328e-06,6.716665e-06,6.383332e-06,5.429165e-06,5.891665e-06,6.287495e-06,7.070827e-06,6.720829e-06,6.387496e-06,4.054165e-06,6.762496e-06,5.849997e-06
6,236,295.136,1.172,3.579164e-06,3.187497e-06,2.999997e-06,6.570832e-06,3.616659e-06,6.833331e-06,6.399997e-06,5.383333e-06,5.92916e-06,6.283331e-06,7.137497e-06,6.712492e-06,6.349993e-06,4.020826e-06,6.787499e-06,5.904166e-06
6,237,295.296,1.174,3.599993e-06,3.254159e-06,3.104162e-06,6.591662e-06,3.612495e-06,6.874998e-06,6.404161e-06,5.458331e-06,5.92916e-06,6.312498e-06,7.091665e-06,6.691662e-06,6.383332e-06,4.116662e-06,6.845832e-06,5.920831e-06
6,238,295.456,1.176,3.595829e-06,3.279162e-06,3.083332e-06,6.599998e-06,3.658326e-06,6.866662e-06,6.39166e-06,5.429165e-06,5.949998e-06,6.349993e-06,7.187494e-06,6.779162e-06,6.445829e-06,4.145829e-06,6.866662e-06,5.916659e-06
6,239,295.616,1.178,3.612495e-06,3.283326e-06,3.091661e-06,6.658332e-06,3.60833e-06,6.929159e-06,6.379159e-06,5.420828e-06,6.01666e-06,6.362494e-06,7.233326e-06,6.783327e-06,6.520828e-06,4.170831e-06,6.883327e-06,5.99583e-06
6,240,295.776,1.18,3.612495e-06,3.283326e-06,3.120828e-06,6.654159e-06,3.641661e-06,6.92083e-06,6.429163e-06,5.529165e-06,6.008331e-06,6.399997e-06,7.21666e-06,6.762496e-06,6.533329e-06,4.204162e-06,6.904165e-06,5.979165e-06
6,241,295.936,1.182,3.624996e-06,3.245831e-06,3.099998e-06,6.691662e-06,3.654162e-06,6.899993e-06,6.449994e-06,5.524993e-06,6.049999e-06,6.433328e-06,7.254163e-06,6.816666e-06,6.554159e-06,4.262495e-06,6.954161e-06,6.066664e-06
6,242,296.095,1.184,3.633332e-06,3.216664e-06,3.137493e-06,6.645831e-06,3.658326e-06,7.004166e-06,6.445829e-06,5.579162e-06,6.070828e-06,6.445829e-06,7.28333e-06,6.845832e-06,6.608327e-06,4.233329e-06,6.995829e-06,6.045826e-06
6,243,296.255,1.186,3.616659e-06,3.295827e-06,3.112499e-06,6.737494e-06,3.649998e-06,7.00833e-06,6.508326e-06,5.579162e-06,6.09583e-06,6.47916e-06,7.333326e-06,6.845832e-06,6.595826e-06,4.304163e-06,6.991665e-06,6.045826e-06
6,244,296.415,1.188,3.649998e-06,3.262496e-06,3.099998e-06,6.766661e-06,3.666663e-06,7.041661e-06,6.45833e-06,5.55416e-06,6.133326e-06,6.516663e-06,7.341663e-06,6.845832e-06,6.645831e-06,4.333329e-06,7.016659e-06,6.120833e-06
6,245,296.575,1.19,3.62916e-06,3.274997e-06,3.07916e-06,6.75416e-06,3.699994e-06,7.024995e-06,6.504162e-06,5.641659e-06,6.120833e-06,6.558331e-06,7.333326e-06,6.870826e-06,6.679161e-06,4.341666e-06,7.074992e-06,6.108331e-06
6,246,296.735,1.192,3.649998e-06,3.279162e-06,3.095826e-06,6.804164e-06,3.670827e-06,7.079164e-06,6.445829e-06,5.595827e-06,6.20416e-06,6.54583e-06,7.424998e-06,6.92083e-06,6.708328e-06,4.387498e-06,7.083328e-06,6.170829e-06
6,247,296.894,1.194,3.649998e-06,3.254159e-06,3.074996e-06,6.866662e-06,3.69583e-06,7.108331e-06,6.554159e-06,5.63333e-06,6.195831e-06,6.583325e-06,7.433327e-06,6.929159e-06,6.695827e-06,4.36666e-06,7.124996e-06,6.199996e-06
6,248,297.054,1.196,3.604166e-06,3.312492e-06,3.099998e-06,6.870826e-06,3.71666e-06,7.120832e-06,6.579161e-06,5.704164e-06,6.245828e-06,6.549994e-06,7.47083e-06,6.995829e-06,6.766661e-06,4.479162e-06,7.104159e-06,6.191659e-06
6,249,297.214,1.198,3.679164e-06,3.291663e-06,3.149994e-06,6.862497e-06,3.649998e-06,7.158327e-06,6.554159e-06,5.708329e-06,6.274994e-06,6.654159e-06,7.508326e-06,6.999993e-06,6.812493e-06,4.491663e-06,7.204159e-06,6.266665e-06
6,250,297.374,1.2,3.679164e-06,3.304164e-06,3.154159e-06,6.958326e-06,3.662499e-06,7.19583e-06,6.616664e-06,5.737495e-06,6.299997e-06,6.683326e-06,7.541664e-06,7.02916e-06,6.858325e-06,4.54166e-06,7.249999e-06,6.274994e-06
6,251,297.534,1.202,3.687493e-06,3.324993e-06,3.095826e-06,6.954161e-06,3.71666e-06,7.224997e-06,6.654159e-06,5.770826e-06,6.345828e-06,6.679161e-06,7.55833e-06,7.045825e-06,6.891664e-06,4.579163e-06,7.266664e-06,6.316662e-06
6,252,297.693,1.204,3.69583e-06,3.308328e-06,3.16666e-06,7.012494e-06,3.749998e-06,7.241662e-06,6.670833e-06,5.804165e-06,6.362494e-06,6.770825e-06,7.608326e-06,7.083328e-06,6.912494e-06,4.62083e-06,7.329162e-06,6.333327e-06
6,253,297.853,1.206,3.720832e-06,3.337494e-06,3.137493e-06,7.066663e-06,3.770828e-06,7.287495e-06,6.724993e-06,5.762497e-06,6.424999e-06,6.774998e-06,7.545829e-06,7.129161e-06,6.841659e-06,4.645832e-06,7.341663e-06,6.420827e-06
6,254,298.013,1.208,3.766664e-06,3.324993e-06,3.183325e-06,7.091665e-06,3.799995e-06,7.358328e-06,6.704164e-06,5.845833e-06,6.412498e-06,6.808329e-06,7.649994e-06,7.179165e-06,6.987492e-06,4.674999e-06,7.387495e-06,6.454166e-06
6,255,298.173,1.21,3.71666e-06,3.358332e-06,3.183325e-06,7.112495e-06,3.779165e-06,7.28333e-06,6.787499e-06,5.858326e-06,6.395833e-06,6.862497e-06,7.7125e-06,7.19583e-06,7.016659e-06,4.712494e-06,7.429162e-06,6.470831e-06
6,256,298.333,1.212,3.779165e-06,3.324993e-06,3.174996e-06,7.1625e-06,3.799995e-06,7.445828e-06,6.795828e-06,5.916659e-06,6.529164e-06,6.866662e-06,7.779161e-06,7.274993e-06,7.045825e-06,4.724996e-06,7.420826e-06,6.520828e-06
6,257,298.493,1.214,3.770828e-06,3.362497e-06,3.204163e-06,7.099994e-06,3.833326e-06,7.449993e-06,6.845832e-06,5.916659e-06,6.524992e-06,6.891664e-06,7.770833e-06,7.308332e-06,7.058326e-06,4.749998e-06,7.504161e-06,6.549994e-06
6,258,298.652,1.216,3.791666e-06,3.395828e-06,3.170832e-06,7.254163e-06,3.845827e-06,7.495833e-06,6.937496e-06,5.974992e-06,6.595826e-06,6.92083e-06,7.837494e-06,7.329162e-06,7.041661e-06,4.820832e-06,7.512498e-06,6.587497e-06
6,259,298.812,1.218,3.791666e-06,3.362497e-06,3.216664e-06,7.220833e-06,3.866664e-06,7.504161e-06,6.891664e-06,5.99583e-06,6.570832e-06,6.945832e-06,7.874997e-06,7.366665e-06,7.170828e-06,4.849998e-06,7.524999e-06,6.599998e-06
6,260,298.972,1.22,3.791666e-06,3.391663e-06,3.216664e-06,7.30416e-06,3.88333e-06,7.549993e-06,6.945832e-06,6.01666e-06,6.662496e-06,7.00833e-06,7.937495e-06,7.424998e-06,7.21666e-06,4.904159e-06,7.587496e-06,6.624993e-06
6,261,299.132,1.222,3.833326e-06,3.387499e-06,3.216664e-06,7.341663e-06,3.88333e-06,7.599997e-06,6.970827e-06,6.049999e-06,6.683326e-06,7.033332e-06,7.954161e-06,7.412497e-06,7.187494e-06,4.920832e-06,7.608326e-06,6.683326e-06
6,262,299.292,1.224,3.804159e-06,3.408329e-06,3.220828e-06,7.341663e-06,3.916661e-06,7.604162e-06,7.041661e-06,6.041662e-06,6.674997e-06,7.045825e-06,7.995828e-06,7.445828e-06,7.254163e-06,4.933325e-06,7.666659e-06,6.720829e-06
6,263,299.451,1.226,3.858328e-06,3.395828e-06,3.249995e-06,7.40416e-06,3.929162e-06,7.670832e-06,7.074992e-06,6.099995e-06,6.737494e-06,7.095829e-06,8.004165e-06,7.49166e-06,7.28333e-06,5.004159e-06,7.674996e-06,6.745831e-06
6,264,299.611,1.228,3.874993e-06,3.429159e-06,3.26666e-06,7.445828e-06,3.929162e-06,7.674996e-06,7.112495e-06,6.170829e-06,6.758332e-06,7.145826e-06,8.008329e-06,7.570831e-06,7.37083e-06,5.029162e-06,7.720828e-06,6.749995e-06
6,265,299.771,1.23,3.862492e-06,3.416665e-06,3.224993e-06,7.487496e-06,3.949992e-06,7.729165e-06,7.183329e-06,6.154164e-06,6.799992e-06,7.141662e-06,8.104165e-06,7.587496e-06,7.345827e-06,5.066665e-06,7.733329e-06,6.837495e-06
6,266,299.931,1.232,3.88333e-06,3.433331e-06,3.254159e-06,7.487496e-06,3.958329e-06,7.749994e-06,7.174993e-06,6.20416e-06,6.833331e-06,7.145826e-06,8.137496e-06,7.633328e-06,7.391659e-06,5.099996e-06,7.770833e-06,6.879163e-06
6,267,300.091,1.234,3.833326e-06,3.399992e-06,3.274997e-06,7.554166e-06,4.012497e-06,7.76666e-06,7.258328e-06,6.212497e-06,6.849996e-06,7.204159e-06,8.162498e-06,7.67916e-06,7.433327e-06,5.116661e-06,7.829165e-06,6.837495e-06
6,268,300.25,1.236,3.929162e-06,3.44166e-06,3.279162e-06,7.591661e-06,3.979158e-06,7.845831e-06,7.266664e-06,6.266665e-06,6.929159e-06,7.229161e-06,8.237497e-06,7.637493e-06,7.479159e-06,5.145828e-06,7.820829e-06,6.945832e-06
6,269,300.41,1.238,3.924998e-06,3.433331e-06,3.287498e-06,7.591661e-06,3.991659e-06,7.837494e-06,7.324998e-06,6.249992e-06,6.916666e-06,7.262492e-06,8.237497e-06,7.74583e-06,7.508326e-06,5.199997e-06,7.83333e-06,6.966663e-06
6,270,300.57,1.24,3.937499e-06,3.458325e-06,3.245831e-06,7.633328e-06,3.97083e-06,7.904164e-06,7.345827e-06,6.295832e-06,6.949997e-06,7.274993e-06,8.308331e-06,7.787497e-06,7.512498e-06,5.245829e-06,7.874997e-06,7.033332e-06
6,271,300.73,1.242,3.949992e-06,3.433331e-06,3.279162e-06,7.666659e-06,4.020826e-06,7.899992e-06,7.374994e-06,6.354165e-06,6.995829e-06,7.299996e-06,8.345826e-06,7.824993e-06,7.554166e-06,5.27916e-06,7.937495e-06,7.00833e-06
6,272,300.89,1.244,3.954164e-06,3.479163e-06,3.224993e-06,7.699999e-06,4.054165e-06,7.908328e-06,7.449993e-06,6.312498e-06,7.012494e-06,7.358328e-06,8.366665e-06,7.879162e-06,7.57916e-06,5.320827e-06,7.929166e-06,7.066663e-06
6,273,301.05,1.246,3.974994e-06,3.424994e-06,3.320829e-06,7.76666e-06,4.062494e-06,8.004165e-06,7.483332e-06,6.416662e-06,7.045825e-06,7.354164e-06,8.395831e-06,7.899992e-06,7.583332e-06,5.220827e-06,7.991664e-06,7.020831e-06
6,274,301.209,1.248,3.999996e-06,3.470826e-06,3.320829e-06,7.804163e-06,4.083332e-06,8.02083e-06,7.545829e-06,6.437492e-06,7.02916e-06,7.416661e-06,8.454163e-06,7.949996e-06,7.654166e-06,5.37916e-06,8.062498e-06,7.108331e-06
6,275,301.369,1.25,4.008325e-06,3.479163e-06,3.291663e-06,7.841659e-06,4.062494e-06,8.062498e-06,7.549993e-06,6.462495e-06,7.120832e-06,7.420826e-06,8.408332e-06,7.991664e-06,7.67916e-06,5.399998e-06,8.049997e-06,7.154163e-06
6,276,301.529,1.252,4.012497e-06,3.483327e-06,3.320829e-06,7.841659e-06,4.062494e-06,8.087492e-06,7.566658e-06,6.470831e-06,7.062499e-06,7.458329e-06,8.512497e-06,8.024995e-06,7.7125e-06,5.429165e-06,8.070827e-06,7.187494e-06
6,277,301.689,1.254,3.999996e-06,3.52083e-06,3.316665e-06,7.870825e-06,4.083332e-06,8.099993e-06,7.649994e-06,6.470831e-06,7.145826e-06,7.462494e-06,8.529162e-06,8.062498e-06,7.67916e-06,5.424992e-06,8.099993e-06,7.21666e-06
6,278,301.849,1.256,3.974994e-06,3.495828e-06,3.316665e-06,7.874997e-06,4.129163e-06,8.162498e-06,7.658331e-06,6.524992e-06,7.199995e-06,7.499997e-06,8.599996e-06,8.095829e-06,7.787497e-06,5.470832e-06,8.137496e-06,7.258328e-06
6,279,302.008,1.258,4.041664e-06,3.533332e-06,3.320829e-06,7.949996e-06,4.15833e-06,8.141661e-06,7.724992e-06,6.554159e-06,7.245827e-06,7.554166e-06,8.604161e-06,8.162498e-06,7.774996e-06,5.529165e-06,8.170828e-06,7.30416e-06
6,280,302.168,1.26,4.045828e-06,3.512494e-06,3.337494e-06,7.983327e-06,4.099997e-06,8.199993e-06,7.737493e-06,6.595826e-06,7.241662e-06,7.520827e-06,8.637492e-06,8.149997e-06,7.820829e-06,5.53333e-06,8.179164e-06,7.333326e-06
6,281,302.328,1.262,4.062494e-06,3.495828e-06,3.349996e-06,8.008329e-06,4.17916e-06,8.22916e-06,7.799999e-06,6.595826e-06,7.249999e-06,7.591661e-06,8.666659e-06,8.204166e-06,7.85416e-06,5.545831e-06,8.212495e-06,7.362493e-06
6,282,302.488,1.264,4.041664e-06,3.516658e-06,3.324993e-06,8.054161e-06,4.174995e-06,8.270827e-06,7.841659e-06,6.579161e-06,7.30416e-06,7.599997e-06,8.716663e-06,8.237497e-06,7.883326e-06,5.595827e-06,8.220832e-06,7.366665e-06
6,283,302.648,1.266,4.108326e-06,3.479163e-06,3.366661e-06,8.074999e-06,4.195825e-06,8.341662e-06,7.879162e-06,6.708328e-06,7.316661e-06,7.658331e-06,8.77916e-06,8.266664e-06,7.937495e-06,5.645832e-06,8.291666e-06,7.433327e-06
6,284,302.808,1.268,4.09166e-06,3.512494e-06,3.287498e-06,8.054161e-06,4.212499e-06,8.341662e-06,7.895827e-06,6.674997e-06,7.349992e-06,7.649994e-06,8.774996e-06,8.324997e-06,7.920829e-06,5.645832e-06,8.324997e-06,7.441664e-06
6,285,302.967,1.27,4.141665e-06,3.545833e-06,3.374998e-06,8.141661e-06,4.204162e-06,8.404159e-06,7.94166e-06,6.73333e-06,7.399996e-06,7.666659e-06,8.837494e-06,8.345826e-06,7.987499e-06,5.683327e-06,8.337498e-06,7.495833e-06
6,286,303.127,1.272,4.149993e-06,3.54166e-06,3.395828e-06,8.162498e-06,4.258331e-06,8.433326e-06,8.008329e-06,6.783327e-06,7.408333e-06,7.704162e-06,8.858331e-06,8.391658e-06,7.924994e-06,5.658333e-06,8.370828e-06,7.499997e-06
6,287,303.287,1.274,4.145829e-06,3.566662e-06,3.404164e-06,8.220832e-06,4.254158e-06,8.466665e-06,8.004165e-06,6.774998e-06,7.474995e-06,7.733329e-06,8.908328e-06,8.424998e-06,8.02083e-06,5.758325e-06,8.379166e-06,7.55833e-06
6,288,303.447,1.276,4.120827e-06,3.545833e-06,3.404164e-06,8.204166e-06,4.249994e-06,8.491659e-06,8.066662e-06,6.829158e-06,7.47083e-06,7.74583e-06,8.879161e-06,8.424998e-06,8.045832e-06,5.754161e-06,8.420833e-06,7.583332e-06
6,289,303.607,1.278,4.166659e-06,3.537496e-06,3.320829e-06,8.287493e-06,4.283325e-06,8.529162e-06,8.162498e-06,6.858325e-06,7.520827e-06,7.783326e-06,8.970833e-06,8.524998e-06,8.099993e-06,5.791664e-06,8.441662e-06,7.599997e-06
6,290,303.766,1.28,4.195825e-06,3.54166e-06,3.308328e-06,8.29583e-06,4.295826e-06,8.583331e-06,8.166663e-06,6.870826e-06,7.549993e-06,7.783326e-06,8.970833e-06,8.529162e-06,8.087492e-06,5.816658e-06,8.458328e-06,7.658331e-06
6,291,303.926,1.282,4.233329e-06,3.583328e-06,3.42083e-06,8.329161e-06,4.349994e-06,8.595832e-06,8.199993e-06,6.92083e-06,7.541664e-06,7.829165e-06,8.962496e-06,8.5375e-06,8.141661e-06,5.870827e-06,8.524998e-06,7.633328e-06
6,292,304.086,1.284,4.220828e-06,3.574999e-06,3.391663e-06,8.379166e-06,4.27916e-06,8.637492e-06,8.233333e-06,6.870826e-06,7.595825e-06,7.866661e-06,9.091664e-06,8.620827e-06,8.166663e-06,5.883328e-06,8.48333e-06,7.720828e-06
6,293,304.246,1.286,4.254158e-06,3.574999e-06,3.424994e-06,8.362492e-06,4.349994e-06,8.649993e-06,8.199993e-06,6.983328e-06,7.608326e-06,7.887498e-06,9.091664e-06,8.662494e-06,8.191665e-06,5.920831e-06,8.5375e-06,7.716663e-06
6,294,304.406,1.288,4.266659e-06,3.612495e-06,3.395828e-06,8.41666e-06,4.341666e-06,8.666659e-06,8.31666e-06,6.966663e-06,7.649994e-06,7.908328e-06,9.104165e-06,8.674995e-06,8.199993e-06,5.933332e-06,8.587495e-06,7.76666e-06
6,295,304.565,1.29,4.258331e-06,3.624996e-06,3.466662e-06,8.48333e-06,4.395827e-06,8.75833e-06,8.354164e-06,7.049998e-06,7.67916e-06,7.949996e-06,9.145832e-06,8.704162e-06,8.174999e-06,5.899994e-06,8.495832e-06,7.812492e-06
6,296,304.725,1.292,4.262495e-06,3.645825e-06,3.466662e-06,8.512497e-06,4.429166e-06,8.770831e-06,8.429161e-06,7.066663e-06,7.695826e-06,7.958332e-06,9.166662e-06,8.804162e-06,8.308331e-06,6.004159e-06,8.65833e-06,7.829165e-06
6,297,304.885,1.294,4.324992e-06,3.641661e-06,3.474998e-06,8.59166e-06,4.43333e-06,8.829164e-06,8.433326e-06,7.070827e-06,7.683333e-06,7.904164e-06,9.245833e-06,8.791661e-06,8.312496e-06,6.041662e-06,8.645829e-06,7.883326e-06
6,298,305.045,1.296,4.333329e-06,3.616659e-06,3.462497e-06,8.583331e-06,4.437494e-06,8.787497e-06,8.424998e-06,7.120832e-06,7.737493e-06,7.949996e-06,9.245833e-06,8.829164e-06,8.304159e-06,6.024996e-06,8.662494e-06,7.83333e-06
6,299,305.205,1.298,4.316664e-06,3.633332e-06,3.44166e-06,8.583331e-06,4.34583e-06,8.86666e-06,8.499996e-06,7.129161e-06,7.795827e-06,7.995828e-06,9.312495e-06,8.862496e-06,8.354164e-06,6.099995e-06,8.670831e-06,7.883326e-06
6,300,305.365,1.3,4.324992e-06,3.616659e-06,3.44166e-06,8.533327e-06,4.45416e-06,8.887498e-06,8.508333e-06,7.141662e-06,7.774996e-06,8.024995e-06,9.320831e-06,8.86666e-06,8.329161e-06,6.070828e-06,8.708326e-06,7.908328e-06
6,301,305.524,1.302,4.320828e-06,3.654162e-06,3.466662e-06,8.674995e-06,4.424993e-06,8.929165e-06,8.57083e-06,7.154163e-06,7.812492e-06,8.049997e-06,9.312495e-06,8.84583e-06,8.387494e-06,6.137498e-06,8.749994e-06,7.937495e-06
6,302,305.684,1.304,4.362496e-06,3.62916e-06,3.474998e-06,8.65833e-06,4.466661e-06,8.970833e-06,8.579159e-06,7.204159e-06,7.820829e-06,8.033331e-06,9.370828e-06,8.962496e-06,8.374993e-06,6.162492e-06,8.774996e-06,7.970826e-06
6,303,305.844,1.306,4.358331e-06,3.633332e-06,3.479163e-06,8.670831e-06,4.429166e-06,8.916664e-06,8.587495e-06,7.191666e-06,7.858332e-06,8.099993e-06,9.362499e-06,8.962496e-06,8.445827e-06,6.18333e-06,8.812499e-06,7.93333e-06
6,304,306.004,1.308,4.349994e-06,3.616659e-06,3.445832e-06,8.733328e-06,4.499992e-06,8.96666e-06,8.604161e-06,7.258328e-06,7.912493e-06,8.116658e-06,9.408331e-06,9.008329e-06,8.487495e-06,6.229162e-06,8.804162e-06,8.008329e-06
6,305,306.164,1.31,4.399999e-06,3.649998e-06,3.491664e-06,8.762495e-06,4.54166e-06,9.049996e-06,8.708326e-06,7.320825e-06,7.895827e-06,8.158326e-06,9.466664e-06,9.049996e-06,8.474994e-06,6.212497e-06,8.787497e-06,7.962497e-06
6,306,306.323,1.312,4.420829e-06,3.729161e-06,3.512494e-06,8.820828e-06,4.545832e-06,9.104165e-06,8.783332e-06,7.37083e-06,7.949996e-06,8.212495e-06,9.479165e-06,9.12083e-06,8.549992e-06,6.283331e-06,8.879161e-06,8.091664e-06
6,307,306.483,1.314,4.449995e-06,3.712495e-06,3.54166e-06,8.84583e-06,4.545832e-06,9.129159e-06,8.77916e-06,7.358328e-06,7.954161e-06,8.199993e-06,9.529162e-06,9.154161e-06,8.558329e-06,6.262493e-06,8.870832e-06,8.141661e-06
6,308,306.643,1.316,4.437494e-06,3.729161e-06,3.533332e-06,8.887498e-06,4.595828e-06,9.145832e-06,8.833329e-06,7.374994e-06,7.929166e-06,8.208331e-06,9.541663e-06,9.174999e-06,8.562493e-06,6.29166e-06,8.937494e-06,8.116658e-06
6,309,306.803,1.318,4.43333e-06,3.699994e-06,3.537496e-06,8.916664e-06,4.545832e-06,9.191665e-06,8.837494e-06,7.387495e-06,8.008329e-06,8.241662e-06,9.595831e-06,9.187492e-06,8.608326e-06,6.341664e-06,8.945831e-06,8.179164e-06
6,310,306.963,1.32,4.499992e-06,3.741662e-06,3.562498e-06,8.929165e-06,4.633331e-06,9.149996e-06,8.858331e-06,7.454165e-06,8.004165e-06,8.262499e-06,9.60416e-06,9.229159e-06,8.620827e-06,6.345828e-06,8.958332e-06,8.191665e-06
6,311,307.122,1.322,4.470825e-06,3.737497e-06,3.545833e-06,8.983326e-06,4.624995e-06,9.224995e-06,8.93333e-06,7.462494e-06,8.074999e-06,8.274992e-06,9.649992e-06,9.275e-06,8.637492e-06,6.399997e-06,8.987498e-06,8.212495e-06
6,312,307.282,1.324,4.520829e-06,3.774993e-06,3.595829e-06,8.991663e-06,4.637496e-06,9.320831e-06,8.954159e-06,7.499997e-06,8.104165e-06,8.29583e-06,9.687496e-06,9.295829e-06,8.720827e-06,6.408326e-06,9.029166e-06,8.270827e-06
6,313,307.442,1.326,4.545832e-06,3.783329e-06,3.595829e-06,9.062497e-06,4.687492e-06,9.304166e-06,9.029166e-06,7.549993e-06,8.116658e-06,8.337498e-06,9.7375e-06,9.362499e-06,8.724999e-06,6.441664e-06,9.033331e-06,8.266664e-06
6,314,307.602,1.328,4.554161e-06,3.749998e-06,3.570827e-06,9.079162e-06,4.691664e-06,9.374992e-06,9.029166e-06,7.516662e-06,8.133332e-06,8.341662e-06,9.749992e-06,9.358327e-06,8.737493e-06,6.462495e-06,9.070825e-06,8.333325e-06
6,315,307.762,1.33,4.591664e-06,3.791666e-06,3.587492e-06,9.049996e-06,4.595828e-06,9.358327e-06,9.049996e-06,7.587496e-06,8.137496e-06,8.399995e-06,9.75833e-06,9.387493e-06,8.762495e-06,6.462495e-06,9.066661e-06,8.29583e-06
6,316,307.922,1.332,4.562497e-06,3.79583e-06,3.599993e-06,9.116666e-06,4.737497e-06,9.449998e-06,9.079162e-06,7.587496e-06,8.170828e-06,8.391658e-06,9.774994e-06,9.420832e-06,8.712498e-06,6.499998e-06,9.104165e-06,8.370828e-06
6,317,308.081,1.334,4.549996e-06,3.799995e-06,3.60833e-06,9.133331e-06,4.733332e-06,9.424996e-06,9.104165e-06,7.699999e-06,8.187492e-06,8.412496e-06,9.787496e-06,9.433325e-06,8.766659e-06,6.533329e-06,9.14166e-06,8.399995e-06
6,318,308.241,1.336,4.62083e-06,3.783329e-06,3.60833e-06,9.183327e-06,4.749998e-06,9.479165e-06,9.166662e-06,7.658331e-06,8.22916e-06,8.420833e-06,9.837492e-06,9.487494e-06,8.816663e-06,6.516663e-06,9.145832e-06,8.379166e-06
6,319,308.401,1.338,4.612494e-06,3.774993e-06,3.599993e-06,9.174999e-06,4.70833e-06,9.512496e-06,9.179163e-06,7.687497e-06,8.116658e-06,8.412496e-06,9.874995e-06,9.483329e-06,8.829164e-06,6.562495e-06,9.145832e-06,8.45e-06
6,320,308.561,1.34,4.637496e-06,3.81666e-06,3.637497e-06,9.204166e-06,4.779164e-06,9.479165e-06,9.224995e-06,7.74583e-06,8.270827e-06,8.487495e-06,9.916663e-06,9.574994e-06,8.870832e-06,6.608327e-06,9.229159e-06,8.433326e-06
6,321,308.721,1.342,4.645832e-06,3.829161e-06,3.645825e-06,9.237496e-06,4.783328e-06,9.579166e-06,9.291664e-06,7.779161e-06,8.304159e-06,8.508333e-06,9.933328e-06,9.545827e-06,8.883325e-06,6.620828e-06,9.145832e-06,8.508333e-06
6,322,308.88,1.344,4.666662e-06,3.858328e-06,3.637497e-06,9.266662e-06,4.804158e-06,9.599996e-06,9.291664e-06,7.774996e-06,8.299994e-06,8.516661e-06,9.949994e-06,9.608332e-06,8.929165e-06,6.658332e-06,9.224995e-06,8.474994e-06
6,323,309.04,1.346,4.716659e-06,3.862492e-06,3.683329e-06,9.30833e-06,4.812495e-06,9.645828e-06,9.362499e-06,7.808328e-06,8.349999e-06,8.529162e-06,9.983333e-06,9.620825e-06,8.93333e-06,6.687498e-06,9.270827e-06,8.529162e-06
6,324,309.2,1.348,4.720831e-06,3.849999e-06,3.687493e-06,9.333332e-06,4.841661e-06,9.704161e-06,9.349998e-06,7.841659e-06,8.329161e-06,8.587495e-06,1.0029165e-05,9.666665e-06,8.979162e-06,6.716665e-06,9.295829e-06,8.587495e-06
6,325,309.36,1.35,4.658325e-06,3.866664e-06,3.662499e-06,9.333332e-06,4.883329e-06,9.674995e-06,9.358327e-06,7.858332e-06,8.383329e-06,8.579159e-06,1.0008327e-05,9.679158e-06,8.979162e-06,6.729166e-06,9.341661e-06,8.587495e-06
6,326,309.52,1.352,4.720831e-06,3.866664e-06,3.666663e-06,9.41666e-06,4.870828e-06,9.745829e-06,9.387493e-06,7.912493e-06,8.399995e-06,8.583331e-06,1.0112492e-05,9.724999e-06,9.016665e-06,6.75416e-06,9.299994e-06,8.59166e-06
6,327,309.679,1.354,4.724996e-06,3.862492e-06,3.724996e-06,9.412495e-06,4.929161e-06,9.724999e-06,9.445826e-06,7.94166e-06,8.379166e-06,8.633328e-06,1.0116664e-05,9.75833e-06,9.045832e-06,6.737494e-06,9.374992e-06,8.629163e-06
6,328,309.839,1.356,4.779164e-06,3.916661e-06,3.666663e-06,9.445826e-06,4.891666e-06,9.787496e-06,9.49583e-06,7.945831e-06,8.41666e-06,8.633328e-06,1.0099999e-05,9.745829e-06,9.037494e-06,6.808329e-06,9.304166e-06,8.641664e-06
6,329,309.999,1.358,4.770827e-06,3.858328e-06,3.679164e-06,9.462499e-06,4.929161e-06,9.754165e-06,9.479165e-06,7.954161e-06,8.399995e-06,8.645829e-06,1.0120829e-05,9.779159e-06,9.087499e-06,6.804164e-06,9.354162e-06,8.624998e-06
6,330,310.159,1.36,4.779164e-06,3.908332e-06,3.69583e-06,9.512496e-06,4.945827e-06,9.816663e-06,9.529162e-06,7.979163e-06,8.412496e-06,8.674995e-06,1.0158332e-05,9.837492e-06,9.091664e-06,6.833331e-06,9.412495e-06,8.624998e-06
6,331,310.319,1.362,4.766663e-06,3.895831e-06,3.733325e-06,9.50416e-06,4.929161e-06,9.845829e-06,9.574994e-06,8.004165e-06,8.495832e-06,8.674995e-06,1.0187498e-05,9.799997e-06,9.112493e-06,6.829158e-06,9.387493e-06,8.687496e-06
6,332,310.479,1.364,4.787493e-06,3.879165e-06,3.724996e-06,9.491666e-06,4.862499e-06,9.874995e-06,9.554164e-06,8.024995e-06,8.458328e-06,8.724999e-06,1.0187498e-05,9.883332e-06,9.099992e-06,6.866662e-06,9.449998e-06,8.712498e-06
6,333,310.638,1.366,4.841661e-06,3.924998e-06,3.724996e-06,9.524997e-06,4.949999e-06,9.874995e-06,9.612497e-06,8.045832e-06,8.512497e-06,8.704162e-06,1.0212493e-05,9.862494e-06,9.137495e-06,6.929159e-06,9.433325e-06,8.762495e-06
6,334,310.798,1.368,4.82916e-06,3.845827e-06,3.737497e-06,9.545827e-06,4.966664e-06,9.908326e-06,9.595831e-06,8.074999e-06,8.516661e-06,8.629163e-06,1.0229166e-05,9.924992e-06,9.166662e-06,6.908329e-06,9.445826e-06,8.741665e-06
6,335,310.958,1.37,4.854162e-06,3.933326e-06,3.674992e-06,9.579166e-06,4.945827e-06,9.933328e-06,9.637499e-06,8.087492e-06,8.533327e-06,8.774996e-06,1.0291664e-05,9.95833e-06,9.133331e-06,6.929159e-06,9.483329e-06,8.77916e-06
6,336,311.118,1.372,4.854162e-06,3.924998e-06,3.737497e-06,9.629162e-06,4.991658e-06,9.97916e-06,9.712498e-06,8.166663e-06,8.587495e-06,8.774996e-06,1.0295828e-05,9.920827e-06,9.187492e-06,6.983328e-06,9.499995e-06,8.812499e-06
6,337,311.278,1.374,4.866663e-06,3.941663e-06,3.724996e-06,9.633327e-06,5.008332e-06,9.966659e-06,9.712498e-06,8.166663e-06,8.587495e-06,8.787497e-06,1.0262497e-05,9.987497e-06,9.204166e-06,6.933331e-06,9.508331e-06,8.787497e-06
6,338,311.437,1.376,4.874993e-06,3.916661e-06,3.712495e-06,9.629162e-06,4.999995e-06,1.0016664e-05,9.716662e-06,8.187492e-06,8.608326e-06,8.799998e-06,1.032083e-05,1.00125e-05,9.237496e-06,7.00833e-06,9.516661e-06,8.84583e-06
6,339,311.597,1.378,4.908331e-06,3.941663e-06,3.783329e-06,9.687496e-06,5.037498e-06,1.0020828e-05,9.783332e-06,8.220832e-06,8.629163e-06,8.829164e-06,1.0324995e-05,1.004583e-05,9.275e-06,7.020831e-06,9.545827e-06,8.854158e-06
6,340,311.757,1.38,4.924997e-06,3.958329e-06,3.729161e-06,9.720826e-06,5.041663e-06,1.0049995e-05,9.783332e-06,8.183329e-06,8.637492e-06,8.84583e-06,1.0362498e-05,1.0087498e-05,9.254161e-06,7.049998e-06,9.58333e-06,8.891662e-06
6,341,311.917,1.382,4.941662e-06,3.962493e-06,3.733325e-06,9.733327e-06,5.07083e-06,1.0116664e-05,9.820827e-06,8.287493e-06,8.687496e-06,8.862496e-06,1.0433332e-05,1.0091662e-05,9.304166e-06,7.041661e-06,9.620825e-06,8.912491e-06
6,342,312.077,1.384,4.958328e-06,4.008325e-06,3.812496e-06,9.779159e-06,5.116661e-06,1.0062496e-05,9.841665e-06,8.299994e-06,8.65833e-06,8.858331e-06,1.0437497e-05,1.0116664e-05,9.295829e-06,7.070827e-06,9.599996e-06,8.891662e-06
6,343,312.237,1.386,4.970829e-06,3.983331e-06,3.779165e-06,9.808326e-06,5.091659e-06,1.0141659e-05,9.816663e-06,8.287493e-06,8.729164e-06,8.899999e-06,1.0479164e-05,1.0141659e-05,9.354162e-06,7.108331e-06,9.620825e-06,8.970833e-06
6,344,312.396,1.388,4.991658e-06,3.974994e-06,3.787494e-06,9.824999e-06,5.145828e-06,1.0187498e-05,9.904162e-06,8.349999e-06,8.724999e-06,8.920829e-06,1.0458326e-05,1.015416e-05,9.316659e-06,7.095829e-06,9.662493e-06,8.987498e-06
6,345,312.556,1.39,4.991658e-06,3.991659e-06,3.787494e-06,9.808326e-06,5.099996e-06,1.0199992e-05,9.895825e-06,8.287493e-06,8.754166e-06,8.916664e-06,1.0437497e-05,1.0212493e-05,9.358327e-06,7.129161e-06,9.645828e-06,8.983326e-06
6,346,312.716,1.392,4.995831e-06,3.97083e-06,3.791666e-06,9.837492e-06,5.10416e-06,1.0212493e-05,9.924992e-06,8.312496e-06,8.754166e-06,8.916664e-06,1.052916e-05,1.0237495e-05,9.391665e-06,7.158327e-06,9.679158e-06,8.991663e-06
6,347,312.876,1.394,5.020825e-06,4.024998e-06,3.787494e-06,9.870831e-06,5.17083e-06,1.0174997e-05,9.920827e-06,8.399995e-06,8.791661e-06,8.983326e-06,1.052916e-05,1.0266662e-05,9.424996e-06,7.174993e-06,9.733327e-06,9.037494e-06
6,348,313.036,1.396,5.045827e-06,3.991659e-06,3.808331e-06,9.916663e-06,5.17083e-06,1.0283327e-05,1.0004163e-05,8.41666e-06,8.774996e-06,8.96666e-06,1.0574992e-05,1.024166e-05,9.458327e-06,7.204159e-06,9.704161e-06,9.083326e-06
6,349,313.195,1.398,5.045827e-06,4.024998e-06,3.829161e-06,9.924992e-06,5.208326e-06,1.0304165e-05,1.0020828e-05,8.437499e-06,8.799998e-06,9.033331e-06,1.0591666e-05,1.0304165e-05,9.437497e-06,7.233326e-06,9.733327e-06,9.079162e-06
6,350,313.355,1.4,5.087495e-06,3.983331e-06,3.849999e-06,9.95833e-06,5.19166e-06,1.0337496e-05,1.0049995e-05,8.462493e-06,8.837494e-06,9.004164e-06,1.0554163e-05,1.0316666e-05,9.479165e-06,7.249999e-06,9.745829e-06,9.12083e-06
6,351,313.515,1.402,5.091659e-06,4.029163e-06,3.879165e-06,9.966659e-06,5.233328e-06,1.0349997e-05,1.006666e-05,8.508333e-06,8.841665e-06,9.05416e-06,1.0662492e-05,1.0349997e-05,9.479165e-06,7.241662e-06,9.762493e-06,9.104165e-06
6,352,313.675,1.404,5.074994e-06,4.058329e-06,3.833326e-06,9.991661e-06,5.254165e-06,1.0358325e-05,1.0037494e-05,8.508333e-06,8.879161e-06,9.045832e-06,1.0633325e-05,1.0358325e-05,9.491666e-06,7.270829e-06,9.787496e-06,9.124994e-06
6,353,313.835,1.406,5.120826e-06,4.037492e-06,3.870829e-06,9.962495e-06,5.25833e-06,1.040833e-05,1.013333e-05,8.529162e-06,8.86666e-06,9.058333e-06,1.0683329e-05,1.0404166e-05,9.524997e-06,7.308332e-06,9.816663e-06,9.154161e-06
6,354,313.994,1.408,5.091659e-06,4.087496e-06,3.845827e-06,1.0037494e-05,5.274995e-06,1.0404166e-05,1.0129165e-05,8.562493e-06,8.887498e-06,9.070825e-06,1.0683329e-05,1.0437497e-05,9.508331e-06,7.299996e-06,9.79166e-06,9.149996e-06
6,355,314.154,1.41,5.129163e-06,4.049993e-06,3.862492e-06,1.0079161e-05,5.274995e-06,1.0437497e-05,1.0170826e-05,8.595832e-06,8.941666e-06,9.087499e-06,1.0745827e-05,1.040833e-05,9.574994e-06,7.374994e-06,9.829164e-06,9.195828e-06
6,356,314.314,1.412,5.124998e-06,4.066666e-06,3.88333e-06,1.0062496e-05,5.329164e-06,1.0433332e-05,1.0195828e-05,8.566665e-06,8.820828e-06,9.045832e-06,1.0741663e-05,1.0449998e-05,9.516661e-06,7.329162e-06,9.85833e-06,9.170826e-06
6,357,314.474,1.414,5.158329e-06,4.099997e-06,3.858328e-06,1.0079161e-05,5.312499e-06,1.0454162e-05,1.0183327e-05,8.587495e-06,8.941666e-06,9.124994e-06,1.0741663e-05,1.0466663e-05,9.562493e-06,7.366665e-06,9.866659e-06,9.237496e-06
6,358,314.634,1.416,5.195832e-06,4.099997e-06,3.887495e-06,1.0099999e-05,5.212498e-06,1.0462499e-05,1.0166661e-05,8.633328e-06,8.93333e-06,9.133331e-06,1.0754164e-05,1.0454162e-05,9.599996e-06,7.391659e-06,9.87916e-06,9.216667e-06
6,359,314.794,1.418,5.129163e-06,4.087496e-06,3.854163e-06,1.0158332e-05,5.333328e-06,1.0491665e-05,1.0245832e-05,8.645829e-06,8.949995e-06,9.12083e-06,1.0779167e-05,1.0541661e-05,9.595831e-06,7.391659e-06,9.841665e-06,9.237496e-06
6,360,314.953,1.42,5.229163e-06,4.116662e-06,3.895831e-06,1.0183327e-05,5.333328e-06,1.0549998e-05,1.0308329e-05,8.716663e-06,9.012492e-06,9.195828e-06,1.0841663e-05,1.0541661e-05,9.566665e-06,7.391659e-06,9.920827e-06,9.279163e-06
6,361,315.113,1.422,5.204161e-06,4.124999e-06,3.933326e-06,1.0170826e-05,5.395826e-06,1.058333e-05,1.0295828e-05,8.741665e-06,8.983326e-06,9.208329e-06,1.0816661e-05,1.0587493e-05,9.654164e-06,7.437499e-06,9.929165e-06,9.287493e-06
6,362,315.273,1.424,5.262494e-06,4.124999e-06,3.924998e-06,1.0254161e-05,5.420828e-06,1.0612495e-05,1.0354162e-05,8.733328e-06,9.045832e-06,9.229159e-06,1.0899997e-05,1.0566664e-05,9.662493e-06,7.474995e-06,9.95833e-06,9.345826e-06
6,363,315.433,1.426,5.233328e-06,4.120827e-06,3.937499e-06,1.0224994e-05,5.441666e-06,1.0595831e-05,1.0316666e-05,8.77916e-06,9.02083e-06,9.22083e-06,1.0862494e-05,1.0591666e-05,9.679158e-06,7.487496e-06,9.970832e-06,9.316659e-06
6,364,315.593,1.428,5.27916e-06,4.170831e-06,3.924998e-06,1.0208329e-05,5.429165e-06,1.0570828e-05,1.0345832e-05,8.774996e-06,9.066661e-06,9.245833e-06,1.0920827e-05,1.0633325e-05,9.720826e-06,7.499997e-06,9.974996e-06,9.349998e-06
6,365,315.752,1.43,5.270831e-06,4.079159e-06,3.983331e-06,1.0266662e-05,5.44583e-06,1.0691659e-05,1.040833e-05,8.837494e-06,9.083326e-06,9.283328e-06,1.0924999e-05,1.0579165e-05,9.716662e-06,7.512498e-06,1.0020828e-05,9.404159e-06
6,366,315.912,1.432,5.283332e-06,4.149993e-06,3.954164e-06,1.0279163e-05,5.46666e-06,1.0679166e-05,1.0433332e-05,8.829164e-06,9.074998e-06,9.283328e-06,1.0937492e-05,1.0674993e-05,9.75833e-06,7.545829e-06,1.0024993e-05,9.424996e-06
6,367,316.072,1.434,5.35833e-06,4.208326e-06,3.966665e-06,1.0362498e-05,5.470832e-06,1.0720825e-05,1.0437497e-05,8.84583e-06,9.066661e-06,9.258326e-06,1.0966659e-05,1.0687494e-05,9.75833e-06,7.562494e-06,1.0004163e-05,9.41666e-06
6,368,316.232,1.436,5.316663e-06,4.183332e-06,3.987495e-06,1.032083e-05,5.487498e-06,1.0691659e-05,1.0466663e-05,8.879161e-06,9.083326e-06,9.316659e-06,1.0983332e-05,1.0733326e-05,9.795833e-06,7.562494e-06,1.0062496e-05,9.454163e-06
6,369,316.392,1.438,5.35833e-06,4.204162e-06,3.979158e-06,1.0362498e-05,5.487498e-06,1.0724997e-05,1.049583e-05,8.887498e-06,9.129159e-06,9.283328e-06,1.1004162e-05,1.078333e-05,9.787496e-06,7.595825e-06,1.0074997e-05,9.449998e-06
6,370,316.551,1.44,5.341665e-06,4.170831e-06,3.987495e-06,1.0299993e-05,5.53333e-06,1.0799996e-05,1.0508331e-05,8.912491e-06,9.137495e-06,9.349998e-06,1.1012498e-05,1.0779167e-05,9.812498e-06,7.629164e-06,1.0083326e-05,9.462499e-06
6,371,316.711,1.442,5.341665e-06,4.204162e-06,3.983331e-06,1.0412495e-05,5.537494e-06,1.0745827e-05,1.0558327e-05,8.949995e-06,9.154161e-06,9.349998e-06,1.0991661e-05,1.0774994e-05,9.812498e-06,7.616663e-06,1.0116664e-05,9.483329e-06
6,372,316.871,1.444,5.408327e-06,4.220828e-06,4.016661e-06,1.0458326e-05,5.558332e-06,1.0829162e-05,1.0574992e-05,8.945831e-06,9.191665e-06,9.287493e-06,1.106666e-05,1.0837499e-05,9.883332e-06,7.645829e-06,1.0120829e-05,9.524997e-06
6,373,317.031,1.446,5.37916e-06,4.224992e-06,4.029163e-06,1.0441661e-05,5.558332e-06,1.0787495e-05,1.0558327e-05,8.983326e-06,9.179163e-06,9.408331e-06,1.1095826e-05,1.080416e-05,9.854166e-06,7.633328e-06,1.0149995e-05,9.499995e-06
6,374,317.191,1.448,5.433329e-06,4.233329e-06,4.045828e-06,1.0479164e-05,5.558332e-06,1.0849993e-05,1.0633325e-05,8.991663e-06,9.204166e-06,9.399994e-06,1.1112499e-05,1.0854164e-05,9.87916e-06,7.720828e-06,1.0083326e-05,9.549999e-06
6,375,317.351,1.45,5.408327e-06,4.216663e-06,4.054165e-06,1.0462499e-05,5.599999e-06,1.0837499e-05,1.0599994e-05,9.008329e-06,9.199993e-06,9.408331e-06,1.1158331e-05,1.0866665e-05,9.891661e-06,7.591661e-06,1.0158332e-05,9.520832e-06
6,376,317.51,1.452,5.458331e-06,4.220828e-06,4.024998e-06,1.0537497e-05,5.629166e-06,1.0883331e-05,1.0620833e-05,9.045832e-06,9.258326e-06,9.41666e-06,1.1141666e-05,1.089166e-05,9.904162e-06,7.733329e-06,1.0187498e-05,9.587495e-06
6,377,317.67,1.454,5.44583e-06,4.216663e-06,4.058329e-06,1.0533333e-05,5.620829e-06,1.0954165e-05,1.0666665e-05,9.116666e-06,9.245833e-06,9.324996e-06,1.1208328e-05,1.0916662e-05,9.945829e-06,7.724992e-06,1.0199992e-05,9.612497e-06
6,378,317.83,1.456,5.470832e-06,4.266659e-06,4.066666e-06,1.0566664e-05,5.679162e-06,1.0941664e-05,1.0691659e-05,9.070825e-06,9.270827e-06,9.483329e-06,1.1141666e-05,1.095833e-05,9.941666e-06,7.741666e-06,1.0237495e-05,9.574994e-06
6,379,317.99,1.458,5.420828e-06,4.237493e-06,4.024998e-06,1.0608332e-05,5.637495e-06,1.0866665e-05,1.0679166e-05,9.091664e-06,9.270827e-06,9.41666e-06,1.1179161e-05,1.0908326e-05,9.899998e-06,7.783326e-06,1.0204164e-05,9.574994e-06
6,380,318.15,1.46,5.512492e-06,4.295826e-06,4.09166e-06,1.0566664e-05,5.666661e-06,1.0949993e-05,1.0737499e-05,9.145832e-06,9.270827e-06,9.512496e-06,1.1245831e-05,1.0929163e-05,1.00125e-05,7.754159e-06,1.0237495e-05,9.649992e-06
6,381,318.309,1.462,5.499999e-06,4.304163e-06,4.095833e-06,1.0649999e-05,5.691663e-06,1.0995833e-05,1.0758328e-05,9.162498e-06,9.324996e-06,9.50416e-06,1.1262497e-05,1.0995833e-05,9.983333e-06,7.808328e-06,1.0274998e-05,9.67083e-06
6,382,318.469,1.464,5.591663e-06,4.329165e-06,4.116662e-06,1.0679166e-05,5.704164e-06,1.1024999e-05,1.0729162e-05,9.204166e-06,9.30833e-06,9.516661e-06,1.1295827e-05,1.1020828e-05,1.0016664e-05,7.816664e-06,1.0270826e-05,9.67083e-06
6,383,318.629,1.466,5.524993e-06,4.266659e-06,4.079159e-06,1.0641662e-05,5.74166e-06,1.1008327e-05,1.0787495e-05,9.166662e-06,9.333332e-06,9.537498e-06,1.1279162e-05,1.1016663e-05,1.0020828e-05,7.829165e-06,1.0274998e-05,9.654164e-06
6,384,318.789,1.468,5.591663e-06,4.349994e-06,4.099997e-06,1.0674993e-05,5.695828e-06,1.1041665e-05,1.0808333e-05,9.212494e-06,9.379164e-06,9.516661e-06,1.1316665e-05,1.1054166e-05,1.006666e-05,7.879162e-06,1.0266662e-05,9.745829e-06
6,385,318.949,1.47,5.55416e-06,4.329165e-06,4.145829e-06,1.0691659e-05,5.749996e-06,1.1024999e-05,1.0820826e-05,9.249997e-06,9.324996e-06,9.595831e-06,1.1341659e-05,1.1087497e-05,1.0087498e-05,7.849995e-06,1.0304165e-05,9.729163e-06
6,386,319.109,1.472,5.620829e-06,4.34583e-06,4.058329e-06,1.0679166e-05,5.766662e-06,1.1120828e-05,1.087083e-05,9.270827e-06,9.362499e-06,9.58333e-06,1.1345832e-05,1.1108327e-05,1.0070833e-05,7.845831e-06,1.0337496e-05,9.783332e-06
6,387,319.268,1.474,5.649996e-06,4.379161e-06,4.170831e-06,1.0779167e-05,5.795829e-06,1.1133329e-05,1.0895832e-05,9.337497e-06,9.41666e-06,9.620825e-06,1.1366661e-05,1.1104163e-05,1.0124993e-05,7.891663e-06,1.0312494e-05,9.779159e-06
6,388,319.428,1.476,5.616665e-06,4.374997e-06,4.145829e-06,1.0745827e-05,5.787492e-06,1.1141666e-05,1.0916662e-05,9.30833e-06,9.412495e-06,9.60416e-06,1.1374998e-05,1.1141666e-05,1.0108328e-05,7.883326e-06,1.0345832e-05,9.766666e-06
6,389,319.588,1.478,5.670825e-06,4.36666e-06,4.141665e-06,1.0799996e-05,5.799993e-06,1.1158331e-05,1.0924999e-05,9.358327e-06,9.445826e-06,9.637499e-06,1.1458325e-05,1.1183325e-05,1.0145831e-05,7.94166e-06,1.0420831e-05,9.837492e-06
6,390,319.748,1.48,5.687499e-06,4.412492e-06,4.162494e-06,1.0812497e-05,5.854161e-06,1.1158331e-05,1.0966659e-05,9.362499e-06,9.437497e-06,9.641663e-06,1.142083e-05,1.116666e-05,1.0170826e-05,7.949996e-06,1.0412495e-05,9.816663e-06
6,391,319.908,1.482,5.724994e-06,4.416665e-06,4.183332e-06,1.0874995e-05,5.833332e-06,1.123333e-05,1.0983332e-05,9.358327e-06,9.466664e-06,9.683331e-06,1.1483327e-05,1.1212492e-05,1.015416e-05,7.954161e-06,1.0429159e-05,9.866659e-06
6,392,320.067,1.484,5.637495e-06,4.391662e-06,4.212499e-06,1.0858329e-05,5.879164e-06,1.1258332e-05,1.0983332e-05,9.466664e-06,9.483329e-06,9.687496e-06,1.1483327e-05,1.1245831e-05,1.0174997e-05,7.983327e-06,1.0454162e-05,9.866659e-06
6,393,320.227,1.486,5.724994e-06,4.399999e-06,4.233329e-06,1.0883331e-05,5.920831e-06,1.1229165e-05,1.1029164e-05,9.445826e-06,9.487494e-06,9.699997e-06,1.1512494e-05,1.1258332e-05,1.0187498e-05,7.987499e-06,1.0424996e-05,9.874995e-06
6,394,320.387,1.488,5.733331e-06,4.429166e-06,4.237493e-06,1.0904161e-05,5.912495e-06,1.1270833e-05,1.1029164e-05,9.41666e-06,9.479165e-06,9.687496e-06,1.1516667e-05,1.1258332e-05,1.0224994e-05,7.991664e-06,1.0462499e-05,9.887497e-06
6,395,320.547,1.49,5.708329e-06,4.45416e-06,4.15833e-06,1.0904161e-05,5.862498e-06,1.1241658e-05,1.1058331e-05,9.454163e-06,9.524997e-06,9.716662e-06,1.152916e-05,1.132083e-05,1.0224994e-05,8.024995e-06,1.0516659e-05,9.904162e-06
6,396,320.707,1.492,5.787492e-06,4.441659e-06,4.220828e-06,1.0937492e-05,5.912495e-06,1.13e-05,1.1037493e-05,9.508331e-06,9.549999e-06,9.724999e-06,1.1554162e-05,1.1274998e-05,1.0229166e-05,8.045832e-06,1.0424996e-05,9.929165e-06
6,397,320.866,1.494,5.795829e-06,4.462496e-06,4.241665e-06,1.0937492e-05,5.920831e-06,1.1304164e-05,1.104583e-05,9.487494e-06,9.537498e-06,9.754165e-06,1.1562498e-05,1.1329166e-05,1.0191663e-05,8.062498e-06,1.0412495e-05,9.916663e-06
6,398,321.026,1.496,5.766662e-06,4.445831e-06,4.212499e-06,1.0974995e-05,5.966663e-06,1.1333331e-05,1.1116664e-05,9.533326e-06,9.58333e-06,9.75833e-06,1.1604166e-05,1.1341659e-05,1.0270826e-05,8.104165e-06,1.0504166e-05,9.945829e-06
6,399,321.186,1.498,5.845833e-06,4.470825e-06,4.287497e-06,1.0966659e-05,5.949998e-06,1.1358333e-05,1.1091662e-05,9.524997e-06,9.58333e-06,9.683331e-06,1.1641661e-05,1.1383327e-05,1.0316666e-05,8.099993e-06,1.0533333e-05,9.999999e-06
6,400,321.346,1.5,5.80833e-06,4.499992e-06,4.258331e-06,1.0991661e-05,6.004159e-06,1.1324993e-05,1.1099998e-05,9.554164e-06,9.58333e-06,9.754165e-06,1.160833e-05,1.1387499e-05,1.0258333e-05,8.112494e-06,1.0520832e-05,9.962495e-06
6,401,321.506,1.498,5.733331e-06,4.408328e-06,4.249994e-06,1.0933328e-05,5.962499e-06,1.1308328e-05,1.1058331e-05,9.520832e-06,9.570829e-06,9.745829e-06,1.1599994e-05,1.1345832e-05,1.0279163e-05,8.091664e-06,1.0508331e-05,9.95833e-06
6,402,321.666,1.496,5.745832e-06,4.43333e-06,4.212499e-06,1.0879159e-05,5.904166e-06,1.1333331e-05,1.1083333e-05,9.50416e-06,9.516661e-06,9.741664e-06,1.1575e-05,1.1345832e-05,1.0212493e-05,8.058326e-06,1.0537497e-05,9.949994e-06
6,403,321.825,1.494,5.724994e-06,4.329165e-06,4.208326e-06,1.0924999e-05,5.891665e-06,1.1295827e-05,1.1058331e-05,9.470828e-06,9.554164e-06,9.724999e-06,1.1545833e-05,1.1324993e-05,1.024166e-05,8.066662e-06,1.0483329e-05,9.929165e-06
6,404,321.985,1.492,5.691663e-06,4.354159e-06,4.170831e-06,1.080416e-05,5.904166e-06,1.1279162e-05,1.1033329e-05,9.454163e-06,9.487494e-06,9.662493e-06,1.1558326e-05,1.1308328e-05,1.0254161e-05,8.012494e-06,1.0487493e-05,9.916663e-06
6,405,322.145,1.49,5.716666e-06,4.395827e-06,4.149993e-06,1.0904161e-05,5.891665e-06,1.1270833e-05,1.1016663e-05,9.420832e-06,9.491666e-06,9.699997e-06,1.1462498e-05,1.126666e-05,1.0187498e-05,8.024995e-06,1.0470828e-05,9.904162e-06
6,406,322.305,1.488,5.679162e-06,4.387498e-06,4.15833e-06,1.0808333e-05,5.854161e-06,1.1258332e-05,1.104583e-05,9.433325e-06,9.49583e-06,9.695832e-06,1.1512494e-05,1.1254159e-05,1.0170826e-05,8.012494e-06,1.0429159e-05,9.887497e-06
6,407,322.465,1.486,5.658333e-06,4.391662e-06,4.15833e-06,1.0833327e-05,5.833332e-06,1.123333e-05,1.1037493e-05,9.462499e-06,9.479165e-06,9.67083e-06,1.1491664e-05,1.1249996e-05,1.0174997e-05,7.970826e-06,1.0437497e-05,9.783332e-06
6,408,322.624,1.484,5.624994e-06,4.383326e-06,4.17916e-06,1.0849993e-05,5.80833e-06,1.1170832e-05,1.0949993e-05,9.420832e-06,9.474993e-06,9.629162e-06,1.1470826e-05,1.1199999e-05,1.0162496e-05,7.983327e-06,1.0399994e-05,9.862494e-06
6,409,322.784,1.482,5.629166e-06,4.337493e-06,4.17916e-06,1.0779167e-05,5.791664e-06,1.1158331e-05,1.0916662e-05,9.404159e-06,9.445826e-06,9.624998e-06,1.1404165e-05,1.1095826e-05,1.0149995e-05,7.954161e-06,1.0387492e-05,9.829164e-06
6,410,322.944,1.48,5.583326e-06,4.337493e-06,4.112498e-06,1.0762493e-05,5.833332e-06,1.114583e-05,1.0933328e-05,9.32916e-06,9.379164e-06,9.608332e-06,1.1399992e-05,1.1187498e-05,1.0129165e-05,7.949996e-06,1.0387492e-05,9.804161e-06
6,411,323.104,1.478,5.604164e-06,4.333329e-06,4.087496e-06,1.0712496e-05,5.824995e-06,1.1162496e-05,1.0895832e-05,9.333332e-06,9.420832e-06,9.641663e-06,1.1404165e-05,1.1187498e-05,1.0112492e-05,7.929166e-06,1.0395829e-05,9.808326e-06
6,412,323.264,1.476,5.583326e-06,4.329165e-06,4.087496e-06,1.0699995e-05,5.791664e-06,1.1079161e-05,1.089166e-05,9.295829e-06,9.379164e-06,9.587495e-06,1.1362497e-05,1.1158331e-05,1.006666e-05,7.879162e-06,1.0358325e-05,9.699997e-06
6,413,323.423,1.474,5.570825e-06,4.316664e-06,4.029163e-06,1.0733326e-05,5.745832e-06,1.1091662e-05,1.0837499e-05,9.258326e-06,9.383329e-06,9.574994e-06,1.1366661e-05,1.1062495e-05,9.999999e-06,7.874997e-06,1.0295828e-05,9.774994e-06
6,414,323.583,1.472,5.508327e-06,4.283325e-06,4.049993e-06,1.0649999e-05,5.737495e-06,1.1020828e-05,1.0808333e-05,9.249997e-06,9.333332e-06,9.516661e-06,1.1245831e-05,1.1058331e-05,1.004583e-05,7.816664e-06,1.0316666e-05,9.7375e-06
6,415,323.743,1.47,5.524993e-06,4.27916e-06,4.09166e-06,1.0645826e-05,5.758325e-06,1.1004162e-05,1.080416e-05,9.187492e-06,9.320831e-06,9.529162e-06,1.1291663e-05,1.1070832e-05,1.0049995e-05,7.837494e-06,1.0304165e-05,9.708333e-06
6,416,323.903,1.468,5.545831e-06,4.283325e-06,4.079159e-06,1.0633325e-05,5.666661e-06,1.0999997e-05,1.0754164e-05,9.245833e-06,9.333332e-06,9.549999e-06,1.126666e-05,1.1029164e-05,1.0020828e-05,7.799999e-06,1.0274998e-05,9.695832e-06
6,417,324.063,1.466,5.458331e-06,4.224992e-06,4.020826e-06,1.0608332e-05,5.662497e-06,1.095833e-05,1.0787495e-05,9.195828e-06,9.337497e-06,9.541663e-06,1.1279162e-05,1.1037493e-05,1.0008327e-05,7.83333e-06,1.0254161e-05,9.658329e-06
6,418,324.223,1.464,5.483325e-06,4.283325e-06,4.062494e-06,1.0645826e-05,5.65416e-06,1.104583e-05,1.0754164e-05,9.162498e-06,9.32916e-06,9.520832e-06,1.1283326e-05,1.1020828e-05,9.995826e-06,7.812492e-06,1.0283327e-05,9.695832e-06
6,419,324.382,1.462,5.487498e-06,4.195825e-06,4.079159e-06,1.0541661e-05,5.674998e-06,1.0970831e-05,1.0729162e-05,9.149996e-06,9.295829e-06,9.537498e-06,1.1224993e-05,1.0983332e-05,9.974996e-06,7.779161e-06,1.0279163e-05,9.645828e-06
6,420,324.542,1.46,5.499999e-06,4.24583e-06,4.012497e-06,1.0574992e-05,5.687499e-06,1.097916e-05,1.0745827e-05,9.099992e-06,9.316659e-06,9.466664e-06,1.1241658e-05,1.0933328e-05,9.954158e-06,7.76666e-06,1.0199992e-05,9.58333e-06
6,421,324.702,1.458,5.441666e-06,4.15833e-06,4.020826e-06,1.0558327e-05,5.65416e-06,1.0908326e-05,1.0683329e-05,9.104165e-06,9.254161e-06,9.483329e-06,1.1216664e-05,1.0933328e-05,9.954158e-06,7.774996e-06,1.0229166e-05,9.624998e-06
6,422,324.862,1.456,5.433329e-06,4.283325e-06,4.049993e-06,1.0574992e-05,5.595827e-06,1.0933328e-05,1.0666665e-05,9.05416e-06,9.266662e-06,9.441662e-06,1.1195826e-05,1.0949993e-05,9.95833e-06,7.76666e-06,1.0187498e-05,9.612497e-06
6,423,325.022,1.454,5.429165e-06,4.229164e-06,4.00416e-06,1.0524996e-05,5.604164e-06,1.0924999e-05,1.0620833e-05,9.091664e-06,9.22083e-06,9.458327e-06,1.1179161e-05,1.087083e-05,9.916663e-06,7.708327e-06,1.0199992e-05,9.487494e-06
6,424,325.181,1.452,5.420828e-06,4.154166e-06,3.958329e-06,1.0541661e-05,5.637495e-06,1.0866665e-05,1.061666e-05,9.033331e-06,9.191665e-06,9.424996e-06,1.1091662e-05,1.0879159e-05,9.87916e-06,7.708327e-06,1.0187498e-05,9.566665e-06
6,425,325.341,1.45,5.404162e-06,4.17916e-06,4.024998e-06,1.0504166e-05,5.545831e-06,1.0841663e-05,1.0599994e-05,8.999999e-06,9.212494e-06,9.354162e-06,1.1104163e-05,1.0795831e-05,9.854166e-06,7.662495e-06,1.0108328e-05,9.554164e-06
6,426,325.501,1.448,5.412499e-06,4.199997e-06,4.029163e-06,1.0479164e-05,5.579162e-06,1.0845828e-05,1.0608332e-05,8.991663e-06,9.170826e-06,9.370828e-06,1.1099998e-05,1.0862494e-05,9.87916e-06,7.649994e-06,1.0149995e-05,9.533326e-06
6,427,325.661,1.446,5.362495e-06,4.187496e-06,3.974994e-06,1.040833e-05,5.529165e-06,1.0841663e-05,1.0524996e-05,8.937494e-06,9.162498e-06,9.358327e-06,1.1099998e-05,1.0820826e-05,9.812498e-06,7.662495e-06,1.0124993e-05,9.516661e-06
6,428,325.821,1.444,5.370831e-06,4.116662e-06,3.974994e-06,1.0441661e-05,5.529165e-06,1.0824998e-05,1.052916e-05,8.987498e-06,9.133331e-06,9.345826e-06,1.1058331e-05,1.0791659e-05,9.820827e-06,7.624992e-06,1.0070833e-05,9.424996e-06
6,429,325.98,1.442,5.295825e-06,4.17916e-06,3.941663e-06,1.040833e-05,5.479161e-06,1.0758328e-05,1.0504166e-05,8.949995e-06,9.145832e-06,9.337497e-06,1.0991661e-05,1.0779167e-05,9.770831e-06,7.608326e-06,1.0108328e-05,9.462499e-06
6,430,326.14,1.44,5.35833e-06,4.133328e-06,4.008325e-06,1.0429159e-05,5.512492e-06,1.078333e-05,1.0512495e-05,8.974997e-06,9.149996e-06,9.299994e-06,1.1049994e-05,1.0766666e-05,9.808326e-06,7.554166e-06,1.0074997e-05,9.462499e-06
6,431,326.3,1.438,5.304162e-06,4.129163e-06,3.958329e-06,1.0337496e-05,5.46666e-06,1.075e-05,1.0504166e-05,8.833329e-06,9.087499e-06,9.266662e-06,1.0974995e-05,1.0745827e-05,9.787496e-06,7.554166e-06,1.0070833e-05,9.412495e-06
6,432,326.46,1.436,5.291661e-06,4.149993e-06,3.933326e-06,1.032083e-05,5.441666e-06,1.0708332e-05,1.0441661e-05,8.837494e-06,9.116666e-06,9.295829e-06,1.1016663e-05,1.0724997e-05,9.745829e-06,7.566658e-06,1.0058331e-05,9.437497e-06
6,433,326.62,1.434,5.291661e-06,4.129163e-06,3.962493e-06,1.032083e-05,5.483325e-06,1.0699995e-05,1.0324995e-05,8.887498e-06,9.083326e-06,9.299994e-06,1.0974995e-05,1.0712496e-05,9.741664e-06,7.524999e-06,1.0024993e-05,9.32916e-06
6,434,326.78,1.432,5.216662e-06,4.087496e-06,3.912497e-06,1.032083e-05,5.433329e-06,1.0679166e-05,1.0416658e-05,8.820828e-06,9.05416e-06,9.254161e-06,1.0970831e-05,1.0645826e-05,9.724999e-06,7.554166e-06,1.00125e-05,9.399994e-06
6,435,326.939,1.43,5.233328e-06,4.020826e-06,3.837498e-06,1.0283327e-05,5.412499e-06,1.0670828e-05,1.0399994e-05,8.841665e-06,9.012492e-06,9.233332e-06,1.0908326e-05,1.0558327e-05,9.691659e-06,7.458329e-06,1.0004163e-05,9.383329e-06
6,436,327.099,1.428,5.216662e-06,4.129163e-06,3.879165e-06,1.0249996e-05,5.395826e-06,1.0629161e-05,1.040833e-05,8.820828e-06,9.016665e-06,9.208329e-06,1.0862494e-05,1.0658327e-05,9.687496e-06,7.508326e-06,1.0016664e-05,9.374992e-06
6,437,327.259,1.426,5.216662e-06,4.104161e-06,3.937499e-06,1.0274998e-05,5.395826e-06,1.0658327e-05,1.0333331e-05,8.699997e-06,9.058333e-06,9.229159e-06,1.0908326e-05,1.0608332e-05,9.687496e-06,7.499997e-06,9.970832e-06,9.362499e-06
6,438,327.419,1.424,5.179159e-06,4.09166e-06,3.941663e-06,1.0195828e-05,5.374996e-06,1.061666e-05,1.0324995e-05,8.75833e-06,8.991663e-06,9.187492e-06,1.0879159e-05,1.0591666e-05,9.691659e-06,7.445828e-06,9.933328e-06,9.258326e-06
6,439,327.579,1.422,5.120826e-06,4.112498e-06,3.862492e-06,1.0166661e-05,5.295825e-06,1.0579165e-05,1.0333331e-05,8.729164e-06,8.979162e-06,9.14166e-06,1.0854164e-05,1.058333e-05,9.629162e-06,7.437499e-06,9.87916e-06,9.270827e-06
6,440,327.738,1.42,5.183331e-06,4.054165e-06,3.895831e-06,1.0195828e-05,5.366659e-06,1.0587493e-05,1.0283327e-05,8.724999e-06,8.96666e-06,9.174999e-06,1.0849993e-05,1.0516659e-05,9.629162e-06,7.395832e-06,9.937493e-06,9.283328e-06
6,441,327.898,1.418,5.129163e-06,4.079159e-06,3.88333e-06,1.0158332e-05,5.337492e-06,1.0524996e-05,1.0245832e-05,8.641664e-06,8.96666e-06,9.145832e-06,1.0720825e-05,1.0533333e-05,9.608332e-06,7.387495e-06,9.887497e-06,9.22083e-06
6,442,328.058,1.416,5.108333e-06,4.037492e-06,3.895831e-06,1.0141659e-05,5.283332e-06,1.052916e-05,1.024166e-05,8.666659e-06,8.93333e-06,9.045832e-06,1.0774994e-05,1.0524996e-05,9.595831e-06,7.379158e-06,9.849993e-06,9.249997e-06
6,443,328.218,1.414,5.054164e-06,4.062494e-06,3.88333e-06,1.0116664e-05,5.312499e-06,1.0479164e-05,1.022083e-05,8.645829e-06,8.920829e-06,9.14166e-06,1.0724997e-05,1.0474992e-05,9.566665e-06,7.324998e-06,9.862494e-06,9.216667e-06
6,444,328.378,1.412,5.116661e-06,4.058329e-06,3.833326e-06,1.0095827e-05,5.299997e-06,1.0441661e-05,1.0204164e-05,8.624998e-06,8.904163e-06,9.112493e-06,1.0737499e-05,1.0483329e-05,9.562493e-06,7.362493e-06,9.770831e-06,9.179163e-06
6,445,328.538,1.41,5.07083e-06,4.012497e-06,3.837498e-06,1.0020828e-05,5.295825e-06,1.0462499e-05,1.0141659e-05,8.59166e-06,8.895826e-06,9.091664e-06,1.0745827e-05,1.0412495e-05,9.520832e-06,7.262492e-06,9.812498e-06,9.204166e-06
6,446,328.697,1.408,5.095832e-06,4.012497e-06,3.829161e-06,1.0037494e-05,5.249993e-06,1.0387492e-05,1.0141659e-05,8.57083e-06,8.874997e-06,9.087499e-06,1.0699995e-05,1.0412495e-05,9.516661e-06,7.30416e-06,9.812498e-06,9.145832e-06
6,447,328.857,1.406,5.033326e-06,4.020826e-06,3.808331e-06,9.999999e-06,5.216662e-06,1.0370827e-05,1.0091662e-05,8.516661e-06,8.84583e-06,9.004164e-06,1.0658327e-05,1.0379164e-05,9.491666e-06,7.295831e-06,9.774994e-06,9.170826e-06
6,448,329.017,1.404,5.012496e-06,3.954164e-06,3.770828e-06,9.954158e-06,5.216662e-06,1.0349997e-05,1.0079161e-05,8.499996e-06,8.816663e-06,9.024993e-06,1.0662492e-05,1.0370827e-05,9.466664e-06,7.262492e-06,9.787496e-06,9.070825e-06
6,449,329.177,1.402,5.041663e-06,3.995832e-06,3.799995e-06,9.97916e-06,5.187495e-06,1.0279163e-05,1.0095827e-05,8.520826e-06,8.849995e-06,9.029166e-06,1.0691659e-05,1.032916e-05,9.479165e-06,7.266664e-06,9.745829e-06,9.116666e-06
6,450,329.337,1.4,5.016661e-06,3.954164e-06,3.758327e-06,9.87916e-06,5.174994e-06,1.0312494e-05,1.0029165e-05,8.479166e-06,8.762495e-06,8.96666e-06,1.0595831e-05,1.0304165e-05,9.479165e-06,7.21666e-06,9.7375e-06,9.083326e-06
6,451,329.496,1.398,4.991658e-06,3.974994e-06,3.766664e-06,9.933328e-06,5.187495e-06,1.032916e-05,9.995826e-06,8.420833e-06,8.787497e-06,8.941666e-06,1.0554163e-05,1.0333331e-05,9.412495e-06,7.170828e-06,9.691659e-06,9.066661e-06
6,452,329.656,1.396,4.987494e-06,3.958329e-06,3.787494e-06,9.899998e-06,5.158329e-06,1.0266662e-05,9.97916e-06,8.45e-06,8.733328e-06,8.945831e-06,1.058333e-05,1.0245832e-05,9.391665e-06,7.166664e-06,9.674995e-06,9.041659e-06
6,453,329.816,1.394,4.954163e-06,3.920825e-06,3.754163e-06,9.845829e-06,5.179159e-06,1.0224994e-05,9.941666e-06,8.374993e-06,8.749994e-06,8.937494e-06,1.0541661e-05,1.0266662e-05,9.399994e-06,7.133333e-06,9.708333e-06,9.012492e-06
6,454,329.976,1.392,4.966664e-06,3.958329e-06,3.71666e-06,9.854166e-06,5.099996e-06,1.0216665e-05,9.904162e-06,8.387494e-06,8.749994e-06,8.924992e-06,1.0545826e-05,1.0224994e-05,9.374992e-06,7.1625e-06,9.666665e-06,8.979162e-06
6,455,330.136,1.39,4.920832e-06,3.924998e-06,3.766664e-06,9.795833e-06,5.058328e-06,1.0224994e-05,9.95833e-06,8.391658e-06,8.699997e-06,8.920829e-06,1.0516659e-05,1.0170826e-05,9.370828e-06,7.145826e-06,9.67083e-06,8.983326e-06
6,456,330.295,1.388,4.954163e-06,3.908332e-06,3.666663e-06,9.808326e-06,5.10416e-06,1.0179162e-05,9.874995e-06,8.329161e-06,8.708326e-06,8.895826e-06,1.0499994e-05,1.0195828e-05,9.295829e-06,7.104159e-06,9.633327e-06,8.958332e-06
6,457,330.455,1.386,4.941662e-06,3.887495e-06,3.754163e-06,9.779159e-06,5.079166e-06,1.015416e-05,9.866659e-06,8.308331e-06,8.65833e-06,8.858331e-06,1.0449998e-05,1.0104163e-05,9.320831e-06,7.083328e-06,9.591659e-06,8.93333e-06
6,458,330.615,1.384,4.833333e-06,3.90416e-06,3.712495e-06,9.749992e-06,5.079166e-06,1.0129165e-05,9.812498e-06,8.258326e-06,8.583331e-06,8.84583e-06,1.0391665e-05,1.0141659e-05,9.266662e-06,7.041661e-06,9.562493e-06,8.887498e-06
6,459,330.775,1.382,4.908331e-06,3.90416e-06,3.683329e-06,9.729163e-06,5.079166e-06,1.0099999e-05,9.79166e-06,8.19583e-06,8.608326e-06,8.837494e-06,1.0437497e-05,1.0104163e-05,9.254161e-06,7.070827e-06,9.574994e-06,8.899999e-06
6,460,330.935,1.38,4.845826e-06,3.90416e-06,3.708331e-06,9.691659e-06,5.058328e-06,1.0083326e-05,9.774994e-06,8.237497e-06,8.604161e-06,8.804162e-06,1.0395829e-05,1.0070833e-05,9.233332e-06,6.995829e-06,9.549999e-06,8.870832e-06
6,461,331.095,1.378,4.849998e-06,3.870829e-06,3.704158e-06,9.620825e-06,4.991658e-06,1.0079161e-05,9.754165e-06,8.204166e-06,8.583331e-06,8.791661e-06,1.0341661e-05,1.0041666e-05,9.204166e-06,6.995829e-06,9.516661e-06,8.833329e-06
6,462,331.254,1.376,4.812495e-06,3.858328e-06,3.712495e-06,9.587495e-06,4.98333e-06,9.987497e-06,9.691659e-06,8.199993e-06,8.57083e-06,8.77916e-06,1.0299993e-05,9.995826e-06,9.195828e-06,6.970827e-06,9.50416e-06,8.812499e-06
6,463,331.414,1.374,4.799994e-06,3.912497e-06,3.683329e-06,9.645828e-06,5.004159e-06,1.0016664e-05,9.733327e-06,8.162498e-06,8.512497e-06,8.766659e-06,1.0295828e-05,9.987497e-06,9.187492e-06,6.958326e-06,9.470828e-06,8.804162e-06
6,464,331.574,1.372,4.779164e-06,3.808331e-06,3.69583e-06,9.608332e-06,4.987494e-06,9.970832e-06,9.641663e-06,8.112494e-06,8.558329e-06,8.766659e-06,1.0304165e-05,9.945829e-06,9.162498e-06,6.933331e-06,9.470828e-06,8.808327e-06
6,465,331.734,1.37,4.766663e-06,3.870829e-06,3.69583e-06,9.562493e-06,4.991658e-06,9.874995e-06,9.608332e-06,8.120831e-06,8.516661e-06,8.733328e-06,1.0224994e-05,9.912499e-06,9.124994e-06,6.916666e-06,9.437497e-06,8.75833e-06
6,466,331.894,1.368,4.791665e-06,3.812496e-06,3.666663e-06,9.537498e-06,4.854162e-06,9.874995e-06,9.591659e-06,8.066662e-06,8.508333e-06,8.716663e-06,1.0224994e-05,9.929165e-06,9.14166e-06,6.883327e-06,9.387493e-06,8.733328e-06
6,467,332.053,1.366,4.716659e-06,3.829161e-06,3.549997e-06,9.508331e-06,4.879165e-06,9.883332e-06,9.570829e-06,8.058326e-06,8.470829e-06,8.65833e-06,1.0204164e-05,9.883332e-06,9.112493e-06,6.845832e-06,9.412495e-06,8.712498e-06
6,468,332.213,1.364,4.720831e-06,3.837498e-06,3.620831e-06,9.470828e-06,4.89583e-06,9.866659e-06,9.562493e-06,8.008329e-06,8.420833e-06,8.65833e-06,1.0183327e-05,9.845829e-06,9.037494e-06,6.866662e-06,9.370828e-06,8.674995e-06
6,469,332.373,1.362,4.749998e-06,3.81666e-06,3.658326e-06,9.479165e-06,4.899995e-06,9.85833e-06,9.491666e-06,8.004165e-06,8.408332e-06,8.645829e-06,1.0145831e-05,9.812498e-06,9.05416e-06,6.779162e-06,9.349998e-06,8.67916e-06
6,470,332.533,1.36,4.70833e-06,3.804159e-06,3.62916e-06,9.420832e-06,4.841661e-06,9.79166e-06,9.474993e-06,7.970826e-06,8.408332e-06,8.637492e-06,1.0079161e-05,9.808326e-06,9.05416e-06,6.812493e-06,9.362499e-06,8.654165e-06
6,471,332.693,1.358,4.712494e-06,3.81666e-06,3.579164e-06,9.441662e-06,4.845826e-06,9.795833e-06,9.474993e-06,7.974998e-06,8.408332e-06,8.579159e-06,1.0120829e-05,9.799997e-06,9.037494e-06,6.762496e-06,9.299994e-06,8.649993e-06
6,472,332.852,1.356,4.695829e-06,3.804159e-06,3.616659e-06,9.370828e-06,4.854162e-06,9.712498e-06,9.408331e-06,7.924994e-06,8.358327e-06,8.608326e-06,1.0099999e-05,9.745829e-06,9.004164e-06,6.75416e-06,9.333332e-06,8.604161e-06
6,473,333.012,1.354,4.674999e-06,3.812496e-06,3.633332e-06,9.399994e-06,4.837497e-06,9.754165e-06,9.445826e-06,7.883326e-06,8.354164e-06,8.545828e-06,1.0087498e-05,9.720826e-06,8.974997e-06,6.762496e-06,9.312495e-06,8.59166e-06
6,474,333.172,1.352,4.679163e-06,3.779165e-06,3.616659e-06,9.341661e-06,4.833333e-06,9.741664e-06,9.399994e-06,7.891663e-06,8.308331e-06,8.549992e-06,1.0054159e-05,9.745829e-06,8.991663e-06,6.720829e-06,9.283328e-06,8.604161e-06
6,475,333.332,1.35,4.649997e-06,3.808331e-06,3.591665e-06,9.283328e-06,4.820832e-06,9.654164e-06,9.362499e-06,7.816664e-06,8.333325e-06,8.57083e-06,1.0041666e-05,9.720826e-06,8.912491e-06,6.720829e-06,9.258326e-06,8.5375e-06
6,476,333.492,1.348,4.662498e-06,3.81666e-06,3.60833e-06,9.30833e-06,4.812495e-06,9.645828e-06,9.358327e-06,7.862496e-06,8.287493e-06,8.5375e-06,1.0020828e-05,9.687496e-06,8.954159e-06,6.720829e-06,9.208329e-06,8.554164e-06
6,477,333.652,1.346,4.645832e-06,3.758327e-06,3.533332e-06,9.304166e-06,4.804158e-06,9.608332e-06,9.345826e-06,7.85416e-06,8.287493e-06,8.529162e-06,1.0008327e-05,9.679158e-06,8.904163e-06,6.654159e-06,9.233332e-06,8.508333e-06
6,478,333.811,1.344,4.616666e-06,3.783329e-06,3.591665e-06,9.299994e-06,4.774992e-06,9.616661e-06,9.304166e-06,7.779161e-06,8.266664e-06,8.433326e-06,9.924992e-06,9.516661e-06,8.858331e-06,6.654159e-06,9.187492e-06,8.495832e-06
6,479,333.971,1.342,4.587499e-06,3.741662e-06,3.579164e-06,9.204166e-06,4.716659e-06,9.579166e-06,9.229159e-06,7.733329e-06,8.212495e-06,8.412496e-06,9.895825e-06,9.587495e-06,8.84583e-06,6.56666e-06,9.170826e-06,8.420833e-06
6,480,334.131,1.34,4.608329e-06,3.770828e-06,3.562498e-06,9.195828e-06,4.724996e-06,9.574994e-06,9.216667e-06,7.749994e-06,8.187492e-06,8.454163e-06,9.929165e-06,9.570829e-06,8.841665e-06,6.608327e-06,9.149996e-06,8.41666e-06
6,481,334.291,1.338,4.562497e-06,3.737497e-06,3.579164e-06,9.174999e-06,4.712494e-06,9.49583e-06,9.191665e-06,7.691661e-06,8.12916e-06,8.424998e-06,9.874995e-06,9.516661e-06,8.820828e-06,6.54583e-06,9.129159e-06,8.395831e-06
6,482,334.451,1.336,4.508328e-06,3.749998e-06,3.54166e-06,9.137495e-06,4.674999e-06,9.512496e-06,9.195828e-06,7.691661e-06,8.166663e-06,8.437499e-06,9.816663e-06,9.520832e-06,8.770831e-06,6.541665e-06,9.145832e-06,8.387494e-06
6,483,334.61,1.334,4.545832e-06,3.687493e-06,3.566662e-06,9.116666e-06,4.649997e-06,9.466664e-06,9.087499e-06,7.658331e-06,8.149997e-06,8.370828e-06,9.820827e-06,9.437497e-06,8.754166e-06,6.520828e-06,9.074998e-06,8.308331e-06
6,484,334.77,1.332,4.529158e-06,3.749998e-06,3.579164e-06,9.087499e-06,4.674999e-06,9.433325e-06,9.099992e-06,7.670832e-06,8.104165e-06,8.379166e-06,9.79166e-06,9.433325e-06,8.733328e-06,6.470831e-06,9.066661e-06,8.324997e-06
6,485,334.93,1.33,4.524994e-06,3.699994e-06,3.524995e-06,9.033331e-06,4.629159e-06,9.379164e-06,9.033331e-06,7.608326e-06,8.074999e-06,8.354164e-06,9.770831e-06,9.404159e-06,8.712498e-06,6.474996e-06,9.045832e-06,8.299994e-06
6,486,335.09,1.328,4.491663e-06,3.69583e-06,3.558326e-06,9.045832e-06,4.62083e-06,9.391665e-06,9.02083e-06,7.537492e-06,8.074999e-06,8.333325e-06,9.716662e-06,9.324996e-06,8.708326e-06,6.45833e-06,9.049996e-06,8.304159e-06
6,487,335.25,1.326,4.449995e-06,3.649998e-06,3.495828e-06,8.987498e-06,4.624995e-06,9.349998e-06,9.008329e-06,7.570831e-06,8.070827e-06,8.312496e-06,9.720826e-06,9.316659e-06,8.683332e-06,6.454166e-06,8.970833e-06,8.262499e-06
6,488,335.41,1.324,4.479162e-06,3.658326e-06,3.491664e-06,8.987498e-06,4.570826e-06,9.324996e-06,8.93333e-06,7.520827e-06,8.049997e-06,8.304159e-06,9.683331e-06,9.316659e-06,8.65833e-06,6.395833e-06,8.874997e-06,8.22916e-06
6,489,335.569,1.322,4.416665e-06,3.679164e-06,3.516658e-06,8.899999e-06,4.574998e-06,9.262498e-06,8.887498e-06,7.495833e-06,8.008329e-06,8.279165e-06,9.641663e-06,9.266662e-06,8.524998e-06,6.383332e-06,8.979162e-06,8.187492e-06
6,490,335.729,1.32,4.462496e-06,3.69583e-06,3.495828e-06,8.962496e-06,4.579163e-06,9.258326e-06,8.904163e-06,7.483332e-06,7.974998e-06,8.220832e-06,9.629162e-06,9.266662e-06,8.612497e-06,6.362494e-06,8.949995e-06,8.187492e-06
6,491,335.889,1.318,4.404164e-06,3.679164e-06,3.495828e-06,8.879161e-06,4.549996e-06,9.224995e-06,8.862496e-06,7.424998e-06,7.945831e-06,8.22916e-06,9.595831e-06,9.179163e-06,8.59166e-06,6.29166e-06,8.916664e-06,8.158326e-06
6,492,336.049,1.316,4.374997e-06,3.662499e-06,3.466662e-06,8.887498e-06,4.537495e-06,9.166662e-06,8.837494e-06,7.416661e-06,7.937495e-06,8.170828e-06,9.533326e-06,9.158325e-06,8.545828e-06,6.283331e-06,8.874997e-06,8.120831e-06
6,493,336.209,1.314,4.379161e-06,3.633332e-06,3.474998e-06,8.808327e-06,4.504164e-06,9.116666e-06,8.770831e-06,7.374994e-06,7.929166e-06,8.162498e-06,9.533326e-06,9.14166e-06,8.5375e-06,6.249992e-06,8.849995e-06,8.099993e-06
6,494,336.368,1.312,4.304163e-06,3.62916e-06,3.437495e-06,8.812499e-06,4.495827e-06,9.12083e-06,8.774996e-06,7.329162e-06,7.866661e-06,8.154162e-06,9.499995e-06,9.124994e-06,8.50416e-06,6.141663e-06,8.854158e-06,8.037496e-06
6,495,336.528,1.31,4.329165e-06,3.645825e-06,3.483327e-06,8.774996e-06,4.512493e-06,9.095827e-06,8.708326e-06,7.30416e-06,7.879162e-06,8.024995e-06,9.458327e-06,9.070825e-06,8.474994e-06,6.191659e-06,8.783332e-06,8.024995e-06
6,496,336.688,1.308,4.333329e-06,3.616659e-06,3.445832e-06,8.741665e-06,4.479162e-06,9.062497e-06,8.670831e-06,7.30416e-06,7.829165e-06,8.12916e-06,9.449998e-06,9.058333e-06,8.429161e-06,6.174993e-06,8.799998e-06,8.02083e-06
6,497,336.848,1.306,4.312499e-06,3.624996e-06,3.412493e-06,8.708326e-06,4.474998e-06,9.016665e-06,8.662494e-06,7.274993e-06,7.779161e-06,8.087492e-06,9.429161e-06,9.004164e-06,8.408332e-06,6.170829e-06,8.733328e-06,7.991664e-06
6,498,337.008,1.304,4.316664e-06,3.604166e-06,3.412493e-06,8.674995e-06,4.458332e-06,9.004164e-06,8.599996e-06,7.279165e-06,7.76666e-06,8.070827e-06,9.433325e-06,8.987498e-06,8.420833e-06,6.116661e-06,8.729164e-06,7.912493e-06
6,499,337.167,1.302,4.308327e-06,3.604166e-06,3.387499e-06,8.699997e-06,4.462496e-06,8.991663e-06,8.595832e-06,7.220833e-06,7.779161e-06,7.999993e-06,9.379164e-06,8.954159e-06,8.358327e-06,6.120833e-06,8.699997e-06,7.937495e-06
6,500,337.327,1.3,4.262495e-06,3.595829e-06,3.395828e-06,8.595832e-06,4.383326e-06,8.904163e-06,8.508333e-06,7.208331e-06,7.729165e-06,7.958332e-06,9.337497e-06,8.920829e-06,8.345826e-06,6.074993e-06,8.699997e-06,7.887498e-06
6,501,337.487,1.298,4.24583e-06,3.554161e-06,3.383326e-06,8.57083e-06,4.395827e-06,8.920829e-06,8.512497e-06,7.183329e-06,7.67916e-06,7.983327e-06,9.316659e-06,8.908328e-06,8.329161e-06,6.054163e-06,8.674995e-06,7.874997e-06
6,502,337.647,1.296,4.262495e-06,3.616659e-06,3.370825e-06,8.59166e-06,4.379161e-06,8.895826e-06,8.441662e-06,7.124996e-06,7.7125e-06,7.912493e-06,9.270827e-06,8.858331e-06,8.274992e-06,6.037497e-06,8.670831e-06,7.85416e-06
6,503,337.807,1.294,4.266659e-06,3.570827e-06,3.387499e-06,8.50416e-06,4.374997e-06,8.812499e-06,8.420833e-06,7.112495e-06,7.67916e-06,7.954161e-06,9.229159e-06,8.816663e-06,8.266664e-06,5.991666e-06,8.620827e-06,7.816664e-06
6,504,337.967,1.292,4.220828e-06,3.558326e-06,3.345831e-06,8.45e-06,4.329165e-06,8.754166e-06,8.329161e-06,7.058326e-06,7.620828e-06,7.891663e-06,9.154161e-06,8.774996e-06,8.199993e-06,5.912495e-06,8.512497e-06,7.670832e-06
6,505,338.126,1.29,4.233329e-06,3.462497e-06,3.370825e-06,8.474994e-06,4.329165e-06,8.762495e-06,8.341662e-06,7.070827e-06,7.583332e-06,7.887498e-06,9.166662e-06,8.695833e-06,8.183329e-06,5.954162e-06,8.583331e-06,7.787497e-06
6,506,338.286,1.288,4.208326e-06,3.558326e-06,3.366661e-06,8.433326e-06,4.320828e-06,8.716663e-06,8.324997e-06,7.00833e-06,7.587496e-06,7.866661e-06,9.129159e-06,8.745829e-06,8.191665e-06,5.916659e-06,8.5375e-06,7.7125e-06
6,507,338.446,1.286,4.204162e-06,3.529159e-06,3.366661e-06,8.433326e-06,4.316664e-06,8.695833e-06,8.22916e-06,6.958326e-06,7.574995e-06,7.879162e-06,9.137495e-06,8.683332e-06,8.166663e-06,5.887493e-06,8.479166e-06,7.733329e-06
6,508,338.606,1.284,4.137492e-06,3.512494e-06,3.362497e-06,8.333325e-06,4.274996e-06,8.604161e-06,8.141661e-06,6.970827e-06,7.524999e-06,7.820829e-06,9.074998e-06,8.637492e-06,8.12916e-06,5.845833e-06,8.512497e-06,7.666659e-06
6,509,338.766,1.282,4.17916e-06,3.570827e-06,3.329166e-06,8.366665e-06,4.283325e-06,8.645829e-06,8.208331e-06,6.949997e-06,7.499997e-06,7.787497e-06,9.02083e-06,8.616662e-06,8.070827e-06,5.837496e-06,8.462493e-06,7.633328e-06
6,510,338.925,1.28,4.124999e-06,3.499993e-06,3.358332e-06,8.291666e-06,4.241665e-06,8.579159e-06,8.124995e-06,6.908329e-06,7.462494e-06,7.774996e-06,8.96666e-06,8.595832e-06,8.033331e-06,5.74166e-06,8.433326e-06,7.633328e-06
6,511,339.085,1.278,4.083332e-06,3.54166e-06,3.33333e-06,8.274992e-06,4.241665e-06,8.579159e-06,8.145825e-06,6.912494e-06,7.462494e-06,7.779161e-06,9.02083e-06,8.587495e-06,8.049997e-06,5.80833e-06,8.441662e-06,7.574995e-06
6,512,339.245,1.276,4.124999e-06,3.508329e-06,3.324993e-06,8.224996e-06,4.229164e-06,8.549992e-06,8.062498e-06,6.854161e-06,7.416661e-06,7.716663e-06,8.970833e-06,8.508333e-06,8.029159e-06,5.758325e-06,8.383329e-06,7.591661e-06
6,513,339.405,1.274,4.087496e-06,3.487492e-06,3.345831e-06,8.204166e-06,4.204162e-06,8.508333e-06,8.024995e-06,6.82083e-06,7.379158e-06,7.708327e-06,8.899999e-06,8.474994e-06,8.016666e-06,5.737495e-06,8.387494e-06,7.533328e-06
6,514,339.565,1.272,4.104161e-06,3.504165e-06,3.320829e-06,8.116658e-06,4.149993e-06,8.391658e-06,7.991664e-06,6.812493e-06,7.374994e-06,7.670832e-06,8.870832e-06,8.433326e-06,7.920829e-06,5.683327e-06,8.304159e-06,7.466666e-06
6,515,339.724,1.27,4.079159e-06,3.466662e-06,3.324993e-06,8.162498e-06,4.183332e-06,8.474994e-06,7.954161e-06,6.804164e-06,7.354164e-06,7.670832e-06,8.841665e-06,8.412496e-06,7.949996e-06,5.662497e-06,8.312496e-06,7.458329e-06
6,516,339.884,1.268,4.049993e-06,3.445832e-06,3.324993e-06,8.12916e-06,4.174995e-06,8.387494e-06,7.912493e-06,6.720829e-06,7.274993e-06,7.637493e-06,8.808327e-06,8.308331e-06,7.83333e-06,5.63333e-06,8.279165e-06,7.437499e-06
6,517,340.044,1.266,4.062494e-06,3.479163e-06,3.337494e-06,8.091664e-06,4.187496e-06,8.395831e-06,7.891663e-06,6.704164e-06,7.28333e-06,7.533328e-06,8.837494e-06,8.358327e-06,7.916665e-06,5.616665e-06,8.262499e-06,7.437499e-06
6,518,340.204,1.264,4.045828e-06,3.487492e-06,3.337494e-06,8.024995e-06,4.170831e-06,8.341662e-06,7.849995e-06,6.641666e-06,7.245827e-06,7.595825e-06,8.791661e-06,8.308331e-06,7.858332e-06,5.570825e-06,8.274992e-06,7.383331e-06
6,519,340.364,1.262,4.062494e-06,3.52083e-06,3.341659e-06,8.062498e-06,4.095833e-06,8.349999e-06,7.824993e-06,6.66666e-06,7.254163e-06,7.549993e-06,8.75833e-06,8.266664e-06,7.858332e-06,5.583326e-06,8.22916e-06,7.366665e-06
6,520,340.524,1.26,3.974994e-06,3.474998e-06,3.320829e-06,7.958332e-06,4.162494e-06,8.291666e-06,7.720828e-06,6.658332e-06,7.220833e-06,7.537492e-06,8.733328e-06,8.212495e-06,7.799999e-06,5.524993e-06,8.19583e-06,7.299996e-06
6,521,340.683,1.258,4.041664e-06,3.454161e-06,3.283326e-06,7.937495e-06,4.120827e-06,8.249998e-06,7.749994e-06,6.629165e-06,7.1625e-06,7.495833e-06,8.666659e-06,8.233333e-06,7.770833e-06,5.508327e-06,8.145825e-06,7.299996e-06
6,522,340.843,1.256,4.00416e-06,3.474998e-06,3.304164e-06,7.937495e-06,4.079159e-06,8.216659e-06,7.674996e-06,6.612492e-06,7.066663e-06,7.433327e-06,8.645829e-06,8.154162e-06,7.716663e-06,5.454159e-06,8.116658e-06,7.258328e-06
6,523,341.003,1.254,3.974994e-06,3.479163e-06,3.26666e-06,7.912493e-06,4.112498e-06,8.174999e-06,7.608326e-06,6.558331e-06,7.112495e-06,7.487496e-06,8.608326e-06,8.145825e-06,7.691661e-06,5.449994e-06,8.091664e-06,7.224997e-06
6,524,341.163,1.252,3.97083e-06,3.42083e-06,3.274997e-06,7.874997e-06,4.058329e-06,8.137496e-06,7.604162e-06,6.541665e-06,7.091665e-06,7.433327e-06,8.566665e-06,8.079163e-06,7.67916e-06,5.349994e-06,8.066662e-06,7.208331e-06
6,525,341.323,1.25,3.933326e-06,3.454161e-06,3.295827e-06,7.849995e-06,4.104161e-06,8.133332e-06,7.541664e-06,6.487497e-06,7.045825e-06,7.429162e-06,8.545828e-06,8.074999e-06,7.645829e-06,5.345829e-06,8.02083e-06,7.166664e-06
6,526,341.482,1.248,3.954164e-06,3.449996e-06,3.283326e-06,7.820829e-06,4.066666e-06,8.070827e-06,7.537492e-06,6.470831e-06,7.033332e-06,7.383331e-06,8.48333e-06,7.991664e-06,7.595825e-06,5.349994e-06,8.012494e-06,7.079164e-06
6,527,341.642,1.246,3.966665e-06,3.399992e-06,3.279162e-06,7.758331e-06,4.016661e-06,8.074999e-06,7.449993e-06,6.45833e-06,6.958326e-06,7.337499e-06,8.462493e-06,7.916665e-06,7.604162e-06,5.316663e-06,7.966662e-06,7.104159e-06
6,528,341.802,1.244,3.887495e-06,3.449996e-06,3.254159e-06,7.76666e-06,4.054165e-06,8.02083e-06,7.47083e-06,6.374995e-06,6.949997e-06,7.233326e-06,8.429161e-06,7.954161e-06,7.55833e-06,5.291661e-06,7.949996e-06,7.062499e-06
6,529,341.962,1.242,3.895831e-06,3.437495e-06,3.270833e-06,7.704162e-06,4.012497e-06,7.999993e-06,7.399996e-06,6.387496e-06,6.924995e-06,7.30416e-06,8.41666e-06,7.887498e-06,7.516662e-06,5.195832e-06,7.929166e-06,7.054162e-06
6,530,342.122,1.24,3.899996e-06,3.395828e-06,3.216664e-06,7.666659e-06,3.991659e-06,7.949996e-06,7.37083e-06,6.366666e-06,6.8875e-06,7.279165e-06,8.374993e-06,7.904164e-06,7.529163e-06,5.224999e-06,7.904164e-06,7.00833e-06
6,531,342.282,1.238,3.924998e-06,3.433331e-06,3.191662e-06,7.616663e-06,4.00416e-06,7.945831e-06,7.320825e-06,6.362494e-06,6.879163e-06,7.254163e-06,8.329161e-06,7.824993e-06,7.449993e-06,5.120826e-06,7.849995e-06,6.970827e-06
6,532,342.441,1.236,3.908332e-06,3.429159e-06,3.287498e-06,7.620828e-06,3.983331e-06,7.904164e-06,7.28333e-06,6.333327e-06,6.804164e-06,7.220833e-06,8.291666e-06,7.76666e-06,7.454165e-06,5.124998e-06,7.83333e-06,6.92083e-06
6,533,342.601,1.234,3.81666e-06,3.379162e-06,3.208327e-06,7.587496e-06,3.979158e-06,7.891663e-06,7.308332e-06,6.283331e-06,6.787499e-06,7.141662e-06,8.258326e-06,7.770833e-06,7.395832e-06,5.108333e-06,7.774996e-06,6.879163e-06
6,534,342.761,1.232,3.887495e-06,3.42083e-06,3.258332e-06,7.562494e-06,3.974994e-06,7.858332e-06,7.21666e-06,6.262493e-06,6.766661e-06,7.149999e-06,8.245825e-06,7.716663e-06,7.379158e-06,5.058328e-06,7.770833e-06,6.883327e-06
6,535,342.921,1.23,3.841662e-06,3.374998e-06,3.241658e-06,7.483332e-06,3.945827e-06,7.779161e-06,7.187494e-06,6.220826e-06,6.724993e-06,7.120832e-06,8.166663e-06,7.683333e-06,7.345827e-06,4.995831e-06,7.716663e-06,6.783327e-06
6,536,343.081,1.228,3.824997e-06,3.33333e-06,3.208327e-06,7.49166e-06,3.933326e-06,7.74583e-06,7.108331e-06,6.162492e-06,6.712492e-06,7.083328e-06,8.166663e-06,7.641665e-06,7.308332e-06,5.016661e-06,7.662495e-06,6.787499e-06
6,537,343.24,1.226,3.774993e-06,3.304164e-06,3.112499e-06,7.395832e-06,3.908332e-06,7.674996e-06,7.033332e-06,6.162492e-06,6.637494e-06,7.074992e-06,8.058326e-06,7.583332e-06,7.28333e-06,4.962492e-06,7.662495e-06,6.745831e-06
6,538,343.4,1.224,3.787494e-06,3.399992e-06,3.212492e-06,7.420826e-06,3.891659e-06,7.687497e-06,7.012494e-06,6.154164e-06,6.562495e-06,6.966663e-06,8.083328e-06,7.549993e-06,7.237498e-06,4.933325e-06,7.616663e-06,6.716665e-06
6,539,343.56,1.222,3.783329e-06,3.320829e-06,3.220828e-06,7.362493e-06,3.908332e-06,7.654166e-06,6.945832e-06,6.133326e-06,6.574996e-06,6.987492e-06,8.024995e-06,7.487496e-06,7.19583e-06,4.866663e-06,7.608326e-06,6.641666e-06
6,540,343.72,1.22,3.779165e-06,3.379162e-06,3.204163e-06,7.312497e-06,3.866664e-06,7.595825e-06,6.954161e-06,6.091658e-06,6.570832e-06,6.991665e-06,7.962497e-06,7.483332e-06,7.154163e-06,4.854162e-06,7.554166e-06,6.620828e-06
6,541,343.88,1.218,3.787494e-06,3.35416e-06,3.183325e-06,7.308332e-06,3.879165e-06,7.570831e-06,6.92083e-06,6.062492e-06,6.524992e-06,6.933331e-06,7.966662e-06,7.408333e-06,7.137497e-06,4.824996e-06,7.504161e-06,6.595826e-06
6,542,344.039,1.216,3.741662e-06,3.320829e-06,3.199998e-06,7.258328e-06,3.804159e-06,7.545829e-06,6.874998e-06,6.033325e-06,6.454166e-06,6.899993e-06,7.904164e-06,7.40416e-06,7.058326e-06,4.787493e-06,7.49166e-06,6.516663e-06
6,543,344.199,1.214,3.720832e-06,3.291663e-06,3.133329e-06,7.212496e-06,3.81666e-06,7.454165e-06,6.816666e-06,5.933332e-06,6.399997e-06,6.841659e-06,7.858332e-06,7.324998e-06,7.016659e-06,4.724996e-06,7.424998e-06,6.508326e-06
6,544,344.359,1.212,3.724996e-06,3.312492e-06,3.187497e-06,7.204159e-06,3.833326e-06,7.49166e-06,6.795828e-06,5.962499e-06,6.429163e-06,6.770825e-06,7.791662e-06,7.329162e-06,7.00833e-06,4.695829e-06,7.399996e-06,6.470831e-06
6,545,344.519,1.21,3.691665e-06,3.33333e-06,3.141666e-06,7.179165e-06,3.774993e-06,7.412497e-06,6.783327e-06,5.858326e-06,6.362494e-06,6.799992e-06,7.795827e-06,7.30416e-06,6.94166e-06,4.683327e-06,7.383331e-06,6.429163e-06
6,546,344.679,1.208,3.704158e-06,3.295827e-06,3.133329e-06,7.070827e-06,3.745826e-06,7.399996e-06,6.762496e-06,5.916659e-06,6.341664e-06,6.783327e-06,7.749994e-06,7.241662e-06,6.933331e-06,4.608329e-06,7.30416e-06,6.424999e-06
6,547,344.839,1.206,3.670827e-06,3.320829e-06,3.108327e-06,7.083328e-06,3.79583e-06,7.37083e-06,6.712492e-06,5.858326e-06,6.287495e-06,6.716665e-06,7.724992e-06,7.220833e-06,6.895828e-06,4.595828e-06,7.291659e-06,6.349993e-06
6,548,344.998,1.204,3.71666e-06,3.283326e-06,3.16666e-06,7.083328e-06,3.770828e-06,7.366665e-06,6.704164e-06,5.849997e-06,6.299997e-06,6.654159e-06,7.695826e-06,7.170828e-06,6.799992e-06,4.587499e-06,7.279165e-06,6.295832e-06
6,549,345.158,1.202,3.641661e-06,3.291663e-06,3.137493e-06,6.958326e-06,3.749998e-06,7.316661e-06,6.608327e-06,5.845833e-06,6.229162e-06,6.63333e-06,7.629164e-06,7.154163e-06,6.845832e-06,4.508328e-06,7.212496e-06,6.27083e-06
6,550,345.318,1.2,3.645825e-06,3.295827e-06,3.095826e-06,6.991665e-06,3.729161e-06,7.291659e-06,6.63333e-06,5.787492e-06,6.145827e-06,6.654159e-06,7.637493e-06,7.095829e-06,6.791663e-06,4.483326e-06,7.158327e-06,6.237499e-06
6,551,345.478,1.198,3.662499e-06,3.308328e-06,3.083332e-06,6.933331e-06,3.745826e-06,7.237498e-06,6.591662e-06,5.799993e-06,6.162492e-06,6.629165e-06,7.57916e-06,7.083328e-06,6.779162e-06,4.441659e-06,7.129161e-06,6.216661e-06
6,552,345.638,1.196,3.641661e-06,3.283326e-06,3.112499e-06,6.912494e-06,3.708331e-06,7.158327e-06,6.562495e-06,5.72083e-06,6.137498e-06,6.591662e-06,7.533328e-06,7.020831e-06,6.720829e-06,4.412492e-06,7.120832e-06,6.174993e-06
6,553,345.797,1.194,3.658326e-06,3.295827e-06,3.137493e-06,6.899993e-06,3.687493e-06,7.174993e-06,6.54583e-06,5.712493e-06,6.154164e-06,6.549994e-06,7.499997e-06,6.999993e-06,6.691662e-06,4.283325e-06,7.083328e-06,6.170829e-06
6,554,345.957,1.192,3.637497e-06,3.270833e-06,3.133329e-06,6.862497e-06,3.733325e-06,7.179165e-06,6.504162e-06,5.662497e-06,6.070828e-06,6.533329e-06,7.441664e-06,6.995829e-06,6.637494e-06,4.316664e-06,7.054162e-06,6.116661e-06
6,555,346.117,1.19,3.612495e-06,3.283326e-06,3.120828e-06,6.837495e-06,3.654162e-06,7.170828e-06,6.495825e-06,5.674998e-06,6.074993e-06,6.541665e-06,7.462494e-06,6.970827e-06,6.63333e-06,4.312499e-06,7.020831e-06,6.120833e-06
6,556,346.277,1.188,3.616659e-06,3.254159e-06,3.095826e-06,6.774998e-06,3.658326e-06,7.083328e-06,6.470831e-06,5.574997e-06,6.033325e-06,6.499998e-06,7.387495e-06,6.924995e-06,6.654159e-06,4.295826e-06,6.958326e-06,6.049999e-06
6,557,346.437,1.186,3.599993e-06,3.283326e-06,3.062495e-06,6.791663e-06,3.662499e-06,7.058326e-06,6.47916e-06,5.616665e-06,6.033325e-06,6.466659e-06,7.379158e-06,6.937496e-06,6.583325e-06,4.208326e-06,6.949997e-06,6.054163e-06
6,558,346.596,1.184,3.616659e-06,3.245831e-06,3.091661e-06,6.695827e-06,3.666663e-06,7.066663e-06,6.466659e-06,5.591663e-06,5.987493e-06,6.399997e-06,7.395832e-06,6.874998e-06,6.516663e-06,4.212499e-06,6.929159e-06,6.024996e-06
6,559,346.756,1.182,3.60833e-06,3.229165e-06,3.095826e-06,6.716665e-06,3.666663e-06,7.024995e-06,6.466659e-06,5.595827e-06,5.954162e-06,6.399997e-06,7.287495e-06,6.870826e-06,6.491661e-06,4.166659e-06,6.891664e-06,5.983329e-06
6,560,346.916,1.18,3.554161e-06,3.233329e-06,3.095826e-06,6.712492e-06,3.645825e-06,6.970827e-06,6.429163e-06,5.504163e-06,5.90833e-06,6.383332e-06,7.262492e-06,6.762496e-06,6.445829e-06,4.095833e-06,6.812493e-06,5.954162e-06
6,561,347.076,1.178,3.574999e-06,3.208327e-06,3.070831e-06,6.645831e-06,3.587492e-06,6.958326e-06,6.341664e-06,5.529165e-06,5.904166e-06,6.362494e-06,7.245827e-06,6.791663e-06,6.437492e-06,4.09166e-06,6.766661e-06,5.92916e-06
6,562,347.236,1.176,3.549997e-06,3.241658e-06,3.020827e-06,6.616664e-06,3.616659e-06,6.833331e-06,6.424999e-06,5.512492e-06,5.866663e-06,6.295832e-06,7.224997e-06,6.808329e-06,6.362494e-06,4.066666e-06,6.774998e-06,5.80833e-06
6,563,347.396,1.174,3.554161e-06,3.204163e-06,3.087497e-06,6.483333e-06,3.591665e-06,6.8875e-06,6.379159e-06,5.487498e-06,5.845833e-06,6.262493e-06,7.166664e-06,6.75416e-06,6.349993e-06,3.949992e-06,6.770825e-06,5.879164e-06
6,564,347.555,1.172,3.537496e-06,3.254159e-06,3.083332e-06,6.537493e-06,3.599993e-06,6.891664e-06,6.420827e-06,5.441666e-06,5.804165e-06,6.274994e-06,7.174993e-06,6.729166e-06,6.320826e-06,3.966665e-06,6.745831e-06,5.80833e-06
6,565,347.715,1.17,3.537496e-06,3.158331e-06,3.062495e-06,6.529164e-06,3.579164e-06,6.862497e-06,6.358329e-06,5.437493e-06,5.791664e-06,6.20416e-06,7.1625e-06,6.729166e-06,6.316662e-06,3.966665e-06,6.683326e-06,5.833332e-06
6,566,347.875,1.168,3.54166e-06,3.191662e-06,3.07916e-06,6.474996e-06,3.554161e-06,6.816666e-06,6.362494e-06,5.424992e-06,5.779163e-06,6.216661e-06,7.108331e-06,6.687498e-06,6.283331e-06,3.899996e-06,6.691662e-06,5.774998e-06
6,567,348.035,1.166,3.487492e-06,3.216664e-06,3.045829e-06,6.470831e-06,3.537496e-06,6.812493e-06,6.404161e-06,5.366659e-06,5.749996e-06,6.174993e-06,7.049998e-06,6.66666e-06,6.18333e-06,3.895831e-06,6.645831e-06,5.779163e-06
6,568,348.195,1.164,3.549997e-06,3.187497e-06,3.045829e-06,6.374995e-06,3.570827e-06,6.799992e-06,6.387496e-06,5.391661e-06,5.712493e-06,6.154164e-06,7.033332e-06,6.658332e-06,6.191659e-06,3.845827e-06,6.612492e-06,5.745832e-06
6,569,348.354,1.162,3.483327e-06,3.199998e-06,2.970831e-06,6.429163e-06,3.549997e-06,6.724993e-06,6.370831e-06,5.337492e-06,5.712493e-06,6.091658e-06,7.00833e-06,6.641666e-06,6.158328e-06,3.858328e-06,6.587497e-06,5.691663e-06
6,570,348.514,1.16,3.516658e-06,3.183325e-06,3.033328e-06,6.345828e-06,3.516658e-06,6.73333e-06,6.395833e-06,5.312499e-06,5.65416e-06,6.091658e-06,6.991665e-06,6.599998e-06,6.154164e-06,3.812496e-06,6.524992e-06,5.704164e-06
6,571,348.674,1.158,3.508329e-06,3.154159e-06,3.037492e-06,6.374995e-06,3.545833e-06,6.708328e-06,6.416662e-06,5.316663e-06,5.666661e-06,5.987493e-06,6.945832e-06,6.629165e-06,6.116661e-06,3.754163e-06,6.529164e-06,5.695828e-06
6,572,348.834,1.156,3.495828e-06,3.179161e-06,2.987496e-06,6.337492e-06,3.516658e-06,6.687498e-06,6.387496e-06,5.287496e-06,5.658333e-06,6.066664e-06,6.916666e-06,6.595826e-06,6.091658e-06,3.762492e-06,6.424999e-06,5.666661e-06
6,573,348.994,1.154,3.483327e-06,3.187497e-06,3.012498e-06,6.320826e-06,3.533332e-06,6.708328e-06,6.412498e-06,5.295825e-06,5.63333e-06,6.029161e-06,6.92083e-06,6.608327e-06,6.116661e-06,3.712495e-06,6.47916e-06,5.641659e-06
6,574,349.153,1.152,3.491664e-06,3.16666e-06,3.004161e-06,6.299997e-06,3.512494e-06,6.616664e-06,6.420827e-06,5.241664e-06,5.595827e-06,5.991666e-06,6.8875e-06,6.616664e-06,6.037497e-06,3.691665e-06,6.441664e-06,5.63333e-06
6,575,349.313,1.15,3.495828e-06,3.154159e-06,3.033328e-06,6.283331e-06,3.508329e-06,6.687498e-06,6.437492e-06,5.233328e-06,5.587498e-06,5.945826e-06,6.899993e-06,6.579161e-06,6.049999e-06,3.687493e-06,6.429163e-06,5.629166e-06
6,576,349.473,1.148,3.437495e-06,3.154159e-06,2.995825e-06,6.208332e-06,3.512494e-06,6.616664e-06,6.454166e-06,5.229163e-06,5.591663e-06,5.979165e-06,6.824994e-06,6.574996e-06,6.033325e-06,3.654162e-06,6.404161e-06,5.608328e-06
6,577,349.633,1.146,3.491664e-06,3.124992e-06,2.974995e-06,6.237499e-06,3.454161e-06,6.649995e-06,6.441664e-06,5.216662e-06,5.579162e-06,5.895829e-06,6.824994e-06,6.541665e-06,5.991666e-06,3.616659e-06,6.358329e-06,5.612493e-06
6,578,349.793,1.144,3.462497e-06,3.158331e-06,3.008326e-06,6.195831e-06,3.433331e-06,6.529164e-06,6.45833e-06,5.199997e-06,5.562496e-06,5.920831e-06,6.808329e-06,6.499998e-06,5.962499e-06,3.554161e-06,6.362494e-06,5.587498e-06
6,579,349.953,1.142,3.470826e-06,3.133329e-06,2.954165e-06,6.09583e-06,3.462497e-06,6.583325e-06,6.491661e-06,5.174994e-06,5.574997e-06,5.895829e-06,6.783327e-06,6.570832e-06,5.949998e-06,3.566662e-06,6.333327e-06,5.579162e-06
6,580,350.112,1.14,3.462497e-06,3.116663e-06,2.970831e-06,6.18333e-06,3.474998e-06,6.587497e-06,6.499998e-06,5.162493e-06,5.516664e-06,5.883328e-06,6.770825e-06,6.499998e-06,5.92916e-06,3.566662e-06,6.316662e-06,5.583326e-06
6,581,350.272,1.138,3.408329e-06,3.133329e-06,2.974995e-06,6.149999e-06,3.466662e-06,6.56666e-06,6.541665e-06,5.133327e-06,5.487498e-06,5.858326e-06,6.654159e-06,6.533329e-06,5.90833e-06,3.533332e-06,6.308325e-06,5.562496e-06
6,582,350.432,1.136,3.462497e-06,3.137493e-06,2.983332e-06,6.174993e-06,3.466662e-06,6.579161e-06,6.533329e-06,5.129163e-06,5.53333e-06,5.854161e-06,6.749995e-06,6.562495e-06,5.92916e-06,3.549997e-06,6.27083e-06,5.579162e-06
6,583,350.592,1.134,3.458325e-06,3.154159e-06,2.983332e-06,6.108331e-06,3.437495e-06,6.491661e-06,6.529164e-06,5.108333e-06,5.508327e-06,5.80833e-06,6.699999e-06,6.524992e-06,5.874999e-06,3.462497e-06,6.245828e-06,5.529165e-06
6,584,350.752,1.132,3.466662e-06,3.083332e-06,2.941664e-06,6.087494e-06,3.462497e-06,6.562495e-06,6.56666e-06,5.10416e-06,5.529165e-06,5.804165e-06,6.687498e-06,6.541665e-06,5.84166e-06,3.470826e-06,6.229162e-06,5.574997e-06
6,585,350.911,1.13,3.462497e-06,3.049993e-06,2.979159e-06,6.066664e-06,3.458325e-06,6.54583e-06,6.570832e-06,5.087495e-06,5.491662e-06,5.804165e-06,6.679161e-06,6.524992e-06,5.854161e-06,3.445832e-06,6.220826e-06,5.541659e-06
6,586,351.071,1.128,3.424994e-06,3.120828e-06,2.954165e-06,6.058327e-06,3.424994e-06,6.554159e-06,6.624993e-06,5.083331e-06,5.499999e-06,5.766662e-06,6.674997e-06,6.558331e-06,5.833332e-06,3.462497e-06,6.191659e-06,5.537494e-06
6,587,351.231,1.126,3.479163e-06,3.083332e-06,2.945828e-06,6.020832e-06,3.424994e-06,6.529164e-06,6.629165e-06,5.041663e-06,5.441666e-06,5.724994e-06,6.66666e-06,6.549994e-06,5.820831e-06,3.429159e-06,6.162492e-06,5.574997e-06
6,588,351.391,1.124,3.44166e-06,3.108327e-06,2.929163e-06,6.020832e-06,3.433331e-06,6.474996e-06,6.658332e-06,5.07083e-06,5.458331e-06,5.749996e-06,6.604163e-06,6.516663e-06,5.833332e-06,3.391663e-06,6.112496e-06,5.55416e-06
6,589,351.551,1.122,3.416665e-06,3.091661e-06,2.933327e-06,5.970828e-06,3.395828e-06,6.533329e-06,6.670833e-06,5.058328e-06,5.512492e-06,5.695828e-06,6.612492e-06,6.520828e-06,5.812494e-06,3.391663e-06,6.112496e-06,5.508327e-06
6,590,351.711,1.12,3.433331e-06,3.07916e-06,2.912498e-06,5.983329e-06,3.433331e-06,6.508326e-06,6.683326e-06,5.037498e-06,5.458331e-06,5.712493e-06,6.591662e-06,6.558331e-06,5.795829e-06,3.370825e-06,6.129162e-06,5.566661e-06
6,591,351.87,1.118,3.437495e-06,3.095826e-06,2.862493e-06,5.966663e-06,3.416665e-06,6.487497e-06,6.737494e-06,4.995831e-06,5.516664e-06,5.695828e-06,6.587497e-06,6.570832e-06,5.774998e-06,3.362497e-06,6.09583e-06,5.574997e-06
6,592,352.03,1.116,3.449996e-06,3.045829e-06,2.924999e-06,5.899994e-06,3.408329e-06,6.491661e-06,6.708328e-06,4.941662e-06,5.474997e-06,5.674998e-06,6.562495e-06,6.554159e-06,5.766662e-06,3.362497e-06,6.09583e-06,5.579162e-06
6,593,352.19,1.114,3.412493e-06,3.066659e-06,2.908325e-06,5.933332e-06,3.445832e-06,6.491661e-06,6.712492e-06,4.995831e-06,5.487498e-06,5.695828e-06,6.558331e-06,6.562495e-06,5.74166e-06,3.341659e-06,6.116661e-06,5.579162e-06
6,594,352.35,1.112,3.437495e-06,3.029164e-06,2.874994e-06,5.887493e-06,3.395828e-06,6.504162e-06,6.816666e-06,4.999995e-06,5.516664e-06,5.637495e-06,6.558331e-06,6.579161e-06,5.774998e-06,3.358332e-06,6.083329e-06,5.595827e-06
6,595,352.51,1.11,3.366661e-06,3.062495e-06,2.895832e-06,5.874999e-06,3.408329e-06,6.483333e-06,6.808329e-06,4.987494e-06,5.462496e-06,5.637495e-06,6.508326e-06,6.570832e-06,5.749996e-06,3.283326e-06,6.062492e-06,5.591663e-06
6,596,352.669,1.108,3.424994e-06,2.995825e-06,2.833327e-06,5.895829e-06,3.412493e-06,6.462495e-06,6.841659e-06,4.949999e-06,5.491662e-06,5.583326e-06,6.495825e-06,6.562495e-06,5.729159e-06,3.312492e-06,6.045826e-06,5.624994e-06
6,597,352.829,1.106,3.429159e-06,3.012498e-06,2.87083e-06,5.854161e-06,3.408329e-06,6.504162e-06,6.874998e-06,4.945827e-06,5.499999e-06,5.620829e-06,6.512499e-06,6.583325e-06,5.758325e-06,3.312492e-06,6.037497e-06,5.608328e-06
6,598,352.989,1.104,3.424994e-06,3.066659e-06,2.899996e-06,5.879164e-06,3.42083e-06,6.491661e-06,6.891664e-06,4.970829e-06,5.520828e-06,5.599999e-06,6.487497e-06,6.583325e-06,5.729159e-06,3.291663e-06,6.054163e-06,5.55416e-06
6,599,353.149,1.102,3.424994e-06,3.037492e-06,2.89166e-06,5.849997e-06,3.395828e-06,6.516663e-06,6.904165e-06,4.962492e-06,5.524993e-06,5.574997e-06,6.483333e-06,6.604163e-06,5.724994e-06,3.254159e-06,6.012495e-06,5.599999e-06
6,600,353.309,1.1,3.404164e-06,3.016663e-06,2.795831e-06,5.766662e-06,3.416665e-06,6.529164e-06,6.962498e-06,4.933325e-06,5.516664e-06,5.570825e-06,6.504162e-06,6.629165e-06,5.729159e-06,3.254159e-06,6.020832e-06,5.624994e-06
6,601,353.468,1.098,3.449996e-06,3.012498e-06,2.866665e-06,5.829159e-06,3.399992e-06,6.474996e-06,6.954161e-06,4.908331e-06,5.537494e-06,5.566661e-06,6.470831e-06,6.616664e-06,5.72083e-06,3.308328e-06,5.979165e-06,5.674998e-06
6,602,353.628,1.096,3.433331e-06,2.995825e-06,2.908325e-06,5.837496e-06,3.412493e-06,6.537493e-06,6.987492e-06,4.945827e-06,5.470832e-06,5.520828e-06,6.45833e-06,6.612492e-06,5.754161e-06,3.287498e-06,5.987493e-06,5.666661e-06
6,603,353.788,1.094,3.395828e-06,2.999997e-06,2.845828e-06,5.816658e-06,3.399992e-06,6.520828e-06,7.041661e-06,4.89583e-06,5.541659e-06,5.537494e-06,6.441664e-06,6.624993e-06,5.712493e-06,3.295827e-06,5.99583e-06,5.687499e-06
6,604,353.948,1.092,3.362497e-06,2.995825e-06,2.883331e-06,5.779163e-06,3.366661e-06,6.529164e-06,7.02916e-06,4.933325e-06,5.541659e-06,5.545831e-06,6.512499e-06,6.624993e-06,5.724994e-06,3.270833e-06,5.966663e-06,5.695828e-06
6,605,354.108,1.09,3.395828e-06,2.99166e-06,2.862493e-06,5.820831e-06,3.404164e-06,6.454166e-06,7.066663e-06,4.908331e-06,5.529165e-06,5.53333e-06,6.474996e-06,6.708328e-06,5.754161e-06,3.270833e-06,5.966663e-06,5.679162e-06
6,606,354.268,1.088,3.395828e-06,2.979159e-06,2.766665e-06,5.820831e-06,3.362497e-06,6.537493e-06,7.083328e-06,4.887494e-06,5.566661e-06,5.520828e-06,6.47916e-06,6.624993e-06,5.729159e-06,3.279162e-06,5.949998e-06,5.724994e-06
6,607,354.427,1.086,3.362497e-06,2.987496e-06,2.841663e-06,5.749996e-06,3.404164e-06,6.454166e-06,7.129161e-06,4.912496e-06,5.55416e-06,5.516664e-06,6.462495e-06,6.687498e-06,5.683327e-06,3.283326e-06,5.954162e-06,5.733331e-06
6,608,354.587,1.084,3.416665e-06,2.949993e-06,2.833327e-06,5.779163e-06,3.408329e-06,6.56666e-06,7.187494e-06,4.899995e-06,5.604164e-06,5.504163e-06,6.454166e-06,6.704164e-06,5.754161e-06,3.270833e-06,5.970828e-06,5.766662e-06
6,609,354.747,1.082,3.404164e-06,2.970831e-06,2.866665e-06,5.758325e-06,3.366661e-06,6.537493e-06,7.149999e-06,4.883329e-06,5.620829e-06,5.491662e-06,6.47916e-06,6.658332e-06,5.754161e-06,3.258332e-06,5.962499e-06,5.758325e-06
6,610,354.907,1.08,3.395828e-06,2.983332e-06,2.816661e-06,5.74166e-06,3.379162e-06,6.54583e-06,7.183329e-06,4.858327e-06,5.604164e-06,5.474997e-06,6.437492e-06,6.720829e-06,5.754161e-06,3.258332e-06,5.916659e-06,5.774998e-06
6,611,355.067,1.078,3.416665e-06,2.945828e-06,2.841663e-06,5.787492e-06,3.399992e-06,6.579161e-06,7.224997e-06,4.899995e-06,5.624994e-06,5.495826e-06,6.495825e-06,6.749995e-06,5.745832e-06,3.287498e-06,5.949998e-06,5.762497e-06
6,612,355.226,1.076,3.391663e-06,2.962494e-06,2.845828e-06,5.74166e-06,3.404164e-06,6.595826e-06,7.258328e-06,4.908331e-06,5.670825e-06,5.549995e-06,6.454166e-06,6.762496e-06,5.766662e-06,3.274997e-06,5.979165e-06,5.762497e-06
6,613,355.386,1.074,3.424994e-06,2.974995e-06,2.779166e-06,5.770826e-06,3.366661e-06,6.620828e-06,7.295831e-06,4.870828e-06,5.679162e-06,5.504163e-06,6.47916e-06,6.804164e-06,5.745832e-06,3.337494e-06,5.970828e-06,5.804165e-06
6,614,355.546,1.072,3.44166e-06,2.954165e-06,2.824998e-06,5.754161e-06,3.42083e-06,6.649995e-06,7.254163e-06,4.904159e-06,5.674998e-06,5.529165e-06,6.47916e-06,6.804164e-06,5.804165e-06,3.320829e-06,5.979165e-06,5.849997e-06
6,615,355.706,1.07,3.404164e-06,2.95833e-06,2.816661e-06,5.74166e-06,3.366661e-06,6.608327e-06,7.258328e-06,4.858327e-06,5.695828e-06,5.487498e-06,6.470831e-06,6.833331e-06,5.795829e-06,3.320829e-06,5.987493e-06,5.804165e-06
6,616,355.866,1.068,3.404164e-06,2.937492e-06,2.766665e-06,5.74166e-06,3.395828e-06,6.649995e-06,7.316661e-06,4.887494e-06,5.716666e-06,5.504163e-06,6.491661e-06,6.787499e-06,5.84166e-06,3.349996e-06,5.962499e-06,5.879164e-06
6,617,356.025,1.066,3.387499e-06,2.895832e-06,2.795831e-06,5.749996e-06,3.433331e-06,6.658332e-06,7.408333e-06,4.891666e-06,5.708329e-06,5.499999e-06,6.47916e-06,6.862497e-06,5.858326e-06,3.274997e-06,5.999994e-06,5.870827e-06
6,618,356.185,1.064,3.437495e-06,2.924999e-06,2.80416e-06,5.774998e-06,3.374998e-06,6.704164e-06,7.379158e-06,4.874993e-06,5.779163e-06,5.495826e-06,6.504162e-06,6.866662e-06,5.845833e-06,3.358332e-06,5.983329e-06,5.924996e-06
6,619,356.345,1.062,3.429159e-06,2.941664e-06,2.824998e-06,5.795829e-06,3.379162e-06,6.683326e-06,7.466666e-06,4.891666e-06,5.774998e-06,5.437493e-06,6.483333e-06,6.899993e-06,5.854161e-06,3.379162e-06,5.979165e-06,5.920831e-06
6,620,356.505,1.06,3.379162e-06,2.941664e-06,2.770829e-06,5.787492e-06,3.370825e-06,6.658332e-06,7.47083e-06,4.899995e-06,5.824995e-06,5.516664e-06,6.512499e-06,6.937496e-06,5.862498e-06,3.408329e-06,5.945826e-06,5.924996e-06
6,621,356.665,1.058,3.424994e-06,2.929163e-06,2.774994e-06,5.749996e-06,3.391663e-06,6.670833e-06,7.499997e-06,4.899995e-06,5.812494e-06,5.520828e-06,6.54583e-06,6.916666e-06,5.854161e-06,3.391663e-06,6.008331e-06,5.979165e-06
6,622,356.825,1.056,3.362497e-06,2.933327e-06,2.779166e-06,5.787492e-06,3.391663e-06,6.724993e-06,7.562494e-06,4.883329e-06,5.858326e-06,5.549995e-06,6.549994e-06,6.945832e-06,5.899994e-06,3.416665e-06,6.01666e-06,5.970828e-06
6,623,356.984,1.054,3.424994e-06,2.895832e-06,2.754164e-06,5.799993e-06,3.395828e-06,6.779162e-06,7.566658e-06,4.899995e-06,5.858326e-06,5.491662e-06,6.520828e-06,6.945832e-06,5.945826e-06,3.466662e-06,6.020832e-06,6.008331e-06
6,624,357.144,1.052,3.429159e-06,2.937492e-06,2.78333e-06,5.774998e-06,3.412493e-06,6.808329e-06,7.591661e-06,4.924997e-06,5.870827e-06,5.524993e-06,6.56666e-06,7.016659e-06,5.945826e-06,3.424994e-06,6.024996e-06,6.004159e-06
6,625,357.304,1.05,3.42083e-06,2.837499e-06,2.754164e-06,5.824995e-06,3.399992e-06,6.799992e-06,7.595825e-06,4.891666e-06,5.791664e-06,5.545831e-06,6.562495e-06,7.033332e-06,5.933332e-06,3.466662e-06,6.033325e-06,6.020832e-06
6,626,357.464,1.048,3.42083e-06,2.904161e-06,2.78333e-06,5.80833e-06,3.404164e-06,6.833331e-06,7.595825e-06,4.920832e-06,5.924996e-06,5.566661e-06,6.616664e-06,7.004166e-06,5.979165e-06,3.474998e-06,6.074993e-06,6.049999e-06
6,627,357.624,1.046,3.408329e-06,2.849992e-06,2.729162e-06,5.812494e-06,3.42083e-06,6.82083e-06,7.633328e-06,4.883329e-06,5.912495e-06,5.545831e-06,6.599998e-06,7.074992e-06,5.966663e-06,3.52083e-06,6.033325e-06,5.937497e-06
6,628,357.783,1.044,3.408329e-06,2.866665e-06,2.699995e-06,5.829159e-06,3.412493e-06,6.862497e-06,7.633328e-06,4.912496e-06,5.962499e-06,5.566661e-06,6.637494e-06,7.066663e-06,6.012495e-06,3.44166e-06,6.066664e-06,6.104159e-06
6,629,357.943,1.042,3.412493e-06,2.883331e-06,2.754164e-06,5.837496e-06,3.424994e-06,6.858325e-06,7.666659e-06,4.937498e-06,5.958327e-06,5.604164e-06,6.612492e-06,7.087493e-06,6.029161e-06,3.579164e-06,6.091658e-06,6.104159e-06
6,630,358.103,1.04,3.408329e-06,2.89166e-06,2.699995e-06,5.849997e-06,3.42083e-06,6.933331e-06,7.716663e-06,4.958328e-06,6.012495e-06,5.524993e-06,6.670833e-06,7.149999e-06,6.045826e-06,3.599993e-06,6.137498e-06,6.166665e-06
6,631,358.263,1.038,3.416665e-06,2.845828e-06,2.770829e-06,5.870827e-06,3.379162e-06,6.929159e-06,7.645829e-06,4.929161e-06,6.012495e-06,5.63333e-06,6.629165e-06,7.137497e-06,6.087494e-06,3.612495e-06,6.099995e-06,6.133326e-06
6,632,358.423,1.036,3.412493e-06,2.89166e-06,2.699995e-06,5.887493e-06,3.408329e-06,6.954161e-06,7.76666e-06,4.945827e-06,6.062492e-06,5.645832e-06,6.691662e-06,7.1625e-06,6.09583e-06,3.666663e-06,6.141663e-06,6.170829e-06
6,633,358.582,1.034,3.424994e-06,2.854164e-06,2.724997e-06,5.899994e-06,3.433331e-06,6.979164e-06,7.729165e-06,4.941662e-06,6.054163e-06,5.658333e-06,6.720829e-06,7.133333e-06,6.141663e-06,3.670827e-06,6.179166e-06,6.191659e-06
6,634,358.742,1.032,3.44166e-06,2.770829e-06,2.704159e-06,5.92916e-06,3.424994e-06,6.979164e-06,7.829165e-06,4.966664e-06,6.116661e-06,5.679162e-06,6.737494e-06,7.237498e-06,6.154164e-06,3.720832e-06,6.18333e-06,6.212497e-06
6,635,358.902,1.03,3.458325e-06,2.858329e-06,2.699995e-06,5.933332e-06,3.404164e-06,7.012494e-06,7.829165e-06,4.987494e-06,6.129162e-06,5.670825e-06,6.75416e-06,7.237498e-06,6.145827e-06,3.720832e-06,6.18333e-06,6.241663e-06
6,636,359.062,1.028,3.42083e-06,2.866665e-06,2.720825e-06,5.933332e-06,3.408329e-06,7.049998e-06,7.824993e-06,5.008332e-06,6.141663e-06,5.699992e-06,6.729166e-06,7.262492e-06,6.162492e-06,3.745826e-06,6.187495e-06,6.224998e-06
6,637,359.222,1.026,3.458325e-06,2.845828e-06,2.674993e-06,5.954162e-06,3.404164e-06,7.074992e-06,7.874997e-06,4.999995e-06,6.154164e-06,5.699992e-06,6.804164e-06,7.30416e-06,6.179166e-06,3.754163e-06,6.187495e-06,6.274994e-06
6,638,359.382,1.024,3.437495e-06,2.845828e-06,2.712496e-06,5.904166e-06,3.44166e-06,7.095829e-06,7.870825e-06,4.987494e-06,6.174993e-06,5.74166e-06,6.812493e-06,7.308332e-06,6.237499e-06,3.779165e-06,6.237499e-06,6.229162e-06
6,639,359.541,1.022,3.412493e-06,2.845828e-06,2.708332e-06,6.020832e-06,3.379162e-06,7.058326e-06,7.887498e-06,4.999995e-06,6.212497e-06,5.699992e-06,6.833331e-06,7.229161e-06,6.20416e-06,3.845827e-06,6.27083e-06,6.324999e-06
6,640,359.701,1.02,3.416665e-06,2.833327e-06,2.708332e-06,6.029161e-06,3.42083e-06,7.137497e-06,7.929166e-06,4.987494e-06,6.220826e-06,5.662497e-06,6.787499e-06,7.329162e-06,6.27083e-06,3.837498e-06,6.262493e-06,6.308325e-06
6,641,359.861,1.018,3.416665e-06,2.829162e-06,2.674993e-06,6.033325e-06,3.429159e-06,7.145826e-06,7.929166e-06,5.029162e-06,6.237499e-06,5.795829e-06,6.866662e-06,7.366665e-06,6.299997e-06,3.879165e-06,6.329163e-06,6.358329e-06
6,642,360.021,1.016,3.458325e-06,2.824998e-06,2.674993e-06,6.062492e-06,3.391663e-06,7.187494e-06,7.94166e-06,5.029162e-06,6.279159e-06,5.749996e-06,6.866662e-06,7.354164e-06,6.312498e-06,3.887495e-06,6.320826e-06,6.383332e-06
6,643,360.181,1.014,3.429159e-06,2.774994e-06,2.674993e-06,6.062492e-06,3.454161e-06,7.19583e-06,7.94166e-06,5.045827e-06,6.283331e-06,5.80833e-06,6.912494e-06,7.383331e-06,6.349993e-06,3.908332e-06,6.349993e-06,6.362494e-06
6,644,360.34,1.012,3.399992e-06,2.812497e-06,2.562499e-06,6.070828e-06,3.412493e-06,7.204159e-06,7.991664e-06,5.062493e-06,6.337492e-06,5.837496e-06,6.92083e-06,7.458329e-06,6.27083e-06,3.90416e-06,6.370831e-06,6.424999e-06
6,645,360.5,1.01,3.416665e-06,2.80416e-06,2.662492e-06,6.120833e-06,3.412493e-06,7.266664e-06,7.987499e-06,5.07083e-06,6.304161e-06,5.833332e-06,6.991665e-06,7.449993e-06,6.354165e-06,3.979158e-06,6.395833e-06,6.433328e-06
6,646,360.66,1.008,3.383326e-06,2.808333e-06,2.645826e-06,6.137498e-06,3.42083e-06,7.233326e-06,8.045832e-06,5.062493e-06,6.349993e-06,5.820831e-06,6.970827e-06,7.458329e-06,6.404161e-06,4.024998e-06,6.399997e-06,6.424999e-06
6,647,360.82,1.006,3.433331e-06,2.78333e-06,2.662492e-06,6.133326e-06,3.42083e-06,7.279165e-06,8.029159e-06,5.079166e-06,6.370831e-06,5.891665e-06,7.02916e-06,7.504161e-06,6.441664e-06,4.054165e-06,6.437492e-06,6.47916e-06
6,648,360.98,1.004,3.462497e-06,2.816661e-06,2.674993e-06,6.154164e-06,3.458325e-06,7.329162e-06,8.074999e-06,5.079166e-06,6.420827e-06,5.920831e-06,7.024995e-06,7.516662e-06,6.47916e-06,4.074995e-06,6.462495e-06,6.483333e-06
6,649,361.14,1.002,3.399992e-06,2.808333e-06,2.658328e-06,6.216661e-06,3.429159e-06,7.354164e-06,8.099993e-06,5.108333e-06,6.470831e-06,5.924996e-06,7.02916e-06,7.562494e-06,6.47916e-06,4.124999e-06,6.483333e-06,6.524992e-06
6,650,361.299,1.0,3.466662e-06,2.795831e-06,2.658328e-06,6.237499e-06,3.445832e-06,7.299996e-06,8.091664e-06,5.124998e-06,6.47916e-06,5.937497e-06,7.104159e-06,7.541664e-06,6.495825e-06,4.112498e-06,6.524992e-06,6.529164e-06
6,651,361.459,0.998,3.454161e-06,2.812497e-06,2.662492e-06,6.279159e-06,3.474998e-06,7.408333e-06,8.162498e-06,5.166666e-06,6.47916e-06,5.90833e-06,7.120832e-06,7.55833e-06,6.47916e-06,4.166659e-06,6.54583e-06,6.56666e-06
6,652,361.619,0.996,3.474998e-06,2.80416e-06,2.679165e-06,6.287495e-06,3.445832e-06,7.420826e-06,8.137496e-06,5.174994e-06,6.491661e-06,5.979165e-06,7.166664e-06,7.612498e-06,6.549994e-06,4.204162e-06,6.558331e-06,6.579161e-06
6,653,361.779,0.994,3.479163e-06,2.791659e-06,2.679165e-06,6.283331e-06,3.470826e-06,7.449993e-06,8.187492e-06,5.212498e-06,6.520828e-06,6.01666e-06,7.149999e-06,7.637493e-06,6.570832e-06,4.237493e-06,6.595826e-06,6.591662e-06
6,654,361.939,0.992,3.416665e-06,2.774994e-06,2.637498e-06,6.312498e-06,3.466662e-06,7.458329e-06,8.19583e-06,5.179159e-06,6.587497e-06,6.029161e-06,7.199995e-06,7.670832e-06,6.604163e-06,4.241665e-06,6.604163e-06,6.641666e-06
6,655,362.098,0.99,3.466662e-06,2.779166e-06,2.662492e-06,6.349993e-06,3.445832e-06,7.47083e-06,8.216659e-06,5.224999e-06,6.599998e-06,6.024996e-06,7.208331e-06,7.649994e-06,6.645831e-06,4.299998e-06,6.63333e-06,6.645831e-06
6,656,362.258,0.988,3.466662e-06,2.779166e-06,2.633325e-06,6.366666e-06,3.466662e-06,7.520827e-06,8.22916e-06,5.212498e-06,6.616664e-06,5.99583e-06,7.199995e-06,7.708327e-06,6.624993e-06,4.333329e-06,6.645831e-06,6.63333e-06
6,657,362.418,0.986,3.449996e-06,2.766665e-06,2.637498e-06,6.39166e-06,3.479163e-06,7.591661e-06,8.233333e-06,5.174994e-06,6.616664e-06,6.124997e-06,7.274993e-06,7.720828e-06,6.66666e-06,4.329165e-06,6.662496e-06,6.699999e-06
6,658,362.578,0.984,3.479163e-06,2.795831e-06,2.645826e-06,6.387496e-06,3.458325e-06,7.541664e-06,8.191665e-06,5.254165e-06,6.641666e-06,6.124997e-06,7.266664e-06,7.699999e-06,6.66666e-06,4.362496e-06,6.691662e-06,6.704164e-06
6,659,362.738,0.982,3.495828e-06,2.749991e-06,2.579164e-06,6.429163e-06,3.470826e-06,7.599997e-06,8.29583e-06,5.270831e-06,6.66666e-06,6.120833e-06,7.320825e-06,7.754159e-06,6.720829e-06,4.420829e-06,6.704164e-06,6.674997e-06
6,660,362.897,0.98,3.466662e-06,2.758328e-06,2.624997e-06,6.445829e-06,3.487492e-06,7.587496e-06,8.291666e-06,5.299997e-06,6.691662e-06,6.154164e-06,7.30416e-06,7.74583e-06,6.73333e-06,4.429166e-06,6.737494e-06,6.724993e-06
6,661,363.057,0.978,3.433331e-06,2.762492e-06,2.612495e-06,6.47916e-06,3.499993e-06,7.633328e-06,8.329161e-06,5.274995e-06,6.737494e-06,6.187495e-06,7.333326e-06,7.816664e-06,6.770825e-06,4.458332e-06,6.791663e-06,6.75416e-06
6,662,363.217,0.976,3.499993e-06,2.724997e-06,2.620832e-06,6.466659e-06,3.483327e-06,7.649994e-06,8.312496e-06,5.304162e-06,6.695827e-06,6.220826e-06,7.391659e-06,7.812492e-06,6.758332e-06,4.462496e-06,6.82083e-06,6.766661e-06
6,663,363.377,0.974,3.487492e-06,2.774994e-06,2.620832e-06,6.504162e-06,3.491664e-06,7.654166e-06,8.329161e-06,5.320827e-06,6.762496e-06,6.237499e-06,7.37083e-06,7.841659e-06,6.795828e-06,4.499992e-06,6.816666e-06,6.774998e-06
6,664,363.537,0.972,3.508329e-06,2.712496e-06,2.587493e-06,6.562495e-06,3.499993e-06,7.629164e-06,8.362492e-06,5.349994e-06,6.737494e-06,6.249992e-06,7.445828e-06,7.85416e-06,6.824994e-06,4.562497e-06,6.808329e-06,6.758332e-06
6,665,363.697,0.97,3.487492e-06,2.745827e-06,2.624997e-06,6.554159e-06,3.470826e-06,7.729165e-06,8.374993e-06,5.37916e-06,6.779162e-06,6.287495e-06,7.420826e-06,7.879162e-06,6.849996e-06,4.562497e-06,6.870826e-06,6.799992e-06
6,666,363.856,0.968,3.474998e-06,2.758328e-06,2.587493e-06,6.612492e-06,3.483327e-06,7.724992e-06,8.379166e-06,5.374996e-06,6.82083e-06,6.283331e-06,7.449993e-06,7.891663e-06,6.854161e-06,4.616666e-06,6.883327e-06,6.837495e-06
6,667,364.016,0.966,3.458325e-06,2.704159e-06,2.604159e-06,6.608327e-06,3.491664e-06,7.774996e-06,8.370828e-06,5.404162e-06,6.824994e-06,6.299997e-06,7.483332e-06,7.895827e-06,6.841659e-06,4.62083e-06,6.92083e-06,6.862497e-06
6,668,364.176,0.964,3.454161e-06,2.708332e-06,2.537497e-06,6.608327e-06,3.487492e-06,7.737493e-06,8.408332e-06,5.370831e-06,6.804164e-06,6.329163e-06,7.504161e-06,7.929166e-06,6.883327e-06,4.64166e-06,6.904165e-06,6.833331e-06
6,669,364.336,0.962,3.483327e-06,2.708332e-06,2.608331e-06,6.66666e-06,3.470826e-06,7.820829e-06,8.333325e-06,5.391661e-06,6.874998e-06,6.320826e-06,7.516662e-06,7.912493e-06,6.879163e-06,4.674999e-06,6.94166e-06,6.883327e-06
6,670,364.496,0.96,3.424994e-06,2.687494e-06,2.545826e-06,6.645831e-06,3.495828e-06,7.791662e-06,8.420833e-06,5.383333e-06,6.891664e-06,6.370831e-06,7.524999e-06,7.966662e-06,6.924995e-06,4.724996e-06,6.974999e-06,6.908329e-06
6,671,364.655,0.958,3.466662e-06,2.68333e-06,2.554162e-06,6.708328e-06,3.487492e-06,7.841659e-06,8.437499e-06,5.454159e-06,6.916666e-06,6.379159e-06,7.570831e-06,7.924994e-06,6.954161e-06,4.745825e-06,6.983328e-06,6.970827e-06
6,672,364.815,0.956,3.483327e-06,2.679165e-06,2.52916e-06,6.724993e-06,3.470826e-06,7.879162e-06,8.48333e-06,5.46666e-06,6.949997e-06,6.399997e-06,7.554166e-06,7.995828e-06,7.004166e-06,4.770827e-06,7.045825e-06,6.974999e-06
6,673,364.975,0.954,3.495828e-06,2.695831e-06,2.549998e-06,6.720829e-06,3.491664e-06,7.891663e-06,8.479166e-06,5.483325e-06,6.912494e-06,6.374995e-06,7.633328e-06,8.045832e-06,7.00833e-06,4.799994e-06,7.033332e-06,6.979164e-06
6,674,365.135,0.952,3.483327e-06,2.670829e-06,2.566663e-06,6.758332e-06,3.479163e-06,7.929166e-06,8.479166e-06,5.516664e-06,6.983328e-06,6.466659e-06,7.662495e-06,8.02083e-06,7.020831e-06,4.833333e-06,7.066663e-06,6.987492e-06
6,675,365.295,0.95,3.491664e-06,2.712496e-06,2.491665e-06,6.804164e-06,3.512494e-06,7.94166e-06,8.512497e-06,5.529165e-06,6.987492e-06,6.512499e-06,7.670832e-06,8.087492e-06,7.037497e-06,4.866663e-06,7.091665e-06,7.020831e-06
6,676,365.454,0.948,3.54166e-06,2.687494e-06,2.562499e-06,6.854161e-06,3.508329e-06,7.983327e-06,8.499996e-06,5.545831e-06,7.012494e-06,6.504162e-06,7.67916e-06,8.079163e-06,7.074992e-06,4.874993e-06,7.133333e-06,7.074992e-06
6,677,365.614,0.946,3.491664e-06,2.645826e-06,2.574992e-06,6.833331e-06,3.537496e-06,7.962497e-06,8.541663e-06,5.545831e-06,7.016659e-06,6.529164e-06,7.649994e-06,8.02083e-06,7.108331e-06,4.870828e-06,7.129161e-06,7.049998e-06
6,678,365.774,0.944,3.504165e-06,2.670829e-06,2.533332e-06,6.870826e-06,3.524995e-06,8.008329e-06,8.562493e-06,5.545831e-06,6.987492e-06,6.529164e-06,7.724992e-06,8.120831e-06,7.120832e-06,4.949999e-06,7.179165e-06,7.083328e-06
6,679,365.934,0.942,3.512494e-06,2.645826e-06,2.52916e-06,6.891664e-06,3.533332e-06,7.974998e-06,8.533327e-06,5.579162e-06,7.054162e-06,6.549994e-06,7.749994e-06,8.099993e-06,7.137497e-06,4.945827e-06,7.212496e-06,7.120832e-06
6,680,366.094,0.94,3.487492e-06,2.662492e-06,2.516659e-06,6.862497e-06,3.433331e-06,7.987499e-06,8.558329e-06,5.604164e-06,7.033332e-06,6.579161e-06,7.76666e-06,8.145825e-06,7.108331e-06,4.999995e-06,7.199995e-06,7.112495e-06
6,681,366.254,0.938,3.545833e-06,2.658328e-06,2.533332e-06,6.945832e-06,3.499993e-06,8.054161e-06,8.59166e-06,5.63333e-06,7.099994e-06,6.591662e-06,7.795827e-06,8.170828e-06,7.099994e-06,4.995831e-06,7.149999e-06,7.108331e-06
6,682,366.413,0.936,3.483327e-06,2.587493e-06,2.537497e-06,6.945832e-06,3.545833e-06,8.074999e-06,8.612497e-06,5.645832e-06,7.079164e-06,6.637494e-06,7.74583e-06,8.216659e-06,7.224997e-06,5.045827e-06,7.299996e-06,7.166664e-06
6,683,366.573,0.934,3.545833e-06,2.624997e-06,2.499994e-06,6.983328e-06,3.533332e-06,8.099993e-06,8.629163e-06,5.641659e-06,7.145826e-06,6.637494e-06,7.837494e-06,8.083328e-06,7.237498e-06,5.074994e-06,7.233326e-06,7.174993e-06
6,684,366.733,0.932,3.54166e-06,2.620832e-06,2.516659e-06,7.024995e-06,3.516658e-06,8.158326e-06,8.616662e-06,5.683327e-06,7.1625e-06,6.683326e-06,7.874997e-06,8.174999e-06,7.249999e-06,5.079166e-06,7.295831e-06,7.204159e-06
6,685,366.893,0.93,3.533332e-06,2.670829e-06,2.520831e-06,7.062499e-06,3.533332e-06,8.120831e-06,8.654165e-06,5.691663e-06,7.187494e-06,6.670833e-06,7.895827e-06,8.233333e-06,7.258328e-06,5.149992e-06,7.333326e-06,7.170828e-06
6,686,367.053,0.928,3.562498e-06,2.641662e-06,2.479164e-06,6.983328e-06,3.537496e-06,8.179164e-06,8.670831e-06,5.716666e-06,7.199995e-06,6.712492e-06,7.924994e-06,8.224996e-06,7.30416e-06,5.137499e-06,7.345827e-06,7.237498e-06
6,687,367.212,0.926,3.491664e-06,2.637498e-06,2.462498e-06,7.083328e-06,3.579164e-06,8.174999e-06,8.687496e-06,5.74166e-06,7.233326e-06,6.745831e-06,7.908328e-06,8.237497e-06,7.229161e-06,5.087495e-06,7.358328e-06,7.204159e-06
6,688,367.372,0.924,3.529159e-06,2.637498e-06,2.50833e-06,7.120832e-06,3.483327e-06,8.208331e-06,8.641664e-06,5.754161e-06,7.229161e-06,6.729166e-06,7.958332e-06,8.191665e-06,7.345827e-06,5.204161e-06,7.387495e-06,7.295831e-06
6,689,367.532,0.922,3.54166e-06,2.633325e-06,2.50833e-06,7.095829e-06,3.529159e-06,8.216659e-06,8.674995e-06,5.787492e-06,7.233326e-06,6.766661e-06,7.970826e-06,8.308331e-06,7.349992e-06,5.204161e-06,7.429162e-06,7.274993e-06
6,690,367.692,0.92,3.504165e-06,2.637498e-06,2.516659e-06,7.11666e-06,3.545833e-06,8.208331e-06,8.687496e-06,5.758325e-06,7.254163e-06,6.766661e-06,7.962497e-06,8.299994e-06,7.329162e-06,5.220827e-06,7.437499e-06,7.28333e-06
6,691,367.852,0.918,3.508329e-06,2.599994e-06,2.491665e-06,7.145826e-06,3.554161e-06,8.279165e-06,8.704162e-06,5.804165e-06,7.270829e-06,6.774998e-06,8.004165e-06,8.29583e-06,7.329162e-06,5.216662e-06,7.429162e-06,7.291659e-06
6,692,368.012,0.916,3.499993e-06,2.612495e-06,2.466663e-06,7.099994e-06,3.533332e-06,8.233333e-06,8.724999e-06,5.779163e-06,7.299996e-06,6.808329e-06,8.004165e-06,8.312496e-06,7.354164e-06,5.204161e-06,7.40416e-06,7.28333e-06
6,693,368.171,0.914,3.529159e-06,2.533332e-06,2.474992e-06,7.174993e-06,3.545833e-06,8.254163e-06,8.699997e-06,5.84166e-06,7.291659e-06,6.804164e-06,8.029159e-06,8.308331e-06,7.412497e-06,5.287496e-06,7.479159e-06,7.341663e-06
6,694,368.331,0.912,3.537496e-06,2.591666e-06,2.479164e-06,7.174993e-06,3.574999e-06,8.266664e-06,8.754166e-06,5.84166e-06,7.279165e-06,6.816666e-06,7.916665e-06,8.358327e-06,7.433327e-06,5.304162e-06,7.487496e-06,7.354164e-06
6,695,368.491,0.91,3.54166e-06,2.599994e-06,2.454162e-06,7.220833e-06,3.566662e-06,8.287493e-06,8.737493e-06,5.824995e-06,7.341663e-06,6.833331e-06,8.079163e-06,8.387494e-06,7.408333e-06,5.366659e-06,7.504161e-06,7.358328e-06
6,696,368.651,0.908,3.545833e-06,2.583329e-06,2.441661e-06,7.199995e-06,3.54166e-06,8.299994e-06,8.65833e-06,5.845833e-06,7.324998e-06,6.866662e-06,8.087492e-06,8.387494e-06,7.474995e-06,5.324991e-06,7.533328e-06,7.395832e-06
6,697,368.811,0.906,3.54166e-06,2.570828e-06,2.441661e-06,7.270829e-06,3.558326e-06,8.283329e-06,8.762495e-06,5.824995e-06,7.358328e-06,6.866662e-06,8.099993e-06,8.424998e-06,7.449993e-06,5.35833e-06,7.537492e-06,7.291659e-06
6,698,368.97,0.904,3.583328e-06,2.599994e-06,2.474992e-06,7.28333e-06,3.570827e-06,8.358327e-06,8.766659e-06,5.879164e-06,7.379158e-06,6.866662e-06,8.120831e-06,8.395831e-06,7.474995e-06,5.404162e-06,7.562494e-06,7.416661e-06
6,699,369.13,0.902,3.554161e-06,2.599994e-06,2.474992e-06,7.291659e-06,3.583328e-06,8.374993e-06,8.791661e-06,5.920831e-06,7.30416e-06,6.899993e-06,8.112494e-06,8.395831e-06,7.499997e-06,5.420828e-06,7.595825e-06,7.433327e-06
6,700,369.29,0.9,3.583328e-06,2.574992e-06,2.437496e-06,7.324998e-06,3.574999e-06,8.383329e-06,8.799998e-06,5.924996e-06,7.391659e-06,6.837495e-06,8.137496e-06,8.45e-06,7.512498e-06,5.454159e-06,7.599997e-06,7.433327e-06
6,701,369.45,0.898,3.562498e-06,2.562499e-06,2.454162e-06,7.320825e-06,3.583328e-06,8.370828e-06,8.774996e-06,5.854161e-06,7.416661e-06,6.958326e-06,8.154162e-06,8.45e-06,7.549993e-06,5.449994e-06,7.649994e-06,7.391659e-06
6,702,369.61,0.896,3.533332e-06,2.591666e-06,2.433332e-06,7.358328e-06,3.574999e-06,8.404159e-06,8.799998e-06,5.945826e-06,7.449993e-06,6.966663e-06,8.170828e-06,8.462493e-06,7.541664e-06,5.491662e-06,7.55833e-06,7.466666e-06
6,703,369.769,0.894,3.566662e-06,2.537497e-06,2.366662e-06,7.337499e-06,3.583328e-06,8.433326e-06,8.804162e-06,5.937497e-06,7.449993e-06,6.974999e-06,8.179164e-06,8.424998e-06,7.508326e-06,5.412499e-06,7.666659e-06,7.487496e-06
6,704,369.929,0.892,3.549997e-06,2.533332e-06,2.433332e-06,7.349992e-06,3.591665e-06,8.429161e-06,8.77916e-06,5.974992e-06,7.437499e-06,6.962498e-06,8.191665e-06,8.499996e-06,7.562494e-06,5.479161e-06,7.691661e-06,7.483332e-06
6,705,370.089,0.89,3.570827e-06,2.524996e-06,2.420831e-06,7.40416e-06,3.587492e-06,8.454163e-06,8.833329e-06,5.941661e-06,7.466666e-06,6.987492e-06,8.237497e-06,8.50416e-06,7.599997e-06,5.549995e-06,7.67916e-06,7.529163e-06
6,706,370.249,0.888,3.549997e-06,2.520831e-06,2.424995e-06,7.412497e-06,3.574999e-06,8.45e-06,8.787497e-06,6.041662e-06,7.487496e-06,6.983328e-06,8.241662e-06,8.524998e-06,7.591661e-06,5.55416e-06,7.695826e-06,7.537492e-06
6,707,370.409,0.886,3.558326e-06,2.52916e-06,2.40833e-06,7.433327e-06,3.587492e-06,8.495832e-06,8.891662e-06,6.033325e-06,7.512498e-06,7.02916e-06,8.241662e-06,8.541663e-06,7.587496e-06,5.583326e-06,7.708327e-06,7.516662e-06
6,708,370.569,0.884,3.570827e-06,2.50833e-06,2.412494e-06,7.454165e-06,3.595829e-06,8.508333e-06,8.824993e-06,6.045826e-06,7.504161e-06,7.058326e-06,8.216659e-06,8.508333e-06,7.624992e-06,5.545831e-06,7.758331e-06,7.533328e-06
6,709,370.728,0.882,3.558326e-06,2.558327e-06,2.404165e-06,7.483332e-06,3.587492e-06,8.487495e-06,8.883325e-06,6.045826e-06,7.545829e-06,7.074992e-06,8.249998e-06,8.554164e-06,7.595825e-06,5.587498e-06,7.762495e-06,7.570831e-06
6,710,370.888,0.88,3.554161e-06,2.516659e-06,2.399993e-06,7.462494e-06,3.583328e-06,8.529162e-06,8.874997e-06,6.083329e-06,7.541664e-06,7.037497e-06,8.274992e-06,8.541663e-06,7.670832e-06,5.608328e-06,7.749994e-06,7.587496e-06
6,711,371.048,0.878,3.554161e-06,2.52916e-06,2.404165e-06,7.483332e-06,3.595829e-06,8.533327e-06,8.891662e-06,6.087494e-06,7.545829e-06,7.124996e-06,8.29583e-06,8.554164e-06,7.654166e-06,5.629166e-06,7.804163e-06,7.545829e-06
6,712,371.208,0.876,3.570827e-06,2.52916e-06,2.399993e-06,7.516662e-06,3.583328e-06,8.520826e-06,8.908328e-06,6.074993e-06,7.562494e-06,7.083328e-06,8.31666e-06,8.566665e-06,7.670832e-06,5.645832e-06,7.770833e-06,7.595825e-06
6,713,371.368,0.874,3.562498e-06,2.487493e-06,2.370826e-06,7.545829e-06,3.620831e-06,8.529162e-06,8.904163e-06,6.120833e-06,7.55833e-06,7.099994e-06,8.337498e-06,8.579159e-06,7.691661e-06,5.670825e-06,7.808328e-06,7.624992e-06
6,714,371.527,0.872,3.54166e-06,2.533332e-06,2.387492e-06,7.554166e-06,3.612495e-06,8.545828e-06,8.904163e-06,6.104159e-06,7.587496e-06,7.095829e-06,8.333325e-06,8.59166e-06,7.641665e-06,5.666661e-06,7.795827e-06,7.612498e-06
6,715,371.687,0.87,3.587492e-06,2.491665e-06,2.387492e-06,7.55833e-06,3.591665e-06,8.612497e-06,8.93333e-06,6.158328e-06,7.591661e-06,7.120832e-06,8.366665e-06,8.604161e-06,7.737493e-06,5.712493e-06,7.837494e-06,7.645829e-06
6,716,371.847,0.868,3.566662e-06,2.499994e-06,2.383327e-06,7.55833e-06,3.60833e-06,8.554164e-06,8.929165e-06,6.129162e-06,7.587496e-06,7.129161e-06,8.345826e-06,8.620827e-06,7.724992e-06,5.729159e-06,7.866661e-06,7.633328e-06
6,717,372.007,0.866,3.566662e-06,2.483328e-06,2.354161e-06,7.608326e-06,3.604166e-06,8.59166e-06,8.883325e-06,6.116661e-06,7.629164e-06,7.154163e-06,8.374993e-06,8.604161e-06,7.770833e-06,5.745832e-06,7.83333e-06,7.666659e-06
6,718,372.167,0.864,3.558326e-06,2.479164e-06,2.379163e-06,7.591661e-06,3.620831e-06,8.629163e-06,8.93333e-06,6.199996e-06,7.629164e-06,7.1625e-06,8.370828e-06,8.616662e-06,7.74583e-06,5.729159e-06,7.904164e-06,7.674996e-06
6,719,372.326,0.862,3.558326e-06,2.495829e-06,2.366662e-06,7.599997e-06,3.612495e-06,8.616662e-06,8.945831e-06,6.170829e-06,7.629164e-06,7.154163e-06,8.412496e-06,8.595832e-06,7.74583e-06,5.779163e-06,7.879162e-06,7.695826e-06
6,720,372.486,0.86,3.595829e-06,2.433332e-06,2.374999e-06,7.633328e-06,3.624996e-06,8.629163e-06,8.945831e-06,6.224998e-06,7.649994e-06,7.187494e-06,8.424998e-06,8.641664e-06,7.799999e-06,5.770826e-06,7.920829e-06,7.691661e-06
6,721,372.646,0.858,3.558326e-06,2.491665e-06,2.362498e-06,7.658331e-06,3.599993e-06,8.629163e-06,8.970833e-06,6.208332e-06,7.654166e-06,7.224997e-06,8.420833e-06,8.666659e-06,7.791662e-06,5.762497e-06,7.912493e-06,7.691661e-06
6,722,372.806,0.856,3.545833e-06,2.424995e-06,2.333331e-06,7.683333e-06,3.554161e-06,8.65833e-06,8.954159e-06,6.233327e-06,7.691661e-06,7.204159e-06,8.420833e-06,8.629163e-06,7.799999e-06,5.804165e-06,7.920829e-06,7.729165e-06
6,723,372.966,0.854,3.549997e-06,2.454162e-06,2.333331e-06,7.645829e-06,3.529159e-06,8.624998e-06,8.945831e-06,6.237499e-06,7.662495e-06,7.229161e-06,8.433326e-06,8.666659e-06,7.820829e-06,5.820831e-06,7.916665e-06,7.704162e-06
6,724,373.126,0.852,3.529159e-06,2.458326e-06,2.283327e-06,7.683333e-06,3.620831e-06,8.67916e-06,8.96666e-06,6.224998e-06,7.670832e-06,7.224997e-06,8.466665e-06,8.649993e-06,7.795827e-06,5.849997e-06,7.962497e-06,7.758331e-06
6,725,373.285,0.85,3.566662e-06,2.433332e-06,2.354161e-06,7.695826e-06,3.595829e-06,8.65833e-06,8.96666e-06,6.27083e-06,7.670832e-06,7.229161e-06,8.445827e-06,8.674995e-06,7.824993e-06,5.84166e-06,7.966662e-06,7.724992e-06
6,726,373.445,0.848,3.558326e-06,2.412494e-06,2.308329e-06,7.7125e-06,3.604166e-06,8.695833e-06,8.999999e-06,6.245828e-06,7.724992e-06,7.245827e-06,8.470829e-06,8.670831e-06,7.837494e-06,5.874999e-06,7.962497e-06,7.737493e-06
6,727,373.605,0.846,3.558326e-06,2.404165e-06,2.316666e-06,7.708327e-06,3.545833e-06,8.674995e-06,8.974997e-06,6.283331e-06,7.691661e-06,7.245827e-06,8.499996e-06,8.699997e-06,7.824993e-06,5.870827e-06,7.983327e-06,7.770833e-06
6,728,373.765,0.844,3.558326e-06,2.412494e-06,2.245831e-06,7.674996e-06,3.579164e-06,8.666659e-06,8.983326e-06,6.237499e-06,7.645829e-06,7.249999e-06,8.458328e-06,8.699997e-06,7.85416e-06,5.904166e-06,8.016666e-06,7.754159e-06
6,729,373.925,0.842,3.574999e-06,2.40833e-06,2.287499e-06,7.724992e-06,3.604166e-06,8.720827e-06,8.995827e-06,6.283331e-06,7.716663e-06,7.249999e-06,8.524998e-06,8.720827e-06,7.870825e-06,5.933332e-06,7.920829e-06,7.795827e-06
6,730,374.084,0.84,3.54166e-06,2.404165e-06,2.316666e-06,7.741666e-06,3.570827e-06,8.687496e-06,9.004164e-06,6.333327e-06,7.729165e-06,7.299996e-06,8.499996e-06,8.704162e-06,7.866661e-06,5.837496e-06,8.029159e-06,7.799999e-06
6,731,374.244,0.838,3.554161e-06,2.433332e-06,2.291664e-06,7.749994e-06,3.591665e-06,8.691661e-06,8.999999e-06,6.279159e-06,7.758331e-06,7.270829e-06,8.508333e-06,8.704162e-06,7.874997e-06,5.966663e-06,8.024995e-06,7.787497e-06
6,732,374.404,0.836,3.570827e-06,2.383327e-06,2.279162e-06,7.74583e-06,3.620831e-06,8.754166e-06,9.008329e-06,6.316662e-06,7.674996e-06,7.266664e-06,8.520826e-06,8.716663e-06,7.899992e-06,5.949998e-06,8.045832e-06,7.83333e-06
6,733,374.564,0.834,3.558326e-06,2.399993e-06,2.304165e-06,7.76666e-06,3.620831e-06,8.733328e-06,9.016665e-06,6.341664e-06,7.770833e-06,7.337499e-06,8.533327e-06,8.77916e-06,7.912493e-06,5.991666e-06,8.012494e-06,7.812492e-06
6,734,374.724,0.832,3.574999e-06,2.379163e-06,2.262497e-06,7.808328e-06,3.599993e-06,8.75833e-06,9.024993e-06,6.354165e-06,7.774996e-06,7.30416e-06,8.566665e-06,8.766659e-06,7.916665e-06,6.004159e-06,8.049997e-06,7.83333e-06
6,735,374.883,0.83,3.529159e-06,2.379163e-06,2.274998e-06,7.799999e-06,3.612495e-06,8.766659e-06,9.004164e-06,6.349993e-06,7.758331e-06,7.341663e-06,8.554164e-06,8.749994e-06,7.912493e-06,5.99583e-06,8.066662e-06,7.83333e-06
6,736,375.043,0.828,3.566662e-06,2.366662e-06,2.287499e-06,7.783326e-06,3.60833e-06,8.787497e-06,9.045832e-06,6.362494e-06,7.799999e-06,7.316661e-06,8.558329e-06,8.733328e-06,7.891663e-06,6.029161e-06,8.070827e-06,7.841659e-06
6,737,375.203,0.826,3.591665e-06,2.34166e-06,2.279162e-06,7.83333e-06,3.612495e-06,8.766659e-06,9.024993e-06,6.341664e-06,7.783326e-06,7.274993e-06,8.562493e-06,8.75833e-06,7.954161e-06,6.008331e-06,8.095829e-06,7.845831e-06
6,738,375.363,0.824,3.529159e-06,2.374999e-06,2.25416e-06,7.85416e-06,3.595829e-06,8.754166e-06,9.02083e-06,6.354165e-06,7.816664e-06,7.391659e-06,8.595832e-06,8.787497e-06,7.970826e-06,6.062492e-06,8.095829e-06,7.862496e-06
6,739,375.523,0.822,3.566662e-06,2.366662e-06,2.274998e-06,7.85416e-06,3.60833e-06,8.724999e-06,8.999999e-06,6.412498e-06,7.820829e-06,7.358328e-06,8.616662e-06,8.791661e-06,7.991664e-06,6.041662e-06,8.083328e-06,7.858332e-06
6,740,375.683,0.82,3.545833e-06,2.345832e-06,2.229158e-06,7.820829e-06,3.620831e-06,8.766659e-06,9.041659e-06,6.404161e-06,7.812492e-06,7.349992e-06,8.608326e-06,8.816663e-06,7.954161e-06,6.058327e-06,8.137496e-06,7.862496e-06
6,741,375.842,0.818,3.54166e-06,2.304165e-06,2.237495e-06,7.891663e-06,3.599993e-06,8.816663e-06,9.045832e-06,6.408326e-06,7.862496e-06,7.391659e-06,8.5375e-06,8.770831e-06,7.970826e-06,6.020832e-06,8.10833e-06,7.908328e-06
6,742,376.002,0.816,3.566662e-06,2.349997e-06,2.249996e-06,7.862496e-06,3.624996e-06,8.812499e-06,9.049996e-06,6.420827e-06,7.808328e-06,7.287495e-06,8.612497e-06,8.795826e-06,7.991664e-06,6.09583e-06,8.116658e-06,7.899992e-06
6,743,376.162,0.814,3.545833e-06,2.337496e-06,2.216665e-06,7.874997e-06,3.612495e-06,8.804162e-06,9.037494e-06,6.408326e-06,7.837494e-06,7.395832e-06,8.641664e-06,8.774996e-06,7.970826e-06,6.09583e-06,8.099993e-06,7.912493e-06
6,744,376.322,0.812,3.583328e-06,2.295828e-06,2.237495e-06,7.899992e-06,3.624996e-06,8.812499e-06,9.058333e-06,6.483333e-06,7.866661e-06,7.408333e-06,8.633328e-06,8.816663e-06,8.008329e-06,6.120833e-06,8.141661e-06,7.912493e-06
6,745,376.482,0.81,3.558326e-06,2.354161e-06,2.195827e-06,7.891663e-06,3.60833e-06,8.808327e-06,9.087499e-06,6.466659e-06,7.870825e-06,7.408333e-06,8.616662e-06,8.84583e-06,8.033331e-06,6.099995e-06,8.10833e-06,7.904164e-06
6,746,376.641,0.808,3.566662e-06,2.337496e-06,2.212493e-06,7.899992e-06,3.566662e-06,8.86666e-06,9.05416e-06,6.449994e-06,7.85416e-06,7.374994e-06,8.633328e-06,8.791661e-06,8.029159e-06,6.166665e-06,8.162498e-06,7.949996e-06
6,747,376.801,0.806,3.545833e-06,2.337496e-06,2.224994e-06,7.908328e-06,3.612495e-06,8.816663e-06,9.058333e-06,6.495825e-06,7.858332e-06,7.445828e-06,8.65833e-06,8.816663e-06,8.062498e-06,6.162492e-06,8.199993e-06,7.945831e-06
6,748,376.961,0.804,3.566662e-06,2.333331e-06,2.199992e-06,7.920829e-06,3.620831e-06,8.858331e-06,9.108328e-06,6.470831e-06,7.891663e-06,7.424998e-06,8.691661e-06,8.849995e-06,8.033331e-06,6.20416e-06,8.166663e-06,7.904164e-06
6,749,377.121,0.802,3.537496e-06,2.312493e-06,2.183326e-06,7.94166e-06,3.612495e-06,8.86666e-06,9.016665e-06,6.487497e-06,7.874997e-06,7.449993e-06,8.662494e-06,8.820828e-06,8.045832e-06,6.18333e-06,8.212495e-06,7.949996e-06
6,750,377.281,0.8,3.495828e-06,2.287499e-06,2.162496e-06,7.924994e-06,3.616659e-06,8.858331e-06,9.062497e-06,6.504162e-06,7.879162e-06,7.420826e-06,8.637492e-06,8.804162e-06,8.029159e-06,6.174993e-06,8.170828e-06,7.93333e-06
6,751,377.441,0.798,3.529159e-06,2.279162e-06,2.108328e-06,7.924994e-06,3.574999e-06,8.883325e-06,9.045832e-06,6.483333e-06,7.870825e-06,7.458329e-06,8.708326e-06,8.816663e-06,8.070827e-06,6.187495e-06,8.199993e-06,7.962497e-06
6,752,377.6,0.796,3.533332e-06,2.23333e-06,2.208328e-06,7.970826e-06,3.633332e-06,8.879161e-06,9.083326e-06,6.529164e-06,7.899992e-06,7.499997e-06,8.633328e-06,8.887498e-06,8.083328e-06,6.220826e-06,8.191665e-06,7.970826e-06
6,753,377.76,0.794,3.54166e-06,2.304165e-06,2.158332e-06,7.983327e-06,3.620831e-06,8.908328e-06,9.112493e-06,6.54583e-06,7.908328e-06,7.47083e-06,8.716663e-06,8.841665e-06,8.083328e-06,6.241663e-06,8.237497e-06,8.004165e-06
6,754,377.92,0.792,3.570827e-06,2.279162e-06,2.170825e-06,7.999993e-06,3.60833e-06,8.899999e-06,9.066661e-06,6.562495e-06,7.929166e-06,7.479159e-06,8.729164e-06,8.858331e-06,8.104165e-06,6.212497e-06,8.262499e-06,7.979163e-06
6,755,378.08,0.79,3.537496e-06,2.304165e-06,2.179162e-06,8.008329e-06,3.637497e-06,8.820828e-06,9.087499e-06,6.541665e-06,7.949996e-06,7.487496e-06,8.704162e-06,8.879161e-06,8.074999e-06,6.27083e-06,8.22916e-06,7.983327e-06
6,756,378.24,0.788,3.587492e-06,2.270826e-06,2.166661e-06,7.995828e-06,3.620831e-06,8.895826e-06,9.099992e-06,6.554159e-06,7.94166e-06,7.49166e-06,8.737493e-06,8.874997e-06,8.133332e-06,6.266665e-06,8.179164e-06,7.899992e-06
6,757,378.399,0.786,3.562498e-06,2.274998e-06,2.162496e-06,8.004165e-06,3.599993e-06,8.887498e-06,9.087499e-06,6.579161e-06,7.93333e-06,7.499997e-06,8.712498e-06,8.891662e-06,8.104165e-06,6.287495e-06,8.258326e-06,8.02083e-06
6,758,378.559,0.784,3.554161e-06,2.266661e-06,2.13333e-06,8.016666e-06,3.616659e-06,8.86666e-06,9.104165e-06,6.562495e-06,7.945831e-06,7.49166e-06,8.704162e-06,8.887498e-06,8.10833e-06,6.287495e-06,8.262499e-06,8.04166e-06
6,759,378.719,0.782,3.529159e-06,2.224994e-06,2.179162e-06,8.037496e-06,3.641661e-06,8.929165e-06,9.083326e-06,6.595826e-06,7.94166e-06,7.549993e-06,8.75833e-06,8.891662e-06,8.137496e-06,6.279159e-06,8.283329e-06,8.02083e-06
6,760,378.879,0.78,3.54166e-06,2.241659e-06,2.129165e-06,8.037496e-06,3.599993e-06,8.904163e-06,9.108328e-06,6.554159e-06,7.970826e-06,7.541664e-06,8.766659e-06,8.904163e-06,8.133332e-06,6.308325e-06,8.287493e-06,8.037496e-06
6,761,379.039,0.778,3.570827e-06,2.237495e-06,2.112492e-06,8.045832e-06,3.591665e-06,8.945831e-06,9.104165e-06,6.612492e-06,7.979163e-06,7.520827e-06,8.749994e-06,8.86666e-06,8.133332e-06,6.299997e-06,8.287493e-06,8.045832e-06
6,762,379.198,0.776,3.558326e-06,2.241659e-06,2.141659e-06,8.054161e-06,3.662499e-06,8.945831e-06,9.14166e-06,6.620828e-06,7.979163e-06,7.537492e-06,8.75833e-06,8.895826e-06,8.12916e-06,6.304161e-06,8.312496e-06,8.033331e-06
6,763,379.358,0.774,3.570827e-06,2.216665e-06,2.116664e-06,8.024995e-06,3.591665e-06,8.945831e-06,9.104165e-06,6.604163e-06,7.987499e-06,7.516662e-06,8.791661e-06,8.899999e-06,8.154162e-06,6.337492e-06,8.320832e-06,8.045832e-06
6,764,379.518,0.772,3.529159e-06,2.25416e-06,2.13333e-06,8.037496e-06,3.654162e-06,8.945831e-06,9.133331e-06,6.645831e-06,7.958332e-06,7.55833e-06,8.762495e-06,8.916664e-06,8.158326e-06,6.345828e-06,8.308331e-06,8.049997e-06
6,765,379.678,0.77,3.533332e-06,2.224994e-06,2.112492e-06,8.079163e-06,3.641661e-06,8.916664e-06,9.116666e-06,6.629165e-06,7.999993e-06,7.508326e-06,8.795826e-06,8.916664e-06,8.145825e-06,6.374995e-06,8.329161e-06,8.091664e-06
6,766,379.838,0.768,3.554161e-06,2.212493e-06,2.108328e-06,8.066662e-06,3.62916e-06,8.954159e-06,9.124994e-06,6.654159e-06,7.949996e-06,7.55833e-06,8.795826e-06,8.904163e-06,8.199993e-06,6.362494e-06,8.345826e-06,8.079163e-06
6,767,379.998,0.766,3.554161e-06,2.191663e-06,2.13333e-06,8.10833e-06,3.649998e-06,8.904163e-06,9.129159e-06,6.654159e-06,7.999993e-06,7.57916e-06,8.795826e-06,8.93333e-06,8.179164e-06,6.387496e-06,8.337498e-06,8.083328e-06
6,768,380.157,0.764,3.537496e-06,2.199992e-06,2.108328e-06,8.12916e-06,3.579164e-06,8.970833e-06,9.145832e-06,6.658332e-06,8.029159e-06,7.549993e-06,8.808327e-06,8.908328e-06,8.170828e-06,6.399997e-06,8.333325e-06,8.091664e-06
6,769,380.317,0.762,3.508329e-06,2.179162e-06,2.087498e-06,8.091664e-06,3.62916e-06,8.962496e-06,9.124994e-06,6.645831e-06,7.987499e-06,7.566658e-06,8.77916e-06,8.945831e-06,8.183329e-06,6.383332e-06,8.362492e-06,8.045832e-06
6,770,380.477,0.76,3.499993e-06,2.183326e-06,2.099999e-06,8.149997e-06,3.62916e-06,9.004164e-06,9.137495e-06,6.649995e-06,8.02083e-06,7.587496e-06,8.812499e-06,8.887498e-06,8.174999e-06,6.408326e-06,8.362492e-06,8.099993e-06
6,771,380.637,0.758,3.545833e-06,2.162496e-06,2.099999e-06,8.087492e-06,3.612495e-06,8.954159e-06,9.112493e-06,6.687498e-06,8.024995e-06,7.570831e-06,8.791661e-06,8.924992e-06,8.233333e-06,6.437492e-06,8.383329e-06,8.079163e-06
6,772,380.797,0.756,3.554161e-06,2.220829e-06,2.054159e-06,8.141661e-06,3.649998e-06,9.008329e-06,9.133331e-06,6.691662e-06,8.024995e-06,7.583332e-06,8.808327e-06,8.974997e-06,8.199993e-06,6.420827e-06,8.370828e-06,8.091664e-06
6,773,380.956,0.754,3.570827e-06,2.174997e-06,2.087498e-06,8.162498e-06,3.649998e-06,8.979162e-06,9.133331e-06,6.720829e-06,8.045832e-06,7.620828e-06,8.854158e-06,8.895826e-06,8.241662e-06,6.454166e-06,8.399995e-06,8.091664e-06
6,774,381.116,0.752,3.562498e-06,2.187498e-06,2.070832e-06,8.158326e-06,3.645825e-06,9.012492e-06,9.158325e-06,6.716665e-06,8.037496e-06,7.624992e-06,8.749994e-06,8.862496e-06,8.22916e-06,6.45833e-06,8.354164e-06,8.12916e-06
6,775,381.276,0.75,3.537496e-06,2.191663e-06,2.095826e-06,8.162498e-06,3.637497e-06,8.991663e-06,9.170826e-06,6.716665e-06,8.049997e-06,7.620828e-06,8.883325e-06,8.962496e-06,8.249998e-06,6.474996e-06,8.362492e-06,8.170828e-06
6,776,381.436,0.748,3.516658e-06,2.162496e-06,2.099999e-06,8.158326e-06,3.658326e-06,8.999999e-06,9.170826e-06,6.745831e-06,8.054161e-06,7.624992e-06,8.862496e-06,8.987498e-06,8.258326e-06,6.474996e-06,8.433326e-06,8.158326e-06
6,777,381.596,0.746,3.545833e-06,2.187498e-06,2.04583e-06,8.199993e-06,3.649998e-06,8.979162e-06,9.174999e-06,6.724993e-06,8.070827e-06,7.645829e-06,8.849995e-06,8.974997e-06,8.254163e-06,6.499998e-06,8.333325e-06,8.12916e-06
6,778,381.756,0.744,3.570827e-06,2.145831e-06,2.062495e-06,8.174999e-06,3.641661e-06,9.049996e-06,9.133331e-06,6.766661e-06,8.049997e-06,7.637493e-06,8.86666e-06,8.949995e-06,8.266664e-06,6.487497e-06,8.420833e-06,8.166663e-06
6,779,381.915,0.742,3.562498e-06,2.162496e-06,2.054159e-06,8.216659e-06,3.666663e-06,9.033331e-06,9.170826e-06,6.770825e-06,8.087492e-06,7.670832e-06,8.849995e-06,8.93333e-06,8.220832e-06,6.524992e-06,8.424998e-06,8.162498e-06
6,780,382.075,0.74,3.574999e-06,2.149995e-06,2.062495e-06,8.212495e-06,3.654162e-06,9.049996e-06,9.170826e-06,6.770825e-06,8.070827e-06,7.633328e-06,8.899999e-06,8.983326e-06,8.299994e-06,6.508326e-06,8.399995e-06,8.166663e-06
6,781,382.235,0.738,3.574999e-06,2.158332e-06,2.070832e-06,8.208331e-06,3.674992e-06,9.049996e-06,9.204166e-06,6.75416e-06,7.974998e-06,7.666659e-06,8.874997e-06,8.999999e-06,8.299994e-06,6.495825e-06,8.454163e-06,8.174999e-06
6,782,382.395,0.736,3.549997e-06,2.149995e-06,2.049994e-06,8.22916e-06,3.645825e-06,9.062497e-06,9.158325e-06,6.787499e-06,8.124995e-06,7.658331e-06,8.887498e-06,8.995827e-06,8.29583e-06,6.558331e-06,8.45e-06,8.162498e-06
6,783,382.555,0.734,3.533332e-06,2.099999e-06,1.983333e-06,8.170828e-06,3.654162e-06,9.033331e-06,9.174999e-06,6.795828e-06,8.083328e-06,7.674996e-06,8.904163e-06,9.008329e-06,8.304159e-06,6.499998e-06,8.445827e-06,8.162498e-06
6,784,382.714,0.732,3.529159e-06,2.120829e-06,2.033329e-06,8.216659e-06,3.620831e-06,9.012492e-06,9.149996e-06,6.779162e-06,8.099993e-06,7.658331e-06,8.883325e-06,8.999999e-06,8.258326e-06,6.562495e-06,8.454163e-06,8.187492e-06
6,785,382.874,0.73,3.574999e-06,2.091662e-06,2.037493e-06,8.216659e-06,3.637497e-06,9.070825e-06,9.174999e-06,6.808329e-06,8.074999e-06,7.662495e-06,8.904163e-06,8.987498e-06,8.299994e-06,6.558331e-06,8.454163e-06,8.199993e-06
6,786,383.034,0.728,3.549997e-06,2.129165e-06,2.008327e-06,8.22916e-06,3.679164e-06,9.074998e-06,9.174999e-06,6.75416e-06,8.10833e-06,7.666659e-06,8.895826e-06,9.029166e-06,8.287493e-06,6.558331e-06,8.499996e-06,8.204166e-06
6,787,383.194,0.726,3.570827e-06,2.091662e-06,1.966659e-06,8.254163e-06,3.599993e-06,9.058333e-06,9.212494e-06,6.795828e-06,8.149997e-06,7.666659e-06,8.916664e-06,8.991663e-06,8.304159e-06,6.591662e-06,8.441662e-06,8.212495e-06
6,788,383.354,0.724,3.574999e-06,2.104163e-06,2.008327e-06,8.245825e-06,3.649998e-06,8.958332e-06,9.187492e-06,6.816666e-06,8.120831e-06,7.687497e-06,8.895826e-06,9.033331e-06,8.333325e-06,6.56666e-06,8.495832e-06,8.124995e-06
6,789,383.513,0.722,3.549997e-06,2.112492e-06,1.97916e-06,8.254163e-06,3.649998e-06,9.05416e-06,9.187492e-06,6.799992e-06,8.124995e-06,7.67916e-06,8.854158e-06,8.979162e-06,8.220832e-06,6.529164e-06,8.370828e-06,8.216659e-06
6,790,383.673,0.72,3.554161e-06,2.054159e-06,2.004163e-06,8.258326e-06,3.62916e-06,9.058333e-06,9.14166e-06,6.824994e-06,8.137496e-06,7.654166e-06,8.920829e-06,8.924992e-06,8.329161e-06,6.554159e-06,8.491659e-06,8.216659e-06
6,791,383.833,0.718,3.495828e-06,2.095826e-06,1.987497e-06,8.258326e-06,3.654162e-06,9.070825e-06,9.174999e-06,6.841659e-06,8.066662e-06,7.670832e-06,8.920829e-06,9.033331e-06,8.329161e-06,6.595826e-06,8.508333e-06,8.22916e-06
6,792,383.993,0.716,3.570827e-06,2.062495e-06,1.983333e-06,8.308331e-06,3.637497e-06,9.108328e-06,9.12083e-06,6.862497e-06,8.162498e-06,7.662495e-06,8.945831e-06,9.024993e-06,8.329161e-06,6.63333e-06,8.474994e-06,8.270827e-06
6,793,384.153,0.714,3.545833e-06,2.095826e-06,2.012499e-06,8.258326e-06,3.633332e-06,8.96666e-06,9.162498e-06,6.808329e-06,8.145825e-06,7.7125e-06,8.954159e-06,9.041659e-06,8.358327e-06,6.599998e-06,8.508333e-06,8.183329e-06
6,794,384.313,0.712,3.512494e-06,2.06666e-06,1.949994e-06,8.283329e-06,3.666663e-06,9.095827e-06,9.212494e-06,6.82083e-06,8.149997e-06,7.666659e-06,8.937494e-06,8.96666e-06,8.308331e-06,6.63333e-06,8.495832e-06,8.241662e-06
6,795,384.472,0.71,3.549997e-06,2.049994e-06,1.995826e-06,8.287493e-06,3.670827e-06,9.095827e-06,9.166662e-06,6.891664e-06,8.170828e-06,7.741666e-06,8.958332e-06,8.987498e-06,8.291666e-06,6.649995e-06,8.5375e-06,8.262499e-06
6,796,384.632,0.708,3.562498e-06,2.058331e-06,1.945829e-06,8.299994e-06,3.658326e-06,9.095827e-06,9.216667e-06,6.849996e-06,8.183329e-06,7.674996e-06,8.862496e-06,9.066661e-06,8.358327e-06,6.66666e-06,8.533327e-06,8.22916e-06
6,797,384.792,0.706,3.54166e-06,2.058331e-06,1.995826e-06,8.308331e-06,3.637497e-06,9.091664e-06,9.162498e-06,6.854161e-06,8.166663e-06,7.74583e-06,8.974997e-06,9.02083e-06,8.379166e-06,6.649995e-06,8.512497e-06,8.254163e-06
6,798,384.952,0.704,3.533332e-06,2.04583e-06,1.97916e-06,8.299994e-06,3.683329e-06,9.029166e-06,9.179163e-06,6.870826e-06,8.166663e-06,7.733329e-06,8.924992e-06,9.045832e-06,8.383329e-06,6.649995e-06,8.549992e-06,8.22916e-06
6,799,385.112,0.702,3.512494e-06,2.058331e-06,1.924992e-06,8.29583e-06,3.662499e-06,9.124994e-06,9.195828e-06,6.837495e-06,8.19583e-06,7.716663e-06,8.974997e-06,9.041659e-06,8.379166e-06,6.687498e-06,8.499996e-06,8.170828e-06
6,800,385.271,0.7,3.52083e-06,2.058331e-06,1.966659e-06,8.308331e-06,3.637497e-06,9.095827e-06,9.179163e-06,6.870826e-06,8.166663e-06,7.749994e-06,8.949995e-06,9.024993e-06,8.345826e-06,6.679161e-06,8.533327e-06,8.249998e-06
,,,,,,,,,,,,,,,,,,,,6,0.98,0.71,0.708,1.094,1.106,1.112,1.166,1.06,1.112,1.046,1.088,1.13,1.066,1.076,1.04,1.106,1.092,0.704,0.702,1.08,1.088,1.09,1.178,1.08,1.126,1.062,1.08,1.144,1.086,1.102,1.08,1.122
7,0,385.57,0.7,3.529159e-06,2.029165e-06,1.954158e-06,8.29583e-06,3.670827e-06,9.062497e-06,9.158325e-06,6.858325e-06,8.12916e-06,7.733329e-06,8.93333e-06,8.974997e-06,8.324997e-06,6.612492e-06,8.520826e-06,8.262499e-06
7,1,385.729,0.702,3.537496e-06,2.049994e-06,1.949994e-06,8.29583e-06,3.624996e-06,9.079162e-06,9.170826e-06,6.799992e-06,8.158326e-06,7.716663e-06,8.93333e-06,9.029166e-06,8.329161e-06,6.683326e-06,8.512497e-06,8.22916e-06
7,2,385.889,0.704,3.545833e-06,2.04583e-06,1.97916e-06,8.266664e-06,3.645825e-06,9.083326e-06,9.149996e-06,6.841659e-06,8.124995e-06,7.720828e-06,8.916664e-06,8.995827e-06,8.362492e-06,6.645831e-06,8.524998e-06,8.245825e-06
7,3,386.049,0.706,3.529159e-06,2.079161e-06,1.958331e-06,8.254163e-06,3.62916e-06,9.05416e-06,9.154161e-06,6.795828e-06,8.070827e-06,7.7125e-06,8.895826e-06,9.033331e-06,8.31666e-06,6.641666e-06,8.508333e-06,8.233333e-06
7,4,386.209,0.708,3.524995e-06,2.037493e-06,1.929164e-06,8.233333e-06,3.591665e-06,9.062497e-06,9.12083e-06,6.812493e-06,8.12916e-06,7.674996e-06,8.829164e-06,8.96666e-06,8.341662e-06,6.591662e-06,8.479166e-06,8.220832e-06
7,5,386.369,0.71,3.487492e-06,2.058331e-06,1.958331e-06,8.141661e-06,3.566662e-06,9.029166e-06,9.12083e-06,6.787499e-06,8.12916e-06,7.708327e-06,8.862496e-06,8.945831e-06,8.299994e-06,6.583325e-06,8.495832e-06,8.208331e-06
7,6,386.528,0.712,3.462497e-06,2.062495e-06,1.920827e-06,8.233333e-06,3.616659e-06,9.004164e-06,9.145832e-06,6.783327e-06,8.133332e-06,7.662495e-06,8.874997e-06,8.974997e-06,8.22916e-06,6.54583e-06,8.420833e-06,8.208331e-06
7,7,386.688,0.714,3.508329e-06,2.037493e-06,1.995826e-06,8.187492e-06,3.574999e-06,9.012492e-06,9.133331e-06,6.75416e-06,8.091664e-06,7.662495e-06,8.849995e-06,8.945831e-06,8.312496e-06,6.574996e-06,8.412496e-06,8.158326e-06
7,8,386.848,0.716,3.516658e-06,2.083325e-06,1.970832e-06,8.187492e-06,3.591665e-06,8.999999e-06,9.129159e-06,6.73333e-06,8.074999e-06,7.649994e-06,8.841665e-06,8.96666e-06,8.279165e-06,6.591662e-06,8.429161e-06,8.19583e-06
7,9,387.008,0.718,3.504165e-06,2.058331e-06,1.958331e-06,8.116658e-06,3.60833e-06,8.987498e-06,9.087499e-06,6.741659e-06,8.095829e-06,7.641665e-06,8.808327e-06,8.937494e-06,8.262499e-06,6.537493e-06,8.408332e-06,8.183329e-06
7,10,387.168,0.72,3.44166e-06,2.095826e-06,1.983333e-06,8.149997e-06,3.595829e-06,8.970833e-06,9.12083e-06,6.724993e-06,8.074999e-06,7.662495e-06,8.808327e-06,8.937494e-06,8.241662e-06,6.491661e-06,8.404159e-06,8.12916e-06
7,11,387.327,0.722,3.470826e-06,2.079161e-06,1.983333e-06,8.141661e-06,3.587492e-06,8.96666e-06,9.108328e-06,6.687498e-06,8.04166e-06,7.604162e-06,8.820828e-06,8.899999e-06,8.233333e-06,6.54583e-06,8.370828e-06,8.154162e-06
7,12,387.487,0.724,3.508329e-06,2.099999e-06,1.966659e-06,8.124995e-06,3.574999e-06,8.96666e-06,9.095827e-06,6.691662e-06,8.033331e-06,7.612498e-06,8.770831e-06,8.841665e-06,8.237497e-06,6.495825e-06,8.362492e-06,8.104165e-06
7,13,387.647,0.726,3.504165e-06,2.129165e-06,1.991661e-06,8.087492e-06,3.583328e-06,8.949995e-06,9.074998e-06,6.63333e-06,7.999993e-06,7.616663e-06,8.774996e-06,8.912491e-06,8.224996e-06,6.512499e-06,8.370828e-06,8.124995e-06
7,14,387.807,0.728,3.491664e-06,2.095826e-06,2.029165e-06,8.074999e-06,3.599993e-06,8.891662e-06,9.041659e-06,6.658332e-06,8.016666e-06,7.549993e-06,8.766659e-06,8.858331e-06,8.22916e-06,6.462495e-06,8.362492e-06,8.133332e-06
7,15,387.967,0.73,3.483327e-06,2.13333e-06,2.012499e-06,8.091664e-06,3.558326e-06,8.904163e-06,9.091664e-06,6.637494e-06,7.991664e-06,7.574995e-06,8.749994e-06,8.887498e-06,8.199993e-06,6.454166e-06,8.333325e-06,8.091664e-06
7,16,388.127,0.732,3.470826e-06,2.112492e-06,2.016664e-06,8.04166e-06,3.562498e-06,8.93333e-06,9.037494e-06,6.620828e-06,8.016666e-06,7.554166e-06,8.741665e-06,8.870832e-06,8.124995e-06,6.416662e-06,8.312496e-06,8.029159e-06
7,17,388.286,0.734,3.483327e-06,2.06666e-06,2.033329e-06,8.045832e-06,3.583328e-06,8.920829e-06,9.033331e-06,6.620828e-06,8.012494e-06,7.591661e-06,8.695833e-06,8.84583e-06,8.179164e-06,6.408326e-06,8.341662e-06,8.074999e-06
7,18,388.446,0.736,3.474998e-06,2.120829e-06,2.012499e-06,8.016666e-06,3.537496e-06,8.883325e-06,9.033331e-06,6.574996e-06,7.974998e-06,7.512498e-06,8.729164e-06,8.841665e-06,8.162498e-06,6.429163e-06,8.287493e-06,8.058326e-06
7,19,388.606,0.738,3.466662e-06,2.108328e-06,2.020828e-06,8.008329e-06,3.549997e-06,8.887498e-06,9.033331e-06,6.549994e-06,7.937495e-06,7.55833e-06,8.708326e-06,8.837494e-06,8.162498e-06,6.358329e-06,8.249998e-06,8.037496e-06
7,20,388.766,0.74,3.458325e-06,2.124993e-06,2.033329e-06,7.995828e-06,3.549997e-06,8.849995e-06,8.941666e-06,6.533329e-06,7.970826e-06,7.512498e-06,8.662494e-06,8.816663e-06,8.112494e-06,6.387496e-06,8.279165e-06,8.008329e-06
7,21,388.926,0.742,3.499993e-06,2.120829e-06,2.029165e-06,7.995828e-06,3.516658e-06,8.891662e-06,9.02083e-06,6.537493e-06,7.954161e-06,7.483332e-06,8.674995e-06,8.795826e-06,8.10833e-06,6.362494e-06,8.183329e-06,7.954161e-06
7,22,389.085,0.744,3.44166e-06,2.112492e-06,2.020828e-06,7.966662e-06,3.537496e-06,8.820828e-06,8.999999e-06,6.512499e-06,7.94166e-06,7.483332e-06,8.674995e-06,8.774996e-06,8.091664e-06,6.341664e-06,8.279165e-06,8.016666e-06
7,23,389.245,0.746,3.458325e-06,2.116664e-06,2.033329e-06,7.954161e-06,3.504165e-06,8.858331e-06,8.991663e-06,6.499998e-06,7.929166e-06,7.474995e-06,8.579159e-06,8.774996e-06,8.066662e-06,6.358329e-06,8.241662e-06,7.991664e-06
7,24,389.405,0.748,3.416665e-06,2.116664e-06,2.041666e-06,7.929166e-06,3.537496e-06,8.833329e-06,8.991663e-06,6.483333e-06,7.891663e-06,7.47083e-06,8.624998e-06,8.783332e-06,8.074999e-06,6.283331e-06,8.241662e-06,7.954161e-06
7,25,389.565,0.75,3.445832e-06,2.13333e-06,2.012499e-06,7.908328e-06,3.491664e-06,8.77916e-06,8.987498e-06,6.345828e-06,7.899992e-06,7.454165e-06,8.59166e-06,8.754166e-06,8.054161e-06,6.258329e-06,8.166663e-06,7.966662e-06
7,26,389.725,0.752,3.454161e-06,2.104163e-06,2.008327e-06,7.883326e-06,3.495828e-06,8.749994e-06,8.949995e-06,6.462495e-06,7.883326e-06,7.424998e-06,8.641664e-06,8.75833e-06,8.045832e-06,6.29166e-06,8.187492e-06,7.945831e-06
7,27,389.885,0.754,3.44166e-06,2.108328e-06,2.041666e-06,7.874997e-06,3.516658e-06,8.783332e-06,8.979162e-06,6.408326e-06,7.85416e-06,7.445828e-06,8.57083e-06,8.766659e-06,8.012494e-06,6.249992e-06,8.187492e-06,7.93333e-06
7,28,390.044,0.756,3.44166e-06,2.062495e-06,2.037493e-06,7.887498e-06,3.483327e-06,8.766659e-06,8.949995e-06,6.424999e-06,7.849995e-06,7.40416e-06,8.59166e-06,8.712498e-06,7.958332e-06,6.266665e-06,8.170828e-06,7.904164e-06
7,29,390.204,0.758,3.387499e-06,2.129165e-06,2.033329e-06,7.808328e-06,3.495828e-06,8.75833e-06,8.93333e-06,6.39166e-06,7.816664e-06,7.408333e-06,8.499996e-06,8.729164e-06,8.004165e-06,6.208332e-06,8.158326e-06,7.899992e-06
7,30,390.364,0.76,3.416665e-06,2.141659e-06,2.020828e-06,7.845831e-06,3.479163e-06,8.729164e-06,8.949995e-06,6.349993e-06,7.774996e-06,7.379158e-06,8.579159e-06,8.708326e-06,7.991664e-06,6.237499e-06,8.141661e-06,7.899992e-06
7,31,390.524,0.762,3.416665e-06,2.116664e-06,2.041666e-06,7.754159e-06,3.416665e-06,8.733328e-06,8.912491e-06,6.370831e-06,7.812492e-06,7.337499e-06,8.529162e-06,8.695833e-06,7.974998e-06,6.191659e-06,8.079163e-06,7.862496e-06
7,32,390.684,0.764,3.345831e-06,2.145831e-06,1.949994e-06,7.787497e-06,3.370825e-06,8.674995e-06,8.912491e-06,6.320826e-06,7.787497e-06,7.308332e-06,8.524998e-06,8.704162e-06,7.949996e-06,6.18333e-06,8.091664e-06,7.870825e-06
7,33,390.843,0.766,3.42083e-06,2.112492e-06,2.070832e-06,7.795827e-06,3.470826e-06,8.712498e-06,8.874997e-06,6.341664e-06,7.787497e-06,7.345827e-06,8.529162e-06,8.654165e-06,7.895827e-06,6.166665e-06,8.083328e-06,7.874997e-06
7,34,391.003,0.768,3.404164e-06,2.162496e-06,2.041666e-06,7.758331e-06,3.470826e-06,8.662494e-06,8.887498e-06,6.320826e-06,7.716663e-06,7.337499e-06,8.541663e-06,8.674995e-06,7.945831e-06,6.149999e-06,8.095829e-06,7.849995e-06
7,35,391.163,0.77,3.412493e-06,2.174997e-06,2.024992e-06,7.754159e-06,3.454161e-06,8.67916e-06,8.858331e-06,6.245828e-06,7.74583e-06,7.220833e-06,8.524998e-06,8.649993e-06,7.904164e-06,6.162492e-06,8.070827e-06,7.858332e-06
7,36,391.323,0.772,3.412493e-06,2.124993e-06,2.033329e-06,7.720828e-06,3.44166e-06,8.666659e-06,8.891662e-06,6.320826e-06,7.749994e-06,7.316661e-06,8.474994e-06,8.649993e-06,7.929166e-06,6.087494e-06,8.049997e-06,7.783326e-06
7,37,391.483,0.774,3.383326e-06,2.179162e-06,2.04583e-06,7.666659e-06,3.458325e-06,8.662494e-06,8.908328e-06,6.258329e-06,7.762495e-06,7.287495e-06,8.491659e-06,8.670831e-06,7.887498e-06,6.083329e-06,8.033331e-06,7.812492e-06
7,38,391.642,0.776,3.416665e-06,2.15416e-06,1.974996e-06,7.670832e-06,3.445832e-06,8.654165e-06,8.841665e-06,6.262493e-06,7.729165e-06,7.279165e-06,8.479166e-06,8.616662e-06,7.862496e-06,6.058327e-06,8.04166e-06,7.820829e-06
7,39,391.802,0.778,3.387499e-06,2.199992e-06,2.087498e-06,7.704162e-06,3.454161e-06,8.633328e-06,8.916664e-06,6.249992e-06,7.720828e-06,7.254163e-06,8.45e-06,8.654165e-06,7.858332e-06,6.049999e-06,8.033331e-06,7.791662e-06
7,40,391.962,0.78,3.416665e-06,2.145831e-06,2.06666e-06,7.699999e-06,3.391663e-06,8.620827e-06,8.904163e-06,6.237499e-06,7.704162e-06,7.258328e-06,8.454163e-06,8.616662e-06,7.858332e-06,6.045826e-06,7.979163e-06,7.799999e-06
7,41,392.122,0.782,3.399992e-06,2.183326e-06,2.099999e-06,7.654166e-06,3.445832e-06,8.604161e-06,8.874997e-06,6.245828e-06,7.720828e-06,7.262492e-06,8.462493e-06,8.633328e-06,7.858332e-06,6.008331e-06,7.995828e-06,7.762495e-06
7,42,392.282,0.784,3.399992e-06,2.199992e-06,2.04583e-06,7.649994e-06,3.416665e-06,8.604161e-06,8.86666e-06,6.208332e-06,7.7125e-06,7.220833e-06,8.433326e-06,8.608326e-06,7.804163e-06,6.024996e-06,7.958332e-06,7.754159e-06
7,43,392.442,0.786,3.404164e-06,2.179162e-06,2.083325e-06,7.624992e-06,3.416665e-06,8.616662e-06,8.84583e-06,6.229162e-06,7.637493e-06,7.241662e-06,8.41666e-06,8.612497e-06,7.795827e-06,5.933332e-06,7.962497e-06,7.729165e-06
7,44,392.601,0.788,3.349996e-06,2.179162e-06,2.079161e-06,7.616663e-06,3.429159e-06,8.554164e-06,8.870832e-06,6.191659e-06,7.641665e-06,7.166664e-06,8.404159e-06,8.574994e-06,7.774996e-06,5.991666e-06,7.94166e-06,7.683333e-06
7,45,392.761,0.79,3.399992e-06,2.183326e-06,2.062495e-06,7.604162e-06,3.404164e-06,8.587495e-06,8.837494e-06,6.166665e-06,7.633328e-06,7.170828e-06,8.412496e-06,8.57083e-06,7.783326e-06,5.962499e-06,7.908328e-06,7.729165e-06
7,46,392.921,0.792,3.362497e-06,2.179162e-06,2.062495e-06,7.570831e-06,3.408329e-06,8.549992e-06,8.804162e-06,6.141663e-06,7.595825e-06,7.158327e-06,8.383329e-06,8.566665e-06,7.720828e-06,5.895829e-06,7.899992e-06,7.649994e-06
7,47,393.081,0.794,3.366661e-06,2.199992e-06,2.06666e-06,7.566658e-06,3.383326e-06,8.5375e-06,8.84583e-06,6.112496e-06,7.629164e-06,7.145826e-06,8.383329e-06,8.562493e-06,7.716663e-06,5.916659e-06,7.849995e-06,7.67916e-06
7,48,393.241,0.796,3.35416e-06,2.183326e-06,2.099999e-06,7.466666e-06,3.429159e-06,8.48333e-06,8.787497e-06,6.129162e-06,7.57916e-06,7.108331e-06,8.379166e-06,8.545828e-06,7.720828e-06,5.862498e-06,7.783326e-06,7.658331e-06
7,49,393.4,0.798,3.374998e-06,2.220829e-06,2.108328e-06,7.55833e-06,3.424994e-06,8.533327e-06,8.829164e-06,6.116661e-06,7.549993e-06,7.120832e-06,8.379166e-06,8.574994e-06,7.699999e-06,5.891665e-06,7.858332e-06,7.637493e-06
7,50,393.56,0.8,3.412493e-06,2.216665e-06,2.120829e-06,7.49166e-06,3.404164e-06,8.516661e-06,8.795826e-06,6.09583e-06,7.570831e-06,7.099994e-06,8.279165e-06,8.499996e-06,7.729165e-06,5.870827e-06,7.849995e-06,7.637493e-06
7,51,393.72,0.802,3.345831e-06,2.23333e-06,2.112492e-06,7.524999e-06,3.433331e-06,8.48333e-06,8.824993e-06,6.079165e-06,7.533328e-06,7.020831e-06,8.337498e-06,8.549992e-06,7.674996e-06,5.829159e-06,7.85416e-06,7.608326e-06
7,52,393.88,0.804,3.337494e-06,2.224994e-06,2.108328e-06,7.499997e-06,3.395828e-06,8.487495e-06,8.816663e-06,6.087494e-06,7.529163e-06,7.087493e-06,8.333325e-06,8.512497e-06,7.662495e-06,5.858326e-06,7.791662e-06,7.57916e-06
7,53,394.04,0.806,3.374998e-06,2.174997e-06,2.149995e-06,7.479159e-06,3.416665e-06,8.50416e-06,8.812499e-06,6.070828e-06,7.549993e-06,7.079164e-06,8.337498e-06,8.487495e-06,7.629164e-06,5.787492e-06,7.795827e-06,7.55833e-06
7,54,394.199,0.808,3.383326e-06,2.23333e-06,2.129165e-06,7.474995e-06,3.399992e-06,8.470829e-06,8.816663e-06,6.037497e-06,7.549993e-06,7.045825e-06,8.320832e-06,8.50416e-06,7.612498e-06,5.766662e-06,7.758331e-06,7.587496e-06
7,55,394.359,0.81,3.374998e-06,2.212493e-06,2.104163e-06,7.424998e-06,3.391663e-06,8.454163e-06,8.77916e-06,6.008331e-06,7.516662e-06,7.00833e-06,8.320832e-06,8.499996e-06,7.545829e-06,5.787492e-06,7.716663e-06,7.562494e-06
7,56,394.519,0.812,3.366661e-06,2.195827e-06,2.137494e-06,7.462494e-06,3.399992e-06,8.412496e-06,8.791661e-06,6.029161e-06,7.483332e-06,7.016659e-06,8.304159e-06,8.529162e-06,7.608326e-06,5.749996e-06,7.762495e-06,7.533328e-06
7,57,394.679,0.814,3.379162e-06,2.224994e-06,2.13333e-06,7.449993e-06,3.395828e-06,8.458328e-06,8.762495e-06,6.012495e-06,7.466666e-06,7.033332e-06,8.31666e-06,8.491659e-06,7.608326e-06,5.729159e-06,7.733329e-06,7.545829e-06
7,58,394.839,0.816,3.383326e-06,2.266661e-06,2.112492e-06,7.408333e-06,3.399992e-06,8.429161e-06,8.812499e-06,6.029161e-06,7.441664e-06,7.004166e-06,8.279165e-06,8.495832e-06,7.583332e-06,5.691663e-06,7.716663e-06,7.529163e-06
7,59,394.999,0.818,3.387499e-06,2.249996e-06,2.087498e-06,7.345827e-06,3.399992e-06,8.429161e-06,8.783332e-06,5.949998e-06,7.466666e-06,6.966663e-06,8.304159e-06,8.474994e-06,7.549993e-06,5.683327e-06,7.57916e-06,7.516662e-06
7,60,395.158,0.82,3.362497e-06,2.224994e-06,2.145831e-06,7.391659e-06,3.399992e-06,8.41666e-06,8.737493e-06,5.974992e-06,7.441664e-06,6.979164e-06,8.274992e-06,8.404159e-06,7.574995e-06,5.679162e-06,7.704162e-06,7.499997e-06
7,61,395.318,0.822,3.379162e-06,2.245831e-06,2.145831e-06,7.354164e-06,3.387499e-06,8.391658e-06,8.745829e-06,5.92916e-06,7.420826e-06,6.933331e-06,8.166663e-06,8.437499e-06,7.520827e-06,5.629166e-06,7.658331e-06,7.437499e-06
7,62,395.478,0.824,3.370825e-06,2.237495e-06,2.15416e-06,7.366665e-06,3.379162e-06,8.391658e-06,8.720827e-06,5.92916e-06,7.420826e-06,6.916666e-06,8.262499e-06,8.433326e-06,7.533328e-06,5.599999e-06,7.624992e-06,7.458329e-06
7,63,395.638,0.826,3.362497e-06,2.249996e-06,2.087498e-06,7.324998e-06,3.366661e-06,8.304159e-06,8.745829e-06,5.912495e-06,7.391659e-06,6.92083e-06,8.224996e-06,8.429161e-06,7.479159e-06,5.604164e-06,7.624992e-06,7.424998e-06
7,64,395.798,0.828,3.370825e-06,2.220829e-06,2.129165e-06,7.337499e-06,3.295827e-06,8.362492e-06,8.708326e-06,5.870827e-06,7.395832e-06,6.874998e-06,8.233333e-06,8.408332e-06,7.47083e-06,5.591663e-06,7.583332e-06,7.433327e-06
7,65,395.957,0.83,3.299999e-06,2.25416e-06,2.137494e-06,7.287495e-06,3.358332e-06,8.345826e-06,8.720827e-06,5.912495e-06,7.349992e-06,6.870826e-06,8.212495e-06,8.404159e-06,7.499997e-06,5.566661e-06,7.57916e-06,7.399996e-06
7,66,396.117,0.832,3.358332e-06,2.262497e-06,2.145831e-06,7.320825e-06,3.358332e-06,8.329161e-06,8.733328e-06,5.879164e-06,7.354164e-06,6.866662e-06,8.158326e-06,8.441662e-06,7.429162e-06,5.574997e-06,7.55833e-06,7.412497e-06
7,67,396.277,0.834,3.370825e-06,2.25416e-06,2.15416e-06,7.266664e-06,3.337494e-06,8.279165e-06,8.666659e-06,5.849997e-06,7.316661e-06,6.845832e-06,8.179164e-06,8.399995e-06,7.454165e-06,5.499999e-06,7.516662e-06,7.387495e-06
7,68,396.437,0.836,3.308328e-06,2.258333e-06,2.149995e-06,7.262492e-06,3.316665e-06,8.312496e-06,8.687496e-06,5.812494e-06,7.30416e-06,6.845832e-06,8.149997e-06,8.395831e-06,7.387495e-06,5.512492e-06,7.545829e-06,7.341663e-06
7,69,396.597,0.838,3.320829e-06,2.208328e-06,2.124993e-06,7.233326e-06,3.26666e-06,8.312496e-06,8.695833e-06,5.820831e-06,7.299996e-06,6.816666e-06,8.145825e-06,8.324997e-06,7.408333e-06,5.479161e-06,7.474995e-06,7.366665e-06
7,70,396.756,0.84,3.320829e-06,2.266661e-06,2.108328e-06,7.237498e-06,3.374998e-06,8.291666e-06,8.670831e-06,5.845833e-06,7.266664e-06,6.804164e-06,8.158326e-06,8.383329e-06,7.383331e-06,5.458331e-06,7.487496e-06,7.320825e-06
7,71,396.916,0.842,3.341659e-06,2.304165e-06,2.162496e-06,7.229161e-06,3.341659e-06,8.258326e-06,8.695833e-06,5.791664e-06,7.28333e-06,6.745831e-06,8.137496e-06,8.399995e-06,7.358328e-06,5.454159e-06,7.449993e-06,7.291659e-06
7,72,397.076,0.844,3.379162e-06,2.274998e-06,2.170825e-06,7.220833e-06,3.337494e-06,8.22916e-06,8.67916e-06,5.816658e-06,7.254163e-06,6.787499e-06,8.154162e-06,8.345826e-06,7.287495e-06,5.404162e-06,7.441664e-06,7.28333e-06
7,73,397.236,0.846,3.304164e-06,2.291664e-06,2.170825e-06,7.141662e-06,3.362497e-06,8.212495e-06,8.649993e-06,5.758325e-06,7.224997e-06,6.766661e-06,8.10833e-06,8.341662e-06,7.329162e-06,5.374996e-06,7.374994e-06,7.262492e-06
7,74,397.396,0.848,3.358332e-06,2.266661e-06,2.174997e-06,7.141662e-06,3.33333e-06,8.262499e-06,8.683332e-06,5.779163e-06,7.237498e-06,6.708328e-06,8.10833e-06,8.349999e-06,7.291659e-06,5.37916e-06,7.395832e-06,7.262492e-06
7,75,397.556,0.85,3.329166e-06,2.266661e-06,2.187498e-06,7.133333e-06,3.337494e-06,8.212495e-06,8.666659e-06,5.749996e-06,7.199995e-06,6.712492e-06,8.070827e-06,8.354164e-06,7.279165e-06,5.349994e-06,7.37083e-06,7.237498e-06
7,76,397.715,0.852,3.320829e-06,2.308329e-06,2.149995e-06,7.174993e-06,3.316665e-06,8.216659e-06,8.687496e-06,5.749996e-06,7.191666e-06,6.662496e-06,8.083328e-06,8.324997e-06,7.258328e-06,5.362495e-06,7.362493e-06,7.237498e-06
7,77,397.875,0.854,3.345831e-06,2.299992e-06,2.183326e-06,7.108331e-06,3.341659e-06,8.216659e-06,8.645829e-06,5.745832e-06,7.133333e-06,6.637494e-06,8.062498e-06,8.320832e-06,7.262492e-06,5.287496e-06,7.337499e-06,7.183329e-06
7,78,398.035,0.856,3.320829e-06,2.304165e-06,2.179162e-06,7.120832e-06,3.324993e-06,8.179164e-06,8.633328e-06,5.683327e-06,7.133333e-06,6.645831e-06,8.049997e-06,8.308331e-06,7.187494e-06,5.266658e-06,7.320825e-06,7.19583e-06
7,79,398.195,0.858,3.362497e-06,2.287499e-06,2.199992e-06,7.070827e-06,3.320829e-06,8.183329e-06,8.633328e-06,5.699992e-06,7.137497e-06,6.63333e-06,8.037496e-06,8.291666e-06,7.187494e-06,5.254165e-06,7.299996e-06,7.179165e-06
7,80,398.355,0.86,3.33333e-06,2.312493e-06,2.199992e-06,6.987492e-06,3.341659e-06,8.162498e-06,8.645829e-06,5.691663e-06,7.083328e-06,6.629165e-06,7.991664e-06,8.304159e-06,7.166664e-06,5.199997e-06,7.245827e-06,7.124996e-06
7,81,398.514,0.862,3.283326e-06,2.258333e-06,2.120829e-06,7.074992e-06,3.320829e-06,8.141661e-06,8.616662e-06,5.645832e-06,7.099994e-06,6.604163e-06,8.016666e-06,8.262499e-06,7.091665e-06,5.183331e-06,7.258328e-06,7.154163e-06
7,82,398.674,0.864,3.337494e-06,2.287499e-06,2.23333e-06,7.045825e-06,3.337494e-06,8.12916e-06,8.629163e-06,5.649996e-06,7.083328e-06,6.570832e-06,8.008329e-06,8.287493e-06,7.154163e-06,5.199997e-06,7.241662e-06,7.108331e-06
7,83,398.834,0.866,3.316665e-06,2.299992e-06,2.170825e-06,7.041661e-06,3.337494e-06,8.099993e-06,8.616662e-06,5.624994e-06,7.074992e-06,6.562495e-06,8.02083e-06,8.299994e-06,7.124996e-06,5.183331e-06,7.212496e-06,7.133333e-06
7,84,398.994,0.868,3.349996e-06,2.308329e-06,2.241659e-06,7.004166e-06,3.295827e-06,8.137496e-06,8.59166e-06,5.641659e-06,7.00833e-06,6.558331e-06,8.012494e-06,8.241662e-06,7.145826e-06,5.162493e-06,7.212496e-06,7.079164e-06
7,85,399.154,0.87,3.324993e-06,2.34166e-06,2.216665e-06,6.999993e-06,3.329166e-06,8.062498e-06,8.595832e-06,5.629166e-06,7.033332e-06,6.529164e-06,7.987499e-06,8.258326e-06,7.095829e-06,5.133327e-06,7.19583e-06,7.012494e-06
7,86,399.314,0.872,3.345831e-06,2.324995e-06,2.212493e-06,7.020831e-06,3.299999e-06,8.066662e-06,8.612497e-06,5.612493e-06,7.016659e-06,6.508326e-06,7.983327e-06,8.237497e-06,7.070827e-06,5.091659e-06,7.145826e-06,7.045825e-06
7,87,399.473,0.874,3.341659e-06,2.349997e-06,2.220829e-06,6.962498e-06,3.341659e-06,8.079163e-06,8.604161e-06,5.599999e-06,6.991665e-06,6.516663e-06,7.929166e-06,8.224996e-06,7.058326e-06,5.058328e-06,7.166664e-06,7.054162e-06
7,88,399.633,0.876,3.312492e-06,2.362498e-06,2.229158e-06,6.974999e-06,3.320829e-06,8.054161e-06,8.583331e-06,5.570825e-06,6.995829e-06,6.424999e-06,7.954161e-06,8.258326e-06,7.045825e-06,5.045827e-06,7.108331e-06,7.049998e-06
7,89,399.793,0.878,3.35416e-06,2.324995e-06,2.241659e-06,6.945832e-06,3.33333e-06,7.999993e-06,8.566665e-06,5.591663e-06,6.962498e-06,6.47916e-06,7.954161e-06,8.216659e-06,7.049998e-06,4.995831e-06,7.112495e-06,7.016659e-06
7,90,399.953,0.88,3.283326e-06,2.312493e-06,2.220829e-06,6.92083e-06,3.35416e-06,8.029159e-06,8.595832e-06,5.558332e-06,6.954161e-06,6.433328e-06,7.912493e-06,8.237497e-06,6.999993e-06,5.016661e-06,7.062499e-06,6.995829e-06
7,91,400.113,0.882,3.35416e-06,2.287499e-06,2.195827e-06,6.94166e-06,3.320829e-06,8.049997e-06,8.574994e-06,5.570825e-06,6.937496e-06,6.433328e-06,7.94166e-06,8.208331e-06,6.991665e-06,4.966664e-06,6.991665e-06,6.974999e-06
7,92,400.272,0.884,3.33333e-06,2.391664e-06,2.249996e-06,6.895828e-06,3.304164e-06,8.037496e-06,8.579159e-06,5.549995e-06,6.92083e-06,6.404161e-06,7.858332e-06,8.187492e-06,6.970827e-06,4.966664e-06,7.049998e-06,6.966663e-06
7,93,400.432,0.886,3.370825e-06,2.383327e-06,2.25416e-06,6.908329e-06,3.279162e-06,8.024995e-06,8.533327e-06,5.512492e-06,6.908329e-06,6.412498e-06,7.912493e-06,8.199993e-06,6.949997e-06,4.962492e-06,7.02916e-06,6.966663e-06
7,94,400.592,0.888,3.362497e-06,2.358325e-06,2.249996e-06,6.8875e-06,3.320829e-06,7.954161e-06,8.57083e-06,5.483325e-06,6.812493e-06,6.379159e-06,7.895827e-06,8.191665e-06,6.945832e-06,4.899995e-06,7.004166e-06,6.94166e-06
7,95,400.752,0.89,3.329166e-06,2.420831e-06,2.266661e-06,6.874998e-06,3.324993e-06,7.983327e-06,8.574994e-06,5.53333e-06,6.879163e-06,6.354165e-06,7.85416e-06,8.191665e-06,6.908329e-06,4.912496e-06,6.974999e-06,6.891664e-06
7,96,400.912,0.892,3.349996e-06,2.391664e-06,2.291664e-06,6.854161e-06,3.308328e-06,7.991664e-06,8.516661e-06,5.529165e-06,6.824994e-06,6.366666e-06,7.862496e-06,8.162498e-06,6.933331e-06,4.824996e-06,6.966663e-06,6.904165e-06
7,97,401.071,0.894,3.362497e-06,2.370826e-06,2.270826e-06,6.841659e-06,3.287498e-06,7.970826e-06,8.541663e-06,5.487498e-06,6.779162e-06,6.324999e-06,7.824993e-06,8.095829e-06,6.799992e-06,4.816659e-06,6.949997e-06,6.870826e-06
7,98,401.231,0.896,3.35416e-06,2.395828e-06,2.295828e-06,6.824994e-06,3.316665e-06,7.929166e-06,8.495832e-06,5.449994e-06,6.849996e-06,6.27083e-06,7.816664e-06,8.099993e-06,6.829158e-06,4.824996e-06,6.908329e-06,6.879163e-06
7,99,401.391,0.898,3.33333e-06,2.391664e-06,2.266661e-06,6.804164e-06,3.316665e-06,7.929166e-06,8.541663e-06,5.470832e-06,6.774998e-06,6.224998e-06,7.845831e-06,8.137496e-06,6.854161e-06,4.774992e-06,6.895828e-06,6.829158e-06
7,100,401.551,0.9,3.320829e-06,2.404165e-06,2.283327e-06,6.758332e-06,3.295827e-06,7.895827e-06,8.491659e-06,5.429165e-06,6.745831e-06,6.266665e-06,7.787497e-06,8.10833e-06,6.804164e-06,4.724996e-06,6.862497e-06,6.799992e-06
7,101,401.711,0.902,3.358332e-06,2.387492e-06,2.279162e-06,6.766661e-06,3.304164e-06,7.870825e-06,8.474994e-06,5.458331e-06,6.749995e-06,6.249992e-06,7.791662e-06,8.099993e-06,6.82083e-06,4.758326e-06,6.841659e-06,6.787499e-06
7,102,401.871,0.904,3.324993e-06,2.387492e-06,2.287499e-06,6.704164e-06,3.295827e-06,7.899992e-06,8.524998e-06,5.424992e-06,6.758332e-06,6.229162e-06,7.754159e-06,8.091664e-06,6.762496e-06,4.649997e-06,6.841659e-06,6.799992e-06
7,103,402.03,0.906,3.35416e-06,2.404165e-06,2.324995e-06,6.762496e-06,3.258332e-06,7.837494e-06,8.470829e-06,5.429165e-06,6.73333e-06,6.208332e-06,7.804163e-06,8.10833e-06,6.783327e-06,4.699993e-06,6.812493e-06,6.791663e-06
7,104,402.19,0.908,3.358332e-06,2.441661e-06,2.34166e-06,6.73333e-06,3.316665e-06,7.887498e-06,8.474994e-06,5.424992e-06,6.687498e-06,6.174993e-06,7.74583e-06,8.049997e-06,6.741659e-06,4.645832e-06,6.774998e-06,6.729166e-06
7,105,402.35,0.91,3.324993e-06,2.441661e-06,2.308329e-06,6.741659e-06,3.312492e-06,7.874997e-06,8.470829e-06,5.383333e-06,6.691662e-06,6.179166e-06,7.754159e-06,8.070827e-06,6.712492e-06,4.645832e-06,6.770825e-06,6.741659e-06
7,106,402.51,0.912,3.358332e-06,2.441661e-06,2.333331e-06,6.679161e-06,3.304164e-06,7.841659e-06,8.45e-06,5.391661e-06,6.654159e-06,6.154164e-06,7.720828e-06,8.049997e-06,6.716665e-06,4.587499e-06,6.749995e-06,6.704164e-06
7,107,402.67,0.914,3.299999e-06,2.449997e-06,2.329159e-06,6.691662e-06,3.26666e-06,7.83333e-06,8.474994e-06,5.345829e-06,6.658332e-06,6.124997e-06,7.724992e-06,8.062498e-06,6.679161e-06,4.583327e-06,6.699999e-06,6.637494e-06
7,108,402.829,0.916,3.379162e-06,2.387492e-06,2.32083e-06,6.66666e-06,3.287498e-06,7.795827e-06,8.45e-06,5.387497e-06,6.620828e-06,6.116661e-06,7.687497e-06,8.02083e-06,6.670833e-06,4.554161e-06,6.691662e-06,6.658332e-06
7,109,402.989,0.918,3.358332e-06,2.479164e-06,2.34166e-06,6.63333e-06,3.320829e-06,7.791662e-06,8.454163e-06,5.354166e-06,6.587497e-06,6.09583e-06,7.649994e-06,8.004165e-06,6.629165e-06,4.529158e-06,6.704164e-06,6.674997e-06
7,110,403.149,0.92,3.329166e-06,2.479164e-06,2.333331e-06,6.641666e-06,3.320829e-06,7.779161e-06,8.408332e-06,5.324991e-06,6.595826e-06,6.024996e-06,7.666659e-06,7.999993e-06,6.599998e-06,4.520829e-06,6.63333e-06,6.670833e-06
7,111,403.309,0.922,3.324993e-06,2.462498e-06,2.337496e-06,6.620828e-06,3.291663e-06,7.779161e-06,8.408332e-06,5.254165e-06,6.558331e-06,6.074993e-06,7.649994e-06,7.970826e-06,6.629165e-06,4.474998e-06,6.620828e-06,6.587497e-06
7,112,403.469,0.924,3.345831e-06,2.474992e-06,2.279162e-06,6.612492e-06,3.295827e-06,7.774996e-06,8.404159e-06,5.283332e-06,6.554159e-06,6.020832e-06,7.649994e-06,7.995828e-06,6.558331e-06,4.45416e-06,6.599998e-06,6.591662e-06
7,113,403.628,0.926,3.329166e-06,2.458326e-06,2.366662e-06,6.583325e-06,3.274997e-06,7.774996e-06,8.383329e-06,5.312499e-06,6.508326e-06,6.024996e-06,7.633328e-06,7.958332e-06,6.558331e-06,4.429166e-06,6.616664e-06,6.587497e-06
7,114,403.788,0.928,3.324993e-06,2.491665e-06,2.374999e-06,6.554159e-06,3.308328e-06,7.699999e-06,8.391658e-06,5.316663e-06,6.516663e-06,5.920831e-06,7.549993e-06,7.899992e-06,6.554159e-06,4.420829e-06,6.574996e-06,6.54583e-06
7,115,403.948,0.93,3.35416e-06,2.474992e-06,2.366662e-06,6.570832e-06,3.299999e-06,7.691661e-06,8.387494e-06,5.270831e-06,6.495825e-06,5.954162e-06,7.595825e-06,7.94166e-06,6.47916e-06,4.349994e-06,6.512499e-06,6.570832e-06
7,116,404.108,0.932,3.33333e-06,2.474992e-06,2.349997e-06,6.520828e-06,3.308328e-06,7.666659e-06,8.383329e-06,5.208326e-06,6.474996e-06,5.970828e-06,7.57916e-06,7.949996e-06,6.516663e-06,4.337493e-06,6.554159e-06,6.558331e-06
7,117,404.268,0.934,3.324993e-06,2.516659e-06,2.329159e-06,6.504162e-06,3.308328e-06,7.570831e-06,8.383329e-06,5.245829e-06,6.462495e-06,5.92916e-06,7.554166e-06,7.912493e-06,6.45833e-06,4.354159e-06,6.470831e-06,6.520828e-06
7,118,404.428,0.936,3.370825e-06,2.483328e-06,2.379163e-06,6.399997e-06,3.312492e-06,7.683333e-06,8.299994e-06,5.249993e-06,6.412498e-06,5.899994e-06,7.524999e-06,7.870825e-06,6.437492e-06,4.266659e-06,6.491661e-06,6.508326e-06
7,119,404.587,0.938,3.320829e-06,2.433332e-06,2.349997e-06,6.499998e-06,3.304164e-06,7.637493e-06,8.349999e-06,5.237492e-06,6.404161e-06,5.874999e-06,7.524999e-06,7.912493e-06,6.429163e-06,4.249994e-06,6.445829e-06,6.47916e-06
7,120,404.747,0.94,3.345831e-06,2.50833e-06,2.383327e-06,6.487497e-06,3.324993e-06,7.662495e-06,8.370828e-06,5.216662e-06,6.399997e-06,5.845833e-06,7.516662e-06,7.845831e-06,6.445829e-06,4.262495e-06,6.433328e-06,6.462495e-06
7,121,404.907,0.942,3.362497e-06,2.516659e-06,2.404165e-06,6.441664e-06,3.308328e-06,7.587496e-06,8.324997e-06,5.212498e-06,6.312498e-06,5.858326e-06,7.479159e-06,7.849995e-06,6.366666e-06,4.183332e-06,6.412498e-06,6.424999e-06
7,122,405.067,0.944,3.337494e-06,2.545826e-06,2.370826e-06,6.433328e-06,3.295827e-06,7.612498e-06,8.324997e-06,5.195832e-06,6.370831e-06,5.84166e-06,7.47083e-06,7.837494e-06,6.370831e-06,4.212499e-06,6.366666e-06,6.416662e-06
7,123,405.227,0.946,3.341659e-06,2.537497e-06,2.416658e-06,6.424999e-06,3.324993e-06,7.57916e-06,8.312496e-06,5.216662e-06,6.324999e-06,5.799993e-06,7.412497e-06,7.829165e-06,6.358329e-06,4.149993e-06,6.383332e-06,6.295832e-06
7,124,405.386,0.948,3.349996e-06,2.487493e-06,2.304165e-06,6.399997e-06,3.295827e-06,7.533328e-06,8.304159e-06,5.154165e-06,6.299997e-06,5.779163e-06,7.416661e-06,7.824993e-06,6.304161e-06,4.133328e-06,6.354165e-06,6.387496e-06
7,125,405.546,0.95,3.358332e-06,2.545826e-06,2.416658e-06,6.370831e-06,3.291663e-06,7.537492e-06,8.266664e-06,5.154165e-06,6.283331e-06,5.74166e-06,7.399996e-06,7.716663e-06,6.299997e-06,4.108326e-06,6.299997e-06,6.374995e-06
7,126,405.706,0.952,3.324993e-06,2.562499e-06,2.441661e-06,6.358329e-06,3.345831e-06,7.520827e-06,8.287493e-06,5.137499e-06,6.245828e-06,5.766662e-06,7.383331e-06,7.779161e-06,6.254164e-06,4.070831e-06,6.329163e-06,6.337492e-06
7,127,405.866,0.954,3.329166e-06,2.52916e-06,2.358325e-06,6.312498e-06,3.270833e-06,7.499997e-06,8.262499e-06,5.145828e-06,6.249992e-06,5.745832e-06,7.37083e-06,7.76666e-06,6.241663e-06,4.079159e-06,6.224998e-06,6.349993e-06
7,128,406.026,0.956,3.316665e-06,2.516659e-06,2.424995e-06,6.324999e-06,3.299999e-06,7.504161e-06,8.237497e-06,5.145828e-06,6.179166e-06,5.691663e-06,7.329162e-06,7.770833e-06,6.208332e-06,4.029163e-06,6.216661e-06,6.320826e-06
7,129,406.185,0.958,3.358332e-06,2.574992e-06,2.441661e-06,6.233327e-06,3.316665e-06,7.483332e-06,8.254163e-06,5.07083e-06,6.170829e-06,5.637495e-06,7.320825e-06,7.716663e-06,6.187495e-06,3.999996e-06,6.229162e-06,6.299997e-06
7,130,406.345,0.96,3.366661e-06,2.533332e-06,2.441661e-06,6.283331e-06,3.299999e-06,7.47083e-06,8.204166e-06,5.10416e-06,6.162492e-06,5.691663e-06,7.320825e-06,7.695826e-06,6.179166e-06,3.979158e-06,6.216661e-06,6.279159e-06
7,131,406.505,0.962,3.320829e-06,2.587493e-06,2.404165e-06,6.220826e-06,3.312492e-06,7.40416e-06,8.19583e-06,5.054164e-06,6.149999e-06,5.670825e-06,7.254163e-06,7.691661e-06,6.162492e-06,3.954164e-06,6.179166e-06,6.220826e-06
7,132,406.665,0.964,3.320829e-06,2.583329e-06,2.454162e-06,6.220826e-06,3.279162e-06,7.412497e-06,8.133332e-06,5.10416e-06,6.137498e-06,5.645832e-06,7.266664e-06,7.670832e-06,6.162492e-06,3.90416e-06,6.149999e-06,6.237499e-06
7,133,406.825,0.966,3.337494e-06,2.59583e-06,2.470827e-06,6.20416e-06,3.26666e-06,7.379158e-06,8.183329e-06,5.012496e-06,6.091658e-06,5.591663e-06,7.212496e-06,7.645829e-06,6.079165e-06,3.874993e-06,6.129162e-06,6.195831e-06
7,134,406.985,0.968,3.33333e-06,2.574992e-06,2.454162e-06,6.120833e-06,3.249995e-06,7.408333e-06,8.149997e-06,5.054164e-06,6.116661e-06,5.620829e-06,7.254163e-06,7.666659e-06,6.062492e-06,3.887495e-06,6.120833e-06,6.09583e-06
7,135,407.144,0.97,3.279162e-06,2.566663e-06,2.495829e-06,6.199996e-06,3.308328e-06,7.383331e-06,8.158326e-06,5.037498e-06,6.087494e-06,5.570825e-06,7.133333e-06,7.608326e-06,6.104159e-06,3.81666e-06,6.137498e-06,6.162492e-06
7,136,407.304,0.972,3.279162e-06,2.608331e-06,2.40833e-06,6.179166e-06,3.283326e-06,7.312497e-06,8.137496e-06,5.016661e-06,6.049999e-06,5.591663e-06,7.1625e-06,7.633328e-06,6.004159e-06,3.766664e-06,6.079165e-06,6.149999e-06
7,137,407.464,0.974,3.329166e-06,2.604159e-06,2.495829e-06,6.145827e-06,3.295827e-06,7.329162e-06,8.070827e-06,4.949999e-06,6.033325e-06,5.541659e-06,7.183329e-06,7.566658e-06,6.041662e-06,3.799995e-06,6.045826e-06,6.141663e-06
7,138,407.624,0.976,3.274997e-06,2.608331e-06,2.449997e-06,6.116661e-06,3.308328e-06,7.287495e-06,8.124995e-06,5.008332e-06,6.033325e-06,5.574997e-06,7.133333e-06,7.570831e-06,6.041662e-06,3.741662e-06,6.083329e-06,6.116661e-06
7,139,407.784,0.978,3.329166e-06,2.637498e-06,2.462498e-06,6.079165e-06,3.274997e-06,7.308332e-06,8.116658e-06,4.98333e-06,5.999994e-06,5.512492e-06,7.145826e-06,7.57916e-06,6.041662e-06,3.779165e-06,6.033325e-06,6.145827e-06
7,140,407.943,0.98,3.366661e-06,2.570828e-06,2.491665e-06,6.083329e-06,3.337494e-06,7.295831e-06,8.079163e-06,5.012496e-06,5.970828e-06,5.529165e-06,7.108331e-06,7.533328e-06,5.99583e-06,3.687493e-06,6.033325e-06,6.079165e-06
7,141,408.103,0.982,3.329166e-06,2.649999e-06,2.479164e-06,6.120833e-06,3.316665e-06,7.262492e-06,8.091664e-06,4.98333e-06,5.991666e-06,5.512492e-06,7.087493e-06,7.549993e-06,5.99583e-06,3.720832e-06,5.979165e-06,6.079165e-06
7,142,408.263,0.984,3.312492e-06,2.612495e-06,2.537497e-06,6.054163e-06,3.295827e-06,7.199995e-06,7.991664e-06,4.962492e-06,5.941661e-06,5.499999e-06,7.062499e-06,7.495833e-06,5.974992e-06,3.674992e-06,6.024996e-06,6.070828e-06
7,143,408.423,0.986,3.324993e-06,2.654163e-06,2.499994e-06,6.020832e-06,3.295827e-06,7.220833e-06,8.02083e-06,4.89583e-06,5.899994e-06,5.508327e-06,7.024995e-06,7.462494e-06,5.962499e-06,3.670827e-06,5.987493e-06,6.004159e-06
7,144,408.583,0.988,3.362497e-06,2.620832e-06,2.512495e-06,5.979165e-06,3.291663e-06,7.199995e-06,8.012494e-06,4.937498e-06,5.920831e-06,5.458331e-06,7.020831e-06,7.449993e-06,5.941661e-06,3.670827e-06,5.974992e-06,6.024996e-06
7,145,408.742,0.99,3.316665e-06,2.637498e-06,2.545826e-06,5.987493e-06,3.295827e-06,7.212496e-06,8.008329e-06,4.98333e-06,5.904166e-06,5.458331e-06,6.999993e-06,7.437499e-06,5.912495e-06,3.591665e-06,5.899994e-06,5.979165e-06
7,146,408.902,0.992,3.304164e-06,2.61666e-06,2.50833e-06,6.008331e-06,3.274997e-06,7.137497e-06,7.970826e-06,4.949999e-06,5.862498e-06,5.437493e-06,6.904165e-06,7.40416e-06,5.870827e-06,3.616659e-06,5.949998e-06,5.941661e-06
7,147,409.062,0.994,3.362497e-06,2.662492e-06,2.541661e-06,5.966663e-06,3.283326e-06,7.145826e-06,7.962497e-06,4.945827e-06,5.820831e-06,5.433329e-06,6.8875e-06,7.383331e-06,5.899994e-06,3.570827e-06,5.924996e-06,5.987493e-06
7,148,409.222,0.996,3.308328e-06,2.641662e-06,2.537497e-06,5.949998e-06,3.320829e-06,7.099994e-06,7.879162e-06,4.91666e-06,5.849997e-06,5.404162e-06,6.912494e-06,7.37083e-06,5.824995e-06,3.566662e-06,5.941661e-06,5.954162e-06
7,149,409.382,0.998,3.341659e-06,2.666664e-06,2.50833e-06,5.937497e-06,3.212492e-06,7.074992e-06,7.929166e-06,4.91666e-06,5.837496e-06,5.408327e-06,6.912494e-06,7.341663e-06,5.866663e-06,3.537496e-06,5.887493e-06,5.866663e-06
7,150,409.542,1.0,3.324993e-06,2.620832e-06,2.570828e-06,5.912495e-06,3.304164e-06,7.074992e-06,7.887498e-06,4.866663e-06,5.770826e-06,5.399998e-06,6.82083e-06,7.329162e-06,5.758325e-06,3.491664e-06,5.833332e-06,5.812494e-06
7,151,409.701,1.002,3.329166e-06,2.61666e-06,2.558327e-06,5.92916e-06,3.291663e-06,7.079164e-06,7.887498e-06,4.866663e-06,5.774998e-06,5.399998e-06,6.795828e-06,7.320825e-06,5.812494e-06,3.524995e-06,5.879164e-06,5.899994e-06
7,152,409.861,1.004,3.316665e-06,2.679165e-06,2.566663e-06,5.887493e-06,3.308328e-06,7.033332e-06,7.849995e-06,4.816659e-06,5.758325e-06,5.391661e-06,6.82083e-06,7.274993e-06,5.80833e-06,3.458325e-06,5.862498e-06,5.866663e-06
7,153,410.021,1.006,3.308328e-06,2.679165e-06,2.554162e-06,5.895829e-06,3.262496e-06,6.999993e-06,7.824993e-06,4.837497e-06,5.745832e-06,5.395826e-06,6.770825e-06,7.245827e-06,5.762497e-06,3.487492e-06,5.866663e-06,5.866663e-06
7,154,410.181,1.008,3.26666e-06,2.68333e-06,2.533332e-06,5.84166e-06,3.258332e-06,6.991665e-06,7.749994e-06,4.879165e-06,5.74166e-06,5.387497e-06,6.787499e-06,7.233326e-06,5.766662e-06,3.454161e-06,5.858326e-06,5.829159e-06
7,155,410.341,1.01,3.33333e-06,2.68333e-06,2.558327e-06,5.84166e-06,3.287498e-06,6.995829e-06,7.795827e-06,4.824996e-06,5.658333e-06,5.370831e-06,6.770825e-06,7.212496e-06,5.762497e-06,3.395828e-06,5.829159e-06,5.804165e-06
7,156,410.5,1.012,3.299999e-06,2.674993e-06,2.562499e-06,5.862498e-06,3.229165e-06,6.937496e-06,7.758331e-06,4.841661e-06,5.72083e-06,5.345829e-06,6.779162e-06,7.183329e-06,5.758325e-06,3.44166e-06,5.854161e-06,5.837496e-06
7,157,410.66,1.014,3.316665e-06,2.704159e-06,2.599994e-06,5.80833e-06,3.274997e-06,6.924995e-06,7.770833e-06,4.820832e-06,5.641659e-06,5.35833e-06,6.724993e-06,7.158327e-06,5.699992e-06,3.412493e-06,5.829159e-06,5.774998e-06
7,158,410.82,1.016,3.316665e-06,2.712496e-06,2.558327e-06,5.80833e-06,3.295827e-06,6.866662e-06,7.741666e-06,4.812495e-06,5.649996e-06,5.283332e-06,6.699999e-06,7.158327e-06,5.695828e-06,3.391663e-06,5.799993e-06,5.791664e-06
7,159,410.98,1.018,3.279162e-06,2.704159e-06,2.591666e-06,5.812494e-06,3.279162e-06,6.92083e-06,7.687497e-06,4.754162e-06,5.645832e-06,5.337492e-06,6.704164e-06,7.11666e-06,5.687499e-06,3.387499e-06,5.824995e-06,5.779163e-06
7,160,411.14,1.02,3.291663e-06,2.745827e-06,2.549998e-06,5.770826e-06,3.299999e-06,6.837495e-06,7.708327e-06,4.808331e-06,5.608328e-06,5.341665e-06,6.645831e-06,7.120832e-06,5.683327e-06,3.349996e-06,5.816658e-06,5.745832e-06
7,161,411.3,1.022,3.324993e-06,2.71666e-06,2.583329e-06,5.787492e-06,3.295827e-06,6.879163e-06,7.658331e-06,4.799994e-06,5.612493e-06,5.333328e-06,6.66666e-06,7.058326e-06,5.65416e-06,3.312492e-06,5.758325e-06,5.733331e-06
7,162,411.459,1.024,3.329166e-06,2.737498e-06,2.591666e-06,5.745832e-06,3.295827e-06,6.845832e-06,7.687497e-06,4.837497e-06,5.612493e-06,5.35833e-06,6.620828e-06,7.045825e-06,5.679162e-06,3.329166e-06,5.820831e-06,5.712493e-06
7,163,411.619,1.026,3.308328e-06,2.754164e-06,2.59583e-06,5.762497e-06,3.274997e-06,6.804164e-06,7.641665e-06,4.774992e-06,5.549995e-06,5.329164e-06,6.624993e-06,7.054162e-06,5.674998e-06,3.337494e-06,5.804165e-06,5.724994e-06
7,164,411.779,1.028,3.35416e-06,2.737498e-06,2.629161e-06,5.762497e-06,3.270833e-06,6.812493e-06,7.633328e-06,4.79583e-06,5.570825e-06,5.35833e-06,6.612492e-06,7.012494e-06,5.670825e-06,3.312492e-06,5.816658e-06,5.687499e-06
7,165,411.939,1.03,3.312492e-06,2.749991e-06,2.629161e-06,5.724994e-06,3.291663e-06,6.766661e-06,7.591661e-06,4.774992e-06,5.574997e-06,5.329164e-06,6.554159e-06,6.991665e-06,5.649996e-06,3.291663e-06,5.774998e-06,5.65416e-06
7,166,412.099,1.032,3.324993e-06,2.770829e-06,2.59583e-06,5.687499e-06,3.283326e-06,6.795828e-06,7.583332e-06,4.779164e-06,5.545831e-06,5.312499e-06,6.56666e-06,6.970827e-06,5.612493e-06,3.295827e-06,5.795829e-06,5.583326e-06
7,167,412.258,1.034,3.312492e-06,2.774994e-06,2.61666e-06,5.704164e-06,3.287498e-06,6.708328e-06,7.554166e-06,4.774992e-06,5.53333e-06,5.312499e-06,6.516663e-06,6.958326e-06,5.599999e-06,3.274997e-06,5.799993e-06,5.662497e-06
7,168,412.418,1.036,3.349996e-06,2.774994e-06,2.633325e-06,5.716666e-06,3.291663e-06,6.73333e-06,7.533328e-06,4.758326e-06,5.499999e-06,5.295825e-06,6.524992e-06,6.94166e-06,5.591663e-06,3.295827e-06,5.762497e-06,5.65416e-06
7,169,412.578,1.038,3.320829e-06,2.770829e-06,2.637498e-06,5.670825e-06,3.249995e-06,6.716665e-06,7.49166e-06,4.724996e-06,5.491662e-06,5.333328e-06,6.508326e-06,6.929159e-06,5.604164e-06,3.254159e-06,5.804165e-06,5.616665e-06
7,170,412.738,1.04,3.291663e-06,2.779166e-06,2.604159e-06,5.624994e-06,3.270833e-06,6.641666e-06,7.47083e-06,4.720831e-06,5.520828e-06,5.333328e-06,6.441664e-06,6.912494e-06,5.587498e-06,3.258332e-06,5.749996e-06,5.63333e-06
7,171,412.898,1.042,3.270833e-06,2.774994e-06,2.61666e-06,5.666661e-06,3.254159e-06,6.583325e-06,7.454165e-06,4.783328e-06,5.449994e-06,5.287496e-06,6.483333e-06,6.849996e-06,5.591663e-06,3.245831e-06,5.754161e-06,5.612493e-06
7,172,413.057,1.044,3.291663e-06,2.724997e-06,2.554162e-06,5.649996e-06,3.283326e-06,6.649995e-06,7.462494e-06,4.783328e-06,5.416663e-06,5.354166e-06,6.441664e-06,6.866662e-06,5.587498e-06,3.183325e-06,5.80833e-06,5.604164e-06
7,173,413.217,1.046,3.320829e-06,2.766665e-06,2.662492e-06,5.674998e-06,3.270833e-06,6.658332e-06,7.420826e-06,4.762499e-06,5.491662e-06,5.333328e-06,6.420827e-06,6.741659e-06,5.562496e-06,3.262496e-06,5.770826e-06,5.583326e-06
7,174,413.377,1.048,3.341659e-06,2.816661e-06,2.691658e-06,5.649996e-06,3.26666e-06,6.63333e-06,7.358328e-06,4.754162e-06,5.44583e-06,5.345829e-06,6.437492e-06,6.833331e-06,5.574997e-06,3.249995e-06,5.833332e-06,5.512492e-06
7,175,413.537,1.05,3.308328e-06,2.824998e-06,2.666664e-06,5.666661e-06,3.283326e-06,6.608327e-06,7.366665e-06,4.741661e-06,5.424992e-06,5.291661e-06,6.408326e-06,6.774998e-06,5.529165e-06,3.254159e-06,5.766662e-06,5.53333e-06
7,176,413.697,1.052,3.320829e-06,2.766665e-06,2.633325e-06,5.666661e-06,3.279162e-06,6.620828e-06,7.333326e-06,4.779164e-06,5.404162e-06,5.320827e-06,6.424999e-06,6.783327e-06,5.583326e-06,3.220828e-06,5.779163e-06,5.549995e-06
7,177,413.857,1.054,3.26666e-06,2.791659e-06,2.583329e-06,5.645832e-06,3.299999e-06,6.583325e-06,7.30416e-06,4.754162e-06,5.424992e-06,5.370831e-06,6.387496e-06,6.737494e-06,5.529165e-06,3.229165e-06,5.787492e-06,5.499999e-06
7,178,414.016,1.056,3.279162e-06,2.824998e-06,2.658328e-06,5.670825e-06,3.270833e-06,6.56666e-06,7.279165e-06,4.733332e-06,5.424992e-06,5.295825e-06,6.39166e-06,6.637494e-06,5.537494e-06,3.254159e-06,5.762497e-06,5.524993e-06
7,179,414.176,1.058,3.312492e-06,2.824998e-06,2.712496e-06,5.612493e-06,3.283326e-06,6.562495e-06,7.191666e-06,4.745825e-06,5.395826e-06,5.370831e-06,6.362494e-06,6.729166e-06,5.579162e-06,3.220828e-06,5.804165e-06,5.462496e-06
7,180,414.336,1.06,3.295827e-06,2.837499e-06,2.68333e-06,5.679162e-06,3.299999e-06,6.56666e-06,7.266664e-06,4.762499e-06,5.412499e-06,5.333328e-06,6.404161e-06,6.720829e-06,5.55416e-06,3.249995e-06,5.80833e-06,5.504163e-06
7,181,414.496,1.062,3.308328e-06,2.858329e-06,2.712496e-06,5.658333e-06,3.274997e-06,6.524992e-06,7.191666e-06,4.79583e-06,5.383333e-06,5.399998e-06,6.399997e-06,6.645831e-06,5.579162e-06,3.174996e-06,5.820831e-06,5.491662e-06
7,182,414.656,1.064,3.295827e-06,2.883331e-06,2.699995e-06,5.637495e-06,3.316665e-06,6.533329e-06,7.19583e-06,4.754162e-06,5.416663e-06,5.383333e-06,6.370831e-06,6.679161e-06,5.579162e-06,3.237494e-06,5.829159e-06,5.479161e-06
7,183,414.815,1.066,3.316665e-06,2.799996e-06,2.699995e-06,5.674998e-06,3.283326e-06,6.520828e-06,7.179165e-06,4.774992e-06,5.374996e-06,5.362495e-06,6.337492e-06,6.637494e-06,5.566661e-06,3.254159e-06,5.845833e-06,5.46666e-06
7,184,414.975,1.068,3.279162e-06,2.829162e-06,2.71666e-06,5.641659e-06,3.299999e-06,6.474996e-06,7.149999e-06,4.770827e-06,5.354166e-06,5.437493e-06,6.358329e-06,6.63333e-06,5.562496e-06,3.195826e-06,5.858326e-06,5.46666e-06
7,185,415.135,1.07,3.299999e-06,2.87083e-06,2.712496e-06,5.666661e-06,3.299999e-06,6.512499e-06,7.087493e-06,4.720831e-06,5.399998e-06,5.424992e-06,6.345828e-06,6.620828e-06,5.570825e-06,3.254159e-06,5.820831e-06,5.483325e-06
7,186,415.295,1.072,3.295827e-06,2.874994e-06,2.687494e-06,5.658333e-06,3.249995e-06,6.47916e-06,7.066663e-06,4.754162e-06,5.345829e-06,5.433329e-06,6.345828e-06,6.608327e-06,5.574997e-06,3.249995e-06,5.870827e-06,5.462496e-06
7,187,415.455,1.074,3.320829e-06,2.887495e-06,2.704159e-06,5.641659e-06,3.279162e-06,6.462495e-06,7.070827e-06,4.72916e-06,5.374996e-06,5.429165e-06,6.320826e-06,6.562495e-06,5.587498e-06,3.241658e-06,5.849997e-06,5.441666e-06
7,188,415.614,1.076,3.304164e-06,2.858329e-06,2.737498e-06,5.670825e-06,3.262496e-06,6.491661e-06,7.02916e-06,4.787493e-06,5.399998e-06,5.416663e-06,6.333327e-06,6.47916e-06,5.583326e-06,3.237494e-06,5.799993e-06,5.449994e-06
7,189,415.774,1.078,3.283326e-06,2.883331e-06,2.737498e-06,5.662497e-06,3.299999e-06,6.449994e-06,6.999993e-06,4.766663e-06,5.349994e-06,5.449994e-06,6.249992e-06,6.549994e-06,5.566661e-06,3.249995e-06,5.899994e-06,5.408327e-06
7,190,415.934,1.08,3.312492e-06,2.883331e-06,2.737498e-06,5.637495e-06,3.26666e-06,6.454166e-06,6.945832e-06,4.724996e-06,5.349994e-06,5.437493e-06,6.312498e-06,6.554159e-06,5.579162e-06,3.274997e-06,5.837496e-06,5.433329e-06
7,191,416.094,1.082,3.324993e-06,2.908325e-06,2.762492e-06,5.649996e-06,3.299999e-06,6.39166e-06,6.929159e-06,4.799994e-06,5.370831e-06,5.458331e-06,6.366666e-06,6.524992e-06,5.591663e-06,3.258332e-06,5.90833e-06,5.416663e-06
7,192,416.254,1.084,3.308328e-06,2.879159e-06,2.71666e-06,5.649996e-06,3.26666e-06,6.412498e-06,6.929159e-06,4.762499e-06,5.35833e-06,5.470832e-06,6.354165e-06,6.529164e-06,5.566661e-06,3.308328e-06,5.933332e-06,5.424992e-06
7,193,416.414,1.086,3.337494e-06,2.916662e-06,2.754164e-06,5.708329e-06,3.299999e-06,6.429163e-06,6.895828e-06,4.812495e-06,5.337492e-06,5.470832e-06,6.358329e-06,6.487497e-06,5.612493e-06,3.295827e-06,5.90833e-06,5.408327e-06
7,194,416.573,1.088,3.329166e-06,2.933327e-06,2.795831e-06,5.729159e-06,3.324993e-06,6.433328e-06,6.870826e-06,4.845826e-06,5.391661e-06,5.549995e-06,6.341664e-06,6.516663e-06,5.645832e-06,3.329166e-06,5.979165e-06,5.395826e-06
7,195,416.733,1.09,3.295827e-06,2.883331e-06,2.799996e-06,5.754161e-06,3.283326e-06,6.416662e-06,6.866662e-06,4.820832e-06,5.387497e-06,5.512492e-06,6.395833e-06,6.504162e-06,5.637495e-06,3.33333e-06,5.92916e-06,5.433329e-06
7,196,416.893,1.092,3.316665e-06,2.954165e-06,2.80416e-06,5.766662e-06,3.337494e-06,6.429163e-06,6.833331e-06,4.837497e-06,5.324991e-06,5.574997e-06,6.39166e-06,6.499998e-06,5.645832e-06,3.308328e-06,5.987493e-06,5.424992e-06
7,197,417.053,1.094,3.33333e-06,2.966658e-06,2.741663e-06,5.733331e-06,3.245831e-06,6.404161e-06,6.812493e-06,4.812495e-06,5.391661e-06,5.537494e-06,6.362494e-06,6.47916e-06,5.604164e-06,3.33333e-06,5.941661e-06,5.391661e-06
7,198,417.213,1.096,3.329166e-06,2.899996e-06,2.795831e-06,5.737495e-06,3.274997e-06,6.383332e-06,6.741659e-06,4.841661e-06,5.345829e-06,5.579162e-06,6.399997e-06,6.45833e-06,5.649996e-06,3.324993e-06,5.991666e-06,5.408327e-06
7,199,417.372,1.098,3.337494e-06,2.89166e-06,2.80416e-06,5.74166e-06,3.329166e-06,6.412498e-06,6.758332e-06,4.862499e-06,5.391661e-06,5.562496e-06,6.399997e-06,6.454166e-06,5.612493e-06,3.374998e-06,6.012495e-06,5.395826e-06
7,200,417.532,1.1,3.341659e-06,2.933327e-06,2.80416e-06,5.762497e-06,3.299999e-06,6.395833e-06,6.724993e-06,4.879165e-06,5.391661e-06,5.574997e-06,6.399997e-06,6.445829e-06,5.662497e-06,3.404164e-06,6.012495e-06,5.416663e-06
7,201,417.692,1.102,3.291663e-06,2.970831e-06,2.80416e-06,5.804165e-06,3.349996e-06,6.412498e-06,6.729166e-06,4.862499e-06,5.383333e-06,5.620829e-06,6.416662e-06,6.466659e-06,5.716666e-06,3.379162e-06,6.066664e-06,5.404162e-06
7,202,417.852,1.104,3.358332e-06,2.987496e-06,2.80416e-06,5.80833e-06,3.337494e-06,6.408326e-06,6.716665e-06,4.891666e-06,5.404162e-06,5.649996e-06,6.433328e-06,6.441664e-06,5.683327e-06,3.429159e-06,5.991666e-06,5.416663e-06
7,203,418.012,1.106,3.337494e-06,2.941664e-06,2.791659e-06,5.745832e-06,3.320829e-06,6.362494e-06,6.620828e-06,4.904159e-06,5.383333e-06,5.63333e-06,6.416662e-06,6.462495e-06,5.74166e-06,3.395828e-06,6.070828e-06,5.420828e-06
7,204,418.171,1.108,3.341659e-06,2.987496e-06,2.833327e-06,5.84166e-06,3.341659e-06,6.408326e-06,6.629165e-06,4.883329e-06,5.429165e-06,5.674998e-06,6.437492e-06,6.454166e-06,5.716666e-06,3.429159e-06,6.091658e-06,5.412499e-06
7,205,418.331,1.11,3.35416e-06,2.941664e-06,2.862493e-06,5.866663e-06,3.337494e-06,6.412498e-06,6.608327e-06,4.929161e-06,5.420828e-06,5.679162e-06,6.416662e-06,6.349993e-06,5.754161e-06,3.479163e-06,6.099995e-06,5.437493e-06
7,206,418.491,1.112,3.324993e-06,3.016663e-06,2.837499e-06,5.845833e-06,3.379162e-06,6.433328e-06,6.599998e-06,4.904159e-06,5.399998e-06,5.687499e-06,6.47916e-06,6.437492e-06,5.770826e-06,3.458325e-06,6.158328e-06,5.424992e-06
7,207,418.651,1.114,3.358332e-06,3.012498e-06,2.820826e-06,5.845833e-06,3.316665e-06,6.383332e-06,6.56666e-06,4.91666e-06,5.462496e-06,5.691663e-06,6.491661e-06,6.395833e-06,5.758325e-06,3.508329e-06,6.112496e-06,5.441666e-06
7,208,418.811,1.116,3.35416e-06,2.99166e-06,2.841663e-06,5.891665e-06,3.337494e-06,6.433328e-06,6.516663e-06,4.933325e-06,5.416663e-06,5.691663e-06,6.470831e-06,6.395833e-06,5.795829e-06,3.487492e-06,6.137498e-06,5.424992e-06
7,209,418.971,1.118,3.320829e-06,2.970831e-06,2.858329e-06,5.924996e-06,3.295827e-06,6.408326e-06,6.524992e-06,4.949999e-06,5.458331e-06,5.737495e-06,6.524992e-06,6.437492e-06,5.762497e-06,3.524995e-06,6.170829e-06,5.474997e-06
7,210,419.13,1.12,3.362497e-06,2.987496e-06,2.87083e-06,5.937497e-06,3.349996e-06,6.429163e-06,6.449994e-06,4.958328e-06,5.449994e-06,5.766662e-06,6.554159e-06,6.399997e-06,5.824995e-06,3.524995e-06,6.195831e-06,5.441666e-06
7,211,419.29,1.122,3.362497e-06,3.012498e-06,2.837499e-06,5.920831e-06,3.329166e-06,6.412498e-06,6.47916e-06,4.904159e-06,5.441666e-06,5.799993e-06,6.524992e-06,6.433328e-06,5.804165e-06,3.52083e-06,6.241663e-06,5.474997e-06
7,212,419.45,1.124,3.391663e-06,3.033328e-06,2.908325e-06,5.962499e-06,3.35416e-06,6.449994e-06,6.491661e-06,5.004159e-06,5.44583e-06,5.833332e-06,6.608327e-06,6.420827e-06,5.874999e-06,3.612495e-06,6.245828e-06,5.508327e-06
7,213,419.61,1.126,3.412493e-06,3.07916e-06,2.95833e-06,5.979165e-06,3.416665e-06,6.47916e-06,6.404161e-06,5.054164e-06,5.516664e-06,5.833332e-06,6.570832e-06,6.433328e-06,5.899994e-06,3.612495e-06,6.266665e-06,5.504163e-06
7,214,419.77,1.128,3.379162e-06,3.049993e-06,2.862493e-06,6.029161e-06,3.374998e-06,6.474996e-06,6.445829e-06,5.041663e-06,5.524993e-06,5.899994e-06,6.604163e-06,6.470831e-06,5.933332e-06,3.599993e-06,6.316662e-06,5.516664e-06
7,215,419.929,1.13,3.433331e-06,3.07916e-06,2.949993e-06,6.066664e-06,3.416665e-06,6.45833e-06,6.412498e-06,5.041663e-06,5.537494e-06,5.895829e-06,6.616664e-06,6.395833e-06,5.949998e-06,3.645825e-06,6.299997e-06,5.545831e-06
7,216,420.089,1.132,3.391663e-06,3.074996e-06,2.920826e-06,6.008331e-06,3.416665e-06,6.487497e-06,6.412498e-06,5.058328e-06,5.549995e-06,5.883328e-06,6.620828e-06,6.379159e-06,5.983329e-06,3.687493e-06,6.345828e-06,5.558332e-06
7,217,420.249,1.134,3.44166e-06,3.087497e-06,2.908325e-06,6.09583e-06,3.416665e-06,6.495825e-06,6.424999e-06,5.054164e-06,5.574997e-06,5.916659e-06,6.699999e-06,6.491661e-06,5.999994e-06,3.687493e-06,6.329163e-06,5.574997e-06
7,218,420.409,1.136,3.437495e-06,3.07916e-06,2.933327e-06,6.112496e-06,3.412493e-06,6.520828e-06,6.379159e-06,5.091659e-06,5.604164e-06,5.954162e-06,6.670833e-06,6.449994e-06,6.033325e-06,3.708331e-06,6.412498e-06,5.587498e-06
7,219,420.569,1.138,3.437495e-06,3.108327e-06,2.895832e-06,6.137498e-06,3.424994e-06,6.537493e-06,6.39166e-06,5.116661e-06,5.620829e-06,5.966663e-06,6.712492e-06,6.491661e-06,6.004159e-06,3.741662e-06,6.39166e-06,5.579162e-06
7,220,420.729,1.14,3.445832e-06,3.091661e-06,2.983332e-06,6.087494e-06,3.449996e-06,6.558331e-06,6.366666e-06,5.145828e-06,5.612493e-06,5.999994e-06,6.758332e-06,6.483333e-06,6.029161e-06,3.674992e-06,6.454166e-06,5.583326e-06
7,221,420.888,1.142,3.429159e-06,3.129164e-06,2.966658e-06,6.166665e-06,3.449996e-06,6.562495e-06,6.383332e-06,5.137499e-06,5.641659e-06,6.004159e-06,6.745831e-06,6.491661e-06,6.074993e-06,3.808331e-06,6.474996e-06,5.620829e-06
7,222,421.048,1.144,3.474998e-06,3.112499e-06,2.933327e-06,6.212497e-06,3.44166e-06,6.591662e-06,6.354165e-06,5.158329e-06,5.670825e-06,6.033325e-06,6.791663e-06,6.45833e-06,6.120833e-06,3.824997e-06,6.47916e-06,5.65416e-06
7,223,421.208,1.146,3.466662e-06,3.129164e-06,2.974995e-06,6.187495e-06,3.466662e-06,6.558331e-06,6.333327e-06,5.129163e-06,5.666661e-06,6.104159e-06,6.824994e-06,6.508326e-06,6.133326e-06,3.824997e-06,6.533329e-06,5.645832e-06
7,224,421.368,1.148,3.449996e-06,3.116663e-06,2.933327e-06,6.216661e-06,3.433331e-06,6.616664e-06,6.349993e-06,5.187495e-06,5.670825e-06,6.029161e-06,6.837495e-06,6.529164e-06,6.158328e-06,3.854163e-06,6.558331e-06,5.662497e-06
7,225,421.528,1.15,3.462497e-06,3.104162e-06,2.987496e-06,6.233327e-06,3.454161e-06,6.645831e-06,6.333327e-06,5.212498e-06,5.716666e-06,6.099995e-06,6.849996e-06,6.499998e-06,6.166665e-06,3.90416e-06,6.574996e-06,5.637495e-06
7,226,421.687,1.152,3.44166e-06,3.120828e-06,2.845828e-06,6.258329e-06,3.483327e-06,6.604163e-06,6.308325e-06,5.199997e-06,5.733331e-06,6.124997e-06,6.816666e-06,6.516663e-06,6.174993e-06,3.874993e-06,6.56666e-06,5.695828e-06
7,227,421.847,1.154,3.462497e-06,3.083332e-06,2.979159e-06,6.29166e-06,3.416665e-06,6.645831e-06,6.249992e-06,5.220827e-06,5.708329e-06,6.137498e-06,6.870826e-06,6.533329e-06,6.216661e-06,3.962493e-06,6.599998e-06,5.716666e-06
7,228,422.007,1.156,3.454161e-06,3.104162e-06,2.95833e-06,6.29166e-06,3.495828e-06,6.629165e-06,6.254164e-06,5.262494e-06,5.766662e-06,6.091658e-06,6.895828e-06,6.554159e-06,6.241663e-06,3.979158e-06,6.66666e-06,5.712493e-06
7,229,422.167,1.158,3.416665e-06,3.154159e-06,2.987496e-06,6.383332e-06,3.449996e-06,6.691662e-06,6.29166e-06,5.266658e-06,5.845833e-06,6.208332e-06,6.974999e-06,6.604163e-06,6.312498e-06,4.029163e-06,6.641666e-06,5.758325e-06
7,230,422.327,1.16,3.466662e-06,3.095826e-06,2.987496e-06,6.354165e-06,3.429159e-06,6.708328e-06,6.312498e-06,5.291661e-06,5.820831e-06,6.233327e-06,6.937496e-06,6.604163e-06,6.345828e-06,3.995832e-06,6.704164e-06,5.804165e-06
7,231,422.486,1.162,3.487492e-06,3.095826e-06,2.924999e-06,6.445829e-06,3.524995e-06,6.737494e-06,6.324999e-06,5.295825e-06,5.887493e-06,6.241663e-06,6.94166e-06,6.612492e-06,6.341664e-06,4.099997e-06,6.683326e-06,5.849997e-06
7,232,422.646,1.164,3.52083e-06,3.16666e-06,3.016663e-06,6.437492e-06,3.512494e-06,6.774998e-06,6.295832e-06,5.345829e-06,5.879164e-06,6.274994e-06,7.016659e-06,6.616664e-06,6.404161e-06,4.09166e-06,6.774998e-06,5.862498e-06
7,233,422.806,1.166,3.479163e-06,3.154159e-06,2.99166e-06,6.441664e-06,3.533332e-06,6.749995e-06,6.349993e-06,5.349994e-06,5.916659e-06,6.237499e-06,7.054162e-06,6.612492e-06,6.399997e-06,4.145829e-06,6.824994e-06,5.879164e-06
7,234,422.966,1.168,3.516658e-06,3.187497e-06,2.949993e-06,6.487497e-06,3.512494e-06,6.779162e-06,6.220826e-06,5.291661e-06,5.966663e-06,6.299997e-06,7.074992e-06,6.620828e-06,6.445829e-06,4.141665e-06,6.799992e-06,5.874999e-06
7,235,423.126,1.17,3.508329e-06,3.16666e-06,3.016663e-06,6.491661e-06,3.566662e-06,6.841659e-06,6.333327e-06,5.395826e-06,5.954162e-06,6.345828e-06,7.083328e-06,6.695827e-06,6.487497e-06,4.170831e-06,6.841659e-06,5.92916e-06
7,236,423.286,1.172,3.462497e-06,3.199998e-06,3.012498e-06,6.529164e-06,3.545833e-06,6.870826e-06,6.316662e-06,5.420828e-06,6.012495e-06,6.39166e-06,7.145826e-06,6.624993e-06,6.499998e-06,4.224992e-06,6.870826e-06,5.92916e-06
7,237,423.445,1.174,3.52083e-06,3.199998e-06,3.045829e-06,6.579161e-06,3.566662e-06,6.879163e-06,6.337492e-06,5.454159e-06,6.041662e-06,6.420827e-06,7.170828e-06,6.695827e-06,6.56666e-06,4.258331e-06,6.929159e-06,5.983329e-06
7,238,423.605,1.176,3.533332e-06,3.229165e-06,3.037492e-06,6.583325e-06,3.599993e-06,6.908329e-06,6.39166e-06,5.483325e-06,6.045826e-06,6.449994e-06,7.1625e-06,6.712492e-06,6.487497e-06,4.283325e-06,6.916666e-06,5.991666e-06
7,239,423.765,1.178,3.52083e-06,3.170832e-06,3.045829e-06,6.649995e-06,3.566662e-06,6.958326e-06,6.370831e-06,5.499999e-06,6.09583e-06,6.437492e-06,7.241662e-06,6.766661e-06,6.591662e-06,4.341666e-06,6.983328e-06,6.045826e-06
7,240,423.925,1.18,3.529159e-06,3.216664e-06,3.008326e-06,6.649995e-06,3.604166e-06,6.954161e-06,6.404161e-06,5.504163e-06,6.09583e-06,6.491661e-06,7.229161e-06,6.795828e-06,6.624993e-06,4.320828e-06,7.016659e-06,6.066664e-06
7,241,424.085,1.182,3.574999e-06,3.179161e-06,3.041665e-06,6.612492e-06,3.60833e-06,6.987492e-06,6.387496e-06,5.508327e-06,6.162492e-06,6.504162e-06,7.279165e-06,6.829158e-06,6.66666e-06,4.337493e-06,6.966663e-06,6.074993e-06
7,242,424.244,1.184,3.587492e-06,3.204163e-06,3.037492e-06,6.649995e-06,3.604166e-06,7.004166e-06,6.412498e-06,5.537494e-06,6.166665e-06,6.533329e-06,7.308332e-06,6.833331e-06,6.683326e-06,4.420829e-06,7.074992e-06,6.116661e-06
7,243,424.404,1.186,3.570827e-06,3.199998e-06,3.045829e-06,6.720829e-06,3.654162e-06,7.054162e-06,6.45833e-06,5.595827e-06,6.158328e-06,6.574996e-06,7.320825e-06,6.866662e-06,6.720829e-06,4.441659e-06,7.095829e-06,6.149999e-06
7,244,424.564,1.188,3.591665e-06,3.204163e-06,3.05833e-06,6.758332e-06,3.620831e-06,7.037497e-06,6.466659e-06,5.595827e-06,6.199996e-06,6.583325e-06,7.341663e-06,6.862497e-06,6.741659e-06,4.474998e-06,7.141662e-06,6.18333e-06
7,245,424.724,1.19,3.595829e-06,3.241658e-06,3.05833e-06,6.795828e-06,3.599993e-06,7.095829e-06,6.508326e-06,5.637495e-06,6.212497e-06,6.658332e-06,7.395832e-06,6.912494e-06,6.804164e-06,4.512493e-06,7.183329e-06,6.212497e-06
7,246,424.884,1.192,3.612495e-06,3.220828e-06,3.037492e-06,6.812493e-06,3.633332e-06,7.112495e-06,6.520828e-06,5.645832e-06,6.299997e-06,6.641666e-06,7.441664e-06,6.949997e-06,6.824994e-06,4.566662e-06,7.179165e-06,6.266665e-06
7,247,425.043,1.194,3.612495e-06,3.208327e-06,3.033328e-06,6.874998e-06,3.679164e-06,7.170828e-06,6.529164e-06,5.662497e-06,6.312498e-06,6.699999e-06,7.474995e-06,6.991665e-06,6.879163e-06,4.612494e-06,7.266664e-06,6.308325e-06
7,248,425.203,1.196,3.620831e-06,3.295827e-06,3.066659e-06,6.895828e-06,3.658326e-06,7.187494e-06,6.587497e-06,5.708329e-06,6.341664e-06,6.708328e-06,7.504161e-06,6.987492e-06,6.799992e-06,4.637496e-06,7.274993e-06,6.324999e-06
7,249,425.363,1.198,3.637497e-06,3.241658e-06,3.095826e-06,6.958326e-06,3.687493e-06,7.245827e-06,6.595826e-06,5.733331e-06,6.299997e-06,6.687498e-06,7.545829e-06,7.033332e-06,6.92083e-06,4.629159e-06,7.312497e-06,6.374995e-06
7,250,425.523,1.2,3.637497e-06,3.233329e-06,3.104162e-06,6.924995e-06,3.687493e-06,7.19583e-06,6.637494e-06,5.733331e-06,6.408326e-06,6.795828e-06,7.566658e-06,7.087493e-06,6.987492e-06,4.674999e-06,7.329162e-06,6.404161e-06
7,251,425.683,1.202,3.62916e-06,3.279162e-06,3.133329e-06,6.991665e-06,3.729161e-06,7.262492e-06,6.654159e-06,5.783327e-06,6.45833e-06,6.787499e-06,7.649994e-06,7.054162e-06,6.995829e-06,4.674999e-06,7.349992e-06,6.404161e-06
7,252,425.843,1.204,3.649998e-06,3.262496e-06,3.129164e-06,7.049998e-06,3.749998e-06,7.308332e-06,6.708328e-06,5.816658e-06,6.487497e-06,6.870826e-06,7.649994e-06,7.11666e-06,7.00833e-06,4.741661e-06,7.412497e-06,6.45833e-06
7,253,426.002,1.206,3.662499e-06,3.279162e-06,3.124992e-06,7.074992e-06,3.733325e-06,7.341663e-06,6.73333e-06,5.80833e-06,6.512499e-06,6.862497e-06,7.662495e-06,7.145826e-06,7.041661e-06,4.787493e-06,7.416661e-06,6.524992e-06
7,254,426.162,1.208,3.699994e-06,3.283326e-06,3.120828e-06,7.074992e-06,3.754163e-06,7.412497e-06,6.724993e-06,5.891665e-06,6.524992e-06,6.912494e-06,7.741666e-06,7.179165e-06,7.104159e-06,4.812495e-06,7.487496e-06,6.549994e-06
7,255,426.322,1.21,3.704158e-06,3.283326e-06,3.108327e-06,7.120832e-06,3.741662e-06,7.383331e-06,6.787499e-06,5.829159e-06,6.570832e-06,6.899993e-06,7.749994e-06,7.237498e-06,7.095829e-06,4.845826e-06,7.495833e-06,6.570832e-06
7,256,426.482,1.212,3.733325e-06,3.295827e-06,3.108327e-06,7.191666e-06,3.774993e-06,7.374994e-06,6.799992e-06,5.891665e-06,6.624993e-06,6.94166e-06,7.829165e-06,7.28333e-06,7.170828e-06,4.899995e-06,7.504161e-06,6.645831e-06
7,257,426.642,1.214,3.699994e-06,3.324993e-06,3.154159e-06,7.179165e-06,3.741662e-06,7.474995e-06,6.833331e-06,5.979165e-06,6.637494e-06,7.004166e-06,7.812492e-06,7.337499e-06,7.21666e-06,4.912496e-06,7.566658e-06,6.66666e-06
7,258,426.801,1.216,3.758327e-06,3.270833e-06,3.104162e-06,7.254163e-06,3.824997e-06,7.512498e-06,6.924995e-06,5.970828e-06,6.679161e-06,7.004166e-06,7.899992e-06,7.354164e-06,7.179165e-06,4.891666e-06,7.562494e-06,6.687498e-06
7,259,426.961,1.218,3.745826e-06,3.308328e-06,3.170832e-06,7.249999e-06,3.808331e-06,7.57916e-06,6.929159e-06,5.987493e-06,6.699999e-06,7.049998e-06,7.916665e-06,7.391659e-06,7.291659e-06,4.929161e-06,7.629164e-06,6.729166e-06
7,260,427.121,1.22,3.770828e-06,3.33333e-06,3.154159e-06,7.291659e-06,3.858328e-06,7.583332e-06,7.004166e-06,6.041662e-06,6.720829e-06,7.041661e-06,7.874997e-06,7.424998e-06,7.312497e-06,5.029162e-06,7.624992e-06,6.745831e-06
7,261,427.281,1.222,3.787494e-06,3.329166e-06,3.179161e-06,7.366665e-06,3.845827e-06,7.645829e-06,6.949997e-06,6.041662e-06,6.783327e-06,7.11666e-06,7.987499e-06,7.449993e-06,7.299996e-06,5.066665e-06,7.7125e-06,6.774998e-06
7,262,427.441,1.224,3.799995e-06,3.329166e-06,3.183325e-06,7.362493e-06,3.916661e-06,7.683333e-06,7.129161e-06,6.120833e-06,6.762496e-06,7.149999e-06,8.033331e-06,7.545829e-06,7.387495e-06,5.108333e-06,7.774996e-06,6.812493e-06
7,263,427.6,1.226,3.779165e-06,3.329166e-06,3.112499e-06,7.416661e-06,3.862492e-06,7.7125e-06,7.11666e-06,6.091658e-06,6.833331e-06,7.149999e-06,8.058326e-06,7.537492e-06,7.391659e-06,5.129163e-06,7.704162e-06,6.862497e-06
7,264,427.76,1.228,3.837498e-06,3.379162e-06,3.208327e-06,7.462494e-06,3.924998e-06,7.741666e-06,7.166664e-06,6.18333e-06,6.833331e-06,7.191666e-06,8.079163e-06,7.595825e-06,7.445828e-06,5.149992e-06,7.791662e-06,6.904165e-06
7,265,427.92,1.23,3.829161e-06,3.379162e-06,3.174996e-06,7.49166e-06,3.887495e-06,7.741666e-06,7.19583e-06,6.174993e-06,6.870826e-06,7.179165e-06,8.124995e-06,7.599997e-06,7.454165e-06,5.158329e-06,7.824993e-06,6.945832e-06
7,266,428.08,1.232,3.874993e-06,3.370825e-06,3.233329e-06,7.537492e-06,3.866664e-06,7.716663e-06,7.212496e-06,6.191659e-06,6.924995e-06,7.249999e-06,8.216659e-06,7.662495e-06,7.508326e-06,5.216662e-06,7.891663e-06,6.962498e-06
7,267,428.24,1.234,3.833326e-06,3.379162e-06,3.191662e-06,7.508326e-06,3.979158e-06,7.799999e-06,7.299996e-06,6.258329e-06,6.94166e-06,7.266664e-06,8.204166e-06,7.733329e-06,7.512498e-06,5.262494e-06,7.874997e-06,6.983328e-06
7,268,428.4,1.236,3.891659e-06,3.383326e-06,3.229165e-06,7.608326e-06,3.991659e-06,7.862496e-06,7.337499e-06,6.249992e-06,6.979164e-06,7.299996e-06,8.274992e-06,7.749994e-06,7.55833e-06,5.291661e-06,7.904164e-06,6.995829e-06
7,269,428.559,1.238,3.891659e-06,3.374998e-06,3.220828e-06,7.599997e-06,3.995832e-06,7.866661e-06,7.341663e-06,6.283331e-06,6.983328e-06,7.341663e-06,8.266664e-06,7.670832e-06,7.608326e-06,5.266658e-06,7.966662e-06,7.045825e-06
7,270,428.719,1.24,3.891659e-06,3.399992e-06,3.162495e-06,7.637493e-06,3.962493e-06,7.895827e-06,7.362493e-06,6.279159e-06,7.054162e-06,7.349992e-06,8.304159e-06,7.824993e-06,7.574995e-06,5.349994e-06,7.958332e-06,7.079164e-06
7,271,428.879,1.242,3.916661e-06,3.362497e-06,3.241658e-06,7.666659e-06,3.974994e-06,7.94166e-06,7.358328e-06,6.329163e-06,7.045825e-06,7.399996e-06,8.366665e-06,7.845831e-06,7.637493e-06,5.366659e-06,8.004165e-06,7.108331e-06
7,272,429.039,1.244,3.912497e-06,3.416665e-06,3.212492e-06,7.716663e-06,4.029163e-06,7.974998e-06,7.487496e-06,6.404161e-06,7.095829e-06,7.362493e-06,8.354164e-06,7.887498e-06,7.662495e-06,5.354166e-06,8.045832e-06,7.137497e-06
7,273,429.199,1.246,3.899996e-06,3.358332e-06,3.199998e-06,7.758331e-06,4.008325e-06,7.999993e-06,7.474995e-06,6.399997e-06,7.108331e-06,7.395832e-06,8.424998e-06,7.924994e-06,7.7125e-06,5.416663e-06,7.93333e-06,7.183329e-06
7,274,429.358,1.248,3.962493e-06,3.374998e-06,3.16666e-06,7.787497e-06,4.054165e-06,8.079163e-06,7.566658e-06,6.433328e-06,7.179165e-06,7.504161e-06,8.499996e-06,7.991664e-06,7.758331e-06,5.458331e-06,8.137496e-06,7.199995e-06
7,275,429.518,1.25,3.954164e-06,3.445832e-06,3.204163e-06,7.812492e-06,4.045828e-06,8.070827e-06,7.537492e-06,6.462495e-06,7.179165e-06,7.433327e-06,8.50416e-06,7.970826e-06,7.633328e-06,5.508327e-06,8.074999e-06,7.266664e-06
7,276,429.678,1.252,3.97083e-06,3.412493e-06,3.258332e-06,7.804163e-06,4.045828e-06,8.104165e-06,7.574995e-06,6.474996e-06,7.187494e-06,7.383331e-06,8.48333e-06,8.012494e-06,7.758331e-06,5.495826e-06,8.112494e-06,7.270829e-06
7,277,429.838,1.254,3.949992e-06,3.458325e-06,3.279162e-06,7.891663e-06,4.099997e-06,8.133332e-06,7.67916e-06,6.495825e-06,7.258328e-06,7.529163e-06,8.520826e-06,8.058326e-06,7.783326e-06,5.549995e-06,8.12916e-06,7.274993e-06
7,278,429.998,1.256,3.97083e-06,3.387499e-06,3.224993e-06,7.895827e-06,4.058329e-06,8.183329e-06,7.687497e-06,6.529164e-06,7.241662e-06,7.512498e-06,8.57083e-06,8.037496e-06,7.791662e-06,5.537494e-06,8.187492e-06,7.291659e-06
7,279,430.158,1.258,3.966665e-06,3.416665e-06,3.258332e-06,7.920829e-06,4.099997e-06,8.133332e-06,7.737493e-06,6.549994e-06,7.266664e-06,7.541664e-06,8.629163e-06,8.133332e-06,7.829165e-06,5.591663e-06,8.22916e-06,7.333326e-06
7,280,430.317,1.26,3.974994e-06,3.449996e-06,3.249995e-06,7.979163e-06,4.120827e-06,8.266664e-06,7.770833e-06,6.570832e-06,7.308332e-06,7.570831e-06,8.662494e-06,8.141661e-06,7.837494e-06,5.645832e-06,8.174999e-06,7.333326e-06
7,281,430.477,1.262,4.008325e-06,3.416665e-06,3.270833e-06,7.983327e-06,4.104161e-06,8.287493e-06,7.808328e-06,6.629165e-06,7.30416e-06,7.612498e-06,8.566665e-06,8.220832e-06,7.93333e-06,5.645832e-06,8.266664e-06,7.441664e-06
7,282,430.637,1.264,3.991659e-06,3.487492e-06,3.279162e-06,8.045832e-06,4.133328e-06,8.299994e-06,7.862496e-06,6.649995e-06,7.358328e-06,7.645829e-06,8.712498e-06,8.216659e-06,7.899992e-06,5.704164e-06,8.312496e-06,7.420826e-06
7,283,430.797,1.266,4.066666e-06,3.437495e-06,3.270833e-06,8.070827e-06,4.141665e-06,8.349999e-06,7.858332e-06,6.708328e-06,7.408333e-06,7.666659e-06,8.766659e-06,8.266664e-06,7.962497e-06,5.716666e-06,8.324997e-06,7.487496e-06
7,284,430.957,1.268,4.033327e-06,3.466662e-06,3.254159e-06,8.062498e-06,4.183332e-06,8.383329e-06,7.954161e-06,6.683326e-06,7.408333e-06,7.699999e-06,8.787497e-06,8.324997e-06,7.983327e-06,5.745832e-06,8.337498e-06,7.47083e-06
7,285,431.116,1.27,3.999996e-06,3.466662e-06,3.320829e-06,8.145825e-06,4.187496e-06,8.379166e-06,7.937495e-06,6.737494e-06,7.483332e-06,7.708327e-06,8.841665e-06,8.354164e-06,8.04166e-06,5.774998e-06,8.383329e-06,7.529163e-06
7,286,431.276,1.272,4.087496e-06,3.466662e-06,3.324993e-06,8.137496e-06,4.220828e-06,8.408332e-06,7.958332e-06,6.779162e-06,7.391659e-06,7.729165e-06,8.841665e-06,8.299994e-06,8.033331e-06,5.80833e-06,8.383329e-06,7.545829e-06
7,287,431.436,1.274,4.116662e-06,3.504165e-06,3.312492e-06,8.216659e-06,4.195825e-06,8.495832e-06,8.062498e-06,6.82083e-06,7.508326e-06,7.774996e-06,8.904163e-06,8.470829e-06,8.079163e-06,5.845833e-06,8.458328e-06,7.608326e-06
7,288,431.596,1.276,4.058329e-06,3.495828e-06,3.349996e-06,8.22916e-06,4.199997e-06,8.499996e-06,8.087492e-06,6.816666e-06,7.483332e-06,7.783326e-06,8.916664e-06,8.45e-06,8.099993e-06,5.854161e-06,8.458328e-06,7.599997e-06
7,289,431.756,1.278,4.095833e-06,3.499993e-06,3.304164e-06,8.258326e-06,4.258331e-06,8.520826e-06,8.141661e-06,6.849996e-06,7.55833e-06,7.799999e-06,8.954159e-06,8.48333e-06,8.12916e-06,5.891665e-06,8.48333e-06,7.570831e-06
7,290,431.915,1.28,4.133328e-06,3.504165e-06,3.33333e-06,8.266664e-06,4.199997e-06,8.579159e-06,8.166663e-06,6.899993e-06,7.574995e-06,7.829165e-06,8.995827e-06,8.562493e-06,8.162498e-06,5.899994e-06,8.516661e-06,7.716663e-06
7,291,432.075,1.282,4.170831e-06,3.462497e-06,3.374998e-06,8.312496e-06,4.27916e-06,8.633328e-06,8.220832e-06,6.879163e-06,7.57916e-06,7.841659e-06,8.954159e-06,8.599996e-06,8.187492e-06,5.945826e-06,8.512497e-06,7.699999e-06
7,292,432.235,1.284,4.183332e-06,3.52083e-06,3.316665e-06,8.366665e-06,4.262495e-06,8.59166e-06,8.199993e-06,6.916666e-06,7.554166e-06,7.812492e-06,9.074998e-06,8.59166e-06,8.208331e-06,5.937497e-06,8.524998e-06,7.737493e-06
7,293,432.395,1.286,4.212499e-06,3.533332e-06,3.366661e-06,8.366665e-06,4.308327e-06,8.65833e-06,8.283329e-06,7.012494e-06,7.637493e-06,7.891663e-06,9.095827e-06,8.662494e-06,8.233333e-06,5.991666e-06,8.587495e-06,7.783326e-06
7,294,432.555,1.288,4.170831e-06,3.570827e-06,3.379162e-06,8.424998e-06,4.324992e-06,8.720827e-06,8.329161e-06,6.974999e-06,7.67916e-06,7.908328e-06,9.074998e-06,8.662494e-06,8.237497e-06,5.966663e-06,8.562493e-06,7.795827e-06
7,295,432.715,1.29,4.262495e-06,3.558326e-06,3.391663e-06,8.454163e-06,4.316664e-06,8.762495e-06,8.345826e-06,6.995829e-06,7.737493e-06,7.924994e-06,9.158325e-06,8.754166e-06,8.262499e-06,6.004159e-06,8.624998e-06,7.849995e-06
7,296,432.874,1.292,4.208326e-06,3.574999e-06,3.412493e-06,8.499996e-06,4.34583e-06,8.762495e-06,8.429161e-06,7.074992e-06,7.737493e-06,7.954161e-06,9.166662e-06,8.77916e-06,8.320832e-06,6.079165e-06,8.654165e-06,7.841659e-06
7,297,433.034,1.294,4.233329e-06,3.60833e-06,3.399992e-06,8.499996e-06,4.36666e-06,8.799998e-06,8.424998e-06,7.070827e-06,7.770833e-06,7.916665e-06,9.208329e-06,8.762495e-06,8.341662e-06,6.104159e-06,8.695833e-06,7.920829e-06
7,298,433.194,1.296,4.216663e-06,3.587492e-06,3.395828e-06,8.533327e-06,4.395827e-06,8.829164e-06,8.41666e-06,7.129161e-06,7.7125e-06,8.029159e-06,9.229159e-06,8.812499e-06,8.341662e-06,6.091658e-06,8.733328e-06,7.916665e-06
7,299,433.354,1.298,4.249994e-06,3.612495e-06,3.399992e-06,8.595832e-06,4.404164e-06,8.870832e-06,8.50416e-06,7.129161e-06,7.779161e-06,8.04166e-06,9.287493e-06,8.887498e-06,8.383329e-06,6.104159e-06,8.745829e-06,7.962497e-06
7,300,433.514,1.3,4.316664e-06,3.566662e-06,3.395828e-06,8.59166e-06,4.424993e-06,8.954159e-06,8.524998e-06,7.174993e-06,7.841659e-06,8.070827e-06,9.324996e-06,8.879161e-06,8.412496e-06,6.145827e-06,8.733328e-06,7.954161e-06
7,301,433.673,1.302,4.295826e-06,3.612495e-06,3.412493e-06,8.633328e-06,4.395827e-06,8.941666e-06,8.562493e-06,7.187494e-06,7.849995e-06,8.099993e-06,9.337497e-06,8.93333e-06,8.420833e-06,6.09583e-06,8.799998e-06,7.974998e-06
7,302,433.833,1.304,4.274996e-06,3.599993e-06,3.404164e-06,8.666659e-06,4.458332e-06,8.949995e-06,8.616662e-06,7.21666e-06,7.887498e-06,8.104165e-06,9.354162e-06,8.974997e-06,8.458328e-06,6.195831e-06,8.766659e-06,8.045832e-06
7,303,433.993,1.306,4.341666e-06,3.604166e-06,3.429159e-06,8.65833e-06,4.483326e-06,8.96666e-06,8.645829e-06,7.233326e-06,7.899992e-06,8.137496e-06,9.391665e-06,8.954159e-06,8.466665e-06,6.195831e-06,8.833329e-06,8.02083e-06
7,304,434.153,1.308,4.324992e-06,3.591665e-06,3.44166e-06,8.670831e-06,4.474998e-06,9.029166e-06,8.637492e-06,7.266664e-06,7.94166e-06,8.141661e-06,9.408331e-06,9.008329e-06,8.470829e-06,6.279159e-06,8.824993e-06,8.058326e-06
7,305,434.313,1.31,4.324992e-06,3.579164e-06,3.445832e-06,8.733328e-06,4.483326e-06,8.995827e-06,8.683332e-06,7.308332e-06,7.924994e-06,8.158326e-06,9.41666e-06,9.05416e-06,8.508333e-06,6.266665e-06,8.858331e-06,8.087492e-06
7,306,434.472,1.312,4.320828e-06,3.60833e-06,3.449996e-06,8.77916e-06,4.495827e-06,9.095827e-06,8.737493e-06,7.320825e-06,7.974998e-06,8.19583e-06,9.404159e-06,9.079162e-06,8.524998e-06,6.304161e-06,8.870832e-06,8.120831e-06
7,307,434.632,1.314,4.408328e-06,3.54166e-06,3.462497e-06,8.770831e-06,4.483326e-06,9.104165e-06,8.770831e-06,7.308332e-06,7.999993e-06,8.174999e-06,9.474993e-06,9.083326e-06,8.587495e-06,6.324999e-06,8.891662e-06,8.137496e-06
7,308,434.792,1.316,4.379161e-06,3.654162e-06,3.458325e-06,8.812499e-06,4.54166e-06,9.158325e-06,8.804162e-06,7.358328e-06,7.991664e-06,8.245825e-06,9.50416e-06,9.124994e-06,8.587495e-06,6.337492e-06,8.899999e-06,8.158326e-06
7,309,434.952,1.318,4.391662e-06,3.641661e-06,3.454161e-06,8.824993e-06,4.491663e-06,9.183327e-06,8.808327e-06,7.387495e-06,8.04166e-06,8.22916e-06,9.529162e-06,9.154161e-06,8.583331e-06,6.349993e-06,8.920829e-06,8.162498e-06
7,310,435.112,1.32,4.420829e-06,3.624996e-06,3.495828e-06,8.787497e-06,4.549996e-06,9.199993e-06,8.849995e-06,7.420826e-06,8.058326e-06,8.249998e-06,9.570829e-06,9.183327e-06,8.629163e-06,6.366666e-06,8.983326e-06,8.199993e-06
7,311,435.272,1.322,4.429166e-06,3.658326e-06,3.479163e-06,8.895826e-06,4.562497e-06,9.237496e-06,8.924992e-06,7.437499e-06,8.083328e-06,8.283329e-06,9.612497e-06,9.249997e-06,8.641664e-06,6.429163e-06,8.895826e-06,8.212495e-06
7,312,435.431,1.324,4.458332e-06,3.654162e-06,3.499993e-06,8.904163e-06,4.579163e-06,9.270827e-06,8.941666e-06,7.462494e-06,8.10833e-06,8.299994e-06,9.679158e-06,9.249997e-06,8.633328e-06,6.445829e-06,9.012492e-06,8.274992e-06
7,313,435.591,1.326,4.404164e-06,3.691665e-06,3.487492e-06,8.941666e-06,4.583327e-06,9.279163e-06,8.995827e-06,7.499997e-06,8.104165e-06,8.279165e-06,9.537498e-06,9.224995e-06,8.65833e-06,6.437492e-06,9.016665e-06,8.254163e-06
7,314,435.751,1.328,4.479162e-06,3.674992e-06,3.491664e-06,8.987498e-06,4.616666e-06,9.295829e-06,9.016665e-06,7.529163e-06,8.141661e-06,8.358327e-06,9.695832e-06,9.324996e-06,8.708326e-06,6.495825e-06,9.05416e-06,8.324997e-06
7,315,435.911,1.33,4.495827e-06,3.704158e-06,3.52083e-06,9.008329e-06,4.658325e-06,9.304166e-06,9.037494e-06,7.554166e-06,8.162498e-06,8.362492e-06,9.720826e-06,9.349998e-06,8.745829e-06,6.495825e-06,9.045832e-06,8.345826e-06
7,316,436.071,1.332,4.54166e-06,3.674992e-06,3.504165e-06,9.037494e-06,4.64166e-06,9.387493e-06,9.066661e-06,7.554166e-06,8.208331e-06,8.366665e-06,9.762493e-06,9.379164e-06,8.75833e-06,6.516663e-06,8.991663e-06,8.341662e-06
7,317,436.23,1.334,4.529158e-06,3.616659e-06,3.449996e-06,9.074998e-06,4.645832e-06,9.39583e-06,9.095827e-06,7.629164e-06,8.187492e-06,8.420833e-06,9.770831e-06,9.429161e-06,8.804162e-06,6.562495e-06,9.133331e-06,8.387494e-06
7,318,436.39,1.336,4.53333e-06,3.749998e-06,3.566662e-06,9.108328e-06,4.70833e-06,9.41666e-06,9.149996e-06,7.629164e-06,8.224996e-06,8.424998e-06,9.824999e-06,9.487494e-06,8.824993e-06,6.587497e-06,9.145832e-06,8.370828e-06
7,319,436.55,1.338,4.566662e-06,3.724996e-06,3.558326e-06,9.108328e-06,4.670826e-06,9.470828e-06,9.116666e-06,7.633328e-06,8.233333e-06,8.404159e-06,9.812498e-06,9.458327e-06,8.824993e-06,6.583325e-06,9.116666e-06,8.420833e-06
7,320,436.71,1.34,4.53333e-06,3.729161e-06,3.537496e-06,9.079162e-06,4.720831e-06,9.50416e-06,9.191665e-06,7.666659e-06,8.237497e-06,8.458328e-06,9.845829e-06,9.487494e-06,8.849995e-06,6.574996e-06,9.208329e-06,8.441662e-06
7,321,436.87,1.342,4.608329e-06,3.770828e-06,3.54166e-06,9.145832e-06,4.654161e-06,9.533326e-06,9.224995e-06,7.691661e-06,8.283329e-06,8.474994e-06,9.854166e-06,9.516661e-06,8.887498e-06,6.679161e-06,9.108328e-06,8.445827e-06
7,322,437.03,1.344,4.583327e-06,3.720832e-06,3.579164e-06,9.216667e-06,4.754162e-06,9.60416e-06,9.24166e-06,7.674996e-06,8.29583e-06,8.474994e-06,9.870831e-06,9.50416e-06,8.895826e-06,6.679161e-06,9.124994e-06,8.48333e-06
7,323,437.189,1.346,4.612494e-06,3.766664e-06,3.570827e-06,9.24166e-06,4.758326e-06,9.566665e-06,9.295829e-06,7.724992e-06,8.324997e-06,8.48333e-06,9.895825e-06,9.60416e-06,8.912491e-06,6.649995e-06,9.245833e-06,8.508333e-06
7,324,437.349,1.348,4.662498e-06,3.774993e-06,3.604166e-06,9.270827e-06,4.762499e-06,9.641663e-06,9.30833e-06,7.795827e-06,8.341662e-06,8.520826e-06,9.933328e-06,9.591659e-06,8.958332e-06,6.712492e-06,9.237496e-06,8.558329e-06
7,325,437.509,1.35,4.633331e-06,3.774993e-06,3.595829e-06,9.275e-06,4.770827e-06,9.612497e-06,9.32916e-06,7.787497e-06,8.270827e-06,8.574994e-06,9.999999e-06,9.633327e-06,8.970833e-06,6.745831e-06,9.275e-06,8.50416e-06
7,326,437.669,1.352,4.666662e-06,3.791666e-06,3.562498e-06,9.283328e-06,4.766663e-06,9.674995e-06,9.354162e-06,7.845831e-06,8.395831e-06,8.554164e-06,1.00125e-05,9.679158e-06,8.974997e-06,6.766661e-06,9.262498e-06,8.558329e-06
7,327,437.829,1.354,4.674999e-06,3.779165e-06,3.60833e-06,9.30833e-06,4.733332e-06,9.695832e-06,9.370828e-06,7.883326e-06,8.370828e-06,8.612497e-06,1.0029165e-05,9.720826e-06,8.991663e-06,6.762496e-06,9.316659e-06,8.59166e-06
7,328,437.988,1.356,4.670826e-06,3.804159e-06,3.562498e-06,9.362499e-06,4.82916e-06,9.704161e-06,9.454163e-06,7.891663e-06,8.441662e-06,8.604161e-06,1.0049995e-05,9.7375e-06,8.999999e-06,6.791663e-06,9.358327e-06,8.637492e-06
7,329,438.148,1.358,4.699993e-06,3.779165e-06,3.562498e-06,9.341661e-06,4.808331e-06,9.7375e-06,9.441662e-06,7.916665e-06,8.429161e-06,8.599996e-06,1.0020828e-05,9.674995e-06,9.066661e-06,6.816666e-06,9.337497e-06,8.633328e-06
7,330,438.308,1.36,4.687492e-06,3.804159e-06,3.633332e-06,9.404159e-06,4.854162e-06,9.766666e-06,9.474993e-06,7.929166e-06,8.462493e-06,8.612497e-06,1.0108328e-05,9.79166e-06,9.05416e-06,6.841659e-06,9.370828e-06,8.67916e-06
7,331,438.468,1.362,4.754162e-06,3.791666e-06,3.641661e-06,9.454163e-06,4.854162e-06,9.804161e-06,9.508331e-06,7.966662e-06,8.499996e-06,8.666659e-06,1.0137494e-05,9.795833e-06,9.079162e-06,6.891664e-06,9.404159e-06,8.720827e-06
7,332,438.628,1.364,4.770827e-06,3.849999e-06,3.641661e-06,9.445826e-06,4.887494e-06,9.824999e-06,9.549999e-06,7.991664e-06,8.499996e-06,8.720827e-06,1.0170826e-05,9.829164e-06,9.133331e-06,6.845832e-06,9.341661e-06,8.704162e-06
7,333,438.787,1.366,4.749998e-06,3.837498e-06,3.645825e-06,9.491666e-06,4.89583e-06,9.85833e-06,9.545827e-06,8.033331e-06,8.5375e-06,8.674995e-06,1.0187498e-05,9.870831e-06,9.037494e-06,6.904165e-06,9.441662e-06,8.737493e-06
7,334,438.947,1.368,4.766663e-06,3.804159e-06,3.599993e-06,9.454163e-06,4.874993e-06,9.866659e-06,9.537498e-06,8.033331e-06,8.516661e-06,8.683332e-06,1.0199992e-05,9.854166e-06,9.162498e-06,6.908329e-06,9.433325e-06,8.737493e-06
7,335,439.107,1.37,4.745825e-06,3.845827e-06,3.641661e-06,9.529162e-06,4.941662e-06,9.87916e-06,9.616661e-06,8.04166e-06,8.545828e-06,8.670831e-06,1.0195828e-05,9.920827e-06,9.154161e-06,6.937496e-06,9.449998e-06,8.783332e-06
7,336,439.267,1.372,4.783328e-06,3.833326e-06,3.662499e-06,9.524997e-06,4.924997e-06,9.937493e-06,9.620825e-06,8.095829e-06,8.545828e-06,8.749994e-06,1.0266662e-05,9.895825e-06,9.162498e-06,6.94166e-06,9.458327e-06,8.77916e-06
7,337,439.427,1.374,4.824996e-06,3.849999e-06,3.637497e-06,9.558328e-06,4.945827e-06,9.937493e-06,9.666665e-06,8.099993e-06,8.579159e-06,8.804162e-06,1.0262497e-05,9.97916e-06,9.212494e-06,6.995829e-06,9.524997e-06,8.787497e-06
7,338,439.587,1.376,4.816659e-06,3.874993e-06,3.683329e-06,9.608332e-06,4.966664e-06,1.0016664e-05,9.679158e-06,8.133332e-06,8.612497e-06,8.741665e-06,1.032916e-05,9.991661e-06,9.191665e-06,7.012494e-06,9.516661e-06,8.841665e-06
7,339,439.746,1.378,4.833333e-06,3.854163e-06,3.674992e-06,9.60416e-06,5.004159e-06,1.00125e-05,9.741664e-06,8.179164e-06,8.645829e-06,8.820828e-06,1.0312494e-05,9.987497e-06,9.145832e-06,6.983328e-06,9.562493e-06,8.854158e-06
7,340,439.906,1.38,4.841661e-06,3.849999e-06,3.674992e-06,9.649992e-06,5.004159e-06,1.0020828e-05,9.762493e-06,8.174999e-06,8.65833e-06,8.791661e-06,1.0333331e-05,1.004583e-05,9.262498e-06,7.020831e-06,9.558328e-06,8.849995e-06
7,341,440.066,1.382,4.862499e-06,3.858328e-06,3.71666e-06,9.649992e-06,5.008332e-06,1.0041666e-05,9.749992e-06,8.166663e-06,8.65833e-06,8.820828e-06,1.0399994e-05,1.0074997e-05,9.287493e-06,7.083328e-06,9.574994e-06,8.908328e-06
7,342,440.226,1.384,4.866663e-06,3.88333e-06,3.69583e-06,9.674995e-06,5.041663e-06,1.0091662e-05,9.770831e-06,8.19583e-06,8.683332e-06,8.849995e-06,1.0362498e-05,1.0049995e-05,9.287493e-06,7.049998e-06,9.599996e-06,8.920829e-06
7,343,440.386,1.386,4.891666e-06,3.924998e-06,3.691665e-06,9.679158e-06,4.995831e-06,1.013333e-05,9.837492e-06,8.254163e-06,8.699997e-06,8.862496e-06,1.0441661e-05,1.0137494e-05,9.320831e-06,7.120832e-06,9.620825e-06,8.929165e-06
7,344,440.545,1.388,4.91666e-06,3.887495e-06,3.704158e-06,9.724999e-06,5.062493e-06,1.0120829e-05,9.841665e-06,8.283329e-06,8.699997e-06,8.899999e-06,1.0433332e-05,1.013333e-05,9.324996e-06,7.137497e-06,9.637499e-06,8.912491e-06
7,345,440.705,1.39,4.979165e-06,3.941663e-06,3.749998e-06,9.770831e-06,5.091659e-06,1.0170826e-05,9.899998e-06,8.324997e-06,8.737493e-06,8.899999e-06,1.0454162e-05,1.0174997e-05,9.370828e-06,7.174993e-06,9.658329e-06,8.995827e-06
7,346,440.865,1.392,4.941662e-06,3.924998e-06,3.729161e-06,9.754165e-06,5.074994e-06,1.0208329e-05,9.816663e-06,8.324997e-06,8.745829e-06,8.96666e-06,1.0512495e-05,1.0191663e-05,9.333332e-06,7.170828e-06,9.666665e-06,9.012492e-06
7,347,441.025,1.394,4.945827e-06,3.962493e-06,3.745826e-06,9.829164e-06,5.112497e-06,1.0195828e-05,9.933328e-06,8.358327e-06,8.791661e-06,8.962496e-06,1.0487493e-05,1.0208329e-05,9.412495e-06,7.224997e-06,9.695832e-06,9.004164e-06
7,348,441.185,1.396,4.941662e-06,3.895831e-06,3.708331e-06,9.816663e-06,5.137499e-06,1.0183327e-05,9.933328e-06,8.379166e-06,8.804162e-06,8.941666e-06,1.0549998e-05,1.0187498e-05,9.391665e-06,7.199995e-06,9.662493e-06,9.049996e-06
7,349,441.344,1.398,4.962492e-06,3.966665e-06,3.699994e-06,9.874995e-06,5.162493e-06,1.0270826e-05,9.97916e-06,8.387494e-06,8.804162e-06,8.979162e-06,1.0574992e-05,1.024166e-05,9.370828e-06,7.233326e-06,9.724999e-06,9.049996e-06
7,350,441.504,1.4,5.008332e-06,3.999996e-06,3.766664e-06,9.829164e-06,5.145828e-06,1.0291664e-05,9.97916e-06,8.433326e-06,8.820828e-06,8.991663e-06,1.058333e-05,1.0287499e-05,9.449998e-06,7.245827e-06,9.712498e-06,9.079162e-06
7,351,441.664,1.402,5.012496e-06,3.941663e-06,3.804159e-06,9.887497e-06,5.195832e-06,1.0312494e-05,1.0029165e-05,8.441662e-06,8.754166e-06,8.949995e-06,1.058333e-05,1.0279163e-05,9.449998e-06,7.224997e-06,9.745829e-06,9.087499e-06
7,352,441.824,1.404,5.016661e-06,3.962493e-06,3.737497e-06,9.924992e-06,5.187495e-06,1.0304165e-05,9.97916e-06,8.454163e-06,8.762495e-06,9.033331e-06,1.0599994e-05,1.0304165e-05,9.454163e-06,7.254163e-06,9.762493e-06,9.087499e-06
7,353,441.984,1.406,5.062493e-06,3.999996e-06,3.81666e-06,9.929165e-06,5.199997e-06,1.0249996e-05,1.0062496e-05,8.491659e-06,8.854158e-06,9.045832e-06,1.0633325e-05,1.0337496e-05,9.49583e-06,7.266664e-06,9.720826e-06,9.12083e-06
7,354,442.144,1.408,5.020825e-06,3.937499e-06,3.749998e-06,9.837492e-06,5.17083e-06,1.032916e-05,1.0074997e-05,8.474994e-06,8.849995e-06,9.049996e-06,1.0608332e-05,1.0324995e-05,9.508331e-06,7.312497e-06,9.774994e-06,9.133331e-06
7,355,442.303,1.41,5.091659e-06,3.908332e-06,3.745826e-06,9.97916e-06,5.220827e-06,1.0391665e-05,1.0079161e-05,8.487495e-06,8.924992e-06,9.05416e-06,1.0624997e-05,1.0304165e-05,9.454163e-06,7.341663e-06,9.804161e-06,9.154161e-06
7,356,442.463,1.412,5.049992e-06,3.987495e-06,3.804159e-06,9.97916e-06,5.229163e-06,1.0404166e-05,1.0120829e-05,8.554164e-06,8.887498e-06,9.079162e-06,1.0670828e-05,1.0374999e-05,9.545827e-06,7.341663e-06,9.829164e-06,9.174999e-06
7,357,442.623,1.414,5.07083e-06,4.00416e-06,3.79583e-06,1.0029165e-05,5.295825e-06,1.0441661e-05,1.0149995e-05,8.57083e-06,8.929165e-06,9.087499e-06,1.0708332e-05,1.0445825e-05,9.562493e-06,7.362493e-06,9.841665e-06,9.208329e-06
7,358,442.783,1.416,5.137499e-06,4.012497e-06,3.862492e-06,1.0041666e-05,5.249993e-06,1.0395829e-05,1.0099999e-05,8.587495e-06,8.954159e-06,9.104165e-06,1.0708332e-05,1.0424996e-05,9.574994e-06,7.366665e-06,9.866659e-06,9.224995e-06
7,359,442.943,1.418,5.116661e-06,4.033327e-06,3.833326e-06,1.0058331e-05,5.270831e-06,1.0445825e-05,1.0174997e-05,8.599996e-06,8.924992e-06,9.133331e-06,1.0762493e-05,1.0466663e-05,9.60416e-06,7.408333e-06,9.854166e-06,9.22083e-06
7,360,443.102,1.42,5.154165e-06,3.979158e-06,3.849999e-06,1.0099999e-05,5.324991e-06,1.0520832e-05,1.0266662e-05,8.674995e-06,8.945831e-06,9.112493e-06,1.0787495e-05,1.0491665e-05,9.591659e-06,7.445828e-06,9.924992e-06,9.270827e-06
7,361,443.262,1.422,5.19166e-06,4.062494e-06,3.887495e-06,1.0104163e-05,5.354166e-06,1.0512495e-05,1.0274998e-05,8.670831e-06,8.979162e-06,9.166662e-06,1.0799996e-05,1.0541661e-05,9.662493e-06,7.449993e-06,9.962495e-06,9.24166e-06
7,362,443.422,1.424,5.208326e-06,4.058329e-06,3.870829e-06,1.0166661e-05,5.374996e-06,1.0566664e-05,1.0287499e-05,8.683332e-06,9.008329e-06,9.05416e-06,1.0837499e-05,1.0533333e-05,9.629162e-06,7.487496e-06,9.929165e-06,9.304166e-06
7,363,443.582,1.426,5.212498e-06,4.079159e-06,3.887495e-06,1.0141659e-05,5.370831e-06,1.0554163e-05,1.0245832e-05,8.65833e-06,8.999999e-06,9.179163e-06,1.0829162e-05,1.0524996e-05,9.662493e-06,7.474995e-06,9.941666e-06,9.312495e-06
7,364,443.742,1.428,5.212498e-06,4.09166e-06,3.837498e-06,1.0141659e-05,5.349994e-06,1.0499994e-05,1.0316666e-05,8.699997e-06,9.02083e-06,9.174999e-06,1.080416e-05,1.058333e-05,9.666665e-06,7.495833e-06,9.974996e-06,9.316659e-06
7,365,443.902,1.43,5.241664e-06,4.049993e-06,3.879165e-06,1.0141659e-05,5.35833e-06,1.061666e-05,1.0324995e-05,8.762495e-06,9.058333e-06,9.237496e-06,1.0904161e-05,1.0624997e-05,9.695832e-06,7.512498e-06,9.999999e-06,9.379164e-06
7,366,444.061,1.432,5.266658e-06,4.116662e-06,3.899996e-06,1.0208329e-05,5.433329e-06,1.0612495e-05,1.0366663e-05,8.766659e-06,9.037494e-06,9.275e-06,1.0874995e-05,1.0637498e-05,9.679158e-06,7.554166e-06,1.0024993e-05,9.366663e-06
7,367,444.221,1.434,5.266658e-06,4.083332e-06,3.874993e-06,1.0237495e-05,5.420828e-06,1.0641662e-05,1.0374999e-05,8.795826e-06,9.041659e-06,9.258326e-06,1.0945829e-05,1.0658327e-05,9.724999e-06,7.545829e-06,9.983333e-06,9.387493e-06
7,368,444.381,1.436,5.262494e-06,4.099997e-06,3.887495e-06,1.0274998e-05,5.454159e-06,1.0654163e-05,1.0433332e-05,8.824993e-06,9.083326e-06,9.279163e-06,1.0949993e-05,1.0687494e-05,9.774994e-06,7.570831e-06,1.0033329e-05,9.420832e-06
7,369,444.541,1.438,5.274995e-06,4.09166e-06,3.879165e-06,1.0249996e-05,5.37916e-06,1.070416e-05,1.0433332e-05,8.833329e-06,9.129159e-06,9.24166e-06,1.0933328e-05,1.0708332e-05,9.745829e-06,7.583332e-06,1.0029165e-05,9.399994e-06
7,370,444.701,1.44,5.304162e-06,4.083332e-06,3.820833e-06,1.0279163e-05,5.429165e-06,1.075e-05,1.0441661e-05,8.874997e-06,9.129159e-06,9.283328e-06,1.1008327e-05,1.0691659e-05,9.787496e-06,7.599997e-06,1.0058331e-05,9.474993e-06
7,371,444.86,1.442,5.295825e-06,4.099997e-06,3.899996e-06,1.032083e-05,5.495826e-06,1.0720825e-05,1.0470828e-05,8.879161e-06,9.166662e-06,9.316659e-06,1.0954165e-05,1.0699995e-05,9.7375e-06,7.624992e-06,1.0087498e-05,9.420832e-06
7,372,445.02,1.444,5.308326e-06,4.137492e-06,3.920825e-06,1.0324995e-05,5.479161e-06,1.0762493e-05,1.0499994e-05,8.912491e-06,9.162498e-06,9.349998e-06,1.1024999e-05,1.075e-05,9.829164e-06,7.645829e-06,1.0091662e-05,9.487494e-06
7,373,445.18,1.446,5.312499e-06,4.137492e-06,3.924998e-06,1.0312494e-05,5.495826e-06,1.0774994e-05,1.0516659e-05,8.924992e-06,9.129159e-06,9.370828e-06,1.1016663e-05,1.0774994e-05,9.812498e-06,7.633328e-06,1.0112492e-05,9.466664e-06
7,374,445.34,1.448,5.316663e-06,4.133328e-06,3.920825e-06,1.0424996e-05,5.529165e-06,1.0745827e-05,1.0466663e-05,8.958332e-06,9.208329e-06,9.341661e-06,1.106666e-05,1.0808333e-05,9.816663e-06,7.662495e-06,1.0120829e-05,9.458327e-06
7,375,445.5,1.45,5.341665e-06,4.124999e-06,3.979158e-06,1.0366663e-05,5.53333e-06,1.0841663e-05,1.0566664e-05,8.987498e-06,9.208329e-06,9.39583e-06,1.1099998e-05,1.0791659e-05,9.899998e-06,7.662495e-06,1.0129165e-05,9.491666e-06
7,376,445.659,1.452,5.412499e-06,4.174995e-06,3.949992e-06,1.0445825e-05,5.524993e-06,1.0820826e-05,1.0599994e-05,8.958332e-06,9.237496e-06,9.399994e-06,1.1033329e-05,1.0841663e-05,9.766666e-06,7.633328e-06,1.0187498e-05,9.487494e-06
7,377,445.819,1.454,5.366659e-06,4.166659e-06,3.983331e-06,1.0433332e-05,5.545831e-06,1.087083e-05,1.0599994e-05,9.02083e-06,9.22083e-06,9.379164e-06,1.1133329e-05,1.0833327e-05,9.899998e-06,7.733329e-06,1.0174997e-05,9.587495e-06
7,378,445.979,1.456,5.416663e-06,4.199997e-06,4.008325e-06,1.0458326e-05,5.583326e-06,1.0866665e-05,1.0620833e-05,9.024993e-06,9.204166e-06,9.441662e-06,1.1158331e-05,1.0883331e-05,9.941666e-06,7.758331e-06,1.0212493e-05,9.591659e-06
7,379,446.139,1.458,5.391661e-06,4.183332e-06,4.012497e-06,1.0508331e-05,5.579162e-06,1.0912498e-05,1.0654163e-05,9.045832e-06,9.24166e-06,9.437497e-06,1.1162496e-05,1.0883331e-05,9.912499e-06,7.791662e-06,1.0179162e-05,9.616661e-06
7,380,446.299,1.46,5.458331e-06,4.208326e-06,3.979158e-06,1.0483329e-05,5.537494e-06,1.0916662e-05,1.0658327e-05,9.087499e-06,9.258326e-06,9.424996e-06,1.1162496e-05,1.0849993e-05,9.962495e-06,7.774996e-06,1.0199992e-05,9.599996e-06
7,381,446.459,1.462,5.454159e-06,4.249994e-06,3.995832e-06,1.052916e-05,5.587498e-06,1.089166e-05,1.0666665e-05,9.074998e-06,9.320831e-06,9.479165e-06,1.1191662e-05,1.0933328e-05,9.924992e-06,7.779161e-06,1.0224994e-05,9.629162e-06
7,382,446.618,1.464,5.470832e-06,4.237493e-06,4.037492e-06,1.0545826e-05,5.645832e-06,1.0966659e-05,1.0754164e-05,9.129159e-06,9.32916e-06,9.466664e-06,1.1179161e-05,1.0929163e-05,9.966659e-06,7.816664e-06,1.0233331e-05,9.645828e-06
7,383,446.778,1.466,5.458331e-06,4.204162e-06,4.045828e-06,1.0549998e-05,5.683327e-06,1.097916e-05,1.0741663e-05,9.12083e-06,9.291664e-06,9.529162e-06,1.1258332e-05,1.0983332e-05,1.0024993e-05,7.83333e-06,1.0258333e-05,9.641663e-06
7,384,446.938,1.468,5.504163e-06,4.249994e-06,4.029163e-06,1.0591666e-05,5.629166e-06,1.0991661e-05,1.0724997e-05,9.149996e-06,9.333332e-06,9.499995e-06,1.123333e-05,1.0983332e-05,9.991661e-06,7.85416e-06,1.024166e-05,9.666665e-06
7,385,447.098,1.47,5.483325e-06,4.233329e-06,4.016661e-06,1.0524996e-05,5.687499e-06,1.0999997e-05,1.0733326e-05,9.179163e-06,9.345826e-06,9.549999e-06,1.1241658e-05,1.0999997e-05,1.0029165e-05,7.870825e-06,1.0266662e-05,9.683331e-06
7,386,447.258,1.472,5.516664e-06,4.291662e-06,4.016661e-06,1.0541661e-05,5.595827e-06,1.0999997e-05,1.078333e-05,9.158325e-06,9.349998e-06,9.541663e-06,1.1270833e-05,1.104583e-05,1.0008327e-05,7.866661e-06,1.0229166e-05,9.704161e-06
7,387,447.417,1.474,5.537494e-06,4.241665e-06,4.00416e-06,1.0612495e-05,5.72083e-06,1.1041665e-05,1.0808333e-05,9.208329e-06,9.358327e-06,9.570829e-06,1.1291663e-05,1.1020828e-05,1.004583e-05,7.824993e-06,1.0304165e-05,9.749992e-06
7,388,447.577,1.476,5.558332e-06,4.270832e-06,4.045828e-06,1.0662492e-05,5.745832e-06,1.1062495e-05,1.0845828e-05,9.254161e-06,9.387493e-06,9.545827e-06,1.1304164e-05,1.1074996e-05,1.0049995e-05,7.904164e-06,1.032083e-05,9.724999e-06
7,389,447.737,1.478,5.570825e-06,4.283325e-06,4.09166e-06,1.0674993e-05,5.749996e-06,1.1120828e-05,1.0833327e-05,9.245833e-06,9.383329e-06,9.558328e-06,1.1383327e-05,1.1079161e-05,1.0099999e-05,7.929166e-06,1.0333331e-05,9.762493e-06
7,390,447.897,1.48,5.591663e-06,4.312499e-06,4.087496e-06,1.070416e-05,5.762497e-06,1.106666e-05,1.0845828e-05,9.275e-06,9.387493e-06,9.587495e-06,1.1304164e-05,1.1116664e-05,1.0095827e-05,7.93333e-06,1.0341661e-05,9.779159e-06
7,391,448.057,1.482,5.574997e-06,4.304163e-06,4.024998e-06,1.0724997e-05,5.804165e-06,1.1099998e-05,1.089166e-05,9.275e-06,9.420832e-06,9.587495e-06,1.1370826e-05,1.1083333e-05,1.0091662e-05,7.908328e-06,1.0362498e-05,9.816663e-06
7,392,448.216,1.484,5.608328e-06,4.283325e-06,4.104161e-06,1.0724997e-05,5.824995e-06,1.1154159e-05,1.0899997e-05,9.349998e-06,9.433325e-06,9.649992e-06,1.1416666e-05,1.1149995e-05,1.0137494e-05,7.966662e-06,1.0316666e-05,9.820827e-06
7,393,448.376,1.486,5.63333e-06,4.337493e-06,4.124999e-06,1.0766666e-05,5.837496e-06,1.1183325e-05,1.0974995e-05,9.379164e-06,9.466664e-06,9.658329e-06,1.1454161e-05,1.1158331e-05,1.0158332e-05,8.012494e-06,1.0399994e-05,9.816663e-06
7,394,448.536,1.488,5.670825e-06,4.341666e-06,4.149993e-06,1.0758328e-05,5.816658e-06,1.1224993e-05,1.0970831e-05,9.39583e-06,9.470828e-06,9.616661e-06,1.1449996e-05,1.1199999e-05,1.0170826e-05,7.987499e-06,1.0399994e-05,9.841665e-06
7,395,448.696,1.49,5.616665e-06,4.349994e-06,4.149993e-06,1.0774994e-05,5.854161e-06,1.1204163e-05,1.095833e-05,9.412495e-06,9.466664e-06,9.699997e-06,1.1454161e-05,1.1191662e-05,1.0187498e-05,8.02083e-06,1.0433332e-05,9.866659e-06
7,396,448.856,1.492,5.704164e-06,4.291662e-06,4.116662e-06,1.0849993e-05,5.870827e-06,1.1220829e-05,1.0999997e-05,9.41666e-06,9.499995e-06,9.662493e-06,1.1445833e-05,1.1216664e-05,1.0183327e-05,8.037496e-06,1.0429159e-05,9.808326e-06
7,397,449.016,1.494,5.708329e-06,4.34583e-06,4.095833e-06,1.0737499e-05,5.912495e-06,1.1254159e-05,1.1016663e-05,9.470828e-06,9.537498e-06,9.733327e-06,1.1504166e-05,1.126666e-05,1.0245832e-05,8.054161e-06,1.0483329e-05,9.862494e-06
7,398,449.175,1.496,5.687499e-06,4.387498e-06,4.174995e-06,1.0849993e-05,5.916659e-06,1.1291663e-05,1.0995833e-05,9.445826e-06,9.533326e-06,9.7375e-06,1.1512494e-05,1.1283326e-05,1.0120829e-05,8.049997e-06,1.0474992e-05,9.920827e-06
7,399,449.335,1.498,5.770826e-06,4.316664e-06,4.145829e-06,1.0879159e-05,5.92916e-06,1.1333331e-05,1.1024999e-05,9.474993e-06,9.520832e-06,9.724999e-06,1.1516667e-05,1.1295827e-05,1.0274998e-05,8.104165e-06,1.0516659e-05,9.954158e-06
7,400,449.495,1.5,5.766662e-06,4.424993e-06,4.216663e-06,1.089166e-05,5.979165e-06,1.1358333e-05,1.1120828e-05,9.499995e-06,9.562493e-06,9.770831e-06,1.1579164e-05,1.1345832e-05,1.0262497e-05,8.124995e-06,1.0508331e-05,9.916663e-06
7,401,449.655,1.498,5.708329e-06,4.349994e-06,4.162494e-06,1.0858329e-05,5.895829e-06,1.1287499e-05,1.1037493e-05,9.491666e-06,9.570829e-06,9.708333e-06,1.1541661e-05,1.1270833e-05,1.0245832e-05,8.074999e-06,1.0487493e-05,9.920827e-06
7,402,449.815,1.496,5.674998e-06,4.362496e-06,4.154166e-06,1.080416e-05,5.833332e-06,1.1262497e-05,1.097916e-05,9.454163e-06,9.512496e-06,9.720826e-06,1.1504166e-05,1.13e-05,1.024166e-05,8.058326e-06,1.0462499e-05,9.916663e-06
7,403,449.974,1.494,5.637495e-06,4.358331e-06,4.124999e-06,1.0841663e-05,5.879164e-06,1.126666e-05,1.1020828e-05,9.399994e-06,9.512496e-06,9.712498e-06,1.1504166e-05,1.1295827e-05,1.0191663e-05,7.974998e-06,1.0470828e-05,9.862494e-06
7,404,450.134,1.492,5.63333e-06,4.333329e-06,4.124999e-06,1.0758328e-05,5.824995e-06,1.1204163e-05,1.0983332e-05,9.424996e-06,9.466664e-06,9.641663e-06,1.1454161e-05,1.1220829e-05,1.0187498e-05,7.999993e-06,1.0445825e-05,9.812498e-06
7,405,450.294,1.49,5.612493e-06,4.320828e-06,4.09166e-06,1.0758328e-05,5.824995e-06,1.1212492e-05,1.1004162e-05,9.370828e-06,9.454163e-06,9.674995e-06,1.1474999e-05,1.1241658e-05,1.0158332e-05,7.991664e-06,1.0420831e-05,9.862494e-06
7,406,450.454,1.488,5.608328e-06,4.266659e-06,4.095833e-06,1.0729162e-05,5.80833e-06,1.116666e-05,1.0904161e-05,9.362499e-06,9.445826e-06,9.620825e-06,1.1433332e-05,1.1187498e-05,1.015416e-05,7.979163e-06,1.0354162e-05,9.833328e-06
7,407,450.614,1.486,5.595827e-06,4.333329e-06,4.095833e-06,1.0716661e-05,5.812494e-06,1.1170832e-05,1.0945829e-05,9.366663e-06,9.420832e-06,9.641663e-06,1.1408329e-05,1.1195826e-05,1.0108328e-05,7.962497e-06,1.0416658e-05,9.75833e-06
7,408,450.773,1.484,5.583326e-06,4.254158e-06,4.095833e-06,1.0716661e-05,5.80833e-06,1.1158331e-05,1.0908326e-05,9.30833e-06,9.424996e-06,9.637499e-06,1.1387499e-05,1.1141666e-05,1.0116664e-05,7.908328e-06,1.0354162e-05,9.808326e-06
7,409,450.933,1.482,5.55416e-06,4.270832e-06,4.054165e-06,1.0695831e-05,5.770826e-06,1.1108327e-05,1.0845828e-05,9.279163e-06,9.370828e-06,9.591659e-06,1.135416e-05,1.1099998e-05,1.0108328e-05,7.912493e-06,1.0387492e-05,9.762493e-06
7,410,451.093,1.48,5.524993e-06,4.262495e-06,4.024998e-06,1.0633325e-05,5.74166e-06,1.1091662e-05,1.087083e-05,9.245833e-06,9.39583e-06,9.587495e-06,1.1349996e-05,1.1124992e-05,1.0083326e-05,7.94166e-06,1.0354162e-05,9.75833e-06
7,411,451.253,1.478,5.545831e-06,4.241665e-06,4.058329e-06,1.0654163e-05,5.712493e-06,1.1058331e-05,1.0833327e-05,9.270827e-06,9.358327e-06,9.558328e-06,1.1349996e-05,1.1062495e-05,1.0058331e-05,7.912493e-06,1.032083e-05,9.770831e-06
7,412,451.413,1.476,5.516664e-06,4.229164e-06,4.037492e-06,1.0604159e-05,5.679162e-06,1.0999997e-05,1.0820826e-05,9.204166e-06,9.32916e-06,9.508331e-06,1.1291663e-05,1.1062495e-05,1.0041666e-05,7.883326e-06,1.0266662e-05,9.641663e-06
7,413,451.573,1.474,5.524993e-06,4.204162e-06,4.008325e-06,1.0587493e-05,5.708329e-06,1.106666e-05,1.0812497e-05,9.237496e-06,9.374992e-06,9.533326e-06,1.1291663e-05,1.104583e-05,9.995826e-06,7.845831e-06,1.0279163e-05,9.720826e-06
7,414,451.732,1.472,5.420828e-06,4.174995e-06,4.008325e-06,1.061666e-05,5.674998e-06,1.1029164e-05,1.075e-05,9.187492e-06,9.30833e-06,9.520832e-06,1.1216664e-05,1.0999997e-05,1.0020828e-05,7.808328e-06,1.0304165e-05,9.695832e-06
7,415,451.892,1.47,5.479161e-06,4.212499e-06,3.945827e-06,1.0533333e-05,5.641659e-06,1.0991661e-05,1.0754164e-05,9.112493e-06,9.291664e-06,9.466664e-06,1.1212492e-05,1.1004162e-05,9.991661e-06,7.841659e-06,1.0208329e-05,9.679158e-06
7,416,452.052,1.468,5.44583e-06,4.17916e-06,4.024998e-06,1.0554163e-05,5.658333e-06,1.097916e-05,1.0741663e-05,9.124994e-06,9.275e-06,9.483329e-06,1.1241658e-05,1.0983332e-05,9.991661e-06,7.799999e-06,1.0287499e-05,9.699997e-06
7,417,452.212,1.466,5.412499e-06,4.220828e-06,3.966665e-06,1.052916e-05,5.641659e-06,1.095833e-05,1.0645826e-05,9.14166e-06,9.299994e-06,9.499995e-06,1.1199999e-05,1.0945829e-05,9.974996e-06,7.804163e-06,1.0266662e-05,9.599996e-06
7,418,452.372,1.464,5.433329e-06,4.15833e-06,3.974994e-06,1.049583e-05,5.520828e-06,1.0966659e-05,1.0712496e-05,9.108328e-06,9.249997e-06,9.429161e-06,1.116666e-05,1.0929163e-05,9.983333e-06,7.791662e-06,1.0183327e-05,9.587495e-06
7,419,452.531,1.462,5.408327e-06,4.15833e-06,3.899996e-06,1.0462499e-05,5.616665e-06,1.0908326e-05,1.0612495e-05,9.091664e-06,9.254161e-06,9.516661e-06,1.1162496e-05,1.0949993e-05,9.929165e-06,7.658331e-06,1.0229166e-05,9.587495e-06
7,420,452.691,1.46,5.391661e-06,4.133328e-06,3.949992e-06,1.0466663e-05,5.558332e-06,1.0883331e-05,1.0649999e-05,9.02083e-06,9.237496e-06,9.404159e-06,1.1170832e-05,1.0895832e-05,9.862494e-06,7.76666e-06,1.015416e-05,9.595831e-06
7,421,452.851,1.458,5.345829e-06,4.129163e-06,3.949992e-06,1.0437497e-05,5.541659e-06,1.0883331e-05,1.058333e-05,9.041659e-06,9.204166e-06,9.354162e-06,1.1170832e-05,1.0845828e-05,9.874995e-06,7.699999e-06,1.0187498e-05,9.558328e-06
7,422,453.011,1.456,5.245829e-06,4.154166e-06,3.933326e-06,1.0454162e-05,5.545831e-06,1.0833327e-05,1.0599994e-05,9.016665e-06,9.212494e-06,9.39583e-06,1.1095826e-05,1.087083e-05,9.887497e-06,7.76666e-06,1.0129165e-05,9.545827e-06
7,423,453.171,1.454,5.362495e-06,4.133328e-06,3.937499e-06,1.040833e-05,5.529165e-06,1.078333e-05,1.0570828e-05,9.029166e-06,9.208329e-06,9.383329e-06,1.1141666e-05,1.0866665e-05,9.845829e-06,7.699999e-06,1.0141659e-05,9.541663e-06
7,424,453.331,1.452,5.324991e-06,4.079159e-06,3.949992e-06,1.0399994e-05,5.516664e-06,1.0845828e-05,1.0587493e-05,9.004164e-06,9.170826e-06,9.408331e-06,1.1091662e-05,1.0862494e-05,9.870831e-06,7.637493e-06,1.013333e-05,9.558328e-06
7,425,453.49,1.45,5.354166e-06,4.137492e-06,3.90416e-06,1.0383328e-05,5.491662e-06,1.0774994e-05,1.0541661e-05,8.983326e-06,9.158325e-06,9.32916e-06,1.1029164e-05,1.0774994e-05,9.833328e-06,7.699999e-06,1.0037494e-05,9.508331e-06
7,426,453.65,1.448,5.25833e-06,4.099997e-06,3.941663e-06,1.0349997e-05,5.508327e-06,1.0770829e-05,1.0541661e-05,8.912491e-06,9.145832e-06,9.387493e-06,1.1033329e-05,1.0799996e-05,9.837492e-06,7.645829e-06,1.0112492e-05,9.474993e-06
7,427,453.81,1.446,5.283332e-06,4.124999e-06,3.895831e-06,1.032083e-05,5.441666e-06,1.0699995e-05,1.0483329e-05,8.862496e-06,9.133331e-06,9.32916e-06,1.1008327e-05,1.0754164e-05,9.766666e-06,7.662495e-06,1.0083326e-05,9.479165e-06
7,428,453.97,1.444,5.27916e-06,4.041664e-06,3.88333e-06,1.0316666e-05,5.474997e-06,1.0779167e-05,1.0524996e-05,8.916664e-06,9.129159e-06,9.30833e-06,1.1020828e-05,1.070416e-05,9.795833e-06,7.629164e-06,1.0087498e-05,9.458327e-06
7,429,454.13,1.442,5.270831e-06,4.041664e-06,3.88333e-06,1.0287499e-05,5.470832e-06,1.0695831e-05,1.0504166e-05,8.849995e-06,9.087499e-06,9.275e-06,1.0991661e-05,1.0720825e-05,9.754165e-06,7.608326e-06,1.0062496e-05,9.445826e-06
7,430,454.289,1.44,5.270831e-06,4.09166e-06,3.912497e-06,1.032916e-05,5.46666e-06,1.0716661e-05,1.0454162e-05,8.891662e-06,9.116666e-06,9.275e-06,1.1029164e-05,1.0737499e-05,9.75833e-06,7.633328e-06,1.0037494e-05,9.449998e-06
7,431,454.449,1.438,5.237492e-06,4.087496e-06,3.874993e-06,1.024166e-05,5.441666e-06,1.0699995e-05,1.0437497e-05,8.891662e-06,9.008329e-06,9.258326e-06,1.0966659e-05,1.0737499e-05,9.716662e-06,7.583332e-06,1.0033329e-05,9.412495e-06
7,432,454.609,1.436,5.283332e-06,4.141665e-06,3.895831e-06,1.0295828e-05,5.454159e-06,1.0691659e-05,1.0458326e-05,8.86666e-06,9.083326e-06,9.295829e-06,1.1024999e-05,1.0729162e-05,9.733327e-06,7.599997e-06,1.0033329e-05,9.433325e-06
7,433,454.769,1.434,5.266658e-06,4.070831e-06,3.870829e-06,1.022083e-05,5.395826e-06,1.0691659e-05,1.0399994e-05,8.84583e-06,9.05416e-06,9.258326e-06,1.097916e-05,1.0712496e-05,9.754165e-06,7.549993e-06,1.0041666e-05,9.391665e-06
7,434,454.929,1.432,5.158329e-06,4.070831e-06,3.874993e-06,1.0208329e-05,5.387497e-06,1.0558327e-05,1.0437497e-05,8.799998e-06,9.029166e-06,9.258326e-06,1.0924999e-05,1.0670828e-05,9.729163e-06,7.57916e-06,9.937493e-06,9.379164e-06
7,435,455.088,1.43,5.224999e-06,4.049993e-06,3.874993e-06,1.0195828e-05,5.387497e-06,1.0645826e-05,1.0349997e-05,8.783332e-06,9.037494e-06,9.233332e-06,1.0929163e-05,1.0608332e-05,9.67083e-06,7.529163e-06,9.970832e-06,9.370828e-06
7,436,455.248,1.428,5.174994e-06,4.070831e-06,3.862492e-06,1.0162496e-05,5.370831e-06,1.0595831e-05,1.0333331e-05,8.75833e-06,9.004164e-06,9.204166e-06,1.089166e-05,1.0612495e-05,9.591659e-06,7.512498e-06,9.912499e-06,9.320831e-06
7,437,455.408,1.426,5.158329e-06,4.020826e-06,3.829161e-06,1.0166661e-05,5.312499e-06,1.0587493e-05,1.0299993e-05,8.695833e-06,8.949995e-06,9.174999e-06,1.0874995e-05,1.0608332e-05,9.649992e-06,7.499997e-06,9.933328e-06,9.324996e-06
7,438,455.568,1.424,5.145828e-06,4.016661e-06,3.845827e-06,1.0137494e-05,5.345829e-06,1.0570828e-05,1.0274998e-05,8.741665e-06,8.96666e-06,9.174999e-06,1.0816661e-05,1.0574992e-05,9.654164e-06,7.47083e-06,9.924992e-06,9.30833e-06
7,439,455.728,1.422,5.108333e-06,4.020826e-06,3.787494e-06,1.0074997e-05,5.291661e-06,1.0512495e-05,1.0266662e-05,8.67916e-06,8.949995e-06,9.112493e-06,1.0795831e-05,1.0541661e-05,9.595831e-06,7.458329e-06,9.891661e-06,9.279163e-06
7,440,455.888,1.42,5.149992e-06,3.979158e-06,3.808331e-06,1.0074997e-05,5.249993e-06,1.0533333e-05,1.0224994e-05,8.645829e-06,8.945831e-06,9.14166e-06,1.0812497e-05,1.0491665e-05,9.599996e-06,7.412497e-06,9.887497e-06,9.258326e-06
7,441,456.047,1.418,5.087495e-06,3.954164e-06,3.774993e-06,9.983333e-06,5.274995e-06,1.0454162e-05,1.0199992e-05,8.59166e-06,8.874997e-06,9.062497e-06,1.0733326e-05,1.0433332e-05,9.562493e-06,7.383331e-06,9.862494e-06,9.174999e-06
7,442,456.207,1.416,5.083331e-06,3.949992e-06,3.766664e-06,9.987497e-06,5.224999e-06,1.0462499e-05,1.015416e-05,8.59166e-06,8.891662e-06,9.049996e-06,1.0712496e-05,1.0433332e-05,9.541663e-06,7.395832e-06,9.824999e-06,9.22083e-06
7,443,456.367,1.414,5.020825e-06,3.929162e-06,3.762492e-06,9.991661e-06,5.237492e-06,1.0420831e-05,1.0087498e-05,8.524998e-06,8.891662e-06,9.074998e-06,1.0724997e-05,1.0433332e-05,9.554164e-06,7.358328e-06,9.837492e-06,9.183327e-06
7,444,456.527,1.412,5.020825e-06,3.974994e-06,3.762492e-06,9.954158e-06,5.183331e-06,1.0383328e-05,1.0079161e-05,8.529162e-06,8.895826e-06,9.033331e-06,1.0649999e-05,1.0433332e-05,9.512496e-06,7.333326e-06,9.79166e-06,9.154161e-06
7,445,456.687,1.41,5.029162e-06,3.954164e-06,3.754163e-06,9.97916e-06,5.241664e-06,1.0395829e-05,1.0120829e-05,8.5375e-06,8.824993e-06,9.02083e-06,1.0666665e-05,1.0387492e-05,9.516661e-06,7.333326e-06,9.799997e-06,9.049996e-06
7,446,456.846,1.408,5.020825e-06,3.954164e-06,3.758327e-06,9.949994e-06,5.195832e-06,1.0366663e-05,1.0099999e-05,8.524998e-06,8.841665e-06,8.999999e-06,1.0654163e-05,1.0395829e-05,9.474993e-06,7.324998e-06,9.79166e-06,9.14166e-06
7,447,457.006,1.406,5.004159e-06,3.933326e-06,3.741662e-06,9.920827e-06,5.204161e-06,1.0362498e-05,1.0108328e-05,8.479166e-06,8.84583e-06,9.012492e-06,1.0666665e-05,1.0358325e-05,9.487494e-06,7.308332e-06,9.745829e-06,9.162498e-06
7,448,457.166,1.404,5.033326e-06,3.962493e-06,3.745826e-06,9.887497e-06,5.17083e-06,1.0308329e-05,1.0033329e-05,8.445827e-06,8.795826e-06,9.012492e-06,1.0608332e-05,1.0345832e-05,9.466664e-06,7.274993e-06,9.787496e-06,9.087499e-06
7,449,457.326,1.402,4.995831e-06,3.916661e-06,3.708331e-06,9.891661e-06,5.158329e-06,1.0304165e-05,1.0049995e-05,8.445827e-06,8.812499e-06,8.987498e-06,1.0574992e-05,1.0291664e-05,9.462499e-06,7.295831e-06,9.733327e-06,9.079162e-06
7,450,457.486,1.4,4.962492e-06,3.90416e-06,3.745826e-06,9.841665e-06,5.145828e-06,1.0283327e-05,1.0024993e-05,8.454163e-06,8.754166e-06,8.96666e-06,1.0570828e-05,1.0254161e-05,9.412495e-06,7.220833e-06,9.645828e-06,9.041659e-06
7,451,457.645,1.398,4.941662e-06,3.837498e-06,3.71666e-06,9.833328e-06,5.116661e-06,1.0249996e-05,9.987497e-06,8.391658e-06,8.754166e-06,8.937494e-06,1.0545826e-05,1.0283327e-05,9.387493e-06,7.187494e-06,9.695832e-06,9.016665e-06
7,452,457.805,1.396,4.929161e-06,3.891659e-06,3.704158e-06,9.799997e-06,5.087495e-06,1.0245832e-05,9.937493e-06,8.387494e-06,8.741665e-06,8.899999e-06,1.0574992e-05,1.0270826e-05,9.404159e-06,7.208331e-06,9.695832e-06,9.05416e-06
7,453,457.965,1.394,4.941662e-06,3.937499e-06,3.699994e-06,9.779159e-06,5.112497e-06,1.0229166e-05,9.954158e-06,8.395831e-06,8.649993e-06,8.874997e-06,1.0516659e-05,1.0237495e-05,9.379164e-06,7.174993e-06,9.658329e-06,8.999999e-06
7,454,458.125,1.392,4.908331e-06,3.887495e-06,3.691665e-06,9.754165e-06,5.087495e-06,1.022083e-05,9.908326e-06,8.324997e-06,8.708326e-06,8.854158e-06,1.0499994e-05,1.0179162e-05,9.349998e-06,7.174993e-06,9.641663e-06,9.008329e-06
7,455,458.285,1.39,4.849998e-06,3.837498e-06,3.691665e-06,9.724999e-06,5.037498e-06,1.0145831e-05,9.904162e-06,8.329161e-06,8.683332e-06,8.879161e-06,1.0491665e-05,1.0158332e-05,9.366663e-06,7.154163e-06,9.616661e-06,8.979162e-06
7,456,458.445,1.388,4.874993e-06,3.88333e-06,3.687493e-06,9.724999e-06,5.079166e-06,1.0170826e-05,9.870831e-06,8.287493e-06,8.65833e-06,8.829164e-06,1.0458326e-05,1.0141659e-05,9.299994e-06,7.112495e-06,9.545827e-06,8.949995e-06
7,457,458.604,1.386,4.841661e-06,3.824997e-06,3.704158e-06,9.720826e-06,5.029162e-06,1.0158332e-05,9.837492e-06,8.270827e-06,8.629163e-06,8.84583e-06,1.0441661e-05,1.0116664e-05,9.299994e-06,7.099994e-06,9.608332e-06,8.891662e-06
7,458,458.764,1.384,4.808331e-06,3.837498e-06,3.679164e-06,9.674995e-06,5.016661e-06,1.0087498e-05,9.799997e-06,8.183329e-06,8.599996e-06,8.829164e-06,1.032083e-05,1.0112492e-05,9.266662e-06,7.070827e-06,9.566665e-06,8.849995e-06
7,459,458.924,1.382,4.849998e-06,3.841662e-06,3.645825e-06,9.654164e-06,4.966664e-06,1.0099999e-05,9.745829e-06,8.212495e-06,8.508333e-06,8.770831e-06,1.0370827e-05,1.0054159e-05,9.24166e-06,7.079164e-06,9.570829e-06,8.908328e-06
7,460,459.084,1.38,4.82916e-06,3.829161e-06,3.645825e-06,9.633327e-06,5.008332e-06,1.0062496e-05,9.774994e-06,8.220832e-06,8.57083e-06,8.812499e-06,1.0349997e-05,1.0062496e-05,9.204166e-06,7.037497e-06,9.558328e-06,8.862496e-06
7,461,459.244,1.378,4.812495e-06,3.808331e-06,3.633332e-06,9.60416e-06,4.862499e-06,1.0033329e-05,9.729163e-06,8.116658e-06,8.579159e-06,8.77916e-06,1.0324995e-05,1.0058331e-05,9.208329e-06,7.054162e-06,9.483329e-06,8.841665e-06
7,462,459.403,1.376,4.804158e-06,3.770828e-06,3.558326e-06,9.58333e-06,4.970829e-06,1.0016664e-05,9.637499e-06,8.124995e-06,8.545828e-06,8.729164e-06,1.0279163e-05,9.995826e-06,9.22083e-06,6.995829e-06,9.50416e-06,8.783332e-06
7,463,459.563,1.374,4.754162e-06,3.837498e-06,3.637497e-06,9.574994e-06,4.958328e-06,9.974996e-06,9.687496e-06,8.120831e-06,8.533327e-06,8.749994e-06,1.0258333e-05,9.954158e-06,9.14166e-06,7.00833e-06,9.483329e-06,8.795826e-06
7,464,459.723,1.372,4.724996e-06,3.770828e-06,3.624996e-06,9.516661e-06,4.920832e-06,9.949994e-06,9.637499e-06,8.079163e-06,8.499996e-06,8.729164e-06,1.0262497e-05,9.945829e-06,9.170826e-06,6.958326e-06,9.483329e-06,8.77916e-06
7,465,459.883,1.37,4.745825e-06,3.799995e-06,3.612495e-06,9.499995e-06,4.924997e-06,9.941666e-06,9.624998e-06,8.062498e-06,8.508333e-06,8.741665e-06,1.0229166e-05,9.933328e-06,9.108328e-06,6.924995e-06,9.449998e-06,8.712498e-06
7,466,460.043,1.368,4.749998e-06,3.79583e-06,3.595829e-06,9.487494e-06,4.820832e-06,9.854166e-06,9.612497e-06,8.033331e-06,8.474994e-06,8.654165e-06,1.0191663e-05,9.891661e-06,9.087499e-06,6.912494e-06,9.404159e-06,8.745829e-06
7,467,460.202,1.366,4.704165e-06,3.783329e-06,3.633332e-06,9.479165e-06,4.89583e-06,9.904162e-06,9.541663e-06,8.062498e-06,8.441662e-06,8.691661e-06,1.0191663e-05,9.866659e-06,9.099992e-06,6.879163e-06,9.412495e-06,8.712498e-06
7,468,460.362,1.364,4.691664e-06,3.799995e-06,3.54166e-06,9.420832e-06,4.879165e-06,9.854166e-06,9.562493e-06,8.012494e-06,8.45e-06,8.645829e-06,1.0137494e-05,9.85833e-06,9.066661e-06,6.879163e-06,9.374992e-06,8.687496e-06
7,469,460.522,1.362,4.699993e-06,3.749998e-06,3.599993e-06,9.404159e-06,4.858327e-06,9.79166e-06,9.483329e-06,7.991664e-06,8.41666e-06,8.641664e-06,1.0149995e-05,9.804161e-06,9.066661e-06,6.870826e-06,9.354162e-06,8.65833e-06
7,470,460.682,1.36,4.649997e-06,3.754163e-06,3.554161e-06,9.370828e-06,4.816659e-06,9.816663e-06,9.483329e-06,7.945831e-06,8.383329e-06,8.624998e-06,1.0083326e-05,9.795833e-06,9.008329e-06,6.833331e-06,9.374992e-06,8.649993e-06
7,471,460.842,1.358,4.645832e-06,3.699994e-06,3.52083e-06,9.341661e-06,4.770827e-06,9.745829e-06,9.454163e-06,7.887498e-06,8.387494e-06,8.587495e-06,1.0124993e-05,9.783332e-06,9.016665e-06,6.854161e-06,9.266662e-06,8.633328e-06
7,472,461.002,1.356,4.62083e-06,3.674992e-06,3.558326e-06,9.324996e-06,4.854162e-06,9.699997e-06,9.433325e-06,7.929166e-06,8.366665e-06,8.583331e-06,1.006666e-05,9.749992e-06,8.974997e-06,6.779162e-06,9.316659e-06,8.620827e-06
7,473,461.161,1.354,4.608329e-06,3.724996e-06,3.558326e-06,9.304166e-06,4.779164e-06,9.741664e-06,9.399994e-06,7.845831e-06,8.362492e-06,8.541663e-06,1.004583e-05,9.67083e-06,8.958332e-06,6.758332e-06,9.287493e-06,8.579159e-06
7,474,461.321,1.352,4.649997e-06,3.729161e-06,3.570827e-06,9.270827e-06,4.758326e-06,9.704161e-06,9.362499e-06,7.845831e-06,8.308331e-06,8.474994e-06,9.933328e-06,9.633327e-06,8.941666e-06,6.745831e-06,9.262498e-06,8.566665e-06
7,475,461.481,1.35,4.587499e-06,3.720832e-06,3.537496e-06,9.254161e-06,4.758326e-06,9.679158e-06,9.354162e-06,7.849995e-06,8.291666e-06,8.545828e-06,1.0024993e-05,9.67083e-06,8.904163e-06,6.708328e-06,9.258326e-06,8.487495e-06
7,476,461.641,1.348,4.566662e-06,3.674992e-06,3.529159e-06,9.195828e-06,4.699993e-06,9.574994e-06,9.299994e-06,7.837494e-06,8.283329e-06,8.512497e-06,9.999999e-06,9.637499e-06,8.916664e-06,6.699999e-06,9.208329e-06,8.520826e-06
7,477,461.801,1.346,4.529158e-06,3.712495e-06,3.499993e-06,9.116666e-06,4.741661e-06,9.612497e-06,9.287493e-06,7.76666e-06,8.249998e-06,8.491659e-06,9.949994e-06,9.637499e-06,8.86666e-06,6.670833e-06,9.233332e-06,8.470829e-06
7,478,461.96,1.344,4.554161e-06,3.691665e-06,3.508329e-06,9.187492e-06,4.720831e-06,9.599996e-06,9.262498e-06,7.749994e-06,8.262499e-06,8.462493e-06,9.916663e-06,9.558328e-06,8.84583e-06,6.591662e-06,9.154161e-06,8.495832e-06
7,479,462.12,1.342,4.529158e-06,3.649998e-06,3.533332e-06,9.133331e-06,4.687492e-06,9.541663e-06,9.14166e-06,7.729165e-06,8.212495e-06,8.458328e-06,9.829164e-06,9.524997e-06,8.858331e-06,6.645831e-06,9.170826e-06,8.408332e-06
7,480,462.28,1.34,4.516665e-06,3.687493e-06,3.491664e-06,9.154161e-06,4.683327e-06,9.466664e-06,9.195828e-06,7.708327e-06,8.133332e-06,8.458328e-06,9.891661e-06,9.549999e-06,8.808327e-06,6.620828e-06,9.170826e-06,8.408332e-06
7,481,462.44,1.338,4.491663e-06,3.633332e-06,3.491664e-06,9.091664e-06,4.649997e-06,9.499995e-06,9.154161e-06,7.716663e-06,8.158326e-06,8.399995e-06,9.841665e-06,9.479165e-06,8.799998e-06,6.583325e-06,9.083326e-06,8.420833e-06
7,482,462.6,1.336,4.474998e-06,3.674992e-06,3.474998e-06,9.066661e-06,4.679163e-06,9.39583e-06,9.158325e-06,7.658331e-06,8.166663e-06,8.408332e-06,9.804161e-06,9.487494e-06,8.799998e-06,6.599998e-06,9.12083e-06,8.358327e-06
7,483,462.76,1.334,4.508328e-06,3.691665e-06,3.462497e-06,9.05416e-06,4.637496e-06,9.474993e-06,9.095827e-06,7.616663e-06,8.133332e-06,8.324997e-06,9.787496e-06,9.424996e-06,8.737493e-06,6.533329e-06,8.96666e-06,8.358327e-06
7,484,462.919,1.332,4.458332e-06,3.654162e-06,3.466662e-06,8.945831e-06,4.62083e-06,9.399994e-06,9.05416e-06,7.629164e-06,8.12916e-06,8.374993e-06,9.774994e-06,9.429161e-06,8.724999e-06,6.487497e-06,9.062497e-06,8.341662e-06
7,485,463.079,1.33,4.437494e-06,3.60833e-06,3.462497e-06,8.979162e-06,4.599992e-06,9.387493e-06,9.029166e-06,7.554166e-06,8.070827e-06,8.291666e-06,9.716662e-06,9.387493e-06,8.720827e-06,6.483333e-06,9.029166e-06,8.283329e-06
7,486,463.239,1.328,4.43333e-06,3.620831e-06,3.491664e-06,8.974997e-06,4.604165e-06,9.374992e-06,8.974997e-06,7.55833e-06,8.070827e-06,8.283329e-06,9.733327e-06,9.337497e-06,8.683332e-06,6.445829e-06,9.02083e-06,8.29583e-06
7,487,463.399,1.326,4.408328e-06,3.62916e-06,3.429159e-06,8.908328e-06,4.554161e-06,9.229159e-06,8.924992e-06,7.504161e-06,8.054161e-06,8.287493e-06,9.662493e-06,9.30833e-06,8.670831e-06,6.470831e-06,8.983326e-06,8.249998e-06
7,488,463.559,1.324,4.437494e-06,3.616659e-06,3.404164e-06,8.862496e-06,4.520829e-06,9.30833e-06,8.937494e-06,7.495833e-06,8.054161e-06,8.258326e-06,9.679158e-06,9.287493e-06,8.645829e-06,6.379159e-06,8.962496e-06,8.245825e-06
7,489,463.718,1.322,4.395827e-06,3.60833e-06,3.454161e-06,8.891662e-06,4.524994e-06,9.275e-06,8.899999e-06,7.504161e-06,7.983327e-06,8.233333e-06,9.624998e-06,9.291664e-06,8.608326e-06,6.383332e-06,8.970833e-06,8.19583e-06
7,490,463.878,1.32,4.391662e-06,3.62916e-06,3.416665e-06,8.858331e-06,4.537495e-06,9.245833e-06,8.895826e-06,7.424998e-06,7.949996e-06,8.22916e-06,9.612497e-06,9.254161e-06,8.608326e-06,6.416662e-06,8.937494e-06,8.179164e-06
7,491,464.038,1.318,4.379161e-06,3.620831e-06,3.454161e-06,8.84583e-06,4.529158e-06,9.191665e-06,8.829164e-06,7.412497e-06,7.93333e-06,8.224996e-06,9.562493e-06,9.191665e-06,8.587495e-06,6.329163e-06,8.920829e-06,8.141661e-06
7,492,464.198,1.316,4.320828e-06,3.595829e-06,3.379162e-06,8.791661e-06,4.487499e-06,9.162498e-06,8.816663e-06,7.395832e-06,7.954161e-06,8.137496e-06,9.487494e-06,9.191665e-06,8.529162e-06,6.316662e-06,8.854158e-06,8.083328e-06
7,493,464.358,1.314,4.312499e-06,3.512494e-06,3.362497e-06,8.704162e-06,4.437494e-06,9.124994e-06,8.737493e-06,7.349992e-06,7.916665e-06,8.154162e-06,9.520832e-06,9.104165e-06,8.516661e-06,6.316662e-06,8.84583e-06,8.099993e-06
7,494,464.517,1.312,4.324992e-06,3.562498e-06,3.416665e-06,8.762495e-06,4.479162e-06,9.112493e-06,8.75833e-06,7.337499e-06,7.883326e-06,8.133332e-06,9.50416e-06,9.12083e-06,8.495832e-06,6.287495e-06,8.870832e-06,8.066662e-06
7,495,464.677,1.31,4.320828e-06,3.524995e-06,3.408329e-06,8.733328e-06,4.441659e-06,9.058333e-06,8.704162e-06,7.30416e-06,7.870825e-06,8.091664e-06,9.466664e-06,8.987498e-06,8.437499e-06,6.279159e-06,8.812499e-06,8.033331e-06
7,496,464.837,1.308,4.291662e-06,3.549997e-06,3.379162e-06,8.691661e-06,4.441659e-06,9.066661e-06,8.645829e-06,7.266664e-06,7.816664e-06,8.087492e-06,9.449998e-06,9.033331e-06,8.470829e-06,6.208332e-06,8.774996e-06,8.029159e-06
7,497,464.997,1.306,4.254158e-06,3.537496e-06,3.374998e-06,8.674995e-06,4.412492e-06,8.979162e-06,8.583331e-06,7.170828e-06,7.849995e-06,8.045832e-06,9.408331e-06,9.008329e-06,8.379166e-06,6.220826e-06,8.791661e-06,7.983327e-06
7,498,465.157,1.304,4.283325e-06,3.529159e-06,3.358332e-06,8.633328e-06,4.420829e-06,9.016665e-06,8.629163e-06,7.241662e-06,7.791662e-06,8.037496e-06,9.408331e-06,8.970833e-06,8.408332e-06,6.137498e-06,8.75833e-06,7.912493e-06
7,499,465.317,1.302,4.249994e-06,3.54166e-06,3.383326e-06,8.637492e-06,4.391662e-06,9.004164e-06,8.604161e-06,7.183329e-06,7.787497e-06,8.058326e-06,9.324996e-06,8.96666e-06,8.354164e-06,6.154164e-06,8.729164e-06,7.954161e-06
7,500,465.476,1.3,4.199997e-06,3.545833e-06,3.337494e-06,8.579159e-06,4.362496e-06,8.945831e-06,8.562493e-06,7.187494e-06,7.754159e-06,8.012494e-06,9.337497e-06,8.904163e-06,8.241662e-06,6.112496e-06,8.695833e-06,7.887498e-06
7,501,465.636,1.298,4.191661e-06,3.533332e-06,3.379162e-06,8.533327e-06,4.370832e-06,8.924992e-06,8.516661e-06,7.19583e-06,7.716663e-06,7.991664e-06,9.304166e-06,8.924992e-06,8.358327e-06,6.120833e-06,8.708326e-06,7.908328e-06
7,502,465.796,1.296,4.183332e-06,3.512494e-06,3.337494e-06,8.541663e-06,4.358331e-06,8.887498e-06,8.495832e-06,7.149999e-06,7.699999e-06,7.970826e-06,9.312495e-06,8.862496e-06,8.304159e-06,6.083329e-06,8.645829e-06,7.883326e-06
7,503,465.956,1.294,4.204162e-06,3.499993e-06,3.345831e-06,8.491659e-06,4.308327e-06,8.849995e-06,8.424998e-06,7.11666e-06,7.695826e-06,7.949996e-06,9.262498e-06,8.837494e-06,8.291666e-06,6.070828e-06,8.633328e-06,7.845831e-06
7,504,466.116,1.292,4.141665e-06,3.495828e-06,3.26666e-06,8.41666e-06,4.34583e-06,8.824993e-06,8.41666e-06,7.074992e-06,7.637493e-06,7.924994e-06,9.208329e-06,8.804162e-06,8.233333e-06,6.033325e-06,8.633328e-06,7.779161e-06
7,505,466.275,1.29,4.174995e-06,3.42083e-06,3.320829e-06,8.45e-06,4.287497e-06,8.770831e-06,8.358327e-06,7.041661e-06,7.645829e-06,7.858332e-06,9.162498e-06,8.77916e-06,8.245825e-06,6.058327e-06,8.599996e-06,7.837494e-06
7,506,466.435,1.288,4.166659e-06,3.512494e-06,3.35416e-06,8.408332e-06,4.258331e-06,8.729164e-06,8.329161e-06,7.020831e-06,7.591661e-06,7.908328e-06,9.166662e-06,8.745829e-06,8.233333e-06,5.966663e-06,8.583331e-06,7.762495e-06
7,507,466.595,1.286,4.149993e-06,3.504165e-06,3.33333e-06,8.395831e-06,4.270832e-06,8.749994e-06,8.29583e-06,7.016659e-06,7.612498e-06,7.887498e-06,9.137495e-06,8.729164e-06,8.204166e-06,5.983329e-06,8.579159e-06,7.762495e-06
7,508,466.755,1.284,4.129163e-06,3.458325e-06,3.320829e-06,8.29583e-06,4.233329e-06,8.683332e-06,8.233333e-06,6.970827e-06,7.55833e-06,7.83333e-06,9.062497e-06,8.687496e-06,8.166663e-06,5.92916e-06,8.545828e-06,7.720828e-06
7,509,466.915,1.282,4.104161e-06,3.445832e-06,3.26666e-06,8.308331e-06,4.212499e-06,8.683332e-06,8.249998e-06,6.929159e-06,7.541664e-06,7.841659e-06,9.066661e-06,8.670831e-06,8.137496e-06,5.916659e-06,8.48333e-06,7.687497e-06
7,510,467.074,1.28,4.137492e-06,3.374998e-06,3.229165e-06,8.299994e-06,4.249994e-06,8.645829e-06,8.162498e-06,6.937496e-06,7.499997e-06,7.779161e-06,9.045832e-06,8.587495e-06,8.124995e-06,5.816658e-06,8.466665e-06,7.641665e-06
7,511,467.234,1.278,4.058329e-06,3.474998e-06,3.316665e-06,8.270827e-06,4.241665e-06,8.583331e-06,8.133332e-06,6.891664e-06,7.49166e-06,7.799999e-06,8.983326e-06,8.566665e-06,8.045832e-06,5.862498e-06,8.462493e-06,7.604162e-06
7,512,467.394,1.276,4.083332e-06,3.454161e-06,3.241658e-06,8.19583e-06,4.183332e-06,8.524998e-06,8.112494e-06,6.791663e-06,7.458329e-06,7.724992e-06,8.979162e-06,8.520826e-06,8.054161e-06,5.820831e-06,8.404159e-06,7.595825e-06
7,513,467.554,1.274,4.045828e-06,3.44166e-06,3.299999e-06,8.19583e-06,4.191661e-06,8.508333e-06,8.024995e-06,6.829158e-06,7.433327e-06,7.754159e-06,8.937494e-06,8.491659e-06,8.024995e-06,5.791664e-06,8.395831e-06,7.554166e-06
7,514,467.714,1.272,4.045828e-06,3.462497e-06,3.258332e-06,8.162498e-06,4.108326e-06,8.512497e-06,7.966662e-06,6.812493e-06,7.412497e-06,7.687497e-06,8.883325e-06,8.470829e-06,8.016666e-06,5.774998e-06,8.374993e-06,7.437499e-06
7,515,467.874,1.27,4.074995e-06,3.399992e-06,3.283326e-06,8.054161e-06,4.129163e-06,8.479166e-06,7.974998e-06,6.783327e-06,7.358328e-06,7.687497e-06,8.904163e-06,8.441662e-06,7.979163e-06,5.687499e-06,8.29583e-06,7.516662e-06
7,516,468.033,1.268,4.029163e-06,3.454161e-06,3.274997e-06,8.116658e-06,4.166659e-06,8.45e-06,7.966662e-06,6.73333e-06,7.345827e-06,7.67916e-06,8.766659e-06,8.341662e-06,7.891663e-06,5.708329e-06,8.333325e-06,7.458329e-06
7,517,468.193,1.266,4.033327e-06,3.424994e-06,3.262496e-06,8.091664e-06,4.133328e-06,8.404159e-06,7.93333e-06,6.687498e-06,7.308332e-06,7.620828e-06,8.829164e-06,8.383329e-06,7.891663e-06,5.695828e-06,8.287493e-06,7.445828e-06
7,518,468.353,1.264,3.999996e-06,3.416665e-06,3.212492e-06,8.033331e-06,4.15833e-06,8.354164e-06,7.862496e-06,6.641666e-06,7.291659e-06,7.633328e-06,8.791661e-06,8.362492e-06,7.904164e-06,5.645832e-06,8.283329e-06,7.437499e-06
7,519,468.513,1.262,3.979158e-06,3.449996e-06,3.254159e-06,8.016666e-06,4.124999e-06,8.274992e-06,7.85416e-06,6.679161e-06,7.299996e-06,7.57916e-06,8.770831e-06,8.308331e-06,7.887498e-06,5.629166e-06,8.258326e-06,7.412497e-06
7,520,468.673,1.26,4.00416e-06,3.412493e-06,3.274997e-06,7.983327e-06,4.116662e-06,8.31666e-06,7.808328e-06,6.645831e-06,7.220833e-06,7.55833e-06,8.695833e-06,8.241662e-06,7.845831e-06,5.566661e-06,8.220832e-06,7.345827e-06
7,521,468.832,1.258,3.945827e-06,3.404164e-06,3.208327e-06,7.949996e-06,4.09166e-06,8.258326e-06,7.770833e-06,6.583325e-06,7.229161e-06,7.529163e-06,8.67916e-06,8.220832e-06,7.779161e-06,5.583326e-06,8.154162e-06,7.329162e-06
7,522,468.992,1.256,3.97083e-06,3.366661e-06,3.245831e-06,7.866661e-06,4.074995e-06,8.224996e-06,7.7125e-06,6.558331e-06,7.174993e-06,7.495833e-06,8.666659e-06,8.19583e-06,7.76666e-06,5.520828e-06,8.12916e-06,7.291659e-06
7,523,469.152,1.254,3.962493e-06,3.387499e-06,3.229165e-06,7.845831e-06,4.045828e-06,8.170828e-06,7.670832e-06,6.54583e-06,7.099994e-06,7.49166e-06,8.608326e-06,8.162498e-06,7.74583e-06,5.520828e-06,8.133332e-06,7.274993e-06
7,524,469.312,1.252,3.920825e-06,3.362497e-06,3.204163e-06,7.870825e-06,4.049993e-06,8.170828e-06,7.624992e-06,6.454166e-06,7.099994e-06,7.433327e-06,8.566665e-06,8.066662e-06,7.699999e-06,5.479161e-06,8.070827e-06,7.183329e-06
7,525,469.472,1.25,3.891659e-06,3.345831e-06,3.208327e-06,7.795827e-06,3.979158e-06,8.10833e-06,7.583332e-06,6.483333e-06,7.049998e-06,7.395832e-06,8.516661e-06,8.058326e-06,7.683333e-06,5.412499e-06,8.066662e-06,7.187494e-06
7,526,469.631,1.248,3.891659e-06,3.362497e-06,3.174996e-06,7.804163e-06,4.024998e-06,8.120831e-06,7.574995e-06,6.462495e-06,7.033332e-06,7.387495e-06,8.533327e-06,8.029159e-06,7.633328e-06,5.412499e-06,8.024995e-06,7.166664e-06
7,527,469.791,1.246,3.866664e-06,3.237494e-06,3.162495e-06,7.733329e-06,3.995832e-06,8.049997e-06,7.487496e-06,6.412498e-06,7.02916e-06,7.337499e-06,8.466665e-06,7.958332e-06,7.554166e-06,5.345829e-06,8.008329e-06,7.11666e-06
7,528,469.951,1.244,3.854163e-06,3.349996e-06,3.14583e-06,7.729165e-06,3.979158e-06,7.983327e-06,7.445828e-06,6.358329e-06,6.974999e-06,7.349992e-06,8.404159e-06,7.94166e-06,7.583332e-06,5.320827e-06,7.958332e-06,7.058326e-06
7,529,470.111,1.242,3.837498e-06,3.312492e-06,3.179161e-06,7.666659e-06,3.895831e-06,7.94166e-06,7.408333e-06,6.349993e-06,6.995829e-06,7.324998e-06,8.429161e-06,7.887498e-06,7.570831e-06,5.274995e-06,7.945831e-06,7.049998e-06
7,530,470.271,1.24,3.849999e-06,3.383326e-06,3.216664e-06,7.654166e-06,3.958329e-06,7.958332e-06,7.395832e-06,6.366666e-06,6.912494e-06,7.316661e-06,8.349999e-06,7.866661e-06,7.504161e-06,5.283332e-06,7.924994e-06,6.995829e-06
7,531,470.431,1.238,3.808331e-06,3.341659e-06,3.16666e-06,7.562494e-06,3.920825e-06,7.874997e-06,7.349992e-06,6.29166e-06,6.929159e-06,7.224997e-06,8.320832e-06,7.820829e-06,7.479159e-06,5.237492e-06,7.816664e-06,6.8875e-06
7,532,470.59,1.236,3.829161e-06,3.295827e-06,3.199998e-06,7.562494e-06,3.924998e-06,7.879162e-06,7.295831e-06,6.316662e-06,6.854161e-06,7.212496e-06,8.299994e-06,7.779161e-06,7.487496e-06,5.179159e-06,7.829165e-06,6.883327e-06
7,533,470.75,1.234,3.720832e-06,3.299999e-06,3.14583e-06,7.562494e-06,3.945827e-06,7.866661e-06,7.28333e-06,6.245828e-06,6.824994e-06,7.191666e-06,8.170828e-06,7.76666e-06,7.441664e-06,5.19166e-06,7.816664e-06,6.879163e-06
7,534,470.91,1.232,3.799995e-06,3.329166e-06,3.154159e-06,7.554166e-06,3.924998e-06,7.83333e-06,7.220833e-06,6.191659e-06,6.729166e-06,7.145826e-06,8.233333e-06,7.729165e-06,7.399996e-06,5.133327e-06,7.783326e-06,6.904165e-06
7,535,471.07,1.23,3.737497e-06,3.304164e-06,3.149994e-06,7.474995e-06,3.916661e-06,7.729165e-06,7.158327e-06,6.199996e-06,6.762496e-06,7.154163e-06,8.137496e-06,7.67916e-06,7.349992e-06,5.091659e-06,7.733329e-06,6.804164e-06
7,536,471.23,1.228,3.704158e-06,3.26666e-06,3.124992e-06,7.424998e-06,3.833326e-06,7.74583e-06,7.099994e-06,6.162492e-06,6.745831e-06,7.108331e-06,8.166663e-06,7.637493e-06,7.316661e-06,5.074994e-06,7.7125e-06,6.812493e-06
7,537,471.389,1.226,3.704158e-06,3.262496e-06,3.045829e-06,7.366665e-06,3.854163e-06,7.662495e-06,7.062499e-06,6.179166e-06,6.687498e-06,7.087493e-06,8.079163e-06,7.57916e-06,7.320825e-06,4.941662e-06,7.683333e-06,6.774998e-06
7,538,471.549,1.224,3.733325e-06,3.312492e-06,3.108327e-06,7.345827e-06,3.837498e-06,7.704162e-06,7.066663e-06,6.074993e-06,6.674997e-06,7.004166e-06,8.033331e-06,7.574995e-06,7.266664e-06,5.029162e-06,7.683333e-06,6.741659e-06
7,539,471.709,1.222,3.729161e-06,3.241658e-06,3.129164e-06,7.320825e-06,3.837498e-06,7.658331e-06,6.979164e-06,6.070828e-06,6.612492e-06,7.024995e-06,7.995828e-06,7.487496e-06,7.191666e-06,4.920832e-06,7.566658e-06,6.674997e-06
7,540,471.869,1.22,3.674992e-06,3.274997e-06,3.133329e-06,7.333326e-06,3.829161e-06,7.599997e-06,6.958326e-06,6.033325e-06,6.595826e-06,7.004166e-06,7.983327e-06,7.466666e-06,7.170828e-06,4.945827e-06,7.612498e-06,6.658332e-06
7,541,472.029,1.218,3.662499e-06,3.199998e-06,3.112499e-06,7.249999e-06,3.79583e-06,7.587496e-06,6.899993e-06,6.004159e-06,6.549994e-06,6.912494e-06,7.979163e-06,7.441664e-06,7.170828e-06,4.858327e-06,7.541664e-06,6.612492e-06
7,542,472.189,1.216,3.712495e-06,3.245831e-06,3.108327e-06,7.141662e-06,3.770828e-06,7.541664e-06,6.874998e-06,5.979165e-06,6.533329e-06,6.949997e-06,7.899992e-06,7.420826e-06,7.129161e-06,4.845826e-06,7.549993e-06,6.591662e-06
7,543,472.348,1.214,3.645825e-06,3.274997e-06,3.083332e-06,7.21666e-06,3.787494e-06,7.499997e-06,6.879163e-06,5.945826e-06,6.495825e-06,6.904165e-06,7.858332e-06,7.337499e-06,7.074992e-06,4.82916e-06,7.466666e-06,6.516663e-06
7,544,472.508,1.212,3.662499e-06,3.191662e-06,3.045829e-06,7.1625e-06,3.779165e-06,7.49166e-06,6.82083e-06,5.941661e-06,6.424999e-06,6.899993e-06,7.879162e-06,7.324998e-06,7.095829e-06,4.783328e-06,7.483332e-06,6.533329e-06
7,545,472.668,1.21,3.637497e-06,3.262496e-06,3.120828e-06,7.141662e-06,3.770828e-06,7.429162e-06,6.779162e-06,5.845833e-06,6.441664e-06,6.833331e-06,7.808328e-06,7.258328e-06,7.016659e-06,4.737497e-06,7.408333e-06,6.45833e-06
7,546,472.828,1.208,3.645825e-06,3.241658e-06,3.091661e-06,7.095829e-06,3.733325e-06,7.441664e-06,6.729166e-06,5.891665e-06,6.399997e-06,6.787499e-06,7.804163e-06,7.258328e-06,7.024995e-06,4.716659e-06,7.379158e-06,6.491661e-06
7,547,472.988,1.206,3.633332e-06,3.229165e-06,3.029164e-06,7.016659e-06,3.783329e-06,7.354164e-06,6.716665e-06,5.866663e-06,6.374995e-06,6.787499e-06,7.74583e-06,7.233326e-06,6.933331e-06,4.674999e-06,7.299996e-06,6.433328e-06
7,548,473.147,1.204,3.662499e-06,3.241658e-06,3.091661e-06,7.079164e-06,3.737497e-06,7.387495e-06,6.704164e-06,5.849997e-06,6.370831e-06,6.774998e-06,7.687497e-06,7.174993e-06,6.916666e-06,4.616666e-06,7.329162e-06,6.424999e-06
7,549,473.307,1.202,3.62916e-06,3.233329e-06,3.07916e-06,7.024995e-06,3.724996e-06,7.337499e-06,6.679161e-06,5.849997e-06,6.320826e-06,6.741659e-06,7.683333e-06,7.145826e-06,6.879163e-06,4.612494e-06,7.308332e-06,6.320826e-06
7,550,473.467,1.2,3.591665e-06,3.199998e-06,3.045829e-06,6.987492e-06,3.712495e-06,7.333326e-06,6.629165e-06,5.770826e-06,6.220826e-06,6.687498e-06,7.629164e-06,7.129161e-06,6.845832e-06,4.570826e-06,7.249999e-06,6.333327e-06
7,551,473.627,1.198,3.616659e-06,3.245831e-06,3.041665e-06,6.949997e-06,3.674992e-06,7.30416e-06,6.595826e-06,5.787492e-06,6.229162e-06,6.66666e-06,7.608326e-06,7.062499e-06,6.808329e-06,4.516665e-06,7.19583e-06,6.212497e-06
7,552,473.787,1.196,3.583328e-06,3.208327e-06,3.020827e-06,6.824994e-06,3.69583e-06,7.258328e-06,6.574996e-06,5.716666e-06,6.216661e-06,6.658332e-06,7.537492e-06,7.054162e-06,6.787499e-06,4.487499e-06,7.11666e-06,6.208332e-06
7,553,473.946,1.194,3.574999e-06,3.208327e-06,3.024999e-06,6.866662e-06,3.662499e-06,7.220833e-06,6.537493e-06,5.716666e-06,6.20416e-06,6.595826e-06,7.549993e-06,7.016659e-06,6.649995e-06,4.404164e-06,7.141662e-06,6.220826e-06
7,554,474.106,1.192,3.537496e-06,3.216664e-06,3.045829e-06,6.812493e-06,3.658326e-06,7.141662e-06,6.516663e-06,5.666661e-06,6.133326e-06,6.558331e-06,7.495833e-06,6.979164e-06,6.716665e-06,4.445831e-06,7.095829e-06,6.179166e-06
7,555,474.266,1.19,3.554161e-06,3.208327e-06,3.020827e-06,6.845832e-06,3.637497e-06,7.145826e-06,6.512499e-06,5.63333e-06,6.137498e-06,6.47916e-06,7.412497e-06,6.962498e-06,6.670833e-06,4.424993e-06,7.074992e-06,6.141663e-06
7,556,474.426,1.188,3.545833e-06,3.183325e-06,3.045829e-06,6.729166e-06,3.620831e-06,7.083328e-06,6.416662e-06,5.641659e-06,6.058327e-06,6.499998e-06,7.408333e-06,6.883327e-06,6.624993e-06,4.358331e-06,7.045825e-06,6.112496e-06
7,557,474.586,1.186,3.533332e-06,3.204163e-06,3.037492e-06,6.766661e-06,3.641661e-06,7.099994e-06,6.491661e-06,5.608328e-06,6.070828e-06,6.495825e-06,7.416661e-06,6.945832e-06,6.604163e-06,4.316664e-06,6.991665e-06,6.049999e-06
7,558,474.746,1.184,3.512494e-06,3.162495e-06,2.979159e-06,6.645831e-06,3.60833e-06,7.066663e-06,6.412498e-06,5.574997e-06,5.991666e-06,6.449994e-06,7.37083e-06,6.829158e-06,6.529164e-06,4.312499e-06,6.995829e-06,6.062492e-06
7,559,474.905,1.182,3.512494e-06,3.179161e-06,3.054166e-06,6.695827e-06,3.587492e-06,7.004166e-06,6.39166e-06,5.558332e-06,5.962499e-06,6.433328e-06,7.312497e-06,6.845832e-06,6.54583e-06,4.270832e-06,6.954161e-06,6.012495e-06
7,560,475.065,1.18,3.529159e-06,3.16666e-06,3.033328e-06,6.670833e-06,3.583328e-06,7.016659e-06,6.341664e-06,5.524993e-06,5.958327e-06,6.383332e-06,7.299996e-06,6.762496e-06,6.508326e-06,4.241665e-06,6.916666e-06,5.970828e-06
7,561,475.225,1.178,3.491664e-06,3.16666e-06,3.016663e-06,6.654159e-06,3.595829e-06,6.983328e-06,6.39166e-06,5.545831e-06,5.920831e-06,6.387496e-06,7.254163e-06,6.783327e-06,6.491661e-06,4.195825e-06,6.891664e-06,5.970828e-06
7,562,475.385,1.176,3.499993e-06,3.187497e-06,3.020827e-06,6.616664e-06,3.570827e-06,6.899993e-06,6.395833e-06,5.483325e-06,5.920831e-06,6.349993e-06,7.199995e-06,6.749995e-06,6.449994e-06,4.166659e-06,6.833331e-06,5.90833e-06
7,563,475.545,1.174,3.504165e-06,3.149994e-06,2.995825e-06,6.595826e-06,3.579164e-06,6.954161e-06,6.358329e-06,5.46666e-06,5.891665e-06,6.295832e-06,7.208331e-06,6.704164e-06,6.412498e-06,4.124999e-06,6.824994e-06,5.933332e-06
7,564,475.704,1.172,3.437495e-06,3.170832e-06,2.987496e-06,6.549994e-06,3.566662e-06,6.870826e-06,6.333327e-06,5.458331e-06,5.845833e-06,6.304161e-06,7.1625e-06,6.716665e-06,6.39166e-06,4.087496e-06,6.787499e-06,5.858326e-06
7,565,475.864,1.17,3.499993e-06,3.137493e-06,3.004161e-06,6.512499e-06,3.529159e-06,6.862497e-06,6.308325e-06,5.404162e-06,5.824995e-06,6.249992e-06,7.137497e-06,6.708328e-06,6.333327e-06,4.058329e-06,6.741659e-06,5.845833e-06
7,566,476.024,1.168,3.449996e-06,3.158331e-06,3.016663e-06,6.487497e-06,3.52083e-06,6.816666e-06,6.308325e-06,5.383333e-06,5.779163e-06,6.254164e-06,7.095829e-06,6.66666e-06,6.312498e-06,4.00416e-06,6.708328e-06,5.812494e-06
7,567,476.184,1.166,3.474998e-06,3.124992e-06,2.974995e-06,6.504162e-06,3.516658e-06,6.82083e-06,6.316662e-06,5.354166e-06,5.770826e-06,6.220826e-06,7.074992e-06,6.637494e-06,6.27083e-06,3.991659e-06,6.699999e-06,5.812494e-06
7,568,476.344,1.164,3.495828e-06,3.116663e-06,2.966658e-06,6.433328e-06,3.499993e-06,6.783327e-06,6.274994e-06,5.324991e-06,5.749996e-06,6.208332e-06,7.066663e-06,6.604163e-06,6.279159e-06,3.949992e-06,6.654159e-06,5.766662e-06
7,569,476.503,1.162,3.437495e-06,3.158331e-06,2.966658e-06,6.424999e-06,3.491664e-06,6.758332e-06,6.312498e-06,5.329164e-06,5.754161e-06,6.174993e-06,6.983328e-06,6.612492e-06,6.229162e-06,3.954164e-06,6.658332e-06,5.74166e-06
7,570,476.663,1.16,3.458325e-06,3.116663e-06,2.979159e-06,6.412498e-06,3.487492e-06,6.758332e-06,6.316662e-06,5.324991e-06,5.683327e-06,6.070828e-06,7.004166e-06,6.587497e-06,6.212497e-06,3.912497e-06,6.574996e-06,5.729159e-06
7,571,476.823,1.158,3.44166e-06,3.112499e-06,2.974995e-06,6.370831e-06,3.508329e-06,6.749995e-06,6.287495e-06,5.274995e-06,5.662497e-06,6.062492e-06,6.870826e-06,6.570832e-06,6.174993e-06,3.874993e-06,6.579161e-06,5.699992e-06
7,572,476.983,1.156,3.44166e-06,3.116663e-06,2.95833e-06,6.329163e-06,3.491664e-06,6.683326e-06,6.324999e-06,5.262494e-06,5.670825e-06,6.066664e-06,6.945832e-06,6.562495e-06,6.141663e-06,3.849999e-06,6.516663e-06,5.695828e-06
7,573,477.143,1.154,3.44166e-06,3.112499e-06,2.945828e-06,6.316662e-06,3.408329e-06,6.612492e-06,6.229162e-06,5.249993e-06,5.591663e-06,6.020832e-06,6.912494e-06,6.56666e-06,6.141663e-06,3.804159e-06,6.504162e-06,5.645832e-06
7,574,477.303,1.152,3.383326e-06,3.070831e-06,2.937492e-06,6.287495e-06,3.479163e-06,6.66666e-06,6.345828e-06,5.237492e-06,5.604164e-06,6.004159e-06,6.879163e-06,6.541665e-06,6.041662e-06,3.799995e-06,6.404161e-06,5.608328e-06
7,575,477.462,1.15,3.42083e-06,3.095826e-06,2.962494e-06,6.249992e-06,3.429159e-06,6.612492e-06,6.295832e-06,5.220827e-06,5.608328e-06,5.99583e-06,6.883327e-06,6.529164e-06,5.99583e-06,3.758327e-06,6.462495e-06,5.604164e-06
7,576,477.622,1.148,3.366661e-06,3.049993e-06,2.920826e-06,6.199996e-06,3.445832e-06,6.608327e-06,6.299997e-06,5.158329e-06,5.55416e-06,5.945826e-06,6.779162e-06,6.541665e-06,6.008331e-06,3.724996e-06,6.429163e-06,5.604164e-06
7,577,477.782,1.146,3.416665e-06,3.104162e-06,2.941664e-06,6.216661e-06,3.424994e-06,6.595826e-06,6.312498e-06,5.17083e-06,5.579162e-06,5.945826e-06,6.808329e-06,6.487497e-06,6.004159e-06,3.720832e-06,6.341664e-06,5.604164e-06
7,578,477.942,1.144,3.408329e-06,3.062495e-06,2.929163e-06,6.170829e-06,3.383326e-06,6.56666e-06,6.341664e-06,5.174994e-06,5.53333e-06,5.924996e-06,6.766661e-06,6.512499e-06,6.01666e-06,3.674992e-06,6.366666e-06,5.541659e-06
7,579,478.102,1.142,3.404164e-06,3.083332e-06,2.933327e-06,6.195831e-06,3.358332e-06,6.579161e-06,6.374995e-06,5.112497e-06,5.529165e-06,5.904166e-06,6.791663e-06,6.499998e-06,5.966663e-06,3.670827e-06,6.320826e-06,5.545831e-06
7,580,478.261,1.14,3.44166e-06,3.041665e-06,2.949993e-06,6.145827e-06,3.424994e-06,6.579161e-06,6.370831e-06,5.158329e-06,5.524993e-06,5.920831e-06,6.787499e-06,6.470831e-06,5.945826e-06,3.624996e-06,6.358329e-06,5.558332e-06
7,581,478.421,1.138,3.370825e-06,3.083332e-06,2.916662e-06,6.141663e-06,3.429159e-06,6.520828e-06,6.395833e-06,5.120826e-06,5.474997e-06,5.845833e-06,6.73333e-06,6.491661e-06,5.933332e-06,3.612495e-06,6.312498e-06,5.520828e-06
7,582,478.581,1.136,3.42083e-06,3.020827e-06,2.924999e-06,6.099995e-06,3.404164e-06,6.516663e-06,6.404161e-06,5.095832e-06,5.474997e-06,5.849997e-06,6.73333e-06,6.495825e-06,5.916659e-06,3.595829e-06,6.287495e-06,5.545831e-06
7,583,478.741,1.134,3.320829e-06,3.074996e-06,2.924999e-06,6.09583e-06,3.412493e-06,6.487497e-06,6.349993e-06,5.058328e-06,5.462496e-06,5.837496e-06,6.683326e-06,6.466659e-06,5.899994e-06,3.529159e-06,6.249992e-06,5.508327e-06
7,584,478.901,1.132,3.362497e-06,3.024999e-06,2.887495e-06,6.066664e-06,3.395828e-06,6.495825e-06,6.404161e-06,5.058328e-06,5.470832e-06,5.795829e-06,6.679161e-06,6.424999e-06,5.858326e-06,3.562498e-06,6.229162e-06,5.491662e-06
7,585,479.061,1.13,3.391663e-06,3.024999e-06,2.883331e-06,6.033325e-06,3.379162e-06,6.483333e-06,6.437492e-06,5.079166e-06,5.404162e-06,5.80833e-06,6.612492e-06,6.429163e-06,5.824995e-06,3.454161e-06,6.208332e-06,5.462496e-06
7,586,479.22,1.128,3.35416e-06,3.049993e-06,2.87083e-06,6.01666e-06,3.374998e-06,6.462495e-06,6.454166e-06,5.004159e-06,5.44583e-06,5.774998e-06,6.624993e-06,6.387496e-06,5.820831e-06,3.516658e-06,6.20416e-06,5.479161e-06
7,587,479.38,1.126,3.404164e-06,3.020827e-06,2.879159e-06,6.004159e-06,3.362497e-06,6.504162e-06,6.454166e-06,5.008332e-06,5.441666e-06,5.724994e-06,6.587497e-06,6.45833e-06,5.829159e-06,3.474998e-06,6.149999e-06,5.470832e-06
7,588,479.54,1.124,3.362497e-06,3.041665e-06,2.841663e-06,5.941661e-06,3.329166e-06,6.433328e-06,6.487497e-06,4.995831e-06,5.449994e-06,5.74166e-06,6.620828e-06,6.466659e-06,5.812494e-06,3.449996e-06,6.149999e-06,5.462496e-06
7,589,479.7,1.122,3.370825e-06,3.008326e-06,2.883331e-06,5.970828e-06,3.329166e-06,6.383332e-06,6.45833e-06,5.012496e-06,5.429165e-06,5.691663e-06,6.587497e-06,6.445829e-06,5.812494e-06,3.433331e-06,6.116661e-06,5.495826e-06
7,590,479.86,1.12,3.35416e-06,2.929163e-06,2.862493e-06,5.933332e-06,3.341659e-06,6.404161e-06,6.529164e-06,4.999995e-06,5.412499e-06,5.695828e-06,6.591662e-06,6.491661e-06,5.749996e-06,3.42083e-06,6.108331e-06,5.462496e-06
7,591,480.019,1.118,3.245831e-06,3.012498e-06,2.845828e-06,5.870827e-06,3.308328e-06,6.429163e-06,6.587497e-06,4.949999e-06,5.408327e-06,5.666661e-06,6.520828e-06,6.449994e-06,5.737495e-06,3.424994e-06,6.116661e-06,5.479161e-06
7,592,480.179,1.116,3.362497e-06,2.999997e-06,2.866665e-06,5.866663e-06,3.329166e-06,6.449994e-06,6.558331e-06,4.937498e-06,5.37916e-06,5.649996e-06,6.537493e-06,6.441664e-06,5.716666e-06,3.391663e-06,6.074993e-06,5.46666e-06
7,593,480.339,1.114,3.316665e-06,2.987496e-06,2.78333e-06,5.874999e-06,3.299999e-06,6.412498e-06,6.612492e-06,4.883329e-06,5.387497e-06,5.595827e-06,6.504162e-06,6.454166e-06,5.691663e-06,3.374998e-06,6.087494e-06,5.44583e-06
7,594,480.499,1.112,3.337494e-06,2.987496e-06,2.816661e-06,5.854161e-06,3.308328e-06,6.341664e-06,6.541665e-06,4.924997e-06,5.424992e-06,5.620829e-06,6.516663e-06,6.47916e-06,5.74166e-06,3.366661e-06,6.045826e-06,5.499999e-06
7,595,480.659,1.11,3.291663e-06,2.974995e-06,2.833327e-06,5.837496e-06,3.316665e-06,6.404161e-06,6.645831e-06,4.920832e-06,5.383333e-06,5.608328e-06,6.466659e-06,6.454166e-06,5.699992e-06,3.33333e-06,6.041662e-06,5.483325e-06
7,596,480.818,1.108,3.320829e-06,2.974995e-06,2.799996e-06,5.833332e-06,3.341659e-06,6.437492e-06,6.691662e-06,4.91666e-06,5.424992e-06,5.595827e-06,6.47916e-06,6.445829e-06,5.620829e-06,3.291663e-06,6.029161e-06,5.437493e-06
7,597,480.978,1.106,3.349996e-06,2.979159e-06,2.833327e-06,5.837496e-06,3.366661e-06,6.454166e-06,6.695827e-06,4.920832e-06,5.391661e-06,5.545831e-06,6.47916e-06,6.408326e-06,5.712493e-06,3.316665e-06,6.045826e-06,5.474997e-06
7,598,481.138,1.104,3.316665e-06,2.995825e-06,2.816661e-06,5.816658e-06,3.341659e-06,6.420827e-06,6.704164e-06,4.891666e-06,5.420828e-06,5.570825e-06,6.487497e-06,6.499998e-06,5.658333e-06,3.287498e-06,6.012495e-06,5.491662e-06
7,599,481.298,1.102,3.329166e-06,2.954165e-06,2.837499e-06,5.783327e-06,3.312492e-06,6.399997e-06,6.712492e-06,4.824996e-06,5.437493e-06,5.53333e-06,6.445829e-06,6.487497e-06,5.670825e-06,3.304164e-06,5.979165e-06,5.512492e-06
7,600,481.458,1.1,3.312492e-06,2.983332e-06,2.80416e-06,5.779163e-06,3.33333e-06,6.424999e-06,6.791663e-06,4.891666e-06,5.416663e-06,5.558332e-06,6.445829e-06,6.499998e-06,5.662497e-06,3.283326e-06,5.966663e-06,5.512492e-06
7,601,481.618,1.098,3.249995e-06,2.949993e-06,2.829162e-06,5.80833e-06,3.283326e-06,6.445829e-06,6.791663e-06,4.854162e-06,5.441666e-06,5.470832e-06,6.437492e-06,6.516663e-06,5.645832e-06,3.216664e-06,5.983329e-06,5.549995e-06
7,602,481.777,1.096,3.33333e-06,2.908325e-06,2.858329e-06,5.774998e-06,3.349996e-06,6.441664e-06,6.849996e-06,4.879165e-06,5.416663e-06,5.55416e-06,6.416662e-06,6.516663e-06,5.616665e-06,3.237494e-06,5.970828e-06,5.55416e-06
7,603,481.937,1.094,3.320829e-06,2.970831e-06,2.816661e-06,5.758325e-06,3.316665e-06,6.45833e-06,6.904165e-06,4.849998e-06,5.458331e-06,5.53333e-06,6.379159e-06,6.495825e-06,5.658333e-06,3.299999e-06,5.962499e-06,5.566661e-06
7,604,482.097,1.092,3.349996e-06,2.966658e-06,2.816661e-06,5.774998e-06,3.358332e-06,6.483333e-06,6.870826e-06,4.862499e-06,5.416663e-06,5.495826e-06,6.454166e-06,6.520828e-06,5.658333e-06,3.262496e-06,5.966663e-06,5.55416e-06
7,605,482.257,1.09,3.366661e-06,2.949993e-06,2.799996e-06,5.745832e-06,3.33333e-06,6.420827e-06,6.94166e-06,4.82916e-06,5.420828e-06,5.499999e-06,6.404161e-06,6.558331e-06,5.662497e-06,3.26666e-06,5.933332e-06,5.55416e-06
7,606,482.417,1.088,3.366661e-06,2.854164e-06,2.787495e-06,5.733331e-06,3.329166e-06,6.441664e-06,6.924995e-06,4.837497e-06,5.454159e-06,5.462496e-06,6.404161e-06,6.537493e-06,5.683327e-06,3.258332e-06,5.874999e-06,5.616665e-06
7,607,482.576,1.086,3.345831e-06,2.954165e-06,2.779166e-06,5.733331e-06,3.324993e-06,6.449994e-06,6.974999e-06,4.845826e-06,5.449994e-06,5.474997e-06,6.395833e-06,6.533329e-06,5.649996e-06,3.141666e-06,5.954162e-06,5.608328e-06
7,608,482.736,1.084,3.337494e-06,2.95833e-06,2.799996e-06,5.749996e-06,3.324993e-06,6.47916e-06,6.974999e-06,4.804158e-06,5.458331e-06,5.420828e-06,6.387496e-06,6.599998e-06,5.637495e-06,3.283326e-06,5.904166e-06,5.612493e-06
7,609,482.896,1.082,3.324993e-06,2.899996e-06,2.795831e-06,5.687499e-06,3.324993e-06,6.466659e-06,6.974999e-06,4.762499e-06,5.408327e-06,5.474997e-06,6.383332e-06,6.570832e-06,5.666661e-06,3.245831e-06,5.891665e-06,5.624994e-06
7,610,483.056,1.08,3.324993e-06,2.89166e-06,2.774994e-06,5.724994e-06,3.337494e-06,6.474996e-06,7.016659e-06,4.720831e-06,5.491662e-06,5.458331e-06,6.395833e-06,6.620828e-06,5.670825e-06,3.237494e-06,5.90833e-06,5.608328e-06
7,611,483.216,1.078,3.370825e-06,2.87083e-06,2.741663e-06,5.708329e-06,3.270833e-06,6.512499e-06,7.074992e-06,4.812495e-06,5.512492e-06,5.458331e-06,6.420827e-06,6.624993e-06,5.691663e-06,3.274997e-06,5.870827e-06,5.65416e-06
7,612,483.375,1.076,3.320829e-06,2.929163e-06,2.774994e-06,5.704164e-06,3.33333e-06,6.495825e-06,7.091665e-06,4.804158e-06,5.516664e-06,5.483325e-06,6.412498e-06,6.649995e-06,5.674998e-06,3.249995e-06,5.920831e-06,5.641659e-06
7,613,483.535,1.074,3.341659e-06,2.887495e-06,2.770829e-06,5.695828e-06,3.337494e-06,6.504162e-06,7.108331e-06,4.833333e-06,5.537494e-06,5.441666e-06,6.429163e-06,6.654159e-06,5.587498e-06,3.279162e-06,5.899994e-06,5.683327e-06
7,614,483.695,1.072,3.308328e-06,2.912498e-06,2.78333e-06,5.666661e-06,3.345831e-06,6.533329e-06,7.145826e-06,4.791665e-06,5.53333e-06,5.387497e-06,6.383332e-06,6.620828e-06,5.704164e-06,3.258332e-06,5.891665e-06,5.695828e-06
7,615,483.855,1.07,3.316665e-06,2.908325e-06,2.758328e-06,5.695828e-06,3.295827e-06,6.524992e-06,7.199995e-06,4.812495e-06,5.579162e-06,5.479161e-06,6.358329e-06,6.66666e-06,5.683327e-06,3.279162e-06,5.879164e-06,5.695828e-06
7,616,484.015,1.068,3.345831e-06,2.879159e-06,2.762492e-06,5.662497e-06,3.316665e-06,6.587497e-06,7.204159e-06,4.816659e-06,5.562496e-06,5.420828e-06,6.39166e-06,6.691662e-06,5.729159e-06,3.291663e-06,5.870827e-06,5.666661e-06
7,617,484.175,1.066,3.337494e-06,2.866665e-06,2.704159e-06,5.595827e-06,3.370825e-06,6.554159e-06,7.233326e-06,4.804158e-06,5.587498e-06,5.458331e-06,6.404161e-06,6.729166e-06,5.724994e-06,3.187497e-06,5.90833e-06,5.699992e-06
7,618,484.334,1.064,3.324993e-06,2.899996e-06,2.749991e-06,5.695828e-06,3.299999e-06,6.554159e-06,7.258328e-06,4.804158e-06,5.587498e-06,5.416663e-06,6.416662e-06,6.649995e-06,5.687499e-06,3.316665e-06,5.874999e-06,5.758325e-06
7,619,484.494,1.062,3.33333e-06,2.879159e-06,2.745827e-06,5.65416e-06,3.33333e-06,6.579161e-06,7.28333e-06,4.79583e-06,5.566661e-06,5.35833e-06,6.39166e-06,6.73333e-06,5.729159e-06,3.291663e-06,5.904166e-06,5.758325e-06
7,620,484.654,1.06,3.33333e-06,2.899996e-06,2.737498e-06,5.683327e-06,3.320829e-06,6.579161e-06,7.308332e-06,4.733332e-06,5.641659e-06,5.454159e-06,6.399997e-06,6.783327e-06,5.704164e-06,3.324993e-06,5.895829e-06,5.791664e-06
7,621,484.814,1.058,3.35416e-06,2.887495e-06,2.749991e-06,5.637495e-06,3.329166e-06,6.599998e-06,7.208331e-06,4.820832e-06,5.641659e-06,5.441666e-06,6.441664e-06,6.799992e-06,5.762497e-06,3.324993e-06,5.895829e-06,5.799993e-06
7,622,484.974,1.056,3.312492e-06,2.87083e-06,2.71666e-06,5.658333e-06,3.337494e-06,6.595826e-06,7.383331e-06,4.783328e-06,5.674998e-06,5.437493e-06,6.420827e-06,6.804164e-06,5.704164e-06,3.291663e-06,5.883328e-06,5.724994e-06
7,623,485.133,1.054,3.35416e-06,2.791659e-06,2.658328e-06,5.695828e-06,3.329166e-06,6.637494e-06,7.366665e-06,4.808331e-06,5.695828e-06,5.387497e-06,6.408326e-06,6.804164e-06,5.804165e-06,3.362497e-06,5.920831e-06,5.862498e-06
7,624,485.293,1.052,3.299999e-06,2.837499e-06,2.699995e-06,5.658333e-06,3.320829e-06,6.620828e-06,7.40416e-06,4.783328e-06,5.683327e-06,5.454159e-06,6.449994e-06,6.791663e-06,5.749996e-06,3.370825e-06,5.916659e-06,5.791664e-06
7,625,485.453,1.05,3.345831e-06,2.816661e-06,2.68333e-06,5.695828e-06,3.324993e-06,6.637494e-06,7.391659e-06,4.791665e-06,5.666661e-06,5.441666e-06,6.470831e-06,6.866662e-06,5.804165e-06,3.345831e-06,5.916659e-06,5.883328e-06
7,626,485.613,1.048,3.324993e-06,2.845828e-06,2.724997e-06,5.699992e-06,3.320829e-06,6.662496e-06,7.429162e-06,4.849998e-06,5.729159e-06,5.458331e-06,6.466659e-06,6.879163e-06,5.829159e-06,3.379162e-06,5.887493e-06,5.887493e-06
7,627,485.773,1.046,3.337494e-06,2.862493e-06,2.674993e-06,5.712493e-06,3.312492e-06,6.708328e-06,7.483332e-06,4.812495e-06,5.770826e-06,5.458331e-06,6.483333e-06,6.895828e-06,5.820831e-06,3.412493e-06,5.924996e-06,5.90833e-06
7,628,485.932,1.044,3.320829e-06,2.779166e-06,2.68333e-06,5.699992e-06,3.279162e-06,6.704164e-06,7.454165e-06,4.808331e-06,5.799993e-06,5.474997e-06,6.504162e-06,6.866662e-06,5.849997e-06,3.44166e-06,5.949998e-06,5.92916e-06
7,629,486.092,1.042,3.308328e-06,2.791659e-06,2.679165e-06,5.72083e-06,3.320829e-06,6.712492e-06,7.545829e-06,4.820832e-06,5.799993e-06,5.470832e-06,6.495825e-06,6.966663e-06,5.849997e-06,3.462497e-06,5.970828e-06,5.92916e-06
7,630,486.252,1.04,3.312492e-06,2.812497e-06,2.674993e-06,5.733331e-06,3.316665e-06,6.749995e-06,7.545829e-06,4.766663e-06,5.824995e-06,5.474997e-06,6.537493e-06,6.987492e-06,5.895829e-06,3.466662e-06,5.958327e-06,5.979165e-06
7,631,486.412,1.038,3.295827e-06,2.820826e-06,2.674993e-06,5.708329e-06,3.345831e-06,6.741659e-06,7.55833e-06,4.841661e-06,5.854161e-06,5.524993e-06,6.508326e-06,6.974999e-06,5.912495e-06,3.466662e-06,5.991666e-06,5.945826e-06
7,632,486.572,1.036,3.316665e-06,2.816661e-06,2.699995e-06,5.674998e-06,3.324993e-06,6.783327e-06,7.529163e-06,4.804158e-06,5.874999e-06,5.487498e-06,6.558331e-06,6.999993e-06,5.90833e-06,3.508329e-06,5.983329e-06,5.99583e-06
7,633,486.732,1.034,3.324993e-06,2.779166e-06,2.695831e-06,5.762497e-06,3.299999e-06,6.824994e-06,7.587496e-06,4.816659e-06,5.883328e-06,5.524993e-06,6.512499e-06,6.983328e-06,5.916659e-06,3.445832e-06,5.92916e-06,6.012495e-06
7,634,486.891,1.032,3.324993e-06,2.80416e-06,2.637498e-06,5.758325e-06,3.312492e-06,6.812493e-06,7.658331e-06,4.82916e-06,5.904166e-06,5.53333e-06,6.54583e-06,7.045825e-06,5.979165e-06,3.574999e-06,6.029161e-06,6.054163e-06
7,635,487.051,1.03,3.308328e-06,2.787495e-06,2.654163e-06,5.779163e-06,3.316665e-06,6.849996e-06,7.662495e-06,4.849998e-06,5.949998e-06,5.462496e-06,6.612492e-06,7.087493e-06,5.949998e-06,3.554161e-06,6.033325e-06,6.062492e-06
7,636,487.211,1.028,3.316665e-06,2.812497e-06,2.674993e-06,5.804165e-06,3.345831e-06,6.895828e-06,7.666659e-06,4.870828e-06,5.874999e-06,5.55416e-06,6.624993e-06,7.091665e-06,5.999994e-06,3.591665e-06,6.037497e-06,6.066664e-06
7,637,487.371,1.026,3.337494e-06,2.799996e-06,2.654163e-06,5.80833e-06,3.320829e-06,6.8875e-06,7.620828e-06,4.849998e-06,6.008331e-06,5.570825e-06,6.645831e-06,7.104159e-06,6.037497e-06,3.616659e-06,6.062492e-06,6.099995e-06
7,638,487.531,1.024,3.349996e-06,2.779166e-06,2.670829e-06,5.812494e-06,3.329166e-06,6.895828e-06,7.724992e-06,4.887494e-06,5.987493e-06,5.558332e-06,6.63333e-06,7.095829e-06,6.045826e-06,3.641661e-06,6.070828e-06,6.062492e-06
7,639,487.69,1.022,3.295827e-06,2.78333e-06,2.537497e-06,5.84166e-06,3.362497e-06,6.949997e-06,7.754159e-06,4.908331e-06,6.020832e-06,5.612493e-06,6.662496e-06,7.149999e-06,6.037497e-06,3.658326e-06,6.079165e-06,6.112496e-06
7,640,487.85,1.02,3.358332e-06,2.766665e-06,2.666664e-06,5.816658e-06,3.337494e-06,6.974999e-06,7.737493e-06,4.908331e-06,6.041662e-06,5.599999e-06,6.712492e-06,7.154163e-06,6.108331e-06,3.666663e-06,6.083329e-06,6.149999e-06
7,641,488.01,1.018,3.35416e-06,2.787495e-06,2.620832e-06,5.862498e-06,3.358332e-06,7.004166e-06,7.804163e-06,4.89583e-06,6.058327e-06,5.629166e-06,6.695827e-06,7.21666e-06,6.083329e-06,3.712495e-06,6.116661e-06,6.158328e-06
7,642,488.17,1.016,3.370825e-06,2.745827e-06,2.662492e-06,5.899994e-06,3.304164e-06,7.024995e-06,7.787497e-06,4.91666e-06,6.091658e-06,5.620829e-06,6.745831e-06,7.149999e-06,6.124997e-06,3.754163e-06,6.154164e-06,6.191659e-06
7,643,488.33,1.014,3.370825e-06,2.779166e-06,2.620832e-06,5.879164e-06,3.320829e-06,7.037497e-06,7.83333e-06,4.933325e-06,6.09583e-06,5.641659e-06,6.73333e-06,7.262492e-06,6.141663e-06,3.774993e-06,6.18333e-06,6.224998e-06
7,644,488.489,1.012,3.345831e-06,2.787495e-06,2.620832e-06,5.941661e-06,3.341659e-06,7.02916e-06,7.829165e-06,4.929161e-06,6.124997e-06,5.662497e-06,6.737494e-06,7.258328e-06,6.162492e-06,3.79583e-06,6.166665e-06,6.224998e-06
7,645,488.649,1.01,3.35416e-06,2.754164e-06,2.629161e-06,5.916659e-06,3.329166e-06,7.074992e-06,7.845831e-06,4.945827e-06,6.129162e-06,5.679162e-06,6.749995e-06,7.199995e-06,6.195831e-06,3.837498e-06,6.220826e-06,6.245828e-06
7,646,488.809,1.008,3.349996e-06,2.758328e-06,2.59583e-06,5.895829e-06,3.33333e-06,7.079164e-06,7.887498e-06,4.891666e-06,6.174993e-06,5.695828e-06,6.745831e-06,7.30416e-06,6.229162e-06,3.824997e-06,6.208332e-06,6.283331e-06
7,647,488.969,1.006,3.366661e-06,2.729162e-06,2.612495e-06,5.966663e-06,3.316665e-06,7.095829e-06,7.862496e-06,4.974993e-06,6.18333e-06,5.699992e-06,6.833331e-06,7.287495e-06,6.266665e-06,3.849999e-06,6.254164e-06,6.299997e-06
7,648,489.129,1.004,3.35416e-06,2.762492e-06,2.604159e-06,5.958327e-06,3.35416e-06,7.112495e-06,7.929166e-06,4.962492e-06,6.224998e-06,5.74166e-06,6.816666e-06,7.349992e-06,6.245828e-06,3.887495e-06,6.29166e-06,6.304161e-06
7,649,489.289,1.002,3.33333e-06,2.745827e-06,2.570828e-06,6.01666e-06,3.337494e-06,7.145826e-06,7.974998e-06,4.991658e-06,6.266665e-06,5.749996e-06,6.924995e-06,7.387495e-06,6.287495e-06,3.929162e-06,6.295832e-06,6.354165e-06
7,650,489.448,1.0,3.35416e-06,2.737498e-06,2.620832e-06,6.012495e-06,3.362497e-06,7.179165e-06,7.924994e-06,4.98333e-06,6.283331e-06,5.795829e-06,6.912494e-06,7.291659e-06,6.333327e-06,3.854163e-06,6.274994e-06,6.366666e-06
7,651,489.608,0.998,3.35416e-06,2.699995e-06,2.612495e-06,6.070828e-06,3.370825e-06,7.208331e-06,7.954161e-06,4.962492e-06,6.29166e-06,5.72083e-06,6.916666e-06,7.408333e-06,6.320826e-06,3.987495e-06,6.333327e-06,6.370831e-06
7,652,489.768,0.996,3.379162e-06,2.712496e-06,2.599994e-06,6.070828e-06,3.349996e-06,7.245827e-06,7.970826e-06,5.024997e-06,6.312498e-06,5.795829e-06,6.962498e-06,7.454165e-06,6.308325e-06,4.016661e-06,6.358329e-06,6.399997e-06
7,653,489.928,0.994,3.324993e-06,2.670829e-06,2.587493e-06,6.041662e-06,3.304164e-06,7.170828e-06,8.033331e-06,5.024997e-06,6.345828e-06,5.816658e-06,6.949997e-06,7.462494e-06,6.383332e-06,4.029163e-06,6.387496e-06,6.399997e-06
7,654,490.088,0.992,3.391663e-06,2.733326e-06,2.52916e-06,6.120833e-06,3.349996e-06,7.266664e-06,8.033331e-06,5.037498e-06,6.362494e-06,5.816658e-06,6.962498e-06,7.433327e-06,6.395833e-06,4.070831e-06,6.337492e-06,6.420827e-06
7,655,490.247,0.99,3.374998e-06,2.699995e-06,2.491665e-06,6.104159e-06,3.370825e-06,7.308332e-06,8.02083e-06,5.024997e-06,6.366666e-06,5.870827e-06,6.999993e-06,7.474995e-06,6.395833e-06,4.095833e-06,6.433328e-06,6.445829e-06
7,656,490.407,0.988,3.349996e-06,2.662492e-06,2.537497e-06,6.158328e-06,3.358332e-06,7.333326e-06,8.066662e-06,5.058328e-06,6.420827e-06,5.870827e-06,7.049998e-06,7.529163e-06,6.424999e-06,4.124999e-06,6.445829e-06,6.474996e-06
7,657,490.567,0.986,3.387499e-06,2.674993e-06,2.549998e-06,6.158328e-06,3.316665e-06,7.333326e-06,8.083328e-06,5.066665e-06,6.429163e-06,5.90833e-06,7.074992e-06,7.483332e-06,6.466659e-06,4.154166e-06,6.441664e-06,6.441664e-06
7,658,490.727,0.984,3.345831e-06,2.708332e-06,2.549998e-06,6.212497e-06,3.366661e-06,7.333326e-06,8.070827e-06,5.083331e-06,6.45833e-06,5.933332e-06,7.079164e-06,7.570831e-06,6.470831e-06,4.199997e-06,6.508326e-06,6.499998e-06
7,659,490.887,0.982,3.383326e-06,2.699995e-06,2.587493e-06,6.241663e-06,3.374998e-06,7.379158e-06,8.116658e-06,5.116661e-06,6.470831e-06,5.966663e-06,7.11666e-06,7.595825e-06,6.529164e-06,4.237493e-06,6.429163e-06,6.516663e-06
7,660,491.047,0.98,3.345831e-06,2.687494e-06,2.579164e-06,6.212497e-06,3.379162e-06,7.412497e-06,8.141661e-06,5.116661e-06,6.466659e-06,5.974992e-06,7.120832e-06,7.608326e-06,6.508326e-06,4.249994e-06,6.454166e-06,6.533329e-06
7,661,491.206,0.978,3.362497e-06,2.687494e-06,2.524996e-06,6.29166e-06,3.358332e-06,7.466666e-06,8.12916e-06,5.145828e-06,6.533329e-06,5.987493e-06,7.1625e-06,7.566658e-06,6.549994e-06,4.291662e-06,6.558331e-06,6.595826e-06
7,662,491.366,0.976,3.395828e-06,2.679165e-06,2.562499e-06,6.283331e-06,3.395828e-06,7.474995e-06,8.158326e-06,5.154165e-06,6.529164e-06,6.037497e-06,7.204159e-06,7.641665e-06,6.595826e-06,4.283325e-06,6.604163e-06,6.579161e-06
7,663,491.526,0.974,3.399992e-06,2.695831e-06,2.512495e-06,6.308325e-06,3.399992e-06,7.49166e-06,8.174999e-06,5.158329e-06,6.558331e-06,6.045826e-06,7.19583e-06,7.695826e-06,6.591662e-06,4.341666e-06,6.624993e-06,6.624993e-06
7,664,491.686,0.972,3.395828e-06,2.641662e-06,2.520831e-06,6.316662e-06,3.358332e-06,7.508326e-06,8.191665e-06,5.179159e-06,6.591662e-06,6.033325e-06,7.229161e-06,7.674996e-06,6.662496e-06,4.341666e-06,6.624993e-06,6.645831e-06
7,665,491.846,0.97,3.374998e-06,2.670829e-06,2.541661e-06,6.358329e-06,3.374998e-06,7.516662e-06,8.220832e-06,5.166666e-06,6.595826e-06,6.091658e-06,7.237498e-06,7.720828e-06,6.645831e-06,4.387498e-06,6.654159e-06,6.654159e-06
7,666,492.005,0.968,3.374998e-06,2.591666e-06,2.449997e-06,6.374995e-06,3.374998e-06,7.57916e-06,8.233333e-06,5.220827e-06,6.629165e-06,6.112496e-06,7.291659e-06,7.699999e-06,6.608327e-06,4.391662e-06,6.637494e-06,6.695827e-06
7,667,492.165,0.966,3.404164e-06,2.658328e-06,2.541661e-06,6.362494e-06,3.404164e-06,7.587496e-06,8.266664e-06,5.249993e-06,6.63333e-06,6.120833e-06,7.279165e-06,7.737493e-06,6.691662e-06,4.395827e-06,6.704164e-06,6.66666e-06
7,668,492.325,0.964,3.404164e-06,2.666664e-06,2.516659e-06,6.416662e-06,3.374998e-06,7.629164e-06,8.187492e-06,5.241664e-06,6.66666e-06,6.058327e-06,7.354164e-06,7.787497e-06,6.724993e-06,4.487499e-06,6.758332e-06,6.720829e-06
7,669,492.485,0.962,3.408329e-06,2.645826e-06,2.50833e-06,6.424999e-06,3.391663e-06,7.654166e-06,8.254163e-06,5.287496e-06,6.683326e-06,6.179166e-06,7.37083e-06,7.758331e-06,6.741659e-06,4.499992e-06,6.737494e-06,6.66666e-06
7,670,492.645,0.96,3.33333e-06,2.61666e-06,2.483328e-06,6.404161e-06,3.42083e-06,7.654166e-06,8.312496e-06,5.262494e-06,6.724993e-06,6.212497e-06,7.374994e-06,7.808328e-06,6.783327e-06,4.566662e-06,6.75416e-06,6.758332e-06
7,671,492.804,0.958,3.391663e-06,2.633325e-06,2.520831e-06,6.499998e-06,3.341659e-06,7.67916e-06,8.283329e-06,5.283332e-06,6.745831e-06,6.195831e-06,7.408333e-06,7.787497e-06,6.770825e-06,4.566662e-06,6.795828e-06,6.770825e-06
7,672,492.964,0.956,3.395828e-06,2.637498e-06,2.50833e-06,6.499998e-06,3.408329e-06,7.662495e-06,8.31666e-06,5.274995e-06,6.749995e-06,6.195831e-06,7.399996e-06,7.816664e-06,6.770825e-06,4.595828e-06,6.808329e-06,6.762496e-06
7,673,493.124,0.954,3.387499e-06,2.612495e-06,2.470827e-06,6.516663e-06,3.366661e-06,7.720828e-06,8.345826e-06,5.291661e-06,6.741659e-06,6.237499e-06,7.437499e-06,7.816664e-06,6.82083e-06,4.616666e-06,6.829158e-06,6.82083e-06
7,674,493.284,0.952,3.379162e-06,2.604159e-06,2.50833e-06,6.541665e-06,3.42083e-06,7.708327e-06,8.345826e-06,5.362495e-06,6.791663e-06,6.29166e-06,7.458329e-06,7.891663e-06,6.879163e-06,4.654161e-06,6.899993e-06,6.866662e-06
7,675,493.444,0.95,3.383326e-06,2.629161e-06,2.445825e-06,6.541665e-06,3.399992e-06,7.724992e-06,8.387494e-06,5.354166e-06,6.787499e-06,6.279159e-06,7.462494e-06,7.899992e-06,6.858325e-06,4.649997e-06,6.870826e-06,6.774998e-06
7,676,493.604,0.948,3.412493e-06,2.604159e-06,2.483328e-06,6.591662e-06,3.387499e-06,7.799999e-06,8.374993e-06,5.374996e-06,6.833331e-06,6.329163e-06,7.49166e-06,7.912493e-06,6.870826e-06,4.699993e-06,6.94166e-06,6.891664e-06
7,677,493.763,0.946,3.379162e-06,2.629161e-06,2.487493e-06,6.629165e-06,3.412493e-06,7.779161e-06,8.387494e-06,5.391661e-06,6.866662e-06,6.370831e-06,7.524999e-06,7.912493e-06,6.829158e-06,4.737497e-06,6.924995e-06,6.870826e-06
7,678,493.923,0.944,3.44166e-06,2.591666e-06,2.479164e-06,6.649995e-06,3.412493e-06,7.837494e-06,8.387494e-06,5.370831e-06,6.8875e-06,6.316662e-06,7.508326e-06,7.970826e-06,6.949997e-06,4.770827e-06,6.954161e-06,6.92083e-06
7,679,494.083,0.942,3.424994e-06,2.574992e-06,2.474992e-06,6.670833e-06,3.42083e-06,7.845831e-06,8.387494e-06,5.424992e-06,6.795828e-06,6.374995e-06,7.566658e-06,7.966662e-06,6.958326e-06,4.758326e-06,6.987492e-06,6.891664e-06
7,680,494.243,0.94,3.404164e-06,2.599994e-06,2.420831e-06,6.708328e-06,3.416665e-06,7.841659e-06,8.454163e-06,5.391661e-06,6.929159e-06,6.354165e-06,7.587496e-06,7.987499e-06,6.933331e-06,4.799994e-06,6.974999e-06,6.949997e-06
7,681,494.403,0.938,3.433331e-06,2.545826e-06,2.454162e-06,6.66666e-06,3.42083e-06,7.879162e-06,8.429161e-06,5.474997e-06,6.904165e-06,6.424999e-06,7.612498e-06,7.987499e-06,7.012494e-06,4.812495e-06,7.037497e-06,6.970827e-06
7,682,494.562,0.936,3.395828e-06,2.579164e-06,2.466663e-06,6.75416e-06,3.42083e-06,7.891663e-06,8.458328e-06,5.449994e-06,6.945832e-06,6.433328e-06,7.637493e-06,8.024995e-06,6.999993e-06,4.883329e-06,7.095829e-06,6.983328e-06
7,683,494.722,0.934,3.42083e-06,2.583329e-06,2.445825e-06,6.766661e-06,3.416665e-06,7.93333e-06,8.487495e-06,5.487498e-06,6.983328e-06,6.449994e-06,7.666659e-06,7.999993e-06,7.02916e-06,4.899995e-06,7.083328e-06,7.024995e-06
7,684,494.882,0.932,3.416665e-06,2.591666e-06,2.466663e-06,6.766661e-06,3.429159e-06,7.949996e-06,8.491659e-06,5.495826e-06,6.999993e-06,6.491661e-06,7.691661e-06,8.066662e-06,7.033332e-06,4.89583e-06,7.145826e-06,7.024995e-06
7,685,495.042,0.93,3.445832e-06,2.591666e-06,2.462498e-06,6.799992e-06,3.416665e-06,7.937495e-06,8.499996e-06,5.524993e-06,7.024995e-06,6.487497e-06,7.720828e-06,8.058326e-06,7.095829e-06,4.958328e-06,7.108331e-06,7.033332e-06
7,686,495.202,0.928,3.424994e-06,2.524996e-06,2.458326e-06,6.816666e-06,3.445832e-06,7.883326e-06,8.495832e-06,5.537494e-06,6.979164e-06,6.504162e-06,7.708327e-06,8.087492e-06,7.087493e-06,4.970829e-06,7.1625e-06,7.066663e-06
7,687,495.361,0.926,3.429159e-06,2.566663e-06,2.424995e-06,6.791663e-06,3.44166e-06,7.995828e-06,8.533327e-06,5.53333e-06,7.033332e-06,6.558331e-06,7.74583e-06,8.079163e-06,7.091665e-06,4.991658e-06,7.191666e-06,7.062499e-06
7,688,495.521,0.924,3.437495e-06,2.558327e-06,2.441661e-06,6.879163e-06,3.387499e-06,8.033331e-06,8.50416e-06,5.595827e-06,7.062499e-06,6.56666e-06,7.76666e-06,8.083328e-06,7.154163e-06,5.012496e-06,7.187494e-06,7.099994e-06
7,689,495.681,0.922,3.433331e-06,2.545826e-06,2.420831e-06,6.870826e-06,3.454161e-06,8.024995e-06,8.549992e-06,5.570825e-06,7.049998e-06,6.574996e-06,7.787497e-06,8.141661e-06,7.174993e-06,5.033326e-06,7.21666e-06,7.099994e-06
7,690,495.841,0.92,3.424994e-06,2.541661e-06,2.354161e-06,6.933331e-06,3.449996e-06,8.066662e-06,8.549992e-06,5.583326e-06,7.108331e-06,6.595826e-06,7.791662e-06,8.10833e-06,7.158327e-06,5.066665e-06,7.237498e-06,7.124996e-06
7,691,496.001,0.918,3.44166e-06,2.516659e-06,2.424995e-06,6.891664e-06,3.470826e-06,8.049997e-06,8.587495e-06,5.620829e-06,7.112495e-06,6.616664e-06,7.799999e-06,8.149997e-06,7.21666e-06,5.058328e-06,7.28333e-06,7.129161e-06
7,692,496.161,0.916,3.42083e-06,2.570828e-06,2.424995e-06,6.958326e-06,3.416665e-06,8.095829e-06,8.604161e-06,5.612493e-06,7.133333e-06,6.612492e-06,7.837494e-06,8.191665e-06,7.220833e-06,5.10416e-06,7.279165e-06,7.145826e-06
7,693,496.32,0.914,3.454161e-06,2.462498e-06,2.379163e-06,6.929159e-06,3.437495e-06,8.099993e-06,8.566665e-06,5.63333e-06,7.141662e-06,6.637494e-06,7.862496e-06,8.174999e-06,7.21666e-06,5.124998e-06,7.299996e-06,7.179165e-06
7,694,496.48,0.912,3.445832e-06,2.537497e-06,2.412494e-06,6.991665e-06,3.445832e-06,8.104165e-06,8.599996e-06,5.658333e-06,7.1625e-06,6.649995e-06,7.845831e-06,8.216659e-06,7.19583e-06,5.162493e-06,7.308332e-06,7.174993e-06
7,695,496.64,0.91,3.429159e-06,2.504166e-06,2.40833e-06,7.016659e-06,3.424994e-06,8.137496e-06,8.579159e-06,5.679162e-06,7.174993e-06,6.658332e-06,7.883326e-06,8.249998e-06,7.270829e-06,5.204161e-06,7.333326e-06,7.187494e-06
7,696,496.8,0.908,3.412493e-06,2.516659e-06,2.433332e-06,6.991665e-06,3.483327e-06,8.120831e-06,8.554164e-06,5.704164e-06,7.183329e-06,6.699999e-06,7.924994e-06,8.204166e-06,7.262492e-06,5.199997e-06,7.354164e-06,7.187494e-06
7,697,496.96,0.906,3.399992e-06,2.495829e-06,2.337496e-06,7.004166e-06,3.458325e-06,8.183329e-06,8.654165e-06,5.695828e-06,7.204159e-06,6.687498e-06,7.924994e-06,8.262499e-06,7.299996e-06,5.19166e-06,7.358328e-06,7.166664e-06
7,698,497.119,0.904,3.424994e-06,2.50833e-06,2.412494e-06,7.074992e-06,3.479163e-06,8.199993e-06,8.604161e-06,5.708329e-06,7.158327e-06,6.712492e-06,7.924994e-06,8.208331e-06,7.241662e-06,5.216662e-06,7.37083e-06,7.21666e-06
7,699,497.279,0.902,3.429159e-06,2.499994e-06,2.387492e-06,7.095829e-06,3.445832e-06,8.19583e-06,8.662494e-06,5.687499e-06,7.229161e-06,6.73333e-06,7.924994e-06,8.283329e-06,7.324998e-06,5.270831e-06,7.399996e-06,7.258328e-06
7,700,497.439,0.9,3.458325e-06,2.487493e-06,2.32083e-06,7.087493e-06,3.466662e-06,8.216659e-06,8.649993e-06,5.74166e-06,7.258328e-06,6.75416e-06,7.949996e-06,8.279165e-06,7.354164e-06,5.274995e-06,7.416661e-06,7.316661e-06
7,701,497.599,0.898,3.429159e-06,2.516659e-06,2.416658e-06,7.112495e-06,3.491664e-06,8.241662e-06,8.670831e-06,5.695828e-06,7.241662e-06,6.745831e-06,7.970826e-06,8.283329e-06,7.387495e-06,5.316663e-06,7.466666e-06,7.262492e-06
7,702,497.759,0.896,3.449996e-06,2.474992e-06,2.362498e-06,7.108331e-06,3.466662e-06,8.191665e-06,8.674995e-06,5.758325e-06,7.295831e-06,6.766661e-06,7.999993e-06,8.308331e-06,7.341663e-06,5.333328e-06,7.424998e-06,7.30416e-06
7,703,497.919,0.894,3.445832e-06,2.466663e-06,2.362498e-06,7.124996e-06,3.487492e-06,8.258326e-06,8.662494e-06,5.779163e-06,7.258328e-06,6.799992e-06,8.02083e-06,8.304159e-06,7.399996e-06,5.324991e-06,7.49166e-06,7.316661e-06
7,704,498.078,0.892,3.437495e-06,2.504166e-06,2.362498e-06,7.1625e-06,3.449996e-06,8.233333e-06,8.674995e-06,5.770826e-06,7.295831e-06,6.795828e-06,8.008329e-06,8.29583e-06,7.337499e-06,5.362495e-06,7.483332e-06,7.337499e-06
7,705,498.238,0.89,3.466662e-06,2.433332e-06,2.370826e-06,7.174993e-06,3.462497e-06,8.304159e-06,8.674995e-06,5.816658e-06,7.28333e-06,6.82083e-06,8.037496e-06,8.308331e-06,7.416661e-06,5.337492e-06,7.512498e-06,7.324998e-06
7,706,498.398,0.888,3.42083e-06,2.479164e-06,2.354161e-06,7.179165e-06,3.433331e-06,8.270827e-06,8.695833e-06,5.816658e-06,7.316661e-06,6.837495e-06,8.029159e-06,8.329161e-06,7.420826e-06,5.395826e-06,7.541664e-06,7.333326e-06
7,707,498.558,0.886,3.429159e-06,2.420831e-06,2.32083e-06,7.183329e-06,3.483327e-06,8.29583e-06,8.720827e-06,5.866663e-06,7.354164e-06,6.854161e-06,8.087492e-06,8.370828e-06,7.445828e-06,5.44583e-06,7.520827e-06,7.383331e-06
7,708,498.718,0.884,3.408329e-06,2.445825e-06,2.34166e-06,7.204159e-06,3.479163e-06,8.31666e-06,8.724999e-06,5.854161e-06,7.349992e-06,6.899993e-06,8.045832e-06,8.370828e-06,7.462494e-06,5.433329e-06,7.574995e-06,7.379158e-06
7,709,498.877,0.882,3.470826e-06,2.466663e-06,2.329159e-06,7.254163e-06,3.474998e-06,8.345826e-06,8.737493e-06,5.883328e-06,7.366665e-06,6.899993e-06,8.087492e-06,8.379166e-06,7.466666e-06,5.487498e-06,7.537492e-06,7.412497e-06
7,710,499.037,0.88,3.458325e-06,2.449997e-06,2.349997e-06,7.229161e-06,3.483327e-06,8.374993e-06,8.691661e-06,5.883328e-06,7.349992e-06,6.883327e-06,8.091664e-06,8.399995e-06,7.495833e-06,5.474997e-06,7.566658e-06,7.416661e-06
7,711,499.197,0.878,3.408329e-06,2.437496e-06,2.274998e-06,7.30416e-06,3.499993e-06,8.366665e-06,8.729164e-06,5.90833e-06,7.408333e-06,6.92083e-06,8.145825e-06,8.429161e-06,7.504161e-06,5.512492e-06,7.595825e-06,7.441664e-06
7,712,499.357,0.876,3.462497e-06,2.424995e-06,2.34166e-06,7.270829e-06,3.466662e-06,8.391658e-06,8.787497e-06,5.879164e-06,7.391659e-06,6.912494e-06,8.137496e-06,8.399995e-06,7.508326e-06,5.53333e-06,7.608326e-06,7.454165e-06
7,713,499.517,0.874,3.449996e-06,2.441661e-06,2.308329e-06,7.266664e-06,3.495828e-06,8.354164e-06,8.770831e-06,5.916659e-06,7.399996e-06,6.962498e-06,8.12916e-06,8.45e-06,7.512498e-06,5.499999e-06,7.637493e-06,7.445828e-06
7,714,499.676,0.872,3.449996e-06,2.437496e-06,2.287499e-06,7.312497e-06,3.449996e-06,8.379166e-06,8.720827e-06,5.933332e-06,7.437499e-06,6.933331e-06,8.145825e-06,8.412496e-06,7.524999e-06,5.487498e-06,7.633328e-06,7.47083e-06
7,715,499.836,0.87,3.44166e-06,2.362498e-06,2.312493e-06,7.341663e-06,3.512494e-06,8.387494e-06,8.791661e-06,5.974992e-06,7.395832e-06,6.94166e-06,8.183329e-06,8.362492e-06,7.55833e-06,5.566661e-06,7.641665e-06,7.462494e-06
7,716,499.996,0.868,3.454161e-06,2.437496e-06,2.312493e-06,7.354164e-06,3.512494e-06,8.420833e-06,8.77916e-06,5.92916e-06,7.462494e-06,6.958326e-06,8.179164e-06,8.470829e-06,7.570831e-06,5.541659e-06,7.687497e-06,7.487496e-06
7,717,500.156,0.866,3.479163e-06,2.391664e-06,2.316666e-06,7.354164e-06,3.483327e-06,8.445827e-06,8.77916e-06,5.987493e-06,7.445828e-06,7.012494e-06,8.241662e-06,8.466665e-06,7.591661e-06,5.612493e-06,7.695826e-06,7.49166e-06
7,718,500.316,0.864,3.470826e-06,2.412494e-06,2.279162e-06,7.395832e-06,3.504165e-06,8.345826e-06,8.812499e-06,5.970828e-06,7.483332e-06,7.016659e-06,8.245825e-06,8.479166e-06,7.604162e-06,5.624994e-06,7.733329e-06,7.508326e-06
7,719,500.476,0.862,3.479163e-06,2.391664e-06,2.224994e-06,7.337499e-06,3.504165e-06,8.429161e-06,8.75833e-06,6.004159e-06,7.512498e-06,7.004166e-06,8.22916e-06,8.458328e-06,7.624992e-06,5.579162e-06,7.7125e-06,7.549993e-06
7,720,500.635,0.86,3.408329e-06,2.416658e-06,2.333331e-06,7.420826e-06,3.52083e-06,8.458328e-06,8.833329e-06,6.012495e-06,7.512498e-06,7.049998e-06,8.254163e-06,8.433326e-06,7.620828e-06,5.645832e-06,7.754159e-06,7.529163e-06
7,721,500.795,0.858,3.474998e-06,2.404165e-06,2.291664e-06,7.387495e-06,3.495828e-06,8.508333e-06,8.849995e-06,6.012495e-06,7.508326e-06,7.049998e-06,8.283329e-06,8.520826e-06,7.637493e-06,5.695828e-06,7.720828e-06,7.529163e-06
7,722,500.955,0.856,3.470826e-06,2.374999e-06,2.291664e-06,7.424998e-06,3.487492e-06,8.512497e-06,8.799998e-06,5.979165e-06,7.524999e-06,7.058326e-06,8.274992e-06,8.487495e-06,7.658331e-06,5.666661e-06,7.762495e-06,7.545829e-06
7,723,501.115,0.854,3.449996e-06,2.391664e-06,2.249996e-06,7.429162e-06,3.487492e-06,8.474994e-06,8.829164e-06,6.033325e-06,7.545829e-06,7.062499e-06,8.287493e-06,8.512497e-06,7.662495e-06,5.704164e-06,7.799999e-06,7.570831e-06
7,724,501.275,0.852,3.466662e-06,2.374999e-06,2.287499e-06,7.495833e-06,3.508329e-06,8.5375e-06,8.833329e-06,6.091658e-06,7.524999e-06,7.074992e-06,8.308331e-06,8.529162e-06,7.666659e-06,5.708329e-06,7.799999e-06,7.49166e-06
7,725,501.434,0.85,3.44166e-06,2.366662e-06,2.262497e-06,7.441664e-06,3.516658e-06,8.520826e-06,8.833329e-06,6.058327e-06,7.562494e-06,7.091665e-06,8.283329e-06,8.562493e-06,7.67916e-06,5.745832e-06,7.816664e-06,7.570831e-06
7,726,501.594,0.848,3.462497e-06,2.374999e-06,2.245831e-06,7.504161e-06,3.495828e-06,8.5375e-06,8.86666e-06,6.099995e-06,7.595825e-06,7.091665e-06,8.337498e-06,8.466665e-06,7.67916e-06,5.749996e-06,7.812492e-06,7.574995e-06
7,727,501.754,0.846,3.462497e-06,2.32083e-06,2.25416e-06,7.47083e-06,3.499993e-06,8.524998e-06,8.854158e-06,6.099995e-06,7.570831e-06,7.124996e-06,8.308331e-06,8.566665e-06,7.708327e-06,5.74166e-06,7.812492e-06,7.616663e-06
7,728,501.914,0.844,3.44166e-06,2.358325e-06,2.220829e-06,7.483332e-06,3.445832e-06,8.529162e-06,8.862496e-06,6.099995e-06,7.591661e-06,7.11666e-06,8.329161e-06,8.57083e-06,7.695826e-06,5.799993e-06,7.858332e-06,7.641665e-06
7,729,502.074,0.842,3.495828e-06,2.32083e-06,2.195827e-06,7.512498e-06,3.495828e-06,8.562493e-06,8.841665e-06,6.112496e-06,7.562494e-06,7.137497e-06,8.370828e-06,8.574994e-06,7.74583e-06,5.762497e-06,7.866661e-06,7.641665e-06
7,730,502.233,0.84,3.462497e-06,2.354161e-06,2.237495e-06,7.55833e-06,3.529159e-06,8.57083e-06,8.858331e-06,6.129162e-06,7.612498e-06,7.133333e-06,8.362492e-06,8.587495e-06,7.729165e-06,5.804165e-06,7.887498e-06,7.649994e-06
7,731,502.393,0.838,3.470826e-06,2.333331e-06,2.224994e-06,7.574995e-06,3.458325e-06,8.579159e-06,8.854158e-06,6.145827e-06,7.570831e-06,7.145826e-06,8.399995e-06,8.566665e-06,7.74583e-06,5.804165e-06,7.849995e-06,7.666659e-06
7,732,502.553,0.836,3.462497e-06,2.34166e-06,2.229158e-06,7.57916e-06,3.508329e-06,8.599996e-06,8.883325e-06,6.162492e-06,7.616663e-06,7.158327e-06,8.387494e-06,8.608326e-06,7.774996e-06,5.833332e-06,7.916665e-06,7.67916e-06
7,733,502.713,0.834,3.462497e-06,2.32083e-06,2.224994e-06,7.599997e-06,3.474998e-06,8.612497e-06,8.891662e-06,6.158328e-06,7.637493e-06,7.179165e-06,8.420833e-06,8.604161e-06,7.749994e-06,5.887493e-06,7.899992e-06,7.67916e-06
7,734,502.873,0.832,3.479163e-06,2.304165e-06,2.179162e-06,7.562494e-06,3.516658e-06,8.641664e-06,8.883325e-06,6.20416e-06,7.604162e-06,7.199995e-06,8.437499e-06,8.604161e-06,7.804163e-06,5.866663e-06,7.891663e-06,7.695826e-06
7,735,503.033,0.83,3.437495e-06,2.32083e-06,2.208328e-06,7.612498e-06,3.533332e-06,8.629163e-06,8.912491e-06,6.208332e-06,7.670832e-06,7.21666e-06,8.424998e-06,8.620827e-06,7.783326e-06,5.862498e-06,7.904164e-06,7.708327e-06
7,736,503.192,0.828,3.474998e-06,2.308329e-06,2.208328e-06,7.599997e-06,3.508329e-06,8.629163e-06,8.887498e-06,6.220826e-06,7.67916e-06,7.199995e-06,8.412496e-06,8.608326e-06,7.795827e-06,5.916659e-06,7.93333e-06,7.720828e-06
7,737,503.352,0.826,3.458325e-06,2.262497e-06,2.179162e-06,7.629164e-06,3.504165e-06,8.616662e-06,8.908328e-06,6.199996e-06,7.662495e-06,7.183329e-06,8.354164e-06,8.612497e-06,7.812492e-06,5.870827e-06,7.93333e-06,7.691661e-06
7,738,503.512,0.824,3.458325e-06,2.25416e-06,2.166661e-06,7.620828e-06,3.483327e-06,8.624998e-06,8.912491e-06,6.195831e-06,7.674996e-06,7.212496e-06,8.429161e-06,8.579159e-06,7.824993e-06,5.941661e-06,7.962497e-06,7.699999e-06
7,739,503.672,0.822,3.470826e-06,2.287499e-06,2.187498e-06,7.666659e-06,3.487492e-06,8.604161e-06,8.820828e-06,6.229162e-06,7.691661e-06,7.224997e-06,8.437499e-06,8.641664e-06,7.866661e-06,5.945826e-06,7.974998e-06,7.691661e-06
7,740,503.832,0.82,3.408329e-06,2.316666e-06,2.166661e-06,7.670832e-06,3.516658e-06,8.645829e-06,8.949995e-06,6.220826e-06,7.683333e-06,7.237498e-06,8.437499e-06,8.662494e-06,7.866661e-06,5.937497e-06,7.94166e-06,7.720828e-06
7,741,503.991,0.818,3.470826e-06,2.241659e-06,2.170825e-06,7.67916e-06,3.516658e-06,8.67916e-06,8.908328e-06,6.262493e-06,7.704162e-06,7.237498e-06,8.48333e-06,8.65833e-06,7.849995e-06,5.899994e-06,8.02083e-06,7.787497e-06
7,742,504.151,0.816,3.458325e-06,2.287499e-06,2.170825e-06,7.704162e-06,3.504165e-06,8.683332e-06,8.937494e-06,6.27083e-06,7.724992e-06,7.274993e-06,8.433326e-06,8.587495e-06,7.883326e-06,6.004159e-06,8.004165e-06,7.749994e-06
7,743,504.311,0.814,3.474998e-06,2.262497e-06,2.183326e-06,7.704162e-06,3.524995e-06,8.708326e-06,8.916664e-06,6.27083e-06,7.749994e-06,7.191666e-06,8.495832e-06,8.67916e-06,7.870825e-06,5.999994e-06,7.999993e-06,7.783326e-06
7,744,504.471,0.812,3.433331e-06,2.262497e-06,2.166661e-06,7.720828e-06,3.516658e-06,8.691661e-06,8.916664e-06,6.295832e-06,7.724992e-06,7.28333e-06,8.512497e-06,8.683332e-06,7.908328e-06,6.008331e-06,8.004165e-06,7.779161e-06
7,745,504.631,0.81,3.466662e-06,2.279162e-06,2.141659e-06,7.708327e-06,3.458325e-06,8.708326e-06,8.924992e-06,6.308325e-06,7.737493e-06,7.299996e-06,8.516661e-06,8.708326e-06,7.891663e-06,6.054163e-06,8.004165e-06,7.770833e-06
7,746,504.791,0.808,3.437495e-06,2.25416e-06,2.183326e-06,7.729165e-06,3.483327e-06,8.712498e-06,8.937494e-06,6.237499e-06,7.754159e-06,7.287495e-06,8.524998e-06,8.67916e-06,7.895827e-06,6.020832e-06,8.02083e-06,7.804163e-06
7,747,504.95,0.806,3.416665e-06,2.149995e-06,2.15416e-06,7.737493e-06,3.533332e-06,8.683332e-06,8.987498e-06,6.312498e-06,7.754159e-06,7.324998e-06,8.50416e-06,8.65833e-06,7.912493e-06,6.049999e-06,8.062498e-06,7.799999e-06
7,748,505.11,0.804,3.466662e-06,2.258333e-06,2.158332e-06,7.74583e-06,3.487492e-06,8.724999e-06,8.937494e-06,6.320826e-06,7.774996e-06,7.28333e-06,8.541663e-06,8.687496e-06,7.895827e-06,6.054163e-06,8.024995e-06,7.829165e-06
7,749,505.27,0.802,3.449996e-06,2.237495e-06,2.124993e-06,7.754159e-06,3.508329e-06,8.716663e-06,8.954159e-06,6.354165e-06,7.783326e-06,7.358328e-06,8.554164e-06,8.720827e-06,7.924994e-06,6.091658e-06,8.074999e-06,7.808328e-06
7,750,505.43,0.8,3.474998e-06,2.241659e-06,2.099999e-06,7.774996e-06,3.495828e-06,8.729164e-06,8.96666e-06,6.304161e-06,7.779161e-06,7.30416e-06,8.524998e-06,8.691661e-06,7.929166e-06,6.083329e-06,8.070827e-06,7.829165e-06
7,751,505.59,0.798,3.466662e-06,2.224994e-06,2.112492e-06,7.724992e-06,3.516658e-06,8.737493e-06,8.958332e-06,6.358329e-06,7.76666e-06,7.345827e-06,8.587495e-06,8.729164e-06,7.958332e-06,6.091658e-06,8.058326e-06,7.791662e-06
7,752,505.749,0.796,3.445832e-06,2.249996e-06,2.016664e-06,7.816664e-06,3.504165e-06,8.729164e-06,8.954159e-06,6.345828e-06,7.799999e-06,7.295831e-06,8.5375e-06,8.716663e-06,7.912493e-06,6.116661e-06,8.087492e-06,7.841659e-06
7,753,505.909,0.794,3.466662e-06,2.199992e-06,2.083325e-06,7.795827e-06,3.499993e-06,8.754166e-06,8.979162e-06,6.333327e-06,7.779161e-06,7.345827e-06,8.566665e-06,8.712498e-06,7.962497e-06,6.129162e-06,8.10833e-06,7.845831e-06
7,754,506.069,0.792,3.454161e-06,2.212493e-06,2.124993e-06,7.791662e-06,3.537496e-06,8.712498e-06,8.962496e-06,6.320826e-06,7.799999e-06,7.349992e-06,8.566665e-06,8.720827e-06,7.945831e-06,6.116661e-06,8.137496e-06,7.862496e-06
7,755,506.229,0.79,3.449996e-06,2.208328e-06,2.058331e-06,7.845831e-06,3.52083e-06,8.741665e-06,8.954159e-06,6.370831e-06,7.849995e-06,7.341663e-06,8.595832e-06,8.720827e-06,7.954161e-06,6.166665e-06,8.087492e-06,7.845831e-06
7,756,506.389,0.788,3.470826e-06,2.199992e-06,2.079161e-06,7.791662e-06,3.512494e-06,8.749994e-06,8.949995e-06,6.399997e-06,7.816664e-06,7.366665e-06,8.579159e-06,8.733328e-06,7.958332e-06,6.099995e-06,8.12916e-06,7.870825e-06
7,757,506.548,0.786,3.458325e-06,2.15416e-06,2.037493e-06,7.845831e-06,3.512494e-06,8.729164e-06,8.991663e-06,6.39166e-06,7.816664e-06,7.366665e-06,8.599996e-06,8.762495e-06,7.974998e-06,6.120833e-06,8.166663e-06,7.908328e-06
7,758,506.708,0.784,3.499993e-06,2.15416e-06,2.108328e-06,7.862496e-06,3.529159e-06,8.816663e-06,9.008329e-06,6.454166e-06,7.841659e-06,7.420826e-06,8.649993e-06,8.766659e-06,7.995828e-06,6.191659e-06,8.174999e-06,7.891663e-06
7,759,506.868,0.782,3.454161e-06,2.212493e-06,2.091662e-06,7.870825e-06,3.533332e-06,8.816663e-06,8.983326e-06,6.39166e-06,7.841659e-06,7.433327e-06,8.633328e-06,8.787497e-06,7.970826e-06,6.216661e-06,8.145825e-06,7.924994e-06
7,760,507.028,0.78,3.462497e-06,2.208328e-06,2.104163e-06,7.899992e-06,3.54166e-06,8.824993e-06,9.004164e-06,6.387496e-06,7.874997e-06,7.37083e-06,8.645829e-06,8.791661e-06,8.008329e-06,6.212497e-06,8.149997e-06,7.937495e-06
7,761,507.188,0.778,3.454161e-06,2.183326e-06,2.079161e-06,7.849995e-06,3.524995e-06,8.724999e-06,8.995827e-06,6.462495e-06,7.808328e-06,7.408333e-06,8.620827e-06,8.791661e-06,8.04166e-06,6.224998e-06,8.179164e-06,7.866661e-06
7,762,507.348,0.776,3.462497e-06,2.195827e-06,2.016664e-06,7.829165e-06,3.533332e-06,8.841665e-06,9.033331e-06,6.462495e-06,7.899992e-06,7.433327e-06,8.662494e-06,8.795826e-06,8.033331e-06,6.233327e-06,8.074999e-06,7.937495e-06
7,763,507.507,0.774,3.458325e-06,2.058331e-06,2.091662e-06,7.866661e-06,3.533332e-06,8.791661e-06,9.024993e-06,6.47916e-06,7.879162e-06,7.441664e-06,8.616662e-06,8.783332e-06,8.054161e-06,6.241663e-06,8.183329e-06,7.94166e-06
7,764,507.667,0.772,3.449996e-06,2.191663e-06,2.037493e-06,7.924994e-06,3.516658e-06,8.824993e-06,9.016665e-06,6.454166e-06,7.874997e-06,7.445828e-06,8.624998e-06,8.820828e-06,8.058326e-06,6.258329e-06,8.183329e-06,7.945831e-06
7,765,507.827,0.77,3.474998e-06,2.137494e-06,2.070832e-06,7.924994e-06,3.545833e-06,8.862496e-06,8.999999e-06,6.499998e-06,7.887498e-06,7.458329e-06,8.662494e-06,8.795826e-06,8.054161e-06,6.245828e-06,8.220832e-06,7.945831e-06
7,766,507.987,0.768,3.42083e-06,2.145831e-06,2.012499e-06,7.874997e-06,3.558326e-06,8.820828e-06,9.029166e-06,6.499998e-06,7.866661e-06,7.449993e-06,8.637492e-06,8.837494e-06,8.045832e-06,6.258329e-06,8.220832e-06,7.929166e-06
7,767,508.147,0.766,3.470826e-06,2.137494e-06,2.012499e-06,7.954161e-06,3.533332e-06,8.858331e-06,8.999999e-06,6.504162e-06,7.912493e-06,7.408333e-06,8.683332e-06,8.77916e-06,8.029159e-06,6.295832e-06,8.208331e-06,7.987499e-06
7,768,508.306,0.764,3.437495e-06,2.124993e-06,2.06666e-06,7.94166e-06,3.558326e-06,8.841665e-06,9.008329e-06,6.520828e-06,7.924994e-06,7.47083e-06,8.687496e-06,8.791661e-06,8.079163e-06,6.229162e-06,8.22916e-06,7.979163e-06
7,769,508.466,0.762,3.462497e-06,2.145831e-06,2.024992e-06,7.962497e-06,3.524995e-06,8.84583e-06,9.05416e-06,6.508326e-06,7.937495e-06,7.458329e-06,8.683332e-06,8.84583e-06,8.070827e-06,6.316662e-06,8.220832e-06,7.974998e-06
7,770,508.626,0.76,3.474998e-06,2.120829e-06,2.020828e-06,7.949996e-06,3.524995e-06,8.862496e-06,9.012492e-06,6.504162e-06,7.895827e-06,7.424998e-06,8.649993e-06,8.816663e-06,8.066662e-06,6.295832e-06,8.212495e-06,7.995828e-06
7,771,508.786,0.758,3.44166e-06,2.112492e-06,2.004163e-06,7.974998e-06,3.554161e-06,8.824993e-06,9.033331e-06,6.541665e-06,7.929166e-06,7.504161e-06,8.687496e-06,8.837494e-06,8.083328e-06,6.324999e-06,8.262499e-06,8.008329e-06
7,772,508.946,0.756,3.487492e-06,2.108328e-06,2.012499e-06,7.987499e-06,3.524995e-06,8.891662e-06,9.033331e-06,6.541665e-06,7.93333e-06,7.495833e-06,8.691661e-06,8.833329e-06,8.095829e-06,6.337492e-06,8.241662e-06,7.987499e-06
7,773,509.105,0.754,3.449996e-06,2.116664e-06,2.016664e-06,7.966662e-06,3.545833e-06,8.858331e-06,9.049996e-06,6.558331e-06,7.908328e-06,7.512498e-06,8.712498e-06,8.829164e-06,8.099993e-06,6.337492e-06,8.274992e-06,7.999993e-06
7,774,509.265,0.752,3.470826e-06,2.095826e-06,1.999998e-06,8.008329e-06,3.512494e-06,8.895826e-06,9.024993e-06,6.537493e-06,7.974998e-06,7.479159e-06,8.712498e-06,8.849995e-06,8.116658e-06,6.349993e-06,8.258326e-06,7.999993e-06
7,775,509.425,0.75,3.462497e-06,2.095826e-06,1.995826e-06,7.987499e-06,3.549997e-06,8.891662e-06,9.004164e-06,6.54583e-06,7.924994e-06,7.524999e-06,8.691661e-06,8.833329e-06,8.154162e-06,6.349993e-06,8.274992e-06,8.037496e-06
7,776,509.585,0.748,3.391663e-06,2.116664e-06,1.991661e-06,8.004165e-06,3.545833e-06,8.804162e-06,9.062497e-06,6.499998e-06,7.974998e-06,7.49166e-06,8.729164e-06,8.84583e-06,8.083328e-06,6.370831e-06,8.266664e-06,8.037496e-06
7,777,509.745,0.746,3.474998e-06,2.079161e-06,1.995826e-06,7.979163e-06,3.524995e-06,8.899999e-06,9.041659e-06,6.549994e-06,7.954161e-06,7.516662e-06,8.729164e-06,8.841665e-06,8.133332e-06,6.383332e-06,8.283329e-06,8.04166e-06
7,778,509.905,0.744,3.458325e-06,2.062495e-06,1.945829e-06,7.945831e-06,3.570827e-06,8.912491e-06,9.05416e-06,6.583325e-06,7.94166e-06,7.541664e-06,8.749994e-06,8.870832e-06,8.137496e-06,6.387496e-06,8.258326e-06,8.045832e-06
7,779,510.064,0.742,3.479163e-06,2.091662e-06,1.995826e-06,8.033331e-06,3.533332e-06,8.895826e-06,9.033331e-06,6.604163e-06,7.987499e-06,7.524999e-06,8.745829e-06,8.837494e-06,8.158326e-06,6.420827e-06,8.287493e-06,8.062498e-06
7,780,510.224,0.74,3.429159e-06,2.083325e-06,2.004163e-06,8.012494e-06,3.554161e-06,8.924992e-06,9.041659e-06,6.629165e-06,7.970826e-06,7.541664e-06,8.67916e-06,8.874997e-06,8.183329e-06,6.408326e-06,8.329161e-06,8.049997e-06
7,781,510.384,0.738,3.449996e-06,2.079161e-06,1.941665e-06,8.054161e-06,3.52083e-06,8.908328e-06,9.062497e-06,6.595826e-06,7.991664e-06,7.549993e-06,8.770831e-06,8.829164e-06,8.149997e-06,6.404161e-06,8.29583e-06,8.045832e-06
7,782,510.544,0.736,3.470826e-06,2.06666e-06,1.974996e-06,8.02083e-06,3.54166e-06,8.929165e-06,9.024993e-06,6.624993e-06,8.012494e-06,7.549993e-06,8.741665e-06,8.887498e-06,8.166663e-06,6.429163e-06,8.283329e-06,8.066662e-06
7,783,510.704,0.734,3.433331e-06,2.074997e-06,1.954158e-06,8.054161e-06,3.562498e-06,8.924992e-06,9.062497e-06,6.616664e-06,7.995828e-06,7.541664e-06,8.749994e-06,8.86666e-06,8.174999e-06,6.437492e-06,8.262499e-06,8.045832e-06
7,784,510.863,0.732,3.416665e-06,1.954158e-06,1.841664e-06,8.045832e-06,3.524995e-06,8.920829e-06,9.02083e-06,6.624993e-06,8.012494e-06,7.549993e-06,8.745829e-06,8.829164e-06,8.183329e-06,6.374995e-06,8.29583e-06,8.033331e-06
7,785,511.023,0.73,3.424994e-06,1.999998e-06,1.958331e-06,8.033331e-06,3.52083e-06,8.916664e-06,8.995827e-06,6.637494e-06,7.983327e-06,7.570831e-06,8.712498e-06,8.766659e-06,8.179164e-06,6.462495e-06,8.320832e-06,8.062498e-06
7,786,511.183,0.728,3.383326e-06,2.012499e-06,1.899997e-06,8.058326e-06,3.533332e-06,8.937494e-06,9.033331e-06,6.612492e-06,7.995828e-06,7.504161e-06,8.737493e-06,8.858331e-06,8.166663e-06,6.47916e-06,8.329161e-06,8.033331e-06
7,787,511.343,0.726,3.424994e-06,2.008327e-06,1.933328e-06,8.058326e-06,3.537496e-06,8.904163e-06,9.029166e-06,6.645831e-06,7.979163e-06,7.570831e-06,8.712498e-06,8.833329e-06,8.19583e-06,6.483333e-06,8.362492e-06,8.091664e-06
7,788,511.503,0.724,3.42083e-06,1.983333e-06,1.899997e-06,8.033331e-06,3.524995e-06,8.899999e-06,9.066661e-06,6.612492e-06,8.008329e-06,7.574995e-06,8.754166e-06,8.879161e-06,8.158326e-06,6.499998e-06,8.31666e-06,8.083328e-06
7,789,511.663,0.722,3.445832e-06,1.983333e-06,1.887496e-06,8.054161e-06,3.52083e-06,8.883325e-06,9.041659e-06,6.637494e-06,7.991664e-06,7.566658e-06,8.741665e-06,8.874997e-06,8.179164e-06,6.474996e-06,8.308331e-06,8.116658e-06
7,790,511.822,0.72,3.437495e-06,2.012499e-06,1.908326e-06,8.083328e-06,3.524995e-06,8.912491e-06,9.037494e-06,6.641666e-06,8.012494e-06,7.549993e-06,8.75833e-06,8.874997e-06,8.179164e-06,6.495825e-06,8.383329e-06,8.091664e-06
7,791,511.982,0.718,3.404164e-06,1.999998e-06,1.891661e-06,8.099993e-06,3.524995e-06,8.941666e-06,9.070825e-06,6.641666e-06,8.02083e-06,7.549993e-06,8.729164e-06,8.883325e-06,8.216659e-06,6.533329e-06,8.366665e-06,8.104165e-06
7,792,512.142,0.716,3.42083e-06,1.97916e-06,1.908326e-06,8.079163e-06,3.529159e-06,8.924992e-06,9.049996e-06,6.645831e-06,8.033331e-06,7.591661e-06,8.783332e-06,8.891662e-06,8.199993e-06,6.487497e-06,8.370828e-06,8.066662e-06
7,793,512.302,0.714,3.416665e-06,2.012499e-06,1.895825e-06,8.083328e-06,3.499993e-06,8.916664e-06,9.058333e-06,6.629165e-06,8.037496e-06,7.587496e-06,8.766659e-06,8.904163e-06,8.19583e-06,6.54583e-06,8.391658e-06,8.095829e-06
7,794,512.462,0.712,3.449996e-06,1.941665e-06,1.816662e-06,8.058326e-06,3.512494e-06,8.941666e-06,9.049996e-06,6.66666e-06,8.029159e-06,7.570831e-06,8.808327e-06,8.874997e-06,8.241662e-06,6.508326e-06,8.366665e-06,8.099993e-06
7,795,512.621,0.71,3.408329e-06,1.962495e-06,1.808325e-06,8.079163e-06,3.533332e-06,8.945831e-06,9.070825e-06,6.662496e-06,8.033331e-06,7.587496e-06,8.716663e-06,8.879161e-06,8.149997e-06,6.570832e-06,8.391658e-06,8.070827e-06
7,796,512.781,0.708,3.433331e-06,1.958331e-06,1.874995e-06,8.120831e-06,3.508329e-06,8.974997e-06,9.033331e-06,6.695827e-06,8.024995e-06,7.57916e-06,8.787497e-06,8.879161e-06,8.245825e-06,6.579161e-06,8.374993e-06,8.154162e-06
7,797,512.941,0.706,3.437495e-06,1.954158e-06,1.87916e-06,8.091664e-06,3.533332e-06,8.945831e-06,9.05416e-06,6.695827e-06,8.049997e-06,7.633328e-06,8.808327e-06,8.908328e-06,8.216659e-06,6.529164e-06,8.424998e-06,8.145825e-06
7,798,513.101,0.704,3.424994e-06,1.974996e-06,1.85833e-06,8.133332e-06,3.495828e-06,8.949995e-06,9.05416e-06,6.708328e-06,8.049997e-06,7.608326e-06,8.791661e-06,8.924992e-06,8.249998e-06,6.549994e-06,8.408332e-06,8.120831e-06
7,799,513.261,0.702,3.437495e-06,1.970832e-06,1.845829e-06,8.112494e-06,3.537496e-06,8.962496e-06,9.074998e-06,6.737494e-06,8.054161e-06,7.608326e-06,8.812499e-06,8.904163e-06,8.266664e-06,6.56666e-06,8.412496e-06,8.133332e-06
7,800,513.42,0.7,3.433331e-06,1.954158e-06,1.845829e-06,8.124995e-06,3.495828e-06,8.983326e-06,9.079162e-06,6.708328e-06,8.079163e-06,7.637493e-06,8.820828e-06,8.883325e-06,8.241662e-06,6.604163e-06,8.420833e-06,8.137496e-06
,,,,,,,,,,,,,,,,,,,,7,1.008,0.7,0.712,1.058,0.998,1.106,1.168,1.04,1.092,1.016,1.078,1.11,1.05,1.062,1.04,1.094,1.118,0.712,0.71,1.066,1.078,1.112,1.154,1.08,1.116,1.062,1.07,1.128,1.074,1.086,1.078,1.108
8,0,513.712,0.7,3.424994e-06,1.954158e-06,1.874995e-06,8.104165e-06,3.495828e-06,8.954159e-06,9.058333e-06,6.704164e-06,8.070827e-06,7.637493e-06,8.816663e-06,8.887498e-06,8.279165e-06,6.604163e-06,8.412496e-06,8.120831e-06
8,1,513.872,0.702,3.437495e-06,1.895825e-06,1.845829e-06,8.087492e-06,3.558326e-06,8.945831e-06,9.070825e-06,6.691662e-06,8.045832e-06,7.633328e-06,8.766659e-06,8.887498e-06,8.216659e-06,6.574996e-06,8.341662e-06,8.104165e-06
8,2,514.031,0.704,3.412493e-06,1.962495e-06,1.87916e-06,8.104165e-06,3.512494e-06,8.949995e-06,9.033331e-06,6.670833e-06,8.058326e-06,7.583332e-06,8.766659e-06,8.804162e-06,8.22916e-06,6.570832e-06,8.354164e-06,8.158326e-06
8,3,514.191,0.706,3.44166e-06,2.004163e-06,1.883332e-06,8.062498e-06,3.52083e-06,8.912491e-06,9.037494e-06,6.649995e-06,8.02083e-06,7.595825e-06,8.749994e-06,8.887498e-06,8.216659e-06,6.495825e-06,8.362492e-06,8.095829e-06
8,4,514.351,0.708,3.449996e-06,1.962495e-06,1.887496e-06,8.079163e-06,3.508329e-06,8.920829e-06,9.004164e-06,6.620828e-06,8.033331e-06,7.57916e-06,8.729164e-06,8.86666e-06,8.199993e-06,6.529164e-06,8.370828e-06,8.116658e-06
8,5,514.511,0.71,3.408329e-06,1.970832e-06,1.891661e-06,8.037496e-06,3.495828e-06,8.887498e-06,9.012492e-06,6.645831e-06,8.02083e-06,7.562494e-06,8.724999e-06,8.841665e-06,8.19583e-06,6.524992e-06,8.349999e-06,8.087492e-06
8,6,514.671,0.712,3.399992e-06,1.966659e-06,1.870831e-06,8.024995e-06,3.454161e-06,8.870832e-06,9.02083e-06,6.599998e-06,7.987499e-06,7.533328e-06,8.716663e-06,8.783332e-06,8.166663e-06,6.487497e-06,8.337498e-06,8.066662e-06
8,7,514.83,0.714,3.391663e-06,1.933328e-06,1.833328e-06,8.037496e-06,3.470826e-06,8.883325e-06,8.999999e-06,6.574996e-06,8.004165e-06,7.512498e-06,8.745829e-06,8.808327e-06,8.179164e-06,6.412498e-06,8.341662e-06,8.087492e-06
8,8,514.99,0.716,3.399992e-06,1.966659e-06,1.916663e-06,7.999993e-06,3.479163e-06,8.879161e-06,8.958332e-06,6.56666e-06,7.962497e-06,7.524999e-06,8.704162e-06,8.84583e-06,8.174999e-06,6.474996e-06,8.329161e-06,8.033331e-06
8,9,515.15,0.718,3.383326e-06,1.999998e-06,1.908326e-06,7.991664e-06,3.466662e-06,8.874997e-06,8.970833e-06,6.512499e-06,7.970826e-06,7.433327e-06,8.695833e-06,8.799998e-06,8.145825e-06,6.45833e-06,8.287493e-06,8.066662e-06
8,10,515.31,0.72,3.404164e-06,1.991661e-06,1.941665e-06,7.920829e-06,3.437495e-06,8.816663e-06,8.96666e-06,6.56666e-06,7.954161e-06,7.520827e-06,8.687496e-06,8.799998e-06,8.141661e-06,6.424999e-06,8.312496e-06,8.045832e-06
8,11,515.47,0.722,3.399992e-06,1.970832e-06,1.87916e-06,7.954161e-06,3.445832e-06,8.729164e-06,8.96666e-06,6.470831e-06,7.966662e-06,7.474995e-06,8.687496e-06,8.808327e-06,8.124995e-06,6.395833e-06,8.270827e-06,8.008329e-06
8,12,515.63,0.724,3.345831e-06,1.97916e-06,1.929164e-06,7.916665e-06,3.458325e-06,8.804162e-06,8.908328e-06,6.508326e-06,7.920829e-06,7.504161e-06,8.666659e-06,8.737493e-06,8.10833e-06,6.416662e-06,8.270827e-06,8.024995e-06
8,13,515.789,0.726,3.366661e-06,1.933328e-06,1.904162e-06,7.912493e-06,3.449996e-06,8.762495e-06,8.983326e-06,6.474996e-06,7.891663e-06,7.462494e-06,8.599996e-06,8.737493e-06,8.091664e-06,6.379159e-06,8.22916e-06,7.991664e-06
8,14,515.949,0.728,3.391663e-06,2.012499e-06,1.933328e-06,7.849995e-06,3.42083e-06,8.787497e-06,8.941666e-06,6.441664e-06,7.904164e-06,7.454165e-06,8.620827e-06,8.724999e-06,8.095829e-06,6.341664e-06,8.208331e-06,7.987499e-06
8,15,516.109,0.73,3.370825e-06,2.012499e-06,1.937493e-06,7.866661e-06,3.433331e-06,8.762495e-06,8.920829e-06,6.420827e-06,7.887498e-06,7.433327e-06,8.608326e-06,8.699997e-06,8.062498e-06,6.349993e-06,8.19583e-06,7.966662e-06
8,16,516.269,0.732,3.358332e-06,2.012499e-06,1.912498e-06,7.879162e-06,3.412493e-06,8.749994e-06,8.904163e-06,6.404161e-06,7.895827e-06,7.420826e-06,8.612497e-06,8.699997e-06,8.033331e-06,6.354165e-06,8.212495e-06,7.970826e-06
8,17,516.429,0.734,3.312492e-06,1.987497e-06,1.941665e-06,7.83333e-06,3.449996e-06,8.762495e-06,8.929165e-06,6.424999e-06,7.883326e-06,7.420826e-06,8.579159e-06,8.649993e-06,8.062498e-06,6.308325e-06,8.208331e-06,7.958332e-06
8,18,516.588,0.736,3.33333e-06,2.024992e-06,1.937493e-06,7.812492e-06,3.395828e-06,8.716663e-06,8.883325e-06,6.399997e-06,7.858332e-06,7.37083e-06,8.524998e-06,8.699997e-06,8.008329e-06,6.320826e-06,8.187492e-06,7.937495e-06
8,19,516.748,0.738,3.379162e-06,2.024992e-06,1.929164e-06,7.799999e-06,3.395828e-06,8.720827e-06,8.895826e-06,6.333327e-06,7.820829e-06,7.379158e-06,8.533327e-06,8.629163e-06,7.995828e-06,6.279159e-06,8.158326e-06,7.94166e-06
8,20,516.908,0.74,3.349996e-06,2.029165e-06,1.937493e-06,7.774996e-06,3.408329e-06,8.674995e-06,8.858331e-06,6.349993e-06,7.804163e-06,7.287495e-06,8.516661e-06,8.691661e-06,8.008329e-06,6.249992e-06,8.149997e-06,7.883326e-06
8,21,517.068,0.742,3.33333e-06,2.024992e-06,1.929164e-06,7.787497e-06,3.404164e-06,8.687496e-06,8.874997e-06,6.341664e-06,7.820829e-06,7.37083e-06,8.524998e-06,8.666659e-06,7.999993e-06,6.283331e-06,8.087492e-06,7.874997e-06
8,22,517.228,0.744,3.270833e-06,2.041666e-06,1.966659e-06,7.741666e-06,3.387499e-06,8.708326e-06,8.86666e-06,6.341664e-06,7.804163e-06,7.383331e-06,8.50416e-06,8.65833e-06,7.937495e-06,6.241663e-06,8.137496e-06,7.891663e-06
8,23,517.387,0.746,3.337494e-06,2.041666e-06,1.945829e-06,7.762495e-06,3.374998e-06,8.670831e-06,8.870832e-06,6.29166e-06,7.791662e-06,7.354164e-06,8.508333e-06,8.629163e-06,7.937495e-06,6.245828e-06,8.116658e-06,7.870825e-06
8,24,517.547,0.748,3.316665e-06,2.024992e-06,1.933328e-06,7.729165e-06,3.383326e-06,8.65833e-06,8.849995e-06,6.304161e-06,7.754159e-06,7.345827e-06,8.487495e-06,8.620827e-06,7.966662e-06,6.162492e-06,8.104165e-06,7.862496e-06
8,25,517.707,0.75,3.320829e-06,2.054159e-06,1.920827e-06,7.670832e-06,3.399992e-06,8.633328e-06,8.84583e-06,6.241663e-06,7.758331e-06,7.270829e-06,8.454163e-06,8.624998e-06,7.920829e-06,6.18333e-06,8.079163e-06,7.829165e-06
8,26,517.867,0.752,3.329166e-06,2.037493e-06,1.958331e-06,7.704162e-06,3.358332e-06,8.645829e-06,8.749994e-06,6.254164e-06,7.762495e-06,7.308332e-06,8.462493e-06,8.616662e-06,7.899992e-06,6.179166e-06,8.04166e-06,7.837494e-06
8,27,518.027,0.754,3.33333e-06,2.058331e-06,1.945829e-06,7.641665e-06,3.33333e-06,8.595832e-06,8.837494e-06,6.229162e-06,7.737493e-06,7.287495e-06,8.45e-06,8.579159e-06,7.908328e-06,6.166665e-06,8.066662e-06,7.791662e-06
8,28,518.187,0.756,3.295827e-06,2.020828e-06,1.929164e-06,7.57916e-06,3.312492e-06,8.616662e-06,8.820828e-06,6.208332e-06,7.729165e-06,7.274993e-06,8.445827e-06,8.612497e-06,7.845831e-06,6.137498e-06,8.037496e-06,7.808328e-06
8,29,518.346,0.758,3.312492e-06,2.049994e-06,1.991661e-06,7.662495e-06,3.379162e-06,8.612497e-06,8.804162e-06,6.233327e-06,7.733329e-06,7.270829e-06,8.424998e-06,8.554164e-06,7.887498e-06,6.133326e-06,8.029159e-06,7.804163e-06
8,30,518.506,0.76,3.283326e-06,2.070832e-06,1.954158e-06,7.633328e-06,3.370825e-06,8.558329e-06,8.804162e-06,6.18333e-06,7.67916e-06,7.224997e-06,8.387494e-06,8.59166e-06,7.849995e-06,6.120833e-06,7.983327e-06,7.76666e-06
8,31,518.666,0.762,3.287498e-06,2.041666e-06,1.983333e-06,7.604162e-06,3.33333e-06,8.545828e-06,8.783332e-06,6.18333e-06,7.604162e-06,7.237498e-06,8.408332e-06,8.487495e-06,7.841659e-06,6.062492e-06,7.991664e-06,7.737493e-06
8,32,518.826,0.764,3.324993e-06,2.074997e-06,1.987497e-06,7.57916e-06,3.329166e-06,8.529162e-06,8.795826e-06,6.149999e-06,7.670832e-06,7.224997e-06,8.374993e-06,8.5375e-06,7.791662e-06,6.074993e-06,7.974998e-06,7.741666e-06
8,33,518.986,0.766,3.291663e-06,2.049994e-06,1.941665e-06,7.570831e-06,3.358332e-06,8.554164e-06,8.799998e-06,6.137498e-06,7.691661e-06,7.199995e-06,8.387494e-06,8.512497e-06,7.812492e-06,6.066664e-06,7.929166e-06,7.733329e-06
8,34,519.145,0.768,3.316665e-06,2.054159e-06,1.970832e-06,7.529163e-06,3.345831e-06,8.5375e-06,8.787497e-06,6.133326e-06,7.641665e-06,7.187494e-06,8.333325e-06,8.512497e-06,7.812492e-06,6.012495e-06,7.937495e-06,7.7125e-06
8,35,519.305,0.77,3.299999e-06,2.062495e-06,1.920827e-06,7.562494e-06,3.329166e-06,8.487495e-06,8.762495e-06,6.058327e-06,7.633328e-06,7.158327e-06,8.329161e-06,8.45e-06,7.795827e-06,6.041662e-06,7.874997e-06,7.687497e-06
8,36,519.465,0.772,3.299999e-06,2.058331e-06,1.966659e-06,7.512498e-06,3.299999e-06,8.541663e-06,8.770831e-06,6.104159e-06,7.599997e-06,7.104159e-06,8.379166e-06,8.495832e-06,7.762495e-06,5.983329e-06,7.870825e-06,7.687497e-06
8,37,519.625,0.774,3.270833e-06,2.091662e-06,1.991661e-06,7.483332e-06,3.337494e-06,8.508333e-06,8.754166e-06,6.091658e-06,7.608326e-06,7.174993e-06,8.329161e-06,8.520826e-06,7.762495e-06,5.99583e-06,7.916665e-06,7.658331e-06
8,38,519.785,0.776,3.312492e-06,2.062495e-06,1.958331e-06,7.49166e-06,3.312492e-06,8.374993e-06,8.745829e-06,6.070828e-06,7.574995e-06,7.095829e-06,8.299994e-06,8.495832e-06,7.695826e-06,5.962499e-06,7.849995e-06,7.649994e-06
8,39,519.944,0.778,3.270833e-06,2.079161e-06,1.97916e-06,7.449993e-06,3.320829e-06,8.48333e-06,8.741665e-06,6.062492e-06,7.595825e-06,7.124996e-06,8.291666e-06,8.487495e-06,7.74583e-06,5.887493e-06,7.883326e-06,7.612498e-06
8,40,520.104,0.78,3.279162e-06,2.058331e-06,1.987497e-06,7.47083e-06,3.320829e-06,8.458328e-06,8.737493e-06,6.020832e-06,7.566658e-06,7.099994e-06,8.266664e-06,8.387494e-06,7.691661e-06,5.883328e-06,7.85416e-06,7.616663e-06
8,41,520.264,0.782,3.295827e-06,2.087498e-06,1.995826e-06,7.412497e-06,3.308328e-06,8.441662e-06,8.729164e-06,5.987493e-06,7.524999e-06,7.091665e-06,8.299994e-06,8.45e-06,7.7125e-06,5.866663e-06,7.829165e-06,7.624992e-06
8,42,520.424,0.784,3.245831e-06,2.116664e-06,1.97916e-06,7.429162e-06,3.312492e-06,8.412496e-06,8.716663e-06,5.970828e-06,7.549993e-06,7.087493e-06,8.237497e-06,8.437499e-06,7.670832e-06,5.879164e-06,7.804163e-06,7.566658e-06
8,43,520.584,0.786,3.287498e-06,2.054159e-06,1.945829e-06,7.399996e-06,3.283326e-06,8.408332e-06,8.687496e-06,5.991666e-06,7.512498e-06,7.024995e-06,8.233333e-06,8.370828e-06,7.666659e-06,5.812494e-06,7.76666e-06,7.595825e-06
8,44,520.744,0.788,3.26666e-06,2.091662e-06,1.999998e-06,7.287495e-06,3.204163e-06,8.395831e-06,8.712498e-06,5.954162e-06,7.47083e-06,7.041661e-06,8.254163e-06,8.437499e-06,7.624992e-06,5.833332e-06,7.76666e-06,7.545829e-06
8,45,520.903,0.79,3.274997e-06,2.020828e-06,2.008327e-06,7.379158e-06,3.26666e-06,8.391658e-06,8.699997e-06,5.899994e-06,7.49166e-06,7.012494e-06,8.166663e-06,8.395831e-06,7.633328e-06,5.84166e-06,7.74583e-06,7.554166e-06
8,46,521.063,0.792,3.254159e-06,2.083325e-06,2.008327e-06,7.333326e-06,3.279162e-06,8.354164e-06,8.65833e-06,5.949998e-06,7.412497e-06,6.983328e-06,8.22916e-06,8.391658e-06,7.616663e-06,5.787492e-06,7.741666e-06,7.504161e-06
8,47,521.223,0.794,3.237494e-06,2.108328e-06,2.004163e-06,7.337499e-06,3.274997e-06,8.366665e-06,8.645829e-06,5.891665e-06,7.487496e-06,6.987492e-06,8.149997e-06,8.41666e-06,7.591661e-06,5.812494e-06,7.708327e-06,7.520827e-06
8,48,521.383,0.796,3.237494e-06,2.112492e-06,2.037493e-06,7.320825e-06,3.245831e-06,8.354164e-06,8.574994e-06,5.920831e-06,7.449993e-06,6.974999e-06,8.19583e-06,8.358327e-06,7.583332e-06,5.754161e-06,7.687497e-06,7.487496e-06
8,49,521.543,0.798,3.245831e-06,2.108328e-06,2.012499e-06,7.254163e-06,3.299999e-06,8.345826e-06,8.691661e-06,5.912495e-06,7.437499e-06,6.949997e-06,8.158326e-06,8.395831e-06,7.537492e-06,5.72083e-06,7.691661e-06,7.47083e-06
8,50,521.702,0.8,3.254159e-06,2.054159e-06,2.004163e-06,7.308332e-06,3.283326e-06,8.324997e-06,8.654165e-06,5.849997e-06,7.433327e-06,6.945832e-06,8.179164e-06,8.374993e-06,7.529163e-06,5.729159e-06,7.637493e-06,7.49166e-06
8,51,521.862,0.802,3.241658e-06,2.149995e-06,2.049994e-06,7.258328e-06,3.291663e-06,8.337498e-06,8.674995e-06,5.895829e-06,7.416661e-06,6.94166e-06,8.087492e-06,8.249998e-06,7.545829e-06,5.712493e-06,7.674996e-06,7.441664e-06
8,52,522.022,0.804,3.26666e-06,2.137494e-06,2.008327e-06,7.28333e-06,3.270833e-06,8.279165e-06,8.674995e-06,5.820831e-06,7.379158e-06,6.841659e-06,8.145825e-06,8.366665e-06,7.499997e-06,5.670825e-06,7.645829e-06,7.466666e-06
8,53,522.182,0.806,3.26666e-06,2.120829e-06,2.070832e-06,7.21666e-06,3.283326e-06,8.220832e-06,8.620827e-06,5.874999e-06,7.395832e-06,6.908329e-06,8.137496e-06,8.333325e-06,7.508326e-06,5.629166e-06,7.637493e-06,7.424998e-06
8,54,522.342,0.808,3.254159e-06,2.137494e-06,2.04583e-06,7.212496e-06,3.291663e-06,8.274992e-06,8.670831e-06,5.791664e-06,7.362493e-06,6.870826e-06,8.120831e-06,8.333325e-06,7.437499e-06,5.599999e-06,7.574995e-06,7.40416e-06
8,55,522.502,0.81,3.229165e-06,2.13333e-06,2.04583e-06,7.21666e-06,3.262496e-06,8.279165e-06,8.629163e-06,5.799993e-06,7.337499e-06,6.845832e-06,8.149997e-06,8.333325e-06,7.458329e-06,5.620829e-06,7.57916e-06,7.383331e-06
8,56,522.661,0.812,3.237494e-06,2.15416e-06,2.070832e-06,7.220833e-06,3.270833e-06,8.258326e-06,8.624998e-06,5.795829e-06,7.312497e-06,6.874998e-06,8.095829e-06,8.283329e-06,7.416661e-06,5.608328e-06,7.55833e-06,7.366665e-06
8,57,522.821,0.814,3.258332e-06,2.158332e-06,2.029165e-06,7.204159e-06,3.262496e-06,8.224996e-06,8.579159e-06,5.758325e-06,7.324998e-06,6.837495e-06,8.120831e-06,8.320832e-06,7.416661e-06,5.587498e-06,7.508326e-06,7.358328e-06
8,58,522.981,0.816,3.245831e-06,2.124993e-06,2.058331e-06,7.158327e-06,3.262496e-06,8.22916e-06,8.562493e-06,5.770826e-06,7.245827e-06,6.804164e-06,8.10833e-06,8.287493e-06,7.40416e-06,5.579162e-06,7.516662e-06,7.324998e-06
8,59,523.141,0.818,3.187497e-06,2.15416e-06,2.033329e-06,7.099994e-06,3.233329e-06,8.158326e-06,8.608326e-06,5.745832e-06,7.299996e-06,6.791663e-06,8.062498e-06,8.312496e-06,7.374994e-06,5.545831e-06,7.504161e-06,7.287495e-06
8,60,523.301,0.82,3.26666e-06,2.116664e-06,2.037493e-06,7.133333e-06,3.241658e-06,8.199993e-06,8.587495e-06,5.708329e-06,7.274993e-06,6.783327e-06,8.091664e-06,8.283329e-06,7.345827e-06,5.504163e-06,7.466666e-06,7.220833e-06
8,61,523.46,0.822,3.258332e-06,2.166661e-06,2.074997e-06,7.112495e-06,3.258332e-06,8.145825e-06,8.59166e-06,5.699992e-06,7.233326e-06,6.758332e-06,8.037496e-06,8.274992e-06,7.362493e-06,5.487498e-06,7.474995e-06,7.299996e-06
8,62,523.62,0.824,3.245831e-06,2.166661e-06,2.062495e-06,7.104159e-06,3.224993e-06,8.19583e-06,8.574994e-06,5.712493e-06,7.166664e-06,6.704164e-06,8.033331e-06,8.220832e-06,7.329162e-06,5.499999e-06,7.420826e-06,7.28333e-06
8,63,523.78,0.826,3.233329e-06,2.145831e-06,2.054159e-06,7.070827e-06,3.229165e-06,8.158326e-06,8.57083e-06,5.716666e-06,7.120832e-06,6.73333e-06,7.983327e-06,8.258326e-06,7.316661e-06,5.449994e-06,7.416661e-06,7.233326e-06
8,64,523.94,0.828,3.204163e-06,2.145831e-06,2.037493e-06,7.066663e-06,3.220828e-06,8.133332e-06,8.57083e-06,5.662497e-06,7.212496e-06,6.704164e-06,8.012494e-06,8.258326e-06,7.291659e-06,5.433329e-06,7.416661e-06,7.212496e-06
8,65,524.1,0.83,3.245831e-06,2.166661e-06,2.074997e-06,7.037497e-06,3.237494e-06,8.054161e-06,8.558329e-06,5.683327e-06,7.199995e-06,6.716665e-06,7.991664e-06,8.245825e-06,7.266664e-06,5.412499e-06,7.374994e-06,7.220833e-06
8,66,524.259,0.832,3.212492e-06,2.187498e-06,1.97916e-06,7.045825e-06,3.237494e-06,8.104165e-06,8.558329e-06,5.641659e-06,7.166664e-06,6.695827e-06,7.970826e-06,8.224996e-06,7.241662e-06,5.370831e-06,7.362493e-06,7.204159e-06
8,67,524.419,0.834,3.254159e-06,2.162496e-06,2.024992e-06,7.02916e-06,3.204163e-06,8.099993e-06,8.491659e-06,5.641659e-06,7.154163e-06,6.624993e-06,8.004165e-06,8.174999e-06,7.149999e-06,5.391661e-06,7.320825e-06,7.208331e-06
8,68,524.579,0.836,3.254159e-06,2.183326e-06,2.091662e-06,7.004166e-06,3.241658e-06,8.070827e-06,8.541663e-06,5.637495e-06,7.099994e-06,6.645831e-06,7.93333e-06,8.212495e-06,7.220833e-06,5.337492e-06,7.312497e-06,7.183329e-06
8,69,524.739,0.838,3.241658e-06,2.204164e-06,2.091662e-06,7.004166e-06,3.224993e-06,8.091664e-06,8.487495e-06,5.516664e-06,7.141662e-06,6.620828e-06,7.949996e-06,8.208331e-06,7.19583e-06,5.320827e-06,7.28333e-06,7.158327e-06
8,70,524.899,0.84,3.245831e-06,2.174997e-06,2.120829e-06,6.966663e-06,3.233329e-06,8.095829e-06,8.512497e-06,5.616665e-06,7.104159e-06,6.595826e-06,7.949996e-06,8.141661e-06,7.21666e-06,5.304162e-06,7.28333e-06,7.099994e-06
8,71,525.059,0.842,3.224993e-06,2.199992e-06,2.041666e-06,6.845832e-06,3.212492e-06,8.029159e-06,8.495832e-06,5.566661e-06,7.095829e-06,6.574996e-06,7.887498e-06,8.204166e-06,7.145826e-06,5.274995e-06,7.279165e-06,7.120832e-06
8,72,525.218,0.844,3.233329e-06,2.174997e-06,2.112492e-06,6.933331e-06,3.212492e-06,8.079163e-06,8.499996e-06,5.574997e-06,7.062499e-06,6.554159e-06,7.920829e-06,8.179164e-06,7.154163e-06,5.25833e-06,7.220833e-06,7.095829e-06
8,73,525.378,0.846,3.229165e-06,2.199992e-06,2.116664e-06,6.874998e-06,3.216664e-06,8.045832e-06,8.520826e-06,5.55416e-06,7.033332e-06,6.549994e-06,7.887498e-06,8.187492e-06,7.124996e-06,5.212498e-06,7.224997e-06,7.079164e-06
8,74,525.538,0.848,3.212492e-06,2.174997e-06,2.074997e-06,6.924995e-06,3.179161e-06,8.029159e-06,8.474994e-06,5.520828e-06,7.066663e-06,6.524992e-06,7.916665e-06,8.158326e-06,7.108331e-06,5.224999e-06,7.149999e-06,7.066663e-06
8,75,525.698,0.85,3.208327e-06,2.195827e-06,2.120829e-06,6.8875e-06,3.204163e-06,7.999993e-06,8.533327e-06,5.545831e-06,7.012494e-06,6.533329e-06,7.920829e-06,8.141661e-06,7.104159e-06,5.17083e-06,7.170828e-06,7.049998e-06
8,76,525.858,0.852,3.245831e-06,2.195827e-06,2.104163e-06,6.824994e-06,3.183325e-06,8.012494e-06,8.495832e-06,5.504163e-06,7.020831e-06,6.47916e-06,7.891663e-06,8.12916e-06,7.049998e-06,5.158329e-06,7.145826e-06,7.024995e-06
8,77,526.017,0.854,3.220828e-06,2.212493e-06,2.137494e-06,6.854161e-06,3.183325e-06,7.987499e-06,8.445827e-06,5.483325e-06,6.929159e-06,6.441664e-06,7.816664e-06,8.10833e-06,7.02916e-06,5.112497e-06,7.108331e-06,7.024995e-06
8,78,526.177,0.856,3.199998e-06,2.174997e-06,2.070832e-06,6.808329e-06,3.187497e-06,7.94166e-06,8.487495e-06,5.483325e-06,6.937496e-06,6.429163e-06,7.799999e-06,8.133332e-06,7.00833e-06,5.129163e-06,7.095829e-06,6.962498e-06
8,79,526.337,0.858,3.233329e-06,2.162496e-06,2.108328e-06,6.804164e-06,3.162495e-06,7.924994e-06,8.408332e-06,5.437493e-06,6.916666e-06,6.379159e-06,7.816664e-06,8.091664e-06,6.999993e-06,5.058328e-06,7.041661e-06,6.954161e-06
8,80,526.497,0.86,3.187497e-06,2.212493e-06,2.058331e-06,6.762496e-06,3.204163e-06,7.916665e-06,8.45e-06,5.449994e-06,6.899993e-06,6.399997e-06,7.754159e-06,8.099993e-06,6.954161e-06,5.066665e-06,7.054162e-06,6.954161e-06
8,81,526.657,0.862,3.183325e-06,2.241659e-06,2.074997e-06,6.708328e-06,3.191662e-06,7.929166e-06,8.474994e-06,5.44583e-06,6.904165e-06,6.366666e-06,7.820829e-06,8.133332e-06,6.962498e-06,5.024997e-06,7.012494e-06,6.916666e-06
8,82,526.816,0.864,3.149994e-06,2.179162e-06,2.104163e-06,6.704164e-06,3.149994e-06,7.904164e-06,8.429161e-06,5.44583e-06,6.866662e-06,6.354165e-06,7.787497e-06,8.02083e-06,6.949997e-06,4.999995e-06,7.024995e-06,6.916666e-06
8,83,526.976,0.866,3.229165e-06,2.237495e-06,2.108328e-06,6.762496e-06,3.183325e-06,7.879162e-06,8.441662e-06,5.399998e-06,6.845832e-06,6.316662e-06,7.7125e-06,8.054161e-06,6.891664e-06,4.995831e-06,6.974999e-06,6.862497e-06
8,84,527.136,0.868,3.208327e-06,2.195827e-06,2.104163e-06,6.720829e-06,3.133329e-06,7.879162e-06,8.424998e-06,5.391661e-06,6.837495e-06,6.208332e-06,7.729165e-06,7.983327e-06,6.883327e-06,4.958328e-06,6.933331e-06,6.866662e-06
8,85,527.296,0.87,3.191662e-06,2.241659e-06,2.13333e-06,6.691662e-06,3.183325e-06,7.808328e-06,8.337498e-06,5.35833e-06,6.812493e-06,6.312498e-06,7.741666e-06,8.054161e-06,6.858325e-06,4.929161e-06,6.958326e-06,6.833331e-06
8,86,527.456,0.872,3.187497e-06,2.212493e-06,2.083325e-06,6.63333e-06,3.174996e-06,7.874997e-06,8.433326e-06,5.366659e-06,6.816666e-06,6.249992e-06,7.76666e-06,7.995828e-06,6.829158e-06,4.91666e-06,6.899993e-06,6.812493e-06
8,87,527.616,0.874,3.183325e-06,2.208328e-06,2.058331e-06,6.66666e-06,3.158331e-06,7.779161e-06,8.345826e-06,5.341665e-06,6.741659e-06,6.249992e-06,7.699999e-06,7.987499e-06,6.824994e-06,4.866663e-06,6.874998e-06,6.779162e-06
8,88,527.775,0.876,3.158331e-06,2.204164e-06,2.116664e-06,6.620828e-06,3.162495e-06,7.808328e-06,8.412496e-06,5.337492e-06,6.708328e-06,6.233327e-06,7.691661e-06,8.029159e-06,6.745831e-06,4.879165e-06,6.8875e-06,6.762496e-06
8,89,527.935,0.878,3.204163e-06,2.216665e-06,2.112492e-06,6.608327e-06,3.124992e-06,7.804163e-06,8.362492e-06,5.316663e-06,6.729166e-06,6.170829e-06,7.67916e-06,7.949996e-06,6.774998e-06,4.82916e-06,6.837495e-06,6.749995e-06
8,90,528.095,0.88,3.174996e-06,2.199992e-06,2.112492e-06,6.591662e-06,3.129164e-06,7.737493e-06,8.345826e-06,5.291661e-06,6.699999e-06,6.170829e-06,7.658331e-06,7.974998e-06,6.720829e-06,4.820832e-06,6.795828e-06,6.708328e-06
8,91,528.255,0.882,3.124992e-06,2.179162e-06,2.087498e-06,6.587497e-06,3.124992e-06,7.741666e-06,8.262499e-06,5.287496e-06,6.699999e-06,6.154164e-06,7.683333e-06,7.991664e-06,6.791663e-06,4.812495e-06,6.799992e-06,6.73333e-06
8,92,528.415,0.884,3.199998e-06,2.25416e-06,2.170825e-06,6.570832e-06,3.066659e-06,7.729165e-06,8.370828e-06,5.287496e-06,6.658332e-06,6.154164e-06,7.670832e-06,7.94166e-06,6.699999e-06,4.745825e-06,6.783327e-06,6.695827e-06
8,93,528.574,0.886,3.174996e-06,2.266661e-06,2.112492e-06,6.616664e-06,3.170832e-06,7.737493e-06,8.345826e-06,5.233328e-06,6.66666e-06,6.137498e-06,7.645829e-06,7.949996e-06,6.674997e-06,4.737497e-06,6.758332e-06,6.712492e-06
8,94,528.734,0.888,3.212492e-06,2.266661e-06,2.179162e-06,6.554159e-06,3.141666e-06,7.737493e-06,8.345826e-06,5.312499e-06,6.641666e-06,6.149999e-06,7.620828e-06,7.970826e-06,6.683326e-06,4.695829e-06,6.741659e-06,6.687498e-06
8,95,528.894,0.89,3.195826e-06,2.274998e-06,2.15416e-06,6.570832e-06,3.154159e-06,7.741666e-06,8.362492e-06,5.241664e-06,6.624993e-06,6.104159e-06,7.616663e-06,7.954161e-06,6.670833e-06,4.674999e-06,6.716665e-06,6.66666e-06
8,96,529.054,0.892,3.195826e-06,2.274998e-06,2.183326e-06,6.570832e-06,3.16666e-06,7.741666e-06,8.329161e-06,5.199997e-06,6.604163e-06,6.037497e-06,7.649994e-06,7.94166e-06,6.658332e-06,4.608329e-06,6.670833e-06,6.683326e-06
8,97,529.214,0.894,3.224993e-06,2.299992e-06,2.195827e-06,6.524992e-06,3.191662e-06,7.704162e-06,8.324997e-06,5.245829e-06,6.562495e-06,6.045826e-06,7.583332e-06,7.94166e-06,6.620828e-06,4.599992e-06,6.670833e-06,6.612492e-06
8,98,529.374,0.896,3.241658e-06,2.299992e-06,2.174997e-06,6.483333e-06,3.179161e-06,7.720828e-06,8.341662e-06,5.216662e-06,6.587497e-06,6.020832e-06,7.620828e-06,7.866661e-06,6.562495e-06,4.549996e-06,6.56666e-06,6.599998e-06
8,99,529.533,0.898,3.208327e-06,2.279162e-06,2.191663e-06,6.512499e-06,3.162495e-06,7.674996e-06,8.304159e-06,5.220827e-06,6.508326e-06,6.01666e-06,7.562494e-06,7.879162e-06,6.583325e-06,4.545832e-06,6.620828e-06,6.595826e-06
8,100,529.693,0.9,3.170832e-06,2.349997e-06,2.187498e-06,6.491661e-06,3.170832e-06,7.691661e-06,8.358327e-06,5.224999e-06,6.499998e-06,6.004159e-06,7.57916e-06,7.937495e-06,6.54583e-06,4.549996e-06,6.583325e-06,6.570832e-06
8,101,529.853,0.902,3.212492e-06,2.329159e-06,2.220829e-06,6.466659e-06,3.162495e-06,7.662495e-06,8.279165e-06,5.216662e-06,6.512499e-06,5.962499e-06,7.574995e-06,7.874997e-06,6.508326e-06,4.520829e-06,6.574996e-06,6.562495e-06
8,102,530.013,0.904,3.174996e-06,2.304165e-06,2.195827e-06,6.424999e-06,3.149994e-06,7.649994e-06,8.308331e-06,5.179159e-06,6.487497e-06,5.991666e-06,7.562494e-06,7.916665e-06,6.512499e-06,4.499992e-06,6.583325e-06,6.529164e-06
8,103,530.173,0.906,3.224993e-06,2.295828e-06,2.183326e-06,6.404161e-06,3.054166e-06,7.629164e-06,8.299994e-06,5.199997e-06,6.466659e-06,5.962499e-06,7.562494e-06,7.883326e-06,6.499998e-06,4.470825e-06,6.491661e-06,6.491661e-06
8,104,530.332,0.908,3.233329e-06,2.337496e-06,2.216665e-06,6.424999e-06,3.195826e-06,7.620828e-06,8.291666e-06,5.162493e-06,6.424999e-06,5.912495e-06,7.495833e-06,7.841659e-06,6.454166e-06,4.354159e-06,6.512499e-06,6.504162e-06
8,105,530.492,0.91,3.220828e-06,2.295828e-06,2.162496e-06,6.416662e-06,3.154159e-06,7.595825e-06,8.299994e-06,5.145828e-06,6.424999e-06,5.866663e-06,7.516662e-06,7.85416e-06,6.429163e-06,4.424993e-06,6.466659e-06,6.504162e-06
8,106,530.652,0.912,3.220828e-06,2.337496e-06,2.199992e-06,6.383332e-06,3.133329e-06,7.604162e-06,8.262499e-06,5.141664e-06,6.408326e-06,5.887493e-06,7.499997e-06,7.795827e-06,6.412498e-06,4.374997e-06,6.445829e-06,6.470831e-06
8,107,530.812,0.914,3.208327e-06,2.354161e-06,2.199992e-06,6.379159e-06,3.170832e-06,7.562494e-06,8.270827e-06,5.112497e-06,6.404161e-06,5.862498e-06,7.483332e-06,7.820829e-06,6.383332e-06,4.383326e-06,6.433328e-06,6.412498e-06
8,108,530.972,0.916,3.212492e-06,2.329159e-06,2.224994e-06,6.362494e-06,3.137493e-06,7.570831e-06,8.237497e-06,5.120826e-06,6.337492e-06,5.787492e-06,7.454165e-06,7.799999e-06,6.39166e-06,4.320828e-06,6.374995e-06,6.408326e-06
8,109,531.131,0.918,3.158331e-06,2.354161e-06,2.15416e-06,6.345828e-06,3.170832e-06,7.541664e-06,8.254163e-06,5.083331e-06,6.29166e-06,5.837496e-06,7.399996e-06,7.762495e-06,6.299997e-06,4.283325e-06,6.387496e-06,6.399997e-06
8,110,531.291,0.92,3.204163e-06,2.324995e-06,2.199992e-06,6.283331e-06,3.083332e-06,7.449993e-06,8.199993e-06,5.095832e-06,6.324999e-06,5.762497e-06,7.420826e-06,7.729165e-06,6.233327e-06,4.287497e-06,6.354165e-06,6.362494e-06
8,111,531.451,0.922,3.212492e-06,2.354161e-06,2.25416e-06,6.299997e-06,3.162495e-06,7.516662e-06,8.216659e-06,5.041663e-06,6.299997e-06,5.779163e-06,7.437499e-06,7.779161e-06,6.354165e-06,4.241665e-06,6.358329e-06,6.374995e-06
8,112,531.611,0.924,3.195826e-06,2.366662e-06,2.224994e-06,6.316662e-06,3.158331e-06,7.454165e-06,8.162498e-06,4.995831e-06,6.279159e-06,5.745832e-06,7.40416e-06,7.749994e-06,6.262493e-06,4.237493e-06,6.337492e-06,6.358329e-06
8,113,531.771,0.926,3.183325e-06,2.333331e-06,2.229158e-06,6.27083e-06,3.137493e-06,7.408333e-06,8.179164e-06,5.07083e-06,6.274994e-06,5.712493e-06,7.37083e-06,7.729165e-06,6.29166e-06,4.208326e-06,6.254164e-06,6.308325e-06
8,114,531.931,0.928,3.183325e-06,2.362498e-06,2.224994e-06,6.258329e-06,3.141666e-06,7.466666e-06,8.166663e-06,5.095832e-06,6.266665e-06,5.729159e-06,7.374994e-06,7.749994e-06,6.258329e-06,4.17916e-06,6.279159e-06,6.320826e-06
8,115,532.09,0.93,3.229165e-06,2.329159e-06,2.283327e-06,6.279159e-06,3.154159e-06,7.40416e-06,8.183329e-06,5.058328e-06,6.229162e-06,5.691663e-06,7.345827e-06,7.724992e-06,6.224998e-06,4.15833e-06,6.258329e-06,6.304161e-06
8,116,532.25,0.932,3.191662e-06,2.337496e-06,2.258333e-06,6.245828e-06,3.174996e-06,7.445828e-06,8.149997e-06,5.079166e-06,6.191659e-06,5.683327e-06,7.316661e-06,7.74583e-06,6.229162e-06,4.108326e-06,6.229162e-06,6.241663e-06
8,117,532.41,0.934,3.224993e-06,2.391664e-06,2.279162e-06,6.237499e-06,3.141666e-06,7.424998e-06,8.170828e-06,5.004159e-06,6.199996e-06,5.624994e-06,7.320825e-06,7.699999e-06,6.179166e-06,4.087496e-06,6.187495e-06,6.229162e-06
8,118,532.57,0.936,3.16666e-06,2.420831e-06,2.249996e-06,6.166665e-06,3.154159e-06,7.412497e-06,8.158326e-06,5.049992e-06,6.191659e-06,5.662497e-06,7.316661e-06,7.674996e-06,6.174993e-06,4.020826e-06,6.195831e-06,6.229162e-06
8,119,532.73,0.938,3.233329e-06,2.433332e-06,2.279162e-06,6.187495e-06,3.170832e-06,7.362493e-06,8.137496e-06,4.962492e-06,6.133326e-06,5.595827e-06,7.287495e-06,7.67916e-06,6.145827e-06,4.054165e-06,6.145827e-06,6.179166e-06
8,120,532.889,0.94,3.245831e-06,2.437496e-06,2.299992e-06,6.20416e-06,3.120828e-06,7.395832e-06,8.154162e-06,5.024997e-06,6.145827e-06,5.608328e-06,7.287495e-06,7.629164e-06,6.054163e-06,3.995832e-06,6.141663e-06,6.208332e-06
8,121,533.049,0.942,3.204163e-06,2.416658e-06,2.245831e-06,6.124997e-06,3.174996e-06,7.341663e-06,8.124995e-06,4.995831e-06,6.049999e-06,5.583326e-06,7.254163e-06,7.674996e-06,6.112496e-06,3.966665e-06,6.09583e-06,6.166665e-06
8,122,533.209,0.944,3.237494e-06,2.441661e-06,2.312493e-06,6.141663e-06,3.158331e-06,7.320825e-06,8.133332e-06,4.991658e-06,6.091658e-06,5.591663e-06,7.233326e-06,7.666659e-06,6.083329e-06,3.954164e-06,6.087494e-06,6.187495e-06
8,123,533.369,0.946,3.212492e-06,2.433332e-06,2.304165e-06,6.079165e-06,3.16666e-06,7.308332e-06,8.091664e-06,4.966664e-06,6.029161e-06,5.491662e-06,7.212496e-06,7.570831e-06,6.029161e-06,3.929162e-06,6.083329e-06,6.129162e-06
8,124,533.529,0.948,3.179161e-06,2.433332e-06,2.312493e-06,6.024996e-06,3.179161e-06,7.316661e-06,8.112494e-06,4.920832e-06,6.045826e-06,5.558332e-06,7.199995e-06,7.608326e-06,6.045826e-06,3.879165e-06,6.066664e-06,6.120833e-06
8,125,533.688,0.95,3.204163e-06,2.420831e-06,2.32083e-06,6.029161e-06,3.162495e-06,7.291659e-06,8.054161e-06,4.958328e-06,5.987493e-06,5.495826e-06,7.19583e-06,7.529163e-06,5.991666e-06,3.804159e-06,6.033325e-06,6.104159e-06
8,126,533.848,0.952,3.208327e-06,2.441661e-06,2.312493e-06,6.045826e-06,3.149994e-06,7.254163e-06,8.062498e-06,4.920832e-06,5.987493e-06,5.470832e-06,7.095829e-06,7.549993e-06,5.983329e-06,3.820833e-06,6.01666e-06,6.054163e-06
8,127,534.008,0.954,3.187497e-06,2.429159e-06,2.316666e-06,6.037497e-06,3.137493e-06,7.212496e-06,7.999993e-06,4.908331e-06,5.941661e-06,5.362495e-06,7.129161e-06,7.545829e-06,5.924996e-06,3.820833e-06,5.979165e-06,6.049999e-06
8,128,534.168,0.956,3.158331e-06,2.437496e-06,2.333331e-06,6.020832e-06,3.158331e-06,7.208331e-06,8.012494e-06,4.904159e-06,5.90833e-06,5.44583e-06,7.066663e-06,7.529163e-06,5.954162e-06,3.791666e-06,5.999994e-06,6.033325e-06
8,129,534.328,0.958,3.204163e-06,2.445825e-06,2.329159e-06,5.991666e-06,3.108327e-06,7.204159e-06,7.929166e-06,4.874993e-06,5.933332e-06,5.416663e-06,7.083328e-06,7.499997e-06,5.912495e-06,3.737497e-06,5.90833e-06,6.01666e-06
8,130,534.488,0.96,3.187497e-06,2.433332e-06,2.329159e-06,5.962499e-06,3.120828e-06,7.19583e-06,7.991664e-06,4.891666e-06,5.904166e-06,5.362495e-06,7.079164e-06,7.433327e-06,5.941661e-06,3.683329e-06,5.874999e-06,5.999994e-06
8,131,534.647,0.962,3.212492e-06,2.470827e-06,2.358325e-06,5.970828e-06,3.137493e-06,7.179165e-06,7.966662e-06,4.862499e-06,5.849997e-06,5.395826e-06,7.02916e-06,7.479159e-06,5.862498e-06,3.724996e-06,5.941661e-06,5.979165e-06
8,132,534.807,0.964,3.208327e-06,2.491665e-06,2.345832e-06,5.954162e-06,3.154159e-06,7.179165e-06,7.987499e-06,4.870828e-06,5.887493e-06,5.391661e-06,7.041661e-06,7.420826e-06,5.874999e-06,3.69583e-06,5.891665e-06,5.937497e-06
8,133,534.967,0.966,3.208327e-06,2.479164e-06,2.349997e-06,5.899994e-06,3.14583e-06,7.112495e-06,7.958332e-06,4.849998e-06,5.833332e-06,5.383333e-06,6.995829e-06,7.416661e-06,5.849997e-06,3.649998e-06,5.895829e-06,5.904166e-06
8,134,535.127,0.968,3.208327e-06,2.470827e-06,2.312493e-06,5.90833e-06,3.149994e-06,7.112495e-06,7.958332e-06,4.816659e-06,5.837496e-06,5.362495e-06,6.983328e-06,7.408333e-06,5.833332e-06,3.633332e-06,5.870827e-06,5.916659e-06
8,135,535.287,0.97,3.220828e-06,2.491665e-06,2.387492e-06,5.887493e-06,3.05833e-06,7.091665e-06,7.924994e-06,4.812495e-06,5.762497e-06,5.341665e-06,6.945832e-06,7.349992e-06,5.816658e-06,3.591665e-06,5.766662e-06,5.895829e-06
8,136,535.446,0.972,3.179161e-06,2.462498e-06,2.245831e-06,5.858326e-06,3.158331e-06,7.079164e-06,7.916665e-06,4.791665e-06,5.787492e-06,5.337492e-06,6.924995e-06,7.324998e-06,5.795829e-06,3.595829e-06,5.84166e-06,5.883328e-06
8,137,535.606,0.974,3.174996e-06,2.495829e-06,2.404165e-06,5.883328e-06,3.133329e-06,7.104159e-06,7.924994e-06,4.808331e-06,5.762497e-06,5.27916e-06,6.849996e-06,7.345827e-06,5.774998e-06,3.562498e-06,5.820831e-06,5.879164e-06
8,138,535.766,0.976,3.187497e-06,2.504166e-06,2.395828e-06,5.837496e-06,3.16666e-06,7.058326e-06,7.916665e-06,4.779164e-06,5.729159e-06,5.341665e-06,6.879163e-06,7.362493e-06,5.74166e-06,3.566662e-06,5.812494e-06,5.84166e-06
8,139,535.926,0.978,3.120828e-06,2.487493e-06,2.374999e-06,5.799993e-06,3.149994e-06,7.020831e-06,7.858332e-06,4.79583e-06,5.745832e-06,5.274995e-06,6.874998e-06,7.345827e-06,5.733331e-06,3.558326e-06,5.791664e-06,5.84166e-06
8,140,536.086,0.98,3.158331e-06,2.483328e-06,2.420831e-06,5.816658e-06,3.104162e-06,6.995829e-06,7.841659e-06,4.812495e-06,5.670825e-06,5.287496e-06,6.845832e-06,7.308332e-06,5.687499e-06,3.491664e-06,5.816658e-06,5.737495e-06
8,141,536.245,0.982,3.120828e-06,2.52916e-06,2.349997e-06,5.795829e-06,3.133329e-06,6.991665e-06,7.874997e-06,4.766663e-06,5.687499e-06,5.27916e-06,6.833331e-06,7.324998e-06,5.704164e-06,3.499993e-06,5.799993e-06,5.787492e-06
8,142,536.405,0.984,3.212492e-06,2.524996e-06,2.383327e-06,5.766662e-06,3.170832e-06,7.004166e-06,7.820829e-06,4.720831e-06,5.674998e-06,5.220827e-06,6.779162e-06,7.237498e-06,5.704164e-06,3.491664e-06,5.783327e-06,5.774998e-06
8,143,536.565,0.986,3.199998e-06,2.549998e-06,2.374999e-06,5.804165e-06,3.187497e-06,6.983328e-06,7.849995e-06,4.749998e-06,5.645832e-06,5.262494e-06,6.73333e-06,7.274993e-06,5.666661e-06,3.470826e-06,5.762497e-06,5.754161e-06
8,144,536.725,0.988,3.174996e-06,2.483328e-06,2.40833e-06,5.762497e-06,3.154159e-06,6.94166e-06,7.729165e-06,4.724996e-06,5.645832e-06,5.237492e-06,6.791663e-06,7.212496e-06,5.662497e-06,3.449996e-06,5.729159e-06,5.754161e-06
8,145,536.885,0.99,3.170832e-06,2.545826e-06,2.404165e-06,5.729159e-06,3.099998e-06,6.8875e-06,7.783326e-06,4.712494e-06,5.595827e-06,5.254165e-06,6.745831e-06,7.183329e-06,5.645832e-06,3.433331e-06,5.624994e-06,5.704164e-06
8,146,537.045,0.992,3.191662e-06,2.533332e-06,2.333331e-06,5.737495e-06,3.158331e-06,6.904165e-06,7.7125e-06,4.70833e-06,5.599999e-06,5.212498e-06,6.724993e-06,7.133333e-06,5.570825e-06,3.408329e-06,5.708329e-06,5.699992e-06
8,147,537.204,0.994,3.195826e-06,2.545826e-06,2.449997e-06,5.683327e-06,3.174996e-06,6.866662e-06,7.741666e-06,4.741661e-06,5.579162e-06,5.179159e-06,6.691662e-06,7.079164e-06,5.587498e-06,3.399992e-06,5.737495e-06,5.699992e-06
8,148,537.364,0.996,3.187497e-06,2.558327e-06,2.370826e-06,5.712493e-06,3.162495e-06,6.845832e-06,7.741666e-06,4.70833e-06,5.549995e-06,5.212498e-06,6.679161e-06,7.137497e-06,5.616665e-06,3.387499e-06,5.72083e-06,5.683327e-06
8,149,537.524,0.998,3.208327e-06,2.545826e-06,2.437496e-06,5.687499e-06,3.124992e-06,6.866662e-06,7.704162e-06,4.716659e-06,5.541659e-06,5.220827e-06,6.687498e-06,7.137497e-06,5.562496e-06,3.387499e-06,5.704164e-06,5.674998e-06
8,150,537.684,1.0,3.191662e-06,2.558327e-06,2.399993e-06,5.641659e-06,3.170832e-06,6.824994e-06,7.687497e-06,4.712494e-06,5.474997e-06,5.233328e-06,6.620828e-06,7.087493e-06,5.55416e-06,3.362497e-06,5.704164e-06,5.616665e-06
8,151,537.844,1.002,3.195826e-06,2.562499e-06,2.424995e-06,5.666661e-06,3.024999e-06,6.779162e-06,7.666659e-06,4.699993e-06,5.516664e-06,5.162493e-06,6.637494e-06,7.108331e-06,5.587498e-06,3.274997e-06,5.699992e-06,5.658333e-06
8,152,538.003,1.004,3.187497e-06,2.549998e-06,2.379163e-06,5.620829e-06,3.162495e-06,6.791663e-06,7.658331e-06,4.70833e-06,5.504163e-06,5.212498e-06,6.612492e-06,7.02916e-06,5.55416e-06,3.258332e-06,5.691663e-06,5.624994e-06
8,153,538.163,1.006,3.183325e-06,2.570828e-06,2.416658e-06,5.658333e-06,3.087497e-06,6.716665e-06,7.641665e-06,4.599992e-06,5.491662e-06,5.174994e-06,6.562495e-06,6.924995e-06,5.495826e-06,3.33333e-06,5.649996e-06,5.579162e-06
8,154,538.323,1.008,3.179161e-06,2.570828e-06,2.441661e-06,5.616665e-06,3.104162e-06,6.73333e-06,7.55833e-06,4.654161e-06,5.383333e-06,5.174994e-06,6.570832e-06,6.983328e-06,5.520828e-06,3.274997e-06,5.674998e-06,5.587498e-06
8,155,538.483,1.01,3.174996e-06,2.562499e-06,2.462498e-06,5.570825e-06,3.124992e-06,6.699999e-06,7.529163e-06,4.595828e-06,5.420828e-06,5.116661e-06,6.524992e-06,6.983328e-06,5.495826e-06,3.304164e-06,5.670825e-06,5.504163e-06
8,156,538.643,1.012,3.170832e-06,2.579164e-06,2.420831e-06,5.599999e-06,3.066659e-06,6.649995e-06,7.533328e-06,4.679163e-06,5.441666e-06,5.17083e-06,6.516663e-06,6.983328e-06,5.504163e-06,3.283326e-06,5.641659e-06,5.541659e-06
8,157,538.802,1.014,3.174996e-06,2.537497e-06,2.416658e-06,5.612493e-06,3.141666e-06,6.708328e-06,7.554166e-06,4.629159e-06,5.404162e-06,5.208326e-06,6.47916e-06,6.987492e-06,5.504163e-06,3.241658e-06,5.670825e-06,5.55416e-06
8,158,538.962,1.016,3.141666e-06,2.604159e-06,2.470827e-06,5.574997e-06,3.083332e-06,6.649995e-06,7.49166e-06,4.616666e-06,5.395826e-06,5.162493e-06,6.474996e-06,6.829158e-06,5.437493e-06,3.291663e-06,5.658333e-06,5.520828e-06
8,159,539.122,1.018,3.137493e-06,2.566663e-06,2.479164e-06,5.562496e-06,3.158331e-06,6.66666e-06,7.49166e-06,4.637496e-06,5.37916e-06,5.112497e-06,6.499998e-06,6.895828e-06,5.487498e-06,3.245831e-06,5.63333e-06,5.512492e-06
8,160,539.282,1.02,3.179161e-06,2.641662e-06,2.458326e-06,5.558332e-06,3.104162e-06,6.604163e-06,7.504161e-06,4.645832e-06,5.37916e-06,5.179159e-06,6.399997e-06,6.874998e-06,5.462496e-06,3.224993e-06,5.637495e-06,5.462496e-06
8,161,539.442,1.022,3.099998e-06,2.612495e-06,2.458326e-06,5.562496e-06,3.141666e-06,6.629165e-06,7.487496e-06,4.624995e-06,5.324991e-06,5.141664e-06,6.45833e-06,6.866662e-06,5.437493e-06,3.187497e-06,5.65416e-06,5.491662e-06
8,162,539.602,1.024,3.187497e-06,2.587493e-06,2.458326e-06,5.495826e-06,3.154159e-06,6.574996e-06,7.424998e-06,4.645832e-06,5.35833e-06,5.199997e-06,6.379159e-06,6.82083e-06,5.437493e-06,3.224993e-06,5.679162e-06,5.487498e-06
8,163,539.761,1.026,3.212492e-06,2.583329e-06,2.474992e-06,5.537494e-06,3.149994e-06,6.624993e-06,7.420826e-06,4.629159e-06,5.349994e-06,5.187495e-06,6.379159e-06,6.82083e-06,5.474997e-06,3.237494e-06,5.658333e-06,5.487498e-06
8,164,539.921,1.028,3.216664e-06,2.608331e-06,2.533332e-06,5.549995e-06,3.137493e-06,6.587497e-06,7.399996e-06,4.633331e-06,5.324991e-06,5.204161e-06,6.412498e-06,6.816666e-06,5.487498e-06,3.212492e-06,5.666661e-06,5.479161e-06
8,165,540.081,1.03,3.195826e-06,2.679165e-06,2.495829e-06,5.566661e-06,3.124992e-06,6.570832e-06,7.383331e-06,4.629159e-06,5.337492e-06,5.204161e-06,6.333327e-06,6.829158e-06,5.44583e-06,3.224993e-06,5.65416e-06,5.433329e-06
8,166,540.241,1.032,3.191662e-06,2.645826e-06,2.558327e-06,5.508327e-06,3.141666e-06,6.591662e-06,7.366665e-06,4.629159e-06,5.295825e-06,5.195832e-06,6.358329e-06,6.741659e-06,5.454159e-06,3.212492e-06,5.674998e-06,5.433329e-06
8,167,540.401,1.034,3.149994e-06,2.654163e-06,2.491665e-06,5.529165e-06,3.14583e-06,6.56666e-06,7.366665e-06,4.62083e-06,5.308326e-06,5.229163e-06,6.345828e-06,6.783327e-06,5.44583e-06,3.174996e-06,5.670825e-06,5.449994e-06
8,168,540.56,1.036,3.208327e-06,2.637498e-06,2.466663e-06,5.529165e-06,3.162495e-06,6.541665e-06,7.320825e-06,4.649997e-06,5.349994e-06,5.154165e-06,6.345828e-06,6.670833e-06,5.387497e-06,3.208327e-06,5.670825e-06,5.437493e-06
8,169,540.72,1.038,3.174996e-06,2.666664e-06,2.533332e-06,5.491662e-06,3.154159e-06,6.516663e-06,7.266664e-06,4.62083e-06,5.266658e-06,5.208326e-06,6.233327e-06,6.608327e-06,5.44583e-06,3.191662e-06,5.670825e-06,5.408327e-06
8,170,540.88,1.04,3.141666e-06,2.649999e-06,2.52916e-06,5.504163e-06,3.137493e-06,6.516663e-06,7.262492e-06,4.595828e-06,5.304162e-06,5.145828e-06,6.337492e-06,6.729166e-06,5.429165e-06,3.233329e-06,5.691663e-06,5.408327e-06
8,171,541.04,1.042,3.212492e-06,2.68333e-06,2.562499e-06,5.529165e-06,3.124992e-06,6.508326e-06,7.249999e-06,4.595828e-06,5.249993e-06,5.245829e-06,6.324999e-06,6.658332e-06,5.458331e-06,3.154159e-06,5.691663e-06,5.391661e-06
8,172,541.2,1.044,3.187497e-06,2.691658e-06,2.574992e-06,5.520828e-06,3.154159e-06,6.487497e-06,7.245827e-06,4.629159e-06,5.291661e-06,5.254165e-06,6.304161e-06,6.691662e-06,5.441666e-06,3.224993e-06,5.670825e-06,5.329164e-06
8,173,541.36,1.046,3.170832e-06,2.674993e-06,2.566663e-06,5.504163e-06,3.074996e-06,6.47916e-06,7.191666e-06,4.633331e-06,5.27916e-06,5.245829e-06,6.308325e-06,6.641666e-06,5.412499e-06,3.154159e-06,5.704164e-06,5.35833e-06
8,174,541.519,1.048,3.16666e-06,2.695831e-06,2.562499e-06,5.462496e-06,3.141666e-06,6.399997e-06,7.170828e-06,4.637496e-06,5.220827e-06,5.241664e-06,6.254164e-06,6.616664e-06,5.429165e-06,3.187497e-06,5.691663e-06,5.341665e-06
8,175,541.679,1.05,3.187497e-06,2.695831e-06,2.554162e-06,5.474997e-06,3.129164e-06,6.424999e-06,7.145826e-06,4.608329e-06,5.254165e-06,5.245829e-06,6.29166e-06,6.562495e-06,5.433329e-06,3.199998e-06,5.691663e-06,5.362495e-06
8,176,541.839,1.052,3.199998e-06,2.695831e-06,2.570828e-06,5.470832e-06,3.162495e-06,6.45833e-06,7.124996e-06,4.645832e-06,5.233328e-06,5.25833e-06,6.274994e-06,6.570832e-06,5.474997e-06,3.212492e-06,5.729159e-06,5.333328e-06
8,177,541.999,1.054,3.183325e-06,2.729162e-06,2.541661e-06,5.529165e-06,3.120828e-06,6.358329e-06,7.133333e-06,4.629159e-06,5.262494e-06,5.270831e-06,6.237499e-06,6.570832e-06,5.429165e-06,3.16666e-06,5.745832e-06,5.320827e-06
8,178,542.159,1.056,3.174996e-06,2.720825e-06,2.59583e-06,5.495826e-06,3.07916e-06,6.433328e-06,7.108331e-06,4.633331e-06,5.254165e-06,5.27916e-06,6.245828e-06,6.495825e-06,5.412499e-06,3.216664e-06,5.687499e-06,5.324991e-06
8,179,542.318,1.058,3.141666e-06,2.712496e-06,2.583329e-06,5.46666e-06,3.149994e-06,6.349993e-06,7.020831e-06,4.608329e-06,5.262494e-06,5.295825e-06,6.187495e-06,6.466659e-06,5.383333e-06,3.216664e-06,5.729159e-06,5.283332e-06
8,180,542.478,1.06,3.16666e-06,2.699995e-06,2.554162e-06,5.495826e-06,3.14583e-06,6.354165e-06,7.033332e-06,4.633331e-06,5.245829e-06,5.274995e-06,6.224998e-06,6.47916e-06,5.420828e-06,3.237494e-06,5.745832e-06,5.308326e-06
8,181,542.638,1.062,3.170832e-06,2.712496e-06,2.604159e-06,5.508327e-06,3.16666e-06,6.370831e-06,6.94166e-06,4.658325e-06,5.220827e-06,5.337492e-06,6.241663e-06,6.516663e-06,5.458331e-06,3.233329e-06,5.724994e-06,5.291661e-06
8,182,542.798,1.064,3.183325e-06,2.762492e-06,2.570828e-06,5.508327e-06,3.095826e-06,6.341664e-06,7.00833e-06,4.64166e-06,5.220827e-06,5.308326e-06,6.191659e-06,6.495825e-06,5.424992e-06,3.241658e-06,5.724994e-06,5.274995e-06
8,183,542.958,1.066,3.195826e-06,2.741663e-06,2.604159e-06,5.499999e-06,3.116663e-06,6.258329e-06,6.8875e-06,4.629159e-06,5.216662e-06,5.320827e-06,6.249992e-06,6.454166e-06,5.454159e-06,3.216664e-06,5.74166e-06,5.245829e-06
8,184,543.117,1.068,3.162495e-06,2.766665e-06,2.599994e-06,5.512492e-06,3.149994e-06,6.337492e-06,6.92083e-06,4.629159e-06,5.237492e-06,5.370831e-06,6.229162e-06,6.462495e-06,5.433329e-06,3.262496e-06,5.787492e-06,5.291661e-06
8,185,543.277,1.07,3.212492e-06,2.770829e-06,2.633325e-06,5.541659e-06,3.137493e-06,6.320826e-06,6.870826e-06,4.595828e-06,5.233328e-06,5.312499e-06,6.20416e-06,6.420827e-06,5.44583e-06,3.212492e-06,5.758325e-06,5.270831e-06
8,186,543.437,1.072,3.154159e-06,2.754164e-06,2.629161e-06,5.504163e-06,3.158331e-06,6.254164e-06,6.854161e-06,4.654161e-06,5.220827e-06,5.35833e-06,6.216661e-06,6.404161e-06,5.458331e-06,3.212492e-06,5.791664e-06,5.266658e-06
8,187,543.597,1.074,3.187497e-06,2.779166e-06,2.620832e-06,5.520828e-06,3.162495e-06,6.29166e-06,6.783327e-06,4.645832e-06,5.237492e-06,5.370831e-06,6.195831e-06,6.39166e-06,5.470832e-06,3.304164e-06,5.795829e-06,5.27916e-06
8,188,543.757,1.076,3.158331e-06,2.766665e-06,2.624997e-06,5.504163e-06,3.141666e-06,6.283331e-06,6.82083e-06,4.604165e-06,5.241664e-06,5.374996e-06,6.199996e-06,6.412498e-06,5.504163e-06,3.287498e-06,5.84166e-06,5.241664e-06
8,189,543.917,1.078,3.137493e-06,2.766665e-06,2.566663e-06,5.570825e-06,3.16666e-06,6.29166e-06,6.779162e-06,4.624995e-06,5.233328e-06,5.429165e-06,6.170829e-06,6.395833e-06,5.462496e-06,3.287498e-06,5.849997e-06,5.262494e-06
8,190,544.076,1.08,3.183325e-06,2.787495e-06,2.654163e-06,5.504163e-06,3.108327e-06,6.295832e-06,6.75416e-06,4.679163e-06,5.229163e-06,5.420828e-06,6.229162e-06,6.333327e-06,5.512492e-06,3.320829e-06,5.845833e-06,5.266658e-06
8,191,544.236,1.082,3.187497e-06,2.758328e-06,2.629161e-06,5.558332e-06,3.14583e-06,6.29166e-06,6.683326e-06,4.679163e-06,5.229163e-06,5.441666e-06,6.237499e-06,6.374995e-06,5.520828e-06,3.287498e-06,5.858326e-06,5.245829e-06
8,192,544.396,1.084,3.199998e-06,2.774994e-06,2.674993e-06,5.608328e-06,3.154159e-06,6.274994e-06,6.691662e-06,4.674999e-06,5.174994e-06,5.416663e-06,6.245828e-06,6.345828e-06,5.516664e-06,3.349996e-06,5.870827e-06,5.27916e-06
8,193,544.556,1.086,3.183325e-06,2.808333e-06,2.670829e-06,5.579162e-06,3.187497e-06,6.283331e-06,6.691662e-06,4.733332e-06,5.254165e-06,5.470832e-06,6.220826e-06,6.329163e-06,5.558332e-06,3.324993e-06,5.887493e-06,5.249993e-06
8,194,544.716,1.088,3.191662e-06,2.812497e-06,2.649999e-06,5.620829e-06,3.191662e-06,6.283331e-06,6.695827e-06,4.687492e-06,5.266658e-06,5.462496e-06,6.241663e-06,6.358329e-06,5.55416e-06,3.362497e-06,5.883328e-06,5.212498e-06
8,195,544.875,1.09,3.191662e-06,2.774994e-06,2.649999e-06,5.624994e-06,3.170832e-06,6.279159e-06,6.620828e-06,4.70833e-06,5.241664e-06,5.44583e-06,6.254164e-06,6.295832e-06,5.549995e-06,3.35416e-06,5.920831e-06,5.220827e-06
8,196,545.035,1.092,3.191662e-06,2.849992e-06,2.687494e-06,5.624994e-06,3.191662e-06,6.29166e-06,6.637494e-06,4.70833e-06,5.270831e-06,5.516664e-06,6.254164e-06,6.266665e-06,5.599999e-06,3.387499e-06,5.937497e-06,5.266658e-06
8,197,545.195,1.094,3.204163e-06,2.816661e-06,2.68333e-06,5.620829e-06,3.16666e-06,6.29166e-06,6.604163e-06,4.70833e-06,5.270831e-06,5.508327e-06,6.27083e-06,6.324999e-06,5.604164e-06,3.404164e-06,5.958327e-06,5.295825e-06
8,198,545.355,1.096,3.154159e-06,2.845828e-06,2.687494e-06,5.612493e-06,3.220828e-06,6.266665e-06,6.595826e-06,4.749998e-06,5.308326e-06,5.574997e-06,6.29166e-06,6.324999e-06,5.612493e-06,3.416665e-06,5.999994e-06,5.291661e-06
8,199,545.515,1.098,3.216664e-06,2.837499e-06,2.604159e-06,5.674998e-06,3.199998e-06,6.220826e-06,6.554159e-06,4.758326e-06,5.291661e-06,5.574997e-06,6.333327e-06,6.333327e-06,5.566661e-06,3.445832e-06,6.012495e-06,5.254165e-06
8,200,545.674,1.1,3.26666e-06,2.820826e-06,2.695831e-06,5.666661e-06,3.237494e-06,6.27083e-06,6.524992e-06,4.754162e-06,5.283332e-06,5.616665e-06,6.287495e-06,6.316662e-06,5.649996e-06,3.445832e-06,6.037497e-06,5.287496e-06
8,201,545.834,1.102,3.212492e-06,2.854164e-06,2.720825e-06,5.699992e-06,3.191662e-06,6.283331e-06,6.529164e-06,4.695829e-06,5.312499e-06,5.579162e-06,6.295832e-06,6.274994e-06,5.620829e-06,3.433331e-06,5.99583e-06,5.291661e-06
8,202,545.994,1.104,3.220828e-06,2.845828e-06,2.712496e-06,5.699992e-06,3.195826e-06,6.279159e-06,6.429163e-06,4.741661e-06,5.299997e-06,5.591663e-06,6.308325e-06,6.283331e-06,5.679162e-06,3.491664e-06,6.049999e-06,5.349994e-06
8,203,546.154,1.106,3.216664e-06,2.874994e-06,2.724997e-06,5.733331e-06,3.212492e-06,6.283331e-06,6.474996e-06,4.799994e-06,5.245829e-06,5.629166e-06,6.349993e-06,6.304161e-06,5.683327e-06,3.52083e-06,6.074993e-06,5.320827e-06
8,204,546.314,1.108,3.262496e-06,2.854164e-06,2.674993e-06,5.733331e-06,3.162495e-06,6.229162e-06,6.441664e-06,4.783328e-06,5.362495e-06,5.620829e-06,6.374995e-06,6.29166e-06,5.72083e-06,3.529159e-06,6.029161e-06,5.27916e-06
8,205,546.474,1.11,3.241658e-06,2.862493e-06,2.749991e-06,5.724994e-06,3.229165e-06,6.308325e-06,6.404161e-06,4.824996e-06,5.341665e-06,5.666661e-06,6.316662e-06,6.274994e-06,5.733331e-06,3.529159e-06,6.137498e-06,5.329164e-06
8,206,546.633,1.112,3.212492e-06,2.895832e-06,2.71666e-06,5.74166e-06,3.220828e-06,6.295832e-06,6.379159e-06,4.779164e-06,5.391661e-06,5.645832e-06,6.387496e-06,6.220826e-06,5.754161e-06,3.599993e-06,6.137498e-06,5.333328e-06
8,207,546.793,1.114,3.229165e-06,2.862493e-06,2.754164e-06,5.799993e-06,3.245831e-06,6.337492e-06,6.337492e-06,4.808331e-06,5.337492e-06,5.679162e-06,6.412498e-06,6.295832e-06,5.791664e-06,3.583328e-06,6.162492e-06,5.399998e-06
8,208,546.953,1.116,3.245831e-06,2.899996e-06,2.712496e-06,5.791664e-06,3.241658e-06,6.324999e-06,6.295832e-06,4.820832e-06,5.408327e-06,5.724994e-06,6.39166e-06,6.320826e-06,5.787492e-06,3.616659e-06,6.187495e-06,5.366659e-06
8,209,547.113,1.118,3.220828e-06,2.908325e-06,2.758328e-06,5.866663e-06,3.224993e-06,6.304161e-06,6.279159e-06,4.870828e-06,5.441666e-06,5.72083e-06,6.429163e-06,6.295832e-06,5.80833e-06,3.620831e-06,6.141663e-06,5.345829e-06
8,210,547.273,1.12,3.237494e-06,2.887495e-06,2.754164e-06,5.854161e-06,3.283326e-06,6.370831e-06,6.333327e-06,4.879165e-06,5.412499e-06,5.762497e-06,6.429163e-06,6.279159e-06,5.833332e-06,3.60833e-06,6.20416e-06,5.374996e-06
8,211,547.432,1.122,3.245831e-06,2.899996e-06,2.720825e-06,5.883328e-06,3.220828e-06,6.341664e-06,6.262493e-06,4.824996e-06,5.470832e-06,5.766662e-06,6.424999e-06,6.283331e-06,5.816658e-06,3.558326e-06,6.241663e-06,5.416663e-06
8,212,547.592,1.124,3.279162e-06,2.920826e-06,2.78333e-06,5.879164e-06,3.254159e-06,6.358329e-06,6.299997e-06,4.870828e-06,5.454159e-06,5.820831e-06,6.454166e-06,6.179166e-06,5.887493e-06,3.708331e-06,6.245828e-06,5.424992e-06
8,213,547.752,1.126,3.220828e-06,2.912498e-06,2.766665e-06,5.883328e-06,3.262496e-06,6.345828e-06,6.283331e-06,4.891666e-06,5.462496e-06,5.837496e-06,6.474996e-06,6.308325e-06,5.883328e-06,3.708331e-06,6.27083e-06,5.395826e-06
8,214,547.912,1.128,3.262496e-06,2.904161e-06,2.779166e-06,5.912495e-06,3.26666e-06,6.39166e-06,6.249992e-06,4.949999e-06,5.53333e-06,5.80833e-06,6.529164e-06,6.304161e-06,5.933332e-06,3.745826e-06,6.333327e-06,5.491662e-06
8,215,548.072,1.13,3.245831e-06,2.937492e-06,2.787495e-06,5.924996e-06,3.274997e-06,6.379159e-06,6.20416e-06,4.920832e-06,5.520828e-06,5.870827e-06,6.549994e-06,6.324999e-06,5.920831e-06,3.774993e-06,6.320826e-06,5.458331e-06
8,216,548.232,1.132,3.258332e-06,2.941664e-06,2.78333e-06,5.949998e-06,3.262496e-06,6.341664e-06,6.220826e-06,4.941662e-06,5.541659e-06,5.883328e-06,6.570832e-06,6.27083e-06,5.962499e-06,3.787494e-06,6.333327e-06,5.470832e-06
8,217,548.391,1.134,3.254159e-06,2.929163e-06,2.787495e-06,5.937497e-06,3.270833e-06,6.333327e-06,6.170829e-06,4.949999e-06,5.520828e-06,5.924996e-06,6.570832e-06,6.295832e-06,5.983329e-06,3.779165e-06,6.404161e-06,5.479161e-06
8,218,548.551,1.136,3.26666e-06,2.933327e-06,2.770829e-06,6.012495e-06,3.274997e-06,6.404161e-06,6.191659e-06,4.970829e-06,5.570825e-06,5.958327e-06,6.583325e-06,6.337492e-06,5.999994e-06,3.833326e-06,6.399997e-06,5.529165e-06
8,219,548.711,1.138,3.299999e-06,2.937492e-06,2.833327e-06,6.004159e-06,3.262496e-06,6.412498e-06,6.174993e-06,4.987494e-06,5.599999e-06,5.949998e-06,6.616664e-06,6.29166e-06,6.066664e-06,3.854163e-06,6.424999e-06,5.545831e-06
8,220,548.871,1.14,3.279162e-06,2.949993e-06,2.812497e-06,6.054163e-06,3.308328e-06,6.429163e-06,6.191659e-06,5.029162e-06,5.612493e-06,5.974992e-06,6.620828e-06,6.349993e-06,6.054163e-06,3.866664e-06,6.395833e-06,5.55416e-06
8,221,549.031,1.142,3.308328e-06,2.924999e-06,2.799996e-06,6.066664e-06,3.287498e-06,6.454166e-06,6.162492e-06,4.995831e-06,5.587498e-06,5.987493e-06,6.662496e-06,6.333327e-06,6.099995e-06,3.941663e-06,6.445829e-06,5.583326e-06
8,222,549.19,1.144,3.287498e-06,2.949993e-06,2.808333e-06,6.041662e-06,3.316665e-06,6.454166e-06,6.170829e-06,5.033326e-06,5.645832e-06,6.037497e-06,6.679161e-06,6.358329e-06,6.083329e-06,3.920825e-06,6.495825e-06,5.583326e-06
8,223,549.35,1.146,3.291663e-06,2.962494e-06,2.812497e-06,6.091658e-06,3.283326e-06,6.433328e-06,6.162492e-06,5.033326e-06,5.687499e-06,6.045826e-06,6.695827e-06,6.387496e-06,6.129162e-06,4.008325e-06,6.487497e-06,5.604164e-06
8,224,549.51,1.148,3.270833e-06,2.949993e-06,2.829162e-06,6.09583e-06,3.295827e-06,6.470831e-06,6.133326e-06,5.049992e-06,5.616665e-06,6.070828e-06,6.704164e-06,6.358329e-06,6.158328e-06,3.995832e-06,6.537493e-06,5.645832e-06
8,225,549.67,1.15,3.312492e-06,2.99166e-06,2.824998e-06,6.154164e-06,3.295827e-06,6.516663e-06,6.149999e-06,5.112497e-06,5.695828e-06,6.120833e-06,6.704164e-06,6.420827e-06,6.20416e-06,4.033327e-06,6.574996e-06,5.641659e-06
8,226,549.83,1.152,3.33333e-06,2.983332e-06,2.808333e-06,6.054163e-06,3.329166e-06,6.491661e-06,6.120833e-06,5.10416e-06,5.716666e-06,6.112496e-06,6.75416e-06,6.395833e-06,6.195831e-06,4.012497e-06,6.595826e-06,5.683327e-06
8,227,549.989,1.154,3.308328e-06,2.987496e-06,2.758328e-06,6.191659e-06,3.33333e-06,6.56666e-06,6.104159e-06,5.141664e-06,5.749996e-06,6.145827e-06,6.787499e-06,6.362494e-06,6.262493e-06,4.062494e-06,6.637494e-06,5.704164e-06
8,228,550.149,1.156,3.274997e-06,3.016663e-06,2.841663e-06,6.220826e-06,3.341659e-06,6.595826e-06,6.149999e-06,5.129163e-06,5.80833e-06,6.166665e-06,6.791663e-06,6.449994e-06,6.283331e-06,4.154166e-06,6.683326e-06,5.766662e-06
8,229,550.309,1.158,3.35416e-06,2.995825e-06,2.874994e-06,6.241663e-06,3.391663e-06,6.616664e-06,6.174993e-06,5.204161e-06,5.770826e-06,6.149999e-06,6.874998e-06,6.483333e-06,6.308325e-06,4.137492e-06,6.712492e-06,5.737495e-06
8,230,550.469,1.16,3.299999e-06,3.049993e-06,2.883331e-06,6.299997e-06,3.404164e-06,6.637494e-06,6.162492e-06,5.204161e-06,5.866663e-06,6.241663e-06,6.837495e-06,6.499998e-06,6.329163e-06,4.17916e-06,6.745831e-06,5.799993e-06
8,231,550.629,1.162,3.391663e-06,3.045829e-06,2.866665e-06,6.304161e-06,3.395828e-06,6.691662e-06,6.133326e-06,5.241664e-06,5.904166e-06,6.283331e-06,6.933331e-06,6.466659e-06,6.416662e-06,4.166659e-06,6.770825e-06,5.879164e-06
8,232,550.789,1.164,3.379162e-06,3.008326e-06,2.854164e-06,6.324999e-06,3.391663e-06,6.691662e-06,6.20416e-06,5.237492e-06,5.916659e-06,6.312498e-06,6.958326e-06,6.499998e-06,6.379159e-06,4.216663e-06,6.812493e-06,5.824995e-06
8,233,550.948,1.166,3.387499e-06,3.037492e-06,2.879159e-06,6.39166e-06,3.42083e-06,6.741659e-06,6.216661e-06,5.287496e-06,5.966663e-06,6.295832e-06,6.949997e-06,6.541665e-06,6.387496e-06,4.266659e-06,6.833331e-06,5.904166e-06
8,234,551.108,1.168,3.383326e-06,3.066659e-06,2.904161e-06,6.366666e-06,3.445832e-06,6.741659e-06,6.220826e-06,5.283332e-06,5.920831e-06,6.27083e-06,6.979164e-06,6.529164e-06,6.487497e-06,4.283325e-06,6.8875e-06,5.945826e-06
8,235,551.268,1.17,3.408329e-06,2.987496e-06,2.887495e-06,6.466659e-06,3.454161e-06,6.770825e-06,6.254164e-06,5.287496e-06,5.945826e-06,6.374995e-06,7.066663e-06,6.604163e-06,6.495825e-06,4.354159e-06,6.92083e-06,5.999994e-06
8,236,551.428,1.172,3.408329e-06,3.074996e-06,2.949993e-06,6.454166e-06,3.466662e-06,6.829158e-06,6.18333e-06,5.374996e-06,6.024996e-06,6.429163e-06,7.095829e-06,6.591662e-06,6.562495e-06,4.362496e-06,6.949997e-06,5.999994e-06
8,237,551.588,1.174,3.429159e-06,3.041665e-06,2.916662e-06,6.474996e-06,3.458325e-06,6.824994e-06,6.262493e-06,5.362495e-06,6.054163e-06,6.416662e-06,7.087493e-06,6.654159e-06,6.558331e-06,4.412492e-06,6.954161e-06,5.924996e-06
8,238,551.747,1.176,3.404164e-06,3.016663e-06,2.862493e-06,6.541665e-06,3.466662e-06,6.841659e-06,6.254164e-06,5.395826e-06,6.112496e-06,6.45833e-06,7.141662e-06,6.662496e-06,6.641666e-06,4.43333e-06,6.991665e-06,6.074993e-06
8,239,551.907,1.178,3.404164e-06,3.091661e-06,2.908325e-06,6.520828e-06,3.529159e-06,6.883327e-06,6.316662e-06,5.391661e-06,6.104159e-06,6.47916e-06,7.095829e-06,6.708328e-06,6.637494e-06,4.449995e-06,7.033332e-06,6.083329e-06
8,240,552.067,1.18,3.445832e-06,3.095826e-06,2.916662e-06,6.562495e-06,3.512494e-06,6.895828e-06,6.304161e-06,5.404162e-06,6.104159e-06,6.533329e-06,7.241662e-06,6.729166e-06,6.679161e-06,4.504164e-06,7.087493e-06,6.162492e-06
8,241,552.227,1.182,3.445832e-06,3.091661e-06,2.924999e-06,6.624993e-06,3.508329e-06,6.954161e-06,6.345828e-06,5.499999e-06,6.174993e-06,6.524992e-06,7.262492e-06,6.795828e-06,6.745831e-06,4.508328e-06,7.079164e-06,6.191659e-06
8,242,552.387,1.184,3.466662e-06,3.116663e-06,2.941664e-06,6.558331e-06,3.516658e-06,6.970827e-06,6.370831e-06,5.487498e-06,6.229162e-06,6.587497e-06,7.274993e-06,6.816666e-06,6.741659e-06,4.537495e-06,7.133333e-06,6.191659e-06
8,243,552.546,1.186,3.495828e-06,3.133329e-06,2.933327e-06,6.579161e-06,3.529159e-06,7.033332e-06,6.412498e-06,5.558332e-06,6.254164e-06,6.620828e-06,7.345827e-06,6.795828e-06,6.82083e-06,4.570826e-06,7.187494e-06,6.245828e-06
8,244,552.706,1.188,3.412493e-06,3.045829e-06,2.966658e-06,6.712492e-06,3.562498e-06,7.012494e-06,6.424999e-06,5.541659e-06,6.224998e-06,6.649995e-06,7.354164e-06,6.841659e-06,6.770825e-06,4.62083e-06,7.224997e-06,6.220826e-06
8,245,552.866,1.19,3.524995e-06,3.108327e-06,2.987496e-06,6.758332e-06,3.558326e-06,7.083328e-06,6.454166e-06,5.566661e-06,6.329163e-06,6.641666e-06,7.358328e-06,6.854161e-06,6.849996e-06,4.654161e-06,7.241662e-06,6.316662e-06
8,246,553.026,1.192,3.512494e-06,3.112499e-06,3.012498e-06,6.787499e-06,3.616659e-06,7.095829e-06,6.445829e-06,5.579162e-06,6.320826e-06,6.704164e-06,7.416661e-06,6.924995e-06,6.879163e-06,4.691664e-06,7.254163e-06,6.345828e-06
8,247,553.186,1.194,3.516658e-06,3.124992e-06,2.937492e-06,6.82083e-06,3.591665e-06,7.070827e-06,6.537493e-06,5.591663e-06,6.374995e-06,6.758332e-06,7.454165e-06,6.94166e-06,6.92083e-06,4.70833e-06,7.262492e-06,6.354165e-06
8,248,553.346,1.196,3.52083e-06,3.179161e-06,3.012498e-06,6.791663e-06,3.62916e-06,7.174993e-06,6.516663e-06,5.670825e-06,6.379159e-06,6.737494e-06,7.474995e-06,6.979164e-06,6.966663e-06,4.737497e-06,7.329162e-06,6.312498e-06
8,249,553.505,1.198,3.537496e-06,3.108327e-06,3.012498e-06,6.879163e-06,3.62916e-06,7.170828e-06,6.583325e-06,5.691663e-06,6.445829e-06,6.808329e-06,7.466666e-06,6.999993e-06,6.991665e-06,4.79583e-06,7.362493e-06,6.416662e-06
8,250,553.665,1.2,3.570827e-06,3.108327e-06,2.974995e-06,6.8875e-06,3.62916e-06,7.254163e-06,6.595826e-06,5.704164e-06,6.441664e-06,6.779162e-06,7.541664e-06,7.049998e-06,7.00833e-06,4.82916e-06,7.383331e-06,6.449994e-06
8,251,553.825,1.202,3.558326e-06,3.174996e-06,3.016663e-06,6.924995e-06,3.637497e-06,7.237498e-06,6.629165e-06,5.749996e-06,6.45833e-06,6.879163e-06,7.587496e-06,7.074992e-06,7.016659e-06,4.824996e-06,7.449993e-06,6.466659e-06
8,252,553.985,1.204,3.60833e-06,3.162495e-06,3.004161e-06,6.970827e-06,3.62916e-06,7.28333e-06,6.641666e-06,5.762497e-06,6.541665e-06,6.870826e-06,7.566658e-06,7.095829e-06,7.049998e-06,4.883329e-06,7.445828e-06,6.495825e-06
8,253,554.145,1.206,3.587492e-06,3.14583e-06,3.008326e-06,6.987492e-06,3.658326e-06,7.329162e-06,6.708328e-06,5.804165e-06,6.529164e-06,6.899993e-06,7.654166e-06,7.070827e-06,7.095829e-06,4.89583e-06,7.47083e-06,6.487497e-06
8,254,554.304,1.208,3.620831e-06,3.204163e-06,3.012498e-06,7.070827e-06,3.654162e-06,7.337499e-06,6.758332e-06,5.795829e-06,6.604163e-06,6.937496e-06,7.683333e-06,7.179165e-06,7.129161e-06,4.949999e-06,7.545829e-06,6.604163e-06
8,255,554.464,1.21,3.649998e-06,3.170832e-06,3.066659e-06,7.095829e-06,3.658326e-06,7.424998e-06,6.758332e-06,5.862498e-06,6.595826e-06,6.94166e-06,7.762495e-06,7.212496e-06,7.179165e-06,4.979165e-06,7.545829e-06,6.624993e-06
8,256,554.624,1.212,3.645825e-06,3.229165e-06,3.016663e-06,7.112495e-06,3.737497e-06,7.424998e-06,6.829158e-06,5.849997e-06,6.579161e-06,6.983328e-06,7.74583e-06,7.279165e-06,7.199995e-06,5.033326e-06,7.633328e-06,6.616664e-06
8,257,554.784,1.214,3.658326e-06,3.191662e-06,3.033328e-06,7.166664e-06,3.720832e-06,7.454165e-06,6.804164e-06,5.845833e-06,6.674997e-06,7.02916e-06,7.820829e-06,7.295831e-06,7.224997e-06,5.054164e-06,7.633328e-06,6.683326e-06
8,258,554.944,1.216,3.662499e-06,3.224993e-06,3.087497e-06,7.179165e-06,3.779165e-06,7.516662e-06,6.895828e-06,5.966663e-06,6.708328e-06,7.049998e-06,7.887498e-06,7.37083e-06,7.274993e-06,5.095832e-06,7.645829e-06,6.695827e-06
8,259,555.104,1.218,3.687493e-06,3.237494e-06,3.070831e-06,7.245827e-06,3.762492e-06,7.529163e-06,6.958326e-06,5.933332e-06,6.741659e-06,7.099994e-06,7.895827e-06,7.374994e-06,7.287495e-06,5.095832e-06,7.616663e-06,6.766661e-06
8,260,555.263,1.22,3.724996e-06,3.254159e-06,3.095826e-06,7.270829e-06,3.770828e-06,7.574995e-06,6.966663e-06,5.999994e-06,6.770825e-06,7.11666e-06,7.924994e-06,7.354164e-06,7.345827e-06,5.116661e-06,7.729165e-06,6.816666e-06
8,261,555.423,1.222,3.699994e-06,3.245831e-06,3.099998e-06,7.291659e-06,3.799995e-06,7.608326e-06,7.012494e-06,6.020832e-06,6.799992e-06,7.141662e-06,7.916665e-06,7.437499e-06,7.349992e-06,5.174994e-06,7.724992e-06,6.795828e-06
8,262,555.583,1.224,3.712495e-06,3.245831e-06,3.070831e-06,7.316661e-06,3.766664e-06,7.662495e-06,7.049998e-06,6.049999e-06,6.799992e-06,7.1625e-06,8.029159e-06,7.479159e-06,7.391659e-06,5.229163e-06,7.787497e-06,6.8875e-06
8,263,555.743,1.226,3.720832e-06,3.270833e-06,3.087497e-06,7.37083e-06,3.841662e-06,7.616663e-06,7.091665e-06,6.091658e-06,6.849996e-06,7.191666e-06,8.04166e-06,7.520827e-06,7.358328e-06,5.19166e-06,7.791662e-06,6.879163e-06
8,264,555.903,1.228,3.737497e-06,3.254159e-06,3.070831e-06,7.374994e-06,3.829161e-06,7.695826e-06,7.141662e-06,6.091658e-06,6.904165e-06,7.212496e-06,8.091664e-06,7.554166e-06,7.420826e-06,5.254165e-06,7.820829e-06,6.929159e-06
8,265,556.062,1.23,3.737497e-06,3.158331e-06,3.062495e-06,7.437499e-06,3.849999e-06,7.720828e-06,7.133333e-06,6.133326e-06,6.866662e-06,7.233326e-06,8.087492e-06,7.479159e-06,7.474995e-06,5.174994e-06,7.83333e-06,6.962498e-06
8,266,556.222,1.232,3.754163e-06,3.26666e-06,3.099998e-06,7.437499e-06,3.833326e-06,7.733329e-06,7.245827e-06,6.166665e-06,6.908329e-06,7.254163e-06,8.074999e-06,7.658331e-06,7.49166e-06,5.316663e-06,7.887498e-06,6.999993e-06
8,267,556.382,1.234,3.799995e-06,3.279162e-06,3.14583e-06,7.495833e-06,3.866664e-06,7.795827e-06,7.220833e-06,6.162492e-06,6.94166e-06,7.295831e-06,8.191665e-06,7.637493e-06,7.529163e-06,5.366659e-06,7.924994e-06,7.062499e-06
