SWEEP_IDX,POINT,TIME,V_GATE,I_CH0,I_CH1,I_CH2,I_CH3,I_CH4,I_CH5,I_CH6,I_CH7,I_CH8,I_CH9,I_CH10,I_CH11,I_CH12,I_CH13,I_CH14,I_CH15,DIRAC_SWEEP_IDX,DIRAC_V_FWD_CH0,DIRAC_V_FWD_CH1,DIRAC_V_FWD_CH2,DIRAC_V_FWD_CH3,DIRAC_V_FWD_CH4,DIRAC_V_FWD_CH5,DIRAC_V_FWD_CH6,DIRAC_V_FWD_CH7,DIRAC_V_FWD_CH8,DIRAC_V_FWD_CH9,DIRAC_V_FWD_CH10,DIRAC_V_FWD_CH11,DIRAC_V_FWD_CH12,DIRAC_V_FWD_CH13,DIRAC_V_FWD_CH14,DIRAC_V_FWD_CH15,DIRAC_V_REV_CH0,DIRAC_V_REV_CH1,DIRAC_V_REV_CH2,DIRAC_V_REV_CH3,DIRAC_V_REV_CH4,DIRAC_V_REV_CH5,DIRAC_V_REV_CH6,DIRAC_V_REV_CH7,DIRAC_V_REV_CH8,DIRAC_V_REV_CH9,DIRAC_V_REV_CH10,DIRAC_V_REV_CH11,DIRAC_V_REV_CH12,DIRAC_V_REV_CH13,DIRAC_V_REV_CH14,DIRAC_V_REV_CH15
0,0,-0.0,0.0,1.4562495e-05,1.5379166e-05,1.5787498e-05,1.5729165e-05,-8.7508e-08,1.521666e-05,-7.0834e-08,1.4429164e-05,1.5379166e-05,1.6074999e-05,1.6362492e-05,1.549166e-05,1.5849995e-05,1.6620827e-05,1.0795831e-05,1.696666e-05
0,1,0.151,0.002,1.5604162e-05,1.6145825e-05,1.6433327e-05,1.622916e-05,-1.6673e-08,1.5554166e-05,-1.6673e-08,1.4704164e-05,1.5545829e-05,1.6308331e-05,1.649166e-05,1.5679161e-05,1.5945832e-05,1.6687496e-05,1.0858329e-05,1.7045832e-05
0,2,0.302,0.004,1.5662496e-05,1.6166663e-05,1.6512497e-05,1.6249998e-05,8.329e-09,1.5629164e-05,8.329e-09,1.4741659e-05,1.5541666e-05,1.6354163e-05,1.649166e-05,1.57125e-05,1.5949996e-05,1.6683332e-05,1.0858329e-05,1.7045832e-05
0,3,0.453,0.006,1.5641666e-05,1.6133332e-05,1.6512497e-05,1.621666e-05,2.083e-08,1.5637494e-05,2.083e-08,1.4737495e-05,1.5520827e-05,1.6358328e-05,1.6474994e-05,1.57125e-05,1.594166e-05,1.6670831e-05,1.0849993e-05,1.7041659e-05
0,4,0.603,0.008,1.5616662e-05,1.609583e-05,1.649166e-05,1.6174999e-05,2.9159e-08,1.5624992e-05,2.9159e-08,1.4716665e-05,1.5487496e-05,1.6341663e-05,1.645e-05,1.5695827e-05,1.5924994e-05,1.6654165e-05,1.0829162e-05,1.7024993e-05
0,5,0.754,0.01,1.5587497e-05,1.6062499e-05,1.6462493e-05,1.6137497e-05,4.166e-08,1.5612499e-05,3.7495e-08,1.4691663e-05,1.5462494e-05,1.6316661e-05,1.6424998e-05,1.5674996e-05,1.5904165e-05,1.6637492e-05,1.0816661e-05,1.7012493e-05
0,6,0.905,0.012,1.5554166e-05,1.6020831e-05,1.6429161e-05,1.6099993e-05,4.5832e-08,1.5583333e-05,4.5832e-08,1.4658332e-05,1.5429163e-05,1.6291666e-05,1.639583e-05,1.564583e-05,1.5874997e-05,1.6608326e-05,1.0795831e-05,1.6979162e-05
0,7,1.056,0.014,1.5525e-05,1.5983327e-05,1.639583e-05,1.6058326e-05,4.166e-08,1.5558329e-05,4.166e-08,1.4629165e-05,1.5395832e-05,1.6270827e-05,1.6370828e-05,1.5616662e-05,1.5862497e-05,1.6587495e-05,1.0779167e-05,1.6962496e-05
0,8,1.207,0.016,1.5499998e-05,1.5949996e-05,1.6362492e-05,1.6029158e-05,4.9996e-08,1.5529164e-05,4.9996e-08,1.4591662e-05,1.5362493e-05,1.6237498e-05,1.6341663e-05,1.5587497e-05,1.5837495e-05,1.6562493e-05,1.0754164e-05,1.6937494e-05
0,9,1.358,0.018,1.5462494e-05,1.592083e-05,1.6333326e-05,1.5995829e-05,4.9996e-08,1.5508325e-05,5.8325e-08,1.4570832e-05,1.5337499e-05,1.6212494e-05,1.6316661e-05,1.5562495e-05,1.5816664e-05,1.6545828e-05,1.0737499e-05,1.6916665e-05
0,10,1.508,0.02,1.5437499e-05,1.5883326e-05,1.6299995e-05,1.5962498e-05,5.4161e-08,1.5474994e-05,5.4161e-08,1.4533329e-05,1.530416e-05,1.6183329e-05,1.6287493e-05,1.5529164e-05,1.5795827e-05,1.6520826e-05,1.0708332e-05,1.6887498e-05
0,11,1.659,0.022,1.5408334e-05,1.5854161e-05,1.6274993e-05,1.593333e-05,6.2497e-08,1.5449992e-05,5.8325e-08,1.4508327e-05,1.5279165e-05,1.6162499e-05,1.6266664e-05,1.5508325e-05,1.5770833e-05,1.650416e-05,1.0695831e-05,1.6870832e-05
0,12,1.81,0.024,1.5383332e-05,1.5824993e-05,1.6241662e-05,1.5904165e-05,5.8325e-08,1.5420826e-05,5.8325e-08,1.4470832e-05,1.525e-05,1.6129159e-05,1.6245825e-05,1.5474994e-05,1.5745831e-05,1.6479167e-05,1.0670828e-05,1.684583e-05
0,13,1.961,0.026,1.535833e-05,1.5799998e-05,1.6220833e-05,1.5879163e-05,6.2497e-08,1.5395832e-05,5.8325e-08,1.4441665e-05,1.5224997e-05,1.6104166e-05,1.621666e-05,1.5454165e-05,1.5729165e-05,1.6462493e-05,1.0658327e-05,1.6829164e-05
0,14,2.112,0.028,1.5333326e-05,1.576666e-05,1.6191665e-05,1.5845832e-05,6.2497e-08,1.537083e-05,6.6662e-08,1.4408326e-05,1.5195831e-05,1.6083328e-05,1.6195831e-05,1.5424999e-05,1.5708327e-05,1.6437498e-05,1.0624997e-05,1.6799999e-05
0,15,2.263,0.03,1.530416e-05,1.5733329e-05,1.6162499e-05,1.5816664e-05,6.6662e-08,1.5341664e-05,6.6662e-08,1.4379159e-05,1.5174993e-05,1.6054162e-05,1.6170827e-05,1.5399997e-05,1.5679161e-05,1.6412496e-05,1.061666e-05,1.6783333e-05
0,16,2.414,0.032,1.5283331e-05,1.57125e-05,1.6133332e-05,1.5783326e-05,6.6662e-08,1.5312497e-05,7.0826e-08,1.4349993e-05,1.5141662e-05,1.6029158e-05,1.6141661e-05,1.537083e-05,1.5662496e-05,1.6391659e-05,1.0587493e-05,1.6754166e-05
0,17,2.564,0.034,1.5245827e-05,1.5683334e-05,1.6104166e-05,1.5758331e-05,6.6662e-08,1.5291658e-05,6.6662e-08,1.4324999e-05,1.5120832e-05,1.6004165e-05,1.6129159e-05,1.5349991e-05,1.5637494e-05,1.6374994e-05,1.0570828e-05,1.6733329e-05
0,18,2.715,0.036,1.5233326e-05,1.565833e-05,1.6079164e-05,1.5729165e-05,6.2497e-08,1.5262493e-05,7.0826e-08,1.429166e-05,1.5087493e-05,1.5979163e-05,1.609583e-05,1.5316662e-05,1.5612499e-05,1.6349999e-05,1.0554163e-05,1.6708327e-05
0,19,2.866,0.038,1.5199995e-05,1.5629164e-05,1.6054162e-05,1.5704163e-05,7.0826e-08,1.5233326e-05,6.6662e-08,1.4266666e-05,1.5066664e-05,1.5958332e-05,1.6079164e-05,1.5291658e-05,1.5595826e-05,1.6329161e-05,1.052916e-05,1.6691662e-05
0,20,3.017,0.04,1.5174993e-05,1.5608326e-05,1.6029158e-05,1.5683334e-05,7.0826e-08,1.521666e-05,7.0826e-08,1.4237499e-05,1.5045825e-05,1.593333e-05,1.6054162e-05,1.5274994e-05,1.5574995e-05,1.6312495e-05,1.0516659e-05,1.6674996e-05
0,21,3.168,0.042,1.5154163e-05,1.557916e-05,1.6004165e-05,1.5649994e-05,7.0826e-08,1.5183329e-05,7.4999e-08,1.420416e-05,1.5012495e-05,1.5908328e-05,1.6033331e-05,1.5241662e-05,1.5549993e-05,1.6283329e-05,1.0487493e-05,1.6645829e-05
0,22,3.319,0.044,1.5124997e-05,1.5558329e-05,1.5970827e-05,1.5624992e-05,7.4999e-08,1.51625e-05,7.4999e-08,1.4183331e-05,1.4991665e-05,1.5891663e-05,1.6008329e-05,1.5220833e-05,1.5529164e-05,1.6266664e-05,1.0470828e-05,1.6624999e-05
0,23,3.469,0.046,1.5104159e-05,1.5529164e-05,1.5949996e-05,1.5595826e-05,7.4999e-08,1.5133333e-05,7.4999e-08,1.415e-05,1.4962498e-05,1.5862497e-05,1.5979163e-05,1.5195831e-05,1.5504162e-05,1.6237498e-05,1.0449998e-05,1.6599997e-05
0,24,3.62,0.048,1.5079165e-05,1.5499998e-05,1.592083e-05,1.5574995e-05,6.6662e-08,1.5108331e-05,7.0826e-08,1.4124998e-05,1.4941661e-05,1.5841659e-05,1.5962498e-05,1.5170828e-05,1.5487496e-05,1.6224996e-05,1.0437497e-05,1.6583332e-05
0,25,3.771,0.05,1.5054163e-05,1.547916e-05,1.5899999e-05,1.5545829e-05,7.9163e-08,1.5083328e-05,8.3327e-08,1.4099995e-05,1.4912494e-05,1.5816664e-05,1.5937496e-05,1.5145826e-05,1.5454165e-05,1.6195831e-05,1.040833e-05,1.6554164e-05
0,26,3.922,0.052,1.5024996e-05,1.5449992e-05,1.5870826e-05,1.5520827e-05,7.4999e-08,1.5058326e-05,7.4999e-08,1.4066664e-05,1.4895829e-05,1.5795827e-05,1.592083e-05,1.5120832e-05,1.5437499e-05,1.6179165e-05,1.0391665e-05,1.6533328e-05
0,27,4.073,0.054,1.5004166e-05,1.5420826e-05,1.5845832e-05,1.5495832e-05,7.9163e-08,1.502916e-05,7.9163e-08,1.4037498e-05,1.4862498e-05,1.5770833e-05,1.5891663e-05,1.509583e-05,1.5412497e-05,1.6149997e-05,1.0366663e-05,1.6508333e-05
0,28,4.224,0.056,1.4974999e-05,1.5395832e-05,1.5824993e-05,1.547083e-05,7.4999e-08,1.5012495e-05,8.3327e-08,1.4012496e-05,1.484166e-05,1.5749994e-05,1.5874997e-05,1.5079165e-05,1.5399997e-05,1.6137497e-05,1.0354162e-05,1.6487495e-05
0,29,4.374,0.058,1.4954162e-05,1.5374993e-05,1.5795827e-05,1.5445828e-05,7.9163e-08,1.4983329e-05,7.9163e-08,1.3983329e-05,1.4812494e-05,1.5720829e-05,1.5849995e-05,1.5045825e-05,1.5374993e-05,1.610833e-05,1.032916e-05,1.6462493e-05
0,30,4.525,0.06,1.4929159e-05,1.5345828e-05,1.576666e-05,1.5420826e-05,7.9163e-08,1.4958326e-05,7.9163e-08,1.3958327e-05,1.4791663e-05,1.5704163e-05,1.5829166e-05,1.5024996e-05,1.5354164e-05,1.6091664e-05,1.0312494e-05,1.6441663e-05
0,31,4.676,0.062,1.490833e-05,1.5324998e-05,1.5741665e-05,1.5391659e-05,7.4999e-08,1.4929159e-05,7.9163e-08,1.3920831e-05,1.4762497e-05,1.5670832e-05,1.5804164e-05,1.4999993e-05,1.5324998e-05,1.6062499e-05,1.0283327e-05,1.6416661e-05
0,32,4.827,0.064,1.4883328e-05,1.5299996e-05,1.5720829e-05,1.537083e-05,7.4999e-08,1.4904165e-05,8.3327e-08,1.3899994e-05,1.4741659e-05,1.5654166e-05,1.5783326e-05,1.4983329e-05,1.5308333e-05,1.6049997e-05,1.0274998e-05,1.6399996e-05
0,33,4.978,0.066,1.4862498e-05,1.5279165e-05,1.5695827e-05,1.5341664e-05,7.9163e-08,1.4879163e-05,8.3327e-08,1.3870827e-05,1.4716665e-05,1.5629164e-05,1.576666e-05,1.4954162e-05,1.5279165e-05,1.6024995e-05,1.0245832e-05,1.6370828e-05
0,34,5.129,0.068,1.4833331e-05,1.525e-05,1.5666659e-05,1.5316662e-05,7.9163e-08,1.4858325e-05,8.3327e-08,1.3849997e-05,1.4695827e-05,1.5608326e-05,1.5741665e-05,1.4933332e-05,1.5262493e-05,1.5999993e-05,1.0233331e-05,1.6349999e-05
0,35,5.28,0.07,1.4812494e-05,1.5229161e-05,1.5641666e-05,1.5295831e-05,7.9163e-08,1.4829159e-05,7.9163e-08,1.3816659e-05,1.4670833e-05,1.5587497e-05,1.5720829e-05,1.4904165e-05,1.5237499e-05,1.5979163e-05,1.0208329e-05,1.6329161e-05
0,36,5.43,0.072,1.4787499e-05,1.5199995e-05,1.5620828e-05,1.5270829e-05,7.9163e-08,1.4804164e-05,8.3327e-08,1.3791664e-05,1.4649995e-05,1.5562495e-05,1.5699998e-05,1.4883328e-05,1.521666e-05,1.5962498e-05,1.0191663e-05,1.6308331e-05
0,37,5.581,0.074,1.4766661e-05,1.5179166e-05,1.5595826e-05,1.5245827e-05,8.3327e-08,1.4779162e-05,8.3327e-08,1.3766662e-05,1.4620829e-05,1.5541666e-05,1.5674996e-05,1.4862498e-05,1.5191667e-05,1.5937496e-05,1.0166661e-05,1.6283329e-05
0,38,5.732,0.076,1.4741659e-05,1.5158327e-05,1.5570831e-05,1.5224997e-05,8.3327e-08,1.4762497e-05,8.3327e-08,1.374166e-05,1.4604163e-05,1.5520827e-05,1.565833e-05,1.484166e-05,1.5174993e-05,1.592083e-05,1.0149995e-05,1.62625e-05
0,39,5.883,0.078,1.4720829e-05,1.5133333e-05,1.5549993e-05,1.5195831e-05,8.3327e-08,1.4729166e-05,8.3327e-08,1.3712493e-05,1.4570832e-05,1.5499998e-05,1.5633328e-05,1.4812494e-05,1.5145826e-05,1.5895828e-05,1.0129165e-05,1.6241662e-05
0,40,6.034,0.08,1.4695827e-05,1.5104159e-05,1.5520827e-05,1.5174993e-05,8.3327e-08,1.4712493e-05,8.3327e-08,1.3691663e-05,1.4554159e-05,1.547916e-05,1.5616662e-05,1.4795828e-05,1.5133333e-05,1.5879163e-05,1.0112492e-05,1.621666e-05
0,41,6.185,0.082,1.4674997e-05,1.5079165e-05,1.5499998e-05,1.5145826e-05,8.7492e-08,1.4679162e-05,8.3327e-08,1.3658333e-05,1.4520828e-05,1.5454165e-05,1.5583333e-05,1.4766661e-05,1.5104159e-05,1.5849995e-05,1.0091662e-05,1.6191665e-05
0,42,6.335,0.084,1.4649995e-05,1.5062499e-05,1.547083e-05,1.5124997e-05,8.7492e-08,1.4658332e-05,8.7492e-08,1.3637495e-05,1.4504162e-05,1.5424999e-05,1.5570831e-05,1.4745831e-05,1.5083328e-05,1.583333e-05,1.0070833e-05,1.6174999e-05
0,43,6.486,0.086,1.4624993e-05,1.5037497e-05,1.5449992e-05,1.5099994e-05,8.7492e-08,1.463333e-05,8.7492e-08,1.3608328e-05,1.4474996e-05,1.5408334e-05,1.5545829e-05,1.4720829e-05,1.5058326e-05,1.5808328e-05,1.004583e-05,1.6145825e-05
0,44,6.637,0.088,1.4599998e-05,1.5008331e-05,1.5424999e-05,1.5070827e-05,8.3327e-08,1.4608328e-05,8.3327e-08,1.3583326e-05,1.4454166e-05,1.5383332e-05,1.5525e-05,1.4699999e-05,1.5037497e-05,1.5787498e-05,1.0033329e-05,1.6124995e-05
0,45,6.788,0.09,1.4579161e-05,1.4983329e-05,1.5399997e-05,1.5045825e-05,8.3327e-08,1.4579161e-05,8.7492e-08,1.3549996e-05,1.4425e-05,1.5362493e-05,1.5499998e-05,1.4670833e-05,1.5012495e-05,1.5758331e-05,1.0004163e-05,1.609583e-05
0,46,6.939,0.092,1.4554159e-05,1.4958326e-05,1.537083e-05,1.5024996e-05,8.7492e-08,1.4558331e-05,8.3327e-08,1.353333e-05,1.4408326e-05,1.5341664e-05,1.547916e-05,1.4649995e-05,1.499583e-05,1.5741665e-05,9.987497e-06,1.6079164e-05
0,47,7.09,0.094,1.4533329e-05,1.4933332e-05,1.5349991e-05,1.5004166e-05,8.7492e-08,1.4533329e-05,8.7492e-08,1.3495826e-05,1.4379159e-05,1.5316662e-05,1.545833e-05,1.4624993e-05,1.4970827e-05,1.5716663e-05,9.966659e-06,1.6054162e-05
0,48,7.241,0.096,1.4508327e-05,1.4912494e-05,1.5320826e-05,1.4979164e-05,8.3327e-08,1.45125e-05,8.3327e-08,1.3474997e-05,1.435833e-05,1.5295831e-05,1.5437499e-05,1.4604163e-05,1.4945833e-05,1.5695827e-05,9.945829e-06,1.6037497e-05
0,49,7.391,0.098,1.4487497e-05,1.4891664e-05,1.5299996e-05,1.4962498e-05,8.7492e-08,1.4491661e-05,8.3327e-08,1.3449995e-05,1.4341665e-05,1.5279165e-05,1.5424999e-05,1.4587497e-05,1.4933332e-05,1.5679161e-05,9.933328e-06,1.6012495e-05
0,50,7.542,0.1,1.4466659e-05,1.4866662e-05,1.5279165e-05,1.4933332e-05,8.3327e-08,1.4462495e-05,8.7492e-08,1.3420829e-05,1.4312498e-05,1.525e-05,1.5395832e-05,1.4558331e-05,1.4899992e-05,1.5649994e-05,9.912499e-06,1.5991664e-05
0,51,7.693,0.102,1.4441665e-05,1.4845832e-05,1.5254163e-05,1.490833e-05,8.3327e-08,1.4441665e-05,8.7492e-08,1.3399998e-05,1.429166e-05,1.5229161e-05,1.5379166e-05,1.4537493e-05,1.48875e-05,1.5633328e-05,9.891661e-06,1.5966662e-05
0,52,7.844,0.104,1.4420827e-05,1.482083e-05,1.5229161e-05,1.4883328e-05,9.1664e-08,1.4416662e-05,9.1664e-08,1.336666e-05,1.4266666e-05,1.5208332e-05,1.5349991e-05,1.45125e-05,1.4858325e-05,1.5608326e-05,9.866659e-06,1.594166e-05
0,53,7.995,0.106,1.439166e-05,1.4795828e-05,1.5204159e-05,1.4862498e-05,8.7492e-08,1.4395833e-05,8.7492e-08,1.334583e-05,1.4241664e-05,1.5191667e-05,1.5333326e-05,1.4495826e-05,1.484166e-05,1.5587497e-05,9.849993e-06,1.592083e-05
0,54,8.146,0.108,1.4366667e-05,1.4766661e-05,1.5174993e-05,1.4833331e-05,8.7492e-08,1.435833e-05,8.7492e-08,1.3312499e-05,1.4212497e-05,1.51625e-05,1.5308333e-05,1.4466659e-05,1.4812494e-05,1.5562495e-05,9.824999e-06,1.5891663e-05
0,55,8.296,0.11,1.4345828e-05,1.4745831e-05,1.5154163e-05,1.4812494e-05,8.7492e-08,1.4337492e-05,9.5828e-08,1.3291661e-05,1.4195832e-05,1.5141662e-05,1.5291658e-05,1.4441665e-05,1.4787499e-05,1.5541666e-05,9.808326e-06,1.5874997e-05
0,56,8.447,0.112,1.4320826e-05,1.4720829e-05,1.5124997e-05,1.4779162e-05,9.1664e-08,1.4312498e-05,9.1664e-08,1.325833e-05,1.4162492e-05,1.5112495e-05,1.5262493e-05,1.4416662e-05,1.4762497e-05,1.5512498e-05,9.779159e-06,1.5841659e-05
0,57,8.598,0.114,1.4295832e-05,1.4695827e-05,1.5099994e-05,1.475416e-05,8.7492e-08,1.4287496e-05,8.7492e-08,1.3237493e-05,1.4141663e-05,1.509583e-05,1.5241662e-05,1.4395833e-05,1.4741659e-05,1.5495832e-05,9.766666e-06,1.582083e-05
0,58,8.749,0.116,1.4274994e-05,1.4666661e-05,1.5074992e-05,1.4724994e-05,9.1664e-08,1.4258329e-05,9.1664e-08,1.3204161e-05,1.4112497e-05,1.5066664e-05,1.5212496e-05,1.4366667e-05,1.4712493e-05,1.5462494e-05,9.7375e-06,1.5791662e-05
0,59,8.9,0.118,1.4245828e-05,1.4645831e-05,1.5049998e-05,1.4708328e-05,9.5828e-08,1.4233327e-05,9.1664e-08,1.3183331e-05,1.4091666e-05,1.5049998e-05,1.5199995e-05,1.4345828e-05,1.4691663e-05,1.5445828e-05,9.720826e-06,1.5770833e-05
0,60,9.051,0.12,1.4224998e-05,1.4616664e-05,1.5020832e-05,1.4674997e-05,9.1664e-08,1.4208333e-05,9.1664e-08,1.3145828e-05,1.4058328e-05,1.5016659e-05,1.5166665e-05,1.4316663e-05,1.4666661e-05,1.5416663e-05,9.695832e-06,1.5737494e-05
0,61,9.201,0.122,1.4191659e-05,1.4591662e-05,1.499583e-05,1.4649995e-05,8.7492e-08,1.4183331e-05,9.1664e-08,1.3124998e-05,1.4037498e-05,1.4999993e-05,1.5149999e-05,1.4299997e-05,1.4649995e-05,1.5399997e-05,9.674995e-06,1.5720829e-05
0,62,9.352,0.124,1.417083e-05,1.456666e-05,1.4970827e-05,1.4629165e-05,9.1664e-08,1.415e-05,9.1664e-08,1.309166e-05,1.4008331e-05,1.4974999e-05,1.5120832e-05,1.4266666e-05,1.4616664e-05,1.5366666e-05,9.654164e-06,1.5695827e-05
0,63,9.503,0.126,1.4141663e-05,1.454583e-05,1.4945833e-05,1.4595827e-05,8.7492e-08,1.4133327e-05,9.1664e-08,1.3066665e-05,1.3987494e-05,1.4949997e-05,1.5099994e-05,1.4245828e-05,1.4599998e-05,1.5349991e-05,9.633327e-06,1.5666659e-05
0,64,9.654,0.128,1.4120833e-05,1.45125e-05,1.4916666e-05,1.4570832e-05,9.5828e-08,1.4099995e-05,9.1664e-08,1.3037499e-05,1.3954163e-05,1.4924995e-05,1.5074992e-05,1.4212497e-05,1.4570832e-05,1.5316662e-05,9.608332e-06,1.5637494e-05
0,65,9.805,0.13,1.4095831e-05,1.4487497e-05,1.4891664e-05,1.4554159e-05,8.7492e-08,1.4079165e-05,9.5828e-08,1.3012496e-05,1.3937497e-05,1.4899992e-05,1.5058326e-05,1.4195832e-05,1.4541666e-05,1.5295831e-05,9.591659e-06,1.5616662e-05
0,66,9.956,0.132,1.4074993e-05,1.4462495e-05,1.4866662e-05,1.4520828e-05,9.1664e-08,1.4054163e-05,9.5828e-08,1.2979166e-05,1.390833e-05,1.4874999e-05,1.502916e-05,1.4166665e-05,1.4520828e-05,1.5270829e-05,9.566665e-06,1.559166e-05
0,67,10.107,0.134,1.4045827e-05,1.4437493e-05,1.4837496e-05,1.4499999e-05,9.1664e-08,1.4029161e-05,9.1664e-08,1.2954163e-05,1.3883328e-05,1.4854161e-05,1.5012495e-05,1.4145828e-05,1.4499999e-05,1.5245827e-05,9.545827e-06,1.5566658e-05
0,68,10.257,0.136,1.4024997e-05,1.4408326e-05,1.4808329e-05,1.4470832e-05,9.5828e-08,1.399583e-05,9.1664e-08,1.2924997e-05,1.3854162e-05,1.4829159e-05,1.4983329e-05,1.4116661e-05,1.4470832e-05,1.521666e-05,9.520832e-06,1.5537493e-05
0,69,10.408,0.138,1.3999995e-05,1.4387496e-05,1.4787499e-05,1.4441665e-05,9.1664e-08,1.3970828e-05,9.1664e-08,1.2904159e-05,1.3833332e-05,1.4808329e-05,1.4962498e-05,1.4091666e-05,1.4445829e-05,1.5199995e-05,9.508331e-06,1.5516662e-05
0,70,10.559,0.14,1.3970828e-05,1.435833e-05,1.4758332e-05,1.4416662e-05,9.5828e-08,1.3945826e-05,9.5828e-08,1.28625e-05,1.3795829e-05,1.4774998e-05,1.4929159e-05,1.4058328e-05,1.4412499e-05,1.5166665e-05,9.474993e-06,1.5487496e-05
0,71,10.71,0.142,1.3941662e-05,1.4329164e-05,1.4737495e-05,1.439166e-05,9.1664e-08,1.3920831e-05,9.1664e-08,1.2841661e-05,1.3779163e-05,1.475416e-05,1.4912494e-05,1.4041662e-05,1.4395833e-05,1.5145826e-05,9.458327e-06,1.5462494e-05
0,72,10.861,0.144,1.3920831e-05,1.4304161e-05,1.4704164e-05,1.4366667e-05,9.1664e-08,1.3891665e-05,9.5828e-08,1.2808331e-05,1.3749996e-05,1.4729166e-05,1.48875e-05,1.4012496e-05,1.4366667e-05,1.511666e-05,9.433325e-06,1.5433327e-05
0,73,11.012,0.146,1.3895829e-05,1.4279159e-05,1.4679162e-05,1.4341665e-05,9.1664e-08,1.3866663e-05,9.5828e-08,1.2787493e-05,1.3729159e-05,1.4708328e-05,1.4866662e-05,1.3991666e-05,1.4345828e-05,1.5099994e-05,9.412495e-06,1.5412497e-05
0,74,11.162,0.148,1.3870827e-05,1.4254165e-05,1.4649995e-05,1.4312498e-05,9.5828e-08,1.3837496e-05,9.5828e-08,1.2749998e-05,1.3695828e-05,1.4674997e-05,1.4837496e-05,1.3966664e-05,1.4316663e-05,1.5066664e-05,9.387493e-06,1.5379166e-05
0,75,11.313,0.15,1.3845834e-05,1.4233327e-05,1.4624993e-05,1.429166e-05,9.5828e-08,1.3816659e-05,9.1664e-08,1.272916e-05,1.3674999e-05,1.4658332e-05,1.482083e-05,1.3941662e-05,1.4295832e-05,1.5049998e-05,9.366663e-06,1.535833e-05
0,76,11.464,0.152,1.3824995e-05,1.4212497e-05,1.4604163e-05,1.4262493e-05,9.5828e-08,1.3791664e-05,9.5828e-08,1.270833e-05,1.365416e-05,1.4637494e-05,1.4804164e-05,1.391666e-05,1.4274994e-05,1.502916e-05,9.349998e-06,1.5341664e-05
0,77,11.615,0.154,1.3804166e-05,1.4187495e-05,1.4583326e-05,1.4241664e-05,9.5828e-08,1.3762497e-05,9.5828e-08,1.2674999e-05,1.362083e-05,1.46125e-05,1.4774998e-05,1.3891665e-05,1.4241664e-05,1.499583e-05,9.324996e-06,1.530416e-05
0,78,11.766,0.156,1.3770827e-05,1.4154164e-05,1.4549994e-05,1.4208333e-05,9.1664e-08,1.3737495e-05,9.9993e-08,1.2649997e-05,1.3604164e-05,1.4587497e-05,1.4749996e-05,1.3866663e-05,1.4220826e-05,1.4974999e-05,9.30833e-06,1.5283331e-05
0,79,11.917,0.158,1.3745833e-05,1.4124998e-05,1.4520828e-05,1.4183331e-05,9.9993e-08,1.3704165e-05,9.1664e-08,1.2616666e-05,1.3570825e-05,1.4562495e-05,1.4720829e-05,1.3841661e-05,1.4195832e-05,1.4945833e-05,9.279163e-06,1.5254163e-05
0,80,12.068,0.16,1.372083e-05,1.410416e-05,1.4495826e-05,1.4158329e-05,9.5828e-08,1.3683327e-05,9.5828e-08,1.2591664e-05,1.3549996e-05,1.4533329e-05,1.4704164e-05,1.3816659e-05,1.417083e-05,1.4924995e-05,9.262498e-06,1.5229161e-05
0,81,12.218,0.162,1.3699992e-05,1.4079165e-05,1.4466659e-05,1.4129162e-05,9.5828e-08,1.365416e-05,9.1664e-08,1.2558333e-05,1.3512492e-05,1.45125e-05,1.4674997e-05,1.3787492e-05,1.4137499e-05,1.4895829e-05,9.233332e-06,1.5199995e-05
0,82,12.369,0.164,1.3670826e-05,1.4049999e-05,1.4441665e-05,1.4108332e-05,9.5828e-08,1.3629166e-05,9.5828e-08,1.2533331e-05,1.3491663e-05,1.4491661e-05,1.465416e-05,1.3766662e-05,1.4116661e-05,1.4870827e-05,9.212494e-06,1.5179166e-05
0,83,12.52,0.166,1.3645832e-05,1.4020832e-05,1.4412499e-05,1.4074993e-05,9.9993e-08,1.3595827e-05,9.5828e-08,1.2499992e-05,1.3458332e-05,1.445833e-05,1.4620829e-05,1.3733332e-05,1.4087494e-05,1.4837496e-05,9.187492e-06,1.5145826e-05
0,84,12.671,0.168,1.362083e-05,1.399583e-05,1.4387496e-05,1.4049999e-05,9.5828e-08,1.3574998e-05,9.5828e-08,1.2479162e-05,1.3441666e-05,1.4441665e-05,1.4604163e-05,1.3712493e-05,1.4066664e-05,1.482083e-05,9.166662e-06,1.5120832e-05
0,85,12.822,0.17,1.3595827e-05,1.3970828e-05,1.4362494e-05,1.4024997e-05,9.5828e-08,1.3541659e-05,9.9993e-08,1.2445831e-05,1.3404163e-05,1.4408326e-05,1.4574996e-05,1.3679162e-05,1.4033326e-05,1.4787499e-05,9.14166e-06,1.5087493e-05
0,86,12.973,0.172,1.3562497e-05,1.3941662e-05,1.4333327e-05,1.3991666e-05,9.5828e-08,1.3516665e-05,9.9993e-08,1.2420829e-05,1.3379161e-05,1.4387496e-05,1.4549994e-05,1.365416e-05,1.4012496e-05,1.4766661e-05,9.124994e-06,1.5066664e-05
0,87,13.123,0.174,1.3541659e-05,1.391666e-05,1.4304161e-05,1.3970828e-05,1.04165e-07,1.3491663e-05,9.9993e-08,1.2387498e-05,1.3349994e-05,1.435833e-05,1.4520828e-05,1.3624994e-05,1.3979165e-05,1.4729166e-05,9.095827e-06,1.5033333e-05
0,88,13.274,0.176,1.3512492e-05,1.3891665e-05,1.4279159e-05,1.3945826e-05,9.5828e-08,1.3462496e-05,9.9993e-08,1.2362496e-05,1.3329164e-05,1.4337492e-05,1.45125e-05,1.3608328e-05,1.3958327e-05,1.4712493e-05,9.074998e-06,1.5016659e-05
0,89,13.425,0.178,1.3487498e-05,1.3866663e-05,1.4249992e-05,1.3912495e-05,9.5828e-08,1.3437494e-05,9.5828e-08,1.2329165e-05,1.3299998e-05,1.4308325e-05,1.4474996e-05,1.3570825e-05,1.3929161e-05,1.4679162e-05,9.049996e-06,1.4983329e-05
0,90,13.576,0.18,1.3462496e-05,1.3837496e-05,1.4220826e-05,1.3887493e-05,9.5828e-08,1.3408328e-05,9.5828e-08,1.2304163e-05,1.3274996e-05,1.4283331e-05,1.4454166e-05,1.3549996e-05,1.3899994e-05,1.4658332e-05,9.033331e-06,1.4962498e-05
0,91,13.727,0.182,1.3437494e-05,1.380833e-05,1.4195832e-05,1.3866663e-05,9.5828e-08,1.3374996e-05,9.9993e-08,1.226666e-05,1.3245829e-05,1.4254165e-05,1.4425e-05,1.3520829e-05,1.3870827e-05,1.4629165e-05,9.004164e-06,1.4924995e-05
0,92,13.878,0.184,1.3408328e-05,1.3779163e-05,1.4166665e-05,1.3833332e-05,1.04165e-07,1.3349994e-05,1.04165e-07,1.2241666e-05,1.3220827e-05,1.4233327e-05,1.4404161e-05,1.3495826e-05,1.3849997e-05,1.4604163e-05,8.983326e-06,1.4899992e-05
0,93,14.029,0.186,1.3383333e-05,1.3754161e-05,1.4133327e-05,1.3799993e-05,9.5828e-08,1.3316663e-05,9.9993e-08,1.2208327e-05,1.3183331e-05,1.4199996e-05,1.4370831e-05,1.346666e-05,1.3816659e-05,1.4574996e-05,8.958332e-06,1.4866662e-05
0,94,14.179,0.188,1.3354166e-05,1.3724994e-05,1.4112497e-05,1.3774999e-05,9.9993e-08,1.3299998e-05,9.5828e-08,1.217916e-05,1.3166666e-05,1.4179166e-05,1.4354166e-05,1.3441666e-05,1.3791664e-05,1.4554159e-05,8.937494e-06,1.4845832e-05
0,95,14.33,0.19,1.3333329e-05,1.3695828e-05,1.4079165e-05,1.3745833e-05,9.5828e-08,1.3262495e-05,1.04165e-07,1.2145829e-05,1.3124998e-05,1.4145828e-05,1.4316663e-05,1.3408328e-05,1.3762497e-05,1.4516663e-05,8.908328e-06,1.4812494e-05
0,96,14.481,0.192,1.3299998e-05,1.3670826e-05,1.4049999e-05,1.372083e-05,9.5828e-08,1.3241664e-05,1.04165e-07,1.2120827e-05,1.3104161e-05,1.4124998e-05,1.4304161e-05,1.3391662e-05,1.374166e-05,1.4495826e-05,8.891662e-06,1.4787499e-05
0,97,14.632,0.194,1.3274996e-05,1.3641659e-05,1.4024997e-05,1.36875e-05,9.9993e-08,1.3212498e-05,9.9993e-08,1.2087497e-05,1.3070829e-05,1.4095831e-05,1.4266666e-05,1.3354166e-05,1.3704165e-05,1.4462495e-05,8.862496e-06,1.475416e-05
0,98,14.783,0.196,1.3249994e-05,1.3616665e-05,1.399583e-05,1.3662498e-05,9.9993e-08,1.3183331e-05,9.9993e-08,1.205833e-05,1.3041663e-05,1.4070829e-05,1.4245828e-05,1.3329164e-05,1.3683327e-05,1.4437493e-05,8.841665e-06,1.4724994e-05
0,99,14.934,0.198,1.3216662e-05,1.3583326e-05,1.3966664e-05,1.3633331e-05,9.9993e-08,1.3149993e-05,9.9993e-08,1.2029163e-05,1.3012496e-05,1.4037498e-05,1.4216662e-05,1.3295826e-05,1.3649996e-05,1.4404161e-05,8.812499e-06,1.4695827e-05
0,100,15.084,0.2,1.319166e-05,1.3558332e-05,1.3937497e-05,1.3608328e-05,9.5828e-08,1.3120826e-05,1.04165e-07,1.1999997e-05,1.2987494e-05,1.4020832e-05,1.4195832e-05,1.3270831e-05,1.3629166e-05,1.4383332e-05,8.791661e-06,1.4670833e-05
0,101,15.235,0.202,1.3162494e-05,1.3529166e-05,1.390833e-05,1.3574998e-05,9.9993e-08,1.309166e-05,9.9993e-08,1.1966666e-05,1.2958328e-05,1.3987494e-05,1.4162492e-05,1.3241664e-05,1.3595827e-05,1.4349993e-05,8.766659e-06,1.4641666e-05
0,102,15.386,0.204,1.3137499e-05,1.3499999e-05,1.3879164e-05,1.3549996e-05,9.5828e-08,1.3066665e-05,9.9993e-08,1.1937499e-05,1.2933326e-05,1.3958327e-05,1.4141663e-05,1.3216662e-05,1.3570825e-05,1.4329164e-05,8.745829e-06,1.46125e-05
0,103,15.537,0.206,1.3112497e-05,1.3479162e-05,1.3858326e-05,1.3529166e-05,9.5828e-08,1.3045827e-05,9.9993e-08,1.1920825e-05,1.291666e-05,1.3945826e-05,1.4124998e-05,1.3199997e-05,1.3549996e-05,1.4308325e-05,8.729164e-06,1.4591662e-05
0,104,15.688,0.208,1.309166e-05,1.3454159e-05,1.3833332e-05,1.3499999e-05,1.04165e-07,1.3012496e-05,9.9993e-08,1.188333e-05,1.2879165e-05,1.3912495e-05,1.4099995e-05,1.3166666e-05,1.3520829e-05,1.4274994e-05,8.699997e-06,1.4558331e-05
0,105,15.839,0.21,1.3062493e-05,1.3424992e-05,1.3804166e-05,1.3470833e-05,1.04165e-07,1.2987494e-05,1.04165e-07,1.1858328e-05,1.2854163e-05,1.3891665e-05,1.4074993e-05,1.3145828e-05,1.3495826e-05,1.4249992e-05,8.683332e-06,1.4537493e-05
0,106,15.989,0.212,1.3037499e-05,1.3391662e-05,1.3770827e-05,1.3437494e-05,9.9993e-08,1.2958328e-05,1.04165e-07,1.1824997e-05,1.2824997e-05,1.3862498e-05,1.4037498e-05,1.3108333e-05,1.3462496e-05,1.4216662e-05,8.654165e-06,1.4499999e-05
0,107,16.14,0.214,1.300416e-05,1.3370832e-05,1.3745833e-05,1.3412499e-05,9.9993e-08,1.2933326e-05,9.9993e-08,1.1791666e-05,1.279583e-05,1.3833332e-05,1.4020832e-05,1.308333e-05,1.3437494e-05,1.4191659e-05,8.629163e-06,1.4470832e-05
0,108,16.291,0.216,1.2979166e-05,1.3341665e-05,1.3708329e-05,1.3379161e-05,9.9993e-08,1.2899995e-05,9.9993e-08,1.1762492e-05,1.2758326e-05,1.3804166e-05,1.3983329e-05,1.3049992e-05,1.3404163e-05,1.4158329e-05,8.604161e-06,1.4441665e-05
0,109,16.442,0.218,1.2954163e-05,1.3308327e-05,1.36875e-05,1.3358331e-05,1.04165e-07,1.2879165e-05,9.9993e-08,1.1737498e-05,1.2737497e-05,1.3779163e-05,1.3962499e-05,1.3029162e-05,1.3379161e-05,1.4137499e-05,8.587495e-06,1.4416662e-05
0,110,16.593,0.22,1.2924997e-05,1.3283332e-05,1.365416e-05,1.3325e-05,9.9993e-08,1.2841661e-05,9.9993e-08,1.1704159e-05,1.270833e-05,1.3754161e-05,1.3933332e-05,1.2991659e-05,1.3349994e-05,1.410416e-05,8.554164e-06,1.4383332e-05
0,111,16.744,0.222,1.2899995e-05,1.3254165e-05,1.3629166e-05,1.3299998e-05,9.9993e-08,1.2816659e-05,9.9993e-08,1.1674992e-05,1.2674999e-05,1.3729159e-05,1.3912495e-05,1.2966665e-05,1.3325e-05,1.4074993e-05,8.533327e-06,1.435833e-05
0,112,16.895,0.224,1.2866664e-05,1.3220827e-05,1.3591663e-05,1.3266659e-05,9.9993e-08,1.2779165e-05,9.9993e-08,1.1637497e-05,1.2641661e-05,1.3695828e-05,1.3883328e-05,1.2941662e-05,1.3291661e-05,1.4041662e-05,8.508333e-06,1.4320826e-05
0,113,17.045,0.226,1.2841661e-05,1.3199997e-05,1.3566661e-05,1.3245829e-05,9.9993e-08,1.2758326e-05,1.08329e-07,1.1612495e-05,1.2620831e-05,1.3670826e-05,1.3858326e-05,1.2912496e-05,1.3266659e-05,1.4024997e-05,8.487495e-06,1.4295832e-05
0,114,17.196,0.228,1.2816659e-05,1.317083e-05,1.3537494e-05,1.3208326e-05,9.9993e-08,1.2724996e-05,1.04165e-07,1.1579164e-05,1.2587499e-05,1.3637495e-05,1.3824995e-05,1.2879165e-05,1.3229163e-05,1.3983329e-05,8.462493e-06,1.4266666e-05
0,115,17.347,0.23,1.2787493e-05,1.3141664e-05,1.3512492e-05,1.3187496e-05,1.04165e-07,1.2699993e-05,1.04165e-07,1.1554162e-05,1.2562497e-05,1.3616665e-05,1.3804166e-05,1.2854163e-05,1.3212498e-05,1.3958327e-05,8.441662e-06,1.4237499e-05
0,116,17.498,0.232,1.2762499e-05,1.3108333e-05,1.3474997e-05,1.3154165e-05,1.04165e-07,1.2666663e-05,1.04165e-07,1.1516667e-05,1.2529159e-05,1.3583326e-05,1.3774999e-05,1.2820832e-05,1.3179159e-05,1.3929161e-05,8.412496e-06,1.420416e-05
0,117,17.649,0.234,1.2733332e-05,1.308333e-05,1.3449995e-05,1.3124998e-05,1.04165e-07,1.2645833e-05,1.04165e-07,1.1495828e-05,1.2504164e-05,1.3566661e-05,1.3754161e-05,1.2799994e-05,1.3158329e-05,1.3904166e-05,8.395831e-06,1.4179166e-05
0,118,17.8,0.236,1.2712495e-05,1.3054164e-05,1.3420829e-05,1.3095831e-05,1.04165e-07,1.260833e-05,1.04165e-07,1.1454161e-05,1.2466661e-05,1.3524993e-05,1.3716666e-05,1.2762499e-05,1.3116662e-05,1.3870827e-05,8.358327e-06,1.4141663e-05
0,119,17.95,0.238,1.2674999e-05,1.3020825e-05,1.3387497e-05,1.3066665e-05,1.04165e-07,1.2583328e-05,1.04165e-07,1.1424994e-05,1.2441659e-05,1.3499999e-05,1.3699992e-05,1.2737497e-05,1.309166e-05,1.3845834e-05,8.345826e-06,1.4120833e-05
0,120,18.101,0.24,1.2649997e-05,1.2991659e-05,1.3358331e-05,1.3037499e-05,1.04165e-07,1.2545832e-05,1.08329e-07,1.1395828e-05,1.2408328e-05,1.3474997e-05,1.3662498e-05,1.2704166e-05,1.3062493e-05,1.380833e-05,8.312496e-06,1.4079165e-05
0,121,18.252,0.242,1.2616666e-05,1.2966665e-05,1.3329164e-05,1.300416e-05,1.04165e-07,1.252083e-05,1.04165e-07,1.1366661e-05,1.2379161e-05,1.3445831e-05,1.3641659e-05,1.2679164e-05,1.3037499e-05,1.3783328e-05,8.287493e-06,1.4058328e-05
0,122,18.403,0.244,1.2591664e-05,1.2933326e-05,1.3295826e-05,1.2970829e-05,9.9993e-08,1.2483327e-05,1.04165e-07,1.1329166e-05,1.2341667e-05,1.3412499e-05,1.3604164e-05,1.2641661e-05,1.2995831e-05,1.3745833e-05,8.258326e-06,1.4020832e-05
0,123,18.554,0.246,1.2562497e-05,1.2908332e-05,1.3270831e-05,1.2945827e-05,1.04165e-07,1.2462497e-05,1.04165e-07,1.13e-05,1.2316664e-05,1.3387497e-05,1.3583326e-05,1.2612494e-05,1.2974993e-05,1.3724994e-05,8.245825e-06,1.399583e-05
0,124,18.705,0.248,1.2533331e-05,1.2870828e-05,1.3237493e-05,1.2912496e-05,1.04165e-07,1.2424994e-05,1.04165e-07,1.1262497e-05,1.2279161e-05,1.3354166e-05,1.3545831e-05,1.2579163e-05,1.2941662e-05,1.36875e-05,8.208331e-06,1.3954163e-05
0,125,18.856,0.25,1.2495828e-05,1.2841661e-05,1.3204161e-05,1.2887494e-05,9.9993e-08,1.2395827e-05,1.04165e-07,1.1237494e-05,1.2258331e-05,1.3333329e-05,1.3529166e-05,1.2554161e-05,1.2912496e-05,1.3662498e-05,8.191665e-06,1.3929161e-05
0,126,19.006,0.252,1.2474998e-05,1.2812495e-05,1.3174995e-05,1.2849999e-05,1.04165e-07,1.2362496e-05,1.04165e-07,1.1199999e-05,1.2220828e-05,1.3299998e-05,1.3491663e-05,1.252083e-05,1.2879165e-05,1.3629166e-05,8.162498e-06,1.3895829e-05
0,127,19.157,0.254,1.2445831e-05,1.2787493e-05,1.3145828e-05,1.2824997e-05,1.08329e-07,1.2333329e-05,1.04165e-07,1.1170832e-05,1.2191661e-05,1.3266659e-05,1.346666e-05,1.2491663e-05,1.2845826e-05,1.36e-05,8.137496e-06,1.3866663e-05
0,128,19.308,0.256,1.2412493e-05,1.2749998e-05,1.3108333e-05,1.2787493e-05,1.08329e-07,1.2299998e-05,1.04165e-07,1.1129165e-05,1.2154166e-05,1.3237493e-05,1.343333e-05,1.2458332e-05,1.2812495e-05,1.3558332e-05,8.104165e-06,1.3824995e-05
0,129,19.459,0.258,1.2383326e-05,1.2720831e-05,1.3079167e-05,1.2754163e-05,9.9993e-08,1.226666e-05,1.08329e-07,1.1104163e-05,1.2129164e-05,1.3208326e-05,1.3404163e-05,1.243333e-05,1.2787493e-05,1.353333e-05,8.087492e-06,1.3804166e-05
0,130,19.61,0.26,1.2358331e-05,1.2695829e-05,1.3054164e-05,1.272916e-05,1.04165e-07,1.224583e-05,1.04165e-07,1.1079161e-05,1.2099998e-05,1.3179159e-05,1.3383333e-05,1.2404163e-05,1.2766664e-05,1.3512492e-05,8.066662e-06,1.3770827e-05
0,131,19.761,0.262,1.2324993e-05,1.2662498e-05,1.3016661e-05,1.2695829e-05,1.04165e-07,1.2212499e-05,1.04165e-07,1.1033329e-05,1.205833e-05,1.3145828e-05,1.3349994e-05,1.236666e-05,1.2724996e-05,1.3470833e-05,8.029159e-06,1.3733332e-05
0,132,19.911,0.264,1.2291662e-05,1.2633332e-05,1.2987494e-05,1.2670827e-05,1.04165e-07,1.217916e-05,1.04165e-07,1.1008327e-05,1.2033327e-05,1.3120826e-05,1.3320828e-05,1.2337494e-05,1.2699993e-05,1.3441666e-05,8.012494e-06,1.3708329e-05
0,133,20.062,0.266,1.226666e-05,1.2599993e-05,1.2954163e-05,1.2633332e-05,1.08329e-07,1.2145829e-05,1.08329e-07,1.0970831e-05,1.1999997e-05,1.3087495e-05,1.3291661e-05,1.2304163e-05,1.2662498e-05,1.3408328e-05,7.979163e-06,1.3666661e-05
0,134,20.213,0.268,1.2237493e-05,1.2570827e-05,1.2920833e-05,1.2604165e-05,9.9993e-08,1.2112499e-05,1.04165e-07,1.0937492e-05,1.197083e-05,1.3058328e-05,1.3262495e-05,1.2274996e-05,1.2637496e-05,1.3379161e-05,7.958332e-06,1.3641659e-05
0,135,20.364,0.27,1.2204162e-05,1.2533331e-05,1.2883329e-05,1.2566662e-05,1.04165e-07,1.2079159e-05,1.08329e-07,1.0899997e-05,1.1933326e-05,1.3024997e-05,1.3229163e-05,1.2237493e-05,1.2595829e-05,1.3337493e-05,7.924994e-06,1.3604164e-05
0,136,20.515,0.272,1.2174995e-05,1.2499992e-05,1.2858327e-05,1.254166e-05,1.08329e-07,1.2049993e-05,1.08329e-07,1.0874995e-05,1.1904161e-05,1.2995831e-05,1.3199997e-05,1.2208327e-05,1.2570827e-05,1.3312499e-05,7.904164e-06,1.3570825e-05
0,137,20.666,0.274,1.2141665e-05,1.2470826e-05,1.2820832e-05,1.2504164e-05,1.04165e-07,1.2008325e-05,1.08329e-07,1.0829162e-05,1.1858328e-05,1.2958328e-05,1.3162494e-05,1.2170832e-05,1.2529159e-05,1.3270831e-05,7.870825e-06,1.353333e-05
0,138,20.816,0.276,1.2108326e-05,1.2437495e-05,1.2787493e-05,1.2470826e-05,1.04165e-07,1.1979158e-05,1.08329e-07,1.0799996e-05,1.1833326e-05,1.2933326e-05,1.3141664e-05,1.2141665e-05,1.2504164e-05,1.3245829e-05,7.849995e-06,1.3504164e-05
0,139,20.967,0.278,1.2083332e-05,1.2404163e-05,1.2754163e-05,1.243333e-05,1.08329e-07,1.1945828e-05,1.08329e-07,1.0762493e-05,1.1795831e-05,1.2895831e-05,1.3095831e-05,1.2104161e-05,1.2462497e-05,1.3208326e-05,7.816664e-06,1.346666e-05
0,140,21.118,0.28,1.2045829e-05,1.2374997e-05,1.2720831e-05,1.2404163e-05,1.08329e-07,1.1916662e-05,1.08329e-07,1.0729162e-05,1.1766664e-05,1.2866664e-05,1.3079167e-05,1.2074995e-05,1.2437495e-05,1.3174995e-05,7.795827e-06,1.3437494e-05
0,141,21.269,0.282,1.2016662e-05,1.2337494e-05,1.2687492e-05,1.236666e-05,1.04165e-07,1.1879166e-05,1.08329e-07,1.0695831e-05,1.1729161e-05,1.282916e-05,1.3041663e-05,1.20375e-05,1.2399999e-05,1.3141664e-05,7.762495e-06,1.3391662e-05
0,142,21.42,0.284,1.1983331e-05,1.23125e-05,1.2654162e-05,1.2341667e-05,1.08329e-07,1.1845827e-05,1.08329e-07,1.0662492e-05,1.1699995e-05,1.2804167e-05,1.3016661e-05,1.2008325e-05,1.2374997e-05,1.3112497e-05,7.74583e-06,1.336666e-05
0,143,21.571,0.286,1.1954165e-05,1.2270832e-05,1.2620831e-05,1.2304163e-05,1.08329e-07,1.1812496e-05,1.08329e-07,1.0624997e-05,1.1658327e-05,1.2766664e-05,1.2974993e-05,1.1974995e-05,1.2333329e-05,1.3070829e-05,7.7125e-06,1.3325e-05
0,144,21.722,0.288,1.1924998e-05,1.2241666e-05,1.2587499e-05,1.2270832e-05,1.08329e-07,1.178333e-05,1.08329e-07,1.0591666e-05,1.162916e-05,1.2741662e-05,1.2949999e-05,1.1945828e-05,1.2304163e-05,1.3045827e-05,7.687497e-06,1.3295826e-05
0,145,21.872,0.29,1.1891659e-05,1.2208327e-05,1.2549996e-05,1.2233329e-05,1.04165e-07,1.1745827e-05,1.08329e-07,1.0554163e-05,1.1587493e-05,1.2704166e-05,1.2912496e-05,1.1904161e-05,1.226666e-05,1.2999995e-05,7.654166e-06,1.3254165e-05
0,146,22.023,0.292,1.1858328e-05,1.2174995e-05,1.2512493e-05,1.2204162e-05,1.04165e-07,1.171666e-05,1.08329e-07,1.0520832e-05,1.1562498e-05,1.2674999e-05,1.2891666e-05,1.1870829e-05,1.2237493e-05,1.2974993e-05,7.629164e-06,1.3229163e-05
0,147,22.174,0.294,1.1824997e-05,1.2137492e-05,1.2487499e-05,1.2166659e-05,1.08329e-07,1.1679164e-05,1.12494e-07,1.0479164e-05,1.1516667e-05,1.2641661e-05,1.2849999e-05,1.1833326e-05,1.2195826e-05,1.2929161e-05,7.595825e-06,1.3183331e-05
0,148,22.325,0.296,1.1787494e-05,1.2104161e-05,1.2445831e-05,1.2133328e-05,1.08329e-07,1.1645826e-05,1.08329e-07,1.0449998e-05,1.1487492e-05,1.2604165e-05,1.2820832e-05,1.1799995e-05,1.2166659e-05,1.2899995e-05,7.57916e-06,1.3158329e-05
0,149,22.476,0.298,1.1758328e-05,1.2070831e-05,1.2412493e-05,1.2095833e-05,1.08329e-07,1.160833e-05,1.16658e-07,1.040833e-05,1.1445833e-05,1.2570827e-05,1.2787493e-05,1.1762492e-05,1.2129164e-05,1.2858327e-05,7.545829e-06,1.3112497e-05
0,150,22.627,0.3,1.1724997e-05,1.20375e-05,1.2379161e-05,1.2066666e-05,1.08329e-07,1.1575e-05,1.08329e-07,1.0379164e-05,1.1416666e-05,1.254166e-05,1.2758326e-05,1.1729161e-05,1.2099998e-05,1.2833333e-05,7.520827e-06,1.308333e-05
0,151,22.777,0.302,1.1691665e-05,1.200416e-05,1.2341667e-05,1.2024999e-05,1.08329e-07,1.1537496e-05,1.08329e-07,1.0333331e-05,1.1374998e-05,1.2499992e-05,1.2716659e-05,1.1691665e-05,1.2054165e-05,1.2791666e-05,7.487496e-06,1.3041663e-05
0,152,22.928,0.304,1.1654162e-05,1.197083e-05,1.2308327e-05,1.1995832e-05,1.08329e-07,1.1508329e-05,1.08329e-07,1.0304165e-05,1.1345832e-05,1.2470826e-05,1.2687492e-05,1.1662499e-05,1.2029163e-05,1.2762499e-05,7.466666e-06,1.3008333e-05
0,153,23.079,0.306,1.162916e-05,1.1933326e-05,1.2270832e-05,1.1958329e-05,1.08329e-07,1.1470826e-05,1.12494e-07,1.0258333e-05,1.13e-05,1.2429166e-05,1.2649997e-05,1.1616659e-05,1.1987496e-05,1.2720831e-05,7.429162e-06,1.2966665e-05
0,154,23.23,0.308,1.1591665e-05,1.1899996e-05,1.2233329e-05,1.1924998e-05,1.12494e-07,1.1433332e-05,1.12494e-07,1.0233331e-05,1.1270833e-05,1.2399999e-05,1.2629159e-05,1.1587493e-05,1.1958329e-05,1.2691665e-05,7.408333e-06,1.2933326e-05
0,155,23.381,0.31,1.1558326e-05,1.1862493e-05,1.2195826e-05,1.188333e-05,1.12494e-07,1.1395828e-05,1.12494e-07,1.0187498e-05,1.1229165e-05,1.236666e-05,1.2587499e-05,1.1549997e-05,1.1920825e-05,1.2649997e-05,7.37083e-06,1.2891666e-05
0,156,23.532,0.312,1.1524995e-05,1.1829162e-05,1.2162494e-05,1.1858328e-05,1.12494e-07,1.1366661e-05,1.16658e-07,1.015416e-05,1.1199999e-05,1.2333329e-05,1.2558333e-05,1.1516667e-05,1.1891659e-05,1.2620831e-05,7.349992e-06,1.2866664e-05
0,157,23.683,0.314,1.1495828e-05,1.1795831e-05,1.2129164e-05,1.1820833e-05,1.12494e-07,1.1324993e-05,1.12494e-07,1.0116664e-05,1.1154159e-05,1.2295826e-05,1.2516665e-05,1.1474999e-05,1.1845827e-05,1.2574998e-05,7.316661e-06,1.2824997e-05
0,158,23.833,0.316,1.1458325e-05,1.1758328e-05,1.209166e-05,1.178333e-05,1.08329e-07,1.1295827e-05,1.16658e-07,1.0083326e-05,1.1129165e-05,1.226666e-05,1.2491663e-05,1.1445833e-05,1.1816661e-05,1.2545832e-05,7.295831e-06,1.2791666e-05
0,159,23.984,0.318,1.1433332e-05,1.1733326e-05,1.2062494e-05,1.1758328e-05,1.12494e-07,1.1262497e-05,1.08329e-07,1.0054159e-05,1.1099998e-05,1.2237493e-05,1.2458332e-05,1.1416666e-05,1.1791666e-05,1.252083e-05,7.270829e-06,1.2758326e-05
0,160,24.135,0.32,1.1399992e-05,1.169583e-05,1.2024999e-05,1.171666e-05,1.12494e-07,1.1224993e-05,1.16658e-07,1.00125e-05,1.1054166e-05,1.2191661e-05,1.2420829e-05,1.1374998e-05,1.1745827e-05,1.2474998e-05,7.237498e-06,1.2712495e-05
0,161,24.286,0.322,1.1362497e-05,1.1658327e-05,1.1991659e-05,1.1683329e-05,1.08329e-07,1.1191662e-05,1.16658e-07,9.97916e-06,1.1029164e-05,1.2162494e-05,1.2391662e-05,1.1341659e-05,1.1712496e-05,1.2445831e-05,7.21666e-06,1.2683328e-05
0,162,24.437,0.324,1.1329166e-05,1.1624996e-05,1.1949992e-05,1.1641661e-05,1.12494e-07,1.1149995e-05,1.16658e-07,9.933328e-06,1.0974995e-05,1.2125e-05,1.2354159e-05,1.1295827e-05,1.1670828e-05,1.2395827e-05,7.179165e-06,1.2637496e-05
0,163,24.588,0.326,1.1291663e-05,1.1587493e-05,1.1916662e-05,1.160833e-05,1.12494e-07,1.1116664e-05,1.12494e-07,9.899998e-06,1.0945829e-05,1.209166e-05,1.2316664e-05,1.126666e-05,1.1641661e-05,1.236666e-05,7.154163e-06,1.2604165e-05
0,164,24.738,0.328,1.1258332e-05,1.1549997e-05,1.1874994e-05,1.1570827e-05,1.12494e-07,1.1074996e-05,1.12494e-07,9.854166e-06,1.0895832e-05,1.2049993e-05,1.2283325e-05,1.1220829e-05,1.1599994e-05,1.2320828e-05,7.11666e-06,1.2562497e-05
0,165,24.889,0.33,1.1224993e-05,1.1516667e-05,1.1837498e-05,1.1537496e-05,1.12494e-07,1.104583e-05,1.12494e-07,9.820827e-06,1.0866665e-05,1.2016662e-05,1.2254159e-05,1.1191662e-05,1.1566663e-05,1.2291662e-05,7.095829e-06,1.2524994e-05
0,166,25.04,0.332,1.1191662e-05,1.1479163e-05,1.1799995e-05,1.1495828e-05,1.08329e-07,1.0999997e-05,1.12494e-07,9.774994e-06,1.0820826e-05,1.1974995e-05,1.2204162e-05,1.114583e-05,1.152083e-05,1.224583e-05,7.058326e-06,1.2479162e-05
0,167,25.191,0.334,1.1154159e-05,1.144166e-05,1.1762492e-05,1.1462498e-05,1.16658e-07,1.0970831e-05,1.12494e-07,9.745829e-06,1.0787495e-05,1.1945828e-05,1.217916e-05,1.1116664e-05,1.1491664e-05,1.2212499e-05,7.02916e-06,1.2445831e-05
0,168,25.342,0.336,1.1116664e-05,1.1399992e-05,1.1724997e-05,1.142083e-05,1.12494e-07,1.0924999e-05,1.12494e-07,9.699997e-06,1.0745827e-05,1.1908332e-05,1.2137492e-05,1.106666e-05,1.1445833e-05,1.2162494e-05,6.995829e-06,1.2395827e-05
0,169,25.493,0.338,1.1079161e-05,1.1362497e-05,1.1691665e-05,1.1387499e-05,1.12494e-07,1.0895832e-05,1.12494e-07,9.666665e-06,1.0712496e-05,1.1870829e-05,1.2108326e-05,1.1037493e-05,1.1416666e-05,1.2137492e-05,6.979164e-06,1.2370832e-05
0,170,25.644,0.34,1.104583e-05,1.1329166e-05,1.1645826e-05,1.1341659e-05,1.12494e-07,1.0845828e-05,1.16658e-07,9.620825e-06,1.0666665e-05,1.1829162e-05,1.2062494e-05,1.0987496e-05,1.1370826e-05,1.209166e-05,6.937496e-06,1.2320828e-05
0,171,25.794,0.342,1.1008327e-05,1.1291663e-05,1.160833e-05,1.1312492e-05,1.16658e-07,1.0816661e-05,1.08329e-07,9.587495e-06,1.0633325e-05,1.1795831e-05,1.20375e-05,1.095833e-05,1.1341659e-05,1.205833e-05,6.916666e-06,1.2287497e-05
0,172,25.945,0.344,1.097916e-05,1.1254159e-05,1.1570827e-05,1.1270833e-05,1.16658e-07,1.0774994e-05,1.16658e-07,9.541663e-06,1.0587493e-05,1.1758328e-05,1.1995832e-05,1.0912498e-05,1.13e-05,1.2016662e-05,6.883327e-06,1.224583e-05
0,173,26.096,0.346,1.0937492e-05,1.1216664e-05,1.1533331e-05,1.123333e-05,1.12494e-07,1.0741663e-05,1.16658e-07,9.508331e-06,1.0558327e-05,1.1724997e-05,1.1966666e-05,1.0879159e-05,1.1262497e-05,1.1979158e-05,6.854161e-06,1.2208327e-05
0,174,26.247,0.348,1.0904161e-05,1.1174997e-05,1.1495828e-05,1.1191662e-05,1.16658e-07,1.0691659e-05,1.16658e-07,9.462499e-06,1.0508331e-05,1.1679164e-05,1.1920825e-05,1.0829162e-05,1.1220829e-05,1.1933326e-05,6.82083e-06,1.2162494e-05
0,175,26.398,0.35,1.0866665e-05,1.114583e-05,1.1458325e-05,1.1158331e-05,1.16658e-07,1.0662492e-05,1.20831e-07,9.429161e-06,1.0470828e-05,1.1645826e-05,1.1891659e-05,1.0799996e-05,1.1183325e-05,1.1899996e-05,6.795828e-06,1.2129164e-05
0,176,26.549,0.352,1.0829162e-05,1.1099998e-05,1.1412493e-05,1.1116664e-05,1.16658e-07,1.0620833e-05,1.16658e-07,9.383329e-06,1.0429159e-05,1.1599994e-05,1.1849999e-05,1.075e-05,1.1137494e-05,1.1845827e-05,6.758332e-06,1.2079159e-05
0,177,26.699,0.354,1.0791659e-05,1.1062495e-05,1.1379162e-05,1.1079161e-05,1.16658e-07,1.0587493e-05,1.12494e-07,9.349998e-06,1.0391665e-05,1.1570827e-05,1.1812496e-05,1.0720825e-05,1.1108327e-05,1.1820833e-05,6.737494e-06,1.2045829e-05
0,178,26.85,0.356,1.0758328e-05,1.1024999e-05,1.1333331e-05,1.1033329e-05,1.16658e-07,1.0541661e-05,1.16658e-07,9.304166e-06,1.0341661e-05,1.1524995e-05,1.1766664e-05,1.0674993e-05,1.1062495e-05,1.1770829e-05,6.695827e-06,1.1995832e-05
0,179,27.001,0.358,1.0720825e-05,1.0987496e-05,1.1295827e-05,1.0999997e-05,1.16658e-07,1.0504166e-05,1.16658e-07,9.262498e-06,1.0312494e-05,1.1487492e-05,1.1733326e-05,1.0633325e-05,1.1024999e-05,1.1733326e-05,6.66666e-06,1.1962493e-05
0,180,27.152,0.36,1.0679166e-05,1.0941664e-05,1.1258332e-05,1.095833e-05,1.16658e-07,1.0462499e-05,1.20831e-07,9.216667e-06,1.0258333e-05,1.1445833e-05,1.1691665e-05,1.0587493e-05,1.097916e-05,1.1683329e-05,6.637494e-06,1.1916662e-05
0,181,27.303,0.362,1.0645826e-05,1.0904161e-05,1.1220829e-05,1.0916662e-05,1.12494e-07,1.0429159e-05,1.16658e-07,9.183327e-06,1.0229166e-05,1.1412493e-05,1.1658327e-05,1.0554163e-05,1.0945829e-05,1.1649998e-05,6.608327e-06,1.1879166e-05
0,182,27.454,0.364,1.0604159e-05,1.0862494e-05,1.1170832e-05,1.087083e-05,1.16658e-07,1.0379164e-05,1.20831e-07,9.133331e-06,1.0174997e-05,1.1362497e-05,1.1612495e-05,1.0499994e-05,1.0895832e-05,1.1599994e-05,6.570832e-06,1.1829162e-05
0,183,27.604,0.366,1.0570828e-05,1.0824998e-05,1.1133329e-05,1.0837499e-05,1.16658e-07,1.0341661e-05,1.20831e-07,9.099992e-06,1.0141659e-05,1.1324993e-05,1.1579164e-05,1.0466663e-05,1.0862494e-05,1.1566663e-05,6.54583e-06,1.1791666e-05
0,184,27.755,0.368,1.052916e-05,1.078333e-05,1.1087497e-05,1.0791659e-05,1.16658e-07,1.0295828e-05,1.16658e-07,9.049996e-06,1.0087498e-05,1.1279162e-05,1.1533331e-05,1.0416658e-05,1.0812497e-05,1.1516667e-05,6.508326e-06,1.1737498e-05
0,185,27.906,0.37,1.0491665e-05,1.0741663e-05,1.1054166e-05,1.0754164e-05,1.16658e-07,1.0262497e-05,1.16658e-07,9.012492e-06,1.0058331e-05,1.1249996e-05,1.1504166e-05,1.0387492e-05,1.0779167e-05,1.1479163e-05,6.47916e-06,1.1704159e-05
0,186,28.057,0.372,1.0458326e-05,1.0712496e-05,1.1020828e-05,1.0724997e-05,1.16658e-07,1.0229166e-05,1.20831e-07,8.979162e-06,1.0020828e-05,1.1216664e-05,1.1470826e-05,1.0349997e-05,1.0754164e-05,1.1449996e-05,6.45833e-06,1.1670828e-05
0,187,28.208,0.374,1.0424996e-05,1.0670828e-05,1.0974995e-05,1.0674993e-05,1.16658e-07,1.0179162e-05,1.16658e-07,8.93333e-06,9.970832e-06,1.116666e-05,1.142083e-05,1.0299993e-05,1.0695831e-05,1.1391664e-05,6.416662e-06,1.1616659e-05
0,188,28.359,0.376,1.0383328e-05,1.0633325e-05,1.0937492e-05,1.0641662e-05,1.20831e-07,1.0145831e-05,1.16658e-07,8.895826e-06,9.933328e-06,1.1133329e-05,1.1391664e-05,1.0266662e-05,1.0666665e-05,1.1362497e-05,6.395833e-06,1.1579164e-05
0,189,28.51,0.378,1.0349997e-05,1.0587493e-05,1.0895832e-05,1.0595831e-05,1.20831e-07,1.0099999e-05,1.20831e-07,8.849995e-06,9.883332e-06,1.1087497e-05,1.1341659e-05,1.0216665e-05,1.061666e-05,1.1312492e-05,6.354165e-06,1.152916e-05
0,190,28.66,0.38,1.0304165e-05,1.0549998e-05,1.0854164e-05,1.0558327e-05,1.16658e-07,1.0062496e-05,1.16658e-07,8.812499e-06,9.849993e-06,1.1049994e-05,1.1308328e-05,1.0179162e-05,1.058333e-05,1.1274998e-05,6.329163e-06,1.1495828e-05
0,191,28.811,0.382,1.0270826e-05,1.0508331e-05,1.0812497e-05,1.0512495e-05,1.16658e-07,1.0020828e-05,1.20831e-07,8.762495e-06,9.795833e-06,1.1008327e-05,1.1262497e-05,1.0129165e-05,1.052916e-05,1.1224993e-05,6.29166e-06,1.144166e-05
0,192,28.962,0.384,1.0229166e-05,1.0470828e-05,1.0770829e-05,1.0474992e-05,1.20831e-07,9.97916e-06,1.20831e-07,8.729164e-06,9.766666e-06,1.0970831e-05,1.1229165e-05,1.0095827e-05,1.0499994e-05,1.1187498e-05,6.266665e-06,1.1408329e-05
0,193,29.113,0.386,1.0191663e-05,1.0424996e-05,1.0729162e-05,1.0433332e-05,1.20831e-07,9.933328e-06,1.20831e-07,8.674995e-06,9.712498e-06,1.0916662e-05,1.1183325e-05,1.0049995e-05,1.0449998e-05,1.1137494e-05,6.229162e-06,1.135416e-05
0,194,29.264,0.388,1.015416e-05,1.0387492e-05,1.0683329e-05,1.0391665e-05,1.16658e-07,9.895825e-06,1.20831e-07,8.645829e-06,9.674995e-06,1.0883331e-05,1.1149995e-05,1.0008327e-05,1.0412495e-05,1.1104163e-05,6.199996e-06,1.1316665e-05
0,195,29.415,0.39,1.0112492e-05,1.0341661e-05,1.0641662e-05,1.0345832e-05,1.16658e-07,9.849993e-06,1.20831e-07,8.587495e-06,9.620825e-06,1.0833327e-05,1.1095826e-05,9.954158e-06,1.0358325e-05,1.104583e-05,6.162492e-06,1.1262497e-05
0,196,29.565,0.392,1.0070833e-05,1.0304165e-05,1.0599994e-05,1.0304165e-05,1.20831e-07,9.812498e-06,1.20831e-07,8.554164e-06,9.587495e-06,1.0795831e-05,1.106666e-05,9.916663e-06,1.0324995e-05,1.1012498e-05,6.137498e-06,1.1229165e-05
0,197,29.716,0.394,1.0037494e-05,1.0258333e-05,1.0549998e-05,1.0262497e-05,1.20831e-07,9.762493e-06,1.24995e-07,8.499996e-06,9.533326e-06,1.075e-05,1.1016663e-05,9.862494e-06,1.0270826e-05,1.095833e-05,6.099995e-06,1.1174997e-05
0,198,29.867,0.396,9.991661e-06,1.0216665e-05,1.0512495e-05,1.022083e-05,1.24995e-07,9.724999e-06,1.20831e-07,8.458328e-06,9.491666e-06,1.0708332e-05,1.097916e-05,9.829164e-06,1.024166e-05,1.0920827e-05,6.070828e-06,1.1137494e-05
0,199,30.018,0.398,9.949994e-06,1.0170826e-05,1.0462499e-05,1.0174997e-05,1.20831e-07,9.674995e-06,1.24995e-07,8.412496e-06,9.441662e-06,1.0658327e-05,1.0929163e-05,9.770831e-06,1.0183327e-05,1.0862494e-05,6.033325e-06,1.1079161e-05
0,200,30.169,0.4,9.912499e-06,1.0129165e-05,1.0424996e-05,1.013333e-05,1.20831e-07,9.637499e-06,1.20831e-07,8.374993e-06,9.404159e-06,1.0620833e-05,1.089166e-05,9.733327e-06,1.0149995e-05,1.0829162e-05,6.004159e-06,1.1041665e-05
0,201,30.32,0.402,9.870831e-06,1.0083326e-05,1.0379164e-05,1.0083326e-05,1.20831e-07,9.58333e-06,1.24995e-07,8.320832e-06,9.345826e-06,1.0574992e-05,1.0841663e-05,9.683331e-06,1.0095827e-05,1.0774994e-05,5.966663e-06,1.0983332e-05
0,202,30.471,0.404,9.829164e-06,1.004583e-05,1.0337496e-05,1.004583e-05,1.20831e-07,9.545827e-06,1.20831e-07,8.283329e-06,9.30833e-06,1.0533333e-05,1.080416e-05,9.641663e-06,1.0058331e-05,1.0733326e-05,5.937497e-06,1.0945829e-05
0,203,30.621,0.406,9.787496e-06,9.999999e-06,1.0287499e-05,9.995826e-06,1.16658e-07,9.499995e-06,1.20831e-07,8.22916e-06,9.254161e-06,1.0483329e-05,1.0758328e-05,9.591659e-06,1.0004163e-05,1.0683329e-05,5.899994e-06,1.089166e-05
0,204,30.772,0.408,9.749992e-06,9.95833e-06,1.0249996e-05,9.95833e-06,1.16658e-07,9.462499e-06,1.20831e-07,8.191665e-06,9.22083e-06,1.0449998e-05,1.0724997e-05,9.554164e-06,9.966659e-06,1.0641662e-05,5.874999e-06,1.0849993e-05
0,205,30.923,0.41,9.708333e-06,9.912499e-06,1.0204164e-05,9.908326e-06,1.24995e-07,9.408331e-06,1.24995e-07,8.141661e-06,9.162498e-06,1.0395829e-05,1.0666665e-05,9.49583e-06,9.912499e-06,1.0587493e-05,5.829159e-06,1.0795831e-05
0,206,31.074,0.412,9.662493e-06,9.870831e-06,1.0158332e-05,9.870831e-06,1.20831e-07,9.366663e-06,1.24995e-07,8.104165e-06,9.124994e-06,1.0358325e-05,1.0633325e-05,9.458327e-06,9.87916e-06,1.0549998e-05,5.80833e-06,1.0758328e-05
0,207,31.225,0.414,9.629162e-06,9.820827e-06,1.0116664e-05,9.820827e-06,1.20831e-07,9.320831e-06,1.20831e-07,8.049997e-06,9.070825e-06,1.0308329e-05,1.058333e-05,9.404159e-06,9.824999e-06,1.049583e-05,5.762497e-06,1.0699995e-05
0,208,31.376,0.416,9.587495e-06,9.783332e-06,1.0070833e-05,9.783332e-06,1.20831e-07,9.283328e-06,1.24995e-07,8.016666e-06,9.029166e-06,1.0266662e-05,1.0549998e-05,9.366663e-06,9.787496e-06,1.0454162e-05,5.74166e-06,1.0662492e-05
0,209,31.526,0.418,9.545827e-06,9.7375e-06,1.0024993e-05,9.733327e-06,1.20831e-07,9.229159e-06,1.24995e-07,7.958332e-06,8.974997e-06,1.0216665e-05,1.0491665e-05,9.30833e-06,9.729163e-06,1.0399994e-05,5.699992e-06,1.0604159e-05
0,210,31.677,0.42,9.499995e-06,9.691659e-06,9.983333e-06,9.695832e-06,1.20831e-07,9.191665e-06,1.24995e-07,7.920829e-06,8.937494e-06,1.0179162e-05,1.0458326e-05,9.270827e-06,9.695832e-06,1.0358325e-05,5.674998e-06,1.0566664e-05
0,211,31.828,0.422,9.454163e-06,9.645828e-06,9.929165e-06,9.637499e-06,1.20831e-07,9.14166e-06,1.24995e-07,7.862496e-06,8.879161e-06,1.0120829e-05,1.0404166e-05,9.212494e-06,9.637499e-06,1.0299993e-05,5.63333e-06,1.0504166e-05
0,212,31.979,0.424,9.41666e-06,9.599996e-06,9.891661e-06,9.599996e-06,1.24995e-07,9.099992e-06,1.24995e-07,7.824993e-06,8.841665e-06,1.0083326e-05,1.0362498e-05,9.170826e-06,9.60416e-06,1.0262497e-05,5.608328e-06,1.0470828e-05
0,213,32.13,0.426,9.387493e-06,9.574994e-06,9.854166e-06,9.566665e-06,1.24995e-07,9.062497e-06,1.24995e-07,7.787497e-06,8.804162e-06,1.004583e-05,1.032916e-05,9.129159e-06,9.562493e-06,1.022083e-05,5.579162e-06,1.0429159e-05
0,214,32.281,0.428,9.341661e-06,9.516661e-06,9.804161e-06,9.512496e-06,1.24995e-07,9.004164e-06,1.24995e-07,7.737493e-06,8.741665e-06,9.991661e-06,1.0274998e-05,9.074998e-06,9.508331e-06,1.0162496e-05,5.53333e-06,1.0370827e-05
0,215,32.431,0.43,9.295829e-06,9.474993e-06,9.766666e-06,9.470828e-06,1.29159e-07,8.96666e-06,1.29159e-07,7.695826e-06,8.704162e-06,9.954158e-06,1.024166e-05,9.037494e-06,9.466664e-06,1.0124993e-05,5.508327e-06,1.032916e-05
0,216,32.582,0.432,9.254161e-06,9.429161e-06,9.716662e-06,9.420832e-06,1.24995e-07,8.916664e-06,1.24995e-07,7.641665e-06,8.645829e-06,9.895825e-06,1.0183327e-05,8.979162e-06,9.412495e-06,1.006666e-05,5.46666e-06,1.0270826e-05
0,217,32.733,0.434,9.212494e-06,9.387493e-06,9.666665e-06,9.379164e-06,1.20831e-07,8.874997e-06,1.24995e-07,7.599997e-06,8.608326e-06,9.854166e-06,1.0145831e-05,8.937494e-06,9.374992e-06,1.0024993e-05,5.437493e-06,1.0224994e-05
0,218,32.884,0.436,9.170826e-06,9.337497e-06,9.616661e-06,9.32916e-06,1.24995e-07,8.824993e-06,1.29159e-07,7.545829e-06,8.541663e-06,9.799997e-06,1.0091662e-05,8.879161e-06,9.312495e-06,9.962495e-06,5.395826e-06,1.0166661e-05
0,219,33.035,0.438,9.124994e-06,9.291664e-06,9.574994e-06,9.287493e-06,1.24995e-07,8.77916e-06,1.29159e-07,7.508326e-06,8.512497e-06,9.762493e-06,1.0049995e-05,8.837494e-06,9.275e-06,9.920827e-06,5.370831e-06,1.0124993e-05
0,220,33.186,0.44,9.079162e-06,9.245833e-06,9.524997e-06,9.233332e-06,1.24995e-07,8.724999e-06,1.29159e-07,7.449993e-06,8.45e-06,9.704161e-06,9.995826e-06,8.783332e-06,9.22083e-06,9.866659e-06,5.329164e-06,1.006666e-05
0,221,33.337,0.442,9.041659e-06,9.199993e-06,9.483329e-06,9.195828e-06,1.24995e-07,8.691661e-06,1.29159e-07,7.412497e-06,8.408332e-06,9.666665e-06,9.95833e-06,8.741665e-06,9.183327e-06,9.824999e-06,5.299997e-06,1.0024993e-05
0,222,33.487,0.444,8.995827e-06,9.154161e-06,9.433325e-06,9.14166e-06,1.29159e-07,8.633328e-06,1.29159e-07,7.354164e-06,8.349999e-06,9.612497e-06,9.899998e-06,8.67916e-06,9.124994e-06,9.762493e-06,5.25833e-06,9.962495e-06
0,223,33.638,0.446,8.949995e-06,9.104165e-06,9.387493e-06,9.095827e-06,1.29159e-07,8.59166e-06,1.24995e-07,7.320825e-06,8.308331e-06,9.570829e-06,9.862494e-06,8.645829e-06,9.083326e-06,9.720826e-06,5.229163e-06,9.920827e-06
0,224,33.789,0.448,8.912491e-06,9.058333e-06,9.337497e-06,9.045832e-06,1.29159e-07,8.5375e-06,1.29159e-07,7.258328e-06,8.245825e-06,9.512496e-06,9.808326e-06,8.583331e-06,9.024993e-06,9.658329e-06,5.19166e-06,9.85833e-06
0,225,33.94,0.45,8.862496e-06,9.012492e-06,9.295829e-06,9.004164e-06,1.29159e-07,8.487495e-06,1.29159e-07,7.220833e-06,8.204166e-06,9.470828e-06,9.766666e-06,8.541663e-06,8.983326e-06,9.616661e-06,5.162493e-06,9.816663e-06
0,226,34.091,0.452,8.816663e-06,8.962496e-06,9.24166e-06,8.949995e-06,1.29159e-07,8.433326e-06,1.29159e-07,7.166664e-06,8.141661e-06,9.408331e-06,9.708333e-06,8.479166e-06,8.920829e-06,9.554164e-06,5.124998e-06,9.754165e-06
0,227,34.242,0.454,8.774996e-06,8.912491e-06,9.191665e-06,8.904163e-06,1.24995e-07,8.395831e-06,1.29159e-07,7.124996e-06,8.104165e-06,9.366663e-06,9.67083e-06,8.437499e-06,8.883325e-06,9.512496e-06,5.091659e-06,9.708333e-06
0,228,34.392,0.456,8.724999e-06,8.862496e-06,9.14166e-06,8.84583e-06,1.24995e-07,8.337498e-06,1.29159e-07,7.062499e-06,8.037496e-06,9.312495e-06,9.60416e-06,8.374993e-06,8.820828e-06,9.445826e-06,5.049992e-06,9.645828e-06
0,229,34.543,0.458,8.67916e-06,8.812499e-06,9.095827e-06,8.799998e-06,1.24995e-07,8.29583e-06,1.29159e-07,7.020831e-06,7.995828e-06,9.266662e-06,9.566665e-06,8.329161e-06,8.774996e-06,9.404159e-06,5.020825e-06,9.60416e-06
0,230,34.694,0.46,8.633328e-06,8.762495e-06,9.041659e-06,8.749994e-06,1.24995e-07,8.233333e-06,1.29159e-07,6.962498e-06,7.93333e-06,9.204166e-06,9.50416e-06,8.266664e-06,8.712498e-06,9.337497e-06,4.970829e-06,9.537498e-06
0,231,34.845,0.462,8.587495e-06,8.712498e-06,8.995827e-06,8.704162e-06,1.24995e-07,8.19583e-06,1.29159e-07,6.92083e-06,7.891663e-06,9.162498e-06,9.470828e-06,8.224996e-06,8.674995e-06,9.291664e-06,4.949999e-06,9.491666e-06
0,232,34.996,0.464,8.545828e-06,8.666659e-06,8.945831e-06,8.645829e-06,1.24995e-07,8.137496e-06,1.29159e-07,6.862497e-06,7.824993e-06,9.099992e-06,9.404159e-06,8.162498e-06,8.612497e-06,9.229159e-06,4.899995e-06,9.424996e-06
0,233,35.147,0.466,8.495832e-06,8.616662e-06,8.899999e-06,8.599996e-06,1.24995e-07,8.091664e-06,1.29159e-07,6.82083e-06,7.779161e-06,9.062497e-06,9.366663e-06,8.120831e-06,8.57083e-06,9.187492e-06,4.874993e-06,9.379164e-06
0,234,35.298,0.468,8.454163e-06,8.566665e-06,8.841665e-06,8.545828e-06,1.29159e-07,8.037496e-06,1.24995e-07,6.758332e-06,7.716663e-06,8.995827e-06,9.304166e-06,8.058326e-06,8.50416e-06,9.12083e-06,4.837497e-06,9.316659e-06
0,235,35.448,0.47,8.404159e-06,8.516661e-06,8.795826e-06,8.50416e-06,1.29159e-07,7.991664e-06,1.29159e-07,6.720829e-06,7.683333e-06,8.954159e-06,9.266662e-06,8.016666e-06,8.466665e-06,9.079162e-06,4.804158e-06,9.266662e-06
0,236,35.599,0.472,8.362492e-06,8.470829e-06,8.745829e-06,8.45e-06,1.29159e-07,7.937495e-06,1.33332e-07,6.662496e-06,7.616663e-06,8.895826e-06,9.204166e-06,7.949996e-06,8.404159e-06,9.008329e-06,4.762499e-06,9.199993e-06
0,237,35.75,0.474,8.31666e-06,8.420833e-06,8.699997e-06,8.408332e-06,1.24995e-07,7.891663e-06,1.33332e-07,6.620828e-06,7.574995e-06,8.854158e-06,9.162498e-06,7.908328e-06,8.362492e-06,8.96666e-06,4.737497e-06,9.162498e-06
0,238,35.901,0.476,8.266664e-06,8.366665e-06,8.645829e-06,8.345826e-06,1.33332e-07,7.837494e-06,1.33332e-07,6.562495e-06,7.512498e-06,8.787497e-06,9.099992e-06,7.845831e-06,8.29583e-06,8.899999e-06,4.691664e-06,9.099992e-06
0,239,36.052,0.478,8.216659e-06,8.320832e-06,8.599996e-06,8.304159e-06,1.29159e-07,7.787497e-06,1.33332e-07,6.520828e-06,7.466666e-06,8.749994e-06,9.058333e-06,7.799999e-06,8.258326e-06,8.858331e-06,4.662498e-06,9.05416e-06
0,240,36.203,0.48,8.174999e-06,8.262499e-06,8.541663e-06,8.245825e-06,1.29159e-07,7.733329e-06,1.33332e-07,6.462495e-06,7.40416e-06,8.67916e-06,8.995827e-06,7.737493e-06,8.187492e-06,8.791661e-06,4.62083e-06,8.983326e-06
0,241,36.353,0.482,8.124995e-06,8.216659e-06,8.495832e-06,8.199993e-06,1.29159e-07,7.687497e-06,1.29159e-07,6.420827e-06,7.358328e-06,8.641664e-06,8.958332e-06,7.695826e-06,8.149997e-06,8.745829e-06,4.595828e-06,8.937494e-06
0,242,36.504,0.484,8.087492e-06,8.183329e-06,8.462493e-06,8.162498e-06,1.33332e-07,7.645829e-06,1.33332e-07,6.383332e-06,7.320825e-06,8.599996e-06,8.920829e-06,7.654166e-06,8.112494e-06,8.704162e-06,4.566662e-06,8.895826e-06
0,243,36.655,0.486,8.045832e-06,8.12916e-06,8.408332e-06,8.104165e-06,1.29159e-07,7.587496e-06,1.37496e-07,6.324999e-06,7.254163e-06,8.5375e-06,8.854158e-06,7.591661e-06,8.04166e-06,8.633328e-06,4.516665e-06,8.824993e-06
0,244,36.806,0.488,7.995828e-06,8.079163e-06,8.358327e-06,8.062498e-06,1.33332e-07,7.545829e-06,1.37496e-07,6.283331e-06,7.212496e-06,8.491659e-06,8.812499e-06,7.549993e-06,7.999993e-06,8.587495e-06,4.495827e-06,8.77916e-06
0,245,36.957,0.49,7.949996e-06,8.024995e-06,8.308331e-06,7.999993e-06,1.33332e-07,7.483332e-06,1.33332e-07,6.220826e-06,7.145826e-06,8.429161e-06,8.745829e-06,7.479159e-06,7.93333e-06,8.520826e-06,4.449995e-06,8.712498e-06
0,246,37.108,0.492,7.904164e-06,7.979163e-06,8.258326e-06,7.958332e-06,1.33332e-07,7.441664e-06,1.33332e-07,6.179166e-06,7.104159e-06,8.383329e-06,8.708326e-06,7.437499e-06,7.891663e-06,8.474994e-06,4.424993e-06,8.670831e-06
0,247,37.259,0.494,7.85416e-06,7.920829e-06,8.199993e-06,7.899992e-06,1.33332e-07,7.379158e-06,1.37496e-07,6.120833e-06,7.037497e-06,8.324997e-06,8.645829e-06,7.37083e-06,7.824993e-06,8.404159e-06,4.379161e-06,8.595832e-06
0,248,37.409,0.496,7.804163e-06,7.874997e-06,8.154162e-06,7.85416e-06,1.33332e-07,7.333326e-06,1.37496e-07,6.083329e-06,6.995829e-06,8.279165e-06,8.599996e-06,7.324998e-06,7.783326e-06,8.362492e-06,4.349994e-06,8.554164e-06
0,249,37.56,0.498,7.758331e-06,7.812492e-06,8.095829e-06,7.795827e-06,1.33332e-07,7.270829e-06,1.33332e-07,6.020832e-06,6.924995e-06,8.212495e-06,8.5375e-06,7.266664e-06,7.7125e-06,8.291666e-06,4.308327e-06,8.479166e-06
0,250,37.711,0.5,7.7125e-06,7.770833e-06,8.054161e-06,7.749994e-06,1.33332e-07,7.229161e-06,1.37496e-07,5.979165e-06,6.883327e-06,8.166663e-06,8.495832e-06,7.21666e-06,7.674996e-06,8.249998e-06,4.283325e-06,8.433326e-06
0,251,37.862,0.502,7.662495e-06,7.7125e-06,7.995828e-06,7.691661e-06,1.37496e-07,7.166664e-06,1.37496e-07,5.916659e-06,6.816666e-06,8.099993e-06,8.429161e-06,7.149999e-06,7.599997e-06,8.174999e-06,4.237493e-06,8.362492e-06
0,252,38.013,0.504,7.612498e-06,7.662495e-06,7.945831e-06,7.641665e-06,1.37496e-07,7.120832e-06,1.37496e-07,5.879164e-06,6.774998e-06,8.054161e-06,8.387494e-06,7.104159e-06,7.55833e-06,8.12916e-06,4.208326e-06,8.312496e-06
0,253,38.164,0.506,7.562494e-06,7.604162e-06,7.891663e-06,7.583332e-06,1.37496e-07,7.062499e-06,1.37496e-07,5.816658e-06,6.708328e-06,7.983327e-06,8.320832e-06,7.037497e-06,7.487496e-06,8.054161e-06,4.166659e-06,8.241662e-06
0,254,38.314,0.508,7.512498e-06,7.55833e-06,7.841659e-06,7.533328e-06,1.37496e-07,7.012494e-06,1.37496e-07,5.774998e-06,6.662496e-06,7.937495e-06,8.279165e-06,6.995829e-06,7.445828e-06,8.008329e-06,4.137492e-06,8.19583e-06
0,255,38.465,0.51,7.466666e-06,7.504161e-06,7.783326e-06,7.479159e-06,1.37496e-07,6.954161e-06,1.37496e-07,5.716666e-06,6.591662e-06,7.874997e-06,8.212495e-06,6.929159e-06,7.379158e-06,7.93333e-06,4.09166e-06,8.120831e-06
0,256,38.616,0.512,7.416661e-06,7.454165e-06,7.737493e-06,7.429162e-06,1.33332e-07,6.904165e-06,1.4166e-07,5.674998e-06,6.554159e-06,7.829165e-06,8.170828e-06,6.8875e-06,7.329162e-06,7.887498e-06,4.066666e-06,8.074999e-06
0,257,38.767,0.514,7.366665e-06,7.395832e-06,7.67916e-06,7.37083e-06,1.37496e-07,6.845832e-06,1.37496e-07,5.616665e-06,6.483333e-06,7.758331e-06,8.104165e-06,6.816666e-06,7.262492e-06,7.816664e-06,4.020826e-06,7.999993e-06
0,258,38.918,0.516,7.312497e-06,7.345827e-06,7.624992e-06,7.320825e-06,1.37496e-07,6.799992e-06,1.37496e-07,5.574997e-06,6.441664e-06,7.7125e-06,8.062498e-06,6.770825e-06,7.220833e-06,7.770833e-06,3.995832e-06,7.958332e-06
0,259,39.069,0.518,7.266664e-06,7.287495e-06,7.570831e-06,7.258328e-06,1.4166e-07,6.737494e-06,1.4166e-07,5.512492e-06,6.374995e-06,7.641665e-06,7.991664e-06,6.708328e-06,7.141662e-06,7.691661e-06,3.945827e-06,7.874997e-06
0,260,39.219,0.52,7.212496e-06,7.233326e-06,7.520827e-06,7.208331e-06,1.37496e-07,6.687498e-06,1.45825e-07,5.46666e-06,6.329163e-06,7.591661e-06,7.945831e-06,6.662496e-06,7.095829e-06,7.645829e-06,3.920825e-06,7.824993e-06
0,261,39.37,0.522,7.158327e-06,7.174993e-06,7.462494e-06,7.145826e-06,1.4166e-07,6.620828e-06,1.4166e-07,5.404162e-06,6.258329e-06,7.524999e-06,7.883326e-06,6.595826e-06,7.02916e-06,7.57916e-06,3.874993e-06,7.754159e-06
0,262,39.521,0.524,7.112495e-06,7.124996e-06,7.412497e-06,7.099994e-06,1.4166e-07,6.574996e-06,1.37496e-07,5.366659e-06,6.212497e-06,7.474995e-06,7.837494e-06,6.54583e-06,6.983328e-06,7.524999e-06,3.845827e-06,7.704162e-06
0,263,39.672,0.526,7.058326e-06,7.062499e-06,7.349992e-06,7.033332e-06,1.4166e-07,6.508326e-06,1.4166e-07,5.304162e-06,6.145827e-06,7.408333e-06,7.770833e-06,6.47916e-06,6.904165e-06,7.445828e-06,3.799995e-06,7.624992e-06
0,264,39.823,0.528,7.00833e-06,7.012494e-06,7.30416e-06,6.987492e-06,1.4166e-07,6.466659e-06,1.4166e-07,5.262494e-06,6.104159e-06,7.358328e-06,7.724992e-06,6.429163e-06,6.862497e-06,7.395832e-06,3.774993e-06,7.574995e-06
0,265,39.974,0.53,6.958326e-06,6.949997e-06,7.241662e-06,6.924995e-06,1.4166e-07,6.395833e-06,1.4166e-07,5.208326e-06,6.037497e-06,7.287495e-06,7.658331e-06,6.366666e-06,6.787499e-06,7.320825e-06,3.733325e-06,7.499997e-06
0,266,40.125,0.532,6.904165e-06,6.899993e-06,7.191666e-06,6.879163e-06,1.4166e-07,6.349993e-06,1.45825e-07,5.162493e-06,5.987493e-06,7.237498e-06,7.608326e-06,6.316662e-06,6.737494e-06,7.270829e-06,3.704158e-06,7.449993e-06
0,267,40.275,0.534,6.854161e-06,6.837495e-06,7.129161e-06,6.812493e-06,1.4166e-07,6.287495e-06,1.45825e-07,5.099996e-06,5.920831e-06,7.170828e-06,7.545829e-06,6.249992e-06,6.66666e-06,7.19583e-06,3.662499e-06,7.374994e-06
0,268,40.426,0.536,6.799992e-06,6.787499e-06,7.083328e-06,6.762496e-06,1.45825e-07,6.237499e-06,1.45825e-07,5.062493e-06,5.874999e-06,7.11666e-06,7.495833e-06,6.199996e-06,6.616664e-06,7.145826e-06,3.633332e-06,7.324998e-06
0,269,40.577,0.538,6.762496e-06,6.741659e-06,7.037497e-06,6.720829e-06,1.37496e-07,6.191659e-06,1.4166e-07,5.020825e-06,5.833332e-06,7.074992e-06,7.449993e-06,6.162492e-06,6.570832e-06,7.095829e-06,3.604166e-06,7.270829e-06
0,270,40.728,0.54,6.708328e-06,6.683326e-06,6.974999e-06,6.658332e-06,1.4166e-07,6.133326e-06,1.45825e-07,4.966664e-06,5.766662e-06,6.999993e-06,7.391659e-06,6.09583e-06,6.499998e-06,7.016659e-06,3.562498e-06,7.191666e-06
0,271,40.879,0.542,6.654159e-06,6.629165e-06,6.933331e-06,6.608327e-06,1.4166e-07,6.087494e-06,1.49997e-07,4.924997e-06,5.724994e-06,6.958326e-06,7.345827e-06,6.049999e-06,6.454166e-06,6.970827e-06,3.537496e-06,7.141662e-06
0,272,41.03,0.544,6.608327e-06,6.570832e-06,6.866662e-06,6.54583e-06,1.4166e-07,6.024996e-06,1.45825e-07,4.866663e-06,5.65416e-06,6.8875e-06,7.279165e-06,5.983329e-06,6.379159e-06,6.895828e-06,3.491664e-06,7.066663e-06
0,273,41.18,0.546,6.558331e-06,6.516663e-06,6.816666e-06,6.495825e-06,1.45825e-07,5.974992e-06,1.45825e-07,4.824996e-06,5.612493e-06,6.833331e-06,7.233326e-06,5.937497e-06,6.333327e-06,6.841659e-06,3.462497e-06,7.012494e-06
0,274,41.331,0.548,6.504162e-06,6.45833e-06,6.758332e-06,6.433328e-06,1.45825e-07,5.912495e-06,1.45825e-07,4.766663e-06,5.545831e-06,6.766661e-06,7.166664e-06,5.870827e-06,6.258329e-06,6.762496e-06,3.424994e-06,6.937496e-06
0,275,41.482,0.55,6.449994e-06,6.408326e-06,6.712492e-06,6.387496e-06,1.4166e-07,5.862498e-06,1.45825e-07,4.733332e-06,5.504163e-06,6.712492e-06,7.124996e-06,5.829159e-06,6.212497e-06,6.716665e-06,3.395828e-06,6.8875e-06
0,276,41.633,0.552,6.395833e-06,6.345828e-06,6.645831e-06,6.320826e-06,1.45825e-07,5.804165e-06,1.45825e-07,4.670826e-06,5.437493e-06,6.641666e-06,7.054162e-06,5.758325e-06,6.137498e-06,6.63333e-06,3.35416e-06,6.808329e-06
0,277,41.784,0.554,6.345828e-06,6.295832e-06,6.595826e-06,6.27083e-06,1.45825e-07,5.754161e-06,1.49997e-07,4.633331e-06,5.395826e-06,6.591662e-06,7.012494e-06,5.716666e-06,6.087494e-06,6.587497e-06,3.329166e-06,6.758332e-06
0,278,41.935,0.556,6.29166e-06,6.233327e-06,6.537493e-06,6.208332e-06,1.45825e-07,5.687499e-06,1.49997e-07,4.574998e-06,5.324991e-06,6.520828e-06,6.94166e-06,5.645832e-06,6.012495e-06,6.508326e-06,3.287498e-06,6.679161e-06
0,279,42.086,0.558,6.241663e-06,6.18333e-06,6.487497e-06,6.158328e-06,1.45825e-07,5.641659e-06,1.45825e-07,4.54166e-06,5.291661e-06,6.470831e-06,6.904165e-06,5.604164e-06,5.966663e-06,6.462495e-06,3.258332e-06,6.629165e-06
0,280,42.236,0.56,6.18333e-06,6.116661e-06,6.424999e-06,6.09583e-06,1.49997e-07,5.574997e-06,1.49997e-07,4.483326e-06,5.220827e-06,6.395833e-06,6.837495e-06,5.537494e-06,5.891665e-06,6.379159e-06,3.220828e-06,6.549994e-06
0,281,42.387,0.562,6.133326e-06,6.066664e-06,6.370831e-06,6.045826e-06,1.45825e-07,5.53333e-06,1.54161e-07,4.445831e-06,5.183331e-06,6.349993e-06,6.791663e-06,5.495826e-06,5.845833e-06,6.333327e-06,3.191662e-06,6.495825e-06
0,282,42.538,0.564,6.079165e-06,6.004159e-06,6.308325e-06,5.979165e-06,1.45825e-07,5.462496e-06,1.49997e-07,4.391662e-06,5.116661e-06,6.279159e-06,6.729166e-06,5.433329e-06,5.766662e-06,6.254164e-06,3.154159e-06,6.416662e-06
0,283,42.689,0.566,6.024996e-06,5.949998e-06,6.262493e-06,5.933332e-06,1.45825e-07,5.420828e-06,1.49997e-07,4.354159e-06,5.079166e-06,6.229162e-06,6.687498e-06,5.387497e-06,5.716666e-06,6.20416e-06,3.133329e-06,6.366666e-06
0,284,42.84,0.568,5.974992e-06,5.895829e-06,6.20416e-06,5.866663e-06,1.49997e-07,5.354166e-06,1.49997e-07,4.304163e-06,5.016661e-06,6.154164e-06,6.620828e-06,5.324991e-06,5.645832e-06,6.124997e-06,3.087497e-06,6.287495e-06
0,285,42.991,0.57,5.924996e-06,5.84166e-06,6.154164e-06,5.824995e-06,1.49997e-07,5.316663e-06,1.54161e-07,4.266659e-06,4.974993e-06,6.112496e-06,6.579161e-06,5.283332e-06,5.599999e-06,6.083329e-06,3.066659e-06,6.241663e-06
0,286,43.141,0.572,5.874999e-06,5.779163e-06,6.091658e-06,5.758325e-06,1.49997e-07,5.249993e-06,1.54161e-07,4.216663e-06,4.912496e-06,6.033325e-06,6.516663e-06,5.220827e-06,5.529165e-06,6.004159e-06,3.024999e-06,6.166665e-06
0,287,43.292,0.574,5.820831e-06,5.733331e-06,6.045826e-06,5.716666e-06,1.49997e-07,5.208326e-06,1.54161e-07,4.183332e-06,4.879165e-06,5.99583e-06,6.47916e-06,5.183331e-06,5.483325e-06,5.958327e-06,3.004161e-06,6.112496e-06
0,288,43.443,0.576,5.770826e-06,5.670825e-06,5.987493e-06,5.649996e-06,1.49997e-07,5.149992e-06,1.54161e-07,4.133328e-06,4.820832e-06,5.924996e-06,6.416662e-06,5.124998e-06,5.408327e-06,5.883328e-06,2.966658e-06,6.041662e-06
0,289,43.594,0.578,5.716666e-06,5.620829e-06,5.941661e-06,5.604164e-06,1.54161e-07,5.108333e-06,1.54161e-07,4.099997e-06,4.783328e-06,5.879164e-06,6.374995e-06,5.083331e-06,5.366659e-06,5.837496e-06,2.945828e-06,5.991666e-06
0,290,43.745,0.58,5.666661e-06,5.562496e-06,5.883328e-06,5.545831e-06,1.54161e-07,5.049992e-06,1.54161e-07,4.058329e-06,4.724996e-06,5.812494e-06,6.316662e-06,5.029162e-06,5.295825e-06,5.758325e-06,2.908325e-06,5.912495e-06
0,291,43.896,0.582,5.616665e-06,5.512492e-06,5.833332e-06,5.499999e-06,1.49997e-07,5.004159e-06,1.54161e-07,4.024998e-06,4.691664e-06,5.766662e-06,6.279159e-06,4.987494e-06,5.254165e-06,5.716666e-06,2.883331e-06,5.866663e-06
0,292,44.046,0.584,5.570825e-06,5.454159e-06,5.774998e-06,5.433329e-06,1.49997e-07,4.949999e-06,1.54161e-07,3.979158e-06,4.633331e-06,5.695828e-06,6.220826e-06,4.929161e-06,5.183331e-06,5.641659e-06,2.845828e-06,5.787492e-06
0,293,44.197,0.586,5.516664e-06,5.408327e-06,5.724994e-06,5.391661e-06,1.49997e-07,4.904159e-06,1.54161e-07,3.949992e-06,4.595828e-06,5.649996e-06,6.18333e-06,4.891666e-06,5.133327e-06,5.595827e-06,2.824998e-06,5.74166e-06
0,294,44.348,0.588,5.46666e-06,5.349994e-06,5.666661e-06,5.333328e-06,1.49997e-07,4.845826e-06,1.54161e-07,3.90416e-06,4.537495e-06,5.587498e-06,6.124997e-06,4.833333e-06,5.062493e-06,5.520828e-06,2.791659e-06,5.666661e-06
0,295,44.499,0.59,5.412499e-06,5.295825e-06,5.624994e-06,5.287496e-06,1.49997e-07,4.804158e-06,1.54161e-07,3.874993e-06,4.508328e-06,5.537494e-06,6.087494e-06,4.79583e-06,5.020825e-06,5.474997e-06,2.766665e-06,5.620829e-06
0,296,44.65,0.592,5.374996e-06,5.25833e-06,5.587498e-06,5.249993e-06,1.54161e-07,4.770827e-06,1.58326e-07,3.845827e-06,4.474998e-06,5.495826e-06,6.054163e-06,4.762499e-06,4.98333e-06,5.433329e-06,2.749991e-06,5.579162e-06
0,297,44.801,0.594,5.324991e-06,5.204161e-06,5.524993e-06,5.187495e-06,1.54161e-07,4.716659e-06,1.54161e-07,3.804159e-06,4.424993e-06,5.433329e-06,6.004159e-06,4.70833e-06,4.912496e-06,5.35833e-06,2.71666e-06,5.499999e-06
0,298,44.952,0.596,5.27916e-06,5.158329e-06,5.474997e-06,5.145828e-06,1.54161e-07,4.674999e-06,1.58326e-07,3.779165e-06,4.391662e-06,5.387497e-06,5.966663e-06,4.674999e-06,4.870828e-06,5.316663e-06,2.691658e-06,5.454159e-06
0,299,45.102,0.598,5.224999e-06,5.10416e-06,5.420828e-06,5.083331e-06,1.49997e-07,4.616666e-06,1.58326e-07,3.741662e-06,4.337493e-06,5.316663e-06,5.912495e-06,4.62083e-06,4.804158e-06,5.241664e-06,2.662492e-06,5.37916e-06
0,300,45.253,0.6,5.174994e-06,5.049992e-06,5.374996e-06,5.045827e-06,1.49997e-07,4.579163e-06,1.54161e-07,3.71666e-06,4.308327e-06,5.274995e-06,5.879164e-06,4.591664e-06,4.758326e-06,5.199997e-06,2.637498e-06,5.337492e-06
0,301,45.404,0.602,5.124998e-06,4.991658e-06,5.320827e-06,4.98333e-06,1.49997e-07,4.529158e-06,1.54161e-07,3.674992e-06,4.262495e-06,5.212498e-06,5.824995e-06,4.54166e-06,4.691664e-06,5.129163e-06,2.608331e-06,5.266658e-06
0,302,45.555,0.604,5.079166e-06,4.949999e-06,5.274995e-06,4.941662e-06,1.49997e-07,4.491663e-06,1.54161e-07,3.654162e-06,4.233329e-06,5.17083e-06,5.795829e-06,4.504164e-06,4.649997e-06,5.087495e-06,2.587493e-06,5.220827e-06
0,303,45.706,0.606,5.029162e-06,4.887494e-06,5.216662e-06,4.883329e-06,1.54161e-07,4.43333e-06,1.58326e-07,3.612495e-06,4.183332e-06,5.10416e-06,5.745832e-06,4.458332e-06,4.587499e-06,5.020825e-06,2.554162e-06,5.149992e-06
0,304,45.857,0.608,4.979165e-06,4.845826e-06,5.17083e-06,4.841661e-06,1.54161e-07,4.404164e-06,1.58326e-07,3.591665e-06,4.15833e-06,5.066665e-06,5.716666e-06,4.424993e-06,4.545832e-06,4.974993e-06,2.537497e-06,5.099996e-06
0,305,46.007,0.61,4.929161e-06,4.787493e-06,5.116661e-06,4.783328e-06,1.54161e-07,4.349994e-06,1.58326e-07,3.558326e-06,4.112498e-06,4.999995e-06,5.666661e-06,4.383326e-06,4.483326e-06,4.908331e-06,2.50833e-06,5.033326e-06
0,306,46.158,0.612,4.883329e-06,4.745825e-06,5.07083e-06,4.741661e-06,1.54161e-07,4.312499e-06,1.58326e-07,3.54166e-06,4.087496e-06,4.962492e-06,5.63333e-06,4.349994e-06,4.441659e-06,4.866663e-06,2.487493e-06,4.991658e-06
0,307,46.309,0.614,4.833333e-06,4.695829e-06,5.020825e-06,4.691664e-06,1.58326e-07,4.266659e-06,1.58326e-07,3.508329e-06,4.045828e-06,4.899995e-06,5.595827e-06,4.308327e-06,4.383326e-06,4.808331e-06,2.466663e-06,4.924997e-06
0,308,46.46,0.616,4.791665e-06,4.649997e-06,4.979165e-06,4.649997e-06,1.54161e-07,4.237493e-06,1.58326e-07,3.491664e-06,4.020826e-06,4.866663e-06,5.566661e-06,4.283325e-06,4.34583e-06,4.762499e-06,2.441661e-06,4.883329e-06
0,309,46.611,0.618,4.745825e-06,4.599992e-06,4.929161e-06,4.595828e-06,1.58326e-07,4.187496e-06,1.58326e-07,3.462497e-06,3.983331e-06,4.808331e-06,5.529165e-06,4.241665e-06,4.287497e-06,4.704165e-06,2.420831e-06,4.820832e-06
0,310,46.762,0.62,4.704165e-06,4.554161e-06,4.887494e-06,4.562497e-06,1.58326e-07,4.15833e-06,1.58326e-07,3.445832e-06,3.962493e-06,4.770827e-06,5.495826e-06,4.212499e-06,4.249994e-06,4.662498e-06,2.399993e-06,4.774992e-06
0,311,46.913,0.622,4.654161e-06,4.508328e-06,4.833333e-06,4.504164e-06,1.54161e-07,4.116662e-06,1.62498e-07,3.424994e-06,3.920825e-06,4.712494e-06,5.462496e-06,4.17916e-06,4.191661e-06,4.604165e-06,2.374999e-06,4.712494e-06
0,312,47.063,0.624,4.612494e-06,4.466661e-06,4.791665e-06,4.466661e-06,1.54161e-07,4.083332e-06,1.58326e-07,3.404164e-06,3.90416e-06,4.679163e-06,5.441666e-06,4.154166e-06,4.162494e-06,4.562497e-06,2.362498e-06,4.679163e-06
0,313,47.214,0.626,4.562497e-06,4.420829e-06,4.737497e-06,4.416665e-06,1.58326e-07,4.041664e-06,1.58326e-07,3.383326e-06,3.866664e-06,4.62083e-06,5.404162e-06,4.116662e-06,4.104161e-06,4.508328e-06,2.333331e-06,4.612494e-06
0,314,47.365,0.628,4.512493e-06,4.374997e-06,4.695829e-06,4.379161e-06,1.58326e-07,4.012497e-06,1.58326e-07,3.370825e-06,3.849999e-06,4.587499e-06,5.37916e-06,4.095833e-06,4.070831e-06,4.470825e-06,2.324995e-06,4.574998e-06
0,315,47.516,0.63,4.470825e-06,4.324992e-06,4.649997e-06,4.333329e-06,1.58326e-07,3.974994e-06,1.58326e-07,3.349996e-06,3.820833e-06,4.53333e-06,5.349994e-06,4.062494e-06,4.020826e-06,4.412492e-06,2.299992e-06,4.512493e-06
0,316,47.667,0.632,4.43333e-06,4.291662e-06,4.608329e-06,4.299998e-06,1.58326e-07,3.945827e-06,1.62498e-07,3.337494e-06,3.804159e-06,4.504164e-06,5.329164e-06,4.041664e-06,3.991659e-06,4.383326e-06,2.287499e-06,4.483326e-06
0,317,47.818,0.634,4.387498e-06,4.24583e-06,4.562497e-06,4.254158e-06,1.58326e-07,3.912497e-06,1.62498e-07,3.324993e-06,3.779165e-06,4.45416e-06,5.304162e-06,4.016661e-06,3.941663e-06,4.329165e-06,2.266661e-06,4.424993e-06
0,318,47.968,0.636,4.34583e-06,4.208326e-06,4.524994e-06,4.220828e-06,1.58326e-07,3.887495e-06,1.58326e-07,3.316665e-06,3.762492e-06,4.420829e-06,5.283332e-06,3.995832e-06,3.912497e-06,4.291662e-06,2.25416e-06,4.387498e-06
0,319,48.119,0.638,4.304163e-06,4.166659e-06,4.479162e-06,4.174995e-06,1.58326e-07,3.849999e-06,1.62498e-07,3.299999e-06,3.741662e-06,4.370832e-06,5.25833e-06,3.97083e-06,3.866664e-06,4.24583e-06,2.23333e-06,4.333329e-06
0,320,48.27,0.64,4.262495e-06,4.129163e-06,4.437494e-06,4.141665e-06,1.58326e-07,3.829161e-06,1.62498e-07,3.291663e-06,3.733325e-06,4.337493e-06,5.241664e-06,3.954164e-06,3.837498e-06,4.216663e-06,2.220829e-06,4.304163e-06
0,321,48.421,0.642,4.220828e-06,4.087496e-06,4.395827e-06,4.104161e-06,1.58326e-07,3.799995e-06,1.62498e-07,3.283326e-06,3.708331e-06,4.299998e-06,5.224999e-06,3.937499e-06,3.799995e-06,4.170831e-06,2.204164e-06,4.258331e-06
0,322,48.572,0.644,4.183332e-06,4.058329e-06,4.358331e-06,4.074995e-06,1.58326e-07,3.779165e-06,1.62498e-07,3.279162e-06,3.69583e-06,4.274996e-06,5.212498e-06,3.924998e-06,3.770828e-06,4.141665e-06,2.195827e-06,4.224992e-06
0,323,48.723,0.646,4.154166e-06,4.033327e-06,4.333329e-06,4.049993e-06,1.58326e-07,3.762492e-06,1.62498e-07,3.270833e-06,3.687493e-06,4.249994e-06,5.204161e-06,3.908332e-06,3.749998e-06,4.120827e-06,2.187498e-06,4.195825e-06
0,324,48.873,0.648,4.112498e-06,3.995832e-06,4.287497e-06,4.008325e-06,1.62498e-07,3.733325e-06,1.62498e-07,3.270833e-06,3.674992e-06,4.208326e-06,5.183331e-06,3.895831e-06,3.712495e-06,4.074995e-06,2.170825e-06,4.149993e-06
0,325,49.024,0.65,4.079159e-06,3.962493e-06,4.258331e-06,3.983331e-06,1.62498e-07,3.712495e-06,1.66663e-07,3.26666e-06,3.662499e-06,4.183332e-06,5.179159e-06,3.887495e-06,3.691665e-06,4.049993e-06,2.162496e-06,4.124999e-06
0,326,49.175,0.652,4.041664e-06,3.929162e-06,4.212499e-06,3.945827e-06,1.66663e-07,3.691665e-06,1.66663e-07,3.26666e-06,3.658326e-06,4.149993e-06,5.166666e-06,3.870829e-06,3.658326e-06,4.012497e-06,2.149995e-06,4.079159e-06
0,327,49.326,0.654,4.008325e-06,3.90416e-06,4.187496e-06,3.924998e-06,1.66663e-07,3.674992e-06,1.66663e-07,3.26666e-06,3.649998e-06,4.129163e-06,5.162493e-06,3.862492e-06,3.641661e-06,3.991659e-06,2.141659e-06,4.054165e-06
0,328,49.477,0.656,3.974994e-06,3.866664e-06,4.145829e-06,3.887495e-06,1.62498e-07,3.654162e-06,1.66663e-07,3.26666e-06,3.645825e-06,4.095833e-06,5.154165e-06,3.858328e-06,3.60833e-06,3.954164e-06,2.129165e-06,4.016661e-06
0,329,49.628,0.658,3.937499e-06,3.841662e-06,4.116662e-06,3.862492e-06,1.62498e-07,3.641661e-06,1.66663e-07,3.26666e-06,3.641661e-06,4.074995e-06,5.149992e-06,3.849999e-06,3.595829e-06,3.937499e-06,2.124993e-06,3.995832e-06
0,330,49.779,0.66,3.90416e-06,3.812496e-06,4.079159e-06,3.837498e-06,1.62498e-07,3.62916e-06,1.66663e-07,3.274997e-06,3.637497e-06,4.045828e-06,5.149992e-06,3.845827e-06,3.570827e-06,3.908332e-06,2.116664e-06,3.962493e-06
0,331,49.929,0.662,3.874993e-06,3.787494e-06,4.049993e-06,3.812496e-06,1.62498e-07,3.616659e-06,1.66663e-07,3.274997e-06,3.637497e-06,4.029163e-06,5.145828e-06,3.845827e-06,3.558326e-06,3.887495e-06,2.108328e-06,3.941663e-06
0,332,50.08,0.664,3.841662e-06,3.762492e-06,4.016661e-06,3.787494e-06,1.62498e-07,3.599993e-06,1.66663e-07,3.287498e-06,3.637497e-06,4.00416e-06,5.149992e-06,3.845827e-06,3.537496e-06,3.862492e-06,2.104163e-06,3.912497e-06
0,333,50.231,0.666,3.812496e-06,3.741662e-06,3.991659e-06,3.766664e-06,1.62498e-07,3.591665e-06,1.66663e-07,3.291663e-06,3.637497e-06,3.991659e-06,5.154165e-06,3.845827e-06,3.524995e-06,3.849999e-06,2.099999e-06,3.895831e-06
0,334,50.382,0.668,3.783329e-06,3.720832e-06,3.958329e-06,3.745826e-06,1.66663e-07,3.583328e-06,1.70827e-07,3.304164e-06,3.645825e-06,3.97083e-06,5.162493e-06,3.854163e-06,3.512494e-06,3.829161e-06,2.095826e-06,3.870829e-06
0,335,50.533,0.67,3.758327e-06,3.699994e-06,3.933326e-06,3.729161e-06,1.62498e-07,3.579164e-06,1.62498e-07,3.308328e-06,3.645825e-06,3.958329e-06,5.162493e-06,3.858328e-06,3.504165e-06,3.81666e-06,2.091662e-06,3.858328e-06
0,336,50.684,0.672,3.729161e-06,3.679164e-06,3.899996e-06,3.704158e-06,1.66663e-07,3.570827e-06,1.66663e-07,3.324993e-06,3.658326e-06,3.945827e-06,5.174994e-06,3.866664e-06,3.495828e-06,3.79583e-06,2.095826e-06,3.833326e-06
0,337,50.834,0.674,3.704158e-06,3.662499e-06,3.879165e-06,3.691665e-06,1.66663e-07,3.566662e-06,1.66663e-07,3.33333e-06,3.666663e-06,3.933326e-06,5.183331e-06,3.866664e-06,3.491664e-06,3.787494e-06,2.091662e-06,3.824997e-06
0,338,50.985,0.676,3.679164e-06,3.645825e-06,3.854163e-06,3.674992e-06,1.66663e-07,3.566662e-06,1.66663e-07,3.35416e-06,3.674992e-06,3.920825e-06,5.199997e-06,3.88333e-06,3.483327e-06,3.779165e-06,2.091662e-06,3.808331e-06
0,339,51.136,0.678,3.654162e-06,3.633332e-06,3.833326e-06,3.666663e-06,1.66663e-07,3.562498e-06,1.66663e-07,3.362497e-06,3.687493e-06,3.916661e-06,5.208326e-06,3.891659e-06,3.479163e-06,3.766664e-06,2.095826e-06,3.799995e-06
0,340,51.287,0.68,3.62916e-06,3.620831e-06,3.808331e-06,3.649998e-06,1.62498e-07,3.562498e-06,1.70827e-07,3.383326e-06,3.699994e-06,3.90416e-06,5.229163e-06,3.90416e-06,3.479163e-06,3.762492e-06,2.099999e-06,3.787494e-06
0,341,51.438,0.682,3.612495e-06,3.60833e-06,3.791666e-06,3.641661e-06,1.66663e-07,3.562498e-06,1.66663e-07,3.395828e-06,3.712495e-06,3.899996e-06,5.241664e-06,3.916661e-06,3.483327e-06,3.758327e-06,2.099999e-06,3.783329e-06
0,342,51.589,0.684,3.591665e-06,3.595829e-06,3.770828e-06,3.62916e-06,1.62498e-07,3.566662e-06,1.66663e-07,3.416665e-06,3.737497e-06,3.895831e-06,5.266658e-06,3.933326e-06,3.487492e-06,3.754163e-06,2.104163e-06,3.774993e-06
0,343,51.74,0.686,3.574999e-06,3.591665e-06,3.754163e-06,3.624996e-06,1.66663e-07,3.566662e-06,1.66663e-07,3.433331e-06,3.745826e-06,3.895831e-06,5.274995e-06,3.949992e-06,3.487492e-06,3.754163e-06,2.104163e-06,3.774993e-06
0,344,51.89,0.688,3.554161e-06,3.583328e-06,3.737497e-06,3.616659e-06,1.62498e-07,3.583328e-06,1.70827e-07,3.454161e-06,3.770828e-06,3.895831e-06,5.304162e-06,3.974994e-06,3.495828e-06,3.754163e-06,2.112492e-06,3.774993e-06
0,345,52.041,0.69,3.54166e-06,3.583328e-06,3.724996e-06,3.616659e-06,1.66663e-07,3.583328e-06,1.66663e-07,3.470826e-06,3.783329e-06,3.895831e-06,5.320827e-06,3.987495e-06,3.499993e-06,3.754163e-06,2.116664e-06,3.774993e-06
0,346,52.192,0.692,3.524995e-06,3.579164e-06,3.708331e-06,3.612495e-06,1.66663e-07,3.595829e-06,1.70827e-07,3.499993e-06,3.81666e-06,3.90416e-06,5.354166e-06,4.012497e-06,3.516658e-06,3.766664e-06,2.129165e-06,3.779165e-06
0,347,52.343,0.694,3.508329e-06,3.574999e-06,3.69583e-06,3.60833e-06,1.66663e-07,3.599993e-06,1.66663e-07,3.516658e-06,3.833326e-06,3.90416e-06,5.370831e-06,4.033327e-06,3.524995e-06,3.766664e-06,2.137494e-06,3.783329e-06
0,348,52.494,0.696,3.499993e-06,3.574999e-06,3.687493e-06,3.60833e-06,1.66663e-07,3.612495e-06,1.70827e-07,3.545833e-06,3.858328e-06,3.916661e-06,5.408327e-06,4.066666e-06,3.545833e-06,3.779165e-06,2.145831e-06,3.787494e-06
0,349,52.645,0.698,3.491664e-06,3.574999e-06,3.674992e-06,3.60833e-06,1.66663e-07,3.624996e-06,1.66663e-07,3.562498e-06,3.879165e-06,3.920825e-06,5.429165e-06,4.083332e-06,3.558326e-06,3.787494e-06,2.15416e-06,3.79583e-06
0,350,52.795,0.7,3.483327e-06,3.579164e-06,3.666663e-06,3.612495e-06,1.66663e-07,3.641661e-06,1.74991e-07,3.599993e-06,3.912497e-06,3.937499e-06,5.46666e-06,4.120827e-06,3.579164e-06,3.804159e-06,2.170825e-06,3.808331e-06
0,351,52.946,0.702,3.470826e-06,3.579164e-06,3.658326e-06,3.616659e-06,1.66663e-07,3.649998e-06,1.70827e-07,3.616659e-06,3.933326e-06,3.945827e-06,5.487498e-06,4.141665e-06,3.591665e-06,3.812496e-06,2.174997e-06,3.820833e-06
0,352,53.097,0.704,3.466662e-06,3.587492e-06,3.654162e-06,3.620831e-06,1.66663e-07,3.666663e-06,1.70827e-07,3.637497e-06,3.954164e-06,3.954164e-06,5.512492e-06,4.162494e-06,3.60833e-06,3.824997e-06,2.187498e-06,3.829161e-06
0,353,53.248,0.706,3.454161e-06,3.595829e-06,3.654162e-06,3.62916e-06,1.66663e-07,3.683329e-06,1.70827e-07,3.674992e-06,3.991659e-06,3.979158e-06,5.55416e-06,4.204162e-06,3.637497e-06,3.849999e-06,2.204164e-06,3.849999e-06
0,354,53.399,0.708,3.458325e-06,3.599993e-06,3.645825e-06,3.637497e-06,1.66663e-07,3.704158e-06,1.70827e-07,3.69583e-06,4.020826e-06,3.991659e-06,5.583326e-06,4.224992e-06,3.658326e-06,3.862492e-06,2.212493e-06,3.862492e-06
0,355,53.55,0.71,3.454161e-06,3.616659e-06,3.649998e-06,3.649998e-06,1.70827e-07,3.724996e-06,1.70827e-07,3.737497e-06,4.058329e-06,4.016661e-06,5.63333e-06,4.274996e-06,3.691665e-06,3.891659e-06,2.23333e-06,3.887495e-06
0,356,53.701,0.712,3.445832e-06,3.624996e-06,3.645825e-06,3.662499e-06,1.70827e-07,3.741662e-06,1.74991e-07,3.758327e-06,4.087496e-06,4.029163e-06,5.658333e-06,4.299998e-06,3.712495e-06,3.90416e-06,2.245831e-06,3.899996e-06
0,357,53.851,0.714,3.449996e-06,3.645825e-06,3.645825e-06,3.679164e-06,1.66663e-07,3.770828e-06,1.74991e-07,3.799995e-06,4.129163e-06,4.062494e-06,5.704164e-06,4.341666e-06,3.749998e-06,3.937499e-06,2.270826e-06,3.933326e-06
0,358,54.002,0.716,3.445832e-06,3.649998e-06,3.645825e-06,3.687493e-06,1.66663e-07,3.783329e-06,1.70827e-07,3.820833e-06,4.154166e-06,4.070831e-06,5.733331e-06,4.36666e-06,3.766664e-06,3.954164e-06,2.283327e-06,3.949992e-06
0,359,54.153,0.718,3.449996e-06,3.674992e-06,3.654162e-06,3.712495e-06,1.66663e-07,3.812496e-06,1.70827e-07,3.858328e-06,4.208326e-06,4.104161e-06,5.791664e-06,4.416665e-06,3.812496e-06,3.991659e-06,2.304165e-06,3.983331e-06
0,360,54.304,0.72,3.454161e-06,3.687493e-06,3.658326e-06,3.720832e-06,1.70827e-07,3.829161e-06,1.70827e-07,3.887495e-06,4.229164e-06,4.124999e-06,5.816658e-06,4.441659e-06,3.837498e-06,4.012497e-06,2.316666e-06,4.00416e-06
0,361,54.455,0.722,3.462497e-06,3.712495e-06,3.666663e-06,3.745826e-06,1.66663e-07,3.858328e-06,1.74991e-07,3.924998e-06,4.27916e-06,4.162494e-06,5.870827e-06,4.491663e-06,3.874993e-06,4.049993e-06,2.337496e-06,4.037492e-06
0,362,54.606,0.724,3.462497e-06,3.729161e-06,3.670827e-06,3.758327e-06,1.66663e-07,3.879165e-06,1.70827e-07,3.949992e-06,4.308327e-06,4.183332e-06,5.899994e-06,4.524994e-06,3.90416e-06,4.074995e-06,2.354161e-06,4.062494e-06
0,363,54.756,0.726,3.470826e-06,3.754163e-06,3.683329e-06,3.787494e-06,1.66663e-07,3.912497e-06,1.70827e-07,3.995832e-06,4.362496e-06,4.220828e-06,5.958327e-06,4.574998e-06,3.949992e-06,4.116662e-06,2.383327e-06,4.104161e-06
0,364,54.907,0.728,3.479163e-06,3.770828e-06,3.687493e-06,3.799995e-06,1.66663e-07,3.933326e-06,1.70827e-07,4.016661e-06,4.387498e-06,4.241665e-06,5.987493e-06,4.604165e-06,3.979158e-06,4.141665e-06,2.391664e-06,4.129163e-06
0,365,55.058,0.73,3.491664e-06,3.804159e-06,3.708331e-06,3.833326e-06,1.70827e-07,3.966665e-06,1.70827e-07,4.062494e-06,4.445831e-06,4.287497e-06,6.049999e-06,4.662498e-06,4.029163e-06,4.187496e-06,2.424995e-06,4.170831e-06
0,366,55.209,0.732,3.495828e-06,3.820833e-06,3.712495e-06,3.854163e-06,1.66663e-07,3.987495e-06,1.70827e-07,4.087496e-06,4.474998e-06,4.312499e-06,6.074993e-06,4.691664e-06,4.058329e-06,4.216663e-06,2.441661e-06,4.195825e-06
0,367,55.36,0.734,3.512494e-06,3.858328e-06,3.733325e-06,3.887495e-06,1.66663e-07,4.020826e-06,1.74991e-07,4.133328e-06,4.53333e-06,4.354159e-06,6.137498e-06,4.741661e-06,4.108326e-06,4.258331e-06,2.462498e-06,4.24583e-06
0,368,55.511,0.736,3.524995e-06,3.879165e-06,3.749998e-06,3.912497e-06,1.74991e-07,4.045828e-06,1.70827e-07,4.162494e-06,4.562497e-06,4.383326e-06,6.166665e-06,4.779164e-06,4.133328e-06,4.291662e-06,2.483328e-06,4.274996e-06
0,369,55.661,0.738,3.545833e-06,3.920825e-06,3.766664e-06,3.949992e-06,1.74991e-07,4.083332e-06,1.79164e-07,4.216663e-06,4.624995e-06,4.429166e-06,6.229162e-06,4.833333e-06,4.191661e-06,4.341666e-06,2.512495e-06,4.329165e-06
0,370,55.812,0.74,3.554161e-06,3.941663e-06,3.783329e-06,3.97083e-06,1.70827e-07,4.104161e-06,1.70827e-07,4.233329e-06,4.649997e-06,4.458332e-06,6.266665e-06,4.870828e-06,4.216663e-06,4.370832e-06,2.52916e-06,4.354159e-06
0,371,55.963,0.742,3.574999e-06,3.979158e-06,3.804159e-06,4.008325e-06,1.70827e-07,4.145829e-06,1.74991e-07,4.283325e-06,4.70833e-06,4.508328e-06,6.320826e-06,4.929161e-06,4.274996e-06,4.424993e-06,2.562499e-06,4.408328e-06
0,372,56.114,0.744,3.591665e-06,4.008325e-06,3.824997e-06,4.033327e-06,1.70827e-07,4.162494e-06,1.74991e-07,4.312499e-06,4.741661e-06,4.537495e-06,6.358329e-06,4.958328e-06,4.304163e-06,4.45416e-06,2.579164e-06,4.437494e-06
0,373,56.265,0.746,3.612495e-06,4.045828e-06,3.845827e-06,4.070831e-06,1.70827e-07,4.199997e-06,1.74991e-07,4.362496e-06,4.79583e-06,4.587499e-06,6.420827e-06,5.016661e-06,4.36666e-06,4.508328e-06,2.612495e-06,4.487499e-06
0,374,56.416,0.748,3.624996e-06,4.074995e-06,3.866664e-06,4.095833e-06,1.70827e-07,4.224992e-06,1.70827e-07,4.387498e-06,4.82916e-06,4.62083e-06,6.454166e-06,5.049992e-06,4.395827e-06,4.54166e-06,2.633325e-06,4.520829e-06
0,375,56.567,0.75,3.654162e-06,4.116662e-06,3.899996e-06,4.141665e-06,1.70827e-07,4.266659e-06,1.70827e-07,4.429166e-06,4.891666e-06,4.670826e-06,6.512499e-06,5.112497e-06,4.449995e-06,4.595828e-06,2.658328e-06,4.574998e-06
0,376,56.717,0.752,3.670827e-06,4.145829e-06,3.916661e-06,4.166659e-06,1.70827e-07,4.291662e-06,1.74991e-07,4.458332e-06,4.920832e-06,4.699993e-06,6.54583e-06,5.137499e-06,4.479162e-06,4.624995e-06,2.674993e-06,4.604165e-06
0,377,56.868,0.754,3.69583e-06,4.191661e-06,3.945827e-06,4.216663e-06,1.66663e-07,4.324992e-06,1.74991e-07,4.508328e-06,4.979165e-06,4.758326e-06,6.608327e-06,5.204161e-06,4.54166e-06,4.691664e-06,2.712496e-06,4.666662e-06
0,378,57.019,0.756,3.712495e-06,4.220828e-06,3.97083e-06,4.241665e-06,1.70827e-07,4.354159e-06,1.74991e-07,4.54166e-06,5.016661e-06,4.791665e-06,6.641666e-06,5.237492e-06,4.570826e-06,4.720831e-06,2.729162e-06,4.699993e-06
0,379,57.17,0.758,3.733325e-06,4.249994e-06,3.987495e-06,4.270832e-06,1.70827e-07,4.370832e-06,1.70827e-07,4.570826e-06,5.049992e-06,4.820832e-06,6.674997e-06,5.270831e-06,4.604165e-06,4.754162e-06,2.749991e-06,4.72916e-06
0,380,57.321,0.76,3.762492e-06,4.295826e-06,4.020826e-06,4.320828e-06,1.66663e-07,4.416665e-06,1.70827e-07,4.616666e-06,5.112497e-06,4.879165e-06,6.745831e-06,5.333328e-06,4.662498e-06,4.816659e-06,2.78333e-06,4.791665e-06
0,381,57.472,0.762,3.783329e-06,4.333329e-06,4.049993e-06,4.349994e-06,1.70827e-07,4.437494e-06,1.74991e-07,4.649997e-06,5.145828e-06,4.91666e-06,6.783327e-06,5.366659e-06,4.699993e-06,4.849998e-06,2.80416e-06,4.824996e-06
0,382,57.622,0.764,3.81666e-06,4.383326e-06,4.087496e-06,4.408328e-06,1.70827e-07,4.483326e-06,1.74991e-07,4.699993e-06,5.208326e-06,4.970829e-06,6.841659e-06,5.429165e-06,4.762499e-06,4.91666e-06,2.837499e-06,4.887494e-06
0,383,57.773,0.766,3.841662e-06,4.416665e-06,4.108326e-06,4.43333e-06,1.70827e-07,4.508328e-06,1.74991e-07,4.72916e-06,5.245829e-06,5.004159e-06,6.879163e-06,5.462496e-06,4.791665e-06,4.949999e-06,2.854164e-06,4.920832e-06
0,384,57.924,0.768,3.870829e-06,4.466661e-06,4.149993e-06,4.491663e-06,1.70827e-07,4.545832e-06,1.70827e-07,4.779164e-06,5.304162e-06,5.066665e-06,6.94166e-06,5.524993e-06,4.854162e-06,5.016661e-06,2.887495e-06,4.98333e-06
0,385,58.075,0.77,3.895831e-06,4.499992e-06,4.174995e-06,4.520829e-06,1.74991e-07,4.570826e-06,1.74991e-07,4.808331e-06,5.337492e-06,5.10416e-06,6.979164e-06,5.566661e-06,4.891666e-06,5.054164e-06,2.908325e-06,5.016661e-06
0,386,58.226,0.772,3.929162e-06,4.549996e-06,4.212499e-06,4.570826e-06,1.70827e-07,4.616666e-06,1.74991e-07,4.858327e-06,5.404162e-06,5.162493e-06,7.041661e-06,5.624994e-06,4.945827e-06,5.112497e-06,2.945828e-06,5.079166e-06
0,387,58.377,0.774,3.954164e-06,4.583327e-06,4.24583e-06,4.608329e-06,1.74991e-07,4.633331e-06,1.74991e-07,4.887494e-06,5.437493e-06,5.199997e-06,7.074992e-06,5.662497e-06,4.979165e-06,5.145828e-06,2.962494e-06,5.112497e-06
0,388,58.528,0.776,3.995832e-06,4.645832e-06,4.287497e-06,4.662498e-06,1.70827e-07,4.674999e-06,1.74991e-07,4.941662e-06,5.495826e-06,5.25833e-06,7.137497e-06,5.716666e-06,5.041663e-06,5.212498e-06,2.999997e-06,5.17083e-06
0,389,58.678,0.778,4.016661e-06,4.679163e-06,4.316664e-06,4.695829e-06,1.70827e-07,4.704165e-06,1.74991e-07,4.966664e-06,5.529165e-06,5.287496e-06,7.170828e-06,5.758325e-06,5.07083e-06,5.241664e-06,3.016663e-06,5.204161e-06
0,390,58.829,0.78,4.054165e-06,4.72916e-06,4.358331e-06,4.745825e-06,1.74991e-07,4.745825e-06,1.74991e-07,5.016661e-06,5.591663e-06,5.349994e-06,7.229161e-06,5.812494e-06,5.133327e-06,5.308326e-06,3.054166e-06,5.270831e-06
0,391,58.98,0.782,4.079159e-06,4.762499e-06,4.387498e-06,4.783328e-06,1.70827e-07,4.766663e-06,1.74991e-07,5.049992e-06,5.629166e-06,5.391661e-06,7.266664e-06,5.845833e-06,5.162493e-06,5.341665e-06,3.070831e-06,5.299997e-06
0,392,59.131,0.784,4.116662e-06,4.820832e-06,4.429166e-06,4.837497e-06,1.74991e-07,4.808331e-06,1.74991e-07,5.099996e-06,5.683327e-06,5.44583e-06,7.329162e-06,5.90833e-06,5.220827e-06,5.404162e-06,3.104162e-06,5.362495e-06
0,393,59.282,0.786,4.141665e-06,4.854162e-06,4.458332e-06,4.870828e-06,1.70827e-07,4.82916e-06,1.74991e-07,5.129163e-06,5.72083e-06,5.483325e-06,7.362493e-06,5.945826e-06,5.254165e-06,5.44583e-06,3.124992e-06,5.399998e-06
0,394,59.433,0.788,4.17916e-06,4.912496e-06,4.508328e-06,4.929161e-06,1.70827e-07,4.879165e-06,1.79164e-07,5.179159e-06,5.783327e-06,5.545831e-06,7.424998e-06,6.008331e-06,5.312499e-06,5.504163e-06,3.162495e-06,5.462496e-06
0,395,59.583,0.79,4.212499e-06,4.954163e-06,4.537495e-06,4.966664e-06,1.70827e-07,4.899995e-06,1.74991e-07,5.212498e-06,5.816658e-06,5.579162e-06,7.458329e-06,6.045826e-06,5.345829e-06,5.545831e-06,3.187497e-06,5.491662e-06
0,396,59.734,0.792,4.249994e-06,5.004159e-06,4.587499e-06,5.024997e-06,1.70827e-07,4.941662e-06,1.79164e-07,5.25833e-06,5.874999e-06,5.641659e-06,7.520827e-06,6.099995e-06,5.399998e-06,5.599999e-06,3.220828e-06,5.558332e-06
0,397,59.885,0.794,4.274996e-06,5.041663e-06,4.616666e-06,5.058328e-06,1.70827e-07,4.962492e-06,1.74991e-07,5.291661e-06,5.904166e-06,5.679162e-06,7.549993e-06,6.133326e-06,5.433329e-06,5.637495e-06,3.241658e-06,5.587498e-06
0,398,60.036,0.796,4.316664e-06,5.099996e-06,4.666662e-06,5.116661e-06,1.70827e-07,5.008332e-06,1.74991e-07,5.341665e-06,5.966663e-06,5.74166e-06,7.612498e-06,6.191659e-06,5.487498e-06,5.699992e-06,3.274997e-06,5.641659e-06
0,399,60.187,0.798,4.34583e-06,5.137499e-06,4.691664e-06,5.154165e-06,1.70827e-07,5.029162e-06,1.74991e-07,5.366659e-06,5.999994e-06,5.770826e-06,7.645829e-06,6.224998e-06,5.520828e-06,5.733331e-06,3.291663e-06,5.679162e-06
0,400,60.338,0.8,4.383326e-06,5.195832e-06,4.745825e-06,5.212498e-06,1.74991e-07,5.07083e-06,1.79164e-07,5.420828e-06,6.062492e-06,5.837496e-06,7.704162e-06,6.287495e-06,5.579162e-06,5.795829e-06,3.329166e-06,5.74166e-06
0,401,60.488,0.802,4.412492e-06,5.233328e-06,4.766663e-06,5.245829e-06,1.70827e-07,5.091659e-06,1.79164e-07,5.449994e-06,6.091658e-06,5.866663e-06,7.737493e-06,6.316662e-06,5.608328e-06,5.829159e-06,3.349996e-06,5.774998e-06
0,402,60.639,0.804,4.449995e-06,5.287496e-06,4.820832e-06,5.308326e-06,1.70827e-07,5.133327e-06,1.74991e-07,5.495826e-06,6.149999e-06,5.933332e-06,7.799999e-06,6.374995e-06,5.666661e-06,5.887493e-06,3.383326e-06,5.833332e-06
0,403,60.79,0.806,4.474998e-06,5.324991e-06,4.854162e-06,5.341665e-06,1.74991e-07,5.158329e-06,1.74991e-07,5.529165e-06,6.179166e-06,5.966663e-06,7.824993e-06,6.408326e-06,5.695828e-06,5.924996e-06,3.399992e-06,5.862498e-06
0,404,60.941,0.808,4.516665e-06,5.383333e-06,4.899995e-06,5.399998e-06,1.74991e-07,5.19166e-06,1.74991e-07,5.579162e-06,6.241663e-06,6.020832e-06,7.883326e-06,6.462495e-06,5.745832e-06,5.983329e-06,3.437495e-06,5.920831e-06
0,405,61.092,0.81,4.54166e-06,5.416663e-06,4.929161e-06,5.433329e-06,1.70827e-07,5.216662e-06,1.74991e-07,5.608328e-06,6.27083e-06,6.058327e-06,7.916665e-06,6.495825e-06,5.779163e-06,6.01666e-06,3.454161e-06,5.954162e-06
0,406,61.243,0.812,4.570826e-06,5.454159e-06,4.962492e-06,5.46666e-06,1.70827e-07,5.241664e-06,1.79164e-07,5.637495e-06,6.304161e-06,6.091658e-06,7.949996e-06,6.529164e-06,5.80833e-06,6.049999e-06,3.474998e-06,5.987493e-06
0,407,61.394,0.814,4.604165e-06,5.508327e-06,5.008332e-06,5.524993e-06,1.70827e-07,5.283332e-06,1.74991e-07,5.683327e-06,6.362494e-06,6.154164e-06,8.004165e-06,6.583325e-06,5.862498e-06,6.112496e-06,3.508329e-06,6.045826e-06
0,408,61.544,0.816,4.637496e-06,5.549995e-06,5.041663e-06,5.562496e-06,1.74991e-07,5.308326e-06,1.79164e-07,5.72083e-06,6.39166e-06,6.187495e-06,8.04166e-06,6.616664e-06,5.887493e-06,6.145827e-06,3.529159e-06,6.079165e-06
0,409,61.695,0.818,4.679163e-06,5.604164e-06,5.095832e-06,5.620829e-06,1.79164e-07,5.345829e-06,1.79164e-07,5.762497e-06,6.445829e-06,6.245828e-06,8.095829e-06,6.674997e-06,5.945826e-06,6.208332e-06,3.562498e-06,6.141663e-06
0,410,61.846,0.82,4.70833e-06,5.637495e-06,5.124998e-06,5.65416e-06,1.74991e-07,5.366659e-06,1.74991e-07,5.795829e-06,6.483333e-06,6.283331e-06,8.124995e-06,6.708328e-06,5.974992e-06,6.245828e-06,3.583328e-06,6.166665e-06
0,411,61.997,0.822,4.749998e-06,5.699992e-06,5.174994e-06,5.716666e-06,1.70827e-07,5.408327e-06,1.79164e-07,5.84166e-06,6.537493e-06,6.337492e-06,8.183329e-06,6.762496e-06,6.024996e-06,6.295832e-06,3.616659e-06,6.220826e-06
0,412,62.148,0.824,4.779164e-06,5.737495e-06,5.212498e-06,5.749996e-06,1.79164e-07,5.433329e-06,1.79164e-07,5.874999e-06,6.570832e-06,6.370831e-06,8.216659e-06,6.795828e-06,6.049999e-06,6.329163e-06,3.633332e-06,6.249992e-06
0,413,62.299,0.826,4.816659e-06,5.791664e-06,5.25833e-06,5.812494e-06,1.74991e-07,5.474997e-06,1.79164e-07,5.916659e-06,6.620828e-06,6.429163e-06,8.266664e-06,6.841659e-06,6.09583e-06,6.387496e-06,3.666663e-06,6.312498e-06
0,414,62.449,0.828,4.845826e-06,5.824995e-06,5.291661e-06,5.845833e-06,1.74991e-07,5.495826e-06,1.79164e-07,5.954162e-06,6.649995e-06,6.466659e-06,8.299994e-06,6.874998e-06,6.129162e-06,6.420827e-06,3.683329e-06,6.341664e-06
0,415,62.6,0.83,4.887494e-06,5.883328e-06,5.341665e-06,5.904166e-06,1.74991e-07,5.537494e-06,1.83328e-07,5.999994e-06,6.704164e-06,6.524992e-06,8.349999e-06,6.933331e-06,6.179166e-06,6.47916e-06,3.720832e-06,6.395833e-06
0,416,62.751,0.832,4.91666e-06,5.920831e-06,5.37916e-06,5.937497e-06,1.74991e-07,5.562496e-06,1.79164e-07,6.033325e-06,6.737494e-06,6.558331e-06,8.383329e-06,6.962498e-06,6.208332e-06,6.508326e-06,3.741662e-06,6.429163e-06
0,417,62.902,0.834,4.958328e-06,5.974992e-06,5.424992e-06,5.999994e-06,1.79164e-07,5.599999e-06,1.79164e-07,6.083329e-06,6.791663e-06,6.612492e-06,8.441662e-06,7.020831e-06,6.258329e-06,6.570832e-06,3.770828e-06,6.47916e-06
0,418,63.053,0.836,4.987494e-06,6.012495e-06,5.458331e-06,6.033325e-06,1.74991e-07,5.624994e-06,1.79164e-07,6.108331e-06,6.816666e-06,6.645831e-06,8.466665e-06,7.049998e-06,6.283331e-06,6.595826e-06,3.787494e-06,6.504162e-06
0,419,63.204,0.838,5.020825e-06,6.062492e-06,5.504163e-06,6.091658e-06,1.74991e-07,5.662497e-06,1.74991e-07,6.158328e-06,6.866662e-06,6.699999e-06,8.520826e-06,7.099994e-06,6.337492e-06,6.658332e-06,3.820833e-06,6.562495e-06
0,420,63.355,0.84,5.058328e-06,6.104159e-06,5.541659e-06,6.120833e-06,1.74991e-07,5.691663e-06,1.79164e-07,6.18333e-06,6.895828e-06,6.729166e-06,8.554164e-06,7.133333e-06,6.362494e-06,6.683326e-06,3.841662e-06,6.587497e-06
0,421,63.505,0.842,5.091659e-06,6.158328e-06,5.591663e-06,6.18333e-06,1.74991e-07,5.729159e-06,1.74991e-07,6.233327e-06,6.949997e-06,6.783327e-06,8.599996e-06,7.183329e-06,6.408326e-06,6.737494e-06,3.870829e-06,6.645831e-06
0,422,63.656,0.844,5.124998e-06,6.195831e-06,5.624994e-06,6.224998e-06,1.74991e-07,5.754161e-06,1.74991e-07,6.262493e-06,6.979164e-06,6.82083e-06,8.629163e-06,7.212496e-06,6.433328e-06,6.762496e-06,3.891659e-06,6.670833e-06
0,423,63.807,0.846,5.166666e-06,6.245828e-06,5.670825e-06,6.274994e-06,1.74991e-07,5.791664e-06,1.79164e-07,6.312498e-06,7.02916e-06,6.870826e-06,8.683332e-06,7.258328e-06,6.47916e-06,6.816666e-06,3.920825e-06,6.720829e-06
0,424,63.958,0.848,5.195832e-06,6.283331e-06,5.699992e-06,6.308325e-06,1.74991e-07,5.820831e-06,1.74991e-07,6.341664e-06,7.058326e-06,6.904165e-06,8.712498e-06,7.287495e-06,6.508326e-06,6.854161e-06,3.945827e-06,6.749995e-06
0,425,64.109,0.85,5.224999e-06,6.337492e-06,5.749996e-06,6.362494e-06,1.74991e-07,5.854161e-06,1.79164e-07,6.383332e-06,7.104159e-06,6.954161e-06,8.762495e-06,7.337499e-06,6.549994e-06,6.904165e-06,3.97083e-06,6.804164e-06
0,426,64.26,0.852,5.25833e-06,6.370831e-06,5.783327e-06,6.404161e-06,1.79164e-07,5.883328e-06,1.79164e-07,6.416662e-06,7.137497e-06,6.983328e-06,8.791661e-06,7.362493e-06,6.570832e-06,6.933331e-06,3.987495e-06,6.829158e-06
0,427,64.41,0.854,5.295825e-06,6.420827e-06,5.833332e-06,6.45833e-06,1.74991e-07,5.924996e-06,1.74991e-07,6.462495e-06,7.187494e-06,7.037497e-06,8.837494e-06,7.412497e-06,6.620828e-06,6.983328e-06,4.020826e-06,6.879163e-06
0,428,64.561,0.856,5.329164e-06,6.454166e-06,5.866663e-06,6.483333e-06,1.70827e-07,5.945826e-06,1.79164e-07,6.491661e-06,7.212496e-06,7.066663e-06,8.862496e-06,7.437499e-06,6.637494e-06,7.012494e-06,4.037492e-06,6.899993e-06
0,429,64.712,0.858,5.362495e-06,6.508326e-06,5.912495e-06,6.541665e-06,1.74991e-07,5.983329e-06,1.83328e-07,6.533329e-06,7.258328e-06,7.120832e-06,8.920829e-06,7.49166e-06,6.687498e-06,7.062499e-06,4.070831e-06,6.954161e-06
0,430,64.863,0.86,5.399998e-06,6.541665e-06,5.945826e-06,6.574996e-06,1.74991e-07,6.008331e-06,1.74991e-07,6.56666e-06,7.28333e-06,7.149999e-06,8.941666e-06,7.516662e-06,6.704164e-06,7.087493e-06,4.083332e-06,6.979164e-06
0,431,65.014,0.862,5.433329e-06,6.591662e-06,5.99583e-06,6.63333e-06,1.79164e-07,6.049999e-06,1.79164e-07,6.608327e-06,7.333326e-06,7.199995e-06,8.995827e-06,7.566658e-06,6.749995e-06,7.141662e-06,4.116662e-06,7.024995e-06
0,432,65.165,0.864,5.46666e-06,6.629165e-06,6.029161e-06,6.662496e-06,1.74991e-07,6.079165e-06,1.74991e-07,6.645831e-06,7.358328e-06,7.233326e-06,9.029166e-06,7.599997e-06,6.779162e-06,7.174993e-06,4.129163e-06,7.054162e-06
0,433,65.315,0.866,5.487498e-06,6.658332e-06,6.058327e-06,6.695827e-06,1.70827e-07,6.099995e-06,1.74991e-07,6.66666e-06,7.383331e-06,7.258328e-06,9.049996e-06,7.620828e-06,6.799992e-06,7.199995e-06,4.154166e-06,7.079164e-06
0,434,65.466,0.868,5.524993e-06,6.704164e-06,6.108331e-06,6.745831e-06,1.79164e-07,6.141663e-06,1.79164e-07,6.716665e-06,7.433327e-06,7.308332e-06,9.099992e-06,7.670832e-06,6.845832e-06,7.254163e-06,4.183332e-06,7.129161e-06
0,435,65.617,0.87,5.558332e-06,6.745831e-06,6.141663e-06,6.787499e-06,1.74991e-07,6.166665e-06,1.74991e-07,6.749995e-06,7.458329e-06,7.341663e-06,9.124994e-06,7.699999e-06,6.866662e-06,7.279165e-06,4.204162e-06,7.154163e-06
0,436,65.768,0.872,5.595827e-06,6.791663e-06,6.187495e-06,6.837495e-06,1.74991e-07,6.208332e-06,1.79164e-07,6.795828e-06,7.512498e-06,7.391659e-06,9.174999e-06,7.741666e-06,6.912494e-06,7.329162e-06,4.233329e-06,7.204159e-06
0,437,65.919,0.874,5.629166e-06,6.829158e-06,6.224998e-06,6.870826e-06,1.74991e-07,6.237499e-06,1.74991e-07,6.824994e-06,7.533328e-06,7.416661e-06,9.204166e-06,7.770833e-06,6.937496e-06,7.358328e-06,4.249994e-06,7.224997e-06
0,438,66.07,0.876,5.670825e-06,6.874998e-06,6.274994e-06,6.924995e-06,1.74991e-07,6.274994e-06,1.79164e-07,6.874998e-06,7.57916e-06,7.466666e-06,9.254161e-06,7.816664e-06,6.974999e-06,7.408333e-06,4.283325e-06,7.274993e-06
0,439,66.221,0.878,5.699992e-06,6.908329e-06,6.308325e-06,6.958326e-06,1.70827e-07,6.304161e-06,1.74991e-07,6.908329e-06,7.608326e-06,7.499997e-06,9.283328e-06,7.841659e-06,6.999993e-06,7.437499e-06,4.299998e-06,7.30416e-06
0,440,66.371,0.88,5.74166e-06,6.958326e-06,6.358329e-06,7.016659e-06,1.74991e-07,6.341664e-06,1.79164e-07,6.949997e-06,7.654166e-06,7.549993e-06,9.333332e-06,7.887498e-06,7.041661e-06,7.483332e-06,4.329165e-06,7.349992e-06
0,441,66.522,0.882,5.770826e-06,6.987492e-06,6.387496e-06,7.041661e-06,1.70827e-07,6.366666e-06,1.79164e-07,6.979164e-06,7.674996e-06,7.570831e-06,9.354162e-06,7.912493e-06,7.062499e-06,7.512498e-06,4.34583e-06,7.374994e-06
0,442,66.673,0.884,5.804165e-06,7.037497e-06,6.437492e-06,7.095829e-06,1.74991e-07,6.412498e-06,1.79164e-07,7.033332e-06,7.724992e-06,7.616663e-06,9.399994e-06,7.962497e-06,7.108331e-06,7.55833e-06,4.374997e-06,7.416661e-06
0,443,66.824,0.886,5.837496e-06,7.070827e-06,6.470831e-06,7.129161e-06,1.74991e-07,6.437492e-06,1.79164e-07,7.049998e-06,7.74583e-06,7.645829e-06,9.424996e-06,7.987499e-06,7.120832e-06,7.583332e-06,4.391662e-06,7.445828e-06
0,444,66.975,0.888,5.870827e-06,7.11666e-06,6.516663e-06,7.179165e-06,1.74991e-07,6.474996e-06,1.79164e-07,7.099994e-06,7.787497e-06,7.699999e-06,9.470828e-06,8.024995e-06,7.1625e-06,7.637493e-06,4.420829e-06,7.49166e-06
0,445,67.126,0.89,5.90833e-06,7.154163e-06,6.554159e-06,7.212496e-06,1.79164e-07,6.499998e-06,1.74991e-07,7.124996e-06,7.816664e-06,7.724992e-06,9.49583e-06,8.054161e-06,7.187494e-06,7.662495e-06,4.437494e-06,7.516662e-06
0,446,67.276,0.892,5.945826e-06,7.199995e-06,6.604163e-06,7.266664e-06,1.79164e-07,6.541665e-06,1.79164e-07,7.170828e-06,7.858332e-06,7.770833e-06,9.537498e-06,8.095829e-06,7.229161e-06,7.708327e-06,4.470825e-06,7.562494e-06
0,447,67.427,0.894,5.974992e-06,7.229161e-06,6.63333e-06,7.291659e-06,1.74991e-07,6.570832e-06,1.79164e-07,7.199995e-06,7.883326e-06,7.795827e-06,9.566665e-06,8.124995e-06,7.249999e-06,7.737493e-06,4.483326e-06,7.587496e-06
0,448,67.578,0.896,6.012495e-06,7.279165e-06,6.683326e-06,7.341663e-06,1.74991e-07,6.612492e-06,1.83328e-07,7.249999e-06,7.929166e-06,7.837494e-06,9.612497e-06,8.166663e-06,7.287495e-06,7.779161e-06,4.516665e-06,7.629164e-06
0,449,67.729,0.898,6.045826e-06,7.30416e-06,6.716665e-06,7.37083e-06,1.79164e-07,6.63333e-06,1.79164e-07,7.274993e-06,7.945831e-06,7.870825e-06,9.633327e-06,8.187492e-06,7.30416e-06,7.804163e-06,4.529158e-06,7.654166e-06
0,450,67.88,0.9,6.087494e-06,7.349992e-06,6.762496e-06,7.424998e-06,1.70827e-07,6.674997e-06,1.79164e-07,7.316661e-06,7.991664e-06,7.912493e-06,9.679158e-06,8.233333e-06,7.345827e-06,7.858332e-06,4.562497e-06,7.695826e-06
0,451,68.031,0.902,6.116661e-06,7.379158e-06,6.795828e-06,7.454165e-06,1.74991e-07,6.704164e-06,1.79164e-07,7.349992e-06,8.016666e-06,7.937495e-06,9.708333e-06,8.258326e-06,7.366665e-06,7.883326e-06,4.579163e-06,7.729165e-06
0,452,68.182,0.904,6.154164e-06,7.429162e-06,6.841659e-06,7.508326e-06,1.79164e-07,6.741659e-06,1.83328e-07,7.395832e-06,8.058326e-06,7.983327e-06,9.749992e-06,8.304159e-06,7.40416e-06,7.929166e-06,4.612494e-06,7.770833e-06
0,453,68.332,0.906,6.191659e-06,7.458329e-06,6.874998e-06,7.537492e-06,1.74991e-07,6.770825e-06,1.79164e-07,7.424998e-06,8.087492e-06,8.008329e-06,9.779159e-06,8.324997e-06,7.429162e-06,7.954161e-06,4.62083e-06,7.791662e-06
0,454,68.483,0.908,6.229162e-06,7.508326e-06,6.92083e-06,7.587496e-06,1.79164e-07,6.808329e-06,1.79164e-07,7.466666e-06,8.12916e-06,8.054161e-06,9.820827e-06,8.370828e-06,7.47083e-06,8.008329e-06,4.654161e-06,7.841659e-06
0,455,68.634,0.91,6.258329e-06,7.533328e-06,6.958326e-06,7.620828e-06,1.79164e-07,6.833331e-06,1.79164e-07,7.499997e-06,8.154162e-06,8.083328e-06,9.845829e-06,8.399995e-06,7.49166e-06,8.029159e-06,4.674999e-06,7.866661e-06
0,456,68.785,0.912,6.299997e-06,7.57916e-06,7.012494e-06,7.666659e-06,1.79164e-07,6.879163e-06,1.83328e-07,7.541664e-06,8.191665e-06,8.12916e-06,9.891661e-06,8.441662e-06,7.529163e-06,8.087492e-06,4.704165e-06,7.908328e-06
0,457,68.936,0.914,6.333327e-06,7.612498e-06,7.045825e-06,7.699999e-06,1.74991e-07,6.908329e-06,1.83328e-07,7.570831e-06,8.216659e-06,8.154162e-06,9.916663e-06,8.458328e-06,7.554166e-06,8.112494e-06,4.716659e-06,7.93333e-06
0,458,69.087,0.916,6.370831e-06,7.654166e-06,7.099994e-06,7.754159e-06,1.79164e-07,6.949997e-06,1.83328e-07,7.620828e-06,8.262499e-06,8.204166e-06,9.962495e-06,8.508333e-06,7.595825e-06,8.162498e-06,4.745825e-06,7.979163e-06
0,459,69.237,0.918,6.404161e-06,7.691661e-06,7.133333e-06,7.779161e-06,1.74991e-07,6.979164e-06,1.83328e-07,7.645829e-06,8.283329e-06,8.224996e-06,9.987497e-06,8.529162e-06,7.616663e-06,8.187492e-06,4.766663e-06,8.004165e-06
0,460,69.388,0.92,6.441664e-06,7.729165e-06,7.179165e-06,7.83333e-06,1.79164e-07,7.020831e-06,1.83328e-07,7.695826e-06,8.329161e-06,8.270827e-06,1.0033329e-05,8.579159e-06,7.658331e-06,8.237497e-06,4.79583e-06,8.049997e-06
0,461,69.539,0.922,6.47916e-06,7.762495e-06,7.21666e-06,7.858332e-06,1.79164e-07,7.049998e-06,1.87492e-07,7.720828e-06,8.345826e-06,8.29583e-06,1.0058331e-05,8.595832e-06,7.670832e-06,8.266664e-06,4.816659e-06,8.074999e-06
0,462,69.69,0.924,6.499998e-06,7.787497e-06,7.245827e-06,7.887498e-06,1.79164e-07,7.070827e-06,1.83328e-07,7.74583e-06,8.370828e-06,8.31666e-06,1.0079161e-05,8.616662e-06,7.691661e-06,8.287493e-06,4.824996e-06,8.087492e-06
0,463,69.841,0.926,6.541665e-06,7.824993e-06,7.287495e-06,7.937495e-06,1.74991e-07,7.112495e-06,1.83328e-07,7.791662e-06,8.408332e-06,8.354164e-06,1.0120829e-05,8.662494e-06,7.733329e-06,8.333325e-06,4.858327e-06,8.137496e-06
0,464,69.992,0.928,6.574996e-06,7.858332e-06,7.329162e-06,7.970826e-06,1.79164e-07,7.145826e-06,1.83328e-07,7.820829e-06,8.437499e-06,8.387494e-06,1.0149995e-05,8.687496e-06,7.762495e-06,8.366665e-06,4.874993e-06,8.166663e-06
0,465,70.143,0.93,6.616664e-06,7.904164e-06,7.379158e-06,8.024995e-06,1.79164e-07,7.187494e-06,1.83328e-07,7.866661e-06,8.479166e-06,8.429161e-06,1.0195828e-05,8.733328e-06,7.799999e-06,8.41666e-06,4.908331e-06,8.208331e-06
0,466,70.293,0.932,6.654159e-06,7.937495e-06,7.416661e-06,8.049997e-06,1.79164e-07,7.212496e-06,1.79164e-07,7.899992e-06,8.50416e-06,8.454163e-06,1.022083e-05,8.75833e-06,7.820829e-06,8.45e-06,4.924997e-06,8.241662e-06
0,467,70.444,0.934,6.699999e-06,7.983327e-06,7.466666e-06,8.104165e-06,1.74991e-07,7.254163e-06,1.83328e-07,7.949996e-06,8.549992e-06,8.499996e-06,1.0266662e-05,8.799998e-06,7.862496e-06,8.499996e-06,4.962492e-06,8.291666e-06
0,468,70.595,0.936,6.729166e-06,8.02083e-06,7.508326e-06,8.137496e-06,1.79164e-07,7.291659e-06,1.83328e-07,7.979163e-06,8.574994e-06,8.524998e-06,1.0295828e-05,8.824993e-06,7.887498e-06,8.529162e-06,4.979165e-06,8.31666e-06
0,469,70.746,0.938,6.779162e-06,8.066662e-06,7.55833e-06,8.191665e-06,1.79164e-07,7.333326e-06,1.83328e-07,8.029159e-06,8.620827e-06,8.57083e-06,1.0337496e-05,8.870832e-06,7.929166e-06,8.583331e-06,5.008332e-06,8.366665e-06
0,470,70.897,0.94,6.812493e-06,8.095829e-06,7.599997e-06,8.224996e-06,1.83328e-07,7.366665e-06,1.87492e-07,8.062498e-06,8.645829e-06,8.595832e-06,1.0366663e-05,8.899999e-06,7.949996e-06,8.612497e-06,5.024997e-06,8.395831e-06
0,471,71.048,0.942,6.858325e-06,8.141661e-06,7.649994e-06,8.270827e-06,1.79164e-07,7.40416e-06,1.83328e-07,8.104165e-06,8.687496e-06,8.641664e-06,1.0404166e-05,8.941666e-06,7.991664e-06,8.670831e-06,5.062493e-06,8.437499e-06
0,472,71.198,0.944,6.891664e-06,8.170828e-06,7.691661e-06,8.299994e-06,1.79164e-07,7.433327e-06,1.87492e-07,8.137496e-06,8.716663e-06,8.670831e-06,1.0437497e-05,8.970833e-06,8.016666e-06,8.695833e-06,5.079166e-06,8.466665e-06
0,473,71.349,0.946,6.937496e-06,8.216659e-06,7.741666e-06,8.358327e-06,1.79164e-07,7.474995e-06,1.87492e-07,8.183329e-06,8.75833e-06,8.716663e-06,1.0479164e-05,9.008329e-06,8.054161e-06,8.749994e-06,5.112497e-06,8.520826e-06
0,474,71.5,0.948,6.966663e-06,8.249998e-06,7.779161e-06,8.383329e-06,1.83328e-07,7.508326e-06,1.83328e-07,8.212495e-06,8.783332e-06,8.741665e-06,1.0508331e-05,9.037494e-06,8.074999e-06,8.774996e-06,5.129163e-06,8.5375e-06
0,475,71.651,0.95,7.012494e-06,8.287493e-06,7.83333e-06,8.437499e-06,1.87492e-07,7.549993e-06,1.83328e-07,8.262499e-06,8.829164e-06,8.787497e-06,1.0554163e-05,9.083326e-06,8.116658e-06,8.833329e-06,5.162493e-06,8.59166e-06
0,476,71.802,0.952,7.049998e-06,8.324997e-06,7.870825e-06,8.470829e-06,1.79164e-07,7.583332e-06,1.87492e-07,8.29583e-06,8.858331e-06,8.812499e-06,1.0574992e-05,9.108328e-06,8.141661e-06,8.862496e-06,5.183331e-06,8.616662e-06
0,477,71.953,0.954,7.091665e-06,8.366665e-06,7.920829e-06,8.520826e-06,1.83328e-07,7.624992e-06,1.83328e-07,8.341662e-06,8.891662e-06,8.854158e-06,1.061666e-05,9.149996e-06,8.183329e-06,8.912491e-06,5.212498e-06,8.662494e-06
0,478,72.103,0.956,7.120832e-06,8.395831e-06,7.958332e-06,8.549992e-06,1.83328e-07,7.654166e-06,1.83328e-07,8.374993e-06,8.920829e-06,8.883325e-06,1.0645826e-05,9.170826e-06,8.208331e-06,8.945831e-06,5.233328e-06,8.687496e-06
0,479,72.254,0.958,7.166664e-06,8.441662e-06,8.004165e-06,8.599996e-06,1.83328e-07,7.695826e-06,1.87492e-07,8.420833e-06,8.962496e-06,8.920829e-06,1.0687494e-05,9.216667e-06,8.245825e-06,8.999999e-06,5.270831e-06,8.741665e-06
0,480,72.405,0.96,7.204159e-06,8.474994e-06,8.045832e-06,8.633328e-06,1.83328e-07,7.729165e-06,1.87492e-07,8.454163e-06,8.991663e-06,8.949995e-06,1.0720825e-05,9.24166e-06,8.270827e-06,9.024993e-06,5.287496e-06,8.766659e-06
0,481,72.556,0.962,7.241662e-06,8.512497e-06,8.091664e-06,8.67916e-06,1.83328e-07,7.770833e-06,1.87492e-07,8.495832e-06,9.037494e-06,8.987498e-06,1.0762493e-05,9.279163e-06,8.308331e-06,9.074998e-06,5.320827e-06,8.812499e-06
0,482,72.707,0.964,7.28333e-06,8.545828e-06,8.137496e-06,8.708326e-06,1.83328e-07,7.804163e-06,1.87492e-07,8.533327e-06,9.062497e-06,9.02083e-06,1.0787495e-05,9.312495e-06,8.333325e-06,9.112493e-06,5.337492e-06,8.841665e-06
0,483,72.858,0.966,7.329162e-06,8.587495e-06,8.187492e-06,8.762495e-06,1.83328e-07,7.849995e-06,1.87492e-07,8.579159e-06,9.108328e-06,9.058333e-06,1.0833327e-05,9.354162e-06,8.374993e-06,9.162498e-06,5.366659e-06,8.887498e-06
0,484,73.009,0.968,7.362493e-06,8.620827e-06,8.224996e-06,8.795826e-06,1.83328e-07,7.879162e-06,1.87492e-07,8.616662e-06,9.129159e-06,9.083326e-06,1.0858329e-05,9.379164e-06,8.399995e-06,9.195828e-06,5.391661e-06,8.916664e-06
0,485,73.159,0.97,7.40416e-06,8.662494e-06,8.274992e-06,8.841665e-06,1.83328e-07,7.924994e-06,1.87492e-07,8.65833e-06,9.174999e-06,9.129159e-06,1.0904161e-05,9.420832e-06,8.437499e-06,9.249997e-06,5.424992e-06,8.970833e-06
0,486,73.31,0.972,7.441664e-06,8.695833e-06,8.312496e-06,8.874997e-06,1.83328e-07,7.954161e-06,1.87492e-07,8.691661e-06,9.204166e-06,9.154161e-06,1.0929163e-05,9.445826e-06,8.466665e-06,9.279163e-06,5.44583e-06,8.999999e-06
0,487,73.461,0.974,7.487496e-06,8.741665e-06,8.366665e-06,8.924992e-06,1.83328e-07,7.999993e-06,1.87492e-07,8.741665e-06,9.249997e-06,9.204166e-06,1.0974995e-05,9.491666e-06,8.499996e-06,9.32916e-06,5.479161e-06,9.045832e-06
0,488,73.612,0.976,7.524999e-06,8.766659e-06,8.404159e-06,8.958332e-06,1.83328e-07,8.029159e-06,1.91665e-07,8.774996e-06,9.275e-06,9.224995e-06,1.1004162e-05,9.520832e-06,8.524998e-06,9.366663e-06,5.495826e-06,9.079162e-06
0,489,73.763,0.978,7.554166e-06,8.795826e-06,8.429161e-06,8.983326e-06,1.83328e-07,8.058326e-06,1.87492e-07,8.804162e-06,9.299994e-06,9.245833e-06,1.1024999e-05,9.537498e-06,8.545828e-06,9.39583e-06,5.516664e-06,9.104165e-06
0,490,73.914,0.98,7.595825e-06,8.837494e-06,8.48333e-06,9.033331e-06,1.87492e-07,8.099993e-06,1.91665e-07,8.84583e-06,9.341661e-06,9.287493e-06,1.1070832e-05,9.579166e-06,8.583331e-06,9.449998e-06,5.541659e-06,9.158325e-06
0,491,74.064,0.982,7.637493e-06,8.86666e-06,8.520826e-06,9.066661e-06,1.83328e-07,8.12916e-06,1.87492e-07,8.874997e-06,9.358327e-06,9.30833e-06,1.1091662e-05,9.599996e-06,8.608326e-06,9.474993e-06,5.566661e-06,9.183327e-06
0,492,74.215,0.984,7.674996e-06,8.908328e-06,8.566665e-06,9.112493e-06,1.83328e-07,8.170828e-06,1.87492e-07,8.920829e-06,9.404159e-06,9.349998e-06,1.1133329e-05,9.645828e-06,8.649993e-06,9.529162e-06,5.599999e-06,9.233332e-06
0,493,74.366,0.986,7.708327e-06,8.93333e-06,8.604161e-06,9.14166e-06,1.83328e-07,8.199993e-06,1.91665e-07,8.958332e-06,9.433325e-06,9.379164e-06,1.1158331e-05,9.666665e-06,8.670831e-06,9.562493e-06,5.616665e-06,9.258326e-06
0,494,74.517,0.988,7.749994e-06,8.974997e-06,8.65833e-06,9.187492e-06,1.87492e-07,8.249998e-06,1.87492e-07,8.999999e-06,9.466664e-06,9.420832e-06,1.1199999e-05,9.708333e-06,8.712498e-06,9.612497e-06,5.645832e-06,9.304166e-06
0,495,74.668,0.99,7.783326e-06,8.999999e-06,8.691661e-06,9.212494e-06,1.83328e-07,8.270827e-06,1.87492e-07,9.029166e-06,9.491666e-06,9.445826e-06,1.1224993e-05,9.733327e-06,8.733328e-06,9.637499e-06,5.666661e-06,9.32916e-06
0,496,74.819,0.992,7.824993e-06,9.033331e-06,8.733328e-06,9.258326e-06,1.83328e-07,8.31666e-06,1.91665e-07,9.074998e-06,9.537498e-06,9.487494e-06,1.126666e-05,9.770831e-06,8.766659e-06,9.691659e-06,5.699992e-06,9.383329e-06
0,497,74.97,0.994,7.858332e-06,9.066661e-06,8.77916e-06,9.287493e-06,1.83328e-07,8.341662e-06,1.83328e-07,9.104165e-06,9.558328e-06,9.512496e-06,1.1291663e-05,9.799997e-06,8.791661e-06,9.720826e-06,5.72083e-06,9.408331e-06
0,498,75.12,0.996,7.904164e-06,9.112493e-06,8.824993e-06,9.341661e-06,1.83328e-07,8.387494e-06,1.91665e-07,9.154161e-06,9.60416e-06,9.549999e-06,1.1337494e-05,9.841665e-06,8.829164e-06,9.774994e-06,5.745832e-06,9.458327e-06
0,499,75.271,0.998,7.937495e-06,9.14166e-06,8.854158e-06,9.366663e-06,1.83328e-07,8.41666e-06,1.87492e-07,9.183327e-06,9.620825e-06,9.574994e-06,1.1366661e-05,9.862494e-06,8.849995e-06,9.804161e-06,5.766662e-06,9.483329e-06
0,500,75.422,1.0,7.979163e-06,9.179163e-06,8.908328e-06,9.41666e-06,1.83328e-07,8.458328e-06,1.87492e-07,9.233332e-06,9.662493e-06,9.616661e-06,1.1399992e-05,9.899998e-06,8.883325e-06,9.849993e-06,5.795829e-06,9.533326e-06
0,501,75.573,0.998,7.954161e-06,9.124994e-06,8.854158e-06,9.345826e-06,1.79164e-07,8.420833e-06,1.83328e-07,9.174999e-06,9.599996e-06,9.558328e-06,1.1349996e-05,9.841665e-06,8.833329e-06,9.779159e-06,5.754161e-06,9.470828e-06
0,502,75.724,0.996,7.904164e-06,9.062497e-06,8.787497e-06,9.283328e-06,1.74991e-07,8.383329e-06,1.79164e-07,9.133331e-06,9.549999e-06,9.508331e-06,1.1304164e-05,9.79166e-06,8.787497e-06,9.729163e-06,5.724994e-06,9.41666e-06
0,503,75.875,0.994,7.841659e-06,8.995827e-06,8.712498e-06,9.204166e-06,1.70827e-07,8.324997e-06,1.74991e-07,9.066661e-06,9.479165e-06,9.445826e-06,1.1245831e-05,9.733327e-06,8.724999e-06,9.658329e-06,5.674998e-06,9.354162e-06
0,504,76.025,0.992,7.787497e-06,8.929165e-06,8.654165e-06,9.145832e-06,1.66663e-07,8.279165e-06,1.70827e-07,9.024993e-06,9.433325e-06,9.39583e-06,1.1208328e-05,9.691659e-06,8.691661e-06,9.608332e-06,5.649996e-06,9.312495e-06
0,505,76.176,0.99,7.733329e-06,8.862496e-06,8.579159e-06,9.070825e-06,1.62498e-07,8.224996e-06,1.66663e-07,8.958332e-06,9.366663e-06,9.333332e-06,1.1149995e-05,9.624998e-06,8.629163e-06,9.537498e-06,5.612493e-06,9.249997e-06
0,506,76.327,0.988,7.67916e-06,8.808327e-06,8.516661e-06,9.012492e-06,1.62498e-07,8.187492e-06,1.66663e-07,8.924992e-06,9.316659e-06,9.287493e-06,1.1116664e-05,9.58333e-06,8.583331e-06,9.483329e-06,5.591663e-06,9.199993e-06
0,507,76.478,0.986,7.624992e-06,8.741665e-06,8.454163e-06,8.937494e-06,1.58326e-07,8.133332e-06,1.62498e-07,8.858331e-06,9.249997e-06,9.224995e-06,1.1054166e-05,9.524997e-06,8.533327e-06,9.420832e-06,5.537494e-06,9.133331e-06
0,508,76.629,0.984,7.570831e-06,8.691661e-06,8.391658e-06,8.883325e-06,1.58326e-07,8.091664e-06,1.62498e-07,8.816663e-06,9.204166e-06,9.179163e-06,1.1012498e-05,9.483329e-06,8.495832e-06,9.370828e-06,5.512492e-06,9.099992e-06
0,509,76.78,0.982,7.516662e-06,8.624998e-06,8.324997e-06,8.816663e-06,1.54161e-07,8.04166e-06,1.58326e-07,8.754166e-06,9.14166e-06,9.112493e-06,1.095833e-05,9.420832e-06,8.433326e-06,9.299994e-06,5.470832e-06,9.033331e-06
0,510,76.93,0.98,7.466666e-06,8.574994e-06,8.262499e-06,8.766659e-06,1.49997e-07,7.999993e-06,1.58326e-07,8.708326e-06,9.095827e-06,9.074998e-06,1.0920827e-05,9.379164e-06,8.395831e-06,9.249997e-06,5.449994e-06,8.983326e-06
0,511,77.081,0.978,7.408333e-06,8.50416e-06,8.191665e-06,8.691661e-06,1.54161e-07,7.945831e-06,1.58326e-07,8.645829e-06,9.033331e-06,9.012492e-06,1.0866665e-05,9.320831e-06,8.333325e-06,9.183327e-06,5.404162e-06,8.920829e-06
0,512,77.232,0.976,7.362493e-06,8.458328e-06,8.145825e-06,8.645829e-06,1.49997e-07,7.904164e-06,1.58326e-07,8.604161e-06,8.987498e-06,8.970833e-06,1.0829162e-05,9.275e-06,8.29583e-06,9.133331e-06,5.37916e-06,8.879161e-06
0,513,77.383,0.974,7.324998e-06,8.41666e-06,8.091664e-06,8.59166e-06,1.49997e-07,7.862496e-06,1.58326e-07,8.554164e-06,8.941666e-06,8.920829e-06,1.0795831e-05,9.233332e-06,8.258326e-06,9.083326e-06,5.349994e-06,8.829164e-06
0,514,77.534,0.972,7.262492e-06,8.341662e-06,8.024995e-06,8.524998e-06,1.45825e-07,7.804163e-06,1.49997e-07,8.491659e-06,8.879161e-06,8.854158e-06,1.0737499e-05,9.170826e-06,8.19583e-06,9.016665e-06,5.304162e-06,8.762495e-06
0,515,77.685,0.97,7.212496e-06,8.29583e-06,7.966662e-06,8.470829e-06,1.45825e-07,7.76666e-06,1.49997e-07,8.445827e-06,8.833329e-06,8.808327e-06,1.0699995e-05,9.129159e-06,8.158326e-06,8.962496e-06,5.283332e-06,8.720827e-06
0,516,77.836,0.968,7.1625e-06,8.233333e-06,7.895827e-06,8.399995e-06,1.4166e-07,7.708327e-06,1.45825e-07,8.383329e-06,8.770831e-06,8.745829e-06,1.0641662e-05,9.066661e-06,8.095829e-06,8.895826e-06,5.237492e-06,8.654165e-06
0,517,77.986,0.966,7.112495e-06,8.183329e-06,7.837494e-06,8.349999e-06,1.4166e-07,7.662495e-06,1.4166e-07,8.337498e-06,8.724999e-06,8.699997e-06,1.0604159e-05,9.029166e-06,8.058326e-06,8.849995e-06,5.212498e-06,8.599996e-06
0,518,78.137,0.964,7.054162e-06,8.120831e-06,7.770833e-06,8.274992e-06,1.4166e-07,7.612498e-06,1.4166e-07,8.274992e-06,8.65833e-06,8.633328e-06,1.0545826e-05,8.962496e-06,7.999993e-06,8.774996e-06,5.17083e-06,8.533327e-06
0,519,78.288,0.962,7.00833e-06,8.070827e-06,7.7125e-06,8.22916e-06,1.33332e-07,7.566658e-06,1.4166e-07,8.22916e-06,8.616662e-06,8.595832e-06,1.0516659e-05,8.924992e-06,7.962497e-06,8.733328e-06,5.145828e-06,8.495832e-06
0,520,78.439,0.96,6.958326e-06,8.008329e-06,7.649994e-06,8.166663e-06,1.33332e-07,7.512498e-06,1.37496e-07,8.162498e-06,8.558329e-06,8.529162e-06,1.0458326e-05,8.858331e-06,7.899992e-06,8.666659e-06,5.099996e-06,8.433326e-06
0,521,78.59,0.958,6.908329e-06,7.962497e-06,7.595825e-06,8.112494e-06,1.33332e-07,7.474995e-06,1.37496e-07,8.124995e-06,8.512497e-06,8.487495e-06,1.0420831e-05,8.816663e-06,7.866661e-06,8.616662e-06,5.079166e-06,8.387494e-06
0,522,78.741,0.956,6.858325e-06,7.899992e-06,7.524999e-06,8.04166e-06,1.33332e-07,7.416661e-06,1.37496e-07,8.054161e-06,8.454163e-06,8.420833e-06,1.0366663e-05,8.749994e-06,7.808328e-06,8.549992e-06,5.033326e-06,8.31666e-06
0,523,78.891,0.954,6.808329e-06,7.849995e-06,7.474995e-06,7.999993e-06,1.33332e-07,7.379158e-06,1.37496e-07,8.016666e-06,8.408332e-06,8.379166e-06,1.032916e-05,8.712498e-06,7.774996e-06,8.50416e-06,5.012496e-06,8.279165e-06
0,524,79.042,0.952,6.75416e-06,7.787497e-06,7.408333e-06,7.93333e-06,1.29159e-07,7.329162e-06,1.37496e-07,7.958332e-06,8.349999e-06,8.320832e-06,1.0274998e-05,8.649993e-06,7.716663e-06,8.437499e-06,4.970829e-06,8.216659e-06
0,525,79.193,0.95,6.708328e-06,7.749994e-06,7.358328e-06,7.887498e-06,1.29159e-07,7.287495e-06,1.37496e-07,7.916665e-06,8.312496e-06,8.283329e-06,1.024166e-05,8.612497e-06,7.67916e-06,8.395831e-06,4.945827e-06,8.166663e-06
0,526,79.344,0.948,6.658332e-06,7.683333e-06,7.287495e-06,7.820829e-06,1.29159e-07,7.233326e-06,1.33332e-07,7.85416e-06,8.249998e-06,8.216659e-06,1.0183327e-05,8.554164e-06,7.624992e-06,8.324997e-06,4.904159e-06,8.10833e-06
0,527,79.495,0.946,6.616664e-06,7.645829e-06,7.241662e-06,7.770833e-06,1.29159e-07,7.199995e-06,1.33332e-07,7.808328e-06,8.208331e-06,8.174999e-06,1.0149995e-05,8.508333e-06,7.587496e-06,8.283329e-06,4.887494e-06,8.066662e-06
0,528,79.646,0.944,6.558331e-06,7.583332e-06,7.166664e-06,7.704162e-06,1.24995e-07,7.137497e-06,1.33332e-07,7.741666e-06,8.149997e-06,8.10833e-06,1.0095827e-05,8.445827e-06,7.529163e-06,8.216659e-06,4.841661e-06,7.999993e-06
0,529,79.797,0.942,6.516663e-06,7.537492e-06,7.120832e-06,7.662495e-06,1.24995e-07,7.099994e-06,1.33332e-07,7.704162e-06,8.10833e-06,8.066662e-06,1.0058331e-05,8.412496e-06,7.49166e-06,8.170828e-06,4.816659e-06,7.958332e-06
0,530,79.947,0.94,6.462495e-06,7.474995e-06,7.054162e-06,7.595825e-06,1.24995e-07,7.049998e-06,1.29159e-07,7.645829e-06,8.054161e-06,8.004165e-06,1.0008327e-05,8.349999e-06,7.433327e-06,8.104165e-06,4.774992e-06,7.891663e-06
0,531,80.098,0.938,6.420827e-06,7.433327e-06,7.004166e-06,7.549993e-06,1.20831e-07,7.004166e-06,1.29159e-07,7.599997e-06,8.012494e-06,7.962497e-06,9.966659e-06,8.308331e-06,7.395832e-06,8.062498e-06,4.749998e-06,7.849995e-06
0,532,80.249,0.936,6.370831e-06,7.37083e-06,6.937496e-06,7.483332e-06,1.20831e-07,6.949997e-06,1.24995e-07,7.537492e-06,7.958332e-06,7.895827e-06,9.920827e-06,8.245825e-06,7.341663e-06,7.999993e-06,4.712494e-06,7.787497e-06
0,533,80.4,0.934,6.324999e-06,7.324998e-06,6.8875e-06,7.437499e-06,1.20831e-07,6.908329e-06,1.29159e-07,7.49166e-06,7.916665e-06,7.858332e-06,9.883332e-06,8.212495e-06,7.30416e-06,7.954161e-06,4.683327e-06,7.741666e-06
0,534,80.551,0.932,6.274994e-06,7.270829e-06,6.824994e-06,7.374994e-06,1.16658e-07,6.858325e-06,1.29159e-07,7.433327e-06,7.858332e-06,7.795827e-06,9.824999e-06,8.145825e-06,7.249999e-06,7.891663e-06,4.645832e-06,7.683333e-06
0,535,80.702,0.93,6.237499e-06,7.224997e-06,6.774998e-06,7.329162e-06,1.20831e-07,6.82083e-06,1.24995e-07,7.391659e-06,7.816664e-06,7.754159e-06,9.79166e-06,8.099993e-06,7.212496e-06,7.849995e-06,4.616666e-06,7.637493e-06
0,536,80.852,0.928,6.18333e-06,7.166664e-06,6.708328e-06,7.266664e-06,1.20831e-07,6.762496e-06,1.24995e-07,7.324998e-06,7.754159e-06,7.687497e-06,9.733327e-06,8.04166e-06,7.1625e-06,7.783326e-06,4.579163e-06,7.574995e-06
0,537,81.003,0.926,6.141663e-06,7.124996e-06,6.658332e-06,7.220833e-06,1.16658e-07,6.724993e-06,1.24995e-07,7.291659e-06,7.720828e-06,7.645829e-06,9.699997e-06,8.004165e-06,7.124996e-06,7.74583e-06,4.549996e-06,7.529163e-06
0,538,81.154,0.924,6.087494e-06,7.066663e-06,6.599998e-06,7.154163e-06,1.16658e-07,6.670833e-06,1.20831e-07,7.229161e-06,7.666659e-06,7.587496e-06,9.649992e-06,7.94166e-06,7.074992e-06,7.683333e-06,4.520829e-06,7.474995e-06
0,539,81.305,0.922,6.054163e-06,7.02916e-06,6.549994e-06,7.11666e-06,1.20831e-07,6.637494e-06,1.20831e-07,7.187494e-06,7.624992e-06,7.545829e-06,9.616661e-06,7.904164e-06,7.041661e-06,7.654166e-06,4.495827e-06,7.437499e-06
0,540,81.456,0.92,6.01666e-06,6.995829e-06,6.512499e-06,7.079164e-06,1.16658e-07,6.608327e-06,1.20831e-07,7.149999e-06,7.591661e-06,7.508326e-06,9.591659e-06,7.870825e-06,7.004166e-06,7.608326e-06,4.474998e-06,7.395832e-06
0,541,81.607,0.918,5.966663e-06,6.94166e-06,6.454166e-06,7.016659e-06,1.12494e-07,6.554159e-06,1.16658e-07,7.091665e-06,7.537492e-06,7.445828e-06,9.533326e-06,7.812492e-06,6.949997e-06,7.545829e-06,4.43333e-06,7.337499e-06
0,542,81.758,0.916,5.92916e-06,6.899993e-06,6.404161e-06,6.979164e-06,1.12494e-07,6.520828e-06,1.20831e-07,7.062499e-06,7.504161e-06,7.412497e-06,9.508331e-06,7.770833e-06,6.924995e-06,7.512498e-06,4.416665e-06,7.299996e-06
0,543,81.908,0.914,5.883328e-06,6.845832e-06,6.345828e-06,6.912494e-06,1.12494e-07,6.470831e-06,1.16658e-07,6.995829e-06,7.445828e-06,7.345827e-06,9.454163e-06,7.7125e-06,6.866662e-06,7.454165e-06,4.383326e-06,7.237498e-06
0,544,82.059,0.912,5.84166e-06,6.804164e-06,6.299997e-06,6.874998e-06,1.12494e-07,6.429163e-06,1.12494e-07,6.958326e-06,7.412497e-06,7.308332e-06,9.420832e-06,7.674996e-06,6.837495e-06,7.412497e-06,4.358331e-06,7.204159e-06
0,545,82.21,0.91,5.791664e-06,6.745831e-06,6.233327e-06,6.812493e-06,1.08329e-07,6.383332e-06,1.16658e-07,6.899993e-06,7.358328e-06,7.249999e-06,9.366663e-06,7.612498e-06,6.783327e-06,7.354164e-06,4.320828e-06,7.145826e-06
0,546,82.361,0.908,5.754161e-06,6.712492e-06,6.195831e-06,6.774998e-06,1.12494e-07,6.345828e-06,1.16658e-07,6.866662e-06,7.329162e-06,7.208331e-06,9.337497e-06,7.583332e-06,6.758332e-06,7.320825e-06,4.299998e-06,7.112495e-06
0,547,82.512,0.906,5.708329e-06,6.658332e-06,6.133326e-06,6.708328e-06,1.12494e-07,6.295832e-06,1.16658e-07,6.804164e-06,7.274993e-06,7.154163e-06,9.291664e-06,7.520827e-06,6.704164e-06,7.262492e-06,4.266659e-06,7.049998e-06
0,548,82.663,0.904,5.666661e-06,6.612492e-06,6.087494e-06,6.670833e-06,1.12494e-07,6.254164e-06,1.16658e-07,6.766661e-06,7.237498e-06,7.112495e-06,9.262498e-06,7.483332e-06,6.674997e-06,7.229161e-06,4.241665e-06,7.016659e-06
0,549,82.813,0.902,5.624994e-06,6.562495e-06,6.033325e-06,6.608327e-06,1.08329e-07,6.208332e-06,1.12494e-07,6.712492e-06,7.183329e-06,7.049998e-06,9.204166e-06,7.429162e-06,6.620828e-06,7.166664e-06,4.208326e-06,6.958326e-06
0,550,82.964,0.9,5.587498e-06,6.529164e-06,5.987493e-06,6.574996e-06,1.08329e-07,6.174993e-06,1.16658e-07,6.670833e-06,7.149999e-06,7.012494e-06,9.174999e-06,7.383331e-06,6.587497e-06,7.133333e-06,4.183332e-06,6.916666e-06
0,551,83.115,0.898,5.53333e-06,6.470831e-06,5.924996e-06,6.508326e-06,1.04165e-07,6.120833e-06,1.12494e-07,6.616664e-06,7.095829e-06,6.949997e-06,9.12083e-06,7.329162e-06,6.533329e-06,7.070827e-06,4.145829e-06,6.858325e-06
0,552,83.266,0.896,5.495826e-06,6.433328e-06,5.883328e-06,6.470831e-06,1.08329e-07,6.087494e-06,1.12494e-07,6.574996e-06,7.066663e-06,6.916666e-06,9.087499e-06,7.291659e-06,6.512499e-06,7.037497e-06,4.129163e-06,6.824994e-06
0,553,83.417,0.894,5.454159e-06,6.374995e-06,5.824995e-06,6.408326e-06,1.04165e-07,6.033325e-06,1.08329e-07,6.516663e-06,7.00833e-06,6.854161e-06,9.033331e-06,7.233326e-06,6.462495e-06,6.974999e-06,4.087496e-06,6.762496e-06
0,554,83.568,0.892,5.412499e-06,6.333327e-06,5.783327e-06,6.374995e-06,1.08329e-07,5.999994e-06,1.12494e-07,6.483333e-06,6.979164e-06,6.812493e-06,9.008329e-06,7.199995e-06,6.429163e-06,6.94166e-06,4.070831e-06,6.729166e-06
0,555,83.718,0.89,5.366659e-06,6.287495e-06,5.729159e-06,6.312498e-06,1.04165e-07,5.945826e-06,1.08329e-07,6.424999e-06,6.92083e-06,6.749995e-06,8.949995e-06,7.137497e-06,6.379159e-06,6.8875e-06,4.033327e-06,6.670833e-06
0,556,83.869,0.888,5.329164e-06,6.245828e-06,5.683327e-06,6.274994e-06,1.04165e-07,5.916659e-06,1.08329e-07,6.387496e-06,6.8875e-06,6.716665e-06,8.920829e-06,7.099994e-06,6.354165e-06,6.854161e-06,4.016661e-06,6.637494e-06
0,557,84.02,0.886,5.287496e-06,6.195831e-06,5.629166e-06,6.216661e-06,1.08329e-07,5.866663e-06,1.08329e-07,6.329163e-06,6.833331e-06,6.649995e-06,8.86666e-06,7.041661e-06,6.295832e-06,6.791663e-06,3.979158e-06,6.574996e-06
0,558,84.171,0.884,5.245829e-06,6.154164e-06,5.583326e-06,6.174993e-06,9.9993e-08,5.824995e-06,1.08329e-07,6.29166e-06,6.799992e-06,6.612492e-06,8.833329e-06,7.004166e-06,6.27083e-06,6.75416e-06,3.958329e-06,6.537493e-06
0,559,84.322,0.882,5.199997e-06,6.099995e-06,5.529165e-06,6.112496e-06,1.04165e-07,5.779163e-06,1.08329e-07,6.237499e-06,6.745831e-06,6.549994e-06,8.783332e-06,6.945832e-06,6.220826e-06,6.704164e-06,3.924998e-06,6.487497e-06
0,560,84.473,0.88,5.162493e-06,6.066664e-06,5.487498e-06,6.074993e-06,1.04165e-07,5.749996e-06,1.08329e-07,6.199996e-06,6.716665e-06,6.512499e-06,8.754166e-06,6.908329e-06,6.195831e-06,6.662496e-06,3.90416e-06,6.449994e-06
0,561,84.624,0.878,5.116661e-06,6.008331e-06,5.433329e-06,6.012495e-06,1.04165e-07,5.695828e-06,1.04165e-07,6.149999e-06,6.662496e-06,6.454166e-06,8.704162e-06,6.849996e-06,6.141663e-06,6.612492e-06,3.870829e-06,6.39166e-06
0,562,84.774,0.876,5.083331e-06,5.974992e-06,5.387497e-06,5.979165e-06,1.04165e-07,5.662497e-06,1.04165e-07,6.104159e-06,6.629165e-06,6.420827e-06,8.662494e-06,6.812493e-06,6.112496e-06,6.574996e-06,3.849999e-06,6.354165e-06
0,563,84.925,0.874,5.033326e-06,5.920831e-06,5.333328e-06,5.920831e-06,1.04165e-07,5.612493e-06,1.04165e-07,6.049999e-06,6.570832e-06,6.354165e-06,8.612497e-06,6.749995e-06,6.066664e-06,6.524992e-06,3.81666e-06,6.29166e-06
0,564,85.076,0.872,4.995831e-06,5.879164e-06,5.295825e-06,5.879164e-06,9.9993e-08,5.579162e-06,9.9993e-08,6.012495e-06,6.54583e-06,6.316662e-06,8.579159e-06,6.716665e-06,6.037497e-06,6.483333e-06,3.791666e-06,6.262493e-06
0,565,85.227,0.87,4.949999e-06,5.829159e-06,5.237492e-06,5.820831e-06,1.04165e-07,5.524993e-06,1.04165e-07,5.954162e-06,6.487497e-06,6.254164e-06,8.524998e-06,6.649995e-06,5.983329e-06,6.429163e-06,3.762492e-06,6.199996e-06
0,566,85.378,0.868,4.91666e-06,5.795829e-06,5.195832e-06,5.783327e-06,9.9993e-08,5.491662e-06,1.04165e-07,5.920831e-06,6.45833e-06,6.212497e-06,8.495832e-06,6.612492e-06,5.962499e-06,6.395833e-06,3.741662e-06,6.166665e-06
0,567,85.529,0.866,4.870828e-06,5.733331e-06,5.141664e-06,5.72083e-06,9.5828e-08,5.437493e-06,1.04165e-07,5.858326e-06,6.399997e-06,6.145827e-06,8.437499e-06,6.549994e-06,5.904166e-06,6.329163e-06,3.704158e-06,6.104159e-06
0,568,85.679,0.864,4.82916e-06,5.695828e-06,5.099996e-06,5.679162e-06,9.9993e-08,5.399998e-06,9.9993e-08,5.820831e-06,6.362494e-06,6.104159e-06,8.404159e-06,6.512499e-06,5.874999e-06,6.295832e-06,3.679164e-06,6.066664e-06
0,569,85.83,0.862,4.79583e-06,5.662497e-06,5.062493e-06,5.641659e-06,9.9993e-08,5.370831e-06,1.04165e-07,5.787492e-06,6.333327e-06,6.070828e-06,8.370828e-06,6.474996e-06,5.849997e-06,6.266665e-06,3.658326e-06,6.033325e-06
0,570,85.981,0.86,4.754162e-06,5.604164e-06,5.008332e-06,5.583326e-06,9.9993e-08,5.316663e-06,9.9993e-08,5.729159e-06,6.274994e-06,5.999994e-06,8.312496e-06,6.408326e-06,5.795829e-06,6.20416e-06,3.624996e-06,5.970828e-06
0,571,86.132,0.858,4.712494e-06,5.566661e-06,4.970829e-06,5.545831e-06,9.9993e-08,5.283332e-06,9.9993e-08,5.695828e-06,6.245828e-06,5.966663e-06,8.279165e-06,6.370831e-06,5.766662e-06,6.174993e-06,3.604166e-06,5.941661e-06
0,572,86.283,0.856,4.670826e-06,5.512492e-06,4.912496e-06,5.483325e-06,9.9993e-08,5.229163e-06,9.9993e-08,5.637495e-06,6.191659e-06,5.904166e-06,8.22916e-06,6.312498e-06,5.724994e-06,6.116661e-06,3.570827e-06,5.874999e-06
0,573,86.434,0.854,4.637496e-06,5.479161e-06,4.879165e-06,5.449994e-06,9.9993e-08,5.199997e-06,1.04165e-07,5.604164e-06,6.158328e-06,5.866663e-06,8.191665e-06,6.274994e-06,5.691663e-06,6.079165e-06,3.545833e-06,5.84166e-06
0,574,86.585,0.852,4.591664e-06,5.420828e-06,4.82916e-06,5.391661e-06,9.9993e-08,5.145828e-06,1.04165e-07,5.541659e-06,6.09583e-06,5.799993e-06,8.141661e-06,6.212497e-06,5.641659e-06,6.024996e-06,3.516658e-06,5.783327e-06
0,575,86.735,0.85,4.558333e-06,5.387497e-06,4.787493e-06,5.354166e-06,9.9993e-08,5.112497e-06,9.9993e-08,5.508327e-06,6.066664e-06,5.762497e-06,8.10833e-06,6.170829e-06,5.616665e-06,5.987493e-06,3.495828e-06,5.749996e-06
0,576,86.886,0.848,4.516665e-06,5.333328e-06,4.741661e-06,5.295825e-06,9.5828e-08,5.062493e-06,9.9993e-08,5.454159e-06,6.012495e-06,5.699992e-06,8.049997e-06,6.112496e-06,5.566661e-06,5.92916e-06,3.462497e-06,5.691663e-06
0,577,87.037,0.846,4.483326e-06,5.299997e-06,4.699993e-06,5.262494e-06,9.9993e-08,5.033326e-06,9.9993e-08,5.420828e-06,5.979165e-06,5.666661e-06,8.016666e-06,6.074993e-06,5.53333e-06,5.895829e-06,3.44166e-06,5.649996e-06
0,578,87.188,0.844,4.437494e-06,5.241664e-06,4.654161e-06,5.195832e-06,9.5828e-08,4.98333e-06,9.9993e-08,5.366659e-06,5.924996e-06,5.599999e-06,7.958332e-06,6.01666e-06,5.483325e-06,5.837496e-06,3.404164e-06,5.595827e-06
0,579,87.339,0.842,4.404164e-06,5.208326e-06,4.62083e-06,5.166666e-06,9.5828e-08,4.949999e-06,9.9993e-08,5.329164e-06,5.891665e-06,5.562496e-06,7.93333e-06,5.974992e-06,5.458331e-06,5.804165e-06,3.387499e-06,5.558332e-06
0,580,87.49,0.84,4.362496e-06,5.149992e-06,4.566662e-06,5.10416e-06,9.5828e-08,4.899995e-06,9.9993e-08,5.274995e-06,5.833332e-06,5.499999e-06,7.866661e-06,5.912495e-06,5.408327e-06,5.745832e-06,3.349996e-06,5.499999e-06
0,581,87.64,0.838,4.329165e-06,5.116661e-06,4.529158e-06,5.07083e-06,9.5828e-08,4.858327e-06,9.9993e-08,5.233328e-06,5.799993e-06,5.458331e-06,7.83333e-06,5.874999e-06,5.37916e-06,5.708329e-06,3.33333e-06,5.462496e-06
0,582,87.791,0.836,4.283325e-06,5.066665e-06,4.479162e-06,5.012496e-06,9.5828e-08,4.812495e-06,9.5828e-08,5.183331e-06,5.74166e-06,5.391661e-06,7.774996e-06,5.80833e-06,5.320827e-06,5.645832e-06,3.291663e-06,5.395826e-06
0,583,87.942,0.834,4.254158e-06,5.024997e-06,4.449995e-06,4.979165e-06,9.5828e-08,4.779164e-06,9.5828e-08,5.145828e-06,5.708329e-06,5.35833e-06,7.741666e-06,5.774998e-06,5.295825e-06,5.612493e-06,3.274997e-06,5.370831e-06
0,584,88.093,0.832,4.212499e-06,4.974993e-06,4.404164e-06,4.920832e-06,9.5828e-08,4.72916e-06,9.5828e-08,5.091659e-06,5.649996e-06,5.291661e-06,7.67916e-06,5.708329e-06,5.245829e-06,5.55416e-06,3.241658e-06,5.304162e-06
0,585,88.244,0.83,4.174995e-06,4.937498e-06,4.370832e-06,4.887494e-06,9.1664e-08,4.699993e-06,9.5828e-08,5.054164e-06,5.620829e-06,5.25833e-06,7.645829e-06,5.670825e-06,5.216662e-06,5.520828e-06,3.216664e-06,5.270831e-06
0,586,88.395,0.828,4.137492e-06,4.883329e-06,4.320828e-06,4.82916e-06,9.5828e-08,4.649997e-06,9.1664e-08,4.999995e-06,5.562496e-06,5.195832e-06,7.587496e-06,5.604164e-06,5.166666e-06,5.458331e-06,3.187497e-06,5.208326e-06
0,587,88.545,0.826,4.099997e-06,4.849998e-06,4.291662e-06,4.799994e-06,9.5828e-08,4.62083e-06,9.5828e-08,4.966664e-06,5.524993e-06,5.158329e-06,7.554166e-06,5.570825e-06,5.137499e-06,5.424992e-06,3.16666e-06,5.174994e-06
0,588,88.696,0.824,4.066666e-06,4.799994e-06,4.24583e-06,4.741661e-06,9.1664e-08,4.570826e-06,9.5828e-08,4.91666e-06,5.470832e-06,5.099996e-06,7.499997e-06,5.508327e-06,5.083331e-06,5.366659e-06,3.129164e-06,5.116661e-06
0,589,88.847,0.822,4.037492e-06,4.766663e-06,4.220828e-06,4.712494e-06,9.1664e-08,4.54166e-06,9.5828e-08,4.883329e-06,5.441666e-06,5.062493e-06,7.462494e-06,5.474997e-06,5.062493e-06,5.333328e-06,3.108327e-06,5.083331e-06
0,590,88.998,0.82,3.999996e-06,4.720831e-06,4.174995e-06,4.654161e-06,9.1664e-08,4.495827e-06,9.1664e-08,4.82916e-06,5.383333e-06,5.008332e-06,7.40416e-06,5.412499e-06,5.012496e-06,5.274995e-06,3.074996e-06,5.024997e-06
0,591,89.149,0.818,3.966665e-06,4.683327e-06,4.149993e-06,4.624995e-06,9.1664e-08,4.462496e-06,9.5828e-08,4.791665e-06,5.349994e-06,4.966664e-06,7.37083e-06,5.374996e-06,4.979165e-06,5.241664e-06,3.062495e-06,4.991658e-06
0,592,89.3,0.816,3.933326e-06,4.637496e-06,4.104161e-06,4.574998e-06,9.1664e-08,4.416665e-06,9.5828e-08,4.745825e-06,5.295825e-06,4.908331e-06,7.308332e-06,5.312499e-06,4.929161e-06,5.179159e-06,3.024999e-06,4.933325e-06
0,593,89.451,0.814,3.908332e-06,4.599992e-06,4.079159e-06,4.54166e-06,9.1664e-08,4.387498e-06,9.5828e-08,4.70833e-06,5.262494e-06,4.874993e-06,7.270829e-06,5.27916e-06,4.899995e-06,5.149992e-06,3.004161e-06,4.89583e-06
0,594,89.601,0.812,3.866664e-06,4.549996e-06,4.037492e-06,4.491663e-06,9.1664e-08,4.341666e-06,9.5828e-08,4.654161e-06,5.208326e-06,4.816659e-06,7.212496e-06,5.220827e-06,4.845826e-06,5.087495e-06,2.970831e-06,4.841661e-06
0,595,89.752,0.81,3.841662e-06,4.516665e-06,4.012497e-06,4.462496e-06,9.1664e-08,4.312499e-06,9.5828e-08,4.62083e-06,5.17083e-06,4.783328e-06,7.174993e-06,5.179159e-06,4.816659e-06,5.054164e-06,2.945828e-06,4.808331e-06
0,596,89.903,0.808,3.820833e-06,4.491663e-06,3.991659e-06,4.43333e-06,9.1664e-08,4.283325e-06,9.5828e-08,4.591664e-06,5.141664e-06,4.754162e-06,7.141662e-06,5.149992e-06,4.791665e-06,5.020825e-06,2.929163e-06,4.770827e-06
0,597,90.054,0.806,3.783329e-06,4.441659e-06,3.958329e-06,4.383326e-06,9.1664e-08,4.237493e-06,9.5828e-08,4.537495e-06,5.083331e-06,4.699993e-06,7.079164e-06,5.091659e-06,4.737497e-06,4.962492e-06,2.89166e-06,4.720831e-06
0,598,90.205,0.804,3.766664e-06,4.412492e-06,3.937499e-06,4.358331e-06,9.1664e-08,4.212499e-06,9.5828e-08,4.504164e-06,5.054164e-06,4.662498e-06,7.045825e-06,5.054164e-06,4.70833e-06,4.933325e-06,2.874994e-06,4.683327e-06
0,599,90.356,0.802,3.724996e-06,4.36666e-06,3.895831e-06,4.304163e-06,9.1664e-08,4.166659e-06,9.5828e-08,4.45416e-06,4.995831e-06,4.612494e-06,6.983328e-06,4.991658e-06,4.654161e-06,4.870828e-06,2.837499e-06,4.624995e-06
0,600,90.506,0.8,3.704158e-06,4.337493e-06,3.874993e-06,4.27916e-06,9.1664e-08,4.137492e-06,9.1664e-08,4.420829e-06,4.966664e-06,4.579163e-06,6.945832e-06,4.958328e-06,4.629159e-06,4.841661e-06,2.820826e-06,4.591664e-06
0,601,90.657,0.798,3.670827e-06,4.287497e-06,3.837498e-06,4.229164e-06,9.1664e-08,4.09166e-06,9.1664e-08,4.36666e-06,4.908331e-06,4.524994e-06,6.883327e-06,4.899995e-06,4.570826e-06,4.783328e-06,2.787495e-06,4.54166e-06
0,602,90.808,0.796,3.649998e-06,4.254158e-06,3.820833e-06,4.199997e-06,9.1664e-08,4.066666e-06,9.1664e-08,4.341666e-06,4.879165e-06,4.495827e-06,6.849996e-06,4.866663e-06,4.545832e-06,4.749998e-06,2.766665e-06,4.512493e-06
0,603,90.959,0.794,3.620831e-06,4.212499e-06,3.787494e-06,4.15833e-06,8.7492e-08,4.029163e-06,8.7492e-08,4.291662e-06,4.824996e-06,4.441659e-06,6.787499e-06,4.808331e-06,4.491663e-06,4.691664e-06,2.737498e-06,4.45416e-06
0,604,91.11,0.792,3.599993e-06,4.187496e-06,3.770828e-06,4.133328e-06,9.1664e-08,4.00416e-06,9.5828e-08,4.262495e-06,4.79583e-06,4.416665e-06,6.749995e-06,4.779164e-06,4.466661e-06,4.666662e-06,2.71666e-06,4.429166e-06
0,605,91.261,0.79,3.570827e-06,4.141665e-06,3.741662e-06,4.09166e-06,8.7492e-08,3.962493e-06,8.7492e-08,4.212499e-06,4.733332e-06,4.370832e-06,6.691662e-06,4.720831e-06,4.412492e-06,4.612494e-06,2.68333e-06,4.370832e-06
0,606,91.412,0.788,3.549997e-06,4.112498e-06,3.729161e-06,4.066666e-06,8.3327e-08,3.937499e-06,9.5828e-08,4.183332e-06,4.70833e-06,4.34583e-06,6.654159e-06,4.691664e-06,4.387498e-06,4.579163e-06,2.662492e-06,4.34583e-06
0,607,91.562,0.786,3.52083e-06,4.070831e-06,3.699994e-06,4.024998e-06,8.7492e-08,3.90416e-06,9.1664e-08,4.133328e-06,4.654161e-06,4.295826e-06,6.591662e-06,4.633331e-06,4.333329e-06,4.524994e-06,2.629161e-06,4.291662e-06
0,608,91.713,0.784,3.504165e-06,4.045828e-06,3.691665e-06,4.00416e-06,9.1664e-08,3.879165e-06,9.1664e-08,4.108326e-06,4.629159e-06,4.274996e-06,6.558331e-06,4.608329e-06,4.308327e-06,4.491663e-06,2.612495e-06,4.266659e-06
0,609,91.864,0.782,3.479163e-06,4.00416e-06,3.662499e-06,3.966665e-06,9.1664e-08,3.837498e-06,9.1664e-08,4.054165e-06,4.570826e-06,4.229164e-06,6.495825e-06,4.554161e-06,4.254158e-06,4.445831e-06,2.574992e-06,4.220828e-06
0,610,92.015,0.78,3.466662e-06,3.979158e-06,3.649998e-06,3.941663e-06,8.7492e-08,3.81666e-06,9.1664e-08,4.029163e-06,4.54166e-06,4.208326e-06,6.45833e-06,4.524994e-06,4.224992e-06,4.412492e-06,2.562499e-06,4.191661e-06
0,611,92.166,0.778,3.44166e-06,3.941663e-06,3.62916e-06,3.90416e-06,8.7492e-08,3.779165e-06,8.7492e-08,3.983331e-06,4.491663e-06,4.162494e-06,6.395833e-06,4.470825e-06,4.17916e-06,4.362496e-06,2.52916e-06,4.141665e-06
0,612,92.317,0.776,3.424994e-06,3.916661e-06,3.616659e-06,3.88333e-06,8.7492e-08,3.762492e-06,9.5828e-08,3.958329e-06,4.462496e-06,4.141665e-06,6.362494e-06,4.441659e-06,4.149993e-06,4.337493e-06,2.50833e-06,4.120827e-06
0,613,92.467,0.774,3.399992e-06,3.88333e-06,3.599993e-06,3.849999e-06,8.7492e-08,3.724996e-06,9.1664e-08,3.908332e-06,4.408328e-06,4.104161e-06,6.299997e-06,4.395827e-06,4.095833e-06,4.283325e-06,2.483328e-06,4.074995e-06
0,614,92.618,0.772,3.387499e-06,3.854163e-06,3.587492e-06,3.833326e-06,9.1664e-08,3.704158e-06,9.1664e-08,3.887495e-06,4.383326e-06,4.079159e-06,6.262493e-06,4.370832e-06,4.070831e-06,4.258331e-06,2.462498e-06,4.049993e-06
0,615,92.769,0.77,3.370825e-06,3.824997e-06,3.574999e-06,3.804159e-06,8.7492e-08,3.670827e-06,9.1664e-08,3.841662e-06,4.333329e-06,4.054165e-06,6.20416e-06,4.320828e-06,4.024998e-06,4.212499e-06,2.433332e-06,4.008325e-06
0,616,92.92,0.768,3.358332e-06,3.804159e-06,3.566662e-06,3.783329e-06,8.3327e-08,3.654162e-06,8.7492e-08,3.81666e-06,4.312499e-06,4.029163e-06,6.170829e-06,4.295826e-06,3.999996e-06,4.191661e-06,2.412494e-06,3.991659e-06
0,617,93.071,0.766,3.345831e-06,3.770828e-06,3.554161e-06,3.754163e-06,8.7492e-08,3.620831e-06,9.1664e-08,3.774993e-06,4.258331e-06,3.999996e-06,6.108331e-06,4.254158e-06,3.949992e-06,4.141665e-06,2.383327e-06,3.949992e-06
0,618,93.222,0.764,3.33333e-06,3.754163e-06,3.554161e-06,3.737497e-06,8.7492e-08,3.604166e-06,9.1664e-08,3.745826e-06,4.237493e-06,3.983331e-06,6.070828e-06,4.229164e-06,3.929162e-06,4.120827e-06,2.366662e-06,3.929162e-06
0,619,93.373,0.762,3.320829e-06,3.720832e-06,3.54166e-06,3.712495e-06,8.3327e-08,3.574999e-06,8.7492e-08,3.704158e-06,4.187496e-06,3.958329e-06,6.01666e-06,4.187496e-06,3.879165e-06,4.070831e-06,2.34166e-06,3.895831e-06
0,620,93.523,0.76,3.312492e-06,3.699994e-06,3.537496e-06,3.69583e-06,8.7492e-08,3.562498e-06,9.1664e-08,3.683329e-06,4.162494e-06,3.941663e-06,5.979165e-06,4.166659e-06,3.854163e-06,4.049993e-06,2.324995e-06,3.874993e-06
0,621,93.674,0.758,3.299999e-06,3.674992e-06,3.533332e-06,3.674992e-06,8.3327e-08,3.533332e-06,9.1664e-08,3.649998e-06,4.116662e-06,3.916661e-06,5.920831e-06,4.120827e-06,3.808331e-06,4.008325e-06,2.291664e-06,3.845827e-06
0,622,93.825,0.756,3.291663e-06,3.658326e-06,3.529159e-06,3.662499e-06,8.7492e-08,3.516658e-06,9.1664e-08,3.624996e-06,4.09166e-06,3.908332e-06,5.887493e-06,4.104161e-06,3.787494e-06,3.987495e-06,2.283327e-06,3.824997e-06
0,623,93.976,0.754,3.287498e-06,3.645825e-06,3.529159e-06,3.645825e-06,8.7492e-08,3.504165e-06,9.1664e-08,3.604166e-06,4.070831e-06,3.895831e-06,5.858326e-06,4.083332e-06,3.770828e-06,3.966665e-06,2.266661e-06,3.812496e-06
0,624,94.127,0.752,3.274997e-06,3.616659e-06,3.524995e-06,3.624996e-06,8.7492e-08,3.483327e-06,8.7492e-08,3.566662e-06,4.029163e-06,3.870829e-06,5.799993e-06,4.049993e-06,3.724996e-06,3.937499e-06,2.241659e-06,3.787494e-06
0,625,94.278,0.75,3.274997e-06,3.60833e-06,3.524995e-06,3.620831e-06,8.3327e-08,3.466662e-06,8.7492e-08,3.545833e-06,4.00416e-06,3.866664e-06,5.770826e-06,4.024998e-06,3.708331e-06,3.912497e-06,2.224994e-06,3.770828e-06
0,626,94.428,0.748,3.270833e-06,3.583328e-06,3.524995e-06,3.595829e-06,8.7492e-08,3.449996e-06,8.7492e-08,3.512494e-06,3.966665e-06,3.854163e-06,5.716666e-06,3.995832e-06,3.662499e-06,3.879165e-06,2.199992e-06,3.745826e-06
0,627,94.579,0.746,3.26666e-06,3.574999e-06,3.529159e-06,3.595829e-06,8.7492e-08,3.44166e-06,8.7492e-08,3.491664e-06,3.945827e-06,3.845827e-06,5.683327e-06,3.979158e-06,3.641661e-06,3.866664e-06,2.187498e-06,3.733325e-06
0,628,94.73,0.744,3.262496e-06,3.549997e-06,3.533332e-06,3.574999e-06,8.3327e-08,3.42083e-06,8.7492e-08,3.462497e-06,3.908332e-06,3.837498e-06,5.63333e-06,3.949992e-06,3.612495e-06,3.833326e-06,2.166661e-06,3.71666e-06
0,629,94.881,0.742,3.262496e-06,3.545833e-06,3.537496e-06,3.570827e-06,8.3327e-08,3.416665e-06,9.1664e-08,3.445832e-06,3.887495e-06,3.829161e-06,5.604164e-06,3.937499e-06,3.591665e-06,3.820833e-06,2.158332e-06,3.704158e-06
0,630,95.032,0.74,3.258332e-06,3.529159e-06,3.54166e-06,3.558326e-06,8.3327e-08,3.399992e-06,8.7492e-08,3.412493e-06,3.849999e-06,3.820833e-06,5.55416e-06,3.912497e-06,3.558326e-06,3.791666e-06,2.13333e-06,3.691665e-06
0,631,95.183,0.738,3.26666e-06,3.516658e-06,3.545833e-06,3.554161e-06,8.3327e-08,3.387499e-06,8.7492e-08,3.395828e-06,3.837498e-06,3.820833e-06,5.529165e-06,3.895831e-06,3.54166e-06,3.779165e-06,2.120829e-06,3.679164e-06
0,632,95.333,0.736,3.258332e-06,3.504165e-06,3.558326e-06,3.54166e-06,8.3327e-08,3.374998e-06,8.7492e-08,3.366661e-06,3.804159e-06,3.812496e-06,5.479161e-06,3.874993e-06,3.512494e-06,3.758327e-06,2.099999e-06,3.666663e-06
0,633,95.484,0.734,3.26666e-06,3.499993e-06,3.562498e-06,3.537496e-06,8.3327e-08,3.366661e-06,8.7492e-08,3.35416e-06,3.787494e-06,3.812496e-06,5.449994e-06,3.862492e-06,3.495828e-06,3.745826e-06,2.091662e-06,3.662499e-06
0,634,95.635,0.732,3.270833e-06,3.491664e-06,3.574999e-06,3.537496e-06,8.7492e-08,3.35416e-06,8.7492e-08,3.324993e-06,3.758327e-06,3.812496e-06,5.412499e-06,3.845827e-06,3.470826e-06,3.729161e-06,2.074997e-06,3.654162e-06
0,635,95.786,0.73,3.279162e-06,3.487492e-06,3.587492e-06,3.533332e-06,8.3327e-08,3.35416e-06,8.7492e-08,3.316665e-06,3.741662e-06,3.81666e-06,5.383333e-06,3.833326e-06,3.454161e-06,3.71666e-06,2.062495e-06,3.649998e-06
0,636,95.937,0.728,3.283326e-06,3.479163e-06,3.599993e-06,3.529159e-06,8.3327e-08,3.345831e-06,8.3327e-08,3.291663e-06,3.71666e-06,3.81666e-06,5.341665e-06,3.820833e-06,3.429159e-06,3.699994e-06,2.04583e-06,3.649998e-06
0,637,96.088,0.726,3.291663e-06,3.474998e-06,3.612495e-06,3.529159e-06,8.3327e-08,3.341659e-06,8.7492e-08,3.274997e-06,3.699994e-06,3.820833e-06,5.316663e-06,3.808331e-06,3.42083e-06,3.69583e-06,2.037493e-06,3.649998e-06
0,638,96.239,0.724,3.295827e-06,3.474998e-06,3.62916e-06,3.533332e-06,8.3327e-08,3.341659e-06,8.7492e-08,3.254159e-06,3.679164e-06,3.829161e-06,5.27916e-06,3.799995e-06,3.399992e-06,3.687493e-06,2.024992e-06,3.649998e-06
0,639,96.389,0.722,3.312492e-06,3.474998e-06,3.645825e-06,3.533332e-06,8.3327e-08,3.341659e-06,8.7492e-08,3.245831e-06,3.666663e-06,3.841662e-06,5.25833e-06,3.79583e-06,3.391663e-06,3.687493e-06,2.020828e-06,3.649998e-06
0,640,96.54,0.72,3.320829e-06,3.474998e-06,3.662499e-06,3.533332e-06,8.3327e-08,3.337494e-06,8.7492e-08,3.229165e-06,3.645825e-06,3.849999e-06,5.229163e-06,3.787494e-06,3.379162e-06,3.674992e-06,2.008327e-06,3.658326e-06
0,641,96.691,0.718,3.33333e-06,3.474998e-06,3.679164e-06,3.54166e-06,8.3327e-08,3.337494e-06,8.7492e-08,3.220828e-06,3.637497e-06,3.862492e-06,5.208326e-06,3.783329e-06,3.370825e-06,3.674992e-06,1.999998e-06,3.658326e-06
0,642,96.842,0.716,3.345831e-06,3.479163e-06,3.699994e-06,3.545833e-06,8.3327e-08,3.341659e-06,8.3327e-08,3.208327e-06,3.620831e-06,3.874993e-06,5.174994e-06,3.779165e-06,3.362497e-06,3.674992e-06,1.991661e-06,3.670827e-06
0,643,96.993,0.714,3.358332e-06,3.479163e-06,3.71666e-06,3.554161e-06,8.3327e-08,3.349996e-06,8.7492e-08,3.204163e-06,3.612495e-06,3.88333e-06,5.162493e-06,3.779165e-06,3.358332e-06,3.674992e-06,1.991661e-06,3.674992e-06
0,644,97.144,0.712,3.370825e-06,3.487492e-06,3.741662e-06,3.558326e-06,8.7492e-08,3.349996e-06,8.7492e-08,3.187497e-06,3.599993e-06,3.899996e-06,5.133327e-06,3.774993e-06,3.349996e-06,3.670827e-06,1.983333e-06,3.687493e-06
0,645,97.294,0.71,3.387499e-06,3.491664e-06,3.758327e-06,3.566662e-06,8.3327e-08,3.358332e-06,8.7492e-08,3.183325e-06,3.591665e-06,3.912497e-06,5.120826e-06,3.774993e-06,3.349996e-06,3.679164e-06,1.983333e-06,3.69583e-06
0,646,97.445,0.708,3.404164e-06,3.504165e-06,3.783329e-06,3.583328e-06,7.9163e-08,3.362497e-06,8.3327e-08,3.179161e-06,3.583328e-06,3.933326e-06,5.099996e-06,3.774993e-06,3.349996e-06,3.683329e-06,1.974996e-06,3.712495e-06
0,647,97.596,0.706,3.424994e-06,3.508329e-06,3.804159e-06,3.591665e-06,8.3327e-08,3.370825e-06,8.3327e-08,3.174996e-06,3.579164e-06,3.949992e-06,5.091659e-06,3.779165e-06,3.345831e-06,3.687493e-06,1.974996e-06,3.729161e-06
0,648,97.747,0.704,3.44166e-06,3.52083e-06,3.829161e-06,3.604166e-06,8.3327e-08,3.383326e-06,8.3327e-08,3.16666e-06,3.570827e-06,3.97083e-06,5.07083e-06,3.787494e-06,3.349996e-06,3.699994e-06,1.970832e-06,3.745826e-06
0,649,97.898,0.702,3.458325e-06,3.529159e-06,3.854163e-06,3.616659e-06,7.9163e-08,3.387499e-06,8.3327e-08,3.16666e-06,3.570827e-06,3.987495e-06,5.062493e-06,3.791666e-06,3.358332e-06,3.708331e-06,1.970832e-06,3.754163e-06
0,650,98.049,0.7,3.470826e-06,3.537496e-06,3.870829e-06,3.624996e-06,7.9163e-08,3.399992e-06,8.3327e-08,3.16666e-06,3.566662e-06,4.00416e-06,5.054164e-06,3.79583e-06,3.362497e-06,3.71666e-06,1.974996e-06,3.774993e-06
0,651,98.2,0.698,3.495828e-06,3.554161e-06,3.895831e-06,3.645825e-06,7.9163e-08,3.416665e-06,8.3327e-08,3.162495e-06,3.562498e-06,4.033327e-06,5.041663e-06,3.804159e-06,3.366661e-06,3.733325e-06,1.970832e-06,3.79583e-06
0,652,98.35,0.696,3.52083e-06,3.566662e-06,3.920825e-06,3.658326e-06,7.9163e-08,3.429159e-06,8.3327e-08,3.162495e-06,3.562498e-06,4.049993e-06,5.037498e-06,3.812496e-06,3.370825e-06,3.745826e-06,1.974996e-06,3.812496e-06
0,653,98.501,0.694,3.54166e-06,3.587492e-06,3.954164e-06,3.679164e-06,7.9163e-08,3.44166e-06,8.3327e-08,3.162495e-06,3.566662e-06,4.079159e-06,5.029162e-06,3.824997e-06,3.383326e-06,3.762492e-06,1.974996e-06,3.841662e-06
0,654,98.652,0.692,3.562498e-06,3.599993e-06,3.979158e-06,3.691665e-06,8.3327e-08,3.458325e-06,8.3327e-08,3.16666e-06,3.566662e-06,4.099997e-06,5.024997e-06,3.833326e-06,3.391663e-06,3.774993e-06,1.97916e-06,3.862492e-06
0,655,98.803,0.69,3.587492e-06,3.620831e-06,4.016661e-06,3.71666e-06,7.9163e-08,3.479163e-06,8.3327e-08,3.170832e-06,3.570827e-06,4.133328e-06,5.020825e-06,3.845827e-06,3.408329e-06,3.799995e-06,1.97916e-06,3.895831e-06
0,656,98.954,0.688,3.612495e-06,3.633332e-06,4.041664e-06,3.733325e-06,7.9163e-08,3.491664e-06,8.3327e-08,3.174996e-06,3.574999e-06,4.154166e-06,5.020825e-06,3.858328e-06,3.424994e-06,3.81666e-06,1.987497e-06,3.916661e-06
0,657,99.105,0.686,3.637497e-06,3.658326e-06,4.074995e-06,3.758327e-06,7.9163e-08,3.512494e-06,7.9163e-08,3.179161e-06,3.579164e-06,4.195825e-06,5.024997e-06,3.879165e-06,3.44166e-06,3.841662e-06,1.991661e-06,3.949992e-06
0,658,99.255,0.684,3.666663e-06,3.679164e-06,4.104161e-06,3.774993e-06,7.9163e-08,3.533332e-06,7.9163e-08,3.187497e-06,3.587492e-06,4.216663e-06,5.024997e-06,3.887495e-06,3.458325e-06,3.866664e-06,1.999998e-06,3.979158e-06
0,659,99.406,0.682,3.691665e-06,3.704158e-06,4.141665e-06,3.808331e-06,7.4999e-08,3.558326e-06,7.9163e-08,3.199998e-06,3.595829e-06,4.258331e-06,5.033326e-06,3.912497e-06,3.479163e-06,3.895831e-06,2.008327e-06,4.012497e-06
0,660,99.557,0.68,3.724996e-06,3.724996e-06,4.170831e-06,3.824997e-06,7.4999e-08,3.574999e-06,8.3327e-08,3.208327e-06,3.604166e-06,4.283325e-06,5.037498e-06,3.929162e-06,3.495828e-06,3.916661e-06,2.016664e-06,4.041664e-06
0,661,99.708,0.678,3.749998e-06,3.754163e-06,4.208326e-06,3.858328e-06,7.9163e-08,3.604166e-06,8.3327e-08,3.216664e-06,3.620831e-06,4.316664e-06,5.041663e-06,3.949992e-06,3.529159e-06,3.949992e-06,2.024992e-06,4.079159e-06
0,662,99.859,0.676,3.783329e-06,3.774993e-06,4.241665e-06,3.879165e-06,7.9163e-08,3.624996e-06,7.9163e-08,3.229165e-06,3.633332e-06,4.349994e-06,5.058328e-06,3.97083e-06,3.549997e-06,3.974994e-06,2.037493e-06,4.108326e-06
0,663,100.01,0.674,3.81666e-06,3.799995e-06,4.27916e-06,3.912497e-06,7.9163e-08,3.658326e-06,7.9163e-08,3.245831e-06,3.649998e-06,4.391662e-06,5.066665e-06,3.995832e-06,3.574999e-06,4.012497e-06,2.049994e-06,4.154166e-06
0,664,100.16,0.672,3.841662e-06,3.829161e-06,4.312499e-06,3.937499e-06,7.9163e-08,3.683329e-06,8.3327e-08,3.254159e-06,3.658326e-06,4.424993e-06,5.083331e-06,4.012497e-06,3.599993e-06,4.037492e-06,2.058331e-06,4.183332e-06
0,665,100.311,0.67,3.879165e-06,3.862492e-06,4.349994e-06,3.97083e-06,7.4999e-08,3.71666e-06,7.9163e-08,3.279162e-06,3.679164e-06,4.470825e-06,5.099996e-06,4.041664e-06,3.633332e-06,4.079159e-06,2.074997e-06,4.229164e-06
0,666,100.462,0.668,3.912497e-06,3.887495e-06,4.379161e-06,3.995832e-06,7.9163e-08,3.737497e-06,7.9163e-08,3.287498e-06,3.691665e-06,4.499992e-06,5.112497e-06,4.058329e-06,3.658326e-06,4.108326e-06,2.083325e-06,4.258331e-06
0,667,100.613,0.666,3.941663e-06,3.924998e-06,4.424993e-06,4.033327e-06,7.4999e-08,3.774993e-06,7.4999e-08,3.308328e-06,3.71666e-06,4.545832e-06,5.133327e-06,4.09166e-06,3.69583e-06,4.149993e-06,2.099999e-06,4.308327e-06
0,668,100.764,0.664,3.974994e-06,3.949992e-06,4.458332e-06,4.058329e-06,7.0826e-08,3.799995e-06,7.9163e-08,3.324993e-06,3.729161e-06,4.570826e-06,5.149992e-06,4.112498e-06,3.724996e-06,4.174995e-06,2.108328e-06,4.34583e-06
0,669,100.915,0.662,4.012497e-06,3.983331e-06,4.504164e-06,4.099997e-06,7.4999e-08,3.841662e-06,7.4999e-08,3.345831e-06,3.758327e-06,4.624995e-06,5.174994e-06,4.149993e-06,3.766664e-06,4.229164e-06,2.129165e-06,4.395827e-06
0,670,101.066,0.66,4.049993e-06,4.020826e-06,4.537495e-06,4.129163e-06,7.4999e-08,3.870829e-06,7.9163e-08,3.366661e-06,3.774993e-06,4.658325e-06,5.19166e-06,4.170831e-06,3.79583e-06,4.258331e-06,2.141659e-06,4.429166e-06
0,671,101.216,0.658,4.087496e-06,4.058329e-06,4.579163e-06,4.170831e-06,7.4999e-08,3.90416e-06,7.4999e-08,3.391663e-06,3.804159e-06,4.704165e-06,5.224999e-06,4.208326e-06,3.841662e-06,4.312499e-06,2.158332e-06,4.487499e-06
0,672,101.367,0.656,4.120827e-06,4.087496e-06,4.616666e-06,4.199997e-06,7.0826e-08,3.933326e-06,7.9163e-08,3.412493e-06,3.824997e-06,4.741661e-06,5.241664e-06,4.229164e-06,3.866664e-06,4.341666e-06,2.174997e-06,4.520829e-06
0,673,101.518,0.654,4.15833e-06,4.129163e-06,4.666662e-06,4.24583e-06,7.4999e-08,3.974994e-06,7.9163e-08,3.437495e-06,3.854163e-06,4.79583e-06,5.274995e-06,4.270832e-06,3.920825e-06,4.399999e-06,2.199992e-06,4.579163e-06
0,674,101.669,0.652,4.195825e-06,4.162494e-06,4.704165e-06,4.274996e-06,7.4999e-08,4.008325e-06,7.4999e-08,3.462497e-06,3.874993e-06,4.82916e-06,5.299997e-06,4.299998e-06,3.949992e-06,4.43333e-06,2.212493e-06,4.616666e-06
0,675,101.82,0.65,4.237493e-06,4.204162e-06,4.749998e-06,4.316664e-06,7.0826e-08,4.049993e-06,7.4999e-08,3.491664e-06,3.912497e-06,4.887494e-06,5.333328e-06,4.337493e-06,3.995832e-06,4.487499e-06,2.23333e-06,4.674999e-06
0,676,101.971,0.648,4.274996e-06,4.237493e-06,4.783328e-06,4.341666e-06,7.0826e-08,4.087496e-06,7.9163e-08,3.512494e-06,3.937499e-06,4.91666e-06,5.35833e-06,4.36666e-06,4.029163e-06,4.524994e-06,2.249996e-06,4.70833e-06
0,677,102.121,0.646,4.312499e-06,4.283325e-06,4.82916e-06,4.391662e-06,7.0826e-08,4.129163e-06,7.4999e-08,3.545833e-06,3.97083e-06,4.974993e-06,5.395826e-06,4.404164e-06,4.083332e-06,4.583327e-06,2.270826e-06,4.774992e-06
0,678,102.272,0.644,4.354159e-06,4.320828e-06,4.874993e-06,4.429166e-06,7.4999e-08,4.162494e-06,7.4999e-08,3.566662e-06,3.991659e-06,5.008332e-06,5.424992e-06,4.43333e-06,4.116662e-06,4.616666e-06,2.291664e-06,4.812495e-06
0,679,102.423,0.642,4.387498e-06,4.34583e-06,4.904159e-06,4.45416e-06,7.4999e-08,4.195825e-06,7.9163e-08,3.591665e-06,4.016661e-06,5.041663e-06,5.454159e-06,4.462496e-06,4.154166e-06,4.654161e-06,2.304165e-06,4.849998e-06
0,680,102.574,0.64,4.424993e-06,4.391662e-06,4.949999e-06,4.499992e-06,7.4999e-08,4.241665e-06,7.4999e-08,3.624996e-06,4.058329e-06,5.099996e-06,5.491662e-06,4.504164e-06,4.208326e-06,4.712494e-06,2.329159e-06,4.912496e-06
0,681,102.725,0.638,4.462496e-06,4.424993e-06,4.987494e-06,4.53333e-06,7.0826e-08,4.270832e-06,7.4999e-08,3.649998e-06,4.087496e-06,5.137499e-06,5.520828e-06,4.537495e-06,4.241665e-06,4.754162e-06,2.349997e-06,4.954163e-06
0,682,102.876,0.636,4.504164e-06,4.479162e-06,5.037498e-06,4.583327e-06,7.0826e-08,4.320828e-06,7.4999e-08,3.691665e-06,4.129163e-06,5.195832e-06,5.566661e-06,4.579163e-06,4.299998e-06,4.812495e-06,2.374999e-06,5.016661e-06
0,683,103.027,0.634,4.545832e-06,4.512493e-06,5.074994e-06,4.616666e-06,7.4999e-08,4.358331e-06,7.0826e-08,3.71666e-06,4.154166e-06,5.233328e-06,5.599999e-06,4.612494e-06,4.337493e-06,4.849998e-06,2.395828e-06,5.058328e-06
0,684,103.177,0.632,4.587499e-06,4.558333e-06,5.124998e-06,4.670826e-06,7.4999e-08,4.412492e-06,7.0826e-08,3.754163e-06,4.195825e-06,5.291661e-06,5.645832e-06,4.658325e-06,4.395827e-06,4.920832e-06,2.424995e-06,5.124998e-06
0,685,103.328,0.63,4.629159e-06,4.604165e-06,5.17083e-06,4.704165e-06,7.0826e-08,4.445831e-06,7.4999e-08,3.783329e-06,4.229164e-06,5.333328e-06,5.679162e-06,4.691664e-06,4.437494e-06,4.958328e-06,2.441661e-06,5.166666e-06
0,686,103.479,0.628,4.674999e-06,4.645832e-06,5.220827e-06,4.754162e-06,6.6662e-08,4.499992e-06,7.0826e-08,3.829161e-06,4.274996e-06,5.387497e-06,5.724994e-06,4.741661e-06,4.495827e-06,5.024997e-06,2.470827e-06,5.233328e-06
0,687,103.63,0.626,4.716659e-06,4.687492e-06,5.262494e-06,4.791665e-06,7.0826e-08,4.537495e-06,7.0826e-08,3.858328e-06,4.304163e-06,5.429165e-06,5.762497e-06,4.770827e-06,4.537495e-06,5.066665e-06,2.491665e-06,5.274995e-06
0,688,103.781,0.624,4.762499e-06,4.741661e-06,5.312499e-06,4.845826e-06,7.0826e-08,4.591664e-06,7.0826e-08,3.899996e-06,4.354159e-06,5.491662e-06,5.812494e-06,4.824996e-06,4.599992e-06,5.133327e-06,2.524996e-06,5.345829e-06
0,689,103.932,0.622,4.804158e-06,4.783328e-06,5.354166e-06,4.887494e-06,6.6662e-08,4.629159e-06,7.0826e-08,3.929162e-06,4.387498e-06,5.537494e-06,5.849997e-06,4.858327e-06,4.64166e-06,5.174994e-06,2.545826e-06,5.387497e-06
0,690,104.082,0.62,4.854162e-06,4.837497e-06,5.412499e-06,4.941662e-06,6.6662e-08,4.683327e-06,7.0826e-08,3.974994e-06,4.437494e-06,5.591663e-06,5.904166e-06,4.908331e-06,4.704165e-06,5.245829e-06,2.574992e-06,5.454159e-06
0,691,104.233,0.618,4.891666e-06,4.874993e-06,5.44583e-06,4.970829e-06,7.0826e-08,4.720831e-06,7.4999e-08,4.00416e-06,4.466661e-06,5.63333e-06,5.937497e-06,4.945827e-06,4.745825e-06,5.291661e-06,2.59583e-06,5.499999e-06
0,692,104.384,0.616,4.937498e-06,4.924997e-06,5.499999e-06,5.029162e-06,7.0826e-08,4.774992e-06,7.0826e-08,4.054165e-06,4.516665e-06,5.695828e-06,5.99583e-06,4.995831e-06,4.812495e-06,5.35833e-06,2.629161e-06,5.570825e-06
0,693,104.535,0.614,4.98333e-06,4.970829e-06,5.541659e-06,5.07083e-06,7.0826e-08,4.812495e-06,7.0826e-08,4.083332e-06,4.554161e-06,5.733331e-06,6.029161e-06,5.024997e-06,4.854162e-06,5.404162e-06,2.649999e-06,5.612493e-06
0,694,104.686,0.612,5.020825e-06,5.016661e-06,5.591663e-06,5.120826e-06,6.6662e-08,4.866663e-06,7.0826e-08,4.129163e-06,4.604165e-06,5.799993e-06,6.087494e-06,5.083331e-06,4.91666e-06,5.474997e-06,2.679165e-06,5.679162e-06
0,695,104.837,0.61,5.07083e-06,5.062493e-06,5.63333e-06,5.162493e-06,6.6662e-08,4.908331e-06,7.0826e-08,4.162494e-06,4.633331e-06,5.837496e-06,6.124997e-06,5.116661e-06,4.962492e-06,5.512492e-06,2.699995e-06,5.72083e-06
0,696,104.987,0.608,5.112497e-06,5.116661e-06,5.691663e-06,5.212498e-06,6.6662e-08,4.962492e-06,7.0826e-08,4.212499e-06,4.691664e-06,5.899994e-06,6.18333e-06,5.174994e-06,5.029162e-06,5.587498e-06,2.737498e-06,5.799993e-06
0,697,105.138,0.606,5.162493e-06,5.158329e-06,5.729159e-06,5.254165e-06,7.0826e-08,5.004159e-06,6.6662e-08,4.24583e-06,4.72916e-06,5.941661e-06,6.220826e-06,5.204161e-06,5.07083e-06,5.63333e-06,2.758328e-06,5.84166e-06
0,698,105.289,0.604,5.208326e-06,5.216662e-06,5.787492e-06,5.312499e-06,6.6662e-08,5.062493e-06,6.6662e-08,4.295826e-06,4.783328e-06,6.008331e-06,6.283331e-06,5.270831e-06,5.137499e-06,5.704164e-06,2.795831e-06,5.916659e-06
0,699,105.44,0.602,5.249993e-06,5.25833e-06,5.824995e-06,5.354166e-06,7.0826e-08,5.10416e-06,7.0826e-08,4.329165e-06,4.816659e-06,6.045826e-06,6.320826e-06,5.299997e-06,5.183331e-06,5.749996e-06,2.820826e-06,5.966663e-06
0,700,105.591,0.6,5.299997e-06,5.312499e-06,5.883328e-06,5.416663e-06,6.6662e-08,5.162493e-06,7.0826e-08,4.387498e-06,4.879165e-06,6.116661e-06,6.383332e-06,5.35833e-06,5.254165e-06,5.820831e-06,2.858329e-06,6.033325e-06
0,701,105.742,0.598,5.345829e-06,5.362495e-06,5.920831e-06,5.454159e-06,6.6662e-08,5.204161e-06,7.0826e-08,4.416665e-06,4.912496e-06,6.158328e-06,6.424999e-06,5.391661e-06,5.295825e-06,5.866663e-06,2.879159e-06,6.074993e-06
0,702,105.893,0.596,5.391661e-06,5.412499e-06,5.979165e-06,5.508327e-06,6.6662e-08,5.262494e-06,7.0826e-08,4.470825e-06,4.970829e-06,6.220826e-06,6.491661e-06,5.454159e-06,5.362495e-06,5.941661e-06,2.912498e-06,6.154164e-06
0,703,106.043,0.594,5.437493e-06,5.458331e-06,6.020832e-06,5.549995e-06,6.2497e-08,5.299997e-06,6.6662e-08,4.504164e-06,5.008332e-06,6.258329e-06,6.533329e-06,5.487498e-06,5.404162e-06,5.987493e-06,2.937492e-06,6.191659e-06
0,704,106.194,0.592,5.483325e-06,5.508327e-06,6.074993e-06,5.604164e-06,6.2497e-08,5.362495e-06,7.0826e-08,4.558333e-06,5.066665e-06,6.324999e-06,6.591662e-06,5.545831e-06,5.474997e-06,6.058327e-06,2.974995e-06,6.27083e-06
0,705,106.345,0.59,5.529165e-06,5.55416e-06,6.116661e-06,5.645832e-06,6.2497e-08,5.399998e-06,6.6662e-08,4.595828e-06,5.10416e-06,6.370831e-06,6.63333e-06,5.587498e-06,5.520828e-06,6.104159e-06,2.999997e-06,6.316662e-06
0,706,106.496,0.588,5.566661e-06,5.591663e-06,6.149999e-06,5.683327e-06,6.6662e-08,5.441666e-06,6.6662e-08,4.629159e-06,5.137499e-06,6.404161e-06,6.670833e-06,5.616665e-06,5.562496e-06,6.149999e-06,3.024999e-06,6.358329e-06
0,707,106.647,0.586,5.612493e-06,5.649996e-06,6.208332e-06,5.74166e-06,6.6662e-08,5.499999e-06,6.6662e-08,4.683327e-06,5.199997e-06,6.470831e-06,6.73333e-06,5.674998e-06,5.63333e-06,6.224998e-06,3.062495e-06,6.424999e-06
0,708,106.798,0.584,5.658333e-06,5.691663e-06,6.245828e-06,5.779163e-06,6.6662e-08,5.537494e-06,6.6662e-08,4.716659e-06,5.233328e-06,6.508326e-06,6.774998e-06,5.712493e-06,5.679162e-06,6.266665e-06,3.083332e-06,6.474996e-06
0,709,106.948,0.582,5.699992e-06,5.749996e-06,6.299997e-06,5.837496e-06,6.6662e-08,5.604164e-06,7.0826e-08,4.770827e-06,5.295825e-06,6.570832e-06,6.837495e-06,5.774998e-06,5.745832e-06,6.341664e-06,3.124992e-06,6.54583e-06
0,710,107.099,0.58,5.749996e-06,5.791664e-06,6.345828e-06,5.879164e-06,6.6662e-08,5.641659e-06,6.6662e-08,4.808331e-06,5.333328e-06,6.616664e-06,6.874998e-06,5.80833e-06,5.787492e-06,6.383332e-06,3.149994e-06,6.587497e-06
0,711,107.25,0.578,5.791664e-06,5.845833e-06,6.395833e-06,5.933332e-06,6.6662e-08,5.699992e-06,6.2497e-08,4.862499e-06,5.395826e-06,6.674997e-06,6.945832e-06,5.866663e-06,5.858326e-06,6.45833e-06,3.187497e-06,6.662496e-06
0,712,107.401,0.576,5.84166e-06,5.891665e-06,6.441664e-06,5.979165e-06,6.6662e-08,5.737495e-06,6.6662e-08,4.899995e-06,5.433329e-06,6.716665e-06,6.983328e-06,5.904166e-06,5.904166e-06,6.504162e-06,3.212492e-06,6.708328e-06
0,713,107.552,0.574,5.887493e-06,5.945826e-06,6.495825e-06,6.037497e-06,6.2497e-08,5.804165e-06,6.6662e-08,4.958328e-06,5.499999e-06,6.779162e-06,7.054162e-06,5.966663e-06,5.970828e-06,6.574996e-06,3.249995e-06,6.779162e-06
0,714,107.703,0.572,5.933332e-06,5.999994e-06,6.537493e-06,6.083329e-06,6.6662e-08,5.849997e-06,6.6662e-08,4.991658e-06,5.537494e-06,6.824994e-06,7.091665e-06,6.004159e-06,6.01666e-06,6.620828e-06,3.274997e-06,6.824994e-06
0,715,107.854,0.57,5.979165e-06,6.054163e-06,6.595826e-06,6.137498e-06,6.2497e-08,5.904166e-06,6.6662e-08,5.049992e-06,5.599999e-06,6.8875e-06,7.158327e-06,6.062492e-06,6.083329e-06,6.695827e-06,3.316665e-06,6.899993e-06
0,716,108.004,0.568,6.029161e-06,6.099995e-06,6.637494e-06,6.18333e-06,6.2497e-08,5.945826e-06,6.2497e-08,5.087495e-06,5.637495e-06,6.933331e-06,7.199995e-06,6.104159e-06,6.133326e-06,6.745831e-06,3.341659e-06,6.945832e-06
0,717,108.155,0.566,6.074993e-06,6.154164e-06,6.691662e-06,6.241663e-06,6.2497e-08,6.004159e-06,6.2497e-08,5.145828e-06,5.699992e-06,6.995829e-06,7.262492e-06,6.162492e-06,6.199996e-06,6.812493e-06,3.383326e-06,7.012494e-06
0,718,108.306,0.564,6.124997e-06,6.199996e-06,6.737494e-06,6.283331e-06,6.2497e-08,6.045826e-06,6.2497e-08,5.187495e-06,5.737495e-06,7.037497e-06,7.30416e-06,6.20416e-06,6.245828e-06,6.862497e-06,3.404164e-06,7.058326e-06
0,719,108.457,0.562,6.166665e-06,6.249992e-06,6.791663e-06,6.341664e-06,6.2497e-08,6.108331e-06,6.2497e-08,5.241664e-06,5.804165e-06,7.104159e-06,7.37083e-06,6.262493e-06,6.308325e-06,6.933331e-06,3.445832e-06,7.129161e-06
0,720,108.608,0.56,6.216661e-06,6.299997e-06,6.833331e-06,6.379159e-06,6.2497e-08,6.149999e-06,6.2497e-08,5.27916e-06,5.84166e-06,7.141662e-06,7.412497e-06,6.299997e-06,6.354165e-06,6.983328e-06,3.470826e-06,7.174993e-06
0,721,108.759,0.558,6.262493e-06,6.358329e-06,6.8875e-06,6.441664e-06,5.8325e-08,6.208332e-06,6.2497e-08,5.337492e-06,5.904166e-06,7.204159e-06,7.483332e-06,6.362494e-06,6.429163e-06,7.054162e-06,3.508329e-06,7.249999e-06
0,722,108.909,0.556,6.308325e-06,6.404161e-06,6.937496e-06,6.487497e-06,6.2497e-08,6.254164e-06,6.6662e-08,5.37916e-06,5.949998e-06,7.249999e-06,7.524999e-06,6.404161e-06,6.470831e-06,7.099994e-06,3.54166e-06,7.295831e-06
0,723,109.06,0.554,6.358329e-06,6.462495e-06,6.987492e-06,6.549994e-06,5.8325e-08,6.312498e-06,6.2497e-08,5.437493e-06,6.012495e-06,7.312497e-06,7.591661e-06,6.462495e-06,6.541665e-06,7.174993e-06,3.579164e-06,7.366665e-06
0,724,109.211,0.552,6.408326e-06,6.504162e-06,7.033332e-06,6.587497e-06,6.2497e-08,6.358329e-06,6.2497e-08,5.479161e-06,6.054163e-06,7.354164e-06,7.633328e-06,6.504162e-06,6.583325e-06,7.220833e-06,3.604166e-06,7.408333e-06
0,725,109.362,0.55,6.454166e-06,6.562495e-06,7.091665e-06,6.649995e-06,5.8325e-08,6.412498e-06,6.2497e-08,5.53333e-06,6.120833e-06,7.416661e-06,7.699999e-06,6.56666e-06,6.654159e-06,7.291659e-06,3.645825e-06,7.479159e-06
0,726,109.513,0.548,6.495825e-06,6.608327e-06,7.129161e-06,6.687498e-06,5.8325e-08,6.45833e-06,6.2497e-08,5.566661e-06,6.154164e-06,7.458329e-06,7.737493e-06,6.604163e-06,6.695827e-06,7.337499e-06,3.670827e-06,7.524999e-06
0,727,109.664,0.546,6.54583e-06,6.662496e-06,7.183329e-06,6.745831e-06,5.8325e-08,6.516663e-06,5.8325e-08,5.63333e-06,6.220826e-06,7.520827e-06,7.804163e-06,6.66666e-06,6.762496e-06,7.408333e-06,3.71666e-06,7.595825e-06
0,728,109.814,0.544,6.595826e-06,6.712492e-06,7.229161e-06,6.791663e-06,6.2497e-08,6.562495e-06,6.2497e-08,5.674998e-06,6.262493e-06,7.566658e-06,7.849995e-06,6.704164e-06,6.812493e-06,7.454165e-06,3.741662e-06,7.637493e-06
0,729,109.965,0.542,6.637494e-06,6.770825e-06,7.279165e-06,6.849996e-06,5.8325e-08,6.616664e-06,5.8325e-08,5.729159e-06,6.324999e-06,7.624992e-06,7.916665e-06,6.766661e-06,6.883327e-06,7.524999e-06,3.783329e-06,7.7125e-06
0,730,110.116,0.54,6.687498e-06,6.812493e-06,7.324998e-06,6.8875e-06,5.8325e-08,6.662496e-06,6.2497e-08,5.766662e-06,6.362494e-06,7.666659e-06,7.954161e-06,6.799992e-06,6.916666e-06,7.566658e-06,3.808331e-06,7.754159e-06
0,731,110.267,0.538,6.73333e-06,6.862497e-06,7.374994e-06,6.945832e-06,5.8325e-08,6.720829e-06,5.8325e-08,5.824995e-06,6.429163e-06,7.724992e-06,8.024995e-06,6.862497e-06,6.987492e-06,7.641665e-06,3.849999e-06,7.824993e-06
0,732,110.418,0.536,6.779162e-06,6.908329e-06,7.420826e-06,6.991665e-06,5.8325e-08,6.762496e-06,6.2497e-08,5.862498e-06,6.470831e-06,7.76666e-06,8.062498e-06,6.899993e-06,7.024995e-06,7.683333e-06,3.879165e-06,7.866661e-06
0,733,110.569,0.534,6.812493e-06,6.945832e-06,7.454165e-06,7.024995e-06,5.4161e-08,6.804164e-06,5.8325e-08,5.899994e-06,6.508326e-06,7.804163e-06,8.099993e-06,6.94166e-06,7.070827e-06,7.724992e-06,3.899996e-06,7.908328e-06
0,734,110.72,0.532,6.854161e-06,6.999993e-06,7.504161e-06,7.083328e-06,5.4161e-08,6.858325e-06,5.8325e-08,5.958327e-06,6.574996e-06,7.862496e-06,8.166663e-06,6.999993e-06,7.141662e-06,7.799999e-06,3.941663e-06,7.979163e-06
0,735,110.87,0.53,6.904165e-06,7.045825e-06,7.549993e-06,7.124996e-06,5.8325e-08,6.904165e-06,5.8325e-08,5.99583e-06,6.612492e-06,7.908328e-06,8.212495e-06,7.041661e-06,7.183329e-06,7.845831e-06,3.97083e-06,8.02083e-06
0,736,111.021,0.528,6.949997e-06,7.104159e-06,7.604162e-06,7.183329e-06,5.8325e-08,6.962498e-06,5.8325e-08,6.058327e-06,6.679161e-06,7.970826e-06,8.274992e-06,7.099994e-06,7.249999e-06,7.912493e-06,4.012497e-06,8.087492e-06
0,737,111.172,0.526,6.995829e-06,7.149999e-06,7.645829e-06,7.224997e-06,5.8325e-08,7.004166e-06,5.8325e-08,6.09583e-06,6.720829e-06,8.008329e-06,8.31666e-06,7.141662e-06,7.291659e-06,7.962497e-06,4.041664e-06,8.133332e-06
0,738,111.323,0.524,7.037497e-06,7.204159e-06,7.699999e-06,7.28333e-06,5.8325e-08,7.062499e-06,5.8325e-08,6.154164e-06,6.783327e-06,8.070827e-06,8.379166e-06,7.204159e-06,7.354164e-06,8.024995e-06,4.083332e-06,8.199993e-06
0,739,111.474,0.522,7.087493e-06,7.245827e-06,7.741666e-06,7.324998e-06,5.4161e-08,7.104159e-06,5.8325e-08,6.191659e-06,6.82083e-06,8.104165e-06,8.420833e-06,7.241662e-06,7.40416e-06,8.070827e-06,4.104161e-06,8.245825e-06
0,740,111.625,0.52,7.133333e-06,7.30416e-06,7.795827e-06,7.383331e-06,5.4161e-08,7.1625e-06,6.2497e-08,6.249992e-06,6.883327e-06,8.166663e-06,8.48333e-06,7.299996e-06,7.462494e-06,8.137496e-06,4.149993e-06,8.312496e-06
0,741,111.775,0.518,7.179165e-06,7.349992e-06,7.837494e-06,7.424998e-06,5.4161e-08,7.204159e-06,5.8325e-08,6.29166e-06,6.924995e-06,8.208331e-06,8.524998e-06,7.341663e-06,7.508326e-06,8.183329e-06,4.174995e-06,8.354164e-06
0,742,111.926,0.516,7.220833e-06,7.40416e-06,7.891663e-06,7.479159e-06,5.4161e-08,7.262492e-06,5.8325e-08,6.345828e-06,6.987492e-06,8.270827e-06,8.583331e-06,7.399996e-06,7.570831e-06,8.249998e-06,4.216663e-06,8.420833e-06
0,743,112.077,0.514,7.270829e-06,7.449993e-06,7.93333e-06,7.520827e-06,5.8325e-08,7.299996e-06,5.8325e-08,6.383332e-06,7.024995e-06,8.308331e-06,8.624998e-06,7.441664e-06,7.612498e-06,8.291666e-06,4.24583e-06,8.466665e-06
0,744,112.228,0.512,7.312497e-06,7.499997e-06,7.983327e-06,7.574995e-06,5.8325e-08,7.354164e-06,5.8325e-08,6.437492e-06,7.087493e-06,8.366665e-06,8.687496e-06,7.495833e-06,7.670832e-06,8.354164e-06,4.287497e-06,8.529162e-06
0,745,112.379,0.51,7.358328e-06,7.549993e-06,8.024995e-06,7.616663e-06,5.8325e-08,7.395832e-06,5.4161e-08,6.47916e-06,7.129161e-06,8.408332e-06,8.724999e-06,7.533328e-06,7.716663e-06,8.399995e-06,4.312499e-06,8.566665e-06
0,746,112.53,0.508,7.40416e-06,7.595825e-06,8.074999e-06,7.674996e-06,5.8325e-08,7.449993e-06,5.8325e-08,6.533329e-06,7.187494e-06,8.462493e-06,8.787497e-06,7.595825e-06,7.774996e-06,8.466665e-06,4.349994e-06,8.633328e-06
0,747,112.681,0.506,7.445828e-06,7.641665e-06,8.116658e-06,7.7125e-06,5.4161e-08,7.49166e-06,5.8325e-08,6.570832e-06,7.224997e-06,8.50416e-06,8.820828e-06,7.633328e-06,7.820829e-06,8.50416e-06,4.379161e-06,8.674995e-06
0,748,112.831,0.504,7.49166e-06,7.687497e-06,8.166663e-06,7.76666e-06,5.8325e-08,7.545829e-06,5.4161e-08,6.629165e-06,7.287495e-06,8.554164e-06,8.887498e-06,7.687497e-06,7.883326e-06,8.574994e-06,4.420829e-06,8.741665e-06
0,749,112.982,0.502,7.537492e-06,7.737493e-06,8.212495e-06,7.804163e-06,5.4161e-08,7.587496e-06,5.8325e-08,6.66666e-06,7.324998e-06,8.599996e-06,8.924992e-06,7.733329e-06,7.920829e-06,8.616662e-06,4.445831e-06,8.77916e-06
0,750,113.133,0.5,7.574995e-06,7.783326e-06,8.262499e-06,7.862496e-06,5.4161e-08,7.641665e-06,5.4161e-08,6.724993e-06,7.383331e-06,8.65833e-06,8.983326e-06,7.787497e-06,7.983327e-06,8.67916e-06,4.487499e-06,8.84583e-06
0,751,113.284,0.498,7.624992e-06,7.829165e-06,8.299994e-06,7.904164e-06,5.8325e-08,7.687497e-06,5.8325e-08,6.762496e-06,7.420826e-06,8.699997e-06,9.024993e-06,7.824993e-06,8.024995e-06,8.720827e-06,4.516665e-06,8.883325e-06
0,752,113.435,0.496,7.666659e-06,7.879162e-06,8.349999e-06,7.954161e-06,5.4161e-08,7.733329e-06,5.4161e-08,6.812493e-06,7.483332e-06,8.749994e-06,9.083326e-06,7.879162e-06,8.079163e-06,8.77916e-06,4.549996e-06,8.949995e-06
0,753,113.586,0.494,7.708327e-06,7.924994e-06,8.387494e-06,7.991664e-06,5.8325e-08,7.774996e-06,5.4161e-08,6.849996e-06,7.520827e-06,8.787497e-06,9.116666e-06,7.916665e-06,8.124995e-06,8.820828e-06,4.574998e-06,8.983326e-06
0,754,113.736,0.492,7.749994e-06,7.974998e-06,8.437499e-06,8.049997e-06,5.4161e-08,7.83333e-06,5.8325e-08,6.908329e-06,7.57916e-06,8.841665e-06,9.179163e-06,7.974998e-06,8.183329e-06,8.883325e-06,4.62083e-06,9.049996e-06
0,755,113.887,0.49,7.795827e-06,8.02083e-06,8.479166e-06,8.087492e-06,5.4161e-08,7.866661e-06,5.4161e-08,6.945832e-06,7.616663e-06,8.879161e-06,9.216667e-06,8.012494e-06,8.224996e-06,8.924992e-06,4.649997e-06,9.091664e-06
0,756,114.038,0.488,7.837494e-06,8.062498e-06,8.524998e-06,8.141661e-06,5.4161e-08,7.924994e-06,5.4161e-08,6.995829e-06,7.67916e-06,8.937494e-06,9.279163e-06,8.066662e-06,8.279165e-06,8.987498e-06,4.687492e-06,9.154161e-06
0,757,114.189,0.486,7.883326e-06,8.10833e-06,8.566665e-06,8.183329e-06,5.4161e-08,7.958332e-06,5.4161e-08,7.037497e-06,7.720828e-06,8.974997e-06,9.316659e-06,8.104165e-06,8.31666e-06,9.024993e-06,4.70833e-06,9.187492e-06
0,758,114.34,0.484,7.920829e-06,8.154162e-06,8.612497e-06,8.233333e-06,5.4161e-08,8.016666e-06,5.8325e-08,7.091665e-06,7.774996e-06,9.029166e-06,9.370828e-06,8.162498e-06,8.379166e-06,9.087499e-06,4.754162e-06,9.249997e-06
0,759,114.491,0.482,7.962497e-06,8.19583e-06,8.65833e-06,8.274992e-06,5.4161e-08,8.054161e-06,5.4161e-08,7.124996e-06,7.812492e-06,9.066661e-06,9.404159e-06,8.19583e-06,8.412496e-06,9.124994e-06,4.774992e-06,9.291664e-06
0,760,114.642,0.48,7.995828e-06,8.233333e-06,8.687496e-06,8.308331e-06,5.4161e-08,8.087492e-06,5.4161e-08,7.1625e-06,7.849995e-06,9.099992e-06,9.441662e-06,8.241662e-06,8.45e-06,9.166662e-06,4.804158e-06,9.32916e-06
0,761,114.792,0.478,8.037496e-06,8.279165e-06,8.733328e-06,8.354164e-06,4.9996e-08,8.137496e-06,5.4161e-08,7.212496e-06,7.899992e-06,9.149996e-06,9.49583e-06,8.287493e-06,8.512497e-06,9.229159e-06,4.841661e-06,9.391665e-06
0,762,114.943,0.476,8.083328e-06,8.329161e-06,8.77916e-06,8.395831e-06,5.4161e-08,8.179164e-06,5.4161e-08,7.254163e-06,7.945831e-06,9.191665e-06,9.537498e-06,8.329161e-06,8.554164e-06,9.270827e-06,4.866663e-06,9.429161e-06
0,763,115.094,0.474,8.12916e-06,8.374993e-06,8.829164e-06,8.45e-06,4.9996e-08,8.233333e-06,5.4161e-08,7.308332e-06,7.999993e-06,9.245833e-06,9.591659e-06,8.383329e-06,8.608326e-06,9.324996e-06,4.904159e-06,9.487494e-06
0,764,115.245,0.472,8.170828e-06,8.41666e-06,8.86666e-06,8.491659e-06,5.4161e-08,8.266664e-06,4.9996e-08,7.345827e-06,8.037496e-06,9.279163e-06,9.624998e-06,8.41666e-06,8.641664e-06,9.366663e-06,4.933325e-06,9.520832e-06
0,765,115.396,0.47,8.208331e-06,8.466665e-06,8.912491e-06,8.5375e-06,5.4161e-08,8.31666e-06,5.4161e-08,7.399996e-06,8.095829e-06,9.32916e-06,9.683331e-06,8.470829e-06,8.699997e-06,9.424996e-06,4.966664e-06,9.579166e-06
0,766,115.547,0.468,8.249998e-06,8.50416e-06,8.954159e-06,8.579159e-06,4.9996e-08,8.358327e-06,5.4161e-08,7.433327e-06,8.12916e-06,9.366663e-06,9.720826e-06,8.508333e-06,8.741665e-06,9.462499e-06,4.999995e-06,9.620825e-06
0,767,115.697,0.466,8.29583e-06,8.554164e-06,8.999999e-06,8.629163e-06,4.9996e-08,8.408332e-06,4.5832e-08,7.483332e-06,8.187492e-06,9.420832e-06,9.770831e-06,8.562493e-06,8.795826e-06,9.520832e-06,5.037498e-06,9.674995e-06
0,768,115.848,0.464,8.333325e-06,8.595832e-06,9.037494e-06,8.670831e-06,4.9996e-08,8.45e-06,5.4161e-08,7.520827e-06,8.220832e-06,9.458327e-06,9.808326e-06,8.599996e-06,8.829164e-06,9.558328e-06,5.062493e-06,9.716662e-06
0,769,115.999,0.462,8.370828e-06,8.645829e-06,9.087499e-06,8.716663e-06,4.9996e-08,8.495832e-06,4.9996e-08,7.57916e-06,8.279165e-06,9.508331e-06,9.866659e-06,8.654165e-06,8.891662e-06,9.616661e-06,5.099996e-06,9.779159e-06
0,770,116.15,0.46,8.41666e-06,8.687496e-06,9.124994e-06,8.75833e-06,4.9996e-08,8.5375e-06,4.9996e-08,7.612498e-06,8.320832e-06,9.545827e-06,9.899998e-06,8.691661e-06,8.924992e-06,9.654164e-06,5.129163e-06,9.812498e-06
0,771,116.301,0.458,8.462493e-06,8.737493e-06,9.174999e-06,8.812499e-06,4.9996e-08,8.587495e-06,5.4161e-08,7.662495e-06,8.370828e-06,9.599996e-06,9.954158e-06,8.741665e-06,8.983326e-06,9.716662e-06,5.17083e-06,9.874995e-06
0,772,116.452,0.456,8.499996e-06,8.774996e-06,9.212494e-06,8.849995e-06,4.9996e-08,8.629163e-06,5.8325e-08,7.699999e-06,8.412496e-06,9.633327e-06,9.987497e-06,8.783332e-06,9.02083e-06,9.754165e-06,5.195832e-06,9.908326e-06
0,773,116.602,0.454,8.541663e-06,8.824993e-06,9.262498e-06,8.899999e-06,4.9996e-08,8.674995e-06,4.9996e-08,7.754159e-06,8.466665e-06,9.687496e-06,1.0041666e-05,8.833329e-06,9.074998e-06,9.812498e-06,5.233328e-06,9.966659e-06
0,774,116.753,0.452,8.587495e-06,8.86666e-06,9.304166e-06,8.937494e-06,5.4161e-08,8.716663e-06,5.4161e-08,7.787497e-06,8.50416e-06,9.720826e-06,1.0079161e-05,8.870832e-06,9.108328e-06,9.849993e-06,5.25833e-06,1.0004163e-05
0,775,116.904,0.45,8.624998e-06,8.912491e-06,9.345826e-06,8.987498e-06,4.9996e-08,8.762495e-06,5.4161e-08,7.841659e-06,8.558329e-06,9.770831e-06,1.013333e-05,8.924992e-06,9.162498e-06,9.899998e-06,5.295825e-06,1.0058331e-05
0,776,117.055,0.448,8.666659e-06,8.954159e-06,9.387493e-06,9.024993e-06,5.4161e-08,8.804162e-06,5.4161e-08,7.879162e-06,8.59166e-06,9.804161e-06,1.0166661e-05,8.958332e-06,9.195828e-06,9.941666e-06,5.320827e-06,1.0095827e-05
0,777,117.206,0.446,8.704162e-06,8.995827e-06,9.429161e-06,9.070825e-06,4.9996e-08,8.849995e-06,5.4161e-08,7.924994e-06,8.645829e-06,9.854166e-06,1.0216665e-05,9.012492e-06,9.249997e-06,9.995826e-06,5.35833e-06,1.015416e-05
0,778,117.357,0.444,8.745829e-06,9.041659e-06,9.466664e-06,9.112493e-06,4.9996e-08,8.887498e-06,5.4161e-08,7.962497e-06,8.67916e-06,9.887497e-06,1.0245832e-05,9.041659e-06,9.287493e-06,1.0029165e-05,5.37916e-06,1.0187498e-05
0,779,117.508,0.442,8.783332e-06,9.079162e-06,9.516661e-06,9.158325e-06,4.9996e-08,8.93333e-06,5.4161e-08,8.012494e-06,8.737493e-06,9.941666e-06,1.0304165e-05,9.095827e-06,9.337497e-06,1.0087498e-05,5.420828e-06,1.0245832e-05
0,780,117.658,0.44,8.824993e-06,9.124994e-06,9.549999e-06,9.195828e-06,4.9996e-08,8.974997e-06,4.9996e-08,8.049997e-06,8.774996e-06,9.974996e-06,1.0337496e-05,9.129159e-06,9.374992e-06,1.0120829e-05,5.44583e-06,1.0279163e-05
0,781,117.809,0.438,8.86666e-06,9.170826e-06,9.595831e-06,9.249997e-06,4.9996e-08,9.024993e-06,5.4161e-08,8.099993e-06,8.824993e-06,1.0024993e-05,1.0387492e-05,9.179163e-06,9.429161e-06,1.0179162e-05,5.483325e-06,1.0341661e-05
0,782,117.96,0.436,8.908328e-06,9.212494e-06,9.633327e-06,9.287493e-06,4.9996e-08,9.058333e-06,5.4161e-08,8.137496e-06,8.862496e-06,1.0058331e-05,1.0420831e-05,9.216667e-06,9.466664e-06,1.0212493e-05,5.508327e-06,1.0370827e-05
0,783,118.111,0.434,8.941666e-06,9.254161e-06,9.679158e-06,9.32916e-06,4.9996e-08,9.108328e-06,5.4161e-08,8.183329e-06,8.912491e-06,1.0104163e-05,1.0470828e-05,9.266662e-06,9.512496e-06,1.0266662e-05,5.541659e-06,1.0424996e-05
0,784,118.262,0.432,8.983326e-06,9.291664e-06,9.716662e-06,9.366663e-06,4.9996e-08,9.14166e-06,5.4161e-08,8.220832e-06,8.945831e-06,1.0141659e-05,1.0504166e-05,9.304166e-06,9.549999e-06,1.0304165e-05,5.574997e-06,1.0462499e-05
0,785,118.413,0.43,9.024993e-06,9.337497e-06,9.766666e-06,9.41666e-06,4.9996e-08,9.187492e-06,4.9996e-08,8.266664e-06,8.999999e-06,1.0191663e-05,1.0554163e-05,9.354162e-06,9.599996e-06,1.0354162e-05,5.612493e-06,1.0512495e-05
0,786,118.563,0.428,9.066661e-06,9.379164e-06,9.804161e-06,9.454163e-06,5.4161e-08,9.229159e-06,5.4161e-08,8.304159e-06,9.037494e-06,1.0224994e-05,1.0587493e-05,9.387493e-06,9.633327e-06,1.0391665e-05,5.637495e-06,1.0554163e-05
0,787,118.714,0.426,9.104165e-06,9.424996e-06,9.845829e-06,9.499995e-06,4.9996e-08,9.275e-06,5.4161e-08,8.354164e-06,9.091664e-06,1.0274998e-05,1.0637498e-05,9.437497e-06,9.687496e-06,1.0445825e-05,5.674998e-06,1.0604159e-05
0,788,118.865,0.424,9.14166e-06,9.462499e-06,9.883332e-06,9.537498e-06,4.9996e-08,9.312495e-06,5.4161e-08,8.391658e-06,9.12083e-06,1.0312494e-05,1.0670828e-05,9.474993e-06,9.720826e-06,1.0479164e-05,5.695828e-06,1.0637498e-05
0,789,119.016,0.422,9.174999e-06,9.49583e-06,9.920827e-06,9.570829e-06,5.4161e-08,9.349998e-06,5.4161e-08,8.420833e-06,9.154161e-06,1.0341661e-05,1.070416e-05,9.508331e-06,9.75833e-06,1.0516659e-05,5.724994e-06,1.0670828e-05
0,790,119.167,0.42,9.208329e-06,9.537498e-06,9.95833e-06,9.612497e-06,4.9996e-08,9.391665e-06,5.4161e-08,8.466665e-06,9.204166e-06,1.0387492e-05,1.075e-05,9.558328e-06,9.808326e-06,1.0570828e-05,5.758325e-06,1.0724997e-05
0,791,119.318,0.418,9.254161e-06,9.579166e-06,9.995826e-06,9.654164e-06,5.4161e-08,9.429161e-06,5.4161e-08,8.50416e-06,9.245833e-06,1.0420831e-05,1.0787495e-05,9.591659e-06,9.841665e-06,1.0604159e-05,5.787492e-06,1.0766666e-05
0,792,119.469,0.416,9.287493e-06,9.624998e-06,1.004583e-05,9.699997e-06,4.9996e-08,9.474993e-06,4.9996e-08,8.554164e-06,9.291664e-06,1.0470828e-05,1.0833327e-05,9.637499e-06,9.891661e-06,1.0654163e-05,5.824995e-06,1.0816661e-05
0,793,119.619,0.414,9.333332e-06,9.658329e-06,1.0079161e-05,9.733327e-06,4.9996e-08,9.508331e-06,5.4161e-08,8.587495e-06,9.324996e-06,1.0499994e-05,1.0862494e-05,9.67083e-06,9.929165e-06,1.0687494e-05,5.84166e-06,1.0849993e-05
0,794,119.77,0.412,9.366663e-06,9.699997e-06,1.0120829e-05,9.783332e-06,4.9996e-08,9.558328e-06,4.9996e-08,8.637492e-06,9.379164e-06,1.0549998e-05,1.0912498e-05,9.720826e-06,9.974996e-06,1.0741663e-05,5.883328e-06,1.0899997e-05
0,795,119.921,0.41,9.408331e-06,9.7375e-06,1.015416e-05,9.816663e-06,4.9996e-08,9.591659e-06,5.4161e-08,8.666659e-06,9.412495e-06,1.058333e-05,1.0945829e-05,9.754165e-06,1.0008327e-05,1.0770829e-05,5.90833e-06,1.0937492e-05
0,796,120.072,0.408,9.445826e-06,9.787496e-06,1.0199992e-05,9.866659e-06,4.9996e-08,9.637499e-06,4.9996e-08,8.720827e-06,9.462499e-06,1.0624997e-05,1.0991661e-05,9.804161e-06,1.0058331e-05,1.0824998e-05,5.949998e-06,1.0987496e-05
0,797,120.223,0.406,9.483329e-06,9.820827e-06,1.0233331e-05,9.899998e-06,4.5832e-08,9.67083e-06,4.9996e-08,8.749994e-06,9.49583e-06,1.0654163e-05,1.1020828e-05,9.837492e-06,1.0087498e-05,1.0858329e-05,5.970828e-06,1.1020828e-05
0,798,120.374,0.404,9.516661e-06,9.862494e-06,1.0279163e-05,9.941666e-06,4.9996e-08,9.716662e-06,4.9996e-08,8.795826e-06,9.541663e-06,1.070416e-05,1.1070832e-05,9.87916e-06,1.0137494e-05,1.0908326e-05,5.999994e-06,1.1070832e-05
0,799,120.524,0.402,9.558328e-06,9.904162e-06,1.0312494e-05,9.983333e-06,4.9996e-08,9.745829e-06,5.4161e-08,8.829164e-06,9.574994e-06,1.0733326e-05,1.1099998e-05,9.908326e-06,1.0170826e-05,1.0937492e-05,6.029161e-06,1.1104163e-05
0,800,120.675,0.4,9.595831e-06,9.945829e-06,1.0354162e-05,1.0020828e-05,4.5832e-08,9.79166e-06,4.9996e-08,8.879161e-06,9.624998e-06,1.0779167e-05,1.1149995e-05,9.962495e-06,1.0216665e-05,1.0987496e-05,6.062492e-06,1.1149995e-05
0,801,120.826,0.398,9.633327e-06,9.983333e-06,1.0395829e-05,1.0058331e-05,4.5832e-08,9.824999e-06,4.9996e-08,8.908328e-06,9.654164e-06,1.0812497e-05,1.1179161e-05,9.995826e-06,1.0245832e-05,1.1020828e-05,6.091658e-06,1.1187498e-05
0,802,120.977,0.396,9.67083e-06,1.0020828e-05,1.0433332e-05,1.0108328e-05,4.5832e-08,9.870831e-06,4.5832e-08,8.954159e-06,9.704161e-06,1.0854164e-05,1.1229165e-05,1.004583e-05,1.0304165e-05,1.1074996e-05,6.124997e-06,1.1237494e-05
0,803,121.128,0.394,9.712498e-06,1.0062496e-05,1.0470828e-05,1.0141659e-05,4.9996e-08,9.908326e-06,4.9996e-08,8.991663e-06,9.741664e-06,1.0887496e-05,1.1254159e-05,1.0074997e-05,1.0333331e-05,1.1108327e-05,6.149999e-06,1.1279162e-05
0,804,121.279,0.392,9.749992e-06,1.0104163e-05,1.0516659e-05,1.0187498e-05,4.5832e-08,9.954158e-06,4.9996e-08,9.037494e-06,9.787496e-06,1.0937492e-05,1.1304164e-05,1.0129165e-05,1.0383328e-05,1.1158331e-05,6.187495e-06,1.1324993e-05
0,805,121.43,0.39,9.787496e-06,1.0145831e-05,1.0554163e-05,1.022083e-05,4.5832e-08,9.987497e-06,4.9996e-08,9.070825e-06,9.816663e-06,1.0966659e-05,1.1329166e-05,1.0158332e-05,1.0416658e-05,1.1187498e-05,6.212497e-06,1.135416e-05
0,806,121.58,0.388,9.820827e-06,1.0183327e-05,1.0591666e-05,1.0266662e-05,4.5832e-08,1.0033329e-05,5.4161e-08,9.116666e-06,9.870831e-06,1.1012498e-05,1.1379162e-05,1.0204164e-05,1.0462499e-05,1.1241658e-05,6.245828e-06,1.1408329e-05
0,807,121.731,0.386,9.866659e-06,1.022083e-05,1.0629161e-05,1.0299993e-05,5.4161e-08,1.006666e-05,4.9996e-08,9.154161e-06,9.899998e-06,1.104583e-05,1.1408329e-05,1.0233331e-05,1.0491665e-05,1.1270833e-05,6.27083e-06,1.144166e-05
0,808,121.882,0.384,9.899998e-06,1.0262497e-05,1.0670828e-05,1.0345832e-05,5.4161e-08,1.0108328e-05,4.9996e-08,9.191665e-06,9.945829e-06,1.1087497e-05,1.1454161e-05,1.0283327e-05,1.0541661e-05,1.132083e-05,6.308325e-06,1.1491664e-05
0,809,122.033,0.382,9.937493e-06,1.0299993e-05,1.070416e-05,1.0379164e-05,4.5832e-08,1.0145831e-05,4.9996e-08,9.237496e-06,9.97916e-06,1.1116664e-05,1.1479163e-05,1.0316666e-05,1.0570828e-05,1.135416e-05,6.329163e-06,1.1516667e-05
0,810,122.184,0.38,9.974996e-06,1.0341661e-05,1.0745827e-05,1.0420831e-05,4.5832e-08,1.0187498e-05,4.5832e-08,9.275e-06,1.0024993e-05,1.1162496e-05,1.1524995e-05,1.0358325e-05,1.0620833e-05,1.1399992e-05,6.366666e-06,1.1570827e-05
0,811,122.335,0.378,1.00125e-05,1.0374999e-05,1.078333e-05,1.0458326e-05,4.9996e-08,1.022083e-05,4.9996e-08,9.312495e-06,1.0058331e-05,1.1191662e-05,1.1558326e-05,1.0391665e-05,1.0649999e-05,1.1424994e-05,6.387496e-06,1.1599994e-05
0,812,122.485,0.376,1.004583e-05,1.0412495e-05,1.0820826e-05,1.049583e-05,4.9996e-08,1.0262497e-05,4.9996e-08,9.354162e-06,1.0099999e-05,1.1237494e-05,1.1599994e-05,1.0433332e-05,1.0695831e-05,1.1474999e-05,6.420827e-06,1.1645826e-05
0,813,122.636,0.374,1.0083326e-05,1.0449998e-05,1.0854164e-05,1.0533333e-05,4.9996e-08,1.0295828e-05,4.9996e-08,9.383329e-06,1.013333e-05,1.126666e-05,1.162916e-05,1.0466663e-05,1.0724997e-05,1.1504166e-05,6.449994e-06,1.1679164e-05
0,814,122.787,0.372,1.0120829e-05,1.0491665e-05,1.0895832e-05,1.0574992e-05,4.5832e-08,1.0341661e-05,4.9996e-08,9.429161e-06,1.0179162e-05,1.1312492e-05,1.1670828e-05,1.0512495e-05,1.0770829e-05,1.1554162e-05,6.483333e-06,1.1729161e-05
0,815,122.938,0.37,1.0158332e-05,1.052916e-05,1.0933328e-05,1.0608332e-05,4.5832e-08,1.0374999e-05,4.9996e-08,9.462499e-06,1.0212493e-05,1.1341659e-05,1.1699995e-05,1.0537497e-05,1.080416e-05,1.1583328e-05,6.504162e-06,1.1758328e-05
0,816,123.089,0.368,1.0183327e-05,1.0554163e-05,1.095833e-05,1.0637498e-05,4.5832e-08,1.0395829e-05,4.9996e-08,9.491666e-06,1.024166e-05,1.1370826e-05,1.1729161e-05,1.0570828e-05,1.0829162e-05,1.1612495e-05,6.529164e-06,1.1791666e-05
0,817,123.24,0.366,1.0216665e-05,1.0595831e-05,1.0999997e-05,1.0679166e-05,4.5832e-08,1.0445825e-05,4.5832e-08,9.533326e-06,1.0287499e-05,1.1408329e-05,1.1774993e-05,1.0620833e-05,1.0874995e-05,1.1658327e-05,6.562495e-06,1.1837498e-05
0,818,123.39,0.364,1.0249996e-05,1.0633325e-05,1.1033329e-05,1.0716661e-05,4.5832e-08,1.0474992e-05,4.5832e-08,9.566665e-06,1.032083e-05,1.1437495e-05,1.1799995e-05,1.0645826e-05,1.0904161e-05,1.1691665e-05,6.583325e-06,1.1866665e-05
0,819,123.541,0.362,1.0287499e-05,1.0670828e-05,1.1074996e-05,1.0754164e-05,4.166e-08,1.0516659e-05,4.5832e-08,9.612497e-06,1.0362498e-05,1.1483327e-05,1.1845827e-05,1.0687494e-05,1.0949993e-05,1.1737498e-05,6.620828e-06,1.1916662e-05
0,820,123.692,0.36,1.0324995e-05,1.0708332e-05,1.1108327e-05,1.0787495e-05,4.5832e-08,1.0549998e-05,5.4161e-08,9.645828e-06,1.0395829e-05,1.1512494e-05,1.1874994e-05,1.0716661e-05,1.0983332e-05,1.1766664e-05,6.645831e-06,1.1949992e-05
0,821,123.843,0.358,1.0362498e-05,1.0741663e-05,1.114583e-05,1.0829162e-05,4.5832e-08,1.0591666e-05,4.9996e-08,9.691659e-06,1.0441661e-05,1.1554162e-05,1.1912497e-05,1.0766666e-05,1.1024999e-05,1.1812496e-05,6.679161e-06,1.1995832e-05
0,822,123.994,0.356,1.0395829e-05,1.078333e-05,1.1183325e-05,1.0866665e-05,4.5832e-08,1.0624997e-05,4.9996e-08,9.720826e-06,1.0470828e-05,1.1583328e-05,1.1941664e-05,1.0795831e-05,1.1058331e-05,1.1841663e-05,6.708328e-06,1.2029163e-05
0,823,124.145,0.354,1.0433332e-05,1.0820826e-05,1.1224993e-05,1.0908326e-05,4.5832e-08,1.0662492e-05,5.4161e-08,9.762493e-06,1.0520832e-05,1.1624996e-05,1.1983331e-05,1.0841663e-05,1.1104163e-05,1.1891659e-05,6.737494e-06,1.2070831e-05
0,824,124.296,0.352,1.0466663e-05,1.0854164e-05,1.1258332e-05,1.0937492e-05,4.5832e-08,1.0699995e-05,4.9996e-08,9.799997e-06,1.0554163e-05,1.1658327e-05,1.2012498e-05,1.087083e-05,1.1133329e-05,1.1920825e-05,6.762496e-06,1.2108326e-05
0,825,124.446,0.35,1.0504166e-05,1.0895832e-05,1.13e-05,1.0983332e-05,4.5832e-08,1.0737499e-05,4.9996e-08,9.841665e-06,1.0595831e-05,1.1699995e-05,1.2054165e-05,1.0916662e-05,1.1174997e-05,1.197083e-05,6.795828e-06,1.2149993e-05
0,826,124.597,0.348,1.0545826e-05,1.0929163e-05,1.1333331e-05,1.1016663e-05,4.9996e-08,1.0774994e-05,4.5832e-08,9.874995e-06,1.0620833e-05,1.1729161e-05,1.2083332e-05,1.0945829e-05,1.1204163e-05,1.1999997e-05,6.816666e-06,1.217916e-05
0,827,124.748,0.346,1.0574992e-05,1.0966659e-05,1.1370826e-05,1.1058331e-05,4.166e-08,1.0816661e-05,4.5832e-08,9.916663e-06,1.0670828e-05,1.1770829e-05,1.2125e-05,1.0991661e-05,1.1245831e-05,1.2041664e-05,6.854161e-06,1.2229165e-05
0,828,124.899,0.344,1.0612495e-05,1.1008327e-05,1.1408329e-05,1.1091662e-05,4.9996e-08,1.0849993e-05,4.9996e-08,9.949994e-06,1.0699995e-05,1.1799995e-05,1.2154166e-05,1.1020828e-05,1.1279162e-05,1.2074995e-05,6.879163e-06,1.2258331e-05
0,829,125.05,0.342,1.0645826e-05,1.1041665e-05,1.144166e-05,1.1129165e-05,4.5832e-08,1.0887496e-05,4.9996e-08,9.987497e-06,1.0741663e-05,1.1841663e-05,1.2195826e-05,1.1062495e-05,1.132083e-05,1.2116662e-05,6.908329e-06,1.2299998e-05
0,830,125.201,0.34,1.0679166e-05,1.1074996e-05,1.1474999e-05,1.1162496e-05,4.5832e-08,1.0920827e-05,4.5832e-08,1.0020828e-05,1.0770829e-05,1.1870829e-05,1.2220828e-05,1.1091662e-05,1.1349996e-05,1.2145829e-05,6.933331e-06,1.2333329e-05
0,831,125.351,0.338,1.0716661e-05,1.1112499e-05,1.1516667e-05,1.1204163e-05,4.5832e-08,1.0962494e-05,5.4161e-08,1.0062496e-05,1.0820826e-05,1.1912497e-05,1.226666e-05,1.1137494e-05,1.1391664e-05,1.2191661e-05,6.966663e-06,1.2379161e-05
0,832,125.502,0.336,1.0754164e-05,1.1149995e-05,1.1549997e-05,1.123333e-05,4.5832e-08,1.0991661e-05,4.9996e-08,1.0095827e-05,1.0845828e-05,1.1941664e-05,1.2287497e-05,1.116666e-05,1.1424994e-05,1.2216663e-05,6.991665e-06,1.2408328e-05
0,833,125.653,0.334,1.0787495e-05,1.1183325e-05,1.1587493e-05,1.1274998e-05,4.5832e-08,1.1029164e-05,4.9996e-08,1.013333e-05,1.0887496e-05,1.1979158e-05,1.2329165e-05,1.1204163e-05,1.1466662e-05,1.2262495e-05,7.020831e-06,1.2449996e-05
0,834,125.804,0.332,1.0820826e-05,1.1216664e-05,1.1616659e-05,1.1304164e-05,4.5832e-08,1.1062495e-05,5.4161e-08,1.0170826e-05,1.0916662e-05,1.200416e-05,1.2358331e-05,1.123333e-05,1.1491664e-05,1.2287497e-05,7.045825e-06,1.2479162e-05
0,835,125.955,0.33,1.0845828e-05,1.1258332e-05,1.1658327e-05,1.1345832e-05,4.5832e-08,1.1104163e-05,4.9996e-08,1.0212493e-05,1.095833e-05,1.2045829e-05,1.2399999e-05,1.1274998e-05,1.1537496e-05,1.2333329e-05,7.074992e-06,1.2524994e-05
0,836,126.106,0.328,1.0887496e-05,1.1291663e-05,1.1691665e-05,1.1374998e-05,4.9996e-08,1.1133329e-05,4.5832e-08,1.0237495e-05,1.0987496e-05,1.2074995e-05,1.2420829e-05,1.1304164e-05,1.1566663e-05,1.2362496e-05,7.099994e-06,1.2554161e-05
0,837,126.257,0.326,1.0916662e-05,1.1324993e-05,1.1729161e-05,1.1416666e-05,4.5832e-08,1.1174997e-05,4.5832e-08,1.0279163e-05,1.1029164e-05,1.2116662e-05,1.2462497e-05,1.1345832e-05,1.1612495e-05,1.2404163e-05,7.133333e-06,1.2595829e-05
0,838,126.407,0.324,1.0954165e-05,1.1362497e-05,1.1762492e-05,1.1449996e-05,4.5832e-08,1.1204163e-05,4.9996e-08,1.0312494e-05,1.1062495e-05,1.2141665e-05,1.2487499e-05,1.1374998e-05,1.1637497e-05,1.243333e-05,7.158327e-06,1.2624995e-05
0,839,126.558,0.322,1.0987496e-05,1.1399992e-05,1.1799995e-05,1.1491664e-05,4.166e-08,1.1241658e-05,4.5832e-08,1.0354162e-05,1.1099998e-05,1.2183333e-05,1.2529159e-05,1.1416666e-05,1.1679164e-05,1.2474998e-05,7.191666e-06,1.2666663e-05
0,840,126.709,0.32,1.1020828e-05,1.1433332e-05,1.1833326e-05,1.1524995e-05,4.5832e-08,1.1279162e-05,4.9996e-08,1.0379164e-05,1.1133329e-05,1.2208327e-05,1.2554161e-05,1.1445833e-05,1.1708331e-05,1.2504164e-05,7.212496e-06,1.2699993e-05
0,841,126.86,0.318,1.1058331e-05,1.1470826e-05,1.1866665e-05,1.1562498e-05,4.5832e-08,1.1312492e-05,4.9996e-08,1.0424996e-05,1.1174997e-05,1.2249994e-05,1.2595829e-05,1.1483327e-05,1.1749999e-05,1.2545832e-05,7.245827e-06,1.2741662e-05
0,842,127.011,0.316,1.1091662e-05,1.1504166e-05,1.1904161e-05,1.1591665e-05,4.5832e-08,1.1345832e-05,4.9996e-08,1.0454162e-05,1.1204163e-05,1.2274996e-05,1.2620831e-05,1.1512494e-05,1.1779165e-05,1.2579163e-05,7.266664e-06,1.2770827e-05
0,843,127.162,0.314,1.1120828e-05,1.1533331e-05,1.1933326e-05,1.1620831e-05,4.5832e-08,1.1374998e-05,5.4161e-08,1.0483329e-05,1.123333e-05,1.2304163e-05,1.2645833e-05,1.1541661e-05,1.180416e-05,1.2604165e-05,7.287495e-06,1.2799994e-05
0,844,127.312,0.312,1.1149995e-05,1.1566663e-05,1.1966666e-05,1.1658327e-05,4.5832e-08,1.1412493e-05,4.9996e-08,1.0524996e-05,1.1274998e-05,1.2341667e-05,1.2687492e-05,1.1583328e-05,1.1849999e-05,1.2645833e-05,7.320825e-06,1.2841661e-05
0,845,127.463,0.31,1.1183325e-05,1.1599994e-05,1.1999997e-05,1.1691665e-05,4.5832e-08,1.144166e-05,4.5832e-08,1.0554163e-05,1.1304164e-05,1.2370832e-05,1.2716659e-05,1.1612495e-05,1.1879166e-05,1.2674999e-05,7.341663e-06,1.2870828e-05
0,846,127.614,0.308,1.1216664e-05,1.1633332e-05,1.20375e-05,1.1724997e-05,4.5832e-08,1.1479163e-05,4.9996e-08,1.0595831e-05,1.1345832e-05,1.2408328e-05,1.2745825e-05,1.1645826e-05,1.1912497e-05,1.2712495e-05,7.374994e-06,1.2912496e-05
0,847,127.765,0.306,1.1249996e-05,1.1666663e-05,1.2070831e-05,1.1758328e-05,4.5832e-08,1.1508329e-05,4.9996e-08,1.0620833e-05,1.1366661e-05,1.243333e-05,1.2774992e-05,1.1674992e-05,1.1941664e-05,1.2737497e-05,7.399996e-06,1.2941662e-05
0,848,127.916,0.304,1.1283326e-05,1.1704159e-05,1.2104161e-05,1.1799995e-05,4.5832e-08,1.1549997e-05,4.5832e-08,1.0666665e-05,1.1408329e-05,1.2474998e-05,1.2812495e-05,1.171666e-05,1.1979158e-05,1.2779165e-05,7.433327e-06,1.2979166e-05
0,849,128.067,0.302,1.132083e-05,1.1737498e-05,1.2141665e-05,1.1829162e-05,4.9996e-08,1.1579164e-05,4.9996e-08,1.0691659e-05,1.1437495e-05,1.2499992e-05,1.2833333e-05,1.1745827e-05,1.2008325e-05,1.2808331e-05,7.454165e-06,1.3012496e-05
0,850,128.217,0.3,1.1349996e-05,1.1770829e-05,1.2174995e-05,1.1870829e-05,4.5832e-08,1.1612495e-05,4.9996e-08,1.0733326e-05,1.1479163e-05,1.2537495e-05,1.2879165e-05,1.178333e-05,1.2049993e-05,1.2849999e-05,7.483332e-06,1.3054164e-05
0,851,128.368,0.298,1.1387499e-05,1.180416e-05,1.2208327e-05,1.1895831e-05,4.5832e-08,1.1649998e-05,4.9996e-08,1.0762493e-05,1.1508329e-05,1.2562497e-05,1.2899995e-05,1.1812496e-05,1.2083332e-05,1.2879165e-05,7.504161e-06,1.3079167e-05
0,852,128.519,0.296,1.1416666e-05,1.1841663e-05,1.2241666e-05,1.1933326e-05,4.5832e-08,1.1679164e-05,4.5832e-08,1.080416e-05,1.1541661e-05,1.2599993e-05,1.2937498e-05,1.1849999e-05,1.2116662e-05,1.291666e-05,7.541664e-06,1.3124998e-05
0,853,128.67,0.294,1.1449996e-05,1.1870829e-05,1.2274996e-05,1.1962493e-05,4.5832e-08,1.171666e-05,4.9996e-08,1.0833327e-05,1.1575e-05,1.2633332e-05,1.2962492e-05,1.1879166e-05,1.2145829e-05,1.2949999e-05,7.562494e-06,1.3154165e-05
0,854,128.821,0.292,1.1483327e-05,1.1908332e-05,1.23125e-05,1.200416e-05,4.5832e-08,1.1754163e-05,4.9996e-08,1.0874995e-05,1.1616659e-05,1.2666663e-05,1.300416e-05,1.1920825e-05,1.2187496e-05,1.2987494e-05,7.591661e-06,1.3195832e-05
0,855,128.972,0.29,1.1516667e-05,1.1941664e-05,1.2341667e-05,1.2033327e-05,4.5832e-08,1.178333e-05,4.5832e-08,1.0904161e-05,1.1645826e-05,1.2695829e-05,1.3024997e-05,1.1945828e-05,1.2212499e-05,1.3012496e-05,7.616663e-06,1.3220827e-05
0,856,129.123,0.288,1.1545833e-05,1.1974995e-05,1.2374997e-05,1.2070831e-05,4.166e-08,1.1824997e-05,4.9996e-08,1.0941664e-05,1.1687493e-05,1.2733332e-05,1.3062493e-05,1.1983331e-05,1.2249994e-05,1.3054164e-05,7.645829e-06,1.3262495e-05
0,857,129.273,0.286,1.1579164e-05,1.200416e-05,1.2408328e-05,1.2099998e-05,4.9996e-08,1.1854164e-05,4.9996e-08,1.0966659e-05,1.1708331e-05,1.2758326e-05,1.3087495e-05,1.2012498e-05,1.2279161e-05,1.3079167e-05,7.670832e-06,1.3287497e-05
0,858,129.424,0.284,1.1612495e-05,1.2041664e-05,1.2445831e-05,1.2141665e-05,4.5832e-08,1.188333e-05,4.9996e-08,1.1004162e-05,1.1745827e-05,1.2791666e-05,1.3124998e-05,1.2049993e-05,1.2316664e-05,1.3112497e-05,7.704162e-06,1.3329164e-05
0,859,129.575,0.282,1.1645826e-05,1.2074995e-05,1.2474998e-05,1.2166659e-05,4.5832e-08,1.1912497e-05,4.9996e-08,1.1037493e-05,1.1774993e-05,1.2816659e-05,1.3145828e-05,1.2074995e-05,1.2341667e-05,1.3141664e-05,7.720828e-06,1.3349994e-05
0,860,129.726,0.28,1.1674992e-05,1.2104161e-05,1.2508329e-05,1.2208327e-05,4.5832e-08,1.1945828e-05,4.9996e-08,1.106666e-05,1.1812496e-05,1.2858327e-05,1.3183331e-05,1.2112499e-05,1.2383326e-05,1.3183331e-05,7.754159e-06,1.3395826e-05
0,861,129.877,0.278,1.1704159e-05,1.2137492e-05,1.2537495e-05,1.2233329e-05,4.5832e-08,1.1983331e-05,4.9996e-08,1.1104163e-05,1.1841663e-05,1.2879165e-05,1.3208326e-05,1.2141665e-05,1.2404163e-05,1.3208326e-05,7.774996e-06,1.3420829e-05
0,862,130.028,0.276,1.1733326e-05,1.2170832e-05,1.2574998e-05,1.2270832e-05,4.5832e-08,1.2016662e-05,5.4161e-08,1.1137494e-05,1.1879166e-05,1.291666e-05,1.3241664e-05,1.2174995e-05,1.2445831e-05,1.3245829e-05,7.804163e-06,1.3462496e-05
0,863,130.178,0.274,1.1770829e-05,1.2204162e-05,1.2604165e-05,1.2299998e-05,4.5832e-08,1.2045829e-05,4.9996e-08,1.116666e-05,1.1908332e-05,1.2941662e-05,1.3266659e-05,1.2204162e-05,1.2470826e-05,1.3274996e-05,7.824993e-06,1.3487498e-05
0,864,130.329,0.272,1.1799995e-05,1.2237493e-05,1.2637496e-05,1.2333329e-05,4.9996e-08,1.2074995e-05,4.5832e-08,1.1204163e-05,1.1949992e-05,1.2979166e-05,1.3299998e-05,1.2241666e-05,1.2512493e-05,1.3312499e-05,7.858332e-06,1.3524993e-05
0,865,130.48,0.27,1.1837498e-05,1.226666e-05,1.2670827e-05,1.236666e-05,4.5832e-08,1.2108326e-05,4.9996e-08,1.123333e-05,1.197083e-05,1.300416e-05,1.3325e-05,1.226666e-05,1.2533331e-05,1.3333329e-05,7.874997e-06,1.355416e-05
0,866,130.631,0.268,1.1862493e-05,1.2299998e-05,1.2704166e-05,1.2399999e-05,4.9996e-08,1.2141665e-05,4.9996e-08,1.1270833e-05,1.2012498e-05,1.3041663e-05,1.3362495e-05,1.2304163e-05,1.2574998e-05,1.3370832e-05,7.908328e-06,1.3591663e-05
0,867,130.782,0.266,1.1891659e-05,1.2333329e-05,1.2733332e-05,1.2429166e-05,4.9996e-08,1.2170832e-05,5.4161e-08,1.13e-05,1.20375e-05,1.3066665e-05,1.3379161e-05,1.2329165e-05,1.2595829e-05,1.3399998e-05,7.929166e-06,1.3616665e-05
0,868,130.933,0.264,1.1924998e-05,1.236666e-05,1.2766664e-05,1.2462497e-05,4.166e-08,1.2208327e-05,4.9996e-08,1.1337494e-05,1.2074995e-05,1.3104161e-05,1.3420829e-05,1.236666e-05,1.2637496e-05,1.3437494e-05,7.962497e-06,1.3658333e-05
0,869,131.084,0.262,1.1958329e-05,1.2395827e-05,1.279583e-05,1.2491663e-05,4.9996e-08,1.2233329e-05,4.9996e-08,1.1362497e-05,1.2099998e-05,1.3129163e-05,1.3441666e-05,1.2395827e-05,1.2658325e-05,1.346666e-05,7.979163e-06,1.36875e-05
0,870,131.234,0.26,1.1987496e-05,1.2424994e-05,1.2837498e-05,1.2529159e-05,4.5832e-08,1.2270832e-05,4.9996e-08,1.1404165e-05,1.2141665e-05,1.3162494e-05,1.3479162e-05,1.2429166e-05,1.2699993e-05,1.3499999e-05,8.012494e-06,1.372083e-05
0,871,131.385,0.258,1.2020826e-05,1.2462497e-05,1.2866664e-05,1.2562497e-05,4.5832e-08,1.2299998e-05,4.9996e-08,1.1429159e-05,1.2166659e-05,1.3187496e-05,1.3499999e-05,1.2458332e-05,1.2724996e-05,1.3524993e-05,8.033331e-06,1.3749996e-05
0,872,131.536,0.256,1.2049993e-05,1.2487499e-05,1.2887494e-05,1.2587499e-05,4.9996e-08,1.2320828e-05,4.9996e-08,1.1454161e-05,1.2187496e-05,1.3208326e-05,1.3524993e-05,1.2479162e-05,1.2745825e-05,1.3549996e-05,8.049997e-06,1.3770827e-05
0,873,131.687,0.254,1.2074995e-05,1.2516665e-05,1.2920833e-05,1.2616666e-05,4.5832e-08,1.2358331e-05,4.9996e-08,1.1495828e-05,1.2229165e-05,1.3241664e-05,1.355416e-05,1.2516665e-05,1.2783329e-05,1.3587499e-05,8.087492e-06,1.380833e-05
0,874,131.838,0.252,1.2108326e-05,1.2545832e-05,1.2949999e-05,1.2645833e-05,4.9996e-08,1.2387498e-05,4.9996e-08,1.152083e-05,1.2254159e-05,1.3270831e-05,1.3579162e-05,1.2545832e-05,1.2808331e-05,1.3612493e-05,8.10833e-06,1.3837496e-05
0,875,131.989,0.25,1.2137492e-05,1.2579163e-05,1.298333e-05,1.2683328e-05,4.5832e-08,1.2420829e-05,4.9996e-08,1.1558326e-05,1.2291662e-05,1.3299998e-05,1.3616665e-05,1.2579163e-05,1.2841661e-05,1.3645832e-05,8.133332e-06,1.3870827e-05
0,876,132.139,0.248,1.2166659e-05,1.2612494e-05,1.3012496e-05,1.270833e-05,4.5832e-08,1.2449996e-05,4.5832e-08,1.1583328e-05,1.23125e-05,1.3325e-05,1.3633331e-05,1.2599993e-05,1.2866664e-05,1.3670826e-05,8.154162e-06,1.3899994e-05
0,877,132.29,0.246,1.2195826e-05,1.2641661e-05,1.3045827e-05,1.2745825e-05,4.5832e-08,1.2483327e-05,5.4161e-08,1.1616659e-05,1.2349995e-05,1.3362495e-05,1.3666661e-05,1.2637496e-05,1.2904159e-05,1.3708329e-05,8.183329e-06,1.3937497e-05
0,878,132.441,0.244,1.2233329e-05,1.2674999e-05,1.3074994e-05,1.2774992e-05,4.9996e-08,1.2512493e-05,5.4161e-08,1.1645826e-05,1.2374997e-05,1.3383333e-05,1.36875e-05,1.2662498e-05,1.2924997e-05,1.3729159e-05,8.199993e-06,1.3962499e-05
0,879,132.592,0.242,1.2258331e-05,1.2699993e-05,1.3108333e-05,1.2808331e-05,4.5832e-08,1.254166e-05,4.9996e-08,1.1683329e-05,1.2412493e-05,1.3416664e-05,1.3724994e-05,1.2695829e-05,1.2966665e-05,1.3766662e-05,8.233333e-06,1.3999995e-05
0,880,132.743,0.24,1.2287497e-05,1.2733332e-05,1.3137499e-05,1.2837498e-05,4.9996e-08,1.2570827e-05,4.9996e-08,1.1712496e-05,1.2437495e-05,1.3441666e-05,1.3745833e-05,1.2724996e-05,1.2991659e-05,1.3795829e-05,8.254163e-06,1.4024997e-05
0,881,132.894,0.238,1.23125e-05,1.2762499e-05,1.3166666e-05,1.2866664e-05,4.5832e-08,1.260833e-05,4.9996e-08,1.1745827e-05,1.2470826e-05,1.3474997e-05,1.3779163e-05,1.2754163e-05,1.3029162e-05,1.382916e-05,8.283329e-06,1.4062492e-05
0,882,133.044,0.236,1.234583e-05,1.279583e-05,1.3195832e-05,1.2895831e-05,4.5832e-08,1.2629159e-05,4.9996e-08,1.1770829e-05,1.2495828e-05,1.3499999e-05,1.3804166e-05,1.2779165e-05,1.3049992e-05,1.3849997e-05,8.299994e-06,1.408333e-05
0,883,133.195,0.234,1.2374997e-05,1.2824997e-05,1.3229163e-05,1.2929161e-05,4.5832e-08,1.2662498e-05,4.9996e-08,1.1799995e-05,1.2533331e-05,1.3529166e-05,1.382916e-05,1.2812495e-05,1.308333e-05,1.3883328e-05,8.329161e-06,1.4120833e-05
0,884,133.346,0.232,1.2404163e-05,1.2845826e-05,1.3254165e-05,1.2954163e-05,4.5832e-08,1.2687492e-05,4.9996e-08,1.1824997e-05,1.2554161e-05,1.3558332e-05,1.3854162e-05,1.2837498e-05,1.3108333e-05,1.390833e-05,8.349999e-06,1.415e-05
0,885,133.497,0.23,1.243333e-05,1.2883329e-05,1.3291661e-05,1.2987494e-05,4.9996e-08,1.2720831e-05,4.9996e-08,1.1866665e-05,1.2591664e-05,1.3587499e-05,1.3887493e-05,1.2870828e-05,1.3141664e-05,1.3941662e-05,8.374993e-06,1.4183331e-05
0,886,133.648,0.228,1.2462497e-05,1.2908332e-05,1.3316663e-05,1.3016661e-05,4.9996e-08,1.2749998e-05,4.9996e-08,1.1891659e-05,1.2612494e-05,1.3612493e-05,1.390833e-05,1.2895831e-05,1.3162494e-05,1.3966664e-05,8.399995e-06,1.4208333e-05
0,887,133.799,0.226,1.2491663e-05,1.2941662e-05,1.3349994e-05,1.3054164e-05,4.5832e-08,1.2783329e-05,4.5832e-08,1.1924998e-05,1.2645833e-05,1.3645832e-05,1.3941662e-05,1.2929161e-05,1.3199997e-05,1.3999995e-05,8.429161e-06,1.4241664e-05
0,888,133.95,0.224,1.2524994e-05,1.2970829e-05,1.3379161e-05,1.3070829e-05,4.5832e-08,1.2804167e-05,5.4161e-08,1.1949992e-05,1.2670827e-05,1.3670826e-05,1.3962499e-05,1.2954163e-05,1.3224999e-05,1.4024997e-05,8.445827e-06,1.4266666e-05
0,889,134.1,0.222,1.2549996e-05,1.300416e-05,1.3408328e-05,1.3112497e-05,4.9996e-08,1.2841661e-05,4.5832e-08,1.1987496e-05,1.270833e-05,1.3699992e-05,1.399583e-05,1.2987494e-05,1.3254165e-05,1.4058328e-05,8.479166e-06,1.4304161e-05
0,890,134.251,0.22,1.2583328e-05,1.3033326e-05,1.3441666e-05,1.3137499e-05,4.9996e-08,1.2866664e-05,4.9996e-08,1.2012498e-05,1.2733332e-05,1.3724994e-05,1.4012496e-05,1.3012496e-05,1.327916e-05,1.4079165e-05,8.499996e-06,1.4320826e-05
0,891,134.402,0.218,1.260833e-05,1.3062493e-05,1.3470833e-05,1.3166666e-05,4.166e-08,1.2899995e-05,4.9996e-08,1.2041664e-05,1.2766664e-05,1.3754161e-05,1.4045827e-05,1.3041663e-05,1.3316663e-05,1.4112497e-05,8.524998e-06,1.435833e-05
0,892,134.553,0.216,1.2637496e-05,1.309166e-05,1.3499999e-05,1.319166e-05,4.9996e-08,1.2924997e-05,4.9996e-08,1.2070831e-05,1.2787493e-05,1.3779163e-05,1.4062492e-05,1.3066665e-05,1.3333329e-05,1.4133327e-05,8.541663e-06,1.4383332e-05
0,893,134.704,0.214,1.2662498e-05,1.3116662e-05,1.3524993e-05,1.3224999e-05,4.5832e-08,1.2954163e-05,4.5832e-08,1.2099998e-05,1.2820832e-05,1.380833e-05,1.4095831e-05,1.3095831e-05,1.3370832e-05,1.4174994e-05,8.57083e-06,1.4420827e-05
0,894,134.855,0.212,1.2695829e-05,1.3145828e-05,1.3558332e-05,1.3254165e-05,4.5832e-08,1.2987494e-05,4.5832e-08,1.2125e-05,1.2845826e-05,1.3833332e-05,1.4116661e-05,1.3124998e-05,1.3395826e-05,1.4195832e-05,8.587495e-06,1.4441665e-05
0,895,135.005,0.21,1.2724996e-05,1.3183331e-05,1.3591663e-05,1.3287497e-05,4.9996e-08,1.3016661e-05,4.9996e-08,1.2162494e-05,1.2879165e-05,1.3858326e-05,1.4145828e-05,1.3158329e-05,1.3424992e-05,1.4224998e-05,8.616662e-06,1.4474996e-05
0,896,135.156,0.208,1.2754163e-05,1.3204161e-05,1.3612493e-05,1.3312499e-05,4.5832e-08,1.3041663e-05,4.5832e-08,1.2195826e-05,1.2904159e-05,1.3887493e-05,1.417083e-05,1.3183331e-05,1.3449995e-05,1.4249992e-05,8.637492e-06,1.4499999e-05
0,897,135.307,0.206,1.2779165e-05,1.3233328e-05,1.3645832e-05,1.334583e-05,4.9996e-08,1.3070829e-05,4.5832e-08,1.2220828e-05,1.2937498e-05,1.3912495e-05,1.4199996e-05,1.3208326e-05,1.3479162e-05,1.4279159e-05,8.666659e-06,1.4533329e-05
0,898,135.458,0.204,1.2808331e-05,1.3262495e-05,1.3674999e-05,1.3370832e-05,4.9996e-08,1.309166e-05,4.5832e-08,1.224583e-05,1.2958328e-05,1.3937497e-05,1.4216662e-05,1.3237493e-05,1.3504164e-05,1.4304161e-05,8.683332e-06,1.4558331e-05
0,899,135.609,0.202,1.2833333e-05,1.3283332e-05,1.3691663e-05,1.3391662e-05,4.5832e-08,1.3120826e-05,4.5832e-08,1.226666e-05,1.2979166e-05,1.3958327e-05,1.4237499e-05,1.325833e-05,1.3524993e-05,1.4324999e-05,8.704162e-06,1.4574996e-05
0,900,135.76,0.2,1.2854163e-05,1.3312499e-05,1.3724994e-05,1.3420829e-05,4.5832e-08,1.3149993e-05,4.5832e-08,1.2304163e-05,1.3012496e-05,1.3991666e-05,1.4266666e-05,1.3287497e-05,1.3558332e-05,1.4362494e-05,8.724999e-06,1.46125e-05
0,901,135.911,0.198,1.2883329e-05,1.3341665e-05,1.3754161e-05,1.3449995e-05,3.7495e-08,1.3174995e-05,4.9996e-08,1.2324993e-05,1.3041663e-05,1.4012496e-05,1.429166e-05,1.3312499e-05,1.3583326e-05,1.4379159e-05,8.745829e-06,1.4637494e-05
0,902,136.061,0.196,1.2912496e-05,1.3370832e-05,1.3779163e-05,1.3479162e-05,4.5832e-08,1.3208326e-05,4.9996e-08,1.2358331e-05,1.3074994e-05,1.4041662e-05,1.4324999e-05,1.334583e-05,1.362083e-05,1.4408326e-05,8.774996e-06,1.4670833e-05
0,903,136.212,0.194,1.2945827e-05,1.3399998e-05,1.380833e-05,1.3512492e-05,4.166e-08,1.3233328e-05,4.9996e-08,1.2383326e-05,1.3095831e-05,1.4066664e-05,1.4341665e-05,1.3370832e-05,1.3637495e-05,1.4433328e-05,8.795826e-06,1.4691663e-05
0,904,136.363,0.192,1.2970829e-05,1.3429165e-05,1.3841661e-05,1.3541659e-05,4.5832e-08,1.3270831e-05,4.9996e-08,1.2424994e-05,1.3129163e-05,1.4095831e-05,1.4370831e-05,1.3404163e-05,1.3670826e-05,1.4470832e-05,8.820828e-06,1.4729166e-05
0,905,136.514,0.19,1.2999995e-05,1.3458332e-05,1.3870827e-05,1.3566661e-05,4.5832e-08,1.3295826e-05,4.9996e-08,1.2445831e-05,1.3154165e-05,1.4116661e-05,1.4395833e-05,1.3424992e-05,1.3695828e-05,1.4491661e-05,8.84583e-06,1.475416e-05
0,906,136.665,0.188,1.3029162e-05,1.3487498e-05,1.3895829e-05,1.36e-05,4.5832e-08,1.3325e-05,4.5832e-08,1.2479162e-05,1.3187496e-05,1.415e-05,1.4425e-05,1.3454159e-05,1.3729159e-05,1.4524992e-05,8.870832e-06,1.4783327e-05
0,907,136.816,0.186,1.3058328e-05,1.3516665e-05,1.3924996e-05,1.3624994e-05,4.9996e-08,1.3349994e-05,5.4161e-08,1.2499992e-05,1.3208326e-05,1.4174994e-05,1.4445829e-05,1.3479162e-05,1.3754161e-05,1.454583e-05,8.887498e-06,1.4808329e-05
0,908,136.966,0.184,1.308333e-05,1.3545831e-05,1.3958327e-05,1.3658333e-05,4.5832e-08,1.3379161e-05,4.9996e-08,1.2537495e-05,1.3241664e-05,1.4199996e-05,1.4474996e-05,1.3508327e-05,1.3779163e-05,1.4579161e-05,8.916664e-06,1.484166e-05
0,909,137.117,0.182,1.3116662e-05,1.3570825e-05,1.3979165e-05,1.3679162e-05,4.5832e-08,1.3404163e-05,4.5832e-08,1.2558333e-05,1.3266659e-05,1.4224998e-05,1.4495826e-05,1.3529166e-05,1.3799993e-05,1.4599998e-05,8.93333e-06,1.4862498e-05
0,910,137.268,0.18,1.3137499e-05,1.3595827e-05,1.4008331e-05,1.3712493e-05,4.166e-08,1.343333e-05,4.5832e-08,1.2591664e-05,1.3295826e-05,1.4254165e-05,1.4524992e-05,1.3562497e-05,1.3833332e-05,1.4629165e-05,8.962496e-06,1.4895829e-05
0,911,137.419,0.178,1.3166666e-05,1.3629166e-05,1.4041662e-05,1.3737495e-05,4.5832e-08,1.3458332e-05,4.5832e-08,1.2616666e-05,1.3320828e-05,1.4279159e-05,1.4541666e-05,1.3587499e-05,1.3849997e-05,1.4649995e-05,8.979162e-06,1.4912494e-05
0,912,137.57,0.176,1.319166e-05,1.365416e-05,1.4066664e-05,1.3770827e-05,4.5832e-08,1.3487498e-05,4.166e-08,1.2645833e-05,1.3349994e-05,1.4304161e-05,1.4570832e-05,1.362083e-05,1.3887493e-05,1.4679162e-05,9.008329e-06,1.4949997e-05
0,913,137.721,0.174,1.3224999e-05,1.3683327e-05,1.4099995e-05,1.3799993e-05,4.5832e-08,1.3516665e-05,4.9996e-08,1.2670827e-05,1.3370832e-05,1.4324999e-05,1.4591662e-05,1.3641659e-05,1.3912495e-05,1.4704164e-05,9.029166e-06,1.4970827e-05
0,914,137.872,0.172,1.3249994e-05,1.3712493e-05,1.4129162e-05,1.382916e-05,4.5832e-08,1.3541659e-05,4.5832e-08,1.2704166e-05,1.3399998e-05,1.435833e-05,1.4620829e-05,1.3666661e-05,1.3937497e-05,1.473333e-05,9.05416e-06,1.5008331e-05
0,915,138.022,0.17,1.327916e-05,1.374166e-05,1.4154164e-05,1.3858326e-05,4.5832e-08,1.3566661e-05,4.9996e-08,1.272916e-05,1.3424992e-05,1.4379159e-05,1.4641666e-05,1.3691663e-05,1.3962499e-05,1.475416e-05,9.070825e-06,1.5020832e-05
0,916,138.173,0.168,1.3304162e-05,1.3770827e-05,1.4179166e-05,1.3879164e-05,4.166e-08,1.3595827e-05,4.5832e-08,1.2762499e-05,1.3462496e-05,1.4408326e-05,1.4666661e-05,1.372083e-05,1.3991666e-05,1.4783327e-05,9.099992e-06,1.5058326e-05
0,917,138.324,0.166,1.3333329e-05,1.3795829e-05,1.4208333e-05,1.3904166e-05,4.5832e-08,1.3624994e-05,4.5832e-08,1.2783329e-05,1.3479162e-05,1.4429164e-05,1.4691663e-05,1.3745833e-05,1.401666e-05,1.4808329e-05,9.112493e-06,1.5079165e-05
0,918,138.475,0.164,1.3358331e-05,1.3820831e-05,1.4233327e-05,1.3937497e-05,4.5832e-08,1.365416e-05,4.5832e-08,1.2816659e-05,1.3512492e-05,1.445833e-05,1.4716665e-05,1.3774999e-05,1.4045827e-05,1.4833331e-05,9.14166e-06,1.5112495e-05
0,919,138.626,0.162,1.3383333e-05,1.3849997e-05,1.4262493e-05,1.3958327e-05,4.5832e-08,1.3674999e-05,4.5832e-08,1.2837498e-05,1.353333e-05,1.4474996e-05,1.473333e-05,1.3791664e-05,1.4062492e-05,1.4854161e-05,9.158325e-06,1.5133333e-05
0,920,138.777,0.16,1.3412499e-05,1.3879164e-05,1.429166e-05,1.3991666e-05,4.166e-08,1.3704165e-05,4.5832e-08,1.2870828e-05,1.3566661e-05,1.4508327e-05,1.4766661e-05,1.3824995e-05,1.4091666e-05,1.48875e-05,9.183327e-06,1.5158327e-05
0,921,138.927,0.158,1.3441666e-05,1.3904166e-05,1.4320826e-05,1.401666e-05,4.5832e-08,1.3729159e-05,4.5832e-08,1.2887494e-05,1.3587499e-05,1.4529164e-05,1.4787499e-05,1.3845834e-05,1.4116661e-05,1.4904165e-05,9.204166e-06,1.5183329e-05
0,922,139.078,0.156,1.346666e-05,1.3933332e-05,1.4349993e-05,1.4045827e-05,4.166e-08,1.3762497e-05,4.5832e-08,1.2924997e-05,1.3616665e-05,1.4558331e-05,1.4816665e-05,1.3874999e-05,1.4145828e-05,1.4933332e-05,9.229159e-06,1.521666e-05
0,923,139.229,0.154,1.3491663e-05,1.3958327e-05,1.4374995e-05,1.4074993e-05,4.5832e-08,1.3779163e-05,4.5832e-08,1.2945827e-05,1.3637495e-05,1.4579161e-05,1.4829159e-05,1.3895829e-05,1.417083e-05,1.4954162e-05,9.249997e-06,1.5237499e-05
0,924,139.38,0.152,1.3520829e-05,1.3987494e-05,1.4399998e-05,1.410416e-05,4.5832e-08,1.3812494e-05,4.5832e-08,1.2979166e-05,1.3666661e-05,1.4608328e-05,1.4858325e-05,1.3924996e-05,1.4195832e-05,1.4983329e-05,9.270827e-06,1.5266665e-05
0,925,139.531,0.15,1.3549996e-05,1.4012496e-05,1.4425e-05,1.4129162e-05,4.166e-08,1.382916e-05,4.166e-08,1.2995831e-05,1.36875e-05,1.4629165e-05,1.4874999e-05,1.3949998e-05,1.4220826e-05,1.5012495e-05,9.291664e-06,1.5287495e-05
0,926,139.682,0.148,1.3574998e-05,1.4033326e-05,1.4449994e-05,1.4145828e-05,4.5832e-08,1.3858326e-05,4.5832e-08,1.3020825e-05,1.3716666e-05,1.4645831e-05,1.4899992e-05,1.3966664e-05,1.4237499e-05,1.5024996e-05,9.304166e-06,1.5308333e-05
0,927,139.832,0.146,1.3595827e-05,1.4058328e-05,1.4483333e-05,1.4174994e-05,4.5832e-08,1.3883328e-05,4.5832e-08,1.3049992e-05,1.374166e-05,1.4674997e-05,1.4920831e-05,1.399583e-05,1.4266666e-05,1.5058326e-05,9.333332e-06,1.5341664e-05
0,928,139.983,0.144,1.3624994e-05,1.4087494e-05,1.4504162e-05,1.420416e-05,4.5832e-08,1.3912495e-05,4.5832e-08,1.3074994e-05,1.3762497e-05,1.4695827e-05,1.4937496e-05,1.401666e-05,1.4287496e-05,1.5074992e-05,9.354162e-06,1.535833e-05
0,929,140.134,0.142,1.3645832e-05,1.4116661e-05,1.4533329e-05,1.4233327e-05,4.5832e-08,1.3937497e-05,4.5832e-08,1.3104161e-05,1.3791664e-05,1.4724994e-05,1.4970827e-05,1.4049999e-05,1.4320826e-05,1.5108331e-05,9.379164e-06,1.5391659e-05
0,930,140.285,0.14,1.3679162e-05,1.4137499e-05,1.456666e-05,1.4258329e-05,4.166e-08,1.3958327e-05,4.166e-08,1.3129163e-05,1.3816659e-05,1.4741659e-05,1.4987492e-05,1.4070829e-05,1.4341665e-05,1.5129161e-05,9.39583e-06,1.5412497e-05
0,931,140.436,0.138,1.3704165e-05,1.4166665e-05,1.4587497e-05,1.4283331e-05,4.166e-08,1.3987494e-05,4.166e-08,1.3154165e-05,1.3845834e-05,1.4770826e-05,1.5012495e-05,1.4095831e-05,1.4366667e-05,1.5154163e-05,9.424996e-06,1.5441665e-05
0,932,140.587,0.136,1.3729159e-05,1.4195832e-05,1.4616664e-05,1.4312498e-05,4.5832e-08,1.4012496e-05,4.5832e-08,1.3183331e-05,1.3866663e-05,1.4795828e-05,1.5033333e-05,1.4120833e-05,1.4387496e-05,1.5174993e-05,9.437497e-06,1.5462494e-05
0,933,140.738,0.134,1.3754161e-05,1.4220826e-05,1.4637494e-05,1.4337492e-05,4.5832e-08,1.4041662e-05,4.9996e-08,1.3208326e-05,1.3891665e-05,1.4816665e-05,1.5058326e-05,1.415e-05,1.4416662e-05,1.5199995e-05,9.466664e-06,1.5487496e-05
0,934,140.888,0.132,1.3783328e-05,1.4249992e-05,1.4662496e-05,1.4362494e-05,4.5832e-08,1.4066664e-05,4.5832e-08,1.3233328e-05,1.3912495e-05,1.484166e-05,1.5079165e-05,1.417083e-05,1.4441665e-05,1.5220833e-05,9.474993e-06,1.5512498e-05
0,935,141.039,0.13,1.3804166e-05,1.4274994e-05,1.4687498e-05,1.4395833e-05,4.166e-08,1.4091666e-05,4.166e-08,1.3262495e-05,1.3945826e-05,1.4866662e-05,1.5104159e-05,1.4195832e-05,1.4466659e-05,1.5254163e-05,9.50416e-06,1.5541666e-05
0,936,141.19,0.128,1.3837496e-05,1.4299997e-05,1.4712493e-05,1.4416662e-05,4.9996e-08,1.4116661e-05,4.5832e-08,1.3283332e-05,1.3962499e-05,1.48875e-05,1.5124997e-05,1.4216662e-05,1.4487497e-05,1.5266665e-05,9.524997e-06,1.5562495e-05
0,937,141.341,0.126,1.3858326e-05,1.4329164e-05,1.4745831e-05,1.4445829e-05,4.166e-08,1.4145828e-05,4.166e-08,1.3316663e-05,1.399583e-05,1.4912494e-05,1.5149999e-05,1.4245828e-05,1.45125e-05,1.5295831e-05,9.549999e-06,1.559166e-05
0,938,141.492,0.124,1.3883328e-05,1.4349993e-05,1.4766661e-05,1.4466659e-05,4.5832e-08,1.4166665e-05,4.5832e-08,1.3337493e-05,1.4012496e-05,1.4937496e-05,1.5170828e-05,1.4262493e-05,1.4529164e-05,1.5316662e-05,9.562493e-06,1.5608326e-05
0,939,141.643,0.122,1.390833e-05,1.4374995e-05,1.4795828e-05,1.4495826e-05,4.166e-08,1.4191659e-05,4.166e-08,1.336666e-05,1.4041662e-05,1.4962498e-05,1.5195831e-05,1.429166e-05,1.4562495e-05,1.5341664e-05,9.591659e-06,1.5637494e-05
0,940,141.793,0.12,1.3933332e-05,1.4399998e-05,1.4824995e-05,1.4520828e-05,4.166e-08,1.4216662e-05,4.5832e-08,1.3383333e-05,1.4062492e-05,1.4979164e-05,1.5212496e-05,1.4312498e-05,1.4579161e-05,1.535833e-05,9.608332e-06,1.5654166e-05
0,941,141.944,0.118,1.3958327e-05,1.4425e-05,1.484166e-05,1.454583e-05,4.166e-08,1.4241664e-05,4.5832e-08,1.3412499e-05,1.4091666e-05,1.5004166e-05,1.5237499e-05,1.4341665e-05,1.4608328e-05,1.5387495e-05,9.629162e-06,1.5687498e-05
0,942,142.095,0.116,1.3983329e-05,1.4454166e-05,1.4874999e-05,1.4570832e-05,4.166e-08,1.4262493e-05,4.166e-08,1.3437494e-05,1.4112497e-05,1.502916e-05,1.5254163e-05,1.435833e-05,1.4629165e-05,1.5404161e-05,9.649992e-06,1.5708327e-05
0,943,142.246,0.114,1.4008331e-05,1.4474996e-05,1.4899992e-05,1.4599998e-05,4.166e-08,1.429166e-05,4.166e-08,1.346666e-05,1.4141663e-05,1.5054163e-05,1.5279165e-05,1.4383332e-05,1.465416e-05,1.5433327e-05,9.666665e-06,1.5737494e-05
0,944,142.397,0.112,1.4037498e-05,1.4504162e-05,1.4924995e-05,1.4620829e-05,4.5832e-08,1.4312498e-05,4.5832e-08,1.3487498e-05,1.4162492e-05,1.5070827e-05,1.5299996e-05,1.4404161e-05,1.4674997e-05,1.5454165e-05,9.687496e-06,1.575416e-05
0,945,142.548,0.11,1.4058328e-05,1.4524992e-05,1.4949997e-05,1.4645831e-05,4.166e-08,1.4333327e-05,4.5832e-08,1.3512492e-05,1.4187495e-05,1.509583e-05,1.5320826e-05,1.4433328e-05,1.4699999e-05,1.5474994e-05,9.704161e-06,1.5779162e-05
0,946,142.699,0.108,1.4079165e-05,1.4549994e-05,1.4970827e-05,1.4666661e-05,4.5832e-08,1.435833e-05,4.166e-08,1.353333e-05,1.420416e-05,1.511666e-05,1.5337499e-05,1.4454166e-05,1.4720829e-05,1.5495832e-05,9.729163e-06,1.5799998e-05
0,947,142.849,0.106,1.410416e-05,1.4574996e-05,1.4999993e-05,1.4695827e-05,4.5832e-08,1.4383332e-05,4.5832e-08,1.3562497e-05,1.4233327e-05,1.5141662e-05,1.5362493e-05,1.447916e-05,1.4741659e-05,1.5520827e-05,9.749992e-06,1.5829166e-05
0,948,143.0,0.104,1.4133327e-05,1.4595827e-05,1.5024996e-05,1.4720829e-05,4.5832e-08,1.4408326e-05,4.5832e-08,1.3579162e-05,1.4249992e-05,1.51625e-05,1.5379166e-05,1.4495826e-05,1.4758332e-05,1.5537493e-05,9.766666e-06,1.5845832e-05
0,949,143.151,0.102,1.415e-05,1.4624993e-05,1.5045825e-05,1.4745831e-05,4.166e-08,1.4429164e-05,4.5832e-08,1.3608328e-05,1.4283331e-05,1.5183329e-05,1.5404161e-05,1.4524992e-05,1.4787499e-05,1.5566658e-05,9.787496e-06,1.5874997e-05
0,950,143.302,0.1,1.4183331e-05,1.4649995e-05,1.5070827e-05,1.4766661e-05,4.166e-08,1.4454166e-05,4.5832e-08,1.3629166e-05,1.4299997e-05,1.5204159e-05,1.5424999e-05,1.4541666e-05,1.4808329e-05,1.5583333e-05,9.804161e-06,1.5891663e-05
0,951,143.453,0.098,1.420416e-05,1.4670833e-05,1.5099994e-05,1.4791663e-05,4.166e-08,1.447916e-05,4.5832e-08,1.365416e-05,1.4324999e-05,1.5224997e-05,1.5441665e-05,1.456666e-05,1.4833331e-05,1.5608326e-05,9.824999e-06,1.5916665e-05
0,952,143.604,0.096,1.4229163e-05,1.4695827e-05,1.5120832e-05,1.4816665e-05,4.166e-08,1.4499999e-05,4.166e-08,1.3674999e-05,1.4341665e-05,1.5241662e-05,1.5462494e-05,1.4583326e-05,1.4849997e-05,1.5624992e-05,9.845829e-06,1.5937496e-05
0,953,143.754,0.094,1.4245828e-05,1.4708328e-05,1.5137498e-05,1.4833331e-05,4.166e-08,1.4520828e-05,4.5832e-08,1.3695828e-05,1.4362494e-05,1.5262493e-05,1.547916e-05,1.4608328e-05,1.4866662e-05,1.5641666e-05,9.854166e-06,1.5954161e-05
0,954,143.905,0.092,1.427083e-05,1.4737495e-05,1.51625e-05,1.4858325e-05,4.166e-08,1.454583e-05,4.166e-08,1.3716666e-05,1.4383332e-05,1.5283331e-05,1.5499998e-05,1.4624993e-05,1.4891664e-05,1.5662496e-05,9.87916e-06,1.5974998e-05
0,955,144.056,0.09,1.429166e-05,1.4758332e-05,1.5183329e-05,1.4879163e-05,4.166e-08,1.4562495e-05,4.5832e-08,1.3737495e-05,1.4404161e-05,1.530416e-05,1.5520827e-05,1.4645831e-05,1.490833e-05,1.5687498e-05,9.899998e-06,1.5999993e-05
0,956,144.207,0.088,1.4312498e-05,1.4783327e-05,1.5212496e-05,1.4904165e-05,3.7495e-08,1.4583326e-05,4.5832e-08,1.3762497e-05,1.4429164e-05,1.5324998e-05,1.5537493e-05,1.4666661e-05,1.4933332e-05,1.5704163e-05,9.920827e-06,1.6016666e-05
0,957,144.358,0.086,1.4337492e-05,1.4804164e-05,1.5229161e-05,1.4924995e-05,4.166e-08,1.4604163e-05,3.7495e-08,1.3783328e-05,1.4445829e-05,1.5341664e-05,1.5558329e-05,1.4687498e-05,1.4949997e-05,1.5724992e-05,9.933328e-06,1.6033331e-05
0,958,144.509,0.084,1.4362494e-05,1.4829159e-05,1.5262493e-05,1.4954162e-05,3.7495e-08,1.463333e-05,4.166e-08,1.380833e-05,1.4470832e-05,1.5366666e-05,1.5574995e-05,1.4716665e-05,1.4974999e-05,1.575416e-05,9.95833e-06,1.6070826e-05
0,959,144.659,0.082,1.4387496e-05,1.4849997e-05,1.5283331e-05,1.4970827e-05,3.7495e-08,1.4649995e-05,4.166e-08,1.382916e-05,1.4491661e-05,1.5383332e-05,1.5595826e-05,1.4724994e-05,1.499583e-05,1.5762496e-05,9.966659e-06,1.6079164e-05
0,960,144.81,0.08,1.4399998e-05,1.4874999e-05,1.5299996e-05,1.499583e-05,4.166e-08,1.4674997e-05,3.7495e-08,1.3849997e-05,1.45125e-05,1.5404161e-05,1.5612499e-05,1.475416e-05,1.5016659e-05,1.5787498e-05,9.991661e-06,1.6104166e-05
0,961,144.961,0.078,1.4429164e-05,1.4891664e-05,1.5324998e-05,1.5020832e-05,4.166e-08,1.4691663e-05,4.5832e-08,1.3870827e-05,1.4533329e-05,1.5420826e-05,1.5629164e-05,1.4770826e-05,1.5033333e-05,1.5804164e-05,1.0008327e-05,1.6120832e-05
0,962,145.112,0.076,1.4449994e-05,1.4920831e-05,1.5349991e-05,1.5045825e-05,3.7495e-08,1.4720829e-05,4.166e-08,1.3895829e-05,1.4558331e-05,1.5445828e-05,1.5649994e-05,1.4791663e-05,1.5058326e-05,1.5824993e-05,1.0029165e-05,1.6145825e-05
0,963,145.263,0.074,1.4470832e-05,1.4937496e-05,1.537083e-05,1.5062499e-05,4.5832e-08,1.4737495e-05,4.5832e-08,1.391666e-05,1.4574996e-05,1.5462494e-05,1.5670832e-05,1.4812494e-05,1.5074992e-05,1.5841659e-05,1.0037494e-05,1.6158327e-05
0,964,145.414,0.072,1.4495826e-05,1.4958326e-05,1.5391659e-05,1.5087493e-05,4.166e-08,1.4758332e-05,4.166e-08,1.3941662e-05,1.4599998e-05,1.5487496e-05,1.5691661e-05,1.4833331e-05,1.509583e-05,1.5866661e-05,1.0062496e-05,1.6187492e-05
0,965,145.565,0.07,1.4520828e-05,1.4983329e-05,1.5412497e-05,1.5108331e-05,3.7495e-08,1.4774998e-05,4.166e-08,1.3958327e-05,1.4616664e-05,1.5499998e-05,1.5704163e-05,1.4854161e-05,1.5112495e-05,1.5879163e-05,1.0074997e-05,1.6204167e-05
0,966,145.715,0.068,1.4537493e-05,1.5004166e-05,1.5433327e-05,1.5129161e-05,4.166e-08,1.4799993e-05,4.166e-08,1.3979165e-05,1.4637494e-05,1.5516662e-05,1.5720829e-05,1.4870827e-05,1.5133333e-05,1.5899999e-05,1.0095827e-05,1.6224996e-05
0,967,145.866,0.066,1.4562495e-05,1.5024996e-05,1.5454165e-05,1.5149999e-05,4.166e-08,1.4812494e-05,4.166e-08,1.399583e-05,1.465416e-05,1.5537493e-05,1.5741665e-05,1.48875e-05,1.5154163e-05,1.5916665e-05,1.0108328e-05,1.6241662e-05
0,968,146.017,0.064,1.4579161e-05,1.5045825e-05,1.5483332e-05,1.5170828e-05,4.166e-08,1.4837496e-05,4.166e-08,1.4024997e-05,1.4683326e-05,1.5562495e-05,1.576666e-05,1.4912494e-05,1.5179166e-05,1.5937496e-05,1.0129165e-05,1.6266664e-05
0,969,146.168,0.062,1.4604163e-05,1.5070827e-05,1.5499998e-05,1.5191667e-05,4.166e-08,1.4862498e-05,4.5832e-08,1.4041662e-05,1.4699999e-05,1.557916e-05,1.5779162e-05,1.4924995e-05,1.5187494e-05,1.5949996e-05,1.0141659e-05,1.6283329e-05
0,970,146.319,0.06,1.4620829e-05,1.5087493e-05,1.5525e-05,1.521666e-05,4.166e-08,1.4883328e-05,4.166e-08,1.4062492e-05,1.4716665e-05,1.5595826e-05,1.5795827e-05,1.4954162e-05,1.521666e-05,1.5979163e-05,1.0162496e-05,1.6304159e-05
0,971,146.47,0.058,1.4649995e-05,1.5112495e-05,1.5545829e-05,1.5233326e-05,4.166e-08,1.4904165e-05,4.5832e-08,1.4079165e-05,1.473333e-05,1.5612499e-05,1.5808328e-05,1.4970827e-05,1.5229161e-05,1.5991664e-05,1.0179162e-05,1.6320833e-05
0,972,146.62,0.056,1.4670833e-05,1.5133333e-05,1.5566658e-05,1.5262493e-05,4.166e-08,1.4920831e-05,4.166e-08,1.410416e-05,1.4758332e-05,1.5633328e-05,1.583333e-05,1.4987492e-05,1.5245827e-05,1.6012495e-05,1.0199992e-05,1.6341663e-05
0,973,146.771,0.054,1.4691663e-05,1.5158327e-05,1.5587497e-05,1.5279165e-05,4.166e-08,1.4945833e-05,4.166e-08,1.4124998e-05,1.4774998e-05,1.565833e-05,1.5845832e-05,1.5008331e-05,1.5266665e-05,1.6033331e-05,1.0212493e-05,1.6362492e-05
0,974,146.922,0.052,1.4708328e-05,1.5179166e-05,1.5612499e-05,1.530416e-05,3.7495e-08,1.4962498e-05,3.7495e-08,1.4145828e-05,1.4799993e-05,1.5674996e-05,1.5870826e-05,1.5033333e-05,1.5287495e-05,1.6049997e-05,1.0233331e-05,1.638333e-05
0,975,147.073,0.05,1.4737495e-05,1.5195831e-05,1.5629164e-05,1.5324998e-05,4.166e-08,1.4979164e-05,4.166e-08,1.4162492e-05,1.4812494e-05,1.5691661e-05,1.5879163e-05,1.5045825e-05,1.530416e-05,1.6062499e-05,1.0245832e-05,1.6391659e-05
0,976,147.224,0.048,1.4749996e-05,1.5220833e-05,1.5654166e-05,1.5349991e-05,3.7495e-08,1.5004166e-05,4.166e-08,1.4187495e-05,1.4833331e-05,1.57125e-05,1.5899999e-05,1.5066664e-05,1.5324998e-05,1.6087492e-05,1.0266662e-05,1.6416661e-05
0,977,147.375,0.046,1.4774998e-05,1.5237499e-05,1.5670832e-05,1.5362493e-05,3.7495e-08,1.5020832e-05,4.166e-08,1.4199996e-05,1.4849997e-05,1.5720829e-05,1.5916665e-05,1.5083328e-05,1.5337499e-05,1.609583e-05,1.0283327e-05,1.6433327e-05
0,978,147.526,0.044,1.4791663e-05,1.5258328e-05,1.5691661e-05,1.5387495e-05,3.7495e-08,1.5045825e-05,4.166e-08,1.4229163e-05,1.4879163e-05,1.5749994e-05,1.5937496e-05,1.5104159e-05,1.537083e-05,1.6120832e-05,1.0304165e-05,1.6462493e-05
0,979,147.676,0.042,1.482083e-05,1.5283331e-05,1.5720829e-05,1.5412497e-05,4.166e-08,1.5062499e-05,4.166e-08,1.4249992e-05,1.4895829e-05,1.576666e-05,1.5954161e-05,1.5124997e-05,1.5383332e-05,1.6141661e-05,1.0312494e-05,1.6474994e-05
0,980,147.827,0.04,1.4837496e-05,1.530416e-05,1.5741665e-05,1.5433327e-05,3.7495e-08,1.5091666e-05,4.166e-08,1.4266666e-05,1.4920831e-05,1.5783326e-05,1.5974998e-05,1.5145826e-05,1.5408334e-05,1.6162499e-05,1.0337496e-05,1.6499996e-05
0,981,147.978,0.038,1.4862498e-05,1.5329162e-05,1.5762496e-05,1.5454165e-05,4.166e-08,1.5108331e-05,4.5832e-08,1.4287496e-05,1.4937496e-05,1.5804164e-05,1.5991664e-05,1.5158327e-05,1.5424999e-05,1.6179165e-05,1.0349997e-05,1.6516662e-05
0,982,148.129,0.036,1.4879163e-05,1.5345828e-05,1.5783326e-05,1.5466667e-05,3.7495e-08,1.5124997e-05,3.7495e-08,1.4304161e-05,1.4949997e-05,1.582083e-05,1.5999993e-05,1.5183329e-05,1.5437499e-05,1.6191665e-05,1.0366663e-05,1.6533328e-05
0,983,148.28,0.034,1.4895829e-05,1.5362493e-05,1.5804164e-05,1.5495832e-05,3.7495e-08,1.5145826e-05,4.166e-08,1.4329164e-05,1.4974999e-05,1.5837495e-05,1.6020831e-05,1.5199995e-05,1.5462494e-05,1.6212494e-05,1.0383328e-05,1.6549993e-05
0,984,148.431,0.032,1.4916666e-05,1.5387495e-05,1.582083e-05,1.5512498e-05,3.7495e-08,1.51625e-05,4.166e-08,1.4337492e-05,1.4991665e-05,1.5854161e-05,1.6037497e-05,1.521666e-05,1.5474994e-05,1.622916e-05,1.0395829e-05,1.6566666e-05
0,985,148.581,0.03,1.4937496e-05,1.5404161e-05,1.5841659e-05,1.5529164e-05,4.166e-08,1.5187494e-05,3.7495e-08,1.4362494e-05,1.5008331e-05,1.5874997e-05,1.6058326e-05,1.5233326e-05,1.5495832e-05,1.6249998e-05,1.0420831e-05,1.6595832e-05
0,986,148.732,0.028,1.4962498e-05,1.5433327e-05,1.5862497e-05,1.5558329e-05,4.5832e-08,1.5204159e-05,4.166e-08,1.4383332e-05,1.502916e-05,1.5891663e-05,1.6070826e-05,1.5254163e-05,1.5512498e-05,1.6266664e-05,1.0429159e-05,1.6604161e-05
0,987,148.883,0.026,1.4979164e-05,1.5445828e-05,1.5883326e-05,1.5574995e-05,4.166e-08,1.5224997e-05,4.166e-08,1.4404161e-05,1.5054163e-05,1.5908328e-05,1.6091664e-05,1.5274994e-05,1.5533327e-05,1.6287493e-05,1.0445825e-05,1.6624999e-05
0,988,149.034,0.024,1.4999993e-05,1.547083e-05,1.5908328e-05,1.5595826e-05,4.166e-08,1.5245827e-05,4.5832e-08,1.4425e-05,1.5070827e-05,1.5924994e-05,1.6104166e-05,1.5291658e-05,1.5549993e-05,1.6299995e-05,1.0462499e-05,1.6641665e-05
0,989,149.185,0.022,1.5024996e-05,1.5487496e-05,1.5929167e-05,1.5620828e-05,3.7495e-08,1.5262493e-05,4.166e-08,1.4441665e-05,1.5091666e-05,1.5945832e-05,1.6120832e-05,1.5312497e-05,1.5566658e-05,1.6320833e-05,1.0479164e-05,1.6662494e-05
0,990,149.336,0.02,1.5045825e-05,1.5508325e-05,1.594166e-05,1.5633328e-05,4.5832e-08,1.5279165e-05,3.7495e-08,1.445833e-05,1.5099994e-05,1.5958332e-05,1.6133332e-05,1.5324998e-05,1.557916e-05,1.6333326e-05,1.0491665e-05,1.6674996e-05
0,991,149.487,0.018,1.5058326e-05,1.5529164e-05,1.5966662e-05,1.5654166e-05,4.166e-08,1.5299996e-05,4.166e-08,1.447916e-05,1.5124997e-05,1.5979163e-05,1.6154163e-05,1.5341664e-05,1.5599999e-05,1.6349999e-05,1.0512495e-05,1.6699998e-05
0,992,149.637,0.016,1.5079165e-05,1.5545829e-05,1.59875e-05,1.5670832e-05,3.7495e-08,1.5312497e-05,4.166e-08,1.4499999e-05,1.5141662e-05,1.5995829e-05,1.6166663e-05,1.535833e-05,1.5616662e-05,1.6366665e-05,1.0524996e-05,1.6716664e-05
0,993,149.788,0.014,1.5104159e-05,1.5566658e-05,1.6004165e-05,1.5695827e-05,4.166e-08,1.5337499e-05,4.166e-08,1.4520828e-05,1.51625e-05,1.6012495e-05,1.6191665e-05,1.5379166e-05,1.5637494e-05,1.6391659e-05,1.0545826e-05,1.6733329e-05
0,994,149.939,0.012,1.5120832e-05,1.5587497e-05,1.6029158e-05,1.5716663e-05,3.7495e-08,1.5349991e-05,3.7495e-08,1.4537493e-05,1.5174993e-05,1.6029158e-05,1.6199994e-05,1.5395832e-05,1.5649994e-05,1.6399996e-05,1.0558327e-05,1.6745829e-05
0,995,150.09,0.01,1.5141662e-05,1.5604162e-05,1.6045833e-05,1.5737494e-05,3.7495e-08,1.537083e-05,3.7495e-08,1.4558331e-05,1.5195831e-05,1.6045833e-05,1.621666e-05,1.5416663e-05,1.5674996e-05,1.6420834e-05,1.0574992e-05,1.6770831e-05
0,996,150.241,0.008,1.51625e-05,1.5624992e-05,1.6066662e-05,1.575416e-05,4.166e-08,1.5387495e-05,3.7495e-08,1.4574996e-05,1.5212496e-05,1.6062499e-05,1.622916e-05,1.5429163e-05,1.5683334e-05,1.6433327e-05,1.0587493e-05,1.677916e-05
0,997,150.392,0.006,1.5179166e-05,1.564583e-05,1.6087492e-05,1.5774996e-05,3.3331e-08,1.5412497e-05,3.7495e-08,1.4599998e-05,1.5233326e-05,1.6083328e-05,1.6249998e-05,1.5454165e-05,1.5704163e-05,1.6458329e-05,1.0612495e-05,1.6804162e-05
0,998,150.542,0.004,1.5199995e-05,1.5662496e-05,1.6099993e-05,1.5795827e-05,3.7495e-08,1.5433327e-05,3.7495e-08,1.4616664e-05,1.525e-05,1.609583e-05,1.6266664e-05,1.5466667e-05,1.5724992e-05,1.6470829e-05,1.0624997e-05,1.6824992e-05
0,999,150.693,0.002,1.521666e-05,1.5683334e-05,1.6124995e-05,1.5816664e-05,3.7495e-08,1.5449992e-05,3.7495e-08,1.4637494e-05,1.5274994e-05,1.6120832e-05,1.6287493e-05,1.5483332e-05,1.5745831e-05,1.649166e-05,1.0641662e-05,1.6841666e-05
0,1000,150.844,0.0,1.5241662e-05,1.5708327e-05,1.6145825e-05,1.5837495e-05,3.7495e-08,1.5462494e-05,4.166e-08,1.4649995e-05,1.5283331e-05,1.6133332e-05,1.6299995e-05,1.5504162e-05,1.5762496e-05,1.650416e-05,1.0649999e-05,1.6858332e-05
,,,,,,,,,,,,,,,,,,,,0,0.712,0.694,0.708,0.694,0.004,0.678,0.004,0.65,0.66,0.684,0.662,0.66,0.678,0.684,0.67,0.684,0.74,0.726,0.752,0.728,0.006,0.72,0.086,0.698,0.698,0.736,0.69,0.712,0.706,0.712,0.704,0.73
1,0,151.116,0.0,1.5254163e-05,1.57125e-05,1.6154163e-05,1.583333e-05,4.166e-08,1.547083e-05,4.166e-08,1.4649995e-05,1.5279165e-05,1.6133332e-05,1.6295831e-05,1.5499998e-05,1.5758331e-05,1.650416e-05,1.0654163e-05,1.6858332e-05
1,1,151.267,0.002,1.525e-05,1.5699998e-05,1.6141661e-05,1.582083e-05,4.5832e-08,1.5462494e-05,4.5832e-08,1.4637494e-05,1.5266665e-05,1.6120832e-05,1.6279166e-05,1.5487496e-05,1.5745831e-05,1.6487495e-05,1.0637498e-05,1.684583e-05
1,2,151.418,0.004,1.5229161e-05,1.5679161e-05,1.6120832e-05,1.5799998e-05,4.5832e-08,1.5441665e-05,4.9996e-08,1.46125e-05,1.5241662e-05,1.6104166e-05,1.6258327e-05,1.547083e-05,1.5724992e-05,1.6470829e-05,1.061666e-05,1.6820828e-05
1,3,151.568,0.006,1.5204159e-05,1.5649994e-05,1.6099993e-05,1.5770833e-05,4.9996e-08,1.5420826e-05,4.9996e-08,1.4587497e-05,1.5224997e-05,1.6087492e-05,1.6237498e-05,1.5449992e-05,1.5708327e-05,1.645e-05,1.0604159e-05,1.6804162e-05
1,4,151.719,0.008,1.5183329e-05,1.5629164e-05,1.6070826e-05,1.5737494e-05,4.9996e-08,1.5395832e-05,4.9996e-08,1.4549994e-05,1.5191667e-05,1.6062499e-05,1.6212494e-05,1.5420826e-05,1.5683334e-05,1.6424998e-05,1.0579165e-05,1.677916e-05
1,5,151.87,0.01,1.5154163e-05,1.5599999e-05,1.6045833e-05,1.5716663e-05,4.9996e-08,1.537083e-05,5.4161e-08,1.4529164e-05,1.5174993e-05,1.604166e-05,1.6195831e-05,1.5399997e-05,1.5662496e-05,1.6412496e-05,1.0566664e-05,1.6762495e-05
1,6,152.021,0.012,1.5137498e-05,1.5574995e-05,1.6024995e-05,1.5691661e-05,5.4161e-08,1.5345828e-05,5.4161e-08,1.4504162e-05,1.5145826e-05,1.6012495e-05,1.6166663e-05,1.5374993e-05,1.5633328e-05,1.638333e-05,1.0541661e-05,1.6737493e-05
1,7,152.172,0.014,1.5112495e-05,1.5549993e-05,1.6004165e-05,1.5666659e-05,5.4161e-08,1.5329162e-05,5.8325e-08,1.4474996e-05,1.5129161e-05,1.5995829e-05,1.6149997e-05,1.535833e-05,1.5620828e-05,1.6370828e-05,1.052916e-05,1.6720827e-05
1,8,152.323,0.016,1.5091666e-05,1.5525e-05,1.5974998e-05,1.5641666e-05,5.4161e-08,1.5299996e-05,5.8325e-08,1.4445829e-05,1.5099994e-05,1.5970827e-05,1.6124995e-05,1.5329162e-05,1.5599999e-05,1.6345826e-05,1.0508331e-05,1.6691662e-05
1,9,152.474,0.018,1.5066664e-05,1.5499998e-05,1.5954161e-05,1.5620828e-05,5.8325e-08,1.5279165e-05,5.8325e-08,1.4425e-05,1.5079165e-05,1.5954161e-05,1.6112495e-05,1.5308333e-05,1.557916e-05,1.6329161e-05,1.0491665e-05,1.6674996e-05
1,10,152.624,0.02,1.5041661e-05,1.5474994e-05,1.5929167e-05,1.559166e-05,6.2497e-08,1.5254163e-05,6.2497e-08,1.4399998e-05,1.5054163e-05,1.5929167e-05,1.6083328e-05,1.5287495e-05,1.5562495e-05,1.6308331e-05,1.0470828e-05,1.6654165e-05
1,11,152.775,0.022,1.5020832e-05,1.5454165e-05,1.5904165e-05,1.5566658e-05,5.8325e-08,1.5237499e-05,5.8325e-08,1.4374995e-05,1.502916e-05,1.5908328e-05,1.6070826e-05,1.5266665e-05,1.5541666e-05,1.6287493e-05,1.0449998e-05,1.6637492e-05
1,12,152.926,0.024,1.4999993e-05,1.5433327e-05,1.5883326e-05,1.5541666e-05,6.2497e-08,1.5208332e-05,5.8325e-08,1.4345828e-05,1.5008331e-05,1.5887499e-05,1.604166e-05,1.5241662e-05,1.5512498e-05,1.62625e-05,1.0433332e-05,1.6612497e-05
1,13,153.077,0.026,1.4979164e-05,1.5408334e-05,1.5858332e-05,1.5520827e-05,6.2497e-08,1.5191667e-05,6.2497e-08,1.4320826e-05,1.4987492e-05,1.5866661e-05,1.6024995e-05,1.5220833e-05,1.5504162e-05,1.6249998e-05,1.0420831e-05,1.6595832e-05
1,14,153.228,0.028,1.4958326e-05,1.5383332e-05,1.583333e-05,1.5499998e-05,6.2497e-08,1.5170828e-05,6.2497e-08,1.4295832e-05,1.4962498e-05,1.5845832e-05,1.6004165e-05,1.5195831e-05,1.547916e-05,1.6220833e-05,1.0395829e-05,1.6574995e-05
1,15,153.379,0.03,1.4933332e-05,1.5362493e-05,1.5812493e-05,1.547083e-05,6.6662e-08,1.5145826e-05,6.2497e-08,1.4266666e-05,1.4941661e-05,1.5824993e-05,1.59875e-05,1.5174993e-05,1.5462494e-05,1.6204167e-05,1.0383328e-05,1.6554164e-05
1,16,153.529,0.032,1.4912494e-05,1.5337499e-05,1.5787498e-05,1.5449992e-05,6.6662e-08,1.5120832e-05,6.6662e-08,1.4241664e-05,1.4916666e-05,1.5804164e-05,1.5958332e-05,1.5149999e-05,1.5437499e-05,1.6183329e-05,1.0358325e-05,1.6529162e-05
1,17,153.68,0.034,1.4891664e-05,1.5316662e-05,1.5762496e-05,1.5424999e-05,6.6662e-08,1.5099994e-05,7.0826e-08,1.4212497e-05,1.4891664e-05,1.5783326e-05,1.5945832e-05,1.5129161e-05,1.5420826e-05,1.6162499e-05,1.0345832e-05,1.6512497e-05
1,18,153.831,0.036,1.4870827e-05,1.5291658e-05,1.5741665e-05,1.5395832e-05,6.6662e-08,1.5074992e-05,7.0826e-08,1.4191659e-05,1.4866662e-05,1.5758331e-05,1.5916665e-05,1.5104159e-05,1.5391659e-05,1.6141661e-05,1.0324995e-05,1.6487495e-05
1,19,153.982,0.038,1.4849997e-05,1.5266665e-05,1.5716663e-05,1.5379166e-05,7.0826e-08,1.5054163e-05,7.0826e-08,1.4166665e-05,1.4849997e-05,1.5741665e-05,1.5904165e-05,1.5083328e-05,1.5379166e-05,1.6124995e-05,1.0308329e-05,1.6470829e-05
1,20,154.133,0.04,1.4824995e-05,1.5245827e-05,1.5695827e-05,1.5362493e-05,6.6662e-08,1.5033333e-05,6.6662e-08,1.415e-05,1.4833331e-05,1.5720829e-05,1.5887499e-05,1.5070827e-05,1.5366666e-05,1.6112495e-05,1.0291664e-05,1.6454163e-05
1,21,154.284,0.042,1.4804164e-05,1.5224997e-05,1.5679161e-05,1.5337499e-05,7.0826e-08,1.5008331e-05,7.4999e-08,1.4116661e-05,1.4799993e-05,1.5699998e-05,1.5862497e-05,1.5045825e-05,1.5333326e-05,1.6083328e-05,1.0270826e-05,1.6424998e-05
1,22,154.434,0.044,1.4783327e-05,1.5199995e-05,1.5654166e-05,1.5312497e-05,7.0826e-08,1.4987492e-05,7.0826e-08,1.4091666e-05,1.4783327e-05,1.5679161e-05,1.5841659e-05,1.5024996e-05,1.5320826e-05,1.6070826e-05,1.0254161e-05,1.6408332e-05
1,23,154.585,0.046,1.4762497e-05,1.5174993e-05,1.5624992e-05,1.5279165e-05,7.4999e-08,1.4962498e-05,7.0826e-08,1.4058328e-05,1.4762497e-05,1.5649994e-05,1.5816664e-05,1.499583e-05,1.5291658e-05,1.604166e-05,1.0233331e-05,1.638333e-05
1,24,154.736,0.048,1.473333e-05,1.5154163e-05,1.5599999e-05,1.5262493e-05,7.4999e-08,1.4941661e-05,7.4999e-08,1.4041662e-05,1.4741659e-05,1.5641666e-05,1.5804164e-05,1.4979164e-05,1.5274994e-05,1.6024995e-05,1.0216665e-05,1.6366665e-05
1,25,154.887,0.05,1.4712493e-05,1.5133333e-05,1.5574995e-05,1.5233326e-05,7.4999e-08,1.4916666e-05,7.9163e-08,1.4012496e-05,1.4712493e-05,1.5612499e-05,1.5774996e-05,1.4954162e-05,1.5254163e-05,1.5999993e-05,1.0191663e-05,1.6337499e-05
1,26,155.038,0.052,1.4687498e-05,1.5104159e-05,1.5554166e-05,1.521666e-05,7.4999e-08,1.4895829e-05,7.4999e-08,1.3987494e-05,1.4695827e-05,1.559166e-05,1.5758331e-05,1.4937496e-05,1.5233326e-05,1.59875e-05,1.0174997e-05,1.6320833e-05
1,27,155.189,0.054,1.4670833e-05,1.5087493e-05,1.5533327e-05,1.5195831e-05,7.4999e-08,1.4866662e-05,7.4999e-08,1.3962499e-05,1.4670833e-05,1.5570831e-05,1.5741665e-05,1.4912494e-05,1.5204159e-05,1.5962498e-05,1.0158332e-05,1.6304159e-05
1,28,155.34,0.056,1.4649995e-05,1.5058326e-05,1.5504162e-05,1.5170828e-05,7.4999e-08,1.4849997e-05,7.4999e-08,1.3941662e-05,1.4649995e-05,1.5549993e-05,1.5716663e-05,1.4891664e-05,1.5195831e-05,1.594166e-05,1.0141659e-05,1.6279166e-05
1,29,155.49,0.058,1.4624993e-05,1.5033333e-05,1.547916e-05,1.5145826e-05,7.4999e-08,1.482083e-05,7.9163e-08,1.3912495e-05,1.4620829e-05,1.5525e-05,1.5691661e-05,1.4862498e-05,1.5166665e-05,1.5916665e-05,1.0116664e-05,1.6254162e-05
1,30,155.641,0.06,1.4604163e-05,1.5012495e-05,1.545833e-05,1.5120832e-05,7.9163e-08,1.4804164e-05,7.4999e-08,1.3887493e-05,1.4604163e-05,1.5512498e-05,1.5674996e-05,1.4845832e-05,1.5145826e-05,1.5899999e-05,1.0099999e-05,1.6237498e-05
1,31,155.792,0.062,1.4579161e-05,1.4987492e-05,1.5437499e-05,1.5091666e-05,7.9163e-08,1.4770826e-05,7.0826e-08,1.3862498e-05,1.4579161e-05,1.549166e-05,1.5654166e-05,1.4824995e-05,1.5120832e-05,1.5874997e-05,1.0083326e-05,1.6212494e-05
1,32,155.943,0.064,1.4554159e-05,1.4966663e-05,1.5408334e-05,1.5074992e-05,7.4999e-08,1.4758332e-05,7.9163e-08,1.3837496e-05,1.4554159e-05,1.5462494e-05,1.5637494e-05,1.4799993e-05,1.5108331e-05,1.5858332e-05,1.0062496e-05,1.6191665e-05
1,33,156.094,0.066,1.4533329e-05,1.4945833e-05,1.5387495e-05,1.5045825e-05,7.9163e-08,1.4729166e-05,7.4999e-08,1.3812494e-05,1.4529164e-05,1.5441665e-05,1.5608326e-05,1.4774998e-05,1.5083328e-05,1.583333e-05,1.004583e-05,1.6158327e-05
1,34,156.245,0.068,1.45125e-05,1.4916666e-05,1.535833e-05,1.5024996e-05,7.9163e-08,1.4708328e-05,7.4999e-08,1.3783328e-05,1.45125e-05,1.5424999e-05,1.5595826e-05,1.475416e-05,1.5062499e-05,1.5816664e-05,1.0020828e-05,1.6145825e-05
1,35,156.395,0.07,1.4491661e-05,1.4895829e-05,1.5337499e-05,1.499583e-05,7.9163e-08,1.4683326e-05,7.9163e-08,1.3758326e-05,1.4483333e-05,1.5399997e-05,1.5570831e-05,1.473333e-05,1.5033333e-05,1.5787498e-05,9.999999e-06,1.6120832e-05
1,36,156.546,0.072,1.4462495e-05,1.4874999e-05,1.5308333e-05,1.4974999e-05,7.9163e-08,1.4670833e-05,8.3327e-08,1.3737495e-05,1.4462495e-05,1.5383332e-05,1.5558329e-05,1.4716665e-05,1.5024996e-05,1.5774996e-05,9.987497e-06,1.6104166e-05
1,37,156.697,0.074,1.4445829e-05,1.4854161e-05,1.5287495e-05,1.4954162e-05,7.4999e-08,1.4637494e-05,8.3327e-08,1.3708329e-05,1.4437493e-05,1.5354164e-05,1.5525e-05,1.4683326e-05,1.499583e-05,1.5745831e-05,9.966659e-06,1.6079164e-05
1,38,156.848,0.076,1.4420827e-05,1.4824995e-05,1.5266665e-05,1.4929159e-05,7.9163e-08,1.4624993e-05,8.3327e-08,1.3691663e-05,1.4425e-05,1.5337499e-05,1.5516662e-05,1.4666661e-05,1.4979164e-05,1.5729165e-05,9.954158e-06,1.6062499e-05
1,39,156.999,0.078,1.4399998e-05,1.4799993e-05,1.5237499e-05,1.490833e-05,7.4999e-08,1.4591662e-05,7.9163e-08,1.365416e-05,1.4399998e-05,1.5308333e-05,1.5483332e-05,1.4645831e-05,1.4954162e-05,1.5708327e-05,9.933328e-06,1.6037497e-05
1,40,157.15,0.08,1.4374995e-05,1.4779162e-05,1.521666e-05,1.4879163e-05,7.9163e-08,1.4570832e-05,8.3327e-08,1.3633331e-05,1.4379159e-05,1.5295831e-05,1.5474994e-05,1.4624993e-05,1.4933332e-05,1.5687498e-05,9.912499e-06,1.6016666e-05
1,41,157.301,0.082,1.4354166e-05,1.475416e-05,1.5195831e-05,1.4858325e-05,7.9163e-08,1.4549994e-05,8.3327e-08,1.3604164e-05,1.4345828e-05,1.5270829e-05,1.5449992e-05,1.4595827e-05,1.490833e-05,1.5666659e-05,9.891661e-06,1.5991664e-05
1,42,157.451,0.084,1.4333327e-05,1.4729166e-05,1.5170828e-05,1.4833331e-05,8.3327e-08,1.4524992e-05,8.3327e-08,1.3583326e-05,1.4329164e-05,1.5245827e-05,1.5429163e-05,1.4579161e-05,1.4891664e-05,1.564583e-05,9.874995e-06,1.5970827e-05
1,43,157.602,0.086,1.4308325e-05,1.4708328e-05,1.5145826e-05,1.4808329e-05,8.3327e-08,1.4495826e-05,8.3327e-08,1.3558332e-05,1.4304161e-05,1.5229161e-05,1.5408334e-05,1.4554159e-05,1.4866662e-05,1.5624992e-05,9.849993e-06,1.5949996e-05
1,44,157.753,0.088,1.4287496e-05,1.4683326e-05,1.5124997e-05,1.4787499e-05,8.3327e-08,1.447916e-05,8.3327e-08,1.353333e-05,1.4283331e-05,1.5208332e-05,1.5387495e-05,1.4533329e-05,1.4849997e-05,1.5604162e-05,9.837492e-06,1.5929167e-05
1,45,157.904,0.09,1.4262493e-05,1.4658332e-05,1.509583e-05,1.4762497e-05,8.3327e-08,1.4454166e-05,8.3327e-08,1.3504164e-05,1.4254165e-05,1.5183329e-05,1.535833e-05,1.4504162e-05,1.482083e-05,1.5574995e-05,9.808326e-06,1.5899999e-05
1,46,158.055,0.092,1.4237499e-05,1.463333e-05,1.5079165e-05,1.4737495e-05,8.3327e-08,1.4433328e-05,8.7492e-08,1.3487498e-05,1.4237499e-05,1.5166665e-05,1.5345828e-05,1.4487497e-05,1.4804164e-05,1.5558329e-05,9.795833e-06,1.5887499e-05
1,47,158.206,0.094,1.4216662e-05,1.46125e-05,1.5045825e-05,1.4704164e-05,8.7492e-08,1.4404161e-05,8.3327e-08,1.3454159e-05,1.420416e-05,1.5137498e-05,1.5320826e-05,1.445833e-05,1.4774998e-05,1.5533327e-05,9.770831e-06,1.5858332e-05
1,48,158.356,0.096,1.4187495e-05,1.4583326e-05,1.5024996e-05,1.4687498e-05,8.3327e-08,1.4383332e-05,8.3327e-08,1.343333e-05,1.4187495e-05,1.5120832e-05,1.5299996e-05,1.4441665e-05,1.475416e-05,1.5512498e-05,9.75833e-06,1.583333e-05
1,49,158.507,0.098,1.417083e-05,1.456666e-05,1.5004166e-05,1.4666661e-05,8.3327e-08,1.4366667e-05,8.7492e-08,1.3412499e-05,1.417083e-05,1.5104159e-05,1.5283331e-05,1.4425e-05,1.4737495e-05,1.5495832e-05,9.741664e-06,1.582083e-05
1,50,158.658,0.1,1.4154164e-05,1.4541666e-05,1.4979164e-05,1.4641666e-05,8.3327e-08,1.4337492e-05,8.7492e-08,1.3383333e-05,1.4141663e-05,1.5079165e-05,1.5262493e-05,1.4395833e-05,1.4716665e-05,1.5474994e-05,9.720826e-06,1.5791662e-05
1,51,158.809,0.102,1.4133327e-05,1.4520828e-05,1.4958326e-05,1.4620829e-05,8.7492e-08,1.4320826e-05,8.7492e-08,1.3362495e-05,1.4124998e-05,1.5062499e-05,1.5245827e-05,1.4379159e-05,1.4695827e-05,1.5454165e-05,9.699997e-06,1.5774996e-05
1,52,158.96,0.104,1.4108332e-05,1.4495826e-05,1.4933332e-05,1.4591662e-05,8.7492e-08,1.429166e-05,8.7492e-08,1.3329164e-05,1.4095831e-05,1.5033333e-05,1.5212496e-05,1.4349993e-05,1.4670833e-05,1.5429163e-05,9.683331e-06,1.5749994e-05
1,53,159.111,0.106,1.4079165e-05,1.4470832e-05,1.490833e-05,1.456666e-05,8.7492e-08,1.427083e-05,8.7492e-08,1.3308327e-05,1.4070829e-05,1.5012495e-05,1.5199995e-05,1.4329164e-05,1.4649995e-05,1.5408334e-05,9.658329e-06,1.5724992e-05
1,54,159.262,0.108,1.4058328e-05,1.4445829e-05,1.4879163e-05,1.4541666e-05,8.7492e-08,1.4245828e-05,8.7492e-08,1.327916e-05,1.4045827e-05,1.4991665e-05,1.5166665e-05,1.4299997e-05,1.4616664e-05,1.5379166e-05,9.637499e-06,1.5695827e-05
1,55,159.412,0.11,1.4029161e-05,1.4420827e-05,1.4854161e-05,1.4520828e-05,8.3327e-08,1.4220826e-05,8.7492e-08,1.3249994e-05,1.4024997e-05,1.4970827e-05,1.5154163e-05,1.4283331e-05,1.4599998e-05,1.535833e-05,9.620825e-06,1.5679161e-05
1,56,159.563,0.112,1.4008331e-05,1.439166e-05,1.4824995e-05,1.4491661e-05,8.7492e-08,1.4191659e-05,9.1664e-08,1.3220827e-05,1.3991666e-05,1.4941661e-05,1.5124997e-05,1.4254165e-05,1.4574996e-05,1.5329162e-05,9.595831e-06,1.564583e-05
1,57,159.714,0.114,1.3983329e-05,1.4370831e-05,1.4799993e-05,1.4466659e-05,8.7492e-08,1.4174994e-05,8.7492e-08,1.3199997e-05,1.3979165e-05,1.4916666e-05,1.5104159e-05,1.4237499e-05,1.4554159e-05,1.5316662e-05,9.579166e-06,1.5629164e-05
1,58,159.865,0.116,1.3962499e-05,1.4341665e-05,1.4770826e-05,1.4437493e-05,8.7492e-08,1.4145828e-05,8.7492e-08,1.317083e-05,1.3949998e-05,1.4895829e-05,1.5083328e-05,1.4208333e-05,1.4529164e-05,1.5287495e-05,9.554164e-06,1.5604162e-05
1,59,160.016,0.118,1.3933332e-05,1.4320826e-05,1.4749996e-05,1.4416662e-05,8.7492e-08,1.4120833e-05,9.1664e-08,1.3149993e-05,1.3929161e-05,1.4874999e-05,1.5062499e-05,1.4183331e-05,1.4508327e-05,1.5266665e-05,9.537498e-06,1.557916e-05
1,60,160.167,0.12,1.390833e-05,1.429166e-05,1.4720829e-05,1.4383332e-05,8.7492e-08,1.4091666e-05,9.1664e-08,1.3112497e-05,1.3895829e-05,1.4845832e-05,1.5033333e-05,1.4158329e-05,1.4483333e-05,1.5237499e-05,9.512496e-06,1.5545829e-05
1,61,160.317,0.122,1.3879164e-05,1.4266666e-05,1.4695827e-05,1.435833e-05,8.7492e-08,1.4066664e-05,8.7492e-08,1.309166e-05,1.3879164e-05,1.4824995e-05,1.5012495e-05,1.4133327e-05,1.4462495e-05,1.521666e-05,9.491666e-06,1.5529164e-05
1,62,160.468,0.124,1.3862498e-05,1.4241664e-05,1.4670833e-05,1.4337492e-05,8.7492e-08,1.4041662e-05,8.7492e-08,1.3062493e-05,1.3845834e-05,1.4804164e-05,1.499583e-05,1.4112497e-05,1.4433328e-05,1.5187494e-05,9.470828e-06,1.5499998e-05
1,63,160.619,0.126,1.3833332e-05,1.4216662e-05,1.4645831e-05,1.4308325e-05,8.7492e-08,1.401666e-05,9.1664e-08,1.3037499e-05,1.3824995e-05,1.4783327e-05,1.4974999e-05,1.4087494e-05,1.4412499e-05,1.5170828e-05,9.454163e-06,1.5483332e-05
1,64,160.77,0.128,1.380833e-05,1.4191659e-05,1.4620829e-05,1.4283331e-05,8.7492e-08,1.3999995e-05,9.5828e-08,1.3008333e-05,1.3799993e-05,1.4758332e-05,1.4945833e-05,1.4066664e-05,1.4387496e-05,1.5141662e-05,9.433325e-06,1.5449992e-05
1,65,160.921,0.13,1.3787492e-05,1.417083e-05,1.4591662e-05,1.4258329e-05,9.1664e-08,1.3970828e-05,9.1664e-08,1.2987494e-05,1.3779163e-05,1.4737495e-05,1.4929159e-05,1.4037498e-05,1.4366667e-05,1.5120832e-05,9.412495e-06,1.5437499e-05
1,66,161.072,0.132,1.3766662e-05,1.4141663e-05,1.456666e-05,1.4233327e-05,9.1664e-08,1.3941662e-05,9.5828e-08,1.2954163e-05,1.3745833e-05,1.4708328e-05,1.4899992e-05,1.401666e-05,1.4341665e-05,1.509583e-05,9.387493e-06,1.5408334e-05
1,67,161.222,0.134,1.3737495e-05,1.4116661e-05,1.4541666e-05,1.4208333e-05,9.1664e-08,1.3920831e-05,9.5828e-08,1.2933326e-05,1.3729159e-05,1.4687498e-05,1.4883328e-05,1.399583e-05,1.4320826e-05,1.5079165e-05,9.370828e-06,1.5387495e-05
1,68,161.373,0.136,1.3712493e-05,1.4087494e-05,1.45125e-05,1.4179166e-05,9.1664e-08,1.3891665e-05,9.5828e-08,1.2899995e-05,1.3695828e-05,1.4662496e-05,1.4849997e-05,1.3966664e-05,1.4287496e-05,1.5049998e-05,9.345826e-06,1.5354164e-05
1,69,161.524,0.138,1.3683327e-05,1.4062492e-05,1.4483333e-05,1.4154164e-05,9.5828e-08,1.3870827e-05,9.1664e-08,1.2870828e-05,1.3674999e-05,1.4637494e-05,1.4833331e-05,1.3941662e-05,1.4266666e-05,1.502916e-05,9.324996e-06,1.5333326e-05
1,70,161.675,0.14,1.3662498e-05,1.4033326e-05,1.445833e-05,1.4120833e-05,8.7492e-08,1.3837496e-05,9.1664e-08,1.2841661e-05,1.3641659e-05,1.4616664e-05,1.4804164e-05,1.3912495e-05,1.4237499e-05,1.499583e-05,9.299994e-06,1.5299996e-05
1,71,161.826,0.142,1.3629166e-05,1.4008331e-05,1.4429164e-05,1.4099995e-05,9.1664e-08,1.3816659e-05,9.5828e-08,1.2816659e-05,1.362083e-05,1.4595827e-05,1.4783327e-05,1.3899994e-05,1.4220826e-05,1.4974999e-05,9.283328e-06,1.5283331e-05
1,72,161.977,0.144,1.3616665e-05,1.3991666e-05,1.4412499e-05,1.4070829e-05,9.1664e-08,1.3791664e-05,9.1664e-08,1.2783329e-05,1.3595827e-05,1.4562495e-05,1.4758332e-05,1.3866663e-05,1.4187495e-05,1.4945833e-05,9.258326e-06,1.5254163e-05
1,73,162.128,0.146,1.3583326e-05,1.3958327e-05,1.4379159e-05,1.4045827e-05,8.7492e-08,1.3762497e-05,9.1664e-08,1.2762499e-05,1.3570825e-05,1.4541666e-05,1.4737495e-05,1.3841661e-05,1.4166665e-05,1.4924995e-05,9.237496e-06,1.5224997e-05
1,74,162.278,0.148,1.3558332e-05,1.3929161e-05,1.4345828e-05,1.401666e-05,9.1664e-08,1.3733332e-05,9.5828e-08,1.2733332e-05,1.3537494e-05,1.45125e-05,1.4708328e-05,1.380833e-05,1.4137499e-05,1.4895829e-05,9.212494e-06,1.5199995e-05
1,75,162.429,0.15,1.3529166e-05,1.3904166e-05,1.4320826e-05,1.3991666e-05,9.1664e-08,1.3712493e-05,9.5828e-08,1.270833e-05,1.3516665e-05,1.4495826e-05,1.4687498e-05,1.3783328e-05,1.4120833e-05,1.4874999e-05,9.195828e-06,1.5174993e-05
1,76,162.58,0.152,1.3508327e-05,1.3879164e-05,1.4299997e-05,1.3970828e-05,9.1664e-08,1.3691663e-05,9.1664e-08,1.2687492e-05,1.3499999e-05,1.4474996e-05,1.4674997e-05,1.3762497e-05,1.4095831e-05,1.4854161e-05,9.183327e-06,1.5154163e-05
1,77,162.731,0.154,1.3487498e-05,1.3854162e-05,1.427083e-05,1.3941662e-05,8.7492e-08,1.3662498e-05,9.1664e-08,1.2654162e-05,1.346666e-05,1.4445829e-05,1.4645831e-05,1.374166e-05,1.4070829e-05,1.482083e-05,9.149996e-06,1.5124997e-05
1,78,162.882,0.156,1.3458332e-05,1.382916e-05,1.4245828e-05,1.3912495e-05,9.1664e-08,1.3637495e-05,9.5828e-08,1.2629159e-05,1.3449995e-05,1.4425e-05,1.4624993e-05,1.3716666e-05,1.4045827e-05,1.4804164e-05,9.137495e-06,1.5104159e-05
1,79,163.033,0.158,1.3437494e-05,1.3799993e-05,1.4216662e-05,1.3887493e-05,9.1664e-08,1.3604164e-05,9.5828e-08,1.2595829e-05,1.3412499e-05,1.4395833e-05,1.4595827e-05,1.36875e-05,1.4024997e-05,1.4774998e-05,9.112493e-06,1.5070827e-05
1,80,163.183,0.16,1.3408328e-05,1.3774999e-05,1.4187495e-05,1.3858326e-05,9.1664e-08,1.3583326e-05,9.5828e-08,1.2574998e-05,1.3395826e-05,1.4374995e-05,1.4579161e-05,1.3666661e-05,1.3999995e-05,1.475416e-05,9.095827e-06,1.5049998e-05
1,81,163.334,0.162,1.3383333e-05,1.3749996e-05,1.4162492e-05,1.382916e-05,9.5828e-08,1.355416e-05,9.5828e-08,1.254166e-05,1.3362495e-05,1.4345828e-05,1.454583e-05,1.3637495e-05,1.3966664e-05,1.4724994e-05,9.066661e-06,1.5020832e-05
1,82,163.485,0.164,1.3354166e-05,1.372083e-05,1.4133327e-05,1.3804166e-05,9.1664e-08,1.353333e-05,9.1664e-08,1.2516665e-05,1.3341665e-05,1.4324999e-05,1.4533329e-05,1.3616665e-05,1.3945826e-05,1.4704164e-05,9.049996e-06,1.4999993e-05
1,83,163.636,0.166,1.3329164e-05,1.3691663e-05,1.4108332e-05,1.3779163e-05,9.5828e-08,1.3504164e-05,9.5828e-08,1.2483327e-05,1.3308327e-05,1.4295832e-05,1.4499999e-05,1.3583326e-05,1.391666e-05,1.4670833e-05,9.02083e-06,1.4970827e-05
1,84,163.787,0.168,1.3299998e-05,1.3666661e-05,1.4079165e-05,1.3749996e-05,9.5828e-08,1.3479162e-05,9.5828e-08,1.2462497e-05,1.3287497e-05,1.4279159e-05,1.4483333e-05,1.3566661e-05,1.3899994e-05,1.465416e-05,8.999999e-06,1.4949997e-05
1,85,163.938,0.17,1.327916e-05,1.3641659e-05,1.4054163e-05,1.3724994e-05,9.9993e-08,1.3449995e-05,9.5828e-08,1.2429166e-05,1.325833e-05,1.4249992e-05,1.4454166e-05,1.353333e-05,1.3866663e-05,1.4624993e-05,8.983326e-06,1.4920831e-05
1,86,164.089,0.172,1.3254165e-05,1.3616665e-05,1.4024997e-05,1.3695828e-05,9.5828e-08,1.3429165e-05,9.5828e-08,1.2408328e-05,1.3233328e-05,1.4229163e-05,1.4437493e-05,1.3508327e-05,1.3845834e-05,1.4604163e-05,8.962496e-06,1.4899992e-05
1,87,164.239,0.174,1.3224999e-05,1.3587499e-05,1.399583e-05,1.3666661e-05,9.5828e-08,1.3399998e-05,9.5828e-08,1.2370832e-05,1.3204161e-05,1.4199996e-05,1.4408326e-05,1.3483325e-05,1.3812494e-05,1.4574996e-05,8.937494e-06,1.4866662e-05
1,88,164.39,0.176,1.3204161e-05,1.3558332e-05,1.3970828e-05,1.3645832e-05,9.5828e-08,1.3370832e-05,9.5828e-08,1.2349995e-05,1.3179159e-05,1.4179166e-05,1.4383332e-05,1.3462496e-05,1.3791664e-05,1.4554159e-05,8.916664e-06,1.484166e-05
1,89,164.541,0.178,1.3174995e-05,1.3529166e-05,1.3941662e-05,1.3608328e-05,9.9993e-08,1.334583e-05,9.5828e-08,1.2316664e-05,1.3149993e-05,1.415e-05,1.4354166e-05,1.3429165e-05,1.3762497e-05,1.4520828e-05,8.891662e-06,1.4812494e-05
1,90,164.692,0.18,1.3145828e-05,1.3504164e-05,1.3912495e-05,1.3587499e-05,9.5828e-08,1.3325e-05,9.5828e-08,1.2295826e-05,1.3124998e-05,1.4129162e-05,1.4333327e-05,1.3404163e-05,1.374166e-05,1.4499999e-05,8.870832e-06,1.4791663e-05
1,91,164.843,0.182,1.3120826e-05,1.3474997e-05,1.3883328e-05,1.3549996e-05,9.5828e-08,1.3291661e-05,9.9993e-08,1.2258331e-05,1.309166e-05,1.4091666e-05,1.4304161e-05,1.3374996e-05,1.3708329e-05,1.4466659e-05,8.84583e-06,1.4758332e-05
1,92,164.994,0.184,1.3087495e-05,1.3445831e-05,1.3854162e-05,1.3524993e-05,9.5828e-08,1.3266659e-05,9.9993e-08,1.2237493e-05,1.3070829e-05,1.4074993e-05,1.4283331e-05,1.3354166e-05,1.3683327e-05,1.4445829e-05,8.829164e-06,1.473333e-05
1,93,165.144,0.186,1.3066665e-05,1.3420829e-05,1.3824995e-05,1.3499999e-05,9.5828e-08,1.3237493e-05,1.04165e-07,1.2204162e-05,1.3037499e-05,1.4041662e-05,1.4254165e-05,1.3316663e-05,1.3658333e-05,1.4412499e-05,8.799998e-06,1.4704164e-05
1,94,165.295,0.188,1.3037499e-05,1.3391662e-05,1.3795829e-05,1.3470833e-05,9.9993e-08,1.3212498e-05,9.9993e-08,1.2174995e-05,1.3012496e-05,1.4024997e-05,1.4233327e-05,1.3295826e-05,1.3641659e-05,1.439166e-05,8.783332e-06,1.4679162e-05
1,95,165.446,0.19,1.3012496e-05,1.3362495e-05,1.3770827e-05,1.3437494e-05,9.9993e-08,1.3183331e-05,9.9993e-08,1.2141665e-05,1.2987494e-05,1.3991666e-05,1.4199996e-05,1.3262495e-05,1.36e-05,1.435833e-05,8.75833e-06,1.4645831e-05
1,96,165.597,0.192,1.298333e-05,1.3333329e-05,1.374166e-05,1.3416664e-05,9.5828e-08,1.3154165e-05,9.9993e-08,1.2116662e-05,1.2958328e-05,1.3966664e-05,1.4183331e-05,1.3237493e-05,1.3583326e-05,1.4337492e-05,8.733328e-06,1.4620829e-05
1,97,165.748,0.194,1.2954163e-05,1.3304162e-05,1.3708329e-05,1.3379161e-05,9.9993e-08,1.3129163e-05,9.9993e-08,1.2087497e-05,1.2920833e-05,1.3937497e-05,1.4154164e-05,1.3208326e-05,1.3549996e-05,1.4304161e-05,8.708326e-06,1.4587497e-05
1,98,165.899,0.196,1.2929161e-05,1.3274996e-05,1.3679162e-05,1.3354166e-05,9.5828e-08,1.3099996e-05,9.9993e-08,1.2054165e-05,1.2904159e-05,1.3912495e-05,1.4137499e-05,1.3187496e-05,1.3529166e-05,1.4283331e-05,8.691661e-06,1.456666e-05
1,99,166.049,0.198,1.2899995e-05,1.3249994e-05,1.365416e-05,1.3325e-05,9.9993e-08,1.3070829e-05,9.9993e-08,1.2024999e-05,1.2870828e-05,1.3887493e-05,1.410416e-05,1.3149993e-05,1.3495826e-05,1.4254165e-05,8.662494e-06,1.4533329e-05
1,100,166.2,0.2,1.2874993e-05,1.3220827e-05,1.3624994e-05,1.3299998e-05,9.5828e-08,1.3049992e-05,9.9993e-08,1.1999997e-05,1.2845826e-05,1.3862498e-05,1.4079165e-05,1.3129163e-05,1.3474997e-05,1.4229163e-05,8.641664e-06,1.4508327e-05
1,101,166.351,0.202,1.2845826e-05,1.319166e-05,1.3595827e-05,1.3266659e-05,9.5828e-08,1.3012496e-05,1.04165e-07,1.1966666e-05,1.2812495e-05,1.3833332e-05,1.4049999e-05,1.3095831e-05,1.3441666e-05,1.4195832e-05,8.612497e-06,1.447916e-05
1,102,166.502,0.204,1.2816659e-05,1.3158329e-05,1.3566661e-05,1.3241664e-05,9.5828e-08,1.2991659e-05,1.04165e-07,1.1933326e-05,1.2791666e-05,1.380833e-05,1.4029161e-05,1.3074994e-05,1.3424992e-05,1.4179166e-05,8.595832e-06,1.445833e-05
1,103,166.653,0.206,1.2799994e-05,1.3141664e-05,1.3545831e-05,1.3216662e-05,9.9993e-08,1.2970829e-05,9.9993e-08,1.1916662e-05,1.2774992e-05,1.3787492e-05,1.4008331e-05,1.3054164e-05,1.3404163e-05,1.4154164e-05,8.587495e-06,1.4437493e-05
1,104,166.804,0.208,1.2770827e-05,1.3116662e-05,1.3512492e-05,1.3187496e-05,9.9993e-08,1.2937498e-05,9.9993e-08,1.188333e-05,1.2737497e-05,1.3762497e-05,1.3979165e-05,1.3020825e-05,1.336666e-05,1.4120833e-05,8.558329e-06,1.4404161e-05
1,105,166.955,0.21,1.2745825e-05,1.3087495e-05,1.3483325e-05,1.3162494e-05,9.9993e-08,1.291666e-05,9.5828e-08,1.1858328e-05,1.2716659e-05,1.3737495e-05,1.3958327e-05,1.2999995e-05,1.334583e-05,1.4099995e-05,8.5375e-06,1.4379159e-05
1,106,167.105,0.212,1.2712495e-05,1.3054164e-05,1.3454159e-05,1.3129163e-05,9.9993e-08,1.2883329e-05,9.9993e-08,1.1824997e-05,1.2683328e-05,1.3708329e-05,1.3929161e-05,1.2970829e-05,1.3316663e-05,1.4066664e-05,8.512497e-06,1.4345828e-05
1,107,167.256,0.214,1.2687492e-05,1.3029162e-05,1.3424992e-05,1.3104161e-05,9.9993e-08,1.2858327e-05,9.9993e-08,1.1799995e-05,1.2658325e-05,1.36875e-05,1.3912495e-05,1.2945827e-05,1.3287497e-05,1.4045827e-05,8.487495e-06,1.4324999e-05
1,108,167.407,0.216,1.2662498e-05,1.2999995e-05,1.3391662e-05,1.3066665e-05,9.9993e-08,1.2824997e-05,9.9993e-08,1.1766664e-05,1.2620831e-05,1.365416e-05,1.3874999e-05,1.2912496e-05,1.3254165e-05,1.4008331e-05,8.462493e-06,1.4287496e-05
1,109,167.558,0.218,1.2629159e-05,1.2970829e-05,1.336666e-05,1.3041663e-05,9.5828e-08,1.2799994e-05,9.9993e-08,1.1741662e-05,1.2604165e-05,1.3633331e-05,1.3858326e-05,1.2891666e-05,1.3237493e-05,1.3987494e-05,8.441662e-06,1.4266666e-05
1,110,167.709,0.22,1.2604165e-05,1.2937498e-05,1.3337493e-05,1.3008333e-05,1.04165e-07,1.2770827e-05,1.04165e-07,1.1708331e-05,1.2566662e-05,1.36e-05,1.3824995e-05,1.2858327e-05,1.3204161e-05,1.3954163e-05,8.41666e-06,1.4229163e-05
1,111,167.86,0.222,1.2574998e-05,1.2912496e-05,1.3308327e-05,1.2987494e-05,9.9993e-08,1.2745825e-05,9.9993e-08,1.1679164e-05,1.254166e-05,1.3579162e-05,1.3804166e-05,1.282916e-05,1.3179159e-05,1.3933332e-05,8.399995e-06,1.420416e-05
1,112,168.01,0.224,1.2545832e-05,1.2879165e-05,1.3274996e-05,1.2954163e-05,9.9993e-08,1.270833e-05,1.04165e-07,1.1645826e-05,1.2508329e-05,1.3545831e-05,1.3766662e-05,1.279583e-05,1.3145828e-05,1.3895829e-05,8.366665e-06,1.4166665e-05
1,113,168.161,0.226,1.2516665e-05,1.2854163e-05,1.3245829e-05,1.2920833e-05,1.04165e-07,1.2687492e-05,9.9993e-08,1.1616659e-05,1.2479162e-05,1.3520829e-05,1.3745833e-05,1.2770827e-05,1.3120826e-05,1.3870827e-05,8.345826e-06,1.4145828e-05
1,114,168.312,0.228,1.2487499e-05,1.2820832e-05,1.3212498e-05,1.2887494e-05,9.9993e-08,1.2654162e-05,9.9993e-08,1.1583328e-05,1.2445831e-05,1.3487498e-05,1.3716666e-05,1.2737497e-05,1.3087495e-05,1.3841661e-05,8.320832e-06,1.4112497e-05
1,115,168.463,0.23,1.2462497e-05,1.2791666e-05,1.3187496e-05,1.2858327e-05,9.9993e-08,1.2629159e-05,9.9993e-08,1.1558326e-05,1.2424994e-05,1.346666e-05,1.3695828e-05,1.2716659e-05,1.3066665e-05,1.3820831e-05,8.304159e-06,1.4091666e-05
1,116,168.614,0.232,1.243333e-05,1.2762499e-05,1.3154165e-05,1.2833333e-05,9.9993e-08,1.2599993e-05,1.04165e-07,1.1524995e-05,1.2391662e-05,1.343333e-05,1.3662498e-05,1.2683328e-05,1.3033326e-05,1.3787492e-05,8.279165e-06,1.4054163e-05
1,117,168.765,0.234,1.2404163e-05,1.2737497e-05,1.3124998e-05,1.2804167e-05,9.9993e-08,1.2570827e-05,1.04165e-07,1.1504166e-05,1.2370832e-05,1.3412499e-05,1.3641659e-05,1.2658325e-05,1.3012496e-05,1.3762497e-05,8.258326e-06,1.4033326e-05
1,118,168.916,0.236,1.2379161e-05,1.2704166e-05,1.3095831e-05,1.2770827e-05,9.9993e-08,1.254166e-05,1.08329e-07,1.1462498e-05,1.2329165e-05,1.3379161e-05,1.3608328e-05,1.2620831e-05,1.2979166e-05,1.3724994e-05,8.224996e-06,1.3991666e-05
1,119,169.066,0.238,1.2349995e-05,1.2674999e-05,1.3066665e-05,1.2741662e-05,9.9993e-08,1.2516665e-05,9.9993e-08,1.1437495e-05,1.2304163e-05,1.3349994e-05,1.3587499e-05,1.2599993e-05,1.2949999e-05,1.3699992e-05,8.208331e-06,1.3966664e-05
1,120,169.217,0.24,1.2320828e-05,1.2641661e-05,1.3033326e-05,1.270833e-05,1.04165e-07,1.2479162e-05,1.04165e-07,1.1395828e-05,1.226666e-05,1.3316663e-05,1.3549996e-05,1.2562497e-05,1.291666e-05,1.3666661e-05,8.174999e-06,1.3933332e-05
1,121,169.368,0.242,1.2287497e-05,1.2612494e-05,1.2999995e-05,1.2679164e-05,1.04165e-07,1.2449996e-05,9.9993e-08,1.1374998e-05,1.224583e-05,1.3291661e-05,1.3529166e-05,1.2537495e-05,1.2891666e-05,1.3641659e-05,8.158326e-06,1.3904166e-05
1,122,169.519,0.244,1.2254159e-05,1.2579163e-05,1.2966665e-05,1.2645833e-05,9.9993e-08,1.2420829e-05,1.04165e-07,1.1337494e-05,1.2208327e-05,1.325833e-05,1.3495826e-05,1.2504164e-05,1.2854163e-05,1.3608328e-05,8.12916e-06,1.3870827e-05
1,123,169.67,0.246,1.2220828e-05,1.2554161e-05,1.2933326e-05,1.2612494e-05,1.04165e-07,1.2395827e-05,9.9993e-08,1.1312492e-05,1.2187496e-05,1.3241664e-05,1.3474997e-05,1.2483327e-05,1.2837498e-05,1.3579162e-05,8.10833e-06,1.3845834e-05
1,124,169.821,0.248,1.2199998e-05,1.252083e-05,1.2899995e-05,1.2583328e-05,1.04165e-07,1.2362496e-05,1.04165e-07,1.1274998e-05,1.2145829e-05,1.3199997e-05,1.3437494e-05,1.2441659e-05,1.2799994e-05,1.3545831e-05,8.079163e-06,1.3812494e-05
1,125,169.971,0.25,1.2170832e-05,1.2487499e-05,1.2870828e-05,1.2554161e-05,1.04165e-07,1.2333329e-05,1.08329e-07,1.1245831e-05,1.2116662e-05,1.3179159e-05,1.3420829e-05,1.2412493e-05,1.2774992e-05,1.3520829e-05,8.058326e-06,1.3783328e-05
1,126,170.122,0.252,1.2141665e-05,1.2458332e-05,1.2837498e-05,1.2516665e-05,9.9993e-08,1.2299998e-05,1.04165e-07,1.1212492e-05,1.2083332e-05,1.3141664e-05,1.3383333e-05,1.2379161e-05,1.2733332e-05,1.3483325e-05,8.029159e-06,1.3745833e-05
1,127,170.273,0.254,1.2108326e-05,1.2424994e-05,1.2808331e-05,1.2487499e-05,9.9993e-08,1.2270832e-05,1.04165e-07,1.1183325e-05,1.205833e-05,1.3120826e-05,1.3358331e-05,1.2354159e-05,1.2712495e-05,1.3462496e-05,8.008329e-06,1.3724994e-05
1,128,170.424,0.256,1.2079159e-05,1.2391662e-05,1.2774992e-05,1.245416e-05,1.04165e-07,1.2241666e-05,1.04165e-07,1.114583e-05,1.2020826e-05,1.308333e-05,1.3329164e-05,1.2316664e-05,1.2674999e-05,1.3420829e-05,7.979163e-06,1.36875e-05
1,129,170.575,0.258,1.2054165e-05,1.2362496e-05,1.2741662e-05,1.2424994e-05,1.08329e-07,1.2216663e-05,1.04165e-07,1.1120828e-05,1.1995832e-05,1.3058328e-05,1.3304162e-05,1.2291662e-05,1.2654162e-05,1.3399998e-05,7.958332e-06,1.3662498e-05
1,130,170.726,0.26,1.2024999e-05,1.2337494e-05,1.2712495e-05,1.2404163e-05,1.04165e-07,1.2191661e-05,1.04165e-07,1.1091662e-05,1.197083e-05,1.3037499e-05,1.3274996e-05,1.226666e-05,1.2624995e-05,1.3370832e-05,7.937495e-06,1.3633331e-05
1,131,170.876,0.262,1.1999997e-05,1.2308327e-05,1.2687492e-05,1.236666e-05,1.04165e-07,1.2154166e-05,1.04165e-07,1.1049994e-05,1.1929163e-05,1.2999995e-05,1.3241664e-05,1.2233329e-05,1.2587499e-05,1.3333329e-05,7.912493e-06,1.3595827e-05
1,132,171.027,0.264,1.1966666e-05,1.2274996e-05,1.2654162e-05,1.2333329e-05,9.9993e-08,1.2125e-05,1.04165e-07,1.1024999e-05,1.1904161e-05,1.2974993e-05,1.3220827e-05,1.2204162e-05,1.2562497e-05,1.3312499e-05,7.883326e-06,1.3566661e-05
1,133,171.178,0.266,1.1933326e-05,1.2241666e-05,1.2616666e-05,1.2295826e-05,1.08329e-07,1.209166e-05,1.08329e-07,1.0987496e-05,1.1866665e-05,1.2941662e-05,1.3187496e-05,1.2166659e-05,1.2524994e-05,1.3270831e-05,7.845831e-06,1.3529166e-05
1,134,171.329,0.268,1.1904161e-05,1.2212499e-05,1.2587499e-05,1.2270832e-05,1.08329e-07,1.205833e-05,1.04165e-07,1.0962494e-05,1.1845827e-05,1.291666e-05,1.3158329e-05,1.2137492e-05,1.2504164e-05,1.3245829e-05,7.83333e-06,1.3504164e-05
1,135,171.48,0.27,1.1874994e-05,1.2174995e-05,1.2549996e-05,1.2233329e-05,1.04165e-07,1.2024999e-05,1.08329e-07,1.0920827e-05,1.1799995e-05,1.2879165e-05,1.3120826e-05,1.2099998e-05,1.2462497e-05,1.3208326e-05,7.804163e-06,1.346666e-05
1,136,171.631,0.272,1.1837498e-05,1.2145829e-05,1.252083e-05,1.2204162e-05,1.08329e-07,1.1999997e-05,1.08329e-07,1.0895832e-05,1.1774993e-05,1.2854163e-05,1.3095831e-05,1.2070831e-05,1.2437495e-05,1.3179159e-05,7.783326e-06,1.3437494e-05
1,137,171.782,0.274,1.1808332e-05,1.2108326e-05,1.2483327e-05,1.2158331e-05,1.04165e-07,1.1962493e-05,1.08329e-07,1.0849993e-05,1.1729161e-05,1.2812495e-05,1.3058328e-05,1.2033327e-05,1.2395827e-05,1.3137499e-05,7.749994e-06,1.3395826e-05
1,138,171.932,0.276,1.1774993e-05,1.2074995e-05,1.2449996e-05,1.2133328e-05,1.04165e-07,1.1933326e-05,1.04165e-07,1.0820826e-05,1.1704159e-05,1.2787493e-05,1.3037499e-05,1.200416e-05,1.2374997e-05,1.3112497e-05,7.729165e-06,1.3370832e-05
1,139,172.083,0.278,1.1745827e-05,1.2041664e-05,1.2412493e-05,1.209166e-05,9.9993e-08,1.1891659e-05,1.08329e-07,1.078333e-05,1.1666663e-05,1.2749998e-05,1.2999995e-05,1.1966666e-05,1.2333329e-05,1.3074994e-05,7.695826e-06,1.3325e-05
1,140,172.234,0.28,1.1712496e-05,1.2008325e-05,1.2379161e-05,1.2066666e-05,1.08329e-07,1.1870829e-05,1.04165e-07,1.0758328e-05,1.1641661e-05,1.2720831e-05,1.2974993e-05,1.1937499e-05,1.2308327e-05,1.3049992e-05,7.67916e-06,1.3299998e-05
1,141,172.385,0.282,1.1683329e-05,1.1974995e-05,1.234583e-05,1.2024999e-05,1.04165e-07,1.1829162e-05,1.08329e-07,1.0712496e-05,1.1595829e-05,1.2683328e-05,1.2933326e-05,1.1899996e-05,1.226666e-05,1.300416e-05,7.645829e-06,1.325833e-05
1,142,172.536,0.284,1.1641661e-05,1.1945828e-05,1.2308327e-05,1.1995832e-05,1.08329e-07,1.1799995e-05,1.08329e-07,1.0683329e-05,1.1570827e-05,1.2658325e-05,1.2908332e-05,1.1866665e-05,1.2241666e-05,1.2979166e-05,7.620828e-06,1.3233328e-05
1,143,172.687,0.286,1.1612495e-05,1.1908332e-05,1.2274996e-05,1.1962493e-05,1.08329e-07,1.1762492e-05,1.08329e-07,1.0641662e-05,1.152916e-05,1.2616666e-05,1.2874993e-05,1.1829162e-05,1.2204162e-05,1.2941662e-05,7.587496e-06,1.3187496e-05
1,144,172.837,0.288,1.1575e-05,1.1870829e-05,1.2237493e-05,1.1924998e-05,1.04165e-07,1.1733326e-05,1.04165e-07,1.0612495e-05,1.1499993e-05,1.2587499e-05,1.2845826e-05,1.180416e-05,1.2174995e-05,1.2908332e-05,7.566658e-06,1.3158329e-05
1,145,172.988,0.29,1.1549997e-05,1.1837498e-05,1.2204162e-05,1.1887495e-05,1.04165e-07,1.169583e-05,1.08329e-07,1.0570828e-05,1.1458325e-05,1.2554161e-05,1.2808331e-05,1.1762492e-05,1.2137492e-05,1.2870828e-05,7.537492e-06,1.3120826e-05
1,146,173.139,0.292,1.1512494e-05,1.180416e-05,1.2170832e-05,1.1854164e-05,1.04165e-07,1.1666663e-05,1.08329e-07,1.0541661e-05,1.1424994e-05,1.252083e-05,1.2783329e-05,1.1733326e-05,1.2104161e-05,1.2841661e-05,7.512498e-06,1.309166e-05
1,147,173.29,0.294,1.1483327e-05,1.1766664e-05,1.2129164e-05,1.1816661e-05,1.08329e-07,1.1624996e-05,1.08329e-07,1.049583e-05,1.1387499e-05,1.2483327e-05,1.2741662e-05,1.1691665e-05,1.2066666e-05,1.2799994e-05,7.479159e-06,1.3049992e-05
1,148,173.441,0.296,1.1445833e-05,1.1733326e-05,1.2099998e-05,1.178333e-05,1.08329e-07,1.1595829e-05,1.12494e-07,1.0470828e-05,1.135416e-05,1.2458332e-05,1.2716659e-05,1.1666663e-05,1.20375e-05,1.2774992e-05,7.454165e-06,1.3016661e-05
1,149,173.592,0.298,1.1416666e-05,1.169583e-05,1.205833e-05,1.1745827e-05,1.08329e-07,1.1562498e-05,1.08329e-07,1.0429159e-05,1.1312492e-05,1.2416665e-05,1.2674999e-05,1.1616659e-05,1.1991659e-05,1.2724996e-05,7.420826e-06,1.2974993e-05
1,150,173.743,0.3,1.1379162e-05,1.1662499e-05,1.2024999e-05,1.1712496e-05,1.08329e-07,1.152916e-05,1.08329e-07,1.0399994e-05,1.1287499e-05,1.2387498e-05,1.2649997e-05,1.1587493e-05,1.1966666e-05,1.2699993e-05,7.399996e-06,1.2949999e-05
1,151,173.893,0.302,1.1345832e-05,1.1624996e-05,1.1983331e-05,1.1670828e-05,1.08329e-07,1.1487492e-05,1.08329e-07,1.0358325e-05,1.1241658e-05,1.2349995e-05,1.2612494e-05,1.1549997e-05,1.1924998e-05,1.2654162e-05,7.366665e-06,1.2899995e-05
1,152,174.044,0.304,1.1312492e-05,1.1587493e-05,1.1949992e-05,1.1637497e-05,1.12494e-07,1.1454161e-05,1.12494e-07,1.0324995e-05,1.1212492e-05,1.2320828e-05,1.2583328e-05,1.1516667e-05,1.1899996e-05,1.2629159e-05,7.345827e-06,1.2874993e-05
1,153,174.195,0.306,1.1279162e-05,1.1554162e-05,1.1912497e-05,1.1595829e-05,1.08329e-07,1.1416666e-05,1.08329e-07,1.0283327e-05,1.116666e-05,1.2279161e-05,1.254166e-05,1.1474999e-05,1.1849999e-05,1.2583328e-05,7.312497e-06,1.282916e-05
1,154,174.346,0.308,1.1241658e-05,1.152083e-05,1.1879166e-05,1.1566663e-05,1.08329e-07,1.1383327e-05,1.08329e-07,1.0249996e-05,1.1141666e-05,1.2249994e-05,1.2516665e-05,1.1449996e-05,1.1829162e-05,1.2558333e-05,7.287495e-06,1.2804167e-05
1,155,174.497,0.31,1.1212492e-05,1.1483327e-05,1.1841663e-05,1.152916e-05,1.12494e-07,1.1345832e-05,1.12494e-07,1.0212493e-05,1.1095826e-05,1.2212499e-05,1.2479162e-05,1.1404165e-05,1.1787494e-05,1.2512493e-05,7.254163e-06,1.2758326e-05
1,156,174.648,0.312,1.1174997e-05,1.1445833e-05,1.180416e-05,1.1491664e-05,1.08329e-07,1.1316665e-05,1.08329e-07,1.0179162e-05,1.106666e-05,1.2183333e-05,1.2449996e-05,1.1374998e-05,1.1754163e-05,1.2483327e-05,7.233326e-06,1.2724996e-05
1,157,174.798,0.314,1.1141666e-05,1.1412493e-05,1.1766664e-05,1.1449996e-05,1.08329e-07,1.1274998e-05,1.08329e-07,1.013333e-05,1.1024999e-05,1.2141665e-05,1.2408328e-05,1.1333331e-05,1.1712496e-05,1.2445831e-05,7.199995e-06,1.2687492e-05
1,158,174.949,0.316,1.1108327e-05,1.1374998e-05,1.1733326e-05,1.142083e-05,1.08329e-07,1.1249996e-05,1.12494e-07,1.0104163e-05,1.0995833e-05,1.2108326e-05,1.2379161e-05,1.1304164e-05,1.1687493e-05,1.2412493e-05,7.179165e-06,1.2658325e-05
1,159,175.1,0.318,1.1083333e-05,1.1341659e-05,1.1699995e-05,1.1391664e-05,1.08329e-07,1.1216664e-05,1.12494e-07,1.0074997e-05,1.0966659e-05,1.2087497e-05,1.2358331e-05,1.1270833e-05,1.1658327e-05,1.2379161e-05,7.149999e-06,1.2624995e-05
1,160,175.251,0.32,1.104583e-05,1.1312492e-05,1.1662499e-05,1.1345832e-05,1.08329e-07,1.1174997e-05,1.12494e-07,1.0033329e-05,1.0916662e-05,1.2041664e-05,1.23125e-05,1.1224993e-05,1.1612495e-05,1.2333329e-05,7.120832e-06,1.2574998e-05
1,161,175.402,0.322,1.1008327e-05,1.1270833e-05,1.1624996e-05,1.1312492e-05,1.08329e-07,1.1149995e-05,1.12494e-07,9.999999e-06,1.089166e-05,1.2008325e-05,1.2287497e-05,1.1195826e-05,1.1583328e-05,1.2308327e-05,7.099994e-06,1.2545832e-05
1,162,175.553,0.324,1.0974995e-05,1.123333e-05,1.1583328e-05,1.1274998e-05,1.12494e-07,1.1108327e-05,1.12494e-07,9.954158e-06,1.0845828e-05,1.1966666e-05,1.2241666e-05,1.1154159e-05,1.1537496e-05,1.2258331e-05,7.058326e-06,1.2499992e-05
1,163,175.704,0.326,1.0937492e-05,1.1199999e-05,1.1549997e-05,1.1241658e-05,1.04165e-07,1.1074996e-05,1.08329e-07,9.924992e-06,1.0812497e-05,1.1933326e-05,1.2216663e-05,1.1120828e-05,1.1512494e-05,1.2229165e-05,7.037497e-06,1.2466661e-05
1,164,175.854,0.328,1.0908326e-05,1.1162496e-05,1.1504166e-05,1.1191662e-05,1.08329e-07,1.1029164e-05,1.12494e-07,9.87916e-06,1.0762493e-05,1.1895831e-05,1.2170832e-05,1.1074996e-05,1.1466662e-05,1.217916e-05,6.999993e-06,1.2420829e-05
1,165,176.005,0.33,1.0866665e-05,1.1124992e-05,1.1470826e-05,1.1162496e-05,1.12494e-07,1.0999997e-05,1.12494e-07,9.841665e-06,1.0733326e-05,1.1862493e-05,1.2145829e-05,1.1041665e-05,1.1433332e-05,1.2154166e-05,6.979164e-06,1.2387498e-05
1,166,176.156,0.332,1.0829162e-05,1.1083333e-05,1.1424994e-05,1.1120828e-05,1.12494e-07,1.095833e-05,1.12494e-07,9.799997e-06,1.0687494e-05,1.1820833e-05,1.2104161e-05,1.0999997e-05,1.1391664e-05,1.2112499e-05,6.937496e-06,1.234583e-05
1,167,176.307,0.334,1.0791659e-05,1.1049994e-05,1.1391664e-05,1.1087497e-05,1.12494e-07,1.0924999e-05,1.12494e-07,9.766666e-06,1.0654163e-05,1.1787494e-05,1.2070831e-05,1.0962494e-05,1.1358333e-05,1.2079159e-05,6.916666e-06,1.23125e-05
1,168,176.458,0.336,1.0762493e-05,1.1008327e-05,1.1345832e-05,1.1041665e-05,1.08329e-07,1.0883331e-05,1.12494e-07,9.720826e-06,1.0612495e-05,1.1745827e-05,1.2029163e-05,1.0920827e-05,1.1312492e-05,1.2033327e-05,6.883327e-06,1.226666e-05
1,169,176.609,0.338,1.0724997e-05,1.0970831e-05,1.1316665e-05,1.1008327e-05,1.08329e-07,1.0849993e-05,1.12494e-07,9.691659e-06,1.0579165e-05,1.171666e-05,1.1999997e-05,1.0883331e-05,1.1279162e-05,1.1995832e-05,6.858325e-06,1.2237493e-05
1,170,176.759,0.34,1.0683329e-05,1.0929163e-05,1.1274998e-05,1.0966659e-05,1.08329e-07,1.0808333e-05,1.12494e-07,9.649992e-06,1.052916e-05,1.1666663e-05,1.1954165e-05,1.0841663e-05,1.1237494e-05,1.1949992e-05,6.824994e-06,1.2183333e-05
1,171,176.91,0.342,1.0649999e-05,1.089166e-05,1.1237494e-05,1.0929163e-05,1.12494e-07,1.0770829e-05,1.16658e-07,9.612497e-06,1.0499994e-05,1.1641661e-05,1.1929163e-05,1.0808333e-05,1.1208328e-05,1.1920825e-05,6.799992e-06,1.2154166e-05
1,172,177.061,0.344,1.0620833e-05,1.0854164e-05,1.1195826e-05,1.0887496e-05,1.12494e-07,1.0733326e-05,1.16658e-07,9.566665e-06,1.0454162e-05,1.1595829e-05,1.188333e-05,1.0766666e-05,1.1162496e-05,1.1870829e-05,6.762496e-06,1.2108326e-05
1,173,177.212,0.346,1.0579165e-05,1.0812497e-05,1.1158331e-05,1.0849993e-05,1.12494e-07,1.0695831e-05,1.12494e-07,9.529162e-06,1.0416658e-05,1.1562498e-05,1.1854164e-05,1.0729162e-05,1.1129165e-05,1.1841663e-05,6.737494e-06,1.2070831e-05
1,174,177.363,0.348,1.0541661e-05,1.0774994e-05,1.1112499e-05,1.0808333e-05,1.12494e-07,1.0654163e-05,1.12494e-07,9.483329e-06,1.0370827e-05,1.1516667e-05,1.180416e-05,1.0683329e-05,1.1083333e-05,1.1791666e-05,6.699999e-06,1.2024999e-05
1,175,177.514,0.35,1.0499994e-05,1.0737499e-05,1.1079161e-05,1.0774994e-05,1.12494e-07,1.061666e-05,1.12494e-07,9.454163e-06,1.0337496e-05,1.1487492e-05,1.1774993e-05,1.0645826e-05,1.1049994e-05,1.1758328e-05,6.674997e-06,1.1987496e-05
1,176,177.664,0.352,1.0466663e-05,1.0691659e-05,1.1033329e-05,1.0724997e-05,1.12494e-07,1.0574992e-05,1.16658e-07,9.404159e-06,1.0287499e-05,1.144166e-05,1.1729161e-05,1.0599994e-05,1.0999997e-05,1.1708331e-05,6.641666e-06,1.1937499e-05
1,177,177.815,0.354,1.0424996e-05,1.0658327e-05,1.0995833e-05,1.0691659e-05,1.12494e-07,1.0537497e-05,1.16658e-07,9.370828e-06,1.0254161e-05,1.1408329e-05,1.1704159e-05,1.0562499e-05,1.0970831e-05,1.1679164e-05,6.612492e-06,1.1904161e-05
1,178,177.966,0.356,1.0387492e-05,1.061666e-05,1.0949993e-05,1.0645826e-05,1.16658e-07,1.0499994e-05,1.12494e-07,9.324996e-06,1.0204164e-05,1.1366661e-05,1.1654162e-05,1.0516659e-05,1.0924999e-05,1.162916e-05,6.579161e-06,1.1858328e-05
1,179,178.117,0.358,1.0349997e-05,1.0579165e-05,1.0916662e-05,1.0608332e-05,1.12494e-07,1.0466663e-05,1.20831e-07,9.291664e-06,1.0170826e-05,1.1333331e-05,1.1620831e-05,1.0483329e-05,1.089166e-05,1.1591665e-05,6.554159e-06,1.1816661e-05
1,180,178.268,0.36,1.0312494e-05,1.0537497e-05,1.087083e-05,1.0562499e-05,1.12494e-07,1.0412495e-05,1.12494e-07,9.237496e-06,1.0120829e-05,1.1279162e-05,1.1575e-05,1.0433332e-05,1.0845828e-05,1.1541661e-05,6.516663e-06,1.1770829e-05
1,181,178.419,0.362,1.0270826e-05,1.049583e-05,1.0829162e-05,1.0524996e-05,1.12494e-07,1.0379164e-05,1.12494e-07,9.204166e-06,1.0087498e-05,1.1249996e-05,1.1541661e-05,1.0395829e-05,1.0808333e-05,1.1508329e-05,6.491661e-06,1.1737498e-05
1,182,178.57,0.364,1.0233331e-05,1.0454162e-05,1.078333e-05,1.0483329e-05,1.12494e-07,1.0337496e-05,1.16658e-07,9.154161e-06,1.0037494e-05,1.1199999e-05,1.1495828e-05,1.0345832e-05,1.0758328e-05,1.1458325e-05,6.454166e-06,1.1683329e-05
1,183,178.72,0.366,1.0195828e-05,1.0412495e-05,1.0745827e-05,1.0437497e-05,1.12494e-07,1.0299993e-05,1.12494e-07,9.124994e-06,9.999999e-06,1.1162496e-05,1.1466662e-05,1.0312494e-05,1.0724997e-05,1.142083e-05,6.429163e-06,1.1645826e-05
1,184,178.871,0.368,1.0162496e-05,1.0366663e-05,1.0699995e-05,1.0391665e-05,1.12494e-07,1.0254161e-05,1.16658e-07,9.062497e-06,9.954158e-06,1.1116664e-05,1.142083e-05,1.0258333e-05,1.0674993e-05,1.1370826e-05,6.387496e-06,1.1591665e-05
1,185,179.022,0.37,1.0116664e-05,1.032916e-05,1.0658327e-05,1.0358325e-05,1.12494e-07,1.0216665e-05,1.16658e-07,9.033331e-06,9.912499e-06,1.1087497e-05,1.1383327e-05,1.0229166e-05,1.0641662e-05,1.1337494e-05,6.366666e-06,1.1558326e-05
1,186,179.173,0.372,1.0083326e-05,1.0299993e-05,1.0629161e-05,1.0324995e-05,1.08329e-07,1.0183327e-05,1.16658e-07,8.999999e-06,9.883332e-06,1.1054166e-05,1.135416e-05,1.0191663e-05,1.0608332e-05,1.13e-05,6.337492e-06,1.1524995e-05
1,187,179.324,0.374,1.0049995e-05,1.0254161e-05,1.058333e-05,1.0274998e-05,1.12494e-07,1.0137494e-05,1.16658e-07,8.949995e-06,9.829164e-06,1.1004162e-05,1.1308328e-05,1.0141659e-05,1.0558327e-05,1.1249996e-05,6.299997e-06,1.1474999e-05
1,188,179.475,0.376,1.0008327e-05,1.0216665e-05,1.0545826e-05,1.024166e-05,1.16658e-07,1.0104163e-05,1.16658e-07,8.920829e-06,9.79166e-06,1.0966659e-05,1.1274998e-05,1.0108328e-05,1.052916e-05,1.1216664e-05,6.274994e-06,1.144166e-05
1,189,179.625,0.378,9.966659e-06,1.0170826e-05,1.0499994e-05,1.0195828e-05,1.12494e-07,1.0058331e-05,1.16658e-07,8.86666e-06,9.741664e-06,1.0920827e-05,1.1224993e-05,1.0058331e-05,1.0474992e-05,1.116666e-05,6.237499e-06,1.1383327e-05
1,190,179.776,0.38,9.924992e-06,1.0129165e-05,1.0458326e-05,1.015416e-05,1.16658e-07,1.0020828e-05,1.12494e-07,8.833329e-06,9.708333e-06,1.0879159e-05,1.1191662e-05,1.0020828e-05,1.0437497e-05,1.1129165e-05,6.208332e-06,1.1345832e-05
1,191,179.927,0.382,9.887497e-06,1.0083326e-05,1.0412495e-05,1.0108328e-05,1.16658e-07,9.974996e-06,1.16658e-07,8.783332e-06,9.658329e-06,1.0837499e-05,1.1141666e-05,9.970832e-06,1.0387492e-05,1.1070832e-05,6.170829e-06,1.1291663e-05
1,192,180.078,0.384,9.849993e-06,1.0041666e-05,1.0374999e-05,1.006666e-05,1.16658e-07,9.937493e-06,1.16658e-07,8.749994e-06,9.620825e-06,1.0795831e-05,1.1108327e-05,9.929165e-06,1.0358325e-05,1.1037493e-05,6.141663e-06,1.1258332e-05
1,193,180.229,0.386,9.808326e-06,9.999999e-06,1.032916e-05,1.0016664e-05,1.16658e-07,9.887497e-06,1.16658e-07,8.695833e-06,9.562493e-06,1.075e-05,1.1058331e-05,9.874995e-06,1.0299993e-05,1.0983332e-05,6.104159e-06,1.1199999e-05
1,194,180.38,0.388,9.766666e-06,9.95833e-06,1.0283327e-05,9.97916e-06,1.16658e-07,9.849993e-06,1.16658e-07,8.65833e-06,9.529162e-06,1.0712496e-05,1.1024999e-05,9.837492e-06,1.0266662e-05,1.0945829e-05,6.079165e-06,1.116666e-05
1,195,180.531,0.39,9.724999e-06,9.916663e-06,1.0233331e-05,9.929165e-06,1.16658e-07,9.804161e-06,1.16658e-07,8.608326e-06,9.474993e-06,1.0662492e-05,1.0974995e-05,9.783332e-06,1.0212493e-05,1.089166e-05,6.041662e-06,1.1108327e-05
1,196,180.681,0.392,9.687496e-06,9.870831e-06,1.0195828e-05,9.891661e-06,1.16658e-07,9.762493e-06,1.16658e-07,8.57083e-06,9.437497e-06,1.0624997e-05,1.0937492e-05,9.749992e-06,1.0179162e-05,1.0849993e-05,6.012495e-06,1.1070832e-05
1,197,180.832,0.394,9.645828e-06,9.824999e-06,1.0149995e-05,9.845829e-06,1.16658e-07,9.716662e-06,1.16658e-07,8.520826e-06,9.383329e-06,1.0579165e-05,1.0887496e-05,9.695832e-06,1.0129165e-05,1.0799996e-05,5.974992e-06,1.1016663e-05
1,198,180.983,0.396,9.608332e-06,9.79166e-06,1.0112492e-05,9.804161e-06,1.16658e-07,9.674995e-06,1.16658e-07,8.479166e-06,9.345826e-06,1.0537497e-05,1.0858329e-05,9.662493e-06,1.0091662e-05,1.0762493e-05,5.949998e-06,1.097916e-05
1,199,181.134,0.398,9.566665e-06,9.7375e-06,1.0058331e-05,9.754165e-06,1.20831e-07,9.629162e-06,1.20831e-07,8.429161e-06,9.291664e-06,1.0487493e-05,1.080416e-05,9.60416e-06,1.0033329e-05,1.070416e-05,5.90833e-06,1.0920827e-05
1,200,181.285,0.4,9.520832e-06,9.695832e-06,1.0020828e-05,9.716662e-06,1.20831e-07,9.591659e-06,1.20831e-07,8.391658e-06,9.254161e-06,1.0445825e-05,1.0770829e-05,9.566665e-06,9.999999e-06,1.0670828e-05,5.883328e-06,1.0883331e-05
1,201,181.436,0.402,9.479165e-06,9.654164e-06,9.974996e-06,9.662493e-06,1.20831e-07,9.537498e-06,1.20831e-07,8.341662e-06,9.199993e-06,1.0391665e-05,1.0712496e-05,9.512496e-06,9.945829e-06,1.061666e-05,5.84166e-06,1.0824998e-05
1,202,181.586,0.404,9.437497e-06,9.608332e-06,9.929165e-06,9.624998e-06,1.20831e-07,9.499995e-06,1.20831e-07,8.299994e-06,9.158325e-06,1.0358325e-05,1.0683329e-05,9.470828e-06,9.908326e-06,1.0579165e-05,5.816658e-06,1.0791659e-05
1,203,181.737,0.406,9.39583e-06,9.562493e-06,9.87916e-06,9.574994e-06,1.20831e-07,9.449998e-06,1.20831e-07,8.249998e-06,9.104165e-06,1.0308329e-05,1.0629161e-05,9.41666e-06,9.854166e-06,1.0520832e-05,5.774998e-06,1.0729162e-05
1,204,181.888,0.408,9.354162e-06,9.520832e-06,9.833328e-06,9.537498e-06,1.20831e-07,9.412495e-06,1.20831e-07,8.212495e-06,9.070825e-06,1.0270826e-05,1.0595831e-05,9.383329e-06,9.820827e-06,1.0487493e-05,5.754161e-06,1.0695831e-05
1,205,182.039,0.41,9.316659e-06,9.470828e-06,9.79166e-06,9.483329e-06,1.16658e-07,9.358327e-06,1.20831e-07,8.158326e-06,9.012492e-06,1.0212493e-05,1.0541661e-05,9.324996e-06,9.762493e-06,1.0424996e-05,5.708329e-06,1.0633325e-05
1,206,182.19,0.412,9.270827e-06,9.424996e-06,9.745829e-06,9.437497e-06,1.24995e-07,9.324996e-06,1.20831e-07,8.116658e-06,8.974997e-06,1.0179162e-05,1.0504166e-05,9.283328e-06,9.720826e-06,1.0383328e-05,5.674998e-06,1.0595831e-05
1,207,182.341,0.414,9.229159e-06,9.379164e-06,9.691659e-06,9.387493e-06,1.24995e-07,9.270827e-06,1.20831e-07,8.066662e-06,8.916664e-06,1.0124993e-05,1.0449998e-05,9.224995e-06,9.67083e-06,1.0324995e-05,5.637495e-06,1.0537497e-05
1,208,182.491,0.416,9.183327e-06,9.337497e-06,9.649992e-06,9.349998e-06,1.20831e-07,9.233332e-06,1.20831e-07,8.024995e-06,8.879161e-06,1.0083326e-05,1.0412495e-05,9.187492e-06,9.629162e-06,1.0291664e-05,5.612493e-06,1.049583e-05
1,209,182.642,0.418,9.14166e-06,9.287493e-06,9.60416e-06,9.295829e-06,1.20831e-07,9.179163e-06,1.20831e-07,7.970826e-06,8.816663e-06,1.0029165e-05,1.0362498e-05,9.129159e-06,9.570829e-06,1.0229166e-05,5.570825e-06,1.0437497e-05
1,210,182.793,0.42,9.095827e-06,9.249997e-06,9.562493e-06,9.258326e-06,1.24995e-07,9.14166e-06,1.24995e-07,7.93333e-06,8.77916e-06,9.995826e-06,1.0324995e-05,9.087499e-06,9.533326e-06,1.0191663e-05,5.541659e-06,1.0395829e-05
1,211,182.944,0.422,9.058333e-06,9.195828e-06,9.512496e-06,9.199993e-06,1.20831e-07,9.087499e-06,1.24995e-07,7.874997e-06,8.716663e-06,9.937493e-06,1.0270826e-05,9.033331e-06,9.474993e-06,1.0129165e-05,5.504163e-06,1.0333331e-05
1,212,183.095,0.424,9.008329e-06,9.149996e-06,9.466664e-06,9.162498e-06,1.20831e-07,9.045832e-06,1.24995e-07,7.841659e-06,8.683332e-06,9.895825e-06,1.0229166e-05,8.995827e-06,9.437497e-06,1.0087498e-05,5.474997e-06,1.0299993e-05
1,213,183.246,0.426,8.979162e-06,9.116666e-06,9.429161e-06,9.124994e-06,1.24995e-07,9.012492e-06,1.20831e-07,7.799999e-06,8.645829e-06,9.862494e-06,1.0191663e-05,8.954159e-06,9.399994e-06,1.004583e-05,5.44583e-06,1.0254161e-05
1,214,183.397,0.428,8.937494e-06,9.070825e-06,9.383329e-06,9.070825e-06,1.24995e-07,8.958332e-06,1.24995e-07,7.74583e-06,8.583331e-06,9.799997e-06,1.0137494e-05,8.891662e-06,9.341661e-06,9.987497e-06,5.404162e-06,1.0191663e-05
1,215,183.547,0.43,8.891662e-06,9.02083e-06,9.333332e-06,9.029166e-06,1.20831e-07,8.916664e-06,1.24995e-07,7.708327e-06,8.541663e-06,9.762493e-06,1.0099999e-05,8.854158e-06,9.299994e-06,9.945829e-06,5.37916e-06,1.0149995e-05
1,216,183.698,0.432,8.84583e-06,8.970833e-06,9.287493e-06,8.974997e-06,1.20831e-07,8.862496e-06,1.24995e-07,7.649994e-06,8.48333e-06,9.708333e-06,1.0041666e-05,8.791661e-06,9.24166e-06,9.883332e-06,5.333328e-06,1.0087498e-05
1,217,183.849,0.434,8.799998e-06,8.929165e-06,9.237496e-06,8.93333e-06,1.20831e-07,8.820828e-06,1.24995e-07,7.612498e-06,8.441662e-06,9.666665e-06,1.0008327e-05,8.749994e-06,9.204166e-06,9.845829e-06,5.308326e-06,1.004583e-05
1,218,184.0,0.436,8.75833e-06,8.874997e-06,9.191665e-06,8.879161e-06,1.24995e-07,8.770831e-06,1.24995e-07,7.55833e-06,8.383329e-06,9.60416e-06,9.949994e-06,8.695833e-06,9.145832e-06,9.779159e-06,5.270831e-06,9.983333e-06
1,219,184.151,0.438,8.712498e-06,8.833329e-06,9.145832e-06,8.837494e-06,1.20831e-07,8.729164e-06,1.24995e-07,7.516662e-06,8.345826e-06,9.566665e-06,9.912499e-06,8.649993e-06,9.104165e-06,9.741664e-06,5.233328e-06,9.945829e-06
1,220,184.302,0.44,8.670831e-06,8.783332e-06,9.091664e-06,8.787497e-06,1.24995e-07,8.67916e-06,1.29159e-07,7.462494e-06,8.283329e-06,9.508331e-06,9.85833e-06,8.59166e-06,9.045832e-06,9.679158e-06,5.204161e-06,9.883332e-06
1,221,184.452,0.442,8.624998e-06,8.741665e-06,9.049996e-06,8.741665e-06,1.24995e-07,8.633328e-06,1.24995e-07,7.420826e-06,8.245825e-06,9.470828e-06,9.820827e-06,8.554164e-06,9.008329e-06,9.637499e-06,5.17083e-06,9.837492e-06
1,222,184.603,0.444,8.579159e-06,8.687496e-06,8.995827e-06,8.687496e-06,1.24995e-07,8.579159e-06,1.29159e-07,7.362493e-06,8.183329e-06,9.412495e-06,9.754165e-06,8.491659e-06,8.945831e-06,9.574994e-06,5.129163e-06,9.779159e-06
1,223,184.754,0.446,8.533327e-06,8.637492e-06,8.949995e-06,8.645829e-06,1.20831e-07,8.541663e-06,1.24995e-07,7.316661e-06,8.141661e-06,9.370828e-06,9.720826e-06,8.445827e-06,8.904163e-06,9.529162e-06,5.095832e-06,9.733327e-06
1,224,184.905,0.448,8.487495e-06,8.587495e-06,8.899999e-06,8.587495e-06,1.24995e-07,8.479166e-06,1.24995e-07,7.262492e-06,8.074999e-06,9.312495e-06,9.658329e-06,8.383329e-06,8.841665e-06,9.466664e-06,5.054164e-06,9.666665e-06
1,225,185.056,0.45,8.441662e-06,8.541663e-06,8.849995e-06,8.541663e-06,1.20831e-07,8.437499e-06,1.29159e-07,7.220833e-06,8.037496e-06,9.270827e-06,9.620825e-06,8.341662e-06,8.799998e-06,9.420832e-06,5.024997e-06,9.620825e-06
1,226,185.207,0.452,8.395831e-06,8.491659e-06,8.795826e-06,8.487495e-06,1.24995e-07,8.379166e-06,1.29159e-07,7.166664e-06,7.974998e-06,9.208329e-06,9.562493e-06,8.283329e-06,8.737493e-06,9.358327e-06,4.98333e-06,9.558328e-06
1,227,185.358,0.454,8.345826e-06,8.441662e-06,8.754166e-06,8.441662e-06,1.20831e-07,8.337498e-06,1.29159e-07,7.124996e-06,7.93333e-06,9.166662e-06,9.520832e-06,8.241662e-06,8.699997e-06,9.316659e-06,4.958328e-06,9.516661e-06
1,228,185.508,0.456,8.308331e-06,8.395831e-06,8.704162e-06,8.387494e-06,1.29159e-07,8.283329e-06,1.29159e-07,7.066663e-06,7.866661e-06,9.108328e-06,9.462499e-06,8.179164e-06,8.633328e-06,9.249997e-06,4.912496e-06,9.449998e-06
1,229,185.659,0.458,8.258326e-06,8.345826e-06,8.654165e-06,8.341662e-06,1.20831e-07,8.241662e-06,1.24995e-07,7.024995e-06,7.829165e-06,9.062497e-06,9.420832e-06,8.133332e-06,8.595832e-06,9.208329e-06,4.883329e-06,9.404159e-06
1,230,185.81,0.46,8.212495e-06,8.287493e-06,8.599996e-06,8.283329e-06,1.24995e-07,8.183329e-06,1.29159e-07,6.962498e-06,7.762495e-06,8.999999e-06,9.358327e-06,8.066662e-06,8.524998e-06,9.14166e-06,4.837497e-06,9.333332e-06
1,231,185.961,0.462,8.162498e-06,8.241662e-06,8.554164e-06,8.237497e-06,1.29159e-07,8.141661e-06,1.29159e-07,6.92083e-06,7.720828e-06,8.958332e-06,9.312495e-06,8.024995e-06,8.487495e-06,9.099992e-06,4.812495e-06,9.291664e-06
1,232,186.112,0.464,8.116658e-06,8.187492e-06,8.50416e-06,8.183329e-06,1.29159e-07,8.079163e-06,1.29159e-07,6.862497e-06,7.654166e-06,8.895826e-06,9.254161e-06,7.962497e-06,8.420833e-06,9.029166e-06,4.766663e-06,9.229159e-06
1,233,186.263,0.466,8.070827e-06,8.141661e-06,8.454163e-06,8.137496e-06,1.24995e-07,8.037496e-06,1.24995e-07,6.82083e-06,7.612498e-06,8.849995e-06,9.216667e-06,7.920829e-06,8.383329e-06,8.983326e-06,4.741661e-06,9.183327e-06
1,234,186.413,0.468,8.024995e-06,8.087492e-06,8.399995e-06,8.074999e-06,1.29159e-07,7.979163e-06,1.29159e-07,6.762496e-06,7.545829e-06,8.791661e-06,9.149996e-06,7.858332e-06,8.31666e-06,8.912491e-06,4.691664e-06,9.112493e-06
1,235,186.564,0.47,7.974998e-06,8.037496e-06,8.349999e-06,8.033331e-06,1.24995e-07,7.93333e-06,1.29159e-07,6.720829e-06,7.508326e-06,8.749994e-06,9.112493e-06,7.812492e-06,8.270827e-06,8.86666e-06,4.670826e-06,9.066661e-06
1,236,186.715,0.472,7.929166e-06,7.983327e-06,8.29583e-06,7.974998e-06,1.29159e-07,7.874997e-06,1.29159e-07,6.662496e-06,7.441664e-06,8.683332e-06,9.049996e-06,7.74583e-06,8.208331e-06,8.808327e-06,4.624995e-06,8.999999e-06
1,237,186.866,0.474,7.879162e-06,7.93333e-06,8.249998e-06,7.929166e-06,1.29159e-07,7.83333e-06,1.33332e-07,6.620828e-06,7.399996e-06,8.637492e-06,9.012492e-06,7.704162e-06,8.166663e-06,8.75833e-06,4.591664e-06,8.954159e-06
1,238,187.017,0.476,7.83333e-06,7.887498e-06,8.19583e-06,7.874997e-06,1.29159e-07,7.779161e-06,1.33332e-07,6.56666e-06,7.333326e-06,8.579159e-06,8.949995e-06,7.641665e-06,8.099993e-06,8.687496e-06,4.554161e-06,8.883325e-06
1,239,187.168,0.478,7.787497e-06,7.837494e-06,8.149997e-06,7.824993e-06,1.29159e-07,7.733329e-06,1.29159e-07,6.524992e-06,7.295831e-06,8.533327e-06,8.908328e-06,7.595825e-06,8.058326e-06,8.645829e-06,4.524994e-06,8.837494e-06
1,240,187.318,0.48,7.737493e-06,7.779161e-06,8.091664e-06,7.770833e-06,1.29159e-07,7.670832e-06,1.33332e-07,6.45833e-06,7.229161e-06,8.470829e-06,8.841665e-06,7.524999e-06,7.987499e-06,8.57083e-06,4.479162e-06,8.766659e-06
1,241,187.469,0.482,7.691661e-06,7.729165e-06,8.045832e-06,7.724992e-06,1.33332e-07,7.629164e-06,1.33332e-07,6.420827e-06,7.183329e-06,8.424998e-06,8.799998e-06,7.483332e-06,7.945831e-06,8.529162e-06,4.449995e-06,8.720827e-06
1,242,187.62,0.484,7.654166e-06,7.695826e-06,8.008329e-06,7.683333e-06,1.33332e-07,7.587496e-06,1.33332e-07,6.379159e-06,7.145826e-06,8.383329e-06,8.762495e-06,7.441664e-06,7.904164e-06,8.48333e-06,4.424993e-06,8.674995e-06
1,243,187.771,0.486,7.604162e-06,7.637493e-06,7.949996e-06,7.629164e-06,1.29159e-07,7.529163e-06,1.33332e-07,6.320826e-06,7.079164e-06,8.31666e-06,8.695833e-06,7.379158e-06,7.83333e-06,8.408332e-06,4.379161e-06,8.604161e-06
1,244,187.922,0.488,7.55833e-06,7.587496e-06,7.899992e-06,7.57916e-06,1.24995e-07,7.483332e-06,1.29159e-07,6.279159e-06,7.033332e-06,8.270827e-06,8.649993e-06,7.329162e-06,7.791662e-06,8.362492e-06,4.349994e-06,8.558329e-06
1,245,188.073,0.49,7.504161e-06,7.533328e-06,7.849995e-06,7.520827e-06,1.29159e-07,7.420826e-06,1.37496e-07,6.220826e-06,6.970827e-06,8.208331e-06,8.59166e-06,7.266664e-06,7.724992e-06,8.29583e-06,4.308327e-06,8.491659e-06
1,246,188.224,0.492,7.462494e-06,7.487496e-06,7.799999e-06,7.474995e-06,1.33332e-07,7.379158e-06,1.33332e-07,6.179166e-06,6.924995e-06,8.162498e-06,8.554164e-06,7.224997e-06,7.683333e-06,8.254163e-06,4.27916e-06,8.445827e-06
1,247,188.374,0.494,7.412497e-06,7.424998e-06,7.74583e-06,7.412497e-06,1.33332e-07,7.312497e-06,1.33332e-07,6.116661e-06,6.858325e-06,8.095829e-06,8.48333e-06,7.158327e-06,7.608326e-06,8.179164e-06,4.237493e-06,8.366665e-06
1,248,188.525,0.496,7.358328e-06,7.379158e-06,7.695826e-06,7.366665e-06,1.29159e-07,7.270829e-06,1.33332e-07,6.066664e-06,6.816666e-06,8.049997e-06,8.437499e-06,7.108331e-06,7.562494e-06,8.133332e-06,4.204162e-06,8.31666e-06
1,249,188.676,0.498,7.308332e-06,7.316661e-06,7.637493e-06,7.30416e-06,1.29159e-07,7.208331e-06,1.33332e-07,6.012495e-06,6.749995e-06,7.983327e-06,8.374993e-06,7.049998e-06,7.499997e-06,8.062498e-06,4.162494e-06,8.249998e-06
1,250,188.827,0.5,7.262492e-06,7.274993e-06,7.591661e-06,7.258328e-06,1.33332e-07,7.1625e-06,1.37496e-07,5.966663e-06,6.699999e-06,7.937495e-06,8.333325e-06,6.999993e-06,7.449993e-06,8.012494e-06,4.133328e-06,8.199993e-06
1,251,188.978,0.502,7.208331e-06,7.212496e-06,7.529163e-06,7.191666e-06,1.37496e-07,7.095829e-06,1.37496e-07,5.904166e-06,6.63333e-06,7.866661e-06,8.266664e-06,6.933331e-06,7.379158e-06,7.93333e-06,4.087496e-06,8.120831e-06
1,252,189.129,0.504,7.158327e-06,7.158327e-06,7.479159e-06,7.145826e-06,1.33332e-07,7.049998e-06,1.37496e-07,5.862498e-06,6.591662e-06,7.816664e-06,8.216659e-06,6.8875e-06,7.329162e-06,7.887498e-06,4.058329e-06,8.074999e-06
1,253,189.279,0.506,7.108331e-06,7.099994e-06,7.420826e-06,7.087493e-06,1.37496e-07,6.991665e-06,1.4166e-07,5.804165e-06,6.520828e-06,7.758331e-06,8.154162e-06,6.82083e-06,7.262492e-06,7.816664e-06,4.016661e-06,7.999993e-06
1,254,189.43,0.508,7.058326e-06,7.049998e-06,7.374994e-06,7.037497e-06,1.37496e-07,6.94166e-06,1.37496e-07,5.762497e-06,6.474996e-06,7.704162e-06,8.10833e-06,6.770825e-06,7.21666e-06,7.76666e-06,3.987495e-06,7.954161e-06
1,255,189.581,0.51,7.012494e-06,6.991665e-06,7.312497e-06,6.974999e-06,1.37496e-07,6.879163e-06,1.37496e-07,5.699992e-06,6.412498e-06,7.641665e-06,8.045832e-06,6.708328e-06,7.145826e-06,7.691661e-06,3.945827e-06,7.879162e-06
1,256,189.732,0.512,6.962498e-06,6.945832e-06,7.270829e-06,6.929159e-06,1.33332e-07,6.833331e-06,1.37496e-07,5.658333e-06,6.366666e-06,7.591661e-06,7.995828e-06,6.662496e-06,7.099994e-06,7.649994e-06,3.916661e-06,7.829165e-06
1,257,189.883,0.514,6.912494e-06,6.883327e-06,7.208331e-06,6.870826e-06,1.33332e-07,6.770825e-06,1.37496e-07,5.595827e-06,6.299997e-06,7.524999e-06,7.93333e-06,6.599998e-06,7.02916e-06,7.566658e-06,3.870829e-06,7.758331e-06
1,258,190.034,0.516,6.862497e-06,6.833331e-06,7.158327e-06,6.824994e-06,1.33332e-07,6.724993e-06,1.37496e-07,5.558332e-06,6.262493e-06,7.474995e-06,7.891663e-06,6.554159e-06,6.983328e-06,7.520827e-06,3.845827e-06,7.708327e-06
1,259,190.185,0.518,6.808329e-06,6.779162e-06,7.099994e-06,6.758332e-06,1.37496e-07,6.66666e-06,1.37496e-07,5.495826e-06,6.191659e-06,7.408333e-06,7.824993e-06,6.487497e-06,6.912494e-06,7.445828e-06,3.804159e-06,7.624992e-06
1,260,190.335,0.52,6.758332e-06,6.724993e-06,7.049998e-06,6.708328e-06,1.37496e-07,6.616664e-06,1.37496e-07,5.454159e-06,6.141663e-06,7.358328e-06,7.779161e-06,6.437492e-06,6.858325e-06,7.395832e-06,3.774993e-06,7.57916e-06
1,261,190.486,0.522,6.704164e-06,6.66666e-06,6.991665e-06,6.645831e-06,1.37496e-07,6.549994e-06,1.4166e-07,5.391661e-06,6.079165e-06,7.287495e-06,7.704162e-06,6.370831e-06,6.787499e-06,7.320825e-06,3.729161e-06,7.499997e-06
1,262,190.637,0.524,6.654159e-06,6.612492e-06,6.937496e-06,6.604163e-06,1.37496e-07,6.499998e-06,1.37496e-07,5.349994e-06,6.033325e-06,7.237498e-06,7.662495e-06,6.320826e-06,6.741659e-06,7.266664e-06,3.699994e-06,7.449993e-06
1,263,190.788,0.526,6.599998e-06,6.549994e-06,6.883327e-06,6.533329e-06,1.37496e-07,6.441664e-06,1.37496e-07,5.291661e-06,5.962499e-06,7.170828e-06,7.595825e-06,6.258329e-06,6.66666e-06,7.191666e-06,3.662499e-06,7.37083e-06
1,264,190.939,0.528,6.549994e-06,6.499998e-06,6.829158e-06,6.487497e-06,1.37496e-07,6.387496e-06,1.4166e-07,5.245829e-06,5.920831e-06,7.11666e-06,7.549993e-06,6.208332e-06,6.616664e-06,7.137497e-06,3.62916e-06,7.320825e-06
1,265,191.09,0.53,6.495825e-06,6.437492e-06,6.770825e-06,6.424999e-06,1.37496e-07,6.329163e-06,1.4166e-07,5.187495e-06,5.854161e-06,7.049998e-06,7.483332e-06,6.145827e-06,6.54583e-06,7.066663e-06,3.587492e-06,7.241662e-06
1,266,191.24,0.532,6.445829e-06,6.39166e-06,6.720829e-06,6.370831e-06,1.33332e-07,6.274994e-06,1.37496e-07,5.141664e-06,5.804165e-06,6.999993e-06,7.437499e-06,6.091658e-06,6.495825e-06,7.00833e-06,3.558326e-06,7.187494e-06
1,267,191.391,0.534,6.39166e-06,6.324999e-06,6.662496e-06,6.308325e-06,1.4166e-07,6.216661e-06,1.4166e-07,5.087495e-06,5.74166e-06,6.924995e-06,7.37083e-06,6.029161e-06,6.420827e-06,6.933331e-06,3.52083e-06,7.112495e-06
1,268,191.542,0.536,6.341664e-06,6.274994e-06,6.612492e-06,6.262493e-06,1.4166e-07,6.166665e-06,1.45825e-07,5.041663e-06,5.699992e-06,6.879163e-06,7.329162e-06,5.987493e-06,6.379159e-06,6.8875e-06,3.491664e-06,7.066663e-06
1,269,191.693,0.538,6.304161e-06,6.237499e-06,6.570832e-06,6.220826e-06,1.4166e-07,6.120833e-06,1.4166e-07,5.008332e-06,5.65416e-06,6.833331e-06,7.28333e-06,5.941661e-06,6.329163e-06,6.837495e-06,3.462497e-06,7.016659e-06
1,270,191.844,0.54,6.249992e-06,6.179166e-06,6.512499e-06,6.154164e-06,1.4166e-07,6.058327e-06,1.4166e-07,4.945827e-06,5.587498e-06,6.758332e-06,7.21666e-06,5.874999e-06,6.258329e-06,6.75416e-06,3.42083e-06,6.933331e-06
1,271,191.995,0.542,6.199996e-06,6.124997e-06,6.466659e-06,6.108331e-06,1.4166e-07,6.01666e-06,1.45825e-07,4.908331e-06,5.545831e-06,6.716665e-06,7.174993e-06,5.833332e-06,6.208332e-06,6.708328e-06,3.391663e-06,6.883327e-06
1,272,192.145,0.544,6.145827e-06,6.066664e-06,6.408326e-06,6.045826e-06,1.4166e-07,5.945826e-06,1.45825e-07,4.849998e-06,5.483325e-06,6.645831e-06,7.108331e-06,5.766662e-06,6.133326e-06,6.629165e-06,3.349996e-06,6.799992e-06
1,273,192.296,0.546,6.09583e-06,6.012495e-06,6.354165e-06,5.99583e-06,1.37496e-07,5.899994e-06,1.4166e-07,4.808331e-06,5.437493e-06,6.591662e-06,7.062499e-06,5.72083e-06,6.083329e-06,6.574996e-06,3.324993e-06,6.75416e-06
1,274,192.447,0.548,6.045826e-06,5.949998e-06,6.29166e-06,5.933332e-06,1.4166e-07,5.837496e-06,1.45825e-07,4.745825e-06,5.374996e-06,6.520828e-06,6.995829e-06,5.65416e-06,6.004159e-06,6.499998e-06,3.283326e-06,6.674997e-06
1,275,192.598,0.55,5.99583e-06,5.899994e-06,6.245828e-06,5.887493e-06,1.4166e-07,5.791664e-06,1.45825e-07,4.70833e-06,5.329164e-06,6.470831e-06,6.954161e-06,5.612493e-06,5.962499e-06,6.449994e-06,3.258332e-06,6.620828e-06
1,276,192.749,0.552,5.941661e-06,5.837496e-06,6.18333e-06,5.820831e-06,1.4166e-07,5.724994e-06,1.45825e-07,4.654161e-06,5.262494e-06,6.399997e-06,6.8875e-06,5.545831e-06,5.887493e-06,6.374995e-06,3.216664e-06,6.541665e-06
1,277,192.9,0.554,5.887493e-06,5.787492e-06,6.133326e-06,5.774998e-06,1.4166e-07,5.679162e-06,1.4166e-07,4.612494e-06,5.224999e-06,6.349993e-06,6.841659e-06,5.504163e-06,5.837496e-06,6.324999e-06,3.191662e-06,6.491661e-06
1,278,193.051,0.556,5.837496e-06,5.724994e-06,6.074993e-06,5.712493e-06,1.45825e-07,5.616665e-06,1.45825e-07,4.558333e-06,5.158329e-06,6.274994e-06,6.779162e-06,5.437493e-06,5.758325e-06,6.241663e-06,3.149994e-06,6.408326e-06
1,279,193.201,0.558,5.787492e-06,5.679162e-06,6.024996e-06,5.666661e-06,1.4166e-07,5.570825e-06,1.45825e-07,4.520829e-06,5.116661e-06,6.229162e-06,6.73333e-06,5.391661e-06,5.712493e-06,6.191659e-06,3.129164e-06,6.358329e-06
1,280,193.352,0.56,5.729159e-06,5.612493e-06,5.962499e-06,5.599999e-06,1.45825e-07,5.504163e-06,1.45825e-07,4.462496e-06,5.054164e-06,6.154164e-06,6.66666e-06,5.329164e-06,5.637495e-06,6.112496e-06,3.087497e-06,6.279159e-06
1,281,193.503,0.562,5.679162e-06,5.562496e-06,5.916659e-06,5.55416e-06,1.4166e-07,5.454159e-06,1.45825e-07,4.424993e-06,5.012496e-06,6.104159e-06,6.624993e-06,5.287496e-06,5.591663e-06,6.062492e-06,3.05833e-06,6.224998e-06
1,282,193.654,0.564,5.624994e-06,5.504163e-06,5.862498e-06,5.491662e-06,1.45825e-07,5.395826e-06,1.45825e-07,4.374997e-06,4.949999e-06,6.037497e-06,6.562495e-06,5.220827e-06,5.512492e-06,5.987493e-06,3.020827e-06,6.149999e-06
1,283,193.805,0.566,5.574997e-06,5.454159e-06,5.80833e-06,5.449994e-06,1.45825e-07,5.345829e-06,1.45825e-07,4.333329e-06,4.912496e-06,5.987493e-06,6.520828e-06,5.187495e-06,5.470832e-06,5.937497e-06,2.995825e-06,6.099995e-06
1,284,193.956,0.568,5.524993e-06,5.399998e-06,5.754161e-06,5.391661e-06,1.45825e-07,5.287496e-06,1.45825e-07,4.283325e-06,4.854162e-06,5.920831e-06,6.462495e-06,5.129163e-06,5.399998e-06,5.858326e-06,2.95833e-06,6.020832e-06
1,285,194.106,0.57,5.479161e-06,5.345829e-06,5.704164e-06,5.341665e-06,1.45825e-07,5.245829e-06,1.45825e-07,4.249994e-06,4.812495e-06,5.870827e-06,6.420827e-06,5.083331e-06,5.349994e-06,5.812494e-06,2.937492e-06,5.974992e-06
1,286,194.257,0.572,5.424992e-06,5.291661e-06,5.645832e-06,5.283332e-06,1.4166e-07,5.183331e-06,1.54161e-07,4.195825e-06,4.754162e-06,5.804165e-06,6.362494e-06,5.020825e-06,5.27916e-06,5.733331e-06,2.895832e-06,5.895829e-06
1,287,194.408,0.574,5.374996e-06,5.241664e-06,5.599999e-06,5.237492e-06,1.45825e-07,5.133327e-06,1.49997e-07,4.162494e-06,4.720831e-06,5.754161e-06,6.320826e-06,4.98333e-06,5.229163e-06,5.687499e-06,2.874994e-06,5.845833e-06
1,288,194.559,0.576,5.320827e-06,5.183331e-06,5.541659e-06,5.174994e-06,1.45825e-07,5.074994e-06,1.49997e-07,4.112498e-06,4.662498e-06,5.687499e-06,6.254164e-06,4.924997e-06,5.158329e-06,5.612493e-06,2.841663e-06,5.770826e-06
1,289,194.71,0.578,5.274995e-06,5.137499e-06,5.495826e-06,5.133327e-06,1.49997e-07,5.033326e-06,1.49997e-07,4.083332e-06,4.624995e-06,5.641659e-06,6.224998e-06,4.887494e-06,5.116661e-06,5.566661e-06,2.820826e-06,5.72083e-06
1,290,194.861,0.58,5.224999e-06,5.083331e-06,5.441666e-06,5.07083e-06,1.49997e-07,4.974993e-06,1.54161e-07,4.033327e-06,4.574998e-06,5.574997e-06,6.166665e-06,4.833333e-06,5.041663e-06,5.491662e-06,2.78333e-06,5.645832e-06
1,291,195.012,0.582,5.174994e-06,5.037498e-06,5.395826e-06,5.029162e-06,1.49997e-07,4.933325e-06,1.49997e-07,4.00416e-06,4.537495e-06,5.529165e-06,6.133326e-06,4.799994e-06,4.999995e-06,5.44583e-06,2.762492e-06,5.599999e-06
1,292,195.162,0.584,5.129163e-06,4.979165e-06,5.341665e-06,4.974993e-06,1.49997e-07,4.874993e-06,1.54161e-07,3.958329e-06,4.483326e-06,5.46666e-06,6.066664e-06,4.741661e-06,4.929161e-06,5.374996e-06,2.724997e-06,5.520828e-06
1,293,195.313,0.586,5.074994e-06,4.929161e-06,5.291661e-06,4.933325e-06,1.49997e-07,4.833333e-06,1.54161e-07,3.929162e-06,4.449995e-06,5.416663e-06,6.033325e-06,4.704165e-06,4.883329e-06,5.329164e-06,2.708332e-06,5.474997e-06
1,294,195.464,0.588,5.033326e-06,4.883329e-06,5.241664e-06,4.874993e-06,1.49997e-07,4.774992e-06,1.54161e-07,3.88333e-06,4.399999e-06,5.35833e-06,5.979165e-06,4.654161e-06,4.820832e-06,5.25833e-06,2.674993e-06,5.404162e-06
1,295,195.615,0.59,4.987494e-06,4.833333e-06,5.199997e-06,4.837497e-06,1.45825e-07,4.737497e-06,1.54161e-07,3.858328e-06,4.36666e-06,5.312499e-06,5.945826e-06,4.62083e-06,4.774992e-06,5.212498e-06,2.654163e-06,5.354166e-06
1,296,195.766,0.592,4.945827e-06,4.799994e-06,5.158329e-06,4.799994e-06,1.49997e-07,4.695829e-06,1.49997e-07,3.829161e-06,4.333329e-06,5.266658e-06,5.90833e-06,4.583327e-06,4.737497e-06,5.166666e-06,2.633325e-06,5.308326e-06
1,297,195.917,0.594,4.899995e-06,4.741661e-06,5.10416e-06,4.741661e-06,1.49997e-07,4.64166e-06,1.49997e-07,3.787494e-06,4.287497e-06,5.199997e-06,5.858326e-06,4.53333e-06,4.666662e-06,5.095832e-06,2.599994e-06,5.233328e-06
1,298,196.067,0.596,4.854162e-06,4.704165e-06,5.058328e-06,4.704165e-06,1.49997e-07,4.599992e-06,1.54161e-07,3.762492e-06,4.258331e-06,5.158329e-06,5.824995e-06,4.504164e-06,4.624995e-06,5.054164e-06,2.583329e-06,5.19166e-06
1,299,196.218,0.598,4.804158e-06,4.645832e-06,5.004159e-06,4.649997e-06,1.49997e-07,4.549996e-06,1.54161e-07,3.720832e-06,4.208326e-06,5.095832e-06,5.774998e-06,4.449995e-06,4.558333e-06,4.98333e-06,2.549998e-06,5.116661e-06
1,300,196.369,0.6,4.758326e-06,4.604165e-06,4.958328e-06,4.608329e-06,1.49997e-07,4.508328e-06,1.49997e-07,3.691665e-06,4.183332e-06,5.054164e-06,5.74166e-06,4.420829e-06,4.520829e-06,4.937498e-06,2.52916e-06,5.07083e-06
1,301,196.52,0.602,4.70833e-06,4.554161e-06,4.908331e-06,4.558333e-06,1.49997e-07,4.458332e-06,1.54161e-07,3.658326e-06,4.133328e-06,4.991658e-06,5.691663e-06,4.379161e-06,4.45416e-06,4.870828e-06,2.504166e-06,5.008332e-06
1,302,196.671,0.604,4.666662e-06,4.512493e-06,4.866663e-06,4.520829e-06,1.54161e-07,4.420829e-06,1.49997e-07,3.633332e-06,4.112498e-06,4.949999e-06,5.666661e-06,4.34583e-06,4.416665e-06,4.833333e-06,2.483328e-06,4.962492e-06
1,303,196.822,0.606,4.62083e-06,4.462496e-06,4.816659e-06,4.466661e-06,1.54161e-07,4.370832e-06,1.58326e-07,3.599993e-06,4.062494e-06,4.887494e-06,5.616665e-06,4.304163e-06,4.354159e-06,4.766663e-06,2.454162e-06,4.891666e-06
1,304,196.972,0.608,4.574998e-06,4.420829e-06,4.774992e-06,4.43333e-06,1.54161e-07,4.333329e-06,1.54161e-07,3.574999e-06,4.041664e-06,4.849998e-06,5.591663e-06,4.274996e-06,4.316664e-06,4.72916e-06,2.437496e-06,4.849998e-06
1,305,197.123,0.61,4.524994e-06,4.370832e-06,4.720831e-06,4.379161e-06,1.54161e-07,4.283325e-06,1.54161e-07,3.545833e-06,4.00416e-06,4.79583e-06,5.545831e-06,4.233329e-06,4.258331e-06,4.666662e-06,2.40833e-06,4.783328e-06
1,306,197.274,0.612,4.487499e-06,4.337493e-06,4.683327e-06,4.34583e-06,1.54161e-07,4.249994e-06,1.54161e-07,3.52083e-06,3.979158e-06,4.754162e-06,5.524993e-06,4.212499e-06,4.220828e-06,4.629159e-06,2.391664e-06,4.745825e-06
1,307,197.425,0.614,4.441659e-06,4.291662e-06,4.637496e-06,4.299998e-06,1.58326e-07,4.204162e-06,1.62498e-07,3.495828e-06,3.941663e-06,4.704165e-06,5.483325e-06,4.170831e-06,4.162494e-06,4.566662e-06,2.366662e-06,4.687492e-06
1,308,197.576,0.616,4.404164e-06,4.254158e-06,4.599992e-06,4.266659e-06,1.58326e-07,4.166659e-06,1.58326e-07,3.474998e-06,3.920825e-06,4.662498e-06,5.458331e-06,4.149993e-06,4.129163e-06,4.529158e-06,2.354161e-06,4.64166e-06
1,309,197.727,0.618,4.358331e-06,4.208326e-06,4.549996e-06,4.220828e-06,1.54161e-07,4.124999e-06,1.62498e-07,3.454161e-06,3.891659e-06,4.612494e-06,5.424992e-06,4.112498e-06,4.079159e-06,4.474998e-06,2.329159e-06,4.583327e-06
1,310,197.878,0.62,4.320828e-06,4.174995e-06,4.512493e-06,4.191661e-06,1.58326e-07,4.095833e-06,1.58326e-07,3.433331e-06,3.866664e-06,4.574998e-06,5.399998e-06,4.095833e-06,4.045828e-06,4.43333e-06,2.316666e-06,4.545832e-06
1,311,198.028,0.622,4.27916e-06,4.129163e-06,4.466661e-06,4.141665e-06,1.58326e-07,4.054165e-06,1.58326e-07,3.408329e-06,3.837498e-06,4.524994e-06,5.366659e-06,4.058329e-06,3.991659e-06,4.383326e-06,2.295828e-06,4.491663e-06
1,312,198.179,0.624,4.241665e-06,4.099997e-06,4.43333e-06,4.116662e-06,1.54161e-07,4.024998e-06,1.58326e-07,3.395828e-06,3.820833e-06,4.495827e-06,5.349994e-06,4.041664e-06,3.962493e-06,4.349994e-06,2.279162e-06,4.449995e-06
1,313,198.33,0.626,4.204162e-06,4.062494e-06,4.387498e-06,4.070831e-06,1.54161e-07,3.983331e-06,1.62498e-07,3.374998e-06,3.79583e-06,4.441659e-06,5.320827e-06,4.016661e-06,3.916661e-06,4.295826e-06,2.258333e-06,4.395827e-06
1,314,198.481,0.628,4.162494e-06,4.029163e-06,4.354159e-06,4.045828e-06,1.58326e-07,3.954164e-06,1.58326e-07,3.362497e-06,3.779165e-06,4.412492e-06,5.304162e-06,3.995832e-06,3.887495e-06,4.266659e-06,2.245831e-06,4.362496e-06
1,315,198.632,0.63,4.124999e-06,3.991659e-06,4.312499e-06,4.012497e-06,1.58326e-07,3.920825e-06,1.62498e-07,3.345831e-06,3.754163e-06,4.36666e-06,5.274995e-06,3.97083e-06,3.845827e-06,4.220828e-06,2.229158e-06,4.308327e-06
1,316,198.783,0.632,4.087496e-06,3.958329e-06,4.274996e-06,3.983331e-06,1.58326e-07,3.895831e-06,1.58326e-07,3.33333e-06,3.737497e-06,4.337493e-06,5.25833e-06,3.954164e-06,3.81666e-06,4.191661e-06,2.216665e-06,4.27916e-06
1,317,198.933,0.634,4.054165e-06,3.924998e-06,4.237493e-06,3.949992e-06,1.54161e-07,3.862492e-06,1.58326e-07,3.320829e-06,3.71666e-06,4.291662e-06,5.237492e-06,3.929162e-06,3.774993e-06,4.145829e-06,2.199992e-06,4.229164e-06
1,318,199.084,0.636,4.016661e-06,3.899996e-06,4.204162e-06,3.920825e-06,1.54161e-07,3.837498e-06,1.62498e-07,3.312492e-06,3.708331e-06,4.266659e-06,5.224999e-06,3.920825e-06,3.754163e-06,4.116662e-06,2.187498e-06,4.195825e-06
1,319,199.235,0.638,3.979158e-06,3.866664e-06,4.162494e-06,3.887495e-06,1.54161e-07,3.804159e-06,1.58326e-07,3.299999e-06,3.687493e-06,4.224992e-06,5.204161e-06,3.899996e-06,3.71666e-06,4.070831e-06,2.174997e-06,4.149993e-06
1,320,199.386,0.64,3.945827e-06,3.841662e-06,4.129163e-06,3.866664e-06,1.54161e-07,3.783329e-06,1.58326e-07,3.291663e-06,3.679164e-06,4.199997e-06,5.195832e-06,3.891659e-06,3.69583e-06,4.049993e-06,2.166661e-06,4.129163e-06
1,321,199.537,0.642,3.912497e-06,3.808331e-06,4.104161e-06,3.837498e-06,1.58326e-07,3.754163e-06,1.62498e-07,3.283326e-06,3.670827e-06,4.162494e-06,5.179159e-06,3.874993e-06,3.658326e-06,4.012497e-06,2.15416e-06,4.087496e-06
1,322,199.688,0.644,3.879165e-06,3.787494e-06,4.066666e-06,3.81666e-06,1.58326e-07,3.733325e-06,1.62498e-07,3.279162e-06,3.662499e-06,4.137492e-06,5.174994e-06,3.870829e-06,3.641661e-06,3.991659e-06,2.141659e-06,4.062494e-06
1,323,199.839,0.646,3.858328e-06,3.770828e-06,4.045828e-06,3.79583e-06,1.58326e-07,3.71666e-06,1.62498e-07,3.274997e-06,3.658326e-06,4.120827e-06,5.166666e-06,3.862492e-06,3.624996e-06,3.966665e-06,2.137494e-06,4.037492e-06
1,324,199.989,0.648,3.829161e-06,3.745826e-06,4.012497e-06,3.770828e-06,1.54161e-07,3.691665e-06,1.58326e-07,3.274997e-06,3.649998e-06,4.087496e-06,5.158329e-06,3.854163e-06,3.595829e-06,3.933326e-06,2.124993e-06,3.999996e-06
1,325,200.14,0.65,3.799995e-06,3.724996e-06,3.987495e-06,3.758327e-06,1.58326e-07,3.679164e-06,1.66663e-07,3.26666e-06,3.645825e-06,4.066666e-06,5.158329e-06,3.854163e-06,3.579164e-06,3.912497e-06,2.120829e-06,3.979158e-06
1,326,200.291,0.652,3.770828e-06,3.699994e-06,3.954164e-06,3.729161e-06,1.54161e-07,3.654162e-06,1.58326e-07,3.270833e-06,3.641661e-06,4.041664e-06,5.154165e-06,3.849999e-06,3.558326e-06,3.891659e-06,2.112492e-06,3.949992e-06
1,327,200.442,0.654,3.745826e-06,3.683329e-06,3.933326e-06,3.71666e-06,1.58326e-07,3.641661e-06,1.62498e-07,3.270833e-06,3.637497e-06,4.020826e-06,5.149992e-06,3.849999e-06,3.545833e-06,3.874993e-06,2.108328e-06,3.924998e-06
1,328,200.593,0.656,3.720832e-06,3.666663e-06,3.90416e-06,3.69583e-06,1.54161e-07,3.620831e-06,1.66663e-07,3.279162e-06,3.637497e-06,3.999996e-06,5.149992e-06,3.849999e-06,3.529159e-06,3.849999e-06,2.099999e-06,3.90416e-06
1,329,200.744,0.658,3.69583e-06,3.649998e-06,3.88333e-06,3.687493e-06,1.58326e-07,3.612495e-06,1.62498e-07,3.279162e-06,3.637497e-06,3.983331e-06,5.154165e-06,3.854163e-06,3.52083e-06,3.833326e-06,2.099999e-06,3.887495e-06
1,330,200.894,0.66,3.674992e-06,3.633332e-06,3.854163e-06,3.666663e-06,1.58326e-07,3.595829e-06,1.62498e-07,3.287498e-06,3.645825e-06,3.962493e-06,5.158329e-06,3.854163e-06,3.504165e-06,3.812496e-06,2.095826e-06,3.866664e-06
1,331,201.045,0.662,3.645825e-06,3.624996e-06,3.833326e-06,3.658326e-06,1.58326e-07,3.587492e-06,1.62498e-07,3.287498e-06,3.645825e-06,3.954164e-06,5.162493e-06,3.858328e-06,3.499993e-06,3.804159e-06,2.099999e-06,3.849999e-06
1,332,201.196,0.664,3.62916e-06,3.612495e-06,3.808331e-06,3.645825e-06,1.62498e-07,3.579164e-06,1.62498e-07,3.299999e-06,3.654162e-06,3.937499e-06,5.174994e-06,3.866664e-06,3.495828e-06,3.791666e-06,2.095826e-06,3.833326e-06
1,333,201.347,0.666,3.60833e-06,3.604166e-06,3.787494e-06,3.637497e-06,1.58326e-07,3.566662e-06,1.62498e-07,3.304164e-06,3.662499e-06,3.929162e-06,5.179159e-06,3.870829e-06,3.491664e-06,3.787494e-06,2.095826e-06,3.824997e-06
1,334,201.498,0.668,3.583328e-06,3.595829e-06,3.774993e-06,3.62916e-06,1.62498e-07,3.562498e-06,1.62498e-07,3.316665e-06,3.670827e-06,3.916661e-06,5.19166e-06,3.88333e-06,3.487492e-06,3.774993e-06,2.099999e-06,3.812496e-06
1,335,201.649,0.67,3.570827e-06,3.587492e-06,3.754163e-06,3.620831e-06,1.62498e-07,3.558326e-06,1.62498e-07,3.329166e-06,3.683329e-06,3.912497e-06,5.204161e-06,3.891659e-06,3.483327e-06,3.770828e-06,2.099999e-06,3.799995e-06
1,336,201.799,0.672,3.549997e-06,3.579164e-06,3.737497e-06,3.616659e-06,1.62498e-07,3.558326e-06,1.62498e-07,3.341659e-06,3.69583e-06,3.90416e-06,5.216662e-06,3.908332e-06,3.491664e-06,3.766664e-06,2.099999e-06,3.79583e-06
1,337,201.95,0.674,3.533332e-06,3.574999e-06,3.720832e-06,3.616659e-06,1.58326e-07,3.549997e-06,1.62498e-07,3.35416e-06,3.708331e-06,3.899996e-06,5.233328e-06,3.920825e-06,3.491664e-06,3.762492e-06,2.104163e-06,3.79583e-06
1,338,202.101,0.676,3.524995e-06,3.579164e-06,3.708331e-06,3.612495e-06,1.62498e-07,3.558326e-06,1.62498e-07,3.374998e-06,3.724996e-06,3.895831e-06,5.25833e-06,3.941663e-06,3.499993e-06,3.762492e-06,2.112492e-06,3.787494e-06
1,339,202.252,0.678,3.508329e-06,3.574999e-06,3.69583e-06,3.60833e-06,1.62498e-07,3.554161e-06,1.62498e-07,3.379162e-06,3.737497e-06,3.895831e-06,5.270831e-06,3.954164e-06,3.504165e-06,3.766664e-06,2.116664e-06,3.791666e-06
1,340,202.403,0.68,3.499993e-06,3.574999e-06,3.687493e-06,3.612495e-06,1.62498e-07,3.558326e-06,1.66663e-07,3.408329e-06,3.766664e-06,3.895831e-06,5.295825e-06,3.979158e-06,3.52083e-06,3.774993e-06,2.124993e-06,3.79583e-06
1,341,202.554,0.682,3.487492e-06,3.579164e-06,3.674992e-06,3.612495e-06,1.58326e-07,3.558326e-06,1.62498e-07,3.416665e-06,3.779165e-06,3.899996e-06,5.316663e-06,3.991659e-06,3.524995e-06,3.774993e-06,2.129165e-06,3.791666e-06
1,342,202.705,0.684,3.479163e-06,3.579164e-06,3.666663e-06,3.624996e-06,1.62498e-07,3.566662e-06,1.66663e-07,3.44166e-06,3.804159e-06,3.899996e-06,5.341665e-06,4.024998e-06,3.54166e-06,3.787494e-06,2.141659e-06,3.799995e-06
1,343,202.855,0.686,3.470826e-06,3.587492e-06,3.658326e-06,3.62916e-06,1.62498e-07,3.574999e-06,1.66663e-07,3.458325e-06,3.820833e-06,3.908332e-06,5.362495e-06,4.041664e-06,3.549997e-06,3.791666e-06,2.149995e-06,3.804159e-06
1,344,203.006,0.688,3.466662e-06,3.595829e-06,3.658326e-06,3.633332e-06,1.62498e-07,3.579164e-06,1.66663e-07,3.483327e-06,3.854163e-06,3.916661e-06,5.395826e-06,4.074995e-06,3.574999e-06,3.808331e-06,2.162496e-06,3.820833e-06
1,345,203.157,0.69,3.462497e-06,3.599993e-06,3.649998e-06,3.641661e-06,1.62498e-07,3.587492e-06,1.62498e-07,3.499993e-06,3.870829e-06,3.924998e-06,5.424992e-06,4.095833e-06,3.587492e-06,3.820833e-06,2.170825e-06,3.829161e-06
1,346,203.308,0.692,3.458325e-06,3.612495e-06,3.645825e-06,3.654162e-06,1.62498e-07,3.599993e-06,1.66663e-07,3.533332e-06,3.90416e-06,3.937499e-06,5.458331e-06,4.129163e-06,3.616659e-06,3.841662e-06,2.187498e-06,3.849999e-06
1,347,203.459,0.694,3.454161e-06,3.624996e-06,3.645825e-06,3.662499e-06,1.62498e-07,3.612495e-06,1.66663e-07,3.545833e-06,3.929162e-06,3.949992e-06,5.479161e-06,4.149993e-06,3.633332e-06,3.854163e-06,2.195827e-06,3.858328e-06
1,348,203.61,0.696,3.458325e-06,3.641661e-06,3.649998e-06,3.679164e-06,1.58326e-07,3.624996e-06,1.66663e-07,3.579164e-06,3.962493e-06,3.966665e-06,5.524993e-06,4.191661e-06,3.666663e-06,3.879165e-06,2.212493e-06,3.879165e-06
1,349,203.76,0.698,3.454161e-06,3.654162e-06,3.649998e-06,3.691665e-06,1.62498e-07,3.637497e-06,1.62498e-07,3.595829e-06,3.983331e-06,3.983331e-06,5.545831e-06,4.212499e-06,3.683329e-06,3.895831e-06,2.224994e-06,3.891659e-06
1,350,203.911,0.7,3.458325e-06,3.674992e-06,3.649998e-06,3.708331e-06,1.62498e-07,3.654162e-06,1.66663e-07,3.633332e-06,4.024998e-06,4.00416e-06,5.591663e-06,4.258331e-06,3.71666e-06,3.924998e-06,2.245831e-06,3.920825e-06
1,351,204.062,0.702,3.458325e-06,3.687493e-06,3.654162e-06,3.720832e-06,1.62498e-07,3.670827e-06,1.66663e-07,3.654162e-06,4.049993e-06,4.020826e-06,5.616665e-06,4.283325e-06,3.737497e-06,3.937499e-06,2.25416e-06,3.933326e-06
1,352,204.213,0.704,3.458325e-06,3.69583e-06,3.658326e-06,3.733325e-06,1.62498e-07,3.679164e-06,1.62498e-07,3.674992e-06,4.074995e-06,4.037492e-06,5.645832e-06,4.304163e-06,3.758327e-06,3.958329e-06,2.266661e-06,3.949992e-06
1,353,204.364,0.706,3.466662e-06,3.724996e-06,3.666663e-06,3.758327e-06,1.62498e-07,3.704158e-06,1.66663e-07,3.712495e-06,4.112498e-06,4.062494e-06,5.691663e-06,4.34583e-06,3.799995e-06,3.991659e-06,2.291664e-06,3.983331e-06
1,354,204.515,0.708,3.470826e-06,3.741662e-06,3.674992e-06,3.774993e-06,1.62498e-07,3.720832e-06,1.62498e-07,3.737497e-06,4.141665e-06,4.079159e-06,5.724994e-06,4.379161e-06,3.824997e-06,4.016661e-06,2.308329e-06,4.00416e-06
1,355,204.666,0.71,3.487492e-06,3.766664e-06,3.683329e-06,3.804159e-06,1.62498e-07,3.745826e-06,1.66663e-07,3.774993e-06,4.191661e-06,4.112498e-06,5.774998e-06,4.424993e-06,3.866664e-06,4.054165e-06,2.329159e-06,4.041664e-06
1,356,204.816,0.712,3.487492e-06,3.787494e-06,3.691665e-06,3.820833e-06,1.62498e-07,3.766664e-06,1.62498e-07,3.79583e-06,4.216663e-06,4.137492e-06,5.804165e-06,4.45416e-06,3.891659e-06,4.079159e-06,2.34166e-06,4.058329e-06
1,357,204.967,0.714,3.499993e-06,3.820833e-06,3.708331e-06,3.854163e-06,1.62498e-07,3.791666e-06,1.66663e-07,3.837498e-06,4.266659e-06,4.166659e-06,5.854161e-06,4.504164e-06,3.937499e-06,4.120827e-06,2.370826e-06,4.099997e-06
1,358,205.118,0.716,3.512494e-06,3.837498e-06,3.71666e-06,3.870829e-06,1.62498e-07,3.808331e-06,1.62498e-07,3.858328e-06,4.295826e-06,4.191661e-06,5.887493e-06,4.53333e-06,3.966665e-06,4.141665e-06,2.383327e-06,4.133328e-06
1,359,205.269,0.718,3.529159e-06,3.874993e-06,3.737497e-06,3.90416e-06,1.62498e-07,3.841662e-06,1.66663e-07,3.899996e-06,4.34583e-06,4.229164e-06,5.945826e-06,4.587499e-06,4.016661e-06,4.191661e-06,2.40833e-06,4.174995e-06
1,360,205.42,0.72,3.54166e-06,3.895831e-06,3.745826e-06,3.929162e-06,1.62498e-07,3.854163e-06,1.62498e-07,3.920825e-06,4.379161e-06,4.254158e-06,5.979165e-06,4.616666e-06,4.045828e-06,4.220828e-06,2.424995e-06,4.199997e-06
1,361,205.571,0.722,3.558326e-06,3.933326e-06,3.766664e-06,3.962493e-06,1.58326e-07,3.887495e-06,1.62498e-07,3.966665e-06,4.429166e-06,4.291662e-06,6.029161e-06,4.670826e-06,4.095833e-06,4.266659e-06,2.449997e-06,4.249994e-06
1,362,205.721,0.724,3.570827e-06,3.958329e-06,3.783329e-06,3.991659e-06,1.66663e-07,3.912497e-06,1.66663e-07,3.991659e-06,4.458332e-06,4.320828e-06,6.062492e-06,4.699993e-06,4.124999e-06,4.291662e-06,2.466663e-06,4.266659e-06
1,363,205.872,0.726,3.587492e-06,3.995832e-06,3.804159e-06,4.024998e-06,1.62498e-07,3.941663e-06,1.66663e-07,4.033327e-06,4.516665e-06,4.362496e-06,6.120833e-06,4.754162e-06,4.17916e-06,4.34583e-06,2.499994e-06,4.324992e-06
1,364,206.023,0.728,3.604166e-06,4.020826e-06,3.820833e-06,4.049993e-06,1.62498e-07,3.962493e-06,1.66663e-07,4.066666e-06,4.545832e-06,4.391662e-06,6.154164e-06,4.791665e-06,4.204162e-06,4.379161e-06,2.512495e-06,4.349994e-06
1,365,206.174,0.73,3.62916e-06,4.062494e-06,3.849999e-06,4.095833e-06,1.62498e-07,3.999996e-06,1.66663e-07,4.112498e-06,4.604165e-06,4.445831e-06,6.220826e-06,4.849998e-06,4.270832e-06,4.43333e-06,2.549998e-06,4.408328e-06
1,366,206.325,0.732,3.649998e-06,4.099997e-06,3.870829e-06,4.120827e-06,1.66663e-07,4.024998e-06,1.66663e-07,4.137492e-06,4.64166e-06,4.474998e-06,6.254164e-06,4.883329e-06,4.295826e-06,4.462496e-06,2.566663e-06,4.437494e-06
1,367,206.476,0.734,3.666663e-06,4.137492e-06,3.899996e-06,4.166659e-06,1.66663e-07,4.058329e-06,1.66663e-07,4.187496e-06,4.691664e-06,4.524994e-06,6.312498e-06,4.941662e-06,4.354159e-06,4.520829e-06,2.59583e-06,4.487499e-06
1,368,206.627,0.736,3.691665e-06,4.166659e-06,3.916661e-06,4.195825e-06,1.62498e-07,4.083332e-06,1.70827e-07,4.216663e-06,4.733332e-06,4.549996e-06,6.349993e-06,4.974993e-06,4.391662e-06,4.549996e-06,2.612495e-06,4.520829e-06
1,369,206.777,0.738,3.71666e-06,4.216663e-06,3.949992e-06,4.241665e-06,1.62498e-07,4.124999e-06,1.66663e-07,4.266659e-06,4.791665e-06,4.608329e-06,6.412498e-06,5.037498e-06,4.449995e-06,4.612494e-06,2.649999e-06,4.579163e-06
1,370,206.928,0.74,3.741662e-06,4.249994e-06,3.97083e-06,4.274996e-06,1.62498e-07,4.141665e-06,1.66663e-07,4.291662e-06,4.820832e-06,4.637496e-06,6.445829e-06,5.074994e-06,4.479162e-06,4.645832e-06,2.670829e-06,4.616666e-06
1,371,207.079,0.742,3.766664e-06,4.291662e-06,4.008325e-06,4.320828e-06,1.66663e-07,4.183332e-06,1.66663e-07,4.341666e-06,4.883329e-06,4.691664e-06,6.508326e-06,5.129163e-06,4.545832e-06,4.699993e-06,2.699995e-06,4.670826e-06
1,372,207.23,0.744,3.787494e-06,4.324992e-06,4.024998e-06,4.349994e-06,1.62498e-07,4.208326e-06,1.66663e-07,4.370832e-06,4.91666e-06,4.724996e-06,6.54583e-06,5.166666e-06,4.570826e-06,4.733332e-06,2.724997e-06,4.704165e-06
1,373,207.381,0.746,3.81666e-06,4.374997e-06,4.058329e-06,4.399999e-06,1.62498e-07,4.24583e-06,1.66663e-07,4.416665e-06,4.974993e-06,4.783328e-06,6.612492e-06,5.220827e-06,4.637496e-06,4.799994e-06,2.758328e-06,4.766663e-06
1,374,207.532,0.748,3.841662e-06,4.408328e-06,4.083332e-06,4.43333e-06,1.66663e-07,4.270832e-06,1.66663e-07,4.441659e-06,5.008332e-06,4.808331e-06,6.641666e-06,5.254165e-06,4.666662e-06,4.833333e-06,2.770829e-06,4.79583e-06
1,375,207.682,0.75,3.870829e-06,4.45416e-06,4.124999e-06,4.479162e-06,1.62498e-07,4.308327e-06,1.66663e-07,4.495827e-06,5.062493e-06,4.862499e-06,6.699999e-06,5.312499e-06,4.72916e-06,4.887494e-06,2.80416e-06,4.854162e-06
1,376,207.833,0.752,3.895831e-06,4.491663e-06,4.145829e-06,4.512493e-06,1.66663e-07,4.333329e-06,1.66663e-07,4.524994e-06,5.108333e-06,4.904159e-06,6.741659e-06,5.354166e-06,4.762499e-06,4.933325e-06,2.824998e-06,4.887494e-06
1,377,207.984,0.754,3.929162e-06,4.537495e-06,4.187496e-06,4.566662e-06,1.66663e-07,4.374997e-06,1.66663e-07,4.570826e-06,5.162493e-06,4.958328e-06,6.804164e-06,5.412499e-06,4.820832e-06,4.991658e-06,2.858329e-06,4.949999e-06
1,378,208.135,0.756,3.949992e-06,4.579163e-06,4.208326e-06,4.595828e-06,1.62498e-07,4.395827e-06,1.66663e-07,4.604165e-06,5.19166e-06,4.991658e-06,6.837495e-06,5.44583e-06,4.854162e-06,5.024997e-06,2.879159e-06,4.98333e-06
1,379,208.286,0.758,3.974994e-06,4.608329e-06,4.237493e-06,4.629159e-06,1.62498e-07,4.420829e-06,1.70827e-07,4.637496e-06,5.233328e-06,5.033326e-06,6.874998e-06,5.487498e-06,4.891666e-06,5.066665e-06,2.899996e-06,5.024997e-06
1,380,208.437,0.76,4.008325e-06,4.662498e-06,4.283325e-06,4.687492e-06,1.66663e-07,4.466661e-06,1.70827e-07,4.687492e-06,5.295825e-06,5.091659e-06,6.94166e-06,5.545831e-06,4.958328e-06,5.124998e-06,2.937492e-06,5.083331e-06
1,381,208.587,0.762,4.033327e-06,4.699993e-06,4.304163e-06,4.720831e-06,1.66663e-07,4.487499e-06,1.66663e-07,4.712494e-06,5.333328e-06,5.124998e-06,6.970827e-06,5.579162e-06,4.987494e-06,5.162493e-06,2.95833e-06,5.116661e-06
1,382,208.738,0.764,4.074995e-06,4.749998e-06,4.354159e-06,4.774992e-06,1.66663e-07,4.529158e-06,1.70827e-07,4.766663e-06,5.391661e-06,5.179159e-06,7.037497e-06,5.641659e-06,5.041663e-06,5.224999e-06,2.987496e-06,5.179159e-06
1,383,208.889,0.766,4.099997e-06,4.787493e-06,4.379161e-06,4.808331e-06,1.66663e-07,4.549996e-06,1.66663e-07,4.799994e-06,5.424992e-06,5.220827e-06,7.074992e-06,5.679162e-06,5.079166e-06,5.266658e-06,3.008326e-06,5.212498e-06
1,384,209.04,0.768,4.137492e-06,4.841661e-06,4.420829e-06,4.866663e-06,1.66663e-07,4.591664e-06,1.70827e-07,4.841661e-06,5.483325e-06,5.27916e-06,7.133333e-06,5.737495e-06,5.137499e-06,5.324991e-06,3.041665e-06,5.274995e-06
1,385,209.191,0.77,4.166659e-06,4.883329e-06,4.45416e-06,4.904159e-06,1.66663e-07,4.62083e-06,1.70827e-07,4.879165e-06,5.524993e-06,5.320827e-06,7.170828e-06,5.774998e-06,5.174994e-06,5.362495e-06,3.066659e-06,5.308326e-06
1,386,209.342,0.772,4.195825e-06,4.933325e-06,4.495827e-06,4.949999e-06,1.66663e-07,4.662498e-06,1.70827e-07,4.924997e-06,5.579162e-06,5.374996e-06,7.233326e-06,5.833332e-06,5.233328e-06,5.424992e-06,3.099998e-06,5.370831e-06
1,387,209.493,0.774,4.224992e-06,4.966664e-06,4.524994e-06,4.987494e-06,1.66663e-07,4.687492e-06,1.70827e-07,4.958328e-06,5.616665e-06,5.412499e-06,7.266664e-06,5.866663e-06,5.266658e-06,5.462496e-06,3.116663e-06,5.408327e-06
1,388,209.643,0.776,4.266659e-06,5.024997e-06,4.570826e-06,5.049992e-06,1.66663e-07,4.72916e-06,1.70827e-07,5.008332e-06,5.679162e-06,5.479161e-06,7.329162e-06,5.933332e-06,5.324991e-06,5.524993e-06,3.154159e-06,5.470832e-06
1,389,209.794,0.778,4.291662e-06,5.062493e-06,4.608329e-06,5.083331e-06,1.66663e-07,4.754162e-06,1.70827e-07,5.041663e-06,5.712493e-06,5.508327e-06,7.366665e-06,5.966663e-06,5.35833e-06,5.562496e-06,3.174996e-06,5.508327e-06
1,390,209.945,0.78,4.333329e-06,5.116661e-06,4.654161e-06,5.145828e-06,1.62498e-07,4.791665e-06,1.66663e-07,5.091659e-06,5.770826e-06,5.574997e-06,7.429162e-06,6.029161e-06,5.416663e-06,5.624994e-06,3.208327e-06,5.562496e-06
1,391,210.096,0.782,4.358331e-06,5.158329e-06,4.683327e-06,5.179159e-06,1.66663e-07,4.816659e-06,1.70827e-07,5.120826e-06,5.80833e-06,5.608328e-06,7.462494e-06,6.058327e-06,5.449994e-06,5.662497e-06,3.233329e-06,5.599999e-06
1,392,210.247,0.784,4.404164e-06,5.212498e-06,4.72916e-06,5.233328e-06,1.66663e-07,4.858327e-06,1.70827e-07,5.166666e-06,5.866663e-06,5.670825e-06,7.520827e-06,6.120833e-06,5.504163e-06,5.72083e-06,3.262496e-06,5.658333e-06
1,393,210.398,0.786,4.424993e-06,5.245829e-06,4.758326e-06,5.266658e-06,1.62498e-07,4.883329e-06,1.66663e-07,5.199997e-06,5.899994e-06,5.704164e-06,7.554166e-06,6.149999e-06,5.537494e-06,5.758325e-06,3.283326e-06,5.691663e-06
1,394,210.548,0.788,4.466661e-06,5.308326e-06,4.804158e-06,5.324991e-06,1.66663e-07,4.920832e-06,1.70827e-07,5.249993e-06,5.958327e-06,5.766662e-06,7.616663e-06,6.208332e-06,5.591663e-06,5.816658e-06,3.320829e-06,5.754161e-06
1,395,210.699,0.79,4.491663e-06,5.341665e-06,4.837497e-06,5.362495e-06,1.62498e-07,4.945827e-06,1.70827e-07,5.283332e-06,5.987493e-06,5.799993e-06,7.645829e-06,6.237499e-06,5.624994e-06,5.849997e-06,3.337494e-06,5.787492e-06
1,396,210.85,0.792,4.53333e-06,5.395826e-06,4.879165e-06,5.420828e-06,1.66663e-07,4.98333e-06,1.70827e-07,5.329164e-06,6.045826e-06,5.858326e-06,7.708327e-06,6.295832e-06,5.679162e-06,5.90833e-06,3.370825e-06,5.845833e-06
1,397,211.001,0.794,4.558333e-06,5.433329e-06,4.908331e-06,5.449994e-06,1.62498e-07,5.008332e-06,1.66663e-07,5.35833e-06,6.079165e-06,5.887493e-06,7.737493e-06,6.329163e-06,5.704164e-06,5.941661e-06,3.391663e-06,5.874999e-06
1,398,211.152,0.796,4.591664e-06,5.483325e-06,4.958328e-06,5.504163e-06,1.66663e-07,5.045827e-06,1.66663e-07,5.408327e-06,6.133326e-06,5.945826e-06,7.795827e-06,6.383332e-06,5.762497e-06,5.999994e-06,3.42083e-06,5.92916e-06
1,399,211.303,0.798,4.62083e-06,5.516664e-06,4.991658e-06,5.537494e-06,1.66663e-07,5.07083e-06,1.66663e-07,5.433329e-06,6.166665e-06,5.979165e-06,7.824993e-06,6.416662e-06,5.791664e-06,6.033325e-06,3.44166e-06,5.962499e-06
1,400,211.454,0.8,4.658325e-06,5.574997e-06,5.037498e-06,5.599999e-06,1.66663e-07,5.108333e-06,1.70827e-07,5.483325e-06,6.220826e-06,6.045826e-06,7.879162e-06,6.470831e-06,5.84166e-06,6.087494e-06,3.474998e-06,6.01666e-06
1,401,211.604,0.802,4.687492e-06,5.612493e-06,5.07083e-06,5.637495e-06,1.62498e-07,5.133327e-06,1.70827e-07,5.512492e-06,6.254164e-06,6.074993e-06,7.908328e-06,6.499998e-06,5.870827e-06,6.129162e-06,3.491664e-06,6.045826e-06
1,402,211.755,0.804,4.724996e-06,5.666661e-06,5.116661e-06,5.691663e-06,1.70827e-07,5.17083e-06,1.70827e-07,5.566661e-06,6.312498e-06,6.137498e-06,7.970826e-06,6.558331e-06,5.920831e-06,6.18333e-06,3.529159e-06,6.104159e-06
1,403,211.906,0.806,4.758326e-06,5.704164e-06,5.154165e-06,5.729159e-06,1.62498e-07,5.195832e-06,1.70827e-07,5.595827e-06,6.341664e-06,6.170829e-06,8.004165e-06,6.591662e-06,5.949998e-06,6.220826e-06,3.549997e-06,6.137498e-06
1,404,212.057,0.808,4.791665e-06,5.758325e-06,5.195832e-06,5.783327e-06,1.66663e-07,5.233328e-06,1.70827e-07,5.645832e-06,6.395833e-06,6.224998e-06,8.054161e-06,6.645831e-06,6.004159e-06,6.279159e-06,3.579164e-06,6.191659e-06
1,405,212.208,0.81,4.824996e-06,5.791664e-06,5.229163e-06,5.816658e-06,1.66663e-07,5.25833e-06,1.70827e-07,5.670825e-06,6.424999e-06,6.262493e-06,8.087492e-06,6.679161e-06,6.033325e-06,6.308325e-06,3.599993e-06,6.224998e-06
1,406,212.359,0.812,4.849998e-06,5.829159e-06,5.25833e-06,5.854161e-06,1.70827e-07,5.287496e-06,1.70827e-07,5.704164e-06,6.45833e-06,6.295832e-06,8.116658e-06,6.712492e-06,6.058327e-06,6.341664e-06,3.616659e-06,6.254164e-06
1,407,212.509,0.814,4.887494e-06,5.874999e-06,5.308326e-06,5.90833e-06,1.66663e-07,5.324991e-06,1.70827e-07,5.754161e-06,6.512499e-06,6.349993e-06,8.174999e-06,6.766661e-06,6.116661e-06,6.395833e-06,3.649998e-06,6.308325e-06
1,408,212.66,0.816,4.91666e-06,5.920831e-06,5.345829e-06,5.945826e-06,1.66663e-07,5.349994e-06,1.66663e-07,5.783327e-06,6.541665e-06,6.387496e-06,8.212495e-06,6.795828e-06,6.137498e-06,6.429163e-06,3.670827e-06,6.345828e-06
1,409,212.811,0.818,4.958328e-06,5.970828e-06,5.395826e-06,6.004159e-06,1.66663e-07,5.391661e-06,1.70827e-07,5.837496e-06,6.599998e-06,6.441664e-06,8.266664e-06,6.849996e-06,6.191659e-06,6.483333e-06,3.699994e-06,6.399997e-06
1,410,212.962,0.82,4.98333e-06,6.004159e-06,5.424992e-06,6.033325e-06,1.62498e-07,5.416663e-06,1.70827e-07,5.866663e-06,6.620828e-06,6.474996e-06,8.291666e-06,6.879163e-06,6.216661e-06,6.512499e-06,3.71666e-06,6.420827e-06
1,411,213.113,0.822,5.020825e-06,6.058327e-06,5.474997e-06,6.091658e-06,1.66663e-07,5.454159e-06,1.70827e-07,5.90833e-06,6.679161e-06,6.529164e-06,8.345826e-06,6.929159e-06,6.266665e-06,6.574996e-06,3.754163e-06,6.47916e-06
1,412,213.264,0.824,5.049992e-06,6.09583e-06,5.508327e-06,6.124997e-06,1.66663e-07,5.479161e-06,1.70827e-07,5.945826e-06,6.708328e-06,6.56666e-06,8.379166e-06,6.962498e-06,6.29166e-06,6.599998e-06,3.770828e-06,6.508326e-06
1,413,213.414,0.826,5.091659e-06,6.141663e-06,5.549995e-06,6.179166e-06,1.70827e-07,5.520828e-06,1.70827e-07,5.987493e-06,6.758332e-06,6.616664e-06,8.424998e-06,7.016659e-06,6.341664e-06,6.658332e-06,3.808331e-06,6.562495e-06
1,414,213.565,0.828,5.116661e-06,6.18333e-06,5.587498e-06,6.220826e-06,1.70827e-07,5.541659e-06,1.66663e-07,6.020832e-06,6.791663e-06,6.649995e-06,8.458328e-06,7.045825e-06,6.366666e-06,6.687498e-06,3.820833e-06,6.591662e-06
1,415,213.716,0.83,5.158329e-06,6.237499e-06,5.63333e-06,6.27083e-06,1.62498e-07,5.583326e-06,1.66663e-07,6.066664e-06,6.845832e-06,6.708328e-06,8.512497e-06,7.099994e-06,6.412498e-06,6.741659e-06,3.845827e-06,6.637494e-06
1,416,213.867,0.832,5.183331e-06,6.274994e-06,5.662497e-06,6.304161e-06,1.70827e-07,5.604164e-06,1.70827e-07,6.091658e-06,6.870826e-06,6.741659e-06,8.5375e-06,7.124996e-06,6.437492e-06,6.770825e-06,3.866664e-06,6.66666e-06
1,417,214.018,0.834,5.220827e-06,6.320826e-06,5.712493e-06,6.362494e-06,1.62498e-07,5.645832e-06,1.70827e-07,6.141663e-06,6.92083e-06,6.791663e-06,8.587495e-06,7.174993e-06,6.483333e-06,6.824994e-06,3.899996e-06,6.720829e-06
1,418,214.169,0.836,5.254165e-06,6.358329e-06,5.745832e-06,6.399997e-06,1.70827e-07,5.670825e-06,1.66663e-07,6.170829e-06,6.94166e-06,6.82083e-06,8.616662e-06,7.208331e-06,6.508326e-06,6.854161e-06,3.916661e-06,6.749995e-06
1,419,214.32,0.838,5.287496e-06,6.404161e-06,5.795829e-06,6.454166e-06,1.70827e-07,5.712493e-06,1.74991e-07,6.220826e-06,7.004166e-06,6.874998e-06,8.674995e-06,7.258328e-06,6.554159e-06,6.908329e-06,3.949992e-06,6.799992e-06
1,420,214.47,0.84,5.320827e-06,6.441664e-06,5.829159e-06,6.483333e-06,1.66663e-07,5.737495e-06,1.70827e-07,6.249992e-06,7.024995e-06,6.912494e-06,8.699997e-06,7.291659e-06,6.579161e-06,6.937496e-06,3.966665e-06,6.824994e-06
1,421,214.621,0.842,5.35833e-06,6.495825e-06,5.874999e-06,6.541665e-06,1.70827e-07,5.779163e-06,1.70827e-07,6.299997e-06,7.083328e-06,6.962498e-06,8.749994e-06,7.341663e-06,6.624993e-06,6.987492e-06,3.995832e-06,6.874998e-06
1,422,214.772,0.844,5.387497e-06,6.524992e-06,5.904166e-06,6.570832e-06,1.66663e-07,5.804165e-06,1.70827e-07,6.329163e-06,7.099994e-06,6.991665e-06,8.774996e-06,7.366665e-06,6.649995e-06,7.016659e-06,4.012497e-06,6.904165e-06
1,423,214.923,0.846,5.429165e-06,6.579161e-06,5.958327e-06,6.629165e-06,1.70827e-07,5.845833e-06,1.70827e-07,6.374995e-06,7.149999e-06,7.045825e-06,8.820828e-06,7.412497e-06,6.691662e-06,7.070827e-06,4.041664e-06,6.954161e-06
1,424,215.074,0.848,5.449994e-06,6.608327e-06,5.987493e-06,6.662496e-06,1.66663e-07,5.870827e-06,1.70827e-07,6.404161e-06,7.179165e-06,7.074992e-06,8.854158e-06,7.441664e-06,6.708328e-06,7.099994e-06,4.058329e-06,6.979164e-06
1,425,215.225,0.85,5.491662e-06,6.658332e-06,6.037497e-06,6.712492e-06,1.66663e-07,5.90833e-06,1.70827e-07,6.454166e-06,7.224997e-06,7.129161e-06,8.899999e-06,7.487496e-06,6.75416e-06,7.145826e-06,4.09166e-06,7.020831e-06
1,426,215.375,0.852,5.520828e-06,6.691662e-06,6.070828e-06,6.745831e-06,1.62498e-07,5.933332e-06,1.74991e-07,6.47916e-06,7.249999e-06,7.154163e-06,8.929165e-06,7.512498e-06,6.783327e-06,7.170828e-06,4.108326e-06,7.049998e-06
1,427,215.526,0.854,5.558332e-06,6.741659e-06,6.120833e-06,6.799992e-06,1.66663e-07,5.979165e-06,1.74991e-07,6.529164e-06,7.299996e-06,7.208331e-06,8.983326e-06,7.562494e-06,6.824994e-06,7.220833e-06,4.137492e-06,7.099994e-06
1,428,215.677,0.856,5.591663e-06,6.774998e-06,6.158328e-06,6.833331e-06,1.66663e-07,6.004159e-06,1.70827e-07,6.558331e-06,7.324998e-06,7.233326e-06,9.012492e-06,7.591661e-06,6.845832e-06,7.249999e-06,4.154166e-06,7.124996e-06
1,429,215.828,0.858,5.624994e-06,6.82083e-06,6.20416e-06,6.883327e-06,1.70827e-07,6.049999e-06,1.74991e-07,6.604163e-06,7.374994e-06,7.287495e-06,9.058333e-06,7.641665e-06,6.891664e-06,7.299996e-06,4.191661e-06,7.174993e-06
1,430,215.979,0.86,5.658333e-06,6.862497e-06,6.237499e-06,6.916666e-06,1.70827e-07,6.070828e-06,1.70827e-07,6.63333e-06,7.395832e-06,7.316661e-06,9.079162e-06,7.662495e-06,6.908329e-06,7.320825e-06,4.204162e-06,7.19583e-06
1,431,216.13,0.862,5.699992e-06,6.904165e-06,6.279159e-06,6.970827e-06,1.66663e-07,6.112496e-06,1.74991e-07,6.683326e-06,7.449993e-06,7.366665e-06,9.133331e-06,7.7125e-06,6.954161e-06,7.37083e-06,4.233329e-06,7.241662e-06
1,432,216.281,0.864,5.729159e-06,6.933331e-06,6.316662e-06,7.004166e-06,1.70827e-07,6.137498e-06,1.70827e-07,6.712492e-06,7.47083e-06,7.399996e-06,9.158325e-06,7.737493e-06,6.974999e-06,7.40416e-06,4.249994e-06,7.270829e-06
1,433,216.431,0.866,5.749996e-06,6.962498e-06,6.345828e-06,7.024995e-06,1.70827e-07,6.158328e-06,1.74991e-07,6.737494e-06,7.49166e-06,7.420826e-06,9.183327e-06,7.762495e-06,6.995829e-06,7.424998e-06,4.266659e-06,7.291659e-06
1,434,216.582,0.868,5.787492e-06,7.00833e-06,6.395833e-06,7.087493e-06,1.70827e-07,6.208332e-06,1.79164e-07,6.791663e-06,7.545829e-06,7.474995e-06,9.233332e-06,7.808328e-06,7.041661e-06,7.479159e-06,4.299998e-06,7.337499e-06
1,435,216.733,0.87,5.820831e-06,7.049998e-06,6.433328e-06,7.120832e-06,1.70827e-07,6.233327e-06,1.74991e-07,6.82083e-06,7.566658e-06,7.499997e-06,9.258326e-06,7.837494e-06,7.054162e-06,7.504161e-06,4.316664e-06,7.362493e-06
1,436,216.884,0.872,5.862498e-06,7.091665e-06,6.47916e-06,7.170828e-06,1.70827e-07,6.27083e-06,1.74991e-07,6.870826e-06,7.612498e-06,7.554166e-06,9.30833e-06,7.879162e-06,7.095829e-06,7.549993e-06,4.34583e-06,7.408333e-06
1,437,217.035,0.874,5.891665e-06,7.124996e-06,6.512499e-06,7.199995e-06,1.66663e-07,6.299997e-06,1.74991e-07,6.895828e-06,7.637493e-06,7.570831e-06,9.333332e-06,7.904164e-06,7.120832e-06,7.574995e-06,4.358331e-06,7.437499e-06
1,438,217.186,0.876,5.920831e-06,7.166664e-06,6.562495e-06,7.249999e-06,1.66663e-07,6.337492e-06,1.79164e-07,6.94166e-06,7.67916e-06,7.624992e-06,9.379164e-06,7.949996e-06,7.158327e-06,7.624992e-06,4.391662e-06,7.483332e-06
1,439,217.336,0.878,5.958327e-06,7.204159e-06,6.595826e-06,7.28333e-06,1.66663e-07,6.362494e-06,1.74991e-07,6.970827e-06,7.704162e-06,7.645829e-06,9.404159e-06,7.974998e-06,7.179165e-06,7.649994e-06,4.404164e-06,7.504161e-06
1,440,217.487,0.88,5.99583e-06,7.245827e-06,6.641666e-06,7.329162e-06,1.70827e-07,6.404161e-06,1.74991e-07,7.016659e-06,7.74583e-06,7.695826e-06,9.445826e-06,8.02083e-06,7.220833e-06,7.691661e-06,4.437494e-06,7.545829e-06
1,441,217.638,0.882,6.029161e-06,7.270829e-06,6.674997e-06,7.366665e-06,1.70827e-07,6.437492e-06,1.74991e-07,7.045825e-06,7.770833e-06,7.720828e-06,9.474993e-06,8.04166e-06,7.237498e-06,7.720828e-06,4.445831e-06,7.570831e-06
1,442,217.789,0.884,6.066664e-06,7.316661e-06,6.724993e-06,7.408333e-06,1.70827e-07,6.474996e-06,1.74991e-07,7.091665e-06,7.812492e-06,7.76666e-06,9.516661e-06,8.083328e-06,7.270829e-06,7.76666e-06,4.479162e-06,7.616663e-06
1,443,217.94,0.886,6.099995e-06,7.349992e-06,6.758332e-06,7.437499e-06,1.70827e-07,6.499998e-06,1.79164e-07,7.120832e-06,7.83333e-06,7.791662e-06,9.545827e-06,8.10833e-06,7.295831e-06,7.795827e-06,4.495827e-06,7.637493e-06
1,444,218.091,0.888,6.133326e-06,7.387495e-06,6.804164e-06,7.483332e-06,1.70827e-07,6.541665e-06,1.74991e-07,7.166664e-06,7.883326e-06,7.837494e-06,9.58333e-06,8.154162e-06,7.333326e-06,7.837494e-06,4.524994e-06,7.683333e-06
1,445,218.241,0.89,6.166665e-06,7.416661e-06,6.837495e-06,7.520827e-06,1.70827e-07,6.562495e-06,1.74991e-07,7.19583e-06,7.895827e-06,7.862496e-06,9.612497e-06,8.179164e-06,7.349992e-06,7.862496e-06,4.54166e-06,7.704162e-06
1,446,218.392,0.892,6.208332e-06,7.462494e-06,6.891664e-06,7.566658e-06,1.70827e-07,6.608327e-06,1.74991e-07,7.245827e-06,7.945831e-06,7.912493e-06,9.658329e-06,8.220832e-06,7.391659e-06,7.908328e-06,4.570826e-06,7.74583e-06
1,447,218.543,0.894,6.233327e-06,7.49166e-06,6.92083e-06,7.599997e-06,1.70827e-07,6.63333e-06,1.74991e-07,7.270829e-06,7.958332e-06,7.93333e-06,9.679158e-06,8.237497e-06,7.40416e-06,7.93333e-06,4.587499e-06,7.770833e-06
1,448,218.694,0.896,6.274994e-06,7.537492e-06,6.966663e-06,7.645829e-06,1.70827e-07,6.679161e-06,1.74991e-07,7.312497e-06,8.004165e-06,7.974998e-06,9.720826e-06,8.279165e-06,7.441664e-06,7.974998e-06,4.612494e-06,7.812492e-06
1,449,218.845,0.898,6.304161e-06,7.566658e-06,6.999993e-06,7.670832e-06,1.70827e-07,6.699999e-06,1.74991e-07,7.341663e-06,8.02083e-06,7.999993e-06,9.7375e-06,8.29583e-06,7.462494e-06,8.004165e-06,4.629159e-06,7.83333e-06
1,450,218.996,0.9,6.345828e-06,7.608326e-06,7.041661e-06,7.720828e-06,1.70827e-07,6.741659e-06,1.74991e-07,7.391659e-06,8.066662e-06,8.04166e-06,9.79166e-06,8.341662e-06,7.499997e-06,8.049997e-06,4.658325e-06,7.883326e-06
1,451,219.147,0.902,6.374995e-06,7.637493e-06,7.079164e-06,7.754159e-06,1.70827e-07,6.770825e-06,1.79164e-07,7.420826e-06,8.087492e-06,8.066662e-06,9.816663e-06,8.366665e-06,7.520827e-06,8.070827e-06,4.674999e-06,7.904164e-06
1,452,219.297,0.904,6.408326e-06,7.67916e-06,7.124996e-06,7.804163e-06,1.70827e-07,6.804164e-06,1.74991e-07,7.466666e-06,8.12916e-06,8.116658e-06,9.854166e-06,8.412496e-06,7.55833e-06,8.120831e-06,4.704165e-06,7.945831e-06
1,453,219.448,0.906,6.445829e-06,7.708327e-06,7.1625e-06,7.83333e-06,1.70827e-07,6.841659e-06,1.74991e-07,7.495833e-06,8.154162e-06,8.133332e-06,9.883332e-06,8.433326e-06,7.574995e-06,8.154162e-06,4.720831e-06,7.966662e-06
1,454,219.599,0.908,6.487497e-06,7.758331e-06,7.212496e-06,7.883326e-06,1.70827e-07,6.883327e-06,1.79164e-07,7.541664e-06,8.191665e-06,8.179164e-06,9.924992e-06,8.479166e-06,7.612498e-06,8.19583e-06,4.749998e-06,8.008329e-06
1,455,219.75,0.91,6.516663e-06,7.779161e-06,7.245827e-06,7.908328e-06,1.70827e-07,6.908329e-06,1.79164e-07,7.570831e-06,8.212495e-06,8.199993e-06,9.945829e-06,8.495832e-06,7.633328e-06,8.220832e-06,4.762499e-06,8.037496e-06
1,456,219.901,0.912,6.554159e-06,7.820829e-06,7.295831e-06,7.949996e-06,1.66663e-07,6.945832e-06,1.79164e-07,7.612498e-06,8.254163e-06,8.245825e-06,9.991661e-06,8.5375e-06,7.666659e-06,8.270827e-06,4.79583e-06,8.079163e-06
1,457,220.052,0.914,6.587497e-06,7.849995e-06,7.329162e-06,7.983327e-06,1.70827e-07,6.979164e-06,1.74991e-07,7.641665e-06,8.279165e-06,8.270827e-06,1.0020828e-05,8.562493e-06,7.687497e-06,8.304159e-06,4.816659e-06,8.099993e-06
1,458,220.202,0.916,6.629165e-06,7.891663e-06,7.379158e-06,8.033331e-06,1.74991e-07,7.016659e-06,1.74991e-07,7.691661e-06,8.324997e-06,8.312496e-06,1.0062496e-05,8.604161e-06,7.720828e-06,8.345826e-06,4.841661e-06,8.145825e-06
1,459,220.353,0.918,6.662496e-06,7.920829e-06,7.412497e-06,8.062498e-06,1.70827e-07,7.045825e-06,1.79164e-07,7.720828e-06,8.337498e-06,8.337498e-06,1.0083326e-05,8.629163e-06,7.741666e-06,8.374993e-06,4.858327e-06,8.170828e-06
1,460,220.504,0.92,6.704164e-06,7.962497e-06,7.458329e-06,8.104165e-06,1.70827e-07,7.083328e-06,1.79164e-07,7.76666e-06,8.383329e-06,8.374993e-06,1.0120829e-05,8.666659e-06,7.774996e-06,8.420833e-06,4.883329e-06,8.208331e-06
1,461,220.655,0.922,6.737494e-06,7.987499e-06,7.495833e-06,8.12916e-06,1.70827e-07,7.112495e-06,1.74991e-07,7.791662e-06,8.399995e-06,8.395831e-06,1.0141659e-05,8.687496e-06,7.795827e-06,8.441662e-06,4.904159e-06,8.22916e-06
1,462,220.806,0.924,6.758332e-06,8.008329e-06,7.524999e-06,8.162498e-06,1.70827e-07,7.141662e-06,1.79164e-07,7.824993e-06,8.420833e-06,8.424998e-06,1.0170826e-05,8.708326e-06,7.816664e-06,8.466665e-06,4.91666e-06,8.254163e-06
1,463,220.957,0.926,6.799992e-06,8.049997e-06,7.574995e-06,8.212495e-06,1.74991e-07,7.179165e-06,1.74991e-07,7.870825e-06,8.466665e-06,8.466665e-06,1.0212493e-05,8.754166e-06,7.85416e-06,8.520826e-06,4.954163e-06,8.304159e-06
1,464,221.108,0.928,6.833331e-06,8.083328e-06,7.608326e-06,8.237497e-06,1.74991e-07,7.208331e-06,1.74991e-07,7.891663e-06,8.487495e-06,8.495832e-06,1.0233331e-05,8.774996e-06,7.874997e-06,8.549992e-06,4.966664e-06,8.324997e-06
1,465,221.258,0.93,6.870826e-06,8.124995e-06,7.658331e-06,8.287493e-06,1.70827e-07,7.249999e-06,1.74991e-07,7.94166e-06,8.529162e-06,8.533327e-06,1.0279163e-05,8.816663e-06,7.912493e-06,8.595832e-06,4.999995e-06,8.374993e-06
1,466,221.409,0.932,6.912494e-06,8.149997e-06,7.704162e-06,8.320832e-06,1.74991e-07,7.28333e-06,1.74991e-07,7.979163e-06,8.558329e-06,8.562493e-06,1.0308329e-05,8.841665e-06,7.937495e-06,8.633328e-06,5.024997e-06,8.404159e-06
1,467,221.56,0.934,6.949997e-06,8.19583e-06,7.749994e-06,8.370828e-06,1.74991e-07,7.329162e-06,1.79164e-07,8.029159e-06,8.599996e-06,8.604161e-06,1.0349997e-05,8.883325e-06,7.974998e-06,8.687496e-06,5.054164e-06,8.441662e-06
1,468,221.711,0.936,6.987492e-06,8.22916e-06,7.791662e-06,8.399995e-06,1.74991e-07,7.358328e-06,1.79164e-07,8.062498e-06,8.633328e-06,8.629163e-06,1.0383328e-05,8.908328e-06,7.995828e-06,8.716663e-06,5.07083e-06,8.474994e-06
1,469,221.862,0.938,7.033332e-06,8.270827e-06,7.837494e-06,8.45e-06,1.70827e-07,7.40416e-06,1.79164e-07,8.112494e-06,8.670831e-06,8.666659e-06,1.0420831e-05,8.949995e-06,8.033331e-06,8.766659e-06,5.10416e-06,8.524998e-06
1,470,222.013,0.94,7.066663e-06,8.299994e-06,7.879162e-06,8.48333e-06,1.70827e-07,7.433327e-06,1.74991e-07,8.137496e-06,8.691661e-06,8.695833e-06,1.0449998e-05,8.970833e-06,8.058326e-06,8.795826e-06,5.124998e-06,8.549992e-06
1,471,222.163,0.942,7.112495e-06,8.345826e-06,7.929166e-06,8.529162e-06,1.70827e-07,7.474995e-06,1.74991e-07,8.187492e-06,8.733328e-06,8.733328e-06,1.049583e-05,9.012492e-06,8.095829e-06,8.84583e-06,5.149992e-06,8.587495e-06
1,472,222.314,0.944,7.141662e-06,8.374993e-06,7.966662e-06,8.558329e-06,1.70827e-07,7.508326e-06,1.79164e-07,8.216659e-06,8.75833e-06,8.754166e-06,1.0516659e-05,9.041659e-06,8.116658e-06,8.874997e-06,5.17083e-06,8.616662e-06
1,473,222.465,0.946,7.187494e-06,8.412496e-06,8.02083e-06,8.608326e-06,1.70827e-07,7.554166e-06,1.79164e-07,8.266664e-06,8.799998e-06,8.799998e-06,1.0562499e-05,9.083326e-06,8.154162e-06,8.929165e-06,5.204161e-06,8.670831e-06
1,474,222.616,0.948,7.224997e-06,8.45e-06,8.058326e-06,8.641664e-06,1.74991e-07,7.57916e-06,1.79164e-07,8.304159e-06,8.829164e-06,8.829164e-06,1.0587493e-05,9.104165e-06,8.179164e-06,8.958332e-06,5.224999e-06,8.695833e-06
1,475,222.767,0.95,7.262492e-06,8.48333e-06,8.104165e-06,8.687496e-06,1.70827e-07,7.620828e-06,1.74991e-07,8.341662e-06,8.86666e-06,8.86666e-06,1.0629161e-05,9.14166e-06,8.212495e-06,9.016665e-06,5.25833e-06,8.741665e-06
1,476,222.918,0.952,7.299996e-06,8.516661e-06,8.149997e-06,8.716663e-06,1.70827e-07,7.654166e-06,1.74991e-07,8.374993e-06,8.887498e-06,8.891662e-06,1.0649999e-05,9.166662e-06,8.233333e-06,9.041659e-06,5.274995e-06,8.766659e-06
1,477,223.069,0.954,7.337499e-06,8.554164e-06,8.191665e-06,8.762495e-06,1.74991e-07,7.695826e-06,1.79164e-07,8.424998e-06,8.93333e-06,8.93333e-06,1.0691659e-05,9.208329e-06,8.274992e-06,9.091664e-06,5.304162e-06,8.812499e-06
1,478,223.219,0.956,7.374994e-06,8.583331e-06,8.224996e-06,8.795826e-06,1.74991e-07,7.724992e-06,1.79164e-07,8.454163e-06,8.958332e-06,8.958332e-06,1.0716661e-05,9.233332e-06,8.29583e-06,9.12083e-06,5.316663e-06,8.837494e-06
1,479,223.37,0.958,7.416661e-06,8.629163e-06,8.279165e-06,8.841665e-06,1.74991e-07,7.770833e-06,1.79164e-07,8.50416e-06,9.004164e-06,9.004164e-06,1.0762493e-05,9.275e-06,8.337498e-06,9.174999e-06,5.354166e-06,8.887498e-06
1,480,223.521,0.96,7.462494e-06,8.654165e-06,8.31666e-06,8.870832e-06,1.74991e-07,7.804163e-06,1.79164e-07,8.533327e-06,9.024993e-06,9.02083e-06,1.0787495e-05,9.295829e-06,8.362492e-06,9.204166e-06,5.370831e-06,8.908328e-06
1,481,223.672,0.962,7.495833e-06,8.695833e-06,8.366665e-06,8.920829e-06,1.74991e-07,7.841659e-06,1.83328e-07,8.59166e-06,9.066661e-06,9.062497e-06,1.0829162e-05,9.337497e-06,8.395831e-06,9.254161e-06,5.408327e-06,8.958332e-06
1,482,223.823,0.964,7.533328e-06,8.724999e-06,8.404159e-06,8.949995e-06,1.74991e-07,7.874997e-06,1.79164e-07,8.620827e-06,9.091664e-06,9.091664e-06,1.0858329e-05,9.362499e-06,8.41666e-06,9.291664e-06,5.429165e-06,8.987498e-06
1,483,223.974,0.966,7.57916e-06,8.770831e-06,8.454163e-06,9.004164e-06,1.79164e-07,7.924994e-06,1.79164e-07,8.670831e-06,9.137495e-06,9.133331e-06,1.0899997e-05,9.404159e-06,8.454163e-06,9.341661e-06,5.454159e-06,9.033331e-06
1,484,224.124,0.968,7.608326e-06,8.795826e-06,8.491659e-06,9.033331e-06,1.79164e-07,7.949996e-06,1.79164e-07,8.699997e-06,9.158325e-06,9.162498e-06,1.0924999e-05,9.429161e-06,8.479166e-06,9.374992e-06,5.483325e-06,9.062497e-06
1,485,224.275,0.97,7.654166e-06,8.837494e-06,8.545828e-06,9.083326e-06,1.79164e-07,7.995828e-06,1.83328e-07,8.749994e-06,9.204166e-06,9.199993e-06,1.0966659e-05,9.470828e-06,8.516661e-06,9.429161e-06,5.508327e-06,9.099992e-06
1,486,224.426,0.972,7.687497e-06,8.86666e-06,8.583331e-06,9.108328e-06,1.79164e-07,8.029159e-06,1.83328e-07,8.787497e-06,9.229159e-06,9.224995e-06,1.0995833e-05,9.499995e-06,8.541663e-06,9.458327e-06,5.537494e-06,9.137495e-06
1,487,224.577,0.974,7.733329e-06,8.908328e-06,8.633328e-06,9.158325e-06,1.74991e-07,8.070827e-06,1.83328e-07,8.829164e-06,9.275e-06,9.266662e-06,1.1037493e-05,9.533326e-06,8.583331e-06,9.516661e-06,5.562496e-06,9.187492e-06
1,488,224.728,0.976,7.770833e-06,8.941666e-06,8.674995e-06,9.195828e-06,1.79164e-07,8.104165e-06,1.79164e-07,8.86666e-06,9.299994e-06,9.291664e-06,1.1062495e-05,9.566665e-06,8.599996e-06,9.549999e-06,5.579162e-06,9.212494e-06
1,489,224.879,0.978,7.795827e-06,8.962496e-06,8.699997e-06,9.216667e-06,1.70827e-07,8.124995e-06,1.79164e-07,8.895826e-06,9.320831e-06,9.30833e-06,1.1091662e-05,9.58333e-06,8.620827e-06,9.58333e-06,5.599999e-06,9.245833e-06
1,490,225.029,0.98,7.841659e-06,9.004164e-06,8.749994e-06,9.262498e-06,1.74991e-07,8.174999e-06,1.79164e-07,8.945831e-06,9.362499e-06,9.345826e-06,1.1133329e-05,9.629162e-06,8.666659e-06,9.629162e-06,5.63333e-06,9.287493e-06
1,491,225.18,0.982,7.874997e-06,9.029166e-06,8.783332e-06,9.295829e-06,1.79164e-07,8.204166e-06,1.79164e-07,8.974997e-06,9.379164e-06,9.370828e-06,1.1154159e-05,9.649992e-06,8.683332e-06,9.658329e-06,5.65416e-06,9.312495e-06
1,492,225.331,0.984,7.916665e-06,9.074998e-06,8.833329e-06,9.341661e-06,1.74991e-07,8.245825e-06,1.79164e-07,9.02083e-06,9.429161e-06,9.412495e-06,1.1199999e-05,9.687496e-06,8.729164e-06,9.712498e-06,5.687499e-06,9.366663e-06
1,493,225.482,0.986,7.954161e-06,9.099992e-06,8.874997e-06,9.370828e-06,1.79164e-07,8.270827e-06,1.83328e-07,9.058333e-06,9.454163e-06,9.437497e-06,1.1220829e-05,9.712498e-06,8.745829e-06,9.745829e-06,5.708329e-06,9.391665e-06
1,494,225.633,0.988,7.995828e-06,9.14166e-06,8.920829e-06,9.41666e-06,1.79164e-07,8.31666e-06,1.83328e-07,9.108328e-06,9.491666e-06,9.474993e-06,1.126666e-05,9.754165e-06,8.77916e-06,9.799997e-06,5.733331e-06,9.437497e-06
1,495,225.784,0.99,8.024995e-06,9.170826e-06,8.962496e-06,9.445826e-06,1.79164e-07,8.349999e-06,1.83328e-07,9.149996e-06,9.520832e-06,9.50416e-06,1.1291663e-05,9.774994e-06,8.804162e-06,9.837492e-06,5.758325e-06,9.470828e-06
1,496,225.935,0.992,8.070827e-06,9.208329e-06,9.008329e-06,9.49583e-06,1.79164e-07,8.391658e-06,1.87492e-07,9.199993e-06,9.562493e-06,9.537498e-06,1.1329166e-05,9.812498e-06,8.837494e-06,9.87916e-06,5.787492e-06,9.512496e-06
1,497,226.085,0.994,8.104165e-06,9.237496e-06,9.041659e-06,9.524997e-06,1.74991e-07,8.420833e-06,1.83328e-07,9.233332e-06,9.587495e-06,9.562493e-06,1.1358333e-05,9.837492e-06,8.858331e-06,9.912499e-06,5.812494e-06,9.541663e-06
1,498,226.236,0.996,8.149997e-06,9.275e-06,9.091664e-06,9.574994e-06,1.79164e-07,8.466665e-06,1.83328e-07,9.283328e-06,9.624998e-06,9.599996e-06,1.1395828e-05,9.87916e-06,8.895826e-06,9.95833e-06,5.837496e-06,9.591659e-06
1,499,226.387,0.998,8.183329e-06,9.304166e-06,9.124994e-06,9.60416e-06,1.79164e-07,8.491659e-06,1.83328e-07,9.312495e-06,9.649992e-06,9.629162e-06,1.142083e-05,9.904162e-06,8.916664e-06,9.995826e-06,5.862498e-06,9.620825e-06
1,500,226.538,1.0,8.216659e-06,9.337497e-06,9.170826e-06,9.645828e-06,1.79164e-07,8.5375e-06,1.83328e-07,9.354162e-06,9.691659e-06,9.662493e-06,1.1466662e-05,9.937493e-06,8.954159e-06,1.004583e-05,5.891665e-06,9.67083e-06
1,501,226.689,0.998,8.204166e-06,9.299994e-06,9.129159e-06,9.587495e-06,1.70827e-07,8.499996e-06,1.79164e-07,9.304166e-06,9.633327e-06,9.612497e-06,1.1408329e-05,9.887497e-06,8.904163e-06,9.983333e-06,5.858326e-06,9.612497e-06
1,502,226.84,0.996,8.154162e-06,9.237496e-06,9.070825e-06,9.524997e-06,1.70827e-07,8.462493e-06,1.74991e-07,9.258326e-06,9.58333e-06,9.566665e-06,1.1366661e-05,9.841665e-06,8.870832e-06,9.937493e-06,5.824995e-06,9.570829e-06
1,503,226.99,0.994,8.099993e-06,9.166662e-06,8.995827e-06,9.449998e-06,1.62498e-07,8.404159e-06,1.66663e-07,9.195828e-06,9.512496e-06,9.508331e-06,1.1308328e-05,9.783332e-06,8.812499e-06,9.866659e-06,5.787492e-06,9.512496e-06
1,504,227.141,0.992,8.049997e-06,9.12083e-06,8.941666e-06,9.391665e-06,1.62498e-07,8.366665e-06,1.70827e-07,9.154161e-06,9.470828e-06,9.458327e-06,1.1274998e-05,9.7375e-06,8.77916e-06,9.820827e-06,5.762497e-06,9.470828e-06
1,505,227.292,0.99,7.991664e-06,9.049996e-06,8.874997e-06,9.324996e-06,1.62498e-07,8.320832e-06,1.66663e-07,9.091664e-06,9.408331e-06,9.39583e-06,1.1220829e-05,9.679158e-06,8.724999e-06,9.754165e-06,5.724994e-06,9.412495e-06
1,506,227.443,0.988,7.94166e-06,8.999999e-06,8.808327e-06,9.270827e-06,1.58326e-07,8.270827e-06,1.62498e-07,9.045832e-06,9.362499e-06,9.354162e-06,1.1183325e-05,9.641663e-06,8.687496e-06,9.712498e-06,5.691663e-06,9.370828e-06
1,507,227.594,0.986,7.887498e-06,8.93333e-06,8.741665e-06,9.199993e-06,1.54161e-07,8.216659e-06,1.58326e-07,8.979162e-06,9.299994e-06,9.287493e-06,1.1129165e-05,9.579166e-06,8.637492e-06,9.641663e-06,5.662497e-06,9.30833e-06
1,508,227.745,0.984,7.837494e-06,8.891662e-06,8.683332e-06,9.149996e-06,1.54161e-07,8.174999e-06,1.54161e-07,8.941666e-06,9.258326e-06,9.254161e-06,1.1091662e-05,9.545827e-06,8.604161e-06,9.599996e-06,5.63333e-06,9.266662e-06
1,509,227.896,0.982,7.779161e-06,8.820828e-06,8.616662e-06,9.083326e-06,1.49997e-07,8.120831e-06,1.54161e-07,8.874997e-06,9.183327e-06,9.187492e-06,1.1041665e-05,9.479165e-06,8.545828e-06,9.533326e-06,5.591663e-06,9.204166e-06
1,510,228.046,0.98,7.741666e-06,8.770831e-06,8.558329e-06,9.029166e-06,1.45825e-07,8.083328e-06,1.49997e-07,8.829164e-06,9.14166e-06,9.14166e-06,1.0999997e-05,9.445826e-06,8.512497e-06,9.491666e-06,5.566661e-06,9.170826e-06
1,511,228.197,0.978,7.687497e-06,8.716663e-06,8.491659e-06,8.962496e-06,1.45825e-07,8.029159e-06,1.49997e-07,8.770831e-06,9.087499e-06,9.083326e-06,1.0945829e-05,9.387493e-06,8.462493e-06,9.41666e-06,5.53333e-06,9.112493e-06
1,512,228.348,0.976,7.633328e-06,8.670831e-06,8.441662e-06,8.912491e-06,1.45825e-07,7.987499e-06,1.54161e-07,8.724999e-06,9.041659e-06,9.041659e-06,1.0916662e-05,9.345826e-06,8.424998e-06,9.379164e-06,5.508327e-06,9.066661e-06
1,513,228.499,0.974,7.595825e-06,8.620827e-06,8.391658e-06,8.870832e-06,1.4166e-07,7.949996e-06,1.45825e-07,8.67916e-06,8.995827e-06,8.995827e-06,1.0879159e-05,9.299994e-06,8.387494e-06,9.32916e-06,5.479161e-06,9.029166e-06
1,514,228.65,0.972,7.541664e-06,8.562493e-06,8.324997e-06,8.799998e-06,1.37496e-07,7.891663e-06,1.4166e-07,8.620827e-06,8.93333e-06,8.937494e-06,1.0820826e-05,9.249997e-06,8.337498e-06,9.262498e-06,5.441666e-06,8.96666e-06
1,515,228.801,0.97,7.49166e-06,8.512497e-06,8.270827e-06,8.745829e-06,1.4166e-07,7.849995e-06,1.45825e-07,8.566665e-06,8.887498e-06,8.891662e-06,1.078333e-05,9.199993e-06,8.299994e-06,9.212494e-06,5.412499e-06,8.924992e-06
1,516,228.951,0.968,7.437499e-06,8.454163e-06,8.199993e-06,8.674995e-06,1.33332e-07,7.791662e-06,1.4166e-07,8.50416e-06,8.829164e-06,8.833329e-06,1.0724997e-05,9.14166e-06,8.245825e-06,9.145832e-06,5.370831e-06,8.862496e-06
1,517,229.102,0.966,7.395832e-06,8.408332e-06,8.149997e-06,8.633328e-06,1.37496e-07,7.758331e-06,1.4166e-07,8.462493e-06,8.787497e-06,8.787497e-06,1.0695831e-05,9.104165e-06,8.212495e-06,9.108328e-06,5.349994e-06,8.820828e-06
1,518,229.253,0.964,7.341663e-06,8.349999e-06,8.079163e-06,8.562493e-06,1.37496e-07,7.699999e-06,1.37496e-07,8.395831e-06,8.724999e-06,8.724999e-06,1.0641662e-05,9.041659e-06,8.158326e-06,9.037494e-06,5.312499e-06,8.75833e-06
1,519,229.404,0.962,7.295831e-06,8.304159e-06,8.029159e-06,8.512497e-06,1.37496e-07,7.658331e-06,1.37496e-07,8.349999e-06,8.683332e-06,8.683332e-06,1.0604159e-05,8.999999e-06,8.124995e-06,8.995827e-06,5.291661e-06,8.716663e-06
1,520,229.555,0.96,7.245827e-06,8.245825e-06,7.962497e-06,8.45e-06,1.33332e-07,7.604162e-06,1.33332e-07,8.287493e-06,8.624998e-06,8.629163e-06,1.0549998e-05,8.941666e-06,8.070827e-06,8.929165e-06,5.245829e-06,8.65833e-06
1,521,229.706,0.958,7.199995e-06,8.199993e-06,7.904164e-06,8.404159e-06,1.29159e-07,7.566658e-06,1.37496e-07,8.245825e-06,8.583331e-06,8.587495e-06,1.0516659e-05,8.904163e-06,8.033331e-06,8.883325e-06,5.220827e-06,8.616662e-06
1,522,229.856,0.956,7.145826e-06,8.137496e-06,7.837494e-06,8.341662e-06,1.29159e-07,7.512498e-06,1.33332e-07,8.183329e-06,8.520826e-06,8.524998e-06,1.0462499e-05,8.84583e-06,7.983327e-06,8.829164e-06,5.183331e-06,8.554164e-06
1,523,230.007,0.954,7.099994e-06,8.099993e-06,7.787497e-06,8.291666e-06,1.29159e-07,7.47083e-06,1.29159e-07,8.141661e-06,8.48333e-06,8.48333e-06,1.0429159e-05,8.804162e-06,7.945831e-06,8.783332e-06,5.162493e-06,8.512497e-06
1,524,230.158,0.952,7.054162e-06,8.04166e-06,7.720828e-06,8.22916e-06,1.24995e-07,7.420826e-06,1.29159e-07,8.079163e-06,8.424998e-06,8.420833e-06,1.0374999e-05,8.745829e-06,7.891663e-06,8.720827e-06,5.124998e-06,8.458328e-06
1,525,230.309,0.95,7.00833e-06,7.995828e-06,7.674996e-06,8.183329e-06,1.24995e-07,7.379158e-06,1.29159e-07,8.033331e-06,8.391658e-06,8.387494e-06,1.0345832e-05,8.712498e-06,7.866661e-06,8.674995e-06,5.095832e-06,8.41666e-06
1,526,230.46,0.948,6.962498e-06,7.945831e-06,7.612498e-06,8.120831e-06,1.20831e-07,7.324998e-06,1.29159e-07,7.966662e-06,8.320832e-06,8.320832e-06,1.0291664e-05,8.649993e-06,7.808328e-06,8.608326e-06,5.062493e-06,8.354164e-06
1,527,230.611,0.946,6.912494e-06,7.899992e-06,7.562494e-06,8.079163e-06,1.24995e-07,7.287495e-06,1.29159e-07,7.929166e-06,8.287493e-06,8.279165e-06,1.0258333e-05,8.612497e-06,7.774996e-06,8.566665e-06,5.037498e-06,8.31666e-06
1,528,230.762,0.944,6.862497e-06,7.837494e-06,7.49166e-06,8.012494e-06,1.20831e-07,7.233326e-06,1.24995e-07,7.862496e-06,8.22916e-06,8.220832e-06,1.0204164e-05,8.549992e-06,7.720828e-06,8.499996e-06,4.995831e-06,8.254163e-06
1,529,230.912,0.942,6.816666e-06,7.795827e-06,7.441664e-06,7.966662e-06,1.24995e-07,7.191666e-06,1.20831e-07,7.820829e-06,8.191665e-06,8.170828e-06,1.0162496e-05,8.50416e-06,7.683333e-06,8.454163e-06,4.970829e-06,8.208331e-06
1,530,231.063,0.94,6.766661e-06,7.737493e-06,7.374994e-06,7.899992e-06,1.16658e-07,7.137497e-06,1.20831e-07,7.758331e-06,8.133332e-06,8.112494e-06,1.0108328e-05,8.45e-06,7.633328e-06,8.395831e-06,4.933325e-06,8.154162e-06
1,531,231.214,0.938,6.724993e-06,7.699999e-06,7.324998e-06,7.862496e-06,1.20831e-07,7.099994e-06,1.20831e-07,7.720828e-06,8.099993e-06,8.079163e-06,1.0079161e-05,8.412496e-06,7.595825e-06,8.358327e-06,4.91666e-06,8.116658e-06
1,532,231.365,0.936,6.674997e-06,7.641665e-06,7.266664e-06,7.795827e-06,1.16658e-07,7.045825e-06,1.20831e-07,7.654166e-06,8.037496e-06,8.012494e-06,1.0029165e-05,8.354164e-06,7.545829e-06,8.29583e-06,4.874993e-06,8.049997e-06
1,533,231.516,0.934,6.63333e-06,7.599997e-06,7.212496e-06,7.754159e-06,1.16658e-07,7.004166e-06,1.24995e-07,7.616663e-06,7.999993e-06,7.970826e-06,9.995826e-06,8.31666e-06,7.512498e-06,8.254163e-06,4.845826e-06,8.008329e-06
1,534,231.667,0.932,6.583325e-06,7.545829e-06,7.149999e-06,7.687497e-06,1.12494e-07,6.954161e-06,1.16658e-07,7.549993e-06,7.945831e-06,7.912493e-06,9.937493e-06,8.254163e-06,7.462494e-06,8.187492e-06,4.812495e-06,7.949996e-06
1,535,231.817,0.93,6.541665e-06,7.504161e-06,7.095829e-06,7.645829e-06,1.12494e-07,6.912494e-06,1.20831e-07,7.508326e-06,7.908328e-06,7.874997e-06,9.904162e-06,8.216659e-06,7.429162e-06,8.149997e-06,4.787493e-06,7.912493e-06
1,536,231.968,0.928,6.491661e-06,7.449993e-06,7.033332e-06,7.583332e-06,1.12494e-07,6.858325e-06,1.20831e-07,7.449993e-06,7.849995e-06,7.812492e-06,9.85833e-06,8.162498e-06,7.379158e-06,8.087492e-06,4.749998e-06,7.849995e-06
1,537,232.119,0.926,6.449994e-06,7.40416e-06,6.983328e-06,7.541664e-06,1.16658e-07,6.82083e-06,1.16658e-07,7.40416e-06,7.812492e-06,7.770833e-06,9.820827e-06,8.116658e-06,7.341663e-06,8.045832e-06,4.724996e-06,7.812492e-06
1,538,232.27,0.924,6.399997e-06,7.349992e-06,6.92083e-06,7.474995e-06,1.12494e-07,6.770825e-06,1.16658e-07,7.341663e-06,7.758331e-06,7.708327e-06,9.766666e-06,8.062498e-06,7.295831e-06,7.983327e-06,4.687492e-06,7.749994e-06
1,539,232.421,0.922,6.358329e-06,7.312497e-06,6.874998e-06,7.437499e-06,1.16658e-07,6.73333e-06,1.16658e-07,7.30416e-06,7.724992e-06,7.674996e-06,9.7375e-06,8.029159e-06,7.266664e-06,7.949996e-06,4.662498e-06,7.716663e-06
1,540,232.572,0.92,6.329163e-06,7.279165e-06,6.841659e-06,7.399996e-06,1.12494e-07,6.704164e-06,1.16658e-07,7.266664e-06,7.695826e-06,7.641665e-06,9.712498e-06,7.987499e-06,7.237498e-06,7.912493e-06,4.645832e-06,7.683333e-06
1,541,232.723,0.918,6.283331e-06,7.229161e-06,6.774998e-06,7.345827e-06,1.08329e-07,6.645831e-06,1.16658e-07,7.208331e-06,7.641665e-06,7.57916e-06,9.658329e-06,7.93333e-06,7.183329e-06,7.858332e-06,4.608329e-06,7.624992e-06
1,542,232.873,0.916,6.241663e-06,7.187494e-06,6.73333e-06,7.299996e-06,1.08329e-07,6.612492e-06,1.08329e-07,7.170828e-06,7.608326e-06,7.541664e-06,9.624998e-06,7.899992e-06,7.154163e-06,7.824993e-06,4.591664e-06,7.591661e-06
1,543,233.024,0.914,6.199996e-06,7.137497e-06,6.670833e-06,7.241662e-06,1.12494e-07,6.56666e-06,1.12494e-07,7.112495e-06,7.549993e-06,7.483332e-06,9.570829e-06,7.841659e-06,7.104159e-06,7.762495e-06,4.554161e-06,7.533328e-06
1,544,233.175,0.912,6.158328e-06,7.095829e-06,6.620828e-06,7.204159e-06,1.08329e-07,6.529164e-06,1.12494e-07,7.070827e-06,7.520827e-06,7.449993e-06,9.541663e-06,7.804163e-06,7.070827e-06,7.720828e-06,4.53333e-06,7.495833e-06
1,545,233.326,0.91,6.112496e-06,7.045825e-06,6.562495e-06,7.141662e-06,1.08329e-07,6.47916e-06,1.12494e-07,7.012494e-06,7.47083e-06,7.383331e-06,9.491666e-06,7.749994e-06,7.024995e-06,7.666659e-06,4.495827e-06,7.437499e-06
1,546,233.477,0.908,6.074993e-06,7.00833e-06,6.520828e-06,7.104159e-06,1.08329e-07,6.441664e-06,1.12494e-07,6.974999e-06,7.437499e-06,7.349992e-06,9.458327e-06,7.704162e-06,6.991665e-06,7.633328e-06,4.470825e-06,7.40416e-06
1,547,233.628,0.906,6.029161e-06,6.958326e-06,6.45833e-06,7.045825e-06,1.04165e-07,6.39166e-06,1.08329e-07,6.916666e-06,7.387495e-06,7.291659e-06,9.408331e-06,7.658331e-06,6.949997e-06,7.583332e-06,4.437494e-06,7.349992e-06
1,548,233.778,0.904,5.991666e-06,6.916666e-06,6.416662e-06,7.00833e-06,1.04165e-07,6.358329e-06,1.12494e-07,6.879163e-06,7.345827e-06,7.254163e-06,9.379164e-06,7.620828e-06,6.916666e-06,7.537492e-06,4.416665e-06,7.312497e-06
1,549,233.929,0.902,5.945826e-06,6.866662e-06,6.354165e-06,6.945832e-06,1.08329e-07,6.308325e-06,1.04165e-07,6.816666e-06,7.291659e-06,7.191666e-06,9.32916e-06,7.55833e-06,6.866662e-06,7.483332e-06,4.379161e-06,7.249999e-06
1,550,234.08,0.9,5.90833e-06,6.833331e-06,6.312498e-06,6.908329e-06,1.04165e-07,6.27083e-06,1.12494e-07,6.779162e-06,7.262492e-06,7.154163e-06,9.299994e-06,7.520827e-06,6.841659e-06,7.454165e-06,4.362496e-06,7.220833e-06
1,551,234.231,0.898,5.862498e-06,6.779162e-06,6.249992e-06,6.849996e-06,1.04165e-07,6.220826e-06,1.08329e-07,6.720829e-06,7.212496e-06,7.099994e-06,9.249997e-06,7.47083e-06,6.791663e-06,7.395832e-06,4.324992e-06,7.166664e-06
1,552,234.382,0.896,5.824995e-06,6.741659e-06,6.208332e-06,6.812493e-06,1.04165e-07,6.187495e-06,1.08329e-07,6.683326e-06,7.179165e-06,7.058326e-06,9.212494e-06,7.429162e-06,6.758332e-06,7.362493e-06,4.304163e-06,7.129161e-06
1,553,234.533,0.894,5.774998e-06,6.687498e-06,6.154164e-06,6.75416e-06,1.04165e-07,6.137498e-06,1.08329e-07,6.629165e-06,7.129161e-06,6.999993e-06,9.162498e-06,7.37083e-06,6.712492e-06,7.312497e-06,4.266659e-06,7.074992e-06
1,554,234.683,0.892,5.737495e-06,6.649995e-06,6.108331e-06,6.712492e-06,9.9993e-08,6.099995e-06,1.04165e-07,6.583325e-06,7.095829e-06,6.966663e-06,9.133331e-06,7.333326e-06,6.687498e-06,7.279165e-06,4.249994e-06,7.041661e-06
1,555,234.834,0.89,5.695828e-06,6.595826e-06,6.045826e-06,6.649995e-06,9.9993e-08,6.045826e-06,1.08329e-07,6.529164e-06,7.041661e-06,6.904165e-06,9.083326e-06,7.28333e-06,6.637494e-06,7.220833e-06,4.216663e-06,6.987492e-06
1,556,234.985,0.888,5.658333e-06,6.56666e-06,6.008331e-06,6.620828e-06,9.9993e-08,6.012495e-06,1.08329e-07,6.495825e-06,7.012494e-06,6.866662e-06,9.05416e-06,7.245827e-06,6.612492e-06,7.187494e-06,4.195825e-06,6.949997e-06
1,557,235.136,0.886,5.612493e-06,6.508326e-06,5.949998e-06,6.554159e-06,9.5828e-08,5.962499e-06,1.08329e-07,6.433328e-06,6.958326e-06,6.808329e-06,8.999999e-06,7.191666e-06,6.562495e-06,7.129161e-06,4.162494e-06,6.891664e-06
1,558,235.287,0.884,5.574997e-06,6.470831e-06,5.90833e-06,6.520828e-06,9.9993e-08,5.92916e-06,1.04165e-07,6.399997e-06,6.929159e-06,6.766661e-06,8.970833e-06,7.154163e-06,6.533329e-06,7.095829e-06,4.141665e-06,6.862497e-06
1,559,235.438,0.882,5.529165e-06,6.420827e-06,5.849997e-06,6.45833e-06,9.9993e-08,5.874999e-06,1.04165e-07,6.349993e-06,6.870826e-06,6.704164e-06,8.920829e-06,7.095829e-06,6.483333e-06,7.041661e-06,4.108326e-06,6.804164e-06
1,560,235.589,0.88,5.491662e-06,6.383332e-06,5.804165e-06,6.420827e-06,9.9993e-08,5.84166e-06,9.9993e-08,6.304161e-06,6.841659e-06,6.670833e-06,8.883325e-06,7.058326e-06,6.45833e-06,7.00833e-06,4.087496e-06,6.766661e-06
1,561,235.739,0.878,5.441666e-06,6.333327e-06,5.745832e-06,6.362494e-06,9.5828e-08,5.791664e-06,9.9993e-08,6.245828e-06,6.787499e-06,6.608327e-06,8.833329e-06,6.995829e-06,6.408326e-06,6.954161e-06,4.054165e-06,6.712492e-06
1,562,235.89,0.876,5.408327e-06,6.299997e-06,5.708329e-06,6.320826e-06,9.5828e-08,5.758325e-06,1.04165e-07,6.212497e-06,6.758332e-06,6.574996e-06,8.804162e-06,6.962498e-06,6.387496e-06,6.929159e-06,4.033327e-06,6.683326e-06
1,563,236.041,0.874,5.366659e-06,6.249992e-06,5.65416e-06,6.266665e-06,9.9993e-08,5.712493e-06,9.9993e-08,6.158328e-06,6.704164e-06,6.516663e-06,8.754166e-06,6.899993e-06,6.341664e-06,6.870826e-06,4.00416e-06,6.624993e-06
1,564,236.192,0.872,5.329164e-06,6.208332e-06,5.608328e-06,6.224998e-06,9.9993e-08,5.674998e-06,9.9993e-08,6.116661e-06,6.674997e-06,6.474996e-06,8.720827e-06,6.866662e-06,6.308325e-06,6.841659e-06,3.974994e-06,6.587497e-06
1,565,236.343,0.87,5.27916e-06,6.154164e-06,5.549995e-06,6.166665e-06,9.5828e-08,5.620829e-06,9.9993e-08,6.058327e-06,6.616664e-06,6.412498e-06,8.666659e-06,6.799992e-06,6.262493e-06,6.779162e-06,3.941663e-06,6.533329e-06
1,566,236.494,0.868,5.237492e-06,6.116661e-06,5.512492e-06,6.124997e-06,9.5828e-08,5.587498e-06,9.9993e-08,6.01666e-06,6.591662e-06,6.374995e-06,8.641664e-06,6.766661e-06,6.233327e-06,6.745831e-06,3.916661e-06,6.499998e-06
1,567,236.644,0.866,5.195832e-06,6.066664e-06,5.449994e-06,6.066664e-06,9.5828e-08,5.53333e-06,9.9993e-08,5.962499e-06,6.533329e-06,6.312498e-06,8.583331e-06,6.704164e-06,6.187495e-06,6.691662e-06,3.887495e-06,6.445829e-06
1,568,236.795,0.864,5.162493e-06,6.029161e-06,5.412499e-06,6.037497e-06,9.5828e-08,5.499999e-06,9.9993e-08,5.924996e-06,6.499998e-06,6.27083e-06,8.549992e-06,6.670833e-06,6.162492e-06,6.66666e-06,3.866664e-06,6.412498e-06
1,569,236.946,0.862,5.133327e-06,5.999994e-06,5.374996e-06,5.99583e-06,9.5828e-08,5.470832e-06,9.5828e-08,5.891665e-06,6.470831e-06,6.237499e-06,8.524998e-06,6.637494e-06,6.137498e-06,6.63333e-06,3.845827e-06,6.379159e-06
1,570,237.097,0.86,5.087495e-06,5.945826e-06,5.320827e-06,5.933332e-06,9.5828e-08,5.416663e-06,9.9993e-08,5.833332e-06,6.416662e-06,6.174993e-06,8.466665e-06,6.574996e-06,6.091658e-06,6.574996e-06,3.812496e-06,6.320826e-06
1,571,237.248,0.858,5.049992e-06,5.912495e-06,5.27916e-06,5.899994e-06,9.5828e-08,5.383333e-06,9.9993e-08,5.795829e-06,6.387496e-06,6.137498e-06,8.437499e-06,6.533329e-06,6.066664e-06,6.541665e-06,3.787494e-06,6.29166e-06
1,572,237.399,0.856,5.008332e-06,5.858326e-06,5.224999e-06,5.84166e-06,9.5828e-08,5.333328e-06,9.9993e-08,5.733331e-06,6.324999e-06,6.066664e-06,8.374993e-06,6.474996e-06,6.012495e-06,6.487497e-06,3.754163e-06,6.229162e-06
1,573,237.55,0.854,4.970829e-06,5.820831e-06,5.183331e-06,5.804165e-06,9.5828e-08,5.295825e-06,9.9993e-08,5.699992e-06,6.299997e-06,6.033325e-06,8.345826e-06,6.441664e-06,5.987493e-06,6.449994e-06,3.733325e-06,6.199996e-06
1,574,237.7,0.852,4.924997e-06,5.770826e-06,5.133327e-06,5.745832e-06,9.1664e-08,5.249993e-06,9.9993e-08,5.645832e-06,6.241663e-06,5.966663e-06,8.287493e-06,6.374995e-06,5.941661e-06,6.395833e-06,3.699994e-06,6.137498e-06
1,575,237.851,0.85,4.887494e-06,5.733331e-06,5.095832e-06,5.708329e-06,9.5828e-08,5.208326e-06,9.5828e-08,5.612493e-06,6.216661e-06,5.933332e-06,8.258326e-06,6.341664e-06,5.912495e-06,6.366666e-06,3.683329e-06,6.112496e-06
1,576,238.002,0.848,4.845826e-06,5.679162e-06,5.041663e-06,5.649996e-06,9.1664e-08,5.162493e-06,9.5828e-08,5.55416e-06,6.162492e-06,5.874999e-06,8.204166e-06,6.283331e-06,5.870827e-06,6.312498e-06,3.649998e-06,6.049999e-06
1,577,238.153,0.846,4.812495e-06,5.649996e-06,5.004159e-06,5.620829e-06,9.5828e-08,5.133327e-06,9.9993e-08,5.520828e-06,6.129162e-06,5.837496e-06,8.179164e-06,6.249992e-06,5.845833e-06,6.279159e-06,3.62916e-06,6.01666e-06
1,578,238.304,0.844,4.770827e-06,5.591663e-06,4.949999e-06,5.558332e-06,9.5828e-08,5.083331e-06,9.5828e-08,5.462496e-06,6.070828e-06,5.774998e-06,8.116658e-06,6.18333e-06,5.791664e-06,6.224998e-06,3.595829e-06,5.962499e-06
1,579,238.455,0.842,4.733332e-06,5.558332e-06,4.91666e-06,5.520828e-06,9.1664e-08,5.049992e-06,9.5828e-08,5.429165e-06,6.041662e-06,5.737495e-06,8.083328e-06,6.149999e-06,5.766662e-06,6.191659e-06,3.574999e-06,5.92916e-06
1,580,238.605,0.84,4.687492e-06,5.504163e-06,4.858327e-06,5.462496e-06,9.1664e-08,4.991658e-06,9.5828e-08,5.370831e-06,5.983329e-06,5.670825e-06,8.029159e-06,6.083329e-06,5.72083e-06,6.133326e-06,3.537496e-06,5.866663e-06
1,581,238.756,0.838,4.654161e-06,5.470832e-06,4.820832e-06,5.424992e-06,9.1664e-08,4.962492e-06,9.5828e-08,5.333328e-06,5.954162e-06,5.63333e-06,7.995828e-06,6.049999e-06,5.687499e-06,6.09583e-06,3.52083e-06,5.829159e-06
1,582,238.907,0.836,4.608329e-06,5.416663e-06,4.770827e-06,5.366659e-06,9.1664e-08,4.908331e-06,9.5828e-08,5.27916e-06,5.895829e-06,5.574997e-06,7.937495e-06,5.991666e-06,5.641659e-06,6.041662e-06,3.483327e-06,5.774998e-06
1,583,239.058,0.834,4.574998e-06,5.37916e-06,4.733332e-06,5.329164e-06,9.1664e-08,4.879165e-06,9.5828e-08,5.241664e-06,5.866663e-06,5.53333e-06,7.908328e-06,5.949998e-06,5.620829e-06,6.012495e-06,3.462497e-06,5.737495e-06
1,584,239.209,0.832,4.529158e-06,5.324991e-06,4.683327e-06,5.270831e-06,9.1664e-08,4.824996e-06,9.5828e-08,5.187495e-06,5.80833e-06,5.470832e-06,7.845831e-06,5.887493e-06,5.566661e-06,5.949998e-06,3.429159e-06,5.679162e-06
1,585,239.36,0.83,4.499992e-06,5.291661e-06,4.645832e-06,5.233328e-06,9.1664e-08,4.791665e-06,9.5828e-08,5.149992e-06,5.774998e-06,5.429165e-06,7.812492e-06,5.845833e-06,5.537494e-06,5.916659e-06,3.408329e-06,5.65416e-06
1,586,239.511,0.828,4.45416e-06,5.241664e-06,4.599992e-06,5.179159e-06,8.7492e-08,4.745825e-06,9.5828e-08,5.095832e-06,5.716666e-06,5.370831e-06,7.749994e-06,5.787492e-06,5.487498e-06,5.862498e-06,3.374998e-06,5.591663e-06
1,587,239.661,0.826,4.424993e-06,5.208326e-06,4.566662e-06,5.145828e-06,8.7492e-08,4.716659e-06,9.5828e-08,5.066665e-06,5.687499e-06,5.333328e-06,7.716663e-06,5.754161e-06,5.462496e-06,5.824995e-06,3.35416e-06,5.55416e-06
1,588,239.812,0.824,4.383326e-06,5.154165e-06,4.508328e-06,5.087495e-06,9.1664e-08,4.658325e-06,9.1664e-08,5.008332e-06,5.63333e-06,5.266658e-06,7.662495e-06,5.691663e-06,5.412499e-06,5.770826e-06,3.320829e-06,5.495826e-06
1,589,239.963,0.822,4.349994e-06,5.116661e-06,4.483326e-06,5.054164e-06,9.1664e-08,4.633331e-06,9.5828e-08,4.970829e-06,5.599999e-06,5.237492e-06,7.624992e-06,5.65416e-06,5.383333e-06,5.74166e-06,3.299999e-06,5.46666e-06
1,590,240.114,0.82,4.308327e-06,5.07083e-06,4.437494e-06,4.999995e-06,9.1664e-08,4.579163e-06,9.1664e-08,4.91666e-06,5.545831e-06,5.174994e-06,7.570831e-06,5.595827e-06,5.337492e-06,5.679162e-06,3.26666e-06,5.399998e-06
1,591,240.265,0.818,4.270832e-06,5.033326e-06,4.404164e-06,4.966664e-06,8.7492e-08,4.554161e-06,9.5828e-08,4.887494e-06,5.516664e-06,5.141664e-06,7.533328e-06,5.562496e-06,5.312499e-06,5.649996e-06,3.245831e-06,5.374996e-06
1,592,240.416,0.816,4.237493e-06,4.98333e-06,4.358331e-06,4.912496e-06,9.1664e-08,4.508328e-06,9.5828e-08,4.82916e-06,5.454159e-06,5.083331e-06,7.474995e-06,5.495826e-06,5.25833e-06,5.591663e-06,3.208327e-06,5.316663e-06
1,593,240.566,0.814,4.208326e-06,4.945827e-06,4.324992e-06,4.879165e-06,9.1664e-08,4.474998e-06,9.5828e-08,4.799994e-06,5.429165e-06,5.049992e-06,7.445828e-06,5.462496e-06,5.233328e-06,5.558332e-06,3.187497e-06,5.283332e-06
1,594,240.717,0.812,4.170831e-06,4.899995e-06,4.283325e-06,4.824996e-06,9.5828e-08,4.429166e-06,9.5828e-08,4.745825e-06,5.370831e-06,4.987494e-06,7.383331e-06,5.399998e-06,5.183331e-06,5.504163e-06,3.154159e-06,5.229163e-06
1,595,240.868,0.81,4.133328e-06,4.866663e-06,4.254158e-06,4.791665e-06,9.1664e-08,4.399999e-06,9.5828e-08,4.70833e-06,5.337492e-06,4.954163e-06,7.345827e-06,5.366659e-06,5.154165e-06,5.46666e-06,3.133329e-06,5.187495e-06
1,596,241.019,0.808,4.112498e-06,4.837497e-06,4.229164e-06,4.762499e-06,9.1664e-08,4.36666e-06,9.5828e-08,4.679163e-06,5.304162e-06,4.91666e-06,7.308332e-06,5.333328e-06,5.129163e-06,5.433329e-06,3.112499e-06,5.154165e-06
1,597,241.17,0.806,4.074995e-06,4.787493e-06,4.187496e-06,4.712494e-06,9.1664e-08,4.320828e-06,9.1664e-08,4.629159e-06,5.249993e-06,4.862499e-06,7.254163e-06,5.274995e-06,5.079166e-06,5.374996e-06,3.083332e-06,5.099996e-06
1,598,241.321,0.804,4.045828e-06,4.754162e-06,4.15833e-06,4.679163e-06,9.1664e-08,4.295826e-06,9.1664e-08,4.595828e-06,5.220827e-06,4.82916e-06,7.220833e-06,5.241664e-06,5.054164e-06,5.345829e-06,3.05833e-06,5.07083e-06
1,599,241.471,0.802,4.008325e-06,4.704165e-06,4.112498e-06,4.629159e-06,8.7492e-08,4.249994e-06,9.1664e-08,4.537495e-06,5.162493e-06,4.770827e-06,7.158327e-06,5.179159e-06,4.999995e-06,5.283332e-06,3.029164e-06,5.012496e-06
1,600,241.622,0.8,3.983331e-06,4.674999e-06,4.087496e-06,4.591664e-06,8.7492e-08,4.220828e-06,9.1664e-08,4.508328e-06,5.129163e-06,4.741661e-06,7.120832e-06,5.145828e-06,4.970829e-06,5.245829e-06,3.008326e-06,4.979165e-06
1,601,241.773,0.798,3.945827e-06,4.629159e-06,4.054165e-06,4.545832e-06,9.1664e-08,4.17916e-06,9.1664e-08,4.458332e-06,5.07083e-06,4.683327e-06,7.058326e-06,5.083331e-06,4.912496e-06,5.183331e-06,2.970831e-06,4.91666e-06
1,602,241.924,0.796,3.916661e-06,4.595828e-06,4.024998e-06,4.512493e-06,8.7492e-08,4.149993e-06,8.7492e-08,4.424993e-06,5.037498e-06,4.649997e-06,7.024995e-06,5.049992e-06,4.891666e-06,5.158329e-06,2.949993e-06,4.887494e-06
1,603,242.075,0.794,3.879165e-06,4.545832e-06,3.987495e-06,4.462496e-06,8.7492e-08,4.104161e-06,8.7492e-08,4.374997e-06,4.98333e-06,4.595828e-06,6.962498e-06,4.991658e-06,4.837497e-06,5.091659e-06,2.912498e-06,4.824996e-06
1,604,242.226,0.792,3.854163e-06,4.512493e-06,3.962493e-06,4.43333e-06,8.7492e-08,4.079159e-06,8.7492e-08,4.341666e-06,4.954163e-06,4.566662e-06,6.924995e-06,4.954163e-06,4.804158e-06,5.062493e-06,2.895832e-06,4.799994e-06
1,605,242.377,0.79,3.820833e-06,4.466661e-06,3.929162e-06,4.387498e-06,8.7492e-08,4.041664e-06,9.1664e-08,4.291662e-06,4.89583e-06,4.512493e-06,6.862497e-06,4.899995e-06,4.754162e-06,5.004159e-06,2.858329e-06,4.737497e-06
1,606,242.527,0.788,3.791666e-06,4.43333e-06,3.90416e-06,4.358331e-06,8.7492e-08,4.012497e-06,8.7492e-08,4.266659e-06,4.866663e-06,4.483326e-06,6.829158e-06,4.866663e-06,4.72916e-06,4.974993e-06,2.841663e-06,4.70833e-06
1,607,242.678,0.786,3.758327e-06,4.387498e-06,3.870829e-06,4.308327e-06,8.7492e-08,3.97083e-06,9.1664e-08,4.212499e-06,4.816659e-06,4.43333e-06,6.766661e-06,4.812495e-06,4.674999e-06,4.91666e-06,2.80416e-06,4.654161e-06
1,608,242.829,0.784,3.737497e-06,4.358331e-06,3.849999e-06,4.283325e-06,8.7492e-08,3.945827e-06,9.1664e-08,4.183332e-06,4.787493e-06,4.408328e-06,6.729166e-06,4.779164e-06,4.645832e-06,4.879165e-06,2.787495e-06,4.62083e-06
1,609,242.98,0.782,3.704158e-06,4.312499e-06,3.81666e-06,4.237493e-06,8.3327e-08,3.90416e-06,8.7492e-08,4.133328e-06,4.72916e-06,4.358331e-06,6.662496e-06,4.720831e-06,4.591664e-06,4.820832e-06,2.754164e-06,4.562497e-06
1,610,243.131,0.78,3.679164e-06,4.283325e-06,3.799995e-06,4.208326e-06,8.7492e-08,3.879165e-06,8.7492e-08,4.104161e-06,4.695829e-06,4.329165e-06,6.629165e-06,4.691664e-06,4.562497e-06,4.787493e-06,2.733326e-06,4.53333e-06
1,611,243.282,0.778,3.645825e-06,4.237493e-06,3.770828e-06,4.166659e-06,8.3327e-08,3.841662e-06,9.1664e-08,4.062494e-06,4.64166e-06,4.287497e-06,6.56666e-06,4.637496e-06,4.508328e-06,4.733332e-06,2.695831e-06,4.483326e-06
1,612,243.432,0.776,3.62916e-06,4.208326e-06,3.749998e-06,4.141665e-06,8.7492e-08,3.820833e-06,9.1664e-08,4.029163e-06,4.612494e-06,4.262495e-06,6.533329e-06,4.608329e-06,4.479162e-06,4.699993e-06,2.674993e-06,4.449995e-06
1,613,243.583,0.774,3.599993e-06,4.166659e-06,3.724996e-06,4.095833e-06,8.3327e-08,3.783329e-06,8.7492e-08,3.983331e-06,4.558333e-06,4.216663e-06,6.466659e-06,4.554161e-06,4.424993e-06,4.64166e-06,2.637498e-06,4.395827e-06
1,614,243.734,0.772,3.574999e-06,4.137492e-06,3.708331e-06,4.074995e-06,8.3327e-08,3.762492e-06,9.1664e-08,3.958329e-06,4.53333e-06,4.195825e-06,6.433328e-06,4.524994e-06,4.399999e-06,4.612494e-06,2.624997e-06,4.370832e-06
1,615,243.885,0.77,3.554161e-06,4.095833e-06,3.687493e-06,4.037492e-06,8.7492e-08,3.729161e-06,9.1664e-08,3.908332e-06,4.479162e-06,4.154166e-06,6.370831e-06,4.474998e-06,4.34583e-06,4.558333e-06,2.59583e-06,4.316664e-06
1,616,244.036,0.768,3.529159e-06,4.066666e-06,3.674992e-06,4.012497e-06,8.3327e-08,3.708331e-06,8.7492e-08,3.887495e-06,4.449995e-06,4.133328e-06,6.333327e-06,4.445831e-06,4.312499e-06,4.524994e-06,2.570828e-06,4.287497e-06
1,617,244.187,0.766,3.504165e-06,4.024998e-06,3.649998e-06,3.97083e-06,8.3327e-08,3.670827e-06,8.7492e-08,3.837498e-06,4.395827e-06,4.095833e-06,6.27083e-06,4.395827e-06,4.262495e-06,4.466661e-06,2.537497e-06,4.233329e-06
1,618,244.338,0.764,3.487492e-06,3.995832e-06,3.637497e-06,3.949992e-06,8.3327e-08,3.658326e-06,8.7492e-08,3.81666e-06,4.36666e-06,4.074995e-06,6.229162e-06,4.36666e-06,4.237493e-06,4.437494e-06,2.520831e-06,4.212499e-06
1,619,244.488,0.762,3.462497e-06,3.958329e-06,3.616659e-06,3.912497e-06,8.3327e-08,3.624996e-06,8.3327e-08,3.770828e-06,4.316664e-06,4.041664e-06,6.166665e-06,4.320828e-06,4.17916e-06,4.379161e-06,2.483328e-06,4.162494e-06
1,620,244.639,0.76,3.449996e-06,3.933326e-06,3.604166e-06,3.891659e-06,8.7492e-08,3.60833e-06,8.7492e-08,3.749998e-06,4.291662e-06,4.020826e-06,6.133326e-06,4.299998e-06,4.154166e-06,4.354159e-06,2.466663e-06,4.137492e-06
1,621,244.79,0.758,3.424994e-06,3.899996e-06,3.587492e-06,3.858328e-06,7.9163e-08,3.579164e-06,8.3327e-08,3.704158e-06,4.24583e-06,3.991659e-06,6.074993e-06,4.249994e-06,4.104161e-06,4.304163e-06,2.437496e-06,4.087496e-06
1,622,244.941,0.756,3.412493e-06,3.879165e-06,3.579164e-06,3.841662e-06,8.3327e-08,3.562498e-06,8.7492e-08,3.683329e-06,4.220828e-06,3.979158e-06,6.045826e-06,4.229164e-06,4.079159e-06,4.274996e-06,2.420831e-06,4.070831e-06
1,623,245.092,0.754,3.404164e-06,3.862492e-06,3.574999e-06,3.824997e-06,8.7492e-08,3.545833e-06,8.3327e-08,3.662499e-06,4.195825e-06,3.966665e-06,6.008331e-06,4.208326e-06,4.049993e-06,4.24583e-06,2.399993e-06,4.045828e-06
1,624,245.243,0.752,3.379162e-06,3.824997e-06,3.558326e-06,3.79583e-06,8.3327e-08,3.52083e-06,8.3327e-08,3.624996e-06,4.149993e-06,3.933326e-06,5.954162e-06,4.162494e-06,4.00416e-06,4.199997e-06,2.370826e-06,4.00416e-06
1,625,245.393,0.75,3.366661e-06,3.808331e-06,3.554161e-06,3.774993e-06,8.3327e-08,3.504165e-06,8.3327e-08,3.599993e-06,4.124999e-06,3.920825e-06,5.916659e-06,4.141665e-06,3.97083e-06,4.170831e-06,2.354161e-06,3.983331e-06
1,626,245.544,0.748,3.349996e-06,3.770828e-06,3.54166e-06,3.745826e-06,8.3327e-08,3.479163e-06,8.3327e-08,3.558326e-06,4.079159e-06,3.90416e-06,5.862498e-06,4.108326e-06,3.924998e-06,4.129163e-06,2.324995e-06,3.941663e-06
1,627,245.695,0.746,3.337494e-06,3.749998e-06,3.54166e-06,3.729161e-06,8.3327e-08,3.470826e-06,8.7492e-08,3.54166e-06,4.058329e-06,3.887495e-06,5.829159e-06,4.087496e-06,3.899996e-06,4.099997e-06,2.308329e-06,3.920825e-06
1,628,245.846,0.744,3.324993e-06,3.724996e-06,3.533332e-06,3.704158e-06,8.3327e-08,3.454161e-06,8.7492e-08,3.512494e-06,4.016661e-06,3.870829e-06,5.766662e-06,4.045828e-06,3.849999e-06,4.058329e-06,2.279162e-06,3.88333e-06
1,629,245.997,0.742,3.316665e-06,3.704158e-06,3.529159e-06,3.691665e-06,8.3327e-08,3.437495e-06,8.7492e-08,3.491664e-06,3.995832e-06,3.866664e-06,5.74166e-06,4.029163e-06,3.829161e-06,4.029163e-06,2.266661e-06,3.866664e-06
1,630,246.148,0.74,3.299999e-06,3.674992e-06,3.524995e-06,3.666663e-06,8.3327e-08,3.42083e-06,8.7492e-08,3.458325e-06,3.954164e-06,3.849999e-06,5.687499e-06,3.995832e-06,3.783329e-06,3.991659e-06,2.237495e-06,3.833326e-06
1,631,246.299,0.738,3.295827e-06,3.658326e-06,3.524995e-06,3.654162e-06,8.3327e-08,3.412493e-06,8.3327e-08,3.44166e-06,3.933326e-06,3.841662e-06,5.649996e-06,3.979158e-06,3.762492e-06,3.97083e-06,2.224994e-06,3.81666e-06
1,632,246.449,0.736,3.287498e-06,3.637497e-06,3.524995e-06,3.633332e-06,8.3327e-08,3.391663e-06,8.7492e-08,3.412493e-06,3.895831e-06,3.833326e-06,5.604164e-06,3.954164e-06,3.71666e-06,3.933326e-06,2.195827e-06,3.783329e-06
1,633,246.6,0.734,3.283326e-06,3.616659e-06,3.524995e-06,3.624996e-06,8.3327e-08,3.387499e-06,8.7492e-08,3.395828e-06,3.874993e-06,3.824997e-06,5.570825e-06,3.937499e-06,3.69583e-06,3.912497e-06,2.183326e-06,3.770828e-06
1,634,246.751,0.732,3.270833e-06,3.591665e-06,3.529159e-06,3.604166e-06,8.3327e-08,3.374998e-06,8.3327e-08,3.366661e-06,3.841662e-06,3.81666e-06,5.524993e-06,3.908332e-06,3.654162e-06,3.874993e-06,2.162496e-06,3.745826e-06
1,635,246.902,0.73,3.270833e-06,3.579164e-06,3.533332e-06,3.595829e-06,8.3327e-08,3.362497e-06,8.7492e-08,3.349996e-06,3.824997e-06,3.820833e-06,5.495826e-06,3.899996e-06,3.637497e-06,3.858328e-06,2.149995e-06,3.733325e-06
1,636,247.053,0.728,3.26666e-06,3.562498e-06,3.533332e-06,3.574999e-06,8.3327e-08,3.35416e-06,8.3327e-08,3.324993e-06,3.791666e-06,3.812496e-06,5.449994e-06,3.874993e-06,3.595829e-06,3.820833e-06,2.129165e-06,3.708331e-06
1,637,247.204,0.726,3.258332e-06,3.549997e-06,3.54166e-06,3.574999e-06,8.3327e-08,3.35416e-06,8.3327e-08,3.316665e-06,3.774993e-06,3.812496e-06,5.420828e-06,3.862492e-06,3.574999e-06,3.808331e-06,2.116664e-06,3.699994e-06
1,638,247.354,0.724,3.262496e-06,3.533332e-06,3.545833e-06,3.558326e-06,7.9163e-08,3.345831e-06,8.3327e-08,3.295827e-06,3.741662e-06,3.812496e-06,5.374996e-06,3.845827e-06,3.54166e-06,3.779165e-06,2.095826e-06,3.683329e-06
1,639,247.505,0.722,3.258332e-06,3.524995e-06,3.549997e-06,3.554161e-06,7.9163e-08,3.341659e-06,8.3327e-08,3.283326e-06,3.729161e-06,3.812496e-06,5.354166e-06,3.833326e-06,3.524995e-06,3.766664e-06,2.083325e-06,3.670827e-06
1,640,247.656,0.72,3.258332e-06,3.508329e-06,3.562498e-06,3.54166e-06,8.3327e-08,3.341659e-06,8.3327e-08,3.262496e-06,3.704158e-06,3.81666e-06,5.316663e-06,3.820833e-06,3.495828e-06,3.745826e-06,2.070832e-06,3.662499e-06
1,641,247.807,0.718,3.26666e-06,3.504165e-06,3.566662e-06,3.54166e-06,7.9163e-08,3.337494e-06,8.3327e-08,3.254159e-06,3.691665e-06,3.820833e-06,5.291661e-06,3.808331e-06,3.479163e-06,3.733325e-06,2.058331e-06,3.654162e-06
1,642,247.958,0.716,3.262496e-06,3.491664e-06,3.579164e-06,3.533332e-06,8.3327e-08,3.337494e-06,7.9163e-08,3.233329e-06,3.666663e-06,3.829161e-06,5.254165e-06,3.79583e-06,3.454161e-06,3.712495e-06,2.037493e-06,3.645825e-06
1,643,248.109,0.714,3.26666e-06,3.487492e-06,3.591665e-06,3.533332e-06,7.9163e-08,3.341659e-06,8.3327e-08,3.229165e-06,3.658326e-06,3.833326e-06,5.241664e-06,3.791666e-06,3.445832e-06,3.704158e-06,2.037493e-06,3.645825e-06
1,644,248.259,0.712,3.274997e-06,3.479163e-06,3.604166e-06,3.529159e-06,7.9163e-08,3.337494e-06,8.3327e-08,3.212492e-06,3.641661e-06,3.845827e-06,5.204161e-06,3.787494e-06,3.42083e-06,3.691665e-06,2.020828e-06,3.641661e-06
1,645,248.41,0.71,3.279162e-06,3.479163e-06,3.616659e-06,3.529159e-06,7.9163e-08,3.341659e-06,8.3327e-08,3.208327e-06,3.62916e-06,3.854163e-06,5.183331e-06,3.779165e-06,3.412493e-06,3.683329e-06,2.008327e-06,3.637497e-06
1,646,248.561,0.708,3.283326e-06,3.470826e-06,3.62916e-06,3.524995e-06,8.3327e-08,3.345831e-06,8.3327e-08,3.195826e-06,3.616659e-06,3.870829e-06,5.158329e-06,3.770828e-06,3.395828e-06,3.674992e-06,1.999998e-06,3.633332e-06
1,647,248.712,0.706,3.295827e-06,3.470826e-06,3.645825e-06,3.529159e-06,8.3327e-08,3.35416e-06,8.7492e-08,3.191662e-06,3.604166e-06,3.879165e-06,5.141664e-06,3.766664e-06,3.383326e-06,3.670827e-06,1.995826e-06,3.637497e-06
1,648,248.863,0.704,3.299999e-06,3.466662e-06,3.662499e-06,3.529159e-06,7.9163e-08,3.362497e-06,8.3327e-08,3.183325e-06,3.591665e-06,3.895831e-06,5.112497e-06,3.766664e-06,3.370825e-06,3.662499e-06,1.987497e-06,3.641661e-06
1,649,249.014,0.702,3.312492e-06,3.466662e-06,3.679164e-06,3.529159e-06,7.4999e-08,3.366661e-06,8.3327e-08,3.174996e-06,3.583328e-06,3.908332e-06,5.099996e-06,3.766664e-06,3.358332e-06,3.658326e-06,1.97916e-06,3.645825e-06
1,650,249.165,0.7,3.320829e-06,3.470826e-06,3.69583e-06,3.533332e-06,7.9163e-08,3.370825e-06,8.3327e-08,3.174996e-06,3.579164e-06,3.920825e-06,5.091659e-06,3.770828e-06,3.35416e-06,3.662499e-06,1.97916e-06,3.654162e-06
1,651,249.315,0.698,3.33333e-06,3.470826e-06,3.71666e-06,3.54166e-06,7.9163e-08,3.383326e-06,7.9163e-08,3.16666e-06,3.570827e-06,3.941663e-06,5.07083e-06,3.770828e-06,3.349996e-06,3.662499e-06,1.974996e-06,3.662499e-06
1,652,249.466,0.696,3.345831e-06,3.470826e-06,3.733325e-06,3.545833e-06,7.9163e-08,3.395828e-06,8.3327e-08,3.16666e-06,3.566662e-06,3.958329e-06,5.058328e-06,3.774993e-06,3.345831e-06,3.666663e-06,1.966659e-06,3.670827e-06
1,653,249.617,0.694,3.358332e-06,3.474998e-06,3.758327e-06,3.554161e-06,8.3327e-08,3.412493e-06,8.3327e-08,3.170832e-06,3.566662e-06,3.983331e-06,5.049992e-06,3.779165e-06,3.345831e-06,3.670827e-06,1.966659e-06,3.687493e-06
1,654,249.768,0.692,3.374998e-06,3.483327e-06,3.774993e-06,3.562498e-06,7.9163e-08,3.424994e-06,8.3327e-08,3.170832e-06,3.562498e-06,3.999996e-06,5.037498e-06,3.783329e-06,3.349996e-06,3.674992e-06,1.966659e-06,3.691665e-06
1,655,249.919,0.69,3.391663e-06,3.491664e-06,3.804159e-06,3.574999e-06,8.3327e-08,3.44166e-06,8.3327e-08,3.174996e-06,3.558326e-06,4.029163e-06,5.029162e-06,3.791666e-06,3.345831e-06,3.683329e-06,1.966659e-06,3.712495e-06
1,656,250.07,0.688,3.408329e-06,3.499993e-06,3.820833e-06,3.579164e-06,7.9163e-08,3.449996e-06,8.3327e-08,3.174996e-06,3.558326e-06,4.045828e-06,5.024997e-06,3.79583e-06,3.349996e-06,3.691665e-06,1.966659e-06,3.729161e-06
1,657,250.22,0.686,3.424994e-06,3.508329e-06,3.849999e-06,3.595829e-06,7.9163e-08,3.474998e-06,7.9163e-08,3.183325e-06,3.562498e-06,4.079159e-06,5.020825e-06,3.808331e-06,3.35416e-06,3.704158e-06,1.962495e-06,3.749998e-06
1,658,250.371,0.684,3.445832e-06,3.52083e-06,3.874993e-06,3.60833e-06,7.9163e-08,3.487492e-06,7.9163e-08,3.183325e-06,3.566662e-06,4.099997e-06,5.020825e-06,3.820833e-06,3.362497e-06,3.71666e-06,1.970832e-06,3.762492e-06
1,659,250.522,0.682,3.466662e-06,3.533332e-06,3.899996e-06,3.624996e-06,7.9163e-08,3.508329e-06,8.3327e-08,3.191662e-06,3.570827e-06,4.129163e-06,5.016661e-06,3.833326e-06,3.374998e-06,3.737497e-06,1.970832e-06,3.791666e-06
1,660,250.673,0.68,3.483327e-06,3.545833e-06,3.924998e-06,3.641661e-06,7.9163e-08,3.529159e-06,7.9163e-08,3.195826e-06,3.570827e-06,4.149993e-06,5.020825e-06,3.837498e-06,3.383326e-06,3.745826e-06,1.97916e-06,3.808331e-06
1,661,250.824,0.678,3.504165e-06,3.562498e-06,3.958329e-06,3.654162e-06,7.9163e-08,3.554161e-06,7.4999e-08,3.208327e-06,3.583328e-06,4.191661e-06,5.024997e-06,3.858328e-06,3.399992e-06,3.770828e-06,1.983333e-06,3.837498e-06
1,662,250.975,0.676,3.529159e-06,3.579164e-06,3.979158e-06,3.670827e-06,7.9163e-08,3.574999e-06,7.9163e-08,3.212492e-06,3.587492e-06,4.212499e-06,5.024997e-06,3.866664e-06,3.412493e-06,3.787494e-06,1.991661e-06,3.862492e-06
1,663,251.126,0.674,3.549997e-06,3.599993e-06,4.012497e-06,3.69583e-06,7.9163e-08,3.599993e-06,8.3327e-08,3.229165e-06,3.604166e-06,4.249994e-06,5.037498e-06,3.891659e-06,3.429159e-06,3.812496e-06,1.995826e-06,3.891659e-06
1,664,251.276,0.672,3.579164e-06,3.612495e-06,4.041664e-06,3.708331e-06,7.9163e-08,3.620831e-06,7.9163e-08,3.241658e-06,3.60833e-06,4.274996e-06,5.045827e-06,3.90416e-06,3.445832e-06,3.829161e-06,1.999998e-06,3.912497e-06
1,665,251.427,0.67,3.604166e-06,3.637497e-06,4.079159e-06,3.733325e-06,7.9163e-08,3.654162e-06,7.9163e-08,3.254159e-06,3.624996e-06,4.316664e-06,5.054164e-06,3.929162e-06,3.466662e-06,3.862492e-06,2.012499e-06,3.954164e-06
1,666,251.578,0.668,3.62916e-06,3.649998e-06,4.099997e-06,3.754163e-06,7.9163e-08,3.674992e-06,8.3327e-08,3.270833e-06,3.633332e-06,4.34583e-06,5.062493e-06,3.945827e-06,3.487492e-06,3.88333e-06,2.024992e-06,3.979158e-06
1,667,251.729,0.666,3.654162e-06,3.679164e-06,4.141665e-06,3.779165e-06,7.4999e-08,3.708331e-06,7.4999e-08,3.287498e-06,3.654162e-06,4.387498e-06,5.074994e-06,3.97083e-06,3.512494e-06,3.920825e-06,2.029165e-06,4.020826e-06
1,668,251.88,0.664,3.687493e-06,3.69583e-06,4.170831e-06,3.79583e-06,7.4999e-08,3.733325e-06,8.3327e-08,3.299999e-06,3.662499e-06,4.412492e-06,5.087495e-06,3.987495e-06,3.533332e-06,3.941663e-06,2.041666e-06,4.045828e-06
1,669,252.031,0.662,3.712495e-06,3.724996e-06,4.208326e-06,3.824997e-06,7.9163e-08,3.770828e-06,7.9163e-08,3.320829e-06,3.683329e-06,4.462496e-06,5.108333e-06,4.016661e-06,3.570827e-06,3.983331e-06,2.054159e-06,4.09166e-06
1,670,252.181,0.66,3.745826e-06,3.745826e-06,4.237493e-06,3.849999e-06,7.9163e-08,3.79583e-06,7.9163e-08,3.337494e-06,3.704158e-06,4.495827e-06,5.124998e-06,4.037492e-06,3.587492e-06,4.008325e-06,2.062495e-06,4.120827e-06
1,671,252.332,0.658,3.774993e-06,3.779165e-06,4.283325e-06,3.879165e-06,7.4999e-08,3.837498e-06,7.9163e-08,3.362497e-06,3.724996e-06,4.54166e-06,5.154165e-06,4.070831e-06,3.624996e-06,4.049993e-06,2.079161e-06,4.170831e-06
1,672,252.483,0.656,3.804159e-06,3.799995e-06,4.312499e-06,3.90416e-06,7.4999e-08,3.862492e-06,7.9163e-08,3.379162e-06,3.741662e-06,4.570826e-06,5.166666e-06,4.087496e-06,3.654162e-06,4.074995e-06,2.091662e-06,4.199997e-06
1,673,252.634,0.654,3.841662e-06,3.833326e-06,4.349994e-06,3.941663e-06,7.9163e-08,3.90416e-06,7.9163e-08,3.408329e-06,3.770828e-06,4.62083e-06,5.195832e-06,4.120827e-06,3.69583e-06,4.124999e-06,2.112492e-06,4.249994e-06
1,674,252.785,0.652,3.870829e-06,3.862492e-06,4.383326e-06,3.966665e-06,7.9163e-08,3.933326e-06,7.9163e-08,3.424994e-06,3.787494e-06,4.654161e-06,5.220827e-06,4.145829e-06,3.720832e-06,4.154166e-06,2.124993e-06,4.283325e-06
1,675,252.936,0.65,3.90416e-06,3.895831e-06,4.424993e-06,4.00416e-06,7.9163e-08,3.974994e-06,7.4999e-08,3.454161e-06,3.81666e-06,4.704165e-06,5.245829e-06,4.17916e-06,3.762492e-06,4.199997e-06,2.141659e-06,4.337493e-06
1,676,253.086,0.648,3.937499e-06,3.920825e-06,4.458332e-06,4.024998e-06,7.4999e-08,4.00416e-06,7.9163e-08,3.474998e-06,3.833326e-06,4.737497e-06,5.270831e-06,4.204162e-06,3.791666e-06,4.237493e-06,2.15416e-06,4.36666e-06
1,677,253.237,0.646,3.97083e-06,3.958329e-06,4.504164e-06,4.066666e-06,7.4999e-08,4.049993e-06,7.9163e-08,3.508329e-06,3.870829e-06,4.79583e-06,5.304162e-06,4.241665e-06,3.833326e-06,4.287497e-06,2.179162e-06,4.424993e-06
1,678,253.388,0.644,4.008325e-06,3.987495e-06,4.537495e-06,4.09166e-06,7.0826e-08,4.079159e-06,7.9163e-08,3.529159e-06,3.891659e-06,4.824996e-06,5.324991e-06,4.266659e-06,3.866664e-06,4.324992e-06,2.195827e-06,4.458332e-06
1,679,253.539,0.642,4.033327e-06,4.008325e-06,4.566662e-06,4.116662e-06,7.9163e-08,4.116662e-06,7.9163e-08,3.545833e-06,3.912497e-06,4.858327e-06,5.349994e-06,4.287497e-06,3.895831e-06,4.354159e-06,2.204164e-06,4.487499e-06
1,680,253.69,0.64,4.070831e-06,4.049993e-06,4.608329e-06,4.15833e-06,7.4999e-08,4.154166e-06,7.4999e-08,3.583328e-06,3.945827e-06,4.912496e-06,5.387497e-06,4.324992e-06,3.945827e-06,4.408328e-06,2.229158e-06,4.554161e-06
1,681,253.841,0.638,4.104161e-06,4.083332e-06,4.64166e-06,4.183332e-06,7.0826e-08,4.187496e-06,7.9163e-08,3.60833e-06,3.97083e-06,4.941662e-06,5.416663e-06,4.349994e-06,3.979158e-06,4.441659e-06,2.245831e-06,4.591664e-06
1,682,253.992,0.636,4.145829e-06,4.120827e-06,4.687492e-06,4.224992e-06,7.4999e-08,4.237493e-06,7.4999e-08,3.641661e-06,4.008325e-06,4.995831e-06,5.458331e-06,4.395827e-06,4.029163e-06,4.504164e-06,2.266661e-06,4.649997e-06
1,683,254.142,0.634,4.17916e-06,4.15833e-06,4.720831e-06,4.258331e-06,7.4999e-08,4.274996e-06,7.4999e-08,3.666663e-06,4.037492e-06,5.033326e-06,5.483325e-06,4.429166e-06,4.066666e-06,4.54166e-06,2.283327e-06,4.687492e-06
1,684,254.293,0.632,4.220828e-06,4.199997e-06,4.770827e-06,4.299998e-06,7.0826e-08,4.324992e-06,7.4999e-08,3.704158e-06,4.074995e-06,5.091659e-06,5.529165e-06,4.470825e-06,4.120827e-06,4.599992e-06,2.308329e-06,4.749998e-06
1,685,254.444,0.63,4.262495e-06,4.229164e-06,4.804158e-06,4.333329e-06,7.0826e-08,4.354159e-06,7.4999e-08,3.733325e-06,4.099997e-06,5.129163e-06,5.558332e-06,4.495827e-06,4.162494e-06,4.637496e-06,2.329159e-06,4.791665e-06
1,686,254.595,0.628,4.299998e-06,4.274996e-06,4.849998e-06,4.379161e-06,7.4999e-08,4.408328e-06,7.0826e-08,3.770828e-06,4.145829e-06,5.187495e-06,5.604164e-06,4.545832e-06,4.220828e-06,4.704165e-06,2.354161e-06,4.854162e-06
1,687,254.746,0.626,4.341666e-06,4.308327e-06,4.891666e-06,4.412492e-06,7.4999e-08,4.441659e-06,7.4999e-08,3.799995e-06,4.174995e-06,5.224999e-06,5.637495e-06,4.574998e-06,4.254158e-06,4.745825e-06,2.374999e-06,4.899995e-06
1,688,254.897,0.624,4.379161e-06,4.354159e-06,4.941662e-06,4.462496e-06,7.0826e-08,4.495827e-06,7.4999e-08,3.841662e-06,4.216663e-06,5.283332e-06,5.687499e-06,4.62083e-06,4.316664e-06,4.808331e-06,2.399993e-06,4.966664e-06
1,689,255.047,0.622,4.420829e-06,4.395827e-06,4.979165e-06,4.491663e-06,7.0826e-08,4.53333e-06,7.4999e-08,3.870829e-06,4.24583e-06,5.320827e-06,5.72083e-06,4.654161e-06,4.349994e-06,4.845826e-06,2.420831e-06,5.004159e-06
1,690,255.198,0.62,4.462496e-06,4.437494e-06,5.024997e-06,4.54166e-06,7.0826e-08,4.583327e-06,7.4999e-08,3.916661e-06,4.291662e-06,5.37916e-06,5.770826e-06,4.699993e-06,4.412492e-06,4.912496e-06,2.449997e-06,5.07083e-06
1,691,255.349,0.618,4.504164e-06,4.474998e-06,5.066665e-06,4.570826e-06,6.6662e-08,4.62083e-06,7.4999e-08,3.941663e-06,4.324992e-06,5.420828e-06,5.804165e-06,4.733332e-06,4.449995e-06,4.954163e-06,2.466663e-06,5.116661e-06
1,692,255.5,0.616,4.545832e-06,4.524994e-06,5.116661e-06,4.624995e-06,7.0826e-08,4.679163e-06,7.4999e-08,3.991659e-06,4.370832e-06,5.479161e-06,5.858326e-06,4.779164e-06,4.512493e-06,5.020825e-06,2.495829e-06,5.179159e-06
1,693,255.651,0.614,4.587499e-06,4.562497e-06,5.149992e-06,4.658325e-06,7.0826e-08,4.712494e-06,7.0826e-08,4.020826e-06,4.408328e-06,5.520828e-06,5.891665e-06,4.816659e-06,4.558333e-06,5.066665e-06,2.520831e-06,5.224999e-06
1,694,255.802,0.612,4.629159e-06,4.612494e-06,5.204161e-06,4.70833e-06,6.6662e-08,4.766663e-06,7.0826e-08,4.066666e-06,4.45416e-06,5.583326e-06,5.945826e-06,4.866663e-06,4.62083e-06,5.129163e-06,2.545826e-06,5.291661e-06
1,695,255.953,0.61,4.670826e-06,4.649997e-06,5.241664e-06,4.741661e-06,6.6662e-08,4.808331e-06,7.0826e-08,4.099997e-06,4.487499e-06,5.620829e-06,5.983329e-06,4.899995e-06,4.658325e-06,5.174994e-06,2.566663e-06,5.337492e-06
1,696,256.103,0.608,4.716659e-06,4.699993e-06,5.295825e-06,4.79583e-06,7.0826e-08,4.862499e-06,7.0826e-08,4.145829e-06,4.537495e-06,5.679162e-06,6.041662e-06,4.949999e-06,4.724996e-06,5.245829e-06,2.59583e-06,5.408327e-06
1,697,256.254,0.606,4.758326e-06,4.745825e-06,5.333328e-06,4.837497e-06,6.6662e-08,4.904159e-06,7.4999e-08,4.17916e-06,4.570826e-06,5.72083e-06,6.079165e-06,4.98333e-06,4.766663e-06,5.291661e-06,2.620832e-06,5.449994e-06
1,698,256.405,0.604,4.804158e-06,4.79583e-06,5.383333e-06,4.887494e-06,7.0826e-08,4.958328e-06,7.0826e-08,4.229164e-06,4.629159e-06,5.787492e-06,6.137498e-06,5.037498e-06,4.837497e-06,5.362495e-06,2.658328e-06,5.520828e-06
1,699,256.556,0.602,4.845826e-06,4.837497e-06,5.424992e-06,4.924997e-06,6.6662e-08,4.999995e-06,7.0826e-08,4.262495e-06,4.662498e-06,5.824995e-06,6.174993e-06,5.07083e-06,4.874993e-06,5.408327e-06,2.679165e-06,5.566661e-06
1,700,256.707,0.6,4.891666e-06,4.883329e-06,5.474997e-06,4.979165e-06,6.6662e-08,5.058328e-06,7.0826e-08,4.312499e-06,4.720831e-06,5.887493e-06,6.233327e-06,5.129163e-06,4.949999e-06,5.483325e-06,2.712496e-06,5.641659e-06
1,701,256.858,0.598,4.937498e-06,4.929161e-06,5.516664e-06,5.016661e-06,6.6662e-08,5.099996e-06,7.0826e-08,4.34583e-06,4.754162e-06,5.92916e-06,6.274994e-06,5.166666e-06,4.987494e-06,5.524993e-06,2.733326e-06,5.687499e-06
1,702,257.008,0.596,4.98333e-06,4.98333e-06,5.566661e-06,5.07083e-06,6.2497e-08,5.158329e-06,6.6662e-08,4.395827e-06,4.808331e-06,5.991666e-06,6.333327e-06,5.220827e-06,5.058328e-06,5.599999e-06,2.766665e-06,5.758325e-06
1,703,257.159,0.594,5.029162e-06,5.024997e-06,5.612493e-06,5.108333e-06,6.6662e-08,5.199997e-06,7.0826e-08,4.43333e-06,4.845826e-06,6.033325e-06,6.374995e-06,5.254165e-06,5.099996e-06,5.645832e-06,2.787495e-06,5.804165e-06
1,704,257.31,0.592,5.074994e-06,5.083331e-06,5.662497e-06,5.166666e-06,6.6662e-08,5.25833e-06,6.6662e-08,4.483326e-06,4.904159e-06,6.099995e-06,6.433328e-06,5.312499e-06,5.17083e-06,5.72083e-06,2.829162e-06,5.874999e-06
1,705,257.461,0.59,5.120826e-06,5.124998e-06,5.699992e-06,5.204161e-06,6.6662e-08,5.299997e-06,6.6662e-08,4.520829e-06,4.941662e-06,6.141663e-06,6.470831e-06,5.349994e-06,5.216662e-06,5.766662e-06,2.849992e-06,5.920831e-06
1,706,257.612,0.588,5.158329e-06,5.158329e-06,5.74166e-06,5.237492e-06,6.6662e-08,5.337492e-06,7.0826e-08,4.549996e-06,4.974993e-06,6.179166e-06,6.508326e-06,5.383333e-06,5.262494e-06,5.80833e-06,2.874994e-06,5.970828e-06
1,707,257.763,0.586,5.199997e-06,5.212498e-06,5.791664e-06,5.291661e-06,7.0826e-08,5.395826e-06,6.6662e-08,4.604165e-06,5.029162e-06,6.241663e-06,6.574996e-06,5.441666e-06,5.329164e-06,5.887493e-06,2.912498e-06,6.033325e-06
1,708,257.914,0.584,5.245829e-06,5.254165e-06,5.833332e-06,5.333328e-06,6.6662e-08,5.437493e-06,7.0826e-08,4.64166e-06,5.066665e-06,6.283331e-06,6.612492e-06,5.474997e-06,5.374996e-06,5.92916e-06,2.937492e-06,6.079165e-06
1,709,258.064,0.582,5.287496e-06,5.308326e-06,5.883328e-06,5.387497e-06,6.6662e-08,5.495826e-06,7.0826e-08,4.695829e-06,5.124998e-06,6.349993e-06,6.674997e-06,5.537494e-06,5.441666e-06,6.004159e-06,2.970831e-06,6.154164e-06
1,710,258.215,0.58,5.333328e-06,5.35833e-06,5.933332e-06,5.429165e-06,6.6662e-08,5.537494e-06,7.0826e-08,4.733332e-06,5.166666e-06,6.383332e-06,6.716665e-06,5.570825e-06,5.483325e-06,6.049999e-06,2.995825e-06,6.199996e-06
1,711,258.366,0.578,5.387497e-06,5.408327e-06,5.979165e-06,5.483325e-06,6.6662e-08,5.595827e-06,6.6662e-08,4.787493e-06,5.224999e-06,6.454166e-06,6.779162e-06,5.629166e-06,5.55416e-06,6.124997e-06,3.033328e-06,6.274994e-06
1,712,258.517,0.576,5.429165e-06,5.449994e-06,6.020832e-06,5.524993e-06,6.2497e-08,5.637495e-06,7.0826e-08,4.820832e-06,5.262494e-06,6.491661e-06,6.82083e-06,5.670825e-06,5.599999e-06,6.166665e-06,3.054166e-06,6.316662e-06
1,713,258.668,0.574,5.474997e-06,5.508327e-06,6.070828e-06,5.583326e-06,6.2497e-08,5.695828e-06,6.2497e-08,4.879165e-06,5.320827e-06,6.554159e-06,6.883327e-06,5.729159e-06,5.670825e-06,6.245828e-06,3.091661e-06,6.395833e-06
1,714,258.819,0.572,5.520828e-06,5.55416e-06,6.116661e-06,5.624994e-06,6.2497e-08,5.74166e-06,6.6662e-08,4.91666e-06,5.362495e-06,6.595826e-06,6.924995e-06,5.762497e-06,5.716666e-06,6.29166e-06,3.116663e-06,6.437492e-06
1,715,258.969,0.57,5.566661e-06,5.608328e-06,6.170829e-06,5.683327e-06,5.8325e-08,5.795829e-06,6.6662e-08,4.970829e-06,5.424992e-06,6.658332e-06,6.991665e-06,5.824995e-06,5.787492e-06,6.366666e-06,3.158331e-06,6.512499e-06
1,716,259.12,0.568,5.616665e-06,5.658333e-06,6.212497e-06,5.724994e-06,6.2497e-08,5.84166e-06,6.2497e-08,5.008332e-06,5.458331e-06,6.699999e-06,7.037497e-06,5.858326e-06,5.829159e-06,6.408326e-06,3.179161e-06,6.558331e-06
1,717,259.271,0.566,5.662497e-06,5.712493e-06,6.262493e-06,5.783327e-06,5.8325e-08,5.899994e-06,6.6662e-08,5.066665e-06,5.524993e-06,6.762496e-06,7.104159e-06,5.920831e-06,5.904166e-06,6.487497e-06,3.220828e-06,6.63333e-06
1,718,259.422,0.564,5.708329e-06,5.762497e-06,6.312498e-06,5.824995e-06,5.8325e-08,5.941661e-06,6.2497e-08,5.10416e-06,5.562496e-06,6.808329e-06,7.141662e-06,5.962499e-06,5.945826e-06,6.533329e-06,3.245831e-06,6.679161e-06
1,719,259.573,0.562,5.762497e-06,5.820831e-06,6.362494e-06,5.887493e-06,6.2497e-08,6.004159e-06,6.6662e-08,5.162493e-06,5.63333e-06,6.870826e-06,7.212496e-06,6.020832e-06,6.01666e-06,6.608327e-06,3.287498e-06,6.75416e-06
1,720,259.724,0.56,5.80833e-06,5.866663e-06,6.404161e-06,5.92916e-06,6.2497e-08,6.045826e-06,6.6662e-08,5.195832e-06,5.670825e-06,6.916666e-06,7.249999e-06,6.058327e-06,6.062492e-06,6.654159e-06,3.312492e-06,6.804164e-06
1,721,259.874,0.558,5.854161e-06,5.916659e-06,6.462495e-06,5.987493e-06,6.2497e-08,6.108331e-06,6.2497e-08,5.25833e-06,5.737495e-06,6.979164e-06,7.320825e-06,6.120833e-06,6.133326e-06,6.729166e-06,3.35416e-06,6.874998e-06
1,722,260.025,0.556,5.904166e-06,5.970828e-06,6.504162e-06,6.029161e-06,6.2497e-08,6.149999e-06,6.6662e-08,5.295825e-06,5.774998e-06,7.024995e-06,7.362493e-06,6.162492e-06,6.179166e-06,6.779162e-06,3.374998e-06,6.924995e-06
1,723,260.176,0.554,5.945826e-06,6.024996e-06,6.558331e-06,6.087494e-06,6.2497e-08,6.212497e-06,6.2497e-08,5.35833e-06,5.84166e-06,7.087493e-06,7.429162e-06,6.224998e-06,6.245828e-06,6.854161e-06,3.416665e-06,6.999993e-06
1,724,260.327,0.552,5.99583e-06,6.074993e-06,6.604163e-06,6.133326e-06,6.2497e-08,6.254164e-06,6.2497e-08,5.395826e-06,5.879164e-06,7.133333e-06,7.474995e-06,6.262493e-06,6.299997e-06,6.899993e-06,3.44166e-06,7.045825e-06
1,725,260.478,0.55,6.045826e-06,6.133326e-06,6.658332e-06,6.195831e-06,5.8325e-08,6.316662e-06,6.6662e-08,5.454159e-06,5.945826e-06,7.19583e-06,7.537492e-06,6.324999e-06,6.366666e-06,6.974999e-06,3.487492e-06,7.11666e-06
1,726,260.629,0.548,6.09583e-06,6.179166e-06,6.699999e-06,6.233327e-06,6.2497e-08,6.354165e-06,6.2497e-08,5.491662e-06,5.983329e-06,7.233326e-06,7.574995e-06,6.366666e-06,6.408326e-06,7.020831e-06,3.508329e-06,7.166664e-06
1,727,260.78,0.546,6.137498e-06,6.229162e-06,6.749995e-06,6.287495e-06,5.8325e-08,6.412498e-06,6.2497e-08,5.549995e-06,6.045826e-06,7.295831e-06,7.641665e-06,6.424999e-06,6.474996e-06,7.091665e-06,3.549997e-06,7.233326e-06
1,728,260.93,0.544,6.187495e-06,6.274994e-06,6.795828e-06,6.329163e-06,6.2497e-08,6.45833e-06,6.2497e-08,5.591663e-06,6.087494e-06,7.337499e-06,7.687497e-06,6.466659e-06,6.524992e-06,7.141662e-06,3.579164e-06,7.28333e-06
1,729,261.081,0.542,6.237499e-06,6.337492e-06,6.849996e-06,6.395833e-06,6.2497e-08,6.516663e-06,6.2497e-08,5.645832e-06,6.149999e-06,7.399996e-06,7.754159e-06,6.529164e-06,6.587497e-06,7.212496e-06,3.616659e-06,7.354164e-06
1,730,261.232,0.54,6.287495e-06,6.379159e-06,6.891664e-06,6.433328e-06,6.2497e-08,6.558331e-06,6.2497e-08,5.687499e-06,6.187495e-06,7.445828e-06,7.795827e-06,6.56666e-06,6.637494e-06,7.258328e-06,3.641661e-06,7.395832e-06
1,731,261.383,0.538,6.324999e-06,6.437492e-06,6.945832e-06,6.491661e-06,6.2497e-08,6.616664e-06,6.6662e-08,5.74166e-06,6.249992e-06,7.504161e-06,7.862496e-06,6.624993e-06,6.704164e-06,7.329162e-06,3.687493e-06,7.466666e-06
1,732,261.534,0.536,6.374995e-06,6.47916e-06,6.987492e-06,6.533329e-06,5.8325e-08,6.658332e-06,6.2497e-08,5.783327e-06,6.29166e-06,7.545829e-06,7.899992e-06,6.662496e-06,6.749995e-06,7.374994e-06,3.712495e-06,7.512498e-06
1,733,261.685,0.534,6.412498e-06,6.520828e-06,7.020831e-06,6.570832e-06,5.8325e-08,6.695827e-06,6.2497e-08,5.820831e-06,6.329163e-06,7.583332e-06,7.94166e-06,6.704164e-06,6.791663e-06,7.420826e-06,3.737497e-06,7.562494e-06
1,734,261.835,0.532,6.45833e-06,6.579161e-06,7.074992e-06,6.629165e-06,5.8325e-08,6.75416e-06,6.2497e-08,5.874999e-06,6.395833e-06,7.645829e-06,8.004165e-06,6.766661e-06,6.858325e-06,7.495833e-06,3.779165e-06,7.633328e-06
1,735,261.986,0.53,6.508326e-06,6.624993e-06,7.120832e-06,6.674997e-06,5.8325e-08,6.799992e-06,6.2497e-08,5.920831e-06,6.441664e-06,7.687497e-06,8.049997e-06,6.808329e-06,6.908329e-06,7.541664e-06,3.808331e-06,7.67916e-06
1,736,262.137,0.528,6.554159e-06,6.683326e-06,7.170828e-06,6.737494e-06,5.8325e-08,6.854161e-06,5.8325e-08,5.974992e-06,6.504162e-06,7.749994e-06,8.112494e-06,6.862497e-06,6.966663e-06,7.612498e-06,3.849999e-06,7.749994e-06
1,737,262.288,0.526,6.599998e-06,6.724993e-06,7.21666e-06,6.779162e-06,5.8325e-08,6.899993e-06,6.2497e-08,6.012495e-06,6.54583e-06,7.791662e-06,8.154162e-06,6.908329e-06,7.012494e-06,7.654166e-06,3.874993e-06,7.795827e-06
1,738,262.439,0.524,6.645831e-06,6.783327e-06,7.270829e-06,6.833331e-06,5.8325e-08,6.958326e-06,6.2497e-08,6.070828e-06,6.604163e-06,7.849995e-06,8.220832e-06,6.966663e-06,7.083328e-06,7.729165e-06,3.916661e-06,7.862496e-06
1,739,262.59,0.522,6.695827e-06,6.829158e-06,7.316661e-06,6.879163e-06,5.8325e-08,6.999993e-06,5.8325e-08,6.112496e-06,6.649995e-06,7.891663e-06,8.262499e-06,7.00833e-06,7.124996e-06,7.774996e-06,3.937499e-06,7.908328e-06
1,740,262.741,0.52,6.741659e-06,6.8875e-06,7.366665e-06,6.933331e-06,5.8325e-08,7.058326e-06,6.2497e-08,6.170829e-06,6.712492e-06,7.954161e-06,8.324997e-06,7.066663e-06,7.19583e-06,7.845831e-06,3.987495e-06,7.979163e-06
1,741,262.891,0.518,6.791663e-06,6.933331e-06,7.408333e-06,6.983328e-06,5.8325e-08,7.104159e-06,6.2497e-08,6.208332e-06,6.75416e-06,7.995828e-06,8.370828e-06,7.108331e-06,7.237498e-06,7.891663e-06,4.012497e-06,8.024995e-06
1,742,263.042,0.516,6.837495e-06,6.983328e-06,7.47083e-06,7.041661e-06,5.8325e-08,7.158327e-06,5.8325e-08,6.279159e-06,6.82083e-06,8.054161e-06,8.429161e-06,7.170828e-06,7.30416e-06,7.962497e-06,4.058329e-06,8.095829e-06
1,743,263.193,0.514,6.8875e-06,7.033332e-06,7.512498e-06,7.083328e-06,5.8325e-08,7.19583e-06,5.8325e-08,6.333327e-06,6.854161e-06,8.095829e-06,8.466665e-06,7.212496e-06,7.341663e-06,8.004165e-06,4.079159e-06,8.137496e-06
1,744,263.344,0.512,6.933331e-06,7.083328e-06,7.55833e-06,7.137497e-06,5.4161e-08,7.254163e-06,5.8325e-08,6.358329e-06,6.912494e-06,8.154162e-06,8.533327e-06,7.266664e-06,7.408333e-06,8.070827e-06,4.120827e-06,8.204166e-06
1,745,263.495,0.51,6.974999e-06,7.129161e-06,7.599997e-06,7.179165e-06,5.4161e-08,7.295831e-06,5.8325e-08,6.399997e-06,6.958326e-06,8.191665e-06,8.57083e-06,7.30416e-06,7.454165e-06,8.116658e-06,4.145829e-06,8.249998e-06
1,746,263.646,0.508,7.020831e-06,7.183329e-06,7.649994e-06,7.233326e-06,5.4161e-08,7.349992e-06,5.8325e-08,6.454166e-06,7.016659e-06,8.245825e-06,8.633328e-06,7.362493e-06,7.516662e-06,8.183329e-06,4.191661e-06,8.312496e-06
1,747,263.796,0.506,7.062499e-06,7.224997e-06,7.691661e-06,7.274993e-06,4.9996e-08,7.391659e-06,5.4161e-08,6.491661e-06,7.054162e-06,8.291666e-06,8.670831e-06,7.399996e-06,7.55833e-06,8.224996e-06,4.212499e-06,8.358327e-06
1,748,263.947,0.504,7.104159e-06,7.274993e-06,7.737493e-06,7.329162e-06,5.4161e-08,7.445828e-06,5.4161e-08,6.549994e-06,7.11666e-06,8.345826e-06,8.733328e-06,7.462494e-06,7.624992e-06,8.291666e-06,4.254158e-06,8.420833e-06
1,749,264.098,0.502,7.158327e-06,7.329162e-06,7.783326e-06,7.374994e-06,4.9996e-08,7.487496e-06,5.8325e-08,6.587497e-06,7.158327e-06,8.387494e-06,8.770831e-06,7.504161e-06,7.662495e-06,8.333325e-06,4.27916e-06,8.462493e-06
1,750,264.249,0.5,7.19583e-06,7.374994e-06,7.829165e-06,7.429162e-06,5.4161e-08,7.545829e-06,5.4161e-08,6.641666e-06,7.220833e-06,8.441662e-06,8.829164e-06,7.55833e-06,7.724992e-06,8.404159e-06,4.324992e-06,8.529162e-06
1,751,264.4,0.498,7.245827e-06,7.424998e-06,7.874997e-06,7.474995e-06,5.4161e-08,7.583332e-06,5.8325e-08,6.687498e-06,7.258328e-06,8.487495e-06,8.870832e-06,7.599997e-06,7.76666e-06,8.445827e-06,4.349994e-06,8.574994e-06
1,752,264.551,0.496,7.291659e-06,7.474995e-06,7.924994e-06,7.529163e-06,5.4161e-08,7.637493e-06,5.4161e-08,6.737494e-06,7.316661e-06,8.541663e-06,8.93333e-06,7.654166e-06,7.829165e-06,8.512497e-06,4.391662e-06,8.641664e-06
1,753,264.701,0.494,7.337499e-06,7.520827e-06,7.966662e-06,7.570831e-06,4.9996e-08,7.683333e-06,5.8325e-08,6.779162e-06,7.358328e-06,8.579159e-06,8.96666e-06,7.691661e-06,7.870825e-06,8.549992e-06,4.420829e-06,8.67916e-06
1,754,264.852,0.492,7.383331e-06,7.574995e-06,8.016666e-06,7.629164e-06,5.4161e-08,7.737493e-06,5.4161e-08,6.833331e-06,7.420826e-06,8.641664e-06,9.024993e-06,7.754159e-06,7.93333e-06,8.616662e-06,4.458332e-06,8.749994e-06
1,755,265.003,0.49,7.429162e-06,7.620828e-06,8.054161e-06,7.666659e-06,4.9996e-08,7.774996e-06,5.4161e-08,6.866662e-06,7.454165e-06,8.674995e-06,9.066661e-06,7.791662e-06,7.974998e-06,8.65833e-06,4.483326e-06,8.791661e-06
1,756,265.154,0.488,7.47083e-06,7.670832e-06,8.104165e-06,7.716663e-06,5.4161e-08,7.824993e-06,5.4161e-08,6.92083e-06,7.516662e-06,8.737493e-06,9.129159e-06,7.845831e-06,8.029159e-06,8.724999e-06,4.524994e-06,8.854158e-06
1,757,265.305,0.486,7.512498e-06,7.716663e-06,8.145825e-06,7.762495e-06,5.4161e-08,7.866661e-06,5.4161e-08,6.962498e-06,7.55833e-06,8.770831e-06,9.162498e-06,7.883326e-06,8.074999e-06,8.762495e-06,4.554161e-06,8.895826e-06
1,758,265.456,0.484,7.554166e-06,7.762495e-06,8.19583e-06,7.812492e-06,5.4161e-08,7.920829e-06,5.4161e-08,7.016659e-06,7.612498e-06,8.829164e-06,9.224995e-06,7.94166e-06,8.137496e-06,8.829164e-06,4.591664e-06,8.958332e-06
1,759,265.607,0.482,7.599997e-06,7.808328e-06,8.237497e-06,7.858332e-06,5.4161e-08,7.958332e-06,5.4161e-08,7.054162e-06,7.654166e-06,8.86666e-06,9.254161e-06,7.979163e-06,8.174999e-06,8.870832e-06,4.62083e-06,8.999999e-06
1,760,265.757,0.48,7.633328e-06,7.845831e-06,8.270827e-06,7.891663e-06,5.4161e-08,7.991664e-06,5.4161e-08,7.083328e-06,7.687497e-06,8.899999e-06,9.291664e-06,8.016666e-06,8.208331e-06,8.904163e-06,4.645832e-06,9.037494e-06
1,761,265.908,0.478,7.67916e-06,7.895827e-06,8.31666e-06,7.945831e-06,5.4161e-08,8.049997e-06,5.4161e-08,7.141662e-06,7.74583e-06,8.954159e-06,9.349998e-06,8.074999e-06,8.270827e-06,8.970833e-06,4.683327e-06,9.104165e-06
1,762,266.059,0.476,7.720828e-06,7.93333e-06,8.358327e-06,7.983327e-06,5.4161e-08,8.087492e-06,5.8325e-08,7.179165e-06,7.783326e-06,8.991663e-06,9.391665e-06,8.112494e-06,8.31666e-06,9.012492e-06,4.712494e-06,9.145832e-06
1,763,266.21,0.474,7.76666e-06,7.987499e-06,8.408332e-06,8.04166e-06,5.4161e-08,8.141661e-06,5.4161e-08,7.233326e-06,7.845831e-06,9.045832e-06,9.445826e-06,8.166663e-06,8.370828e-06,9.074998e-06,4.749998e-06,9.208329e-06
1,764,266.361,0.472,7.812492e-06,8.033331e-06,8.454163e-06,8.079163e-06,5.4161e-08,8.183329e-06,5.4161e-08,7.274993e-06,7.883326e-06,9.087499e-06,9.483329e-06,8.204166e-06,8.412496e-06,9.112493e-06,4.779164e-06,9.249997e-06
1,765,266.512,0.47,7.85416e-06,8.079163e-06,8.499996e-06,8.133332e-06,5.4161e-08,8.22916e-06,5.4161e-08,7.324998e-06,7.94166e-06,9.137495e-06,9.537498e-06,8.258326e-06,8.462493e-06,9.170826e-06,4.820832e-06,9.30833e-06
1,766,266.662,0.468,7.895827e-06,8.124995e-06,8.5375e-06,8.170828e-06,5.4161e-08,8.270827e-06,5.4161e-08,7.358328e-06,7.974998e-06,9.179163e-06,9.574994e-06,8.291666e-06,8.508333e-06,9.212494e-06,4.841661e-06,9.345826e-06
1,767,266.813,0.466,7.94166e-06,8.170828e-06,8.583331e-06,8.224996e-06,5.4161e-08,8.320832e-06,5.8325e-08,7.416661e-06,8.037496e-06,9.233332e-06,9.629162e-06,8.354164e-06,8.57083e-06,9.275e-06,4.887494e-06,9.408331e-06
1,768,266.964,0.464,7.987499e-06,8.216659e-06,8.624998e-06,8.266664e-06,5.4161e-08,8.362492e-06,5.8325e-08,7.454165e-06,8.066662e-06,9.270827e-06,9.662493e-06,8.387494e-06,8.608326e-06,9.316659e-06,4.912496e-06,9.445826e-06
1,769,267.115,0.462,8.024995e-06,8.262499e-06,8.674995e-06,8.31666e-06,4.9996e-08,8.412496e-06,4.9996e-08,7.504161e-06,8.124995e-06,9.324996e-06,9.720826e-06,8.441662e-06,8.662494e-06,9.374992e-06,4.945827e-06,9.50416e-06
1,770,267.266,0.46,8.070827e-06,8.308331e-06,8.716663e-06,8.358327e-06,5.8325e-08,8.45e-06,5.4161e-08,7.545829e-06,8.166663e-06,9.354162e-06,9.75833e-06,8.479166e-06,8.699997e-06,9.41666e-06,4.979165e-06,9.549999e-06
1,771,267.417,0.458,8.116658e-06,8.354164e-06,8.762495e-06,8.412496e-06,5.4161e-08,8.50416e-06,5.4161e-08,7.595825e-06,8.22916e-06,9.412495e-06,9.816663e-06,8.5375e-06,8.762495e-06,9.479165e-06,5.016661e-06,9.608332e-06
1,772,267.568,0.456,8.158326e-06,8.404159e-06,8.804162e-06,8.454163e-06,5.4161e-08,8.541663e-06,5.4161e-08,7.633328e-06,8.262499e-06,9.449998e-06,9.854166e-06,8.574994e-06,8.799998e-06,9.516661e-06,5.041663e-06,9.645828e-06
1,773,267.718,0.454,8.204166e-06,8.454163e-06,8.854158e-06,8.508333e-06,4.9996e-08,8.59166e-06,5.4161e-08,7.687497e-06,8.31666e-06,9.499995e-06,9.908326e-06,8.633328e-06,8.858331e-06,9.579166e-06,5.087495e-06,9.708333e-06
1,774,267.869,0.452,8.245825e-06,8.495832e-06,8.895826e-06,8.541663e-06,4.9996e-08,8.633328e-06,5.4161e-08,7.724992e-06,8.358327e-06,9.537498e-06,9.941666e-06,8.674995e-06,8.895826e-06,9.616661e-06,5.108333e-06,9.745829e-06
1,775,268.02,0.45,8.291666e-06,8.545828e-06,8.941666e-06,8.599996e-06,5.4161e-08,8.683332e-06,5.4161e-08,7.774996e-06,8.408332e-06,9.591659e-06,9.999999e-06,8.724999e-06,8.949995e-06,9.679158e-06,5.154165e-06,9.804161e-06
1,776,268.171,0.448,8.329161e-06,8.587495e-06,8.983326e-06,8.641664e-06,5.4161e-08,8.720827e-06,5.4161e-08,7.808328e-06,8.45e-06,9.624998e-06,1.0029165e-05,8.75833e-06,8.987498e-06,9.712498e-06,5.174994e-06,9.845829e-06
1,777,268.322,0.446,8.370828e-06,8.637492e-06,9.029166e-06,8.687496e-06,4.9996e-08,8.770831e-06,5.4161e-08,7.866661e-06,8.50416e-06,9.674995e-06,1.0083326e-05,8.812499e-06,9.041659e-06,9.766666e-06,5.212498e-06,9.899998e-06
1,778,268.473,0.444,8.412496e-06,8.674995e-06,9.066661e-06,8.724999e-06,4.9996e-08,8.808327e-06,5.4161e-08,7.899992e-06,8.5375e-06,9.712498e-06,1.0116664e-05,8.849995e-06,9.079162e-06,9.808326e-06,5.241664e-06,9.937493e-06
1,779,268.623,0.442,8.454163e-06,8.724999e-06,9.116666e-06,8.774996e-06,5.4161e-08,8.858331e-06,4.9996e-08,7.949996e-06,8.595832e-06,9.766666e-06,1.0174997e-05,8.904163e-06,9.133331e-06,9.866659e-06,5.27916e-06,9.999999e-06
1,780,268.774,0.44,8.499996e-06,8.766659e-06,9.154161e-06,8.816663e-06,5.4161e-08,8.891662e-06,5.4161e-08,7.983327e-06,8.629163e-06,9.799997e-06,1.0199992e-05,8.93333e-06,9.166662e-06,9.904162e-06,5.299997e-06,1.0033329e-05
1,781,268.925,0.438,8.533327e-06,8.812499e-06,9.195828e-06,8.862496e-06,4.9996e-08,8.941666e-06,5.4161e-08,8.037496e-06,8.683332e-06,9.845829e-06,1.0249996e-05,8.991663e-06,9.22083e-06,9.95833e-06,5.341665e-06,1.0091662e-05
1,782,269.076,0.436,8.574994e-06,8.854158e-06,9.237496e-06,8.899999e-06,4.9996e-08,8.974997e-06,4.9996e-08,8.066662e-06,8.712498e-06,9.87916e-06,1.0287499e-05,9.029166e-06,9.258326e-06,9.995826e-06,5.366659e-06,1.0124993e-05
1,783,269.227,0.434,8.620827e-06,8.899999e-06,9.283328e-06,8.949995e-06,4.5832e-08,9.02083e-06,4.9996e-08,8.120831e-06,8.774996e-06,9.933328e-06,1.0337496e-05,9.074998e-06,9.30833e-06,1.0049995e-05,5.408327e-06,1.0183327e-05
1,784,269.378,0.432,8.65833e-06,8.937494e-06,9.320831e-06,8.983326e-06,5.4161e-08,9.062497e-06,4.9996e-08,8.154162e-06,8.804162e-06,9.970832e-06,1.0366663e-05,9.108328e-06,9.341661e-06,1.0087498e-05,5.429165e-06,1.022083e-05
1,785,269.528,0.43,8.699997e-06,8.983326e-06,9.366663e-06,9.037494e-06,4.5832e-08,9.112493e-06,4.9996e-08,8.204166e-06,8.862496e-06,1.0016664e-05,1.0429159e-05,9.162498e-06,9.39583e-06,1.0145831e-05,5.470832e-06,1.0274998e-05
1,786,269.679,0.428,8.745829e-06,9.02083e-06,9.404159e-06,9.074998e-06,4.9996e-08,9.149996e-06,4.9996e-08,8.241662e-06,8.895826e-06,1.0049995e-05,1.0458326e-05,9.199993e-06,9.433325e-06,1.0179162e-05,5.495826e-06,1.0312494e-05
1,787,269.83,0.426,8.783332e-06,9.074998e-06,9.454163e-06,9.124994e-06,4.5832e-08,9.195828e-06,4.9996e-08,8.291666e-06,8.949995e-06,1.0099999e-05,1.0508331e-05,9.249997e-06,9.483329e-06,1.0233331e-05,5.53333e-06,1.0366663e-05
1,788,269.981,0.424,8.824993e-06,9.112493e-06,9.487494e-06,9.166662e-06,4.9996e-08,9.233332e-06,4.9996e-08,8.324997e-06,8.983326e-06,1.013333e-05,1.0537497e-05,9.287493e-06,9.520832e-06,1.0266662e-05,5.558332e-06,1.0404166e-05
1,789,270.132,0.422,8.854158e-06,9.14166e-06,9.524997e-06,9.195828e-06,4.9996e-08,9.266662e-06,4.9996e-08,8.358327e-06,9.016665e-06,1.0170826e-05,1.0570828e-05,9.316659e-06,9.558328e-06,1.0299993e-05,5.583326e-06,1.0441661e-05
1,790,270.283,0.42,8.895826e-06,9.187492e-06,9.566665e-06,9.245833e-06,4.9996e-08,9.312495e-06,4.9996e-08,8.408332e-06,9.070825e-06,1.0216665e-05,1.0624997e-05,9.370828e-06,9.612497e-06,1.0362498e-05,5.624994e-06,1.0499994e-05
1,791,270.434,0.418,8.937494e-06,9.229159e-06,9.608332e-06,9.287493e-06,4.9996e-08,9.354162e-06,5.4161e-08,8.445827e-06,9.108328e-06,1.0254161e-05,1.0662492e-05,9.408331e-06,9.645828e-06,1.0395829e-05,5.649996e-06,1.0533333e-05
1,792,270.584,0.416,8.974997e-06,9.279163e-06,9.649992e-06,9.333332e-06,4.5832e-08,9.39583e-06,4.9996e-08,8.491659e-06,9.162498e-06,1.0299993e-05,1.0708332e-05,9.458327e-06,9.691659e-06,1.0449998e-05,5.687499e-06,1.058333e-05
1,793,270.735,0.414,9.02083e-06,9.320831e-06,9.691659e-06,9.370828e-06,4.9996e-08,9.433325e-06,4.9996e-08,8.529162e-06,9.195828e-06,1.0337496e-05,1.0741663e-05,9.491666e-06,9.7375e-06,1.0487493e-05,5.712493e-06,1.0624997e-05
1,794,270.886,0.412,9.058333e-06,9.362499e-06,9.733327e-06,9.41666e-06,4.5832e-08,9.479165e-06,4.5832e-08,8.579159e-06,9.24166e-06,1.0383328e-05,1.0787495e-05,9.541663e-06,9.787496e-06,1.0541661e-05,5.745832e-06,1.0679166e-05
1,795,271.037,0.41,9.095827e-06,9.404159e-06,9.770831e-06,9.458327e-06,4.5832e-08,9.516661e-06,5.4161e-08,8.612497e-06,9.279163e-06,1.0416658e-05,1.0816661e-05,9.579166e-06,9.820827e-06,1.0574992e-05,5.774998e-06,1.0716661e-05
1,796,271.188,0.408,9.137495e-06,9.449998e-06,9.816663e-06,9.508331e-06,4.9996e-08,9.562493e-06,5.4161e-08,8.662494e-06,9.333332e-06,1.0466663e-05,1.0866665e-05,9.629162e-06,9.874995e-06,1.0629161e-05,5.80833e-06,1.0762493e-05
1,797,271.339,0.406,9.179163e-06,9.483329e-06,9.854166e-06,9.541663e-06,4.9996e-08,9.599996e-06,5.4161e-08,8.691661e-06,9.366663e-06,1.049583e-05,1.0904161e-05,9.666665e-06,9.904162e-06,1.0662492e-05,5.833332e-06,1.080416e-05
1,798,271.489,0.404,9.216667e-06,9.533326e-06,9.895825e-06,9.587495e-06,4.9996e-08,9.641663e-06,4.9996e-08,8.741665e-06,9.41666e-06,1.0537497e-05,1.0945829e-05,9.708333e-06,9.949994e-06,1.0716661e-05,5.870827e-06,1.0849993e-05
1,799,271.64,0.402,9.258326e-06,9.566665e-06,9.937493e-06,9.629162e-06,4.9996e-08,9.674995e-06,4.9996e-08,8.774996e-06,9.445826e-06,1.0574992e-05,1.0974995e-05,9.741664e-06,9.991661e-06,1.075e-05,5.895829e-06,1.0887496e-05
1,800,271.791,0.4,9.291664e-06,9.612497e-06,9.97916e-06,9.67083e-06,4.9996e-08,9.724999e-06,4.9996e-08,8.824993e-06,9.49583e-06,1.0624997e-05,1.1024999e-05,9.795833e-06,1.0041666e-05,1.080416e-05,5.933332e-06,1.0941664e-05
1,801,271.942,0.398,9.337497e-06,9.654164e-06,1.00125e-05,9.704161e-06,4.9996e-08,9.75833e-06,4.5832e-08,8.858331e-06,9.529162e-06,1.0654163e-05,1.1054166e-05,9.820827e-06,1.006666e-05,1.0837499e-05,5.954162e-06,1.097916e-05
1,802,272.093,0.396,9.370828e-06,9.695832e-06,1.0058331e-05,9.754165e-06,4.5832e-08,9.804161e-06,4.5832e-08,8.904163e-06,9.579166e-06,1.0699995e-05,1.1104163e-05,9.87916e-06,1.0120829e-05,1.0887496e-05,5.991666e-06,1.1029164e-05
1,803,272.244,0.394,9.412495e-06,9.733327e-06,1.0099999e-05,9.795833e-06,4.5832e-08,9.841665e-06,4.9996e-08,8.937494e-06,9.612497e-06,1.0737499e-05,1.1137494e-05,9.912499e-06,1.015416e-05,1.0920827e-05,6.01666e-06,1.1062495e-05
1,804,272.395,0.392,9.454163e-06,9.779159e-06,1.0141659e-05,9.837492e-06,4.5832e-08,9.887497e-06,4.9996e-08,8.983326e-06,9.662493e-06,1.0779167e-05,1.1183325e-05,9.954158e-06,1.0204164e-05,1.0974995e-05,6.058327e-06,1.1108327e-05
1,805,272.545,0.39,9.49583e-06,9.816663e-06,1.0179162e-05,9.874995e-06,4.9996e-08,9.920827e-06,4.9996e-08,9.016665e-06,9.695832e-06,1.0816661e-05,1.1212492e-05,9.987497e-06,1.0233331e-05,1.1004162e-05,6.079165e-06,1.1141666e-05
1,806,272.696,0.388,9.529162e-06,9.85833e-06,1.022083e-05,9.916663e-06,4.5832e-08,9.962495e-06,4.9996e-08,9.066661e-06,9.745829e-06,1.0858329e-05,1.1258332e-05,1.0037494e-05,1.0287499e-05,1.1058331e-05,6.120833e-06,1.1199999e-05
1,807,272.847,0.386,9.570829e-06,9.899998e-06,1.0262497e-05,9.954158e-06,4.166e-08,9.999999e-06,4.5832e-08,9.095827e-06,9.779159e-06,1.089166e-05,1.1283326e-05,1.0070833e-05,1.032083e-05,1.1087497e-05,6.145827e-06,1.123333e-05
1,808,272.998,0.384,9.612497e-06,9.941666e-06,1.0299993e-05,1.0004163e-05,4.5832e-08,1.004583e-05,4.5832e-08,9.145832e-06,9.829164e-06,1.0937492e-05,1.1333331e-05,1.0120829e-05,1.0366663e-05,1.1141666e-05,6.179166e-06,1.1279162e-05
1,809,273.149,0.382,9.645828e-06,9.97916e-06,1.0337496e-05,1.0037494e-05,4.5832e-08,1.0079161e-05,4.9996e-08,9.179163e-06,9.85833e-06,1.0966659e-05,1.1366661e-05,1.015416e-05,1.0399994e-05,1.1174997e-05,6.208332e-06,1.1316665e-05
1,810,273.3,0.38,9.687496e-06,1.0020828e-05,1.0379164e-05,1.0083326e-05,4.166e-08,1.0120829e-05,4.5832e-08,9.224995e-06,9.908326e-06,1.1012498e-05,1.1408329e-05,1.0199992e-05,1.0449998e-05,1.1220829e-05,6.237499e-06,1.1370826e-05
1,811,273.45,0.378,9.720826e-06,1.0062496e-05,1.0416658e-05,1.0116664e-05,4.5832e-08,1.0158332e-05,4.5832e-08,9.258326e-06,9.937493e-06,1.104583e-05,1.144166e-05,1.0229166e-05,1.0483329e-05,1.1254159e-05,6.266665e-06,1.1399992e-05
1,812,273.601,0.376,9.75833e-06,1.0099999e-05,1.0458326e-05,1.0166661e-05,4.5832e-08,1.0199992e-05,4.5832e-08,9.304166e-06,9.987497e-06,1.1087497e-05,1.1483327e-05,1.0279163e-05,1.0524996e-05,1.1304164e-05,6.299997e-06,1.1449996e-05
1,813,273.752,0.374,9.799997e-06,1.0141659e-05,1.049583e-05,1.0195828e-05,4.166e-08,1.0233331e-05,4.9996e-08,9.333332e-06,1.0020828e-05,1.1120828e-05,1.1512494e-05,1.0304165e-05,1.0558327e-05,1.1333331e-05,6.324999e-06,1.1479163e-05
1,814,273.903,0.372,9.837492e-06,1.0174997e-05,1.0537497e-05,1.024166e-05,4.5832e-08,1.0270826e-05,4.9996e-08,9.379164e-06,1.006666e-05,1.116666e-05,1.1558326e-05,1.0358325e-05,1.0599994e-05,1.1387499e-05,6.358329e-06,1.152916e-05
1,815,274.054,0.37,9.870831e-06,1.022083e-05,1.0570828e-05,1.0279163e-05,4.5832e-08,1.0312494e-05,4.9996e-08,9.412495e-06,1.0099999e-05,1.1195826e-05,1.1587493e-05,1.0391665e-05,1.0633325e-05,1.1416666e-05,6.383332e-06,1.1566663e-05
1,816,274.205,0.368,9.904162e-06,1.0245832e-05,1.0604159e-05,1.0308329e-05,4.5832e-08,1.0341661e-05,5.4161e-08,9.445826e-06,1.013333e-05,1.1224993e-05,1.1616659e-05,1.0416658e-05,1.0670828e-05,1.1449996e-05,6.404161e-06,1.1595829e-05
1,817,274.355,0.366,9.937493e-06,1.0287499e-05,1.0641662e-05,1.0354162e-05,4.5832e-08,1.0383328e-05,4.9996e-08,9.487494e-06,1.0174997e-05,1.126666e-05,1.1662499e-05,1.0462499e-05,1.0712496e-05,1.1495828e-05,6.441664e-06,1.1645826e-05
1,818,274.506,0.364,9.97916e-06,1.032916e-05,1.0679166e-05,1.0387492e-05,4.5832e-08,1.0416658e-05,4.9996e-08,9.520832e-06,1.0208329e-05,1.13e-05,1.1687493e-05,1.049583e-05,1.0741663e-05,1.152916e-05,6.466659e-06,1.1674992e-05
1,819,274.657,0.362,1.00125e-05,1.0366663e-05,1.0720825e-05,1.0433332e-05,4.9996e-08,1.0458326e-05,4.9996e-08,9.566665e-06,1.0254161e-05,1.1345832e-05,1.1737498e-05,1.0541661e-05,1.0787495e-05,1.1579164e-05,6.504162e-06,1.1724997e-05
1,820,274.808,0.36,1.0049995e-05,1.0399994e-05,1.0754164e-05,1.0462499e-05,4.5832e-08,1.0491665e-05,4.9996e-08,9.599996e-06,1.0283327e-05,1.1374998e-05,1.1762492e-05,1.0574992e-05,1.0829162e-05,1.160833e-05,6.529164e-06,1.1758328e-05
1,821,274.959,0.358,1.0087498e-05,1.0441661e-05,1.0795831e-05,1.0512495e-05,4.5832e-08,1.0533333e-05,4.9996e-08,9.641663e-06,1.032916e-05,1.1416666e-05,1.1808332e-05,1.061666e-05,1.087083e-05,1.1654162e-05,6.558331e-06,1.180416e-05
1,822,275.11,0.356,1.0129165e-05,1.0483329e-05,1.0833327e-05,1.0545826e-05,4.5832e-08,1.0566664e-05,4.9996e-08,9.679158e-06,1.0362498e-05,1.1454161e-05,1.1833326e-05,1.0649999e-05,1.0904161e-05,1.1687493e-05,6.587497e-06,1.1837498e-05
1,823,275.261,0.354,1.0166661e-05,1.0524996e-05,1.0874995e-05,1.0591666e-05,4.5832e-08,1.0608332e-05,4.5832e-08,9.720826e-06,1.0412495e-05,1.1491664e-05,1.1879166e-05,1.0695831e-05,1.0945829e-05,1.1733326e-05,6.620828e-06,1.1887495e-05
1,824,275.411,0.352,1.0204164e-05,1.0558327e-05,1.0908326e-05,1.0620833e-05,4.5832e-08,1.0645826e-05,4.9996e-08,9.749992e-06,1.0441661e-05,1.1524995e-05,1.1904161e-05,1.0724997e-05,1.097916e-05,1.1762492e-05,6.641666e-06,1.1916662e-05
1,825,275.562,0.35,1.024166e-05,1.0604159e-05,1.0954165e-05,1.0666665e-05,4.166e-08,1.0687494e-05,4.9996e-08,9.795833e-06,1.0487493e-05,1.1562498e-05,1.1945828e-05,1.0770829e-05,1.1020828e-05,1.1808332e-05,6.679161e-06,1.1962493e-05
1,826,275.713,0.348,1.0279163e-05,1.0637498e-05,1.0987496e-05,1.0699995e-05,4.5832e-08,1.0716661e-05,4.5832e-08,9.829164e-06,1.0516659e-05,1.1595829e-05,1.1974995e-05,1.0799996e-05,1.1058331e-05,1.1841663e-05,6.704164e-06,1.1999997e-05
1,827,275.864,0.346,1.0308329e-05,1.0674993e-05,1.1024999e-05,1.0741663e-05,4.5832e-08,1.0762493e-05,4.9996e-08,9.874995e-06,1.0562499e-05,1.1637497e-05,1.2024999e-05,1.0845828e-05,1.1104163e-05,1.1887495e-05,6.741659e-06,1.2049993e-05
1,828,276.015,0.344,1.0349997e-05,1.0712496e-05,1.106666e-05,1.0779167e-05,4.5832e-08,1.0795831e-05,4.9996e-08,9.908326e-06,1.0595831e-05,1.1670828e-05,1.2049993e-05,1.0879159e-05,1.1133329e-05,1.1920825e-05,6.762496e-06,1.2079159e-05
1,829,276.166,0.342,1.0383328e-05,1.0754164e-05,1.1099998e-05,1.0824998e-05,4.5832e-08,1.0833327e-05,4.9996e-08,9.949994e-06,1.0641662e-05,1.1708331e-05,1.2095833e-05,1.0920827e-05,1.1170832e-05,1.1966666e-05,6.795828e-06,1.2120827e-05
1,830,276.316,0.34,1.0420831e-05,1.0787495e-05,1.1133329e-05,1.0858329e-05,4.5832e-08,1.087083e-05,4.5832e-08,9.97916e-06,1.0666665e-05,1.1737498e-05,1.2116662e-05,1.0949993e-05,1.1204163e-05,1.1995832e-05,6.82083e-06,1.2158331e-05
1,831,276.467,0.338,1.0454162e-05,1.0829162e-05,1.1174997e-05,1.0899997e-05,4.5832e-08,1.0908326e-05,4.9996e-08,1.0020828e-05,1.0712496e-05,1.178333e-05,1.2158331e-05,1.0995833e-05,1.1245831e-05,1.20375e-05,6.854161e-06,1.2199998e-05
1,832,276.618,0.336,1.049583e-05,1.0862494e-05,1.1208328e-05,1.0933328e-05,4.5832e-08,1.0941664e-05,5.4161e-08,1.0049995e-05,1.0741663e-05,1.1812496e-05,1.2187496e-05,1.1024999e-05,1.1279162e-05,1.2066666e-05,6.874998e-06,1.2229165e-05
1,833,276.769,0.334,1.0524996e-05,1.0899997e-05,1.1245831e-05,1.0970831e-05,4.166e-08,1.097916e-05,4.9996e-08,1.0091662e-05,1.078333e-05,1.1849999e-05,1.2220828e-05,1.106666e-05,1.132083e-05,1.2112499e-05,6.908329e-06,1.2274996e-05
1,834,276.92,0.332,1.0562499e-05,1.0937492e-05,1.1279162e-05,1.1004162e-05,4.166e-08,1.1008327e-05,5.4161e-08,1.0120829e-05,1.0816661e-05,1.1874994e-05,1.2249994e-05,1.1095826e-05,1.1349996e-05,1.2141665e-05,6.929159e-06,1.2308327e-05
1,835,277.071,0.33,1.0595831e-05,1.0974995e-05,1.132083e-05,1.104583e-05,4.9996e-08,1.1054166e-05,4.5832e-08,1.0166661e-05,1.0858329e-05,1.1920825e-05,1.2295826e-05,1.1141666e-05,1.1395828e-05,1.2187496e-05,6.966663e-06,1.2349995e-05
1,836,277.222,0.328,1.0633325e-05,1.1008327e-05,1.135416e-05,1.1079161e-05,4.5832e-08,1.1083333e-05,4.5832e-08,1.0195828e-05,1.089166e-05,1.1945828e-05,1.2324993e-05,1.116666e-05,1.1424994e-05,1.2216663e-05,6.987492e-06,1.2379161e-05
1,837,277.372,0.326,1.0662492e-05,1.1049994e-05,1.1395828e-05,1.1116664e-05,4.5832e-08,1.1120828e-05,5.4161e-08,1.0233331e-05,1.0929163e-05,1.1983331e-05,1.2358331e-05,1.1212492e-05,1.1466662e-05,1.2258331e-05,7.024995e-06,1.2424994e-05
1,838,277.523,0.324,1.0699995e-05,1.1083333e-05,1.1424994e-05,1.1154159e-05,4.9996e-08,1.1149995e-05,4.9996e-08,1.0266662e-05,1.0962494e-05,1.2016662e-05,1.2387498e-05,1.1241658e-05,1.1495828e-05,1.2287497e-05,7.045825e-06,1.2458332e-05
1,839,277.674,0.322,1.0737499e-05,1.1120828e-05,1.1462498e-05,1.1191662e-05,4.5832e-08,1.1191662e-05,4.5832e-08,1.0312494e-05,1.0999997e-05,1.2054165e-05,1.2424994e-05,1.1274998e-05,1.1537496e-05,1.2329165e-05,7.079164e-06,1.2499992e-05
1,840,277.825,0.32,1.0770829e-05,1.1154159e-05,1.1499993e-05,1.1224993e-05,4.9996e-08,1.1220829e-05,4.9996e-08,1.0341661e-05,1.1033329e-05,1.2083332e-05,1.2449996e-05,1.1308328e-05,1.1566663e-05,1.2358331e-05,7.104159e-06,1.2533331e-05
1,841,277.976,0.318,1.0808333e-05,1.1191662e-05,1.1537496e-05,1.126666e-05,4.5832e-08,1.1258332e-05,4.166e-08,1.0379164e-05,1.1074996e-05,1.2125e-05,1.2495828e-05,1.135416e-05,1.1612495e-05,1.2404163e-05,7.137497e-06,1.2574998e-05
1,842,278.127,0.316,1.0845828e-05,1.1229165e-05,1.1570827e-05,1.13e-05,4.5832e-08,1.1295827e-05,4.9996e-08,1.0412495e-05,1.1104163e-05,1.2154166e-05,1.2516665e-05,1.1383327e-05,1.1633332e-05,1.243333e-05,7.158327e-06,1.2604165e-05
1,843,278.277,0.314,1.0874995e-05,1.1254159e-05,1.1604166e-05,1.1324993e-05,4.5832e-08,1.1316665e-05,4.5832e-08,1.0437497e-05,1.1129165e-05,1.2183333e-05,1.254166e-05,1.1408329e-05,1.1670828e-05,1.2458332e-05,7.183329e-06,1.2633332e-05
1,844,278.428,0.312,1.0904161e-05,1.1291663e-05,1.1637497e-05,1.1366661e-05,4.5832e-08,1.1358333e-05,4.5832e-08,1.0483329e-05,1.1174997e-05,1.2216663e-05,1.2579163e-05,1.1454161e-05,1.1712496e-05,1.2504164e-05,7.21666e-06,1.2679164e-05
1,845,278.579,0.31,1.0941664e-05,1.1329166e-05,1.1670828e-05,1.1399992e-05,4.5832e-08,1.1391664e-05,4.9996e-08,1.0512495e-05,1.1204163e-05,1.2249994e-05,1.260833e-05,1.1483327e-05,1.1737498e-05,1.2533331e-05,7.237498e-06,1.270833e-05
1,846,278.73,0.308,1.0970831e-05,1.1362497e-05,1.1708331e-05,1.1437495e-05,4.5832e-08,1.1429159e-05,4.5832e-08,1.0554163e-05,1.1241658e-05,1.2287497e-05,1.2649997e-05,1.1516667e-05,1.1779165e-05,1.2579163e-05,7.274993e-06,1.2754163e-05
1,847,278.881,0.306,1.1012498e-05,1.1395828e-05,1.1741662e-05,1.1474999e-05,4.5832e-08,1.1462498e-05,4.5832e-08,1.058333e-05,1.1274998e-05,1.2316664e-05,1.2674999e-05,1.1554162e-05,1.1812496e-05,1.2604165e-05,7.295831e-06,1.2783329e-05
1,848,279.032,0.304,1.1041665e-05,1.1429159e-05,1.1779165e-05,1.1512494e-05,4.5832e-08,1.1499993e-05,4.5832e-08,1.0620833e-05,1.1316665e-05,1.2349995e-05,1.2716659e-05,1.1587493e-05,1.1849999e-05,1.2645833e-05,7.329162e-06,1.2824997e-05
1,849,279.183,0.302,1.1079161e-05,1.1466662e-05,1.1812496e-05,1.1545833e-05,4.5832e-08,1.1533331e-05,4.5832e-08,1.0654163e-05,1.1345832e-05,1.2383326e-05,1.2741662e-05,1.1620831e-05,1.1879166e-05,1.2674999e-05,7.349992e-06,1.2858327e-05
1,850,279.333,0.3,1.1108327e-05,1.1499993e-05,1.1849999e-05,1.1583328e-05,4.5832e-08,1.1566663e-05,4.5832e-08,1.0691659e-05,1.1383327e-05,1.2416665e-05,1.2779165e-05,1.1658327e-05,1.1924998e-05,1.2716659e-05,7.383331e-06,1.2895831e-05
1,851,279.484,0.298,1.1149995e-05,1.1541661e-05,1.188333e-05,1.1616659e-05,4.5832e-08,1.1599994e-05,4.166e-08,1.0724997e-05,1.1408329e-05,1.2445831e-05,1.2808331e-05,1.1687493e-05,1.1949992e-05,1.2741662e-05,7.40416e-06,1.2924997e-05
1,852,279.635,0.296,1.1179161e-05,1.1579164e-05,1.1920825e-05,1.1658327e-05,4.166e-08,1.1637497e-05,4.5832e-08,1.0762493e-05,1.1454161e-05,1.2483327e-05,1.2841661e-05,1.1729161e-05,1.1991659e-05,1.2787493e-05,7.441664e-06,1.2970829e-05
1,853,279.786,0.294,1.1212492e-05,1.160833e-05,1.1954165e-05,1.1691665e-05,4.5832e-08,1.1666663e-05,4.5832e-08,1.0791659e-05,1.1483327e-05,1.2512493e-05,1.2866664e-05,1.1754163e-05,1.2016662e-05,1.2812495e-05,7.462494e-06,1.2999995e-05
1,854,279.937,0.292,1.1245831e-05,1.1645826e-05,1.1991659e-05,1.1724997e-05,4.166e-08,1.1704159e-05,4.5832e-08,1.0833327e-05,1.1524995e-05,1.2549996e-05,1.2904159e-05,1.1795831e-05,1.205833e-05,1.2854163e-05,7.49166e-06,1.3045827e-05
1,855,280.088,0.29,1.1279162e-05,1.1674992e-05,1.2020826e-05,1.1758328e-05,4.5832e-08,1.1733326e-05,4.5832e-08,1.0862494e-05,1.1554162e-05,1.2574998e-05,1.2933326e-05,1.1820833e-05,1.2083332e-05,1.2883329e-05,7.512498e-06,1.3070829e-05
1,856,280.238,0.288,1.1316665e-05,1.1712496e-05,1.205833e-05,1.1791666e-05,4.166e-08,1.1770829e-05,4.5832e-08,1.0899997e-05,1.1591665e-05,1.2616666e-05,1.2966665e-05,1.1862493e-05,1.2125e-05,1.2924997e-05,7.545829e-06,1.3112497e-05
1,857,280.389,0.286,1.1345832e-05,1.1749999e-05,1.209166e-05,1.1824997e-05,4.5832e-08,1.180416e-05,4.5832e-08,1.0929163e-05,1.1616659e-05,1.2641661e-05,1.2991659e-05,1.1891659e-05,1.2154166e-05,1.2954163e-05,7.570831e-06,1.3145828e-05
1,858,280.54,0.284,1.1379162e-05,1.1779165e-05,1.2129164e-05,1.1866665e-05,4.9996e-08,1.1841663e-05,4.9996e-08,1.0966659e-05,1.1662499e-05,1.2679164e-05,1.3029162e-05,1.1933326e-05,1.2195826e-05,1.2991659e-05,7.604162e-06,1.3183331e-05
1,859,280.691,0.282,1.1416666e-05,1.1816661e-05,1.2162494e-05,1.1899996e-05,4.5832e-08,1.1870829e-05,4.5832e-08,1.0999997e-05,1.1687493e-05,1.270833e-05,1.3058328e-05,1.1958329e-05,1.2220828e-05,1.3016661e-05,7.620828e-06,1.3212498e-05
1,860,280.842,0.28,1.1445833e-05,1.1849999e-05,1.2195826e-05,1.1937499e-05,4.5832e-08,1.1904161e-05,4.5832e-08,1.1041665e-05,1.1724997e-05,1.2745825e-05,1.309166e-05,1.1995832e-05,1.2262495e-05,1.3058328e-05,7.658331e-06,1.3245829e-05
1,861,280.993,0.278,1.1483327e-05,1.1887495e-05,1.2229165e-05,1.1966666e-05,4.5832e-08,1.1941664e-05,4.9996e-08,1.106666e-05,1.1754163e-05,1.2770827e-05,1.3116662e-05,1.2024999e-05,1.2287497e-05,1.308333e-05,7.683333e-06,1.327916e-05
1,862,281.143,0.276,1.1512494e-05,1.1920825e-05,1.226666e-05,1.200416e-05,4.166e-08,1.197083e-05,4.9996e-08,1.1104163e-05,1.1791666e-05,1.2808331e-05,1.3149993e-05,1.2062494e-05,1.2324993e-05,1.3129163e-05,7.7125e-06,1.3316663e-05
1,863,281.294,0.274,1.1545833e-05,1.1949992e-05,1.2299998e-05,1.20375e-05,4.5832e-08,1.200416e-05,4.5832e-08,1.1133329e-05,1.1820833e-05,1.2837498e-05,1.3174995e-05,1.209166e-05,1.2354159e-05,1.3149993e-05,7.733329e-06,1.3349994e-05
1,864,281.445,0.272,1.1579164e-05,1.1983331e-05,1.2333329e-05,1.2070831e-05,4.5832e-08,1.20375e-05,4.5832e-08,1.1170832e-05,1.1862493e-05,1.2870828e-05,1.3212498e-05,1.2125e-05,1.2391662e-05,1.3187496e-05,7.76666e-06,1.3387497e-05
1,865,281.596,0.27,1.1612495e-05,1.2016662e-05,1.236666e-05,1.2099998e-05,4.5832e-08,1.2062494e-05,4.9996e-08,1.1199999e-05,1.1887495e-05,1.2895831e-05,1.3233328e-05,1.2154166e-05,1.2420829e-05,1.3220827e-05,7.783326e-06,1.3416664e-05
1,866,281.747,0.268,1.1645826e-05,1.2049993e-05,1.2404163e-05,1.2137492e-05,4.166e-08,1.2104161e-05,4.5832e-08,1.1241658e-05,1.1920825e-05,1.2933326e-05,1.3266659e-05,1.2191661e-05,1.245416e-05,1.3254165e-05,7.816664e-06,1.3458332e-05
1,867,281.898,0.266,1.1679164e-05,1.2083332e-05,1.243333e-05,1.2170832e-05,4.5832e-08,1.2133328e-05,4.5832e-08,1.1262497e-05,1.1949992e-05,1.2958328e-05,1.3295826e-05,1.2220828e-05,1.2483327e-05,1.327916e-05,7.841659e-06,1.3483325e-05
1,868,282.049,0.264,1.1712496e-05,1.2120827e-05,1.2466661e-05,1.2208327e-05,4.166e-08,1.2166659e-05,4.5832e-08,1.1304164e-05,1.1991659e-05,1.2999995e-05,1.3329164e-05,1.2258331e-05,1.2524994e-05,1.3316663e-05,7.870825e-06,1.3520829e-05
1,869,282.199,0.262,1.1741662e-05,1.2149993e-05,1.2499992e-05,1.2237493e-05,4.166e-08,1.2199998e-05,4.5832e-08,1.1333331e-05,1.2016662e-05,1.3016661e-05,1.3354166e-05,1.2283325e-05,1.2549996e-05,1.3349994e-05,7.891663e-06,1.3549996e-05
1,870,282.35,0.26,1.1770829e-05,1.2183333e-05,1.2533331e-05,1.2270832e-05,4.5832e-08,1.2233329e-05,4.5832e-08,1.1370826e-05,1.205833e-05,1.3058328e-05,1.3391662e-05,1.2316664e-05,1.2587499e-05,1.3383333e-05,7.920829e-06,1.3591663e-05
1,871,282.501,0.258,1.180416e-05,1.2216663e-05,1.2566662e-05,1.2304163e-05,4.5832e-08,1.2258331e-05,4.5832e-08,1.1395828e-05,1.2079159e-05,1.308333e-05,1.3416664e-05,1.2349995e-05,1.2616666e-05,1.3412499e-05,7.94166e-06,1.362083e-05
1,872,282.652,0.256,1.1833326e-05,1.2241666e-05,1.2591664e-05,1.2329165e-05,4.5832e-08,1.2287497e-05,4.5832e-08,1.1424994e-05,1.2108326e-05,1.3104161e-05,1.3441666e-05,1.2374997e-05,1.2641661e-05,1.3437494e-05,7.962497e-06,1.3641659e-05
1,873,282.803,0.254,1.1862493e-05,1.2274996e-05,1.2624995e-05,1.2362496e-05,4.5832e-08,1.2320828e-05,4.5832e-08,1.1462498e-05,1.2145829e-05,1.3137499e-05,1.3470833e-05,1.2408328e-05,1.2674999e-05,1.3474997e-05,7.991664e-06,1.3679162e-05
1,874,282.954,0.252,1.1895831e-05,1.2304163e-05,1.2654162e-05,1.2395827e-05,4.166e-08,1.2349995e-05,4.5832e-08,1.1487492e-05,1.2170832e-05,1.3166666e-05,1.3495826e-05,1.243333e-05,1.2699993e-05,1.3499999e-05,8.016666e-06,1.3704165e-05
1,875,283.104,0.25,1.1924998e-05,1.2337494e-05,1.2687492e-05,1.2429166e-05,4.166e-08,1.2383326e-05,4.5832e-08,1.152083e-05,1.2208327e-05,1.3199997e-05,1.3529166e-05,1.2470826e-05,1.2737497e-05,1.3537494e-05,8.045832e-06,1.3745833e-05
1,876,283.255,0.248,1.1954165e-05,1.2370832e-05,1.2720831e-05,1.2462497e-05,4.166e-08,1.2412493e-05,4.9996e-08,1.1549997e-05,1.2233329e-05,1.3224999e-05,1.3549996e-05,1.2495828e-05,1.2758326e-05,1.3562497e-05,8.066662e-06,1.3770827e-05
1,877,283.406,0.246,1.1987496e-05,1.2404163e-05,1.2749998e-05,1.2499992e-05,4.5832e-08,1.2445831e-05,4.5832e-08,1.1587493e-05,1.2270832e-05,1.325833e-05,1.3583326e-05,1.2533331e-05,1.2799994e-05,1.36e-05,8.095829e-06,1.3812494e-05
1,878,283.557,0.244,1.2020826e-05,1.243333e-05,1.2783329e-05,1.2524994e-05,4.5832e-08,1.2474998e-05,4.5832e-08,1.1616659e-05,1.2295826e-05,1.3283332e-05,1.3608328e-05,1.2558333e-05,1.2824997e-05,1.3624994e-05,8.116658e-06,1.3837496e-05
1,879,283.708,0.242,1.2049993e-05,1.2466661e-05,1.2816659e-05,1.2558333e-05,4.5832e-08,1.2508329e-05,4.5832e-08,1.1649998e-05,1.2329165e-05,1.3316663e-05,1.3641659e-05,1.2595829e-05,1.28625e-05,1.3662498e-05,8.145825e-06,1.3879164e-05
1,880,283.859,0.24,1.2083332e-05,1.2495828e-05,1.2845826e-05,1.2591664e-05,4.5832e-08,1.2533331e-05,4.5832e-08,1.1679164e-05,1.2358331e-05,1.3341665e-05,1.3662498e-05,1.2620831e-05,1.2887494e-05,1.36875e-05,8.170828e-06,1.3904166e-05
1,881,284.01,0.238,1.2112499e-05,1.2529159e-05,1.2883329e-05,1.2620831e-05,4.5832e-08,1.2566662e-05,4.5832e-08,1.1712496e-05,1.2391662e-05,1.3379161e-05,1.3695828e-05,1.2654162e-05,1.291666e-05,1.3716666e-05,8.19583e-06,1.3933332e-05
1,882,284.16,0.236,1.2141665e-05,1.2554161e-05,1.2908332e-05,1.2649997e-05,4.5832e-08,1.2595829e-05,4.9996e-08,1.1737498e-05,1.2412493e-05,1.3391662e-05,1.3716666e-05,1.2674999e-05,1.2945827e-05,1.3745833e-05,8.216659e-06,1.3958327e-05
1,883,284.311,0.234,1.2166659e-05,1.2587499e-05,1.2945827e-05,1.2683328e-05,4.5832e-08,1.2629159e-05,4.9996e-08,1.1774993e-05,1.245416e-05,1.343333e-05,1.3754161e-05,1.2712495e-05,1.2979166e-05,1.3783328e-05,8.245825e-06,1.3999995e-05
1,884,284.462,0.232,1.2199998e-05,1.2620831e-05,1.2974993e-05,1.2712495e-05,4.9996e-08,1.2649997e-05,4.9996e-08,1.1799995e-05,1.2474998e-05,1.3458332e-05,1.3770827e-05,1.2737497e-05,1.2999995e-05,1.3804166e-05,8.270827e-06,1.4020832e-05
1,885,284.613,0.23,1.2229165e-05,1.2645833e-05,1.300416e-05,1.2745825e-05,4.5832e-08,1.2687492e-05,4.5832e-08,1.1833326e-05,1.2508329e-05,1.3491663e-05,1.3804166e-05,1.2766664e-05,1.3041663e-05,1.3837496e-05,8.29583e-06,1.4058328e-05
1,886,284.764,0.228,1.226666e-05,1.2683328e-05,1.3037499e-05,1.2774992e-05,4.5832e-08,1.2716659e-05,4.9996e-08,1.1862493e-05,1.2533331e-05,1.3516665e-05,1.3824995e-05,1.279583e-05,1.3062493e-05,1.3862498e-05,8.31666e-06,1.408333e-05
1,887,284.915,0.226,1.2291662e-05,1.270833e-05,1.3062493e-05,1.2808331e-05,4.5832e-08,1.2745825e-05,4.5832e-08,1.1895831e-05,1.2570827e-05,1.3545831e-05,1.3858326e-05,1.282916e-05,1.3095831e-05,1.3895829e-05,8.341662e-06,1.4116661e-05
1,888,285.065,0.224,1.2324993e-05,1.2741662e-05,1.3095831e-05,1.2837498e-05,4.166e-08,1.2774992e-05,4.5832e-08,1.1920825e-05,1.2595829e-05,1.3570825e-05,1.3879164e-05,1.2858327e-05,1.3120826e-05,1.3924996e-05,8.366665e-06,1.4141663e-05
1,889,285.216,0.222,1.2354159e-05,1.2770827e-05,1.3133327e-05,1.2874993e-05,4.166e-08,1.2804167e-05,4.166e-08,1.1954165e-05,1.2633332e-05,1.3604164e-05,1.390833e-05,1.2883329e-05,1.3158329e-05,1.3954163e-05,8.395831e-06,1.4179166e-05
1,890,285.367,0.22,1.2387498e-05,1.2808331e-05,1.3158329e-05,1.2899995e-05,4.5832e-08,1.2833333e-05,4.9996e-08,1.1983331e-05,1.2654162e-05,1.362083e-05,1.3933332e-05,1.2908332e-05,1.3183331e-05,1.3979165e-05,8.412496e-06,1.420416e-05
1,891,285.518,0.218,1.2412493e-05,1.2837498e-05,1.3187496e-05,1.2929161e-05,4.5832e-08,1.2866664e-05,4.5832e-08,1.2016662e-05,1.2691665e-05,1.3658333e-05,1.3966664e-05,1.2945827e-05,1.3216662e-05,1.4012496e-05,8.441662e-06,1.4241664e-05
1,892,285.669,0.216,1.2441659e-05,1.28625e-05,1.3220827e-05,1.2958328e-05,4.5832e-08,1.2895831e-05,4.5832e-08,1.20375e-05,1.270833e-05,1.3683327e-05,1.3987494e-05,1.2966665e-05,1.3237493e-05,1.4037498e-05,8.466665e-06,1.4262493e-05
1,893,285.82,0.214,1.2466661e-05,1.2895831e-05,1.3249994e-05,1.2995831e-05,4.5832e-08,1.2924997e-05,4.5832e-08,1.2074995e-05,1.2745825e-05,1.3716666e-05,1.401666e-05,1.3008333e-05,1.3274996e-05,1.4070829e-05,8.487495e-06,1.4304161e-05
1,894,285.971,0.212,1.2499992e-05,1.2920833e-05,1.327916e-05,1.3024997e-05,4.5832e-08,1.2949999e-05,4.9996e-08,1.2099998e-05,1.2774992e-05,1.3737495e-05,1.4041662e-05,1.3024997e-05,1.3295826e-05,1.4095831e-05,8.508333e-06,1.4329164e-05
1,895,286.121,0.21,1.2524994e-05,1.2958328e-05,1.3312499e-05,1.3058328e-05,4.5832e-08,1.298333e-05,4.5832e-08,1.2133328e-05,1.2808331e-05,1.3766662e-05,1.4070829e-05,1.3058328e-05,1.3329164e-05,1.4129162e-05,8.5375e-06,1.4362494e-05
1,896,286.272,0.208,1.2558333e-05,1.298333e-05,1.3341665e-05,1.308333e-05,4.5832e-08,1.3008333e-05,4.5832e-08,1.2158331e-05,1.282916e-05,1.3795829e-05,1.4091666e-05,1.308333e-05,1.3354166e-05,1.415e-05,8.562493e-06,1.4387496e-05
1,897,286.423,0.206,1.2587499e-05,1.3012496e-05,1.3370832e-05,1.3116662e-05,4.5832e-08,1.3041663e-05,4.9996e-08,1.2191661e-05,1.28625e-05,1.3824995e-05,1.4120833e-05,1.3116662e-05,1.3383333e-05,1.4183331e-05,8.583331e-06,1.4416662e-05
1,898,286.574,0.204,1.2616666e-05,1.3045827e-05,1.3399998e-05,1.3145828e-05,4.166e-08,1.3066665e-05,4.9996e-08,1.2220828e-05,1.2887494e-05,1.3845834e-05,1.4141663e-05,1.3141664e-05,1.3412499e-05,1.4212497e-05,8.604161e-06,1.4449994e-05
1,899,286.725,0.202,1.2645833e-05,1.3070829e-05,1.3424992e-05,1.317083e-05,4.9996e-08,1.309166e-05,4.9996e-08,1.2241666e-05,1.2908332e-05,1.3874999e-05,1.4162492e-05,1.3166666e-05,1.3437494e-05,1.4233327e-05,8.624998e-06,1.4470832e-05
1,900,286.876,0.2,1.2674999e-05,1.3095831e-05,1.3454159e-05,1.3199997e-05,4.166e-08,1.3120826e-05,4.9996e-08,1.2279161e-05,1.2941662e-05,1.3899994e-05,1.4195832e-05,1.3195832e-05,1.346666e-05,1.4262493e-05,8.649993e-06,1.4504162e-05
1,901,287.026,0.198,1.2699993e-05,1.3124998e-05,1.3487498e-05,1.3224999e-05,4.5832e-08,1.3141664e-05,4.5832e-08,1.2299998e-05,1.2962492e-05,1.3924996e-05,1.4216662e-05,1.3220827e-05,1.3487498e-05,1.4283331e-05,8.674995e-06,1.4529164e-05
1,902,287.177,0.196,1.272916e-05,1.3158329e-05,1.3516665e-05,1.325833e-05,4.166e-08,1.3179159e-05,4.5832e-08,1.2333329e-05,1.300416e-05,1.3958327e-05,1.4245828e-05,1.3254165e-05,1.3524993e-05,1.4320826e-05,8.699997e-06,1.456666e-05
1,903,287.328,0.194,1.2762499e-05,1.3187496e-05,1.3545831e-05,1.3287497e-05,4.5832e-08,1.3204161e-05,4.5832e-08,1.2358331e-05,1.3024997e-05,1.3974993e-05,1.4266666e-05,1.327916e-05,1.3549996e-05,1.4345828e-05,8.724999e-06,1.4587497e-05
1,904,287.479,0.192,1.2787493e-05,1.3216662e-05,1.3583326e-05,1.3325e-05,4.5832e-08,1.3237493e-05,4.9996e-08,1.2395827e-05,1.3058328e-05,1.4008331e-05,1.4295832e-05,1.3308327e-05,1.3583326e-05,1.4374995e-05,8.754166e-06,1.4620829e-05
1,905,287.63,0.19,1.2820832e-05,1.3245829e-05,1.3608328e-05,1.3349994e-05,4.5832e-08,1.3262495e-05,4.5832e-08,1.2420829e-05,1.308333e-05,1.4037498e-05,1.4320826e-05,1.3337493e-05,1.3604164e-05,1.4399998e-05,8.770831e-06,1.4645831e-05
1,906,287.781,0.188,1.2849999e-05,1.327916e-05,1.3641659e-05,1.3387497e-05,4.166e-08,1.3299998e-05,4.166e-08,1.2458332e-05,1.3120826e-05,1.4066664e-05,1.4354166e-05,1.336666e-05,1.3641659e-05,1.4433328e-05,8.799998e-06,1.4679162e-05
1,907,287.931,0.186,1.2879165e-05,1.3308327e-05,1.3666661e-05,1.3412499e-05,4.5832e-08,1.3316663e-05,4.5832e-08,1.2479162e-05,1.3141664e-05,1.4091666e-05,1.4370831e-05,1.3391662e-05,1.3662498e-05,1.445833e-05,8.816663e-06,1.4704164e-05
1,908,288.082,0.184,1.2904159e-05,1.3337493e-05,1.3699992e-05,1.3441666e-05,4.5832e-08,1.3354166e-05,4.166e-08,1.2512493e-05,1.3174995e-05,1.4116661e-05,1.4404161e-05,1.3420829e-05,1.3695828e-05,1.4491661e-05,8.849995e-06,1.4737495e-05
1,909,288.233,0.182,1.2937498e-05,1.336666e-05,1.3729159e-05,1.3474997e-05,4.5832e-08,1.3379161e-05,4.5832e-08,1.2537495e-05,1.3199997e-05,1.4141663e-05,1.4429164e-05,1.3445831e-05,1.3716666e-05,1.45125e-05,8.86666e-06,1.4758332e-05
1,910,288.384,0.18,1.2962492e-05,1.3395826e-05,1.3758326e-05,1.3508327e-05,4.166e-08,1.3412499e-05,4.9996e-08,1.2570827e-05,1.3233328e-05,1.417083e-05,1.4454166e-05,1.3483325e-05,1.3754161e-05,1.454583e-05,8.895826e-06,1.4791663e-05
1,911,288.535,0.178,1.2991659e-05,1.3429165e-05,1.3787492e-05,1.353333e-05,4.166e-08,1.343333e-05,4.5832e-08,1.2599993e-05,1.3254165e-05,1.4199996e-05,1.4474996e-05,1.3499999e-05,1.3779163e-05,1.456666e-05,8.912491e-06,1.4816665e-05
1,912,288.686,0.176,1.3020825e-05,1.3454159e-05,1.3816659e-05,1.3562497e-05,4.166e-08,1.346666e-05,4.5832e-08,1.2629159e-05,1.3287497e-05,1.4224998e-05,1.4508327e-05,1.353333e-05,1.3804166e-05,1.4595827e-05,8.937494e-06,1.4845832e-05
1,913,288.837,0.174,1.3049992e-05,1.3483325e-05,1.3845834e-05,1.3587499e-05,4.166e-08,1.3487498e-05,4.5832e-08,1.2649997e-05,1.3308327e-05,1.4249992e-05,1.4529164e-05,1.355416e-05,1.382916e-05,1.4620829e-05,8.958332e-06,1.4874999e-05
1,914,288.987,0.172,1.3074994e-05,1.3512492e-05,1.3874999e-05,1.362083e-05,4.166e-08,1.3520829e-05,4.9996e-08,1.2683328e-05,1.3341665e-05,1.4279159e-05,1.4554159e-05,1.3587499e-05,1.3862498e-05,1.4645831e-05,8.983326e-06,1.4904165e-05
1,915,289.138,0.17,1.3104161e-05,1.3541659e-05,1.3904166e-05,1.3649996e-05,4.5832e-08,1.3545831e-05,4.5832e-08,1.270833e-05,1.3358331e-05,1.4299997e-05,1.4574996e-05,1.3608328e-05,1.3883328e-05,1.4670833e-05,9.004164e-06,1.4929159e-05
1,916,289.289,0.168,1.3137499e-05,1.3570825e-05,1.3933332e-05,1.3679162e-05,4.5832e-08,1.3574998e-05,4.5832e-08,1.2737497e-05,1.3399998e-05,1.4333327e-05,1.4604163e-05,1.3645832e-05,1.3912495e-05,1.4704164e-05,9.029166e-06,1.4958326e-05
1,917,289.44,0.166,1.3162494e-05,1.3591663e-05,1.3962499e-05,1.3704165e-05,4.5832e-08,1.36e-05,4.5832e-08,1.2758326e-05,1.3416664e-05,1.4349993e-05,1.4624993e-05,1.3662498e-05,1.3937497e-05,1.4724994e-05,9.045832e-06,1.4979164e-05
1,918,289.591,0.164,1.3187496e-05,1.3624994e-05,1.3987494e-05,1.3733332e-05,4.5832e-08,1.3624994e-05,4.5832e-08,1.2791666e-05,1.3445831e-05,1.4379159e-05,1.465416e-05,1.3691663e-05,1.3962499e-05,1.475416e-05,9.074998e-06,1.5008331e-05
1,919,289.742,0.162,1.3216662e-05,1.3649996e-05,1.401666e-05,1.3758326e-05,4.166e-08,1.365416e-05,4.5832e-08,1.2820832e-05,1.3474997e-05,1.4404161e-05,1.4670833e-05,1.3716666e-05,1.3991666e-05,1.4774998e-05,9.095827e-06,1.5037497e-05
1,920,289.892,0.16,1.3241664e-05,1.3679162e-05,1.4045827e-05,1.3791664e-05,4.5832e-08,1.3683327e-05,4.5832e-08,1.2849999e-05,1.3504164e-05,1.4433328e-05,1.4699999e-05,1.3745833e-05,1.401666e-05,1.4808329e-05,9.12083e-06,1.5074992e-05
1,921,290.043,0.158,1.3270831e-05,1.3708329e-05,1.4074993e-05,1.3820831e-05,4.5832e-08,1.3708329e-05,4.5832e-08,1.2870828e-05,1.3529166e-05,1.4449994e-05,1.4720829e-05,1.3770827e-05,1.4041662e-05,1.4829159e-05,9.133331e-06,1.509583e-05
1,922,290.194,0.156,1.3295826e-05,1.3733332e-05,1.410416e-05,1.3845834e-05,4.5832e-08,1.3737495e-05,4.5832e-08,1.2899995e-05,1.355416e-05,1.447916e-05,1.4749996e-05,1.3799993e-05,1.4066664e-05,1.4854161e-05,9.166662e-06,1.5120832e-05
1,923,290.345,0.154,1.3329164e-05,1.3762497e-05,1.4129162e-05,1.3874999e-05,4.166e-08,1.3758326e-05,4.166e-08,1.2929161e-05,1.3583326e-05,1.4504162e-05,1.4770826e-05,1.3820831e-05,1.4091666e-05,1.4883328e-05,9.179163e-06,1.5145826e-05
1,924,290.496,0.152,1.3354166e-05,1.3787492e-05,1.4162492e-05,1.3904166e-05,4.166e-08,1.3791664e-05,4.5832e-08,1.2954163e-05,1.3608328e-05,1.4533329e-05,1.4791663e-05,1.3849997e-05,1.4116661e-05,1.490833e-05,9.208329e-06,1.5174993e-05
1,925,290.647,0.15,1.3383333e-05,1.3816659e-05,1.4187495e-05,1.3929161e-05,4.5832e-08,1.3812494e-05,4.166e-08,1.2979166e-05,1.3629166e-05,1.4558331e-05,1.4812494e-05,1.3870827e-05,1.4141663e-05,1.4929159e-05,9.229159e-06,1.5199995e-05
1,926,290.798,0.148,1.3404163e-05,1.3841661e-05,1.4208333e-05,1.3949998e-05,4.166e-08,1.3837496e-05,4.5832e-08,1.300416e-05,1.3649996e-05,1.4574996e-05,1.4833331e-05,1.3895829e-05,1.4162492e-05,1.4949997e-05,9.245833e-06,1.5220833e-05
1,927,290.948,0.146,1.3429165e-05,1.3866663e-05,1.4241664e-05,1.3979165e-05,4.166e-08,1.3862498e-05,4.5832e-08,1.3029162e-05,1.3679162e-05,1.4604163e-05,1.4858325e-05,1.391666e-05,1.4195832e-05,1.4974999e-05,9.270827e-06,1.5245827e-05
1,928,291.099,0.144,1.3458332e-05,1.3895829e-05,1.4258329e-05,1.4008331e-05,4.166e-08,1.3891665e-05,4.5832e-08,1.3054164e-05,1.3699992e-05,1.4624993e-05,1.4879163e-05,1.3941662e-05,1.4212497e-05,1.499583e-05,9.287493e-06,1.5270829e-05
1,929,291.25,0.142,1.3487498e-05,1.3920831e-05,1.4295832e-05,1.4041662e-05,4.166e-08,1.391666e-05,4.5832e-08,1.3087495e-05,1.3733332e-05,1.4645831e-05,1.4899992e-05,1.3970828e-05,1.4241664e-05,1.5024996e-05,9.312495e-06,1.5299996e-05
1,930,291.401,0.14,1.3512492e-05,1.3954163e-05,1.4316663e-05,1.4058328e-05,4.166e-08,1.3937497e-05,4.166e-08,1.3108333e-05,1.3758326e-05,1.4670833e-05,1.4929159e-05,1.3991666e-05,1.4262493e-05,1.5045825e-05,9.337497e-06,1.5324998e-05
1,931,291.552,0.138,1.3541659e-05,1.3979165e-05,1.4354166e-05,1.4091666e-05,4.166e-08,1.3970828e-05,4.166e-08,1.3141664e-05,1.3791664e-05,1.4704164e-05,1.4954162e-05,1.4024997e-05,1.4295832e-05,1.5079165e-05,9.362499e-06,1.5354164e-05
1,932,291.703,0.136,1.3566661e-05,1.4008331e-05,1.4383332e-05,1.4116661e-05,4.166e-08,1.3991666e-05,4.5832e-08,1.3158329e-05,1.380833e-05,1.4720829e-05,1.4970827e-05,1.4041662e-05,1.4312498e-05,1.5091666e-05,9.379164e-06,1.5374993e-05
1,933,291.853,0.134,1.3587499e-05,1.4029161e-05,1.4404161e-05,1.4154164e-05,4.166e-08,1.4020832e-05,4.5832e-08,1.319166e-05,1.3833332e-05,1.4749996e-05,1.4999993e-05,1.4070829e-05,1.4345828e-05,1.5129161e-05,9.404159e-06,1.5404161e-05
1,934,292.004,0.132,1.3624994e-05,1.4058328e-05,1.4429164e-05,1.4174994e-05,4.5832e-08,1.4045827e-05,4.166e-08,1.3212498e-05,1.3858326e-05,1.4770826e-05,1.5020832e-05,1.4091666e-05,1.4362494e-05,1.5145826e-05,9.420832e-06,1.5429163e-05
1,935,292.155,0.13,1.3645832e-05,1.4091666e-05,1.4462495e-05,1.420416e-05,4.166e-08,1.4074993e-05,4.5832e-08,1.3245829e-05,1.3887493e-05,1.4795828e-05,1.5041661e-05,1.4120833e-05,1.4395833e-05,1.5174993e-05,9.445826e-06,1.545833e-05
1,936,292.306,0.128,1.3670826e-05,1.4112497e-05,1.4487497e-05,1.4229163e-05,4.5832e-08,1.4091666e-05,4.166e-08,1.3266659e-05,1.390833e-05,1.4816665e-05,1.5062499e-05,1.4141663e-05,1.4408326e-05,1.5195831e-05,9.458327e-06,1.5474994e-05
1,937,292.457,0.126,1.3699992e-05,1.4137499e-05,1.45125e-05,1.4258329e-05,4.166e-08,1.4120833e-05,4.5832e-08,1.3291661e-05,1.3937497e-05,1.4845832e-05,1.5087493e-05,1.417083e-05,1.4441665e-05,1.5220833e-05,9.487494e-06,1.5504162e-05
1,938,292.608,0.124,1.372083e-05,1.4162492e-05,1.4537493e-05,1.4279159e-05,4.5832e-08,1.4145828e-05,4.5832e-08,1.3316663e-05,1.3962499e-05,1.4866662e-05,1.5108331e-05,1.4191659e-05,1.4462495e-05,1.5241662e-05,9.50416e-06,1.5525e-05
1,939,292.758,0.122,1.3749996e-05,1.4195832e-05,1.456666e-05,1.4308325e-05,4.5832e-08,1.417083e-05,4.5832e-08,1.334583e-05,1.3987494e-05,1.4891664e-05,1.5133333e-05,1.4216662e-05,1.4483333e-05,1.5266665e-05,9.529162e-06,1.5554166e-05
1,940,292.909,0.12,1.3779163e-05,1.4216662e-05,1.4595827e-05,1.4337492e-05,4.166e-08,1.4195832e-05,4.5832e-08,1.336666e-05,1.4012496e-05,1.490833e-05,1.5149999e-05,1.4237499e-05,1.4508327e-05,1.5287495e-05,9.545827e-06,1.5574995e-05
1,941,293.06,0.118,1.3804166e-05,1.4245828e-05,1.4620829e-05,1.4366667e-05,4.166e-08,1.4220826e-05,4.166e-08,1.3391662e-05,1.4037498e-05,1.4937496e-05,1.5174993e-05,1.4266666e-05,1.4537493e-05,1.5316662e-05,9.574994e-06,1.5608326e-05
1,942,293.211,0.116,1.382916e-05,1.4274994e-05,1.4649995e-05,1.4383332e-05,4.166e-08,1.4245828e-05,4.166e-08,1.3416664e-05,1.4054163e-05,1.4958326e-05,1.5195831e-05,1.429166e-05,1.4558331e-05,1.5337499e-05,9.587495e-06,1.5624992e-05
1,943,293.362,0.114,1.3849997e-05,1.4295832e-05,1.4674997e-05,1.4416662e-05,3.7495e-08,1.4266666e-05,4.166e-08,1.3437494e-05,1.4087494e-05,1.4983329e-05,1.5220833e-05,1.4320826e-05,1.4583326e-05,1.5362493e-05,9.612497e-06,1.5649994e-05
1,944,293.513,0.112,1.3879164e-05,1.4320826e-05,1.4699999e-05,1.4437493e-05,4.166e-08,1.4295832e-05,4.166e-08,1.3462496e-05,1.4099995e-05,1.4999993e-05,1.5237499e-05,1.4333327e-05,1.4604163e-05,1.5383332e-05,9.629162e-06,1.5670832e-05
1,945,293.664,0.11,1.3904166e-05,1.4345828e-05,1.473333e-05,1.4466659e-05,4.5832e-08,1.4320826e-05,4.166e-08,1.3491663e-05,1.4133327e-05,1.502916e-05,1.5262493e-05,1.4362494e-05,1.463333e-05,1.5412497e-05,9.654164e-06,1.5704163e-05
1,946,293.814,0.108,1.3933332e-05,1.4366667e-05,1.475416e-05,1.4491661e-05,4.5832e-08,1.4341665e-05,4.5832e-08,1.3512492e-05,1.4154164e-05,1.5045825e-05,1.5279165e-05,1.4387496e-05,1.4649995e-05,1.5424999e-05,9.67083e-06,1.5716663e-05
1,947,293.965,0.106,1.3958327e-05,1.4399998e-05,1.4779162e-05,1.4520828e-05,3.7495e-08,1.4370831e-05,4.166e-08,1.3545831e-05,1.4179166e-05,1.5074992e-05,1.5308333e-05,1.4404161e-05,1.4674997e-05,1.5454165e-05,9.695832e-06,1.5745831e-05
1,948,294.116,0.104,1.3983329e-05,1.4425e-05,1.4804164e-05,1.4541666e-05,4.166e-08,1.4395833e-05,4.5832e-08,1.3566661e-05,1.4199996e-05,1.5091666e-05,1.5324998e-05,1.4429164e-05,1.4699999e-05,1.5474994e-05,9.712498e-06,1.576666e-05
1,949,294.267,0.102,1.4004159e-05,1.4449994e-05,1.4833331e-05,1.4570832e-05,4.166e-08,1.4416662e-05,4.166e-08,1.3595827e-05,1.4224998e-05,1.511666e-05,1.5345828e-05,1.445833e-05,1.4720829e-05,1.5495832e-05,9.7375e-06,1.5795827e-05
1,950,294.418,0.1,1.4029161e-05,1.4470832e-05,1.4858325e-05,1.4591662e-05,4.166e-08,1.4441665e-05,4.166e-08,1.3616665e-05,1.4245828e-05,1.5137498e-05,1.5366666e-05,1.4470832e-05,1.4741659e-05,1.5520827e-05,9.754165e-06,1.5812493e-05
1,951,294.569,0.098,1.4054163e-05,1.4495826e-05,1.4883328e-05,1.4620829e-05,4.166e-08,1.4462495e-05,4.166e-08,1.3641659e-05,1.4274994e-05,1.51625e-05,1.5391659e-05,1.4499999e-05,1.4770826e-05,1.5541666e-05,9.770831e-06,1.5837495e-05
1,952,294.719,0.096,1.4079165e-05,1.4520828e-05,1.4904165e-05,1.4641666e-05,3.7495e-08,1.4487497e-05,4.5832e-08,1.3658333e-05,1.429166e-05,1.5183329e-05,1.5404161e-05,1.4516663e-05,1.4787499e-05,1.5558329e-05,9.787496e-06,1.5858332e-05
1,953,294.87,0.094,1.410416e-05,1.4541666e-05,1.4929159e-05,1.4662496e-05,4.166e-08,1.4508327e-05,4.5832e-08,1.3674999e-05,1.4308325e-05,1.5195831e-05,1.5420826e-05,1.4537493e-05,1.4804164e-05,1.557916e-05,9.804161e-06,1.5874997e-05
1,954,295.021,0.092,1.4120833e-05,1.4562495e-05,1.4949997e-05,1.4687498e-05,3.7495e-08,1.4524992e-05,4.166e-08,1.3704165e-05,1.4337492e-05,1.5220833e-05,1.5445828e-05,1.4558331e-05,1.4833331e-05,1.5599999e-05,9.824999e-06,1.5899999e-05
1,955,295.172,0.09,1.4141663e-05,1.4583326e-05,1.4974999e-05,1.4708328e-05,3.7495e-08,1.454583e-05,4.5832e-08,1.372083e-05,1.4354166e-05,1.5241662e-05,1.545833e-05,1.4579161e-05,1.4845832e-05,1.5620828e-05,9.845829e-06,1.592083e-05
1,956,295.323,0.088,1.4166665e-05,1.4608328e-05,1.4999993e-05,1.4737495e-05,4.166e-08,1.4574996e-05,4.166e-08,1.3749996e-05,1.4379159e-05,1.5266665e-05,1.5483332e-05,1.4604163e-05,1.4870827e-05,1.5641666e-05,9.870831e-06,1.5949996e-05
1,957,295.474,0.086,1.4195832e-05,1.463333e-05,1.5024996e-05,1.4762497e-05,3.7495e-08,1.4591662e-05,4.5832e-08,1.3766662e-05,1.4399998e-05,1.5283331e-05,1.5499998e-05,1.4620829e-05,1.4891664e-05,1.5662496e-05,9.87916e-06,1.5966662e-05
1,958,295.625,0.084,1.4216662e-05,1.4662496e-05,1.5049998e-05,1.4783327e-05,4.166e-08,1.4620829e-05,4.5832e-08,1.3795829e-05,1.4425e-05,1.530416e-05,1.5525e-05,1.4645831e-05,1.4912494e-05,1.5687498e-05,9.899998e-06,1.5991664e-05
1,959,295.775,0.082,1.4241664e-05,1.4683326e-05,1.5074992e-05,1.4804164e-05,4.166e-08,1.4637494e-05,4.166e-08,1.3812494e-05,1.4445829e-05,1.5324998e-05,1.5541666e-05,1.4666661e-05,1.4929159e-05,1.5699998e-05,9.916663e-06,1.6004165e-05
1,960,295.926,0.08,1.4262493e-05,1.4704164e-05,1.5099994e-05,1.4833331e-05,4.166e-08,1.4658332e-05,4.5832e-08,1.3837496e-05,1.4466659e-05,1.5345828e-05,1.5562495e-05,1.4687498e-05,1.4954162e-05,1.5724992e-05,9.937493e-06,1.6033331e-05
1,961,296.077,0.078,1.429166e-05,1.4729166e-05,1.511666e-05,1.4849997e-05,4.166e-08,1.4679162e-05,3.7495e-08,1.3854162e-05,1.4483333e-05,1.535833e-05,1.5574995e-05,1.4704164e-05,1.4970827e-05,1.5741665e-05,9.954158e-06,1.6049997e-05
1,962,296.228,0.076,1.4308325e-05,1.4749996e-05,1.5145826e-05,1.4874999e-05,3.7495e-08,1.4704164e-05,4.5832e-08,1.3879164e-05,1.4508327e-05,1.5387495e-05,1.5595826e-05,1.4729166e-05,1.499583e-05,1.5762496e-05,9.970832e-06,1.6074999e-05
1,963,296.379,0.074,1.4329164e-05,1.4779162e-05,1.5166665e-05,1.4899992e-05,4.166e-08,1.4724994e-05,4.166e-08,1.3899994e-05,1.4524992e-05,1.5399997e-05,1.5608326e-05,1.4741659e-05,1.5012495e-05,1.5779162e-05,9.983333e-06,1.6091664e-05
1,964,296.53,0.072,1.435833e-05,1.4795828e-05,1.5191667e-05,1.4920831e-05,4.166e-08,1.4745831e-05,4.166e-08,1.3924996e-05,1.4554159e-05,1.5429163e-05,1.5633328e-05,1.4770826e-05,1.5037497e-05,1.5804164e-05,1.0008327e-05,1.6112495e-05
1,965,296.68,0.07,1.4379159e-05,1.482083e-05,1.5212496e-05,1.4945833e-05,4.166e-08,1.4766661e-05,4.166e-08,1.3937497e-05,1.456666e-05,1.5437499e-05,1.5649994e-05,1.4787499e-05,1.5054163e-05,1.5816664e-05,1.0024993e-05,1.6133332e-05
1,966,296.831,0.068,1.4399998e-05,1.484166e-05,1.5237499e-05,1.4966663e-05,4.166e-08,1.4787499e-05,4.166e-08,1.3966664e-05,1.4591662e-05,1.5462494e-05,1.5670832e-05,1.4808329e-05,1.5079165e-05,1.5841659e-05,1.004583e-05,1.6149997e-05
1,967,296.982,0.066,1.4420827e-05,1.4862498e-05,1.5258328e-05,1.499583e-05,4.166e-08,1.4804164e-05,4.166e-08,1.3987494e-05,1.4608328e-05,1.5483332e-05,1.5691661e-05,1.4829159e-05,1.509583e-05,1.5862497e-05,1.0058331e-05,1.6170827e-05
1,968,297.133,0.064,1.4441665e-05,1.48875e-05,1.5283331e-05,1.5012495e-05,4.166e-08,1.4829159e-05,3.3331e-08,1.4008331e-05,1.463333e-05,1.5504162e-05,1.5708327e-05,1.4849997e-05,1.511666e-05,1.5879163e-05,1.0079161e-05,1.6191665e-05
1,969,297.284,0.062,1.4466659e-05,1.490833e-05,1.5299996e-05,1.5033333e-05,4.166e-08,1.4849997e-05,4.166e-08,1.4029161e-05,1.4645831e-05,1.5516662e-05,1.5724992e-05,1.4866662e-05,1.5133333e-05,1.5895828e-05,1.0095827e-05,1.6212494e-05
1,970,297.435,0.06,1.4487497e-05,1.4929159e-05,1.5333326e-05,1.5058326e-05,4.166e-08,1.4870827e-05,4.166e-08,1.4054163e-05,1.4674997e-05,1.5545829e-05,1.5749994e-05,1.4895829e-05,1.51625e-05,1.5924994e-05,1.0120829e-05,1.6237498e-05
1,971,297.586,0.058,1.45125e-05,1.4954162e-05,1.5349991e-05,1.5083328e-05,4.166e-08,1.4891664e-05,4.166e-08,1.4070829e-05,1.4691663e-05,1.5562495e-05,1.576666e-05,1.490833e-05,1.5179166e-05,1.5937496e-05,1.013333e-05,1.6254162e-05
1,972,297.736,0.056,1.4533329e-05,1.4979164e-05,1.5374993e-05,1.5108331e-05,3.7495e-08,1.4912494e-05,4.166e-08,1.4091666e-05,1.4712493e-05,1.557916e-05,1.5783326e-05,1.4933332e-05,1.5199995e-05,1.5962498e-05,1.015416e-05,1.6279166e-05
1,973,297.887,0.054,1.4558331e-05,1.4999993e-05,1.5395832e-05,1.5124997e-05,4.5832e-08,1.4937496e-05,4.166e-08,1.4116661e-05,1.4737495e-05,1.5599999e-05,1.5799998e-05,1.4949997e-05,1.5212496e-05,1.5974998e-05,1.0166661e-05,1.6291666e-05
1,974,298.038,0.052,1.4574996e-05,1.5020832e-05,1.5416663e-05,1.5149999e-05,3.7495e-08,1.4958326e-05,4.166e-08,1.4137499e-05,1.475416e-05,1.5624992e-05,1.5824993e-05,1.4970827e-05,1.5241662e-05,1.5999993e-05,1.0183327e-05,1.6320833e-05
1,975,298.189,0.05,1.4604163e-05,1.5045825e-05,1.5445828e-05,1.5170828e-05,3.7495e-08,1.4974999e-05,4.5832e-08,1.4154164e-05,1.4770826e-05,1.5637494e-05,1.583333e-05,1.4983329e-05,1.5254163e-05,1.6012495e-05,1.0199992e-05,1.6333326e-05
1,976,298.34,0.048,1.4620829e-05,1.5062499e-05,1.5462494e-05,1.5191667e-05,4.166e-08,1.4991665e-05,4.166e-08,1.4174994e-05,1.4799993e-05,1.5654166e-05,1.5854161e-05,1.5008331e-05,1.5274994e-05,1.6033331e-05,1.0216665e-05,1.6358328e-05
1,977,298.491,0.046,1.4645831e-05,1.5087493e-05,1.5487496e-05,1.521666e-05,4.166e-08,1.5020832e-05,4.166e-08,1.4195832e-05,1.4812494e-05,1.5670832e-05,1.5870826e-05,1.5024996e-05,1.5291658e-05,1.6049997e-05,1.0233331e-05,1.6370828e-05
1,978,298.641,0.044,1.4662496e-05,1.5108331e-05,1.5512498e-05,1.5237499e-05,4.166e-08,1.5037497e-05,3.7495e-08,1.4216662e-05,1.4833331e-05,1.5691661e-05,1.5891663e-05,1.5045825e-05,1.5316662e-05,1.6070826e-05,1.0254161e-05,1.6391659e-05
1,979,298.792,0.042,1.4687498e-05,1.5129161e-05,1.5529164e-05,1.5258328e-05,3.3331e-08,1.5054163e-05,3.7495e-08,1.4233327e-05,1.4854161e-05,1.5708327e-05,1.5904165e-05,1.5066664e-05,1.5329162e-05,1.6087492e-05,1.0262497e-05,1.6416661e-05
1,980,298.943,0.04,1.4708328e-05,1.5154163e-05,1.5554166e-05,1.5279165e-05,3.7495e-08,1.5074992e-05,4.166e-08,1.4258329e-05,1.4879163e-05,1.5733329e-05,1.5929167e-05,1.5091666e-05,1.5354164e-05,1.6112495e-05,1.0287499e-05,1.6437498e-05
1,981,299.094,0.038,1.473333e-05,1.5174993e-05,1.557916e-05,1.530416e-05,3.3331e-08,1.509583e-05,3.7495e-08,1.4274994e-05,1.4891664e-05,1.5749994e-05,1.5937496e-05,1.5104159e-05,1.537083e-05,1.6129159e-05,1.0299993e-05,1.645e-05
1,982,299.245,0.036,1.4749996e-05,1.5191667e-05,1.5595826e-05,1.5312497e-05,3.7495e-08,1.5112495e-05,4.166e-08,1.429166e-05,1.490833e-05,1.5762496e-05,1.5954161e-05,1.5120832e-05,1.5383332e-05,1.6137497e-05,1.0312494e-05,1.6466665e-05
1,983,299.396,0.034,1.4766661e-05,1.5212496e-05,1.5616662e-05,1.5341664e-05,4.166e-08,1.5137498e-05,4.166e-08,1.4312498e-05,1.4933332e-05,1.5787498e-05,1.5974998e-05,1.5141662e-05,1.5408334e-05,1.6162499e-05,1.0333331e-05,1.649166e-05
1,984,299.546,0.032,1.4795828e-05,1.5233326e-05,1.5637494e-05,1.5362493e-05,3.7495e-08,1.5154163e-05,4.166e-08,1.4333327e-05,1.4945833e-05,1.5799998e-05,1.5991664e-05,1.5158327e-05,1.5420826e-05,1.6179165e-05,1.0349997e-05,1.6508333e-05
1,985,299.697,0.03,1.4812494e-05,1.5254163e-05,1.5662496e-05,1.5387495e-05,3.7495e-08,1.5174993e-05,4.166e-08,1.435833e-05,1.4966663e-05,1.5824993e-05,1.6008329e-05,1.5183329e-05,1.5445828e-05,1.6199994e-05,1.0370827e-05,1.6529162e-05
1,986,299.848,0.028,1.4833331e-05,1.5274994e-05,1.5683334e-05,1.5412497e-05,4.166e-08,1.5199995e-05,4.166e-08,1.4374995e-05,1.4987492e-05,1.5841659e-05,1.6029158e-05,1.5199995e-05,1.545833e-05,1.621666e-05,1.0383328e-05,1.6545828e-05
1,987,299.999,0.026,1.4854161e-05,1.5299996e-05,1.5704163e-05,1.5424999e-05,4.166e-08,1.5212496e-05,3.7495e-08,1.4399998e-05,1.5012495e-05,1.5862497e-05,1.604166e-05,1.521666e-05,1.547916e-05,1.6237498e-05,1.0404166e-05,1.6566666e-05
1,988,300.15,0.024,1.4879163e-05,1.5320826e-05,1.5724992e-05,1.5445828e-05,4.166e-08,1.5233326e-05,4.166e-08,1.4412499e-05,1.5024996e-05,1.5874997e-05,1.6054162e-05,1.5229161e-05,1.5495832e-05,1.6249998e-05,1.0416658e-05,1.6587495e-05
1,989,300.301,0.022,1.4899992e-05,1.5337499e-05,1.5741665e-05,1.547083e-05,3.7495e-08,1.525e-05,4.166e-08,1.4437493e-05,1.5049998e-05,1.5899999e-05,1.6079164e-05,1.5258328e-05,1.5520827e-05,1.6274993e-05,1.0437497e-05,1.6608326e-05
1,990,300.452,0.02,1.4920831e-05,1.5362493e-05,1.5770833e-05,1.5495832e-05,4.166e-08,1.5270829e-05,4.166e-08,1.4454166e-05,1.5066664e-05,1.5912494e-05,1.6091664e-05,1.5274994e-05,1.5533327e-05,1.6287493e-05,1.0449998e-05,1.6624999e-05
1,991,300.602,0.018,1.4941661e-05,1.5387495e-05,1.5787498e-05,1.5516662e-05,3.7495e-08,1.5295831e-05,4.166e-08,1.447916e-05,1.5087493e-05,1.5929167e-05,1.6112495e-05,1.5291658e-05,1.5554166e-05,1.6304159e-05,1.0470828e-05,1.6645829e-05
1,992,300.753,0.016,1.4962498e-05,1.5404161e-05,1.5812493e-05,1.5533327e-05,3.7495e-08,1.5308333e-05,3.7495e-08,1.4495826e-05,1.5104159e-05,1.5949996e-05,1.6124995e-05,1.5308333e-05,1.5574995e-05,1.6324997e-05,1.0487493e-05,1.6662494e-05
1,993,300.904,0.014,1.4983329e-05,1.5424999e-05,1.5837495e-05,1.5554166e-05,3.7495e-08,1.5333326e-05,3.7495e-08,1.45125e-05,1.5124997e-05,1.5966662e-05,1.6141661e-05,1.5329162e-05,1.5595826e-05,1.6345826e-05,1.0504166e-05,1.667916e-05
1,994,301.055,0.012,1.4999993e-05,1.5441665e-05,1.5854161e-05,1.5574995e-05,4.166e-08,1.5349991e-05,4.166e-08,1.4533329e-05,1.5137498e-05,1.5979163e-05,1.6158327e-05,1.5341664e-05,1.5608326e-05,1.6358328e-05,1.0516659e-05,1.6695833e-05
1,995,301.206,0.01,1.5020832e-05,1.5462494e-05,1.5874997e-05,1.5599999e-05,3.7495e-08,1.537083e-05,3.7495e-08,1.4549994e-05,1.51625e-05,1.6004165e-05,1.6179165e-05,1.5366666e-05,1.5633328e-05,1.6379166e-05,1.0541661e-05,1.6720827e-05
1,996,301.357,0.008,1.5049998e-05,1.5487496e-05,1.5895828e-05,1.5620828e-05,3.7495e-08,1.5391659e-05,4.166e-08,1.4570832e-05,1.5179166e-05,1.6016666e-05,1.6191665e-05,1.5379166e-05,1.564583e-05,1.6391659e-05,1.0549998e-05,1.6733329e-05
1,997,301.507,0.006,1.5066664e-05,1.5504162e-05,1.5916665e-05,1.5637494e-05,3.7495e-08,1.5408334e-05,3.7495e-08,1.4591662e-05,1.5199995e-05,1.604166e-05,1.6212494e-05,1.5399997e-05,1.5670832e-05,1.6412496e-05,1.0570828e-05,1.6758331e-05
1,998,301.658,0.004,1.5087493e-05,1.5529164e-05,1.5937496e-05,1.565833e-05,3.7495e-08,1.5420826e-05,3.7495e-08,1.4604163e-05,1.5212496e-05,1.6049997e-05,1.6224996e-05,1.5416663e-05,1.5683334e-05,1.6424998e-05,1.0579165e-05,1.6766659e-05
1,999,301.809,0.002,1.5104159e-05,1.5549993e-05,1.5962498e-05,1.5679161e-05,3.3331e-08,1.5454165e-05,4.166e-08,1.463333e-05,1.5237499e-05,1.6070826e-05,1.6241662e-05,1.5437499e-05,1.5699998e-05,1.6445827e-05,1.0599994e-05,1.6791662e-05
1,1000,301.96,0.0,1.5124997e-05,1.5566658e-05,1.5979163e-05,1.5699998e-05,4.166e-08,1.5466667e-05,4.166e-08,1.4645831e-05,1.525e-05,1.6087492e-05,1.6254162e-05,1.5449992e-05,1.5716663e-05,1.6458329e-05,1.0612495e-05,1.6804162e-05
,,,,,,,,,,,,,,,,,,,,1,0.694,0.674,0.692,0.678,0.0,0.674,0.0,0.65,0.654,0.676,0.654,0.652,0.67,0.674,0.66,0.676,0.726,0.704,0.74,0.708,0.042,0.718,0.064,0.698,0.69,0.728,0.682,0.706,0.696,0.702,0.686,0.708
2,0,302.267,0.0,1.5141662e-05,1.5574995e-05,1.5991664e-05,1.5708327e-05,4.166e-08,1.547916e-05,4.166e-08,1.4649995e-05,1.525e-05,1.6091664e-05,1.6254162e-05,1.545833e-05,1.5724992e-05,1.6462493e-05,1.061666e-05,1.6808328e-05
2,1,302.418,0.002,1.5133333e-05,1.5570831e-05,1.5983327e-05,1.5691661e-05,4.166e-08,1.5466667e-05,4.5832e-08,1.463333e-05,1.5233326e-05,1.6083328e-05,1.6237498e-05,1.5441665e-05,1.5704163e-05,1.6445827e-05,1.0599994e-05,1.6795826e-05
2,2,302.569,0.004,1.5112495e-05,1.5537493e-05,1.5954161e-05,1.5662496e-05,4.5832e-08,1.5445828e-05,4.9996e-08,1.4604163e-05,1.5204159e-05,1.6058326e-05,1.621666e-05,1.5416663e-05,1.5683334e-05,1.6420834e-05,1.0574992e-05,1.6774997e-05
2,3,302.72,0.006,1.5087493e-05,1.5512498e-05,1.593333e-05,1.5637494e-05,4.5832e-08,1.5424999e-05,4.9996e-08,1.4583326e-05,1.5183329e-05,1.604166e-05,1.6195831e-05,1.5399997e-05,1.5666659e-05,1.6404159e-05,1.0562499e-05,1.6749995e-05
2,4,302.871,0.008,1.5066664e-05,1.5487496e-05,1.5908328e-05,1.5608326e-05,5.4161e-08,1.5399997e-05,4.9996e-08,1.454583e-05,1.5154163e-05,1.6012495e-05,1.6170827e-05,1.537083e-05,1.5641666e-05,1.6379166e-05,1.0537497e-05,1.6729164e-05
2,5,303.021,0.01,1.5037497e-05,1.545833e-05,1.5883326e-05,1.5583333e-05,5.4161e-08,1.5374993e-05,5.4161e-08,1.4524992e-05,1.5133333e-05,1.5991664e-05,1.6158327e-05,1.535833e-05,1.5620828e-05,1.6362492e-05,1.052916e-05,1.6712498e-05
2,6,303.172,0.012,1.5020832e-05,1.5429163e-05,1.5858332e-05,1.5554166e-05,4.9996e-08,1.5349991e-05,5.4161e-08,1.4491661e-05,1.5104159e-05,1.5974998e-05,1.6133332e-05,1.5333326e-05,1.5599999e-05,1.6341663e-05,1.0499994e-05,1.6683332e-05
2,7,303.323,0.014,1.499583e-05,1.5408334e-05,1.583333e-05,1.5525e-05,5.4161e-08,1.5333326e-05,5.8325e-08,1.4474996e-05,1.5087493e-05,1.5954161e-05,1.610833e-05,1.5308333e-05,1.557916e-05,1.6324997e-05,1.0487493e-05,1.6670831e-05
2,8,303.474,0.016,1.4974999e-05,1.5383332e-05,1.5808328e-05,1.5504162e-05,5.8325e-08,1.5308333e-05,6.2497e-08,1.4445829e-05,1.5054163e-05,1.5929167e-05,1.6087492e-05,1.5283331e-05,1.5562495e-05,1.6299995e-05,1.0462499e-05,1.6645829e-05
2,9,303.625,0.018,1.4945833e-05,1.535833e-05,1.5783326e-05,1.547916e-05,5.8325e-08,1.5283331e-05,5.8325e-08,1.4416662e-05,1.5041661e-05,1.5908328e-05,1.6066662e-05,1.5262493e-05,1.5537493e-05,1.6283329e-05,1.0449998e-05,1.6624999e-05
2,10,303.776,0.02,1.4929159e-05,1.5333326e-05,1.5758331e-05,1.5449992e-05,5.8325e-08,1.5254163e-05,6.2497e-08,1.4387496e-05,1.5016659e-05,1.5883326e-05,1.6045833e-05,1.5237499e-05,1.5512498e-05,1.62625e-05,1.0429159e-05,1.6604161e-05
2,11,303.927,0.022,1.4899992e-05,1.5312497e-05,1.5737494e-05,1.5433327e-05,6.2497e-08,1.5237499e-05,6.2497e-08,1.4362494e-05,1.499583e-05,1.5862497e-05,1.6029158e-05,1.5220833e-05,1.5499998e-05,1.6245825e-05,1.0412495e-05,1.6583332e-05
2,12,304.077,0.024,1.4879163e-05,1.5283331e-05,1.5708327e-05,1.5404161e-05,5.8325e-08,1.5208332e-05,6.2497e-08,1.4333327e-05,1.4966663e-05,1.5837495e-05,1.6004165e-05,1.5191667e-05,1.5474994e-05,1.6220833e-05,1.0391665e-05,1.6562493e-05
2,13,304.228,0.026,1.4858325e-05,1.5262493e-05,1.5687498e-05,1.5383332e-05,6.2497e-08,1.5187494e-05,6.2497e-08,1.4312498e-05,1.4945833e-05,1.582083e-05,1.5983327e-05,1.5170828e-05,1.545833e-05,1.6204167e-05,1.0379164e-05,1.6545828e-05
2,14,304.379,0.028,1.4837496e-05,1.5237499e-05,1.5666659e-05,1.535833e-05,6.2497e-08,1.5166665e-05,6.2497e-08,1.4287496e-05,1.4920831e-05,1.5799998e-05,1.5958332e-05,1.5145826e-05,1.5433327e-05,1.6179165e-05,1.0358325e-05,1.6520826e-05
2,15,304.53,0.03,1.4808329e-05,1.521666e-05,1.5641666e-05,1.5333326e-05,6.6662e-08,1.5145826e-05,6.6662e-08,1.4262493e-05,1.4904165e-05,1.5783326e-05,1.594166e-05,1.5129161e-05,1.5420826e-05,1.6166663e-05,1.0337496e-05,1.650416e-05
2,16,304.681,0.032,1.4791663e-05,1.5191667e-05,1.5620828e-05,1.5308333e-05,6.6662e-08,1.5124997e-05,6.6662e-08,1.4237499e-05,1.4874999e-05,1.5758331e-05,1.592083e-05,1.5104159e-05,1.5391659e-05,1.6141661e-05,1.032083e-05,1.6474994e-05
2,17,304.832,0.034,1.4766661e-05,1.5170828e-05,1.559166e-05,1.5283331e-05,6.6662e-08,1.5099994e-05,7.0826e-08,1.4212497e-05,1.4854161e-05,1.5737494e-05,1.5899999e-05,1.5083328e-05,1.5374993e-05,1.6129159e-05,1.0304165e-05,1.6462493e-05
2,18,304.982,0.036,1.4745831e-05,1.5145826e-05,1.5570831e-05,1.5258328e-05,6.6662e-08,1.5074992e-05,7.4999e-08,1.4183331e-05,1.4829159e-05,1.57125e-05,1.5874997e-05,1.5058326e-05,1.5349991e-05,1.609583e-05,1.0279163e-05,1.6437498e-05
2,19,305.133,0.038,1.4724994e-05,1.511666e-05,1.5541666e-05,1.5233326e-05,6.6662e-08,1.5054163e-05,7.0826e-08,1.4162492e-05,1.4812494e-05,1.5699998e-05,1.5858332e-05,1.5041661e-05,1.5337499e-05,1.6083328e-05,1.0270826e-05,1.6420834e-05
2,20,305.284,0.04,1.4708328e-05,1.5104159e-05,1.5525e-05,1.5220833e-05,6.6662e-08,1.5033333e-05,6.6662e-08,1.4137499e-05,1.4795828e-05,1.5679161e-05,1.5841659e-05,1.5020832e-05,1.5316662e-05,1.6066662e-05,1.0249996e-05,1.6404159e-05
2,21,305.435,0.042,1.4683326e-05,1.5074992e-05,1.5504162e-05,1.5191667e-05,6.6662e-08,1.5008331e-05,6.6662e-08,1.4112497e-05,1.4766661e-05,1.5654166e-05,1.582083e-05,1.499583e-05,1.5291658e-05,1.6037497e-05,1.0224994e-05,1.6374994e-05
2,22,305.586,0.044,1.4658332e-05,1.5054163e-05,1.547916e-05,1.5166665e-05,6.6662e-08,1.4987492e-05,7.0826e-08,1.4087494e-05,1.4745831e-05,1.5633328e-05,1.5799998e-05,1.4974999e-05,1.5274994e-05,1.6024995e-05,1.0212493e-05,1.6358328e-05
2,23,305.737,0.046,1.4637494e-05,1.502916e-05,1.5449992e-05,1.5141662e-05,7.0826e-08,1.4962498e-05,7.0826e-08,1.4062492e-05,1.4720829e-05,1.5612499e-05,1.5779162e-05,1.4954162e-05,1.5254163e-05,1.5999993e-05,1.0187498e-05,1.6333326e-05
2,24,305.888,0.048,1.4616664e-05,1.5008331e-05,1.5424999e-05,1.5120832e-05,6.6662e-08,1.4945833e-05,7.0826e-08,1.4037498e-05,1.4695827e-05,1.5587497e-05,1.576666e-05,1.4933332e-05,1.5237499e-05,1.5983327e-05,1.0179162e-05,1.6312495e-05
2,25,306.038,0.05,1.4587497e-05,1.4974999e-05,1.5404161e-05,1.5087493e-05,7.0826e-08,1.4916666e-05,7.4999e-08,1.4012496e-05,1.4674997e-05,1.5566658e-05,1.5737494e-05,1.490833e-05,1.5212496e-05,1.5958332e-05,1.015416e-05,1.6291666e-05
2,26,306.189,0.052,1.4562495e-05,1.4958326e-05,1.5383332e-05,1.5070827e-05,7.0826e-08,1.4895829e-05,7.4999e-08,1.3983329e-05,1.4658332e-05,1.5549993e-05,1.5720829e-05,1.48875e-05,1.5191667e-05,1.594166e-05,1.0137494e-05,1.6279166e-05
2,27,306.34,0.054,1.454583e-05,1.4933332e-05,1.535833e-05,1.5049998e-05,7.0826e-08,1.4870827e-05,7.4999e-08,1.3954163e-05,1.4629165e-05,1.5525e-05,1.5695827e-05,1.4862498e-05,1.5166665e-05,1.5912494e-05,1.0116664e-05,1.6249998e-05
2,28,306.491,0.056,1.4520828e-05,1.490833e-05,1.5333326e-05,1.5024996e-05,7.4999e-08,1.4849997e-05,7.4999e-08,1.3937497e-05,1.46125e-05,1.5499998e-05,1.5679161e-05,1.484166e-05,1.5154163e-05,1.5899999e-05,1.0099999e-05,1.622916e-05
2,29,306.642,0.058,1.4499999e-05,1.48875e-05,1.5308333e-05,1.499583e-05,7.9163e-08,1.4824995e-05,7.4999e-08,1.390833e-05,1.4583326e-05,1.547916e-05,1.5654166e-05,1.4816665e-05,1.5124997e-05,1.5874997e-05,1.0079161e-05,1.6204167e-05
2,30,306.793,0.06,1.4474996e-05,1.4866662e-05,1.5287495e-05,1.4974999e-05,7.4999e-08,1.4804164e-05,7.4999e-08,1.3887493e-05,1.4570832e-05,1.5466667e-05,1.5641666e-05,1.4799993e-05,1.5108331e-05,1.5858332e-05,1.0062496e-05,1.6187492e-05
2,31,306.943,0.062,1.4454166e-05,1.4837496e-05,1.5262493e-05,1.4949997e-05,7.4999e-08,1.4779162e-05,7.9163e-08,1.3858326e-05,1.4541666e-05,1.5441665e-05,1.5616662e-05,1.4770826e-05,1.5079165e-05,1.5829166e-05,1.0037494e-05,1.6158327e-05
2,32,307.094,0.064,1.4429164e-05,1.4812494e-05,1.5237499e-05,1.4924995e-05,7.4999e-08,1.4758332e-05,7.9163e-08,1.3833332e-05,1.4516663e-05,1.5420826e-05,1.5595826e-05,1.475416e-05,1.5066664e-05,1.5816664e-05,1.0024993e-05,1.6141661e-05
2,33,307.245,0.066,1.4412499e-05,1.4791663e-05,1.5212496e-05,1.4899992e-05,7.4999e-08,1.473333e-05,7.9163e-08,1.3804166e-05,1.4495826e-05,1.5391659e-05,1.5570831e-05,1.4729166e-05,1.5037497e-05,1.5791662e-05,1.0004163e-05,1.6116659e-05
2,34,307.396,0.068,1.4383332e-05,1.4766661e-05,1.5191667e-05,1.4874999e-05,7.9163e-08,1.4712493e-05,7.9163e-08,1.3783328e-05,1.4474996e-05,1.5374993e-05,1.5558329e-05,1.4712493e-05,1.5020832e-05,1.5774996e-05,9.983333e-06,1.6104166e-05
2,35,307.547,0.07,1.4366667e-05,1.4745831e-05,1.5166665e-05,1.4849997e-05,7.9163e-08,1.4687498e-05,7.9163e-08,1.3762497e-05,1.4454166e-05,1.5354164e-05,1.5537493e-05,1.4687498e-05,1.4999993e-05,1.575416e-05,9.962495e-06,1.6079164e-05
2,36,307.698,0.072,1.4345828e-05,1.4720829e-05,1.5145826e-05,1.4833331e-05,7.9163e-08,1.4670833e-05,7.9163e-08,1.3737495e-05,1.4433328e-05,1.5337499e-05,1.5520827e-05,1.4670833e-05,1.4983329e-05,1.5737494e-05,9.949994e-06,1.6058326e-05
2,37,307.848,0.074,1.4320826e-05,1.4699999e-05,1.5120832e-05,1.4808329e-05,7.9163e-08,1.4645831e-05,7.9163e-08,1.3708329e-05,1.4404161e-05,1.5316662e-05,1.549166e-05,1.4645831e-05,1.4958326e-05,1.5708327e-05,9.924992e-06,1.6033331e-05
2,38,307.999,0.076,1.4295832e-05,1.4674997e-05,1.509583e-05,1.4783327e-05,7.9163e-08,1.4624993e-05,7.9163e-08,1.36875e-05,1.4387496e-05,1.5295831e-05,1.547083e-05,1.4620829e-05,1.4941661e-05,1.5691661e-05,9.908326e-06,1.6016666e-05
2,39,308.15,0.078,1.4274994e-05,1.465416e-05,1.5070827e-05,1.4758332e-05,7.9163e-08,1.4599998e-05,7.9163e-08,1.3658333e-05,1.4362494e-05,1.5274994e-05,1.5449992e-05,1.4595827e-05,1.4912494e-05,1.5666659e-05,9.891661e-06,1.59875e-05
2,40,308.301,0.08,1.4254165e-05,1.4624993e-05,1.5049998e-05,1.4737495e-05,7.9163e-08,1.4579161e-05,8.3327e-08,1.3633331e-05,1.4337492e-05,1.5254163e-05,1.5433327e-05,1.4579161e-05,1.4899992e-05,1.5649994e-05,9.874995e-06,1.5970827e-05
2,41,308.452,0.082,1.4224998e-05,1.4604163e-05,1.5020832e-05,1.4708328e-05,8.3327e-08,1.4549994e-05,7.9163e-08,1.3604164e-05,1.4312498e-05,1.5224997e-05,1.5412497e-05,1.454583e-05,1.4870827e-05,1.5620828e-05,9.849993e-06,1.5945832e-05
2,42,308.603,0.084,1.420416e-05,1.4583326e-05,1.4999993e-05,1.4687498e-05,8.3327e-08,1.4529164e-05,8.3327e-08,1.3587499e-05,1.429166e-05,1.521666e-05,1.5391659e-05,1.4533329e-05,1.4858325e-05,1.5608326e-05,9.837492e-06,1.5924994e-05
2,43,308.754,0.086,1.4187495e-05,1.4554159e-05,1.4974999e-05,1.4658332e-05,8.3327e-08,1.4504162e-05,8.3327e-08,1.3558332e-05,1.427083e-05,1.5183329e-05,1.5366666e-05,1.4508327e-05,1.4829159e-05,1.557916e-05,9.816663e-06,1.5904165e-05
2,44,308.904,0.088,1.4158329e-05,1.4537493e-05,1.4949997e-05,1.4637494e-05,7.9163e-08,1.4487497e-05,7.9163e-08,1.353333e-05,1.4249992e-05,1.5166665e-05,1.5349991e-05,1.4487497e-05,1.4804164e-05,1.5562495e-05,9.799997e-06,1.5883326e-05
2,45,309.055,0.09,1.4133327e-05,1.4508327e-05,1.4924995e-05,1.46125e-05,7.9163e-08,1.4462495e-05,8.7492e-08,1.3508327e-05,1.4220826e-05,1.5145826e-05,1.5333326e-05,1.445833e-05,1.4783327e-05,1.5537493e-05,9.774994e-06,1.5858332e-05
2,46,309.206,0.092,1.4112497e-05,1.4483333e-05,1.4904165e-05,1.4591662e-05,8.3327e-08,1.4437493e-05,8.3327e-08,1.3487498e-05,1.420416e-05,1.5124997e-05,1.5308333e-05,1.4445829e-05,1.4762497e-05,1.5516662e-05,9.75833e-06,1.5837495e-05
2,47,309.357,0.094,1.4091666e-05,1.445833e-05,1.4874999e-05,1.4562495e-05,8.7492e-08,1.4416662e-05,8.3327e-08,1.3454159e-05,1.4179166e-05,1.509583e-05,1.5283331e-05,1.4412499e-05,1.4741659e-05,1.5495832e-05,9.7375e-06,1.5808328e-05
2,48,309.508,0.096,1.4062492e-05,1.4437493e-05,1.4854161e-05,1.4541666e-05,8.3327e-08,1.4387496e-05,8.3327e-08,1.3429165e-05,1.4154164e-05,1.5083328e-05,1.5266665e-05,1.4395833e-05,1.4720829e-05,1.5474994e-05,9.720826e-06,1.5795827e-05
2,49,309.659,0.098,1.4045827e-05,1.4420827e-05,1.4833331e-05,1.4516663e-05,8.3327e-08,1.4374995e-05,8.3327e-08,1.3412499e-05,1.4137499e-05,1.5062499e-05,1.5254163e-05,1.4379159e-05,1.4699999e-05,1.5454165e-05,9.704161e-06,1.5770833e-05
2,50,309.809,0.1,1.4024997e-05,1.439166e-05,1.4808329e-05,1.4491661e-05,8.3327e-08,1.4341665e-05,8.7492e-08,1.3379161e-05,1.4112497e-05,1.5037497e-05,1.5224997e-05,1.4354166e-05,1.4674997e-05,1.5433327e-05,9.683331e-06,1.5749994e-05
2,51,309.96,0.102,1.3999995e-05,1.4366667e-05,1.4783327e-05,1.4470832e-05,8.3327e-08,1.4324999e-05,8.7492e-08,1.3362495e-05,1.4095831e-05,1.5020832e-05,1.5208332e-05,1.4337492e-05,1.4658332e-05,1.5412497e-05,9.666665e-06,1.5729165e-05
2,52,310.111,0.104,1.3974993e-05,1.4345828e-05,1.4758332e-05,1.4445829e-05,8.7492e-08,1.4299997e-05,8.7492e-08,1.3333329e-05,1.4062492e-05,1.4991665e-05,1.5183329e-05,1.4308325e-05,1.4629165e-05,1.5383332e-05,9.641663e-06,1.5699998e-05
2,53,310.262,0.106,1.3945826e-05,1.4316663e-05,1.4729166e-05,1.4416662e-05,8.3327e-08,1.4274994e-05,8.3327e-08,1.3304162e-05,1.4041662e-05,1.4966663e-05,1.51625e-05,1.4287496e-05,1.4608328e-05,1.5366666e-05,9.620825e-06,1.5683334e-05
2,54,310.413,0.108,1.3929161e-05,1.429166e-05,1.4699999e-05,1.4387496e-05,8.3327e-08,1.4245828e-05,8.7492e-08,1.3274996e-05,1.4012496e-05,1.4949997e-05,1.5133333e-05,1.4258329e-05,1.4579161e-05,1.5337499e-05,9.595831e-06,1.5649994e-05
2,55,310.564,0.11,1.3904166e-05,1.4266666e-05,1.4679162e-05,1.435833e-05,8.7492e-08,1.4224998e-05,8.3327e-08,1.325833e-05,1.399583e-05,1.4924995e-05,1.5120832e-05,1.4241664e-05,1.4562495e-05,1.5320826e-05,9.58333e-06,1.5633328e-05
2,56,310.715,0.112,1.3879164e-05,1.4241664e-05,1.465416e-05,1.4337492e-05,8.7492e-08,1.4199996e-05,8.7492e-08,1.3224999e-05,1.3962499e-05,1.4899992e-05,1.509583e-05,1.4212497e-05,1.4533329e-05,1.5291658e-05,9.554164e-06,1.5604162e-05
2,57,310.865,0.114,1.3854162e-05,1.4212497e-05,1.4629165e-05,1.4316663e-05,8.3327e-08,1.4174994e-05,9.1664e-08,1.3204161e-05,1.3945826e-05,1.4879163e-05,1.5074992e-05,1.4191659e-05,1.4516663e-05,1.5274994e-05,9.537498e-06,1.5583333e-05
2,58,311.016,0.116,1.382916e-05,1.4187495e-05,1.4604163e-05,1.4287496e-05,8.7492e-08,1.415e-05,8.7492e-08,1.317083e-05,1.3912495e-05,1.4854161e-05,1.5049998e-05,1.4162492e-05,1.4491661e-05,1.525e-05,9.516661e-06,1.5558329e-05
2,59,311.167,0.118,1.3804166e-05,1.4166665e-05,1.4570832e-05,1.4262493e-05,8.3327e-08,1.4129162e-05,8.7492e-08,1.3149993e-05,1.3891665e-05,1.4837496e-05,1.502916e-05,1.4141663e-05,1.4470832e-05,1.5224997e-05,9.491666e-06,1.5537493e-05
2,60,311.318,0.12,1.3779163e-05,1.4137499e-05,1.454583e-05,1.4237499e-05,8.3327e-08,1.4095831e-05,8.3327e-08,1.3116662e-05,1.3862498e-05,1.4804164e-05,1.5004166e-05,1.4112497e-05,1.4437493e-05,1.5195831e-05,9.470828e-06,1.5504162e-05
2,61,311.469,0.122,1.3745833e-05,1.4108332e-05,1.4520828e-05,1.4208333e-05,8.3327e-08,1.4070829e-05,9.1664e-08,1.309166e-05,1.3837496e-05,1.4787499e-05,1.4987492e-05,1.4091666e-05,1.4420827e-05,1.5179166e-05,9.454163e-06,1.5487496e-05
2,62,311.62,0.124,1.3733332e-05,1.408333e-05,1.4491661e-05,1.4179166e-05,8.7492e-08,1.4054163e-05,9.1664e-08,1.3066665e-05,1.3812494e-05,1.4762497e-05,1.4962498e-05,1.4066664e-05,1.4395833e-05,1.5149999e-05,9.433325e-06,1.545833e-05
2,63,311.77,0.126,1.3699992e-05,1.4058328e-05,1.4466659e-05,1.4154164e-05,8.7492e-08,1.4029161e-05,8.7492e-08,1.3045827e-05,1.3791664e-05,1.4737495e-05,1.4937496e-05,1.4045827e-05,1.4374995e-05,1.5129161e-05,9.412495e-06,1.5437499e-05
2,64,311.921,0.128,1.3679162e-05,1.4033326e-05,1.4437493e-05,1.4124998e-05,8.7492e-08,1.3999995e-05,9.1664e-08,1.3012496e-05,1.3766662e-05,1.4712493e-05,1.4916666e-05,1.401666e-05,1.4349993e-05,1.5099994e-05,9.391665e-06,1.5408334e-05
2,65,312.072,0.13,1.365416e-05,1.4012496e-05,1.4412499e-05,1.410416e-05,8.7492e-08,1.3979165e-05,9.1664e-08,1.298333e-05,1.3745833e-05,1.4691663e-05,1.4891664e-05,1.3991666e-05,1.4324999e-05,1.5079165e-05,9.370828e-06,1.5387495e-05
2,66,312.223,0.132,1.3629166e-05,1.3979165e-05,1.4387496e-05,1.4074993e-05,8.7492e-08,1.3945826e-05,9.1664e-08,1.2958328e-05,1.3716666e-05,1.4662496e-05,1.4866662e-05,1.3966664e-05,1.4295832e-05,1.5054163e-05,9.349998e-06,1.535833e-05
2,67,312.374,0.134,1.3604164e-05,1.3954163e-05,1.4362494e-05,1.4049999e-05,8.7492e-08,1.3929161e-05,9.1664e-08,1.2937498e-05,1.3695828e-05,1.4645831e-05,1.4849997e-05,1.3949998e-05,1.4279159e-05,1.5033333e-05,9.333332e-06,1.5341664e-05
2,68,312.525,0.136,1.3583326e-05,1.3933332e-05,1.4333327e-05,1.4024997e-05,9.1664e-08,1.3899994e-05,9.1664e-08,1.2899995e-05,1.3662498e-05,1.4616664e-05,1.482083e-05,1.391666e-05,1.4249992e-05,1.5008331e-05,9.304166e-06,1.5308333e-05
2,69,312.676,0.138,1.3549996e-05,1.390833e-05,1.4312498e-05,1.399583e-05,9.1664e-08,1.3874999e-05,9.1664e-08,1.2879165e-05,1.3641659e-05,1.4595827e-05,1.4799993e-05,1.3895829e-05,1.4229163e-05,1.4987492e-05,9.287493e-06,1.5287495e-05
2,70,312.826,0.14,1.3524993e-05,1.3879164e-05,1.4283331e-05,1.3970828e-05,9.5828e-08,1.3849997e-05,9.5828e-08,1.2845826e-05,1.3612493e-05,1.4570832e-05,1.4770826e-05,1.3866663e-05,1.4199996e-05,1.4954162e-05,9.262498e-06,1.5262493e-05
2,71,312.977,0.142,1.3499999e-05,1.3849997e-05,1.4254165e-05,1.3941662e-05,9.1664e-08,1.3824995e-05,9.5828e-08,1.2820832e-05,1.3591663e-05,1.4549994e-05,1.4758332e-05,1.3845834e-05,1.4179166e-05,1.4937496e-05,9.24166e-06,1.5241662e-05
2,72,313.128,0.144,1.3470833e-05,1.3820831e-05,1.4224998e-05,1.3912495e-05,9.1664e-08,1.3795829e-05,9.5828e-08,1.2787493e-05,1.3558332e-05,1.4520828e-05,1.4724994e-05,1.3816659e-05,1.415e-05,1.4904165e-05,9.212494e-06,1.5204159e-05
2,73,313.279,0.146,1.3445831e-05,1.3791664e-05,1.4195832e-05,1.3887493e-05,9.5828e-08,1.3770827e-05,9.1664e-08,1.2762499e-05,1.353333e-05,1.4508327e-05,1.4704164e-05,1.3795829e-05,1.4129162e-05,1.48875e-05,9.199993e-06,1.5187494e-05
2,74,313.43,0.148,1.3424992e-05,1.3770827e-05,1.417083e-05,1.3858326e-05,9.1664e-08,1.374166e-05,9.5828e-08,1.2737497e-05,1.3508327e-05,1.447916e-05,1.4679162e-05,1.3766662e-05,1.410416e-05,1.4858325e-05,9.174999e-06,1.51625e-05
2,75,313.581,0.15,1.3399998e-05,1.374166e-05,1.4145828e-05,1.382916e-05,9.1664e-08,1.372083e-05,9.5828e-08,1.2712495e-05,1.3487498e-05,1.4449994e-05,1.4658332e-05,1.3745833e-05,1.4074993e-05,1.4837496e-05,9.158325e-06,1.5133333e-05
2,76,313.731,0.152,1.3370832e-05,1.3716666e-05,1.4120833e-05,1.380833e-05,9.1664e-08,1.3691663e-05,9.1664e-08,1.2687492e-05,1.3462496e-05,1.4433328e-05,1.4645831e-05,1.3724994e-05,1.4058328e-05,1.4816665e-05,9.14166e-06,1.5112495e-05
2,77,313.882,0.154,1.3349994e-05,1.3691663e-05,1.4091666e-05,1.3783328e-05,9.5828e-08,1.3670826e-05,9.5828e-08,1.2658325e-05,1.343333e-05,1.4404161e-05,1.4616664e-05,1.3695828e-05,1.4024997e-05,1.4783327e-05,9.116666e-06,1.5083328e-05
2,78,314.033,0.156,1.3320828e-05,1.3666661e-05,1.4062492e-05,1.3754161e-05,9.5828e-08,1.3649996e-05,9.5828e-08,1.2633332e-05,1.3412499e-05,1.4387496e-05,1.4595827e-05,1.3679162e-05,1.4008331e-05,1.4766661e-05,9.099992e-06,1.5062499e-05
2,79,314.184,0.158,1.3295826e-05,1.3637495e-05,1.4037498e-05,1.372083e-05,9.1664e-08,1.3616665e-05,9.5828e-08,1.2604165e-05,1.3387497e-05,1.435833e-05,1.456666e-05,1.3645832e-05,1.3979165e-05,1.4737495e-05,9.070825e-06,1.502916e-05
2,80,314.335,0.16,1.3270831e-05,1.3612493e-05,1.4008331e-05,1.3699992e-05,9.1664e-08,1.3591663e-05,9.1664e-08,1.2574998e-05,1.3362495e-05,1.4333327e-05,1.454583e-05,1.3616665e-05,1.3954163e-05,1.4712493e-05,9.049996e-06,1.5008331e-05
2,81,314.486,0.162,1.3241664e-05,1.3579162e-05,1.3974993e-05,1.3662498e-05,9.5828e-08,1.3562497e-05,9.1664e-08,1.254166e-05,1.3325e-05,1.4304161e-05,1.4516663e-05,1.3587499e-05,1.3924996e-05,1.4679162e-05,9.024993e-06,1.4974999e-05
2,82,314.636,0.164,1.3216662e-05,1.355416e-05,1.3949998e-05,1.3641659e-05,9.5828e-08,1.3541659e-05,9.5828e-08,1.252083e-05,1.3308327e-05,1.4283331e-05,1.4495826e-05,1.3562497e-05,1.3904166e-05,1.4662496e-05,9.008329e-06,1.4954162e-05
2,83,314.787,0.166,1.319166e-05,1.3520829e-05,1.3920831e-05,1.3608328e-05,9.5828e-08,1.3508327e-05,9.9993e-08,1.2487499e-05,1.3274996e-05,1.4254165e-05,1.4466659e-05,1.353333e-05,1.3870827e-05,1.4629165e-05,8.979162e-06,1.4920831e-05
2,84,314.938,0.168,1.3158329e-05,1.3499999e-05,1.3895829e-05,1.3583326e-05,9.1664e-08,1.3487498e-05,9.5828e-08,1.2462497e-05,1.3254165e-05,1.4233327e-05,1.4449994e-05,1.3516665e-05,1.3858326e-05,1.46125e-05,8.962496e-06,1.4904165e-05
2,85,315.089,0.17,1.3137499e-05,1.3470833e-05,1.3866663e-05,1.3549996e-05,9.5828e-08,1.3458332e-05,9.5828e-08,1.2429166e-05,1.3216662e-05,1.4199996e-05,1.4420827e-05,1.3483325e-05,1.3824995e-05,1.4574996e-05,8.93333e-06,1.4866662e-05
2,86,315.24,0.172,1.3104161e-05,1.3441666e-05,1.3833332e-05,1.3529166e-05,9.5828e-08,1.343333e-05,9.5828e-08,1.2404163e-05,1.3195832e-05,1.4183331e-05,1.4399998e-05,1.3462496e-05,1.3799993e-05,1.4558331e-05,8.920829e-06,1.4849997e-05
2,87,315.391,0.174,1.308333e-05,1.3416664e-05,1.380833e-05,1.3495826e-05,9.5828e-08,1.3399998e-05,9.5828e-08,1.2370832e-05,1.3162494e-05,1.415e-05,1.4370831e-05,1.343333e-05,1.3774999e-05,1.4529164e-05,8.887498e-06,1.4816665e-05
2,88,315.542,0.176,1.3054164e-05,1.3387497e-05,1.3783328e-05,1.3470833e-05,9.5828e-08,1.3379161e-05,9.5828e-08,1.2349995e-05,1.3145828e-05,1.4129162e-05,1.4354166e-05,1.3412499e-05,1.3749996e-05,1.4504162e-05,8.870832e-06,1.4795828e-05
2,89,315.692,0.178,1.3024997e-05,1.3358331e-05,1.3749996e-05,1.3437494e-05,9.5828e-08,1.3349994e-05,9.5828e-08,1.2320828e-05,1.3116662e-05,1.410416e-05,1.4324999e-05,1.3379161e-05,1.372083e-05,1.447916e-05,8.84583e-06,1.4766661e-05
2,90,315.843,0.18,1.2999995e-05,1.3333329e-05,1.3724994e-05,1.3420829e-05,9.5828e-08,1.3329164e-05,9.9993e-08,1.2291662e-05,1.309166e-05,1.408333e-05,1.4304161e-05,1.3358331e-05,1.3695828e-05,1.4454166e-05,8.829164e-06,1.4741659e-05
2,91,315.994,0.182,1.2974993e-05,1.3299998e-05,1.3691663e-05,1.3383333e-05,9.5828e-08,1.3295826e-05,9.9993e-08,1.2258331e-05,1.3058328e-05,1.4054163e-05,1.4274994e-05,1.3329164e-05,1.3662498e-05,1.4420827e-05,8.799998e-06,1.4708328e-05
2,92,316.145,0.184,1.2945827e-05,1.3274996e-05,1.3666661e-05,1.3358331e-05,9.5828e-08,1.3270831e-05,9.5828e-08,1.2233329e-05,1.3033326e-05,1.4024997e-05,1.4254165e-05,1.3299998e-05,1.3641659e-05,1.4395833e-05,8.783332e-06,1.4687498e-05
2,93,316.296,0.186,1.291666e-05,1.3245829e-05,1.3633331e-05,1.3320828e-05,9.5828e-08,1.3241664e-05,9.9993e-08,1.2199998e-05,1.300416e-05,1.399583e-05,1.4224998e-05,1.3270831e-05,1.3608328e-05,1.4362494e-05,8.754166e-06,1.4658332e-05
2,94,316.447,0.188,1.2891666e-05,1.3220827e-05,1.3604164e-05,1.3299998e-05,9.9993e-08,1.3216662e-05,9.9993e-08,1.2174995e-05,1.2979166e-05,1.3974993e-05,1.420416e-05,1.3249994e-05,1.3591663e-05,1.4345828e-05,8.737493e-06,1.463333e-05
2,95,316.597,0.19,1.2866664e-05,1.3187496e-05,1.3574998e-05,1.3270831e-05,9.9993e-08,1.3187496e-05,9.9993e-08,1.2141665e-05,1.2945827e-05,1.3945826e-05,1.417083e-05,1.3212498e-05,1.355416e-05,1.4312498e-05,8.704162e-06,1.4599998e-05
2,96,316.748,0.192,1.2837498e-05,1.3162494e-05,1.3545831e-05,1.3237493e-05,9.5828e-08,1.3162494e-05,9.9993e-08,1.2116662e-05,1.2924997e-05,1.3924996e-05,1.4154164e-05,1.3187496e-05,1.3537494e-05,1.429166e-05,8.687496e-06,1.4570832e-05
2,97,316.899,0.194,1.2812495e-05,1.3129163e-05,1.3516665e-05,1.3199997e-05,9.9993e-08,1.3124998e-05,9.9993e-08,1.2079159e-05,1.2887494e-05,1.3891665e-05,1.4116661e-05,1.3158329e-05,1.3499999e-05,1.4254165e-05,8.662494e-06,1.4541666e-05
2,98,317.05,0.196,1.2779165e-05,1.3099996e-05,1.3483325e-05,1.3179159e-05,9.9993e-08,1.3099996e-05,1.04165e-07,1.2062494e-05,1.28625e-05,1.3866663e-05,1.4095831e-05,1.3137499e-05,1.3479162e-05,1.4233327e-05,8.645829e-06,1.4516663e-05
2,99,317.201,0.198,1.2749998e-05,1.3070829e-05,1.3454159e-05,1.3141664e-05,9.5828e-08,1.3070829e-05,9.5828e-08,1.2024999e-05,1.2833333e-05,1.3841661e-05,1.4066664e-05,1.3108333e-05,1.3449995e-05,1.4199996e-05,8.612497e-06,1.4483333e-05
2,100,317.352,0.2,1.2724996e-05,1.3041663e-05,1.3429165e-05,1.3116662e-05,9.9993e-08,1.3049992e-05,9.9993e-08,1.1999997e-05,1.2812495e-05,1.3816659e-05,1.4045827e-05,1.3079167e-05,1.3424992e-05,1.4179166e-05,8.595832e-06,1.4462495e-05
2,101,317.503,0.202,1.2695829e-05,1.3016661e-05,1.3391662e-05,1.3087495e-05,9.5828e-08,1.3016661e-05,9.5828e-08,1.1962493e-05,1.2774992e-05,1.3779163e-05,1.401666e-05,1.3049992e-05,1.3391662e-05,1.4145828e-05,8.57083e-06,1.4425e-05
2,102,317.653,0.204,1.2666663e-05,1.298333e-05,1.3362495e-05,1.3058328e-05,9.9993e-08,1.2991659e-05,9.9993e-08,1.1941664e-05,1.2754163e-05,1.3758326e-05,1.3991666e-05,1.3024997e-05,1.3370832e-05,1.4124998e-05,8.549992e-06,1.4399998e-05
2,103,317.804,0.206,1.2641661e-05,1.2962492e-05,1.3337493e-05,1.3037499e-05,9.9993e-08,1.2974993e-05,9.9993e-08,1.1916662e-05,1.272916e-05,1.3737495e-05,1.3974993e-05,1.2999995e-05,1.334583e-05,1.4099995e-05,8.529162e-06,1.4374995e-05
2,104,317.955,0.208,1.2616666e-05,1.2929161e-05,1.3312499e-05,1.300416e-05,9.9993e-08,1.2941662e-05,9.9993e-08,1.188333e-05,1.2699993e-05,1.3712493e-05,1.3945826e-05,1.2970829e-05,1.3320828e-05,1.4070829e-05,8.508333e-06,1.4345828e-05
2,105,318.106,0.21,1.2587499e-05,1.2904159e-05,1.3287497e-05,1.2979166e-05,9.5828e-08,1.2920833e-05,9.9993e-08,1.1858328e-05,1.2679164e-05,1.3691663e-05,1.3924996e-05,1.2949999e-05,1.3295826e-05,1.4049999e-05,8.48333e-06,1.4324999e-05
2,106,318.257,0.212,1.2562497e-05,1.2874993e-05,1.3249994e-05,1.2945827e-05,9.5828e-08,1.2887494e-05,9.9993e-08,1.1820833e-05,1.2641661e-05,1.365416e-05,1.3891665e-05,1.2912496e-05,1.325833e-05,1.4012496e-05,8.458328e-06,1.4287496e-05
2,107,318.408,0.214,1.2529159e-05,1.2845826e-05,1.3224999e-05,1.291666e-05,9.5828e-08,1.28625e-05,9.9993e-08,1.1795831e-05,1.2616666e-05,1.3633331e-05,1.3870827e-05,1.2887494e-05,1.3233328e-05,1.3987494e-05,8.437499e-06,1.4266666e-05
2,108,318.558,0.216,1.2504164e-05,1.2812495e-05,1.319166e-05,1.2883329e-05,9.5828e-08,1.282916e-05,1.04165e-07,1.1766664e-05,1.2583328e-05,1.36e-05,1.3837496e-05,1.2858327e-05,1.3208326e-05,1.3954163e-05,8.408332e-06,1.4233327e-05
2,109,318.709,0.218,1.2474998e-05,1.2787493e-05,1.3162494e-05,1.2858327e-05,9.9993e-08,1.2799994e-05,9.9993e-08,1.1741662e-05,1.2562497e-05,1.3579162e-05,1.3816659e-05,1.2833333e-05,1.3179159e-05,1.3933332e-05,8.391658e-06,1.4208333e-05
2,110,318.86,0.22,1.2445831e-05,1.2754163e-05,1.3129163e-05,1.2820832e-05,1.04165e-07,1.2770827e-05,1.04165e-07,1.1704159e-05,1.2524994e-05,1.3545831e-05,1.3787492e-05,1.2799994e-05,1.3145828e-05,1.3899994e-05,8.366665e-06,1.4174994e-05
2,111,319.011,0.222,1.2420829e-05,1.272916e-05,1.3099996e-05,1.279583e-05,9.9993e-08,1.2745825e-05,1.04165e-07,1.1683329e-05,1.2499992e-05,1.3524993e-05,1.3766662e-05,1.2774992e-05,1.3129163e-05,1.3879164e-05,8.341662e-06,1.4145828e-05
2,112,319.162,0.224,1.2391662e-05,1.2699993e-05,1.3070829e-05,1.2766664e-05,1.04165e-07,1.2720831e-05,1.04165e-07,1.1645826e-05,1.2466661e-05,1.3491663e-05,1.3737495e-05,1.2745825e-05,1.3095831e-05,1.3841661e-05,8.31666e-06,1.4116661e-05
2,113,319.313,0.226,1.2358331e-05,1.2666663e-05,1.3041663e-05,1.2737497e-05,1.04165e-07,1.2691665e-05,1.04165e-07,1.1620831e-05,1.2445831e-05,1.3470833e-05,1.3712493e-05,1.2720831e-05,1.3066665e-05,1.3816659e-05,8.29583e-06,1.4095831e-05
2,114,319.464,0.228,1.2333329e-05,1.2633332e-05,1.3008333e-05,1.2699993e-05,9.9993e-08,1.2654162e-05,1.04165e-07,1.1583328e-05,1.2408328e-05,1.343333e-05,1.3679162e-05,1.2683328e-05,1.3037499e-05,1.3787492e-05,8.266664e-06,1.4054163e-05
2,115,319.614,0.23,1.2299998e-05,1.2604165e-05,1.2974993e-05,1.2674999e-05,9.9993e-08,1.2633332e-05,1.04165e-07,1.1558326e-05,1.2379161e-05,1.3412499e-05,1.365416e-05,1.2658325e-05,1.3012496e-05,1.3758326e-05,8.245825e-06,1.4033326e-05
2,116,319.765,0.232,1.2270832e-05,1.2570827e-05,1.2945827e-05,1.2641661e-05,9.9993e-08,1.2599993e-05,1.04165e-07,1.1524995e-05,1.234583e-05,1.3383333e-05,1.3624994e-05,1.2629159e-05,1.2974993e-05,1.3729159e-05,8.220832e-06,1.399583e-05
2,117,319.916,0.234,1.224583e-05,1.2545832e-05,1.291666e-05,1.2616666e-05,1.04165e-07,1.2574998e-05,1.04165e-07,1.1495828e-05,1.2329165e-05,1.3358331e-05,1.3604164e-05,1.2604165e-05,1.2954163e-05,1.3704165e-05,8.199993e-06,1.3974993e-05
2,118,320.067,0.236,1.2216663e-05,1.2512493e-05,1.2883329e-05,1.2579163e-05,1.04165e-07,1.254166e-05,1.04165e-07,1.1462498e-05,1.2287497e-05,1.3325e-05,1.3574998e-05,1.2570827e-05,1.2920833e-05,1.3670826e-05,8.170828e-06,1.3933332e-05
2,119,320.218,0.238,1.2187496e-05,1.2487499e-05,1.2849999e-05,1.2549996e-05,9.9993e-08,1.2516665e-05,9.9993e-08,1.1433332e-05,1.2258331e-05,1.3299998e-05,1.3549996e-05,1.254166e-05,1.2895831e-05,1.3645832e-05,8.154162e-06,1.3912495e-05
2,120,320.369,0.24,1.2154166e-05,1.2458332e-05,1.2816659e-05,1.252083e-05,1.04165e-07,1.2483327e-05,1.04165e-07,1.1399992e-05,1.2229165e-05,1.3266659e-05,1.3516665e-05,1.2512493e-05,1.2866664e-05,1.3612493e-05,8.120831e-06,1.3879164e-05
2,121,320.519,0.242,1.2129164e-05,1.2424994e-05,1.2791666e-05,1.2487499e-05,1.04165e-07,1.2458332e-05,9.9993e-08,1.1374998e-05,1.2204162e-05,1.3245829e-05,1.3495826e-05,1.2483327e-05,1.2837498e-05,1.3583326e-05,8.104165e-06,1.3849997e-05
2,122,320.67,0.244,1.2095833e-05,1.2391662e-05,1.2758326e-05,1.245416e-05,1.04165e-07,1.2429166e-05,1.04165e-07,1.1337494e-05,1.2166659e-05,1.3208326e-05,1.3458332e-05,1.2445831e-05,1.2804167e-05,1.3549996e-05,8.074999e-06,1.3816659e-05
2,123,320.821,0.246,1.2066666e-05,1.2362496e-05,1.2724996e-05,1.2424994e-05,9.9993e-08,1.2395827e-05,1.04165e-07,1.1308328e-05,1.2141665e-05,1.3183331e-05,1.3437494e-05,1.2420829e-05,1.2779165e-05,1.3520829e-05,8.054161e-06,1.3787492e-05
2,124,320.972,0.248,1.2033327e-05,1.2324993e-05,1.2695829e-05,1.2387498e-05,1.04165e-07,1.2362496e-05,1.04165e-07,1.1270833e-05,1.2104161e-05,1.3149993e-05,1.3404163e-05,1.2383326e-05,1.2741662e-05,1.3483325e-05,8.024995e-06,1.3749996e-05
2,125,321.123,0.25,1.200416e-05,1.2295826e-05,1.2658325e-05,1.2358331e-05,1.08329e-07,1.2337494e-05,1.04165e-07,1.1241658e-05,1.2079159e-05,1.3120826e-05,1.3383333e-05,1.2358331e-05,1.2716659e-05,1.3462496e-05,7.999993e-06,1.3724994e-05
2,126,321.274,0.252,1.1979158e-05,1.2262495e-05,1.2624995e-05,1.2320828e-05,9.9993e-08,1.2299998e-05,1.04165e-07,1.1208328e-05,1.2041664e-05,1.309166e-05,1.334583e-05,1.2320828e-05,1.2679164e-05,1.3420829e-05,7.966662e-06,1.36875e-05
2,127,321.424,0.254,1.1941664e-05,1.2229165e-05,1.2591664e-05,1.2295826e-05,1.04165e-07,1.2274996e-05,1.04165e-07,1.1179161e-05,1.2012498e-05,1.3058328e-05,1.3320828e-05,1.2299998e-05,1.2658325e-05,1.3404163e-05,7.954161e-06,1.3666661e-05
2,128,321.575,0.256,1.1912497e-05,1.2199998e-05,1.2558333e-05,1.2254159e-05,9.9993e-08,1.224583e-05,1.08329e-07,1.1141666e-05,1.1979158e-05,1.3029162e-05,1.3291661e-05,1.2258331e-05,1.2620831e-05,1.3362495e-05,7.920829e-06,1.3624994e-05
2,129,321.726,0.258,1.1879166e-05,1.2166659e-05,1.2524994e-05,1.2224992e-05,1.04165e-07,1.2212499e-05,1.08329e-07,1.1112499e-05,1.1949992e-05,1.2999995e-05,1.3262495e-05,1.2237493e-05,1.2591664e-05,1.3341665e-05,7.899992e-06,1.3595827e-05
2,130,321.877,0.26,1.1849999e-05,1.2141665e-05,1.2495828e-05,1.2199998e-05,9.9993e-08,1.2187496e-05,1.04165e-07,1.1087497e-05,1.1924998e-05,1.2974993e-05,1.3237493e-05,1.2208327e-05,1.2566662e-05,1.3312499e-05,7.874997e-06,1.3570825e-05
2,131,322.028,0.262,1.1824997e-05,1.2104161e-05,1.2466661e-05,1.2162494e-05,1.04165e-07,1.2154166e-05,1.08329e-07,1.1049994e-05,1.188333e-05,1.2941662e-05,1.3204161e-05,1.2170832e-05,1.2533331e-05,1.3274996e-05,7.849995e-06,1.353333e-05
2,132,322.179,0.264,1.1791666e-05,1.2074995e-05,1.2429166e-05,1.2133328e-05,1.08329e-07,1.2125e-05,1.08329e-07,1.1020828e-05,1.1862493e-05,1.2920833e-05,1.3183331e-05,1.2141665e-05,1.2499992e-05,1.3245829e-05,7.829165e-06,1.3504164e-05
2,133,322.33,0.266,1.1758328e-05,1.20375e-05,1.2395827e-05,1.2095833e-05,1.04165e-07,1.2087497e-05,1.04165e-07,1.0974995e-05,1.1816661e-05,1.2879165e-05,1.3141664e-05,1.2104161e-05,1.2466661e-05,1.3204161e-05,7.795827e-06,1.3462496e-05
2,134,322.48,0.268,1.1729161e-05,1.200416e-05,1.2358331e-05,1.2062494e-05,1.04165e-07,1.205833e-05,1.08329e-07,1.0949993e-05,1.1791666e-05,1.2854163e-05,1.3112497e-05,1.2074995e-05,1.2437495e-05,1.3179159e-05,7.774996e-06,1.3437494e-05
2,135,322.631,0.27,1.169583e-05,1.1966666e-05,1.2324993e-05,1.2024999e-05,1.04165e-07,1.2024999e-05,1.08329e-07,1.0912498e-05,1.1754163e-05,1.2816659e-05,1.308333e-05,1.20375e-05,1.2399999e-05,1.3141664e-05,7.741666e-06,1.3395826e-05
