SWEEP_IDX,POINT,TIME,V_GATE,I_CH0,I_CH1,I_CH2,I_CH3,I_CH4,I_CH5,I_CH6,I_CH7,I_CH8,I_CH9,I_CH10,I_CH11,I_CH12,I_CH13,I_CH14,I_CH15,DIRAC_SWEEP_IDX,DIRAC_V_FWD_CH0,DIRAC_V_FWD_CH1,DIRAC_V_FWD_CH2,DIRAC_V_FWD_CH3,DIRAC_V_FWD_CH4,DIRAC_V_FWD_CH5,DIRAC_V_FWD_CH6,DIRAC_V_FWD_CH7,DIRAC_V_FWD_CH8,DIRAC_V_FWD_CH9,DIRAC_V_FWD_CH10,DIRAC_V_FWD_CH11,DIRAC_V_FWD_CH12,DIRAC_V_FWD_CH13,DIRAC_V_FWD_CH14,DIRAC_V_FWD_CH15,DIRAC_V_REV_CH0,DIRAC_V_REV_CH1,DIRAC_V_REV_CH2,DIRAC_V_REV_CH3,DIRAC_V_REV_CH4,DIRAC_V_REV_CH5,DIRAC_V_REV_CH6,DIRAC_V_REV_CH7,DIRAC_V_REV_CH8,DIRAC_V_REV_CH9,DIRAC_V_REV_CH10,DIRAC_V_REV_CH11,DIRAC_V_REV_CH12,DIRAC_V_REV_CH13,DIRAC_V_REV_CH14,DIRAC_V_REV_CH15
0,0,0.0,0.0,1.8129165e-05,1.954158e-06,1.9949992e-05,2.0549996e-05,1.9454161e-05,3.499993e-06,1.9083333e-05,2.0270832e-05,2.0012498e-05,1.8437497e-05,-2.41669e-07,1.906666e-05,2.009166e-05,1.9954165e-05,1.952083e-05,2.0137493e-05
0,1,0.143,0.01,1.9204164e-05,2.237495e-06,2.0412494e-05,2.0858328e-05,1.9795831e-05,3.641661e-06,1.9291663e-05,2.0383326e-05,2.009166e-05,1.8624996e-05,-1.37504e-07,1.906666e-05,2.0233329e-05,2.00375e-05,1.9754163e-05,2.0162495e-05
0,2,0.286,0.02,1.916666e-05,2.299992e-06,2.0370833e-05,2.0674999e-05,1.9812496e-05,3.69583e-06,1.9204164e-05,2.0333329e-05,2.0154166e-05,1.8570829e-05,-5.8341e-08,1.8979161e-05,2.0258331e-05,2.0020827e-05,1.9445833e-05,2.0116662e-05
0,3,0.429,0.03,1.9024999e-05,2.329159e-06,2.0370833e-05,2.0583328e-05,1.9774994e-05,3.674992e-06,1.9091662e-05,2.0362497e-05,2.0062495e-05,1.8579165e-05,-7.0834e-08,1.8849993e-05,2.0220828e-05,1.9941665e-05,1.952083e-05,2.0020827e-05
0,4,0.572,0.04,1.889166e-05,2.362498e-06,2.0316664e-05,2.0491663e-05,1.9495828e-05,3.754163e-06,1.8991661e-05,2.0291662e-05,1.9962494e-05,1.8508332e-05,-6.667e-08,1.8754165e-05,2.0074995e-05,1.9887495e-05,1.9279161e-05,1.9933326e-05
0,5,0.715,0.05,1.8804161e-05,2.354161e-06,2.0216663e-05,2.0454161e-05,1.9316665e-05,3.683329e-06,1.8874995e-05,2.014583e-05,1.9874993e-05,1.8337496e-05,-8.337e-09,1.8666664e-05,2.0012498e-05,1.9749999e-05,1.9170833e-05,1.9791667e-05
0,6,0.858,0.06,1.8712497e-05,2.366662e-06,2.0087497e-05,2.0362497e-05,1.9324994e-05,3.649998e-06,1.8824998e-05,2.0058329e-05,1.9737497e-05,1.8249997e-05,-2.0838e-08,1.8504166e-05,1.9933326e-05,1.9658328e-05,1.91125e-05,1.9729161e-05
0,7,1.001,0.07,1.8624996e-05,2.458326e-06,2.0012498e-05,2.0291662e-05,1.9183326e-05,3.679164e-06,1.8666664e-05,2.0029163e-05,1.9658328e-05,1.8199993e-05,-2.5002e-08,1.8337496e-05,1.9812496e-05,1.9558327e-05,1.9024999e-05,1.9654162e-05
0,8,1.144,0.08,1.8479164e-05,2.374999e-06,1.9966667e-05,2.0174995e-05,1.9083333e-05,3.679164e-06,1.8424997e-05,1.9870829e-05,1.940833e-05,1.8066661e-05,1.2493e-08,1.8170826e-05,1.9708332e-05,1.940833e-05,1.8941664e-05,1.9499994e-05
0,9,1.287,0.09,1.8274999e-05,2.420831e-06,1.97625e-05,2.0041665e-05,1.9004163e-05,3.649998e-06,1.8258334e-05,1.9737497e-05,1.9399993e-05,1.8020828e-05,1.6665e-08,1.8012499e-05,1.9620831e-05,1.9395828e-05,1.877083e-05,1.942083e-05
0,10,1.43,0.1,1.7991662e-05,2.445825e-06,1.9658328e-05,1.9924999e-05,1.8887496e-05,3.708331e-06,1.8087498e-05,1.9741663e-05,1.9237494e-05,1.7945829e-05,1.6665e-08,1.7895825e-05,1.9470826e-05,1.9220828e-05,1.8679166e-05,1.9333331e-05
0,11,1.573,0.11,1.7812499e-05,2.395828e-06,1.9533332e-05,1.9816662e-05,1.8795832e-05,3.687493e-06,1.7962495e-05,1.9491665e-05,1.9216664e-05,1.7833328e-05,-2.5002e-08,1.7670831e-05,1.935416e-05,1.8937493e-05,1.8599994e-05,1.9158331e-05
0,12,1.716,0.12,1.7587496e-05,2.412494e-06,1.9462497e-05,1.9745827e-05,1.8641662e-05,3.683329e-06,1.7804161e-05,1.9366662e-05,1.8970832e-05,1.7762493e-05,2.9159e-08,1.7558328e-05,1.9141666e-05,1.8874995e-05,1.8454162e-05,1.9016663e-05
0,13,1.859,0.13,1.7445827e-05,2.391664e-06,1.9333331e-05,1.9662499e-05,1.8545827e-05,3.658326e-06,1.7666665e-05,1.9308329e-05,1.8745828e-05,1.7791661e-05,4.166e-08,1.7429162e-05,1.9091662e-05,1.8758328e-05,1.8287499e-05,1.8937493e-05
0,14,2.002,0.14,1.7237497e-05,2.337496e-06,1.9124993e-05,1.9458326e-05,1.8454162e-05,3.645825e-06,1.7483329e-05,1.9220828e-05,1.8712497e-05,1.7529163e-05,5.4161e-08,1.7270828e-05,1.894583e-05,1.8683329e-05,1.8174998e-05,1.8791659e-05
0,15,2.145,0.15,1.7112494e-05,2.437496e-06,1.9008326e-05,1.9320829e-05,1.8270826e-05,3.666663e-06,1.7279164e-05,1.9058331e-05,1.8458326e-05,1.7374992e-05,4.166e-08,1.7104165e-05,1.8887496e-05,1.844166e-05,1.8041666e-05,1.8658327e-05
0,16,2.288,0.16,1.6920829e-05,2.391664e-06,1.8887496e-05,1.9170833e-05,1.8166662e-05,3.674992e-06,1.7108328e-05,1.8970832e-05,1.8370827e-05,1.7195829e-05,8.7492e-08,1.7e-05,1.8704161e-05,1.834166e-05,1.7891662e-05,1.8470828e-05
0,17,2.432,0.17,1.6695833e-05,2.379163e-06,1.8774994e-05,1.9083333e-05,1.7999999e-05,3.579164e-06,1.6933331e-05,1.8849993e-05,1.8270826e-05,1.7066661e-05,6.6662e-08,1.6733329e-05,1.8579165e-05,1.8233332e-05,1.7783332e-05,1.8287499e-05
0,18,2.575,0.18,1.6470829e-05,2.345832e-06,1.8745828e-05,1.8870831e-05,1.7849994e-05,3.612495e-06,1.6837494e-05,1.8704161e-05,1.81e-05,1.6962496e-05,4.164e-09,1.6599997e-05,1.842916e-05,1.8020828e-05,1.7645827e-05,1.8158333e-05
0,19,2.718,0.19,1.6391659e-05,2.358325e-06,1.8570829e-05,1.8820827e-05,1.7812499e-05,3.587492e-06,1.6612497e-05,1.8624996e-05,1.7941666e-05,1.6904163e-05,4.5832e-08,1.6399996e-05,1.8358325e-05,1.7891662e-05,1.7524997e-05,1.797916e-05
0,20,2.861,0.2,1.62625e-05,2.324995e-06,1.842916e-05,1.861666e-05,1.7595832e-05,3.583328e-06,1.6374994e-05,1.8545827e-05,1.7729164e-05,1.6762495e-05,2.9159e-08,1.6133332e-05,1.8358325e-05,1.7791661e-05,1.7366663e-05,1.7870832e-05
0,21,3.004,0.21,1.5895828e-05,2.324995e-06,1.832916e-05,1.8541661e-05,1.750416e-05,3.616659e-06,1.6208331e-05,1.8274999e-05,1.7641663e-05,1.6595832e-05,3.7495e-08,1.5999993e-05,1.8083327e-05,1.7662493e-05,1.724166e-05,1.7716662e-05
0,22,3.147,0.22,1.5695827e-05,2.308329e-06,1.8079161e-05,1.8375e-05,1.7354163e-05,3.620831e-06,1.6004165e-05,1.8216666e-05,1.7458327e-05,1.6424998e-05,7.4999e-08,1.5812493e-05,1.7837492e-05,1.7495831e-05,1.7079163e-05,1.7549999e-05
0,23,3.29,0.23,1.5520827e-05,2.291664e-06,1.8199993e-05,1.8295828e-05,1.7162498e-05,3.549997e-06,1.576666e-05,1.7987497e-05,1.7304166e-05,1.6295831e-05,5.8325e-08,1.5637494e-05,1.7662493e-05,1.7270828e-05,1.6858332e-05,1.740416e-05
0,24,3.433,0.24,1.5287495e-05,2.324995e-06,1.7741664e-05,1.8212493e-05,1.7033331e-05,3.587492e-06,1.5545829e-05,1.7899998e-05,1.7095828e-05,1.6174999e-05,5.4161e-08,1.5416663e-05,1.74625e-05,1.7049995e-05,1.6733329e-05,1.730833e-05
0,25,3.576,0.25,1.5141662e-05,2.337496e-06,1.7854167e-05,1.7983333e-05,1.6924992e-05,3.566662e-06,1.545833e-05,1.7774995e-05,1.6995828e-05,1.6133332e-05,3.7495e-08,1.525e-05,1.7354163e-05,1.7124994e-05,1.6637492e-05,1.7070826e-05
0,26,3.719,0.26,1.4891664e-05,2.333331e-06,1.7508331e-05,1.7904162e-05,1.6670831e-05,3.516658e-06,1.5199995e-05,1.7641663e-05,1.6799999e-05,1.5912494e-05,2.4994e-08,1.4999993e-05,1.7212495e-05,1.6745829e-05,1.6370828e-05,1.7e-05
0,27,3.862,0.27,1.4645831e-05,2.32083e-06,1.7304166e-05,1.7562492e-05,1.6608326e-05,3.591665e-06,1.502916e-05,1.7491666e-05,1.6595832e-05,1.5770833e-05,5.4161e-08,1.4812494e-05,1.7066661e-05,1.6612497e-05,1.6316661e-05,1.6683332e-05
0,28,4.005,0.28,1.45125e-05,2.329159e-06,1.7208329e-05,1.741666e-05,1.6554164e-05,3.54166e-06,1.4791663e-05,1.7299993e-05,1.6458329e-05,1.5637494e-05,4.5832e-08,1.4637494e-05,1.6895827e-05,1.6370828e-05,1.5966662e-05,1.6533328e-05
0,29,4.148,0.29,1.4237499e-05,2.316666e-06,1.7033331e-05,1.7245833e-05,1.6195831e-05,3.504165e-06,1.4620829e-05,1.7099992e-05,1.6174999e-05,1.5379166e-05,7.9163e-08,1.4429164e-05,1.6670831e-05,1.6195831e-05,1.5912494e-05,1.6308331e-05
0,30,4.291,0.3,1.399583e-05,2.337496e-06,1.6774997e-05,1.7087499e-05,1.6133332e-05,3.595829e-06,1.4299997e-05,1.6912492e-05,1.6008329e-05,1.525e-05,3.3331e-08,1.4162492e-05,1.6499996e-05,1.6016666e-05,1.5679161e-05,1.6120832e-05
0,31,4.434,0.31,1.3724994e-05,2.316666e-06,1.6670831e-05,1.6924992e-05,1.5824993e-05,3.470826e-06,1.4187495e-05,1.6754166e-05,1.5804164e-05,1.5062499e-05,2.4994e-08,1.3937497e-05,1.6316661e-05,1.5787498e-05,1.5537493e-05,1.5904165e-05
0,32,4.577,0.32,1.3508327e-05,2.345832e-06,1.645e-05,1.6712498e-05,1.5695827e-05,3.508329e-06,1.380833e-05,1.6616663e-05,1.5670832e-05,1.4929159e-05,9.9993e-08,1.36875e-05,1.6174999e-05,1.5612499e-05,1.5333326e-05,1.5783326e-05
0,33,4.72,0.33,1.3270831e-05,2.304165e-06,1.62625e-05,1.6549993e-05,1.5545829e-05,3.587492e-06,1.3683327e-05,1.6441663e-05,1.5429163e-05,1.4779162e-05,7.9163e-08,1.3545831e-05,1.5962498e-05,1.5395832e-05,1.5149999e-05,1.5545829e-05
0,34,4.863,0.34,1.3029162e-05,2.304165e-06,1.6062499e-05,1.6374994e-05,1.5287495e-05,3.462497e-06,1.3379161e-05,1.6341663e-05,1.5312497e-05,1.4595827e-05,4.9996e-08,1.3233328e-05,1.582083e-05,1.5229161e-05,1.4929159e-05,1.5362493e-05
0,35,5.006,0.35,1.2766664e-05,2.329159e-06,1.5854161e-05,1.6174999e-05,1.5099994e-05,3.483327e-06,1.3112497e-05,1.6029158e-05,1.5054163e-05,1.4408326e-05,7.4999e-08,1.2979166e-05,1.5595826e-05,1.5049998e-05,1.4716665e-05,1.5145826e-05
0,36,5.149,0.36,1.2437495e-05,2.324995e-06,1.5666659e-05,1.5999993e-05,1.4920831e-05,3.462497e-06,1.2870828e-05,1.5795827e-05,1.4766661e-05,1.4216662e-05,4.166e-08,1.2712495e-05,1.5374993e-05,1.4729166e-05,1.4533329e-05,1.4916666e-05
0,37,5.292,0.37,1.2224992e-05,2.25416e-06,1.549166e-05,1.5791662e-05,1.4724994e-05,3.470826e-06,1.2641661e-05,1.5637494e-05,1.4604163e-05,1.4091666e-05,9.5828e-08,1.2579163e-05,1.5191667e-05,1.4574996e-05,1.4308325e-05,1.4724994e-05
0,38,5.435,0.38,1.1949992e-05,2.283327e-06,1.5312497e-05,1.559166e-05,1.4541666e-05,3.412493e-06,1.2370832e-05,1.5487496e-05,1.4287496e-05,1.3941662e-05,7.9163e-08,1.2279161e-05,1.4912494e-05,1.4387496e-05,1.4095831e-05,1.4499999e-05
0,39,5.578,0.39,1.1691665e-05,2.291664e-06,1.5149999e-05,1.5337499e-05,1.4333327e-05,3.395828e-06,1.2137492e-05,1.5245827e-05,1.4112497e-05,1.3691663e-05,6.2497e-08,1.1999997e-05,1.4720829e-05,1.4141663e-05,1.3858326e-05,1.4362494e-05
0,40,5.721,0.4,1.1333331e-05,2.249996e-06,1.4924995e-05,1.5204159e-05,1.4087494e-05,3.366661e-06,1.1854164e-05,1.5079165e-05,1.3845834e-05,1.3420829e-05,1.24995e-07,1.1741662e-05,1.456666e-05,1.3899994e-05,1.36875e-05,1.4041662e-05
0,41,5.865,0.41,1.104583e-05,2.220829e-06,1.4674997e-05,1.4999993e-05,1.3904166e-05,3.416665e-06,1.1533331e-05,1.4837496e-05,1.3612493e-05,1.3237493e-05,9.5828e-08,1.1504166e-05,1.4249992e-05,1.3649996e-05,1.3341665e-05,1.3733332e-05
0,42,6.008,0.42,1.0758328e-05,2.229158e-06,1.4387496e-05,1.4691663e-05,1.3708329e-05,3.404164e-06,1.1304164e-05,1.4670833e-05,1.3337493e-05,1.3045827e-05,9.1664e-08,1.1195826e-05,1.3970828e-05,1.3362495e-05,1.317083e-05,1.3549996e-05
0,43,6.151,0.43,1.0395829e-05,2.208328e-06,1.4154164e-05,1.4499999e-05,1.3437494e-05,3.374998e-06,1.1029164e-05,1.4445829e-05,1.3120826e-05,1.2887494e-05,5.8325e-08,1.0912498e-05,1.3820831e-05,1.3070829e-05,1.2895831e-05,1.3295826e-05
0,44,6.294,0.44,1.0058331e-05,2.137494e-06,1.3937497e-05,1.4312498e-05,1.3262495e-05,3.387499e-06,1.0687494e-05,1.4229163e-05,1.2808331e-05,1.2695829e-05,4.9996e-08,1.0620833e-05,1.365416e-05,1.2841661e-05,1.2679164e-05,1.2966665e-05
0,45,6.437,0.45,9.837492e-06,2.099999e-06,1.3754161e-05,1.4049999e-05,1.2954163e-05,3.324993e-06,1.0349997e-05,1.399583e-05,1.2504164e-05,1.2420829e-05,7.0826e-08,1.0229166e-05,1.325833e-05,1.2574998e-05,1.2354159e-05,1.2733332e-05
0,46,6.58,0.46,9.433325e-06,2.083325e-06,1.3512492e-05,1.3791664e-05,1.2766664e-05,3.337494e-06,1.0087498e-05,1.3754161e-05,1.2212499e-05,1.2224992e-05,9.9993e-08,9.891661e-06,1.2970829e-05,1.2274996e-05,1.2108326e-05,1.243333e-05
0,47,6.723,0.47,9.124994e-06,2.058331e-06,1.3229163e-05,1.3545831e-05,1.2479162e-05,3.299999e-06,9.733327e-06,1.3495826e-05,1.1966666e-05,1.1962493e-05,1.12494e-07,9.654164e-06,1.2679164e-05,1.2141665e-05,1.1862493e-05,1.2104161e-05
0,48,6.866,0.48,8.795826e-06,2.029165e-06,1.3029162e-05,1.3254165e-05,1.2233329e-05,3.295827e-06,9.433325e-06,1.3229163e-05,1.160833e-05,1.169583e-05,9.9993e-08,9.299994e-06,1.2358331e-05,1.1658327e-05,1.1533331e-05,1.1816661e-05
0,49,7.009,0.49,8.474994e-06,2.024992e-06,1.2695829e-05,1.3079167e-05,1.1958329e-05,3.245831e-06,9.129159e-06,1.2912496e-05,1.1287499e-05,1.1479163e-05,9.1664e-08,9.012492e-06,1.2125e-05,1.132083e-05,1.1195826e-05,1.1499993e-05
0,50,7.152,0.5,8.12916e-06,2.008327e-06,1.2404163e-05,1.2691665e-05,1.1741662e-05,3.274997e-06,8.766659e-06,1.2670827e-05,1.1008327e-05,1.1316665e-05,7.9163e-08,8.720827e-06,1.1812496e-05,1.1191662e-05,1.0912498e-05,1.123333e-05
0,51,7.295,0.51,7.783326e-06,2.033329e-06,1.2041664e-05,1.2362496e-05,1.1424994e-05,3.212492e-06,8.424998e-06,1.2358331e-05,1.0629161e-05,1.1054166e-05,9.9993e-08,8.374993e-06,1.1495828e-05,1.0737499e-05,1.0545826e-05,1.0841663e-05
0,52,7.438,0.52,7.416661e-06,1.970832e-06,1.1749999e-05,1.2112499e-05,1.1104163e-05,3.241658e-06,8.083328e-06,1.2141665e-05,1.0304165e-05,1.0716661e-05,1.12494e-07,8.054161e-06,1.1174997e-05,1.0383328e-05,1.0183327e-05,1.0504166e-05
0,53,7.581,0.53,7.041661e-06,1.949994e-06,1.1466662e-05,1.1779165e-05,1.0829162e-05,3.158331e-06,7.7125e-06,1.1754163e-05,9.849993e-06,1.0487493e-05,7.9163e-08,7.729165e-06,1.0754164e-05,1.0037494e-05,9.833328e-06,1.0095827e-05
0,54,7.724,0.54,6.737494e-06,1.933328e-06,1.1141666e-05,1.1366661e-05,1.0429159e-05,3.229165e-06,7.37083e-06,1.1466662e-05,9.508331e-06,1.0145831e-05,1.12494e-07,7.312497e-06,1.0445825e-05,9.679158e-06,9.533326e-06,9.7375e-06
0,55,7.867,0.55,6.39166e-06,1.924992e-06,1.0808333e-05,1.1129165e-05,1.0141659e-05,3.170832e-06,7.083328e-06,1.1091662e-05,9.145832e-06,9.962495e-06,1.49997e-07,7.104159e-06,1.0049995e-05,9.320831e-06,9.191665e-06,9.404159e-06
0,56,8.01,0.56,6.108331e-06,1.870831e-06,1.0466663e-05,1.078333e-05,9.783332e-06,3.070831e-06,6.729166e-06,1.080416e-05,8.720827e-06,9.587495e-06,1.49997e-07,6.829158e-06,9.704161e-06,8.924992e-06,8.804162e-06,8.954159e-06
0,57,8.153,0.57,5.795829e-06,1.962495e-06,1.0137494e-05,1.0458326e-05,9.441662e-06,3.033328e-06,6.424999e-06,1.0458326e-05,8.395831e-06,9.333332e-06,1.33332e-07,6.45833e-06,9.283328e-06,8.566665e-06,8.424998e-06,8.59166e-06
0,58,8.296,0.58,5.524993e-06,1.941665e-06,9.708333e-06,1.0070833e-05,9.079162e-06,3.029164e-06,6.174993e-06,1.0062496e-05,7.916665e-06,9.041659e-06,9.9993e-08,6.245828e-06,8.899999e-06,8.204166e-06,8.02083e-06,8.22916e-06
0,59,8.439,0.59,5.395826e-06,1.804161e-06,9.449998e-06,9.745829e-06,8.774996e-06,3.004161e-06,5.816658e-06,9.699997e-06,7.583332e-06,8.787497e-06,1.62498e-07,6.037497e-06,8.5375e-06,7.866661e-06,7.67916e-06,7.849995e-06
0,60,8.582,0.6,5.237492e-06,1.79166e-06,9.024993e-06,9.408331e-06,8.41666e-06,2.979159e-06,5.604164e-06,9.379164e-06,7.224997e-06,8.441662e-06,1.45825e-07,5.766662e-06,8.166663e-06,7.537492e-06,7.341663e-06,7.516662e-06
0,61,8.725,0.61,5.062493e-06,1.812498e-06,8.704162e-06,9.016665e-06,8.062498e-06,2.933327e-06,5.449994e-06,8.987498e-06,6.812493e-06,8.166663e-06,9.1664e-08,5.691663e-06,7.737493e-06,7.112495e-06,6.954161e-06,7.104159e-06
0,62,8.868,0.62,5.037498e-06,1.816662e-06,8.329161e-06,8.670831e-06,7.67916e-06,2.908325e-06,5.27916e-06,8.645829e-06,6.520828e-06,7.899992e-06,1.29159e-07,5.562496e-06,7.387495e-06,6.858325e-06,6.641666e-06,6.783327e-06
0,63,9.011,0.63,4.995831e-06,1.812498e-06,7.962497e-06,8.254163e-06,7.354164e-06,2.866665e-06,5.195832e-06,8.245825e-06,6.162492e-06,7.666659e-06,1.4166e-07,5.483325e-06,7.037497e-06,6.516663e-06,6.237499e-06,6.383332e-06
0,64,9.154,0.64,4.98333e-06,1.754165e-06,7.649994e-06,7.949996e-06,6.916666e-06,2.795831e-06,5.162493e-06,7.970826e-06,5.833332e-06,7.374994e-06,1.70827e-07,5.437493e-06,6.679161e-06,6.112496e-06,5.958327e-06,6.083329e-06
0,65,9.297,0.65,5.049992e-06,1.799997e-06,7.30416e-06,7.55833e-06,6.641666e-06,2.770829e-06,5.145828e-06,7.612498e-06,5.616665e-06,7.149999e-06,1.16658e-07,5.424992e-06,6.324999e-06,5.92916e-06,5.716666e-06,5.804165e-06
0,66,9.441,0.66,5.158329e-06,1.824999e-06,6.970827e-06,7.204159e-06,6.249992e-06,2.712496e-06,5.245829e-06,7.291659e-06,5.395826e-06,6.841659e-06,1.70827e-07,5.495826e-06,6.049999e-06,5.687499e-06,5.495826e-06,5.562496e-06
0,67,9.584,0.67,5.320827e-06,1.845829e-06,6.562495e-06,6.849996e-06,5.991666e-06,2.645826e-06,5.333328e-06,6.966663e-06,5.208326e-06,6.654159e-06,1.16658e-07,5.604164e-06,5.774998e-06,5.483325e-06,5.283332e-06,5.320827e-06
0,68,9.727,0.68,5.483325e-06,1.862494e-06,6.308325e-06,6.562495e-06,5.691663e-06,2.59583e-06,5.479161e-06,6.699999e-06,5.083331e-06,6.466659e-06,1.79164e-07,5.762497e-06,5.545831e-06,5.295825e-06,5.212498e-06,5.183331e-06
0,69,9.87,0.69,5.708329e-06,1.891661e-06,6.033325e-06,6.258329e-06,5.433329e-06,2.612495e-06,5.591663e-06,6.499998e-06,5.041663e-06,6.337492e-06,1.08329e-07,5.883328e-06,5.345829e-06,5.158329e-06,5.137499e-06,5.066665e-06
0,70,10.013,0.7,5.954162e-06,1.912498e-06,5.804165e-06,6.037497e-06,5.220827e-06,2.558327e-06,5.795829e-06,6.279159e-06,5.07083e-06,6.224998e-06,1.4166e-07,6.104159e-06,5.333328e-06,5.099996e-06,5.162493e-06,5.037498e-06
0,71,10.156,0.71,6.18333e-06,1.937493e-06,5.583326e-06,5.779163e-06,5.020825e-06,2.537497e-06,6.029161e-06,6.237499e-06,5.162493e-06,6.116661e-06,1.62498e-07,6.358329e-06,5.179159e-06,5.179159e-06,5.212498e-06,5.108333e-06
0,72,10.299,0.72,6.466659e-06,1.970832e-06,5.433329e-06,5.641659e-06,4.924997e-06,2.491665e-06,6.312498e-06,6.174993e-06,5.199997e-06,6.054163e-06,1.70827e-07,6.591662e-06,5.087495e-06,5.179159e-06,5.316663e-06,5.174994e-06
0,73,10.442,0.73,6.82083e-06,1.991661e-06,5.370831e-06,5.55416e-06,4.841661e-06,2.491665e-06,6.608327e-06,6.199996e-06,5.395826e-06,6.024996e-06,1.54161e-07,6.879163e-06,5.137499e-06,5.245829e-06,5.44583e-06,5.341665e-06
0,74,10.585,0.74,7.11666e-06,2.029165e-06,5.304162e-06,5.529165e-06,4.862499e-06,2.458326e-06,6.841659e-06,6.283331e-06,5.595827e-06,6.01666e-06,1.62498e-07,7.183329e-06,5.224999e-06,5.462496e-06,5.737495e-06,5.504163e-06
0,75,10.728,0.75,7.429162e-06,2.070832e-06,5.366659e-06,5.574997e-06,4.933325e-06,2.454162e-06,7.129161e-06,6.366666e-06,5.854161e-06,6.087494e-06,1.49997e-07,7.499997e-06,5.420828e-06,5.63333e-06,5.924996e-06,5.745832e-06
0,76,10.871,0.76,7.699999e-06,2.095826e-06,5.449994e-06,5.612493e-06,5.204161e-06,2.449997e-06,7.374994e-06,6.516663e-06,6.18333e-06,6.129162e-06,1.33332e-07,7.770833e-06,5.595827e-06,5.895829e-06,6.129162e-06,5.999994e-06
0,77,11.014,0.77,8.02083e-06,2.129165e-06,5.629166e-06,5.754161e-06,5.295825e-06,2.504166e-06,7.641665e-06,6.704164e-06,6.441664e-06,6.195831e-06,1.99993e-07,8.070827e-06,5.820831e-06,6.154164e-06,6.387496e-06,6.258329e-06
0,78,11.157,0.78,8.362492e-06,2.158332e-06,5.845833e-06,5.937497e-06,5.516664e-06,2.554162e-06,7.908328e-06,6.904165e-06,6.737494e-06,6.312498e-06,1.29159e-07,8.366665e-06,6.079165e-06,6.495825e-06,6.674997e-06,6.587497e-06
0,79,11.3,0.79,8.637492e-06,2.195827e-06,6.01666e-06,6.141663e-06,5.695828e-06,2.549998e-06,8.137496e-06,7.133333e-06,7.108331e-06,6.374995e-06,1.66663e-07,8.662494e-06,6.345828e-06,6.741659e-06,6.937496e-06,6.849996e-06
0,80,11.443,0.8,8.954159e-06,2.229158e-06,6.245828e-06,6.395833e-06,5.949998e-06,2.612495e-06,8.445827e-06,7.362493e-06,7.387495e-06,6.524992e-06,2.04166e-07,8.987498e-06,6.641666e-06,7.104159e-06,7.191666e-06,7.21666e-06
0,81,11.586,0.81,9.195828e-06,2.229158e-06,6.454166e-06,6.591662e-06,6.224998e-06,2.612495e-06,8.708326e-06,7.566658e-06,7.741666e-06,6.695827e-06,2.0833e-07,9.208329e-06,6.895828e-06,7.395832e-06,7.445828e-06,7.554166e-06
0,82,11.729,0.82,9.449998e-06,2.262497e-06,6.679161e-06,6.812493e-06,6.508326e-06,2.679165e-06,8.949995e-06,7.704162e-06,8.024995e-06,6.749995e-06,1.37496e-07,9.412495e-06,7.224997e-06,7.716663e-06,7.691661e-06,7.874997e-06
0,83,11.872,0.83,9.695832e-06,2.274998e-06,6.933331e-06,7.041661e-06,6.804164e-06,2.71666e-06,9.099992e-06,7.929166e-06,8.374993e-06,6.974999e-06,1.87492e-07,9.708333e-06,7.495833e-06,8.016666e-06,7.94166e-06,8.245825e-06
0,84,12.015,0.84,9.945829e-06,2.358325e-06,7.104159e-06,7.266664e-06,7.049998e-06,2.741663e-06,9.379164e-06,8.079163e-06,8.629163e-06,7.079164e-06,2.16659e-07,9.999999e-06,7.870825e-06,8.341662e-06,8.154162e-06,8.579159e-06
0,85,12.158,0.85,1.0233331e-05,2.287499e-06,7.316661e-06,7.479159e-06,7.345827e-06,2.766665e-06,9.570829e-06,8.270827e-06,8.93333e-06,7.274993e-06,1.66663e-07,1.0283327e-05,8.145825e-06,8.629163e-06,8.391658e-06,8.912491e-06
0,86,12.301,0.86,1.0445825e-05,2.354161e-06,7.495833e-06,7.695826e-06,7.604162e-06,2.795831e-06,9.774994e-06,8.433326e-06,9.429161e-06,7.441664e-06,2.41661e-07,1.0516659e-05,8.358327e-06,8.958332e-06,8.599996e-06,9.233332e-06
0,87,12.444,0.87,1.061666e-05,2.354161e-06,7.695826e-06,7.879162e-06,7.883326e-06,2.80416e-06,9.974996e-06,8.754166e-06,9.516661e-06,7.562494e-06,2.20831e-07,1.0670828e-05,8.687496e-06,9.295829e-06,8.833329e-06,9.537498e-06
0,88,12.587,0.88,1.087083e-05,2.370826e-06,7.904164e-06,8.029159e-06,8.166663e-06,2.833327e-06,1.0224994e-05,8.837494e-06,9.837492e-06,7.816664e-06,2.0833e-07,1.0991661e-05,9.045832e-06,9.579166e-06,9.062497e-06,9.887497e-06
0,89,12.73,0.89,1.1054166e-05,2.40833e-06,8.049997e-06,8.29583e-06,8.45e-06,2.854164e-06,1.0387492e-05,8.991663e-06,1.0112492e-05,7.949996e-06,1.95829e-07,1.1158331e-05,9.270827e-06,9.912499e-06,9.199993e-06,1.0149995e-05
0,90,12.873,0.9,1.1408329e-05,2.437496e-06,8.204166e-06,8.433326e-06,8.67916e-06,2.858329e-06,1.0599994e-05,9.179163e-06,1.0383328e-05,8.179164e-06,1.87492e-07,1.1408329e-05,9.566665e-06,1.0137494e-05,9.429161e-06,1.0462499e-05
0,91,13.017,0.91,1.1391664e-05,2.433332e-06,8.429161e-06,8.67916e-06,8.924992e-06,2.899996e-06,1.0787495e-05,9.333332e-06,1.0629161e-05,8.245825e-06,2.91665e-07,1.1620831e-05,9.824999e-06,1.0474992e-05,9.666665e-06,1.0679166e-05
0,92,13.16,0.92,1.162916e-05,2.433332e-06,8.524998e-06,8.770831e-06,9.187492e-06,2.954165e-06,1.0970831e-05,9.574994e-06,1.0920827e-05,8.462493e-06,2.45825e-07,1.1766664e-05,1.0087498e-05,1.0745827e-05,9.87916e-06,1.0983332e-05
0,93,13.303,0.93,1.1824997e-05,2.404165e-06,8.745829e-06,8.991663e-06,9.429161e-06,2.962494e-06,1.1229165e-05,9.729163e-06,1.1154159e-05,8.604161e-06,1.87492e-07,1.2008325e-05,1.0395829e-05,1.0991661e-05,1.013333e-05,1.1241658e-05
0,94,13.446,0.94,1.1979158e-05,2.420831e-06,8.924992e-06,9.099992e-06,9.591659e-06,2.987496e-06,1.1387499e-05,9.916663e-06,1.1329166e-05,8.75833e-06,2.20831e-07,1.2141665e-05,1.0629161e-05,1.1170832e-05,1.0254161e-05,1.1566663e-05
0,95,13.589,0.95,1.2162494e-05,2.437496e-06,9.208329e-06,9.32916e-06,9.87916e-06,2.949993e-06,1.1554162e-05,1.013333e-05,1.1654162e-05,8.979162e-06,2.16659e-07,1.2308327e-05,1.104583e-05,1.1512494e-05,1.0545826e-05,1.1774993e-05
0,96,13.732,0.96,1.2324993e-05,2.458326e-06,9.275e-06,9.429161e-06,1.0112492e-05,3.033328e-06,1.1787494e-05,1.0312494e-05,1.1904161e-05,9.133331e-06,2.41661e-07,1.2458332e-05,1.1241658e-05,1.178333e-05,1.0695831e-05,1.205833e-05
0,97,13.875,0.97,1.2516665e-05,2.441661e-06,9.466664e-06,9.612497e-06,1.0308329e-05,3.083332e-06,1.1929163e-05,1.052916e-05,1.2145829e-05,9.30833e-06,2.70828e-07,1.2670827e-05,1.1412493e-05,1.1916662e-05,1.0941664e-05,1.2291662e-05
0,98,14.018,0.98,1.2695829e-05,2.479164e-06,9.645828e-06,9.708333e-06,1.0483329e-05,3.083332e-06,1.2087497e-05,1.0624997e-05,1.2337494e-05,9.462499e-06,2.45825e-07,1.28625e-05,1.1662499e-05,1.226666e-05,1.1141666e-05,1.2533331e-05
0,99,14.161,0.99,1.28625e-05,2.504166e-06,9.799997e-06,9.870831e-06,1.0754164e-05,3.07916e-06,1.2283325e-05,1.0816661e-05,1.2558333e-05,9.595831e-06,2.37497e-07,1.2970829e-05,1.1891659e-05,1.236666e-05,1.1345832e-05,1.2758326e-05
0,100,14.304,1.0,1.3008333e-05,2.491665e-06,9.999999e-06,1.0049995e-05,1.0962494e-05,3.07916e-06,1.2495828e-05,1.0954165e-05,1.2783329e-05,9.75833e-06,2.49998e-07,1.309166e-05,1.2154166e-05,1.2749998e-05,1.1637497e-05,1.2941662e-05
0,101,14.447,0.99,1.2816659e-05,2.487493e-06,9.854166e-06,9.845829e-06,1.0741663e-05,3.037492e-06,1.2241666e-05,1.0741663e-05,1.2416665e-05,9.566665e-06,2.20831e-07,1.2841661e-05,1.1904161e-05,1.2279161e-05,1.126666e-05,1.2645833e-05
0,102,14.59,0.98,1.2570827e-05,2.399993e-06,9.620825e-06,9.570829e-06,1.032916e-05,2.949993e-06,1.200416e-05,1.0591666e-05,1.2095833e-05,9.391665e-06,1.62498e-07,1.2570827e-05,1.1524995e-05,1.1916662e-05,1.1141666e-05,1.2262495e-05
0,103,14.733,0.97,1.2270832e-05,2.370826e-06,9.399994e-06,9.341661e-06,1.0008327e-05,2.995825e-06,1.1787494e-05,1.0345832e-05,1.1795831e-05,9.191665e-06,1.54161e-07,1.2291662e-05,1.1141666e-05,1.1604166e-05,1.0770829e-05,1.1912497e-05
0,104,14.876,0.96,1.1929163e-05,2.337496e-06,9.137495e-06,9.041659e-06,9.716662e-06,2.933327e-06,1.1512494e-05,1.0070833e-05,1.1412493e-05,8.983326e-06,1.62498e-07,1.1995832e-05,1.0733326e-05,1.1237494e-05,1.0487493e-05,1.1554162e-05
0,105,15.019,0.95,1.1674992e-05,2.308329e-06,8.84583e-06,8.808327e-06,9.39583e-06,2.770829e-06,1.116666e-05,9.783332e-06,1.1033329e-05,8.737493e-06,1.45825e-07,1.171666e-05,1.0341661e-05,1.0879159e-05,1.0187498e-05,1.1174997e-05
0,106,15.162,0.94,1.135416e-05,2.270826e-06,8.545828e-06,8.479166e-06,9.016665e-06,2.791659e-06,1.0912498e-05,9.487494e-06,1.0687494e-05,8.437499e-06,1.04165e-07,1.135416e-05,9.949994e-06,1.0445825e-05,9.866659e-06,1.0795831e-05
0,107,15.305,0.93,1.0987496e-05,2.249996e-06,8.287493e-06,8.216659e-06,8.695833e-06,2.708332e-06,1.0658327e-05,9.229159e-06,1.0283327e-05,8.22916e-06,9.5828e-08,1.1033329e-05,9.524997e-06,1.0108328e-05,9.60416e-06,1.0441661e-05
0,108,15.448,0.92,1.0737499e-05,2.195827e-06,7.887498e-06,7.916665e-06,8.29583e-06,2.699995e-06,1.0291664e-05,8.891662e-06,9.870831e-06,7.949996e-06,1.04165e-07,1.0758328e-05,9.112493e-06,9.7375e-06,9.283328e-06,1.0079161e-05
0,109,15.591,0.91,1.0374999e-05,2.174997e-06,7.583332e-06,7.583332e-06,7.974998e-06,2.61666e-06,9.995826e-06,8.633328e-06,9.499995e-06,7.7125e-06,6.6662e-08,1.0441661e-05,8.737493e-06,9.279163e-06,8.954159e-06,9.666665e-06
0,110,15.734,0.9,1.0108328e-05,2.104163e-06,7.191666e-06,7.30416e-06,7.612498e-06,2.570828e-06,9.641663e-06,8.366665e-06,9.199993e-06,7.437499e-06,4.5832e-08,1.013333e-05,8.258326e-06,8.849995e-06,8.633328e-06,9.295829e-06
0,111,15.877,0.89,9.733327e-06,2.116664e-06,6.937496e-06,6.929159e-06,7.179165e-06,2.533332e-06,9.30833e-06,7.949996e-06,8.795826e-06,7.124996e-06,2.9159e-08,9.749992e-06,7.916665e-06,8.466665e-06,8.304159e-06,8.854158e-06
0,112,16.02,0.88,9.333332e-06,2.024992e-06,6.549994e-06,6.599998e-06,6.845832e-06,2.487493e-06,9.016665e-06,7.654166e-06,8.274992e-06,6.879163e-06,8.329e-09,9.479165e-06,7.47083e-06,8.10833e-06,7.958332e-06,8.437499e-06
0,113,16.163,0.87,9.045832e-06,2.004163e-06,6.216661e-06,6.249992e-06,6.39166e-06,2.445825e-06,8.666659e-06,7.254163e-06,7.85416e-06,6.512499e-06,-8.337e-09,9.087499e-06,7.058326e-06,7.749994e-06,7.55833e-06,7.962497e-06
0,114,16.306,0.86,8.620827e-06,2.020828e-06,5.837496e-06,5.966663e-06,6.062492e-06,2.32083e-06,8.304159e-06,7.00833e-06,7.445828e-06,6.266665e-06,1.2493e-08,8.699997e-06,6.674997e-06,7.241662e-06,7.274993e-06,7.57916e-06
0,115,16.449,0.85,8.291666e-06,1.991661e-06,5.599999e-06,5.629166e-06,5.695828e-06,2.308329e-06,7.920829e-06,6.691662e-06,7.079164e-06,5.991666e-06,2.9159e-08,8.333325e-06,6.333327e-06,6.808329e-06,6.862497e-06,7.183329e-06
0,116,16.593,0.84,8.004165e-06,1.920827e-06,5.274995e-06,5.362495e-06,5.291661e-06,2.262497e-06,7.512498e-06,6.374995e-06,6.637494e-06,5.737495e-06,-5.8341e-08,7.870825e-06,5.970828e-06,6.408326e-06,6.533329e-06,6.73333e-06
0,117,16.736,0.83,7.441664e-06,1.916663e-06,4.991658e-06,5.137499e-06,4.954163e-06,2.158332e-06,7.166664e-06,6.083329e-06,6.283331e-06,5.462496e-06,-4.584e-08,7.533328e-06,5.629166e-06,6.062492e-06,6.179166e-06,6.345828e-06
0,118,16.879,0.82,7.166664e-06,1.837492e-06,4.716659e-06,4.858327e-06,4.720831e-06,2.145831e-06,6.720829e-06,5.820831e-06,5.904166e-06,5.312499e-06,-5.4169e-08,7.062499e-06,5.345829e-06,5.695828e-06,5.874999e-06,5.895829e-06
0,119,17.022,0.81,6.674997e-06,1.787496e-06,4.608329e-06,4.791665e-06,4.516665e-06,2.137494e-06,6.387496e-06,5.624994e-06,5.549995e-06,5.145828e-06,-9.1672e-08,6.75416e-06,5.066665e-06,5.370831e-06,5.549995e-06,5.624994e-06
0,120,17.165,0.8,6.312498e-06,1.758329e-06,4.53333e-06,4.687492e-06,4.458332e-06,2.124993e-06,6.049999e-06,5.433329e-06,5.249993e-06,5.024997e-06,-4.584e-08,6.333327e-06,4.912496e-06,5.129163e-06,5.237492e-06,5.329164e-06
0,121,17.308,0.79,5.895829e-06,1.712497e-06,4.458332e-06,4.724996e-06,4.36666e-06,2.074997e-06,5.63333e-06,5.383333e-06,5.004159e-06,4.954163e-06,-6.667e-08,5.945826e-06,4.783328e-06,4.837497e-06,4.999995e-06,5.091659e-06
0,122,17.451,0.78,5.562496e-06,1.683331e-06,4.579163e-06,4.82916e-06,4.437494e-06,2.112492e-06,5.387497e-06,5.320827e-06,4.758326e-06,4.945827e-06,-6.2505e-08,5.645832e-06,4.733332e-06,4.845826e-06,4.870828e-06,4.933325e-06
0,123,17.594,0.77,5.249993e-06,1.599995e-06,4.666662e-06,4.966664e-06,4.554161e-06,2.162496e-06,5.041663e-06,5.366659e-06,4.629159e-06,4.920832e-06,-6.2505e-08,5.374996e-06,4.770827e-06,4.658325e-06,4.724996e-06,4.762499e-06
0,124,17.737,0.76,4.949999e-06,1.579165e-06,4.862499e-06,5.199997e-06,4.779164e-06,2.166661e-06,4.854162e-06,5.458331e-06,4.579163e-06,4.962492e-06,-1.04173e-07,5.099996e-06,4.841661e-06,4.570826e-06,4.712494e-06,4.699993e-06
0,125,17.88,0.75,4.745825e-06,1.554163e-06,5.120826e-06,5.487498e-06,5.004159e-06,2.187498e-06,4.72916e-06,5.729159e-06,4.570826e-06,5.062493e-06,-8.3335e-08,4.949999e-06,4.98333e-06,4.662498e-06,4.604165e-06,4.749998e-06
0,126,18.023,0.74,4.562497e-06,1.508331e-06,5.412499e-06,5.72083e-06,5.37916e-06,2.224994e-06,4.637496e-06,5.979165e-06,4.608329e-06,5.233328e-06,-9.1672e-08,4.808331e-06,5.241664e-06,4.816659e-06,4.666662e-06,4.941662e-06
0,127,18.166,0.73,4.474998e-06,1.49583e-06,5.695828e-06,6.045826e-06,5.604164e-06,2.279162e-06,4.616666e-06,6.241663e-06,4.762499e-06,5.383333e-06,-1.00009e-07,4.779164e-06,5.520828e-06,4.970829e-06,4.854162e-06,4.991658e-06
0,128,18.309,0.72,4.45416e-06,1.491666e-06,6.066664e-06,6.474996e-06,5.912495e-06,2.379163e-06,4.662498e-06,6.570832e-06,4.924997e-06,5.612493e-06,-1.3334e-07,4.799994e-06,5.80833e-06,5.19166e-06,5.016661e-06,5.216662e-06
0,129,18.452,0.71,4.512493e-06,1.483329e-06,6.408326e-06,6.799992e-06,6.258329e-06,2.420831e-06,4.791665e-06,6.883327e-06,5.120826e-06,5.754161e-06,-7.0834e-08,4.899995e-06,6.09583e-06,5.44583e-06,5.233328e-06,5.429165e-06
0,130,18.595,0.7,4.624995e-06,1.504159e-06,6.695827e-06,7.208331e-06,6.549994e-06,2.429159e-06,4.970829e-06,7.187494e-06,5.354166e-06,6.054163e-06,-1.16674e-07,5.087495e-06,6.416662e-06,5.724994e-06,5.458331e-06,5.754161e-06
0,131,18.738,0.69,4.787493e-06,1.537498e-06,7.099994e-06,7.599997e-06,6.949997e-06,2.474992e-06,5.299997e-06,7.55833e-06,5.729159e-06,6.304161e-06,-8.7508e-08,5.283332e-06,6.787499e-06,6.008331e-06,5.774998e-06,6.104159e-06
0,132,18.881,0.68,4.979165e-06,1.491666e-06,7.445828e-06,7.916665e-06,7.270829e-06,2.533332e-06,5.429165e-06,7.874997e-06,6.01666e-06,6.533329e-06,-7.9171e-08,5.520828e-06,7.120832e-06,6.316662e-06,6.054163e-06,6.433328e-06
0,133,19.024,0.67,5.233328e-06,1.558328e-06,7.779161e-06,8.287493e-06,7.633328e-06,2.579164e-06,5.74166e-06,8.258326e-06,6.345828e-06,6.824994e-06,-1.20838e-07,5.80833e-06,7.512498e-06,6.670833e-06,6.404161e-06,6.804164e-06
0,134,19.167,0.66,5.53333e-06,1.579165e-06,8.10833e-06,8.695833e-06,7.94166e-06,2.608331e-06,6.062492e-06,8.57083e-06,6.791663e-06,7.124996e-06,-8.7508e-08,6.116661e-06,7.937495e-06,7.012494e-06,6.695827e-06,7.158327e-06
0,135,19.31,0.65,5.924996e-06,1.641663e-06,8.41666e-06,9.062497e-06,8.287493e-06,2.662492e-06,6.416662e-06,8.954159e-06,7.11666e-06,7.40416e-06,-8.3335e-08,6.399997e-06,8.299994e-06,7.362493e-06,7.070827e-06,7.524999e-06
0,136,19.453,0.64,6.258329e-06,1.624997e-06,8.774996e-06,9.479165e-06,8.608326e-06,2.71666e-06,6.774998e-06,9.279163e-06,7.412497e-06,7.670832e-06,-1.3334e-07,6.787499e-06,8.654165e-06,7.74583e-06,7.424998e-06,7.874997e-06
0,137,19.596,0.63,6.587497e-06,1.666665e-06,9.116666e-06,9.60416e-06,8.895826e-06,2.708332e-06,7.074992e-06,9.587495e-06,7.779161e-06,7.999993e-06,-1.16674e-07,7.120832e-06,9.024993e-06,8.037496e-06,7.733329e-06,8.216659e-06
0,138,19.739,0.62,6.912494e-06,1.737499e-06,9.454163e-06,1.0029165e-05,9.283328e-06,2.762492e-06,7.454165e-06,9.954158e-06,8.287493e-06,8.329161e-06,-1.62506e-07,7.499997e-06,9.383329e-06,8.445827e-06,8.104165e-06,8.637492e-06
0,139,19.882,0.61,7.237498e-06,1.733327e-06,9.766666e-06,1.0324995e-05,9.545827e-06,2.795831e-06,7.808328e-06,1.0237495e-05,8.466665e-06,8.458328e-06,-1.41668e-07,7.820829e-06,9.720826e-06,8.712498e-06,8.408332e-06,8.891662e-06
0,140,20.026,0.6,7.570831e-06,1.762493e-06,1.0091662e-05,1.0679166e-05,9.833328e-06,2.774994e-06,8.116658e-06,1.0570828e-05,8.870832e-06,8.783332e-06,-1.50005e-07,8.179164e-06,1.004583e-05,9.079162e-06,8.720827e-06,9.249997e-06
0,141,20.169,0.59,7.920829e-06,1.77083e-06,1.0387492e-05,1.0966659e-05,1.0166661e-05,2.824998e-06,8.429161e-06,1.0862494e-05,9.212494e-06,9.079162e-06,-1.6667e-07,8.462493e-06,1.0333331e-05,9.429161e-06,9.083326e-06,9.60416e-06
0,142,20.312,0.58,8.31666e-06,1.829163e-06,1.0649999e-05,1.126666e-05,1.0437497e-05,2.849992e-06,8.724999e-06,1.1112499e-05,9.529162e-06,9.354162e-06,-1.29175e-07,8.77916e-06,1.0699995e-05,9.695832e-06,9.391665e-06,9.945829e-06
0,143,20.455,0.57,8.566665e-06,1.820827e-06,1.0920827e-05,1.1524995e-05,1.0716661e-05,2.924999e-06,9.112493e-06,1.1433332e-05,9.849993e-06,9.624998e-06,-1.04173e-07,9.162498e-06,1.1012498e-05,1.0037494e-05,9.658329e-06,1.0287499e-05
0,144,20.598,0.56,8.920829e-06,1.812498e-06,1.1224993e-05,1.1833326e-05,1.0991661e-05,2.895832e-06,9.424996e-06,1.1679164e-05,1.0183327e-05,9.866659e-06,-1.6667e-07,9.412495e-06,1.1424994e-05,1.0316666e-05,1.0008327e-05,1.0516659e-05
0,145,20.741,0.55,9.237496e-06,1.816662e-06,1.1545833e-05,1.2108326e-05,1.1224993e-05,2.883331e-06,9.779159e-06,1.1966666e-05,1.0499994e-05,1.0095827e-05,-1.50005e-07,9.774994e-06,1.1612495e-05,1.0633325e-05,1.032083e-05,1.0920827e-05
0,146,20.884,0.54,9.562493e-06,1.862494e-06,1.1808332e-05,1.236666e-05,1.1508329e-05,2.95833e-06,1.0091662e-05,1.2287497e-05,1.0824998e-05,1.0383328e-05,-1.54169e-07,1.0079161e-05,1.1824997e-05,1.0929163e-05,1.0579165e-05,1.1154159e-05
0,147,21.027,0.53,9.887497e-06,1.937493e-06,1.1966666e-05,1.2604165e-05,1.1770829e-05,2.983332e-06,1.0316666e-05,1.2474998e-05,1.106666e-05,1.061666e-05,-1.54169e-07,1.0354162e-05,1.2216663e-05,1.1216664e-05,1.0862494e-05,1.152083e-05
0,148,21.17,0.52,1.0149995e-05,1.895825e-06,1.2283325e-05,1.2837498e-05,1.1958329e-05,2.966658e-06,1.0612495e-05,1.2679164e-05,1.142083e-05,1.0858329e-05,-1.3334e-07,1.0679166e-05,1.2387498e-05,1.1495828e-05,1.1329166e-05,1.180416e-05
0,149,21.313,0.51,1.0499994e-05,1.924992e-06,1.2524994e-05,1.3141664e-05,1.2270832e-05,3.054166e-06,1.0966659e-05,1.2970829e-05,1.1737498e-05,1.1112499e-05,-1.79172e-07,1.0916662e-05,1.2774992e-05,1.1904161e-05,1.1491664e-05,1.2070831e-05
0,150,21.456,0.5,1.0795831e-05,1.929164e-06,1.2783329e-05,1.3320828e-05,1.2483327e-05,2.99166e-06,1.1149995e-05,1.3116662e-05,1.1987496e-05,1.1316665e-05,-1.50005e-07,1.1191662e-05,1.2920833e-05,1.200416e-05,1.180416e-05,1.2316664e-05
0,151,21.599,0.49,1.1079161e-05,1.962495e-06,1.3029162e-05,1.355416e-05,1.2849999e-05,3.045829e-06,1.1399992e-05,1.3395826e-05,1.2212499e-05,1.1545833e-05,-1.37504e-07,1.1458325e-05,1.3183331e-05,1.2362496e-05,1.1899996e-05,1.2533331e-05
0,152,21.742,0.48,1.1324993e-05,1.962495e-06,1.3241664e-05,1.3870827e-05,1.3008333e-05,3.016663e-06,1.1633332e-05,1.3674999e-05,1.2474998e-05,1.1724997e-05,-1.45841e-07,1.1720832e-05,1.3399998e-05,1.2595829e-05,1.2108326e-05,1.2804167e-05
0,153,21.885,0.47,1.1554162e-05,1.999998e-06,1.3495826e-05,1.3904166e-05,1.3133327e-05,3.104162e-06,1.197083e-05,1.3904166e-05,1.2745825e-05,1.1908332e-05,-1.16674e-07,1.1929163e-05,1.3608328e-05,1.2804167e-05,1.2437495e-05,1.3016661e-05
0,154,22.028,0.46,1.1841663e-05,2.033329e-06,1.3729159e-05,1.4199996e-05,1.3358331e-05,3.049993e-06,1.2249994e-05,1.4108332e-05,1.3008333e-05,1.2062494e-05,-1.87508e-07,1.2174995e-05,1.3799993e-05,1.3049992e-05,1.2620831e-05,1.3187496e-05
0,155,22.171,0.45,1.2062494e-05,2.037493e-06,1.3887493e-05,1.4437493e-05,1.3549996e-05,3.049993e-06,1.2399999e-05,1.4287496e-05,1.3249994e-05,1.2279161e-05,-1.29175e-07,1.2445831e-05,1.4037498e-05,1.3266659e-05,1.2891666e-05,1.3512492e-05
0,156,22.314,0.44,1.2333329e-05,1.97916e-06,1.4116661e-05,1.4579161e-05,1.372083e-05,3.116663e-06,1.270833e-05,1.4462495e-05,1.3437494e-05,1.2562497e-05,-1.20838e-07,1.2679164e-05,1.4324999e-05,1.3499999e-05,1.3087495e-05,1.3729159e-05
0,157,22.457,0.43,1.2612494e-05,2.083325e-06,1.4304161e-05,1.4816665e-05,1.3904166e-05,3.087497e-06,1.2799994e-05,1.463333e-05,1.3679162e-05,1.2754163e-05,-1.87508e-07,1.2816659e-05,1.4454166e-05,1.374166e-05,1.3316663e-05,1.3958327e-05
0,158,22.6,0.42,1.2774992e-05,2.037493e-06,1.4491661e-05,1.4983329e-05,1.4137499e-05,3.120828e-06,1.298333e-05,1.4816665e-05,1.3924996e-05,1.2895831e-05,-1.62506e-07,1.3074994e-05,1.4704164e-05,1.3920831e-05,1.353333e-05,1.4191659e-05
0,159,22.743,0.41,1.3037499e-05,2.016664e-06,1.4699999e-05,1.5170828e-05,1.4304161e-05,3.141666e-06,1.3270831e-05,1.5049998e-05,1.4141663e-05,1.3033326e-05,-1.25003e-07,1.3316663e-05,1.4845832e-05,1.4133327e-05,1.374166e-05,1.4383332e-05
0,160,22.886,0.4,1.3245829e-05,2.091662e-06,1.4916666e-05,1.5341664e-05,1.4495826e-05,3.14583e-06,1.3529166e-05,1.5158327e-05,1.4329164e-05,1.3295826e-05,-1.50005e-07,1.3449995e-05,1.5099994e-05,1.4349993e-05,1.3945826e-05,1.4641666e-05
0,161,23.029,0.39,1.3391662e-05,2.012499e-06,1.5074992e-05,1.5474994e-05,1.4662496e-05,3.154159e-06,1.3670826e-05,1.525e-05,1.46125e-05,1.3449995e-05,-1.50005e-07,1.365416e-05,1.5199995e-05,1.4474996e-05,1.4154164e-05,1.4829159e-05
0,162,23.172,0.38,1.3637495e-05,2.099999e-06,1.5283331e-05,1.5654166e-05,1.482083e-05,3.14583e-06,1.3904166e-05,1.5424999e-05,1.4674997e-05,1.3558332e-05,-1.41668e-07,1.3854162e-05,1.5404161e-05,1.4737495e-05,1.4370831e-05,1.5016659e-05
0,163,23.315,0.37,1.3816659e-05,2.116664e-06,1.5420826e-05,1.5879163e-05,1.4974999e-05,3.216664e-06,1.4033326e-05,1.5695827e-05,1.48875e-05,1.3695828e-05,-1.3334e-07,1.3999995e-05,1.5574995e-05,1.4958326e-05,1.4466659e-05,1.5191667e-05
0,164,23.458,0.36,1.3962499e-05,2.099999e-06,1.5541666e-05,1.6062499e-05,1.5054163e-05,3.208327e-06,1.4249992e-05,1.583333e-05,1.5112495e-05,1.380833e-05,-1.75007e-07,1.4233327e-05,1.5695827e-05,1.5154163e-05,1.4679162e-05,1.5379166e-05
0,165,23.602,0.35,1.4229163e-05,2.129165e-06,1.5774996e-05,1.6166663e-05,1.5320826e-05,3.229165e-06,1.4445829e-05,1.6012495e-05,1.5283331e-05,1.4029161e-05,-1.16674e-07,1.439166e-05,1.5949996e-05,1.5312497e-05,1.4858325e-05,1.5583333e-05
0,166,23.745,0.34,1.4345828e-05,2.149995e-06,1.5883326e-05,1.6358328e-05,1.5499998e-05,3.258332e-06,1.4591662e-05,1.6133332e-05,1.5525e-05,1.4174994e-05,-8.7508e-08,1.4491661e-05,1.6049997e-05,1.5541666e-05,1.4991665e-05,1.5774996e-05
0,167,23.888,0.33,1.4679162e-05,2.108328e-06,1.6124995e-05,1.6516662e-05,1.5624992e-05,3.254159e-06,1.4791663e-05,1.6295831e-05,1.5674996e-05,1.4349993e-05,-1.41668e-07,1.473333e-05,1.6291666e-05,1.564583e-05,1.5274994e-05,1.5916665e-05
0,168,24.031,0.32,1.4624993e-05,2.074997e-06,1.6366665e-05,1.6608326e-05,1.582083e-05,3.233329e-06,1.4912494e-05,1.6462493e-05,1.5862497e-05,1.447916e-05,-1.79172e-07,1.4854161e-05,1.649166e-05,1.5899999e-05,1.5408334e-05,1.6116659e-05
0,169,24.174,0.31,1.4795828e-05,2.070832e-06,1.6437498e-05,1.6824992e-05,1.5929167e-05,3.258332e-06,1.5158327e-05,1.6629163e-05,1.6008329e-05,1.4645831e-05,-1.75007e-07,1.4999993e-05,1.6616663e-05,1.6087492e-05,1.5525e-05,1.6279166e-05
0,170,24.317,0.3,1.4991665e-05,2.083325e-06,1.6583332e-05,1.695416e-05,1.6104166e-05,3.274997e-06,1.5274994e-05,1.6712498e-05,1.6208331e-05,1.4774998e-05,-1.75007e-07,1.5104159e-05,1.6829164e-05,1.6233333e-05,1.5779162e-05,1.6474994e-05
0,171,24.46,0.29,1.5149999e-05,2.170825e-06,1.6862496e-05,1.7062497e-05,1.6208331e-05,3.287498e-06,1.5441665e-05,1.6916665e-05,1.6379166e-05,1.4954162e-05,-1.58342e-07,1.5337499e-05,1.6829164e-05,1.6466665e-05,1.592083e-05,1.6566666e-05
0,172,24.603,0.28,1.5283331e-05,2.087498e-06,1.6920829e-05,1.724166e-05,1.6399996e-05,3.320829e-06,1.5612499e-05,1.7037495e-05,1.6454163e-05,1.509583e-05,-1.41668e-07,1.549166e-05,1.702083e-05,1.6758331e-05,1.6104166e-05,1.6774997e-05
0,173,24.746,0.27,1.5499998e-05,2.149995e-06,1.6945831e-05,1.7337497e-05,1.655833e-05,3.329166e-06,1.57125e-05,1.7137496e-05,1.6637492e-05,1.5241662e-05,-1.62506e-07,1.5662496e-05,1.7195829e-05,1.6654165e-05,1.6204167e-05,1.6891663e-05
0,174,24.889,0.26,1.5637494e-05,2.124993e-06,1.7058333e-05,1.7495831e-05,1.665833e-05,3.345831e-06,1.5858332e-05,1.7262499e-05,1.69e-05,1.5412497e-05,-1.75007e-07,1.5799998e-05,1.7316659e-05,1.6799999e-05,1.6474994e-05,1.7079163e-05
0,175,25.032,0.25,1.5804164e-05,2.116664e-06,1.722916e-05,1.7674995e-05,1.6829164e-05,3.312492e-06,1.6045833e-05,1.7420833e-05,1.6949994e-05,1.5495832e-05,-1.54169e-07,1.592083e-05,1.7512497e-05,1.6941667e-05,1.6495831e-05,1.7175e-05
0,176,25.175,0.24,1.5962498e-05,2.158332e-06,1.7449998e-05,1.7887496e-05,1.7070826e-05,3.316665e-06,1.6191665e-05,1.7562492e-05,1.7166662e-05,1.5633328e-05,-1.70835e-07,1.6083328e-05,1.7608332e-05,1.7124994e-05,1.6595832e-05,1.7354163e-05
0,177,25.318,0.23,1.6129159e-05,2.162496e-06,1.7566665e-05,1.7908327e-05,1.7033331e-05,3.35416e-06,1.6258327e-05,1.76375e-05,1.7274999e-05,1.5758331e-05,-1.83336e-07,1.6224996e-05,1.7762493e-05,1.7287493e-05,1.6804162e-05,1.7533326e-05
0,178,25.461,0.22,1.6299995e-05,2.166661e-06,1.7666665e-05,1.8091663e-05,1.7099992e-05,3.320829e-06,1.6487495e-05,1.7841665e-05,1.7449998e-05,1.5966662e-05,-1.12502e-07,1.6304159e-05,1.7887496e-05,1.7458327e-05,1.6924992e-05,1.7629163e-05
0,179,25.604,0.21,1.6433327e-05,2.216665e-06,1.7845829e-05,1.8174998e-05,1.7312495e-05,3.449996e-06,1.6612497e-05,1.7924993e-05,1.7645827e-05,1.6058326e-05,-1.29175e-07,1.6508333e-05,1.8029164e-05,1.7654165e-05,1.7083326e-05,1.7791661e-05
0,180,25.747,0.2,1.6624999e-05,2.170825e-06,1.7937493e-05,1.832083e-05,1.7379165e-05,3.362497e-06,1.6804162e-05,1.8124994e-05,1.7791661e-05,1.6133332e-05,-1.87508e-07,1.6612497e-05,1.8183327e-05,1.7754166e-05,1.7233331e-05,1.7995826e-05
0,181,25.89,0.19,1.6725e-05,2.220829e-06,1.8049996e-05,1.844166e-05,1.7537499e-05,3.391663e-06,1.6970833e-05,1.8208329e-05,1.7904162e-05,1.6312495e-05,-1.41668e-07,1.6774997e-05,1.8237495e-05,1.7874996e-05,1.7329161e-05,1.8058332e-05
0,182,26.033,0.18,1.6879161e-05,2.224994e-06,1.8233332e-05,1.8599994e-05,1.7716662e-05,3.391663e-06,1.6912492e-05,1.8283328e-05,1.8108329e-05,1.6512497e-05,-1.79172e-07,1.6904163e-05,1.8458326e-05,1.7987497e-05,1.7499995e-05,1.8258334e-05
0,183,26.176,0.17,1.6958333e-05,2.166661e-06,1.8295828e-05,1.8695831e-05,1.7816663e-05,3.44166e-06,1.7216667e-05,1.8379164e-05,1.8241661e-05,1.6574995e-05,-1.25003e-07,1.702083e-05,1.8591667e-05,1.8166662e-05,1.7629163e-05,1.834166e-05
0,184,26.319,0.16,1.7049995e-05,2.170825e-06,1.8483328e-05,1.8849993e-05,1.7920827e-05,3.462497e-06,1.7254162e-05,1.8433333e-05,1.8370827e-05,1.6745829e-05,-1.25003e-07,1.7149996e-05,1.8666664e-05,1.8337496e-05,1.7787495e-05,1.8479164e-05
0,185,26.462,0.15,1.7262499e-05,2.199992e-06,1.8624996e-05,1.8929164e-05,1.8070832e-05,3.458325e-06,1.7370829e-05,1.8637498e-05,1.8487493e-05,1.6874998e-05,-1.25003e-07,1.7224995e-05,1.8754165e-05,1.844166e-05,1.7970831e-05,1.861666e-05
0,186,26.605,0.14,1.7320832e-05,2.262497e-06,1.8729163e-05,1.904583e-05,1.8187498e-05,3.445832e-06,1.7554165e-05,1.877083e-05,1.8741663e-05,1.6974998e-05,-1.83336e-07,1.7366663e-05,1.8949993e-05,1.8599994e-05,1.8012499e-05,1.877083e-05
0,187,26.748,0.13,1.7437498e-05,2.208328e-06,1.8799996e-05,1.9162497e-05,1.8304165e-05,3.483327e-06,1.7599996e-05,1.88375e-05,1.8687495e-05,1.7091663e-05,-1.54169e-07,1.7524997e-05,1.9033328e-05,1.8737499e-05,1.8170826e-05,1.8833327e-05
0,188,26.891,0.12,1.7566665e-05,2.166661e-06,1.8970832e-05,1.9258332e-05,1.8437497e-05,3.491664e-06,1.7724999e-05,1.9033328e-05,1.8979161e-05,1.7262499e-05,-1.6667e-07,1.7645827e-05,1.9191662e-05,1.8874995e-05,1.8295828e-05,1.9137493e-05
0,189,27.034,0.11,1.785833e-05,2.216665e-06,1.9087498e-05,1.9433332e-05,1.8533334e-05,3.479163e-06,1.7862494e-05,1.9137493e-05,1.8929164e-05,1.7249997e-05,-1.25003e-07,1.7795834e-05,1.9304165e-05,1.8995834e-05,1.8366663e-05,1.9224994e-05
0,190,27.178,0.1,1.7870832e-05,2.204164e-06,1.9187499e-05,1.9558327e-05,1.8687495e-05,3.512494e-06,1.8029164e-05,1.9191662e-05,1.9037492e-05,1.7474993e-05,-6.667e-08,1.7837492e-05,1.9395828e-05,1.9091662e-05,1.8541661e-05,1.9324994e-05
0,191,27.321,0.09,1.7941666e-05,2.212493e-06,1.9333331e-05,1.9687493e-05,1.8791659e-05,3.512494e-06,1.8120829e-05,1.9316665e-05,1.9183326e-05,1.7487495e-05,-1.41668e-07,1.7962495e-05,1.9441661e-05,1.9220828e-05,1.8679166e-05,1.9312492e-05
0,192,27.464,0.08,1.803333e-05,2.224994e-06,1.942083e-05,1.9783331e-05,1.8870831e-05,3.483327e-06,1.8399993e-05,1.9433332e-05,1.9349996e-05,1.7587496e-05,-2.20839e-07,1.8074998e-05,1.9595829e-05,1.9366662e-05,1.8733326e-05,1.9474999e-05
0,193,27.607,0.07,1.8116665e-05,2.170825e-06,1.9608331e-05,1.9837498e-05,1.887916e-05,3.483327e-06,1.8354162e-05,1.9579164e-05,1.9454161e-05,1.775833e-05,-1.16674e-07,1.8283328e-05,1.9766665e-05,1.9437495e-05,1.8849993e-05,1.9516667e-05
0,194,27.75,0.06,1.8241661e-05,2.212493e-06,1.9624997e-05,1.9887495e-05,1.9070832e-05,3.54166e-06,1.8529161e-05,1.9687493e-05,1.9566663e-05,1.7841665e-05,-1.6667e-07,1.8229166e-05,1.9929163e-05,1.9495828e-05,1.8883331e-05,1.9737497e-05
0,195,27.893,0.05,1.8383329e-05,2.224994e-06,1.968333e-05,2.0049993e-05,1.9179161e-05,3.558326e-06,1.8637498e-05,1.9754163e-05,1.9716661e-05,1.7849994e-05,-1.29175e-07,1.8462499e-05,2.0025e-05,1.9704159e-05,1.9024999e-05,1.980416e-05
0,196,28.036,0.04,1.8499994e-05,2.170825e-06,1.9937499e-05,2.0204163e-05,1.9229166e-05,3.508329e-06,1.8687495e-05,1.9874993e-05,1.9791667e-05,1.8070832e-05,-1.37504e-07,1.8475001e-05,2.0083333e-05,1.9820833e-05,1.9141666e-05,1.9912497e-05
0,197,28.179,0.03,1.8599994e-05,2.199992e-06,1.9999998e-05,2.0329166e-05,1.9358333e-05,3.524995e-06,1.8849993e-05,1.9916661e-05,1.9883331e-05,1.8162496e-05,-2.08338e-07,1.8608333e-05,2.0087497e-05,1.9912497e-05,1.9316665e-05,2.0016661e-05
0,198,28.322,0.02,1.8679166e-05,2.212493e-06,2.0137493e-05,2.0349995e-05,1.9479163e-05,3.566662e-06,1.8937493e-05,2.0062495e-05,2.0025e-05,1.8174998e-05,-1.6667e-07,1.8687495e-05,2.0170832e-05,1.995833e-05,1.9383328e-05,2.0066667e-05
0,199,28.465,0.01,1.8820827e-05,2.204164e-06,2.0066667e-05,2.0624995e-05,1.9566663e-05,3.579164e-06,1.9012499e-05,2.0179161e-05,2.0087497e-05,1.8333332e-05,-1.83336e-07,1.8787496e-05,2.0274996e-05,2.0087497e-05,1.9566663e-05,2.0166659e-05
0,200,28.608,0.0,1.8933328e-05,2.274998e-06,2.0137493e-05,2.0558333e-05,1.969583e-05,3.699994e-06,1.9091662e-05,2.0274996e-05,2.0183334e-05,1.8449999e-05,-1.83336e-07,1.8887496e-05,2.0349995e-05,2.0129164e-05,1.9562498e-05,2.036666e-05
,,,,,,,,,,,,,,,,,,,,0,0.64,0.64,0.74,0.74,0.73,0.76,0.65,0.72,0.69,0.74,0.18,0.65,0.72,0.7,0.69,0.7,0.72,0.71,0.79,0.8,0.79,0.79,0.73,0.78,0.75,0.77,0.88,0.73,0.78,0.76,0.75,0.76
1,0,28.836,0.0,1.8991661e-05,2.212493e-06,2.0299998e-05,2.0654163e-05,1.9608331e-05,3.633332e-06,1.9158331e-05,2.0295827e-05,2.0212499e-05,1.8491666e-05,-1.12502e-07,1.8841663e-05,2.0387499e-05,2.0395828e-05,1.9516667e-05,2.0283333e-05
1,1,28.979,0.01,1.8916662e-05,2.279162e-06,2.0316664e-05,2.05875e-05,1.9541661e-05,3.599993e-06,1.8983332e-05,2.015833e-05,2.0183334e-05,1.8424997e-05,-1.00009e-07,1.8795832e-05,2.0304164e-05,2.0070831e-05,1.9504165e-05,2.0262496e-05
1,2,29.122,0.02,1.8841663e-05,2.324995e-06,2.0099997e-05,2.0574998e-05,1.9541661e-05,3.666663e-06,1.8929164e-05,2.0154166e-05,2.00375e-05,1.8375e-05,-7.5006e-08,1.8699995e-05,2.0233329e-05,1.9949992e-05,1.9395828e-05,2.0125e-05
1,3,29.265,0.03,1.8699995e-05,2.324995e-06,2.0070831e-05,2.043333e-05,1.9491665e-05,3.670827e-06,1.8791659e-05,2.0045829e-05,1.9937499e-05,1.8345832e-05,-6.667e-08,1.8574992e-05,2.0120828e-05,1.9854164e-05,1.9404164e-05,2.0062495e-05
1,4,29.408,0.04,1.8654164e-05,2.312493e-06,1.9999998e-05,2.04875e-05,1.9445833e-05,3.683329e-06,1.8691659e-05,2.0125e-05,1.9870829e-05,1.8304165e-05,-7.5006e-08,1.8470828e-05,2.00375e-05,1.9808333e-05,1.9295827e-05,1.9945828e-05
1,5,29.551,0.05,1.8445826e-05,2.370826e-06,1.9820833e-05,2.0154166e-05,1.9254159e-05,3.679164e-06,1.8562499e-05,1.9883331e-05,1.9691666e-05,1.8208329e-05,-3.3339e-08,1.8270826e-05,2.0004161e-05,1.9674993e-05,1.9179161e-05,2.0074995e-05
1,6,29.694,0.06,1.8295828e-05,2.329159e-06,1.9795831e-05,2.0299998e-05,1.9162497e-05,3.62916e-06,1.8395829e-05,1.9874993e-05,1.9704159e-05,1.8066661e-05,-4.584e-08,1.8216666e-05,1.9874993e-05,1.9620831e-05,1.8987497e-05,1.9749999e-05
1,7,29.837,0.07,1.8249997e-05,2.329159e-06,1.9704159e-05,1.9974994e-05,1.9087498e-05,3.633332e-06,1.832083e-05,1.9724997e-05,1.9454161e-05,1.7941666e-05,-5.0004e-08,1.8083327e-05,1.9754163e-05,1.9437495e-05,1.8929164e-05,1.9549998e-05
1,8,29.98,0.08,1.822083e-05,2.370826e-06,1.962916e-05,1.9924999e-05,1.8933328e-05,3.633332e-06,1.8287499e-05,1.9654162e-05,1.9454161e-05,1.7945829e-05,-4.172e-09,1.7841665e-05,1.9708332e-05,1.9379162e-05,1.8829163e-05,1.9704159e-05
1,9,30.123,0.09,1.8054159e-05,2.391664e-06,1.9491665e-05,1.9845827e-05,1.8845829e-05,3.633332e-06,1.8149996e-05,1.9499994e-05,1.9320829e-05,1.7862494e-05,-4.584e-08,1.7791661e-05,1.950833e-05,1.9241666e-05,1.8762494e-05,1.92875e-05
1,10,30.266,0.1,1.7733328e-05,2.387492e-06,1.9449997e-05,1.9687493e-05,1.8745828e-05,3.562498e-06,1.79125e-05,1.9483328e-05,1.9191662e-05,1.7662493e-05,3.7495e-08,1.7633327e-05,1.9399993e-05,1.916666e-05,1.8637498e-05,1.9283327e-05
1,11,30.409,0.11,1.7533326e-05,2.40833e-06,1.9324994e-05,1.9545832e-05,1.8679166e-05,3.558326e-06,1.7695833e-05,1.9424995e-05,1.9049994e-05,1.7649993e-05,-2.9174e-08,1.7545828e-05,1.9349996e-05,1.8995834e-05,1.8512495e-05,1.9133329e-05
1,12,30.552,0.12,1.7333332e-05,2.395828e-06,1.9241666e-05,1.9491665e-05,1.8549999e-05,3.599993e-06,1.7508331e-05,1.9333331e-05,1.9058331e-05,1.7533326e-05,2.083e-08,1.7379165e-05,1.9274998e-05,1.8908326e-05,1.8387493e-05,1.9029165e-05
1,13,30.695,0.13,1.7216667e-05,2.374999e-06,1.9149995e-05,1.9379162e-05,1.8445826e-05,3.595829e-06,1.7366663e-05,1.9224994e-05,1.8904162e-05,1.7433325e-05,2.9159e-08,1.7195829e-05,1.9079162e-05,1.8724997e-05,1.8262497e-05,1.8920828e-05
1,14,30.838,0.14,1.7016666e-05,2.366662e-06,1.8966659e-05,1.9304165e-05,1.8304165e-05,3.62916e-06,1.7195829e-05,1.8979161e-05,1.8695831e-05,1.7341661e-05,2.083e-08,1.7087499e-05,1.8999997e-05,1.8612496e-05,1.8195828e-05,1.877083e-05
1,15,30.981,0.15,1.684583e-05,2.391664e-06,1.8854165e-05,1.9120829e-05,1.8266663e-05,3.60833e-06,1.7066661e-05,1.8870831e-05,1.8558327e-05,1.7199993e-05,2.4994e-08,1.6904163e-05,1.8799996e-05,1.8399993e-05,1.8054159e-05,1.8654164e-05
1,16,31.124,0.16,1.6741666e-05,2.424995e-06,1.8779167e-05,1.8995834e-05,1.8062496e-05,3.583328e-06,1.6912492e-05,1.8758328e-05,1.830833e-05,1.7112494e-05,2.083e-08,1.6699998e-05,1.8662493e-05,1.832083e-05,1.796666e-05,1.8504166e-05
1,17,31.267,0.17,1.6541664e-05,2.404165e-06,1.8512495e-05,1.895833e-05,1.79125e-05,3.583328e-06,1.6725e-05,1.8641662e-05,1.822083e-05,1.6941667e-05,3.7495e-08,1.6554164e-05,1.8512495e-05,1.8266663e-05,1.7749993e-05,1.8391665e-05
1,18,31.41,0.18,1.6316661e-05,2.391664e-06,1.8416658e-05,1.8799996e-05,1.7816663e-05,3.595829e-06,1.649166e-05,1.8508332e-05,1.8016664e-05,1.6820828e-05,6.2497e-08,1.6408332e-05,1.8404166e-05,1.8129165e-05,1.7683331e-05,1.8245832e-05
1,19,31.554,0.19,1.6270827e-05,2.445825e-06,1.8279163e-05,1.8633325e-05,1.7683331e-05,3.549997e-06,1.6374994e-05,1.8362498e-05,1.7958331e-05,1.6633328e-05,4.5832e-08,1.6362492e-05,1.8366663e-05,1.7899998e-05,1.7420833e-05,1.81e-05
1,20,31.697,0.2,1.5916665e-05,2.399993e-06,1.8279163e-05,1.8487493e-05,1.757083e-05,3.604166e-06,1.6187492e-05,1.8279163e-05,1.7762493e-05,1.6549993e-05,4.166e-08,1.6054162e-05,1.8233332e-05,1.7837492e-05,1.7349998e-05,1.7954168e-05
1,21,31.84,0.21,1.5699998e-05,2.366662e-06,1.8054159e-05,1.8370827e-05,1.7395831e-05,3.549997e-06,1.6008329e-05,1.8179162e-05,1.7695833e-05,1.6474994e-05,-1.6673e-08,1.5824993e-05,1.8058332e-05,1.769166e-05,1.724166e-05,1.7724999e-05
1,22,31.983,0.22,1.5516662e-05,2.345832e-06,1.8041666e-05,1.8183327e-05,1.7237497e-05,3.574999e-06,1.5829166e-05,1.8054159e-05,1.750416e-05,1.6349999e-05,7.4999e-08,1.5674996e-05,1.7895825e-05,1.750416e-05,1.7058333e-05,1.7574994e-05
1,23,32.126,0.23,1.5337499e-05,2.345832e-06,1.7862494e-05,1.8091663e-05,1.7091663e-05,3.558326e-06,1.5616662e-05,1.7933329e-05,1.7358327e-05,1.6249998e-05,1.2493e-08,1.5424999e-05,1.7820827e-05,1.7329161e-05,1.6924992e-05,1.7495831e-05
1,24,32.269,0.24,1.5137498e-05,2.349997e-06,1.7816663e-05,1.796666e-05,1.7012493e-05,3.574999e-06,1.5429163e-05,1.7766666e-05,1.7154161e-05,1.6074999e-05,2.9159e-08,1.5416663e-05,1.7658329e-05,1.7208329e-05,1.6812499e-05,1.7324995e-05
1,25,32.412,0.25,1.4924995e-05,2.312493e-06,1.7466664e-05,1.7854167e-05,1.6854159e-05,3.516658e-06,1.5191667e-05,1.7749993e-05,1.6945831e-05,1.593333e-05,3.3331e-08,1.5041661e-05,1.741666e-05,1.7012493e-05,1.6641665e-05,1.7124994e-05
1,26,32.555,0.26,1.4708328e-05,2.329159e-06,1.7554165e-05,1.7633327e-05,1.6704162e-05,3.545833e-06,1.5024996e-05,1.7479166e-05,1.6808328e-05,1.5841659e-05,3.3331e-08,1.4870827e-05,1.7183327e-05,1.7004164e-05,1.6437498e-05,1.6979162e-05
1,27,32.698,0.27,1.4508327e-05,2.274998e-06,1.7391665e-05,1.7604159e-05,1.6566666e-05,3.545833e-06,1.4837496e-05,1.7358327e-05,1.6733329e-05,1.5666659e-05,2.9159e-08,1.4695827e-05,1.7066661e-05,1.6604161e-05,1.6379166e-05,1.6829164e-05
1,28,32.841,0.28,1.4324999e-05,2.304165e-06,1.7058333e-05,1.7474993e-05,1.6408332e-05,3.449996e-06,1.4608328e-05,1.7108328e-05,1.6508333e-05,1.5566658e-05,3.7495e-08,1.447916e-05,1.6995828e-05,1.6433327e-05,1.6124995e-05,1.6579159e-05
1,29,32.984,0.29,1.4108332e-05,2.337496e-06,1.6854159e-05,1.714166e-05,1.6279166e-05,3.512494e-06,1.439166e-05,1.6962496e-05,1.6329161e-05,1.5337499e-05,8.3327e-08,1.4287496e-05,1.6862496e-05,1.6266664e-05,1.6016666e-05,1.645e-05
1,30,33.127,0.3,1.3854162e-05,2.295828e-06,1.6745829e-05,1.695416e-05,1.6133332e-05,3.499993e-06,1.4241664e-05,1.6933331e-05,1.6158327e-05,1.5191667e-05,5.8325e-08,1.4079165e-05,1.6624999e-05,1.6120832e-05,1.5795827e-05,1.6391659e-05
1,31,33.27,0.31,1.3712493e-05,2.295828e-06,1.655833e-05,1.6862496e-05,1.5895828e-05,3.583328e-06,1.3999995e-05,1.6766659e-05,1.5895828e-05,1.5012495e-05,4.5832e-08,1.3858326e-05,1.6466665e-05,1.5937496e-05,1.5587497e-05,1.6024995e-05
1,32,33.413,0.32,1.3362495e-05,2.374999e-06,1.639583e-05,1.6683332e-05,1.5679161e-05,3.524995e-06,1.3862498e-05,1.6562493e-05,1.5749994e-05,1.48875e-05,5.4161e-08,1.3633331e-05,1.6279166e-05,1.5733329e-05,1.5395832e-05,1.6024995e-05
1,33,33.556,0.33,1.3195832e-05,2.308329e-06,1.6233333e-05,1.6516662e-05,1.5445828e-05,3.445832e-06,1.3541659e-05,1.6370828e-05,1.5487496e-05,1.4799993e-05,5.4161e-08,1.3429165e-05,1.6045833e-05,1.5508325e-05,1.5270829e-05,1.5662496e-05
1,34,33.699,0.34,1.2870828e-05,2.312493e-06,1.6058326e-05,1.6324997e-05,1.535833e-05,3.42083e-06,1.3274996e-05,1.6249998e-05,1.5287495e-05,1.4508327e-05,5.8325e-08,1.3137499e-05,1.5874997e-05,1.5320826e-05,1.5062499e-05,1.5454165e-05
1,35,33.842,0.35,1.2670827e-05,2.412494e-06,1.5845832e-05,1.6183329e-05,1.5183329e-05,3.508329e-06,1.3024997e-05,1.6204167e-05,1.5124997e-05,1.4429164e-05,5.4161e-08,1.2929161e-05,1.5691661e-05,1.5199995e-05,1.4866662e-05,1.5254163e-05
1,36,33.985,0.36,1.2404163e-05,2.308329e-06,1.5699998e-05,1.5937496e-05,1.4991665e-05,3.399992e-06,1.2849999e-05,1.5837495e-05,1.4945833e-05,1.4258329e-05,5.4161e-08,1.2720831e-05,1.5462494e-05,1.484166e-05,1.4629165e-05,1.5041661e-05
1,37,34.128,0.37,1.2166659e-05,2.270826e-06,1.5441665e-05,1.5749994e-05,1.4762497e-05,3.399992e-06,1.270833e-05,1.5783326e-05,1.4679162e-05,1.4020832e-05,9.5828e-08,1.2354159e-05,1.5329162e-05,1.4658332e-05,1.4383332e-05,1.4895829e-05
1,38,34.271,0.38,1.1912497e-05,2.249996e-06,1.5279165e-05,1.5554166e-05,1.4629165e-05,3.429159e-06,1.2279161e-05,1.5383332e-05,1.4491661e-05,1.391666e-05,1.16658e-07,1.2174995e-05,1.5074992e-05,1.4504162e-05,1.4229163e-05,1.463333e-05
1,39,34.414,0.39,1.1620831e-05,2.262497e-06,1.5233326e-05,1.5454165e-05,1.439166e-05,3.383326e-06,1.2054165e-05,1.5266665e-05,1.4320826e-05,1.3758326e-05,1.04165e-07,1.1949992e-05,1.4804164e-05,1.4220826e-05,1.3999995e-05,1.4429164e-05
1,40,34.557,0.4,1.1333331e-05,2.220829e-06,1.4858325e-05,1.5129161e-05,1.4212497e-05,3.399992e-06,1.1758328e-05,1.5016659e-05,1.4020832e-05,1.3666661e-05,8.3327e-08,1.1670828e-05,1.4691663e-05,1.3987494e-05,1.3724994e-05,1.4187495e-05
1,41,34.7,0.41,1.0987496e-05,2.216665e-06,1.4599998e-05,1.4937496e-05,1.4024997e-05,3.374998e-06,1.1470826e-05,1.4837496e-05,1.3833332e-05,1.3287497e-05,7.0826e-08,1.1383327e-05,1.4466659e-05,1.374166e-05,1.3520829e-05,1.3970828e-05
1,42,34.843,0.42,1.0741663e-05,2.208328e-06,1.4466659e-05,1.4791663e-05,1.3745833e-05,3.399992e-06,1.1183325e-05,1.4658332e-05,1.3420829e-05,1.3145828e-05,7.0826e-08,1.1058331e-05,1.4245828e-05,1.3583326e-05,1.3316663e-05,1.374166e-05
1,43,34.986,0.43,1.0374999e-05,2.195827e-06,1.4254165e-05,1.4495826e-05,1.3595827e-05,3.379162e-06,1.0924999e-05,1.4462495e-05,1.3220827e-05,1.2849999e-05,1.20831e-07,1.0833327e-05,1.3979165e-05,1.3249994e-05,1.3037499e-05,1.3449995e-05
1,44,35.13,0.44,1.0104163e-05,2.191663e-06,1.4004159e-05,1.427083e-05,1.3291661e-05,3.366661e-06,1.0666665e-05,1.4208333e-05,1.2924997e-05,1.2874993e-05,1.24995e-07,1.0520832e-05,1.374166e-05,1.3008333e-05,1.2837498e-05,1.3099996e-05
1,45,35.273,0.45,9.837492e-06,2.158332e-06,1.3762497e-05,1.4041662e-05,1.3049992e-05,3.341659e-06,1.0379164e-05,1.3983329e-05,1.2687492e-05,1.2487499e-05,4.5832e-08,1.0191663e-05,1.3483325e-05,1.2699993e-05,1.2512493e-05,1.2879165e-05
1,46,35.416,0.46,9.39583e-06,2.112492e-06,1.3441666e-05,1.3754161e-05,1.2820832e-05,3.312492e-06,9.991661e-06,1.3791664e-05,1.2383326e-05,1.224583e-05,1.54161e-07,9.999999e-06,1.3233328e-05,1.2458332e-05,1.2329165e-05,1.2591664e-05
1,47,35.559,0.47,9.062497e-06,2.079161e-06,1.3233328e-05,1.3566661e-05,1.2562497e-05,3.324993e-06,9.729163e-06,1.3512492e-05,1.2095833e-05,1.2079159e-05,6.6662e-08,9.541663e-06,1.3012496e-05,1.2174995e-05,1.1958329e-05,1.2320828e-05
1,48,35.702,0.48,8.754166e-06,2.058331e-06,1.2962492e-05,1.3291661e-05,1.2337494e-05,3.258332e-06,9.358327e-06,1.3249994e-05,1.1779165e-05,1.1816661e-05,7.0826e-08,9.333332e-06,1.2595829e-05,1.1854164e-05,1.1724997e-05,1.1983331e-05
1,49,35.845,0.49,8.412496e-06,2.091662e-06,1.2766664e-05,1.300416e-05,1.2083332e-05,3.274997e-06,9.099992e-06,1.2933326e-05,1.1470826e-05,1.1570827e-05,7.9163e-08,8.949995e-06,1.2291662e-05,1.1604166e-05,1.152083e-05,1.1729161e-05
1,50,35.988,0.5,8.099993e-06,2.008327e-06,1.2574998e-05,1.2770827e-05,1.180416e-05,3.233329e-06,8.733328e-06,1.2774992e-05,1.1174997e-05,1.1349996e-05,9.9993e-08,8.683332e-06,1.1999997e-05,1.1433332e-05,1.1170832e-05,1.1449996e-05
1,51,36.131,0.51,7.729165e-06,1.97916e-06,1.2099998e-05,1.2537495e-05,1.1524995e-05,3.229165e-06,8.412496e-06,1.2470826e-05,1.0874995e-05,1.1112499e-05,8.3327e-08,8.329161e-06,1.1670828e-05,1.0933328e-05,1.0754164e-05,1.1070832e-05
1,52,36.274,0.52,7.408333e-06,1.991661e-06,1.1979158e-05,1.2270832e-05,1.1199999e-05,3.195826e-06,8.066662e-06,1.2199998e-05,1.0454162e-05,1.0866665e-05,8.3327e-08,8.008329e-06,1.1366661e-05,1.0566664e-05,1.0483329e-05,1.070416e-05
1,53,36.417,0.53,7.033332e-06,1.949994e-06,1.152083e-05,1.1854164e-05,1.0845828e-05,3.137493e-06,7.708327e-06,1.1795831e-05,1.0087498e-05,1.0599994e-05,5.8325e-08,7.645829e-06,1.1012498e-05,1.0237495e-05,1.0129165e-05,1.0345832e-05
1,54,36.56,0.54,6.724993e-06,1.912498e-06,1.1199999e-05,1.1504166e-05,1.0591666e-05,3.170832e-06,7.391659e-06,1.1516667e-05,9.708333e-06,1.032083e-05,7.4999e-08,7.333326e-06,1.0649999e-05,9.87916e-06,9.741664e-06,9.962495e-06
1,55,36.703,0.55,6.420827e-06,1.87916e-06,1.0912498e-05,1.1216664e-05,1.0312494e-05,3.108327e-06,7.037497e-06,1.1224993e-05,9.39583e-06,1.0004163e-05,6.2497e-08,7.049998e-06,1.032083e-05,9.512496e-06,9.345826e-06,9.666665e-06
1,56,36.846,0.56,6.083329e-06,1.866659e-06,1.0566664e-05,1.0849993e-05,9.920827e-06,3.137493e-06,6.66666e-06,1.0858329e-05,8.949995e-06,9.762493e-06,7.4999e-08,6.649995e-06,9.899998e-06,9.145832e-06,8.999999e-06,9.183327e-06
1,57,36.989,0.57,5.774998e-06,1.845829e-06,1.0199992e-05,1.0458326e-05,9.629162e-06,3.024999e-06,6.374995e-06,1.0554163e-05,8.512497e-06,9.470828e-06,1.45825e-07,6.449994e-06,9.524997e-06,8.774996e-06,8.595832e-06,8.787497e-06
1,58,37.132,0.58,5.570825e-06,1.816662e-06,9.870831e-06,1.0208329e-05,9.262498e-06,2.987496e-06,6.087494e-06,1.0224994e-05,8.112494e-06,9.124994e-06,9.9993e-08,6.154164e-06,9.137495e-06,8.412496e-06,8.22916e-06,8.429161e-06
1,59,37.275,0.59,5.341665e-06,1.816662e-06,9.516661e-06,9.862494e-06,8.949995e-06,2.99166e-06,5.854161e-06,9.870831e-06,7.762495e-06,8.854158e-06,7.0826e-08,5.937497e-06,8.766659e-06,8.054161e-06,7.891663e-06,8.074999e-06
1,60,37.418,0.6,5.187495e-06,1.787496e-06,9.224995e-06,9.508331e-06,8.595832e-06,2.941664e-06,5.658333e-06,9.541663e-06,7.458329e-06,8.604161e-06,8.7492e-08,5.74166e-06,8.383329e-06,7.704162e-06,7.520827e-06,7.720828e-06
1,61,37.561,0.61,5.041663e-06,1.77083e-06,8.829164e-06,9.133331e-06,8.233333e-06,2.908325e-06,5.370831e-06,9.158325e-06,7.041661e-06,8.287493e-06,1.37496e-07,5.562496e-06,7.954161e-06,7.320825e-06,7.170828e-06,7.333326e-06
1,62,37.704,0.62,4.941662e-06,1.749992e-06,8.587495e-06,8.783332e-06,7.895827e-06,2.899996e-06,5.266658e-06,8.862496e-06,6.691662e-06,8.016666e-06,1.54161e-07,5.424992e-06,7.587496e-06,7.037497e-06,6.779162e-06,6.974999e-06
1,63,37.847,0.63,4.899995e-06,1.79166e-06,8.070827e-06,8.395831e-06,7.504161e-06,2.824998e-06,5.124998e-06,8.391658e-06,6.312498e-06,7.670832e-06,9.1664e-08,5.291661e-06,7.258328e-06,6.620828e-06,6.408326e-06,6.604163e-06
1,64,37.99,0.64,4.974993e-06,1.77083e-06,7.749994e-06,8.066662e-06,7.145826e-06,2.795831e-06,5.079166e-06,8.049997e-06,6.079165e-06,7.47083e-06,1.20831e-07,5.329164e-06,6.8875e-06,6.287495e-06,6.091658e-06,6.283331e-06
1,65,38.133,0.65,4.970829e-06,1.779159e-06,7.399996e-06,7.670832e-06,6.770825e-06,2.758328e-06,5.049992e-06,7.704162e-06,5.699992e-06,7.224997e-06,1.33332e-07,5.324991e-06,6.533329e-06,6.058327e-06,5.812494e-06,6.004159e-06
1,66,38.276,0.66,5.079166e-06,1.799997e-06,7.041661e-06,7.345827e-06,6.437492e-06,2.704159e-06,5.133327e-06,7.379158e-06,5.437493e-06,6.983328e-06,1.49997e-07,5.387497e-06,6.208332e-06,5.749996e-06,5.574997e-06,5.704164e-06
1,67,38.419,0.67,5.254165e-06,1.824999e-06,6.695827e-06,6.954161e-06,6.066664e-06,2.624997e-06,5.183331e-06,7.045825e-06,5.266658e-06,6.63333e-06,1.99993e-07,5.470832e-06,5.887493e-06,5.529165e-06,5.35833e-06,5.424992e-06
1,68,38.563,0.68,5.495826e-06,1.854165e-06,6.404161e-06,6.570832e-06,5.812494e-06,2.599994e-06,5.329164e-06,6.749995e-06,5.108333e-06,6.462495e-06,1.20831e-07,5.612493e-06,5.65416e-06,5.362495e-06,5.241664e-06,5.220827e-06
1,69,38.706,0.69,5.620829e-06,1.895825e-06,6.070828e-06,6.316662e-06,5.549995e-06,2.554162e-06,5.479161e-06,6.533329e-06,5.029162e-06,6.320826e-06,1.66663e-07,5.733331e-06,5.44583e-06,5.149992e-06,5.129163e-06,5.145828e-06
1,70,38.849,0.7,5.991666e-06,1.891661e-06,5.816658e-06,6.020832e-06,5.245829e-06,2.520831e-06,5.695828e-06,6.283331e-06,5.008332e-06,6.179166e-06,8.3327e-08,5.954162e-06,5.295825e-06,5.087495e-06,5.079166e-06,5.083331e-06
1,71,38.992,0.71,6.104159e-06,1.920827e-06,5.579162e-06,5.799993e-06,5.087495e-06,2.479164e-06,5.912495e-06,6.162492e-06,5.045827e-06,6.070828e-06,1.20831e-07,6.199996e-06,5.137499e-06,5.045827e-06,5.162493e-06,5.033326e-06
1,72,39.135,0.72,6.345828e-06,1.954158e-06,5.416663e-06,5.666661e-06,4.91666e-06,2.458326e-06,6.154164e-06,6.070828e-06,5.133327e-06,6.004159e-06,1.24995e-07,6.424999e-06,5.120826e-06,5.116661e-06,5.249993e-06,5.095832e-06
1,73,39.278,0.73,6.679161e-06,1.970832e-06,5.333328e-06,5.53333e-06,4.849998e-06,2.458326e-06,6.39166e-06,6.058327e-06,5.266658e-06,5.966663e-06,1.29159e-07,6.716665e-06,5.17083e-06,5.216662e-06,5.366659e-06,5.241664e-06
1,74,39.421,0.74,6.983328e-06,2.004163e-06,5.25833e-06,5.462496e-06,4.837497e-06,2.404165e-06,6.662496e-06,6.054163e-06,5.479161e-06,5.970828e-06,1.45825e-07,6.958326e-06,5.162493e-06,5.362495e-06,5.579162e-06,5.349994e-06
1,75,39.564,0.75,7.299996e-06,2.024992e-06,5.304162e-06,5.454159e-06,4.883329e-06,2.449997e-06,6.962498e-06,6.154164e-06,5.754161e-06,5.999994e-06,1.37496e-07,7.312497e-06,5.387497e-06,5.545831e-06,5.787492e-06,5.587498e-06
1,76,39.707,0.76,7.608326e-06,2.06666e-06,5.283332e-06,5.524993e-06,4.974993e-06,2.429159e-06,7.170828e-06,6.312498e-06,6.012495e-06,6.004159e-06,1.54161e-07,7.608326e-06,5.454159e-06,5.737495e-06,6.037497e-06,5.84166e-06
1,77,39.85,0.77,7.862496e-06,2.104163e-06,5.395826e-06,5.579162e-06,5.133327e-06,2.445825e-06,7.449993e-06,6.45833e-06,6.304161e-06,6.091658e-06,1.66663e-07,7.883326e-06,5.674998e-06,5.991666e-06,6.233327e-06,6.09583e-06
1,78,39.993,0.78,8.187492e-06,2.141659e-06,5.579162e-06,5.72083e-06,5.374996e-06,2.483328e-06,7.695826e-06,6.654159e-06,6.56666e-06,6.174993e-06,1.37496e-07,8.241662e-06,5.962499e-06,6.274994e-06,6.470831e-06,6.412498e-06
1,79,40.136,0.79,8.499996e-06,2.15416e-06,5.762497e-06,5.887493e-06,5.512492e-06,2.524996e-06,7.974998e-06,6.816666e-06,6.904165e-06,6.249992e-06,1.95829e-07,8.524998e-06,6.199996e-06,6.587497e-06,6.745831e-06,6.762496e-06
1,80,40.279,0.8,8.766659e-06,2.195827e-06,5.958327e-06,6.112496e-06,5.849997e-06,2.579164e-06,8.187492e-06,7.062499e-06,7.254163e-06,6.374995e-06,1.49997e-07,8.820828e-06,6.516663e-06,6.916666e-06,7.020831e-06,7.187494e-06
1,81,40.422,0.81,9.016665e-06,2.204164e-06,6.179166e-06,6.299997e-06,6.033325e-06,2.591666e-06,8.491659e-06,7.258328e-06,7.545829e-06,6.470831e-06,1.83328e-07,9.066661e-06,6.791663e-06,7.204159e-06,7.295831e-06,7.374994e-06
1,82,40.565,0.82,9.262498e-06,2.249996e-06,6.349993e-06,6.516663e-06,6.304161e-06,2.670829e-06,8.708326e-06,7.395832e-06,7.862496e-06,6.624993e-06,2.12495e-07,9.32916e-06,7.083328e-06,7.549993e-06,7.524999e-06,7.7125e-06
1,83,40.708,0.83,9.566665e-06,2.299992e-06,6.56666e-06,6.783327e-06,6.604163e-06,2.604159e-06,8.924992e-06,7.654166e-06,8.183329e-06,6.808329e-06,1.99993e-07,9.541663e-06,7.362493e-06,7.866661e-06,7.779161e-06,8.054161e-06
1,84,40.851,0.84,9.75833e-06,2.379163e-06,6.724993e-06,6.966663e-06,6.862497e-06,2.708332e-06,9.129159e-06,7.787497e-06,8.479166e-06,6.908329e-06,1.29159e-07,9.87916e-06,7.699999e-06,8.216659e-06,7.999993e-06,8.399995e-06
1,85,40.994,0.85,1.0016664e-05,2.262497e-06,6.983328e-06,7.187494e-06,7.187494e-06,2.674993e-06,9.420832e-06,8.054161e-06,8.816663e-06,7.079164e-06,1.79164e-07,1.0149995e-05,7.999993e-06,8.5375e-06,8.220832e-06,8.754166e-06
1,86,41.137,0.86,1.0270826e-05,2.291664e-06,7.149999e-06,7.349992e-06,7.462494e-06,2.724997e-06,9.579166e-06,8.199993e-06,9.208329e-06,7.220833e-06,2.0833e-07,1.0370827e-05,8.258326e-06,8.799998e-06,8.458328e-06,9.045832e-06
1,87,41.28,0.87,1.0433332e-05,2.399993e-06,7.316661e-06,7.566658e-06,7.716663e-06,2.720825e-06,9.841665e-06,8.304159e-06,9.39583e-06,7.329162e-06,2.0833e-07,1.0604159e-05,8.574994e-06,9.066661e-06,8.649993e-06,9.358327e-06
1,88,41.423,0.88,1.0699995e-05,2.358325e-06,7.49166e-06,7.7125e-06,8.029159e-06,2.758328e-06,1.0074997e-05,8.499996e-06,9.766666e-06,7.591661e-06,1.79164e-07,1.0858329e-05,8.883325e-06,9.424996e-06,8.899999e-06,9.695832e-06
1,89,41.566,0.89,1.0849993e-05,2.379163e-06,7.674996e-06,7.891663e-06,8.241662e-06,2.795831e-06,1.0274998e-05,8.720827e-06,1.0004163e-05,7.770833e-06,2.20831e-07,1.1029164e-05,9.14166e-06,9.766666e-06,9.133331e-06,9.970832e-06
1,90,41.709,0.9,1.1074996e-05,2.395828e-06,7.999993e-06,8.062498e-06,8.516661e-06,2.787495e-06,1.0487493e-05,8.908328e-06,1.024166e-05,7.93333e-06,1.99993e-07,1.1258332e-05,9.437497e-06,1.0062496e-05,9.270827e-06,1.032083e-05
1,91,41.852,0.91,1.1291663e-05,2.420831e-06,8.054161e-06,8.258326e-06,8.745829e-06,2.824998e-06,1.070416e-05,9.116666e-06,1.0479164e-05,8.145825e-06,1.79164e-07,1.1412493e-05,9.645828e-06,1.032916e-05,9.558328e-06,1.0533333e-05
1,92,41.995,0.92,1.1454161e-05,2.391664e-06,8.224996e-06,8.470829e-06,9.033331e-06,2.829162e-06,1.0929163e-05,9.312495e-06,1.0737499e-05,8.304159e-06,1.87492e-07,1.1666663e-05,9.999999e-06,1.0579165e-05,9.79166e-06,1.0887496e-05
1,93,42.139,0.93,1.1720832e-05,2.441661e-06,8.487495e-06,8.616662e-06,9.24166e-06,2.858329e-06,1.1129165e-05,9.50416e-06,1.1033329e-05,8.45e-06,1.95829e-07,1.1824997e-05,1.0208329e-05,1.0845828e-05,9.999999e-06,1.1099998e-05
1,94,42.282,0.94,1.1912497e-05,2.433332e-06,8.704162e-06,8.787497e-06,9.533326e-06,2.883331e-06,1.1345832e-05,9.720826e-06,1.1270833e-05,8.612497e-06,1.99993e-07,1.1958329e-05,1.0491665e-05,1.1091662e-05,1.0108328e-05,1.1404165e-05
1,95,42.425,0.95,1.1949992e-05,2.437496e-06,8.841665e-06,8.941666e-06,9.795833e-06,2.945828e-06,1.1562498e-05,9.866659e-06,1.1524995e-05,8.774996e-06,1.87492e-07,1.2120827e-05,1.080416e-05,1.1341659e-05,1.0454162e-05,1.1633332e-05
1,96,42.568,0.96,1.2104161e-05,2.462498e-06,9.041659e-06,9.116666e-06,9.995826e-06,2.954165e-06,1.1674992e-05,1.0062496e-05,1.1758328e-05,8.954159e-06,2.0833e-07,1.2358331e-05,1.1074996e-05,1.1566663e-05,1.0579165e-05,1.1858328e-05
1,97,42.711,0.97,1.2295826e-05,2.429159e-06,9.287493e-06,9.254161e-06,1.0245832e-05,2.933327e-06,1.1924998e-05,1.0279163e-05,1.1974995e-05,9.116666e-06,2.20831e-07,1.2479162e-05,1.1404165e-05,1.1916662e-05,1.0824998e-05,1.2125e-05
1,98,42.854,0.98,1.2441659e-05,2.437496e-06,9.520832e-06,9.424996e-06,1.0341661e-05,2.954165e-06,1.2116662e-05,1.0462499e-05,1.2220828e-05,9.324996e-06,2.33332e-07,1.2599993e-05,1.1566663e-05,1.2120827e-05,1.1095826e-05,1.2387498e-05
1,99,42.997,0.99,1.2624995e-05,2.441661e-06,9.745829e-06,9.566665e-06,1.0595831e-05,2.979159e-06,1.2216663e-05,1.0604159e-05,1.2358331e-05,9.458327e-06,2.20831e-07,1.2816659e-05,1.188333e-05,1.2270832e-05,1.1262497e-05,1.2574998e-05
1,100,43.14,1.0,1.2754163e-05,2.433332e-06,9.987497e-06,9.691659e-06,1.0779167e-05,3.033328e-06,1.2437495e-05,1.0816661e-05,1.2670827e-05,9.60416e-06,2.70828e-07,1.291666e-05,1.2079159e-05,1.2583328e-05,1.1545833e-05,1.2837498e-05
1,101,43.283,0.99,1.2591664e-05,2.395828e-06,9.749992e-06,9.549999e-06,1.0549998e-05,2.924999e-06,1.2208327e-05,1.0629161e-05,1.2283325e-05,9.441662e-06,2.0833e-07,1.2662498e-05,1.1712496e-05,1.2183333e-05,1.1229165e-05,1.2570827e-05
1,102,43.426,0.98,1.2333329e-05,2.387492e-06,9.545827e-06,9.245833e-06,1.0245832e-05,2.924999e-06,1.1999997e-05,1.0420831e-05,1.1999997e-05,9.258326e-06,1.58326e-07,1.2387498e-05,1.1458325e-05,1.1795831e-05,1.1062495e-05,1.2224992e-05
1,103,43.569,0.97,1.2070831e-05,2.345832e-06,9.345826e-06,9.083326e-06,9.904162e-06,2.879159e-06,1.1720832e-05,1.0137494e-05,1.1654162e-05,9.033331e-06,1.04165e-07,1.2108326e-05,1.106666e-05,1.1499993e-05,1.0741663e-05,1.1891659e-05
1,104,43.712,0.96,1.1787494e-05,2.295828e-06,9.008329e-06,8.774996e-06,9.541663e-06,2.816661e-06,1.1479163e-05,9.833328e-06,1.1216664e-05,8.841665e-06,1.08329e-07,1.1791666e-05,1.0691659e-05,1.1133329e-05,1.0416658e-05,1.1449996e-05
1,105,43.855,0.95,1.1499993e-05,2.262497e-06,8.766659e-06,8.491659e-06,9.204166e-06,2.812497e-06,1.1174997e-05,9.620825e-06,1.0949993e-05,8.562493e-06,9.5828e-08,1.1516667e-05,1.0304165e-05,1.0758328e-05,1.0149995e-05,1.1087497e-05
1,106,43.998,0.94,1.1229165e-05,2.241659e-06,8.433326e-06,8.212495e-06,8.870832e-06,2.720825e-06,1.0895832e-05,9.383329e-06,1.0520832e-05,8.345826e-06,3.3331e-08,1.1195826e-05,9.862494e-06,1.0416658e-05,9.845829e-06,1.070416e-05
1,107,44.141,0.93,1.0883331e-05,2.212493e-06,8.158326e-06,7.966662e-06,8.512497e-06,2.712496e-06,1.0687494e-05,9.037494e-06,1.0145831e-05,8.049997e-06,3.3331e-08,1.0962494e-05,9.441662e-06,9.991661e-06,9.545827e-06,1.0308329e-05
1,108,44.284,0.92,1.0645826e-05,2.241659e-06,7.820829e-06,7.645829e-06,8.212495e-06,2.599994e-06,1.0370827e-05,8.729164e-06,9.787496e-06,7.816664e-06,5.4161e-08,1.0662492e-05,9.087499e-06,9.608332e-06,9.237496e-06,9.941666e-06
1,109,44.427,0.91,1.0366663e-05,2.158332e-06,7.454165e-06,7.341663e-06,7.808328e-06,2.524996e-06,1.0004163e-05,8.458328e-06,9.404159e-06,7.566658e-06,6.2497e-08,1.0283327e-05,8.608326e-06,9.237496e-06,8.883325e-06,9.58333e-06
1,110,44.57,0.9,9.929165e-06,2.149995e-06,7.191666e-06,7.016659e-06,7.445828e-06,2.520831e-06,9.624998e-06,8.116658e-06,9.079162e-06,7.308332e-06,3.3331e-08,1.0024993e-05,8.254163e-06,8.874997e-06,8.579159e-06,9.208329e-06
1,111,44.713,0.89,9.595831e-06,2.058331e-06,6.762496e-06,6.716665e-06,7.079164e-06,2.441661e-06,9.299994e-06,7.812492e-06,8.704162e-06,7.024995e-06,2.083e-08,9.662493e-06,7.841659e-06,8.479166e-06,8.216659e-06,8.787497e-06
1,112,44.856,0.88,9.295829e-06,2.087498e-06,6.445829e-06,6.437492e-06,6.724993e-06,2.429159e-06,8.937494e-06,7.466666e-06,8.329161e-06,6.758332e-06,4.164e-09,9.358327e-06,7.458329e-06,8.087492e-06,7.937495e-06,8.429161e-06
1,113,44.999,0.87,8.920829e-06,2.049994e-06,6.116661e-06,6.074993e-06,6.316662e-06,2.345832e-06,8.595832e-06,7.166664e-06,7.824993e-06,6.512499e-06,1.2493e-08,8.983326e-06,7.087493e-06,7.608326e-06,7.55833e-06,7.929166e-06
1,114,45.142,0.86,8.549992e-06,2.004163e-06,5.795829e-06,5.754161e-06,5.924996e-06,2.287499e-06,8.245825e-06,6.824994e-06,7.533328e-06,6.199996e-06,-1.2501e-08,8.541663e-06,6.616664e-06,7.220833e-06,7.154163e-06,7.516662e-06
1,115,45.285,0.85,8.141661e-06,1.929164e-06,5.429165e-06,5.508327e-06,5.583326e-06,2.245831e-06,7.895827e-06,6.554159e-06,7.170828e-06,5.887493e-06,-2.9174e-08,8.199993e-06,6.299997e-06,6.816666e-06,6.833331e-06,7.154163e-06
1,116,45.428,0.84,7.754159e-06,1.941665e-06,5.116661e-06,5.224999e-06,5.187495e-06,2.191663e-06,7.49166e-06,6.241663e-06,6.616664e-06,5.683327e-06,-5.4169e-08,7.829165e-06,5.987493e-06,6.399997e-06,6.512499e-06,6.708328e-06
1,117,45.571,0.83,7.379158e-06,1.85833e-06,4.870828e-06,4.98333e-06,4.862499e-06,2.099999e-06,7.070827e-06,5.979165e-06,6.249992e-06,5.479161e-06,-7.0834e-08,7.449993e-06,5.616665e-06,6.033325e-06,6.154164e-06,6.262493e-06
1,118,45.715,0.82,6.974999e-06,1.824999e-06,4.62083e-06,4.820832e-06,4.683327e-06,2.091662e-06,6.674997e-06,5.716666e-06,5.854161e-06,5.208326e-06,-8.3335e-08,6.991665e-06,5.316663e-06,5.674998e-06,5.837496e-06,5.887493e-06
1,119,45.858,0.81,6.533329e-06,1.799997e-06,4.491663e-06,4.654161e-06,4.495827e-06,2.04583e-06,6.358329e-06,5.504163e-06,5.562496e-06,5.058328e-06,-8.3335e-08,6.63333e-06,5.124998e-06,5.37916e-06,5.53333e-06,5.620829e-06
1,120,46.001,0.8,6.199996e-06,1.766666e-06,4.458332e-06,4.64166e-06,4.395827e-06,2.049994e-06,5.933332e-06,5.362495e-06,5.254165e-06,4.962492e-06,-8.3335e-08,6.262493e-06,4.887494e-06,5.10416e-06,5.287496e-06,5.270831e-06
1,121,46.144,0.79,5.829159e-06,1.695832e-06,4.449995e-06,4.633331e-06,4.404164e-06,2.058331e-06,5.595827e-06,5.25833e-06,4.987494e-06,4.858327e-06,-1.04173e-07,5.879164e-06,4.79583e-06,4.862499e-06,5.049992e-06,5.024997e-06
1,122,46.287,0.78,5.470832e-06,1.666665e-06,4.566662e-06,4.754162e-06,4.466661e-06,2.087498e-06,5.27916e-06,5.283332e-06,4.791665e-06,4.824996e-06,-8.7508e-08,5.566661e-06,4.745825e-06,4.733332e-06,4.837497e-06,4.891666e-06
1,123,46.43,0.77,5.158329e-06,1.587494e-06,4.683327e-06,4.904159e-06,4.583327e-06,2.13333e-06,5.045827e-06,5.35833e-06,4.624995e-06,4.849998e-06,-9.1672e-08,5.254165e-06,4.72916e-06,4.637496e-06,4.679163e-06,4.749998e-06
1,124,46.573,0.76,4.883329e-06,1.579165e-06,4.849998e-06,5.133327e-06,4.762499e-06,2.13333e-06,4.808331e-06,5.424992e-06,4.529158e-06,4.887494e-06,-8.3335e-08,5.029162e-06,4.833333e-06,4.570826e-06,4.612494e-06,4.72916e-06
1,125,46.716,0.75,4.687492e-06,1.508331e-06,5.054164e-06,5.383333e-06,5.004159e-06,2.199992e-06,4.637496e-06,5.591663e-06,4.495827e-06,4.958328e-06,-7.5006e-08,4.879165e-06,4.991658e-06,4.658325e-06,4.595828e-06,4.72916e-06
1,126,46.859,0.74,4.53333e-06,1.508331e-06,5.354166e-06,5.708329e-06,5.304162e-06,2.266661e-06,4.549996e-06,5.916659e-06,4.595828e-06,5.091659e-06,-1.00009e-07,4.766663e-06,5.195832e-06,4.737497e-06,4.624995e-06,4.82916e-06
1,127,47.002,0.73,4.45416e-06,1.479165e-06,5.63333e-06,6.049999e-06,5.558332e-06,2.291664e-06,4.574998e-06,6.154164e-06,4.666662e-06,5.329164e-06,-1.12502e-07,4.758326e-06,5.474997e-06,4.89583e-06,4.812495e-06,4.954163e-06
1,128,47.145,0.72,4.466661e-06,1.483329e-06,5.999994e-06,6.408326e-06,5.945826e-06,2.324995e-06,4.654161e-06,6.454166e-06,4.866663e-06,5.449994e-06,-1.29175e-07,4.779164e-06,5.787492e-06,5.124998e-06,4.941662e-06,5.179159e-06
1,129,47.288,0.71,4.487499e-06,1.466664e-06,6.320826e-06,6.770825e-06,6.308325e-06,2.366662e-06,4.79583e-06,6.833331e-06,5.083331e-06,5.712493e-06,-1.3334e-07,4.866663e-06,6.033325e-06,5.362495e-06,5.17083e-06,5.524993e-06
1,130,47.431,0.7,4.629159e-06,1.487493e-06,6.641666e-06,7.099994e-06,6.624993e-06,2.441661e-06,4.958328e-06,7.1625e-06,5.341665e-06,5.887493e-06,-1.50005e-07,5.004159e-06,6.374995e-06,5.641659e-06,5.412499e-06,5.699992e-06
1,131,47.574,0.69,4.741661e-06,1.487493e-06,6.958326e-06,7.474995e-06,6.929159e-06,2.487493e-06,5.19166e-06,7.512498e-06,5.658333e-06,6.208332e-06,-1.37504e-07,5.254165e-06,6.75416e-06,5.933332e-06,5.704164e-06,6.058327e-06
1,132,47.717,0.68,5.012496e-06,1.49583e-06,7.299996e-06,7.845831e-06,7.295831e-06,2.504166e-06,5.391661e-06,7.862496e-06,5.970828e-06,6.404161e-06,-1.37504e-07,5.495826e-06,7.058326e-06,6.274994e-06,5.991666e-06,6.324999e-06
1,133,47.86,0.67,5.212498e-06,1.562492e-06,7.670832e-06,8.258326e-06,7.624992e-06,2.591666e-06,5.749996e-06,8.141661e-06,6.312498e-06,6.737494e-06,-1.04173e-07,5.737495e-06,7.437499e-06,6.587497e-06,6.308325e-06,6.716665e-06
1,134,48.003,0.66,5.529165e-06,1.574993e-06,8.004165e-06,8.595832e-06,7.912493e-06,2.549998e-06,5.979165e-06,8.516661e-06,6.620828e-06,7.004166e-06,-1.20838e-07,6.087494e-06,7.787497e-06,6.924995e-06,6.641666e-06,7.058326e-06
1,135,48.146,0.65,5.874999e-06,1.608332e-06,8.324997e-06,8.949995e-06,8.291666e-06,2.645826e-06,6.374995e-06,8.849995e-06,6.974999e-06,7.287495e-06,-1.29175e-07,6.374995e-06,8.179164e-06,7.37083e-06,6.995829e-06,7.412497e-06
1,136,48.289,0.64,6.208332e-06,1.616661e-06,8.624998e-06,9.266662e-06,8.604161e-06,2.674993e-06,6.691662e-06,9.158325e-06,7.299996e-06,7.554166e-06,-1.04173e-07,6.716665e-06,8.59166e-06,7.637493e-06,7.287495e-06,7.804163e-06
1,137,48.432,0.63,6.554159e-06,1.683331e-06,8.983326e-06,9.591659e-06,8.920829e-06,2.68333e-06,7.037497e-06,9.454163e-06,7.695826e-06,7.870825e-06,-1.16674e-07,7.099994e-06,8.908328e-06,7.93333e-06,7.570831e-06,8.12916e-06
1,138,48.575,0.62,6.908329e-06,1.662493e-06,9.312495e-06,9.887497e-06,9.249997e-06,2.737498e-06,7.391659e-06,9.820827e-06,8.204166e-06,8.116658e-06,-1.16674e-07,7.424998e-06,9.270827e-06,8.312496e-06,7.937495e-06,8.50416e-06
1,139,48.718,0.61,7.249999e-06,1.766666e-06,9.608332e-06,1.0229166e-05,9.554164e-06,2.754164e-06,7.724992e-06,1.015416e-05,8.354164e-06,8.462493e-06,-1.3334e-07,7.699999e-06,9.629162e-06,8.604161e-06,8.279165e-06,8.824993e-06
1,140,48.861,0.6,7.570831e-06,1.729163e-06,9.874995e-06,1.0533333e-05,9.804161e-06,2.824998e-06,8.066662e-06,1.0445825e-05,8.733328e-06,8.708326e-06,-7.5006e-08,8.104165e-06,9.949994e-06,8.987498e-06,8.662494e-06,9.195828e-06
1,141,49.004,0.59,7.879162e-06,1.762493e-06,1.0204164e-05,1.087083e-05,1.0137494e-05,2.812497e-06,8.404159e-06,1.0729162e-05,9.062497e-06,8.879161e-06,-1.62506e-07,8.441662e-06,1.0279163e-05,9.287493e-06,8.96666e-06,9.520832e-06
1,142,49.148,0.58,8.179164e-06,1.829163e-06,1.0558327e-05,1.1162496e-05,1.0374999e-05,2.808333e-06,8.708326e-06,1.0999997e-05,9.404159e-06,9.187492e-06,-1.83336e-07,8.774996e-06,1.0516659e-05,9.566665e-06,9.224995e-06,9.779159e-06
1,143,49.291,0.57,8.520826e-06,1.79166e-06,1.0862494e-05,1.1374998e-05,1.0658327e-05,2.78333e-06,9.012492e-06,1.1308328e-05,9.716662e-06,9.487494e-06,-2.5002e-08,9.058333e-06,1.0887496e-05,9.933328e-06,9.541663e-06,1.0174997e-05
1,144,49.434,0.56,8.816663e-06,1.824999e-06,1.1108327e-05,1.1724997e-05,1.0949993e-05,2.883331e-06,9.341661e-06,1.1566663e-05,1.0070833e-05,9.712498e-06,-1.58342e-07,9.345826e-06,1.1133329e-05,1.0170826e-05,9.804161e-06,1.0420831e-05
1,145,49.577,0.55,9.145832e-06,1.870831e-06,1.1387499e-05,1.1958329e-05,1.1254159e-05,2.833327e-06,9.695832e-06,1.1891659e-05,1.0387492e-05,9.983333e-06,-1.62506e-07,9.745829e-06,1.1524995e-05,1.0570828e-05,1.0170826e-05,1.0762493e-05
1,146,49.72,0.54,9.487494e-06,1.866659e-06,1.1674992e-05,1.2258331e-05,1.1429159e-05,2.904161e-06,9.962495e-06,1.2120827e-05,1.070416e-05,1.024166e-05,-1.62506e-07,9.920827e-06,1.1849999e-05,1.0866665e-05,1.0487493e-05,1.1058331e-05
1,147,49.863,0.53,9.779159e-06,1.870831e-06,1.1941664e-05,1.2499992e-05,1.1687493e-05,2.924999e-06,1.0258333e-05,1.2395827e-05,1.0983332e-05,1.0483329e-05,-1.54169e-07,1.0291664e-05,1.209166e-05,1.1095826e-05,1.0766666e-05,1.1345832e-05
1,148,50.006,0.52,1.0116664e-05,1.874995e-06,1.2158331e-05,1.2724996e-05,1.1912497e-05,2.916662e-06,1.0524996e-05,1.2624995e-05,1.1316665e-05,1.0720825e-05,-1.54169e-07,1.0599994e-05,1.224583e-05,1.1408329e-05,1.106666e-05,1.1658327e-05
1,149,50.149,0.51,1.040833e-05,1.85833e-06,1.2524994e-05,1.3012496e-05,1.2237493e-05,2.970831e-06,1.0829162e-05,1.2849999e-05,1.1558326e-05,1.095833e-05,-1.75007e-07,1.0833327e-05,1.2558333e-05,1.171666e-05,1.1358333e-05,1.1945828e-05
1,150,50.292,0.5,1.0737499e-05,1.908326e-06,1.2774992e-05,1.3362495e-05,1.245416e-05,2.95833e-06,1.1049994e-05,1.3120826e-05,1.1854164e-05,1.1154159e-05,-2.04174e-07,1.114583e-05,1.2774992e-05,1.1962493e-05,1.1599994e-05,1.2208327e-05
1,151,50.435,0.49,1.0987496e-05,1.908326e-06,1.2924997e-05,1.3562497e-05,1.2654162e-05,2.999997e-06,1.1391664e-05,1.3354166e-05,1.2125e-05,1.1358333e-05,-1.29175e-07,1.1399992e-05,1.3024997e-05,1.2341667e-05,1.1845827e-05,1.2479162e-05
1,152,50.578,0.48,1.1249996e-05,1.941665e-06,1.3133327e-05,1.3608328e-05,1.2874993e-05,3.016663e-06,1.1633332e-05,1.3541659e-05,1.2333329e-05,1.160833e-05,-1.6667e-07,1.1620831e-05,1.3229163e-05,1.2341667e-05,1.2137492e-05,1.2699993e-05
1,153,50.721,0.47,1.1487492e-05,1.966659e-06,1.3320828e-05,1.3858326e-05,1.3029162e-05,3.008326e-06,1.1816661e-05,1.3691663e-05,1.2624995e-05,1.1770829e-05,-1.6667e-07,1.1895831e-05,1.3529166e-05,1.2666663e-05,1.2241666e-05,1.3099996e-05
1,154,50.864,0.46,1.1754163e-05,1.974996e-06,1.3595827e-05,1.4041662e-05,1.3325e-05,3.087497e-06,1.209166e-05,1.3958327e-05,1.2904159e-05,1.1983331e-05,-1.95837e-07,1.2133328e-05,1.3679162e-05,1.2933326e-05,1.2462497e-05,1.3158329e-05
1,155,51.007,0.45,1.2041664e-05,1.983333e-06,1.382916e-05,1.4279159e-05,1.3491663e-05,3.187497e-06,1.2295826e-05,1.4187495e-05,1.309166e-05,1.2249994e-05,-1.70835e-07,1.2324993e-05,1.3920831e-05,1.3137499e-05,1.2741662e-05,1.3337493e-05
1,156,51.15,0.44,1.2212499e-05,1.983333e-06,1.4049999e-05,1.4483333e-05,1.3674999e-05,3.116663e-06,1.2537495e-05,1.4349993e-05,1.3283332e-05,1.2429166e-05,-1.45841e-07,1.2566662e-05,1.415e-05,1.3374996e-05,1.2945827e-05,1.36e-05
1,157,51.293,0.43,1.2445831e-05,2.012499e-06,1.4212497e-05,1.4716665e-05,1.3891665e-05,3.154159e-06,1.2849999e-05,1.4599998e-05,1.3604164e-05,1.2558333e-05,-2.08338e-07,1.2820832e-05,1.4404161e-05,1.3612493e-05,1.3195832e-05,1.3804166e-05
1,158,51.436,0.42,1.270833e-05,2.13333e-06,1.4404161e-05,1.4904165e-05,1.4020832e-05,3.083332e-06,1.3108333e-05,1.4716665e-05,1.3841661e-05,1.2783329e-05,-1.37504e-07,1.2999995e-05,1.45125e-05,1.382916e-05,1.3412499e-05,1.4095831e-05
1,159,51.579,0.41,1.2887494e-05,2.04583e-06,1.4641666e-05,1.5083328e-05,1.4237499e-05,3.120828e-06,1.3129163e-05,1.4862498e-05,1.4041662e-05,1.2954163e-05,-1.83336e-07,1.3195832e-05,1.4729166e-05,1.4004159e-05,1.3604164e-05,1.4254165e-05
1,160,51.722,0.4,1.317083e-05,2.037493e-06,1.4862498e-05,1.525e-05,1.4445829e-05,3.124992e-06,1.3358331e-05,1.5158327e-05,1.4283331e-05,1.3120826e-05,-1.83336e-07,1.3437494e-05,1.4924995e-05,1.4195832e-05,1.3837496e-05,1.4495826e-05
1,161,51.865,0.39,1.3362495e-05,2.012499e-06,1.5045825e-05,1.5416663e-05,1.4629165e-05,3.154159e-06,1.3595827e-05,1.5179166e-05,1.4433328e-05,1.3283332e-05,-1.91673e-07,1.3574998e-05,1.5133333e-05,1.445833e-05,1.4008331e-05,1.4683326e-05
1,162,52.008,0.38,1.353333e-05,2.091662e-06,1.511666e-05,1.559166e-05,1.475416e-05,3.154159e-06,1.3749996e-05,1.535833e-05,1.465416e-05,1.3458332e-05,-1.70835e-07,1.3770827e-05,1.5312497e-05,1.46125e-05,1.4220826e-05,1.4874999e-05
1,163,52.151,0.37,1.3737495e-05,2.108328e-06,1.5254163e-05,1.5724992e-05,1.4958326e-05,3.179161e-06,1.3954163e-05,1.5545829e-05,1.4920831e-05,1.3679162e-05,-1.62506e-07,1.3966664e-05,1.5533327e-05,1.4762497e-05,1.439166e-05,1.5091666e-05
1,164,52.294,0.36,1.3912495e-05,2.087498e-06,1.5516662e-05,1.5949996e-05,1.5141662e-05,3.187497e-06,1.4199996e-05,1.5708327e-05,1.4979164e-05,1.3783328e-05,-1.54169e-07,1.4120833e-05,1.5554166e-05,1.5024996e-05,1.4562495e-05,1.5270829e-05
1,165,52.437,0.35,1.4141663e-05,2.129165e-06,1.5604162e-05,1.6091664e-05,1.5258328e-05,3.204163e-06,1.4362494e-05,1.5879163e-05,1.5174993e-05,1.4054163e-05,-1.08337e-07,1.4341665e-05,1.575416e-05,1.5204159e-05,1.4783327e-05,1.5495832e-05
1,166,52.58,0.34,1.4283331e-05,2.13333e-06,1.5862497e-05,1.6220833e-05,1.5408334e-05,3.224993e-06,1.4491661e-05,1.5999993e-05,1.5341664e-05,1.408333e-05,-1.37504e-07,1.4466659e-05,1.5949996e-05,1.5383332e-05,1.490833e-05,1.5641666e-05
1,167,52.724,0.33,1.4483333e-05,2.112492e-06,1.5999993e-05,1.638333e-05,1.5674996e-05,3.249995e-06,1.4691663e-05,1.6212494e-05,1.5537493e-05,1.4141663e-05,-1.83336e-07,1.4704164e-05,1.6212494e-05,1.5629164e-05,1.51625e-05,1.583333e-05
1,168,52.867,0.32,1.463333e-05,2.062495e-06,1.6183329e-05,1.6583332e-05,1.5774996e-05,3.162495e-06,1.4858325e-05,1.6391659e-05,1.5699998e-05,1.4362494e-05,-1.50005e-07,1.490833e-05,1.6308331e-05,1.5745831e-05,1.5287495e-05,1.5995829e-05
1,169,53.01,0.31,1.4712493e-05,2.129165e-06,1.6341663e-05,1.6729164e-05,1.5887499e-05,3.216664e-06,1.5041661e-05,1.649166e-05,1.5904165e-05,1.4504162e-05,-2.08338e-07,1.4974999e-05,1.6483331e-05,1.5945832e-05,1.5399997e-05,1.6208331e-05
1,170,53.153,0.3,1.4870827e-05,2.124993e-06,1.6454163e-05,1.6883325e-05,1.5962498e-05,3.241658e-06,1.5212496e-05,1.6683332e-05,1.6079164e-05,1.4699999e-05,-2.04174e-07,1.5074992e-05,1.6608326e-05,1.610833e-05,1.5637494e-05,1.6279166e-05
1,171,53.296,0.29,1.5074992e-05,2.174997e-06,1.6649994e-05,1.7008328e-05,1.6141661e-05,3.254159e-06,1.5333326e-05,1.6812499e-05,1.6249998e-05,1.4829159e-05,-1.45841e-07,1.5241662e-05,1.6874998e-05,1.62625e-05,1.5787498e-05,1.6537499e-05
1,172,53.439,0.28,1.5166665e-05,2.087498e-06,1.6837494e-05,1.7104165e-05,1.6245825e-05,3.237494e-06,1.5537493e-05,1.6908327e-05,1.6445827e-05,1.4970827e-05,-1.50005e-07,1.5366666e-05,1.7066661e-05,1.6529162e-05,1.5954161e-05,1.6633328e-05
1,173,53.582,0.27,1.5387495e-05,2.079161e-06,1.6991664e-05,1.7254162e-05,1.6470829e-05,3.308328e-06,1.5620828e-05,1.7062497e-05,1.6583332e-05,1.5133333e-05,-1.62506e-07,1.5529164e-05,1.7062497e-05,1.6708327e-05,1.6124995e-05,1.6816664e-05
1,174,53.725,0.26,1.5549993e-05,2.06666e-06,1.71875e-05,1.7491666e-05,1.6579159e-05,3.329166e-06,1.5783326e-05,1.7170827e-05,1.6762495e-05,1.5287495e-05,-1.54169e-07,1.5679161e-05,1.7212495e-05,1.6787497e-05,1.6312495e-05,1.7008328e-05
1,175,53.868,0.25,1.5695827e-05,2.099999e-06,1.7149996e-05,1.7566665e-05,1.6762495e-05,3.308328e-06,1.5949996e-05,1.7354163e-05,1.6891663e-05,1.5404161e-05,-1.70835e-07,1.5858332e-05,1.7370829e-05,1.6924992e-05,1.6512497e-05,1.7158325e-05
1,176,54.011,0.24,1.5883326e-05,2.120829e-06,1.7329161e-05,1.77375e-05,1.6912492e-05,3.33333e-06,1.6112495e-05,1.74625e-05,1.7045832e-05,1.5554166e-05,-1.58342e-07,1.6004165e-05,1.7529163e-05,1.7066661e-05,1.6637492e-05,1.7270828e-05
1,177,54.154,0.23,1.6024995e-05,2.124993e-06,1.74625e-05,1.786666e-05,1.6991664e-05,3.341659e-06,1.6291666e-05,1.7541663e-05,1.7154161e-05,1.5699998e-05,-1.37504e-07,1.6120832e-05,1.7624998e-05,1.7383329e-05,1.6624999e-05,1.741666e-05
1,178,54.297,0.22,1.610833e-05,2.112492e-06,1.7612498e-05,1.7999999e-05,1.71875e-05,3.358332e-06,1.639583e-05,1.775833e-05,1.7333332e-05,1.5812493e-05,-2.04174e-07,1.62625e-05,1.7795834e-05,1.7370829e-05,1.69e-05,1.7520833e-05
1,179,54.44,0.21,1.6295831e-05,2.158332e-06,1.77375e-05,1.8087498e-05,1.7258326e-05,3.44166e-06,1.6524999e-05,1.786666e-05,1.7520833e-05,1.5983327e-05,-1.87508e-07,1.6399996e-05,1.7954168e-05,1.7508331e-05,1.6949994e-05,1.7708333e-05
1,180,54.583,0.2,1.6495831e-05,2.162496e-06,1.7891662e-05,1.8212493e-05,1.7341661e-05,3.479163e-06,1.6591661e-05,1.7991662e-05,1.7633327e-05,1.6062499e-05,-1.54169e-07,1.655833e-05,1.8041666e-05,1.76375e-05,1.7024993e-05,1.7824999e-05
1,181,54.726,0.19,1.6633328e-05,2.137494e-06,1.8041666e-05,1.834166e-05,1.7487495e-05,3.383326e-06,1.6858332e-05,1.8108329e-05,1.7829163e-05,1.6304159e-05,-1.70835e-07,1.6624999e-05,1.8208329e-05,1.7766666e-05,1.7320832e-05,1.79125e-05
1,182,54.869,0.18,1.6729164e-05,2.204164e-06,1.8137494e-05,1.8504166e-05,1.7649993e-05,3.362497e-06,1.7012493e-05,1.8262497e-05,1.8008328e-05,1.6362492e-05,-1.12502e-07,1.6795826e-05,1.8370827e-05,1.7949995e-05,1.740416e-05,1.8079161e-05
1,183,55.012,0.17,1.6858332e-05,2.158332e-06,1.8216666e-05,1.8608333e-05,1.7724999e-05,3.370825e-06,1.7175e-05,1.8370827e-05,1.8083327e-05,1.6512497e-05,-1.12502e-07,1.6937494e-05,1.8516659e-05,1.8070832e-05,1.7516661e-05,1.8262497e-05
1,184,55.155,0.16,1.6929165e-05,2.195827e-06,1.8362498e-05,1.8729163e-05,1.7841665e-05,3.399992e-06,1.7129159e-05,1.8529161e-05,1.8216666e-05,1.6624999e-05,-1.37504e-07,1.7012493e-05,1.8574992e-05,1.8224995e-05,1.7666665e-05,1.8375e-05
1,185,55.298,0.15,1.7179163e-05,2.195827e-06,1.8475001e-05,1.8849993e-05,1.7999999e-05,3.42083e-06,1.730833e-05,1.8804161e-05,1.8383329e-05,1.6749995e-05,-1.25003e-07,1.7083326e-05,1.8745828e-05,1.8420831e-05,1.7812499e-05,1.8504166e-05
1,186,55.441,0.14,1.7262499e-05,2.208328e-06,1.861666e-05,1.894583e-05,1.8129165e-05,3.470826e-06,1.7424996e-05,1.8687495e-05,1.8537497e-05,1.684583e-05,-1.16674e-07,1.7254162e-05,1.8833327e-05,1.8524996e-05,1.7937493e-05,1.8687495e-05
1,187,55.584,0.13,1.7324995e-05,2.25416e-06,1.8766665e-05,1.9037492e-05,1.8229166e-05,3.449996e-06,1.7529163e-05,1.8745828e-05,1.8758328e-05,1.7004164e-05,-1.16674e-07,1.7383329e-05,1.8941664e-05,1.861666e-05,1.8104163e-05,1.8808332e-05
1,188,55.727,0.12,1.7541663e-05,2.170825e-06,1.8849993e-05,1.9245832e-05,1.8349998e-05,3.483327e-06,1.7649993e-05,1.8904162e-05,1.8712497e-05,1.7233331e-05,-1.45841e-07,1.7549999e-05,1.9079162e-05,1.8804161e-05,1.8066661e-05,1.894583e-05
1,189,55.87,0.11,1.7662493e-05,2.195827e-06,1.9041665e-05,1.9324994e-05,1.8466664e-05,3.44166e-06,1.7845829e-05,1.9012499e-05,1.8845829e-05,1.7191664e-05,-2.04174e-07,1.7670831e-05,1.9170833e-05,1.8874995e-05,1.8358325e-05,1.9174997e-05
1,190,56.013,0.1,1.7779159e-05,2.208328e-06,1.91125e-05,1.9437495e-05,1.8599994e-05,3.470826e-06,1.7837492e-05,1.9145831e-05,1.9058331e-05,1.7408331e-05,-1.20838e-07,1.7779159e-05,1.9312492e-05,1.9058331e-05,1.8412495e-05,1.9179161e-05
1,191,56.156,0.09,1.7787495e-05,2.216665e-06,1.9245832e-05,1.952916e-05,1.8899997e-05,3.516658e-06,1.8008328e-05,1.923333e-05,1.9108327e-05,1.7574994e-05,-1.25003e-07,1.7920827e-05,1.9379162e-05,1.9041665e-05,1.8520832e-05,1.9312492e-05
1,192,56.3,0.08,1.7991662e-05,2.208328e-06,1.9349996e-05,1.9716661e-05,1.8779167e-05,3.554161e-06,1.8158333e-05,1.9320829e-05,1.9249996e-05,1.7537499e-05,-8.3335e-08,1.8004162e-05,1.9558327e-05,1.916666e-05,1.8687495e-05,1.9329167e-05
1,193,56.443,0.07,1.8058332e-05,2.23333e-06,1.9399993e-05,1.9687493e-05,1.8954166e-05,3.508329e-06,1.8254161e-05,1.9470826e-05,1.9379162e-05,1.758333e-05,-1.58342e-07,1.8049996e-05,1.9662499e-05,1.9283327e-05,1.8716661e-05,1.9537496e-05
1,194,56.586,0.06,1.8149996e-05,2.249996e-06,1.9504165e-05,1.9924999e-05,1.9029165e-05,3.512494e-06,1.8391665e-05,1.9549998e-05,1.9499994e-05,1.7745828e-05,-1.12502e-07,1.822083e-05,1.9699995e-05,1.9462497e-05,1.88375e-05,1.9499994e-05
1,195,56.729,0.05,1.8283328e-05,2.195827e-06,1.9620831e-05,1.9904161e-05,1.9049994e-05,3.558326e-06,1.8545827e-05,1.9645826e-05,1.9579164e-05,1.7808326e-05,-1.70835e-07,1.8241661e-05,1.997083e-05,1.9579164e-05,1.8970832e-05,1.9733325e-05
1,196,56.872,0.04,1.8395829e-05,2.195827e-06,1.9841664e-05,2.0049993e-05,1.9204164e-05,3.504165e-06,1.860416e-05,1.97625e-05,1.9691666e-05,1.7962495e-05,-1.83336e-07,1.8391665e-05,2.0083333e-05,1.9674993e-05,1.9070832e-05,1.9845827e-05
1,197,57.015,0.03,1.8549999e-05,2.179162e-06,1.9837498e-05,2.0162495e-05,1.9312492e-05,3.524995e-06,1.8679166e-05,1.9866666e-05,1.9816662e-05,1.804583e-05,-1.83336e-07,1.849583e-05,2.0125e-05,1.9854164e-05,1.9241666e-05,1.9929163e-05
1,198,57.158,0.02,1.8587494e-05,2.187498e-06,1.9916661e-05,2.0295827e-05,1.9416666e-05,3.545833e-06,1.8804161e-05,1.9991659e-05,1.9874993e-05,1.8120829e-05,-1.62506e-07,1.8658327e-05,2.0116662e-05,2.0087497e-05,1.9199999e-05,2.0016661e-05
1,199,57.301,0.01,1.8762494e-05,2.195827e-06,2.0237494e-05,2.0499992e-05,1.9487492e-05,3.554161e-06,1.8970832e-05,2.0074995e-05,1.9941665e-05,1.8241661e-05,-1.79172e-07,1.8708331e-05,2.0070831e-05,1.9983332e-05,1.93875e-05,2.0112499e-05
1,200,57.444,0.0,1.8895833e-05,2.237495e-06,2.0129164e-05,2.0483327e-05,1.9620831e-05,3.595829e-06,1.9099998e-05,2.0129164e-05,2.0025e-05,1.8337496e-05,-1.79172e-07,1.8812498e-05,2.0316664e-05,2.0008325e-05,1.9637497e-05,2.0166659e-05
,,,,,,,,,,,,,,,,,,,,1,0.63,0.62,0.74,0.75,0.74,0.74,0.65,0.74,0.7,0.73,0.08,0.63,0.72,0.71,0.7,0.71,0.73,0.71,0.79,0.79,0.8,0.81,0.74,0.79,0.75,0.78,0.88,0.73,0.77,0.76,0.75,0.76
2,0,57.71,0.0,1.8979161e-05,2.23333e-06,2.0187497e-05,2.0508329e-05,1.962916e-05,3.620831e-06,1.9012499e-05,2.024583e-05,2.0179161e-05,1.8424997e-05,-1.50005e-07,1.8791659e-05,2.0308327e-05,2.0083333e-05,1.9545832e-05,2.025416e-05
2,1,57.853,0.01,1.889166e-05,2.291664e-06,2.0137493e-05,2.0466661e-05,1.9566663e-05,3.633332e-06,1.8999997e-05,2.0070831e-05,2.0099997e-05,1.8324996e-05,-1.3334e-07,1.8658327e-05,2.026666e-05,2.0008325e-05,1.942083e-05,2.0183334e-05
2,2,57.996,0.02,1.8991661e-05,2.358325e-06,2.007916e-05,2.0424994e-05,1.9504165e-05,3.624996e-06,1.8841663e-05,2.0174995e-05,2.0087497e-05,1.8262497e-05,-1.08337e-07,1.8583329e-05,2.0220828e-05,2.0008325e-05,1.9308329e-05,2.0058329e-05
2,3,58.139,0.03,1.877083e-05,2.34166e-06,2.0012498e-05,2.0337495e-05,1.9399993e-05,3.645825e-06,1.8724997e-05,1.9908333e-05,1.9995832e-05,1.8249997e-05,-7.9171e-08,1.8412495e-05,2.0120828e-05,1.9895831e-05,1.9279161e-05,1.995833e-05
2,4,58.282,0.04,1.8712497e-05,2.34166e-06,1.9920826e-05,2.0208327e-05,1.9329167e-05,3.674992e-06,1.8612496e-05,1.9879166e-05,1.9966667e-05,1.8162496e-05,-5.0004e-08,1.8362498e-05,2.0020827e-05,1.9729161e-05,1.9154159e-05,1.9891659e-05
2,5,58.425,0.05,1.8345832e-05,2.374999e-06,1.9908333e-05,2.0112499e-05,1.9183326e-05,3.60833e-06,1.8508332e-05,1.9729161e-05,1.9783331e-05,1.8179162e-05,-4.584e-08,1.8254161e-05,1.9887495e-05,1.9641662e-05,1.9116664e-05,1.985e-05
2,6,58.568,0.06,1.8420831e-05,2.370826e-06,1.9833325e-05,1.9979159e-05,1.9145831e-05,3.654162e-06,1.8312494e-05,1.969583e-05,1.9495828e-05,1.8137494e-05,8.329e-09,1.8124994e-05,1.9820833e-05,1.9487492e-05,1.8983332e-05,1.9745827e-05
2,7,58.711,0.07,1.81e-05,2.34166e-06,1.9645826e-05,1.9979159e-05,1.9029165e-05,3.658326e-06,1.8166662e-05,1.9641662e-05,1.9433332e-05,1.785833e-05,-4.584e-08,1.8029164e-05,1.969583e-05,1.940833e-05,1.8874995e-05,1.9549998e-05
2,8,58.855,0.08,1.8049996e-05,2.395828e-06,1.9641662e-05,1.9783331e-05,1.8849993e-05,3.558326e-06,1.8079161e-05,1.9524996e-05,1.9320829e-05,1.7733328e-05,-3.7503e-08,1.7812499e-05,1.9566663e-05,1.9295827e-05,1.8754165e-05,1.9449997e-05
2,9,58.998,0.09,1.7991662e-05,2.366662e-06,1.9433332e-05,1.9741663e-05,1.8854165e-05,3.658326e-06,1.7929164e-05,1.9466663e-05,1.9245832e-05,1.7708333e-05,-3.3339e-08,1.7712498e-05,1.9524996e-05,1.9170833e-05,1.8720826e-05,1.9358333e-05
2,10,59.141,0.1,1.7808326e-05,2.349997e-06,1.9395828e-05,1.969583e-05,1.8774994e-05,3.641661e-06,1.7762493e-05,1.9391664e-05,1.9104164e-05,1.7658329e-05,-5.4169e-08,1.7541663e-05,1.9399993e-05,1.9137493e-05,1.8545827e-05,1.9241666e-05
2,11,59.284,0.11,1.7395831e-05,2.316666e-06,1.9262498e-05,1.9549998e-05,1.8629162e-05,3.670827e-06,1.7616661e-05,1.92875e-05,1.8966659e-05,1.7562492e-05,-1.6673e-08,1.7366663e-05,1.92875e-05,1.8983332e-05,1.8470828e-05,1.9116664e-05
2,12,59.427,0.12,1.7362499e-05,2.333331e-06,1.9191662e-05,1.9445833e-05,1.8504166e-05,3.649998e-06,1.7449998e-05,1.9170833e-05,1.8862494e-05,1.7454164e-05,-1.2501e-08,1.7379165e-05,1.9124993e-05,1.8824998e-05,1.8354162e-05,1.8995834e-05
2,13,59.57,0.13,1.7104165e-05,2.329159e-06,1.9024999e-05,1.9333331e-05,1.8399993e-05,3.62916e-06,1.7304166e-05,1.9020828e-05,1.8741663e-05,1.7333332e-05,-1.2501e-08,1.7033331e-05,1.9129166e-05,1.8683329e-05,1.8224995e-05,1.8791659e-05
2,14,59.713,0.14,1.6920829e-05,2.32083e-06,1.894583e-05,1.9108327e-05,1.8229166e-05,3.637497e-06,1.7183327e-05,1.8916662e-05,1.8624996e-05,1.724166e-05,8.329e-09,1.6904163e-05,1.9124993e-05,1.8612496e-05,1.8079161e-05,1.8691659e-05
2,15,59.856,0.15,1.6770831e-05,2.333331e-06,1.8791659e-05,1.9149995e-05,1.8162496e-05,3.641661e-06,1.7024993e-05,1.8845829e-05,1.8379164e-05,1.7116667e-05,2.083e-08,1.6770831e-05,1.88375e-05,1.8375e-05,1.8004162e-05,1.8558327e-05
2,16,59.999,0.16,1.6591661e-05,2.32083e-06,1.8654164e-05,1.8970832e-05,1.8054159e-05,3.570827e-06,1.6879161e-05,1.8762494e-05,1.832083e-05,1.7049995e-05,-1.2501e-08,1.6595832e-05,1.8620833e-05,1.8295828e-05,1.7983333e-05,1.8387493e-05
2,17,60.142,0.17,1.6433327e-05,2.345832e-06,1.8633325e-05,1.88375e-05,1.7862494e-05,3.637497e-06,1.6712498e-05,1.8579165e-05,1.8216666e-05,1.6941667e-05,2.4994e-08,1.6470829e-05,1.8520832e-05,1.8066661e-05,1.7683331e-05,1.8295828e-05
2,18,60.285,0.18,1.6270827e-05,2.358325e-06,1.8412495e-05,1.8829163e-05,1.7770832e-05,3.599993e-06,1.645e-05,1.8479164e-05,1.804583e-05,1.6874998e-05,-1.6673e-08,1.6295831e-05,1.8366663e-05,1.7999999e-05,1.7716662e-05,1.815416e-05
2,19,60.428,0.19,1.6120832e-05,2.358325e-06,1.8262497e-05,1.8537497e-05,1.7754166e-05,3.599993e-06,1.6312495e-05,1.8379164e-05,1.7812499e-05,1.6691662e-05,-8e-12,1.6104166e-05,1.8249997e-05,1.7824999e-05,1.7524997e-05,1.8079161e-05
2,20,60.571,0.2,1.5908328e-05,2.362498e-06,1.8204164e-05,1.8445826e-05,1.74625e-05,3.624996e-06,1.6166663e-05,1.8204164e-05,1.7674995e-05,1.6499996e-05,4.166e-08,1.5899999e-05,1.8083327e-05,1.7712498e-05,1.7249997e-05,1.7804161e-05
2,21,60.714,0.21,1.5791662e-05,2.374999e-06,1.8066661e-05,1.8412495e-05,1.7495831e-05,3.662499e-06,1.5949996e-05,1.8104163e-05,1.7629163e-05,1.6404159e-05,3.7495e-08,1.5804164e-05,1.7949995e-05,1.7533326e-05,1.7145832e-05,1.7670831e-05
2,22,60.857,0.22,1.5512498e-05,2.324995e-06,1.7920827e-05,1.8170826e-05,1.7224995e-05,3.662499e-06,1.582083e-05,1.7974997e-05,1.7379165e-05,1.6199994e-05,4.5832e-08,1.5695827e-05,1.7829163e-05,1.7391665e-05,1.6995828e-05,1.7487495e-05
2,23,61.0,0.23,1.5379166e-05,2.34166e-06,1.7733328e-05,1.8029164e-05,1.7087499e-05,3.545833e-06,1.5608326e-05,1.7833328e-05,1.7204165e-05,1.6079164e-05,-8.337e-09,1.5374993e-05,1.770416e-05,1.7220831e-05,1.6879161e-05,1.7329161e-05
2,24,61.143,0.24,1.5083328e-05,2.454162e-06,1.76375e-05,1.7870832e-05,1.6904163e-05,3.524995e-06,1.5495832e-05,1.7654165e-05,1.7037495e-05,1.5949996e-05,7.4999e-08,1.5179166e-05,1.7529163e-05,1.7108328e-05,1.6695833e-05,1.7233331e-05
2,25,61.286,0.25,1.4912494e-05,2.34166e-06,1.7449998e-05,1.7729164e-05,1.6820828e-05,3.529159e-06,1.5166665e-05,1.7529163e-05,1.6949994e-05,1.5849995e-05,4.164e-09,1.5037497e-05,1.7341661e-05,1.6920829e-05,1.6537499e-05,1.7054161e-05
2,26,61.429,0.26,1.4737495e-05,2.295828e-06,1.729583e-05,1.757083e-05,1.6633328e-05,3.487492e-06,1.4912494e-05,1.7441662e-05,1.683333e-05,1.5716663e-05,7.0826e-08,1.4874999e-05,1.7137496e-05,1.6670831e-05,1.6370828e-05,1.6912492e-05
2,27,61.572,0.27,1.4454166e-05,2.345832e-06,1.7104165e-05,1.7429162e-05,1.6470829e-05,3.524995e-06,1.4824995e-05,1.7224995e-05,1.6670831e-05,1.5587497e-05,8.3327e-08,1.4616664e-05,1.7033331e-05,1.6574995e-05,1.6170827e-05,1.6754166e-05
2,28,61.715,0.28,1.420416e-05,2.358325e-06,1.7029166e-05,1.7283328e-05,1.6362492e-05,3.504165e-06,1.4562495e-05,1.7070826e-05,1.6366665e-05,1.5541666e-05,2.9159e-08,1.4425e-05,1.6941667e-05,1.6454163e-05,1.6054162e-05,1.6554164e-05
2,29,61.858,0.29,1.4074993e-05,2.295828e-06,1.6879161e-05,1.7149996e-05,1.6158327e-05,3.479163e-06,1.4345828e-05,1.69e-05,1.6191665e-05,1.5279165e-05,4.5832e-08,1.4124998e-05,1.6774997e-05,1.6183329e-05,1.5908328e-05,1.6399996e-05
2,30,62.001,0.3,1.3791664e-05,2.316666e-06,1.6749995e-05,1.6937494e-05,1.5983327e-05,3.495828e-06,1.4141663e-05,1.6795826e-05,1.5991664e-05,1.525e-05,1.04165e-07,1.3945826e-05,1.6587495e-05,1.6091664e-05,1.5729165e-05,1.6316661e-05
2,31,62.144,0.31,1.3583326e-05,2.329159e-06,1.6516662e-05,1.6783333e-05,1.5874997e-05,3.479163e-06,1.3937497e-05,1.6654165e-05,1.5804164e-05,1.4924995e-05,8.7492e-08,1.3737495e-05,1.6320833e-05,1.5845832e-05,1.5570831e-05,1.6029158e-05
2,32,62.287,0.32,1.3295826e-05,2.329159e-06,1.6408332e-05,1.6695833e-05,1.5695827e-05,3.504165e-06,1.3683327e-05,1.6483331e-05,1.5695827e-05,1.4912494e-05,2.4994e-08,1.3516665e-05,1.6129159e-05,1.5637494e-05,1.5312497e-05,1.5791662e-05
2,33,62.431,0.33,1.309166e-05,2.299992e-06,1.6237498e-05,1.6495831e-05,1.5537493e-05,3.504165e-06,1.3474997e-05,1.6320833e-05,1.547083e-05,1.4587497e-05,9.1664e-08,1.3349994e-05,1.5983327e-05,1.5454165e-05,1.5195831e-05,1.5599999e-05
2,34,62.574,0.34,1.2799994e-05,2.291664e-06,1.6054162e-05,1.6245825e-05,1.5299996e-05,3.458325e-06,1.3212498e-05,1.6129159e-05,1.521666e-05,1.4437493e-05,2.083e-08,1.3099996e-05,1.583333e-05,1.5299996e-05,1.502916e-05,1.5424999e-05
2,35,62.717,0.35,1.2549996e-05,2.229158e-06,1.5774996e-05,1.6145825e-05,1.5179166e-05,3.458325e-06,1.2962492e-05,1.5962498e-05,1.5041661e-05,1.4308325e-05,4.9996e-08,1.2874993e-05,1.5629164e-05,1.5041661e-05,1.4833331e-05,1.5137498e-05
2,36,62.86,0.36,1.2262495e-05,2.287499e-06,1.5608326e-05,1.5908328e-05,1.4866662e-05,3.474998e-06,1.2779165e-05,1.5791662e-05,1.4812494e-05,1.4141663e-05,6.6662e-08,1.252083e-05,1.5383332e-05,1.4849997e-05,1.4583326e-05,1.4966663e-05
2,37,63.003,0.37,1.1991659e-05,2.23333e-06,1.5483332e-05,1.5670832e-05,1.4720829e-05,3.387499e-06,1.2462497e-05,1.5654166e-05,1.4591662e-05,1.3983329e-05,6.2497e-08,1.2304163e-05,1.5279165e-05,1.4683326e-05,1.4383332e-05,1.4799993e-05
2,38,63.146,0.38,1.1754163e-05,2.208328e-06,1.5195831e-05,1.5558329e-05,1.4495826e-05,3.391663e-06,1.2249994e-05,1.5433327e-05,1.4408326e-05,1.3804166e-05,6.2497e-08,1.2112499e-05,1.5074992e-05,1.447916e-05,1.4183331e-05,1.4558331e-05
2,39,63.289,0.39,1.1479163e-05,2.208328e-06,1.5079165e-05,1.5308333e-05,1.4412499e-05,3.408329e-06,1.1945828e-05,1.5199995e-05,1.4183331e-05,1.36e-05,7.0826e-08,1.1820833e-05,1.4708328e-05,1.4324999e-05,1.3924996e-05,1.429166e-05
2,40,63.432,0.4,1.1204163e-05,2.191663e-06,1.4874999e-05,1.5212496e-05,1.4154164e-05,3.35416e-06,1.1729161e-05,1.502916e-05,1.391666e-05,1.3429165e-05,8.3327e-08,1.1654162e-05,1.4562495e-05,1.4116661e-05,1.3762497e-05,1.4074993e-05
2,41,63.575,0.41,1.0895832e-05,2.212493e-06,1.4658332e-05,1.4987492e-05,1.3929161e-05,3.424994e-06,1.135416e-05,1.4829159e-05,1.3695828e-05,1.3249994e-05,2.4994e-08,1.1324993e-05,1.4425e-05,1.3633331e-05,1.3491663e-05,1.3849997e-05
2,42,63.718,0.42,1.0620833e-05,2.170825e-06,1.4337492e-05,1.4670833e-05,1.3737495e-05,3.35416e-06,1.1174997e-05,1.4591662e-05,1.3404163e-05,1.300416e-05,1.04165e-07,1.1041665e-05,1.4116661e-05,1.3474997e-05,1.3291661e-05,1.3549996e-05
2,43,63.861,0.43,1.0362498e-05,2.191663e-06,1.4174994e-05,1.4524992e-05,1.3512492e-05,3.358332e-06,1.0937492e-05,1.4329164e-05,1.3116662e-05,1.2791666e-05,2.9159e-08,1.0737499e-05,1.3874999e-05,1.3166666e-05,1.3108333e-05,1.3316663e-05
2,44,64.004,0.44,1.0020828e-05,2.145831e-06,1.3929161e-05,1.4183331e-05,1.3274996e-05,3.374998e-06,1.0629161e-05,1.415e-05,1.2887494e-05,1.2679164e-05,8.7492e-08,1.0449998e-05,1.3616665e-05,1.2895831e-05,1.2666663e-05,1.3074994e-05
2,45,64.147,0.45,9.729163e-06,2.137494e-06,1.3699992e-05,1.3979165e-05,1.3037499e-05,3.324993e-06,1.0316666e-05,1.3941662e-05,1.2595829e-05,1.2387498e-05,4.5832e-08,1.0166661e-05,1.3337493e-05,1.2583328e-05,1.2449996e-05,1.2804167e-05
2,46,64.29,0.46,9.337497e-06,2.108328e-06,1.3399998e-05,1.3791664e-05,1.2749998e-05,3.345831e-06,1.00125e-05,1.36875e-05,1.2262495e-05,1.2116662e-05,7.9163e-08,9.833328e-06,1.3074994e-05,1.2333329e-05,1.2191661e-05,1.2512493e-05
2,47,64.433,0.47,9.02083e-06,2.099999e-06,1.3166666e-05,1.3487498e-05,1.2529159e-05,3.308328e-06,9.662493e-06,1.3437494e-05,1.1995832e-05,1.1908332e-05,1.20831e-07,9.524997e-06,1.2754163e-05,1.2074995e-05,1.1904161e-05,1.2191661e-05
2,48,64.576,0.48,8.674995e-06,2.054159e-06,1.2895831e-05,1.3237493e-05,1.224583e-05,3.233329e-06,9.362499e-06,1.3208326e-05,1.1704159e-05,1.1758328e-05,3.7495e-08,9.195828e-06,1.2470826e-05,1.1787494e-05,1.160833e-05,1.1866665e-05
2,49,64.719,0.49,8.408332e-06,2.04583e-06,1.2616666e-05,1.298333e-05,1.2016662e-05,3.270833e-06,9.099992e-06,1.3016661e-05,1.1358333e-05,1.1479163e-05,7.9163e-08,8.912491e-06,1.2187496e-05,1.1458325e-05,1.1312492e-05,1.1620831e-05
2,50,64.862,0.5,8.083328e-06,2.033329e-06,1.2424994e-05,1.2691665e-05,1.1758328e-05,3.212492e-06,8.662494e-06,1.2649997e-05,1.1104163e-05,1.1283326e-05,5.8325e-08,8.641664e-06,1.1954165e-05,1.116666e-05,1.1004162e-05,1.126666e-05
2,51,65.005,0.51,7.74583e-06,2.029165e-06,1.2083332e-05,1.243333e-05,1.1470826e-05,3.204163e-06,8.29583e-06,1.2399999e-05,1.0724997e-05,1.1049994e-05,1.24995e-07,8.308331e-06,1.1583328e-05,1.0799996e-05,1.0674993e-05,1.0974995e-05
2,52,65.148,0.52,7.349992e-06,1.97916e-06,1.1841663e-05,1.2116662e-05,1.116666e-05,3.158331e-06,7.987499e-06,1.20375e-05,1.0362498e-05,1.0737499e-05,7.0826e-08,7.916665e-06,1.1262497e-05,1.0474992e-05,1.0312494e-05,1.0624997e-05
2,53,65.291,0.53,7.020831e-06,1.920827e-06,1.1445833e-05,1.1824997e-05,1.0874995e-05,3.154159e-06,7.612498e-06,1.1712496e-05,1.0120829e-05,1.0504166e-05,7.4999e-08,7.599997e-06,1.0924999e-05,1.0095827e-05,9.970832e-06,1.0287499e-05
2,54,65.434,0.54,6.658332e-06,1.945829e-06,1.1195826e-05,1.1487492e-05,1.0574992e-05,3.124992e-06,7.270829e-06,1.1458325e-05,9.558328e-06,1.0245832e-05,9.1664e-08,7.233326e-06,1.0566664e-05,9.812498e-06,9.679158e-06,9.920827e-06
2,55,65.577,0.55,6.39166e-06,1.899997e-06,1.087083e-05,1.114583e-05,1.0233331e-05,3.116663e-06,6.94166e-06,1.1174997e-05,9.204166e-06,9.904162e-06,1.20831e-07,6.962498e-06,1.0233331e-05,9.383329e-06,9.249997e-06,9.549999e-06
2,56,65.72,0.56,6.029161e-06,1.824999e-06,1.0458326e-05,1.0841663e-05,9.833328e-06,3.07916e-06,6.629165e-06,1.080416e-05,8.829164e-06,9.624998e-06,1.49997e-07,6.620828e-06,9.841665e-06,9.016665e-06,8.904163e-06,9.112493e-06
2,57,65.864,0.57,5.745832e-06,1.862494e-06,1.0183327e-05,1.0516659e-05,9.533326e-06,3.054166e-06,6.312498e-06,1.0499994e-05,8.441662e-06,9.354162e-06,9.9993e-08,6.395833e-06,9.387493e-06,8.733328e-06,8.562493e-06,8.729164e-06
2,58,66.007,0.58,5.645832e-06,1.820827e-06,9.833328e-06,1.0129165e-05,9.254161e-06,3.029164e-06,6.037497e-06,1.0162496e-05,8.049997e-06,9.029166e-06,9.5828e-08,6.029161e-06,9.041659e-06,8.266664e-06,8.087492e-06,8.383329e-06
2,59,66.15,0.59,5.395826e-06,1.774995e-06,9.516661e-06,9.812498e-06,8.895826e-06,3.004161e-06,5.829159e-06,9.799997e-06,7.691661e-06,8.774996e-06,8.3327e-08,5.887493e-06,8.637492e-06,7.958332e-06,7.76666e-06,8.033331e-06
2,60,66.293,0.6,5.120826e-06,1.783331e-06,9.158325e-06,9.50416e-06,8.608326e-06,2.933327e-06,5.537494e-06,9.49583e-06,7.337499e-06,8.48333e-06,9.9993e-08,5.662497e-06,8.291666e-06,7.633328e-06,7.40416e-06,7.641665e-06
2,61,66.436,0.61,5.004159e-06,1.745828e-06,8.787497e-06,9.108328e-06,8.174999e-06,2.954165e-06,5.345829e-06,9.133331e-06,6.954161e-06,8.174999e-06,9.5828e-08,5.483325e-06,7.895827e-06,7.170828e-06,7.058326e-06,7.249999e-06
2,62,66.579,0.62,4.920832e-06,1.724998e-06,8.495832e-06,8.749994e-06,7.895827e-06,2.887495e-06,5.270831e-06,8.774996e-06,6.599998e-06,7.920829e-06,1.04165e-07,5.333328e-06,7.562494e-06,6.891664e-06,6.720829e-06,6.924995e-06
2,63,66.722,0.63,4.899995e-06,1.737499e-06,8.10833e-06,8.337498e-06,7.47083e-06,2.816661e-06,5.10416e-06,8.379166e-06,6.262493e-06,7.616663e-06,1.20831e-07,5.312499e-06,7.104159e-06,6.524992e-06,6.312498e-06,6.533329e-06
2,64,66.865,0.64,4.908331e-06,1.754165e-06,7.737493e-06,8.02083e-06,7.149999e-06,2.837499e-06,5.020825e-06,8.058326e-06,5.924996e-06,7.362493e-06,1.37496e-07,5.25833e-06,6.799992e-06,6.279159e-06,6.037497e-06,6.233327e-06
2,65,67.008,0.65,4.958328e-06,1.77083e-06,7.341663e-06,7.637493e-06,6.791663e-06,2.749991e-06,5.033326e-06,7.699999e-06,5.687499e-06,7.120832e-06,1.4166e-07,5.27916e-06,6.445829e-06,5.90833e-06,5.749996e-06,5.912495e-06
2,66,67.151,0.66,5.095832e-06,1.787496e-06,6.995829e-06,7.333326e-06,6.424999e-06,2.712496e-06,5.141664e-06,7.287495e-06,5.44583e-06,6.829158e-06,1.12494e-07,5.337492e-06,6.099995e-06,5.629166e-06,5.562496e-06,5.63333e-06
2,67,67.294,0.67,5.241664e-06,1.808325e-06,6.66666e-06,6.879163e-06,6.120833e-06,2.624997e-06,5.154165e-06,7.02916e-06,5.229163e-06,6.641666e-06,1.24995e-07,5.449994e-06,5.829159e-06,5.462496e-06,5.333328e-06,5.349994e-06
2,68,67.437,0.68,5.454159e-06,1.854165e-06,6.329163e-06,6.604163e-06,5.845833e-06,2.624997e-06,5.349994e-06,6.774998e-06,5.108333e-06,6.449994e-06,9.5828e-08,5.591663e-06,5.583326e-06,5.270831e-06,5.166666e-06,5.204161e-06
2,69,67.58,0.69,5.641659e-06,1.899997e-06,6.045826e-06,6.254164e-06,5.470832e-06,2.591666e-06,5.449994e-06,6.524992e-06,5.058328e-06,6.312498e-06,1.08329e-07,5.762497e-06,5.374996e-06,5.166666e-06,5.099996e-06,5.07083e-06
2,70,67.723,0.7,5.899994e-06,1.904162e-06,5.766662e-06,5.987493e-06,5.216662e-06,2.587493e-06,5.687499e-06,6.312498e-06,5.020825e-06,6.170829e-06,9.9993e-08,5.945826e-06,5.212498e-06,5.058328e-06,5.095832e-06,5.045827e-06
2,71,67.866,0.71,6.179166e-06,1.929164e-06,5.562496e-06,5.758325e-06,5.029162e-06,2.50833e-06,5.891665e-06,6.174993e-06,5.079166e-06,6.004159e-06,1.33332e-07,6.233327e-06,5.10416e-06,5.087495e-06,5.154165e-06,5.045827e-06
2,72,68.009,0.72,6.370831e-06,2.037493e-06,5.387497e-06,5.608328e-06,4.899995e-06,2.424995e-06,6.170829e-06,6.008331e-06,5.174994e-06,5.945826e-06,1.24995e-07,6.429163e-06,5.124998e-06,5.116661e-06,5.220827e-06,5.083331e-06
2,73,68.152,0.73,6.699999e-06,2.083325e-06,5.266658e-06,5.474997e-06,4.808331e-06,2.412494e-06,6.383332e-06,6.020832e-06,5.370831e-06,5.958327e-06,1.62498e-07,6.770825e-06,5.091659e-06,5.229163e-06,5.399998e-06,5.241664e-06
2,74,68.295,0.74,6.999993e-06,2.06666e-06,5.204161e-06,5.416663e-06,4.799994e-06,2.370826e-06,6.629165e-06,6.041662e-06,5.537494e-06,5.916659e-06,1.24995e-07,6.995829e-06,5.204161e-06,5.374996e-06,5.595827e-06,5.404162e-06
2,75,68.438,0.75,7.258328e-06,2.054159e-06,5.254165e-06,5.416663e-06,4.841661e-06,2.404165e-06,6.866662e-06,6.154164e-06,5.770826e-06,5.970828e-06,1.62498e-07,7.354164e-06,5.320827e-06,5.566661e-06,5.84166e-06,5.63333e-06
2,76,68.581,0.76,7.595825e-06,2.112492e-06,5.299997e-06,5.470832e-06,4.954163e-06,2.412494e-06,7.137497e-06,6.237499e-06,6.049999e-06,6.012495e-06,1.49997e-07,7.637493e-06,5.558332e-06,5.791664e-06,6.041662e-06,5.874999e-06
2,77,68.724,0.77,7.829165e-06,2.141659e-06,5.383333e-06,5.512492e-06,5.095832e-06,2.454162e-06,7.420826e-06,6.420827e-06,6.324999e-06,6.104159e-06,1.74991e-07,7.891663e-06,5.737495e-06,6.054163e-06,6.283331e-06,6.170829e-06
2,78,68.867,0.78,8.224996e-06,2.15416e-06,5.55416e-06,5.708329e-06,5.270831e-06,2.479164e-06,7.67916e-06,6.574996e-06,6.637494e-06,6.133326e-06,1.58326e-07,8.224996e-06,6.029161e-06,6.379159e-06,6.562495e-06,6.491661e-06
2,79,69.01,0.79,8.479166e-06,2.170825e-06,5.737495e-06,5.949998e-06,5.541659e-06,2.516659e-06,7.929166e-06,6.708328e-06,6.983328e-06,6.212497e-06,1.66663e-07,8.495832e-06,6.295832e-06,6.679161e-06,6.812493e-06,6.787499e-06
2,80,69.153,0.8,8.741665e-06,2.229158e-06,5.941661e-06,6.091658e-06,5.754161e-06,2.537497e-06,8.191665e-06,6.987492e-06,7.324998e-06,6.437492e-06,1.95829e-07,8.812499e-06,6.524992e-06,6.999993e-06,7.124996e-06,7.129161e-06
2,81,69.296,0.81,8.983326e-06,2.216665e-06,6.083329e-06,6.237499e-06,6.054163e-06,2.591666e-06,8.441662e-06,7.133333e-06,7.570831e-06,6.45833e-06,1.83328e-07,9.066661e-06,6.858325e-06,7.30416e-06,7.312497e-06,7.466666e-06
2,82,69.44,0.82,9.229159e-06,2.266661e-06,6.266665e-06,6.454166e-06,6.295832e-06,2.566663e-06,8.687496e-06,7.349992e-06,7.891663e-06,6.599998e-06,2.0833e-07,9.333332e-06,7.11666e-06,7.583332e-06,7.583332e-06,7.837494e-06
2,83,69.583,0.83,9.445826e-06,2.23333e-06,6.483333e-06,6.629165e-06,6.587497e-06,2.61666e-06,8.954159e-06,7.549993e-06,8.208331e-06,6.716665e-06,2.0833e-07,9.558328e-06,7.454165e-06,7.904164e-06,7.799999e-06,8.095829e-06
2,84,69.726,0.84,9.691659e-06,2.274998e-06,6.708328e-06,6.891664e-06,6.866662e-06,2.612495e-06,9.154161e-06,7.741666e-06,8.558329e-06,6.883327e-06,2.79164e-07,9.829164e-06,7.754159e-06,8.216659e-06,7.987499e-06,8.45e-06
2,85,69.869,0.85,9.899998e-06,2.304165e-06,6.879163e-06,7.112495e-06,7.158327e-06,2.687494e-06,9.437497e-06,7.924994e-06,8.854158e-06,7.02916e-06,1.66663e-07,1.0149995e-05,8.079163e-06,8.549992e-06,8.224996e-06,8.724999e-06
2,86,70.012,0.86,1.0145831e-05,2.279162e-06,7.066663e-06,7.28333e-06,7.437499e-06,2.666664e-06,9.649992e-06,8.099993e-06,9.112493e-06,7.199995e-06,1.66663e-07,1.0462499e-05,8.437499e-06,8.870832e-06,8.474994e-06,9.133331e-06
2,87,70.155,0.87,1.0333331e-05,2.291664e-06,7.308332e-06,7.466666e-06,7.683333e-06,2.720825e-06,9.874995e-06,8.204166e-06,9.399994e-06,7.37083e-06,1.70827e-07,1.0466663e-05,8.574994e-06,9.154161e-06,8.662494e-06,9.39583e-06
2,88,70.298,0.88,1.058333e-05,2.291664e-06,7.408333e-06,7.649994e-06,7.987499e-06,2.71666e-06,1.0104163e-05,8.491659e-06,9.666665e-06,7.545829e-06,1.87492e-07,1.0754164e-05,8.983326e-06,9.437497e-06,8.941666e-06,9.674995e-06
2,89,70.441,0.89,1.0791659e-05,2.329159e-06,7.604162e-06,7.879162e-06,8.199993e-06,2.795831e-06,1.0270826e-05,8.608326e-06,9.970832e-06,7.699999e-06,2.04166e-07,1.0941664e-05,9.145832e-06,9.837492e-06,9.099992e-06,1.0004163e-05
2,90,70.584,0.9,1.0962494e-05,2.345832e-06,7.774996e-06,8.091664e-06,8.499996e-06,2.774994e-06,1.0474992e-05,8.887498e-06,1.0237495e-05,7.916665e-06,2.04166e-07,1.1204163e-05,9.445826e-06,1.0020828e-05,9.349998e-06,1.0308329e-05
2,91,70.727,0.91,1.1191662e-05,2.329159e-06,7.995828e-06,8.166663e-06,8.791661e-06,2.841663e-06,1.0724997e-05,8.958332e-06,1.0512495e-05,8.095829e-06,1.87492e-07,1.1370826e-05,9.679158e-06,1.0279163e-05,9.608332e-06,1.0624997e-05
2,92,70.87,0.92,1.1370826e-05,2.404165e-06,8.149997e-06,8.349999e-06,9.004164e-06,2.874994e-06,1.0849993e-05,9.191665e-06,1.0754164e-05,8.237497e-06,2.12495e-07,1.1570827e-05,1.0004163e-05,1.0524996e-05,9.774994e-06,1.087083e-05
2,93,71.013,0.93,1.1554162e-05,2.383327e-06,8.391658e-06,8.474994e-06,9.287493e-06,2.883331e-06,1.1108327e-05,9.379164e-06,1.1049994e-05,8.437499e-06,1.91665e-07,1.1724997e-05,1.0291664e-05,1.0829162e-05,9.962495e-06,1.1083333e-05
2,94,71.156,0.94,1.1749999e-05,2.391664e-06,8.608326e-06,8.608326e-06,9.579166e-06,2.849992e-06,1.1316665e-05,9.558328e-06,1.1229165e-05,8.612497e-06,1.91665e-07,1.1908332e-05,1.0512495e-05,1.1095826e-05,1.0149995e-05,1.135416e-05
2,95,71.299,0.95,1.1924998e-05,2.445825e-06,8.862496e-06,8.770831e-06,9.762493e-06,2.966658e-06,1.1495828e-05,9.816663e-06,1.1533331e-05,8.774996e-06,1.91665e-07,1.2116662e-05,1.080416e-05,1.135416e-05,1.0412495e-05,1.1616659e-05
2,96,71.442,0.96,1.2095833e-05,2.512495e-06,9.058333e-06,8.958332e-06,9.845829e-06,2.937492e-06,1.1749999e-05,9.966659e-06,1.1704159e-05,8.937494e-06,2.54162e-07,1.2249994e-05,1.1083333e-05,1.1566663e-05,1.0633325e-05,1.1891659e-05
2,97,71.585,0.97,1.226666e-05,2.454162e-06,9.266662e-06,9.108328e-06,1.0124993e-05,2.916662e-06,1.2008325e-05,1.022083e-05,1.1966666e-05,9.091664e-06,2.0833e-07,1.2408328e-05,1.1383327e-05,1.1845827e-05,1.0862494e-05,1.2133328e-05
2,98,71.728,0.98,1.2437495e-05,2.458326e-06,9.524997e-06,9.266662e-06,1.0345832e-05,2.949993e-06,1.2249994e-05,1.0341661e-05,1.2158331e-05,9.304166e-06,2.41661e-07,1.2579163e-05,1.1612495e-05,1.2070831e-05,1.1008327e-05,1.2383326e-05
2,99,71.871,0.99,1.2529159e-05,2.487493e-06,9.724999e-06,9.379164e-06,1.0516659e-05,2.945828e-06,1.2254159e-05,1.0499994e-05,1.243333e-05,9.437497e-06,2.37497e-07,1.2699993e-05,1.1870829e-05,1.2254159e-05,1.1224993e-05,1.2583328e-05
2,100,72.014,1.0,1.2745825e-05,2.454162e-06,9.954158e-06,9.545827e-06,1.070416e-05,3.020827e-06,1.2570827e-05,1.0645826e-05,1.2599993e-05,9.633327e-06,2.16659e-07,1.28625e-05,1.2074995e-05,1.2512493e-05,1.1470826e-05,1.2808331e-05
2,101,72.157,0.99,1.2570827e-05,2.429159e-06,9.7375e-06,9.366663e-06,1.0445825e-05,2.949993e-06,1.2149993e-05,1.0541661e-05,1.2370832e-05,9.445826e-06,1.99993e-07,1.2545832e-05,1.1733326e-05,1.2149993e-05,1.1245831e-05,1.2495828e-05
2,102,72.3,0.98,1.23125e-05,2.424995e-06,9.549999e-06,9.145832e-06,1.0158332e-05,2.874994e-06,1.1974995e-05,1.0304165e-05,1.1879166e-05,9.22083e-06,1.87492e-07,1.2329165e-05,1.1433332e-05,1.1895831e-05,1.0916662e-05,1.2204162e-05
2,103,72.443,0.97,1.20375e-05,2.312493e-06,9.366663e-06,8.849995e-06,9.866659e-06,2.845828e-06,1.1724997e-05,9.991661e-06,1.1654162e-05,9.029166e-06,1.33332e-07,1.2079159e-05,1.1062495e-05,1.1554162e-05,1.0662492e-05,1.1858328e-05
2,104,72.586,0.96,1.1704159e-05,2.283327e-06,8.974997e-06,8.670831e-06,9.520832e-06,2.799996e-06,1.1454161e-05,9.729163e-06,1.1224993e-05,8.870832e-06,1.33332e-07,1.180416e-05,1.0666665e-05,1.1137494e-05,1.0470828e-05,1.1508329e-05
2,105,72.729,0.95,1.1424994e-05,2.32083e-06,8.77916e-06,8.470829e-06,9.199993e-06,2.758328e-06,1.1154159e-05,9.541663e-06,1.1016663e-05,8.649993e-06,6.6662e-08,1.1495828e-05,1.0345832e-05,1.0812497e-05,1.0087498e-05,1.1170832e-05
2,106,72.872,0.94,1.1112499e-05,2.274998e-06,8.487495e-06,8.116658e-06,8.891662e-06,2.679165e-06,1.0849993e-05,9.245833e-06,1.049583e-05,8.387494e-06,5.8325e-08,1.1179161e-05,9.899998e-06,1.0374999e-05,9.812498e-06,1.0758328e-05
2,107,73.016,0.93,1.0808333e-05,2.216665e-06,8.133332e-06,7.879162e-06,8.466665e-06,2.599994e-06,1.0549998e-05,8.991663e-06,1.0191663e-05,8.054161e-06,1.04165e-07,1.087083e-05,9.499995e-06,1.006666e-05,9.483329e-06,1.0404166e-05
2,108,73.159,0.92,1.0479164e-05,2.162496e-06,7.804163e-06,7.570831e-06,8.187492e-06,2.612495e-06,1.0262497e-05,8.670831e-06,9.804161e-06,7.820829e-06,2.9159e-08,1.0533333e-05,9.099992e-06,9.704161e-06,9.199993e-06,1.0004163e-05
2,109,73.302,0.91,1.0129165e-05,2.149995e-06,7.416661e-06,7.21666e-06,7.741666e-06,2.554162e-06,9.916663e-06,8.370828e-06,9.420832e-06,7.524999e-06,-8e-12,1.0362498e-05,8.741665e-06,9.30833e-06,8.887498e-06,9.608332e-06
2,110,73.445,0.9,9.841665e-06,2.087498e-06,7.112495e-06,6.954161e-06,7.474995e-06,2.549998e-06,9.654164e-06,8.112494e-06,9.058333e-06,7.291659e-06,-1.2501e-08,9.929165e-06,8.383329e-06,8.829164e-06,8.562493e-06,9.266662e-06
2,111,73.588,0.89,9.49583e-06,2.083325e-06,6.787499e-06,6.608327e-06,7.02916e-06,2.491665e-06,9.32916e-06,7.783326e-06,8.641664e-06,6.999993e-06,8.329e-09,9.566665e-06,7.849995e-06,8.445827e-06,8.262499e-06,8.795826e-06
2,112,73.731,0.88,9.145832e-06,1.995826e-06,6.420827e-06,6.316662e-06,6.649995e-06,2.383327e-06,8.899999e-06,7.504161e-06,8.245825e-06,6.704164e-06,-8.337e-09,9.245833e-06,7.562494e-06,8.116658e-06,7.94166e-06,8.362492e-06
2,113,73.874,0.87,8.833329e-06,1.995826e-06,6.058327e-06,5.958327e-06,6.233327e-06,2.374999e-06,8.604161e-06,7.099994e-06,7.849995e-06,6.420827e-06,-8e-12,8.937494e-06,7.049998e-06,7.595825e-06,7.583332e-06,7.987499e-06
2,114,74.017,0.86,8.470829e-06,1.966659e-06,5.762497e-06,5.699992e-06,5.883328e-06,2.295828e-06,8.237497e-06,6.845832e-06,7.40416e-06,6.174993e-06,-8.337e-09,8.520826e-06,6.662496e-06,7.287495e-06,7.262492e-06,7.583332e-06
2,115,74.16,0.85,8.12916e-06,1.949994e-06,5.362495e-06,5.37916e-06,5.579162e-06,2.25416e-06,7.870825e-06,6.483333e-06,7.083328e-06,5.870827e-06,-2.5002e-08,8.154162e-06,6.337492e-06,6.816666e-06,6.958326e-06,7.187494e-06
2,116,74.303,0.84,7.699999e-06,1.87916e-06,5.083331e-06,5.095832e-06,5.17083e-06,2.15416e-06,7.49166e-06,6.229162e-06,6.620828e-06,5.587498e-06,-6.667e-08,7.783326e-06,5.987493e-06,6.420827e-06,6.541665e-06,6.704164e-06
2,117,74.446,0.83,7.354164e-06,1.87916e-06,4.837497e-06,4.874993e-06,4.966664e-06,2.141659e-06,7.041661e-06,5.970828e-06,6.295832e-06,5.44583e-06,-3.7503e-08,7.412497e-06,5.679162e-06,6.041662e-06,6.158328e-06,6.312498e-06
2,118,74.589,0.82,6.94166e-06,1.829163e-06,4.62083e-06,4.712494e-06,4.654161e-06,2.058331e-06,6.691662e-06,5.704164e-06,5.920831e-06,5.195832e-06,-7.5006e-08,6.974999e-06,5.366659e-06,5.687499e-06,5.754161e-06,6.058327e-06
2,119,74.732,0.81,6.54583e-06,1.795832e-06,4.504164e-06,4.629159e-06,4.449995e-06,2.062495e-06,6.308325e-06,5.491662e-06,5.55416e-06,5.074994e-06,-9.1672e-08,6.612492e-06,5.141664e-06,5.366659e-06,5.558332e-06,5.604164e-06
2,120,74.875,0.8,6.245828e-06,1.766666e-06,4.416665e-06,4.579163e-06,4.358331e-06,2.024992e-06,5.924996e-06,5.324991e-06,5.245829e-06,4.879165e-06,-1.08337e-07,6.208332e-06,4.920832e-06,5.120826e-06,5.274995e-06,5.316663e-06
2,121,75.018,0.79,5.854161e-06,1.758329e-06,4.441659e-06,4.604165e-06,4.337493e-06,2.058331e-06,5.612493e-06,5.241664e-06,4.966664e-06,4.791665e-06,-6.2505e-08,5.862498e-06,4.82916e-06,4.874993e-06,4.999995e-06,5.020825e-06
2,122,75.161,0.78,5.462496e-06,1.691659e-06,4.491663e-06,4.724996e-06,4.420829e-06,2.037493e-06,5.270831e-06,5.216662e-06,4.770827e-06,4.812495e-06,-1.04173e-07,5.549995e-06,4.770827e-06,4.679163e-06,4.854162e-06,4.891666e-06
2,123,75.304,0.77,5.162493e-06,1.637498e-06,4.666662e-06,4.89583e-06,4.566662e-06,2.087498e-06,4.958328e-06,5.25833e-06,4.629159e-06,4.804158e-06,-9.1672e-08,5.27916e-06,4.712494e-06,4.629159e-06,4.695829e-06,4.737497e-06
2,124,75.447,0.76,4.924997e-06,1.570829e-06,4.849998e-06,5.10416e-06,4.749998e-06,2.120829e-06,4.770827e-06,5.441666e-06,4.562497e-06,4.887494e-06,-7.5006e-08,5.045827e-06,4.841661e-06,4.566662e-06,4.616666e-06,4.699993e-06
2,125,75.59,0.75,4.699993e-06,1.545827e-06,5.07083e-06,5.370831e-06,4.999995e-06,2.174997e-06,4.637496e-06,5.570825e-06,4.512493e-06,4.974993e-06,-1.04173e-07,4.824996e-06,4.991658e-06,4.629159e-06,4.604165e-06,4.737497e-06
2,126,75.733,0.74,4.566662e-06,1.524997e-06,5.345829e-06,5.691663e-06,5.291661e-06,2.204164e-06,4.54166e-06,5.845833e-06,4.591664e-06,5.079166e-06,-8.7508e-08,4.754162e-06,5.179159e-06,4.716659e-06,4.608329e-06,4.833333e-06
2,127,75.876,0.73,4.424993e-06,1.51666e-06,5.658333e-06,6.033325e-06,5.583326e-06,2.283327e-06,4.537495e-06,6.120833e-06,4.691664e-06,5.162493e-06,-1.04173e-07,4.758326e-06,5.404162e-06,4.874993e-06,4.741661e-06,4.962492e-06
2,128,76.019,0.72,4.462496e-06,1.42916e-06,5.991666e-06,6.412498e-06,5.945826e-06,2.324995e-06,4.616666e-06,6.483333e-06,4.812495e-06,5.44583e-06,-1.00009e-07,4.754162e-06,5.679162e-06,5.108333e-06,4.89583e-06,5.183331e-06
2,129,76.162,0.71,4.516665e-06,1.454163e-06,6.295832e-06,6.774998e-06,6.262493e-06,2.366662e-06,4.741661e-06,6.799992e-06,5.074994e-06,5.637495e-06,-1.41668e-07,4.858327e-06,6.029161e-06,5.324991e-06,5.154165e-06,5.429165e-06
2,130,76.305,0.7,4.595828e-06,1.491666e-06,6.620828e-06,7.124996e-06,6.604163e-06,2.424995e-06,4.908331e-06,7.099994e-06,5.270831e-06,5.804165e-06,-1.25003e-07,5.012496e-06,6.337492e-06,5.566661e-06,5.387497e-06,5.670825e-06
2,131,76.448,0.69,4.79583e-06,1.491666e-06,6.987492e-06,7.437499e-06,6.983328e-06,2.466663e-06,5.162493e-06,7.487496e-06,5.562496e-06,6.091658e-06,-1.37504e-07,5.216662e-06,6.637494e-06,5.90833e-06,5.666661e-06,6.004159e-06
2,132,76.592,0.68,4.933325e-06,1.491666e-06,7.258328e-06,7.812492e-06,7.266664e-06,2.491665e-06,5.374996e-06,7.829165e-06,5.866663e-06,6.320826e-06,-9.5836e-08,5.454159e-06,7.004166e-06,6.170829e-06,5.966663e-06,6.299997e-06
2,133,76.735,0.67,5.233328e-06,1.566664e-06,7.683333e-06,8.191665e-06,7.574995e-06,2.499994e-06,5.699992e-06,8.179164e-06,6.187495e-06,6.629165e-06,-1.50005e-07,5.754161e-06,7.412497e-06,6.533329e-06,6.245828e-06,6.612492e-06
2,134,76.878,0.66,5.483325e-06,1.529161e-06,7.954161e-06,8.533327e-06,7.974998e-06,2.579164e-06,5.999994e-06,8.487495e-06,6.558331e-06,6.929159e-06,-1.37504e-07,6.058327e-06,7.808328e-06,6.883327e-06,6.595826e-06,7.016659e-06
2,135,77.021,0.65,5.812494e-06,1.579165e-06,8.329161e-06,8.958332e-06,8.274992e-06,2.649999e-06,6.349993e-06,8.874997e-06,6.908329e-06,7.208331e-06,-1.50005e-07,6.366666e-06,8.158326e-06,7.199995e-06,6.945832e-06,7.424998e-06
2,136,77.164,0.64,6.162492e-06,1.599995e-06,8.712498e-06,9.249997e-06,8.562493e-06,2.68333e-06,6.683326e-06,9.179163e-06,7.28333e-06,7.49166e-06,-1.41668e-07,6.704164e-06,8.529162e-06,7.487496e-06,7.187494e-06,7.754159e-06
2,137,77.307,0.63,6.437492e-06,1.624997e-06,9.05416e-06,9.579166e-06,8.912491e-06,2.666664e-06,6.979164e-06,9.466664e-06,7.570831e-06,7.76666e-06,-1.25003e-07,6.995829e-06,8.754166e-06,7.916665e-06,7.587496e-06,8.099993e-06
2,138,77.45,0.62,6.816666e-06,1.629162e-06,9.249997e-06,9.887497e-06,9.24166e-06,2.720825e-06,7.391659e-06,9.866659e-06,7.979163e-06,8.045832e-06,-1.25003e-07,7.412497e-06,9.174999e-06,8.379166e-06,7.912493e-06,8.437499e-06
2,139,77.593,0.61,7.183329e-06,1.687495e-06,9.666665e-06,1.0204164e-05,9.545827e-06,2.745827e-06,7.654166e-06,1.0162496e-05,8.349999e-06,8.349999e-06,-1.25003e-07,7.729165e-06,9.483329e-06,8.508333e-06,8.212495e-06,8.754166e-06
2,140,77.736,0.6,7.508326e-06,1.716661e-06,9.904162e-06,1.0612495e-05,9.787496e-06,2.770829e-06,8.004165e-06,1.0441661e-05,8.65833e-06,8.608326e-06,-1.29175e-07,8.070827e-06,9.854166e-06,8.854158e-06,8.604161e-06,9.133331e-06
2,141,77.879,0.59,7.870825e-06,1.766666e-06,1.0162496e-05,1.089166e-05,1.0054159e-05,2.795831e-06,8.379166e-06,1.0745827e-05,8.983326e-06,8.895826e-06,-1.70835e-07,8.395831e-06,1.0191663e-05,9.166662e-06,9.024993e-06,9.399994e-06
2,142,78.022,0.58,8.179164e-06,1.762493e-06,1.0474992e-05,1.1116664e-05,1.0458326e-05,2.845828e-06,8.641664e-06,1.0983332e-05,9.354162e-06,9.224995e-06,-1.25003e-07,8.683332e-06,1.0524996e-05,9.462499e-06,9.133331e-06,9.774994e-06
2,143,78.165,0.57,8.558329e-06,1.804161e-06,1.0816661e-05,1.1395828e-05,1.0604159e-05,2.924999e-06,9.004164e-06,1.1274998e-05,9.599996e-06,9.41666e-06,-1.91673e-07,9.041659e-06,1.0770829e-05,9.829164e-06,9.449998e-06,1.0070833e-05
2,144,78.308,0.56,8.899999e-06,1.812498e-06,1.1054166e-05,1.1599994e-05,1.0849993e-05,2.904161e-06,9.324996e-06,1.1554162e-05,9.983333e-06,9.616661e-06,-1.83336e-07,9.30833e-06,1.1033329e-05,1.0112492e-05,9.749992e-06,1.032083e-05
2,145,78.451,0.55,9.12083e-06,1.816662e-06,1.1358333e-05,1.1908332e-05,1.1124992e-05,2.904161e-06,9.729163e-06,1.1829162e-05,1.0354162e-05,9.933328e-06,-1.58342e-07,9.641663e-06,1.1399992e-05,1.0449998e-05,1.0104163e-05,1.0633325e-05
2,146,78.594,0.54,9.516661e-06,1.870831e-06,1.1633332e-05,1.2149993e-05,1.1399992e-05,2.883331e-06,9.983333e-06,1.2104161e-05,1.0641662e-05,1.0129165e-05,-1.58342e-07,9.987497e-06,1.1745827e-05,1.0766666e-05,1.0383328e-05,1.0920827e-05
2,147,78.737,0.53,9.837492e-06,1.920827e-06,1.1870829e-05,1.2420829e-05,1.1708331e-05,2.904161e-06,1.0166661e-05,1.2337494e-05,1.0974995e-05,1.0433332e-05,-1.29175e-07,1.0395829e-05,1.197083e-05,1.1029164e-05,1.0683329e-05,1.1270833e-05
2,148,78.88,0.52,1.0158332e-05,1.887496e-06,1.2191661e-05,1.2737497e-05,1.1937499e-05,2.941664e-06,1.0545826e-05,1.254166e-05,1.123333e-05,1.0674993e-05,-1.83336e-07,1.0608332e-05,1.2216663e-05,1.13e-05,1.0937492e-05,1.1587493e-05
2,149,79.023,0.51,1.0441661e-05,1.933328e-06,1.245416e-05,1.2966665e-05,1.2229165e-05,2.937492e-06,1.0762493e-05,1.2824997e-05,1.1524995e-05,1.0908326e-05,-1.54169e-07,1.0845828e-05,1.2558333e-05,1.1612495e-05,1.1241658e-05,1.1824997e-05
2,150,79.166,0.5,1.0737499e-05,1.945829e-06,1.2720831e-05,1.3179159e-05,1.2429166e-05,2.974995e-06,1.1037493e-05,1.3024997e-05,1.1808332e-05,1.1091662e-05,-1.87508e-07,1.116666e-05,1.2762499e-05,1.1820833e-05,1.1516667e-05,1.2079159e-05
2,151,79.309,0.49,1.0933328e-05,1.929164e-06,1.2899995e-05,1.3437494e-05,1.2612494e-05,2.974995e-06,1.1337494e-05,1.3408328e-05,1.2074995e-05,1.1308328e-05,-1.45841e-07,1.135416e-05,1.2974993e-05,1.2087497e-05,1.1741662e-05,1.2358331e-05
2,152,79.452,0.48,1.1224993e-05,1.983333e-06,1.3149993e-05,1.3641659e-05,1.28625e-05,3.024999e-06,1.1558326e-05,1.3449995e-05,1.23125e-05,1.1524995e-05,-1.37504e-07,1.1604166e-05,1.3224999e-05,1.2408328e-05,1.1995832e-05,1.2645833e-05
2,153,79.595,0.47,1.1499993e-05,1.983333e-06,1.3329164e-05,1.3899994e-05,1.309166e-05,3.004161e-06,1.1824997e-05,1.3633331e-05,1.2545832e-05,1.1733326e-05,-1.54169e-07,1.1845827e-05,1.3504164e-05,1.2604165e-05,1.226666e-05,1.2908332e-05
2,154,79.738,0.46,1.1749999e-05,2.04583e-06,1.3583326e-05,1.4074993e-05,1.3349994e-05,3.041665e-06,1.2012498e-05,1.3883328e-05,1.2766664e-05,1.1912497e-05,-1.25003e-07,1.2054165e-05,1.3612493e-05,1.2833333e-05,1.2445831e-05,1.3141664e-05
2,155,79.881,0.45,1.1945828e-05,2.029165e-06,1.3812494e-05,1.4287496e-05,1.3454159e-05,3.074996e-06,1.224583e-05,1.4120833e-05,1.300416e-05,1.2120827e-05,-1.00009e-07,1.2358331e-05,1.3887493e-05,1.3145828e-05,1.2712495e-05,1.3337493e-05
2,156,80.024,0.44,1.2283325e-05,2.029165e-06,1.3945826e-05,1.4416662e-05,1.3641659e-05,3.07916e-06,1.2499992e-05,1.4274994e-05,1.3212498e-05,1.2274996e-05,-1.00009e-07,1.2591664e-05,1.4087494e-05,1.3362495e-05,1.291666e-05,1.355416e-05
2,157,80.168,0.43,1.2387498e-05,2.024992e-06,1.4220826e-05,1.4645831e-05,1.3849997e-05,3.112499e-06,1.2720831e-05,1.4499999e-05,1.3508327e-05,1.2437495e-05,-2.00001e-07,1.2770827e-05,1.4312498e-05,1.3604164e-05,1.3099996e-05,1.3787492e-05
2,158,80.311,0.42,1.2616666e-05,2.033329e-06,1.4429164e-05,1.4899992e-05,1.410416e-05,3.083332e-06,1.2954163e-05,1.465416e-05,1.3691663e-05,1.2654162e-05,-2.04174e-07,1.3041663e-05,1.445833e-05,1.3774999e-05,1.3333329e-05,1.4070829e-05
2,159,80.454,0.41,1.2799994e-05,2.020828e-06,1.4599998e-05,1.4962498e-05,1.4266666e-05,3.066659e-06,1.317083e-05,1.4879163e-05,1.3929161e-05,1.2837498e-05,-1.95837e-07,1.3149993e-05,1.4745831e-05,1.3991666e-05,1.3537494e-05,1.427083e-05
2,160,80.597,0.4,1.3029162e-05,2.004163e-06,1.4824995e-05,1.5204159e-05,1.4341665e-05,3.104162e-06,1.3349994e-05,1.5049998e-05,1.4145828e-05,1.3074994e-05,-1.83336e-07,1.3262495e-05,1.4883328e-05,1.4154164e-05,1.3749996e-05,1.4433328e-05
2,161,80.74,0.39,1.3212498e-05,2.020828e-06,1.4949997e-05,1.5387495e-05,1.4629165e-05,3.120828e-06,1.3491663e-05,1.5233326e-05,1.4395833e-05,1.317083e-05,-1.87508e-07,1.3520829e-05,1.5141662e-05,1.439166e-05,1.3954163e-05,1.4629165e-05
2,162,80.883,0.38,1.3524993e-05,2.008327e-06,1.509583e-05,1.557916e-05,1.4774998e-05,3.195826e-06,1.3716666e-05,1.5391659e-05,1.454583e-05,1.3391662e-05,-1.54169e-07,1.3733332e-05,1.5195831e-05,1.4554159e-05,1.420416e-05,1.4816665e-05
2,163,81.026,0.37,1.3704165e-05,2.016664e-06,1.5291658e-05,1.5749994e-05,1.4941661e-05,3.170832e-06,1.3949998e-05,1.5508325e-05,1.4758332e-05,1.3545831e-05,-1.45841e-07,1.3879164e-05,1.5574995e-05,1.4816665e-05,1.4370831e-05,1.5037497e-05
2,164,81.169,0.36,1.3866663e-05,2.033329e-06,1.5599999e-05,1.5970827e-05,1.5079165e-05,3.154159e-06,1.4070829e-05,1.57125e-05,1.4849997e-05,1.372083e-05,-1.62506e-07,1.4079165e-05,1.557916e-05,1.4974999e-05,1.465416e-05,1.5229161e-05
2,165,81.312,0.35,1.4012496e-05,2.049994e-06,1.5716663e-05,1.6124995e-05,1.5312497e-05,3.241658e-06,1.4254165e-05,1.582083e-05,1.5129161e-05,1.3837496e-05,-1.79172e-07,1.4287496e-05,1.5741665e-05,1.5108331e-05,1.4720829e-05,1.5354164e-05
2,166,81.455,0.34,1.4195832e-05,2.062495e-06,1.5762496e-05,1.6170827e-05,1.5399997e-05,3.183325e-06,1.4491661e-05,1.6070826e-05,1.5212496e-05,1.399583e-05,-1.58342e-07,1.4433328e-05,1.5929167e-05,1.5324998e-05,1.4837496e-05,1.5545829e-05
2,167,81.598,0.33,1.4395833e-05,2.074997e-06,1.5970827e-05,1.6316661e-05,1.5587497e-05,3.216664e-06,1.4658332e-05,1.6158327e-05,1.5508325e-05,1.4162492e-05,-1.6667e-07,1.4616664e-05,1.6087492e-05,1.5487496e-05,1.5033333e-05,1.5704163e-05
2,168,81.741,0.32,1.4562495e-05,2.091662e-06,1.6158327e-05,1.6554164e-05,1.5849995e-05,3.291663e-06,1.4812494e-05,1.6312495e-05,1.5654166e-05,1.4299997e-05,-1.25003e-07,1.4779162e-05,1.6241662e-05,1.5691661e-05,1.5166665e-05,1.5995829e-05
2,169,81.884,0.31,1.4862498e-05,2.091662e-06,1.6312495e-05,1.6683332e-05,1.5845832e-05,3.279162e-06,1.5020832e-05,1.6470829e-05,1.5791662e-05,1.4495826e-05,-1.3334e-07,1.4933332e-05,1.6387494e-05,1.5854161e-05,1.5420826e-05,1.604166e-05
2,170,82.027,0.3,1.4924995e-05,2.13333e-06,1.6437498e-05,1.6891663e-05,1.6066662e-05,3.249995e-06,1.5258328e-05,1.6662494e-05,1.6012495e-05,1.4641666e-05,-1.3334e-07,1.5258328e-05,1.6541664e-05,1.6012495e-05,1.5624992e-05,1.6183329e-05
2,171,82.17,0.29,1.5087493e-05,2.116664e-06,1.6512497e-05,1.6983326e-05,1.6066662e-05,3.179161e-06,1.5362493e-05,1.6787497e-05,1.6141661e-05,1.4799993e-05,-1.37504e-07,1.5254163e-05,1.6737493e-05,1.6170827e-05,1.5745831e-05,1.6387494e-05
2,172,82.313,0.28,1.5174993e-05,2.129165e-06,1.6737493e-05,1.7108328e-05,1.6299995e-05,3.295827e-06,1.5529164e-05,1.6904163e-05,1.6295831e-05,1.4904165e-05,-2.12502e-07,1.5362493e-05,1.6904163e-05,1.6333326e-05,1.5870826e-05,1.655833e-05
2,173,82.456,0.27,1.5424999e-05,2.162496e-06,1.6879161e-05,1.724166e-05,1.6387494e-05,3.274997e-06,1.5608326e-05,1.7095828e-05,1.6483331e-05,1.5070827e-05,-1.79172e-07,1.5566658e-05,1.7033331e-05,1.6512497e-05,1.6008329e-05,1.6729164e-05
2,174,82.599,0.26,1.5525e-05,2.145831e-06,1.7074999e-05,1.7466664e-05,1.6633328e-05,3.295827e-06,1.5724992e-05,1.7112494e-05,1.6708327e-05,1.5191667e-05,-1.62506e-07,1.5683334e-05,1.7166662e-05,1.6616663e-05,1.6162499e-05,1.6862496e-05
2,175,82.742,0.25,1.5758331e-05,2.120829e-06,1.7162498e-05,1.7524997e-05,1.6687496e-05,3.291663e-06,1.5858332e-05,1.7254162e-05,1.6891663e-05,1.5312497e-05,-1.50005e-07,1.582083e-05,1.729583e-05,1.6841666e-05,1.6316661e-05,1.7079163e-05
2,176,82.885,0.24,1.5870826e-05,2.158332e-06,1.7245833e-05,1.7683331e-05,1.6829164e-05,3.33333e-06,1.6037497e-05,1.7324995e-05,1.7083326e-05,1.549166e-05,-1.58342e-07,1.6008329e-05,1.7429162e-05,1.6920829e-05,1.6512497e-05,1.7212495e-05
2,177,83.028,0.23,1.6054162e-05,2.141659e-06,1.7524997e-05,1.7820827e-05,1.6995828e-05,3.345831e-06,1.6204167e-05,1.7579167e-05,1.714166e-05,1.5620828e-05,-1.41668e-07,1.6166663e-05,1.7591659e-05,1.7166662e-05,1.6687496e-05,1.7391665e-05
2,178,83.171,0.22,1.6141661e-05,2.116664e-06,1.7574994e-05,1.7920827e-05,1.7137496e-05,3.341659e-06,1.6333326e-05,1.7624998e-05,1.7249997e-05,1.5783326e-05,-1.58342e-07,1.6170827e-05,1.7749993e-05,1.7324995e-05,1.6816664e-05,1.7508331e-05
2,179,83.314,0.21,1.6333326e-05,2.258333e-06,1.7799997e-05,1.8062496e-05,1.730833e-05,3.370825e-06,1.6479167e-05,1.7799997e-05,1.7641663e-05,1.6004165e-05,-1.83336e-07,1.6354163e-05,1.7837492e-05,1.7441662e-05,1.6858332e-05,1.7679158e-05
2,180,83.457,0.2,1.6633328e-05,2.187498e-06,1.7904162e-05,1.8199993e-05,1.7333332e-05,3.337494e-06,1.6612497e-05,1.7908327e-05,1.7554165e-05,1.5979163e-05,-1.04173e-07,1.6524999e-05,1.8012499e-05,1.7616661e-05,1.7129159e-05,1.7899998e-05
2,181,83.601,0.19,1.6512497e-05,2.195827e-06,1.7933329e-05,1.8349998e-05,1.7487495e-05,3.379162e-06,1.6749995e-05,1.8058332e-05,1.7779159e-05,1.6116659e-05,-1.75007e-07,1.6620827e-05,1.8195828e-05,1.7795834e-05,1.724166e-05,1.8037494e-05
2,182,83.744,0.18,1.6674996e-05,2.15416e-06,1.815416e-05,1.8462499e-05,1.7620825e-05,3.44166e-06,1.6870832e-05,1.8199993e-05,1.7916664e-05,1.6379166e-05,-8.3335e-08,1.6754166e-05,1.8266663e-05,1.7887496e-05,1.7420833e-05,1.8087498e-05
2,183,83.887,0.17,1.6766659e-05,2.183326e-06,1.8254161e-05,1.861666e-05,1.770416e-05,3.399992e-06,1.7029166e-05,1.8283328e-05,1.8037494e-05,1.6316661e-05,-1.83336e-07,1.6820828e-05,1.8499994e-05,1.7987497e-05,1.7479166e-05,1.8212493e-05
2,184,84.03,0.16,1.6912492e-05,2.166661e-06,1.8454162e-05,1.8620833e-05,1.7870832e-05,3.437495e-06,1.7170827e-05,1.8408331e-05,1.8174998e-05,1.6524999e-05,-1.91673e-07,1.7049995e-05,1.8658327e-05,1.8191664e-05,1.769166e-05,1.8366663e-05
2,185,84.173,0.15,1.7049995e-05,2.174997e-06,1.8504166e-05,1.8854165e-05,1.7937493e-05,3.462497e-06,1.7329161e-05,1.8524996e-05,1.8295828e-05,1.6670831e-05,-1.41668e-07,1.7045832e-05,1.8820827e-05,1.8266663e-05,1.7783332e-05,1.8537497e-05
2,186,84.316,0.14,1.7204165e-05,2.15416e-06,1.8766665e-05,1.8929164e-05,1.8108329e-05,3.366661e-06,1.7383329e-05,1.8666664e-05,1.8433333e-05,1.6804162e-05,-1.50005e-07,1.7320832e-05,1.8941664e-05,1.8570829e-05,1.7899998e-05,1.8624996e-05
2,187,84.459,0.13,1.7362499e-05,2.116664e-06,1.8787496e-05,1.9099998e-05,1.8233332e-05,3.458325e-06,1.7579167e-05,1.8762494e-05,1.860416e-05,1.6895827e-05,-1.83336e-07,1.7299993e-05,1.8791659e-05,1.8641662e-05,1.8008328e-05,1.8750001e-05
2,188,84.602,0.12,1.7491666e-05,2.129165e-06,1.8816661e-05,1.9204164e-05,1.8316667e-05,3.474998e-06,1.7658329e-05,1.88375e-05,1.8704161e-05,1.6995828e-05,-1.54169e-07,1.7458327e-05,1.9012499e-05,1.8733326e-05,1.8204164e-05,1.8862494e-05
2,189,84.745,0.11,1.7562492e-05,2.129165e-06,1.8941664e-05,1.9262498e-05,1.8508332e-05,3.474998e-06,1.7733328e-05,1.9108327e-05,1.8866665e-05,1.7129159e-05,-1.62506e-07,1.7641663e-05,1.9074996e-05,1.8866665e-05,1.8304165e-05,1.9024999e-05
2,190,84.888,0.1,1.7708333e-05,2.166661e-06,1.9174997e-05,1.9612495e-05,1.8641662e-05,3.454161e-06,1.7941666e-05,1.9124993e-05,1.8949993e-05,1.7329161e-05,-1.70835e-07,1.7716662e-05,1.9245832e-05,1.8904162e-05,1.8570829e-05,1.9091662e-05
2,191,85.031,0.09,1.7849994e-05,2.183326e-06,1.9137493e-05,1.9470826e-05,1.8745828e-05,3.479163e-06,1.8016664e-05,1.9183326e-05,1.9124993e-05,1.7299993e-05,-1.50005e-07,1.7849994e-05,1.9366662e-05,1.904583e-05,1.8479164e-05,1.9304165e-05
2,192,85.174,0.08,1.7937493e-05,2.199992e-06,1.9304165e-05,1.9599995e-05,1.8795832e-05,3.537496e-06,1.814166e-05,1.9291663e-05,1.9195826e-05,1.7483329e-05,-1.87508e-07,1.7954168e-05,1.9424995e-05,1.9216664e-05,1.8537497e-05,1.93e-05
2,193,85.317,0.07,1.8066661e-05,2.208328e-06,1.9445833e-05,1.9687493e-05,1.8954166e-05,3.604166e-06,1.8333332e-05,1.9404164e-05,1.9237494e-05,1.7533326e-05,-1.62506e-07,1.8087498e-05,1.952916e-05,1.9270834e-05,1.8733326e-05,1.9595829e-05
2,194,85.46,0.06,1.8124994e-05,2.224994e-06,1.9562498e-05,1.9816662e-05,1.895833e-05,3.491664e-06,1.8287499e-05,1.9512494e-05,1.9491665e-05,1.7712498e-05,-1.75007e-07,1.8158333e-05,1.9654162e-05,1.9424995e-05,1.878333e-05,1.9495828e-05
2,195,85.603,0.05,1.8274999e-05,2.224994e-06,1.9654162e-05,1.9949992e-05,1.9070832e-05,3.579164e-06,1.8487493e-05,1.9691666e-05,1.9554162e-05,1.7808326e-05,-1.62506e-07,1.8266663e-05,1.9745827e-05,1.9516667e-05,1.8908326e-05,1.9712495e-05
2,196,85.746,0.04,1.8383329e-05,2.224994e-06,1.9729161e-05,2.00375e-05,1.9174997e-05,3.54166e-06,1.8662493e-05,1.9733325e-05,1.969583e-05,1.7958331e-05,-1.6667e-07,1.8424997e-05,1.9854164e-05,1.9608331e-05,1.9029165e-05,1.9704159e-05
2,197,85.889,0.03,1.8420831e-05,2.187498e-06,1.9833325e-05,2.0179161e-05,1.9220828e-05,3.495828e-06,1.865e-05,1.9841664e-05,1.97625e-05,1.8049996e-05,-2.16675e-07,1.8520832e-05,2.0008325e-05,1.9716661e-05,1.9074996e-05,1.9841664e-05
2,198,86.032,0.02,1.8562499e-05,2.245831e-06,1.9987496e-05,2.024583e-05,1.9374998e-05,3.54166e-06,1.8929164e-05,2.0070831e-05,1.9899997e-05,1.8129165e-05,-1.75007e-07,1.8624996e-05,2.0099997e-05,1.9866666e-05,1.9216664e-05,1.9954165e-05
2,199,86.175,0.01,1.8654164e-05,2.212493e-06,2.009166e-05,2.0341666e-05,1.9462497e-05,3.566662e-06,1.9083333e-05,2.0004161e-05,2.0020827e-05,1.8208329e-05,-2.00001e-07,1.8674993e-05,2.0120828e-05,1.9916661e-05,1.9333331e-05,2.00375e-05
2,200,86.318,0.0,1.8904162e-05,2.25416e-06,2.0120828e-05,2.0583328e-05,1.9562498e-05,3.599993e-06,1.9029165e-05,2.0204163e-05,2.0108326e-05,1.8316667e-05,-1.3334e-07,1.8845829e-05,2.0224992e-05,2.0083333e-05,1.9416666e-05,2.0070831e-05
,,,,,,,,,,,,,,,,,,,,2,0.63,0.62,0.74,0.74,0.74,0.74,0.64,0.72,0.7,0.74,0.19,0.64,0.73,0.7,0.7,0.7,0.73,0.72,0.8,0.8,0.79,0.8,0.73,0.78,0.75,0.79,0.91,0.74,0.77,0.76,0.75,0.76
3,0,86.563,0.0,1.8845829e-05,2.23333e-06,2.0154166e-05,2.0495829e-05,1.9724997e-05,3.620831e-06,1.9049994e-05,2.0212499e-05,2.0116662e-05,1.8349998e-05,-1.58342e-07,1.878333e-05,2.0270832e-05,2.0041665e-05,1.9599995e-05,2.0191661e-05
3,1,86.706,0.01,1.889166e-05,2.266661e-06,2.0141666e-05,2.0437496e-05,1.9637497e-05,3.649998e-06,1.895833e-05,2.0104162e-05,2.0008325e-05,1.8312494e-05,-1.00009e-07,1.8691659e-05,2.0241665e-05,2.0008325e-05,1.9333331e-05,2.0166659e-05
3,2,86.849,0.02,1.8845829e-05,2.295828e-06,2.0129164e-05,2.0412494e-05,1.9491665e-05,3.712495e-06,1.8820827e-05,2.009166e-05,1.9991659e-05,1.8258334e-05,-1.08337e-07,1.8624996e-05,2.0162495e-05,1.9887495e-05,1.93e-05,2.0016661e-05
3,3,86.992,0.03,1.8666664e-05,2.324995e-06,2.0033327e-05,2.0233329e-05,1.942083e-05,3.704158e-06,1.8745828e-05,1.995833e-05,1.9795831e-05,1.8137494e-05,-1.08337e-07,1.8504166e-05,2.00375e-05,1.9824998e-05,1.9312492e-05,1.9891659e-05
3,4,87.135,0.04,1.865e-05,2.329159e-06,1.9933326e-05,2.0154166e-05,1.9320829e-05,3.708331e-06,1.8587494e-05,1.9845827e-05,1.9791667e-05,1.8129165e-05,-1.3334e-07,1.8379164e-05,1.9962494e-05,1.9674993e-05,1.9087498e-05,1.980416e-05
3,5,87.278,0.05,1.8516659e-05,2.32083e-06,1.9854164e-05,2.0129164e-05,1.9199999e-05,3.637497e-06,1.8645827e-05,1.9837498e-05,1.9645826e-05,1.8037494e-05,-7.0834e-08,1.8224995e-05,1.9874993e-05,1.9587493e-05,1.9037492e-05,1.9729161e-05
3,6,87.421,0.06,1.8399993e-05,2.345832e-06,1.9741663e-05,2.0029163e-05,1.9083333e-05,3.633332e-06,1.8475001e-05,1.9770829e-05,1.9499994e-05,1.7904162e-05,-3.7503e-08,1.8074998e-05,1.9816662e-05,1.9466663e-05,1.8929164e-05,1.9562498e-05
3,7,87.564,0.07,1.8016664e-05,2.379163e-06,1.9679164e-05,1.9920826e-05,1.8991661e-05,3.649998e-06,1.8133331e-05,1.9737497e-05,1.9366662e-05,1.7933329e-05,-4.584e-08,1.7920827e-05,1.9729161e-05,1.9404164e-05,1.8833327e-05,1.952916e-05
3,8,87.707,0.08,1.7816663e-05,2.441661e-06,1.962916e-05,1.9837498e-05,1.8883331e-05,3.62916e-06,1.797916e-05,1.9537496e-05,1.93e-05,1.7795834e-05,-1.6673e-08,1.7791661e-05,1.952916e-05,1.9270834e-05,1.8733326e-05,1.9383328e-05
3,9,87.85,0.09,1.7849994e-05,2.308329e-06,1.9449997e-05,1.9720832e-05,1.8816661e-05,3.637497e-06,1.7820827e-05,1.9362496e-05,1.9258332e-05,1.770416e-05,-8.337e-09,1.7733328e-05,1.942083e-05,1.9116664e-05,1.8658327e-05,1.9333331e-05
3,10,87.993,0.1,1.7558328e-05,2.387492e-06,1.9358333e-05,1.9537496e-05,1.8737499e-05,3.645825e-06,1.7729164e-05,1.9337494e-05,1.9087498e-05,1.7579167e-05,-5.0004e-08,1.7474993e-05,1.9358333e-05,1.8995834e-05,1.8533334e-05,1.9179161e-05
3,11,88.136,0.11,1.741666e-05,2.345832e-06,1.9295827e-05,1.9495828e-05,1.8637498e-05,3.62916e-06,1.758333e-05,1.9187499e-05,1.8941664e-05,1.750416e-05,-8.337e-09,1.741666e-05,1.9291663e-05,1.8974995e-05,1.8408331e-05,1.906666e-05
3,12,88.279,0.12,1.7291664e-05,2.416658e-06,1.9208328e-05,1.9595829e-05,1.8445826e-05,3.599993e-06,1.7458327e-05,1.9104164e-05,1.8762494e-05,1.7512497e-05,8.329e-09,1.7283328e-05,1.9062496e-05,1.8750001e-05,1.8216666e-05,1.8954166e-05
3,13,88.422,0.13,1.7162498e-05,2.416658e-06,1.8962495e-05,1.923333e-05,1.8358325e-05,3.637497e-06,1.7254162e-05,1.8995834e-05,1.8704161e-05,1.7474993e-05,-1.6673e-08,1.7033331e-05,1.904583e-05,1.8579165e-05,1.8116665e-05,1.8791659e-05
3,14,88.565,0.14,1.7008328e-05,2.383327e-06,1.8933328e-05,1.9245832e-05,1.8279163e-05,3.595829e-06,1.713333e-05,1.8904162e-05,1.8504166e-05,1.7220831e-05,-1.6673e-08,1.6924992e-05,1.8870831e-05,1.8574992e-05,1.8062496e-05,1.8683329e-05
3,15,88.709,0.15,1.6708327e-05,2.391664e-06,1.88375e-05,1.9104164e-05,1.8149996e-05,3.654162e-06,1.696666e-05,1.8808332e-05,1.8379164e-05,1.7158325e-05,-4.1668e-08,1.6783333e-05,1.8754165e-05,1.8349998e-05,1.796666e-05,1.8520832e-05
3,16,88.852,0.16,1.6512497e-05,2.345832e-06,1.8687495e-05,1.8954166e-05,1.8037494e-05,3.587492e-06,1.6754166e-05,1.865e-05,1.8354162e-05,1.696666e-05,-1.6673e-08,1.6624999e-05,1.8574992e-05,1.8199993e-05,1.7804161e-05,1.8424997e-05
3,17,88.995,0.17,1.6520826e-05,2.329159e-06,1.8512495e-05,1.8833327e-05,1.7924993e-05,3.599993e-06,1.6670831e-05,1.8566665e-05,1.8120829e-05,1.6808328e-05,-1.6673e-08,1.6458329e-05,1.8587494e-05,1.8104163e-05,1.7658329e-05,1.8279163e-05
3,18,89.138,0.18,1.6374994e-05,2.312493e-06,1.8470828e-05,1.8699995e-05,1.7699997e-05,3.583328e-06,1.6416661e-05,1.8475001e-05,1.8012499e-05,1.6716664e-05,-8.337e-09,1.6208331e-05,1.842916e-05,1.8008328e-05,1.7529163e-05,1.8037494e-05
3,19,89.281,0.19,1.5991664e-05,2.333331e-06,1.8399993e-05,1.8562499e-05,1.7683331e-05,3.620831e-06,1.6220833e-05,1.8287499e-05,1.7795834e-05,1.655833e-05,4.166e-08,1.6066662e-05,1.8424997e-05,1.7849994e-05,1.7387494e-05,1.8020828e-05
3,20,89.424,0.2,1.5795827e-05,2.374999e-06,1.8245832e-05,1.8387493e-05,1.74625e-05,3.570827e-06,1.6120832e-05,1.8179162e-05,1.7699997e-05,1.6462493e-05,2.9159e-08,1.5945832e-05,1.8191664e-05,1.7779159e-05,1.7254162e-05,1.7874996e-05
3,21,89.567,0.21,1.5612499e-05,2.312493e-06,1.8004162e-05,1.8274999e-05,1.7362499e-05,3.549997e-06,1.59875e-05,1.8079161e-05,1.7549999e-05,1.6354163e-05,1.2493e-08,1.5724992e-05,1.7895825e-05,1.7645827e-05,1.7158325e-05,1.7724999e-05
3,22,89.71,0.22,1.5445828e-05,2.304165e-06,1.8020828e-05,1.8283328e-05,1.7237497e-05,3.508329e-06,1.5791662e-05,1.796666e-05,1.7387494e-05,1.6187492e-05,3.7495e-08,1.5512498e-05,1.7787495e-05,1.750416e-05,1.6941667e-05,1.7537499e-05
3,23,89.853,0.23,1.5233326e-05,2.316666e-06,1.770416e-05,1.8158333e-05,1.7108328e-05,3.491664e-06,1.5608326e-05,1.7812499e-05,1.7216667e-05,1.6083328e-05,4.166e-08,1.5362493e-05,1.7629163e-05,1.724166e-05,1.6941667e-05,1.7312495e-05
3,24,89.996,0.24,1.5045825e-05,2.316666e-06,1.7624998e-05,1.796666e-05,1.7033331e-05,3.537496e-06,1.5345828e-05,1.7641663e-05,1.7041659e-05,1.5962498e-05,2.4994e-08,1.5166665e-05,1.7474993e-05,1.7e-05,1.6729164e-05,1.7145832e-05
3,25,90.139,0.25,1.4862498e-05,2.362498e-06,1.7449998e-05,1.7724999e-05,1.6854159e-05,3.533332e-06,1.5091666e-05,1.7474993e-05,1.6895827e-05,1.5799998e-05,5.8325e-08,1.5049998e-05,1.7324995e-05,1.6862496e-05,1.6424998e-05,1.7012493e-05
3,26,90.282,0.26,1.4641666e-05,2.316666e-06,1.7291664e-05,1.7554165e-05,1.6729164e-05,3.545833e-06,1.4933332e-05,1.7324995e-05,1.6654165e-05,1.5641666e-05,7.9163e-08,1.4791663e-05,1.7154161e-05,1.6670831e-05,1.6316661e-05,1.6854159e-05
3,27,90.425,0.27,1.4437493e-05,2.333331e-06,1.714166e-05,1.7408331e-05,1.6416661e-05,3.562498e-06,1.4758332e-05,1.7224995e-05,1.6583332e-05,1.5549993e-05,2.9159e-08,1.4595827e-05,1.7008328e-05,1.6541664e-05,1.6162499e-05,1.6795826e-05
3,28,90.568,0.28,1.4208333e-05,2.349997e-06,1.7008328e-05,1.722916e-05,1.6462493e-05,3.554161e-06,1.4587497e-05,1.7154161e-05,1.6408332e-05,1.535833e-05,6.6662e-08,1.4441665e-05,1.6849996e-05,1.6379166e-05,1.5991664e-05,1.6454163e-05
3,29,90.711,0.29,1.3979165e-05,2.324995e-06,1.6858332e-05,1.7087499e-05,1.6191665e-05,3.554161e-06,1.4370831e-05,1.6929165e-05,1.6133332e-05,1.5183329e-05,-4.172e-09,1.4224998e-05,1.6654165e-05,1.6141661e-05,1.5858332e-05,1.62625e-05
3,30,90.854,0.3,1.3816659e-05,2.379163e-06,1.6683332e-05,1.6974998e-05,1.5958332e-05,3.491664e-06,1.4091666e-05,1.6829164e-05,1.6008329e-05,1.5141662e-05,5.4161e-08,1.3970828e-05,1.6533328e-05,1.5979163e-05,1.565833e-05,1.6137497e-05
3,31,90.997,0.31,1.355416e-05,2.370826e-06,1.6508333e-05,1.677916e-05,1.5791662e-05,3.466662e-06,1.3862498e-05,1.6604161e-05,1.5783326e-05,1.4879163e-05,5.8325e-08,1.3804166e-05,1.6287493e-05,1.5824993e-05,1.5499998e-05,1.593333e-05
3,32,91.14,0.32,1.3245829e-05,2.32083e-06,1.6379166e-05,1.6595832e-05,1.5683334e-05,3.44166e-06,1.3658333e-05,1.6483331e-05,1.559166e-05,1.4720829e-05,3.7495e-08,1.3512492e-05,1.6104166e-05,1.5533327e-05,1.5333326e-05,1.575416e-05
3,33,91.283,0.33,1.3058328e-05,2.316666e-06,1.6174999e-05,1.6437498e-05,1.5499998e-05,3.445832e-06,1.3474997e-05,1.6329161e-05,1.5520827e-05,1.4637494e-05,1.2493e-08,1.3370832e-05,1.5908328e-05,1.5433327e-05,1.511666e-05,1.5637494e-05
3,34,91.426,0.34,1.2799994e-05,2.229158e-06,1.5962498e-05,1.6270827e-05,1.5308333e-05,3.474998e-06,1.3179159e-05,1.6237498e-05,1.530416e-05,1.4466659e-05,7.4999e-08,1.3070829e-05,1.5816664e-05,1.5245827e-05,1.490833e-05,1.537083e-05
3,35,91.569,0.35,1.2604165e-05,2.287499e-06,1.5787498e-05,1.6137497e-05,1.5141662e-05,3.454161e-06,1.298333e-05,1.6016666e-05,1.4999993e-05,1.4283331e-05,3.7495e-08,1.2879165e-05,1.5504162e-05,1.4991665e-05,1.4704164e-05,1.5187494e-05
3,36,91.712,0.36,1.234583e-05,2.291664e-06,1.565833e-05,1.5862497e-05,1.490833e-05,3.445832e-06,1.2716659e-05,1.5720829e-05,1.4741659e-05,1.4129162e-05,3.7495e-08,1.2587499e-05,1.5295831e-05,1.473333e-05,1.447916e-05,1.4970827e-05
3,37,91.855,0.37,1.2012498e-05,2.324995e-06,1.5441665e-05,1.5654166e-05,1.4770826e-05,3.399992e-06,1.2483327e-05,1.557916e-05,1.4537493e-05,1.4049999e-05,1.16658e-07,1.2370832e-05,1.5212496e-05,1.4533329e-05,1.4287496e-05,1.473333e-05
3,38,91.998,0.38,1.1758328e-05,2.25416e-06,1.5270829e-05,1.5541666e-05,1.4562495e-05,3.42083e-06,1.2237493e-05,1.5383332e-05,1.4308325e-05,1.3866663e-05,1.16658e-07,1.2104161e-05,1.4945833e-05,1.435833e-05,1.4137499e-05,1.4524992e-05
3,39,92.141,0.39,1.1533331e-05,2.241659e-06,1.4970827e-05,1.5266665e-05,1.4395833e-05,3.44166e-06,1.1941664e-05,1.5154163e-05,1.4133327e-05,1.3574998e-05,1.37496e-07,1.1858328e-05,1.4716665e-05,1.4116661e-05,1.3849997e-05,1.4229163e-05
3,40,92.285,0.4,1.1224993e-05,2.237495e-06,1.4866662e-05,1.511666e-05,1.4116661e-05,3.408329e-06,1.1666663e-05,1.5008331e-05,1.3845834e-05,1.3429165e-05,1.29159e-07,1.1587493e-05,1.4562495e-05,1.3812494e-05,1.3583326e-05,1.4004159e-05
3,41,92.428,0.41,1.0995833e-05,2.195827e-06,1.4562495e-05,1.4862498e-05,1.3870827e-05,3.295827e-06,1.132083e-05,1.4799993e-05,1.36e-05,1.3154165e-05,4.164e-09,1.1341659e-05,1.4287496e-05,1.3666661e-05,1.3379161e-05,1.3812494e-05
3,42,92.571,0.42,1.0574992e-05,2.195827e-06,1.4387496e-05,1.4658332e-05,1.3749996e-05,3.345831e-06,1.1137494e-05,1.4583326e-05,1.3337493e-05,1.2941662e-05,4.166e-08,1.1079161e-05,1.408333e-05,1.3325e-05,1.3216662e-05,1.3587499e-05
3,43,92.714,0.43,1.0308329e-05,2.141659e-06,1.4087494e-05,1.4425e-05,1.346666e-05,3.35416e-06,1.0962494e-05,1.4349993e-05,1.3108333e-05,1.2783329e-05,6.2497e-08,1.0699995e-05,1.3983329e-05,1.3124998e-05,1.291666e-05,1.3304162e-05
3,44,92.857,0.44,9.974996e-06,2.187498e-06,1.3887493e-05,1.4195832e-05,1.3287497e-05,3.312492e-06,1.0537497e-05,1.4095831e-05,1.2824997e-05,1.2562497e-05,7.4999e-08,1.0379164e-05,1.3649996e-05,1.2941662e-05,1.2687492e-05,1.2970829e-05
3,45,93.0,0.45,9.633327e-06,2.112492e-06,1.3729159e-05,1.4070829e-05,1.3054164e-05,3.362497e-06,1.0233331e-05,1.3879164e-05,1.2545832e-05,1.2341667e-05,8.3327e-08,1.0108328e-05,1.3241664e-05,1.2637496e-05,1.2424994e-05,1.2758326e-05
3,46,93.143,0.46,9.324996e-06,2.108328e-06,1.3458332e-05,1.374166e-05,1.2770827e-05,3.337494e-06,9.966659e-06,1.3733332e-05,1.224583e-05,1.2158331e-05,8.3327e-08,9.774994e-06,1.3104161e-05,1.2333329e-05,1.2137492e-05,1.243333e-05
3,47,93.286,0.47,9.024993e-06,2.137494e-06,1.3274996e-05,1.3529166e-05,1.2529159e-05,3.304164e-06,9.599996e-06,1.3408328e-05,1.1995832e-05,1.1920825e-05,7.0826e-08,9.537498e-06,1.2699993e-05,1.2195826e-05,1.1845827e-05,1.2183333e-05
3,48,93.429,0.48,8.691661e-06,2.099999e-06,1.2858327e-05,1.3312499e-05,1.226666e-05,3.308328e-06,9.258326e-06,1.3129163e-05,1.1616659e-05,1.1654162e-05,7.9163e-08,9.191665e-06,1.2416665e-05,1.1679164e-05,1.1587493e-05,1.1904161e-05
3,49,93.572,0.49,8.354164e-06,2.037493e-06,1.2645833e-05,1.2941662e-05,1.200416e-05,3.258332e-06,9.004164e-06,1.2924997e-05,1.1316665e-05,1.1445833e-05,1.20831e-07,8.887498e-06,1.2166659e-05,1.1445833e-05,1.1237494e-05,1.152083e-05
3,50,93.715,0.5,8.054161e-06,2.020828e-06,1.2404163e-05,1.2674999e-05,1.1779165e-05,3.245831e-06,8.708326e-06,1.2591664e-05,1.0966659e-05,1.1224993e-05,1.16658e-07,8.599996e-06,1.1879166e-05,1.1095826e-05,1.0904161e-05,1.1224993e-05
3,51,93.858,0.51,7.704162e-06,1.991661e-06,1.205833e-05,1.2458332e-05,1.144166e-05,3.187497e-06,8.354164e-06,1.2424994e-05,1.0695831e-05,1.0983332e-05,7.9163e-08,8.258326e-06,1.1549997e-05,1.0779167e-05,1.0720825e-05,1.0858329e-05
3,52,94.001,0.52,7.320825e-06,1.937493e-06,1.1791666e-05,1.2095833e-05,1.1124992e-05,3.183325e-06,7.983327e-06,1.2099998e-05,1.032083e-05,1.0737499e-05,6.6662e-08,7.874997e-06,1.1191662e-05,1.0424996e-05,1.0279163e-05,1.0554163e-05
3,53,94.144,0.53,6.983328e-06,1.962495e-06,1.1479163e-05,1.1791666e-05,1.0874995e-05,3.14583e-06,7.666659e-06,1.1758328e-05,9.954158e-06,1.0354162e-05,1.12494e-07,7.604162e-06,1.0833327e-05,1.006666e-05,9.904162e-06,1.0158332e-05
3,54,94.287,0.54,6.670833e-06,1.916663e-06,1.1179161e-05,1.1454161e-05,1.0549998e-05,3.07916e-06,7.366665e-06,1.1491664e-05,9.579166e-06,1.0116664e-05,7.9163e-08,7.249999e-06,1.0491665e-05,9.720826e-06,9.554164e-06,9.812498e-06
3,55,94.43,0.55,6.333327e-06,1.874995e-06,1.0829162e-05,1.1170832e-05,1.0254161e-05,3.062495e-06,7.041661e-06,1.1179161e-05,9.199993e-06,9.895825e-06,1.04165e-07,6.966663e-06,1.013333e-05,9.366663e-06,9.237496e-06,9.445826e-06
3,56,94.573,0.56,5.999994e-06,1.87916e-06,1.0508331e-05,1.0845828e-05,9.908326e-06,3.054166e-06,6.608327e-06,1.0770829e-05,8.791661e-06,9.524997e-06,8.7492e-08,6.620828e-06,9.708333e-06,8.962496e-06,8.816663e-06,9.049996e-06
3,57,94.716,0.57,5.799993e-06,1.854165e-06,1.0162496e-05,1.0474992e-05,9.595831e-06,3.045829e-06,6.29166e-06,1.0579165e-05,8.404159e-06,9.333332e-06,1.33332e-07,6.354165e-06,9.358327e-06,8.654165e-06,8.462493e-06,8.65833e-06
3,58,94.859,0.58,5.516664e-06,1.829163e-06,9.945829e-06,1.0149995e-05,9.237496e-06,3.037492e-06,6.033325e-06,1.0233331e-05,8.024995e-06,8.949995e-06,9.5828e-08,6.120833e-06,8.899999e-06,8.283329e-06,8.083328e-06,8.283329e-06
3,59,95.002,0.59,5.270831e-06,1.804161e-06,9.491666e-06,9.804161e-06,8.929165e-06,2.979159e-06,5.74166e-06,9.779159e-06,7.691661e-06,8.745829e-06,1.24995e-07,5.870827e-06,8.608326e-06,7.841659e-06,7.704162e-06,7.949996e-06
3,60,95.145,0.6,5.187495e-06,1.783331e-06,9.162498e-06,9.454163e-06,8.579159e-06,2.954165e-06,5.562496e-06,9.474993e-06,7.320825e-06,8.412496e-06,1.29159e-07,5.704164e-06,8.249998e-06,7.520827e-06,7.341663e-06,7.583332e-06
3,61,95.288,0.61,5.029162e-06,1.79166e-06,8.829164e-06,9.112493e-06,8.179164e-06,2.937492e-06,5.362495e-06,9.062497e-06,6.870826e-06,8.262499e-06,1.08329e-07,5.46666e-06,7.791662e-06,7.208331e-06,6.958326e-06,7.166664e-06
3,62,95.431,0.62,4.962492e-06,1.783331e-06,8.470829e-06,8.737493e-06,7.883326e-06,2.874994e-06,5.224999e-06,8.749994e-06,6.512499e-06,7.841659e-06,8.7492e-08,5.387497e-06,7.412497e-06,6.891664e-06,6.629165e-06,6.854161e-06
3,63,95.574,0.63,4.904159e-06,1.779159e-06,8.066662e-06,8.374993e-06,7.533328e-06,2.849992e-06,5.108333e-06,8.370828e-06,6.187495e-06,7.541664e-06,1.49997e-07,5.291661e-06,7.062499e-06,6.483333e-06,6.333327e-06,6.416662e-06
3,64,95.717,0.64,4.945827e-06,1.787496e-06,7.699999e-06,7.999993e-06,7.179165e-06,2.820826e-06,5.054164e-06,8.02083e-06,5.891665e-06,7.30416e-06,8.3327e-08,5.287496e-06,6.75416e-06,6.233327e-06,5.983329e-06,6.162492e-06
3,65,95.861,0.65,5.087495e-06,1.758329e-06,7.354164e-06,7.666659e-06,6.745831e-06,2.729162e-06,5.033326e-06,7.687497e-06,5.629166e-06,7.049998e-06,1.16658e-07,5.262494e-06,6.383332e-06,5.954162e-06,5.699992e-06,5.837496e-06
3,66,96.004,0.66,5.045827e-06,1.820827e-06,6.995829e-06,7.295831e-06,6.454166e-06,2.691658e-06,5.054164e-06,7.341663e-06,5.374996e-06,6.758332e-06,1.12494e-07,5.316663e-06,6.054163e-06,5.616665e-06,5.491662e-06,5.608328e-06
3,67,96.147,0.67,5.204161e-06,1.833328e-06,6.704164e-06,6.92083e-06,6.124997e-06,2.633325e-06,5.162493e-06,7.049998e-06,5.19166e-06,6.612492e-06,1.12494e-07,5.387497e-06,5.849997e-06,5.483325e-06,5.320827e-06,5.374996e-06
3,68,96.29,0.68,5.429165e-06,1.845829e-06,6.366666e-06,6.608327e-06,5.770826e-06,2.612495e-06,5.254165e-06,6.729166e-06,5.099996e-06,6.420827e-06,1.37496e-07,5.529165e-06,5.491662e-06,5.283332e-06,5.19166e-06,5.216662e-06
3,69,96.433,0.69,5.629166e-06,1.845829e-06,6.129162e-06,6.316662e-06,5.520828e-06,2.574992e-06,5.470832e-06,6.524992e-06,5.012496e-06,6.262493e-06,1.4166e-07,5.729159e-06,5.370831e-06,5.162493e-06,5.154165e-06,5.112497e-06
3,70,96.576,0.7,5.862498e-06,1.866659e-06,5.787492e-06,6.041662e-06,5.274995e-06,2.520831e-06,5.679162e-06,6.254164e-06,4.999995e-06,6.120833e-06,1.45825e-07,5.966663e-06,5.212498e-06,5.108333e-06,5.129163e-06,5.054164e-06
3,71,96.719,0.71,6.108331e-06,1.929164e-06,5.604164e-06,5.816658e-06,5.074994e-06,2.483328e-06,5.883328e-06,6.133326e-06,5.037498e-06,6.070828e-06,1.49997e-07,6.162492e-06,5.108333e-06,5.062493e-06,5.187495e-06,5.066665e-06
3,72,96.862,0.72,6.366666e-06,1.941665e-06,5.458331e-06,5.65416e-06,4.920832e-06,2.420831e-06,6.116661e-06,6.062492e-06,5.174994e-06,5.945826e-06,9.9993e-08,6.420827e-06,5.095832e-06,5.129163e-06,5.287496e-06,5.129163e-06
3,73,97.005,0.73,6.66666e-06,2.008327e-06,5.25833e-06,5.608328e-06,4.862499e-06,2.399993e-06,6.354165e-06,6.024996e-06,5.304162e-06,5.941661e-06,1.49997e-07,6.687498e-06,5.112497e-06,5.249993e-06,5.391661e-06,5.295825e-06
3,74,97.148,0.74,6.94166e-06,2.004163e-06,5.183331e-06,5.362495e-06,4.816659e-06,2.395828e-06,6.616664e-06,6.008331e-06,5.529165e-06,5.924996e-06,1.58326e-07,6.991665e-06,5.216662e-06,5.354166e-06,5.574997e-06,5.399998e-06
3,75,97.291,0.75,7.295831e-06,2.054159e-06,5.233328e-06,5.349994e-06,4.858327e-06,2.40833e-06,6.854161e-06,6.141663e-06,5.791664e-06,5.904166e-06,1.54161e-07,7.308332e-06,5.354166e-06,5.570825e-06,5.837496e-06,5.641659e-06
3,76,97.434,0.76,7.612498e-06,2.091662e-06,5.274995e-06,5.383333e-06,4.89583e-06,2.391664e-06,7.124996e-06,6.229162e-06,6.029161e-06,5.954162e-06,1.45825e-07,7.570831e-06,5.574997e-06,5.849997e-06,6.058327e-06,5.891665e-06
3,77,97.577,0.77,7.891663e-06,2.104163e-06,5.391661e-06,5.562496e-06,5.029162e-06,2.416658e-06,7.387495e-06,6.366666e-06,6.345828e-06,5.99583e-06,1.49997e-07,7.887498e-06,5.762497e-06,6.104159e-06,6.299997e-06,6.18333e-06
3,78,97.72,0.78,8.12916e-06,2.145831e-06,5.504163e-06,5.65416e-06,5.262494e-06,2.462498e-06,7.695826e-06,6.549994e-06,6.695827e-06,6.124997e-06,1.37496e-07,8.183329e-06,6.01666e-06,6.39166e-06,6.591662e-06,6.449994e-06
3,79,97.863,0.79,8.366665e-06,2.166661e-06,5.691663e-06,5.862498e-06,5.470832e-06,2.491665e-06,7.858332e-06,6.770825e-06,6.979164e-06,6.220826e-06,1.83328e-07,8.445827e-06,6.254164e-06,6.66666e-06,6.829158e-06,6.795828e-06
3,80,98.006,0.8,8.745829e-06,2.224994e-06,5.895829e-06,6.041662e-06,5.762497e-06,2.491665e-06,8.241662e-06,6.949997e-06,7.279165e-06,6.295832e-06,1.62498e-07,8.762495e-06,6.583325e-06,6.999993e-06,7.095829e-06,7.1625e-06
3,81,98.149,0.81,8.962496e-06,2.191663e-06,6.033325e-06,6.20416e-06,5.99583e-06,2.549998e-06,8.374993e-06,7.158327e-06,7.595825e-06,6.437492e-06,1.91665e-07,9.02083e-06,6.912494e-06,7.308332e-06,7.329162e-06,7.441664e-06
3,82,98.292,0.82,9.229159e-06,2.262497e-06,6.212497e-06,6.412498e-06,6.233327e-06,2.583329e-06,8.59166e-06,7.341663e-06,7.954161e-06,6.620828e-06,1.54161e-07,9.22083e-06,7.133333e-06,7.566658e-06,7.55833e-06,7.804163e-06
3,83,98.435,0.83,9.437497e-06,2.237495e-06,6.416662e-06,6.604163e-06,6.541665e-06,2.599994e-06,8.887498e-06,7.454165e-06,8.208331e-06,6.75416e-06,1.83328e-07,9.579166e-06,7.495833e-06,7.924994e-06,7.804163e-06,8.149997e-06
3,84,98.578,0.84,9.720826e-06,2.283327e-06,6.670833e-06,6.795828e-06,6.829158e-06,2.629161e-06,9.091664e-06,7.741666e-06,8.599996e-06,6.862497e-06,1.66663e-07,9.774994e-06,7.74583e-06,8.274992e-06,8.033331e-06,8.45e-06
3,85,98.721,0.85,9.924992e-06,2.333331e-06,6.837495e-06,7.054162e-06,7.145826e-06,2.666664e-06,9.399994e-06,7.845831e-06,8.837494e-06,7.037497e-06,2.04166e-07,1.0062496e-05,8.029159e-06,8.524998e-06,8.262499e-06,8.833329e-06
3,86,98.864,0.86,1.0174997e-05,2.304165e-06,7.016659e-06,7.249999e-06,7.366665e-06,2.691658e-06,9.570829e-06,8.033331e-06,9.14166e-06,7.199995e-06,1.45825e-07,1.0345832e-05,8.370828e-06,8.829164e-06,8.458328e-06,9.145832e-06
3,87,99.007,0.87,1.0404166e-05,2.333331e-06,7.245827e-06,7.395832e-06,7.624992e-06,2.704159e-06,9.820827e-06,8.245825e-06,9.49583e-06,7.391659e-06,1.62498e-07,1.0479164e-05,8.637492e-06,9.187492e-06,8.720827e-06,9.437497e-06
3,88,99.15,0.88,1.0695831e-05,2.374999e-06,7.387495e-06,7.549993e-06,7.93333e-06,2.737498e-06,1.00125e-05,8.412496e-06,9.699997e-06,7.57916e-06,1.62498e-07,1.0766666e-05,8.929165e-06,9.466664e-06,8.883325e-06,9.762493e-06
3,89,99.294,0.89,1.075e-05,2.391664e-06,7.629164e-06,7.749994e-06,8.22916e-06,2.754164e-06,1.0254161e-05,8.620827e-06,9.970832e-06,7.649994e-06,1.83328e-07,1.0941664e-05,9.166662e-06,9.745829e-06,9.058333e-06,1.0058331e-05
3,90,99.437,0.9,1.0933328e-05,2.345832e-06,7.804163e-06,7.916665e-06,8.470829e-06,2.779166e-06,1.0424996e-05,8.799998e-06,1.0254161e-05,7.85416e-06,1.70827e-07,1.116666e-05,9.449998e-06,9.999999e-06,9.349998e-06,1.0345832e-05
3,91,99.58,0.91,1.1220829e-05,2.324995e-06,7.962497e-06,8.10833e-06,8.745829e-06,2.795831e-06,1.0691659e-05,9.02083e-06,1.0520832e-05,8.04166e-06,1.87492e-07,1.1341659e-05,9.729163e-06,1.0333331e-05,9.554164e-06,1.0608332e-05
3,92,99.723,0.92,1.1304164e-05,2.395828e-06,8.208331e-06,8.22916e-06,8.987498e-06,2.87083e-06,1.0883331e-05,9.199993e-06,1.0766666e-05,8.224996e-06,1.79164e-07,1.1587493e-05,1.0004163e-05,1.0612495e-05,9.804161e-06,1.0837499e-05
3,93,99.866,0.93,1.1474999e-05,2.374999e-06,8.404159e-06,8.45e-06,9.229159e-06,2.812497e-06,1.1112499e-05,9.379164e-06,1.1029164e-05,8.391658e-06,1.62498e-07,1.1674992e-05,1.0333331e-05,1.080416e-05,9.987497e-06,1.1095826e-05
3,94,100.009,0.94,1.1733326e-05,2.383327e-06,8.587495e-06,8.604161e-06,9.445826e-06,2.904161e-06,1.1224993e-05,9.562493e-06,1.1224993e-05,8.533327e-06,2.12495e-07,1.1795831e-05,1.0695831e-05,1.1074996e-05,1.0204164e-05,1.1412493e-05
3,95,100.152,0.95,1.1845827e-05,2.40833e-06,8.874997e-06,8.720827e-06,9.620825e-06,2.883331e-06,1.1537496e-05,9.874995e-06,1.1524995e-05,8.708326e-06,2.04166e-07,1.20375e-05,1.0799996e-05,1.1416666e-05,1.0399994e-05,1.1662499e-05
3,96,100.295,0.96,1.1987496e-05,2.387492e-06,9.02083e-06,8.833329e-06,9.883332e-06,2.929163e-06,1.1612495e-05,9.929165e-06,1.169583e-05,8.887498e-06,2.33332e-07,1.2216663e-05,1.1062495e-05,1.1533331e-05,1.0599994e-05,1.1945828e-05
3,97,100.438,0.97,1.2158331e-05,2.441661e-06,9.245833e-06,9.116666e-06,1.0141659e-05,2.966658e-06,1.1870829e-05,1.0166661e-05,1.1962493e-05,9.05416e-06,2.24996e-07,1.2391662e-05,1.1341659e-05,1.1774993e-05,1.0837499e-05,1.2149993e-05
3,98,100.581,0.98,1.2349995e-05,2.429159e-06,9.458327e-06,9.179163e-06,1.0295828e-05,2.970831e-06,1.2079159e-05,1.0341661e-05,1.2183333e-05,9.254161e-06,2.54162e-07,1.252083e-05,1.1616659e-05,1.2045829e-05,1.1154159e-05,1.2379161e-05
3,99,100.724,0.99,1.2479162e-05,2.470827e-06,9.674995e-06,9.429161e-06,1.0570828e-05,2.995825e-06,1.2191661e-05,1.0545826e-05,1.2408328e-05,9.383329e-06,2.41661e-07,1.2662498e-05,1.1870829e-05,1.2241666e-05,1.1179161e-05,1.2566662e-05
3,100,100.867,1.0,1.2641661e-05,2.470827e-06,9.933328e-06,9.491666e-06,1.0712496e-05,3.012498e-06,1.2445831e-05,1.0666665e-05,1.2587499e-05,9.524997e-06,3.12495e-07,1.2799994e-05,1.2116662e-05,1.2474998e-05,1.1595829e-05,1.2870828e-05
3,101,101.01,0.99,1.2491663e-05,2.429159e-06,9.779159e-06,9.258326e-06,1.0370827e-05,2.945828e-06,1.2170832e-05,1.0537497e-05,1.2195826e-05,9.39583e-06,1.49997e-07,1.2549996e-05,1.1799995e-05,1.217916e-05,1.1183325e-05,1.252083e-05
3,102,101.153,0.98,1.2279161e-05,2.395828e-06,9.558328e-06,9.074998e-06,1.0095827e-05,2.916662e-06,1.1987496e-05,1.0245832e-05,1.197083e-05,9.245833e-06,1.62498e-07,1.2287497e-05,1.1454161e-05,1.1841663e-05,1.0937492e-05,1.2149993e-05
3,103,101.296,0.97,1.2033327e-05,2.366662e-06,9.312495e-06,8.862496e-06,9.808326e-06,2.858329e-06,1.1749999e-05,1.0033329e-05,1.1583328e-05,8.962496e-06,1.12494e-07,1.2095833e-05,1.1104163e-05,1.1504166e-05,1.0720825e-05,1.1820833e-05
3,104,101.439,0.96,1.1812496e-05,2.279162e-06,8.979162e-06,8.574994e-06,9.466664e-06,2.820826e-06,1.144166e-05,9.799997e-06,1.1220829e-05,8.754166e-06,1.29159e-07,1.169583e-05,1.0670828e-05,1.1116664e-05,1.0437497e-05,1.1416666e-05
3,105,101.582,0.95,1.1345832e-05,2.279162e-06,8.716663e-06,8.349999e-06,9.204166e-06,2.741663e-06,1.1195826e-05,9.537498e-06,1.0845828e-05,8.574994e-06,8.7492e-08,1.1416666e-05,1.0299993e-05,1.0791659e-05,1.0116664e-05,1.1104163e-05
3,106,101.725,0.94,1.1195826e-05,2.241659e-06,8.383329e-06,8.045832e-06,8.787497e-06,2.670829e-06,1.0912498e-05,9.24166e-06,1.0533333e-05,8.324997e-06,8.7492e-08,1.1095826e-05,9.891661e-06,1.0383328e-05,9.829164e-06,1.0745827e-05
3,107,101.868,0.93,1.070416e-05,2.212493e-06,8.070827e-06,7.770833e-06,8.470829e-06,2.620832e-06,1.0566664e-05,8.949995e-06,1.0137494e-05,8.045832e-06,2.4994e-08,1.0833327e-05,9.512496e-06,1.0037494e-05,9.545827e-06,1.0387492e-05
3,108,102.011,0.92,1.0470828e-05,2.187498e-06,7.779161e-06,7.479159e-06,8.091664e-06,2.61666e-06,1.0245832e-05,8.608326e-06,9.87916e-06,7.83333e-06,1.6665e-08,1.0558327e-05,9.091664e-06,9.695832e-06,9.275e-06,9.987497e-06
3,109,102.154,0.91,1.0129165e-05,2.15416e-06,7.349992e-06,7.158327e-06,7.741666e-06,2.554162e-06,9.95833e-06,8.324997e-06,9.466664e-06,7.562494e-06,1.2493e-08,1.0258333e-05,8.745829e-06,9.191665e-06,8.912491e-06,9.587495e-06
3,110,102.297,0.9,9.87916e-06,2.141659e-06,7.112495e-06,6.8875e-06,7.379158e-06,2.504166e-06,9.612497e-06,8.04166e-06,9.012492e-06,7.329162e-06,5.4161e-08,9.904162e-06,8.31666e-06,8.883325e-06,8.633328e-06,9.22083e-06
3,111,102.44,0.89,9.433325e-06,2.070832e-06,6.766661e-06,6.562495e-06,6.999993e-06,2.441661e-06,9.258326e-06,7.691661e-06,8.629163e-06,6.974999e-06,3.7495e-08,9.524997e-06,7.895827e-06,8.462493e-06,8.279165e-06,8.824993e-06
3,112,102.583,0.88,9.158325e-06,2.029165e-06,6.370831e-06,6.29166e-06,6.654159e-06,2.379163e-06,8.954159e-06,7.358328e-06,8.249998e-06,6.674997e-06,-1.6673e-08,9.24166e-06,7.520827e-06,8.133332e-06,7.93333e-06,8.424998e-06
3,113,102.726,0.87,8.899999e-06,1.983333e-06,6.029161e-06,5.949998e-06,6.208332e-06,2.32083e-06,8.508333e-06,7.083328e-06,7.83333e-06,6.383332e-06,-1.2501e-08,8.84583e-06,7.112495e-06,7.637493e-06,7.591661e-06,7.949996e-06
3,114,102.87,0.86,8.41666e-06,1.995826e-06,5.737495e-06,5.679162e-06,5.824995e-06,2.229158e-06,8.191665e-06,6.75416e-06,7.47083e-06,6.124997e-06,1.6665e-08,8.562493e-06,6.758332e-06,7.266664e-06,7.241662e-06,7.516662e-06
3,115,103.013,0.85,8.04166e-06,1.949994e-06,5.35833e-06,5.370831e-06,5.508327e-06,2.249996e-06,7.799999e-06,6.474996e-06,7.058326e-06,5.879164e-06,-5.0004e-08,8.166663e-06,6.395833e-06,6.908329e-06,6.854161e-06,7.170828e-06
3,116,103.156,0.84,7.83333e-06,1.912498e-06,5.087495e-06,5.116661e-06,5.187495e-06,2.195827e-06,7.441664e-06,6.170829e-06,6.654159e-06,5.637495e-06,-2.0838e-08,7.704162e-06,5.979165e-06,6.441664e-06,6.570832e-06,6.749995e-06
3,117,103.299,0.83,7.245827e-06,1.874995e-06,4.812495e-06,4.854162e-06,4.833333e-06,2.087498e-06,7.049998e-06,5.916659e-06,6.266665e-06,5.433329e-06,-5.8341e-08,7.295831e-06,5.729159e-06,6.079165e-06,6.241663e-06,6.362494e-06
3,118,103.442,0.82,6.849996e-06,1.787496e-06,4.637496e-06,4.691664e-06,4.579163e-06,2.104163e-06,6.604163e-06,5.616665e-06,5.912495e-06,5.195832e-06,-6.2505e-08,6.929159e-06,5.404162e-06,5.729159e-06,5.891665e-06,6.008331e-06
3,119,103.585,0.81,6.516663e-06,1.783331e-06,4.516665e-06,4.616666e-06,4.441659e-06,2.033329e-06,6.237499e-06,5.441666e-06,5.55416e-06,5.058328e-06,-6.667e-08,6.558331e-06,5.091659e-06,5.37916e-06,5.579162e-06,5.691663e-06
3,120,103.728,0.8,6.162492e-06,1.724998e-06,4.462496e-06,4.587499e-06,4.383326e-06,2.004163e-06,5.874999e-06,5.283332e-06,5.270831e-06,4.929161e-06,-7.0834e-08,6.199996e-06,4.929161e-06,5.120826e-06,5.299997e-06,5.383333e-06
3,121,103.871,0.79,5.754161e-06,1.691659e-06,4.408328e-06,4.654161e-06,4.379161e-06,2.024992e-06,5.570825e-06,5.17083e-06,4.987494e-06,4.820832e-06,-5.8341e-08,5.833332e-06,4.858327e-06,4.833333e-06,5.120826e-06,5.099996e-06
3,122,104.014,0.78,5.458331e-06,1.654164e-06,4.479162e-06,4.679163e-06,4.441659e-06,2.104163e-06,5.291661e-06,5.187495e-06,4.762499e-06,4.754162e-06,-1.00009e-07,5.53333e-06,4.733332e-06,4.749998e-06,4.816659e-06,4.879165e-06
3,123,104.157,0.77,5.158329e-06,1.616661e-06,4.616666e-06,4.933325e-06,4.54166e-06,2.087498e-06,4.987494e-06,5.324991e-06,4.645832e-06,4.779164e-06,-7.0834e-08,5.233328e-06,4.741661e-06,4.62083e-06,4.645832e-06,4.733332e-06
3,124,104.3,0.76,4.879165e-06,1.566664e-06,4.841661e-06,5.116661e-06,4.79583e-06,2.13333e-06,4.799994e-06,5.449994e-06,4.529158e-06,4.812495e-06,-8.7508e-08,5.033326e-06,4.808331e-06,4.595828e-06,4.570826e-06,4.70833e-06
3,125,104.443,0.75,4.72916e-06,1.545827e-06,5.087495e-06,5.374996e-06,5.124998e-06,2.158332e-06,4.62083e-06,5.658333e-06,4.520829e-06,4.941662e-06,-1.41668e-07,4.854162e-06,4.945827e-06,4.62083e-06,4.608329e-06,4.679163e-06
3,126,104.586,0.74,4.566662e-06,1.491666e-06,5.349994e-06,5.74166e-06,5.304162e-06,2.204164e-06,4.562497e-06,5.899994e-06,4.545832e-06,4.999995e-06,-9.1672e-08,4.749998e-06,5.124998e-06,4.733332e-06,4.649997e-06,4.774992e-06
3,127,104.729,0.73,4.487499e-06,1.487493e-06,5.658333e-06,6.024996e-06,5.624994e-06,2.366662e-06,4.529158e-06,6.162492e-06,4.662498e-06,5.133327e-06,-1.45841e-07,4.699993e-06,5.383333e-06,4.891666e-06,4.720831e-06,4.929161e-06
3,128,104.872,0.72,4.429166e-06,1.483329e-06,5.970828e-06,6.412498e-06,5.958327e-06,2.337496e-06,4.654161e-06,6.45833e-06,4.854162e-06,5.362495e-06,-1.25003e-07,4.754162e-06,5.662497e-06,5.062493e-06,4.908331e-06,5.112497e-06
3,129,105.015,0.71,4.445831e-06,1.42916e-06,6.320826e-06,6.741659e-06,6.320826e-06,2.349997e-06,4.824996e-06,6.833331e-06,5.037498e-06,5.591663e-06,-1.3334e-07,4.824996e-06,5.954162e-06,5.312499e-06,5.137499e-06,5.383333e-06
3,130,105.158,0.7,4.529158e-06,1.474992e-06,6.649995e-06,7.095829e-06,6.616664e-06,2.391664e-06,4.899995e-06,7.158327e-06,5.270831e-06,5.84166e-06,-1.00009e-07,5.008332e-06,6.233327e-06,5.529165e-06,5.324991e-06,5.662497e-06
3,131,105.301,0.69,4.845826e-06,1.491666e-06,6.954161e-06,7.483332e-06,6.987492e-06,2.462498e-06,5.124998e-06,7.454165e-06,5.545831e-06,6.091658e-06,-1.08337e-07,5.220827e-06,6.608327e-06,5.837496e-06,5.620829e-06,5.974992e-06
3,132,105.444,0.68,5.016661e-06,1.483329e-06,7.291659e-06,7.799999e-06,7.299996e-06,2.495829e-06,5.370831e-06,7.774996e-06,5.862498e-06,6.345828e-06,-1.41668e-07,5.416663e-06,7.054162e-06,6.108331e-06,5.895829e-06,6.304161e-06
3,133,105.587,0.67,5.237492e-06,1.529161e-06,7.662495e-06,8.224996e-06,7.666659e-06,2.537497e-06,5.699992e-06,8.133332e-06,6.220826e-06,6.691662e-06,-1.12502e-07,5.754161e-06,7.291659e-06,6.483333e-06,6.187495e-06,6.637494e-06
3,134,105.73,0.66,5.53333e-06,1.58333e-06,8.008329e-06,8.5375e-06,7.945831e-06,2.591666e-06,6.008331e-06,8.48333e-06,6.537493e-06,6.945832e-06,-1.16674e-07,5.979165e-06,7.687497e-06,6.779162e-06,6.554159e-06,6.970827e-06
3,135,105.873,0.65,5.795829e-06,1.599995e-06,8.324997e-06,8.891662e-06,8.274992e-06,2.599994e-06,6.374995e-06,8.774996e-06,6.833331e-06,7.170828e-06,-1.16674e-07,6.416662e-06,8.066662e-06,7.187494e-06,6.854161e-06,7.324998e-06
3,136,106.016,0.64,6.333327e-06,1.60416e-06,8.645829e-06,9.283328e-06,8.587495e-06,2.645826e-06,6.670833e-06,9.170826e-06,7.191666e-06,7.487496e-06,-1.16674e-07,6.729166e-06,8.474994e-06,7.499997e-06,7.191666e-06,7.704162e-06
3,137,106.159,0.63,6.491661e-06,1.666665e-06,8.991663e-06,9.533326e-06,8.962496e-06,2.68333e-06,7.00833e-06,9.483329e-06,7.583332e-06,7.704162e-06,-1.37504e-07,7.02916e-06,8.741665e-06,7.83333e-06,7.545829e-06,7.999993e-06
3,138,106.303,0.62,6.991665e-06,1.683331e-06,9.316659e-06,9.916663e-06,9.258326e-06,2.733326e-06,7.395832e-06,9.837492e-06,7.929166e-06,7.995828e-06,-1.00009e-07,7.366665e-06,9.158325e-06,8.199993e-06,7.883326e-06,8.433326e-06
3,139,106.446,0.61,7.141662e-06,1.720826e-06,9.570829e-06,1.0204164e-05,9.49583e-06,2.708332e-06,7.724992e-06,1.0099999e-05,8.291666e-06,8.237497e-06,-1.04173e-07,7.699999e-06,9.483329e-06,8.474994e-06,8.174999e-06,8.729164e-06
3,140,106.589,0.6,7.708327e-06,1.77083e-06,9.945829e-06,1.0520832e-05,9.79166e-06,2.741663e-06,8.016666e-06,1.0383328e-05,8.612497e-06,8.541663e-06,-1.29175e-07,8.045832e-06,9.829164e-06,8.812499e-06,8.508333e-06,9.083326e-06
3,141,106.732,0.59,7.845831e-06,1.733327e-06,1.0191663e-05,1.0854164e-05,1.0108328e-05,2.812497e-06,8.320832e-06,1.0712496e-05,8.96666e-06,8.795826e-06,-1.70835e-07,8.341662e-06,1.0099999e-05,9.104165e-06,8.837494e-06,9.391665e-06
3,142,106.875,0.58,8.166663e-06,1.741664e-06,1.0524996e-05,1.1079161e-05,1.0395829e-05,2.849992e-06,8.762495e-06,1.1008327e-05,9.249997e-06,9.079162e-06,-1.50005e-07,8.666659e-06,1.0483329e-05,9.491666e-06,9.149996e-06,9.691659e-06
3,143,107.018,0.57,8.45e-06,1.795832e-06,1.0912498e-05,1.1366661e-05,1.0670828e-05,2.841663e-06,9.02083e-06,1.1237494e-05,9.579166e-06,9.354162e-06,-1.45841e-07,9.049996e-06,1.0883331e-05,9.804161e-06,9.391665e-06,1.0062496e-05
3,144,107.161,0.56,8.741665e-06,1.779159e-06,1.114583e-05,1.162916e-05,1.0962494e-05,2.912498e-06,9.275e-06,1.1599994e-05,9.924992e-06,9.591659e-06,-1.37504e-07,9.320831e-06,1.1004162e-05,1.0016664e-05,9.720826e-06,1.0283327e-05
3,145,107.304,0.55,9.095827e-06,1.795832e-06,1.1291663e-05,1.2070831e-05,1.1174997e-05,2.912498e-06,9.558328e-06,1.1808332e-05,1.0245832e-05,9.870831e-06,-1.6667e-07,9.645828e-06,1.1324993e-05,1.040833e-05,1.0037494e-05,1.0649999e-05
3,146,107.447,0.54,9.50416e-06,1.820827e-06,1.1620831e-05,1.2254159e-05,1.1458325e-05,2.954165e-06,9.866659e-06,1.2054165e-05,1.0566664e-05,1.0141659e-05,-1.62506e-07,9.962495e-06,1.1683329e-05,1.0699995e-05,1.0508331e-05,1.0954165e-05
3,147,107.59,0.53,9.75833e-06,1.887496e-06,1.1983331e-05,1.2495828e-05,1.1691665e-05,2.887495e-06,1.0141659e-05,1.2354159e-05,1.0916662e-05,1.0324995e-05,-1.70835e-07,1.0237495e-05,1.1879166e-05,1.0916662e-05,1.0604159e-05,1.1199999e-05
3,148,107.733,0.52,1.0095827e-05,1.883332e-06,1.2174995e-05,1.2691665e-05,1.2074995e-05,2.979159e-06,1.0487493e-05,1.2624995e-05,1.1199999e-05,1.0570828e-05,-1.37504e-07,1.0558327e-05,1.2195826e-05,1.1249996e-05,1.0874995e-05,1.152083e-05
3,149,107.876,0.51,1.0487493e-05,1.899997e-06,1.2462497e-05,1.2904159e-05,1.2137492e-05,2.945828e-06,1.0754164e-05,1.2858327e-05,1.1454161e-05,1.0874995e-05,-1.91673e-07,1.0845828e-05,1.2458332e-05,1.1562498e-05,1.1216664e-05,1.1766664e-05
3,150,108.019,0.5,1.0683329e-05,1.941665e-06,1.2699993e-05,1.3166666e-05,1.2349995e-05,3.091661e-06,1.1054166e-05,1.3074994e-05,1.1733326e-05,1.1074996e-05,-1.58342e-07,1.1141666e-05,1.2695829e-05,1.1829162e-05,1.1383327e-05,1.2033327e-05
3,151,108.162,0.49,1.1079161e-05,1.920827e-06,1.2899995e-05,1.3379161e-05,1.260833e-05,3.029164e-06,1.1358333e-05,1.3245829e-05,1.1962493e-05,1.1249996e-05,-1.29175e-07,1.1395828e-05,1.2929161e-05,1.209166e-05,1.1679164e-05,1.2304163e-05
3,152,108.305,0.48,1.1229165e-05,1.954158e-06,1.3112497e-05,1.3624994e-05,1.2799994e-05,2.95833e-06,1.1699995e-05,1.3429165e-05,1.2170832e-05,1.1524995e-05,-1.6667e-07,1.1579164e-05,1.3187496e-05,1.2287497e-05,1.1929163e-05,1.2574998e-05
3,153,108.448,0.47,1.1654162e-05,1.97916e-06,1.3333329e-05,1.3854162e-05,1.3066665e-05,2.999997e-06,1.1849999e-05,1.374166e-05,1.2495828e-05,1.1704159e-05,-1.58342e-07,1.1820833e-05,1.3420829e-05,1.2570827e-05,1.2204162e-05,1.2820832e-05
3,154,108.591,0.46,1.1654162e-05,1.945829e-06,1.3604164e-05,1.4054163e-05,1.3245829e-05,3.012498e-06,1.1995832e-05,1.3891665e-05,1.2754163e-05,1.1895831e-05,-1.16674e-07,1.2054165e-05,1.3633331e-05,1.2783329e-05,1.2399999e-05,1.3074994e-05
3,155,108.734,0.45,1.1941664e-05,2.012499e-06,1.3737495e-05,1.4283331e-05,1.3470833e-05,3.041665e-06,1.2216663e-05,1.4074993e-05,1.3033326e-05,1.2095833e-05,-1.95837e-07,1.2299998e-05,1.3804166e-05,1.308333e-05,1.2666663e-05,1.3299998e-05
3,156,108.877,0.44,1.2125e-05,1.987497e-06,1.3991666e-05,1.4454166e-05,1.3691663e-05,3.049993e-06,1.2491663e-05,1.4233327e-05,1.3216662e-05,1.2274996e-05,-1.95837e-07,1.2549996e-05,1.4062492e-05,1.3241664e-05,1.28625e-05,1.3516665e-05
3,157,109.02,0.43,1.2537495e-05,1.999998e-06,1.4233327e-05,1.4641666e-05,1.3858326e-05,3.095826e-06,1.2716659e-05,1.4416662e-05,1.3470833e-05,1.2370832e-05,-1.45841e-07,1.2741662e-05,1.4241664e-05,1.3458332e-05,1.3087495e-05,1.3737495e-05
3,158,109.163,0.42,1.2683328e-05,2.062495e-06,1.4449994e-05,1.475416e-05,1.4058328e-05,3.116663e-06,1.2891666e-05,1.4787499e-05,1.3641659e-05,1.2624995e-05,-1.50005e-07,1.2970829e-05,1.4474996e-05,1.3658333e-05,1.3329164e-05,1.3979165e-05
3,159,109.306,0.41,1.3016661e-05,2.06666e-06,1.4587497e-05,1.4991665e-05,1.4229163e-05,3.095826e-06,1.3145828e-05,1.4774998e-05,1.3862498e-05,1.2929161e-05,-1.50005e-07,1.3162494e-05,1.4604163e-05,1.3945826e-05,1.3545831e-05,1.4195832e-05
3,160,109.449,0.4,1.3020825e-05,2.091662e-06,1.4712493e-05,1.5191667e-05,1.4591662e-05,3.108327e-06,1.3329164e-05,1.4916666e-05,1.4091666e-05,1.3099996e-05,-1.62506e-07,1.3379161e-05,1.4858325e-05,1.4154164e-05,1.3724994e-05,1.4366667e-05
3,161,109.592,0.39,1.3245829e-05,2.049994e-06,1.5008331e-05,1.5366666e-05,1.4533329e-05,3.129164e-06,1.3549996e-05,1.5154163e-05,1.427083e-05,1.3195832e-05,-2.00001e-07,1.3512492e-05,1.502916e-05,1.4395833e-05,1.3924996e-05,1.4570832e-05
3,162,109.735,0.38,1.3445831e-05,2.120829e-06,1.5191667e-05,1.5566658e-05,1.473333e-05,3.245831e-06,1.3737495e-05,1.537083e-05,1.4487497e-05,1.3287497e-05,-1.08337e-07,1.3729159e-05,1.5208332e-05,1.4562495e-05,1.4158329e-05,1.4816665e-05
3,163,109.879,0.37,1.3858326e-05,2.058331e-06,1.5379166e-05,1.5666659e-05,1.4904165e-05,3.183325e-06,1.3883328e-05,1.5516662e-05,1.4691663e-05,1.3491663e-05,-2.12502e-07,1.3874999e-05,1.5391659e-05,1.4699999e-05,1.4316663e-05,1.4970827e-05
3,164,110.022,0.36,1.4041662e-05,2.087498e-06,1.5449992e-05,1.5874997e-05,1.5074992e-05,3.191662e-06,1.4087494e-05,1.5670832e-05,1.4862498e-05,1.3674999e-05,-1.95837e-07,1.417083e-05,1.5587497e-05,1.4912494e-05,1.4520828e-05,1.5145826e-05
3,165,110.165,0.35,1.4249992e-05,2.162496e-06,1.5599999e-05,1.5970827e-05,1.5266665e-05,3.170832e-06,1.4324999e-05,1.5862497e-05,1.5062499e-05,1.382916e-05,-1.62506e-07,1.4187495e-05,1.5683334e-05,1.5091666e-05,1.4645831e-05,1.5354164e-05
3,166,110.308,0.34,1.417083e-05,2.074997e-06,1.5858332e-05,1.6212494e-05,1.5395832e-05,3.191662e-06,1.4449994e-05,1.6012495e-05,1.525e-05,1.3962499e-05,-1.50005e-07,1.4329164e-05,1.5891663e-05,1.5345828e-05,1.4891664e-05,1.5541666e-05
3,167,110.451,0.33,1.4333327e-05,2.074997e-06,1.6049997e-05,1.6387494e-05,1.5595826e-05,3.233329e-06,1.4691663e-05,1.6195831e-05,1.5416663e-05,1.4158329e-05,-1.6667e-07,1.4541666e-05,1.6187492e-05,1.5474994e-05,1.502916e-05,1.57125e-05
3,168,110.594,0.32,1.4558331e-05,2.112492e-06,1.610833e-05,1.649166e-05,1.5649994e-05,3.183325e-06,1.4787499e-05,1.6312495e-05,1.5637494e-05,1.4274994e-05,-1.54169e-07,1.4687498e-05,1.6241662e-05,1.5812493e-05,1.521666e-05,1.5908328e-05
3,169,110.737,0.31,1.4741659e-05,2.06666e-06,1.6241662e-05,1.6791662e-05,1.5841659e-05,3.241658e-06,1.4891664e-05,1.6412496e-05,1.5774996e-05,1.4441665e-05,-1.70835e-07,1.4920831e-05,1.6416661e-05,1.5924994e-05,1.5379166e-05,1.6020831e-05
3,170,110.88,0.3,1.4883328e-05,2.091662e-06,1.6399996e-05,1.6820828e-05,1.6033331e-05,3.254159e-06,1.509583e-05,1.6687496e-05,1.5970827e-05,1.4616664e-05,-1.87508e-07,1.502916e-05,1.6495831e-05,1.592083e-05,1.5612499e-05,1.6154163e-05
3,171,111.023,0.29,1.5066664e-05,2.099999e-06,1.6566666e-05,1.712083e-05,1.6287493e-05,3.212492e-06,1.530416e-05,1.6704162e-05,1.6237498e-05,1.4745831e-05,-1.70835e-07,1.5224997e-05,1.665833e-05,1.6174999e-05,1.5762496e-05,1.6387494e-05
3,172,111.166,0.28,1.5149999e-05,2.079161e-06,1.6741666e-05,1.7154161e-05,1.6312495e-05,3.26666e-06,1.5499998e-05,1.6924992e-05,1.6324997e-05,1.4862498e-05,-1.87508e-07,1.5391659e-05,1.6849996e-05,1.6312495e-05,1.5887499e-05,1.6566666e-05
3,173,111.309,0.27,1.5429163e-05,2.099999e-06,1.69e-05,1.7208329e-05,1.6420834e-05,3.329166e-06,1.5608326e-05,1.7004164e-05,1.6429161e-05,1.5058326e-05,-1.54169e-07,1.5516662e-05,1.6995828e-05,1.6479167e-05,1.5991664e-05,1.677916e-05
3,174,111.452,0.26,1.5570831e-05,2.149995e-06,1.7045832e-05,1.7562492e-05,1.6691662e-05,3.349996e-06,1.5758331e-05,1.7162498e-05,1.6662494e-05,1.5187494e-05,-1.91673e-07,1.564583e-05,1.712083e-05,1.6662494e-05,1.6199994e-05,1.684583e-05
3,175,111.595,0.25,1.5879163e-05,2.108328e-06,1.7170827e-05,1.7437498e-05,1.6666667e-05,3.304164e-06,1.5924994e-05,1.7279164e-05,1.6745829e-05,1.5329162e-05,-1.70835e-07,1.5829166e-05,1.724166e-05,1.6791662e-05,1.6270827e-05,1.6895827e-05
3,176,111.738,0.24,1.5895828e-05,2.149995e-06,1.730833e-05,1.7633327e-05,1.6824992e-05,3.287498e-06,1.610833e-05,1.7412496e-05,1.6970833e-05,1.5487496e-05,-1.95837e-07,1.5929167e-05,1.74625e-05,1.69e-05,1.6437498e-05,1.7091663e-05
3,177,111.881,0.23,1.6116659e-05,2.141659e-06,1.74625e-05,1.7774995e-05,1.6916665e-05,3.374998e-06,1.6170827e-05,1.7579167e-05,1.7124994e-05,1.5549993e-05,-2.08338e-07,1.6054162e-05,1.7558328e-05,1.7095828e-05,1.6562493e-05,1.7258326e-05
3,178,112.024,0.22,1.6299995e-05,2.166661e-06,1.7579167e-05,1.7870832e-05,1.7074999e-05,3.329166e-06,1.6516662e-05,1.7674995e-05,1.7258326e-05,1.5674996e-05,-1.12502e-07,1.6158327e-05,1.7712498e-05,1.7312495e-05,1.6758331e-05,1.7420833e-05
3,179,112.167,0.21,1.6308331e-05,2.162496e-06,1.7724999e-05,1.8066661e-05,1.7199993e-05,3.283326e-06,1.6412496e-05,1.7849994e-05,1.7445827e-05,1.5866661e-05,-1.54169e-07,1.6316661e-05,1.7774995e-05,1.7458327e-05,1.6879161e-05,1.7595832e-05
3,180,112.31,0.2,1.6599997e-05,2.15416e-06,1.7829163e-05,1.8166662e-05,1.7320832e-05,3.33333e-06,1.6666667e-05,1.796666e-05,1.757083e-05,1.5937496e-05,-2.04174e-07,1.6512497e-05,1.7974997e-05,1.7620825e-05,1.7e-05,1.7716662e-05
3,181,112.453,0.19,1.6524999e-05,2.137494e-06,1.8037494e-05,1.8304165e-05,1.7454164e-05,3.383326e-06,1.6729164e-05,1.7991662e-05,1.7824999e-05,1.6112495e-05,-2.00001e-07,1.6545828e-05,1.8158333e-05,1.7787495e-05,1.7149996e-05,1.7895825e-05
3,182,112.596,0.18,1.6608326e-05,2.158332e-06,1.8162496e-05,1.8454162e-05,1.7608332e-05,3.391663e-06,1.6912492e-05,1.8116665e-05,1.8024994e-05,1.6333326e-05,-1.79172e-07,1.6749995e-05,1.8187498e-05,1.7941666e-05,1.7237497e-05,1.8058332e-05
3,183,112.739,0.17,1.6933331e-05,2.23333e-06,1.8291665e-05,1.8574992e-05,1.7741664e-05,3.399992e-06,1.6983326e-05,1.8249997e-05,1.8137494e-05,1.6495831e-05,-1.50005e-07,1.6895827e-05,1.8412495e-05,1.7987497e-05,1.7495831e-05,1.8216666e-05
3,184,112.882,0.16,1.69e-05,2.245831e-06,1.8316667e-05,1.8691659e-05,1.7824999e-05,3.429159e-06,1.7145832e-05,1.830833e-05,1.8129165e-05,1.6562493e-05,-1.45841e-07,1.7029166e-05,1.8558327e-05,1.8199993e-05,1.7641663e-05,1.8316667e-05
3,185,113.025,0.15,1.7079163e-05,2.224994e-06,1.8554163e-05,1.8754165e-05,1.8008328e-05,3.433331e-06,1.7270828e-05,1.8537497e-05,1.8174998e-05,1.6608326e-05,-1.12502e-07,1.714166e-05,1.8687495e-05,1.8304165e-05,1.7720826e-05,1.8420831e-05
3,186,113.168,0.14,1.7249997e-05,2.204164e-06,1.8645827e-05,1.8883331e-05,1.81e-05,3.449996e-06,1.7370829e-05,1.8591667e-05,1.8379164e-05,1.6808328e-05,-1.58342e-07,1.7279164e-05,1.8758328e-05,1.8458326e-05,1.79125e-05,1.860416e-05
3,187,113.312,0.13,1.7320832e-05,2.23333e-06,1.8824998e-05,1.9037492e-05,1.8254161e-05,3.433331e-06,1.7483329e-05,1.8779167e-05,1.8570829e-05,1.6970833e-05,-1.2501e-08,1.7354163e-05,1.8924999e-05,1.8541661e-05,1.8012499e-05,1.8724997e-05
3,188,113.455,0.12,1.7529163e-05,2.216665e-06,1.8833327e-05,1.9099998e-05,1.8379164e-05,3.454161e-06,1.7624998e-05,1.8899997e-05,1.8666664e-05,1.6983326e-05,-1.91673e-07,1.74625e-05,1.9033328e-05,1.8666664e-05,1.8083327e-05,1.8858329e-05
3,189,113.598,0.11,1.7549999e-05,2.149995e-06,1.8966659e-05,1.9224994e-05,1.8508332e-05,3.449996e-06,1.7712498e-05,1.8999997e-05,1.8812498e-05,1.7091663e-05,-1.79172e-07,1.7587496e-05,1.916666e-05,1.8812498e-05,1.822083e-05,1.8983332e-05
3,190,113.741,0.1,1.7895825e-05,2.170825e-06,1.9174997e-05,1.9391664e-05,1.8516659e-05,3.449996e-06,1.7874996e-05,1.9162497e-05,1.8920828e-05,1.724166e-05,-1.70835e-07,1.7616661e-05,1.9291663e-05,1.8899997e-05,1.8304165e-05,1.9008326e-05
3,191,113.884,0.09,1.7808326e-05,2.179162e-06,1.9349996e-05,1.9504165e-05,1.8633325e-05,3.533332e-06,1.7974997e-05,1.9174997e-05,1.9058331e-05,1.7341661e-05,-1.41668e-07,1.7779159e-05,1.9395828e-05,1.9083333e-05,1.8387493e-05,1.923333e-05
3,192,114.027,0.08,1.786666e-05,2.179162e-06,1.9399993e-05,1.9558327e-05,1.8695831e-05,3.537496e-06,1.8120829e-05,1.9349996e-05,1.9195826e-05,1.7433325e-05,-1.54169e-07,1.8058332e-05,1.952916e-05,1.9274998e-05,1.8637498e-05,1.9324994e-05
3,193,114.17,0.07,1.8062496e-05,2.170825e-06,1.9412493e-05,1.9745827e-05,1.8933328e-05,3.545833e-06,1.8199993e-05,1.942083e-05,1.9312492e-05,1.7533326e-05,-1.54169e-07,1.7933329e-05,1.9666664e-05,1.9366662e-05,1.8712497e-05,1.9379162e-05
3,194,114.313,0.06,1.8249997e-05,2.183326e-06,1.9633333e-05,1.9824998e-05,1.8991661e-05,3.554161e-06,1.8312494e-05,1.952916e-05,1.942083e-05,1.769166e-05,-1.37504e-07,1.8183327e-05,1.9608331e-05,1.9329167e-05,1.8916662e-05,1.9524996e-05
3,195,114.456,0.05,1.8262497e-05,2.179162e-06,1.9612495e-05,1.9912497e-05,1.9091662e-05,3.579164e-06,1.8395829e-05,1.9612495e-05,1.9449997e-05,1.7679158e-05,-1.95837e-07,1.8266663e-05,1.9666664e-05,1.9429159e-05,1.8858329e-05,1.9674993e-05
3,196,114.599,0.04,1.8404166e-05,2.212493e-06,1.9795831e-05,2.0133328e-05,1.9320829e-05,3.570827e-06,1.8499994e-05,1.9741663e-05,1.9691666e-05,1.7887496e-05,-1.54169e-07,1.8362498e-05,1.9820833e-05,1.980416e-05,1.91125e-05,1.9679164e-05
3,197,114.742,0.03,1.8537497e-05,2.212493e-06,1.9833325e-05,2.0112499e-05,1.9316665e-05,3.583328e-06,1.8654164e-05,1.9770829e-05,1.9720832e-05,1.7991662e-05,-1.50005e-07,1.8470828e-05,1.9924999e-05,1.9612495e-05,1.9033328e-05,1.9820833e-05
3,198,114.885,0.02,1.8679166e-05,2.229158e-06,1.9954165e-05,2.0299998e-05,1.9458326e-05,3.52083e-06,1.8787496e-05,1.9899997e-05,1.9858329e-05,1.8104163e-05,-1.20838e-07,1.8570829e-05,2.0041665e-05,1.9820833e-05,1.9191662e-05,1.9999998e-05
3,199,115.028,0.01,1.8791659e-05,2.212493e-06,2.0066667e-05,2.0337495e-05,1.9512494e-05,3.566662e-06,1.8854165e-05,2.0083333e-05,1.9904161e-05,1.8179162e-05,-1.54169e-07,1.8733326e-05,2.0104162e-05,1.9916661e-05,1.9229166e-05,1.9945828e-05
3,200,115.171,0.0,1.8916662e-05,2.212493e-06,2.014583e-05,2.0387499e-05,1.9604166e-05,3.641661e-06,1.9091662e-05,2.0058329e-05,2.0087497e-05,1.832083e-05,-1.91673e-07,1.8824998e-05,2.0216663e-05,2.0020827e-05,1.9395828e-05,2.0099997e-05
,,,,,,,,,,,,,,,,,,,,3,0.63,0.65,0.74,0.75,0.74,0.76,0.65,0.74,0.7,0.75,0.41,0.65,0.72,0.71,0.7,0.7,0.72,0.71,0.79,0.8,0.79,0.8,0.73,0.79,0.75,0.78,0.91,0.73,0.78,0.76,0.76,0.75
4,0,115.437,0.0,1.8899997e-05,2.241659e-06,2.014583e-05,2.0458332e-05,1.9637497e-05,3.595829e-06,1.9029165e-05,2.0108326e-05,2.0029163e-05,1.832916e-05,-1.6667e-07,1.8779167e-05,2.0183334e-05,2.0095833e-05,1.9416666e-05,2.0191661e-05
4,1,115.58,0.01,1.8862494e-05,2.329159e-06,2.0179161e-05,2.0412494e-05,1.9591665e-05,3.62916e-06,1.8920828e-05,2.0008325e-05,2.0020827e-05,1.830833e-05,-4.584e-08,1.8745828e-05,2.014583e-05,2.0004161e-05,1.9391664e-05,2.00375e-05
4,2,115.723,0.02,1.8666664e-05,2.366662e-06,2.0054165e-05,2.0324993e-05,1.950833e-05,3.633332e-06,1.8804161e-05,2.0012498e-05,1.9899997e-05,1.8170826e-05,-1.04173e-07,1.8633325e-05,2.0129164e-05,1.9862493e-05,1.9237494e-05,2.0016661e-05
4,3,115.867,0.03,1.8662493e-05,2.304165e-06,2.0083333e-05,2.0345831e-05,1.9404164e-05,3.604166e-06,1.8699995e-05,1.9912497e-05,1.980416e-05,1.8170826e-05,-5.8341e-08,1.842916e-05,2.0025e-05,1.9749999e-05,1.9199999e-05,1.997083e-05
4,4,116.01,0.04,1.8399993e-05,2.316666e-06,1.997083e-05,2.0233329e-05,1.935416e-05,3.620831e-06,1.8524996e-05,1.9887495e-05,1.9737497e-05,1.8083327e-05,-1.00009e-07,1.8470828e-05,1.9862493e-05,1.9720832e-05,1.9099998e-05,1.9837498e-05
4,5,116.153,0.05,1.8254161e-05,2.324995e-06,1.9862493e-05,2.015833e-05,1.9191662e-05,3.637497e-06,1.844166e-05,1.9820833e-05,1.9595829e-05,1.7995826e-05,-6.2505e-08,1.8174998e-05,1.9862493e-05,1.9599995e-05,1.9029165e-05,1.9783331e-05
4,6,116.296,0.06,1.8087498e-05,2.32083e-06,1.980416e-05,2.0012498e-05,1.91125e-05,3.591665e-06,1.8304165e-05,1.9699995e-05,1.9474999e-05,1.7933329e-05,-5.8341e-08,1.8058332e-05,1.9808333e-05,1.9437495e-05,1.8858329e-05,1.961666e-05
4,7,116.439,0.07,1.7974997e-05,2.395828e-06,1.9824998e-05,1.9929163e-05,1.904583e-05,3.620831e-06,1.8158333e-05,1.9645826e-05,1.942083e-05,1.7833328e-05,-4.584e-08,1.7908327e-05,1.9854164e-05,1.9416666e-05,1.8833327e-05,1.9491665e-05
4,8,116.582,0.08,1.7824999e-05,2.299992e-06,1.9549998e-05,1.9845827e-05,1.8924999e-05,3.620831e-06,1.8029164e-05,1.9541661e-05,1.9295827e-05,1.7766666e-05,-5.8341e-08,1.775833e-05,1.9595829e-05,1.9329167e-05,1.8758328e-05,1.9391664e-05
4,9,116.725,0.09,1.7679158e-05,2.329159e-06,1.9549998e-05,1.9758329e-05,1.8799996e-05,3.658326e-06,1.7908327e-05,1.9441661e-05,1.9191662e-05,1.7670831e-05,-4.172e-09,1.7645827e-05,1.9429159e-05,1.9262498e-05,1.861666e-05,1.9291663e-05
4,10,116.868,0.1,1.7491666e-05,2.324995e-06,1.9304165e-05,1.9570827e-05,1.8708331e-05,3.645825e-06,1.7795834e-05,1.9391664e-05,1.9020828e-05,1.7537499e-05,-3.7503e-08,1.7479166e-05,1.9320829e-05,1.91125e-05,1.8520832e-05,1.9087498e-05
4,11,117.011,0.11,1.7391665e-05,2.32083e-06,1.9241666e-05,1.9583329e-05,1.8733326e-05,3.662499e-06,1.7633327e-05,1.9283327e-05,1.8887496e-05,1.7474993e-05,-3.7503e-08,1.7370829e-05,1.9183326e-05,1.8866665e-05,1.8395829e-05,1.8999997e-05
4,12,117.154,0.12,1.724166e-05,2.337496e-06,1.9199999e-05,1.952916e-05,1.8487493e-05,3.570827e-06,1.7395831e-05,1.9145831e-05,1.878333e-05,1.7437498e-05,2.4994e-08,1.7175e-05,1.906666e-05,1.8712497e-05,1.8408331e-05,1.8820827e-05
4,13,117.297,0.13,1.7091663e-05,2.333331e-06,1.9033328e-05,1.9270834e-05,1.842916e-05,3.612495e-06,1.7304166e-05,1.9091662e-05,1.8637498e-05,1.7233331e-05,-4.172e-09,1.7045832e-05,1.8970832e-05,1.8591667e-05,1.8124994e-05,1.8737499e-05
4,14,117.44,0.14,1.6962496e-05,2.345832e-06,1.8941664e-05,1.9179161e-05,1.8229166e-05,3.595829e-06,1.7129159e-05,1.8908326e-05,1.8533334e-05,1.7233331e-05,3.3331e-08,1.6929165e-05,1.8808332e-05,1.8483328e-05,1.796666e-05,1.8612496e-05
4,15,117.583,0.15,1.6858332e-05,2.358325e-06,1.8824998e-05,1.9012499e-05,1.8079161e-05,3.566662e-06,1.6991664e-05,1.8745828e-05,1.8333332e-05,1.6987498e-05,-2.0838e-08,1.6745829e-05,1.8662493e-05,1.8349998e-05,1.7808326e-05,1.8524996e-05
4,16,117.726,0.16,1.6729164e-05,2.362498e-06,1.8699995e-05,1.8895833e-05,1.8004162e-05,3.729161e-06,1.6804162e-05,1.8691659e-05,1.8287499e-05,1.6874998e-05,-3.3339e-08,1.6583332e-05,1.8583329e-05,1.8249997e-05,1.7779159e-05,1.8283328e-05
4,17,117.869,0.17,1.6470829e-05,2.370826e-06,1.8554163e-05,1.8812498e-05,1.7874996e-05,3.533332e-06,1.6599997e-05,1.8508332e-05,1.8116665e-05,1.6866659e-05,-8e-12,1.6308331e-05,1.8437497e-05,1.8054159e-05,1.7649993e-05,1.8179162e-05
4,18,118.012,0.18,1.6137497e-05,2.424995e-06,1.8424997e-05,1.8658327e-05,1.7766666e-05,3.612495e-06,1.6574995e-05,1.8454162e-05,1.7916664e-05,1.667916e-05,3.3331e-08,1.6191665e-05,1.8304165e-05,1.7895825e-05,1.7466664e-05,1.8037494e-05
4,19,118.155,0.19,1.5970827e-05,2.337496e-06,1.8266663e-05,1.849583e-05,1.7624998e-05,3.52083e-06,1.6195831e-05,1.8270826e-05,1.7816663e-05,1.6554164e-05,5.4161e-08,1.6124995e-05,1.815416e-05,1.7816663e-05,1.7370829e-05,1.787916e-05
4,20,118.298,0.2,1.5929167e-05,2.395828e-06,1.8162496e-05,1.8458326e-05,1.7495831e-05,3.554161e-06,1.610833e-05,1.8208329e-05,1.7699997e-05,1.6437498e-05,2.9159e-08,1.5916665e-05,1.8054159e-05,1.7616661e-05,1.7212495e-05,1.7754166e-05
4,21,118.441,0.21,1.5674996e-05,2.374999e-06,1.8158333e-05,1.830833e-05,1.7391665e-05,3.574999e-06,1.5845832e-05,1.8070832e-05,1.76375e-05,1.6337499e-05,4.5832e-08,1.5779162e-05,1.785833e-05,1.7454164e-05,1.7112494e-05,1.7670831e-05
4,22,118.584,0.22,1.549166e-05,2.366662e-06,1.7883332e-05,1.8199993e-05,1.7245833e-05,3.52083e-06,1.57125e-05,1.7908327e-05,1.7466664e-05,1.6208331e-05,4.166e-08,1.5545829e-05,1.770416e-05,1.7287493e-05,1.7024993e-05,1.7445827e-05
4,23,118.727,0.23,1.5254163e-05,2.304165e-06,1.7712498e-05,1.8037494e-05,1.7112494e-05,3.54166e-06,1.5529164e-05,1.775833e-05,1.71875e-05,1.6070826e-05,4.166e-08,1.5379166e-05,1.7658329e-05,1.7079163e-05,1.6783333e-05,1.7358327e-05
4,24,118.87,0.24,1.5120832e-05,2.366662e-06,1.7629163e-05,1.7774995e-05,1.6866659e-05,3.516658e-06,1.5324998e-05,1.7616661e-05,1.6949994e-05,1.6037497e-05,3.3331e-08,1.5149999e-05,1.7420833e-05,1.696666e-05,1.665833e-05,1.7183327e-05
4,25,119.013,0.25,1.4866662e-05,2.366662e-06,1.7516661e-05,1.7641663e-05,1.6770831e-05,3.52083e-06,1.5158327e-05,1.7549999e-05,1.6837494e-05,1.5795827e-05,7.9163e-08,1.4974999e-05,1.7270828e-05,1.6816664e-05,1.6399996e-05,1.6983326e-05
4,26,119.156,0.26,1.4637494e-05,2.354161e-06,1.7270828e-05,1.7558328e-05,1.6637492e-05,3.512494e-06,1.4933332e-05,1.7387494e-05,1.6716664e-05,1.557916e-05,6.6662e-08,1.4766661e-05,1.7087499e-05,1.6633328e-05,1.6341663e-05,1.6858332e-05
4,27,119.3,0.27,1.4449994e-05,2.304165e-06,1.7208329e-05,1.7387494e-05,1.6470829e-05,3.512494e-06,1.4683326e-05,1.7283328e-05,1.6499996e-05,1.5604162e-05,8.7492e-08,1.4583326e-05,1.6929165e-05,1.6524999e-05,1.610833e-05,1.6683332e-05
4,28,119.443,0.28,1.4212497e-05,2.299992e-06,1.7074999e-05,1.7274999e-05,1.6316661e-05,3.537496e-06,1.4587497e-05,1.7124994e-05,1.6341663e-05,1.530416e-05,-4.172e-09,1.4462495e-05,1.6816664e-05,1.6333326e-05,1.6049997e-05,1.650416e-05
4,29,119.586,0.29,1.3962499e-05,2.312493e-06,1.6895827e-05,1.7158325e-05,1.6141661e-05,3.470826e-06,1.4304161e-05,1.6929165e-05,1.6166663e-05,1.5187494e-05,1.20831e-07,1.4208333e-05,1.667916e-05,1.6158327e-05,1.5870826e-05,1.6204167e-05
4,30,119.729,0.3,1.3970828e-05,2.308329e-06,1.6683332e-05,1.6987498e-05,1.5949996e-05,3.445832e-06,1.4116661e-05,1.6791662e-05,1.5904165e-05,1.5066664e-05,7.9163e-08,1.3962499e-05,1.6537499e-05,1.5966662e-05,1.5679161e-05,1.6145825e-05
4,31,119.872,0.31,1.3474997e-05,2.229158e-06,1.6549993e-05,1.6783333e-05,1.582083e-05,3.454161e-06,1.3874999e-05,1.6662494e-05,1.5749994e-05,1.4895829e-05,2.083e-08,1.3641659e-05,1.6479167e-05,1.5783326e-05,1.5483332e-05,1.5916665e-05
4,32,120.015,0.32,1.3241664e-05,2.249996e-06,1.6312495e-05,1.6587495e-05,1.565833e-05,3.433331e-06,1.3662498e-05,1.6462493e-05,1.559166e-05,1.475416e-05,7.0826e-08,1.3529166e-05,1.6191665e-05,1.5587497e-05,1.530416e-05,1.5783326e-05
4,33,120.158,0.33,1.3020825e-05,2.245831e-06,1.6187492e-05,1.6479167e-05,1.5525e-05,3.433331e-06,1.3462496e-05,1.6291666e-05,1.5399997e-05,1.4562495e-05,4.9996e-08,1.3337493e-05,1.6016666e-05,1.5445828e-05,1.5129161e-05,1.5583333e-05
4,34,120.301,0.34,1.2779165e-05,2.199992e-06,1.6004165e-05,1.6304159e-05,1.5333326e-05,3.445832e-06,1.3229163e-05,1.6141661e-05,1.521666e-05,1.4429164e-05,7.0826e-08,1.3074994e-05,1.5695827e-05,1.5154163e-05,1.5033333e-05,1.5374993e-05
4,35,120.444,0.35,1.2579163e-05,2.245831e-06,1.5795827e-05,1.6149997e-05,1.51625e-05,3.424994e-06,1.2904159e-05,1.5949996e-05,1.4899992e-05,1.4237499e-05,4.5832e-08,1.2787493e-05,1.5499998e-05,1.5008331e-05,1.4808329e-05,1.5170828e-05
4,36,120.587,0.36,1.2283325e-05,2.25416e-06,1.5583333e-05,1.5949996e-05,1.4987492e-05,3.429159e-06,1.2766664e-05,1.5829166e-05,1.4699999e-05,1.4079165e-05,6.2497e-08,1.2566662e-05,1.5345828e-05,1.4674997e-05,1.4549994e-05,1.4929159e-05
4,37,120.73,0.37,1.2024999e-05,2.249996e-06,1.5416663e-05,1.5816664e-05,1.48875e-05,3.391663e-06,1.2437495e-05,1.5649994e-05,1.4470832e-05,1.4087494e-05,8.7492e-08,1.2341667e-05,1.5129161e-05,1.447916e-05,1.4179166e-05,1.4683326e-05
4,38,120.873,0.38,1.1745827e-05,2.212493e-06,1.5224997e-05,1.5454165e-05,1.4595827e-05,3.404164e-06,1.2220828e-05,1.5395832e-05,1.4299997e-05,1.3699992e-05,4.166e-08,1.2079159e-05,1.4924995e-05,1.4283331e-05,1.4041662e-05,1.4420827e-05
4,39,121.016,0.39,1.1499993e-05,2.212493e-06,1.5091666e-05,1.5279165e-05,1.4324999e-05,3.412493e-06,1.1916662e-05,1.5145826e-05,1.3999995e-05,1.355416e-05,8.7492e-08,1.1858328e-05,1.4712493e-05,1.4041662e-05,1.3812494e-05,1.4179166e-05
4,40,121.159,0.4,1.1195826e-05,2.229158e-06,1.484166e-05,1.5170828e-05,1.4129162e-05,3.399992e-06,1.1691665e-05,1.5024996e-05,1.3870827e-05,1.3325e-05,4.9996e-08,1.1558326e-05,1.445833e-05,1.3820831e-05,1.3591663e-05,1.3945826e-05
4,41,121.302,0.41,1.0920827e-05,2.23333e-06,1.4616664e-05,1.4833331e-05,1.3866663e-05,3.404164e-06,1.1491664e-05,1.4862498e-05,1.3524993e-05,1.3162494e-05,7.0826e-08,1.1295827e-05,1.4229163e-05,1.3574998e-05,1.3391662e-05,1.36875e-05
4,42,121.445,0.42,1.0649999e-05,2.183326e-06,1.439166e-05,1.4641666e-05,1.3729159e-05,3.308328e-06,1.1124992e-05,1.4649995e-05,1.3354166e-05,1.2929161e-05,5.8325e-08,1.106666e-05,1.4020832e-05,1.3333329e-05,1.3120826e-05,1.3499999e-05
4,43,121.588,0.43,1.0283327e-05,2.170825e-06,1.4179166e-05,1.4449994e-05,1.3529166e-05,3.258332e-06,1.0845828e-05,1.4349993e-05,1.309166e-05,1.2799994e-05,9.9993e-08,1.0658327e-05,1.3770827e-05,1.3087495e-05,1.2920833e-05,1.3220827e-05
4,44,121.731,0.44,1.0024993e-05,2.149995e-06,1.3949998e-05,1.4187495e-05,1.3287497e-05,3.283326e-06,1.0516659e-05,1.4208333e-05,1.279583e-05,1.2554161e-05,7.9163e-08,1.0441661e-05,1.3499999e-05,1.2783329e-05,1.2620831e-05,1.2958328e-05
4,45,121.874,0.45,9.720826e-06,2.141659e-06,1.3658333e-05,1.3974993e-05,1.3033326e-05,3.287498e-06,1.0204164e-05,1.3999995e-05,1.2512493e-05,1.2358331e-05,1.24995e-07,1.0129165e-05,1.3233328e-05,1.2549996e-05,1.2387498e-05,1.2679164e-05
4,46,122.017,0.46,9.337497e-06,2.129165e-06,1.3383333e-05,1.3691663e-05,1.2791666e-05,3.308328e-06,9.912499e-06,1.3649996e-05,1.2270832e-05,1.2108326e-05,3.3331e-08,9.79166e-06,1.3020825e-05,1.2249994e-05,1.2104161e-05,1.2412493e-05
4,47,122.16,0.47,9.083326e-06,2.158332e-06,1.3204161e-05,1.3458332e-05,1.2549996e-05,3.287498e-06,9.629162e-06,1.3487498e-05,1.2024999e-05,1.1874994e-05,9.5828e-08,9.508331e-06,1.2724996e-05,1.1945828e-05,1.1837498e-05,1.2133328e-05
4,48,122.303,0.48,8.745829e-06,2.016664e-06,1.2933326e-05,1.3204161e-05,1.2283325e-05,3.270833e-06,9.304166e-06,1.3154165e-05,1.1654162e-05,1.1674992e-05,1.16658e-07,9.237496e-06,1.2412493e-05,1.1666663e-05,1.1458325e-05,1.1837498e-05
4,49,122.446,0.49,8.362492e-06,2.083325e-06,1.2649997e-05,1.2974993e-05,1.2041664e-05,3.254159e-06,8.991663e-06,1.291666e-05,1.1241658e-05,1.1491664e-05,6.2497e-08,8.937494e-06,1.2108326e-05,1.1349996e-05,1.1199999e-05,1.1537496e-05
4,50,122.589,0.5,8.066662e-06,2.037493e-06,1.2458332e-05,1.2704166e-05,1.1762492e-05,3.212492e-06,8.65833e-06,1.2679164e-05,1.1029164e-05,1.1274998e-05,1.54161e-07,8.579159e-06,1.1858328e-05,1.1058331e-05,1.087083e-05,1.1208328e-05
4,51,122.732,0.51,7.762495e-06,2.012499e-06,1.2125e-05,1.2437495e-05,1.1391664e-05,3.149994e-06,8.320832e-06,1.2399999e-05,1.0558327e-05,1.0920827e-05,1.4166e-07,8.241662e-06,1.1554162e-05,1.0729162e-05,1.0612495e-05,1.0895832e-05
4,52,122.876,0.52,7.324998e-06,1.966659e-06,1.1820833e-05,1.2145829e-05,1.1154159e-05,3.187497e-06,7.974998e-06,1.2108326e-05,1.0245832e-05,1.0641662e-05,1.20831e-07,7.924994e-06,1.1162496e-05,1.0429159e-05,1.0304165e-05,1.0541661e-05
4,53,123.019,0.53,6.970827e-06,1.974996e-06,1.1516667e-05,1.1812496e-05,1.0924999e-05,3.095826e-06,7.662495e-06,1.180416e-05,9.870831e-06,1.0349997e-05,7.4999e-08,7.604162e-06,1.075e-05,1.0070833e-05,9.866659e-06,1.0099999e-05
4,54,123.162,0.54,6.641666e-06,1.883332e-06,1.1191662e-05,1.1524995e-05,1.0604159e-05,3.162495e-06,7.274993e-06,1.1487492e-05,9.499995e-06,1.0108328e-05,8.7492e-08,7.299996e-06,1.0479164e-05,9.704161e-06,9.558328e-06,9.762493e-06
4,55,123.305,0.55,6.370831e-06,1.887496e-06,1.0883331e-05,1.1174997e-05,1.0295828e-05,3.129164e-06,6.958326e-06,1.1183325e-05,9.116666e-06,9.837492e-06,7.0826e-08,6.991665e-06,1.0174997e-05,9.316659e-06,9.204166e-06,9.454163e-06
4,56,123.448,0.56,6.020832e-06,1.849993e-06,1.0587493e-05,1.0837499e-05,9.941666e-06,3.108327e-06,6.599998e-06,1.0845828e-05,8.741665e-06,9.558328e-06,1.08329e-07,6.562495e-06,9.804161e-06,8.987498e-06,8.816663e-06,9.02083e-06
4,57,123.591,0.57,5.737495e-06,1.829163e-06,1.0249996e-05,1.049583e-05,9.608332e-06,3.070831e-06,6.337492e-06,1.0491665e-05,8.370828e-06,9.279163e-06,1.20831e-07,6.274994e-06,9.341661e-06,8.583331e-06,8.466665e-06,8.687496e-06
4,58,123.734,0.58,5.487498e-06,1.758329e-06,9.808326e-06,1.0187498e-05,9.270827e-06,2.999997e-06,6.129162e-06,1.0166661e-05,7.937495e-06,8.945831e-06,1.16658e-07,6.070828e-06,8.874997e-06,8.270827e-06,8.058326e-06,8.279165e-06
4,59,123.877,0.59,5.304162e-06,1.766666e-06,9.579166e-06,9.824999e-06,8.954159e-06,3.024999e-06,5.80833e-06,9.79166e-06,7.595825e-06,8.674995e-06,1.08329e-07,5.837496e-06,8.629163e-06,7.858332e-06,7.729165e-06,7.83333e-06
4,60,124.02,0.6,5.154165e-06,1.762493e-06,9.158325e-06,9.524997e-06,8.641664e-06,2.966658e-06,5.558332e-06,9.466664e-06,7.187494e-06,8.412496e-06,1.20831e-07,5.699992e-06,8.149997e-06,7.49166e-06,7.349992e-06,7.533328e-06
4,61,124.163,0.61,5.029162e-06,1.758329e-06,8.804162e-06,9.170826e-06,8.274992e-06,2.899996e-06,5.387497e-06,9.154161e-06,6.866662e-06,8.124995e-06,1.37496e-07,5.504163e-06,7.779161e-06,7.124996e-06,7.012494e-06,7.141662e-06
4,62,124.306,0.62,4.920832e-06,1.749992e-06,8.495832e-06,8.745829e-06,7.966662e-06,2.883331e-06,5.216662e-06,8.774996e-06,6.449994e-06,7.824993e-06,1.37496e-07,5.374996e-06,7.391659e-06,6.808329e-06,6.562495e-06,6.779162e-06
4,63,124.449,0.63,4.891666e-06,1.77083e-06,8.112494e-06,8.5375e-06,7.516662e-06,2.849992e-06,5.154165e-06,8.399995e-06,6.179166e-06,7.520827e-06,1.37496e-07,5.270831e-06,7.02916e-06,6.470831e-06,6.237499e-06,6.408326e-06
4,64,124.592,0.64,4.912496e-06,1.766666e-06,7.770833e-06,7.962497e-06,7.1625e-06,2.816661e-06,5.066665e-06,8.049997e-06,5.833332e-06,7.291659e-06,9.1664e-08,5.249993e-06,6.695827e-06,6.149999e-06,5.966663e-06,6.133326e-06
4,65,124.735,0.65,4.91666e-06,1.774995e-06,7.424998e-06,7.683333e-06,6.804164e-06,2.741663e-06,5.058328e-06,7.716663e-06,5.616665e-06,7.033332e-06,1.37496e-07,5.266658e-06,6.341664e-06,5.899994e-06,5.695828e-06,5.795829e-06
4,66,124.878,0.66,5.095832e-06,1.799997e-06,7.045825e-06,7.262492e-06,6.429163e-06,2.666664e-06,5.091659e-06,7.383331e-06,5.387497e-06,6.799992e-06,1.45825e-07,5.337492e-06,5.987493e-06,5.641659e-06,5.462496e-06,5.524993e-06
4,67,125.021,0.67,5.212498e-06,1.833328e-06,6.720829e-06,6.958326e-06,6.129162e-06,2.61666e-06,5.270831e-06,7.02916e-06,5.179159e-06,6.558331e-06,1.49997e-07,5.391661e-06,5.754161e-06,5.404162e-06,5.299997e-06,5.337492e-06
4,68,125.164,0.68,5.441666e-06,1.874995e-06,6.366666e-06,6.604163e-06,5.812494e-06,2.574992e-06,5.304162e-06,6.737494e-06,5.079166e-06,6.412498e-06,1.04165e-07,5.529165e-06,5.499999e-06,5.204161e-06,5.17083e-06,5.183331e-06
4,69,125.307,0.69,5.595827e-06,1.887496e-06,6.108331e-06,6.304161e-06,5.520828e-06,2.520831e-06,5.424992e-06,6.487497e-06,5.024997e-06,6.262493e-06,1.66663e-07,5.754161e-06,5.320827e-06,5.083331e-06,5.083331e-06,5.074994e-06
4,70,125.45,0.7,5.891665e-06,1.937493e-06,5.779163e-06,6.004159e-06,5.254165e-06,2.487493e-06,5.604164e-06,6.295832e-06,5.054164e-06,6.112496e-06,1.49997e-07,5.979165e-06,5.224999e-06,5.054164e-06,5.10416e-06,5.054164e-06
4,71,125.593,0.71,6.120833e-06,1.937493e-06,5.579162e-06,5.787492e-06,5.079166e-06,2.479164e-06,5.812494e-06,6.087494e-06,5.129163e-06,6.058327e-06,1.70827e-07,6.149999e-06,5.158329e-06,5.074994e-06,5.162493e-06,5.045827e-06
4,72,125.736,0.72,6.420827e-06,1.97916e-06,5.44583e-06,5.616665e-06,4.920832e-06,2.424995e-06,6.049999e-06,6.024996e-06,5.137499e-06,5.983329e-06,1.70827e-07,6.420827e-06,5.116661e-06,5.079166e-06,5.333328e-06,5.137499e-06
4,73,125.879,0.73,6.695827e-06,2.012499e-06,5.304162e-06,5.395826e-06,4.799994e-06,2.404165e-06,6.333327e-06,5.916659e-06,5.35833e-06,5.92916e-06,1.24995e-07,6.708328e-06,5.108333e-06,5.220827e-06,5.399998e-06,5.283332e-06
4,74,126.022,0.74,6.999993e-06,2.024992e-06,5.195832e-06,5.374996e-06,4.754162e-06,2.399993e-06,6.579161e-06,5.979165e-06,5.520828e-06,5.891665e-06,1.49997e-07,6.945832e-06,5.270831e-06,5.362495e-06,5.65416e-06,5.470832e-06
4,75,126.165,0.75,7.262492e-06,2.095826e-06,5.179159e-06,5.341665e-06,4.845826e-06,2.429159e-06,6.858325e-06,6.104159e-06,5.787492e-06,5.912495e-06,1.58326e-07,7.279165e-06,5.391661e-06,5.608328e-06,5.874999e-06,5.683327e-06
4,76,126.308,0.76,7.57916e-06,2.083325e-06,5.287496e-06,5.429165e-06,4.899995e-06,2.395828e-06,7.087493e-06,6.199996e-06,6.049999e-06,5.970828e-06,1.20831e-07,7.599997e-06,5.55416e-06,5.833332e-06,6.083329e-06,5.966663e-06
4,77,126.452,0.77,7.85416e-06,2.099999e-06,5.362495e-06,5.520828e-06,5.049992e-06,2.387492e-06,7.324998e-06,6.354165e-06,6.366666e-06,6.079165e-06,1.29159e-07,7.820829e-06,5.770826e-06,6.137498e-06,6.283331e-06,6.195831e-06
4,78,126.595,0.78,8.116658e-06,2.170825e-06,5.549995e-06,5.616665e-06,5.283332e-06,2.491665e-06,7.654166e-06,6.512499e-06,6.662496e-06,6.108331e-06,1.24995e-07,8.145825e-06,6.041662e-06,6.387496e-06,6.629165e-06,6.529164e-06
4,79,126.738,0.79,8.470829e-06,2.174997e-06,5.712493e-06,5.795829e-06,5.512492e-06,2.433332e-06,7.916665e-06,6.708328e-06,6.970827e-06,6.208332e-06,2.2916e-07,8.399995e-06,6.354165e-06,6.695827e-06,6.816666e-06,6.849996e-06
4,80,126.881,0.8,8.67916e-06,2.15416e-06,5.879164e-06,6.01666e-06,5.699992e-06,2.545826e-06,8.145825e-06,6.904165e-06,7.299996e-06,6.308325e-06,1.66663e-07,8.829164e-06,6.741659e-06,7.045825e-06,7.133333e-06,7.183329e-06
4,81,127.024,0.81,8.887498e-06,2.204164e-06,6.054163e-06,6.20416e-06,5.991666e-06,2.487493e-06,8.395831e-06,7.104159e-06,7.612498e-06,6.433328e-06,1.66663e-07,8.974997e-06,6.94166e-06,7.316661e-06,7.320825e-06,7.47083e-06
4,82,127.167,0.82,9.104165e-06,2.204164e-06,6.287495e-06,6.316662e-06,6.20416e-06,2.545826e-06,8.616662e-06,7.224997e-06,7.912493e-06,6.56666e-06,1.66663e-07,9.22083e-06,7.120832e-06,7.683333e-06,7.57916e-06,7.791662e-06
4,83,127.31,0.83,9.408331e-06,2.237495e-06,6.56666e-06,6.579161e-06,6.483333e-06,2.624997e-06,8.895826e-06,7.474995e-06,8.287493e-06,6.720829e-06,1.83328e-07,9.50416e-06,7.466666e-06,7.999993e-06,7.808328e-06,8.187492e-06
4,84,127.453,0.84,9.645828e-06,2.270826e-06,6.604163e-06,6.874998e-06,6.774998e-06,2.666664e-06,9.124994e-06,7.633328e-06,8.520826e-06,6.824994e-06,1.49997e-07,9.766666e-06,7.741666e-06,8.22916e-06,8.004165e-06,8.462493e-06
4,85,127.596,0.85,9.862494e-06,2.245831e-06,6.874998e-06,6.974999e-06,7.079164e-06,2.641662e-06,9.304166e-06,7.858332e-06,8.854158e-06,6.991665e-06,2.04166e-07,1.0024993e-05,8.070827e-06,8.545828e-06,8.245825e-06,8.84583e-06
4,86,127.739,0.86,1.0116664e-05,2.312493e-06,6.962498e-06,7.179165e-06,7.379158e-06,2.720825e-06,9.591659e-06,7.979163e-06,9.12083e-06,7.174993e-06,1.99993e-07,1.0254161e-05,8.370828e-06,8.883325e-06,8.424998e-06,9.124994e-06
4,87,127.882,0.87,1.032083e-05,2.32083e-06,7.095829e-06,7.295831e-06,7.620828e-06,2.704159e-06,9.779159e-06,8.208331e-06,9.470828e-06,7.308332e-06,2.0833e-07,1.0466663e-05,8.65833e-06,9.187492e-06,8.645829e-06,9.370828e-06
4,88,128.025,0.88,1.0566664e-05,2.304165e-06,7.387495e-06,7.508326e-06,7.979163e-06,2.704159e-06,9.974996e-06,8.429161e-06,9.770831e-06,7.554166e-06,1.66663e-07,1.070416e-05,8.93333e-06,9.483329e-06,8.962496e-06,9.716662e-06
4,89,128.168,0.89,1.0729162e-05,2.337496e-06,7.541664e-06,7.670832e-06,8.19583e-06,2.762492e-06,1.0233331e-05,8.599996e-06,1.0020828e-05,7.637493e-06,1.58326e-07,1.0937492e-05,9.14166e-06,9.779159e-06,9.104165e-06,1.0029165e-05
4,90,128.311,0.9,1.0912498e-05,2.379163e-06,7.729165e-06,7.812492e-06,8.487495e-06,2.737498e-06,1.0599994e-05,8.787497e-06,1.0262497e-05,7.83333e-06,1.95829e-07,1.1124992e-05,9.479165e-06,1.0054159e-05,9.32916e-06,1.0266662e-05
4,91,128.454,0.91,1.1112499e-05,2.370826e-06,7.94166e-06,8.04166e-06,8.645829e-06,2.808333e-06,1.0695831e-05,8.954159e-06,1.0554163e-05,8.074999e-06,1.87492e-07,1.1333331e-05,9.770831e-06,1.0299993e-05,9.533326e-06,1.0574992e-05
4,92,128.597,0.92,1.1324993e-05,2.449997e-06,8.162498e-06,8.19583e-06,8.908328e-06,2.762492e-06,1.0912498e-05,9.137495e-06,1.0808333e-05,8.166663e-06,1.74991e-07,1.1470826e-05,1.0054159e-05,1.0612495e-05,9.741664e-06,1.0899997e-05
4,93,128.74,0.93,1.1499993e-05,2.366662e-06,8.354164e-06,8.337498e-06,9.129159e-06,2.820826e-06,1.1012498e-05,9.379164e-06,1.1024999e-05,8.354164e-06,1.79164e-07,1.1674992e-05,1.0254161e-05,1.0808333e-05,9.95833e-06,1.1104163e-05
4,94,128.883,0.94,1.1754163e-05,2.429159e-06,8.524998e-06,8.50416e-06,9.366663e-06,2.841663e-06,1.1241658e-05,9.595831e-06,1.1295827e-05,8.512497e-06,2.12495e-07,1.1895831e-05,1.0579165e-05,1.1091662e-05,1.0158332e-05,1.1379162e-05
4,95,129.026,0.95,1.1870829e-05,2.454162e-06,8.766659e-06,8.683332e-06,9.616661e-06,2.866665e-06,1.1408329e-05,9.808326e-06,1.1512494e-05,8.720827e-06,1.91665e-07,1.1983331e-05,1.0808333e-05,1.1374998e-05,1.040833e-05,1.1666663e-05
4,96,129.169,0.96,1.20375e-05,2.445825e-06,9.041659e-06,8.812499e-06,9.808326e-06,2.908325e-06,1.1641661e-05,9.841665e-06,1.1658327e-05,8.883325e-06,2.37497e-07,1.2187496e-05,1.1112499e-05,1.1579164e-05,1.0599994e-05,1.1912497e-05
4,97,129.312,0.97,1.2145829e-05,2.462498e-06,9.237496e-06,8.96666e-06,1.0070833e-05,2.937492e-06,1.1879166e-05,1.0062496e-05,1.1912497e-05,9.041659e-06,2.37497e-07,1.2391662e-05,1.1387499e-05,1.178333e-05,1.0883331e-05,1.2162494e-05
4,98,129.455,0.98,1.2337494e-05,2.466663e-06,9.441662e-06,9.129159e-06,1.0254161e-05,2.933327e-06,1.2066666e-05,1.0245832e-05,1.2070831e-05,9.383329e-06,2.24996e-07,1.2487499e-05,1.1662499e-05,1.2033327e-05,1.1083333e-05,1.2399999e-05
4,99,129.598,0.99,1.2508329e-05,2.491665e-06,9.624998e-06,9.324996e-06,1.0479164e-05,2.974995e-06,1.2199998e-05,1.0437497e-05,1.2258331e-05,9.362499e-06,3.29161e-07,1.2633332e-05,1.1866665e-05,1.2262495e-05,1.1224993e-05,1.2620831e-05
4,100,129.741,1.0,1.2599993e-05,2.487493e-06,9.870831e-06,9.391665e-06,1.0824998e-05,2.966658e-06,1.2437495e-05,1.0633325e-05,1.2462497e-05,9.499995e-06,2.58327e-07,1.2737497e-05,1.2087497e-05,1.2487499e-05,1.1462498e-05,1.282916e-05
4,101,129.885,0.99,1.2479162e-05,2.441661e-06,9.7375e-06,9.216667e-06,1.0416658e-05,2.887495e-06,1.2187496e-05,1.0429159e-05,1.2224992e-05,9.345826e-06,2.20831e-07,1.254166e-05,1.1737498e-05,1.2137492e-05,1.1208328e-05,1.2529159e-05
4,102,130.028,0.98,1.2170832e-05,2.383327e-06,9.49583e-06,9.05416e-06,1.0104163e-05,2.845828e-06,1.1966666e-05,1.022083e-05,1.1929163e-05,9.208329e-06,1.29159e-07,1.2174995e-05,1.1466662e-05,1.1849999e-05,1.0908326e-05,1.2204162e-05
4,103,130.171,0.97,1.2029163e-05,2.333331e-06,9.245833e-06,8.837494e-06,9.745829e-06,2.849992e-06,1.1674992e-05,1.00125e-05,1.1570827e-05,8.937494e-06,1.20831e-07,1.1937499e-05,1.106666e-05,1.1516667e-05,1.070416e-05,1.1912497e-05
4,104,130.314,0.96,1.1762492e-05,2.291664e-06,9.004164e-06,8.562493e-06,9.445826e-06,2.758328e-06,1.1387499e-05,9.733327e-06,1.1224993e-05,8.733328e-06,1.04165e-07,1.1712496e-05,1.0745827e-05,1.1062495e-05,1.0374999e-05,1.1449996e-05
4,105,130.457,0.95,1.1379162e-05,2.220829e-06,8.67916e-06,8.266664e-06,9.099992e-06,2.708332e-06,1.1137494e-05,9.508331e-06,1.089166e-05,8.5375e-06,8.3327e-08,1.1349996e-05,1.0412495e-05,1.0795831e-05,1.015416e-05,1.1120828e-05
4,106,130.6,0.94,1.1116664e-05,2.204164e-06,8.441662e-06,8.029159e-06,8.716663e-06,2.624997e-06,1.0854164e-05,9.254161e-06,1.0520832e-05,8.287493e-06,6.2497e-08,1.1020828e-05,1.0008327e-05,1.032083e-05,9.849993e-06,1.0774994e-05
4,107,130.743,0.93,1.0737499e-05,2.237495e-06,8.074999e-06,7.737493e-06,8.395831e-06,2.629161e-06,1.0537497e-05,8.916664e-06,1.015416e-05,8.037496e-06,7.9163e-08,1.0762493e-05,9.483329e-06,1.0049995e-05,9.587495e-06,1.0416658e-05
4,108,130.886,0.92,1.0404166e-05,2.187498e-06,7.791662e-06,7.529163e-06,8.074999e-06,2.624997e-06,1.0295828e-05,8.633328e-06,9.79166e-06,7.749994e-06,3.7495e-08,1.0466663e-05,9.116666e-06,9.733327e-06,9.204166e-06,1.0008327e-05
4,109,131.029,0.91,1.0029165e-05,2.087498e-06,7.374994e-06,7.249999e-06,7.737493e-06,2.524996e-06,9.924992e-06,8.333325e-06,9.420832e-06,7.545829e-06,2.083e-08,1.0199992e-05,8.670831e-06,9.237496e-06,8.987498e-06,9.587495e-06
4,110,131.172,0.9,9.870831e-06,2.091662e-06,7.020831e-06,6.866662e-06,7.320825e-06,2.504166e-06,9.624998e-06,8.054161e-06,9.024993e-06,7.28333e-06,2.083e-08,9.887497e-06,8.324997e-06,8.858331e-06,8.649993e-06,9.22083e-06
4,111,131.315,0.89,9.412495e-06,2.054159e-06,6.620828e-06,6.491661e-06,7.066663e-06,2.445825e-06,9.275e-06,7.666659e-06,8.662494e-06,6.966663e-06,3.7495e-08,9.533326e-06,7.908328e-06,8.466665e-06,8.22916e-06,8.879161e-06
4,112,131.458,0.88,9.22083e-06,2.033329e-06,6.366666e-06,6.208332e-06,6.662496e-06,2.354161e-06,8.949995e-06,7.424998e-06,8.291666e-06,6.724993e-06,1.2493e-08,9.224995e-06,7.516662e-06,8.074999e-06,7.924994e-06,8.445827e-06
4,113,131.601,0.87,8.766659e-06,2.012499e-06,5.999994e-06,5.891665e-06,6.162492e-06,2.34166e-06,8.549992e-06,7.062499e-06,7.862496e-06,6.454166e-06,-4.172e-09,8.833329e-06,7.133333e-06,7.654166e-06,7.545829e-06,7.966662e-06
4,114,131.744,0.86,8.362492e-06,1.966659e-06,5.687499e-06,5.595827e-06,5.854161e-06,2.299992e-06,8.237497e-06,6.791663e-06,7.499997e-06,6.158328e-06,-2.5002e-08,8.474994e-06,6.73333e-06,7.262492e-06,7.245827e-06,7.545829e-06
4,115,131.887,0.85,8.158326e-06,1.974996e-06,5.366659e-06,5.324991e-06,5.458331e-06,2.283327e-06,7.883326e-06,6.449994e-06,7.124996e-06,5.90833e-06,-2.0838e-08,8.087492e-06,6.362494e-06,6.891664e-06,6.895828e-06,7.149999e-06
4,116,132.03,0.84,7.724992e-06,1.904162e-06,5.037498e-06,5.054164e-06,5.108333e-06,2.183326e-06,7.433327e-06,6.104159e-06,6.674997e-06,5.641659e-06,-2.5002e-08,7.67916e-06,6.024996e-06,6.441664e-06,6.512499e-06,6.770825e-06
4,117,132.173,0.83,7.249999e-06,1.899997e-06,4.820832e-06,4.862499e-06,4.849998e-06,2.074997e-06,7.004166e-06,5.90833e-06,6.316662e-06,5.429165e-06,-2.5002e-08,7.383331e-06,5.687499e-06,6.083329e-06,6.216661e-06,6.387496e-06
4,118,132.316,0.82,6.845832e-06,1.824999e-06,4.579163e-06,4.662498e-06,4.583327e-06,2.079161e-06,6.620828e-06,5.624994e-06,5.912495e-06,5.241664e-06,-7.0834e-08,6.912494e-06,5.383333e-06,5.716666e-06,5.845833e-06,5.987493e-06
4,119,132.459,0.81,6.541665e-06,1.766666e-06,4.458332e-06,4.599992e-06,4.449995e-06,2.024992e-06,6.387496e-06,5.395826e-06,5.566661e-06,5.041663e-06,-6.2505e-08,6.56666e-06,5.099996e-06,5.362495e-06,5.579162e-06,5.670825e-06
4,120,132.602,0.8,6.133326e-06,1.733327e-06,4.412492e-06,4.554161e-06,4.370832e-06,2.049994e-06,5.862498e-06,5.262494e-06,5.254165e-06,4.89583e-06,-9.5836e-08,6.216661e-06,4.924997e-06,5.154165e-06,5.287496e-06,5.35833e-06
4,121,132.745,0.79,5.854161e-06,1.716661e-06,4.420829e-06,4.608329e-06,4.354159e-06,2.033329e-06,5.562496e-06,5.162493e-06,5.012496e-06,4.824996e-06,-4.1668e-08,5.833332e-06,4.779164e-06,4.879165e-06,5.033326e-06,5.108333e-06
4,122,132.888,0.78,5.429165e-06,1.687495e-06,4.512493e-06,4.687492e-06,4.420829e-06,2.054159e-06,5.220827e-06,5.187495e-06,4.741661e-06,4.779164e-06,-6.2505e-08,5.524993e-06,4.733332e-06,4.758326e-06,4.820832e-06,4.920832e-06
4,123,133.031,0.77,5.149992e-06,1.645827e-06,4.599992e-06,4.879165e-06,4.604165e-06,2.049994e-06,4.966664e-06,5.25833e-06,4.595828e-06,4.787493e-06,-8.7508e-08,5.237492e-06,4.774992e-06,4.654161e-06,4.662498e-06,4.791665e-06
4,124,133.174,0.76,4.941662e-06,1.591659e-06,4.883329e-06,5.158329e-06,4.787493e-06,2.108328e-06,4.774992e-06,5.429165e-06,4.495827e-06,4.791665e-06,-1.25003e-07,5.008332e-06,4.783328e-06,4.591664e-06,4.633331e-06,4.733332e-06
4,125,133.317,0.75,4.674999e-06,1.570829e-06,5.099996e-06,5.433329e-06,5.029162e-06,2.174997e-06,4.612494e-06,5.604164e-06,4.508328e-06,4.841661e-06,-2.5002e-08,4.812495e-06,4.970829e-06,4.624995e-06,4.554161e-06,4.695829e-06
4,126,133.461,0.74,4.516665e-06,1.524997e-06,5.391661e-06,5.74166e-06,5.349994e-06,2.204164e-06,4.516665e-06,5.891665e-06,4.54166e-06,5.058328e-06,-1.3334e-07,4.770827e-06,5.120826e-06,4.70833e-06,4.670826e-06,4.820832e-06
4,127,133.604,0.73,4.420829e-06,1.491666e-06,5.708329e-06,6.066664e-06,5.637495e-06,2.291664e-06,4.545832e-06,6.179166e-06,4.616666e-06,5.124998e-06,-1.29175e-07,4.737497e-06,5.383333e-06,4.862499e-06,4.720831e-06,4.949999e-06
4,128,133.747,0.72,4.36666e-06,1.491666e-06,6.01666e-06,6.454166e-06,5.949998e-06,2.34166e-06,4.604165e-06,6.487497e-06,4.808331e-06,5.35833e-06,-1.58342e-07,4.716659e-06,5.670825e-06,5.045827e-06,4.858327e-06,5.145828e-06
4,129,133.89,0.71,4.441659e-06,1.445826e-06,6.324999e-06,6.737494e-06,6.345828e-06,2.399993e-06,4.758326e-06,6.833331e-06,5.008332e-06,5.583326e-06,-1.45841e-07,4.808331e-06,5.949998e-06,5.254165e-06,5.091659e-06,5.366659e-06
4,130,134.033,0.7,4.562497e-06,1.445826e-06,6.63333e-06,7.112495e-06,6.629165e-06,2.420831e-06,4.866663e-06,7.141662e-06,5.224999e-06,5.783327e-06,-1.20838e-07,5.041663e-06,6.208332e-06,5.537494e-06,5.35833e-06,5.629166e-06
4,131,134.176,0.69,4.679163e-06,1.466664e-06,7.079164e-06,7.533328e-06,6.999993e-06,2.483328e-06,5.199997e-06,7.549993e-06,5.504163e-06,6.045826e-06,-1.37504e-07,5.183331e-06,6.579161e-06,5.924996e-06,5.604164e-06,5.958327e-06
4,132,134.319,0.68,5.016661e-06,1.474992e-06,7.28333e-06,7.866661e-06,7.341663e-06,2.566663e-06,5.412499e-06,7.824993e-06,5.80833e-06,6.304161e-06,-1.37504e-07,5.424992e-06,6.916666e-06,6.099995e-06,5.879164e-06,6.27083e-06
4,133,134.462,0.67,5.237492e-06,1.51666e-06,7.76666e-06,8.179164e-06,7.666659e-06,2.587493e-06,5.766662e-06,8.145825e-06,6.129162e-06,6.554159e-06,-1.08337e-07,5.754161e-06,7.308332e-06,6.424999e-06,6.174993e-06,6.620828e-06
4,134,134.605,0.66,5.524993e-06,1.529161e-06,7.983327e-06,8.583331e-06,7.991664e-06,2.599994e-06,6.037497e-06,8.562493e-06,6.470831e-06,6.858325e-06,-1.45841e-07,6.041662e-06,7.674996e-06,6.799992e-06,6.491661e-06,6.983328e-06
4,135,134.748,0.65,5.804165e-06,1.545827e-06,8.337498e-06,8.958332e-06,8.383329e-06,2.645826e-06,6.412498e-06,8.883325e-06,6.833331e-06,7.124996e-06,-1.54169e-07,6.399997e-06,8.062498e-06,7.129161e-06,6.812493e-06,7.274993e-06
4,136,134.891,0.64,6.18333e-06,1.595831e-06,8.633328e-06,9.179163e-06,8.654165e-06,2.658328e-06,6.75416e-06,9.170826e-06,7.170828e-06,7.399996e-06,-1.16674e-07,6.704164e-06,8.408332e-06,7.437499e-06,7.21666e-06,7.708327e-06
4,137,135.034,0.63,6.520828e-06,1.637498e-06,9.004164e-06,9.549999e-06,8.979162e-06,2.71666e-06,7.037497e-06,9.537498e-06,7.537492e-06,7.716663e-06,-1.54169e-07,7.066663e-06,8.716663e-06,7.774996e-06,7.462494e-06,8.066662e-06
4,138,135.177,0.62,6.858325e-06,1.679158e-06,9.312495e-06,9.895825e-06,9.245833e-06,2.787495e-06,7.387495e-06,9.841665e-06,7.945831e-06,7.979163e-06,-1.62506e-07,7.387495e-06,9.108328e-06,8.137496e-06,7.791662e-06,8.291666e-06
4,139,135.32,0.61,7.233326e-06,1.708325e-06,9.591659e-06,1.0174997e-05,9.499995e-06,2.766665e-06,7.691661e-06,1.013333e-05,8.283329e-06,8.283329e-06,-1.25003e-07,7.729165e-06,9.420832e-06,8.487495e-06,8.141661e-06,8.670831e-06
4,140,135.463,0.6,7.7125e-06,1.716661e-06,9.937493e-06,1.0499994e-05,9.820827e-06,2.758328e-06,8.091664e-06,1.0466663e-05,8.574994e-06,8.549992e-06,-1.25003e-07,8.070827e-06,9.774994e-06,8.791661e-06,8.50416e-06,9.037494e-06
4,141,135.606,0.59,7.895827e-06,1.816662e-06,1.0249996e-05,1.0799996e-05,1.0091662e-05,2.749991e-06,8.499996e-06,1.0712496e-05,8.929165e-06,8.812499e-06,-9.5836e-08,8.354164e-06,1.0099999e-05,9.112493e-06,8.816663e-06,9.366663e-06
4,142,135.749,0.58,8.312496e-06,1.804161e-06,1.0524996e-05,1.1062495e-05,1.040833e-05,2.779166e-06,8.704162e-06,1.0970831e-05,9.245833e-06,9.070825e-06,-1.70835e-07,8.683332e-06,1.0404166e-05,9.429161e-06,9.091664e-06,9.633327e-06
4,143,135.892,0.57,8.524998e-06,1.841664e-06,1.0774994e-05,1.1374998e-05,1.0666665e-05,2.829162e-06,9.162498e-06,1.1287499e-05,9.608332e-06,9.320831e-06,-1.45841e-07,9.037494e-06,1.0679166e-05,9.754165e-06,9.429161e-06,9.966659e-06
4,144,136.035,0.56,8.899999e-06,1.845829e-06,1.1120828e-05,1.1741662e-05,1.0912498e-05,2.879159e-06,9.358327e-06,1.1499993e-05,9.854166e-06,9.545827e-06,-1.29175e-07,9.379164e-06,1.104583e-05,1.0049995e-05,9.720826e-06,1.0316666e-05
4,145,136.178,0.55,9.162498e-06,1.85833e-06,1.1358333e-05,1.1895831e-05,1.1183325e-05,2.858329e-06,9.641663e-06,1.1829162e-05,1.0391665e-05,9.829164e-06,-1.6667e-07,9.683331e-06,1.1316665e-05,1.0337496e-05,9.987497e-06,1.0624997e-05
4,146,136.321,0.54,9.483329e-06,1.899997e-06,1.1699995e-05,1.2254159e-05,1.1466662e-05,2.912498e-06,9.916663e-06,1.2016662e-05,1.0520832e-05,1.0129165e-05,-1.54169e-07,9.949994e-06,1.160833e-05,1.0708332e-05,1.0304165e-05,1.0920827e-05
4,147,136.464,0.53,9.774994e-06,1.874995e-06,1.1966666e-05,1.2566662e-05,1.1724997e-05,2.929163e-06,1.0204164e-05,1.2299998e-05,1.0841663e-05,1.040833e-05,-1.6667e-07,1.0279163e-05,1.1870829e-05,1.0970831e-05,1.0620833e-05,1.1237494e-05
4,148,136.607,0.52,1.0087498e-05,1.929164e-06,1.2229165e-05,1.2666663e-05,1.1958329e-05,2.941664e-06,1.052916e-05,1.2599993e-05,1.1087497e-05,1.0708332e-05,-1.16674e-07,1.0579165e-05,1.2187496e-05,1.1204163e-05,1.089166e-05,1.1512494e-05
4,149,136.75,0.51,1.0424996e-05,1.899997e-06,1.2441659e-05,1.2933326e-05,1.2191661e-05,2.966658e-06,1.0799996e-05,1.2804167e-05,1.142083e-05,1.075e-05,-1.83336e-07,1.0779167e-05,1.2458332e-05,1.1541661e-05,1.1199999e-05,1.1812496e-05
4,150,136.893,0.5,1.0729162e-05,1.954158e-06,1.2745825e-05,1.3154165e-05,1.2424994e-05,2.945828e-06,1.1037493e-05,1.3066665e-05,1.1687493e-05,1.1020828e-05,-1.95837e-07,1.1116664e-05,1.2683328e-05,1.1774993e-05,1.1437495e-05,1.2066666e-05
4,151,137.037,0.49,1.106666e-05,1.958331e-06,1.2958328e-05,1.3445831e-05,1.260833e-05,2.974995e-06,1.1283326e-05,1.3295826e-05,1.1983331e-05,1.1220829e-05,-1.04173e-07,1.1449996e-05,1.2970829e-05,1.2008325e-05,1.1624996e-05,1.2283325e-05
4,152,137.18,0.48,1.1129165e-05,1.999998e-06,1.3087495e-05,1.3608328e-05,1.2920833e-05,3.020827e-06,1.1545833e-05,1.3495826e-05,1.2241666e-05,1.1433332e-05,-1.87508e-07,1.1624996e-05,1.3124998e-05,1.2258331e-05,1.1924998e-05,1.2529159e-05
4,153,137.323,0.47,1.1408329e-05,1.970832e-06,1.3408328e-05,1.3866663e-05,1.3137499e-05,2.995825e-06,1.1799995e-05,1.3749996e-05,1.2466661e-05,1.1637497e-05,-1.25003e-07,1.1816661e-05,1.3358331e-05,1.2558333e-05,1.2195826e-05,1.2858327e-05
4,154,137.466,0.46,1.1662499e-05,2.029165e-06,1.3558332e-05,1.3974993e-05,1.3224999e-05,3.020827e-06,1.1974995e-05,1.3949998e-05,1.2691665e-05,1.1816661e-05,-1.79172e-07,1.2012498e-05,1.3766662e-05,1.2787493e-05,1.2445831e-05,1.3024997e-05
4,155,137.609,0.45,1.1870829e-05,1.970832e-06,1.4033326e-05,1.4308325e-05,1.3516665e-05,2.983332e-06,1.2258331e-05,1.410416e-05,1.2933326e-05,1.2074995e-05,-1.6667e-07,1.2270832e-05,1.3862498e-05,1.3112497e-05,1.2649997e-05,1.3291661e-05
4,156,137.752,0.44,1.2129164e-05,1.974996e-06,1.3999995e-05,1.4495826e-05,1.3691663e-05,3.074996e-06,1.2458332e-05,1.4354166e-05,1.319166e-05,1.2233329e-05,-1.54169e-07,1.2445831e-05,1.401666e-05,1.3208326e-05,1.2858327e-05,1.3504164e-05
4,157,137.895,0.43,1.2395827e-05,1.999998e-06,1.4349993e-05,1.4658332e-05,1.3891665e-05,3.137493e-06,1.2770827e-05,1.447916e-05,1.3458332e-05,1.243333e-05,-1.79172e-07,1.2716659e-05,1.4233327e-05,1.3633331e-05,1.3166666e-05,1.3787492e-05
4,158,138.038,0.42,1.2629159e-05,2.074997e-06,1.4412499e-05,1.4899992e-05,1.4070829e-05,3.087497e-06,1.298333e-05,1.4741659e-05,1.3608328e-05,1.2579163e-05,-1.54169e-07,1.2929161e-05,1.4341665e-05,1.3641659e-05,1.3379161e-05,1.4008331e-05
4,159,138.181,0.41,1.2812495e-05,2.016664e-06,1.4562495e-05,1.5074992e-05,1.4224998e-05,3.149994e-06,1.317083e-05,1.484166e-05,1.3820831e-05,1.2858327e-05,-1.62506e-07,1.3149993e-05,1.4641666e-05,1.3849997e-05,1.3437494e-05,1.4195832e-05
4,160,138.324,0.4,1.3037499e-05,1.991661e-06,1.4804164e-05,1.5404161e-05,1.4404161e-05,3.07916e-06,1.3341665e-05,1.5066664e-05,1.4066664e-05,1.3049992e-05,-1.45841e-07,1.3316663e-05,1.4833331e-05,1.408333e-05,1.3816659e-05,1.4429164e-05
4,161,138.467,0.39,1.325833e-05,2.04583e-06,1.502916e-05,1.5466667e-05,1.4570832e-05,3.116663e-06,1.3499999e-05,1.5199995e-05,1.4295832e-05,1.3183331e-05,-1.12502e-07,1.3504164e-05,1.4970827e-05,1.4345828e-05,1.3933332e-05,1.4541666e-05
4,162,138.61,0.38,1.3608328e-05,2.04583e-06,1.5179166e-05,1.5504162e-05,1.4845832e-05,3.170832e-06,1.3754161e-05,1.5354164e-05,1.4537493e-05,1.3341665e-05,-1.79172e-07,1.3733332e-05,1.5137498e-05,1.45125e-05,1.4041662e-05,1.4716665e-05
4,163,138.753,0.37,1.3820831e-05,2.058331e-06,1.5299996e-05,1.5637494e-05,1.4879163e-05,3.154159e-06,1.3949998e-05,1.5558329e-05,1.4649995e-05,1.3445831e-05,-1.41668e-07,1.391666e-05,1.5333326e-05,1.4774998e-05,1.4237499e-05,1.4899992e-05
4,164,138.896,0.36,1.4049999e-05,2.049994e-06,1.547916e-05,1.5845832e-05,1.5108331e-05,3.195826e-06,1.410416e-05,1.5724992e-05,1.4874999e-05,1.3562497e-05,-1.95837e-07,1.4112497e-05,1.5549993e-05,1.4912494e-05,1.4437493e-05,1.5141662e-05
4,165,139.039,0.35,1.4133327e-05,2.174997e-06,1.5674996e-05,1.6054162e-05,1.521666e-05,3.16666e-06,1.4412499e-05,1.5845832e-05,1.5058326e-05,1.3774999e-05,-2.08338e-07,1.4237499e-05,1.5699998e-05,1.5074992e-05,1.4716665e-05,1.5262493e-05
4,166,139.182,0.34,1.4312498e-05,2.099999e-06,1.5866661e-05,1.6195831e-05,1.5391659e-05,3.179161e-06,1.4524992e-05,1.6012495e-05,1.5258328e-05,1.3933332e-05,-1.62506e-07,1.4429164e-05,1.5808328e-05,1.5299996e-05,1.4816665e-05,1.545833e-05
4,167,139.325,0.33,1.4329164e-05,2.095826e-06,1.6045833e-05,1.6362492e-05,1.5562495e-05,3.183325e-06,1.4554159e-05,1.6166663e-05,1.5462494e-05,1.4124998e-05,-1.6667e-07,1.4599998e-05,1.604166e-05,1.5516662e-05,1.4970827e-05,1.5662496e-05
4,168,139.468,0.32,1.4741659e-05,2.04583e-06,1.6179165e-05,1.6512497e-05,1.5741665e-05,3.262496e-06,1.4891664e-05,1.6408332e-05,1.5583333e-05,1.4312498e-05,-1.70835e-07,1.4691663e-05,1.6220833e-05,1.557916e-05,1.51625e-05,1.5816664e-05
4,169,139.611,0.31,1.4712493e-05,2.083325e-06,1.6224996e-05,1.6674996e-05,1.5879163e-05,3.199998e-06,1.4954162e-05,1.6412496e-05,1.5849995e-05,1.4437493e-05,-1.91673e-07,1.4866662e-05,1.6274993e-05,1.5841659e-05,1.5333326e-05,1.5995829e-05
4,170,139.754,0.3,1.4970827e-05,2.129165e-06,1.6495831e-05,1.6804162e-05,1.5995829e-05,3.262496e-06,1.5120832e-05,1.6579159e-05,1.6008329e-05,1.4574996e-05,-1.16674e-07,1.5087493e-05,1.6529162e-05,1.5954161e-05,1.5558329e-05,1.6191665e-05
4,171,139.897,0.29,1.5062499e-05,2.141659e-06,1.6654165e-05,1.6924992e-05,1.6133332e-05,3.208327e-06,1.5291658e-05,1.6649994e-05,1.6174999e-05,1.4724994e-05,-1.45841e-07,1.5233326e-05,1.6662494e-05,1.6183329e-05,1.565833e-05,1.6349999e-05
4,172,140.04,0.28,1.5254163e-05,2.13333e-06,1.677916e-05,1.714166e-05,1.6287493e-05,3.274997e-06,1.5483332e-05,1.6854159e-05,1.6270827e-05,1.4808329e-05,-2.20839e-07,1.5379166e-05,1.6799999e-05,1.6312495e-05,1.5808328e-05,1.6487495e-05
4,173,140.183,0.27,1.5554166e-05,2.149995e-06,1.6933331e-05,1.7179163e-05,1.645e-05,3.249995e-06,1.5599999e-05,1.7029166e-05,1.6495831e-05,1.5170828e-05,-1.00009e-07,1.5537493e-05,1.6945831e-05,1.6437498e-05,1.5916665e-05,1.6666667e-05
4,174,140.326,0.26,1.5599999e-05,2.145831e-06,1.7058333e-05,1.7316659e-05,1.655833e-05,3.304164e-06,1.5770833e-05,1.714166e-05,1.6574995e-05,1.509583e-05,-1.20838e-07,1.5695827e-05,1.7066661e-05,1.6637492e-05,1.6187492e-05,1.6849996e-05
4,175,140.47,0.25,1.5904165e-05,2.183326e-06,1.7137496e-05,1.7545828e-05,1.6758331e-05,3.312492e-06,1.592083e-05,1.7274999e-05,1.6737493e-05,1.5274994e-05,-1.00009e-07,1.583333e-05,1.7258326e-05,1.6824992e-05,1.6291666e-05,1.6983326e-05
4,176,140.613,0.24,1.604166e-05,2.162496e-06,1.7345827e-05,1.7674995e-05,1.683333e-05,3.308328e-06,1.6045833e-05,1.7395831e-05,1.6920829e-05,1.5345828e-05,-1.3334e-07,1.5912494e-05,1.7408331e-05,1.695416e-05,1.6445827e-05,1.7162498e-05
4,177,140.756,0.23,1.5929167e-05,2.166661e-06,1.7454164e-05,1.7833328e-05,1.6974998e-05,3.312492e-06,1.6274993e-05,1.7562492e-05,1.7054161e-05,1.5537493e-05,-7.9171e-08,1.6162499e-05,1.7549999e-05,1.7099992e-05,1.6624999e-05,1.7287493e-05
4,178,140.899,0.22,1.6320833e-05,2.129165e-06,1.7670831e-05,1.7929164e-05,1.7058333e-05,3.308328e-06,1.6279166e-05,1.7654165e-05,1.7245833e-05,1.5683334e-05,-1.79172e-07,1.6158327e-05,1.787916e-05,1.729583e-05,1.6758331e-05,1.7433325e-05
4,179,141.042,0.21,1.6266664e-05,2.15416e-06,1.7791661e-05,1.8024994e-05,1.7191664e-05,3.374998e-06,1.6566666e-05,1.7862494e-05,1.7391665e-05,1.5804164e-05,-1.58342e-07,1.6324997e-05,1.7991662e-05,1.7412496e-05,1.6941667e-05,1.7624998e-05
4,180,141.185,0.2,1.6374994e-05,2.149995e-06,1.7887496e-05,1.8199993e-05,1.7362499e-05,3.35416e-06,1.6637492e-05,1.7987497e-05,1.7558328e-05,1.5870826e-05,-1.50005e-07,1.6466665e-05,1.7904162e-05,1.7566665e-05,1.7070826e-05,1.7795834e-05
4,181,141.328,0.19,1.6604161e-05,2.241659e-06,1.7987497e-05,1.8270826e-05,1.7512497e-05,3.391663e-06,1.6758331e-05,1.8058332e-05,1.785833e-05,1.6112495e-05,-1.58342e-07,1.657083e-05,1.8016664e-05,1.7683331e-05,1.7154161e-05,1.7904162e-05
4,182,141.471,0.18,1.6662494e-05,2.137494e-06,1.8183327e-05,1.8466664e-05,1.7666665e-05,3.399992e-06,1.6804162e-05,1.822083e-05,1.7904162e-05,1.6258327e-05,-1.62506e-07,1.6774997e-05,1.814166e-05,1.7837492e-05,1.730833e-05,1.8029164e-05
4,183,141.614,0.17,1.6824992e-05,2.179162e-06,1.8241661e-05,1.8741663e-05,1.7670831e-05,3.454161e-06,1.702083e-05,1.8258334e-05,1.8012499e-05,1.6345826e-05,-1.70835e-07,1.6837494e-05,1.830833e-05,1.8041666e-05,1.7529163e-05,1.8204164e-05
4,184,141.757,0.16,1.6933331e-05,2.199992e-06,1.8487493e-05,1.88375e-05,1.7962495e-05,3.454161e-06,1.7104165e-05,1.842916e-05,1.8124994e-05,1.649166e-05,-1.25003e-07,1.7004164e-05,1.8475001e-05,1.814166e-05,1.7762493e-05,1.8362498e-05
4,185,141.9,0.15,1.7083326e-05,2.183326e-06,1.8508332e-05,1.8750001e-05,1.8108329e-05,3.44166e-06,1.7283328e-05,1.8533334e-05,1.8249997e-05,1.6583332e-05,-2.08338e-07,1.7087499e-05,1.8624996e-05,1.8270826e-05,1.7674995e-05,1.8420831e-05
4,186,142.043,0.14,1.7345827e-05,2.170825e-06,1.865e-05,1.8924999e-05,1.8049996e-05,3.429159e-06,1.7424996e-05,1.8612496e-05,1.8416658e-05,1.6666667e-05,-1.91673e-07,1.7245833e-05,1.8733326e-05,1.8324996e-05,1.7808326e-05,1.8641662e-05
4,187,142.186,0.13,1.7554165e-05,2.187498e-06,1.8774994e-05,1.8983332e-05,1.8249997e-05,3.491664e-06,1.757083e-05,1.8795832e-05,1.8487493e-05,1.684583e-05,-1.83336e-07,1.7333332e-05,1.8833327e-05,1.8549999e-05,1.7904162e-05,1.8641662e-05
4,188,142.329,0.12,1.7474993e-05,2.166661e-06,1.8912498e-05,1.9120829e-05,1.8570829e-05,3.479163e-06,1.7712498e-05,1.889166e-05,1.8637498e-05,1.7004164e-05,-1.75007e-07,1.7499995e-05,1.8933328e-05,1.8658327e-05,1.8012499e-05,1.8724997e-05
4,189,142.472,0.11,1.7770832e-05,2.174997e-06,1.9033328e-05,1.935416e-05,1.8395829e-05,3.449996e-06,1.7862494e-05,1.9037492e-05,1.8779167e-05,1.7045832e-05,-1.75007e-07,1.7679158e-05,1.9074996e-05,1.8766665e-05,1.8212493e-05,1.8916662e-05
4,190,142.615,0.1,1.786666e-05,2.229158e-06,1.9104164e-05,1.93875e-05,1.8570829e-05,3.529159e-06,1.8070832e-05,1.9120829e-05,1.8924999e-05,1.7191664e-05,-1.12502e-07,1.7712498e-05,1.9358333e-05,1.8899997e-05,1.832916e-05,1.8995834e-05
4,191,142.758,0.09,1.775833e-05,2.237495e-06,1.9266661e-05,1.950833e-05,1.8691659e-05,3.487492e-06,1.796666e-05,1.9295827e-05,1.9029165e-05,1.724166e-05,-1.41668e-07,1.7849994e-05,1.9258332e-05,1.8987497e-05,1.842916e-05,1.9129166e-05
4,192,142.901,0.08,1.7899998e-05,2.204164e-06,1.9504165e-05,1.9637497e-05,1.878333e-05,3.512494e-06,1.8024994e-05,1.934166e-05,1.916666e-05,1.7424996e-05,-1.16674e-07,1.7895825e-05,1.940833e-05,1.9137493e-05,1.8549999e-05,1.9279161e-05
4,193,143.044,0.07,1.7991662e-05,2.166661e-06,1.9575e-05,1.9758329e-05,1.8854165e-05,3.545833e-06,1.8295828e-05,1.9429159e-05,1.9245832e-05,1.7574994e-05,-1.41668e-07,1.804583e-05,1.9424995e-05,1.9241666e-05,1.8687495e-05,1.9458326e-05
4,194,143.187,0.06,1.822083e-05,2.174997e-06,1.9554162e-05,1.9866666e-05,1.8970832e-05,3.545833e-06,1.8316667e-05,1.9466663e-05,1.9579164e-05,1.7670831e-05,-1.41668e-07,1.8158333e-05,1.9670828e-05,1.935416e-05,1.8720826e-05,1.9533332e-05
4,195,143.33,0.05,1.8199993e-05,2.224994e-06,1.9620831e-05,1.9899997e-05,1.91125e-05,3.566662e-06,1.8470828e-05,1.9679164e-05,1.9487492e-05,1.775833e-05,-1.62506e-07,1.8266663e-05,1.9754163e-05,1.9391664e-05,1.8924999e-05,1.962916e-05
4,196,143.473,0.04,1.8424997e-05,2.183326e-06,1.9741663e-05,2.0049993e-05,1.9199999e-05,3.574999e-06,1.8529161e-05,1.9674993e-05,1.9541661e-05,1.7887496e-05,-1.41668e-07,1.8399993e-05,1.9808333e-05,1.9562498e-05,1.9154159e-05,1.9749999e-05
4,197,143.616,0.03,1.8570829e-05,2.229158e-06,1.9920826e-05,2.0125e-05,1.9291663e-05,3.599993e-06,1.8699995e-05,1.9829162e-05,1.9929163e-05,1.7954168e-05,-1.62506e-07,1.8491666e-05,1.9862493e-05,1.9620831e-05,1.8995834e-05,1.9833325e-05
4,198,143.759,0.02,1.8674993e-05,2.279162e-06,2.0012498e-05,2.0212499e-05,1.9416666e-05,3.554161e-06,1.8766665e-05,1.9933326e-05,1.9749999e-05,1.8204164e-05,-1.29175e-07,1.8633325e-05,1.9962494e-05,1.9758329e-05,1.9224994e-05,1.9912497e-05
4,199,143.903,0.01,1.8954166e-05,2.249996e-06,2.0008325e-05,2.0345831e-05,1.9466663e-05,3.595829e-06,1.8887496e-05,1.9966667e-05,1.9862493e-05,1.814166e-05,-1.25003e-07,1.8712497e-05,2.0041665e-05,1.9895831e-05,1.9220828e-05,1.9987496e-05
4,200,144.046,0.0,1.895833e-05,2.229158e-06,2.0179161e-05,2.0358331e-05,1.9612495e-05,3.641661e-06,1.8999997e-05,2.0104162e-05,2.0033327e-05,1.8133331e-05,-1.6667e-07,1.8804161e-05,2.0212499e-05,2.0008325e-05,1.9324994e-05,2.0112499e-05
,,,,,,,,,,,,,,,,,,,,4,0.63,0.62,0.75,0.75,0.74,0.77,0.65,0.73,0.69,0.74,0.17,0.64,0.73,0.7,0.69,0.71,0.72,0.71,0.8,0.8,0.79,0.81,0.74,0.79,0.76,0.78,0.87,0.72,0.78,0.76,0.75,0.75
5,0,144.296,0.0,1.887916e-05,2.283327e-06,2.0154166e-05,2.0454161e-05,1.9591665e-05,3.604166e-06,1.8999997e-05,2.0129164e-05,2.0049993e-05,1.8283328e-05,-1.20838e-07,1.8812498e-05,2.025416e-05,1.995833e-05,1.9391664e-05,2.0187497e-05
5,1,144.439,0.01,1.9033328e-05,2.274998e-06,2.0174995e-05,2.0358331e-05,1.9554162e-05,3.637497e-06,1.8904162e-05,2.0116662e-05,1.995833e-05,1.8274999e-05,-1.45841e-07,1.8691659e-05,2.0204163e-05,2.0004161e-05,1.93e-05,2.0054165e-05
5,2,144.582,0.02,1.8679166e-05,2.337496e-06,2.0137493e-05,2.0358331e-05,1.9512494e-05,3.60833e-06,1.8799996e-05,2.0049993e-05,1.9874993e-05,1.8237495e-05,-1.70835e-07,1.8462499e-05,2.0174995e-05,1.9904161e-05,1.9279161e-05,2.00375e-05
5,3,144.725,0.03,1.8633325e-05,2.291664e-06,2.0045829e-05,2.026666e-05,1.9337494e-05,3.674992e-06,1.8674993e-05,1.9999998e-05,1.9824998e-05,1.8162496e-05,-8.7508e-08,1.8383329e-05,2.0095833e-05,1.9870829e-05,1.9154159e-05,1.9924999e-05
5,4,144.868,0.04,1.8412495e-05,2.270826e-06,2.0087497e-05,2.0208327e-05,1.9312492e-05,3.612495e-06,1.8633325e-05,1.9845827e-05,1.9716661e-05,1.8062496e-05,-7.5006e-08,1.8333332e-05,1.9824998e-05,1.9754163e-05,1.9054167e-05,1.9841664e-05
5,5,145.011,0.05,1.8249997e-05,2.283327e-06,1.9949992e-05,2.0216663e-05,1.9241666e-05,3.699994e-06,1.8395829e-05,1.9812496e-05,1.9637497e-05,1.8008328e-05,-5.4169e-08,1.8174998e-05,1.9808333e-05,1.9570827e-05,1.9129166e-05,1.9729161e-05
5,6,145.154,0.06,1.8149996e-05,2.308329e-06,1.9883331e-05,2.0058329e-05,1.9058331e-05,3.662499e-06,1.8349998e-05,1.9670828e-05,1.9524996e-05,1.7933329e-05,-6.667e-08,1.8091663e-05,1.9845827e-05,1.9595829e-05,1.8937493e-05,1.9591665e-05
5,7,145.297,0.07,1.7970831e-05,2.370826e-06,1.9641662e-05,1.995833e-05,1.9037492e-05,3.658326e-06,1.8166662e-05,1.9645826e-05,1.9474999e-05,1.7762493e-05,-3.3339e-08,1.7945829e-05,1.9575e-05,1.93e-05,1.889166e-05,1.9537496e-05
5,8,145.44,0.08,1.7862494e-05,2.345832e-06,1.9566663e-05,2.0008325e-05,1.8995834e-05,3.683329e-06,1.8066661e-05,1.9579164e-05,1.9291663e-05,1.7724999e-05,-3.7503e-08,1.7770832e-05,1.9458326e-05,1.9454161e-05,1.8820827e-05,1.9366662e-05
5,9,145.583,0.09,1.7733328e-05,2.324995e-06,1.9458326e-05,1.9895831e-05,1.8895833e-05,3.670827e-06,1.7837492e-05,1.9470826e-05,1.9191662e-05,1.7591659e-05,-7.5006e-08,1.7620825e-05,1.942083e-05,1.9099998e-05,1.8720826e-05,1.9258332e-05
5,10,145.726,0.1,1.7624998e-05,2.345832e-06,1.9349996e-05,1.9587493e-05,1.8708331e-05,3.683329e-06,1.7808326e-05,1.9329167e-05,1.895833e-05,1.7516661e-05,-4.172e-09,1.7520833e-05,1.9295827e-05,1.9004163e-05,1.8579165e-05,1.9049994e-05
5,11,145.869,0.11,1.7420833e-05,2.354161e-06,1.9270834e-05,1.9462497e-05,1.8679166e-05,3.720832e-06,1.7595832e-05,1.9204164e-05,1.8904162e-05,1.7445827e-05,-5.4169e-08,1.7391665e-05,1.9158331e-05,1.8887496e-05,1.8375e-05,1.9016663e-05
5,12,146.012,0.12,1.7299993e-05,2.404165e-06,1.9170833e-05,1.9358333e-05,1.8399993e-05,3.595829e-06,1.7420833e-05,1.9187499e-05,1.8708331e-05,1.7279164e-05,2.9159e-08,1.7179163e-05,1.9083333e-05,1.8737499e-05,1.8212493e-05,1.8824998e-05
5,13,146.155,0.13,1.7066661e-05,2.40833e-06,1.9070832e-05,1.93e-05,1.8370827e-05,3.62916e-06,1.7304166e-05,1.9033328e-05,1.8629162e-05,1.7249997e-05,1.2493e-08,1.7162498e-05,1.8949993e-05,1.8599994e-05,1.8158333e-05,1.8762494e-05
5,14,146.298,0.14,1.6916665e-05,2.412494e-06,1.8929164e-05,1.9212492e-05,1.8262497e-05,3.583328e-06,1.7270828e-05,1.8949993e-05,1.8520832e-05,1.7154161e-05,1.6665e-08,1.6916665e-05,1.8787496e-05,1.8466664e-05,1.8020828e-05,1.8624996e-05
5,15,146.441,0.15,1.6841666e-05,2.358325e-06,1.8833327e-05,1.9049994e-05,1.8229166e-05,3.595829e-06,1.6883325e-05,1.8933328e-05,1.8349998e-05,1.7024993e-05,-1.6673e-08,1.6733329e-05,1.8674993e-05,1.8379164e-05,1.787916e-05,1.8487493e-05
5,16,146.584,0.16,1.6545828e-05,2.395828e-06,1.8745828e-05,1.8924999e-05,1.8016664e-05,3.566662e-06,1.6774997e-05,1.8704161e-05,1.8245832e-05,1.6870832e-05,1.6665e-08,1.6562493e-05,1.8608333e-05,1.8174998e-05,1.775833e-05,1.8324996e-05
5,17,146.727,0.17,1.6458329e-05,2.362498e-06,1.8541661e-05,1.8849993e-05,1.7904162e-05,3.612495e-06,1.6616663e-05,1.8595831e-05,1.8133331e-05,1.6795826e-05,4.9996e-08,1.6445827e-05,1.8404166e-05,1.81e-05,1.7595832e-05,1.8170826e-05
5,18,146.87,0.18,1.6237498e-05,2.349997e-06,1.8458326e-05,1.8699995e-05,1.7779159e-05,3.604166e-06,1.6429161e-05,1.8399993e-05,1.8058332e-05,1.6683332e-05,2.083e-08,1.6299995e-05,1.8299992e-05,1.787916e-05,1.7483329e-05,1.8070832e-05
5,19,147.013,0.19,1.6058326e-05,2.391664e-06,1.8391665e-05,1.8712497e-05,1.7633327e-05,3.570827e-06,1.62625e-05,1.8291665e-05,1.7829163e-05,1.6641665e-05,5.4161e-08,1.6112495e-05,1.814166e-05,1.7754166e-05,1.7324995e-05,1.7904162e-05
5,20,147.156,0.2,1.5887499e-05,2.304165e-06,1.8204164e-05,1.8395829e-05,1.7458327e-05,3.566662e-06,1.6124995e-05,1.8229166e-05,1.7579167e-05,1.6429161e-05,3.7495e-08,1.5845832e-05,1.803333e-05,1.7599996e-05,1.7179163e-05,1.7787495e-05
5,21,147.299,0.21,1.5699998e-05,2.379163e-06,1.8108329e-05,1.8399993e-05,1.7366663e-05,3.570827e-06,1.5916665e-05,1.7983333e-05,1.7441662e-05,1.6479167e-05,6.6662e-08,1.5795827e-05,1.7841665e-05,1.7495831e-05,1.7108328e-05,1.7566665e-05
5,22,147.442,0.22,1.5487496e-05,2.395828e-06,1.7870832e-05,1.8254161e-05,1.7266662e-05,3.558326e-06,1.5762496e-05,1.796666e-05,1.730833e-05,1.6154163e-05,1.54161e-07,1.5608326e-05,1.7695833e-05,1.7233331e-05,1.7012493e-05,1.7545828e-05
5,23,147.586,0.23,1.5233326e-05,2.399993e-06,1.7841665e-05,1.8008328e-05,1.7070826e-05,3.579164e-06,1.5566658e-05,1.7799997e-05,1.714166e-05,1.6062499e-05,1.6665e-08,1.5387495e-05,1.758333e-05,1.7179163e-05,1.6758331e-05,1.7395831e-05
5,24,147.729,0.24,1.502916e-05,2.312493e-06,1.7662493e-05,1.7816663e-05,1.6987498e-05,3.529159e-06,1.5345828e-05,1.769166e-05,1.6991664e-05,1.5849995e-05,6.6662e-08,1.5083328e-05,1.7420833e-05,1.7004164e-05,1.655833e-05,1.7145832e-05
5,25,147.872,0.25,1.5016659e-05,2.316666e-06,1.7516661e-05,1.77375e-05,1.6787497e-05,3.587492e-06,1.5141662e-05,1.7520833e-05,1.6841666e-05,1.5737494e-05,-8e-12,1.4966663e-05,1.7320832e-05,1.6824992e-05,1.6412496e-05,1.6970833e-05
5,26,148.015,0.26,1.4570832e-05,2.416658e-06,1.7399994e-05,1.7545828e-05,1.6725e-05,3.54166e-06,1.5129161e-05,1.7412496e-05,1.6683332e-05,1.5620828e-05,4.9996e-08,1.4874999e-05,1.7154161e-05,1.6641665e-05,1.6324997e-05,1.6816664e-05
5,27,148.158,0.27,1.4404161e-05,2.299992e-06,1.7195829e-05,1.7362499e-05,1.6508333e-05,3.537496e-06,1.4712493e-05,1.7279164e-05,1.6499996e-05,1.5474994e-05,4.5832e-08,1.4520828e-05,1.6920829e-05,1.649166e-05,1.6137497e-05,1.6637492e-05
5,28,148.301,0.28,1.4287496e-05,2.399993e-06,1.7083326e-05,1.7212495e-05,1.6287493e-05,3.52083e-06,1.4504162e-05,1.7149996e-05,1.6324997e-05,1.5362493e-05,4.5832e-08,1.4312498e-05,1.6787497e-05,1.6374994e-05,1.6029158e-05,1.6466665e-05
5,29,148.444,0.29,1.3970828e-05,2.312493e-06,1.69e-05,1.7091663e-05,1.6204167e-05,3.558326e-06,1.4379159e-05,1.6970833e-05,1.6129159e-05,1.5154163e-05,4.9996e-08,1.4116661e-05,1.6583332e-05,1.6266664e-05,1.583333e-05,1.6245825e-05
5,30,148.587,0.3,1.374166e-05,2.283327e-06,1.6916665e-05,1.6958333e-05,1.5999993e-05,3.52083e-06,1.4054163e-05,1.6816664e-05,1.5904165e-05,1.502916e-05,5.8325e-08,1.3949998e-05,1.638333e-05,1.6016666e-05,1.5704163e-05,1.6116659e-05
5,31,148.73,0.31,1.355416e-05,2.245831e-06,1.6508333e-05,1.6862496e-05,1.5908328e-05,3.499993e-06,1.3949998e-05,1.6666667e-05,1.5733329e-05,1.4891664e-05,5.4161e-08,1.374166e-05,1.6162499e-05,1.5695827e-05,1.5624992e-05,1.592083e-05
5,32,148.873,0.32,1.3283332e-05,2.287499e-06,1.6312495e-05,1.6612497e-05,1.5674996e-05,3.512494e-06,1.3649996e-05,1.6458329e-05,1.5558329e-05,1.4695827e-05,3.3331e-08,1.3524993e-05,1.6045833e-05,1.5699998e-05,1.5262493e-05,1.5729165e-05
5,33,149.016,0.33,1.3074994e-05,2.295828e-06,1.6195831e-05,1.655833e-05,1.557916e-05,3.466662e-06,1.3470833e-05,1.6349999e-05,1.5366666e-05,1.4558331e-05,5.4161e-08,1.3287497e-05,1.5862497e-05,1.5279165e-05,1.525e-05,1.5549993e-05
5,34,149.159,0.34,1.2779165e-05,2.283327e-06,1.5999993e-05,1.6249998e-05,1.5445828e-05,3.474998e-06,1.3158329e-05,1.6079164e-05,1.5137498e-05,1.4370831e-05,4.9996e-08,1.3037499e-05,1.576666e-05,1.5141662e-05,1.4866662e-05,1.5279165e-05
5,35,149.302,0.35,1.2574998e-05,2.262497e-06,1.5845832e-05,1.6083328e-05,1.5212496e-05,3.44166e-06,1.2958328e-05,1.6004165e-05,1.4958326e-05,1.4191659e-05,2.9159e-08,1.2849999e-05,1.5520827e-05,1.4920831e-05,1.4620829e-05,1.5104159e-05
5,36,149.445,0.36,1.2308327e-05,2.258333e-06,1.564583e-05,1.5849995e-05,1.4874999e-05,3.433331e-06,1.2745825e-05,1.5808328e-05,1.4770826e-05,1.4024997e-05,5.4161e-08,1.2599993e-05,1.5295831e-05,1.4737495e-05,1.445833e-05,1.5079165e-05
5,37,149.588,0.37,1.1999997e-05,2.279162e-06,1.5437499e-05,1.5670832e-05,1.4816665e-05,3.445832e-06,1.2495828e-05,1.5612499e-05,1.45125e-05,1.3812494e-05,7.4999e-08,1.2316664e-05,1.5133333e-05,1.4491661e-05,1.4258329e-05,1.4679162e-05
5,38,149.731,0.38,1.1820833e-05,2.216665e-06,1.5258328e-05,1.5474994e-05,1.4624993e-05,3.404164e-06,1.2291662e-05,1.5424999e-05,1.429166e-05,1.3737495e-05,3.7495e-08,1.2087497e-05,1.48875e-05,1.4283331e-05,1.408333e-05,1.4429164e-05
5,39,149.874,0.39,1.1504166e-05,2.316666e-06,1.5049998e-05,1.530416e-05,1.4354166e-05,3.374998e-06,1.1924998e-05,1.5204159e-05,1.4099995e-05,1.3537494e-05,9.9993e-08,1.1866665e-05,1.4695827e-05,1.4024997e-05,1.3812494e-05,1.4183331e-05
5,40,150.017,0.4,1.1245831e-05,2.241659e-06,1.4849997e-05,1.5104159e-05,1.4179166e-05,3.362497e-06,1.1708331e-05,1.5091666e-05,1.3854162e-05,1.3295826e-05,3.7495e-08,1.1645826e-05,1.4495826e-05,1.3816659e-05,1.3616665e-05,1.3954163e-05
5,41,150.16,0.41,1.0937492e-05,2.262497e-06,1.465416e-05,1.4874999e-05,1.3962499e-05,3.358332e-06,1.1370826e-05,1.5004166e-05,1.362083e-05,1.3074994e-05,8.7492e-08,1.1304164e-05,1.4220826e-05,1.3549996e-05,1.336666e-05,1.3691663e-05
5,42,150.303,0.42,1.0687494e-05,2.229158e-06,1.439166e-05,1.4691663e-05,1.3737495e-05,3.337494e-06,1.1149995e-05,1.4537493e-05,1.3329164e-05,1.2933326e-05,8.3327e-08,1.104583e-05,1.3979165e-05,1.3316663e-05,1.3137499e-05,1.3512492e-05
5,43,150.446,0.43,1.0316666e-05,2.208328e-06,1.417083e-05,1.4491661e-05,1.3487498e-05,3.341659e-06,1.087083e-05,1.435833e-05,1.3120826e-05,1.2758326e-05,9.5828e-08,1.0745827e-05,1.3758326e-05,1.3024997e-05,1.2845826e-05,1.3224999e-05
5,44,150.589,0.44,1.0008327e-05,2.104163e-06,1.3945826e-05,1.4249992e-05,1.3408328e-05,3.329166e-06,1.0579165e-05,1.4158329e-05,1.2787493e-05,1.2529159e-05,1.04165e-07,1.0449998e-05,1.3541659e-05,1.2849999e-05,1.2599993e-05,1.2949999e-05
5,45,150.732,0.45,9.712498e-06,2.158332e-06,1.3749996e-05,1.3979165e-05,1.309166e-05,3.304164e-06,1.0287499e-05,1.3879164e-05,1.2633332e-05,1.2299998e-05,7.9163e-08,1.0166661e-05,1.3287497e-05,1.2529159e-05,1.2349995e-05,1.2724996e-05
5,46,150.875,0.46,9.420832e-06,2.149995e-06,1.346666e-05,1.3733332e-05,1.28625e-05,3.287498e-06,9.924992e-06,1.3674999e-05,1.2191661e-05,1.2187496e-05,1.29159e-07,9.812498e-06,1.2966665e-05,1.2241666e-05,1.2137492e-05,1.2412493e-05
5,47,151.018,0.47,9.058333e-06,2.095826e-06,1.325833e-05,1.3462496e-05,1.2591664e-05,3.249995e-06,9.616661e-06,1.3483325e-05,1.1966666e-05,1.1887495e-05,9.9993e-08,9.558328e-06,1.272916e-05,1.1966666e-05,1.1758328e-05,1.2074995e-05
5,48,151.162,0.48,8.695833e-06,2.108328e-06,1.300416e-05,1.3254165e-05,1.23125e-05,3.245831e-06,9.283328e-06,1.3208326e-05,1.1599994e-05,1.1562498e-05,1.12494e-07,9.224995e-06,1.2387498e-05,1.1658327e-05,1.1424994e-05,1.180416e-05
5,49,151.305,0.49,8.408332e-06,2.070832e-06,1.2666663e-05,1.2937498e-05,1.2070831e-05,3.229165e-06,9.037494e-06,1.2945827e-05,1.1287499e-05,1.1341659e-05,1.37496e-07,8.887498e-06,1.2104161e-05,1.1404165e-05,1.1154159e-05,1.1504166e-05
5,50,151.448,0.5,8.004165e-06,2.029165e-06,1.2424994e-05,1.2754163e-05,1.1820833e-05,3.233329e-06,8.729164e-06,1.272916e-05,1.095833e-05,1.1133329e-05,4.5832e-08,8.616662e-06,1.1845827e-05,1.1099998e-05,1.0949993e-05,1.1120828e-05
5,51,151.591,0.51,7.691661e-06,1.987497e-06,1.2141665e-05,1.2449996e-05,1.1508329e-05,3.216664e-06,8.358327e-06,1.2449996e-05,1.0620833e-05,1.0845828e-05,7.9163e-08,8.308331e-06,1.1424994e-05,1.0754164e-05,1.0579165e-05,1.0791659e-05
5,52,151.734,0.52,7.420826e-06,1.904162e-06,1.1854164e-05,1.209166e-05,1.1183325e-05,3.116663e-06,8.024995e-06,1.2112499e-05,1.0233331e-05,1.0624997e-05,4.5832e-08,7.891663e-06,1.1237494e-05,1.0383328e-05,1.0266662e-05,1.0479164e-05
5,53,151.877,0.53,7.037497e-06,2.008327e-06,1.1649998e-05,1.1812496e-05,1.0933328e-05,3.179161e-06,7.687497e-06,1.1737498e-05,9.874995e-06,1.0370827e-05,9.9993e-08,7.574995e-06,1.0812497e-05,1.0020828e-05,9.891661e-06,1.013333e-05
5,54,152.02,0.54,6.654159e-06,1.891661e-06,1.1287499e-05,1.1516667e-05,1.0624997e-05,3.116663e-06,7.279165e-06,1.1512494e-05,9.529162e-06,1.0074997e-05,1.20831e-07,7.233326e-06,1.040833e-05,9.679158e-06,9.516661e-06,9.79166e-06
5,55,152.163,0.55,6.362494e-06,1.862494e-06,1.0874995e-05,1.1295827e-05,1.0308329e-05,3.124992e-06,6.991665e-06,1.1137494e-05,9.158325e-06,9.824999e-06,9.5828e-08,6.949997e-06,1.0170826e-05,9.258326e-06,9.179163e-06,9.445826e-06
5,56,152.306,0.56,6.037497e-06,1.799997e-06,1.0520832e-05,1.0912498e-05,9.974996e-06,3.05833e-06,6.587497e-06,1.0837499e-05,8.699997e-06,9.520832e-06,1.04165e-07,6.608327e-06,9.599996e-06,8.920829e-06,8.924992e-06,9.02083e-06
5,57,152.449,0.57,5.754161e-06,1.783331e-06,1.0208329e-05,1.0633325e-05,9.633327e-06,3.083332e-06,6.341664e-06,1.0566664e-05,8.366665e-06,9.245833e-06,1.04165e-07,6.349993e-06,9.254161e-06,8.574994e-06,8.466665e-06,8.579159e-06
5,58,152.592,0.58,5.520828e-06,1.829163e-06,9.874995e-06,1.0237495e-05,9.275e-06,3.024999e-06,6.087494e-06,1.0183327e-05,7.949996e-06,8.962496e-06,1.16658e-07,6.070828e-06,8.879161e-06,8.179164e-06,7.974998e-06,8.220832e-06
5,59,152.735,0.59,5.329164e-06,1.808325e-06,9.558328e-06,9.887497e-06,9.041659e-06,3.020827e-06,5.787492e-06,9.845829e-06,7.524999e-06,8.633328e-06,7.9163e-08,5.883328e-06,8.520826e-06,7.812492e-06,7.666659e-06,7.862496e-06
5,60,152.878,0.6,5.195832e-06,1.77083e-06,9.174999e-06,9.462499e-06,8.620827e-06,2.983332e-06,5.583326e-06,9.570829e-06,7.187494e-06,8.412496e-06,6.6662e-08,5.662497e-06,8.124995e-06,7.49166e-06,7.28333e-06,7.466666e-06
5,61,153.021,0.61,5.037498e-06,1.766666e-06,8.874997e-06,9.133331e-06,8.22916e-06,2.983332e-06,5.35833e-06,9.187492e-06,6.837495e-06,8.099993e-06,1.16658e-07,5.516664e-06,7.720828e-06,7.124996e-06,6.92083e-06,7.087493e-06
5,62,153.164,0.62,4.945827e-06,1.774995e-06,8.533327e-06,8.799998e-06,7.912493e-06,2.820826e-06,5.179159e-06,8.820828e-06,6.524992e-06,7.791662e-06,1.33332e-07,5.374996e-06,7.362493e-06,6.816666e-06,6.599998e-06,6.766661e-06
5,63,153.307,0.63,4.870828e-06,1.77083e-06,8.137496e-06,8.383329e-06,7.574995e-06,2.833327e-06,5.095832e-06,8.462493e-06,6.158328e-06,7.504161e-06,1.45825e-07,5.262494e-06,7.024995e-06,6.416662e-06,6.262493e-06,6.429163e-06
5,64,153.45,0.64,4.924997e-06,1.779159e-06,7.74583e-06,8.066662e-06,7.233326e-06,2.766665e-06,5.062493e-06,8.095829e-06,5.854161e-06,7.287495e-06,1.45825e-07,5.25833e-06,6.629165e-06,6.145827e-06,5.954162e-06,6.099995e-06
5,65,153.593,0.65,4.995831e-06,1.774995e-06,7.429162e-06,7.691661e-06,6.845832e-06,2.758328e-06,5.008332e-06,7.754159e-06,5.612493e-06,7.045825e-06,1.45825e-07,5.237492e-06,6.358329e-06,5.904166e-06,5.666661e-06,5.787492e-06
5,66,153.736,0.66,5.087495e-06,1.829163e-06,7.070827e-06,7.295831e-06,6.504162e-06,2.729162e-06,5.049992e-06,7.458329e-06,5.349994e-06,6.758332e-06,1.62498e-07,5.241664e-06,6.012495e-06,5.587498e-06,5.454159e-06,5.549995e-06
5,67,153.879,0.67,5.237492e-06,1.837492e-06,6.737494e-06,6.979164e-06,6.162492e-06,2.654163e-06,5.116661e-06,6.999993e-06,5.216662e-06,6.574996e-06,1.58326e-07,5.420828e-06,5.724994e-06,5.391661e-06,5.287496e-06,5.329164e-06
5,68,154.022,0.68,5.416663e-06,1.837492e-06,6.399997e-06,6.662496e-06,5.824995e-06,2.59583e-06,5.27916e-06,6.716665e-06,5.129163e-06,6.404161e-06,1.16658e-07,5.570825e-06,5.504163e-06,5.25833e-06,5.124998e-06,5.174994e-06
5,69,154.165,0.69,5.620829e-06,1.908326e-06,6.116661e-06,6.29166e-06,5.537494e-06,2.558327e-06,5.433329e-06,6.491661e-06,4.98333e-06,6.237499e-06,1.37496e-07,5.716666e-06,5.304162e-06,5.129163e-06,5.083331e-06,5.10416e-06
5,70,154.308,0.7,5.887493e-06,1.937493e-06,5.84166e-06,6.054163e-06,5.270831e-06,2.50833e-06,5.616665e-06,6.266665e-06,4.974993e-06,6.108331e-06,1.33332e-07,5.945826e-06,5.216662e-06,5.066665e-06,5.099996e-06,5.049992e-06
5,71,154.451,0.71,6.083329e-06,1.949994e-06,5.641659e-06,5.80833e-06,5.066665e-06,2.474992e-06,5.833332e-06,6.137498e-06,5.066665e-06,5.99583e-06,1.49997e-07,6.137498e-06,5.137499e-06,5.091659e-06,5.149992e-06,5.091659e-06
5,72,154.594,0.72,6.345828e-06,1.999998e-06,5.437493e-06,5.620829e-06,4.941662e-06,2.441661e-06,6.020832e-06,6.037497e-06,5.154165e-06,5.937497e-06,9.9993e-08,6.399997e-06,5.099996e-06,5.087495e-06,5.224999e-06,5.158329e-06
5,73,154.738,0.73,6.658332e-06,2.004163e-06,5.316663e-06,5.470832e-06,4.858327e-06,2.424995e-06,6.320826e-06,5.991666e-06,5.362495e-06,5.90833e-06,2.04166e-07,6.645831e-06,5.141664e-06,5.208326e-06,5.454159e-06,5.25833e-06
5,74,154.881,0.74,6.92083e-06,2.037493e-06,5.254165e-06,5.408327e-06,4.808331e-06,2.404165e-06,6.587497e-06,5.970828e-06,5.520828e-06,5.90833e-06,1.20831e-07,6.933331e-06,5.241664e-06,5.416663e-06,5.629166e-06,5.46666e-06
5,75,155.024,0.75,7.345827e-06,2.024992e-06,5.174994e-06,5.362495e-06,4.841661e-06,2.412494e-06,6.904165e-06,6.083329e-06,5.795829e-06,5.912495e-06,1.08329e-07,7.220833e-06,5.470832e-06,5.620829e-06,5.874999e-06,5.65416e-06
5,76,155.167,0.76,7.529163e-06,2.06666e-06,5.245829e-06,5.408327e-06,4.908331e-06,2.395828e-06,7.108331e-06,6.179166e-06,6.054163e-06,5.99583e-06,1.45825e-07,7.516662e-06,5.612493e-06,5.854161e-06,6.133326e-06,5.983329e-06
5,77,155.31,0.77,7.812492e-06,2.083325e-06,5.345829e-06,5.483325e-06,5.062493e-06,2.474992e-06,7.308332e-06,6.333327e-06,6.337492e-06,6.020832e-06,1.58326e-07,7.808328e-06,5.870827e-06,6.108331e-06,6.329163e-06,6.195831e-06
5,78,155.453,0.78,8.091664e-06,2.120829e-06,5.516664e-06,5.629166e-06,5.245829e-06,2.491665e-06,7.641665e-06,6.533329e-06,6.658332e-06,6.120833e-06,1.66663e-07,8.10833e-06,6.058327e-06,6.454166e-06,6.620828e-06,6.537493e-06
5,79,155.596,0.79,8.366665e-06,2.145831e-06,5.591663e-06,5.812494e-06,5.458331e-06,2.495829e-06,7.879162e-06,6.708328e-06,6.979164e-06,6.199996e-06,1.45825e-07,8.404159e-06,6.287495e-06,6.749995e-06,6.912494e-06,6.833331e-06
5,80,155.739,0.8,8.645829e-06,2.141659e-06,5.787492e-06,6.01666e-06,5.695828e-06,2.52916e-06,8.162498e-06,6.92083e-06,7.274993e-06,6.324999e-06,1.49997e-07,8.712498e-06,6.570832e-06,7.054162e-06,7.099994e-06,7.21666e-06
5,81,155.882,0.81,8.899999e-06,2.204164e-06,5.962499e-06,6.133326e-06,5.958327e-06,2.562499e-06,8.345826e-06,7.066663e-06,7.633328e-06,6.412498e-06,1.74991e-07,8.987498e-06,6.904165e-06,7.299996e-06,7.329162e-06,7.562494e-06
5,82,156.025,0.82,9.149996e-06,2.212493e-06,6.195831e-06,6.412498e-06,6.208332e-06,2.587493e-06,8.59166e-06,7.241662e-06,7.904164e-06,6.537493e-06,1.74991e-07,9.224995e-06,7.212496e-06,7.604162e-06,7.654166e-06,7.791662e-06
5,83,156.168,0.83,9.391665e-06,2.237495e-06,6.379159e-06,6.520828e-06,6.574996e-06,2.641662e-06,8.816663e-06,7.483332e-06,8.283329e-06,6.683326e-06,1.54161e-07,9.491666e-06,7.524999e-06,7.966662e-06,7.812492e-06,8.266664e-06
5,84,156.311,0.84,9.616661e-06,2.25416e-06,6.587497e-06,6.745831e-06,6.749995e-06,2.624997e-06,9.091664e-06,7.645829e-06,8.533327e-06,6.845832e-06,1.74991e-07,9.762493e-06,7.787497e-06,8.258326e-06,8.029159e-06,8.579159e-06
5,85,156.454,0.85,9.829164e-06,2.287499e-06,6.783327e-06,6.94166e-06,7.19583e-06,2.691658e-06,9.320831e-06,7.837494e-06,8.86666e-06,7.058326e-06,1.91665e-07,1.0054159e-05,8.083328e-06,8.608326e-06,8.31666e-06,8.77916e-06
5,86,156.597,0.86,1.0112492e-05,2.304165e-06,6.966663e-06,7.129161e-06,7.362493e-06,2.712496e-06,9.558328e-06,8.04166e-06,9.12083e-06,7.187494e-06,1.74991e-07,1.022083e-05,8.354164e-06,8.899999e-06,8.512497e-06,9.137495e-06
5,87,156.74,0.87,1.032083e-05,2.329159e-06,7.129161e-06,7.316661e-06,7.595825e-06,2.670829e-06,9.849993e-06,8.204166e-06,9.404159e-06,7.358328e-06,1.83328e-07,1.0483329e-05,8.649993e-06,9.174999e-06,8.687496e-06,9.370828e-06
5,88,156.883,0.88,1.0483329e-05,2.345832e-06,7.345827e-06,7.499997e-06,7.858332e-06,2.699995e-06,1.0074997e-05,8.462493e-06,9.762493e-06,7.512498e-06,2.0833e-07,1.0737499e-05,8.937494e-06,9.512496e-06,8.93333e-06,9.774994e-06
5,89,157.026,0.89,1.0654163e-05,2.362498e-06,7.524999e-06,7.629164e-06,8.145825e-06,2.741663e-06,1.0199992e-05,8.524998e-06,9.966659e-06,7.687497e-06,1.37496e-07,1.0929163e-05,9.174999e-06,9.733327e-06,9.116666e-06,1.0058331e-05
5,90,157.169,0.9,1.0945829e-05,2.383327e-06,7.67916e-06,7.83333e-06,8.395831e-06,2.754164e-06,1.0429159e-05,8.708326e-06,1.032916e-05,7.824993e-06,2.20831e-07,1.1129165e-05,9.537498e-06,1.0054159e-05,9.345826e-06,1.0308329e-05
5,91,157.312,0.91,1.1129165e-05,2.345832e-06,7.874997e-06,7.999993e-06,8.633328e-06,2.770829e-06,1.0612495e-05,8.899999e-06,1.0549998e-05,7.979163e-06,1.91665e-07,1.1283326e-05,9.724999e-06,1.0279163e-05,9.537498e-06,1.0629161e-05
5,92,157.455,0.92,1.1329166e-05,2.429159e-06,8.116658e-06,8.183329e-06,8.920829e-06,2.799996e-06,1.087083e-05,9.154161e-06,1.0770829e-05,8.212495e-06,2.12495e-07,1.1487492e-05,1.0037494e-05,1.0512495e-05,9.749992e-06,1.0899997e-05
5,93,157.598,0.93,1.1512494e-05,2.433332e-06,8.304159e-06,8.29583e-06,9.112493e-06,2.845828e-06,1.1062495e-05,9.270827e-06,1.0966659e-05,8.399995e-06,2.2916e-07,1.1587493e-05,1.032083e-05,1.075e-05,9.945829e-06,1.1154159e-05
5,94,157.741,0.94,1.1662499e-05,2.441661e-06,8.545828e-06,8.462493e-06,9.366663e-06,2.87083e-06,1.1241658e-05,9.499995e-06,1.1254159e-05,8.57083e-06,2.12495e-07,1.1774993e-05,1.0545826e-05,1.1062495e-05,1.0158332e-05,1.1387499e-05
5,95,157.884,0.95,1.1829162e-05,2.441661e-06,8.783332e-06,8.662494e-06,9.587495e-06,2.837499e-06,1.1479163e-05,9.679158e-06,1.1487492e-05,8.804162e-06,2.37497e-07,1.1954165e-05,1.0874995e-05,1.13e-05,1.0366663e-05,1.169583e-05
5,96,158.027,0.96,1.2041664e-05,2.449997e-06,9.024993e-06,8.820828e-06,9.75833e-06,2.89166e-06,1.1670828e-05,9.887497e-06,1.169583e-05,8.887498e-06,2.33332e-07,1.2149993e-05,1.1137494e-05,1.1549997e-05,1.0637498e-05,1.1912497e-05
5,97,158.171,0.97,1.2162494e-05,2.437496e-06,9.254161e-06,8.983326e-06,1.0074997e-05,2.937492e-06,1.1837498e-05,1.0112492e-05,1.1924998e-05,9.037494e-06,2.24996e-07,1.2320828e-05,1.1399992e-05,1.1879166e-05,1.0858329e-05,1.2125e-05
5,98,158.314,0.98,1.2295826e-05,2.499994e-06,9.41666e-06,9.129159e-06,1.024166e-05,2.883331e-06,1.2066666e-05,1.0258333e-05,1.2112499e-05,9.187492e-06,2.20831e-07,1.2412493e-05,1.1633332e-05,1.2095833e-05,1.0999997e-05,1.2379161e-05
5,99,158.457,0.99,1.2395827e-05,2.487493e-06,9.674995e-06,9.208329e-06,1.0383328e-05,2.929163e-06,1.234583e-05,1.0454162e-05,1.2379161e-05,9.362499e-06,2.24996e-07,1.2662498e-05,1.1895831e-05,1.2262495e-05,1.1220829e-05,1.2583328e-05
5,100,158.6,1.0,1.2537495e-05,2.483328e-06,9.908326e-06,9.399994e-06,1.0612495e-05,2.995825e-06,1.2391662e-05,1.0633325e-05,1.2524994e-05,9.545827e-06,2.45825e-07,1.2695829e-05,1.2174995e-05,1.2512493e-05,1.1424994e-05,1.2824997e-05
5,101,158.743,0.99,1.2533331e-05,2.470827e-06,9.770831e-06,9.183327e-06,1.0312494e-05,2.912498e-06,1.2187496e-05,1.0416658e-05,1.2174995e-05,9.362499e-06,1.66663e-07,1.2387498e-05,1.1762492e-05,1.217916e-05,1.116666e-05,1.2516665e-05
5,102,158.886,0.98,1.209166e-05,2.374999e-06,9.624998e-06,9.037494e-06,1.0004163e-05,2.845828e-06,1.1979158e-05,1.0229166e-05,1.1920825e-05,9.166662e-06,1.54161e-07,1.2104161e-05,1.1462498e-05,1.1862493e-05,1.0949993e-05,1.2183333e-05
5,103,159.029,0.97,1.180416e-05,2.324995e-06,9.287493e-06,8.783332e-06,9.795833e-06,2.795831e-06,1.1674992e-05,9.983333e-06,1.1566663e-05,8.954159e-06,1.58326e-07,1.1845827e-05,1.1074996e-05,1.1562498e-05,1.0716661e-05,1.1799995e-05
5,104,159.172,0.96,1.1733326e-05,2.270826e-06,9.05416e-06,8.574994e-06,9.374992e-06,2.737498e-06,1.144166e-05,9.662493e-06,1.1208328e-05,8.745829e-06,1.16658e-07,1.1641661e-05,1.0699995e-05,1.1224993e-05,1.0412495e-05,1.1479163e-05
5,105,159.315,0.95,1.1237494e-05,2.237495e-06,8.633328e-06,8.291666e-06,9.108328e-06,2.774994e-06,1.1108327e-05,9.466664e-06,1.0924999e-05,8.524998e-06,9.1664e-08,1.1358333e-05,1.0258333e-05,1.0779167e-05,1.0224994e-05,1.116666e-05
5,106,159.458,0.94,1.1016663e-05,2.249996e-06,8.329161e-06,8.070827e-06,8.774996e-06,2.724997e-06,1.0845828e-05,9.170826e-06,1.0499994e-05,8.224996e-06,7.4999e-08,1.106666e-05,9.883332e-06,1.0366663e-05,9.933328e-06,1.0745827e-05
5,107,159.601,0.93,1.0654163e-05,2.191663e-06,8.004165e-06,7.649994e-06,8.462493e-06,2.633325e-06,1.0549998e-05,8.829164e-06,1.0124993e-05,8.049997e-06,8.7492e-08,1.0762493e-05,9.520832e-06,1.0004163e-05,9.499995e-06,1.0358325e-05
5,108,159.744,0.92,1.0537497e-05,2.158332e-06,7.724992e-06,7.387495e-06,8.083328e-06,2.570828e-06,1.0212493e-05,8.608326e-06,9.795833e-06,7.779161e-06,1.2493e-08,1.0445825e-05,9.149996e-06,9.67083e-06,9.191665e-06,9.999999e-06
5,109,159.887,0.91,1.0124993e-05,2.145831e-06,7.391659e-06,7.066663e-06,7.695826e-06,2.512495e-06,9.912499e-06,8.270827e-06,9.462499e-06,7.520827e-06,4.164e-09,1.0162496e-05,8.712498e-06,9.208329e-06,8.912491e-06,9.637499e-06
5,110,160.03,0.9,9.895825e-06,2.120829e-06,7.049998e-06,6.791663e-06,7.28333e-06,2.491665e-06,9.624998e-06,7.999993e-06,9.070825e-06,7.258328e-06,4.9996e-08,9.837492e-06,8.337498e-06,8.854158e-06,8.59166e-06,9.199993e-06
5,111,160.173,0.89,9.537498e-06,2.079161e-06,6.687498e-06,6.47916e-06,6.916666e-06,2.445825e-06,9.283328e-06,7.641665e-06,8.699997e-06,6.945832e-06,8.329e-09,9.479165e-06,7.912493e-06,8.470829e-06,8.270827e-06,8.804162e-06
5,112,160.316,0.88,9.066661e-06,2.029165e-06,6.349993e-06,6.195831e-06,6.583325e-06,2.391664e-06,8.949995e-06,7.362493e-06,8.249998e-06,6.658332e-06,2.9159e-08,9.199993e-06,7.537492e-06,8.079163e-06,7.958332e-06,8.387494e-06
5,113,160.459,0.87,8.904163e-06,1.970832e-06,5.983329e-06,5.874999e-06,6.137498e-06,2.266661e-06,8.654165e-06,6.995829e-06,7.874997e-06,6.408326e-06,-3.7503e-08,8.791661e-06,7.108331e-06,7.708327e-06,7.529163e-06,7.979163e-06
5,114,160.602,0.86,8.495832e-06,1.974996e-06,5.649996e-06,5.608328e-06,5.783327e-06,2.229158e-06,8.10833e-06,6.724993e-06,7.483332e-06,6.166665e-06,8.329e-09,8.454163e-06,6.724993e-06,7.191666e-06,7.258328e-06,7.57916e-06
5,115,160.745,0.85,7.991664e-06,1.899997e-06,5.349994e-06,5.308326e-06,5.46666e-06,2.199992e-06,7.754159e-06,6.408326e-06,7.145826e-06,5.916659e-06,-2.5002e-08,8.112494e-06,6.395833e-06,6.916666e-06,6.899993e-06,7.220833e-06
5,116,160.888,0.84,7.57916e-06,1.87916e-06,5.045827e-06,5.07083e-06,5.099996e-06,2.149995e-06,7.362493e-06,6.062492e-06,6.704164e-06,5.666661e-06,-2.0838e-08,7.658331e-06,6.054163e-06,6.474996e-06,6.524992e-06,6.762496e-06
5,117,161.031,0.83,7.258328e-06,1.870831e-06,4.779164e-06,4.799994e-06,4.816659e-06,2.124993e-06,7.004166e-06,5.791664e-06,6.295832e-06,5.399998e-06,-3.3339e-08,7.308332e-06,5.708329e-06,6.09583e-06,6.237499e-06,6.383332e-06
5,118,161.174,0.82,6.862497e-06,1.841664e-06,4.599992e-06,4.691664e-06,4.549996e-06,2.083325e-06,6.579161e-06,5.579162e-06,5.916659e-06,5.212498e-06,-7.5006e-08,6.874998e-06,5.420828e-06,5.737495e-06,5.866663e-06,6.004159e-06
5,119,161.317,0.81,6.466659e-06,1.795832e-06,4.487499e-06,4.545832e-06,4.420829e-06,2.054159e-06,6.20416e-06,5.370831e-06,5.562496e-06,5.008332e-06,-6.2505e-08,6.562495e-06,5.141664e-06,5.424992e-06,5.599999e-06,5.695828e-06
5,120,161.46,0.8,6.212497e-06,1.774995e-06,4.391662e-06,4.549996e-06,4.333329e-06,2.033329e-06,5.912495e-06,5.25833e-06,5.266658e-06,4.966664e-06,-5.4169e-08,6.179166e-06,4.987494e-06,5.145828e-06,5.316663e-06,5.370831e-06
5,121,161.603,0.79,5.779163e-06,1.70416e-06,4.408328e-06,4.587499e-06,4.379161e-06,2.024992e-06,5.541659e-06,5.204161e-06,5.004159e-06,4.791665e-06,-7.9171e-08,5.837496e-06,4.820832e-06,4.945827e-06,5.024997e-06,5.112497e-06
5,122,161.747,0.78,5.429165e-06,1.670829e-06,4.495827e-06,4.720831e-06,4.462496e-06,2.083325e-06,5.233328e-06,5.199997e-06,4.770827e-06,4.712494e-06,-9.1672e-08,5.46666e-06,4.758326e-06,4.754162e-06,4.883329e-06,4.912496e-06
5,123,161.89,0.77,5.091659e-06,1.624997e-06,4.683327e-06,4.891666e-06,4.558333e-06,2.083325e-06,4.98333e-06,5.270831e-06,4.612494e-06,4.758326e-06,-1.00009e-07,5.183331e-06,4.754162e-06,4.616666e-06,4.674999e-06,4.737497e-06
5,124,162.033,0.76,4.824996e-06,1.599995e-06,4.887494e-06,5.174994e-06,4.833333e-06,2.129165e-06,4.758326e-06,5.424992e-06,4.512493e-06,4.812495e-06,-1.08337e-07,5.037498e-06,4.862499e-06,4.579163e-06,4.574998e-06,4.749998e-06
5,125,162.176,0.75,4.624995e-06,1.645827e-06,5.112497e-06,5.449994e-06,5.045827e-06,2.195827e-06,4.562497e-06,5.637495e-06,4.495827e-06,4.883329e-06,-1.41668e-07,4.808331e-06,4.904159e-06,4.608329e-06,4.591664e-06,4.720831e-06
5,126,162.319,0.74,4.45416e-06,1.499995e-06,5.366659e-06,5.779163e-06,5.337492e-06,2.241659e-06,4.508328e-06,5.904166e-06,4.524994e-06,5.008332e-06,-1.04173e-07,4.712494e-06,5.179159e-06,4.716659e-06,4.662498e-06,4.770827e-06
5,127,162.462,0.73,4.370832e-06,1.458327e-06,5.699992e-06,6.033325e-06,5.695828e-06,2.266661e-06,4.524994e-06,6.154164e-06,4.64166e-06,5.162493e-06,-1.00009e-07,4.683327e-06,5.304162e-06,4.833333e-06,4.687492e-06,4.929161e-06
5,128,162.605,0.72,4.412492e-06,1.479165e-06,6.008331e-06,6.416662e-06,6.058327e-06,2.349997e-06,4.570826e-06,6.508326e-06,4.762499e-06,5.35833e-06,-1.04173e-07,4.724996e-06,5.604164e-06,5.099996e-06,4.874993e-06,5.145828e-06
5,129,162.748,0.71,4.491663e-06,1.504159e-06,6.374995e-06,6.824994e-06,6.345828e-06,2.395828e-06,4.737497e-06,6.795828e-06,4.958328e-06,5.545831e-06,-9.5836e-08,4.82916e-06,5.895829e-06,5.241664e-06,5.049992e-06,5.362495e-06
5,130,162.891,0.7,4.633331e-06,1.474992e-06,6.708328e-06,7.154163e-06,6.683326e-06,2.40833e-06,4.933325e-06,7.204159e-06,5.199997e-06,5.783327e-06,-1.08337e-07,4.991658e-06,6.20416e-06,5.512492e-06,5.362495e-06,5.645832e-06
5,131,163.034,0.69,4.808331e-06,1.479165e-06,7.024995e-06,7.566658e-06,7.024995e-06,2.470827e-06,5.149992e-06,7.504161e-06,5.53333e-06,6.045826e-06,-1.00009e-07,5.233328e-06,6.604163e-06,5.837496e-06,5.699992e-06,5.891665e-06
5,132,163.177,0.68,5.004159e-06,1.487493e-06,7.362493e-06,7.841659e-06,7.329162e-06,2.483328e-06,5.424992e-06,7.866661e-06,5.829159e-06,6.29166e-06,-1.16674e-07,5.462496e-06,6.912494e-06,6.099995e-06,5.858326e-06,6.262493e-06
5,133,163.32,0.67,5.287496e-06,1.520832e-06,7.708327e-06,8.245825e-06,7.658331e-06,2.537497e-06,5.754161e-06,8.208331e-06,6.129162e-06,6.529164e-06,-1.70835e-07,5.766662e-06,7.308332e-06,6.466659e-06,6.166665e-06,6.579161e-06
5,134,163.463,0.66,5.699992e-06,1.533326e-06,8.033331e-06,8.57083e-06,8.016666e-06,2.691658e-06,6.054163e-06,8.48333e-06,6.474996e-06,6.82083e-06,-1.45841e-07,6.058327e-06,7.620828e-06,6.783327e-06,6.462495e-06,6.904165e-06
5,135,163.606,0.65,5.941661e-06,1.58333e-06,8.370828e-06,8.924992e-06,8.304159e-06,2.629161e-06,6.437492e-06,8.883325e-06,6.841659e-06,7.066663e-06,-1.25003e-07,6.39166e-06,8.02083e-06,7.124996e-06,6.824994e-06,7.274993e-06
5,136,163.749,0.64,6.237499e-06,1.624997e-06,8.712498e-06,9.24166e-06,8.654165e-06,2.620832e-06,6.791663e-06,9.233332e-06,7.166664e-06,7.37083e-06,-1.25003e-07,6.741659e-06,8.399995e-06,7.441664e-06,7.170828e-06,7.604162e-06
5,137,163.892,0.63,6.595826e-06,1.624997e-06,9.024993e-06,9.579166e-06,8.941666e-06,2.670829e-06,7.099994e-06,9.50416e-06,7.520827e-06,7.687497e-06,-1.25003e-07,7.058326e-06,8.683332e-06,7.783326e-06,7.49166e-06,7.949996e-06
5,138,164.035,0.62,7.020831e-06,1.670829e-06,9.341661e-06,9.904162e-06,9.270827e-06,2.724997e-06,7.40416e-06,9.933328e-06,7.908328e-06,7.94166e-06,-1.87508e-07,7.437499e-06,9.058333e-06,8.12916e-06,7.795827e-06,8.329161e-06
5,139,164.178,0.61,7.204159e-06,1.716661e-06,9.662493e-06,1.0216665e-05,9.558328e-06,2.724997e-06,7.733329e-06,1.0120829e-05,8.274992e-06,8.283329e-06,-1.87508e-07,7.76666e-06,9.391665e-06,8.433326e-06,8.158326e-06,8.65833e-06
5,140,164.321,0.6,7.49166e-06,1.758329e-06,9.949994e-06,1.0499994e-05,9.808326e-06,2.749991e-06,8.049997e-06,1.058333e-05,8.645829e-06,8.529162e-06,-1.25003e-07,8.058326e-06,9.749992e-06,8.783332e-06,8.479166e-06,9.024993e-06
5,141,164.464,0.59,7.924994e-06,1.741664e-06,1.0233331e-05,1.078333e-05,1.0137494e-05,2.779166e-06,8.420833e-06,1.070416e-05,8.870832e-06,8.749994e-06,-1.29175e-07,8.441662e-06,1.0074997e-05,9.108328e-06,8.754166e-06,9.312495e-06
5,142,164.607,0.58,8.212495e-06,1.808325e-06,1.0524996e-05,1.1070832e-05,1.0379164e-05,2.816661e-06,8.65833e-06,1.0987496e-05,9.262498e-06,9.008329e-06,-1.87508e-07,8.724999e-06,1.040833e-05,9.391665e-06,9.074998e-06,9.629162e-06
5,143,164.75,0.57,8.512497e-06,1.766666e-06,1.0854164e-05,1.1333331e-05,1.0666665e-05,2.845828e-06,9.004164e-06,1.1237494e-05,9.541663e-06,9.279163e-06,-1.25003e-07,9.062497e-06,1.0737499e-05,9.679158e-06,9.387493e-06,9.974996e-06
5,144,164.893,0.56,8.820828e-06,1.820827e-06,1.1037493e-05,1.162916e-05,1.0949993e-05,2.866665e-06,9.275e-06,1.1537496e-05,9.941666e-06,9.654164e-06,-1.20838e-07,9.337497e-06,1.0941664e-05,1.0062496e-05,9.666665e-06,1.0249996e-05
5,145,165.036,0.55,9.337497e-06,1.883332e-06,1.1445833e-05,1.1962493e-05,1.1204163e-05,2.895832e-06,9.612497e-06,1.1833326e-05,1.0216665e-05,9.820827e-06,-8.3335e-08,9.704161e-06,1.1349996e-05,1.032916e-05,9.962495e-06,1.0620833e-05
5,146,165.18,0.54,9.466664e-06,1.895825e-06,1.1674992e-05,1.2229165e-05,1.1516667e-05,2.912498e-06,9.908326e-06,1.2099998e-05,1.0545826e-05,1.0008327e-05,-1.20838e-07,1.0004163e-05,1.160833e-05,1.0637498e-05,1.0316666e-05,1.0849993e-05
5,147,165.323,0.53,9.812498e-06,1.924992e-06,1.1995832e-05,1.2416665e-05,1.171666e-05,2.937492e-06,1.0245832e-05,1.2349995e-05,1.0849993e-05,1.0287499e-05,-9.5836e-08,1.0258333e-05,1.1824997e-05,1.0929163e-05,1.0558327e-05,1.1158331e-05
5,148,165.466,0.52,1.024166e-05,1.945829e-06,1.2174995e-05,1.2779165e-05,1.205833e-05,2.887495e-06,1.0524996e-05,1.2595829e-05,1.1137494e-05,1.0512495e-05,-1.37504e-07,1.0662492e-05,1.2133328e-05,1.1245831e-05,1.0924999e-05,1.1416666e-05
5,149,165.609,0.51,1.0349997e-05,1.929164e-06,1.2479162e-05,1.2899995e-05,1.2170832e-05,2.933327e-06,1.080416e-05,1.2820832e-05,1.1416666e-05,1.078333e-05,-1.58342e-07,1.0791659e-05,1.245416e-05,1.1466662e-05,1.1195826e-05,1.1720832e-05
5,150,165.752,0.5,1.0654163e-05,2.054159e-06,1.2749998e-05,1.3183331e-05,1.2466661e-05,2.962494e-06,1.1124992e-05,1.3087495e-05,1.1691665e-05,1.0983332e-05,-1.6667e-07,1.1095826e-05,1.2612494e-05,1.1779165e-05,1.1433332e-05,1.20375e-05
5,151,165.895,0.49,1.0908326e-05,2.049994e-06,1.2999995e-05,1.343333e-05,1.2687492e-05,2.999997e-06,1.1333331e-05,1.3320828e-05,1.1941664e-05,1.1212492e-05,-1.70835e-07,1.1349996e-05,1.3033326e-05,1.2079159e-05,1.1654162e-05,1.2329165e-05
5,152,166.038,0.48,1.1133329e-05,1.941665e-06,1.3237493e-05,1.3637495e-05,1.2929161e-05,3.004161e-06,1.1549997e-05,1.3541659e-05,1.2216663e-05,1.1437495e-05,-1.70835e-07,1.1583328e-05,1.3070829e-05,1.2229165e-05,1.1924998e-05,1.2499992e-05
5,153,166.181,0.47,1.1462498e-05,1.929164e-06,1.3362495e-05,1.3858326e-05,1.3120826e-05,3.029164e-06,1.1808332e-05,1.3729159e-05,1.2445831e-05,1.1624996e-05,-1.75007e-07,1.1841663e-05,1.3274996e-05,1.2566662e-05,1.2204162e-05,1.2745825e-05
5,154,166.324,0.46,1.1754163e-05,1.966659e-06,1.365416e-05,1.4158329e-05,1.334583e-05,3.008326e-06,1.2104161e-05,1.3862498e-05,1.2674999e-05,1.1824997e-05,-1.83336e-07,1.2083332e-05,1.353333e-05,1.2762499e-05,1.2483327e-05,1.3049992e-05
5,155,166.467,0.45,1.1912497e-05,1.970832e-06,1.3812494e-05,1.4366667e-05,1.3508327e-05,3.054166e-06,1.2291662e-05,1.4137499e-05,1.2979166e-05,1.2079159e-05,-1.83336e-07,1.2304163e-05,1.3795829e-05,1.3087495e-05,1.2599993e-05,1.327916e-05
5,156,166.61,0.44,1.2195826e-05,1.958331e-06,1.410416e-05,1.4366667e-05,1.3712493e-05,3.074996e-06,1.2554161e-05,1.4295832e-05,1.3204161e-05,1.2233329e-05,-1.37504e-07,1.2508329e-05,1.4020832e-05,1.3233328e-05,1.2808331e-05,1.3487498e-05
5,157,166.753,0.43,1.243333e-05,1.999998e-06,1.4308325e-05,1.4541666e-05,1.3904166e-05,3.120828e-06,1.2662498e-05,1.4483333e-05,1.3429165e-05,1.2462497e-05,-1.58342e-07,1.2737497e-05,1.4212497e-05,1.3449995e-05,1.3145828e-05,1.3795829e-05
5,158,166.896,0.42,1.2658325e-05,2.016664e-06,1.4470832e-05,1.4791663e-05,1.4108332e-05,3.216664e-06,1.2962492e-05,1.4666661e-05,1.3608328e-05,1.2637496e-05,-1.95837e-07,1.3033326e-05,1.4366667e-05,1.3691663e-05,1.3199997e-05,1.3866663e-05
5,159,167.039,0.41,1.2891666e-05,2.020828e-06,1.4637494e-05,1.4974999e-05,1.4258329e-05,3.087497e-06,1.3137499e-05,1.4883328e-05,1.382916e-05,1.2737497e-05,-1.45841e-07,1.3179159e-05,1.4591662e-05,1.3858326e-05,1.346666e-05,1.4091666e-05
5,160,167.182,0.4,1.3137499e-05,2.020828e-06,1.4833331e-05,1.5199995e-05,1.4437493e-05,3.149994e-06,1.3441666e-05,1.5062499e-05,1.4008331e-05,1.300416e-05,-1.75007e-07,1.3404163e-05,1.4758332e-05,1.4066664e-05,1.36875e-05,1.4341665e-05
5,161,167.325,0.39,1.3395826e-05,2.049994e-06,1.5020832e-05,1.5362493e-05,1.4591662e-05,3.16666e-06,1.3624994e-05,1.5258328e-05,1.4208333e-05,1.3099996e-05,-1.50005e-07,1.3529166e-05,1.5004166e-05,1.4274994e-05,1.3883328e-05,1.4516663e-05
5,162,167.468,0.38,1.3629166e-05,2.037493e-06,1.5187494e-05,1.5541666e-05,1.4737495e-05,3.208327e-06,1.3695828e-05,1.5354164e-05,1.4370831e-05,1.3291661e-05,-1.95837e-07,1.3716666e-05,1.5120832e-05,1.4520828e-05,1.4041662e-05,1.4762497e-05
5,163,167.611,0.37,1.3783328e-05,2.041666e-06,1.535833e-05,1.57125e-05,1.4962498e-05,3.14583e-06,1.3895829e-05,1.5529164e-05,1.4658332e-05,1.3420829e-05,-2.20839e-07,1.3920831e-05,1.5333326e-05,1.4699999e-05,1.4245828e-05,1.4916666e-05
5,164,167.754,0.36,1.3849997e-05,2.054159e-06,1.5508325e-05,1.5899999e-05,1.5124997e-05,3.170832e-06,1.4099995e-05,1.576666e-05,1.490833e-05,1.3616665e-05,-1.83336e-07,1.4070829e-05,1.5549993e-05,1.4916666e-05,1.4441665e-05,1.5087493e-05
5,165,167.897,0.35,1.410416e-05,2.074997e-06,1.5699998e-05,1.6087492e-05,1.525e-05,3.170832e-06,1.429166e-05,1.5849995e-05,1.5104159e-05,1.3812494e-05,-1.79172e-07,1.4195832e-05,1.5666659e-05,1.5041661e-05,1.4599998e-05,1.530416e-05
5,166,168.04,0.34,1.4124998e-05,2.13333e-06,1.5899999e-05,1.6170827e-05,1.5441665e-05,3.204163e-06,1.4533329e-05,1.6008329e-05,1.5299996e-05,1.399583e-05,-1.50005e-07,1.4425e-05,1.5837495e-05,1.5224997e-05,1.4829159e-05,1.549166e-05
5,167,168.183,0.33,1.4349993e-05,2.116664e-06,1.6054162e-05,1.6341663e-05,1.5637494e-05,3.220828e-06,1.4637494e-05,1.6158327e-05,1.5341664e-05,1.4066664e-05,-1.41668e-07,1.46125e-05,1.6033331e-05,1.5449992e-05,1.4904165e-05,1.5708327e-05
5,168,168.326,0.32,1.4695827e-05,2.13333e-06,1.6208331e-05,1.6508333e-05,1.5720829e-05,3.216664e-06,1.4795828e-05,1.6345826e-05,1.557916e-05,1.4241664e-05,-1.70835e-07,1.4783327e-05,1.6224996e-05,1.559166e-05,1.521666e-05,1.582083e-05
5,169,168.469,0.31,1.4758332e-05,2.087498e-06,1.6299995e-05,1.6595832e-05,1.5866661e-05,3.224993e-06,1.499583e-05,1.6508333e-05,1.5737494e-05,1.4308325e-05,-8.3335e-08,1.4958326e-05,1.6274993e-05,1.5824993e-05,1.5320826e-05,1.5908328e-05
5,170,168.612,0.3,1.5104159e-05,2.162496e-06,1.6508333e-05,1.6787497e-05,1.6004165e-05,3.258332e-06,1.5145826e-05,1.6608326e-05,1.5916665e-05,1.4649995e-05,-1.95837e-07,1.5024996e-05,1.6470829e-05,1.5937496e-05,1.5512498e-05,1.6220833e-05
5,171,168.756,0.29,1.5083328e-05,2.074997e-06,1.6704162e-05,1.7012493e-05,1.6162499e-05,3.258332e-06,1.5329162e-05,1.6783333e-05,1.6079164e-05,1.4679162e-05,-1.75007e-07,1.5212496e-05,1.6645829e-05,1.6179165e-05,1.5608326e-05,1.6329161e-05
5,172,168.899,0.28,1.5341664e-05,2.120829e-06,1.6762495e-05,1.7079163e-05,1.6366665e-05,3.262496e-06,1.5437499e-05,1.6904163e-05,1.6270827e-05,1.4991665e-05,-1.83336e-07,1.535833e-05,1.6729164e-05,1.6266664e-05,1.5808328e-05,1.6466665e-05
5,173,169.042,0.27,1.5633328e-05,2.112492e-06,1.6929165e-05,1.7262499e-05,1.6404159e-05,3.274997e-06,1.5574995e-05,1.7024993e-05,1.6404159e-05,1.5054163e-05,-1.95837e-07,1.5729165e-05,1.7016666e-05,1.6470829e-05,1.5983327e-05,1.6729164e-05
5,174,169.185,0.26,1.559166e-05,2.195827e-06,1.7079163e-05,1.7345827e-05,1.6549993e-05,3.249995e-06,1.5758331e-05,1.7183327e-05,1.6595832e-05,1.5091666e-05,-1.95837e-07,1.5612499e-05,1.7212495e-05,1.6670831e-05,1.6133332e-05,1.6795826e-05
5,175,169.328,0.25,1.5654166e-05,2.187498e-06,1.7216667e-05,1.7524997e-05,1.6733329e-05,3.349996e-06,1.5924994e-05,1.7316659e-05,1.6783333e-05,1.5270829e-05,-1.75007e-07,1.5783326e-05,1.7191664e-05,1.684583e-05,1.6274993e-05,1.6958333e-05
5,176,169.471,0.24,1.575416e-05,2.104163e-06,1.7324995e-05,1.7683331e-05,1.6858332e-05,3.370825e-06,1.6045833e-05,1.7479166e-05,1.6883325e-05,1.5420826e-05,-1.70835e-07,1.5970827e-05,1.7412496e-05,1.6962496e-05,1.6424998e-05,1.7170827e-05
5,177,169.614,0.23,1.5945832e-05,2.15416e-06,1.7466664e-05,1.7870832e-05,1.6995828e-05,3.379162e-06,1.6104166e-05,1.7558328e-05,1.7066661e-05,1.5520827e-05,-1.70835e-07,1.609583e-05,1.7466664e-05,1.7237497e-05,1.6633328e-05,1.7249997e-05
5,178,169.757,0.22,1.6141661e-05,2.116664e-06,1.770416e-05,1.7908327e-05,1.712083e-05,3.379162e-06,1.639583e-05,1.7670831e-05,1.7212495e-05,1.5699998e-05,-1.45841e-07,1.6212494e-05,1.7674995e-05,1.7412496e-05,1.6741666e-05,1.7391665e-05
5,179,169.9,0.21,1.6258327e-05,2.129165e-06,1.7762493e-05,1.8208329e-05,1.7279164e-05,3.349996e-06,1.6495831e-05,1.7812499e-05,1.7370829e-05,1.5804164e-05,-1.75007e-07,1.6358328e-05,1.7820827e-05,1.7349998e-05,1.702083e-05,1.7604159e-05
5,180,170.043,0.2,1.6612497e-05,2.13333e-06,1.7833328e-05,1.8216666e-05,1.7445827e-05,3.370825e-06,1.6612497e-05,1.7995826e-05,1.7562492e-05,1.5974998e-05,-1.41668e-07,1.645e-05,1.7929164e-05,1.750416e-05,1.7029166e-05,1.785833e-05
5,181,170.186,0.19,1.6608326e-05,2.137494e-06,1.8004162e-05,1.8262497e-05,1.7616661e-05,3.399992e-06,1.6762495e-05,1.8112492e-05,1.7695833e-05,1.6062499e-05,-1.50005e-07,1.6608326e-05,1.8087498e-05,1.7679158e-05,1.7087499e-05,1.804583e-05
5,182,170.329,0.18,1.6699998e-05,2.170825e-06,1.8195828e-05,1.8424997e-05,1.7724999e-05,3.349996e-06,1.6937494e-05,1.8212493e-05,1.7820827e-05,1.6179165e-05,-1.3334e-07,1.677916e-05,1.8224995e-05,1.7833328e-05,1.7245833e-05,1.8091663e-05
5,183,170.472,0.17,1.6970833e-05,2.195827e-06,1.8349998e-05,1.8566665e-05,1.7729164e-05,3.454161e-06,1.7049995e-05,1.8254161e-05,1.7958331e-05,1.6299995e-05,-1.83336e-07,1.6870832e-05,1.832916e-05,1.7987497e-05,1.7374992e-05,1.8266663e-05
5,184,170.615,0.16,1.7175e-05,2.187498e-06,1.8449999e-05,1.8670829e-05,1.7841665e-05,3.424994e-06,1.7154161e-05,1.842916e-05,1.8108329e-05,1.6454163e-05,-1.95837e-07,1.7074999e-05,1.8491666e-05,1.8112492e-05,1.7574994e-05,1.8208329e-05
5,185,170.758,0.15,1.729583e-05,2.204164e-06,1.8554163e-05,1.88375e-05,1.7974997e-05,3.387499e-06,1.7408331e-05,1.8591667e-05,1.8254161e-05,1.6579159e-05,-1.58342e-07,1.7104165e-05,1.8541661e-05,1.8233332e-05,1.7699997e-05,1.8358325e-05
5,186,170.901,0.14,1.7145832e-05,2.170825e-06,1.8637498e-05,1.895833e-05,1.8066661e-05,3.44166e-06,1.7537499e-05,1.8674993e-05,1.8362498e-05,1.6754166e-05,-1.16674e-07,1.722916e-05,1.8787496e-05,1.8362498e-05,1.7799997e-05,1.8404166e-05
5,187,171.044,0.13,1.7283328e-05,2.23333e-06,1.8820827e-05,1.9049994e-05,1.8241661e-05,3.362497e-06,1.7566665e-05,1.8754165e-05,1.8562499e-05,1.6841666e-05,-1.45841e-07,1.7383329e-05,1.8862494e-05,1.8504166e-05,1.7941666e-05,1.8624996e-05
5,188,171.187,0.12,1.7537499e-05,2.199992e-06,1.8874995e-05,1.9208328e-05,1.834166e-05,3.483327e-06,1.7591659e-05,1.887916e-05,1.8645827e-05,1.6974998e-05,-1.79172e-07,1.7412496e-05,1.8941664e-05,1.8645827e-05,1.8074998e-05,1.878333e-05
5,189,171.33,0.11,1.7666665e-05,2.166661e-06,1.8987497e-05,1.93e-05,1.8470828e-05,3.474998e-06,1.7766666e-05,1.8937493e-05,1.8949993e-05,1.7095828e-05,-2.00001e-07,1.7579167e-05,1.9079162e-05,1.8791659e-05,1.8237495e-05,1.8929164e-05
5,190,171.473,0.1,1.7774995e-05,2.23333e-06,1.9149995e-05,1.9495828e-05,1.8549999e-05,3.491664e-06,1.7891662e-05,1.9058331e-05,1.9012499e-05,1.7199993e-05,-1.20838e-07,1.7774995e-05,1.9237494e-05,1.8954166e-05,1.832083e-05,1.9033328e-05
5,191,171.616,0.09,1.7749993e-05,2.224994e-06,1.9304165e-05,1.9495828e-05,1.8712497e-05,3.52083e-06,1.8008328e-05,1.9416666e-05,1.916666e-05,1.7387494e-05,-1.50005e-07,1.7887496e-05,1.9349996e-05,1.8962495e-05,1.8395829e-05,1.9170833e-05
5,192,171.759,0.08,1.7974997e-05,2.212493e-06,1.9366662e-05,1.9741663e-05,1.8804161e-05,3.52083e-06,1.8124994e-05,1.9216664e-05,1.9370826e-05,1.7508331e-05,-1.87508e-07,1.7895825e-05,1.9433332e-05,1.9099998e-05,1.8595831e-05,1.9279161e-05
5,193,171.902,0.07,1.8066661e-05,2.208328e-06,1.9541661e-05,1.9724997e-05,1.8899997e-05,3.52083e-06,1.8241661e-05,1.9445833e-05,1.9191662e-05,1.7745828e-05,-1.12502e-07,1.8049996e-05,1.9562498e-05,1.9279161e-05,1.8687495e-05,1.9424995e-05
5,194,172.045,0.06,1.8404166e-05,2.262497e-06,1.9570827e-05,1.9891659e-05,1.9029165e-05,3.516658e-06,1.8366663e-05,1.9558327e-05,1.9362496e-05,1.7633327e-05,-6.2505e-08,1.8208329e-05,1.9587493e-05,1.9316665e-05,1.8737499e-05,1.9570827e-05
5,195,172.189,0.05,1.8333332e-05,2.220829e-06,1.9608331e-05,2.0020827e-05,1.9124993e-05,3.579164e-06,1.8483328e-05,1.9649999e-05,1.9483328e-05,1.7679158e-05,-1.04173e-07,1.8287499e-05,1.9770829e-05,1.9462497e-05,1.8845829e-05,1.9549998e-05
5,196,172.332,0.04,1.8608333e-05,2.229158e-06,1.9799996e-05,2.0074995e-05,1.9158331e-05,3.52083e-06,1.8554163e-05,1.9716661e-05,1.9591665e-05,1.7837492e-05,-2.00001e-07,1.8591667e-05,1.9854164e-05,1.9562498e-05,1.9033328e-05,1.9712495e-05
5,197,172.475,0.03,1.8629162e-05,2.195827e-06,1.9908333e-05,2.0154166e-05,1.9274998e-05,3.562498e-06,1.8658327e-05,1.9854164e-05,1.9691666e-05,1.7954168e-05,-6.667e-08,1.8466664e-05,1.9949992e-05,1.9699995e-05,1.9074996e-05,1.9833325e-05
5,198,172.618,0.02,1.8691659e-05,2.220829e-06,2.0004161e-05,2.0174995e-05,1.9416666e-05,3.562498e-06,1.8858329e-05,1.9924999e-05,1.9820833e-05,1.8029164e-05,-1.70835e-07,1.8520832e-05,2.0041665e-05,1.9816662e-05,1.916666e-05,1.9937499e-05
5,199,172.761,0.01,1.8720826e-05,2.208328e-06,2.0137493e-05,2.0391662e-05,1.9454161e-05,3.599993e-06,1.8937493e-05,2.0074995e-05,1.9887495e-05,1.8108329e-05,-1.91673e-07,1.8645827e-05,2.0058329e-05,1.9837498e-05,1.9245832e-05,2.0004161e-05
5,200,172.904,0.0,1.8779167e-05,2.354161e-06,2.0154166e-05,2.0404164e-05,1.952916e-05,3.591665e-06,1.904583e-05,2.0174995e-05,2.0029163e-05,1.8283328e-05,-1.50005e-07,1.8716661e-05,2.042083e-05,2.0125e-05,1.9366662e-05,2.0149993e-05
,,,,,,,,,,,,,,,,,,,,5,0.63,0.61,0.75,0.75,0.74,0.76,0.65,0.74,0.7,0.73,0.25,0.65,0.72,0.7,0.69,0.7,0.73,0.73,0.8,0.81,0.8,0.79,0.74,0.78,0.75,0.78,0.91,0.73,0.77,0.76,0.76,0.75
6,0,173.168,0.0,1.8937493e-05,2.266661e-06,2.0279162e-05,2.04875e-05,1.9570827e-05,3.54166e-06,1.9029165e-05,2.0179161e-05,2.0112499e-05,1.8249997e-05,-1.20838e-07,1.8774994e-05,2.0233329e-05,2.0099997e-05,1.9399993e-05,2.0112499e-05
6,1,173.311,0.01,1.8862494e-05,2.270826e-06,2.0229165e-05,2.0458332e-05,1.9554162e-05,3.595829e-06,1.8954166e-05,2.0216663e-05,2.0166659e-05,1.8237495e-05,-7.9171e-08,1.8716661e-05,2.0212499e-05,2.0025e-05,1.9324994e-05,2.0020827e-05
6,2,173.454,0.02,1.8662493e-05,2.349997e-06,2.0112499e-05,2.0379162e-05,1.9495828e-05,3.612495e-06,1.8854165e-05,1.9916661e-05,1.9924999e-05,1.8191664e-05,-1.25003e-07,1.8491666e-05,2.0074995e-05,1.9837498e-05,1.9274998e-05,2.0012498e-05
6,3,173.597,0.03,1.865e-05,2.316666e-06,2.007916e-05,2.025416e-05,1.9399993e-05,3.645825e-06,1.8691659e-05,2.0029163e-05,1.9887495e-05,1.8174998e-05,-7.0834e-08,1.8499994e-05,1.9995832e-05,1.9799996e-05,1.9199999e-05,1.9933326e-05
6,4,173.74,0.04,1.8504166e-05,2.362498e-06,2.0045829e-05,2.0149993e-05,1.9345833e-05,3.633332e-06,1.8549999e-05,1.985e-05,1.9862493e-05,1.8062496e-05,-5.0004e-08,1.8337496e-05,1.985e-05,1.9649999e-05,1.9137493e-05,1.9854164e-05
6,5,173.883,0.05,1.8279163e-05,2.316666e-06,1.9908333e-05,2.0112499e-05,1.9262498e-05,3.624996e-06,1.8479164e-05,1.9787494e-05,1.9558327e-05,1.797916e-05,-3.3339e-08,1.8224995e-05,1.9824998e-05,1.9608331e-05,1.9049994e-05,1.9699995e-05
6,6,174.026,0.06,1.8195828e-05,2.362498e-06,1.9808333e-05,2.0133328e-05,1.91125e-05,3.620831e-06,1.832083e-05,1.9737497e-05,1.9462497e-05,1.7891662e-05,-6.667e-08,1.8108329e-05,1.9662499e-05,1.9491665e-05,1.8924999e-05,1.9570827e-05
6,7,174.169,0.07,1.8049996e-05,2.354161e-06,1.9749999e-05,1.9920826e-05,1.9087498e-05,3.641661e-06,1.8179162e-05,1.9658328e-05,1.9349996e-05,1.7754166e-05,-4.172e-09,1.7970831e-05,1.9595829e-05,1.9258332e-05,1.8845829e-05,1.9504165e-05
6,8,174.313,0.08,1.7891662e-05,2.312493e-06,1.9554162e-05,1.9824998e-05,1.8904162e-05,3.645825e-06,1.8020828e-05,1.9524996e-05,1.9249996e-05,1.7958331e-05,3.3331e-08,1.7816663e-05,1.9504165e-05,1.9187499e-05,1.877083e-05,1.9366662e-05
6,9,174.456,0.09,1.7670831e-05,2.374999e-06,1.9516667e-05,1.9729161e-05,1.8866665e-05,3.583328e-06,1.7816663e-05,1.9445833e-05,1.9133329e-05,1.7629163e-05,3.7495e-08,1.7666665e-05,1.9437495e-05,1.9116664e-05,1.8562499e-05,1.9229166e-05
6,10,174.599,0.1,1.7545828e-05,2.345832e-06,1.9391664e-05,1.9666664e-05,1.8737499e-05,3.649998e-06,1.7708333e-05,1.934166e-05,1.8987497e-05,1.7554165e-05,-2.9174e-08,1.7541663e-05,1.9349996e-05,1.8979161e-05,1.8516659e-05,1.9054167e-05
6,11,174.742,0.11,1.740416e-05,2.354161e-06,1.9312492e-05,1.9512494e-05,1.8658327e-05,3.666663e-06,1.758333e-05,1.92875e-05,1.8858329e-05,1.7437498e-05,-7.9171e-08,1.7362499e-05,1.9195826e-05,1.8854165e-05,1.8387493e-05,1.9012499e-05
6,12,174.885,0.12,1.724166e-05,2.337496e-06,1.9237494e-05,1.9374998e-05,1.8483328e-05,3.645825e-06,1.7499995e-05,1.9154159e-05,1.8766665e-05,1.7354163e-05,-3.7503e-08,1.7145832e-05,1.9279161e-05,1.8745828e-05,1.8249997e-05,1.8916662e-05
6,13,175.028,0.13,1.7045832e-05,2.349997e-06,1.9087498e-05,1.9320829e-05,1.8345832e-05,3.666663e-06,1.7299993e-05,1.9029165e-05,1.865e-05,1.7208329e-05,-8.337e-09,1.7008328e-05,1.9104164e-05,1.8716661e-05,1.8049996e-05,1.8762494e-05
6,14,175.171,0.14,1.6916665e-05,2.345832e-06,1.8970832e-05,1.9262498e-05,1.8287499e-05,3.62916e-06,1.7179163e-05,1.9087498e-05,1.8520832e-05,1.7145832e-05,-8e-12,1.6904163e-05,1.8762494e-05,1.8587494e-05,1.7999999e-05,1.8683329e-05
6,15,175.314,0.15,1.6708327e-05,2.324995e-06,1.8983332e-05,1.9099998e-05,1.8116665e-05,3.570827e-06,1.6920829e-05,1.8799996e-05,1.8345832e-05,1.7049995e-05,4.164e-09,1.6758331e-05,1.8687495e-05,1.8424997e-05,1.7883332e-05,1.8545827e-05
6,16,175.457,0.16,1.655833e-05,2.358325e-06,1.8645827e-05,1.9016663e-05,1.8041666e-05,3.545833e-06,1.6858332e-05,1.8758328e-05,1.8233332e-05,1.6949994e-05,-2.5002e-08,1.6608326e-05,1.8529161e-05,1.8145831e-05,1.7854167e-05,1.8358325e-05
6,17,175.6,0.17,1.6391659e-05,2.316666e-06,1.865e-05,1.8841663e-05,1.7908327e-05,3.579164e-06,1.6674996e-05,1.8620833e-05,1.8012499e-05,1.6683332e-05,3.3331e-08,1.6420834e-05,1.8404166e-05,1.8058332e-05,1.7791661e-05,1.8224995e-05
6,18,175.743,0.18,1.6204167e-05,2.337496e-06,1.8424997e-05,1.8645827e-05,1.7749993e-05,3.587492e-06,1.6470829e-05,1.8479164e-05,1.7954168e-05,1.6595832e-05,-3.3339e-08,1.6258327e-05,1.8299992e-05,1.7887496e-05,1.7649993e-05,1.8054159e-05
6,19,175.886,0.19,1.6037497e-05,2.404165e-06,1.8358325e-05,1.8583329e-05,1.7749993e-05,3.574999e-06,1.6233333e-05,1.8299992e-05,1.7816663e-05,1.6629163e-05,2.4994e-08,1.6058326e-05,1.8145831e-05,1.77375e-05,1.7454164e-05,1.8016664e-05
6,20,176.029,0.2,1.5874997e-05,2.362498e-06,1.8229166e-05,1.8449999e-05,1.7466664e-05,3.587492e-06,1.610833e-05,1.8283328e-05,1.757083e-05,1.6437498e-05,2.4994e-08,1.5958332e-05,1.7962495e-05,1.7587496e-05,1.7158325e-05,1.7808326e-05
6,21,176.172,0.21,1.5679161e-05,2.370826e-06,1.8070832e-05,1.8304165e-05,1.7374992e-05,3.591665e-06,1.6074999e-05,1.8166662e-05,1.7433325e-05,1.6329161e-05,4.164e-09,1.5733329e-05,1.7870832e-05,1.7466664e-05,1.7058333e-05,1.7554165e-05
6,22,176.315,0.22,1.5499998e-05,2.399993e-06,1.7958331e-05,1.8170826e-05,1.7183327e-05,3.60833e-06,1.5858332e-05,1.8029164e-05,1.7299993e-05,1.609583e-05,2.9159e-08,1.5599999e-05,1.7695833e-05,1.7258326e-05,1.69e-05,1.7429162e-05
6,23,176.458,0.23,1.5299996e-05,2.374999e-06,1.7799997e-05,1.7991662e-05,1.7083326e-05,3.52083e-06,1.5520827e-05,1.7924993e-05,1.7183327e-05,1.6012495e-05,5.4161e-08,1.5387495e-05,1.7599996e-05,1.7124994e-05,1.683333e-05,1.7283328e-05
6,24,176.601,0.24,1.5104159e-05,2.404165e-06,1.7616661e-05,1.7883332e-05,1.6924992e-05,3.495828e-06,1.535833e-05,1.7749993e-05,1.7070826e-05,1.5908328e-05,-8.337e-09,1.5199995e-05,1.7466664e-05,1.6995828e-05,1.6616663e-05,1.7087499e-05
6,25,176.744,0.25,1.490833e-05,2.383327e-06,1.7499995e-05,1.77375e-05,1.6770831e-05,3.487492e-06,1.5299996e-05,1.757083e-05,1.6841666e-05,1.5691661e-05,2.9159e-08,1.4933332e-05,1.7266662e-05,1.6804162e-05,1.6441663e-05,1.6979162e-05
6,26,176.887,0.26,1.4670833e-05,2.308329e-06,1.7366663e-05,1.7708333e-05,1.6587495e-05,3.495828e-06,1.5037497e-05,1.7324995e-05,1.6725e-05,1.557916e-05,4.5832e-08,1.4704164e-05,1.7058333e-05,1.6720827e-05,1.6291666e-05,1.6787497e-05
6,27,177.03,0.27,1.4420827e-05,2.370826e-06,1.7195829e-05,1.7470829e-05,1.6524999e-05,3.474998e-06,1.4758332e-05,1.7212495e-05,1.6495831e-05,1.5504162e-05,4.5832e-08,1.4533329e-05,1.6987498e-05,1.649166e-05,1.6191665e-05,1.6604161e-05
6,28,177.173,0.28,1.4220826e-05,2.391664e-06,1.7104165e-05,1.7316659e-05,1.6354163e-05,3.495828e-06,1.456666e-05,1.7008328e-05,1.6391659e-05,1.5345828e-05,2.4994e-08,1.4449994e-05,1.6733329e-05,1.6354163e-05,1.5949996e-05,1.6474994e-05
6,29,177.316,0.29,1.4049999e-05,2.420831e-06,1.6945831e-05,1.7095828e-05,1.6237498e-05,3.487492e-06,1.4320826e-05,1.6974998e-05,1.6074999e-05,1.5204159e-05,4.5832e-08,1.4166665e-05,1.6608326e-05,1.6145825e-05,1.5829166e-05,1.6299995e-05
6,30,177.459,0.3,1.3816659e-05,2.383327e-06,1.6691662e-05,1.6995828e-05,1.6083328e-05,3.487492e-06,1.4129162e-05,1.6762495e-05,1.6020831e-05,1.5087493e-05,9.5828e-08,1.3966664e-05,1.6458329e-05,1.5962498e-05,1.5633328e-05,1.6124995e-05
6,31,177.602,0.31,1.362083e-05,2.329159e-06,1.6566666e-05,1.6770831e-05,1.5949996e-05,3.449996e-06,1.3937497e-05,1.6662494e-05,1.5683334e-05,1.482083e-05,3.7495e-08,1.3758326e-05,1.6220833e-05,1.5733329e-05,1.5466667e-05,1.592083e-05
6,32,177.745,0.32,1.3370832e-05,2.299992e-06,1.6437498e-05,1.6666667e-05,1.5808328e-05,3.462497e-06,1.3724994e-05,1.649166e-05,1.5558329e-05,1.4724994e-05,2.9159e-08,1.3558332e-05,1.6124995e-05,1.5562495e-05,1.5274994e-05,1.5745831e-05
6,33,177.889,0.33,1.3079167e-05,2.291664e-06,1.6233333e-05,1.6529162e-05,1.5570831e-05,3.416665e-06,1.3474997e-05,1.6354163e-05,1.5341664e-05,1.4524992e-05,1.24995e-07,1.3308327e-05,1.583333e-05,1.5416663e-05,1.5070827e-05,1.5508325e-05
6,34,178.032,0.34,1.2787493e-05,2.312493e-06,1.6016666e-05,1.6333326e-05,1.5329162e-05,3.479163e-06,1.3283332e-05,1.6129159e-05,1.5174993e-05,1.4408326e-05,7.9163e-08,1.3133327e-05,1.5737494e-05,1.5104159e-05,1.4874999e-05,1.5324998e-05
6,35,178.175,0.35,1.252083e-05,2.25416e-06,1.5816664e-05,1.6124995e-05,1.5199995e-05,3.391663e-06,1.3008333e-05,1.5995829e-05,1.4945833e-05,1.4199996e-05,4.166e-08,1.2824997e-05,1.547916e-05,1.4945833e-05,1.4695827e-05,1.5112495e-05
6,36,178.318,0.36,1.2279161e-05,2.237495e-06,1.5687498e-05,1.5958332e-05,1.4974999e-05,3.433331e-06,1.2745825e-05,1.5829166e-05,1.4724994e-05,1.4033326e-05,6.2497e-08,1.2712495e-05,1.5316662e-05,1.4674997e-05,1.4416662e-05,1.4891664e-05
6,37,178.461,0.37,1.2129164e-05,2.208328e-06,1.5533327e-05,1.5716663e-05,1.4779162e-05,3.424994e-06,1.252083e-05,1.5612499e-05,1.447916e-05,1.3866663e-05,6.6662e-08,1.2337494e-05,1.5145826e-05,1.454583e-05,1.4266666e-05,1.4687498e-05
6,38,178.604,0.38,1.1749999e-05,2.220829e-06,1.530416e-05,1.5566658e-05,1.4583326e-05,3.35416e-06,1.2249994e-05,1.547083e-05,1.4274994e-05,1.3708329e-05,5.4161e-08,1.20375e-05,1.4883328e-05,1.4320826e-05,1.4029161e-05,1.4495826e-05
6,39,178.747,0.39,1.1516667e-05,2.204164e-06,1.5208332e-05,1.5387495e-05,1.4466659e-05,3.391663e-06,1.1941664e-05,1.5233326e-05,1.3991666e-05,1.3524993e-05,5.4161e-08,1.1820833e-05,1.4858325e-05,1.4008331e-05,1.3841661e-05,1.4254165e-05
6,40,178.89,0.4,1.1249996e-05,2.187498e-06,1.4949997e-05,1.521666e-05,1.4208333e-05,3.33333e-06,1.1670828e-05,1.4991665e-05,1.3733332e-05,1.3325e-05,4.9996e-08,1.1587493e-05,1.4349993e-05,1.3862498e-05,1.3604164e-05,1.3962499e-05
6,41,179.033,0.41,1.0954165e-05,2.25416e-06,1.4629165e-05,1.4983329e-05,1.3924996e-05,3.362497e-06,1.1424994e-05,1.4833331e-05,1.3574998e-05,1.3116662e-05,6.6662e-08,1.1258332e-05,1.4208333e-05,1.3695828e-05,1.3491663e-05,1.3729159e-05
6,42,179.176,0.42,1.0637498e-05,2.191663e-06,1.4425e-05,1.4791663e-05,1.3774999e-05,3.379162e-06,1.116666e-05,1.4624993e-05,1.3287497e-05,1.2899995e-05,6.6662e-08,1.1029164e-05,1.3983329e-05,1.3295826e-05,1.3245829e-05,1.3487498e-05
6,43,179.319,0.43,1.0349997e-05,2.162496e-06,1.4158329e-05,1.4441665e-05,1.3524993e-05,3.35416e-06,1.0929163e-05,1.4416662e-05,1.2987494e-05,1.2670827e-05,5.8325e-08,1.0754164e-05,1.374166e-05,1.3062493e-05,1.2845826e-05,1.3329164e-05
6,44,179.462,0.44,1.0008327e-05,2.149995e-06,1.399583e-05,1.4387496e-05,1.3404163e-05,3.291663e-06,1.0599994e-05,1.4179166e-05,1.2749998e-05,1.2479162e-05,7.9163e-08,1.0487493e-05,1.3454159e-05,1.2799994e-05,1.2604165e-05,1.2912496e-05
6,45,179.605,0.45,9.729163e-06,2.124993e-06,1.3754161e-05,1.4041662e-05,1.3058328e-05,3.383326e-06,1.0333331e-05,1.3949998e-05,1.2470826e-05,1.2270832e-05,9.9993e-08,1.0174997e-05,1.3233328e-05,1.254166e-05,1.2333329e-05,1.2641661e-05
6,46,179.748,0.46,9.291664e-06,2.112492e-06,1.3504164e-05,1.3737495e-05,1.2841661e-05,3.304164e-06,9.995826e-06,1.3733332e-05,1.2220828e-05,1.2045829e-05,2.4994e-08,9.770831e-06,1.2949999e-05,1.2249994e-05,1.2095833e-05,1.2316664e-05
6,47,179.891,0.47,9.041659e-06,2.112492e-06,1.3237493e-05,1.3479162e-05,1.2587499e-05,3.229165e-06,9.67083e-06,1.3541659e-05,1.1858328e-05,1.1833326e-05,1.33332e-07,9.637499e-06,1.2616666e-05,1.1962493e-05,1.1808332e-05,1.2049993e-05
6,48,180.034,0.48,8.662494e-06,2.058331e-06,1.2999995e-05,1.3308327e-05,1.2341667e-05,3.254159e-06,9.466664e-06,1.3270831e-05,1.1549997e-05,1.1654162e-05,1.12494e-07,9.216667e-06,1.2424994e-05,1.1604166e-05,1.1504166e-05,1.1754163e-05
6,49,180.177,0.49,8.424998e-06,2.070832e-06,1.2704166e-05,1.2987494e-05,1.209166e-05,3.220828e-06,8.991663e-06,1.3008333e-05,1.1270833e-05,1.1341659e-05,9.9993e-08,8.929165e-06,1.2120827e-05,1.1366661e-05,1.1220829e-05,1.1470826e-05
6,50,180.32,0.5,8.104165e-06,2.04583e-06,1.2441659e-05,1.272916e-05,1.1858328e-05,3.191662e-06,8.687496e-06,1.2670827e-05,1.0983332e-05,1.1199999e-05,1.24995e-07,8.599996e-06,1.1749999e-05,1.1012498e-05,1.0883331e-05,1.1170832e-05
6,51,180.463,0.51,7.758331e-06,1.987497e-06,1.2149993e-05,1.2441659e-05,1.1549997e-05,3.195826e-06,8.299994e-06,1.2391662e-05,1.0574992e-05,1.0879159e-05,1.04165e-07,8.320832e-06,1.1429159e-05,1.0708332e-05,1.0558327e-05,1.0824998e-05
6,52,180.606,0.52,7.379158e-06,2.004163e-06,1.1891659e-05,1.2120827e-05,1.1274998e-05,3.16666e-06,8.033331e-06,1.2104161e-05,1.032083e-05,1.0670828e-05,9.5828e-08,7.945831e-06,1.1149995e-05,1.0383328e-05,1.0224994e-05,1.0479164e-05
6,53,180.749,0.53,7.066663e-06,1.87916e-06,1.152083e-05,1.1845827e-05,1.0929163e-05,3.124992e-06,7.683333e-06,1.1862493e-05,9.966659e-06,1.0337496e-05,8.7492e-08,7.620828e-06,1.0679166e-05,1.0016664e-05,9.862494e-06,1.0124993e-05
6,54,180.892,0.54,6.73333e-06,1.908326e-06,1.126666e-05,1.1508329e-05,1.0629161e-05,3.104162e-06,7.333326e-06,1.152083e-05,9.466664e-06,1.0129165e-05,9.1664e-08,7.329162e-06,1.0412495e-05,9.595831e-06,9.458327e-06,9.754165e-06
6,55,181.035,0.55,6.399997e-06,1.920827e-06,1.0883331e-05,1.1183325e-05,1.0366663e-05,3.099998e-06,7.033332e-06,1.123333e-05,9.187492e-06,9.774994e-06,7.4999e-08,7.004166e-06,1.0070833e-05,9.32916e-06,9.108328e-06,9.433325e-06
6,56,181.178,0.56,6.062492e-06,1.883332e-06,1.0612495e-05,1.0912498e-05,9.995826e-06,3.024999e-06,6.645831e-06,1.0887496e-05,8.716663e-06,9.454163e-06,2.04166e-07,6.670833e-06,9.662493e-06,8.920829e-06,8.774996e-06,9.016665e-06
6,57,181.322,0.57,5.737495e-06,1.824999e-06,1.0299993e-05,1.0587493e-05,9.658329e-06,3.070831e-06,6.358329e-06,1.0587493e-05,8.312496e-06,9.233332e-06,1.12494e-07,6.395833e-06,9.270827e-06,8.587495e-06,8.341662e-06,8.59166e-06
6,58,181.465,0.58,5.587498e-06,1.774995e-06,9.937493e-06,1.024166e-05,9.316659e-06,2.983332e-06,6.037497e-06,1.0199992e-05,7.924994e-06,8.908328e-06,6.2497e-08,6.120833e-06,8.908328e-06,8.199993e-06,8.04166e-06,8.22916e-06
6,59,181.608,0.59,5.329164e-06,1.799997e-06,9.566665e-06,9.908326e-06,8.991663e-06,2.99166e-06,5.84166e-06,9.912499e-06,7.549993e-06,8.633328e-06,8.7492e-08,5.837496e-06,8.529162e-06,7.879162e-06,7.620828e-06,7.866661e-06
6,60,181.751,0.6,5.158329e-06,1.774995e-06,9.245833e-06,9.574994e-06,8.649993e-06,2.920826e-06,5.562496e-06,9.549999e-06,7.208331e-06,8.370828e-06,9.9993e-08,5.695828e-06,8.116658e-06,7.49166e-06,7.30416e-06,7.541664e-06
6,61,181.894,0.61,4.979165e-06,1.733327e-06,8.937494e-06,9.162498e-06,8.31666e-06,2.887495e-06,5.316663e-06,9.191665e-06,6.799992e-06,8.10833e-06,9.1664e-08,5.449994e-06,7.891663e-06,7.154163e-06,6.924995e-06,7.124996e-06
6,62,182.037,0.62,4.91666e-06,1.77083e-06,8.629163e-06,8.791661e-06,7.937495e-06,2.862493e-06,5.216662e-06,8.899999e-06,6.499998e-06,7.808328e-06,1.33332e-07,5.345829e-06,7.508326e-06,6.808329e-06,6.562495e-06,6.808329e-06
6,63,182.18,0.63,4.891666e-06,1.741664e-06,8.162498e-06,8.445827e-06,7.591661e-06,2.824998e-06,5.149992e-06,8.41666e-06,6.120833e-06,7.529163e-06,9.9993e-08,5.245829e-06,6.94166e-06,6.449994e-06,6.258329e-06,6.424999e-06
6,64,182.323,0.64,4.870828e-06,1.766666e-06,7.787497e-06,8.045832e-06,7.249999e-06,2.824998e-06,5.062493e-06,8.162498e-06,5.787492e-06,7.28333e-06,1.04165e-07,5.224999e-06,6.587497e-06,6.174993e-06,5.916659e-06,6.09583e-06
6,65,182.466,0.65,4.970829e-06,1.758329e-06,7.562494e-06,7.779161e-06,6.924995e-06,2.774994e-06,5.029162e-06,7.720828e-06,5.595827e-06,6.995829e-06,1.16658e-07,5.249993e-06,6.295832e-06,5.891665e-06,5.704164e-06,5.849997e-06
6,66,182.609,0.66,5.066665e-06,1.779159e-06,7.079164e-06,7.499997e-06,6.516663e-06,2.708332e-06,5.108333e-06,7.441664e-06,5.35833e-06,6.774998e-06,1.20831e-07,5.299997e-06,6.012495e-06,5.562496e-06,5.454159e-06,5.541659e-06
6,67,182.752,0.67,5.195832e-06,1.808325e-06,6.758332e-06,6.962498e-06,6.191659e-06,2.666664e-06,5.174994e-06,7.104159e-06,5.224999e-06,6.599998e-06,1.37496e-07,5.399998e-06,5.74166e-06,5.366659e-06,5.249993e-06,5.462496e-06
6,68,182.895,0.68,5.387497e-06,1.849993e-06,6.424999e-06,6.645831e-06,5.883328e-06,2.604159e-06,5.287496e-06,6.824994e-06,5.054164e-06,6.424999e-06,1.4166e-07,5.529165e-06,5.504163e-06,5.254165e-06,5.145828e-06,5.141664e-06
6,69,183.038,0.69,5.604164e-06,1.891661e-06,6.158328e-06,6.312498e-06,5.587498e-06,2.520831e-06,5.429165e-06,6.533329e-06,5.004159e-06,6.27083e-06,1.08329e-07,5.683327e-06,5.312499e-06,5.120826e-06,5.083331e-06,4.999995e-06
6,70,183.181,0.7,5.824995e-06,1.891661e-06,5.854161e-06,6.037497e-06,5.270831e-06,2.499994e-06,5.570825e-06,6.274994e-06,4.98333e-06,6.137498e-06,1.4166e-07,5.90833e-06,5.179159e-06,5.033326e-06,5.066665e-06,5.024997e-06
6,71,183.324,0.71,6.091658e-06,1.937493e-06,5.63333e-06,5.804165e-06,5.091659e-06,2.524996e-06,5.845833e-06,6.137498e-06,5.083331e-06,6.045826e-06,1.66663e-07,6.074993e-06,5.091659e-06,5.041663e-06,5.141664e-06,5.037498e-06
6,72,183.467,0.72,6.404161e-06,1.966659e-06,5.424992e-06,5.604164e-06,4.933325e-06,2.424995e-06,6.045826e-06,6.029161e-06,5.195832e-06,5.924996e-06,1.29159e-07,6.324999e-06,5.120826e-06,5.087495e-06,5.254165e-06,5.120826e-06
6,73,183.61,0.73,6.620828e-06,2.012499e-06,5.304162e-06,5.462496e-06,4.799994e-06,2.437496e-06,6.283331e-06,5.937497e-06,5.366659e-06,5.958327e-06,1.74991e-07,6.637494e-06,5.129163e-06,5.274995e-06,5.437493e-06,5.262494e-06
6,74,183.753,0.74,6.937496e-06,2.04583e-06,5.212498e-06,5.35833e-06,4.770827e-06,2.387492e-06,6.495825e-06,5.970828e-06,5.562496e-06,5.899994e-06,1.24995e-07,6.908329e-06,5.17083e-06,5.404162e-06,5.620829e-06,5.449994e-06
6,75,183.896,0.75,7.254163e-06,2.054159e-06,5.179159e-06,5.354166e-06,4.833333e-06,2.383327e-06,6.774998e-06,6.058327e-06,5.799993e-06,5.916659e-06,1.16658e-07,7.254163e-06,5.383333e-06,5.629166e-06,5.849997e-06,5.691663e-06
6,76,184.039,0.76,7.566658e-06,2.087498e-06,5.183331e-06,5.391661e-06,4.883329e-06,2.412494e-06,7.054162e-06,6.112496e-06,6.124997e-06,6.004159e-06,1.87492e-07,7.49166e-06,5.595827e-06,5.799993e-06,6.083329e-06,5.970828e-06
6,77,184.182,0.77,7.791662e-06,2.108328e-06,5.345829e-06,5.404162e-06,4.991658e-06,2.433332e-06,7.295831e-06,6.308325e-06,6.383332e-06,6.058327e-06,1.24995e-07,7.837494e-06,5.829159e-06,6.145827e-06,6.366666e-06,6.229162e-06
6,78,184.325,0.78,8.12916e-06,2.204164e-06,5.449994e-06,5.708329e-06,5.204161e-06,2.445825e-06,7.57916e-06,6.449994e-06,6.704164e-06,6.191659e-06,1.29159e-07,8.137496e-06,6.108331e-06,6.39166e-06,6.604163e-06,6.549994e-06
6,79,184.468,0.79,8.408332e-06,2.137494e-06,5.55416e-06,5.729159e-06,5.408327e-06,2.479164e-06,7.804163e-06,6.641666e-06,6.958326e-06,6.187495e-06,1.4166e-07,8.399995e-06,6.274994e-06,6.745831e-06,6.908329e-06,6.837495e-06
6,80,184.611,0.8,8.645829e-06,2.216665e-06,5.824995e-06,5.916659e-06,5.65416e-06,2.495829e-06,8.079163e-06,6.858325e-06,7.258328e-06,6.366666e-06,1.83328e-07,8.699997e-06,6.649995e-06,7.058326e-06,7.170828e-06,7.204159e-06
6,81,184.754,0.81,8.86666e-06,2.258333e-06,6.004159e-06,6.141663e-06,5.883328e-06,2.504166e-06,8.304159e-06,7.033332e-06,7.537492e-06,6.399997e-06,1.66663e-07,8.954159e-06,6.94166e-06,7.291659e-06,7.383331e-06,7.541664e-06
6,82,184.898,0.82,9.129159e-06,2.258333e-06,6.199996e-06,6.345828e-06,6.191659e-06,2.59583e-06,8.562493e-06,7.199995e-06,7.874997e-06,6.541665e-06,1.74991e-07,9.249997e-06,7.170828e-06,7.67916e-06,7.541664e-06,7.858332e-06
6,83,185.041,0.83,9.337497e-06,2.245831e-06,6.412498e-06,6.504162e-06,6.495825e-06,2.566663e-06,8.854158e-06,7.412497e-06,8.224996e-06,6.654159e-06,1.49997e-07,9.479165e-06,7.529163e-06,7.995828e-06,7.816664e-06,8.183329e-06
6,84,185.184,0.84,9.545827e-06,2.224994e-06,6.512499e-06,6.762496e-06,6.73333e-06,2.579164e-06,9.066661e-06,7.562494e-06,8.554164e-06,6.812493e-06,1.62498e-07,9.812498e-06,7.841659e-06,8.308331e-06,7.995828e-06,8.491659e-06
6,85,185.327,0.85,9.833328e-06,2.262497e-06,6.75416e-06,6.874998e-06,6.991665e-06,2.687494e-06,9.312495e-06,7.791662e-06,8.849995e-06,6.974999e-06,1.54161e-07,9.941666e-06,8.124995e-06,8.616662e-06,8.29583e-06,8.770831e-06
6,86,185.47,0.86,1.0029165e-05,2.279162e-06,6.995829e-06,7.087493e-06,7.266664e-06,2.662492e-06,9.529162e-06,7.924994e-06,9.137495e-06,7.179165e-06,1.58326e-07,1.032083e-05,8.520826e-06,8.929165e-06,8.533327e-06,9.112493e-06
6,87,185.613,0.87,1.0249996e-05,2.349997e-06,7.233326e-06,7.241662e-06,7.591661e-06,2.729162e-06,9.749992e-06,8.154162e-06,9.433325e-06,7.337499e-06,1.83328e-07,1.0358325e-05,8.704162e-06,9.229159e-06,8.720827e-06,9.424996e-06
6,88,185.756,0.88,1.0449998e-05,2.291664e-06,7.40416e-06,7.449993e-06,7.866661e-06,2.691658e-06,9.95833e-06,8.341662e-06,9.695832e-06,7.462494e-06,1.99993e-07,1.0637498e-05,8.904163e-06,9.474993e-06,8.924992e-06,9.770831e-06
6,89,185.899,0.89,1.0699995e-05,2.387492e-06,7.612498e-06,7.604162e-06,8.083328e-06,2.766665e-06,1.024166e-05,8.458328e-06,9.970832e-06,7.649994e-06,1.83328e-07,1.0874995e-05,9.199993e-06,9.929165e-06,9.091664e-06,1.0029165e-05
6,90,186.042,0.9,1.0874995e-05,2.349997e-06,7.662495e-06,7.845831e-06,8.366665e-06,2.712496e-06,1.0366663e-05,8.762495e-06,1.0283327e-05,7.820829e-06,1.74991e-07,1.1079161e-05,9.566665e-06,9.987497e-06,9.354162e-06,1.0362498e-05
6,91,186.185,0.91,1.104583e-05,2.345832e-06,7.929166e-06,7.962497e-06,8.683332e-06,2.779166e-06,1.0645826e-05,8.841665e-06,1.0483329e-05,7.999993e-06,2.04166e-07,1.1262497e-05,9.749992e-06,1.0245832e-05,9.612497e-06,1.0570828e-05
6,92,186.328,0.92,1.1270833e-05,2.404165e-06,8.074999e-06,8.066662e-06,8.93333e-06,2.849992e-06,1.0833327e-05,9.087499e-06,1.0733326e-05,8.158326e-06,1.83328e-07,1.1454161e-05,1.0037494e-05,1.0574992e-05,9.829164e-06,1.0929163e-05
6,93,186.471,0.93,1.1462498e-05,2.374999e-06,8.29583e-06,8.258326e-06,9.199993e-06,2.866665e-06,1.104583e-05,9.299994e-06,1.0929163e-05,8.29583e-06,1.91665e-07,1.1620831e-05,1.0316666e-05,1.0849993e-05,9.916663e-06,1.1116664e-05
6,94,186.614,0.94,1.1591665e-05,2.404165e-06,8.524998e-06,8.433326e-06,9.266662e-06,2.849992e-06,1.1270833e-05,9.524997e-06,1.1249996e-05,8.5375e-06,1.74991e-07,1.1799995e-05,1.0537497e-05,1.1074996e-05,1.0141659e-05,1.1312492e-05
6,95,186.757,0.95,1.1770829e-05,2.424995e-06,8.749994e-06,8.574994e-06,9.608332e-06,2.908325e-06,1.1524995e-05,9.704161e-06,1.1449996e-05,8.629163e-06,2.37497e-07,1.197083e-05,1.0816661e-05,1.1349996e-05,1.0379164e-05,1.1599994e-05
6,96,186.9,0.96,1.1887495e-05,2.458326e-06,8.954159e-06,8.749994e-06,9.741664e-06,2.837499e-06,1.180416e-05,9.829164e-06,1.1674992e-05,8.808327e-06,2.12495e-07,1.2166659e-05,1.1074996e-05,1.1570827e-05,1.0587493e-05,1.1849999e-05
6,97,187.043,0.97,1.2108326e-05,2.420831e-06,9.22083e-06,8.937494e-06,1.0062496e-05,2.883331e-06,1.180416e-05,1.0024993e-05,1.1979158e-05,9.062497e-06,1.58326e-07,1.234583e-05,1.1437495e-05,1.1816661e-05,1.0841663e-05,1.2141665e-05
6,98,187.186,0.98,1.2304163e-05,2.449997e-06,9.420832e-06,9.095827e-06,1.0216665e-05,2.924999e-06,1.1974995e-05,1.0287499e-05,1.2199998e-05,9.216667e-06,2.37497e-07,1.2404163e-05,1.1583328e-05,1.2062494e-05,1.1024999e-05,1.2324993e-05
6,99,187.329,0.99,1.2441659e-05,2.445825e-06,9.654164e-06,9.254161e-06,1.0437497e-05,2.929163e-06,1.2174995e-05,1.0399994e-05,1.2374997e-05,9.283328e-06,1.83328e-07,1.2512493e-05,1.1833326e-05,1.2208327e-05,1.1195826e-05,1.2595829e-05
6,100,187.472,1.0,1.2545832e-05,2.491665e-06,9.912499e-06,9.374992e-06,1.0599994e-05,3.004161e-06,1.245416e-05,1.0524996e-05,1.2574998e-05,9.516661e-06,1.91665e-07,1.2674999e-05,1.2087497e-05,1.2445831e-05,1.1424994e-05,1.2812495e-05
6,101,187.615,0.99,1.2420829e-05,2.399993e-06,9.799997e-06,9.145832e-06,1.0291664e-05,2.895832e-06,1.2158331e-05,1.0424996e-05,1.2204162e-05,9.362499e-06,2.37497e-07,1.2462497e-05,1.1795831e-05,1.2083332e-05,1.1187498e-05,1.2512493e-05
6,102,187.758,0.98,1.2287497e-05,2.329159e-06,9.466664e-06,9.012492e-06,1.0004163e-05,2.862493e-06,1.1924998e-05,1.0183327e-05,1.1937499e-05,9.158325e-06,1.79164e-07,1.2112499e-05,1.1495828e-05,1.1816661e-05,1.0862494e-05,1.2170832e-05
6,103,187.901,0.97,1.188333e-05,2.374999e-06,9.237496e-06,8.716663e-06,9.749992e-06,2.833327e-06,1.1674992e-05,9.949994e-06,1.1508329e-05,8.954159e-06,1.24995e-07,1.1945828e-05,1.1074996e-05,1.152083e-05,1.0716661e-05,1.1862493e-05
6,104,188.044,0.96,1.1499993e-05,2.370826e-06,8.883325e-06,8.516661e-06,9.404159e-06,2.774994e-06,1.1374998e-05,9.679158e-06,1.1358333e-05,8.787497e-06,1.33332e-07,1.1612495e-05,1.0729162e-05,1.1054166e-05,1.0404166e-05,1.1479163e-05
6,105,188.187,0.95,1.1333331e-05,2.229158e-06,8.629163e-06,8.245825e-06,9.05416e-06,2.691658e-06,1.1124992e-05,9.408331e-06,1.0841663e-05,8.458328e-06,2.04166e-07,1.1308328e-05,1.0379164e-05,1.0779167e-05,1.0149995e-05,1.1120828e-05
6,106,188.331,0.94,1.1049994e-05,2.229158e-06,8.329161e-06,7.983327e-06,8.704162e-06,2.670829e-06,1.0841663e-05,9.137495e-06,1.0508331e-05,8.237497e-06,4.166e-08,1.1154159e-05,9.933328e-06,1.0395829e-05,9.820827e-06,1.0729162e-05
6,107,188.474,0.93,1.0666665e-05,2.212493e-06,8.033331e-06,7.691661e-06,8.391658e-06,2.608331e-06,1.0508331e-05,8.833329e-06,1.0083326e-05,7.962497e-06,9.9993e-08,1.0808333e-05,9.49583e-06,9.970832e-06,9.641663e-06,1.0399994e-05
6,108,188.617,0.92,1.052916e-05,2.195827e-06,7.74583e-06,7.383331e-06,8.062498e-06,2.562499e-06,1.0199992e-05,8.554164e-06,9.762493e-06,7.762495e-06,8.329e-09,1.0491665e-05,9.149996e-06,9.67083e-06,9.229159e-06,1.004583e-05
6,109,188.76,0.91,1.0254161e-05,2.13333e-06,7.341663e-06,7.095829e-06,7.633328e-06,2.570828e-06,9.883332e-06,8.241662e-06,9.408331e-06,7.49166e-06,6.2497e-08,1.0058331e-05,8.783332e-06,9.254161e-06,8.924992e-06,9.662493e-06
6,110,188.903,0.9,9.824999e-06,2.145831e-06,7.02916e-06,6.812493e-06,7.279165e-06,2.466663e-06,9.616661e-06,7.958332e-06,9.024993e-06,7.21666e-06,1.6665e-08,9.808326e-06,8.362492e-06,8.920829e-06,8.595832e-06,9.237496e-06
6,111,189.046,0.89,9.404159e-06,2.070832e-06,6.749995e-06,6.454166e-06,6.929159e-06,2.429159e-06,9.249997e-06,7.633328e-06,8.620827e-06,6.987492e-06,4.164e-09,9.474993e-06,7.908328e-06,8.499996e-06,8.29583e-06,8.833329e-06
6,112,189.189,0.88,9.033331e-06,2.008327e-06,6.429163e-06,6.191659e-06,6.529164e-06,2.40833e-06,8.86666e-06,7.366665e-06,8.304159e-06,6.654159e-06,4.164e-09,9.14166e-06,7.49166e-06,8.145825e-06,7.945831e-06,8.420833e-06
6,113,189.332,0.87,8.708326e-06,1.999998e-06,5.966663e-06,5.833332e-06,6.149999e-06,2.329159e-06,8.524998e-06,7.00833e-06,7.849995e-06,6.416662e-06,-2.0838e-08,8.75833e-06,7.187494e-06,7.670832e-06,7.616663e-06,7.974998e-06
6,114,189.475,0.86,8.383329e-06,2.016664e-06,5.583326e-06,5.595827e-06,5.787492e-06,2.241659e-06,8.10833e-06,6.66666e-06,7.487496e-06,6.087494e-06,-8.337e-09,8.41666e-06,6.758332e-06,7.28333e-06,7.220833e-06,7.641665e-06
6,115,189.618,0.85,7.979163e-06,1.945829e-06,5.25833e-06,5.354166e-06,5.429165e-06,2.23333e-06,7.749994e-06,6.341664e-06,7.104159e-06,5.899994e-06,-5.0004e-08,8.079163e-06,6.387496e-06,6.837495e-06,6.912494e-06,7.183329e-06
6,116,189.761,0.84,7.633328e-06,1.904162e-06,5.016661e-06,4.999995e-06,5.141664e-06,2.145831e-06,7.362493e-06,6.054163e-06,6.712492e-06,5.624994e-06,-2.5002e-08,7.670832e-06,6.049999e-06,6.466659e-06,6.516663e-06,6.762496e-06
6,117,189.904,0.83,7.208331e-06,1.862494e-06,4.783328e-06,4.791665e-06,4.808331e-06,2.116664e-06,6.970827e-06,5.862498e-06,6.324999e-06,5.374996e-06,-5.0004e-08,7.274993e-06,5.724994e-06,6.066664e-06,6.149999e-06,6.374995e-06
6,118,190.047,0.82,6.849996e-06,1.837492e-06,4.545832e-06,4.654161e-06,4.537495e-06,2.054159e-06,6.541665e-06,5.574997e-06,5.862498e-06,5.216662e-06,-7.5006e-08,6.870826e-06,5.404162e-06,5.74166e-06,5.854161e-06,5.970828e-06
6,119,190.19,0.81,6.562495e-06,1.77083e-06,4.462496e-06,4.558333e-06,4.395827e-06,2.058331e-06,6.212497e-06,5.383333e-06,5.583326e-06,4.970829e-06,-7.9171e-08,6.449994e-06,5.166666e-06,5.399998e-06,5.549995e-06,5.641659e-06
6,120,190.333,0.8,6.112496e-06,1.749992e-06,4.374997e-06,4.504164e-06,4.329165e-06,2.06666e-06,5.933332e-06,5.274995e-06,5.295825e-06,4.89583e-06,-5.0004e-08,6.170829e-06,4.987494e-06,5.137499e-06,5.312499e-06,5.349994e-06
6,121,190.476,0.79,5.695828e-06,1.683331e-06,4.424993e-06,4.595828e-06,4.36666e-06,2.024992e-06,5.504163e-06,5.174994e-06,5.012496e-06,4.79583e-06,-1.3334e-07,5.774998e-06,4.79583e-06,4.908331e-06,5.029162e-06,5.091659e-06
6,122,190.619,0.78,5.524993e-06,1.679158e-06,4.512493e-06,4.704165e-06,4.429166e-06,2.049994e-06,5.262494e-06,5.183331e-06,4.812495e-06,4.787493e-06,-1.20838e-07,5.441666e-06,4.679163e-06,4.720831e-06,4.833333e-06,4.933325e-06
6,123,190.762,0.77,5.074994e-06,1.595831e-06,4.679163e-06,4.904159e-06,4.579163e-06,2.070832e-06,4.920832e-06,5.316663e-06,4.649997e-06,4.745825e-06,-7.5006e-08,5.199997e-06,4.687492e-06,4.612494e-06,4.695829e-06,4.758326e-06
6,124,190.905,0.76,4.879165e-06,1.591659e-06,4.887494e-06,5.129163e-06,4.816659e-06,2.137494e-06,4.695829e-06,5.491662e-06,4.53333e-06,4.770827e-06,-1.20838e-07,4.945827e-06,4.845826e-06,4.591664e-06,4.579163e-06,4.687492e-06
6,125,191.048,0.75,4.666662e-06,1.504159e-06,5.07083e-06,5.399998e-06,5.058328e-06,2.15416e-06,4.566662e-06,5.608328e-06,4.524994e-06,4.883329e-06,-7.0834e-08,4.804158e-06,4.929161e-06,4.591664e-06,4.554161e-06,4.716659e-06
6,126,191.191,0.74,4.504164e-06,1.529161e-06,5.374996e-06,5.787492e-06,5.362495e-06,2.224994e-06,4.537495e-06,5.899994e-06,4.520829e-06,4.999995e-06,-8.7508e-08,4.683327e-06,5.10416e-06,4.712494e-06,4.633331e-06,4.791665e-06
6,127,191.334,0.73,4.53333e-06,1.499995e-06,5.733331e-06,6.083329e-06,5.695828e-06,2.279162e-06,4.562497e-06,6.20416e-06,4.599992e-06,5.137499e-06,-1.08337e-07,4.687492e-06,5.37916e-06,4.82916e-06,4.691664e-06,4.941662e-06
6,128,191.477,0.72,4.466661e-06,1.454163e-06,6.012495e-06,6.487497e-06,6.062492e-06,2.34166e-06,4.649997e-06,6.562495e-06,4.741661e-06,5.349994e-06,-1.08337e-07,4.749998e-06,5.637495e-06,5.07083e-06,4.862499e-06,5.141664e-06
6,129,191.62,0.71,4.491663e-06,1.499995e-06,6.354165e-06,6.787499e-06,6.370831e-06,2.40833e-06,4.741661e-06,6.841659e-06,4.962492e-06,5.566661e-06,-1.08337e-07,4.854162e-06,5.883328e-06,5.270831e-06,5.037498e-06,5.320827e-06
6,130,191.763,0.7,4.599992e-06,1.433325e-06,6.695827e-06,7.19583e-06,6.679161e-06,2.391664e-06,4.929161e-06,7.183329e-06,5.166666e-06,5.758325e-06,-9.5836e-08,5.016661e-06,6.245828e-06,5.499999e-06,5.295825e-06,5.608328e-06
6,131,191.907,0.69,4.858327e-06,1.454163e-06,7.041661e-06,7.520827e-06,6.991665e-06,2.470827e-06,5.17083e-06,7.533328e-06,5.524993e-06,5.987493e-06,-7.5006e-08,5.266658e-06,6.583325e-06,5.820831e-06,5.608328e-06,5.874999e-06
6,132,192.05,0.68,4.949999e-06,1.508331e-06,7.429162e-06,7.845831e-06,7.391659e-06,2.495829e-06,5.437493e-06,7.874997e-06,5.804165e-06,6.283331e-06,-1.58342e-07,5.454159e-06,6.908329e-06,6.149999e-06,5.849997e-06,6.254164e-06
6,133,192.193,0.67,5.437493e-06,1.520832e-06,7.733329e-06,8.258326e-06,7.741666e-06,2.566663e-06,5.762497e-06,8.22916e-06,6.108331e-06,6.520828e-06,-1.37504e-07,5.733331e-06,7.245827e-06,6.424999e-06,6.212497e-06,6.599998e-06
6,134,192.336,0.66,5.679162e-06,1.545827e-06,8.024995e-06,8.612497e-06,8.029159e-06,2.612495e-06,5.99583e-06,8.558329e-06,6.466659e-06,6.795828e-06,-1.20838e-07,6.033325e-06,7.637493e-06,6.75416e-06,6.529164e-06,6.874998e-06
6,135,192.479,0.65,5.916659e-06,1.558328e-06,8.424998e-06,8.954159e-06,8.345826e-06,2.61666e-06,6.399997e-06,8.904163e-06,6.824994e-06,7.11666e-06,-1.29175e-07,6.395833e-06,8.133332e-06,7.145826e-06,6.841659e-06,7.266664e-06
6,136,192.622,0.64,6.133326e-06,1.587494e-06,8.754166e-06,9.30833e-06,8.637492e-06,2.658328e-06,6.770825e-06,9.204166e-06,7.170828e-06,7.374994e-06,-1.20838e-07,6.712492e-06,8.31666e-06,7.433327e-06,7.1625e-06,7.637493e-06
6,137,192.765,0.63,6.45833e-06,1.654164e-06,9.124994e-06,9.554164e-06,8.958332e-06,2.68333e-06,7.112495e-06,9.524997e-06,7.516662e-06,7.662495e-06,-1.25003e-07,7.054162e-06,8.674995e-06,7.849995e-06,7.462494e-06,7.970826e-06
6,138,192.908,0.62,6.870826e-06,1.679158e-06,9.370828e-06,9.933328e-06,9.283328e-06,2.733326e-06,7.383331e-06,9.85833e-06,7.874997e-06,7.93333e-06,-1.16674e-07,7.408333e-06,9.087499e-06,8.137496e-06,7.791662e-06,8.341662e-06
6,139,193.051,0.61,7.21666e-06,1.679158e-06,9.762493e-06,1.022083e-05,9.612497e-06,2.758328e-06,7.729165e-06,1.0195828e-05,8.199993e-06,8.233333e-06,-1.58342e-07,7.733329e-06,9.362499e-06,8.429161e-06,8.158326e-06,8.67916e-06
6,140,193.194,0.6,7.512498e-06,1.729163e-06,1.0062496e-05,1.0499994e-05,9.891661e-06,2.766665e-06,8.058326e-06,1.0437497e-05,8.59166e-06,8.487495e-06,-1.54169e-07,8.116658e-06,9.762493e-06,8.774996e-06,8.470829e-06,9.008329e-06
6,141,193.337,0.59,7.895827e-06,1.745828e-06,1.0229166e-05,1.0795831e-05,1.024166e-05,2.795831e-06,8.41666e-06,1.078333e-05,8.895826e-06,8.804162e-06,-1.41668e-07,8.424998e-06,1.006666e-05,9.074998e-06,8.833329e-06,9.283328e-06
6,142,193.48,0.58,8.349999e-06,1.77083e-06,1.0570828e-05,1.1070832e-05,1.0608332e-05,2.799996e-06,8.704162e-06,1.104583e-05,9.212494e-06,8.945831e-06,-1.6667e-07,8.733328e-06,1.0366663e-05,9.39583e-06,9.024993e-06,9.658329e-06
6,143,193.623,0.57,8.720827e-06,1.804161e-06,1.0866665e-05,1.135416e-05,1.070416e-05,2.816661e-06,9.049996e-06,1.1254159e-05,9.574994e-06,9.275e-06,-1.62506e-07,9.058333e-06,1.0679166e-05,9.720826e-06,9.379164e-06,9.949994e-06
6,144,193.766,0.56,8.837494e-06,1.841664e-06,1.1129165e-05,1.1679164e-05,1.0904161e-05,2.895832e-06,9.32916e-06,1.1612495e-05,9.912499e-06,9.566665e-06,-1.58342e-07,9.391665e-06,1.097916e-05,1.0020828e-05,9.679158e-06,1.0183327e-05
6,145,193.909,0.55,9.345826e-06,1.833328e-06,1.1404165e-05,1.1949992e-05,1.1195826e-05,2.833327e-06,9.7375e-06,1.1908332e-05,1.0187498e-05,9.783332e-06,-1.70835e-07,9.741664e-06,1.1291663e-05,1.0345832e-05,9.97916e-06,1.0549998e-05
6,146,194.052,0.54,9.662493e-06,1.904162e-06,1.1691665e-05,1.2224992e-05,1.1483327e-05,2.87083e-06,9.908326e-06,1.2145829e-05,1.0491665e-05,1.0020828e-05,-1.29175e-07,9.97916e-06,1.152916e-05,1.0633325e-05,1.0312494e-05,1.0841663e-05
6,147,194.195,0.53,9.774994e-06,1.891661e-06,1.1966666e-05,1.2470826e-05,1.1758328e-05,2.899996e-06,1.0179162e-05,1.2291662e-05,1.0820826e-05,1.0341661e-05,-1.16674e-07,1.0287499e-05,1.1845827e-05,1.0949993e-05,1.0574992e-05,1.1137494e-05
6,148,194.338,0.52,1.0049995e-05,1.87916e-06,1.2216663e-05,1.2691665e-05,1.2008325e-05,2.929163e-06,1.0508331e-05,1.2629159e-05,1.1124992e-05,1.0574992e-05,-1.83336e-07,1.0608332e-05,1.2170832e-05,1.1199999e-05,1.0849993e-05,1.1449996e-05
6,149,194.481,0.51,1.0349997e-05,1.899997e-06,1.2437495e-05,1.2958328e-05,1.226666e-05,2.95833e-06,1.0812497e-05,1.3008333e-05,1.1470826e-05,1.0758328e-05,-1.41668e-07,1.0862494e-05,1.2441659e-05,1.1462498e-05,1.1158331e-05,1.1733326e-05
6,150,194.624,0.5,1.0637498e-05,1.949994e-06,1.2662498e-05,1.3129163e-05,1.245416e-05,2.949993e-06,1.104583e-05,1.3262495e-05,1.1741662e-05,1.0995833e-05,-1.79172e-07,1.1141666e-05,1.2658325e-05,1.169583e-05,1.1387499e-05,1.1995832e-05
6,151,194.767,0.49,1.1104163e-05,1.974996e-06,1.2941662e-05,1.3395826e-05,1.2670827e-05,2.983332e-06,1.1291663e-05,1.3208326e-05,1.1916662e-05,1.1199999e-05,-1.45841e-07,1.1333331e-05,1.2920833e-05,1.2029163e-05,1.1620831e-05,1.2295826e-05
6,152,194.91,0.48,1.1212492e-05,1.958331e-06,1.3212498e-05,1.365416e-05,1.2895831e-05,2.987496e-06,1.1591665e-05,1.3441666e-05,1.2216663e-05,1.142083e-05,-1.6667e-07,1.1612495e-05,1.3066665e-05,1.2241666e-05,1.1908332e-05,1.2495828e-05
6,153,195.053,0.47,1.1474999e-05,1.937493e-06,1.3479162e-05,1.3845834e-05,1.3074994e-05,3.020827e-06,1.1799995e-05,1.3624994e-05,1.243333e-05,1.1816661e-05,-1.79172e-07,1.1837498e-05,1.3358331e-05,1.2574998e-05,1.2116662e-05,1.2762499e-05
6,154,195.196,0.46,1.1741662e-05,1.974996e-06,1.3579162e-05,1.4158329e-05,1.3333329e-05,3.029164e-06,1.205833e-05,1.3912495e-05,1.2704166e-05,1.1749999e-05,-1.91673e-07,1.2112499e-05,1.3566661e-05,1.2691665e-05,1.236666e-05,1.3020825e-05
6,155,195.34,0.45,1.1945828e-05,2.033329e-06,1.3812494e-05,1.429166e-05,1.3508327e-05,3.008326e-06,1.2299998e-05,1.4154164e-05,1.2929161e-05,1.1999997e-05,-1.45841e-07,1.2316664e-05,1.3783328e-05,1.2987494e-05,1.2658325e-05,1.3399998e-05
6,156,195.483,0.44,1.2224992e-05,1.97916e-06,1.401666e-05,1.4437493e-05,1.3766662e-05,3.054166e-06,1.2499992e-05,1.4304161e-05,1.3195832e-05,1.2187496e-05,-1.20838e-07,1.2483327e-05,1.3929161e-05,1.3254165e-05,1.2824997e-05,1.3458332e-05
6,157,195.626,0.43,1.2441659e-05,1.991661e-06,1.4241664e-05,1.4679162e-05,1.3933332e-05,3.066659e-06,1.2720831e-05,1.4524992e-05,1.3424992e-05,1.2399999e-05,-1.87508e-07,1.2833333e-05,1.4249992e-05,1.3470833e-05,1.3062493e-05,1.3762497e-05
6,158,195.769,0.42,1.2824997e-05,2.037493e-06,1.4537493e-05,1.4899992e-05,1.4133327e-05,3.087497e-06,1.2908332e-05,1.4720829e-05,1.3633331e-05,1.260833e-05,-1.95837e-07,1.2979166e-05,1.4425e-05,1.3645832e-05,1.3270831e-05,1.3912495e-05
6,159,195.912,0.41,1.2833333e-05,2.083325e-06,1.4666661e-05,1.5037497e-05,1.4241664e-05,3.074996e-06,1.3116662e-05,1.48875e-05,1.3804166e-05,1.2774992e-05,-1.20838e-07,1.3116662e-05,1.4641666e-05,1.3891665e-05,1.3449995e-05,1.4154164e-05
6,160,196.055,0.4,1.2995831e-05,2.004163e-06,1.4924995e-05,1.525e-05,1.4454166e-05,3.070831e-06,1.3325e-05,1.5004166e-05,1.4029161e-05,1.2949999e-05,-1.58342e-07,1.3291661e-05,1.4833331e-05,1.408333e-05,1.3666661e-05,1.4274994e-05
6,161,196.198,0.39,1.3299998e-05,2.004163e-06,1.499583e-05,1.5333326e-05,1.4624993e-05,3.183325e-06,1.3579162e-05,1.5224997e-05,1.4258329e-05,1.308333e-05,-1.37504e-07,1.3520829e-05,1.4891664e-05,1.4362494e-05,1.390833e-05,1.4604163e-05
6,162,196.341,0.38,1.3487498e-05,2.037493e-06,1.525e-05,1.5624992e-05,1.4766661e-05,3.195826e-06,1.3804166e-05,1.5374993e-05,1.4474996e-05,1.3249994e-05,-1.91673e-07,1.3704165e-05,1.5154163e-05,1.4474996e-05,1.4041662e-05,1.4724994e-05
6,163,196.484,0.37,1.3670826e-05,2.012499e-06,1.5445828e-05,1.5716663e-05,1.4979164e-05,3.195826e-06,1.3879164e-05,1.5545829e-05,1.4620829e-05,1.3470833e-05,-1.58342e-07,1.3920831e-05,1.5287495e-05,1.4620829e-05,1.4308325e-05,1.490833e-05
6,164,196.627,0.36,1.3954163e-05,2.049994e-06,1.5499998e-05,1.5854161e-05,1.5279165e-05,3.208327e-06,1.415e-05,1.5737494e-05,1.4812494e-05,1.3604164e-05,-1.54169e-07,1.410416e-05,1.5487496e-05,1.4829159e-05,1.4483333e-05,1.5254163e-05
6,165,196.77,0.35,1.401666e-05,2.06666e-06,1.5770833e-05,1.610833e-05,1.5274994e-05,3.204163e-06,1.4254165e-05,1.583333e-05,1.5054163e-05,1.3787492e-05,-1.6667e-07,1.427083e-05,1.565833e-05,1.5037497e-05,1.4637494e-05,1.5224997e-05
6,166,196.913,0.34,1.4237499e-05,2.058331e-06,1.5866661e-05,1.6158327e-05,1.5516662e-05,3.258332e-06,1.4441665e-05,1.6079164e-05,1.5195831e-05,1.3983329e-05,-1.6667e-07,1.4437493e-05,1.5849995e-05,1.5258328e-05,1.4737495e-05,1.545833e-05
6,167,197.056,0.33,1.4495826e-05,2.087498e-06,1.6045833e-05,1.6366665e-05,1.5729165e-05,3.283326e-06,1.4679162e-05,1.6191665e-05,1.5445828e-05,1.410416e-05,-2.3334e-07,1.46125e-05,1.6012495e-05,1.5416663e-05,1.4895829e-05,1.5599999e-05
6,168,197.199,0.32,1.4779162e-05,2.087498e-06,1.6204167e-05,1.6533328e-05,1.5737494e-05,3.229165e-06,1.4891664e-05,1.6399996e-05,1.5520827e-05,1.4208333e-05,-1.75007e-07,1.4808329e-05,1.6149997e-05,1.5624992e-05,1.5124997e-05,1.6024995e-05
6,169,197.342,0.31,1.4924995e-05,2.087498e-06,1.6366665e-05,1.6654165e-05,1.5837495e-05,3.291663e-06,1.5016659e-05,1.6483331e-05,1.576666e-05,1.4387496e-05,-1.62506e-07,1.490833e-05,1.6299995e-05,1.5787498e-05,1.5299996e-05,1.5958332e-05
6,170,197.485,0.3,1.4974999e-05,2.112492e-06,1.650416e-05,1.6912492e-05,1.5995829e-05,3.295827e-06,1.5320826e-05,1.657083e-05,1.5962498e-05,1.4533329e-05,-1.87508e-07,1.5166665e-05,1.6512497e-05,1.5929167e-05,1.547916e-05,1.6079164e-05
6,171,197.628,0.29,1.5220833e-05,2.120829e-06,1.6720827e-05,1.6983326e-05,1.6179165e-05,3.308328e-06,1.5383332e-05,1.6758331e-05,1.6154163e-05,1.4712493e-05,-1.50005e-07,1.51625e-05,1.657083e-05,1.6116659e-05,1.5595826e-05,1.6254162e-05
6,172,197.771,0.28,1.5433327e-05,2.141659e-06,1.6854159e-05,1.7066661e-05,1.6358328e-05,3.249995e-06,1.5541666e-05,1.6908327e-05,1.6299995e-05,1.4883328e-05,-1.20838e-07,1.5316662e-05,1.6799999e-05,1.6329161e-05,1.5774996e-05,1.6470829e-05
6,173,197.914,0.27,1.5299996e-05,2.06666e-06,1.6991664e-05,1.7254162e-05,1.6445827e-05,3.241658e-06,1.5633328e-05,1.7262499e-05,1.6433327e-05,1.4999993e-05,-1.6667e-07,1.5499998e-05,1.6949994e-05,1.6408332e-05,1.5887499e-05,1.6674996e-05
6,174,198.057,0.26,1.5558329e-05,2.091662e-06,1.7233331e-05,1.7420833e-05,1.6604161e-05,3.316665e-06,1.57125e-05,1.7108328e-05,1.6712498e-05,1.5158327e-05,-1.58342e-07,1.5729165e-05,1.7129159e-05,1.6579159e-05,1.6187492e-05,1.6808328e-05
6,175,198.2,0.25,1.5874997e-05,2.13333e-06,1.722916e-05,1.7512497e-05,1.6720827e-05,3.283326e-06,1.592083e-05,1.7320832e-05,1.6733329e-05,1.525e-05,-1.45841e-07,1.5787498e-05,1.724166e-05,1.677916e-05,1.6320833e-05,1.6991664e-05
6,176,198.343,0.24,1.594166e-05,2.15416e-06,1.7333332e-05,1.7720826e-05,1.6837494e-05,3.312492e-06,1.6074999e-05,1.7374992e-05,1.6879161e-05,1.5383332e-05,-1.79172e-07,1.5954161e-05,1.7408331e-05,1.6920829e-05,1.6399996e-05,1.7124994e-05
6,177,198.486,0.23,1.5924994e-05,2.162496e-06,1.7558328e-05,1.7804161e-05,1.7024993e-05,3.320829e-06,1.6245825e-05,1.7541663e-05,1.7004164e-05,1.5474994e-05,-2.04174e-07,1.6049997e-05,1.7545828e-05,1.7104165e-05,1.6616663e-05,1.724166e-05
6,178,198.629,0.22,1.6204167e-05,2.174997e-06,1.7620825e-05,1.7970831e-05,1.7091663e-05,3.349996e-06,1.6362492e-05,1.7683331e-05,1.7191664e-05,1.5804164e-05,-1.25003e-07,1.6299995e-05,1.7724999e-05,1.7212495e-05,1.6666667e-05,1.7445827e-05
6,179,198.772,0.21,1.6333326e-05,2.183326e-06,1.7854167e-05,1.81e-05,1.7191664e-05,3.295827e-06,1.6474994e-05,1.7816663e-05,1.7341661e-05,1.5883326e-05,-1.20838e-07,1.6391659e-05,1.775833e-05,1.7383329e-05,1.683333e-05,1.7629163e-05
6,180,198.916,0.2,1.6437498e-05,2.195827e-06,1.785833e-05,1.8120829e-05,1.7345827e-05,3.399992e-06,1.6624999e-05,1.7929164e-05,1.7495831e-05,1.593333e-05,-1.91673e-07,1.6508333e-05,1.7929164e-05,1.7566665e-05,1.6924992e-05,1.7695833e-05
6,181,199.059,0.19,1.6549993e-05,2.145831e-06,1.8016664e-05,1.830833e-05,1.7508331e-05,3.35416e-06,1.6737493e-05,1.8091663e-05,1.7679158e-05,1.5991664e-05,-1.54169e-07,1.677916e-05,1.81e-05,1.7695833e-05,1.7104165e-05,1.7787495e-05
6,182,199.202,0.18,1.6641665e-05,2.174997e-06,1.8245832e-05,1.8404166e-05,1.769166e-05,3.366661e-06,1.7104165e-05,1.822083e-05,1.7824999e-05,1.621666e-05,-1.6667e-07,1.6829164e-05,1.8191664e-05,1.7783332e-05,1.7220831e-05,1.8029164e-05
6,183,199.345,0.17,1.6770831e-05,2.245831e-06,1.8279163e-05,1.8570829e-05,1.7799997e-05,3.437495e-06,1.702083e-05,1.8358325e-05,1.7949995e-05,1.6320833e-05,-1.6667e-07,1.6866659e-05,1.8424997e-05,1.8041666e-05,1.7366663e-05,1.8187498e-05
6,184,199.488,0.16,1.7033331e-05,2.183326e-06,1.8458326e-05,1.8654164e-05,1.7933329e-05,3.370825e-06,1.7212495e-05,1.8416658e-05,1.8104163e-05,1.6474994e-05,-1.41668e-07,1.6929165e-05,1.8524996e-05,1.8133331e-05,1.7562492e-05,1.8324996e-05
6,185,199.631,0.15,1.7037495e-05,2.220829e-06,1.8629162e-05,1.8833327e-05,1.8020828e-05,3.395828e-06,1.7274999e-05,1.8595831e-05,1.822083e-05,1.6562493e-05,-1.62506e-07,1.713333e-05,1.8633325e-05,1.8224995e-05,1.7708333e-05,1.8454162e-05
6,186,199.774,0.14,1.7175e-05,2.149995e-06,1.8620833e-05,1.9008326e-05,1.8095827e-05,3.44166e-06,1.7445827e-05,1.865e-05,1.834166e-05,1.6716664e-05,-1.6667e-07,1.7191664e-05,1.8658327e-05,1.8479164e-05,1.7779159e-05,1.8458326e-05
6,187,199.917,0.13,1.7283328e-05,2.145831e-06,1.9024999e-05,1.9262498e-05,1.8229166e-05,3.387499e-06,1.7520833e-05,1.8745828e-05,1.8524996e-05,1.6841666e-05,-1.3334e-07,1.7383329e-05,1.8754165e-05,1.8487493e-05,1.8091663e-05,1.8674993e-05
6,188,200.06,0.12,1.7399994e-05,2.149995e-06,1.8949993e-05,1.9370826e-05,1.8395829e-05,3.462497e-06,1.7633327e-05,1.894583e-05,1.8666664e-05,1.7033331e-05,-1.45841e-07,1.7470829e-05,1.8862494e-05,1.8608333e-05,1.8024994e-05,1.8795832e-05
6,189,200.203,0.11,1.7562492e-05,2.166661e-06,1.916666e-05,1.9370826e-05,1.8504166e-05,3.479163e-06,1.7795834e-05,1.9029165e-05,1.8766665e-05,1.7066661e-05,-1.54169e-07,1.7629163e-05,1.9037492e-05,1.8720826e-05,1.8179162e-05,1.8883331e-05
6,190,200.346,0.1,1.7783332e-05,2.179162e-06,1.9145831e-05,1.9424995e-05,1.8724997e-05,3.52083e-06,1.7920827e-05,1.9195826e-05,1.8866665e-05,1.7183327e-05,-1.70835e-07,1.7695833e-05,1.916666e-05,1.8874995e-05,1.8237495e-05,1.9004163e-05
6,191,200.489,0.09,1.7916664e-05,2.191663e-06,1.9283327e-05,1.968333e-05,1.8674993e-05,3.512494e-06,1.7999999e-05,1.9262498e-05,1.906666e-05,1.7349998e-05,-1.41668e-07,1.786666e-05,1.9291663e-05,1.8974995e-05,1.8412495e-05,1.9291663e-05
6,192,200.632,0.08,1.81e-05,2.199992e-06,1.9391664e-05,1.9575e-05,1.8829163e-05,3.654162e-06,1.8179162e-05,1.9308329e-05,1.9129166e-05,1.741666e-05,-1.50005e-07,1.7995826e-05,1.9404164e-05,1.9129166e-05,1.8520832e-05,1.9191662e-05
6,193,200.775,0.07,1.8120829e-05,2.208328e-06,1.9466663e-05,1.9708332e-05,1.88375e-05,3.595829e-06,1.8337496e-05,1.9416666e-05,1.9279161e-05,1.7441662e-05,-1.37504e-07,1.8095827e-05,1.9470826e-05,1.9249996e-05,1.8645827e-05,1.9291663e-05
6,194,200.918,0.06,1.8287499e-05,2.199992e-06,1.9608331e-05,1.9841664e-05,1.8979161e-05,3.516658e-06,1.8566665e-05,1.9558327e-05,1.942083e-05,1.7574994e-05,-2.20839e-07,1.8162496e-05,1.9612495e-05,1.9312492e-05,1.8699995e-05,1.9458326e-05
6,195,201.061,0.05,1.8224995e-05,2.224994e-06,1.969583e-05,1.9929163e-05,1.91125e-05,3.487492e-06,1.8558327e-05,1.968333e-05,1.9399993e-05,1.7749993e-05,-1.54169e-07,1.8358325e-05,1.9687493e-05,1.9441661e-05,1.8870831e-05,1.9566663e-05
6,196,201.204,0.04,1.8362498e-05,2.316666e-06,1.9795831e-05,2.0054165e-05,1.923333e-05,3.504165e-06,1.8804161e-05,1.9687493e-05,1.9587493e-05,1.7754166e-05,-2.16675e-07,1.8383329e-05,1.9799996e-05,1.9595829e-05,1.8941664e-05,1.9637497e-05
6,197,201.347,0.03,1.8583329e-05,2.245831e-06,1.9854164e-05,2.0154166e-05,1.9308329e-05,3.537496e-06,1.8658327e-05,1.9812496e-05,1.9720832e-05,1.7874996e-05,-1.45841e-07,1.8470828e-05,1.9891659e-05,1.9708332e-05,1.9037492e-05,1.9779165e-05
6,198,201.49,0.02,1.8812498e-05,2.224994e-06,1.9999998e-05,2.0324993e-05,1.9416666e-05,3.566662e-06,1.878333e-05,1.9891659e-05,1.9829162e-05,1.8041666e-05,-1.75007e-07,1.8641662e-05,1.9974994e-05,1.97625e-05,1.9129166e-05,1.9866666e-05
6,199,201.633,0.01,1.8641662e-05,2.266661e-06,2.0012498e-05,2.026666e-05,1.9479163e-05,3.558326e-06,1.8870831e-05,1.9941665e-05,1.9908333e-05,1.8162496e-05,-1.83336e-07,1.8670829e-05,2.007916e-05,1.9879166e-05,1.9291663e-05,1.9995832e-05
6,200,201.776,0.0,1.8916662e-05,2.237495e-06,2.0137493e-05,2.0458332e-05,1.9591665e-05,3.591665e-06,1.9020828e-05,2.0062495e-05,2.0229165e-05,1.8241661e-05,-1.70835e-07,1.8716661e-05,2.0108326e-05,2.0020827e-05,1.9374998e-05,2.009166e-05
,,,,,,,,,,,,,,,,,,,,6,0.64,0.61,0.75,0.75,0.74,0.75,0.65,0.73,0.7,0.74,0.14,0.64,0.71,0.7,0.7,0.69,0.72,0.7,0.8,0.8,0.8,0.79,0.74,0.79,0.74,0.77,0.89,0.74,0.78,0.76,0.75,0.76
7,0,202.025,0.0,1.8974995e-05,2.295828e-06,2.0229165e-05,2.0383326e-05,1.9633333e-05,3.570827e-06,1.9079162e-05,2.0179161e-05,2.0083333e-05,1.8262497e-05,-1.04173e-07,1.8774994e-05,2.0212499e-05,2.0008325e-05,1.9412493e-05,2.0120828e-05
7,1,202.168,0.01,1.8904162e-05,2.316666e-06,2.0279162e-05,2.0441659e-05,1.9570827e-05,3.637497e-06,1.8920828e-05,2.0129164e-05,1.9974994e-05,1.8187498e-05,-1.12502e-07,1.8716661e-05,2.0199997e-05,2.0033327e-05,1.935416e-05,2.0041665e-05
7,2,202.311,0.02,1.8699995e-05,2.412494e-06,2.0066667e-05,2.0387499e-05,1.9404164e-05,3.641661e-06,1.8816661e-05,2.0258331e-05,1.9995832e-05,1.8254161e-05,-8.7508e-08,1.8529161e-05,2.0049993e-05,1.9929163e-05,1.9262498e-05,2.0004161e-05
7,3,202.454,0.03,1.8579165e-05,2.308329e-06,2.00375e-05,2.0274996e-05,1.9383328e-05,3.633332e-06,1.8720826e-05,1.9937499e-05,1.9924999e-05,1.8049996e-05,-1.04173e-07,1.8408331e-05,1.9962494e-05,1.9795831e-05,1.9162497e-05,1.9908333e-05
7,4,202.597,0.04,1.8433333e-05,2.349997e-06,2.0058329e-05,2.0412494e-05,1.9291663e-05,3.624996e-06,1.8554163e-05,1.980416e-05,1.9779165e-05,1.8070832e-05,-1.29175e-07,1.8299992e-05,1.9916661e-05,1.9691666e-05,1.9149995e-05,1.9820833e-05
7,5,202.74,0.05,1.8379164e-05,2.362498e-06,1.9904161e-05,2.0183334e-05,1.9266661e-05,3.645825e-06,1.8462499e-05,1.9920826e-05,1.9699995e-05,1.7954168e-05,-3.3339e-08,1.8162496e-05,1.9754163e-05,1.9474999e-05,1.9029165e-05,1.9687493e-05
7,6,202.883,0.06,1.8149996e-05,2.358325e-06,1.9724997e-05,1.9983332e-05,1.91125e-05,3.645825e-06,1.8295828e-05,1.9679164e-05,1.940833e-05,1.8029164e-05,-8.337e-09,1.81e-05,1.9708332e-05,1.9483328e-05,1.887916e-05,1.9674993e-05
7,7,203.026,0.07,1.8120829e-05,2.40833e-06,1.9812496e-05,1.9945828e-05,1.9070832e-05,3.662499e-06,1.8149996e-05,1.9608331e-05,1.9370826e-05,1.787916e-05,-8.337e-09,1.796666e-05,1.9624997e-05,1.9324994e-05,1.8829163e-05,1.9487492e-05
7,8,203.17,0.08,1.7849994e-05,2.395828e-06,1.9570827e-05,1.985e-05,1.8949993e-05,3.62916e-06,1.8029164e-05,1.9575e-05,1.9254159e-05,1.7791661e-05,-8e-12,1.7891662e-05,1.9504165e-05,1.9162497e-05,1.8691659e-05,1.9316665e-05
7,9,203.313,0.09,1.7770832e-05,2.374999e-06,1.9570827e-05,1.9749999e-05,1.8870831e-05,3.679164e-06,1.7899998e-05,1.9437495e-05,1.9170833e-05,1.7554165e-05,4.5832e-08,1.769166e-05,1.9395828e-05,1.91125e-05,1.8520832e-05,1.9199999e-05
7,10,203.456,0.1,1.7558328e-05,2.429159e-06,1.9416666e-05,1.9699995e-05,1.8766665e-05,3.624996e-06,1.7749993e-05,1.9370826e-05,1.9041665e-05,1.7491666e-05,-6.2505e-08,1.7533326e-05,1.92875e-05,1.8987497e-05,1.8412495e-05,1.9079162e-05
7,11,203.599,0.11,1.7549999e-05,2.329159e-06,1.9449997e-05,1.9483328e-05,1.8641662e-05,3.658326e-06,1.770416e-05,1.9304165e-05,1.8866665e-05,1.7433325e-05,-8e-12,1.7495831e-05,1.9183326e-05,1.8870831e-05,1.8274999e-05,1.8949993e-05
7,12,203.742,0.12,1.724166e-05,2.379163e-06,1.9245832e-05,1.940833e-05,1.8537497e-05,3.658326e-06,1.7495831e-05,1.9212492e-05,1.8745828e-05,1.7341661e-05,-1.6673e-08,1.7162498e-05,1.9170833e-05,1.8787496e-05,1.8287499e-05,1.887916e-05
7,13,203.885,0.13,1.7045832e-05,2.399993e-06,1.9270834e-05,1.9362496e-05,1.8358325e-05,3.562498e-06,1.722916e-05,1.9116664e-05,1.8633325e-05,1.7204165e-05,-8e-12,1.714166e-05,1.9099998e-05,1.8666664e-05,1.8083327e-05,1.8704161e-05
7,14,204.028,0.14,1.6891663e-05,2.295828e-06,1.8991661e-05,1.9212492e-05,1.8324996e-05,3.599993e-06,1.713333e-05,1.895833e-05,1.8524996e-05,1.7112494e-05,-1.2501e-08,1.6879161e-05,1.8912498e-05,1.865e-05,1.8024994e-05,1.8549999e-05
7,15,204.171,0.15,1.6749995e-05,2.349997e-06,1.9074996e-05,1.8974995e-05,1.8133331e-05,3.620831e-06,1.6883325e-05,1.8887496e-05,1.8312494e-05,1.7079163e-05,-8.337e-09,1.6725e-05,1.8562499e-05,1.8354162e-05,1.787916e-05,1.8458326e-05
7,16,204.314,0.16,1.6566666e-05,2.329159e-06,1.8687495e-05,1.9008326e-05,1.8087498e-05,3.616659e-06,1.6770831e-05,1.8674993e-05,1.815416e-05,1.6891663e-05,2.083e-08,1.6599997e-05,1.8529161e-05,1.8187498e-05,1.7733328e-05,1.8370827e-05
7,17,204.457,0.17,1.6408332e-05,2.345832e-06,1.8637498e-05,1.8920828e-05,1.7929164e-05,3.599993e-06,1.6666667e-05,1.8545827e-05,1.8037494e-05,1.6762495e-05,1.6665e-08,1.6404159e-05,1.8412495e-05,1.8124994e-05,1.7733328e-05,1.8204164e-05
7,18,204.6,0.18,1.6204167e-05,2.324995e-06,1.8499994e-05,1.865e-05,1.7849994e-05,3.595829e-06,1.6433327e-05,1.8541661e-05,1.7891662e-05,1.6858332e-05,4.164e-09,1.6245825e-05,1.830833e-05,1.7883332e-05,1.7579167e-05,1.7999999e-05
7,19,204.743,0.19,1.6062499e-05,2.316666e-06,1.8333332e-05,1.8591667e-05,1.7779159e-05,3.60833e-06,1.6291666e-05,1.8412495e-05,1.7708333e-05,1.6499996e-05,-8.337e-09,1.6087492e-05,1.8120829e-05,1.7716662e-05,1.7354163e-05,1.7874996e-05
7,20,204.886,0.2,1.5837495e-05,2.354161e-06,1.8279163e-05,1.8370827e-05,1.7562492e-05,3.674992e-06,1.6070826e-05,1.8254161e-05,1.7658329e-05,1.6483331e-05,1.6665e-08,1.5883326e-05,1.8016664e-05,1.7641663e-05,1.7124994e-05,1.7674995e-05
7,21,205.029,0.21,1.5649994e-05,2.337496e-06,1.8129165e-05,1.8333332e-05,1.7366663e-05,3.699994e-06,1.6058326e-05,1.8145831e-05,1.7537499e-05,1.6304159e-05,6.2497e-08,1.5729165e-05,1.785833e-05,1.7470829e-05,1.7095828e-05,1.7670831e-05
7,22,205.172,0.22,1.5508325e-05,2.366662e-06,1.7949995e-05,1.822083e-05,1.7216667e-05,3.641661e-06,1.5695827e-05,1.7970831e-05,1.7341661e-05,1.6179165e-05,3.7495e-08,1.5537493e-05,1.7662493e-05,1.724166e-05,1.6916665e-05,1.7412496e-05
7,23,205.315,0.23,1.530416e-05,2.437496e-06,1.7783332e-05,1.8058332e-05,1.7124994e-05,3.487492e-06,1.57125e-05,1.7870832e-05,1.7183327e-05,1.6079164e-05,4.166e-08,1.5391659e-05,1.7574994e-05,1.7112494e-05,1.6774997e-05,1.7287493e-05
7,24,205.458,0.24,1.5079165e-05,2.34166e-06,1.7745828e-05,1.7874996e-05,1.6983326e-05,3.666663e-06,1.5449992e-05,1.7712498e-05,1.7008328e-05,1.583333e-05,7.0826e-08,1.51625e-05,1.7420833e-05,1.6991664e-05,1.6545828e-05,1.7095828e-05
7,25,205.601,0.25,1.4854161e-05,2.395828e-06,1.7541663e-05,1.7745828e-05,1.684583e-05,3.470826e-06,1.521666e-05,1.7562492e-05,1.6858332e-05,1.5683334e-05,3.7495e-08,1.4954162e-05,1.7266662e-05,1.6766659e-05,1.6433327e-05,1.6970833e-05
7,26,205.744,0.26,1.4670833e-05,2.34166e-06,1.7366663e-05,1.7562492e-05,1.6666667e-05,3.516658e-06,1.4970827e-05,1.741666e-05,1.6674996e-05,1.564583e-05,2.4994e-08,1.4824995e-05,1.7091663e-05,1.6674996e-05,1.6254162e-05,1.6791662e-05
7,27,205.887,0.27,1.4499999e-05,2.312493e-06,1.7224995e-05,1.7370829e-05,1.6529162e-05,3.504165e-06,1.4770826e-05,1.7483329e-05,1.6474994e-05,1.5466667e-05,1.6665e-08,1.4591662e-05,1.6874998e-05,1.6441663e-05,1.609583e-05,1.6608326e-05
7,28,206.03,0.28,1.4304161e-05,2.32083e-06,1.7108328e-05,1.724166e-05,1.6391659e-05,3.512494e-06,1.4579161e-05,1.7074999e-05,1.6404159e-05,1.5316662e-05,6.6662e-08,1.4433328e-05,1.6808328e-05,1.6287493e-05,1.5999993e-05,1.6433327e-05
7,29,206.173,0.29,1.4045827e-05,2.262497e-06,1.6920829e-05,1.7204165e-05,1.622916e-05,3.495828e-06,1.4345828e-05,1.695416e-05,1.6158327e-05,1.5316662e-05,4.166e-08,1.4199996e-05,1.6579159e-05,1.6049997e-05,1.5758331e-05,1.6274993e-05
7,30,206.316,0.3,1.3779163e-05,2.362498e-06,1.6758331e-05,1.7e-05,1.6016666e-05,3.508329e-06,1.417083e-05,1.6816664e-05,1.5916665e-05,1.5074992e-05,9.9993e-08,1.3987494e-05,1.6429161e-05,1.5895828e-05,1.5624992e-05,1.609583e-05
7,31,206.459,0.31,1.3558332e-05,2.345832e-06,1.6541664e-05,1.6774997e-05,1.5904165e-05,3.479163e-06,1.3945826e-05,1.6662494e-05,1.5762496e-05,1.4833331e-05,9.5828e-08,1.3749996e-05,1.6266664e-05,1.5749994e-05,1.5399997e-05,1.5912494e-05
7,32,206.602,0.32,1.3316663e-05,2.324995e-06,1.6441663e-05,1.6683332e-05,1.5708327e-05,3.466662e-06,1.3691663e-05,1.6524999e-05,1.5520827e-05,1.4795828e-05,2.9159e-08,1.3595827e-05,1.6087492e-05,1.547083e-05,1.5279165e-05,1.5704163e-05
7,33,206.746,0.33,1.3062493e-05,2.316666e-06,1.6191665e-05,1.6458329e-05,1.5649994e-05,3.487492e-06,1.3495826e-05,1.6320833e-05,1.5337499e-05,1.4549994e-05,9.1664e-08,1.334583e-05,1.5924994e-05,1.5354164e-05,1.5079165e-05,1.5424999e-05
7,34,206.889,0.34,1.2824997e-05,2.274998e-06,1.6045833e-05,1.6291666e-05,1.5349991e-05,3.445832e-06,1.3199997e-05,1.6174999e-05,1.5099994e-05,1.4345828e-05,3.7495e-08,1.3099996e-05,1.5724992e-05,1.5141662e-05,1.484166e-05,1.5316662e-05
7,35,207.032,0.35,1.2524994e-05,2.308329e-06,1.5945832e-05,1.6074999e-05,1.521666e-05,3.412493e-06,1.3024997e-05,1.6004165e-05,1.4933332e-05,1.420416e-05,1.24995e-07,1.2837498e-05,1.5549993e-05,1.4929159e-05,1.4620829e-05,1.5104159e-05
7,36,207.175,0.36,1.2324993e-05,2.249996e-06,1.5720829e-05,1.5891663e-05,1.5008331e-05,3.44166e-06,1.2779165e-05,1.5783326e-05,1.4712493e-05,1.4024997e-05,6.2497e-08,1.2583328e-05,1.5399997e-05,1.4729166e-05,1.4470832e-05,1.4866662e-05
7,37,207.318,0.37,1.2137492e-05,2.212493e-06,1.5508325e-05,1.575416e-05,1.4829159e-05,3.458325e-06,1.252083e-05,1.5683334e-05,1.454583e-05,1.3849997e-05,6.2497e-08,1.2316664e-05,1.5037497e-05,1.4491661e-05,1.420416e-05,1.4649995e-05
7,38,207.461,0.38,1.1724997e-05,2.224994e-06,1.5399997e-05,1.5549993e-05,1.4620829e-05,3.416665e-06,1.2295826e-05,1.5520827e-05,1.4295832e-05,1.3716666e-05,7.9163e-08,1.205833e-05,1.4879163e-05,1.4341665e-05,1.4070829e-05,1.4441665e-05
7,39,207.604,0.39,1.1483327e-05,2.183326e-06,1.5199995e-05,1.5391659e-05,1.4429164e-05,3.349996e-06,1.1949992e-05,1.5283331e-05,1.4029161e-05,1.3479162e-05,7.0826e-08,1.1829162e-05,1.4608328e-05,1.410416e-05,1.3841661e-05,1.4224998e-05
7,40,207.747,0.4,1.1208328e-05,2.183326e-06,1.5008331e-05,1.5183329e-05,1.4245828e-05,3.391663e-06,1.1708331e-05,1.5124997e-05,1.3824995e-05,1.3308327e-05,5.8325e-08,1.1616659e-05,1.4345828e-05,1.3795829e-05,1.3629166e-05,1.3979165e-05
7,41,207.89,0.41,1.0920827e-05,2.187498e-06,1.4683326e-05,1.499583e-05,1.4012496e-05,3.399992e-06,1.1445833e-05,1.4833331e-05,1.355416e-05,1.3108333e-05,9.1664e-08,1.1279162e-05,1.417083e-05,1.3529166e-05,1.3458332e-05,1.372083e-05
7,42,208.033,0.42,1.0624997e-05,2.158332e-06,1.4445829e-05,1.4783327e-05,1.3883328e-05,3.345831e-06,1.1216664e-05,1.4645831e-05,1.3325e-05,1.28625e-05,7.4999e-08,1.1037493e-05,1.3966664e-05,1.3208326e-05,1.3108333e-05,1.343333e-05
7,43,208.176,0.43,1.0370827e-05,2.174997e-06,1.4220826e-05,1.4449994e-05,1.3583326e-05,3.320829e-06,1.0929163e-05,1.4491661e-05,1.3008333e-05,1.2845826e-05,3.3331e-08,1.0716661e-05,1.3724994e-05,1.3037499e-05,1.2833333e-05,1.3362495e-05
7,44,208.319,0.44,1.0062496e-05,2.158332e-06,1.3987494e-05,1.445833e-05,1.3329164e-05,3.312492e-06,1.0620833e-05,1.4166665e-05,1.2699993e-05,1.243333e-05,7.0826e-08,1.0483329e-05,1.3462496e-05,1.2787493e-05,1.2595829e-05,1.2995831e-05
7,45,208.462,0.45,9.733327e-06,2.145831e-06,1.3804166e-05,1.3954163e-05,1.3062493e-05,3.312492e-06,1.0349997e-05,1.4024997e-05,1.2445831e-05,1.2299998e-05,4.5832e-08,1.0195828e-05,1.3183331e-05,1.2524994e-05,1.2283325e-05,1.2574998e-05
7,46,208.605,0.46,9.370828e-06,2.124993e-06,1.3508327e-05,1.3824995e-05,1.2837498e-05,3.345831e-06,1.0049995e-05,1.3795829e-05,1.2199998e-05,1.2104161e-05,1.20831e-07,9.854166e-06,1.291666e-05,1.2220828e-05,1.2024999e-05,1.2316664e-05
7,47,208.748,0.47,9.045832e-06,2.079161e-06,1.3287497e-05,1.3537494e-05,1.2629159e-05,3.291663e-06,9.708333e-06,1.3499999e-05,1.1929163e-05,1.1849999e-05,7.9163e-08,9.579166e-06,1.2624995e-05,1.1916662e-05,1.1762492e-05,1.2020826e-05
7,48,208.891,0.48,8.745829e-06,2.129165e-06,1.2991659e-05,1.3274996e-05,1.2349995e-05,3.208327e-06,9.454163e-06,1.3341665e-05,1.1558326e-05,1.1662499e-05,1.12494e-07,9.279163e-06,1.2337494e-05,1.1666663e-05,1.1474999e-05,1.1729161e-05
7,49,209.034,0.49,8.358327e-06,2.074997e-06,1.2770827e-05,1.3012496e-05,1.2149993e-05,3.179161e-06,9.033331e-06,1.2987494e-05,1.1212492e-05,1.1416666e-05,5.8325e-08,8.924992e-06,1.2137492e-05,1.1345832e-05,1.1224993e-05,1.144166e-05
7,50,209.177,0.5,8.10833e-06,2.054159e-06,1.2470826e-05,1.2741662e-05,1.1841663e-05,3.199998e-06,8.737493e-06,1.2720831e-05,1.0883331e-05,1.1137494e-05,9.5828e-08,8.587495e-06,1.1795831e-05,1.0983332e-05,1.0858329e-05,1.114583e-05
7,51,209.32,0.51,7.741666e-06,1.987497e-06,1.2199998e-05,1.2495828e-05,1.1562498e-05,3.195826e-06,8.370828e-06,1.2466661e-05,1.0604159e-05,1.0904161e-05,5.4161e-08,8.31666e-06,1.142083e-05,1.0724997e-05,1.058333e-05,1.0845828e-05
7,52,209.463,0.52,7.383331e-06,1.970832e-06,1.1924998e-05,1.2199998e-05,1.1279162e-05,3.16666e-06,8.083328e-06,1.2208327e-05,1.0237495e-05,1.0654163e-05,9.1664e-08,7.945831e-06,1.1112499e-05,1.0337496e-05,1.022083e-05,1.0487493e-05
7,53,209.606,0.53,7.041661e-06,1.945829e-06,1.1570827e-05,1.1845827e-05,1.0970831e-05,3.174996e-06,7.7125e-06,1.1862493e-05,9.912499e-06,1.032916e-05,9.1664e-08,7.570831e-06,1.0762493e-05,1.0020828e-05,9.891661e-06,1.0129165e-05
7,54,209.749,0.54,6.745831e-06,1.941665e-06,1.1258332e-05,1.1537496e-05,1.0649999e-05,3.14583e-06,7.358328e-06,1.1587493e-05,9.512496e-06,1.0108328e-05,9.9993e-08,7.308332e-06,1.0395829e-05,9.666665e-06,9.512496e-06,9.779159e-06
7,55,209.892,0.55,6.424999e-06,1.941665e-06,1.0995833e-05,1.1279162e-05,1.032916e-05,3.120828e-06,7.033332e-06,1.1249996e-05,9.05416e-06,9.770831e-06,1.24995e-07,7.02916e-06,1.0041666e-05,9.224995e-06,9.162498e-06,9.412495e-06
7,56,210.035,0.56,6.116661e-06,1.887496e-06,1.0574992e-05,1.0933328e-05,1.0095827e-05,3.07916e-06,6.629165e-06,1.0929163e-05,8.654165e-06,9.516661e-06,1.45825e-07,6.662496e-06,9.666665e-06,8.86666e-06,8.737493e-06,9.004164e-06
7,57,210.179,0.57,5.80833e-06,1.837492e-06,1.0337496e-05,1.0604159e-05,9.729163e-06,3.029164e-06,6.349993e-06,1.0604159e-05,8.312496e-06,9.174999e-06,1.4166e-07,6.404161e-06,9.266662e-06,8.579159e-06,8.399995e-06,8.649993e-06
7,58,210.322,0.58,5.53333e-06,1.829163e-06,9.987497e-06,1.0274998e-05,9.341661e-06,3.008326e-06,6.049999e-06,1.0274998e-05,7.883326e-06,9.024993e-06,8.3327e-08,6.112496e-06,8.816663e-06,8.183329e-06,8.016666e-06,8.241662e-06
7,59,210.465,0.59,5.454159e-06,1.837492e-06,9.641663e-06,9.95833e-06,9.045832e-06,2.983332e-06,5.820831e-06,9.933328e-06,7.554166e-06,8.624998e-06,7.4999e-08,5.92916e-06,8.512497e-06,7.824993e-06,7.666659e-06,7.845831e-06
7,60,210.608,0.6,5.124998e-06,1.758329e-06,9.30833e-06,9.587495e-06,8.733328e-06,2.966658e-06,5.629166e-06,9.608332e-06,7.224997e-06,8.374993e-06,1.12494e-07,5.662497e-06,8.154162e-06,7.479159e-06,7.333326e-06,7.499997e-06
7,61,210.751,0.61,5.008332e-06,1.745828e-06,8.895826e-06,9.224995e-06,8.333325e-06,2.912498e-06,5.37916e-06,9.245833e-06,6.808329e-06,8.066662e-06,8.3327e-08,5.483325e-06,7.758331e-06,7.124996e-06,6.924995e-06,7.129161e-06
7,62,210.894,0.62,4.874993e-06,1.724998e-06,8.687496e-06,8.879161e-06,7.991664e-06,2.829162e-06,5.216662e-06,8.883325e-06,6.47916e-06,7.812492e-06,1.16658e-07,5.387497e-06,7.337499e-06,6.816666e-06,6.554159e-06,6.795828e-06
7,63,211.037,0.63,4.874993e-06,1.729163e-06,8.299994e-06,8.512497e-06,7.620828e-06,2.833327e-06,5.129163e-06,8.508333e-06,6.079165e-06,7.516662e-06,1.16658e-07,5.283332e-06,6.92083e-06,6.39166e-06,6.249992e-06,6.424999e-06
7,64,211.18,0.64,4.887494e-06,1.754165e-06,7.908328e-06,8.162498e-06,7.316661e-06,2.824998e-06,5.074994e-06,8.12916e-06,5.854161e-06,7.249999e-06,1.24995e-07,5.212498e-06,6.574996e-06,6.112496e-06,5.979165e-06,6.116661e-06
7,65,211.323,0.65,4.958328e-06,1.758329e-06,7.483332e-06,7.729165e-06,6.933331e-06,2.766665e-06,5.008332e-06,7.849995e-06,5.604164e-06,7.033332e-06,1.04165e-07,5.220827e-06,6.274994e-06,5.895829e-06,5.733331e-06,5.791664e-06
7,66,211.466,0.66,5.049992e-06,1.779159e-06,7.133333e-06,7.462494e-06,6.583325e-06,2.754164e-06,5.087495e-06,7.474995e-06,5.387497e-06,6.737494e-06,1.20831e-07,5.27916e-06,5.970828e-06,5.566661e-06,5.483325e-06,5.524993e-06
7,67,211.609,0.67,5.183331e-06,1.808325e-06,6.779162e-06,7.016659e-06,6.274994e-06,2.679165e-06,5.158329e-06,7.1625e-06,5.187495e-06,6.56666e-06,9.9993e-08,5.374996e-06,5.708329e-06,5.362495e-06,5.237492e-06,5.333328e-06
7,68,211.752,0.68,5.404162e-06,1.841664e-06,6.449994e-06,6.679161e-06,5.933332e-06,2.649999e-06,5.25833e-06,6.791663e-06,5.083331e-06,6.345828e-06,1.79164e-07,5.504163e-06,5.487498e-06,5.224999e-06,5.112497e-06,5.19166e-06
7,69,211.895,0.69,5.608328e-06,1.874995e-06,6.162492e-06,6.329163e-06,5.591663e-06,2.570828e-06,5.387497e-06,6.612492e-06,4.979165e-06,6.224998e-06,1.04165e-07,5.641659e-06,5.287496e-06,5.112497e-06,5.083331e-06,5.087495e-06
7,70,212.038,0.7,5.833332e-06,1.887496e-06,5.862498e-06,6.049999e-06,5.316663e-06,2.520831e-06,5.595827e-06,6.312498e-06,5.012496e-06,6.133326e-06,1.20831e-07,5.891665e-06,5.154165e-06,5.062493e-06,5.120826e-06,5.024997e-06
7,71,212.181,0.71,6.099995e-06,1.945829e-06,5.641659e-06,5.849997e-06,5.116661e-06,2.479164e-06,5.812494e-06,6.145827e-06,5.087495e-06,5.949998e-06,1.12494e-07,6.129162e-06,5.124998e-06,5.07083e-06,5.17083e-06,5.054164e-06
7,72,212.324,0.72,6.337492e-06,1.954158e-06,5.454159e-06,5.637495e-06,4.937498e-06,2.449997e-06,5.970828e-06,6.062492e-06,5.183331e-06,5.979165e-06,1.16658e-07,6.320826e-06,5.124998e-06,5.108333e-06,5.262494e-06,5.10416e-06
7,73,212.467,0.73,6.63333e-06,2.004163e-06,5.316663e-06,5.491662e-06,4.849998e-06,2.491665e-06,6.220826e-06,5.954162e-06,5.370831e-06,5.933332e-06,1.58326e-07,6.645831e-06,5.145828e-06,5.224999e-06,5.424992e-06,5.266658e-06
7,74,212.61,0.74,6.895828e-06,2.091662e-06,5.179159e-06,5.37916e-06,4.791665e-06,2.383327e-06,6.483333e-06,5.962499e-06,5.549995e-06,5.866663e-06,1.12494e-07,6.8875e-06,5.183331e-06,5.370831e-06,5.629166e-06,5.462496e-06
7,75,212.753,0.75,7.254163e-06,2.087498e-06,5.241664e-06,5.349994e-06,4.791665e-06,2.395828e-06,6.774998e-06,6.020832e-06,5.862498e-06,5.937497e-06,1.62498e-07,7.254163e-06,5.399998e-06,5.620829e-06,5.887493e-06,5.695828e-06
7,76,212.896,0.76,7.487496e-06,2.087498e-06,5.17083e-06,5.333328e-06,4.870828e-06,2.416658e-06,7.00833e-06,6.124997e-06,6.108331e-06,5.970828e-06,1.62498e-07,7.483332e-06,5.591663e-06,5.829159e-06,6.116661e-06,5.966663e-06
7,77,213.039,0.77,7.83333e-06,2.120829e-06,5.27916e-06,5.429165e-06,4.98333e-06,2.445825e-06,7.30416e-06,6.283331e-06,6.383332e-06,6.004159e-06,1.24995e-07,7.749994e-06,5.791664e-06,6.124997e-06,6.379159e-06,6.237499e-06
7,78,213.182,0.78,8.087492e-06,2.162496e-06,5.437493e-06,5.570825e-06,5.199997e-06,2.424995e-06,7.574995e-06,6.45833e-06,6.662496e-06,6.099995e-06,1.4166e-07,8.141661e-06,6.054163e-06,6.387496e-06,6.629165e-06,6.541665e-06
7,79,213.325,0.79,8.370828e-06,2.183326e-06,5.599999e-06,5.724994e-06,5.416663e-06,2.466663e-06,7.824993e-06,6.624993e-06,6.933331e-06,6.283331e-06,1.54161e-07,8.387494e-06,6.312498e-06,6.687498e-06,6.804164e-06,6.858325e-06
7,80,213.468,0.8,8.662494e-06,2.191663e-06,5.816658e-06,5.904166e-06,5.645832e-06,2.524996e-06,8.058326e-06,6.837495e-06,7.362493e-06,6.358329e-06,2.24996e-07,8.645829e-06,6.691662e-06,7.066663e-06,7.145826e-06,7.204159e-06
7,81,213.611,0.81,8.883325e-06,2.216665e-06,5.924996e-06,6.133326e-06,5.837496e-06,2.533332e-06,8.320832e-06,7.037497e-06,7.595825e-06,6.349993e-06,1.45825e-07,8.93333e-06,6.933331e-06,7.345827e-06,7.345827e-06,7.49166e-06
7,82,213.755,0.82,9.145832e-06,2.25416e-06,6.116661e-06,6.304161e-06,6.179166e-06,2.574992e-06,8.549992e-06,7.204159e-06,7.929166e-06,6.504162e-06,1.37496e-07,9.187492e-06,7.229161e-06,7.67916e-06,7.529163e-06,7.849995e-06
7,83,213.898,0.83,9.32916e-06,2.258333e-06,6.320826e-06,6.470831e-06,6.466659e-06,2.604159e-06,8.870832e-06,7.416661e-06,8.237497e-06,6.637494e-06,1.70827e-07,9.466664e-06,7.537492e-06,8.012494e-06,7.795827e-06,8.199993e-06
7,84,214.041,0.84,9.554164e-06,2.279162e-06,6.549994e-06,6.712492e-06,6.73333e-06,2.699995e-06,9.004164e-06,7.591661e-06,8.529162e-06,6.833331e-06,1.49997e-07,9.687496e-06,7.858332e-06,8.249998e-06,8.049997e-06,8.499996e-06
7,85,214.184,0.85,9.787496e-06,2.279162e-06,6.741659e-06,6.924995e-06,7.054162e-06,2.654163e-06,9.237496e-06,7.774996e-06,8.874997e-06,6.995829e-06,1.45825e-07,1.0054159e-05,8.099993e-06,8.574994e-06,8.299994e-06,8.77916e-06
7,86,214.327,0.86,9.995826e-06,2.279162e-06,6.858325e-06,7.091665e-06,7.245827e-06,2.649999e-06,9.508331e-06,7.974998e-06,9.162498e-06,7.166664e-06,1.79164e-07,1.0137494e-05,8.462493e-06,8.837494e-06,8.491659e-06,9.174999e-06
7,87,214.47,0.87,1.022083e-05,2.366662e-06,7.179165e-06,7.258328e-06,7.562494e-06,2.704159e-06,9.720826e-06,8.104165e-06,9.391665e-06,7.299996e-06,1.70827e-07,1.0383328e-05,8.691661e-06,9.216667e-06,8.691661e-06,9.429161e-06
7,88,214.613,0.88,1.0429159e-05,2.291664e-06,7.258328e-06,7.462494e-06,7.841659e-06,2.71666e-06,9.962495e-06,8.391658e-06,9.687496e-06,7.47083e-06,1.95829e-07,1.0624997e-05,9.008329e-06,9.474993e-06,8.941666e-06,9.779159e-06
7,89,214.756,0.89,1.0654163e-05,2.279162e-06,7.454165e-06,7.566658e-06,8.10833e-06,2.733326e-06,1.0208329e-05,8.541663e-06,1.0004163e-05,7.687497e-06,1.79164e-07,1.0833327e-05,9.204166e-06,9.724999e-06,9.12083e-06,1.0058331e-05
7,90,214.899,0.9,1.0845828e-05,2.349997e-06,7.649994e-06,7.837494e-06,8.383329e-06,2.758328e-06,1.0429159e-05,8.720827e-06,1.0237495e-05,7.824993e-06,1.91665e-07,1.1099998e-05,9.491666e-06,1.00125e-05,9.379164e-06,1.0337496e-05
7,91,215.042,0.91,1.1054166e-05,2.374999e-06,7.899992e-06,7.995828e-06,8.583331e-06,2.787495e-06,1.0633325e-05,8.887498e-06,1.0474992e-05,8.008329e-06,1.99993e-07,1.1208328e-05,9.779159e-06,1.0237495e-05,9.554164e-06,1.0595831e-05
7,92,215.185,0.92,1.1212492e-05,2.358325e-06,8.04166e-06,8.058326e-06,8.84583e-06,2.808333e-06,1.0791659e-05,9.024993e-06,1.0762493e-05,8.137496e-06,1.99993e-07,1.144166e-05,1.0033329e-05,1.0558327e-05,9.749992e-06,1.0983332e-05
7,93,215.328,0.93,1.1391664e-05,2.374999e-06,8.274992e-06,8.241662e-06,9.049996e-06,2.87083e-06,1.0991661e-05,9.245833e-06,1.0999997e-05,8.308331e-06,2.16659e-07,1.1579164e-05,1.0266662e-05,1.080416e-05,9.991661e-06,1.1074996e-05
7,94,215.471,0.94,1.1570827e-05,2.391664e-06,8.50416e-06,8.358327e-06,9.320831e-06,2.929163e-06,1.1295827e-05,9.483329e-06,1.1183325e-05,8.48333e-06,1.99993e-07,1.1787494e-05,1.0533333e-05,1.1079161e-05,1.0124993e-05,1.1349996e-05
7,95,215.614,0.95,1.1770829e-05,2.424995e-06,8.741665e-06,8.583331e-06,9.654164e-06,2.845828e-06,1.1429159e-05,9.695832e-06,1.1454161e-05,8.720827e-06,1.83328e-07,1.1987496e-05,1.0849993e-05,1.1316665e-05,1.0362498e-05,1.1620831e-05
7,96,215.757,0.96,1.1887495e-05,2.474992e-06,8.945831e-06,8.754166e-06,9.724999e-06,2.899996e-06,1.1733326e-05,9.824999e-06,1.1658327e-05,8.791661e-06,1.74991e-07,1.2120827e-05,1.1079161e-05,1.1558326e-05,1.0599994e-05,1.1829162e-05
7,97,215.9,0.97,1.2220828e-05,2.479164e-06,9.208329e-06,8.895826e-06,9.974996e-06,2.962494e-06,1.1920825e-05,1.0087498e-05,1.1929163e-05,9.037494e-06,2.33332e-07,1.2270832e-05,1.135416e-05,1.1799995e-05,1.0808333e-05,1.2129164e-05
7,98,216.043,0.98,1.2220828e-05,2.495829e-06,9.420832e-06,9.05416e-06,1.0179162e-05,2.920826e-06,1.1983331e-05,1.0216665e-05,1.2087497e-05,9.129159e-06,2.66663e-07,1.2404163e-05,1.1587493e-05,1.2066666e-05,1.1016663e-05,1.2358331e-05
7,99,216.186,0.99,1.2362496e-05,2.50833e-06,9.662493e-06,9.208329e-06,1.0370827e-05,2.937492e-06,1.2274996e-05,1.0379164e-05,1.2354159e-05,9.333332e-06,2.58327e-07,1.2462497e-05,1.1841663e-05,1.2237493e-05,1.1220829e-05,1.2583328e-05
7,100,216.329,1.0,1.2508329e-05,2.495829e-06,9.833328e-06,9.370828e-06,1.0541661e-05,2.95833e-06,1.2370832e-05,1.0562499e-05,1.2516665e-05,9.470828e-06,2.0833e-07,1.2699993e-05,1.2116662e-05,1.245416e-05,1.142083e-05,1.2799994e-05
7,101,216.472,0.99,1.2308327e-05,2.420831e-06,9.695832e-06,9.14166e-06,1.0312494e-05,2.904161e-06,1.2204162e-05,1.032916e-05,1.234583e-05,9.349998e-06,1.99993e-07,1.2395827e-05,1.1816661e-05,1.2162494e-05,1.1174997e-05,1.2512493e-05
7,102,216.615,0.98,1.2112499e-05,2.420831e-06,9.454163e-06,8.995827e-06,1.0020828e-05,2.874994e-06,1.1916662e-05,1.0104163e-05,1.1920825e-05,9.183327e-06,1.33332e-07,1.217916e-05,1.1487492e-05,1.1824997e-05,1.0941664e-05,1.2216663e-05
7,103,216.758,0.97,1.1770829e-05,2.345832e-06,9.262498e-06,8.808327e-06,9.691659e-06,2.816661e-06,1.1691665e-05,9.824999e-06,1.1524995e-05,9.037494e-06,1.54161e-07,1.1879166e-05,1.1141666e-05,1.152916e-05,1.0624997e-05,1.1854164e-05
7,104,216.901,0.96,1.1483327e-05,2.258333e-06,8.93333e-06,8.462493e-06,9.399994e-06,2.770829e-06,1.1391664e-05,9.587495e-06,1.1170832e-05,8.791661e-06,9.9993e-08,1.1612495e-05,1.0758328e-05,1.1141666e-05,1.0437497e-05,1.1499993e-05
7,105,217.044,0.95,1.1454161e-05,2.299992e-06,8.699997e-06,8.279165e-06,9.02083e-06,2.733326e-06,1.1141666e-05,9.370828e-06,1.0858329e-05,8.562493e-06,1.20831e-07,1.1316665e-05,1.0279163e-05,1.0824998e-05,1.0116664e-05,1.1154159e-05
7,106,217.187,0.94,1.1108327e-05,2.237495e-06,8.374993e-06,7.883326e-06,8.666659e-06,2.666664e-06,1.0791659e-05,9.074998e-06,1.0466663e-05,8.22916e-06,7.4999e-08,1.1012498e-05,9.883332e-06,1.0362498e-05,9.808326e-06,1.0758328e-05
7,107,217.331,0.93,1.0670828e-05,2.195827e-06,8.024995e-06,7.624992e-06,8.308331e-06,2.687494e-06,1.0545826e-05,8.829164e-06,1.0187498e-05,8.070827e-06,1.04165e-07,1.0737499e-05,9.520832e-06,1.0062496e-05,9.58333e-06,1.0404166e-05
7,108,217.474,0.92,1.0483329e-05,2.199992e-06,7.699999e-06,7.316661e-06,8.008329e-06,2.558327e-06,1.0254161e-05,8.554164e-06,9.779159e-06,7.724992e-06,2.4994e-08,1.0424996e-05,9.162498e-06,9.687496e-06,9.233332e-06,1.0020828e-05
7,109,217.617,0.91,1.0137494e-05,2.145831e-06,7.358328e-06,7.033332e-06,7.620828e-06,2.52916e-06,9.895825e-06,8.245825e-06,9.41666e-06,7.458329e-06,4.164e-09,1.0087498e-05,8.804162e-06,9.30833e-06,8.937494e-06,9.641663e-06
7,110,217.76,0.9,9.787496e-06,2.112492e-06,6.991665e-06,6.741659e-06,7.266664e-06,2.479164e-06,9.487494e-06,7.94166e-06,9.079162e-06,7.21666e-06,2.9159e-08,9.762493e-06,8.379166e-06,8.874997e-06,8.662494e-06,9.279163e-06
7,111,217.903,0.89,9.387493e-06,2.037493e-06,6.608327e-06,6.429163e-06,6.904165e-06,2.395828e-06,9.245833e-06,7.591661e-06,8.670831e-06,6.933331e-06,-8.337e-09,9.474993e-06,7.966662e-06,8.462493e-06,8.312496e-06,8.879161e-06
7,112,218.046,0.88,9.041659e-06,2.016664e-06,6.366666e-06,6.179166e-06,6.516663e-06,2.429159e-06,8.870832e-06,7.341663e-06,8.245825e-06,6.658332e-06,-4.172e-09,9.133331e-06,7.524999e-06,8.19583e-06,7.966662e-06,8.48333e-06
7,113,218.189,0.87,8.704162e-06,1.999998e-06,5.891665e-06,5.804165e-06,6.074993e-06,2.324995e-06,8.474994e-06,6.954161e-06,7.870825e-06,6.399997e-06,-4.172e-09,8.745829e-06,7.129161e-06,7.704162e-06,7.57916e-06,8.062498e-06
7,114,218.332,0.86,8.354164e-06,1.962495e-06,5.658333e-06,5.591663e-06,5.733331e-06,2.224994e-06,8.204166e-06,6.658332e-06,7.449993e-06,6.124997e-06,-2.5002e-08,8.387494e-06,6.758332e-06,7.245827e-06,7.224997e-06,7.624992e-06
7,115,218.475,0.85,7.983327e-06,1.904162e-06,5.254165e-06,5.333328e-06,5.399998e-06,2.204164e-06,7.724992e-06,6.366666e-06,7.124996e-06,5.837496e-06,-1.2501e-08,8.029159e-06,6.416662e-06,6.866662e-06,6.970827e-06,7.199995e-06
7,116,218.618,0.84,7.55833e-06,1.895825e-06,4.962492e-06,4.98333e-06,5.074994e-06,2.174997e-06,7.354164e-06,6.079165e-06,6.612492e-06,5.591663e-06,-7.0834e-08,7.641665e-06,6.045826e-06,6.483333e-06,6.637494e-06,6.75416e-06
7,117,218.761,0.83,7.249999e-06,1.854165e-06,4.745825e-06,4.770827e-06,4.749998e-06,2.112492e-06,6.999993e-06,5.787492e-06,6.345828e-06,5.412499e-06,-5.4169e-08,7.254163e-06,5.704164e-06,6.074993e-06,6.195831e-06,6.366666e-06
7,118,218.904,0.82,6.92083e-06,1.833328e-06,4.545832e-06,4.562497e-06,4.520829e-06,2.120829e-06,6.608327e-06,5.579162e-06,5.92916e-06,5.17083e-06,-9.1672e-08,6.879163e-06,5.416663e-06,5.724994e-06,5.849997e-06,5.974992e-06
7,119,219.047,0.81,6.574996e-06,1.783331e-06,4.458332e-06,4.545832e-06,4.399999e-06,2.087498e-06,6.229162e-06,5.395826e-06,5.595827e-06,5.024997e-06,-6.667e-08,6.487497e-06,5.145828e-06,5.429165e-06,5.55416e-06,5.637495e-06
7,120,219.19,0.8,6.154164e-06,1.737499e-06,4.416665e-06,4.545832e-06,4.337493e-06,2.083325e-06,5.945826e-06,5.27916e-06,5.274995e-06,4.849998e-06,-7.0834e-08,6.108331e-06,4.991658e-06,5.124998e-06,5.299997e-06,5.412499e-06
7,121,219.333,0.79,5.824995e-06,1.687495e-06,4.416665e-06,4.612494e-06,4.324992e-06,2.033329e-06,5.462496e-06,5.233328e-06,5.049992e-06,4.787493e-06,-7.9171e-08,5.779163e-06,4.770827e-06,4.908331e-06,5.033326e-06,5.204161e-06
7,122,219.476,0.78,5.387497e-06,1.662493e-06,4.512493e-06,4.724996e-06,4.445831e-06,2.049994e-06,5.266658e-06,5.254165e-06,4.774992e-06,4.737497e-06,-5.8341e-08,5.454159e-06,4.724996e-06,4.733332e-06,4.858327e-06,4.899995e-06
7,123,219.619,0.77,5.083331e-06,1.608332e-06,4.662498e-06,4.949999e-06,4.624995e-06,2.058331e-06,4.899995e-06,5.295825e-06,4.624995e-06,4.766663e-06,-6.2505e-08,5.204161e-06,4.716659e-06,4.666662e-06,4.691664e-06,4.724996e-06
7,124,219.762,0.76,4.862499e-06,1.58333e-06,4.870828e-06,5.174994e-06,4.858327e-06,2.15416e-06,4.704165e-06,5.44583e-06,4.524994e-06,4.808331e-06,-8.7508e-08,4.995831e-06,4.779164e-06,4.591664e-06,4.612494e-06,4.666662e-06
7,125,219.905,0.75,4.583327e-06,1.520832e-06,5.158329e-06,5.454159e-06,5.074994e-06,2.187498e-06,4.583327e-06,5.666661e-06,4.487499e-06,4.887494e-06,-1.25003e-07,4.82916e-06,4.920832e-06,4.62083e-06,4.616666e-06,4.720831e-06
7,126,220.048,0.74,4.483326e-06,1.483329e-06,5.441666e-06,5.770826e-06,5.391661e-06,2.23333e-06,4.508328e-06,5.895829e-06,4.554161e-06,4.991658e-06,-1.08337e-07,4.695829e-06,5.137499e-06,4.679163e-06,4.566662e-06,4.766663e-06
7,127,220.191,0.73,4.429166e-06,1.49583e-06,5.704164e-06,6.049999e-06,5.72083e-06,2.279162e-06,4.53333e-06,6.170829e-06,4.599992e-06,5.137499e-06,-1.00009e-07,4.712494e-06,5.283332e-06,4.82916e-06,4.720831e-06,4.91666e-06
7,128,220.334,0.72,4.370832e-06,1.499995e-06,6.020832e-06,6.504162e-06,6.083329e-06,2.324995e-06,4.62083e-06,6.524992e-06,4.741661e-06,5.320827e-06,-1.00009e-07,4.762499e-06,5.616665e-06,5.079166e-06,4.824996e-06,5.091659e-06
7,129,220.477,0.71,4.441659e-06,1.49583e-06,6.437492e-06,6.829158e-06,6.379159e-06,2.383327e-06,4.770827e-06,6.858325e-06,4.929161e-06,5.566661e-06,-9.1672e-08,4.824996e-06,5.92916e-06,5.229163e-06,5.087495e-06,5.362495e-06
7,130,220.62,0.7,4.745825e-06,1.491666e-06,6.741659e-06,7.21666e-06,6.724993e-06,2.445825e-06,4.945827e-06,7.19583e-06,5.154165e-06,5.762497e-06,-1.12502e-07,4.999995e-06,6.241663e-06,5.529165e-06,5.283332e-06,5.566661e-06
7,131,220.764,0.69,4.862499e-06,1.474992e-06,7.070827e-06,7.57916e-06,7.045825e-06,2.441661e-06,5.199997e-06,7.57916e-06,5.499999e-06,6.024996e-06,-1.12502e-07,5.224999e-06,6.533329e-06,5.787492e-06,5.599999e-06,5.883328e-06
7,132,220.907,0.68,5.037498e-06,1.520832e-06,7.379158e-06,7.883326e-06,7.374994e-06,2.554162e-06,5.470832e-06,7.920829e-06,5.758325e-06,6.245828e-06,-1.45841e-07,5.495826e-06,6.891664e-06,6.158328e-06,5.829159e-06,6.254164e-06
7,133,221.05,0.67,5.416663e-06,1.51666e-06,7.758331e-06,8.274992e-06,7.824993e-06,2.566663e-06,5.795829e-06,8.254163e-06,6.104159e-06,6.574996e-06,-6.2505e-08,5.779163e-06,7.241662e-06,6.462495e-06,6.145827e-06,6.616664e-06
7,134,221.193,0.66,5.520828e-06,1.562492e-06,8.070827e-06,8.583331e-06,8.083328e-06,2.604159e-06,6.066664e-06,8.57083e-06,6.437492e-06,6.812493e-06,-1.62506e-07,6.074993e-06,7.566658e-06,6.745831e-06,6.504162e-06,6.883327e-06
7,135,221.336,0.65,5.854161e-06,1.574993e-06,8.454163e-06,8.949995e-06,8.441662e-06,2.654163e-06,6.412498e-06,8.899999e-06,6.799992e-06,7.108331e-06,-1.29175e-07,6.395833e-06,8.062498e-06,7.079164e-06,6.816666e-06,7.266664e-06
7,136,221.479,0.64,6.170829e-06,1.641663e-06,8.804162e-06,9.216667e-06,8.733328e-06,2.699995e-06,6.691662e-06,9.291664e-06,7.166664e-06,7.387495e-06,-1.16674e-07,6.745831e-06,8.399995e-06,7.512498e-06,7.170828e-06,7.629164e-06
7,137,221.622,0.63,6.587497e-06,1.608332e-06,9.033331e-06,9.645828e-06,9.012492e-06,2.679165e-06,7.058326e-06,9.574994e-06,7.483332e-06,7.666659e-06,-1.3334e-07,7.041661e-06,8.724999e-06,7.808328e-06,7.508326e-06,7.962497e-06
7,138,221.765,0.62,6.895828e-06,1.662493e-06,9.470828e-06,9.991661e-06,9.362499e-06,2.733326e-06,7.424998e-06,9.920827e-06,7.849995e-06,7.945831e-06,-1.20838e-07,7.449993e-06,9.008329e-06,8.141661e-06,7.862496e-06,8.324997e-06
7,139,221.908,0.61,7.212496e-06,1.691659e-06,9.67083e-06,1.0212493e-05,9.58333e-06,2.78333e-06,7.74583e-06,1.0208329e-05,8.224996e-06,8.22916e-06,-1.37504e-07,7.737493e-06,9.324996e-06,8.404159e-06,8.220832e-06,8.620827e-06
7,140,222.051,0.6,7.554166e-06,1.749992e-06,9.97916e-06,1.0533333e-05,9.891661e-06,2.787495e-06,8.133332e-06,1.0445825e-05,8.549992e-06,8.516661e-06,-1.50005e-07,8.104165e-06,9.712498e-06,8.77916e-06,8.41666e-06,8.949995e-06
7,141,222.194,0.59,7.920829e-06,1.766666e-06,1.0233331e-05,1.0808333e-05,1.0170826e-05,2.799996e-06,8.424998e-06,1.0695831e-05,8.924992e-06,8.799998e-06,-1.25003e-07,8.424998e-06,1.0058331e-05,9.079162e-06,8.737493e-06,9.32916e-06
7,142,222.337,0.58,8.337498e-06,1.779159e-06,1.0579165e-05,1.1212492e-05,1.0441661e-05,2.816661e-06,8.733328e-06,1.1054166e-05,9.262498e-06,8.96666e-06,-1.41668e-07,8.724999e-06,1.032916e-05,9.383329e-06,9.133331e-06,9.60416e-06
7,143,222.48,0.57,8.649993e-06,1.804161e-06,1.0845828e-05,1.1466662e-05,1.0837499e-05,2.849992e-06,9.037494e-06,1.1333331e-05,9.545827e-06,9.258326e-06,-1.79172e-07,9.074998e-06,1.0649999e-05,9.708333e-06,9.366663e-06,9.974996e-06
7,144,222.623,0.56,9.024993e-06,1.816662e-06,1.1179161e-05,1.1666663e-05,1.1062495e-05,2.929163e-06,9.312495e-06,1.1616659e-05,9.849993e-06,9.558328e-06,-1.75007e-07,9.354162e-06,1.0970831e-05,9.995826e-06,9.637499e-06,1.0187498e-05
7,145,222.766,0.55,9.341661e-06,1.874995e-06,1.1404165e-05,1.1962493e-05,1.1204163e-05,2.899996e-06,9.704161e-06,1.1854164e-05,1.0162496e-05,9.795833e-06,-1.3334e-07,9.708333e-06,1.1274998e-05,1.0349997e-05,9.954158e-06,1.0520832e-05
7,146,222.909,0.54,9.649992e-06,1.904162e-06,1.1720832e-05,1.2229165e-05,1.1491664e-05,2.87083e-06,9.929165e-06,1.2158331e-05,1.0479164e-05,1.0029165e-05,-1.54169e-07,1.0004163e-05,1.1516667e-05,1.0641662e-05,1.0283327e-05,1.0841663e-05
7,147,223.052,0.53,9.820827e-06,1.908326e-06,1.2020826e-05,1.2449996e-05,1.1724997e-05,2.912498e-06,1.0233331e-05,1.2362496e-05,1.078333e-05,1.0262497e-05,-1.45841e-07,1.0274998e-05,1.1829162e-05,1.0920827e-05,1.0545826e-05,1.1120828e-05
7,148,223.195,0.52,1.0070833e-05,1.870831e-06,1.2224992e-05,1.2695829e-05,1.2033327e-05,2.920826e-06,1.0533333e-05,1.2695829e-05,1.1079161e-05,1.0554163e-05,-1.12502e-07,1.058333e-05,1.2137492e-05,1.1212492e-05,1.0858329e-05,1.1445833e-05
7,149,223.338,0.51,1.0524996e-05,1.916663e-06,1.2545832e-05,1.3008333e-05,1.2258331e-05,2.949993e-06,1.0824998e-05,1.2912496e-05,1.1433332e-05,1.0774994e-05,-1.20838e-07,1.0887496e-05,1.2399999e-05,1.1533331e-05,1.1137494e-05,1.1749999e-05
7,150,223.481,0.5,1.0720825e-05,1.958331e-06,1.2733332e-05,1.3229163e-05,1.2491663e-05,2.979159e-06,1.1108327e-05,1.3104161e-05,1.1729161e-05,1.0991661e-05,-1.83336e-07,1.1104163e-05,1.2641661e-05,1.1816661e-05,1.1383327e-05,1.197083e-05
7,151,223.624,0.49,1.1016663e-05,1.995826e-06,1.2945827e-05,1.346666e-05,1.2695829e-05,2.995825e-06,1.1308328e-05,1.3274996e-05,1.2054165e-05,1.1191662e-05,-1.83336e-07,1.1370826e-05,1.279583e-05,1.1983331e-05,1.160833e-05,1.2274996e-05
7,152,223.767,0.48,1.1216664e-05,1.999998e-06,1.3249994e-05,1.3670826e-05,1.2920833e-05,3.024999e-06,1.1575e-05,1.346666e-05,1.2220828e-05,1.1433332e-05,-1.79172e-07,1.1583328e-05,1.3020825e-05,1.2404163e-05,1.1854164e-05,1.2487499e-05
7,153,223.91,0.47,1.1474999e-05,2.012499e-06,1.343333e-05,1.3879164e-05,1.3145828e-05,3.008326e-06,1.1824997e-05,1.3708329e-05,1.2383326e-05,1.1770829e-05,-1.12502e-07,1.1891659e-05,1.3308327e-05,1.2512493e-05,1.2166659e-05,1.2783329e-05
7,154,224.053,0.46,1.1724997e-05,2.020828e-06,1.3624994e-05,1.4099995e-05,1.334583e-05,3.033328e-06,1.2016662e-05,1.3929161e-05,1.2691665e-05,1.1791666e-05,-9.1672e-08,1.2104161e-05,1.3541659e-05,1.2712495e-05,1.236666e-05,1.2999995e-05
7,155,224.196,0.45,1.2070831e-05,1.97916e-06,1.3791664e-05,1.4295832e-05,1.3520829e-05,3.049993e-06,1.2279161e-05,1.4129162e-05,1.2874993e-05,1.1987496e-05,-1.20838e-07,1.2399999e-05,1.3758326e-05,1.2970829e-05,1.2583328e-05,1.3266659e-05
7,156,224.34,0.44,1.2187496e-05,1.999998e-06,1.401666e-05,1.4516663e-05,1.3729159e-05,3.045829e-06,1.2570827e-05,1.4341665e-05,1.3124998e-05,1.2170832e-05,-1.87508e-07,1.2491663e-05,1.3983329e-05,1.3162494e-05,1.2758326e-05,1.3424992e-05
7,157,224.483,0.43,1.2445831e-05,2.016664e-06,1.4295832e-05,1.4687498e-05,1.3891665e-05,3.074996e-06,1.2720831e-05,1.4529164e-05,1.3358331e-05,1.236666e-05,-1.79172e-07,1.2737497e-05,1.4179166e-05,1.343333e-05,1.3033326e-05,1.3691663e-05
7,158,224.626,0.42,1.270833e-05,2.074997e-06,1.454583e-05,1.4795828e-05,1.4108332e-05,3.120828e-06,1.2949999e-05,1.4712493e-05,1.3595827e-05,1.2549996e-05,-1.41668e-07,1.2895831e-05,1.4533329e-05,1.3712493e-05,1.3199997e-05,1.3924996e-05
7,159,224.769,0.41,1.3062493e-05,2.033329e-06,1.4695827e-05,1.5049998e-05,1.4308325e-05,3.104162e-06,1.3212498e-05,1.4879163e-05,1.3795829e-05,1.2774992e-05,-2.00001e-07,1.3104161e-05,1.4620829e-05,1.3849997e-05,1.3379161e-05,1.4154164e-05
7,160,224.912,0.4,1.3145828e-05,2.104163e-06,1.4858325e-05,1.5229161e-05,1.4387496e-05,3.087497e-06,1.3316663e-05,1.5091666e-05,1.4020832e-05,1.2941662e-05,-1.83336e-07,1.3287497e-05,1.4808329e-05,1.4079165e-05,1.3624994e-05,1.4354166e-05
7,161,225.055,0.39,1.3283332e-05,2.020828e-06,1.5224997e-05,1.5379166e-05,1.465416e-05,3.095826e-06,1.3549996e-05,1.5237499e-05,1.4183331e-05,1.3079167e-05,-1.62506e-07,1.353333e-05,1.4870827e-05,1.4366667e-05,1.3883328e-05,1.45125e-05
7,162,225.198,0.38,1.3483325e-05,2.020828e-06,1.5183329e-05,1.5583333e-05,1.4808329e-05,3.183325e-06,1.3716666e-05,1.5404161e-05,1.4437493e-05,1.3254165e-05,-1.6667e-07,1.3699992e-05,1.5079165e-05,1.4658332e-05,1.4112497e-05,1.4741659e-05
7,163,225.341,0.37,1.3670826e-05,2.083325e-06,1.5420826e-05,1.5679161e-05,1.4912494e-05,3.212492e-06,1.3899994e-05,1.5599999e-05,1.46125e-05,1.3408328e-05,-1.6667e-07,1.3895829e-05,1.5212496e-05,1.4641666e-05,1.4266666e-05,1.48875e-05
7,164,225.484,0.36,1.3845834e-05,2.029165e-06,1.5529164e-05,1.5904165e-05,1.5233326e-05,3.199998e-06,1.4183331e-05,1.5699998e-05,1.484166e-05,1.362083e-05,-1.95837e-07,1.4066664e-05,1.5391659e-05,1.4833331e-05,1.4541666e-05,1.5124997e-05
7,165,225.627,0.35,1.4024997e-05,2.083325e-06,1.5708327e-05,1.6066662e-05,1.5274994e-05,3.187497e-06,1.4362494e-05,1.5845832e-05,1.5016659e-05,1.3737495e-05,-1.58342e-07,1.4258329e-05,1.5587497e-05,1.502916e-05,1.4679162e-05,1.5270829e-05
7,166,225.77,0.34,1.4241664e-05,2.079161e-06,1.5908328e-05,1.6199994e-05,1.5595826e-05,3.204163e-06,1.4445829e-05,1.59875e-05,1.51625e-05,1.3837496e-05,-1.70835e-07,1.4441665e-05,1.5804164e-05,1.5195831e-05,1.4912494e-05,1.5449992e-05
7,167,225.913,0.33,1.4412499e-05,2.095826e-06,1.6079164e-05,1.6574995e-05,1.5608326e-05,3.279162e-06,1.4645831e-05,1.6187492e-05,1.5449992e-05,1.408333e-05,-1.91673e-07,1.4620829e-05,1.5983327e-05,1.5420826e-05,1.4870827e-05,1.5637494e-05
7,168,226.056,0.32,1.4799993e-05,2.083325e-06,1.6208331e-05,1.650416e-05,1.5924994e-05,3.258332e-06,1.4812494e-05,1.639583e-05,1.5554166e-05,1.4187495e-05,-1.37504e-07,1.4774998e-05,1.6154163e-05,1.5620828e-05,1.511666e-05,1.5733329e-05
7,169,226.199,0.31,1.4941661e-05,2.112492e-06,1.6358328e-05,1.665833e-05,1.5912494e-05,3.358332e-06,1.5108331e-05,1.6541664e-05,1.5699998e-05,1.429166e-05,-1.58342e-07,1.4904165e-05,1.6283329e-05,1.5749994e-05,1.5345828e-05,1.594166e-05
7,170,226.342,0.3,1.509583e-05,2.141659e-06,1.6516662e-05,1.6849996e-05,1.6020831e-05,3.262496e-06,1.5241662e-05,1.6633328e-05,1.5924994e-05,1.4554159e-05,-1.79172e-07,1.5104159e-05,1.6520826e-05,1.5916665e-05,1.547916e-05,1.610833e-05
7,171,226.485,0.29,1.5170828e-05,2.070832e-06,1.667916e-05,1.6933331e-05,1.6145825e-05,3.274997e-06,1.5529164e-05,1.6824992e-05,1.6104166e-05,1.4629165e-05,-1.79172e-07,1.5274994e-05,1.6591661e-05,1.6066662e-05,1.557916e-05,1.6266664e-05
7,172,226.628,0.28,1.5224997e-05,2.13333e-06,1.6774997e-05,1.7112494e-05,1.6337499e-05,3.241658e-06,1.5404161e-05,1.6920829e-05,1.6245825e-05,1.4829159e-05,-1.37504e-07,1.5395832e-05,1.6691662e-05,1.6208331e-05,1.5779162e-05,1.6495831e-05
7,173,226.771,0.27,1.5583333e-05,2.141659e-06,1.7012493e-05,1.7254162e-05,1.6474994e-05,3.270833e-06,1.5595826e-05,1.7008328e-05,1.6512497e-05,1.4999993e-05,-1.54169e-07,1.547916e-05,1.6933331e-05,1.6437498e-05,1.5954161e-05,1.6612497e-05
7,174,226.914,0.26,1.5637494e-05,2.124993e-06,1.7079163e-05,1.7387494e-05,1.6604161e-05,3.270833e-06,1.5758331e-05,1.7108328e-05,1.6633328e-05,1.5258328e-05,-1.87508e-07,1.5629164e-05,1.7058333e-05,1.6599997e-05,1.6112495e-05,1.6791662e-05
7,175,227.057,0.25,1.5674996e-05,2.149995e-06,1.724166e-05,1.7529163e-05,1.6749995e-05,3.291663e-06,1.5912494e-05,1.7279164e-05,1.6816664e-05,1.5266665e-05,-1.45841e-07,1.5858332e-05,1.7266662e-05,1.6741666e-05,1.6291666e-05,1.6970833e-05
7,176,227.2,0.24,1.582083e-05,2.179162e-06,1.7358327e-05,1.7633327e-05,1.6887498e-05,3.287498e-06,1.6099993e-05,1.7366663e-05,1.6912492e-05,1.5387495e-05,-5.0004e-08,1.5983327e-05,1.7412496e-05,1.6929165e-05,1.639583e-05,1.7183327e-05
7,177,227.343,0.23,1.6020831e-05,2.162496e-06,1.7520833e-05,1.7774995e-05,1.7037495e-05,3.329166e-06,1.6237498e-05,1.7491666e-05,1.7216667e-05,1.5525e-05,-1.54169e-07,1.6104166e-05,1.7454164e-05,1.7029166e-05,1.6574995e-05,1.7274999e-05
7,178,227.486,0.22,1.6345826e-05,2.212493e-06,1.7687496e-05,1.7962495e-05,1.7220831e-05,3.35416e-06,1.6362492e-05,1.7695833e-05,1.7316659e-05,1.5787498e-05,-1.75007e-07,1.6249998e-05,1.7633327e-05,1.7224995e-05,1.6695833e-05,1.741666e-05
7,179,227.629,0.21,1.622916e-05,2.170825e-06,1.786666e-05,1.8112492e-05,1.7291664e-05,3.312492e-06,1.6474994e-05,1.785833e-05,1.7283328e-05,1.5737494e-05,-1.91673e-07,1.6412496e-05,1.7808326e-05,1.7358327e-05,1.6829164e-05,1.7587496e-05
7,180,227.773,0.2,1.6408332e-05,2.212493e-06,1.7920827e-05,1.8258334e-05,1.7408331e-05,3.379162e-06,1.6629163e-05,1.7962495e-05,1.7487495e-05,1.5870826e-05,-2.00001e-07,1.6512497e-05,1.7929164e-05,1.7508331e-05,1.7029166e-05,1.769166e-05
7,181,227.916,0.19,1.6712498e-05,2.204164e-06,1.8091663e-05,1.8375e-05,1.7566665e-05,3.379162e-06,1.6812499e-05,1.8158333e-05,1.7654165e-05,1.5974998e-05,-7.5006e-08,1.6616663e-05,1.8012499e-05,1.7674995e-05,1.7054161e-05,1.7837492e-05
7,182,228.059,0.18,1.6795826e-05,2.204164e-06,1.8254161e-05,1.8491666e-05,1.7633327e-05,3.374998e-06,1.6849996e-05,1.8191664e-05,1.7824999e-05,1.6158327e-05,-2.25004e-07,1.6737493e-05,1.8204164e-05,1.7833328e-05,1.729583e-05,1.7920827e-05
7,183,228.202,0.17,1.6774997e-05,2.145831e-06,1.8358325e-05,1.8595831e-05,1.7720826e-05,3.416665e-06,1.7016666e-05,1.8358325e-05,1.7949995e-05,1.6299995e-05,-1.75007e-07,1.6804162e-05,1.8437497e-05,1.7949995e-05,1.7387494e-05,1.8129165e-05
7,184,228.345,0.16,1.7054161e-05,2.187498e-06,1.8479164e-05,1.8691659e-05,1.7920827e-05,3.42083e-06,1.7149996e-05,1.8491666e-05,1.8074998e-05,1.6408332e-05,-1.83336e-07,1.696666e-05,1.8404166e-05,1.81e-05,1.7545828e-05,1.8254161e-05
7,185,228.488,0.15,1.7079163e-05,2.174997e-06,1.8720826e-05,1.8933328e-05,1.8095827e-05,3.399992e-06,1.7208329e-05,1.8683329e-05,1.8195828e-05,1.6541664e-05,-1.75007e-07,1.7112494e-05,1.8566665e-05,1.8245832e-05,1.7683331e-05,1.8458326e-05
7,186,228.631,0.14,1.7154161e-05,2.174997e-06,1.877083e-05,1.9070832e-05,1.8083327e-05,3.449996e-06,1.7429162e-05,1.8654164e-05,1.8395829e-05,1.6687496e-05,-1.79172e-07,1.7224995e-05,1.8624996e-05,1.8499994e-05,1.7833328e-05,1.8491666e-05
7,187,228.774,0.13,1.7337497e-05,2.187498e-06,1.8841663e-05,1.9033328e-05,1.8237495e-05,3.479163e-06,1.7587496e-05,1.8791659e-05,1.8558327e-05,1.6820828e-05,-1.79172e-07,1.7333332e-05,1.8695831e-05,1.8479164e-05,1.7958331e-05,1.8654164e-05
7,188,228.917,0.12,1.7383329e-05,2.145831e-06,1.8874995e-05,1.9183326e-05,1.842916e-05,3.44166e-06,1.76375e-05,1.8895833e-05,1.8612496e-05,1.6958333e-05,-1.62506e-07,1.7445827e-05,1.8933328e-05,1.8579165e-05,1.8066661e-05,1.878333e-05
7,189,229.06,0.11,1.7599996e-05,2.174997e-06,1.8991661e-05,1.9337494e-05,1.8620833e-05,3.504165e-06,1.7716662e-05,1.9037492e-05,1.8779167e-05,1.7045832e-05,-1.95837e-07,1.7624998e-05,1.9079162e-05,1.8733326e-05,1.8149996e-05,1.8854165e-05
7,190,229.203,0.1,1.7741664e-05,2.224994e-06,1.9191662e-05,1.9441661e-05,1.8612496e-05,3.462497e-06,1.7883332e-05,1.9154159e-05,1.8854165e-05,1.713333e-05,-1.37504e-07,1.7724999e-05,1.9179161e-05,1.8849993e-05,1.8437497e-05,1.8987497e-05
7,191,229.346,0.09,1.7899998e-05,2.245831e-06,1.935416e-05,1.9462497e-05,1.8679166e-05,3.487492e-06,1.804583e-05,1.9258332e-05,1.9024999e-05,1.7320832e-05,-1.50005e-07,1.7849994e-05,1.9229166e-05,1.8962495e-05,1.8349998e-05,1.9083333e-05
7,192,229.489,0.08,1.8183327e-05,2.208328e-06,1.9437495e-05,1.9645826e-05,1.8829163e-05,3.612495e-06,1.8158333e-05,1.940833e-05,1.9108327e-05,1.7366663e-05,-1.83336e-07,1.7924993e-05,1.9370826e-05,1.9124993e-05,1.8508332e-05,1.9183326e-05
7,193,229.632,0.07,1.8137494e-05,2.212493e-06,1.9466663e-05,1.9766665e-05,1.8962495e-05,3.60833e-06,1.8366663e-05,1.9495828e-05,1.9291663e-05,1.7554165e-05,-1.54169e-07,1.8133331e-05,1.9491665e-05,1.9241666e-05,1.865e-05,1.9279161e-05
7,194,229.775,0.06,1.8404166e-05,2.191663e-06,1.9599995e-05,1.9870829e-05,1.8979161e-05,3.479163e-06,1.8504166e-05,1.9612495e-05,1.9345833e-05,1.7587496e-05,-2.3334e-07,1.8187498e-05,1.9620831e-05,1.93e-05,1.8699995e-05,1.9437495e-05
7,195,229.918,0.05,1.8258334e-05,2.23333e-06,1.9720832e-05,1.9995832e-05,1.9145831e-05,3.533332e-06,1.8433333e-05,1.9704159e-05,1.9470826e-05,1.769166e-05,-1.3334e-07,1.8295828e-05,1.9899997e-05,1.9458326e-05,1.8862494e-05,1.9558327e-05
7,196,230.061,0.04,1.8370827e-05,2.216665e-06,1.9816662e-05,2.0049993e-05,1.9245832e-05,3.491664e-06,1.8579165e-05,1.9674993e-05,1.9516667e-05,1.785833e-05,-1.95837e-07,1.8433333e-05,1.9729161e-05,1.9566663e-05,1.8937493e-05,1.962916e-05
7,197,230.204,0.03,1.8454162e-05,2.237495e-06,1.9879166e-05,2.0154166e-05,1.9274998e-05,3.54166e-06,1.8645827e-05,1.985e-05,1.9720832e-05,1.7874996e-05,-1.12502e-07,1.842916e-05,1.9858329e-05,1.9791667e-05,1.9054167e-05,1.9745827e-05
7,198,230.347,0.02,1.8745828e-05,2.212493e-06,2.0049993e-05,2.0304164e-05,1.9433332e-05,3.549997e-06,1.8908326e-05,1.9920826e-05,1.9783331e-05,1.8024994e-05,-1.50005e-07,1.8624996e-05,2.0049993e-05,1.9733325e-05,1.9137493e-05,1.9887495e-05
7,199,230.49,0.01,1.8658327e-05,2.237495e-06,2.0133328e-05,2.0370833e-05,1.9474999e-05,3.579164e-06,1.894583e-05,1.9983332e-05,1.9916661e-05,1.8158333e-05,-1.70835e-07,1.8683329e-05,2.0025e-05,1.9895831e-05,1.9283327e-05,1.9941665e-05
7,200,230.633,0.0,1.9074996e-05,2.245831e-06,2.0262496e-05,2.0437496e-05,1.9587493e-05,3.587492e-06,1.9029165e-05,2.0099997e-05,2.0141666e-05,1.8174998e-05,-1.79172e-07,1.8862494e-05,2.0104162e-05,1.9999998e-05,1.9383328e-05,2.007916e-05
,,,,,,,,,,,,,,,,,,,,7,0.62,0.62,0.76,0.76,0.74,0.74,0.65,0.73,0.69,0.74,0.08,0.64,0.71,0.7,0.69,0.7,0.72,0.69,0.8,0.81,0.79,0.79,0.74,0.79,0.75,0.78,0.91,0.74,0.77,0.76,0.74,0.76
8,0,230.877,0.0,1.9012499e-05,2.283327e-06,2.025416e-05,2.0424994e-05,1.9658328e-05,3.616659e-06,1.9008326e-05,2.0129164e-05,2.0004161e-05,1.8279163e-05,-1.29175e-07,1.8791659e-05,2.0224992e-05,1.9966667e-05,1.9370826e-05,2.014583e-05
8,1,231.02,0.01,1.8920828e-05,2.304165e-06,2.0287498e-05,2.0441659e-05,1.9566663e-05,3.616659e-06,1.8970832e-05,2.0074995e-05,2.0008325e-05,1.8299992e-05,-1.20838e-07,1.8720826e-05,2.015833e-05,1.9937499e-05,1.9324994e-05,2.0041665e-05
8,2,231.163,0.02,1.8774994e-05,2.345832e-06,2.0179161e-05,2.0324993e-05,1.952916e-05,3.616659e-06,1.8816661e-05,2.0058329e-05,1.9908333e-05,1.8241661e-05,-7.9171e-08,1.8541661e-05,2.0095833e-05,1.9895831e-05,1.9283327e-05,1.9966667e-05
8,3,231.306,0.03,1.8633325e-05,2.345832e-06,2.0104162e-05,2.0308327e-05,1.9391664e-05,3.666663e-06,1.8679166e-05,1.9979159e-05,1.9691666e-05,1.8041666e-05,-9.5836e-08,1.8504166e-05,1.9920826e-05,1.9699995e-05,1.9141666e-05,2.0025e-05
8,4,231.45,0.04,1.8587494e-05,2.366662e-06,2.0033327e-05,2.0199997e-05,1.934166e-05,3.662499e-06,1.8570829e-05,1.9904161e-05,1.9654162e-05,1.8037494e-05,-2.9174e-08,1.8379164e-05,1.9933326e-05,1.962916e-05,1.9124993e-05,1.9708332e-05
8,5,231.593,0.05,1.8299992e-05,2.337496e-06,1.997083e-05,2.0045829e-05,1.9295827e-05,3.654162e-06,1.8458326e-05,1.9862493e-05,1.9558327e-05,1.7887496e-05,-6.2505e-08,1.8295828e-05,1.9837498e-05,1.9612495e-05,1.8991661e-05,1.9620831e-05
8,6,231.736,0.06,1.8108329e-05,2.366662e-06,1.9779165e-05,2.0095833e-05,1.9116664e-05,3.687493e-06,1.8270826e-05,1.9749999e-05,1.9454161e-05,1.7908327e-05,-8.337e-09,1.8070832e-05,1.9720832e-05,1.9445833e-05,1.8866665e-05,1.9570827e-05
8,7,231.879,0.07,1.7987497e-05,2.345832e-06,1.9737497e-05,1.9966667e-05,1.8991661e-05,3.704158e-06,1.8104163e-05,1.9674993e-05,1.934166e-05,1.7749993e-05,-4.584e-08,1.7887496e-05,1.9599995e-05,1.9333331e-05,1.8795832e-05,1.9458326e-05
8,8,232.022,0.08,1.7845829e-05,2.295828e-06,1.9674993e-05,1.9874993e-05,1.8937493e-05,3.612495e-06,1.8108329e-05,1.9595829e-05,1.9262498e-05,1.7733328e-05,-5.8341e-08,1.7820827e-05,1.9737497e-05,1.92875e-05,1.8629162e-05,1.9395828e-05
8,9,232.165,0.09,1.7658329e-05,2.316666e-06,1.9749999e-05,1.9724997e-05,1.8816661e-05,3.733325e-06,1.7908327e-05,1.9479163e-05,1.9158331e-05,1.7624998e-05,-2.9174e-08,1.7633327e-05,1.9433332e-05,1.9104164e-05,1.8545827e-05,1.9279161e-05
8,10,232.308,0.1,1.7604159e-05,2.324995e-06,1.9470826e-05,1.9662499e-05,1.8758328e-05,3.641661e-06,1.7745828e-05,1.9395828e-05,1.8999997e-05,1.7516661e-05,-5.0004e-08,1.7483329e-05,1.9237494e-05,1.9124993e-05,1.8483328e-05,1.9124993e-05
8,11,232.451,0.11,1.740416e-05,2.324995e-06,1.9258332e-05,1.9524996e-05,1.860416e-05,3.662499e-06,1.7549999e-05,1.9237494e-05,1.8916662e-05,1.7445827e-05,-1.6673e-08,1.7387494e-05,1.9274998e-05,1.8999997e-05,1.8375e-05,1.9033328e-05
8,12,232.594,0.12,1.7245833e-05,2.345832e-06,1.9316665e-05,1.9549998e-05,1.8570829e-05,3.645825e-06,1.7470829e-05,1.9208328e-05,1.8741663e-05,1.7333332e-05,-2.5002e-08,1.7216667e-05,1.8995834e-05,1.8833327e-05,1.8404166e-05,1.8899997e-05
8,13,232.737,0.13,1.7095828e-05,2.404165e-06,1.9149995e-05,1.9499994e-05,1.8479164e-05,3.612495e-06,1.7349998e-05,1.91125e-05,1.8583329e-05,1.7224995e-05,-1.2501e-08,1.702083e-05,1.8924999e-05,1.8545827e-05,1.8108329e-05,1.8720826e-05
8,14,232.88,0.14,1.6924992e-05,2.349997e-06,1.8924999e-05,1.93e-05,1.8291665e-05,3.60833e-06,1.7166662e-05,1.8983332e-05,1.8508332e-05,1.7108328e-05,-1.2501e-08,1.6908327e-05,1.8812498e-05,1.8462499e-05,1.8149996e-05,1.8591667e-05
8,15,233.023,0.15,1.6762495e-05,2.329159e-06,1.8941664e-05,1.9024999e-05,1.8349998e-05,3.62916e-06,1.6929165e-05,1.8812498e-05,1.8387493e-05,1.6983326e-05,1.6665e-08,1.6783333e-05,1.8670829e-05,1.834166e-05,1.7941666e-05,1.8466664e-05
8,16,233.166,0.16,1.6637492e-05,2.366662e-06,1.8750001e-05,1.8979161e-05,1.7945829e-05,3.599993e-06,1.677916e-05,1.8754165e-05,1.8283328e-05,1.6933331e-05,-4.584e-08,1.6620827e-05,1.8549999e-05,1.8191664e-05,1.7658329e-05,1.8245832e-05
8,17,233.309,0.17,1.6470829e-05,2.399993e-06,1.8645827e-05,1.8816661e-05,1.7995826e-05,3.595829e-06,1.6683332e-05,1.8679166e-05,1.8112492e-05,1.6737493e-05,-2.0838e-08,1.6408332e-05,1.8375e-05,1.8041666e-05,1.7545828e-05,1.8120829e-05
8,18,233.452,0.18,1.6254162e-05,2.374999e-06,1.8533334e-05,1.8716661e-05,1.7895825e-05,3.616659e-06,1.6533328e-05,1.8499994e-05,1.7941666e-05,1.6695833e-05,4.5832e-08,1.6358328e-05,1.8254161e-05,1.7874996e-05,1.7470829e-05,1.7991662e-05
8,19,233.595,0.19,1.6270827e-05,2.387492e-06,1.8399993e-05,1.8620833e-05,1.7645827e-05,3.616659e-06,1.6437498e-05,1.8408331e-05,1.7829163e-05,1.6520826e-05,6.2497e-08,1.6087492e-05,1.8149996e-05,1.7729164e-05,1.729583e-05,1.7791661e-05
8,20,233.738,0.2,1.592083e-05,2.374999e-06,1.8237495e-05,1.8462499e-05,1.7524997e-05,3.549997e-06,1.6258327e-05,1.8224995e-05,1.7595832e-05,1.6345826e-05,5.8325e-08,1.5954161e-05,1.7995826e-05,1.7566665e-05,1.7199993e-05,1.7766666e-05
8,21,233.881,0.21,1.5641666e-05,2.420831e-06,1.8087498e-05,1.8295828e-05,1.7441662e-05,3.537496e-06,1.5879163e-05,1.8091663e-05,1.7524997e-05,1.6304159e-05,-2.9174e-08,1.5729165e-05,1.786666e-05,1.750416e-05,1.7062497e-05,1.7554165e-05
8,22,234.024,0.22,1.5525e-05,2.399993e-06,1.8008328e-05,1.8187498e-05,1.7287493e-05,3.545833e-06,1.5874997e-05,1.7974997e-05,1.7324995e-05,1.6166663e-05,3.7495e-08,1.5512498e-05,1.7762493e-05,1.7324995e-05,1.6937494e-05,1.7445827e-05
8,23,234.167,0.23,1.5354164e-05,2.383327e-06,1.7833328e-05,1.8133331e-05,1.7129159e-05,3.537496e-06,1.5549993e-05,1.7874996e-05,1.7283328e-05,1.5970827e-05,7.0826e-08,1.5354164e-05,1.7566665e-05,1.7166662e-05,1.6762495e-05,1.7266662e-05
8,24,234.31,0.24,1.5149999e-05,2.366662e-06,1.769166e-05,1.7899998e-05,1.6987498e-05,3.549997e-06,1.5374993e-05,1.7762493e-05,1.7079163e-05,1.5979163e-05,-8e-12,1.5220833e-05,1.7362499e-05,1.695416e-05,1.6608326e-05,1.7124994e-05
8,25,234.453,0.25,1.4937496e-05,2.345832e-06,1.7579167e-05,1.7720826e-05,1.6854159e-05,3.458325e-06,1.5204159e-05,1.7537499e-05,1.6770831e-05,1.5779162e-05,4.9996e-08,1.5049998e-05,1.7175e-05,1.6824992e-05,1.6358328e-05,1.6945831e-05
8,26,234.596,0.26,1.4658332e-05,2.383327e-06,1.7420833e-05,1.7599996e-05,1.6729164e-05,3.516658e-06,1.5024996e-05,1.7454164e-05,1.665833e-05,1.5699998e-05,3.7495e-08,1.4741659e-05,1.7112494e-05,1.6591661e-05,1.6337499e-05,1.6808328e-05
8,27,234.739,0.27,1.445833e-05,2.345832e-06,1.7283328e-05,1.7449998e-05,1.6599997e-05,3.512494e-06,1.4795828e-05,1.7279164e-05,1.6545828e-05,1.5637494e-05,6.2497e-08,1.4624993e-05,1.6941667e-05,1.6487495e-05,1.6087492e-05,1.6654165e-05
8,28,234.882,0.28,1.4229163e-05,2.416658e-06,1.7129159e-05,1.7270828e-05,1.6404159e-05,3.508329e-06,1.4574996e-05,1.7183327e-05,1.6304159e-05,1.530416e-05,7.9163e-08,1.4449994e-05,1.6783333e-05,1.6254162e-05,1.5983327e-05,1.6474994e-05
8,29,235.026,0.29,1.4116661e-05,2.304165e-06,1.6908327e-05,1.7091663e-05,1.6233333e-05,3.545833e-06,1.4387496e-05,1.6983326e-05,1.6083328e-05,1.5099994e-05,1.20831e-07,1.4237499e-05,1.6533328e-05,1.6124995e-05,1.5804164e-05,1.6283329e-05
8,30,235.169,0.3,1.3774999e-05,2.34166e-06,1.6841666e-05,1.6991664e-05,1.6104166e-05,3.504165e-06,1.420416e-05,1.6887498e-05,1.5883326e-05,1.502916e-05,8.329e-09,1.399583e-05,1.6454163e-05,1.5916665e-05,1.5574995e-05,1.6112495e-05
8,31,235.312,0.31,1.3487498e-05,2.279162e-06,1.6566666e-05,1.6887498e-05,1.5924994e-05,3.449996e-06,1.3991666e-05,1.6699998e-05,1.575416e-05,1.4854161e-05,2.9159e-08,1.3770827e-05,1.6299995e-05,1.5716663e-05,1.537083e-05,1.5937496e-05
8,32,235.455,0.32,1.336666e-05,2.299992e-06,1.6445827e-05,1.667916e-05,1.5704163e-05,3.537496e-06,1.3737495e-05,1.6595832e-05,1.545833e-05,1.4687498e-05,1.6665e-08,1.3495826e-05,1.6245825e-05,1.5558329e-05,1.5262493e-05,1.5670832e-05
8,33,235.598,0.33,1.3045827e-05,2.258333e-06,1.6337499e-05,1.649166e-05,1.5566658e-05,3.449996e-06,1.3462496e-05,1.638333e-05,1.5349991e-05,1.4541666e-05,5.4161e-08,1.3379161e-05,1.604166e-05,1.5395832e-05,1.5083328e-05,1.5483332e-05
8,34,235.741,0.34,1.2787493e-05,2.23333e-06,1.6224996e-05,1.6345826e-05,1.5441665e-05,3.499993e-06,1.3199997e-05,1.6187492e-05,1.5120832e-05,1.435833e-05,7.4999e-08,1.309166e-05,1.5633328e-05,1.5179166e-05,1.4837496e-05,1.5262493e-05
8,35,235.884,0.35,1.2583328e-05,2.237495e-06,1.5970827e-05,1.6212494e-05,1.5224997e-05,3.466662e-06,1.3183331e-05,1.6062499e-05,1.4891664e-05,1.4187495e-05,7.0826e-08,1.2833333e-05,1.5424999e-05,1.4874999e-05,1.4620829e-05,1.5062499e-05
8,36,236.027,0.36,1.2362496e-05,2.229158e-06,1.5879163e-05,1.6020831e-05,1.5037497e-05,3.458325e-06,1.2733332e-05,1.5841659e-05,1.4599998e-05,1.3979165e-05,6.2497e-08,1.260833e-05,1.5245827e-05,1.4829159e-05,1.4445829e-05,1.4858325e-05
8,37,236.17,0.37,1.2041664e-05,2.191663e-06,1.5487496e-05,1.5741665e-05,1.4862498e-05,3.454161e-06,1.252083e-05,1.57125e-05,1.4474996e-05,1.382916e-05,4.166e-08,1.2374997e-05,1.5054163e-05,1.4483333e-05,1.4312498e-05,1.4629165e-05
8,38,236.313,0.38,1.1799995e-05,2.241659e-06,1.530416e-05,1.559166e-05,1.4749996e-05,3.424994e-06,1.2279161e-05,1.5520827e-05,1.4241664e-05,1.3683327e-05,5.4161e-08,1.2154166e-05,1.4899992e-05,1.4349993e-05,1.4020832e-05,1.4408326e-05
8,39,236.456,0.39,1.1545833e-05,2.249996e-06,1.5154163e-05,1.5295831e-05,1.4508327e-05,3.412493e-06,1.2020826e-05,1.5258328e-05,1.4070829e-05,1.3487498e-05,4.5832e-08,1.1874994e-05,1.4695827e-05,1.3991666e-05,1.3824995e-05,1.4245828e-05
8,40,236.599,0.4,1.126666e-05,2.224994e-06,1.4933332e-05,1.5070827e-05,1.4420827e-05,3.437495e-06,1.1770829e-05,1.5141662e-05,1.3716666e-05,1.325833e-05,5.8325e-08,1.160833e-05,1.4399998e-05,1.3766662e-05,1.3558332e-05,1.3933332e-05
8,41,236.742,0.41,1.0962494e-05,2.158332e-06,1.4716665e-05,1.4879163e-05,1.4079165e-05,3.437495e-06,1.152083e-05,1.4849997e-05,1.3512492e-05,1.3112497e-05,6.2497e-08,1.1349996e-05,1.417083e-05,1.3558332e-05,1.3308327e-05,1.3595827e-05
8,42,236.885,0.42,1.0624997e-05,2.224994e-06,1.4499999e-05,1.4699999e-05,1.3804166e-05,3.341659e-06,1.1208328e-05,1.4724994e-05,1.3283332e-05,1.282916e-05,5.8325e-08,1.106666e-05,1.3929161e-05,1.3312499e-05,1.3054164e-05,1.3391662e-05
8,43,237.028,0.43,1.0445825e-05,2.212493e-06,1.429166e-05,1.45125e-05,1.3558332e-05,3.295827e-06,1.1041665e-05,1.4495826e-05,1.3012496e-05,1.270833e-05,7.9163e-08,1.0824998e-05,1.3724994e-05,1.3033326e-05,1.2816659e-05,1.3195832e-05
8,44,237.171,0.44,1.006666e-05,2.174997e-06,1.4041662e-05,1.4299997e-05,1.3337493e-05,3.324993e-06,1.0599994e-05,1.4254165e-05,1.2741662e-05,1.2545832e-05,5.8325e-08,1.0499994e-05,1.3516665e-05,1.2766664e-05,1.2604165e-05,1.291666e-05
8,45,237.314,0.45,9.729163e-06,2.174997e-06,1.3812494e-05,1.4074993e-05,1.3141664e-05,3.316665e-06,1.0295828e-05,1.4008331e-05,1.2458332e-05,1.2299998e-05,8.7492e-08,1.024166e-05,1.3183331e-05,1.2524994e-05,1.2333329e-05,1.2666663e-05
8,46,237.457,0.46,9.458327e-06,2.158332e-06,1.3537494e-05,1.3812494e-05,1.28625e-05,3.291663e-06,9.974996e-06,1.3691663e-05,1.2170832e-05,1.2099998e-05,7.9163e-08,9.908326e-06,1.2958328e-05,1.2174995e-05,1.20375e-05,1.2387498e-05
8,47,237.6,0.47,9.112493e-06,2.06666e-06,1.3283332e-05,1.3558332e-05,1.2641661e-05,3.274997e-06,9.683331e-06,1.3704165e-05,1.1899996e-05,1.1829162e-05,9.1664e-08,9.574994e-06,1.2691665e-05,1.1941664e-05,1.1795831e-05,1.2070831e-05
8,48,237.743,0.48,8.812499e-06,2.108328e-06,1.3079167e-05,1.3304162e-05,1.2349995e-05,3.270833e-06,9.370828e-06,1.3204161e-05,1.1541661e-05,1.1604166e-05,9.5828e-08,9.212494e-06,1.2341667e-05,1.1612495e-05,1.1458325e-05,1.1754163e-05
8,49,237.886,0.49,8.420833e-06,2.087498e-06,1.2704166e-05,1.3074994e-05,1.2133328e-05,3.258332e-06,9.062497e-06,1.2945827e-05,1.1295827e-05,1.1404165e-05,1.24995e-07,8.974997e-06,1.2104161e-05,1.1358333e-05,1.1183325e-05,1.1437495e-05
8,50,238.029,0.5,8.141661e-06,2.074997e-06,1.2529159e-05,1.2833333e-05,1.1891659e-05,3.229165e-06,8.787497e-06,1.272916e-05,1.0991661e-05,1.1245831e-05,7.9163e-08,8.708326e-06,1.1779165e-05,1.1054166e-05,1.0862494e-05,1.1174997e-05
8,51,238.172,0.51,7.76666e-06,1.987497e-06,1.2216663e-05,1.2504164e-05,1.1566663e-05,3.195826e-06,8.424998e-06,1.2483327e-05,1.0549998e-05,1.0991661e-05,7.9163e-08,8.324997e-06,1.1395828e-05,1.0683329e-05,1.0541661e-05,1.0862494e-05
8,52,238.315,0.52,7.412497e-06,2.004163e-06,1.1974995e-05,1.2212499e-05,1.1362497e-05,3.220828e-06,8.070827e-06,1.2191661e-05,1.0362498e-05,1.0562499e-05,1.70827e-07,7.966662e-06,1.1141666e-05,1.0316666e-05,1.0212493e-05,1.0487493e-05
8,53,238.458,0.53,7.104159e-06,1.945829e-06,1.1645826e-05,1.1899996e-05,1.1037493e-05,3.170832e-06,7.708327e-06,1.1920825e-05,9.833328e-06,1.032916e-05,1.66663e-07,7.633328e-06,1.0766666e-05,9.962495e-06,9.874995e-06,1.0087498e-05
8,54,238.602,0.54,6.716665e-06,1.904162e-06,1.1366661e-05,1.1649998e-05,1.0741663e-05,3.141666e-06,7.379158e-06,1.1554162e-05,9.499995e-06,1.0087498e-05,1.16658e-07,7.316661e-06,1.0399994e-05,9.616661e-06,9.529162e-06,9.720826e-06
8,55,238.745,0.55,6.516663e-06,1.920827e-06,1.1016663e-05,1.1333331e-05,1.0433332e-05,3.149994e-06,7.045825e-06,1.1308328e-05,9.137495e-06,9.779159e-06,9.1664e-08,7.054162e-06,1.0029165e-05,9.324996e-06,9.170826e-06,9.32916e-06
8,56,238.888,0.56,6.254164e-06,1.87916e-06,1.0683329e-05,1.0941664e-05,1.0041666e-05,3.045829e-06,6.724993e-06,1.0970831e-05,8.716663e-06,9.49583e-06,9.1664e-08,6.645831e-06,9.612497e-06,8.954159e-06,8.749994e-06,8.991663e-06
8,57,239.031,0.57,5.787492e-06,1.854165e-06,1.032916e-05,1.0608332e-05,9.729163e-06,3.07916e-06,6.395833e-06,1.0641662e-05,8.320832e-06,9.245833e-06,9.5828e-08,6.362494e-06,9.312495e-06,8.59166e-06,8.408332e-06,8.608326e-06
8,58,239.174,0.58,5.537494e-06,1.799997e-06,1.0041666e-05,1.0245832e-05,9.41666e-06,3.041665e-06,6.116661e-06,1.032916e-05,7.879162e-06,8.883325e-06,1.08329e-07,6.108331e-06,8.895826e-06,8.154162e-06,7.983327e-06,8.191665e-06
8,59,239.317,0.59,5.291661e-06,1.774995e-06,9.712498e-06,9.941666e-06,9.116666e-06,2.999997e-06,5.80833e-06,9.945829e-06,7.541664e-06,8.654165e-06,1.04165e-07,5.912495e-06,8.454163e-06,7.837494e-06,7.674996e-06,7.795827e-06
8,60,239.46,0.6,5.141664e-06,1.733327e-06,9.41666e-06,9.624998e-06,8.724999e-06,2.99166e-06,5.645832e-06,9.616661e-06,7.166664e-06,8.370828e-06,1.20831e-07,5.712493e-06,8.095829e-06,7.566658e-06,7.320825e-06,7.533328e-06
8,61,239.603,0.61,5.041663e-06,1.720826e-06,8.93333e-06,9.262498e-06,8.41666e-06,2.945828e-06,5.454159e-06,9.287493e-06,6.849996e-06,8.058326e-06,1.16658e-07,5.516664e-06,7.670832e-06,7.108331e-06,6.895828e-06,7.087493e-06
8,62,239.746,0.62,4.933325e-06,1.766666e-06,8.595832e-06,8.929165e-06,8.029159e-06,2.89166e-06,5.299997e-06,8.945831e-06,6.470831e-06,7.783326e-06,1.33332e-07,5.383333e-06,7.345827e-06,6.758332e-06,6.654159e-06,6.808329e-06
8,63,239.889,0.63,4.908331e-06,1.758329e-06,8.22916e-06,8.558329e-06,7.687497e-06,2.833327e-06,5.141664e-06,8.50416e-06,6.108331e-06,7.599997e-06,9.9993e-08,5.312499e-06,6.970827e-06,6.387496e-06,6.258329e-06,6.383332e-06
8,64,240.032,0.64,4.883329e-06,1.733327e-06,7.883326e-06,8.145825e-06,7.291659e-06,2.787495e-06,5.062493e-06,8.179164e-06,5.883328e-06,7.237498e-06,1.08329e-07,5.220827e-06,6.604163e-06,6.149999e-06,5.954162e-06,6.037497e-06
8,65,240.175,0.65,4.974993e-06,1.758329e-06,7.55833e-06,7.791662e-06,6.966663e-06,2.808333e-06,5.029162e-06,7.870825e-06,5.624994e-06,6.987492e-06,1.24995e-07,5.204161e-06,6.29166e-06,5.849997e-06,5.674998e-06,5.754161e-06
8,66,240.318,0.66,5.066665e-06,1.79166e-06,7.179165e-06,7.383331e-06,6.558331e-06,2.720825e-06,5.074994e-06,7.499997e-06,5.391661e-06,6.73333e-06,9.9993e-08,5.295825e-06,5.991666e-06,5.579162e-06,5.433329e-06,5.479161e-06
8,67,240.461,0.67,5.216662e-06,1.820827e-06,6.804164e-06,7.083328e-06,6.237499e-06,2.695831e-06,5.145828e-06,7.137497e-06,5.19166e-06,6.558331e-06,9.5828e-08,5.399998e-06,5.745832e-06,5.399998e-06,5.27916e-06,5.312499e-06
8,68,240.604,0.68,5.370831e-06,1.833328e-06,6.495825e-06,6.724993e-06,5.924996e-06,2.591666e-06,5.283332e-06,6.841659e-06,5.108333e-06,6.341664e-06,1.62498e-07,5.458331e-06,5.462496e-06,5.229163e-06,5.166666e-06,5.116661e-06
8,69,240.747,0.69,5.570825e-06,1.912498e-06,6.18333e-06,6.420827e-06,5.637495e-06,2.545826e-06,5.412499e-06,6.56666e-06,4.987494e-06,6.233327e-06,7.9163e-08,5.620829e-06,5.27916e-06,5.112497e-06,5.099996e-06,5.049992e-06
8,70,240.89,0.7,5.824995e-06,1.908326e-06,5.879164e-06,6.116661e-06,5.370831e-06,2.516659e-06,5.53333e-06,6.324999e-06,4.999995e-06,6.108331e-06,1.37496e-07,5.845833e-06,5.166666e-06,5.07083e-06,5.120826e-06,5.033326e-06
8,71,241.033,0.71,6.070828e-06,1.916663e-06,5.658333e-06,5.879164e-06,5.141664e-06,2.474992e-06,5.733331e-06,6.154164e-06,5.079166e-06,6.01666e-06,1.62498e-07,6.083329e-06,5.124998e-06,5.049992e-06,5.17083e-06,5.054164e-06
8,72,241.176,0.72,6.349993e-06,1.970832e-06,5.416663e-06,5.674998e-06,4.924997e-06,2.437496e-06,5.937497e-06,6.041662e-06,5.199997e-06,5.945826e-06,1.4166e-07,6.366666e-06,5.079166e-06,5.041663e-06,5.291661e-06,5.149992e-06
8,73,241.319,0.73,6.604163e-06,2.020828e-06,5.295825e-06,5.470832e-06,4.845826e-06,2.429159e-06,6.229162e-06,5.920831e-06,5.337492e-06,5.904166e-06,1.74991e-07,6.63333e-06,5.149992e-06,5.212498e-06,5.433329e-06,5.304162e-06
8,74,241.462,0.74,6.899993e-06,2.041666e-06,5.19166e-06,5.399998e-06,4.774992e-06,2.399993e-06,6.499998e-06,5.99583e-06,5.599999e-06,5.899994e-06,1.33332e-07,6.8875e-06,5.254165e-06,5.387497e-06,5.620829e-06,5.487498e-06
8,75,241.605,0.75,7.224997e-06,2.079161e-06,5.17083e-06,5.316663e-06,4.741661e-06,2.383327e-06,6.783327e-06,6.024996e-06,5.837496e-06,5.90833e-06,1.70827e-07,7.229161e-06,5.424992e-06,5.620829e-06,5.883328e-06,5.683327e-06
8,76,241.748,0.76,7.529163e-06,2.091662e-06,5.212498e-06,5.424992e-06,4.837497e-06,2.40833e-06,7.020831e-06,6.104159e-06,6.054163e-06,5.92916e-06,1.37496e-07,7.520827e-06,5.541659e-06,5.899994e-06,6.149999e-06,5.991666e-06
8,77,241.891,0.77,7.787497e-06,2.15416e-06,5.299997e-06,5.462496e-06,4.962492e-06,2.416658e-06,7.279165e-06,6.262493e-06,6.341664e-06,6.058327e-06,1.24995e-07,7.783326e-06,5.824995e-06,6.133326e-06,6.366666e-06,6.191659e-06
8,78,242.035,0.78,8.10833e-06,2.13333e-06,5.441666e-06,5.595827e-06,5.19166e-06,2.470827e-06,7.574995e-06,6.466659e-06,6.674997e-06,6.070828e-06,1.29159e-07,8.187492e-06,6.054163e-06,6.462495e-06,6.624993e-06,6.520828e-06
8,79,242.178,0.79,8.379166e-06,2.187498e-06,5.604164e-06,5.658333e-06,5.35833e-06,2.424995e-06,7.76666e-06,6.612492e-06,6.987492e-06,6.187495e-06,1.45825e-07,8.395831e-06,6.424999e-06,6.674997e-06,6.895828e-06,6.8875e-06
8,80,242.321,0.8,8.587495e-06,2.216665e-06,5.770826e-06,5.858326e-06,5.63333e-06,2.483328e-06,8.02083e-06,6.816666e-06,7.316661e-06,6.283331e-06,1.54161e-07,8.654165e-06,6.66666e-06,6.999993e-06,7.112495e-06,7.229161e-06
8,81,242.464,0.81,8.816663e-06,2.204164e-06,5.945826e-06,6.099995e-06,5.829159e-06,2.520831e-06,8.399995e-06,6.987492e-06,7.595825e-06,6.420827e-06,1.49997e-07,8.983326e-06,7.020831e-06,7.337499e-06,7.387495e-06,7.55833e-06
8,82,242.607,0.82,9.058333e-06,2.216665e-06,6.124997e-06,6.287495e-06,6.104159e-06,2.579164e-06,8.595832e-06,7.170828e-06,7.908328e-06,6.524992e-06,1.45825e-07,9.145832e-06,7.299996e-06,7.662495e-06,7.562494e-06,7.858332e-06
8,83,242.75,0.83,9.341661e-06,2.23333e-06,6.354165e-06,6.470831e-06,6.437492e-06,2.612495e-06,8.762495e-06,7.374994e-06,8.254163e-06,6.699999e-06,1.74991e-07,9.470828e-06,7.533328e-06,8.02083e-06,7.820829e-06,8.216659e-06
8,84,242.893,0.84,9.58333e-06,2.258333e-06,6.554159e-06,6.708328e-06,6.704164e-06,2.674993e-06,9.024993e-06,7.570831e-06,8.533327e-06,6.841659e-06,1.66663e-07,9.724999e-06,7.849995e-06,8.312496e-06,8.02083e-06,8.50416e-06
8,85,243.036,0.85,9.808326e-06,2.295828e-06,6.66666e-06,6.870826e-06,6.983328e-06,2.670829e-06,9.316659e-06,7.758331e-06,8.824993e-06,6.995829e-06,1.70827e-07,9.899998e-06,8.162498e-06,8.579159e-06,8.266664e-06,8.86666e-06
8,86,243.179,0.86,1.0024993e-05,2.274998e-06,6.849996e-06,7.145826e-06,7.266664e-06,2.687494e-06,9.516661e-06,7.954161e-06,9.137495e-06,7.191666e-06,1.66663e-07,1.0170826e-05,8.341662e-06,8.841665e-06,8.458328e-06,9.14166e-06
8,87,243.322,0.87,1.0245832e-05,2.304165e-06,7.037497e-06,7.224997e-06,7.520827e-06,2.737498e-06,9.691659e-06,8.087492e-06,9.412495e-06,7.320825e-06,1.62498e-07,1.0395829e-05,8.616662e-06,9.216667e-06,8.766659e-06,9.424996e-06
8,88,243.465,0.88,1.0454162e-05,2.349997e-06,7.262492e-06,7.437499e-06,7.891663e-06,2.758328e-06,9.974996e-06,8.329161e-06,9.749992e-06,7.466666e-06,1.99993e-07,1.0612495e-05,9.004164e-06,9.466664e-06,8.895826e-06,9.754165e-06
8,89,243.608,0.89,1.0679166e-05,2.345832e-06,7.424998e-06,7.55833e-06,8.133332e-06,2.749991e-06,1.015416e-05,8.487495e-06,1.00125e-05,7.683333e-06,1.99993e-07,1.080416e-05,9.229159e-06,9.762493e-06,9.066661e-06,1.0062496e-05
8,90,243.751,0.9,1.089166e-05,2.354161e-06,7.67916e-06,7.7125e-06,8.358327e-06,2.78333e-06,1.0399994e-05,8.67916e-06,1.0212493e-05,7.841659e-06,1.66663e-07,1.106666e-05,9.454163e-06,1.0024993e-05,9.320831e-06,1.0279163e-05
8,91,243.894,0.91,1.1054166e-05,2.383327e-06,7.887498e-06,7.899992e-06,8.533327e-06,2.758328e-06,1.0637498e-05,8.858331e-06,1.0499994e-05,8.033331e-06,1.62498e-07,1.1241658e-05,9.741664e-06,1.0324995e-05,9.499995e-06,1.0541661e-05
8,92,244.037,0.92,1.1208328e-05,2.383327e-06,8.074999e-06,8.091664e-06,8.841665e-06,2.874994e-06,1.0924999e-05,9.066661e-06,1.0770829e-05,8.187492e-06,2.24996e-07,1.1424994e-05,1.0074997e-05,1.0591666e-05,9.745829e-06,1.0858329e-05
8,93,244.18,0.93,1.1445833e-05,2.379163e-06,8.237497e-06,8.245825e-06,9.041659e-06,2.78333e-06,1.0991661e-05,9.291664e-06,1.0995833e-05,8.341662e-06,2.37497e-07,1.1658327e-05,1.0287499e-05,1.0770829e-05,9.966659e-06,1.1095826e-05
8,94,244.323,0.94,1.1687493e-05,2.449997e-06,8.474994e-06,8.391658e-06,9.266662e-06,2.829162e-06,1.13e-05,9.420832e-06,1.1154159e-05,8.549992e-06,2.45825e-07,1.1733326e-05,1.0666665e-05,1.1049994e-05,1.0158332e-05,1.1366661e-05
8,95,244.466,0.95,1.180416e-05,2.420831e-06,8.741665e-06,8.587495e-06,9.529162e-06,2.845828e-06,1.1483327e-05,9.637499e-06,1.1508329e-05,8.695833e-06,2.20831e-07,1.1983331e-05,1.0812497e-05,1.1316665e-05,1.0399994e-05,1.1670828e-05
8,96,244.609,0.96,1.1954165e-05,2.420831e-06,8.920829e-06,8.704162e-06,9.749992e-06,2.883331e-06,1.1699995e-05,9.824999e-06,1.1729161e-05,8.862496e-06,2.49998e-07,1.2141665e-05,1.1116664e-05,1.1533331e-05,1.0608332e-05,1.1895831e-05
8,97,244.752,0.97,1.2112499e-05,2.445825e-06,9.191665e-06,8.874997e-06,9.974996e-06,2.924999e-06,1.1833326e-05,1.004583e-05,1.2016662e-05,9.02083e-06,2.37497e-07,1.2270832e-05,1.1337494e-05,1.1858328e-05,1.0841663e-05,1.2149993e-05
8,98,244.895,0.98,1.2279161e-05,2.558327e-06,9.429161e-06,9.049996e-06,1.0204164e-05,2.962494e-06,1.1979158e-05,1.0170826e-05,1.2154166e-05,9.183327e-06,2.2916e-07,1.2387498e-05,1.1604166e-05,1.205833e-05,1.0945829e-05,1.2374997e-05
8,99,245.038,0.99,1.2362496e-05,2.474992e-06,9.60416e-06,9.162498e-06,1.032916e-05,2.945828e-06,1.2199998e-05,1.0295828e-05,1.2270832e-05,9.370828e-06,2.49998e-07,1.2558333e-05,1.1866665e-05,1.2174995e-05,1.1129165e-05,1.2579163e-05
8,100,245.181,1.0,1.2508329e-05,2.579164e-06,9.862494e-06,9.333332e-06,1.0579165e-05,2.941664e-06,1.2374997e-05,1.0541661e-05,1.2566662e-05,9.566665e-06,2.70828e-07,1.2716659e-05,1.2145829e-05,1.243333e-05,1.1433332e-05,1.2816659e-05
8,101,245.324,0.99,1.2379161e-05,2.349997e-06,9.716662e-06,9.183327e-06,1.0274998e-05,2.920826e-06,1.2154166e-05,1.0333331e-05,1.2112499e-05,9.370828e-06,2.33332e-07,1.2379161e-05,1.1741662e-05,1.2079159e-05,1.1120828e-05,1.2508329e-05
8,102,245.467,0.98,1.2095833e-05,2.395828e-06,9.449998e-06,8.974997e-06,9.999999e-06,2.87083e-06,1.1908332e-05,1.0124993e-05,1.1866665e-05,9.070825e-06,2.16659e-07,1.2137492e-05,1.142083e-05,1.1799995e-05,1.095833e-05,1.2270832e-05
8,103,245.611,0.97,1.1983331e-05,2.354161e-06,9.204166e-06,8.67916e-06,9.683331e-06,2.808333e-06,1.1683329e-05,9.924992e-06,1.152083e-05,8.908328e-06,1.62498e-07,1.1866665e-05,1.1112499e-05,1.1524995e-05,1.0724997e-05,1.1895831e-05
8,104,245.754,0.96,1.1704159e-05,2.308329e-06,8.937494e-06,8.470829e-06,9.337497e-06,2.737498e-06,1.1391664e-05,9.649992e-06,1.1208328e-05,8.654165e-06,1.70827e-07,1.1641661e-05,1.070416e-05,1.1158331e-05,1.0383328e-05,1.1483327e-05
8,105,245.897,0.95,1.1191662e-05,2.245831e-06,8.604161e-06,8.254163e-06,8.995827e-06,2.758328e-06,1.1074996e-05,9.408331e-06,1.0874995e-05,8.474994e-06,7.9163e-08,1.1333331e-05,1.0366663e-05,1.0774994e-05,1.0174997e-05,1.1058331e-05
8,106,246.04,0.94,1.0883331e-05,2.258333e-06,8.324997e-06,7.958332e-06,8.704162e-06,2.645826e-06,1.0791659e-05,9.091664e-06,1.0491665e-05,8.233333e-06,9.1664e-08,1.0970831e-05,9.895825e-06,1.0412495e-05,9.774994e-06,1.0699995e-05
8,107,246.183,0.93,1.0699995e-05,2.187498e-06,7.970826e-06,7.616663e-06,8.299994e-06,2.612495e-06,1.0508331e-05,8.816663e-06,1.0108328e-05,8.004165e-06,7.0826e-08,1.0658327e-05,9.466664e-06,1.0058331e-05,9.533326e-06,1.0374999e-05
8,108,246.326,0.92,1.0304165e-05,2.149995e-06,7.666659e-06,7.337499e-06,7.954161e-06,2.608331e-06,1.0170826e-05,8.499996e-06,9.774994e-06,7.74583e-06,4.9996e-08,1.0379164e-05,9.22083e-06,9.808326e-06,9.237496e-06,1.0029165e-05
8,109,246.469,0.91,1.0037494e-05,2.241659e-06,7.291659e-06,7.045825e-06,7.566658e-06,2.537497e-06,9.862494e-06,8.237497e-06,9.449998e-06,7.479159e-06,1.2493e-08,1.006666e-05,8.687496e-06,9.312495e-06,8.929165e-06,9.633327e-06
8,110,246.612,0.9,9.704161e-06,2.079161e-06,7.095829e-06,6.812493e-06,7.233326e-06,2.516659e-06,9.595831e-06,7.874997e-06,9.037494e-06,7.179165e-06,2.9159e-08,9.783332e-06,8.304159e-06,9.045832e-06,8.599996e-06,9.237496e-06
8,111,246.755,0.89,9.354162e-06,2.079161e-06,6.579161e-06,6.424999e-06,6.8875e-06,2.40833e-06,9.212494e-06,7.583332e-06,8.674995e-06,6.974999e-06,-8e-12,9.41666e-06,7.912493e-06,8.429161e-06,8.349999e-06,8.858331e-06
8,112,246.898,0.88,9.02083e-06,2.041666e-06,6.233327e-06,6.27083e-06,6.520828e-06,2.395828e-06,8.854158e-06,7.295831e-06,8.287493e-06,6.674997e-06,-2.0838e-08,9.133331e-06,7.545829e-06,8.112494e-06,8.029159e-06,8.412496e-06
8,113,247.041,0.87,8.704162e-06,1.995826e-06,5.891665e-06,5.783327e-06,6.162492e-06,2.329159e-06,8.445827e-06,6.987492e-06,7.824993e-06,6.374995e-06,-4.1668e-08,8.75833e-06,7.141662e-06,7.637493e-06,7.562494e-06,8.024995e-06
8,114,247.184,0.86,8.370828e-06,1.97916e-06,5.570825e-06,5.512492e-06,5.74166e-06,2.270826e-06,8.091664e-06,6.670833e-06,7.466666e-06,6.09583e-06,4.166e-08,8.399995e-06,6.766661e-06,7.262492e-06,7.333326e-06,7.566658e-06
8,115,247.327,0.85,7.999993e-06,1.933328e-06,5.287496e-06,5.241664e-06,5.474997e-06,2.187498e-06,7.774996e-06,6.404161e-06,7.079164e-06,5.883328e-06,-5.0004e-08,8.058326e-06,6.408326e-06,6.883327e-06,6.908329e-06,7.308332e-06
8,116,247.47,0.84,7.733329e-06,1.920827e-06,4.949999e-06,4.979165e-06,5.074994e-06,2.183326e-06,7.379158e-06,6.087494e-06,6.720829e-06,5.641659e-06,-3.3339e-08,7.649994e-06,6.01666e-06,6.47916e-06,6.537493e-06,6.712492e-06
8,117,247.613,0.83,7.245827e-06,1.899997e-06,4.737497e-06,4.774992e-06,4.741661e-06,2.083325e-06,7.074992e-06,5.804165e-06,6.354165e-06,5.441666e-06,-2.5002e-08,7.295831e-06,5.695828e-06,6.120833e-06,6.208332e-06,6.345828e-06
8,118,247.756,0.82,6.949997e-06,1.824999e-06,4.53333e-06,4.64166e-06,4.524994e-06,2.033329e-06,6.554159e-06,5.545831e-06,5.954162e-06,5.174994e-06,-5.4169e-08,6.808329e-06,5.37916e-06,5.704164e-06,5.879164e-06,6.004159e-06
8,119,247.899,0.81,6.537493e-06,1.816662e-06,4.387498e-06,4.529158e-06,4.395827e-06,2.024992e-06,6.304161e-06,5.349994e-06,5.562496e-06,5.049992e-06,-7.9171e-08,6.483333e-06,5.129163e-06,5.408327e-06,5.558332e-06,5.674998e-06
8,120,248.042,0.8,6.170829e-06,1.754165e-06,4.374997e-06,4.554161e-06,4.34583e-06,2.041666e-06,5.80833e-06,5.245829e-06,5.312499e-06,4.91666e-06,-7.9171e-08,6.162492e-06,4.970829e-06,5.112497e-06,5.299997e-06,5.374996e-06
8,121,248.185,0.79,5.733331e-06,1.687495e-06,4.420829e-06,4.599992e-06,4.362496e-06,2.041666e-06,5.449994e-06,5.204161e-06,5.041663e-06,4.791665e-06,-5.4169e-08,5.770826e-06,4.812495e-06,4.91666e-06,5.041663e-06,5.120826e-06
8,122,248.328,0.78,5.391661e-06,1.666665e-06,4.508328e-06,4.674999e-06,4.458332e-06,2.049994e-06,5.183331e-06,5.25833e-06,4.799994e-06,4.758326e-06,-4.1668e-08,5.454159e-06,4.766663e-06,4.683327e-06,4.812495e-06,4.908331e-06
8,123,248.471,0.77,5.079166e-06,1.608332e-06,4.699993e-06,4.91666e-06,4.645832e-06,2.095826e-06,4.887494e-06,5.287496e-06,4.666662e-06,4.712494e-06,-9.5836e-08,5.183331e-06,4.733332e-06,4.604165e-06,4.687492e-06,4.774992e-06
8,124,248.614,0.76,4.954163e-06,1.58333e-06,4.933325e-06,5.204161e-06,4.874993e-06,2.120829e-06,4.72916e-06,5.458331e-06,4.470825e-06,4.770827e-06,-8.3335e-08,5.008332e-06,4.783328e-06,4.595828e-06,4.608329e-06,4.704165e-06
8,125,248.757,0.75,4.570826e-06,1.570829e-06,5.099996e-06,5.395826e-06,5.141664e-06,2.174997e-06,4.604165e-06,5.670825e-06,4.458332e-06,4.949999e-06,-9.1672e-08,4.845826e-06,4.91666e-06,4.62083e-06,4.554161e-06,4.670826e-06
8,126,248.9,0.74,4.483326e-06,1.483329e-06,5.429165e-06,5.770826e-06,5.416663e-06,2.216665e-06,4.529158e-06,5.941661e-06,4.491663e-06,4.962492e-06,-9.1672e-08,4.704165e-06,5.099996e-06,4.72916e-06,4.64166e-06,4.783328e-06
8,127,249.044,0.73,4.524994e-06,1.499995e-06,5.795829e-06,6.154164e-06,5.749996e-06,2.299992e-06,4.545832e-06,6.237499e-06,4.595828e-06,5.129163e-06,-1.25003e-07,4.670826e-06,5.345829e-06,4.854162e-06,4.741661e-06,4.887494e-06
8,128,249.187,0.72,4.387498e-06,1.445826e-06,6.108331e-06,6.47916e-06,6.091658e-06,2.34166e-06,4.670826e-06,6.574996e-06,4.766663e-06,5.316663e-06,-1.37504e-07,4.704165e-06,5.63333e-06,5.033326e-06,4.866663e-06,5.091659e-06
8,129,249.33,0.71,4.579163e-06,1.449998e-06,6.466659e-06,6.841659e-06,6.404161e-06,2.395828e-06,4.758326e-06,6.8875e-06,4.98333e-06,5.524993e-06,-1.25003e-07,4.837497e-06,5.916659e-06,5.229163e-06,5.045827e-06,5.354166e-06
8,130,249.473,0.7,4.724996e-06,1.470828e-06,6.745831e-06,7.208331e-06,6.774998e-06,2.437496e-06,4.954163e-06,7.220833e-06,5.208326e-06,5.770826e-06,-1.3334e-07,5.033326e-06,6.233327e-06,5.516664e-06,5.283332e-06,5.620829e-06
8,131,249.616,0.69,4.758326e-06,1.491666e-06,7.11666e-06,7.570831e-06,7.037497e-06,2.470827e-06,5.199997e-06,7.566658e-06,5.495826e-06,5.991666e-06,-1.50005e-07,5.19166e-06,6.56666e-06,5.829159e-06,5.599999e-06,5.904166e-06
8,132,249.759,0.68,4.991658e-06,1.470828e-06,7.395832e-06,7.912493e-06,7.437499e-06,2.458326e-06,5.46666e-06,7.924994e-06,5.758325e-06,6.245828e-06,-1.45841e-07,5.44583e-06,6.899993e-06,6.083329e-06,5.858326e-06,6.229162e-06
8,133,249.902,0.67,5.270831e-06,1.491666e-06,7.891663e-06,8.270827e-06,7.724992e-06,2.562499e-06,5.795829e-06,8.262499e-06,6.070828e-06,6.520828e-06,-1.08337e-07,5.762497e-06,7.337499e-06,6.483333e-06,6.187495e-06,6.558331e-06
8,134,250.045,0.66,5.508327e-06,1.524997e-06,8.154162e-06,8.599996e-06,8.054161e-06,2.558327e-06,6.058327e-06,8.608326e-06,6.441664e-06,6.812493e-06,-1.16674e-07,6.070828e-06,7.554166e-06,6.766661e-06,6.487497e-06,6.916666e-06
8,135,250.188,0.65,5.924996e-06,1.587494e-06,8.370828e-06,9.12083e-06,8.420833e-06,2.654163e-06,6.449994e-06,8.974997e-06,6.799992e-06,7.104159e-06,-1.37504e-07,6.433328e-06,7.949996e-06,7.099994e-06,6.804164e-06,7.274993e-06
8,136,250.331,0.64,6.191659e-06,1.612496e-06,8.770831e-06,9.370828e-06,8.704162e-06,2.666664e-06,6.787499e-06,9.287493e-06,7.145826e-06,7.349992e-06,-1.29175e-07,6.729166e-06,8.358327e-06,7.374994e-06,7.187494e-06,7.649994e-06
8,137,250.474,0.63,6.516663e-06,1.654164e-06,9.087499e-06,9.549999e-06,9.062497e-06,2.704159e-06,7.133333e-06,9.549999e-06,7.520827e-06,7.695826e-06,-1.29175e-07,7.070827e-06,8.674995e-06,7.749994e-06,7.424998e-06,7.962497e-06
8,138,250.617,0.62,6.912494e-06,1.679158e-06,9.424996e-06,9.941666e-06,9.39583e-06,2.724997e-06,7.487496e-06,9.941666e-06,7.904164e-06,7.916665e-06,-1.45841e-07,7.445828e-06,9.074998e-06,8.112494e-06,7.758331e-06,8.237497e-06
8,139,250.76,0.61,7.258328e-06,1.708325e-06,9.699997e-06,1.0262497e-05,9.645828e-06,2.774994e-06,7.779161e-06,1.022083e-05,8.22916e-06,8.179164e-06,-1.45841e-07,7.770833e-06,9.366663e-06,8.433326e-06,8.066662e-06,8.579159e-06
8,140,250.903,0.6,7.595825e-06,1.737499e-06,1.0041666e-05,1.0562499e-05,9.837492e-06,2.745827e-06,8.158326e-06,1.0541661e-05,8.549992e-06,8.512497e-06,-1.50005e-07,8.120831e-06,9.708333e-06,8.783332e-06,8.445827e-06,8.93333e-06
8,141,251.046,0.59,7.974998e-06,1.762493e-06,1.0299993e-05,1.0862494e-05,1.0166661e-05,2.808333e-06,8.512497e-06,1.0787495e-05,8.833329e-06,8.75833e-06,-1.50005e-07,8.404159e-06,1.0004163e-05,9.041659e-06,8.75833e-06,9.245833e-06
8,142,251.189,0.58,8.241662e-06,1.762493e-06,1.0579165e-05,1.1141666e-05,1.0445825e-05,2.787495e-06,8.774996e-06,1.1041665e-05,9.183327e-06,9.012492e-06,-1.70835e-07,8.729164e-06,1.0291664e-05,9.374992e-06,9.070825e-06,9.574994e-06
8,143,251.332,0.57,8.48333e-06,1.787496e-06,1.0908326e-05,1.1412493e-05,1.0720825e-05,2.841663e-06,9.14166e-06,1.1349996e-05,9.545827e-06,9.275e-06,-1.41668e-07,9.087499e-06,1.0629161e-05,9.687496e-06,9.391665e-06,9.924992e-06
8,144,251.475,0.56,8.979162e-06,1.854165e-06,1.1212492e-05,1.1674992e-05,1.0991661e-05,2.874994e-06,9.283328e-06,1.1575e-05,9.866659e-06,9.487494e-06,-1.75007e-07,9.349998e-06,1.097916e-05,9.966659e-06,9.67083e-06,1.0195828e-05
8,145,251.618,0.55,9.149996e-06,1.895825e-06,1.1462498e-05,1.1979158e-05,1.1295827e-05,2.874994e-06,9.645828e-06,1.1933326e-05,1.0216665e-05,9.812498e-06,-1.58342e-07,9.733327e-06,1.1224993e-05,1.0316666e-05,9.995826e-06,1.0570828e-05
8,146,251.761,0.54,9.508331e-06,1.933328e-06,1.1779165e-05,1.2233329e-05,1.1541661e-05,2.904161e-06,9.887497e-06,1.209166e-05,1.0562499e-05,1.0058331e-05,-1.3334e-07,1.0024993e-05,1.1545833e-05,1.0624997e-05,1.0341661e-05,1.0879159e-05
8,147,251.904,0.53,9.829164e-06,1.874995e-06,1.1995832e-05,1.2495828e-05,1.1799995e-05,2.945828e-06,1.0270826e-05,1.2358331e-05,1.095833e-05,1.0262497e-05,-1.3334e-07,1.0337496e-05,1.1870829e-05,1.0895832e-05,1.0541661e-05,1.1183325e-05
8,148,252.047,0.52,1.0083326e-05,1.958331e-06,1.226666e-05,1.2774992e-05,1.2041664e-05,2.966658e-06,1.0562499e-05,1.2612494e-05,1.1220829e-05,1.0474992e-05,-1.58342e-07,1.0587493e-05,1.205833e-05,1.1216664e-05,1.0762493e-05,1.1483327e-05
8,149,252.19,0.51,1.0370827e-05,1.924992e-06,1.2508329e-05,1.2987494e-05,1.2258331e-05,2.970831e-06,1.0816661e-05,1.28625e-05,1.1345832e-05,1.0895832e-05,-1.58342e-07,1.0908326e-05,1.2374997e-05,1.1449996e-05,1.1116664e-05,1.1733326e-05
8,150,252.333,0.5,1.0745827e-05,1.958331e-06,1.272916e-05,1.3183331e-05,1.2524994e-05,2.983332e-06,1.1104163e-05,1.3095831e-05,1.1624996e-05,1.0962494e-05,-8.3335e-08,1.1149995e-05,1.2620831e-05,1.1799995e-05,1.1383327e-05,1.2020826e-05
8,151,252.476,0.49,1.1129165e-05,1.954158e-06,1.3008333e-05,1.3462496e-05,1.270833e-05,3.016663e-06,1.1337494e-05,1.3299998e-05,1.1954165e-05,1.1133329e-05,-1.87508e-07,1.1374998e-05,1.2866664e-05,1.1974995e-05,1.1679164e-05,1.2233329e-05
8,152,252.62,0.48,1.1395828e-05,1.970832e-06,1.3195832e-05,1.3708329e-05,1.2958328e-05,3.016663e-06,1.1566663e-05,1.3537494e-05,1.2199998e-05,1.1362497e-05,-1.70835e-07,1.1599994e-05,1.3033326e-05,1.2258331e-05,1.1920825e-05,1.2495828e-05
8,153,252.763,0.47,1.1449996e-05,1.999998e-06,1.3474997e-05,1.3887493e-05,1.3154165e-05,3.020827e-06,1.1874994e-05,1.3762497e-05,1.2483327e-05,1.1616659e-05,-1.20838e-07,1.1870829e-05,1.3337493e-05,1.2512493e-05,1.2125e-05,1.2754163e-05
8,154,252.906,0.46,1.1858328e-05,1.97916e-06,1.365416e-05,1.4070829e-05,1.3395826e-05,3.07916e-06,1.2020826e-05,1.3966664e-05,1.2679164e-05,1.1779165e-05,-1.91673e-07,1.2120827e-05,1.3583326e-05,1.2741662e-05,1.2304163e-05,1.300416e-05
8,155,253.049,0.45,1.1912497e-05,2.070832e-06,1.3933332e-05,1.4304161e-05,1.3512492e-05,3.120828e-06,1.2287497e-05,1.417083e-05,1.2920833e-05,1.1991659e-05,-2.04174e-07,1.2416665e-05,1.3758326e-05,1.298333e-05,1.2599993e-05,1.3229163e-05
8,156,253.192,0.44,1.2199998e-05,2.008327e-06,1.4041662e-05,1.4429164e-05,1.3774999e-05,3.049993e-06,1.2529159e-05,1.4416662e-05,1.3124998e-05,1.2204162e-05,-1.50005e-07,1.252083e-05,1.3970828e-05,1.3220827e-05,1.2812495e-05,1.3483325e-05
8,157,253.335,0.43,1.2424994e-05,2.004163e-06,1.4283331e-05,1.4670833e-05,1.3874999e-05,3.120828e-06,1.2749998e-05,1.4570832e-05,1.3325e-05,1.2399999e-05,-1.6667e-07,1.2758326e-05,1.4212497e-05,1.3483325e-05,1.3074994e-05,1.372083e-05
8,158,253.478,0.42,1.2679164e-05,1.983333e-06,1.4570832e-05,1.4858325e-05,1.408333e-05,3.124992e-06,1.3012496e-05,1.4712493e-05,1.3549996e-05,1.2554161e-05,-1.70835e-07,1.2929161e-05,1.4345828e-05,1.3804166e-05,1.3387497e-05,1.3891665e-05
8,159,253.621,0.41,1.2787493e-05,2.012499e-06,1.4683326e-05,1.5108331e-05,1.4366667e-05,3.141666e-06,1.3108333e-05,1.4899992e-05,1.3883328e-05,1.272916e-05,-1.50005e-07,1.3137499e-05,1.454583e-05,1.3879164e-05,1.3549996e-05,1.4062492e-05
8,160,253.764,0.4,1.3087495e-05,2.029165e-06,1.4920831e-05,1.5191667e-05,1.4491661e-05,3.099998e-06,1.3399998e-05,1.5091666e-05,1.4012496e-05,1.2895831e-05,-1.95837e-07,1.3354166e-05,1.4724994e-05,1.3979165e-05,1.3699992e-05,1.4324999e-05
8,161,253.907,0.39,1.3224999e-05,2.024992e-06,1.5024996e-05,1.5404161e-05,1.4758332e-05,3.16666e-06,1.3524993e-05,1.5233326e-05,1.4208333e-05,1.3087495e-05,-1.83336e-07,1.3541659e-05,1.4912494e-05,1.4279159e-05,1.3941662e-05,1.447916e-05
8,162,254.05,0.38,1.3520829e-05,2.020828e-06,1.5258328e-05,1.5666659e-05,1.4879163e-05,3.187497e-06,1.3733332e-05,1.5399997e-05,1.4441665e-05,1.3229163e-05,-1.62506e-07,1.3733332e-05,1.5145826e-05,1.4433328e-05,1.4020832e-05,1.4666661e-05
8,163,254.193,0.37,1.3733332e-05,2.074997e-06,1.5408334e-05,1.57125e-05,1.5158327e-05,3.208327e-06,1.3999995e-05,1.5641666e-05,1.4662496e-05,1.3416664e-05,-1.45841e-07,1.3887493e-05,1.5299996e-05,1.4670833e-05,1.4162492e-05,1.4962498e-05
8,164,254.336,0.36,1.4079165e-05,2.116664e-06,1.5549993e-05,1.5904165e-05,1.5120832e-05,3.283326e-06,1.4137499e-05,1.5729165e-05,1.4783327e-05,1.3549996e-05,-1.37504e-07,1.4108332e-05,1.5466667e-05,1.4866662e-05,1.4408326e-05,1.5016659e-05
8,165,254.479,0.35,1.4199996e-05,2.079161e-06,1.5758331e-05,1.6087492e-05,1.5391659e-05,3.295827e-06,1.4329164e-05,1.594166e-05,1.5033333e-05,1.3812494e-05,-1.91673e-07,1.4241664e-05,1.5612499e-05,1.499583e-05,1.4558331e-05,1.5220833e-05
8,166,254.622,0.34,1.4337492e-05,2.120829e-06,1.5891663e-05,1.6249998e-05,1.5383332e-05,3.154159e-06,1.4516663e-05,1.6104166e-05,1.5158327e-05,1.3854162e-05,-1.79172e-07,1.4483333e-05,1.5829166e-05,1.5208332e-05,1.4787499e-05,1.5433327e-05
8,167,254.765,0.33,1.4437493e-05,2.124993e-06,1.6066662e-05,1.6374994e-05,1.5624992e-05,3.270833e-06,1.4791663e-05,1.6208331e-05,1.5379166e-05,1.4108332e-05,-1.50005e-07,1.463333e-05,1.5949996e-05,1.5412497e-05,1.4945833e-05,1.5570831e-05
8,168,254.908,0.32,1.4766661e-05,2.104163e-06,1.6233333e-05,1.6529162e-05,1.576666e-05,3.233329e-06,1.4845832e-05,1.638333e-05,1.5599999e-05,1.4233327e-05,-1.20838e-07,1.4770826e-05,1.610833e-05,1.5512498e-05,1.5099994e-05,1.5770833e-05
8,169,255.051,0.31,1.4729166e-05,2.054159e-06,1.6416661e-05,1.665833e-05,1.5904165e-05,3.258332e-06,1.499583e-05,1.649166e-05,1.5741665e-05,1.4379159e-05,-1.58342e-07,1.4937496e-05,1.6304159e-05,1.5799998e-05,1.5287495e-05,1.5949996e-05
8,170,255.194,0.3,1.5091666e-05,2.13333e-06,1.6579159e-05,1.6879161e-05,1.6058326e-05,3.245831e-06,1.5154163e-05,1.6574995e-05,1.5895828e-05,1.4541666e-05,-1.41668e-07,1.509583e-05,1.6441663e-05,1.5916665e-05,1.5462494e-05,1.6166663e-05
8,171,255.337,0.29,1.5074992e-05,2.129165e-06,1.6662494e-05,1.6983326e-05,1.6220833e-05,3.249995e-06,1.5333326e-05,1.6737493e-05,1.6245825e-05,1.4608328e-05,-1.70835e-07,1.5212496e-05,1.6637492e-05,1.6141661e-05,1.5624992e-05,1.6320833e-05
8,172,255.48,0.28,1.5170828e-05,2.120829e-06,1.6866659e-05,1.7129159e-05,1.6308331e-05,3.249995e-06,1.5466667e-05,1.6887498e-05,1.62625e-05,1.4824995e-05,-8.3335e-08,1.5420826e-05,1.6708327e-05,1.62625e-05,1.5816664e-05,1.6466665e-05
8,173,255.623,0.27,1.559166e-05,2.162496e-06,1.6991664e-05,1.7262499e-05,1.6508333e-05,3.26666e-06,1.565833e-05,1.7083326e-05,1.6433327e-05,1.5133333e-05,-1.41668e-07,1.5520827e-05,1.6854159e-05,1.6429161e-05,1.5949996e-05,1.6691662e-05
8,174,255.766,0.26,1.5629164e-05,2.199992e-06,1.713333e-05,1.7470829e-05,1.6579159e-05,3.287498e-06,1.5812493e-05,1.71875e-05,1.665833e-05,1.5212496e-05,-1.25003e-07,1.5666659e-05,1.7029166e-05,1.665833e-05,1.6083328e-05,1.6791662e-05
8,175,255.909,0.25,1.5870826e-05,2.158332e-06,1.7270828e-05,1.7554165e-05,1.6737493e-05,3.337494e-06,1.5908328e-05,1.730833e-05,1.6712498e-05,1.5166665e-05,-1.75007e-07,1.5841659e-05,1.7224995e-05,1.6804162e-05,1.6304159e-05,1.695416e-05
8,176,256.053,0.24,1.6029158e-05,2.162496e-06,1.7466664e-05,1.7649993e-05,1.6879161e-05,3.337494e-06,1.6074999e-05,1.7474993e-05,1.6870832e-05,1.5483332e-05,-1.79172e-07,1.5954161e-05,1.7366663e-05,1.695416e-05,1.6445827e-05,1.7158325e-05
8,177,256.196,0.23,1.6208331e-05,2.13333e-06,1.7508331e-05,1.7841665e-05,1.696666e-05,3.399992e-06,1.6245825e-05,1.7591659e-05,1.7058333e-05,1.547083e-05,-1.00009e-07,1.6120832e-05,1.7512497e-05,1.7079163e-05,1.6529162e-05,1.7358327e-05
8,178,256.339,0.22,1.6174999e-05,2.183326e-06,1.770416e-05,1.7983333e-05,1.71875e-05,3.33333e-06,1.6308331e-05,1.7699997e-05,1.7224995e-05,1.5637494e-05,-1.91673e-07,1.6291666e-05,1.7745828e-05,1.7245833e-05,1.6741666e-05,1.7408331e-05
8,179,256.482,0.21,1.6291666e-05,2.212493e-06,1.7833328e-05,1.8070832e-05,1.7316659e-05,3.383326e-06,1.6483331e-05,1.7916664e-05,1.7349998e-05,1.5741665e-05,-1.91673e-07,1.6474994e-05,1.785833e-05,1.7374992e-05,1.6858332e-05,1.7554165e-05
8,180,256.625,0.2,1.6374994e-05,2.112492e-06,1.8079161e-05,1.8233332e-05,1.7399994e-05,3.358332e-06,1.6754166e-05,1.7987497e-05,1.7499995e-05,1.5879163e-05,-1.79172e-07,1.6462493e-05,1.7874996e-05,1.74625e-05,1.6983326e-05,1.7745828e-05
8,181,256.768,0.19,1.6466665e-05,2.191663e-06,1.8016664e-05,1.8366663e-05,1.7491666e-05,3.42083e-06,1.6787497e-05,1.8133331e-05,1.7666665e-05,1.604166e-05,-1.50005e-07,1.6579159e-05,1.8137494e-05,1.7662493e-05,1.7116667e-05,1.7837492e-05
8,182,256.911,0.18,1.6674996e-05,2.183326e-06,1.8174998e-05,1.8412495e-05,1.7616661e-05,3.404164e-06,1.6858332e-05,1.8191664e-05,1.775833e-05,1.6183329e-05,-1.50005e-07,1.6733329e-05,1.8112492e-05,1.7933329e-05,1.729583e-05,1.8004162e-05
8,183,257.054,0.17,1.6816664e-05,2.120829e-06,1.8295828e-05,1.8670829e-05,1.7754166e-05,3.437495e-06,1.7079163e-05,1.8287499e-05,1.79125e-05,1.6354163e-05,-1.70835e-07,1.6866659e-05,1.8283328e-05,1.8029164e-05,1.7445827e-05,1.8129165e-05
8,184,257.197,0.16,1.7049995e-05,2.145831e-06,1.849583e-05,1.8808332e-05,1.7945829e-05,3.466662e-06,1.7158325e-05,1.8533334e-05,1.8149996e-05,1.6408332e-05,-1.70835e-07,1.6987498e-05,1.8470828e-05,1.8174998e-05,1.7612498e-05,1.8224995e-05
8,185,257.34,0.15,1.7024993e-05,2.191663e-06,1.8799996e-05,1.8854165e-05,1.8049996e-05,3.445832e-06,1.7333332e-05,1.8595831e-05,1.8258334e-05,1.6549993e-05,-1.58342e-07,1.7137496e-05,1.8558327e-05,1.8162496e-05,1.7883332e-05,1.8387493e-05
8,186,257.483,0.14,1.7220831e-05,2.204164e-06,1.8637498e-05,1.9108327e-05,1.8262497e-05,3.445832e-06,1.7429162e-05,1.8691659e-05,1.8370827e-05,1.6791662e-05,-1.50005e-07,1.7283328e-05,1.8670829e-05,1.8370827e-05,1.7729164e-05,1.8591667e-05
8,187,257.626,0.13,1.7491666e-05,2.166661e-06,1.8808332e-05,1.9191662e-05,1.8408331e-05,3.479163e-06,1.7579167e-05,1.8829163e-05,1.8537497e-05,1.6754166e-05,-1.79172e-07,1.7345827e-05,1.878333e-05,1.8479164e-05,1.8008328e-05,1.8591667e-05
8,188,257.769,0.12,1.7608332e-05,2.158332e-06,1.8995834e-05,1.9099998e-05,1.8516659e-05,3.533332e-06,1.770416e-05,1.8908326e-05,1.8579165e-05,1.6929165e-05,-1.70835e-07,1.7524997e-05,1.8929164e-05,1.860416e-05,1.8041666e-05,1.8683329e-05
8,189,257.912,0.11,1.7787495e-05,2.191663e-06,1.9074996e-05,1.9258332e-05,1.8466664e-05,3.462497e-06,1.7824999e-05,1.906666e-05,1.8795832e-05,1.7033331e-05,-1.79172e-07,1.7633327e-05,1.9049994e-05,1.8733326e-05,1.8158333e-05,1.8808332e-05
8,190,258.055,0.1,1.7954168e-05,2.191663e-06,1.9179161e-05,1.9441661e-05,1.8566665e-05,3.458325e-06,1.7983333e-05,1.916666e-05,1.8841663e-05,1.7220831e-05,-1.54169e-07,1.7662493e-05,1.9145831e-05,1.887916e-05,1.830833e-05,1.8987497e-05
8,191,258.198,0.09,1.8020828e-05,2.183326e-06,1.92875e-05,1.9558327e-05,1.8699995e-05,3.474998e-06,1.8104163e-05,1.9312492e-05,1.8999997e-05,1.7258326e-05,-1.62506e-07,1.7841665e-05,1.9237494e-05,1.9008326e-05,1.8408331e-05,1.9070832e-05
8,192,258.341,0.08,1.804583e-05,2.195827e-06,1.9374998e-05,1.9641662e-05,1.8829163e-05,3.479163e-06,1.8162496e-05,1.9404164e-05,1.9158331e-05,1.7408331e-05,-1.50005e-07,1.7962495e-05,1.9412493e-05,1.9108327e-05,1.8520832e-05,1.9199999e-05
8,193,258.484,0.07,1.7974997e-05,2.25416e-06,1.950833e-05,1.9754163e-05,1.8916662e-05,3.466662e-06,1.8266663e-05,1.9466663e-05,1.9258332e-05,1.7516661e-05,-1.58342e-07,1.8049996e-05,1.9424995e-05,1.9249996e-05,1.8633325e-05,1.9308329e-05
8,194,258.627,0.06,1.8108329e-05,2.208328e-06,1.9637497e-05,1.9841664e-05,1.9020828e-05,3.533332e-06,1.8508332e-05,1.9533332e-05,1.9366662e-05,1.7608332e-05,-1.37504e-07,1.8133331e-05,1.9645826e-05,1.9320829e-05,1.8708331e-05,1.9462497e-05
8,195,258.77,0.05,1.8216666e-05,2.249996e-06,1.9716661e-05,1.995833e-05,1.9104164e-05,3.579164e-06,1.8475001e-05,1.9620831e-05,1.9570827e-05,1.7749993e-05,-1.87508e-07,1.8270826e-05,1.9708332e-05,1.9462497e-05,1.8883331e-05,1.9583329e-05
8,196,258.913,0.04,1.8395829e-05,2.237495e-06,1.9816662e-05,2.0049993e-05,1.9187499e-05,3.558326e-06,1.8579165e-05,1.980416e-05,1.9566663e-05,1.7854167e-05,-1.58342e-07,1.8404166e-05,1.9774994e-05,1.9541661e-05,1.8999997e-05,1.9662499e-05
8,197,259.056,0.03,1.8462499e-05,2.25416e-06,1.9962494e-05,2.0087497e-05,1.93e-05,3.574999e-06,1.8791659e-05,1.9908333e-05,1.9824998e-05,1.8037494e-05,-1.3334e-07,1.8520832e-05,1.9920826e-05,1.9674993e-05,1.8941664e-05,1.9774994e-05
8,198,259.199,0.02,1.8554163e-05,2.249996e-06,1.9933326e-05,2.0262496e-05,1.9399993e-05,3.558326e-06,1.88375e-05,1.9941665e-05,1.9720832e-05,1.8116665e-05,-1.29175e-07,1.8574992e-05,2.0033327e-05,1.9720832e-05,1.9183326e-05,1.9954165e-05
8,199,259.342,0.01,1.8858329e-05,2.283327e-06,2.0187497e-05,2.0424994e-05,1.952083e-05,3.616659e-06,1.895833e-05,2.0016661e-05,1.9824998e-05,1.8112492e-05,-1.20838e-07,1.8737499e-05,2.0029163e-05,1.9879166e-05,1.9262498e-05,1.9962494e-05
8,200,259.485,0.0,1.8954166e-05,2.287499e-06,2.0279162e-05,2.0441659e-05,1.9633333e-05,3.595829e-06,1.9008326e-05,2.0099997e-05,1.9983332e-05,1.8166662e-05,-1.08337e-07,1.8845829e-05,2.0112499e-05,1.9937499e-05,1.9324994e-05,2.00375e-05
,,,,,,,,,,,,,,,,,,,,8,0.64,0.61,0.75,0.75,0.75,0.75,0.65,0.73,0.69,0.74,0.24,0.65,0.72,0.72,0.69,0.7,0.72,0.72,0.8,0.81,0.8,0.81,0.74,0.79,0.75,0.77,0.89,0.73,0.77,0.76,0.75,0.75
9,0,259.726,0.0,1.8929164e-05,2.241659e-06,2.0370833e-05,2.0466661e-05,1.9670828e-05,3.624996e-06,1.9016663e-05,2.0212499e-05,2.0049993e-05,1.8279163e-05,-1.29175e-07,1.8750001e-05,2.0291662e-05,2.0099997e-05,1.9320829e-05,2.0120828e-05
9,1,259.869,0.01,1.8845829e-05,2.316666e-06,2.0379162e-05,2.0466661e-05,1.9604166e-05,3.616659e-06,1.8929164e-05,2.0170832e-05,1.9987496e-05,1.8254161e-05,-1.25003e-07,1.8654164e-05,2.0095833e-05,1.9991659e-05,1.9366662e-05,2.0099997e-05
9,2,260.012,0.02,1.8695831e-05,2.299992e-06,2.0195826e-05,2.0479163e-05,1.9566663e-05,3.60833e-06,1.88375e-05,2.0041665e-05,1.9824998e-05,1.8170826e-05,-8.7508e-08,1.8558327e-05,2.0029163e-05,1.9908333e-05,1.9249996e-05,2.0004161e-05
9,3,260.155,0.03,1.8583329e-05,2.324995e-06,2.0066667e-05,2.0379162e-05,1.9437495e-05,3.670827e-06,1.8699995e-05,2.0125e-05,1.9741663e-05,1.8058332e-05,-1.00009e-07,1.8458326e-05,1.997083e-05,1.9729161e-05,1.9370826e-05,1.9816662e-05
9,4,260.298,0.04,1.8512495e-05,2.32083e-06,1.9974994e-05,2.0387499e-05,1.9370826e-05,3.620831e-06,1.8566665e-05,1.9912497e-05,1.9737497e-05,1.8058332e-05,-8.3335e-08,1.832083e-05,1.9899997e-05,1.9754163e-05,1.9062496e-05,1.9787494e-05
9,5,260.441,0.05,1.8270826e-05,2.32083e-06,1.9912497e-05,2.0074995e-05,1.9337494e-05,3.670827e-06,1.8520832e-05,1.9862493e-05,1.9595829e-05,1.8004162e-05,-5.8341e-08,1.8195828e-05,1.9779165e-05,1.9554162e-05,1.9199999e-05,1.9662499e-05
9,6,260.584,0.06,1.8187498e-05,2.366662e-06,1.9774994e-05,2.0016661e-05,1.93e-05,3.670827e-06,1.8283328e-05,1.9820833e-05,1.9454161e-05,1.7874996e-05,-8.3335e-08,1.8091663e-05,1.9712495e-05,1.9412493e-05,1.878333e-05,1.9575e-05
9,7,260.727,0.07,1.8095827e-05,2.354161e-06,1.9749999e-05,1.9899997e-05,1.9104164e-05,3.645825e-06,1.8183327e-05,1.9699995e-05,1.9362496e-05,1.7754166e-05,-7.0834e-08,1.7970831e-05,1.9579164e-05,1.9362496e-05,1.8758328e-05,1.9437495e-05
9,8,260.87,0.08,1.7929164e-05,2.354161e-06,1.9716661e-05,1.980416e-05,1.8941664e-05,3.704158e-06,1.8020828e-05,1.9595829e-05,1.9229166e-05,1.7708333e-05,-5.0004e-08,1.7783332e-05,1.9470826e-05,1.9191662e-05,1.8637498e-05,1.9270834e-05
9,9,261.013,0.09,1.7833328e-05,2.374999e-06,1.9537496e-05,1.9724997e-05,1.8904162e-05,3.654162e-06,1.79125e-05,1.9487492e-05,1.9145831e-05,1.7541663e-05,-5.0004e-08,1.7641663e-05,1.9358333e-05,1.9087498e-05,1.8520832e-05,1.9224994e-05
9,10,261.156,0.1,1.7533326e-05,2.395828e-06,1.9449997e-05,1.962916e-05,1.8724997e-05,3.683329e-06,1.7941666e-05,1.9458326e-05,1.904583e-05,1.750416e-05,-4.1668e-08,1.7612498e-05,1.9270834e-05,1.895833e-05,1.844166e-05,1.9091662e-05
9,11,261.299,0.11,1.7424996e-05,2.370826e-06,1.9358333e-05,1.9570827e-05,1.8662493e-05,3.71666e-06,1.7620825e-05,1.9254159e-05,1.8820827e-05,1.7395831e-05,-2.0838e-08,1.740416e-05,1.9120829e-05,1.8849993e-05,1.8345832e-05,1.8970832e-05
9,12,261.442,0.12,1.7374992e-05,2.379163e-06,1.9249996e-05,1.9416666e-05,1.8595831e-05,3.637497e-06,1.7470829e-05,1.9266661e-05,1.8812498e-05,1.7270828e-05,-1.6673e-08,1.722916e-05,1.9041665e-05,1.8716661e-05,1.8224995e-05,1.8870831e-05
9,13,261.585,0.13,1.713333e-05,2.379163e-06,1.9091662e-05,1.93e-05,1.8437497e-05,3.591665e-06,1.7329161e-05,1.9083333e-05,1.8654164e-05,1.7158325e-05,-4.1668e-08,1.7033331e-05,1.889166e-05,1.8574992e-05,1.8124994e-05,1.8745828e-05
9,14,261.728,0.14,1.6916665e-05,2.458326e-06,1.8991661e-05,1.9204164e-05,1.8291665e-05,3.620831e-06,1.7175e-05,1.8908326e-05,1.8545827e-05,1.7091663e-05,2.083e-08,1.6979162e-05,1.8762494e-05,1.8520832e-05,1.8024994e-05,1.860416e-05
9,15,261.871,0.15,1.6745829e-05,2.387492e-06,1.895833e-05,1.9070832e-05,1.8208329e-05,3.624996e-06,1.6974998e-05,1.8808332e-05,1.8454162e-05,1.7062497e-05,-2.0838e-08,1.6741666e-05,1.8641662e-05,1.8358325e-05,1.787916e-05,1.8470828e-05
9,16,262.014,0.16,1.6649994e-05,2.40833e-06,1.8799996e-05,1.9008326e-05,1.8074998e-05,3.549997e-06,1.6820828e-05,1.8641662e-05,1.832916e-05,1.6895827e-05,4.164e-09,1.6629163e-05,1.8475001e-05,1.8187498e-05,1.775833e-05,1.8354162e-05
9,17,262.157,0.17,1.6458329e-05,2.366662e-06,1.8670829e-05,1.8883331e-05,1.7962495e-05,3.624996e-06,1.6699998e-05,1.8599994e-05,1.8012499e-05,1.6699998e-05,2.083e-08,1.645e-05,1.8391665e-05,1.8237495e-05,1.7604159e-05,1.8187498e-05
9,18,262.3,0.18,1.6304159e-05,2.391664e-06,1.8558327e-05,1.877083e-05,1.785833e-05,3.616659e-06,1.6495831e-05,1.8520832e-05,1.8095827e-05,1.6629163e-05,1.04165e-07,1.6324997e-05,1.8195828e-05,1.7849994e-05,1.7470829e-05,1.8091663e-05
9,19,262.443,0.19,1.6145825e-05,2.383327e-06,1.8412495e-05,1.8587494e-05,1.7745828e-05,3.62916e-06,1.6274993e-05,1.8391665e-05,1.7720826e-05,1.6454163e-05,9.9993e-08,1.6112495e-05,1.8129165e-05,1.7795834e-05,1.7345827e-05,1.7908327e-05
9,20,262.587,0.2,1.5954161e-05,2.32083e-06,1.8204164e-05,1.8483328e-05,1.758333e-05,3.579164e-06,1.6124995e-05,1.8287499e-05,1.7558328e-05,1.6337499e-05,2.083e-08,1.594166e-05,1.7995826e-05,1.7654165e-05,1.7158325e-05,1.7662493e-05
9,21,262.73,0.21,1.5695827e-05,2.349997e-06,1.8091663e-05,1.8312494e-05,1.7466664e-05,3.579164e-06,1.5966662e-05,1.814166e-05,1.7458327e-05,1.6220833e-05,-1.6673e-08,1.575416e-05,1.7845829e-05,1.74625e-05,1.6991664e-05,1.7641663e-05
9,22,262.873,0.22,1.5462494e-05,2.362498e-06,1.803333e-05,1.8262497e-05,1.7254162e-05,3.612495e-06,1.5779162e-05,1.7999999e-05,1.7283328e-05,1.6120832e-05,4.164e-09,1.5733329e-05,1.7729164e-05,1.724166e-05,1.6937494e-05,1.7445827e-05
9,23,263.016,0.23,1.5291658e-05,2.374999e-06,1.7874996e-05,1.8083327e-05,1.7154161e-05,3.579164e-06,1.549166e-05,1.7904162e-05,1.7149996e-05,1.5979163e-05,-4.172e-09,1.5483332e-05,1.7549999e-05,1.7129159e-05,1.6704162e-05,1.7245833e-05
9,24,263.159,0.24,1.5079165e-05,2.387492e-06,1.775833e-05,1.79125e-05,1.7012493e-05,3.579164e-06,1.5437499e-05,1.7791661e-05,1.7e-05,1.5866661e-05,2.4994e-08,1.5154163e-05,1.7479166e-05,1.6958333e-05,1.6595832e-05,1.7087499e-05
9,25,263.302,0.25,1.4958326e-05,2.308329e-06,1.7616661e-05,1.7799997e-05,1.6879161e-05,3.537496e-06,1.5179166e-05,1.7645827e-05,1.6837494e-05,1.5729165e-05,3.7495e-08,1.4949997e-05,1.7445827e-05,1.6866659e-05,1.6441663e-05,1.6941667e-05
9,26,263.445,0.26,1.4637494e-05,2.304165e-06,1.7549999e-05,1.7649993e-05,1.6737493e-05,3.558326e-06,1.4987492e-05,1.7454164e-05,1.6616663e-05,1.5554166e-05,2.083e-08,1.4758332e-05,1.7012493e-05,1.6791662e-05,1.6287493e-05,1.6808328e-05
9,27,263.588,0.27,1.4474996e-05,2.32083e-06,1.7204165e-05,1.7537499e-05,1.6549993e-05,3.554161e-06,1.4724994e-05,1.7258326e-05,1.6508333e-05,1.5445828e-05,5.8325e-08,1.4604163e-05,1.6849996e-05,1.6404159e-05,1.6099993e-05,1.6604161e-05
9,28,263.731,0.28,1.4249992e-05,2.295828e-06,1.7116667e-05,1.7441662e-05,1.6466665e-05,3.537496e-06,1.4570832e-05,1.7175e-05,1.6337499e-05,1.5274994e-05,2.083e-08,1.4416662e-05,1.6791662e-05,1.6299995e-05,1.6104166e-05,1.6474994e-05
9,29,263.874,0.29,1.4020832e-05,2.345832e-06,1.6987498e-05,1.7333332e-05,1.6245825e-05,3.504165e-06,1.4429164e-05,1.6937494e-05,1.6079164e-05,1.5170828e-05,7.4999e-08,1.420416e-05,1.6562493e-05,1.6049997e-05,1.5899999e-05,1.6324997e-05
9,30,264.017,0.3,1.3816659e-05,2.312493e-06,1.6754166e-05,1.7058333e-05,1.6137497e-05,3.537496e-06,1.4108332e-05,1.6929165e-05,1.5974998e-05,1.5062499e-05,-8e-12,1.3987494e-05,1.6408332e-05,1.5879163e-05,1.5504162e-05,1.6066662e-05
9,31,264.16,0.31,1.3566661e-05,2.287499e-06,1.6608326e-05,1.6866659e-05,1.5924994e-05,3.499993e-06,1.3962499e-05,1.6741666e-05,1.5783326e-05,1.484166e-05,2.083e-08,1.3770827e-05,1.6233333e-05,1.5687498e-05,1.5395832e-05,1.5866661e-05
9,32,264.303,0.32,1.3370832e-05,2.312493e-06,1.6479167e-05,1.6595832e-05,1.5699998e-05,3.52083e-06,1.3729159e-05,1.6579159e-05,1.5508325e-05,1.4691663e-05,-1.2501e-08,1.3579162e-05,1.6024995e-05,1.5545829e-05,1.5187494e-05,1.5620828e-05
9,33,264.446,0.33,1.3129163e-05,2.295828e-06,1.6291666e-05,1.6470829e-05,1.5649994e-05,3.454161e-06,1.3587499e-05,1.6454163e-05,1.5337499e-05,1.4491661e-05,3.3331e-08,1.3387497e-05,1.5866661e-05,1.5383332e-05,1.5024996e-05,1.549166e-05
9,34,264.589,0.34,1.2812495e-05,2.329159e-06,1.6129159e-05,1.6299995e-05,1.5316662e-05,3.508329e-06,1.3266659e-05,1.6287493e-05,1.5174993e-05,1.4316663e-05,8.3327e-08,1.3174995e-05,1.5724992e-05,1.51625e-05,1.4879163e-05,1.5204159e-05
9,35,264.732,0.35,1.2704166e-05,2.299992e-06,1.5904165e-05,1.6154163e-05,1.5220833e-05,3.445832e-06,1.317083e-05,1.6012495e-05,1.4870827e-05,1.4158329e-05,6.2497e-08,1.2854163e-05,1.5525e-05,1.4916666e-05,1.4645831e-05,1.5054163e-05
9,36,264.875,0.36,1.23125e-05,2.404165e-06,1.5729165e-05,1.59875e-05,1.5045825e-05,3.445832e-06,1.2974993e-05,1.5845832e-05,1.4724994e-05,1.401666e-05,7.0826e-08,1.2645833e-05,1.5295831e-05,1.4687498e-05,1.4454166e-05,1.4849997e-05
9,37,265.018,0.37,1.2137492e-05,2.270826e-06,1.5508325e-05,1.5762496e-05,1.4824995e-05,3.42083e-06,1.2483327e-05,1.5866661e-05,1.4508327e-05,1.3841661e-05,1.2493e-08,1.2420829e-05,1.5062499e-05,1.4433328e-05,1.4212497e-05,1.4645831e-05
9,38,265.161,0.38,1.1849999e-05,2.274998e-06,1.5337499e-05,1.5583333e-05,1.4662496e-05,3.379162e-06,1.2308327e-05,1.5695827e-05,1.4249992e-05,1.3683327e-05,7.0826e-08,1.2149993e-05,1.48875e-05,1.4249992e-05,1.4045827e-05,1.4387496e-05
9,39,265.304,0.39,1.1579164e-05,2.308329e-06,1.5099994e-05,1.5383332e-05,1.4445829e-05,3.399992e-06,1.2008325e-05,1.5254163e-05,1.4095831e-05,1.3499999e-05,7.9163e-08,1.1858328e-05,1.4624993e-05,1.4066664e-05,1.3791664e-05,1.4187495e-05
9,40,265.447,0.4,1.1324993e-05,2.270826e-06,1.4937496e-05,1.5279165e-05,1.4258329e-05,3.379162e-06,1.1770829e-05,1.5133333e-05,1.3749996e-05,1.3308327e-05,7.4999e-08,1.1587493e-05,1.4412499e-05,1.3783328e-05,1.3595827e-05,1.3974993e-05
9,41,265.59,0.41,1.0983332e-05,2.216665e-06,1.4758332e-05,1.5045825e-05,1.4029161e-05,3.387499e-06,1.1474999e-05,1.4874999e-05,1.3487498e-05,1.3108333e-05,8.3327e-08,1.1349996e-05,1.4229163e-05,1.3570825e-05,1.3320828e-05,1.372083e-05
9,42,265.733,0.42,1.0662492e-05,2.224994e-06,1.454583e-05,1.4799993e-05,1.3879164e-05,3.362497e-06,1.1224993e-05,1.4704164e-05,1.3254165e-05,1.2991659e-05,1.4166e-07,1.1099998e-05,1.3999995e-05,1.3325e-05,1.3087495e-05,1.343333e-05
9,43,265.876,0.43,1.0399994e-05,2.208328e-06,1.4333327e-05,1.4508327e-05,1.3658333e-05,3.387499e-06,1.0970831e-05,1.445833e-05,1.2970829e-05,1.270833e-05,7.9163e-08,1.0787495e-05,1.3737495e-05,1.2995831e-05,1.2833333e-05,1.3204161e-05
9,44,266.019,0.44,1.0099999e-05,2.204164e-06,1.410416e-05,1.4283331e-05,1.3370832e-05,3.374998e-06,1.0629161e-05,1.4233327e-05,1.2720831e-05,1.2462497e-05,1.04165e-07,1.0520832e-05,1.3408328e-05,1.279583e-05,1.2633332e-05,1.2904159e-05
9,45,266.163,0.45,9.774994e-06,2.13333e-06,1.3854162e-05,1.4141663e-05,1.3220827e-05,3.35416e-06,1.0349997e-05,1.4012496e-05,1.2479162e-05,1.2283325e-05,2.0833e-07,1.0204164e-05,1.319166e-05,1.2537495e-05,1.2387498e-05,1.2649997e-05
9,46,266.306,0.46,9.41666e-06,2.141659e-06,1.3637495e-05,1.3845834e-05,1.291666e-05,3.304164e-06,1.0074997e-05,1.3783328e-05,1.2154166e-05,1.2008325e-05,7.9163e-08,9.929165e-06,1.2937498e-05,1.224583e-05,1.205833e-05,1.2370832e-05
9,47,266.449,0.47,9.074998e-06,2.087498e-06,1.3333329e-05,1.3595827e-05,1.270833e-05,3.279162e-06,9.754165e-06,1.3587499e-05,1.1866665e-05,1.1799995e-05,7.9163e-08,9.579166e-06,1.2774992e-05,1.1941664e-05,1.1791666e-05,1.2008325e-05
9,48,266.592,0.48,8.762495e-06,2.04583e-06,1.3079167e-05,1.3354166e-05,1.2358331e-05,3.249995e-06,9.379164e-06,1.3337493e-05,1.1579164e-05,1.1599994e-05,1.16658e-07,9.258326e-06,1.2441659e-05,1.1616659e-05,1.1508329e-05,1.1808332e-05
9,49,266.735,0.49,8.41666e-06,2.054159e-06,1.2841661e-05,1.3037499e-05,1.2120827e-05,3.308328e-06,9.083326e-06,1.3079167e-05,1.1245831e-05,1.1370826e-05,7.4999e-08,8.93333e-06,1.2062494e-05,1.1345832e-05,1.1133329e-05,1.142083e-05
9,50,266.878,0.5,8.062498e-06,2.06666e-06,1.260833e-05,1.2849999e-05,1.1866665e-05,3.191662e-06,8.799998e-06,1.2812495e-05,1.0929163e-05,1.1133329e-05,9.1664e-08,8.633328e-06,1.1766664e-05,1.1154159e-05,1.0837499e-05,1.1158331e-05
9,51,267.021,0.51,7.795827e-06,1.983333e-06,1.2329165e-05,1.2558333e-05,1.1637497e-05,3.237494e-06,8.454163e-06,1.2533331e-05,1.061666e-05,1.089166e-05,1.04165e-07,8.320832e-06,1.1408329e-05,1.0712496e-05,1.0579165e-05,1.0841663e-05
9,52,267.164,0.52,7.445828e-06,1.970832e-06,1.2087497e-05,1.2254159e-05,1.1391664e-05,3.224993e-06,8.066662e-06,1.2287497e-05,1.0233331e-05,1.0649999e-05,1.16658e-07,8.02083e-06,1.1062495e-05,1.0349997e-05,1.0233331e-05,1.0487493e-05
9,53,267.307,0.53,7.058326e-06,1.949994e-06,1.1620831e-05,1.2074995e-05,1.1062495e-05,3.187497e-06,7.724992e-06,1.1937499e-05,9.883332e-06,1.0374999e-05,8.7492e-08,7.645829e-06,1.078333e-05,9.999999e-06,9.866659e-06,1.0129165e-05
9,54,267.45,0.54,6.749995e-06,1.945829e-06,1.132083e-05,1.1624996e-05,1.0787495e-05,3.170832e-06,7.399996e-06,1.1658327e-05,9.533326e-06,9.991661e-06,1.12494e-07,7.320825e-06,1.0395829e-05,9.616661e-06,9.554164e-06,9.724999e-06
9,55,267.593,0.55,6.412498e-06,1.870831e-06,1.1016663e-05,1.132083e-05,1.0466663e-05,3.14583e-06,7.087493e-06,1.1345832e-05,9.133331e-06,9.779159e-06,7.9163e-08,7.02916e-06,1.00125e-05,9.270827e-06,9.162498e-06,9.358327e-06
9,56,267.736,0.56,6.133326e-06,1.854165e-06,1.0674993e-05,1.0924999e-05,1.0158332e-05,3.099998e-06,6.724993e-06,1.0945829e-05,8.724999e-06,9.483329e-06,7.9163e-08,6.691662e-06,9.60416e-06,8.941666e-06,8.741665e-06,8.924992e-06
9,57,267.879,0.57,5.916659e-06,1.824999e-06,1.0379164e-05,1.0612495e-05,9.79166e-06,3.029164e-06,6.420827e-06,1.0670828e-05,8.337498e-06,9.258326e-06,9.5828e-08,6.429163e-06,9.258326e-06,8.574994e-06,8.333325e-06,8.57083e-06
9,58,268.022,0.58,5.612493e-06,1.808325e-06,1.0037494e-05,1.0308329e-05,9.379164e-06,3.041665e-06,6.154164e-06,1.032083e-05,7.970826e-06,8.908328e-06,1.33332e-07,6.124997e-06,8.858331e-06,8.208331e-06,8.012494e-06,8.191665e-06
9,59,268.165,0.59,5.35833e-06,1.787496e-06,9.666665e-06,9.974996e-06,9.091664e-06,3.004161e-06,5.90833e-06,1.0016664e-05,7.595825e-06,8.616662e-06,1.12494e-07,5.883328e-06,8.50416e-06,7.858332e-06,7.649994e-06,7.76666e-06
9,60,268.308,0.6,5.17083e-06,1.783331e-06,9.354162e-06,9.629162e-06,8.754166e-06,2.949993e-06,5.683327e-06,9.666665e-06,7.19583e-06,8.391658e-06,1.4166e-07,5.704164e-06,8.095829e-06,7.499997e-06,7.279165e-06,7.479159e-06
9,61,268.451,0.61,5.066665e-06,1.729163e-06,8.987498e-06,9.30833e-06,8.404159e-06,2.933327e-06,5.416663e-06,9.295829e-06,6.912494e-06,8.070827e-06,8.3327e-08,5.491662e-06,7.720828e-06,7.145826e-06,6.937496e-06,7.091665e-06
9,62,268.594,0.62,4.941662e-06,1.774995e-06,8.649993e-06,8.920829e-06,8.074999e-06,2.904161e-06,5.312499e-06,8.941666e-06,6.504162e-06,7.824993e-06,1.16658e-07,5.424992e-06,7.30416e-06,6.824994e-06,6.604163e-06,6.75416e-06
9,63,268.737,0.63,4.929161e-06,1.808325e-06,8.308331e-06,8.5375e-06,7.695826e-06,2.87083e-06,5.099996e-06,8.629163e-06,6.137498e-06,7.504161e-06,9.1664e-08,5.237492e-06,6.904165e-06,6.445829e-06,6.241663e-06,6.39166e-06
9,64,268.88,0.64,4.945827e-06,1.795832e-06,7.929166e-06,8.204166e-06,7.324998e-06,2.808333e-06,5.020825e-06,8.141661e-06,5.874999e-06,7.249999e-06,1.12494e-07,5.245829e-06,6.620828e-06,6.120833e-06,5.945826e-06,6.062492e-06
9,65,269.023,0.65,4.962492e-06,1.79166e-06,7.516662e-06,7.829165e-06,7.004166e-06,2.758328e-06,5.008332e-06,7.829165e-06,5.624994e-06,7.012494e-06,1.54161e-07,5.241664e-06,6.241663e-06,5.899994e-06,5.762497e-06,5.787492e-06
9,66,269.166,0.66,5.099996e-06,1.795832e-06,7.241662e-06,7.479159e-06,6.662496e-06,2.733326e-06,5.045827e-06,7.57916e-06,5.320827e-06,6.82083e-06,1.37496e-07,5.287496e-06,5.979165e-06,5.587498e-06,5.44583e-06,5.583326e-06
9,67,269.309,0.67,5.208326e-06,1.816662e-06,6.874998e-06,7.095829e-06,6.27083e-06,2.658328e-06,5.129163e-06,7.141662e-06,5.17083e-06,6.616664e-06,1.45825e-07,5.337492e-06,5.733331e-06,5.366659e-06,5.266658e-06,5.287496e-06
9,68,269.452,0.68,5.35833e-06,1.845829e-06,6.529164e-06,6.745831e-06,5.962499e-06,2.599994e-06,5.249993e-06,6.841659e-06,5.037498e-06,6.333327e-06,1.4166e-07,5.504163e-06,5.512492e-06,5.212498e-06,5.149992e-06,5.154165e-06
9,69,269.595,0.69,5.595827e-06,1.895825e-06,6.224998e-06,6.429163e-06,5.65416e-06,2.566663e-06,5.35833e-06,6.620828e-06,4.98333e-06,6.299997e-06,1.37496e-07,5.65416e-06,5.295825e-06,5.137499e-06,5.099996e-06,5.099996e-06
9,70,269.739,0.7,5.787492e-06,1.941665e-06,5.899994e-06,6.091658e-06,5.329164e-06,2.52916e-06,5.537494e-06,6.358329e-06,5.008332e-06,6.070828e-06,1.37496e-07,5.829159e-06,5.183331e-06,5.074994e-06,5.137499e-06,5.033326e-06
9,71,269.882,0.71,6.029161e-06,1.941665e-06,5.724994e-06,5.854161e-06,5.179159e-06,2.462498e-06,5.749996e-06,6.166665e-06,5.062493e-06,5.979165e-06,1.24995e-07,6.083329e-06,5.095832e-06,5.108333e-06,5.174994e-06,5.020825e-06
9,72,270.025,0.72,6.379159e-06,1.933328e-06,5.474997e-06,5.65416e-06,4.929161e-06,2.445825e-06,5.933332e-06,6.049999e-06,5.179159e-06,5.916659e-06,1.04165e-07,6.283331e-06,5.17083e-06,5.120826e-06,5.287496e-06,5.179159e-06
9,73,270.168,0.73,6.583325e-06,1.987497e-06,5.287496e-06,5.529165e-06,4.845826e-06,2.437496e-06,6.20416e-06,5.99583e-06,5.349994e-06,5.90833e-06,1.49997e-07,6.558331e-06,5.233328e-06,5.262494e-06,5.462496e-06,5.291661e-06
9,74,270.311,0.74,6.899993e-06,1.991661e-06,5.25833e-06,5.35833e-06,4.783328e-06,2.374999e-06,6.491661e-06,5.924996e-06,5.549995e-06,5.899994e-06,1.4166e-07,6.816666e-06,5.204161e-06,5.483325e-06,5.645832e-06,5.479161e-06
9,75,270.454,0.75,7.191666e-06,2.012499e-06,5.249993e-06,5.345829e-06,4.787493e-06,2.429159e-06,6.774998e-06,6.058327e-06,5.787492e-06,5.90833e-06,1.49997e-07,7.19583e-06,5.370831e-06,5.579162e-06,5.899994e-06,5.745832e-06
9,76,270.597,0.76,7.47083e-06,2.054159e-06,5.283332e-06,5.366659e-06,4.833333e-06,2.433332e-06,7.033332e-06,6.108331e-06,6.112496e-06,5.958327e-06,1.62498e-07,7.437499e-06,5.674998e-06,5.920831e-06,6.124997e-06,5.970828e-06
9,77,270.74,0.77,7.749994e-06,2.058331e-06,5.254165e-06,5.404162e-06,4.979165e-06,2.437496e-06,7.220833e-06,6.283331e-06,6.387496e-06,6.008331e-06,1.70827e-07,7.733329e-06,5.770826e-06,6.091658e-06,6.366666e-06,6.237499e-06
9,78,270.883,0.78,8.033331e-06,2.120829e-06,5.399998e-06,5.558332e-06,5.17083e-06,2.437496e-06,7.508326e-06,6.429163e-06,6.708328e-06,6.108331e-06,1.66663e-07,8.074999e-06,6.058327e-06,6.387496e-06,6.649995e-06,6.524992e-06
9,79,271.026,0.79,8.304159e-06,2.149995e-06,5.558332e-06,5.754161e-06,5.383333e-06,2.445825e-06,7.795827e-06,6.679161e-06,6.983328e-06,6.195831e-06,1.54161e-07,8.329161e-06,6.345828e-06,6.695827e-06,6.866662e-06,6.870826e-06
9,80,271.169,0.8,8.604161e-06,2.183326e-06,5.729159e-06,5.854161e-06,5.63333e-06,2.524996e-06,8.054161e-06,6.779162e-06,7.262492e-06,6.324999e-06,1.70827e-07,8.654165e-06,6.645831e-06,7.016659e-06,7.099994e-06,7.179165e-06
9,81,271.312,0.81,8.86666e-06,2.212493e-06,5.90833e-06,6.066664e-06,5.824995e-06,2.570828e-06,8.31666e-06,6.974999e-06,7.587496e-06,6.395833e-06,1.62498e-07,8.895826e-06,6.933331e-06,7.324998e-06,7.333326e-06,7.487496e-06
9,82,271.455,0.82,9.145832e-06,2.216665e-06,6.112496e-06,6.220826e-06,6.074993e-06,2.558327e-06,8.520826e-06,7.19583e-06,7.93333e-06,6.558331e-06,1.95829e-07,9.199993e-06,7.199995e-06,7.645829e-06,7.566658e-06,7.799999e-06
9,83,271.598,0.83,9.337497e-06,2.23333e-06,6.312498e-06,6.441664e-06,6.445829e-06,2.658328e-06,8.858331e-06,7.337499e-06,8.224996e-06,6.73333e-06,1.79164e-07,9.483329e-06,7.516662e-06,7.987499e-06,7.829165e-06,8.245825e-06
9,84,271.741,0.84,9.608332e-06,2.266661e-06,6.466659e-06,6.679161e-06,6.670833e-06,2.579164e-06,9.104165e-06,7.533328e-06,8.562493e-06,6.812493e-06,1.74991e-07,9.695832e-06,7.791662e-06,8.254163e-06,8.04166e-06,8.462493e-06
9,85,271.884,0.85,9.795833e-06,2.279162e-06,6.699999e-06,6.870826e-06,6.970827e-06,2.637498e-06,9.391665e-06,7.724992e-06,8.824993e-06,6.94166e-06,1.87492e-07,9.87916e-06,8.120831e-06,8.574994e-06,8.258326e-06,8.783332e-06
9,86,272.027,0.86,1.0016664e-05,2.329159e-06,6.845832e-06,7.02916e-06,7.237498e-06,2.654163e-06,9.508331e-06,7.874997e-06,9.170826e-06,7.179165e-06,1.58326e-07,1.0199992e-05,8.391658e-06,8.899999e-06,8.466665e-06,9.112493e-06
9,87,272.17,0.87,1.0229166e-05,2.329159e-06,7.074992e-06,7.241662e-06,7.49166e-06,2.670829e-06,9.75833e-06,8.058326e-06,9.479165e-06,7.262492e-06,2.20831e-07,1.0433332e-05,8.641664e-06,9.14166e-06,8.687496e-06,9.454163e-06
9,88,272.313,0.88,1.0512495e-05,2.299992e-06,7.262492e-06,7.40416e-06,7.770833e-06,2.720825e-06,9.916663e-06,8.249998e-06,9.766666e-06,7.458329e-06,1.87492e-07,1.0587493e-05,8.949995e-06,9.483329e-06,8.870832e-06,9.754165e-06
9,89,272.456,0.89,1.0662492e-05,2.383327e-06,7.474995e-06,7.574995e-06,8.016666e-06,2.762492e-06,1.0149995e-05,8.433326e-06,9.949994e-06,7.624992e-06,2.0833e-07,1.0762493e-05,9.224995e-06,9.712498e-06,9.099992e-06,1.0020828e-05
9,90,272.599,0.9,1.0824998e-05,2.374999e-06,7.629164e-06,7.733329e-06,8.341662e-06,2.791659e-06,1.0395829e-05,8.699997e-06,1.0224994e-05,7.795827e-06,1.91665e-07,1.1029164e-05,9.512496e-06,9.983333e-06,9.312495e-06,1.0358325e-05
9,91,272.742,0.91,1.1020828e-05,2.366662e-06,7.870825e-06,7.908328e-06,8.587495e-06,2.762492e-06,1.058333e-05,8.879161e-06,1.0479164e-05,8.062498e-06,1.70827e-07,1.1224993e-05,9.729163e-06,1.0254161e-05,9.491666e-06,1.0591666e-05
9,92,272.885,0.92,1.1199999e-05,2.412494e-06,8.087492e-06,8.054161e-06,8.870832e-06,2.766665e-06,1.0820826e-05,9.008329e-06,1.0745827e-05,8.154162e-06,1.95829e-07,1.1412493e-05,9.97916e-06,1.0624997e-05,9.704161e-06,1.0874995e-05
9,93,273.028,0.93,1.1370826e-05,2.404165e-06,8.22916e-06,8.208331e-06,8.999999e-06,2.829162e-06,1.0991661e-05,9.195828e-06,1.0966659e-05,8.249998e-06,3.1666e-07,1.1604166e-05,1.0283327e-05,1.0833327e-05,9.97916e-06,1.1141666e-05
9,94,273.172,0.94,1.1491664e-05,2.391664e-06,8.429161e-06,8.391658e-06,9.237496e-06,2.854164e-06,1.1208328e-05,9.362499e-06,1.1191662e-05,8.466665e-06,2.83329e-07,1.1733326e-05,1.0587493e-05,1.1020828e-05,1.0120829e-05,1.135416e-05
9,95,273.315,0.95,1.1808332e-05,2.454162e-06,8.695833e-06,8.583331e-06,9.549999e-06,2.866665e-06,1.142083e-05,9.629162e-06,1.1479163e-05,8.654165e-06,1.74991e-07,1.1945828e-05,1.0845828e-05,1.132083e-05,1.0354162e-05,1.1666663e-05
9,96,273.458,0.96,1.1854164e-05,2.424995e-06,8.979162e-06,8.741665e-06,9.754165e-06,2.987496e-06,1.1645826e-05,9.816663e-06,1.1691665e-05,8.824993e-06,2.0833e-07,1.2191661e-05,1.1083333e-05,1.1591665e-05,1.0612495e-05,1.1933326e-05
9,97,273.601,0.97,1.2166659e-05,2.449997e-06,9.174999e-06,8.908328e-06,1.0041666e-05,2.904161e-06,1.1758328e-05,1.0029165e-05,1.1887495e-05,8.999999e-06,2.2916e-07,1.2308327e-05,1.1333331e-05,1.1858328e-05,1.0820826e-05,1.2166659e-05
9,98,273.744,0.98,1.2229165e-05,2.454162e-06,9.424996e-06,9.074998e-06,1.0195828e-05,2.908325e-06,1.200416e-05,1.0195828e-05,1.2125e-05,9.158325e-06,2.20831e-07,1.2324993e-05,1.1704159e-05,1.2062494e-05,1.0995833e-05,1.2391662e-05
9,99,273.887,0.99,1.2320828e-05,2.504166e-06,9.666665e-06,9.145832e-06,1.0299993e-05,2.949993e-06,1.2204162e-05,1.0399994e-05,1.2291662e-05,9.295829e-06,1.95829e-07,1.2591664e-05,1.1941664e-05,1.2316664e-05,1.1199999e-05,1.2562497e-05
9,100,274.03,1.0,1.2470826e-05,2.449997e-06,9.829164e-06,9.354162e-06,1.0545826e-05,2.979159e-06,1.2408328e-05,1.0566664e-05,1.2495828e-05,9.449998e-06,2.16659e-07,1.2666663e-05,1.2062494e-05,1.2558333e-05,1.1437495e-05,1.2799994e-05
9,101,274.173,0.99,1.2295826e-05,2.374999e-06,9.745829e-06,9.195828e-06,1.0316666e-05,2.908325e-06,1.2083332e-05,1.032083e-05,1.2195826e-05,9.312495e-06,1.99993e-07,1.2362496e-05,1.1829162e-05,1.2224992e-05,1.1174997e-05,1.2508329e-05
9,102,274.316,0.98,1.1966666e-05,2.337496e-06,9.470828e-06,9.033331e-06,1.00125e-05,2.883331e-06,1.188333e-05,1.0070833e-05,1.1829162e-05,9.116666e-06,1.54161e-07,1.2154166e-05,1.1479163e-05,1.1799995e-05,1.0962494e-05,1.2145829e-05
9,103,274.459,0.97,1.1795831e-05,2.299992e-06,9.229159e-06,8.691661e-06,9.674995e-06,2.879159e-06,1.1674992e-05,9.941666e-06,1.1558326e-05,8.920829e-06,1.20831e-07,1.1837498e-05,1.1108327e-05,1.1416666e-05,1.0699995e-05,1.1820833e-05
9,104,274.602,0.96,1.1454161e-05,2.279162e-06,8.891662e-06,8.529162e-06,9.383329e-06,2.787495e-06,1.1429159e-05,9.679158e-06,1.1229165e-05,8.691661e-06,1.54161e-07,1.1533331e-05,1.0670828e-05,1.1083333e-05,1.0345832e-05,1.1445833e-05
9,105,274.745,0.95,1.1304164e-05,2.258333e-06,8.666659e-06,8.208331e-06,8.979162e-06,2.745827e-06,1.1058331e-05,9.404159e-06,1.0908326e-05,8.454163e-06,7.4999e-08,1.1291663e-05,1.032916e-05,1.0737499e-05,1.0091662e-05,1.1270833e-05
9,106,274.888,0.94,1.0908326e-05,2.220829e-06,8.237497e-06,7.899992e-06,8.670831e-06,2.695831e-06,1.0895832e-05,9.091664e-06,1.0504166e-05,8.220832e-06,7.9163e-08,1.0999997e-05,9.883332e-06,1.0370827e-05,9.779159e-06,1.0745827e-05
9,107,275.031,0.93,1.0699995e-05,2.170825e-06,7.987499e-06,7.583332e-06,8.287493e-06,2.61666e-06,1.0558327e-05,8.783332e-06,1.0137494e-05,7.93333e-06,8.3327e-08,1.0729162e-05,9.529162e-06,1.0037494e-05,9.49583e-06,1.032916e-05
9,108,275.174,0.92,1.0512495e-05,2.162496e-06,7.658331e-06,7.308332e-06,7.929166e-06,2.637498e-06,1.0295828e-05,8.495832e-06,9.787496e-06,7.670832e-06,2.9159e-08,1.0420831e-05,9.108328e-06,9.608332e-06,9.233332e-06,9.937493e-06
9,109,275.317,0.91,1.0208329e-05,2.15416e-06,7.28333e-06,7.024995e-06,7.566658e-06,2.483328e-06,9.945829e-06,8.216659e-06,9.374992e-06,7.441664e-06,4.9996e-08,1.0054159e-05,8.724999e-06,9.24166e-06,8.887498e-06,9.529162e-06
9,110,275.46,0.9,9.849993e-06,2.129165e-06,6.974999e-06,6.724993e-06,7.220833e-06,2.449997e-06,9.595831e-06,7.949996e-06,9.037494e-06,7.220833e-06,-1.2501e-08,9.770831e-06,8.366665e-06,8.86666e-06,8.59166e-06,9.245833e-06
9,111,275.603,0.89,9.324996e-06,2.041666e-06,6.620828e-06,6.370831e-06,6.845832e-06,2.441661e-06,9.158325e-06,7.687497e-06,8.666659e-06,6.937496e-06,1.2493e-08,9.424996e-06,7.858332e-06,8.437499e-06,8.233333e-06,8.824993e-06
9,112,275.746,0.88,9.074998e-06,2.04583e-06,6.320826e-06,6.141663e-06,6.470831e-06,2.379163e-06,8.812499e-06,7.233326e-06,8.241662e-06,6.63333e-06,-3.7503e-08,9.129159e-06,7.591661e-06,8.062498e-06,7.912493e-06,8.470829e-06
9,113,275.889,0.87,8.749994e-06,2.016664e-06,5.879164e-06,5.804165e-06,6.070828e-06,2.316666e-06,8.45e-06,6.891664e-06,7.874997e-06,6.358329e-06,-1.6673e-08,8.766659e-06,7.1625e-06,7.691661e-06,7.608326e-06,8.008329e-06
9,114,276.032,0.86,8.320832e-06,1.987497e-06,5.583326e-06,5.499999e-06,5.704164e-06,2.266661e-06,8.10833e-06,6.570832e-06,7.508326e-06,6.166665e-06,-2.0838e-08,8.412496e-06,6.812493e-06,7.312497e-06,7.262492e-06,7.604162e-06
9,115,276.175,0.85,7.920829e-06,1.912498e-06,5.299997e-06,5.233328e-06,5.354166e-06,2.195827e-06,7.754159e-06,6.312498e-06,7.062499e-06,5.895829e-06,-1.6673e-08,8.016666e-06,6.366666e-06,6.883327e-06,6.870826e-06,7.21666e-06
9,116,276.318,0.84,7.749994e-06,1.929164e-06,4.937498e-06,4.962492e-06,4.999995e-06,2.158332e-06,7.333326e-06,6.01666e-06,6.654159e-06,5.608328e-06,-1.2501e-08,7.662495e-06,6.062492e-06,6.495825e-06,6.516663e-06,6.795828e-06
9,117,276.461,0.83,7.28333e-06,1.874995e-06,4.704165e-06,4.820832e-06,4.741661e-06,2.083325e-06,6.937496e-06,5.754161e-06,6.258329e-06,5.44583e-06,-8.337e-09,7.28333e-06,5.716666e-06,6.062492e-06,6.233327e-06,6.399997e-06
9,118,276.604,0.82,6.824994e-06,1.845829e-06,4.53333e-06,4.637496e-06,4.499992e-06,2.074997e-06,6.56666e-06,5.512492e-06,5.904166e-06,5.195832e-06,-7.9171e-08,6.824994e-06,5.44583e-06,5.716666e-06,5.812494e-06,5.987493e-06
9,119,276.748,0.81,6.424999e-06,1.795832e-06,4.441659e-06,4.579163e-06,4.383326e-06,1.97916e-06,6.154164e-06,5.354166e-06,5.570825e-06,4.995831e-06,-5.4169e-08,6.454166e-06,5.179159e-06,5.458331e-06,5.587498e-06,5.637495e-06
9,120,276.891,0.8,6.104159e-06,1.745828e-06,4.408328e-06,4.54166e-06,4.320828e-06,2.058331e-06,5.854161e-06,5.220827e-06,5.283332e-06,4.874993e-06,-1.16674e-07,6.091658e-06,4.954163e-06,5.179159e-06,5.295825e-06,5.429165e-06
9,121,277.034,0.79,5.749996e-06,1.691659e-06,4.429166e-06,4.616666e-06,4.374997e-06,2.004163e-06,5.458331e-06,5.187495e-06,5.016661e-06,4.762499e-06,-9.5836e-08,5.804165e-06,4.820832e-06,4.933325e-06,5.066665e-06,5.120826e-06
9,122,277.177,0.78,5.362495e-06,1.608332e-06,4.566662e-06,4.770827e-06,4.495827e-06,2.054159e-06,5.208326e-06,5.216662e-06,4.799994e-06,4.745825e-06,-7.9171e-08,5.416663e-06,4.704165e-06,4.741661e-06,4.862499e-06,4.937498e-06
9,123,277.32,0.77,5.024997e-06,1.595831e-06,4.695829e-06,4.920832e-06,4.616666e-06,2.079161e-06,4.89583e-06,5.27916e-06,4.595828e-06,4.741661e-06,-1.20838e-07,5.137499e-06,4.699993e-06,4.574998e-06,4.674999e-06,4.791665e-06
9,124,277.463,0.76,4.82916e-06,1.545827e-06,4.966664e-06,5.183331e-06,4.820832e-06,2.15416e-06,4.699993e-06,5.487498e-06,4.520829e-06,4.779164e-06,-1.08337e-07,4.912496e-06,4.766663e-06,4.583327e-06,4.604165e-06,4.716659e-06
9,125,277.606,0.75,4.608329e-06,1.533326e-06,5.183331e-06,5.474997e-06,5.124998e-06,2.187498e-06,4.649997e-06,5.679162e-06,4.449995e-06,4.854162e-06,-9.5836e-08,4.787493e-06,4.883329e-06,4.562497e-06,4.583327e-06,4.72916e-06
9,126,277.749,0.74,4.458332e-06,1.474992e-06,5.474997e-06,5.824995e-06,5.470832e-06,2.208328e-06,4.549996e-06,5.966663e-06,4.508328e-06,4.958328e-06,-8.7508e-08,4.704165e-06,5.124998e-06,4.745825e-06,4.637496e-06,4.787493e-06
9,127,277.892,0.73,4.429166e-06,1.470828e-06,5.737495e-06,6.149999e-06,5.749996e-06,2.283327e-06,4.562497e-06,6.27083e-06,4.62083e-06,5.112497e-06,-9.1672e-08,4.699993e-06,5.308326e-06,4.787493e-06,4.712494e-06,4.929161e-06
9,128,278.035,0.72,4.383326e-06,1.454163e-06,6.062492e-06,6.537493e-06,6.133326e-06,2.333331e-06,4.662498e-06,6.604163e-06,4.799994e-06,5.320827e-06,-1.29175e-07,4.72916e-06,5.579162e-06,5.016661e-06,4.854162e-06,5.174994e-06
9,129,278.178,0.71,4.479162e-06,1.470828e-06,6.399997e-06,6.824994e-06,6.529164e-06,2.391664e-06,4.79583e-06,6.904165e-06,4.933325e-06,5.53333e-06,-1.29175e-07,4.862499e-06,5.883328e-06,5.254165e-06,5.07083e-06,5.308326e-06
9,130,278.321,0.7,4.670826e-06,1.466664e-06,6.779162e-06,7.208331e-06,6.716665e-06,2.424995e-06,4.987494e-06,7.237498e-06,5.208326e-06,5.766662e-06,-1.62506e-07,5.008332e-06,6.18333e-06,5.512492e-06,5.35833e-06,5.549995e-06
9,131,278.464,0.69,4.849998e-06,1.474992e-06,7.108331e-06,7.570831e-06,7.062499e-06,2.474992e-06,5.249993e-06,7.570831e-06,5.495826e-06,6.037497e-06,-1.45841e-07,5.220827e-06,6.520828e-06,5.799993e-06,5.549995e-06,5.883328e-06
9,132,278.607,0.68,5.062493e-06,1.49583e-06,7.437499e-06,7.891663e-06,7.366665e-06,2.537497e-06,5.508327e-06,7.937495e-06,5.791664e-06,6.262493e-06,-1.41668e-07,5.512492e-06,6.879163e-06,6.099995e-06,5.849997e-06,6.158328e-06
9,133,278.75,0.67,5.374996e-06,1.524997e-06,7.795827e-06,8.274992e-06,7.708327e-06,2.533332e-06,5.870827e-06,8.291666e-06,6.133326e-06,6.54583e-06,-1.16674e-07,5.795829e-06,7.224997e-06,6.420827e-06,6.166665e-06,6.520828e-06
9,134,278.893,0.66,5.537494e-06,1.58333e-06,8.133332e-06,8.641664e-06,8.070827e-06,2.566663e-06,6.112496e-06,8.604161e-06,6.462495e-06,6.762496e-06,-1.6667e-07,6.066664e-06,7.595825e-06,6.745831e-06,6.508326e-06,6.866662e-06
9,135,279.036,0.65,5.837496e-06,1.595831e-06,8.479166e-06,9.012492e-06,8.429161e-06,2.612495e-06,6.429163e-06,8.937494e-06,6.75416e-06,7.11666e-06,-1.50005e-07,6.395833e-06,7.966662e-06,7.120832e-06,6.799992e-06,7.237498e-06
9,136,279.179,0.64,6.158328e-06,1.645827e-06,8.745829e-06,9.333332e-06,8.745829e-06,2.654163e-06,6.741659e-06,9.404159e-06,7.174993e-06,7.333326e-06,-1.3334e-07,6.729166e-06,8.362492e-06,7.424998e-06,7.120832e-06,7.57916e-06
9,137,279.322,0.63,6.66666e-06,1.616661e-06,9.079162e-06,9.641663e-06,9.024993e-06,2.708332e-06,7.066663e-06,9.549999e-06,7.533328e-06,7.612498e-06,-1.3334e-07,7.054162e-06,8.708326e-06,7.733329e-06,7.454165e-06,7.924994e-06
9,138,279.465,0.62,6.94166e-06,1.666665e-06,9.441662e-06,9.983333e-06,9.341661e-06,2.729162e-06,7.441664e-06,9.874995e-06,7.995828e-06,7.958332e-06,-1.6667e-07,7.458329e-06,9.024993e-06,8.099993e-06,7.783326e-06,8.270827e-06
9,139,279.608,0.61,7.224997e-06,1.733327e-06,9.770831e-06,1.0308329e-05,9.624998e-06,2.766665e-06,7.808328e-06,1.0174997e-05,8.199993e-06,8.199993e-06,-1.16674e-07,7.816664e-06,9.366663e-06,8.404159e-06,8.112494e-06,8.633328e-06
9,140,279.751,0.6,7.570831e-06,1.699996e-06,1.006666e-05,1.0574992e-05,9.970832e-06,2.766665e-06,8.095829e-06,1.0470828e-05,8.508333e-06,8.57083e-06,-1.45841e-07,8.083328e-06,9.741664e-06,8.749994e-06,8.48333e-06,8.991663e-06
9,141,279.894,0.59,7.866661e-06,1.787496e-06,1.0374999e-05,1.0874995e-05,1.0195828e-05,2.799996e-06,8.429161e-06,1.0766666e-05,8.962496e-06,8.837494e-06,-1.20838e-07,8.479166e-06,1.0054159e-05,9.066661e-06,8.733328e-06,9.266662e-06
9,142,280.037,0.58,8.374993e-06,1.79166e-06,1.0608332e-05,1.1191662e-05,1.0470828e-05,2.829162e-06,8.712498e-06,1.1049994e-05,9.179163e-06,9.074998e-06,-1.83336e-07,8.766659e-06,1.0374999e-05,9.349998e-06,9.062497e-06,9.629162e-06
9,143,280.181,0.57,8.574994e-06,1.795832e-06,1.0954165e-05,1.1458325e-05,1.0754164e-05,2.99166e-06,9.083326e-06,1.135416e-05,9.549999e-06,9.233332e-06,-1.16674e-07,9.116666e-06,1.0666665e-05,9.645828e-06,9.362499e-06,9.891661e-06
9,144,280.324,0.56,8.883325e-06,1.804161e-06,1.116666e-05,1.1662499e-05,1.1020828e-05,2.899996e-06,9.345826e-06,1.1633332e-05,9.845829e-06,9.499995e-06,-1.87508e-07,9.354162e-06,1.0983332e-05,9.987497e-06,9.612497e-06,1.0208329e-05
9,145,280.467,0.55,9.374992e-06,1.85833e-06,1.1537496e-05,1.1999997e-05,1.1283326e-05,2.841663e-06,9.67083e-06,1.1891659e-05,1.015416e-05,9.766666e-06,-1.91673e-07,9.708333e-06,1.1366661e-05,1.0341661e-05,9.97916e-06,1.0504166e-05
9,146,280.61,0.54,9.704161e-06,1.845829e-06,1.1749999e-05,1.2270832e-05,1.1620831e-05,2.899996e-06,9.95833e-06,1.2162494e-05,1.0474992e-05,1.004583e-05,-1.75007e-07,9.966659e-06,1.1570827e-05,1.0612495e-05,1.0291664e-05,1.0858329e-05
9,147,280.753,0.53,9.841665e-06,1.895825e-06,1.2079159e-05,1.252083e-05,1.1770829e-05,2.949993e-06,1.0233331e-05,1.2391662e-05,1.0824998e-05,1.0266662e-05,-1.41668e-07,1.0270826e-05,1.1945828e-05,1.0899997e-05,1.0549998e-05,1.1170832e-05
9,148,280.896,0.52,1.0108328e-05,1.883332e-06,1.2404163e-05,1.2749998e-05,1.2079159e-05,2.933327e-06,1.0579165e-05,1.2591664e-05,1.1091662e-05,1.0504166e-05,-1.58342e-07,1.0579165e-05,1.2237493e-05,1.1245831e-05,1.0841663e-05,1.1479163e-05
9,149,281.039,0.51,1.0362498e-05,1.924992e-06,1.2662498e-05,1.3012496e-05,1.2299998e-05,3.024999e-06,1.0829162e-05,1.2891666e-05,1.1404165e-05,1.0724997e-05,-1.50005e-07,1.0820826e-05,1.2329165e-05,1.1549997e-05,1.1162496e-05,1.1741662e-05
9,150,281.182,0.5,1.0833327e-05,1.883332e-06,1.2762499e-05,1.3295826e-05,1.2533331e-05,2.999997e-06,1.1091662e-05,1.3116662e-05,1.1674992e-05,1.1016663e-05,-1.45841e-07,1.1116664e-05,1.2770827e-05,1.1745827e-05,1.1387499e-05,1.1983331e-05
9,151,281.325,0.49,1.1008327e-05,1.966659e-06,1.2970829e-05,1.3558332e-05,1.279583e-05,3.045829e-06,1.1312492e-05,1.3358331e-05,1.1933326e-05,1.1158331e-05,-1.58342e-07,1.1391664e-05,1.2824997e-05,1.1929163e-05,1.1754163e-05,1.2295826e-05
9,152,281.468,0.48,1.1195826e-05,1.941665e-06,1.3220827e-05,1.3670826e-05,1.2958328e-05,3.05833e-06,1.1537496e-05,1.3512492e-05,1.2108326e-05,1.1429159e-05,-1.62506e-07,1.160833e-05,1.3041663e-05,1.2195826e-05,1.205833e-05,1.2487499e-05
9,153,281.611,0.47,1.1508329e-05,1.974996e-06,1.3420829e-05,1.3991666e-05,1.3224999e-05,3.037492e-06,1.1845827e-05,1.3812494e-05,1.2470826e-05,1.1649998e-05,-1.95837e-07,1.1879166e-05,1.3316663e-05,1.2587499e-05,1.2174995e-05,1.2783329e-05
9,154,281.754,0.46,1.1745827e-05,1.974996e-06,1.365416e-05,1.4220826e-05,1.3349994e-05,3.074996e-06,1.205833e-05,1.391666e-05,1.2679164e-05,1.1787494e-05,-1.58342e-07,1.2070831e-05,1.3512492e-05,1.2720831e-05,1.2358331e-05,1.2937498e-05
9,155,281.897,0.45,1.2083332e-05,2.004163e-06,1.3933332e-05,1.4224998e-05,1.3612493e-05,3.204163e-06,1.2362496e-05,1.4195832e-05,1.2929161e-05,1.2024999e-05,-1.6667e-07,1.2324993e-05,1.3695828e-05,1.2966665e-05,1.254166e-05,1.3149993e-05
9,156,282.04,0.44,1.2362496e-05,2.024992e-06,1.4099995e-05,1.4470832e-05,1.3712493e-05,3.070831e-06,1.2624995e-05,1.4429164e-05,1.3079167e-05,1.2204162e-05,-1.91673e-07,1.2562497e-05,1.3933332e-05,1.3195832e-05,1.2774992e-05,1.3399998e-05
9,157,282.183,0.43,1.2420829e-05,2.008327e-06,1.4329164e-05,1.4712493e-05,1.3970828e-05,3.120828e-06,1.279583e-05,1.454583e-05,1.3379161e-05,1.2399999e-05,-2.08338e-07,1.2745825e-05,1.4158329e-05,1.343333e-05,1.3016661e-05,1.3595827e-05
9,158,282.326,0.42,1.2779165e-05,2.04583e-06,1.4516663e-05,1.4874999e-05,1.4112497e-05,3.099998e-06,1.3116662e-05,1.4770826e-05,1.3616665e-05,1.260833e-05,-1.83336e-07,1.2945827e-05,1.4370831e-05,1.362083e-05,1.3224999e-05,1.3845834e-05
9,159,282.469,0.41,1.2899995e-05,2.079161e-06,1.4712493e-05,1.5049998e-05,1.4295832e-05,3.129164e-06,1.3224999e-05,1.4924995e-05,1.3754161e-05,1.2758326e-05,-1.29175e-07,1.3149993e-05,1.4554159e-05,1.3849997e-05,1.3441666e-05,1.4020832e-05
9,160,282.612,0.4,1.3229163e-05,2.029165e-06,1.48875e-05,1.5237499e-05,1.4524992e-05,3.112499e-06,1.3329164e-05,1.5170828e-05,1.4024997e-05,1.2883329e-05,-1.91673e-07,1.3408328e-05,1.4720829e-05,1.4033326e-05,1.3629166e-05,1.4295832e-05
9,161,282.755,0.39,1.3208326e-05,2.06666e-06,1.5033333e-05,1.5399997e-05,1.4674997e-05,3.120828e-06,1.3541659e-05,1.5254163e-05,1.4183331e-05,1.3137499e-05,-1.50005e-07,1.3545831e-05,1.4949997e-05,1.4258329e-05,1.3849997e-05,1.4508327e-05
9,162,282.898,0.38,1.3412499e-05,2.058331e-06,1.521666e-05,1.557916e-05,1.4808329e-05,3.174996e-06,1.3779163e-05,1.5441665e-05,1.4491661e-05,1.3295826e-05,-1.87508e-07,1.3766662e-05,1.5074992e-05,1.447916e-05,1.4070829e-05,1.4708328e-05
9,163,283.041,0.37,1.3604164e-05,2.087498e-06,1.5391659e-05,1.5745831e-05,1.4962498e-05,3.179161e-06,1.3924996e-05,1.5541666e-05,1.4683326e-05,1.3424992e-05,-1.50005e-07,1.3904166e-05,1.5283331e-05,1.4683326e-05,1.4208333e-05,1.4858325e-05
9,164,283.184,0.36,1.3949998e-05,2.070832e-06,1.5608326e-05,1.5916665e-05,1.5158327e-05,3.154159e-06,1.4133327e-05,1.5724992e-05,1.4804164e-05,1.3624994e-05,-1.50005e-07,1.4062492e-05,1.5412497e-05,1.4866662e-05,1.4308325e-05,1.5091666e-05
9,165,283.327,0.35,1.4079165e-05,2.108328e-06,1.582083e-05,1.622916e-05,1.5274994e-05,3.179161e-06,1.4345828e-05,1.5874997e-05,1.4987492e-05,1.3737495e-05,-1.20838e-07,1.429166e-05,1.5654166e-05,1.5058326e-05,1.4737495e-05,1.521666e-05
9,166,283.47,0.34,1.4333327e-05,2.112492e-06,1.5949996e-05,1.62625e-05,1.5533327e-05,3.195826e-06,1.4495826e-05,1.6024995e-05,1.5149999e-05,1.3949998e-05,-1.29175e-07,1.445833e-05,1.5724992e-05,1.5212496e-05,1.4766661e-05,1.5520827e-05
9,167,283.613,0.33,1.4437493e-05,2.04583e-06,1.6112495e-05,1.6412496e-05,1.5612499e-05,3.199998e-06,1.4670833e-05,1.6174999e-05,1.5345828e-05,1.4141663e-05,-7.9171e-08,1.4704164e-05,1.5995829e-05,1.5395832e-05,1.4891664e-05,1.5662496e-05
9,168,283.757,0.32,1.4579161e-05,2.091662e-06,1.6245825e-05,1.6566666e-05,1.5829166e-05,3.229165e-06,1.4833331e-05,1.6337499e-05,1.5495832e-05,1.4216662e-05,-2.9174e-08,1.4758332e-05,1.6133332e-05,1.5545829e-05,1.509583e-05,1.5733329e-05
9,169,283.9,0.31,1.484166e-05,2.116664e-06,1.6420834e-05,1.6749995e-05,1.5958332e-05,3.195826e-06,1.4937496e-05,1.6470829e-05,1.5720829e-05,1.4383332e-05,-1.58342e-07,1.4954162e-05,1.6308331e-05,1.5708327e-05,1.5274994e-05,1.6016666e-05
9,170,284.043,0.3,1.5016659e-05,2.091662e-06,1.6620827e-05,1.6799999e-05,1.6091664e-05,3.262496e-06,1.5174993e-05,1.6641665e-05,1.5929167e-05,1.4524992e-05,-1.83336e-07,1.5087493e-05,1.6516662e-05,1.592083e-05,1.5433327e-05,1.6141661e-05
9,171,284.186,0.29,1.5108331e-05,2.174997e-06,1.6729164e-05,1.7004164e-05,1.6145825e-05,3.262496e-06,1.5312497e-05,1.6837494e-05,1.6049997e-05,1.4658332e-05,-1.6667e-07,1.51625e-05,1.6645829e-05,1.6124995e-05,1.5633328e-05,1.6258327e-05
9,172,284.329,0.28,1.5195831e-05,2.091662e-06,1.6962496e-05,1.7175e-05,1.6341663e-05,3.233329e-06,1.5495832e-05,1.6941667e-05,1.6237498e-05,1.4804164e-05,-1.79172e-07,1.5408334e-05,1.6849996e-05,1.6349999e-05,1.5787498e-05,1.6458329e-05
9,173,284.472,0.27,1.5366666e-05,2.099999e-06,1.7162498e-05,1.7274999e-05,1.6541664e-05,3.324993e-06,1.5612499e-05,1.7116667e-05,1.6391659e-05,1.4958326e-05,-1.50005e-07,1.549166e-05,1.69e-05,1.6391659e-05,1.593333e-05,1.6616663e-05
9,174,284.615,0.26,1.5533327e-05,2.091662e-06,1.7283328e-05,1.7479166e-05,1.6624999e-05,3.341659e-06,1.5883326e-05,1.7212495e-05,1.6599997e-05,1.5124997e-05,-1.6667e-07,1.5633328e-05,1.7099992e-05,1.6662494e-05,1.6120832e-05,1.6787497e-05
9,175,284.758,0.25,1.5679161e-05,2.083325e-06,1.740416e-05,1.7620825e-05,1.6791662e-05,3.370825e-06,1.5949996e-05,1.7383329e-05,1.6708327e-05,1.5262493e-05,-1.45841e-07,1.5829166e-05,1.7145832e-05,1.6708327e-05,1.6337499e-05,1.695416e-05
9,176,284.901,0.24,1.576666e-05,2.120829e-06,1.7358327e-05,1.7687496e-05,1.7012493e-05,3.337494e-06,1.6083328e-05,1.7412496e-05,1.684583e-05,1.5349991e-05,-1.50005e-07,1.5962498e-05,1.7362499e-05,1.6841666e-05,1.6433327e-05,1.7145832e-05
9,177,285.044,0.23,1.6020831e-05,2.141659e-06,1.7533326e-05,1.7820827e-05,1.7033331e-05,3.312492e-06,1.6166663e-05,1.7549999e-05,1.7037495e-05,1.5529164e-05,-9.1672e-08,1.6091664e-05,1.7491666e-05,1.6995828e-05,1.6666667e-05,1.7441662e-05
9,178,285.187,0.22,1.6149997e-05,2.145831e-06,1.7683331e-05,1.7958331e-05,1.7183327e-05,3.345831e-06,1.6424998e-05,1.7712498e-05,1.7199993e-05,1.5679161e-05,-1.79172e-07,1.6199994e-05,1.7645827e-05,1.7208329e-05,1.6820828e-05,1.7362499e-05
9,179,285.33,0.21,1.6370828e-05,2.145831e-06,1.787916e-05,1.8091663e-05,1.7283328e-05,3.358332e-06,1.6520826e-05,1.7887496e-05,1.7362499e-05,1.5758331e-05,-1.95837e-07,1.638333e-05,1.7783332e-05,1.7379165e-05,1.6799999e-05,1.7495831e-05
9,180,285.473,0.2,1.6620827e-05,2.174997e-06,1.7987497e-05,1.8224995e-05,1.7587496e-05,3.533332e-06,1.6695833e-05,1.8020828e-05,1.757083e-05,1.594166e-05,-1.79172e-07,1.6458329e-05,1.79125e-05,1.7533326e-05,1.695416e-05,1.7587496e-05
9,181,285.616,0.19,1.6649994e-05,2.15416e-06,1.81e-05,1.8375e-05,1.7624998e-05,3.383326e-06,1.6849996e-05,1.8087498e-05,1.7674995e-05,1.609583e-05,-1.87508e-07,1.6612497e-05,1.8079161e-05,1.7587496e-05,1.7129159e-05,1.7770832e-05
9,182,285.759,0.18,1.6837494e-05,2.245831e-06,1.8216666e-05,1.8508332e-05,1.76375e-05,3.362497e-06,1.6912492e-05,1.8224995e-05,1.7829163e-05,1.6145825e-05,-1.79172e-07,1.6770831e-05,1.8170826e-05,1.7774995e-05,1.7279164e-05,1.7920827e-05
9,183,285.902,0.17,1.6916665e-05,2.179162e-06,1.8333332e-05,1.8570829e-05,1.7766666e-05,3.479163e-06,1.7058333e-05,1.834166e-05,1.7929164e-05,1.62625e-05,-1.16674e-07,1.6870832e-05,1.8391665e-05,1.79125e-05,1.7399994e-05,1.8058332e-05
9,184,286.045,0.16,1.7124994e-05,2.170825e-06,1.8483328e-05,1.8695831e-05,1.7916664e-05,3.383326e-06,1.7199993e-05,1.8462499e-05,1.81e-05,1.6454163e-05,-1.54169e-07,1.6979162e-05,1.860416e-05,1.8087498e-05,1.7537499e-05,1.8233332e-05
9,185,286.188,0.15,1.7266662e-05,2.183326e-06,1.8570829e-05,1.8816661e-05,1.804583e-05,3.395828e-06,1.729583e-05,1.8566665e-05,1.8245832e-05,1.6608326e-05,-1.20838e-07,1.7062497e-05,1.8516659e-05,1.8249997e-05,1.7645827e-05,1.8383329e-05
9,186,286.331,0.14,1.7170827e-05,2.216665e-06,1.8774994e-05,1.8979161e-05,1.8195828e-05,3.454161e-06,1.7362499e-05,1.8645827e-05,1.8316667e-05,1.6695833e-05,-1.45841e-07,1.71875e-05,1.8654164e-05,1.8316667e-05,1.7770832e-05,1.8512495e-05
9,187,286.474,0.13,1.7349998e-05,2.195827e-06,1.8829163e-05,1.91125e-05,1.8266663e-05,3.470826e-06,1.7554165e-05,1.878333e-05,1.865e-05,1.69e-05,-1.37504e-07,1.729583e-05,1.8833327e-05,1.8475001e-05,1.7883332e-05,1.8645827e-05
9,188,286.617,0.12,1.7541663e-05,2.204164e-06,1.8929164e-05,1.9249996e-05,1.8399993e-05,3.479163e-06,1.7670831e-05,1.8899997e-05,1.8695831e-05,1.6937494e-05,-1.45841e-07,1.7512497e-05,1.8912498e-05,1.8674993e-05,1.8029164e-05,1.8766665e-05
9,189,286.76,0.11,1.7729164e-05,2.25416e-06,1.9074996e-05,1.9349996e-05,1.8475001e-05,3.470826e-06,1.7820827e-05,1.904583e-05,1.8662493e-05,1.7045832e-05,-1.45841e-07,1.7595832e-05,1.9012499e-05,1.8754165e-05,1.8191664e-05,1.8883331e-05
9,190,286.903,0.1,1.7733328e-05,2.208328e-06,1.923333e-05,1.9416666e-05,1.8629162e-05,3.54166e-06,1.7920827e-05,1.9116664e-05,1.9041665e-05,1.7145832e-05,-1.58342e-07,1.7699997e-05,1.9108327e-05,1.8929164e-05,1.8266663e-05,1.9016663e-05
9,191,287.046,0.09,1.7883332e-05,2.166661e-06,1.9320829e-05,1.9533332e-05,1.8754165e-05,3.479163e-06,1.8004162e-05,1.9266661e-05,1.9012499e-05,1.7195829e-05,-3.3339e-08,1.7891662e-05,1.9274998e-05,1.8941664e-05,1.8333332e-05,1.9149995e-05
9,192,287.19,0.08,1.8204164e-05,2.237495e-06,1.935416e-05,1.9716661e-05,1.88375e-05,3.516658e-06,1.8162496e-05,1.9370826e-05,1.906666e-05,1.7333332e-05,-1.83336e-07,1.7924993e-05,1.93875e-05,1.9158331e-05,1.8508332e-05,1.9199999e-05
9,193,287.333,0.07,1.8204164e-05,2.220829e-06,1.9562498e-05,1.9833325e-05,1.8970832e-05,3.620831e-06,1.8216666e-05,1.9512494e-05,1.9212492e-05,1.7433325e-05,-1.20838e-07,1.8179162e-05,1.9512494e-05,1.9279161e-05,1.861666e-05,1.9366662e-05
9,194,287.476,0.06,1.8424997e-05,2.199992e-06,1.9591665e-05,1.9866666e-05,1.906666e-05,3.529159e-06,1.8362498e-05,1.9637497e-05,1.9366662e-05,1.7558328e-05,-1.25003e-07,1.8133331e-05,1.9670828e-05,1.9374998e-05,1.8724997e-05,1.9462497e-05
9,195,287.619,0.05,1.8266663e-05,2.312493e-06,1.9916661e-05,2.0041665e-05,1.9074996e-05,3.612495e-06,1.8541661e-05,1.9654162e-05,1.9445833e-05,1.7712498e-05,-1.79172e-07,1.8212493e-05,1.9887495e-05,1.9445833e-05,1.878333e-05,1.9483328e-05
9,196,287.762,0.04,1.8524996e-05,2.183326e-06,1.9904161e-05,2.009166e-05,1.9249996e-05,3.612495e-06,1.8579165e-05,1.9820833e-05,1.9558327e-05,1.7816663e-05,-1.70835e-07,1.8466664e-05,1.9933326e-05,1.9587493e-05,1.8979161e-05,1.9666664e-05
9,197,287.905,0.03,1.8479164e-05,2.174997e-06,1.9933326e-05,2.0212499e-05,1.935416e-05,3.637497e-06,1.8733326e-05,1.9924999e-05,1.9674993e-05,1.7891662e-05,-1.62506e-07,1.842916e-05,1.9895831e-05,1.9674993e-05,1.8991661e-05,1.97625e-05
9,198,288.048,0.02,1.8645827e-05,2.237495e-06,1.997083e-05,2.0304164e-05,1.9374998e-05,3.549997e-06,1.8833327e-05,1.9924999e-05,1.9791667e-05,1.7999999e-05,-1.45841e-07,1.8579165e-05,1.9949992e-05,1.9887495e-05,1.9154159e-05,1.9829162e-05
9,199,288.191,0.01,1.8687495e-05,2.245831e-06,2.0099997e-05,2.0504165e-05,1.952083e-05,3.620831e-06,1.8983332e-05,2.007916e-05,1.9895831e-05,1.8137494e-05,-1.6667e-07,1.8687495e-05,2.0049993e-05,1.9924999e-05,1.9266661e-05,1.9899997e-05
9,200,288.334,0.0,1.8762494e-05,2.204164e-06,2.0199997e-05,2.0508329e-05,1.962916e-05,3.624996e-06,1.8987497e-05,2.0125e-05,2.0016661e-05,1.8212493e-05,-1.70835e-07,1.8816661e-05,2.0170832e-05,1.9895831e-05,1.9324994e-05,2.0099997e-05
,,,,,,,,,,,,,,,,,,,,9,0.63,0.61,0.75,0.75,0.74,0.74,0.65,0.74,0.69,0.74,0.3,0.63,0.71,0.7,0.69,0.71,0.72,0.72,0.8,0.8,0.8,0.81,0.74,0.79,0.75,0.77,0.83,0.73,0.77,0.75,0.75,0.76
10,0,288.58,0.0,1.8983332e-05,2.299992e-06,2.025416e-05,2.0533331e-05,1.9604166e-05,3.591665e-06,1.9062496e-05,2.0154166e-05,2.0066667e-05,1.8375e-05,-1.45841e-07,1.8795832e-05,2.0120828e-05,1.9949992e-05,1.9412493e-05,2.0137493e-05
10,1,288.723,0.01,1.8829163e-05,2.333331e-06,2.025416e-05,2.0529167e-05,1.9595829e-05,3.662499e-06,1.8954166e-05,2.0104162e-05,1.9933326e-05,1.8412495e-05,-8.3335e-08,1.8720826e-05,2.0170832e-05,1.9829162e-05,1.9374998e-05,2.0229165e-05
10,2,288.866,0.02,1.8758328e-05,2.395828e-06,2.0241665e-05,2.0454161e-05,1.9566663e-05,3.699994e-06,1.8862494e-05,2.0049993e-05,1.985e-05,1.8279163e-05,-1.00009e-07,1.8608333e-05,2.0058329e-05,1.9858329e-05,1.9212492e-05,2.0099997e-05
10,3,289.01,0.03,1.8587494e-05,2.337496e-06,2.0058329e-05,2.0391662e-05,1.940833e-05,3.687493e-06,1.8737499e-05,1.997083e-05,1.9787494e-05,1.8241661e-05,-5.4169e-08,1.8562499e-05,1.995833e-05,1.9795831e-05,1.9174997e-05,1.9862493e-05
10,4,289.153,0.04,1.8408331e-05,2.445825e-06,1.9966667e-05,2.0199997e-05,1.9329167e-05,3.687493e-06,1.8591667e-05,1.9916661e-05,1.9674993e-05,1.8091663e-05,-8e-12,1.8487493e-05,1.9974994e-05,1.9658328e-05,1.9083333e-05,1.9862493e-05
10,5,289.296,0.05,1.830833e-05,2.374999e-06,1.9949992e-05,2.0174995e-05,1.9320829e-05,3.712495e-06,1.8562499e-05,1.9866666e-05,1.9533332e-05,1.7954168e-05,-1.08337e-07,1.8208329e-05,1.9774994e-05,1.9558327e-05,1.8962495e-05,1.9654162e-05
10,6,289.439,0.06,1.8137494e-05,2.324995e-06,1.9879166e-05,2.0095833e-05,1.9120829e-05,3.62916e-06,1.8279163e-05,1.9816662e-05,1.9449997e-05,1.7841665e-05,-5.4169e-08,1.8233332e-05,1.9679164e-05,1.9449997e-05,1.8895833e-05,1.9591665e-05
10,7,289.582,0.07,1.7991662e-05,2.370826e-06,1.9808333e-05,1.9945828e-05,1.9041665e-05,3.720832e-06,1.8166662e-05,1.9658328e-05,1.9333331e-05,1.7754166e-05,-6.667e-08,1.7933329e-05,1.9699995e-05,1.9383328e-05,1.8750001e-05,1.9424995e-05
10,8,289.725,0.08,1.786666e-05,2.324995e-06,1.9758329e-05,1.9837498e-05,1.8999997e-05,3.687493e-06,1.8095827e-05,1.9604166e-05,1.9266661e-05,1.7716662e-05,-3.3339e-08,1.7849994e-05,1.9662499e-05,1.9204164e-05,1.8679166e-05,1.9374998e-05
10,9,289.868,0.09,1.7716662e-05,2.312493e-06,1.9662499e-05,1.9824998e-05,1.887916e-05,3.712495e-06,1.796666e-05,1.9524996e-05,1.9120829e-05,1.7549999e-05,-1.2501e-08,1.7579167e-05,1.9429159e-05,1.9145831e-05,1.8608333e-05,1.9274998e-05
10,10,290.011,0.1,1.7695833e-05,2.34166e-06,1.9641662e-05,1.9679164e-05,1.88375e-05,3.670827e-06,1.7712498e-05,1.9404164e-05,1.8995834e-05,1.7529163e-05,-7.0834e-08,1.7483329e-05,1.9366662e-05,1.8933328e-05,1.8445826e-05,1.9120829e-05
10,11,290.154,0.11,1.7383329e-05,2.308329e-06,1.93875e-05,1.9670828e-05,1.8708331e-05,3.666663e-06,1.7658329e-05,1.93e-05,1.8920828e-05,1.7433325e-05,-3.7503e-08,1.7412496e-05,1.9091662e-05,1.8979161e-05,1.8412495e-05,1.9008326e-05
10,12,290.297,0.12,1.7291664e-05,2.349997e-06,1.9474999e-05,1.9454161e-05,1.8579165e-05,3.645825e-06,1.7529163e-05,1.9149995e-05,1.8795832e-05,1.7362499e-05,-2.9174e-08,1.7233331e-05,1.9033328e-05,1.8691659e-05,1.8249997e-05,1.8845829e-05
10,13,290.44,0.13,1.7129159e-05,2.412494e-06,1.9154159e-05,1.9316665e-05,1.8454162e-05,3.62916e-06,1.7320832e-05,1.9070832e-05,1.8612496e-05,1.7208329e-05,-2.5002e-08,1.7062497e-05,1.889166e-05,1.8695831e-05,1.8020828e-05,1.8729163e-05
10,14,290.583,0.14,1.696666e-05,2.349997e-06,1.8999997e-05,1.9199999e-05,1.8437497e-05,3.649998e-06,1.7162498e-05,1.9033328e-05,1.8470828e-05,1.7116667e-05,-2.0838e-08,1.6904163e-05,1.878333e-05,1.842916e-05,1.7933329e-05,1.865e-05
10,15,290.726,0.15,1.684583e-05,2.349997e-06,1.8904162e-05,1.9058331e-05,1.8324996e-05,3.612495e-06,1.7004164e-05,1.887916e-05,1.8370827e-05,1.6991664e-05,8.329e-09,1.6820828e-05,1.8612496e-05,1.8287499e-05,1.7779159e-05,1.8387493e-05
10,16,290.869,0.16,1.6654165e-05,2.358325e-06,1.8799996e-05,1.8899997e-05,1.8041666e-05,3.712495e-06,1.6912492e-05,1.8762494e-05,1.8229166e-05,1.6879161e-05,-2.5002e-08,1.6574995e-05,1.8516659e-05,1.8204164e-05,1.7666665e-05,1.8262497e-05
10,17,291.012,0.17,1.6424998e-05,2.379163e-06,1.8654164e-05,1.8854165e-05,1.797916e-05,3.641661e-06,1.6674996e-05,1.8620833e-05,1.8070832e-05,1.6762495e-05,-8.337e-09,1.6404159e-05,1.8412495e-05,1.8029164e-05,1.7604159e-05,1.8095827e-05
10,18,291.155,0.18,1.6208331e-05,2.379163e-06,1.8512495e-05,1.8745828e-05,1.786666e-05,3.562498e-06,1.6520826e-05,1.8524996e-05,1.7974997e-05,1.6633328e-05,-8e-12,1.6304159e-05,1.8262497e-05,1.7862494e-05,1.7429162e-05,1.7999999e-05
10,19,291.298,0.19,1.6087492e-05,2.416658e-06,1.8408331e-05,1.8612496e-05,1.7674995e-05,3.54166e-06,1.6479167e-05,1.832083e-05,1.7733328e-05,1.6533328e-05,1.2493e-08,1.6016666e-05,1.8120829e-05,1.7724999e-05,1.7329161e-05,1.7799997e-05
10,20,291.441,0.2,1.5874997e-05,2.337496e-06,1.8258334e-05,1.8466664e-05,1.7591659e-05,3.545833e-06,1.6179165e-05,1.8324996e-05,1.7641663e-05,1.6424998e-05,4.164e-09,1.5962498e-05,1.7929164e-05,1.7574994e-05,1.7158325e-05,1.7699997e-05
10,21,291.584,0.21,1.5749994e-05,2.412494e-06,1.8162496e-05,1.8383329e-05,1.7445827e-05,3.595829e-06,1.6020831e-05,1.8129165e-05,1.7470829e-05,1.6279166e-05,4.166e-08,1.582083e-05,1.7804161e-05,1.7458327e-05,1.7008328e-05,1.7558328e-05
10,22,291.727,0.22,1.5541666e-05,2.337496e-06,1.8016664e-05,1.8179162e-05,1.7299993e-05,3.558326e-06,1.5774996e-05,1.7945829e-05,1.7379165e-05,1.6170827e-05,8.329e-09,1.5599999e-05,1.7658329e-05,1.7312495e-05,1.6858332e-05,1.7412496e-05
10,23,291.87,0.23,1.5345828e-05,2.366662e-06,1.7837492e-05,1.8124994e-05,1.7179163e-05,3.549997e-06,1.5608326e-05,1.7841665e-05,1.722916e-05,1.6091664e-05,4.5832e-08,1.5454165e-05,1.758333e-05,1.7095828e-05,1.6774997e-05,1.7274999e-05
10,24,292.013,0.24,1.511666e-05,2.387492e-06,1.7791661e-05,1.7908327e-05,1.7029166e-05,3.554161e-06,1.5404161e-05,1.7708333e-05,1.7045832e-05,1.5924994e-05,-4.172e-09,1.521666e-05,1.730833e-05,1.696666e-05,1.6579159e-05,1.712083e-05
10,25,292.156,0.25,1.4883328e-05,2.433332e-06,1.7624998e-05,1.7762493e-05,1.6904163e-05,3.524995e-06,1.521666e-05,1.758333e-05,1.6741666e-05,1.5729165e-05,4.9996e-08,1.5045825e-05,1.7274999e-05,1.6766659e-05,1.6433327e-05,1.6945831e-05
10,26,292.299,0.26,1.4666661e-05,2.374999e-06,1.7499995e-05,1.758333e-05,1.6712498e-05,3.524995e-06,1.4999993e-05,1.741666e-05,1.6641665e-05,1.5729165e-05,9.5828e-08,1.4845832e-05,1.7008328e-05,1.6645829e-05,1.6249998e-05,1.6770831e-05
10,27,292.442,0.27,1.4499999e-05,2.337496e-06,1.722916e-05,1.74625e-05,1.6562493e-05,3.570827e-06,1.4804164e-05,1.7320832e-05,1.6420834e-05,1.5537493e-05,8.3327e-08,1.4670833e-05,1.6933331e-05,1.6391659e-05,1.6079164e-05,1.6583332e-05
10,28,292.586,0.28,1.427083e-05,2.316666e-06,1.7083326e-05,1.7391665e-05,1.6362492e-05,3.52083e-06,1.4595827e-05,1.7170827e-05,1.6324997e-05,1.5449992e-05,1.08329e-07,1.4454166e-05,1.677916e-05,1.6237498e-05,1.594166e-05,1.6349999e-05
10,29,292.729,0.29,1.4045827e-05,2.304165e-06,1.7024993e-05,1.7145832e-05,1.6283329e-05,3.504165e-06,1.4395833e-05,1.7008328e-05,1.6116659e-05,1.5041661e-05,8.3327e-08,1.427083e-05,1.6608326e-05,1.610833e-05,1.5787498e-05,1.6274993e-05
10,30,292.872,0.3,1.3812494e-05,2.308329e-06,1.6858332e-05,1.7062497e-05,1.6104166e-05,3.487492e-06,1.4145828e-05,1.6891663e-05,1.594166e-05,1.4987492e-05,3.7495e-08,1.4141663e-05,1.639583e-05,1.593333e-05,1.5599999e-05,1.6062499e-05
10,31,293.015,0.31,1.3566661e-05,2.299992e-06,1.6654165e-05,1.6874998e-05,1.5999993e-05,3.533332e-06,1.3983329e-05,1.6766659e-05,1.5749994e-05,1.484166e-05,5.8325e-08,1.3874999e-05,1.622916e-05,1.5729165e-05,1.5387495e-05,1.5849995e-05
10,32,293.158,0.32,1.3308327e-05,2.270826e-06,1.6520826e-05,1.6716664e-05,1.5720829e-05,3.412493e-06,1.3733332e-05,1.6620827e-05,1.5541666e-05,1.4758332e-05,4.5832e-08,1.3562497e-05,1.6004165e-05,1.5537493e-05,1.5262493e-05,1.5708327e-05
10,33,293.301,0.33,1.3087495e-05,2.274998e-06,1.6258327e-05,1.6529162e-05,1.5629164e-05,3.491664e-06,1.3545831e-05,1.6362492e-05,1.535833e-05,1.4549994e-05,4.9996e-08,1.327916e-05,1.5841659e-05,1.537083e-05,1.5079165e-05,1.5549993e-05
10,34,293.444,0.34,1.2816659e-05,2.258333e-06,1.6187492e-05,1.6362492e-05,1.537083e-05,3.499993e-06,1.3295826e-05,1.6245825e-05,1.5145826e-05,1.4349993e-05,6.2497e-08,1.3104161e-05,1.5620828e-05,1.5070827e-05,1.4966663e-05,1.5341664e-05
10,35,293.587,0.35,1.2641661e-05,2.245831e-06,1.6083328e-05,1.621666e-05,1.5241662e-05,3.416665e-06,1.300416e-05,1.5999993e-05,1.4854161e-05,1.4199996e-05,5.8325e-08,1.2887494e-05,1.5437499e-05,1.4874999e-05,1.4674997e-05,1.5066664e-05
10,36,293.73,0.36,1.2329165e-05,2.279162e-06,1.5724992e-05,1.6149997e-05,1.5070827e-05,3.491664e-06,1.2849999e-05,1.5874997e-05,1.4679162e-05,1.4024997e-05,4.9996e-08,1.2654162e-05,1.5270829e-05,1.4766661e-05,1.4437493e-05,1.4883328e-05
10,37,293.873,0.37,1.2079159e-05,2.245831e-06,1.5549993e-05,1.5741665e-05,1.4941661e-05,3.458325e-06,1.2583328e-05,1.5683334e-05,1.4445829e-05,1.3870827e-05,7.0826e-08,1.2383326e-05,1.502916e-05,1.4454166e-05,1.429166e-05,1.46125e-05
10,38,294.016,0.38,1.1829162e-05,2.212493e-06,1.5383332e-05,1.5583333e-05,1.4724994e-05,3.44166e-06,1.2324993e-05,1.549166e-05,1.4233327e-05,1.3649996e-05,6.2497e-08,1.2154166e-05,1.4854161e-05,1.4241664e-05,1.399583e-05,1.4412499e-05
10,39,294.159,0.39,1.1558326e-05,2.220829e-06,1.5145826e-05,1.5429163e-05,1.4604163e-05,3.491664e-06,1.1995832e-05,1.530416e-05,1.4012496e-05,1.3449995e-05,6.2497e-08,1.1908332e-05,1.4620829e-05,1.4029161e-05,1.3912495e-05,1.4108332e-05
10,40,294.302,0.4,1.1283326e-05,2.204164e-06,1.4958326e-05,1.5258328e-05,1.4229163e-05,3.408329e-06,1.1791666e-05,1.5187494e-05,1.3733332e-05,1.3329164e-05,4.5832e-08,1.1604166e-05,1.4383332e-05,1.3791664e-05,1.355416e-05,1.391666e-05
10,41,294.445,0.41,1.1029164e-05,2.220829e-06,1.4737495e-05,1.4987492e-05,1.3983329e-05,3.399992e-06,1.152916e-05,1.4924995e-05,1.3566661e-05,1.3020825e-05,8.7492e-08,1.1383327e-05,1.4137499e-05,1.355416e-05,1.3308327e-05,1.3645832e-05
10,42,294.588,0.42,1.075e-05,2.170825e-06,1.4558331e-05,1.4787499e-05,1.3791664e-05,3.391663e-06,1.1366661e-05,1.4658332e-05,1.3274996e-05,1.2912496e-05,9.1664e-08,1.116666e-05,1.3954163e-05,1.3287497e-05,1.3099996e-05,1.3387497e-05
10,43,294.731,0.43,1.0449998e-05,2.158332e-06,1.4316663e-05,1.4562495e-05,1.3666661e-05,3.404164e-06,1.0920827e-05,1.465416e-05,1.2991659e-05,1.2658325e-05,7.4999e-08,1.0837499e-05,1.3795829e-05,1.3066665e-05,1.2899995e-05,1.3183331e-05
10,44,294.874,0.44,1.0108328e-05,2.179162e-06,1.4095831e-05,1.4337492e-05,1.3420829e-05,3.304164e-06,1.0691659e-05,1.4266666e-05,1.272916e-05,1.2429166e-05,8.7492e-08,1.0483329e-05,1.3441666e-05,1.2779165e-05,1.2579163e-05,1.2883329e-05
10,45,295.017,0.45,9.795833e-06,2.124993e-06,1.3854162e-05,1.4058328e-05,1.319166e-05,3.320829e-06,1.0337496e-05,1.4045827e-05,1.2491663e-05,1.2283325e-05,7.9163e-08,1.0287499e-05,1.3229163e-05,1.2537495e-05,1.2329165e-05,1.2670827e-05
10,46,295.16,0.46,9.487494e-06,2.145831e-06,1.36e-05,1.3849997e-05,1.2933326e-05,3.312492e-06,1.0020828e-05,1.3820831e-05,1.224583e-05,1.2033327e-05,4.9996e-08,9.916663e-06,1.2937498e-05,1.2199998e-05,1.205833e-05,1.2370832e-05
10,47,295.303,0.47,9.158325e-06,2.120829e-06,1.3349994e-05,1.3633331e-05,1.2704166e-05,3.295827e-06,9.7375e-06,1.3541659e-05,1.1966666e-05,1.1879166e-05,1.04165e-07,9.67083e-06,1.2641661e-05,1.1891659e-05,1.1720832e-05,1.2054165e-05
10,48,295.446,0.48,8.770831e-06,2.087498e-06,1.3033326e-05,1.3337493e-05,1.245416e-05,3.274997e-06,9.420832e-06,1.3399998e-05,1.1541661e-05,1.1566663e-05,1.08329e-07,9.320831e-06,1.236666e-05,1.1624996e-05,1.1495828e-05,1.1762492e-05
10,49,295.589,0.49,8.495832e-06,2.095826e-06,1.2849999e-05,1.3095831e-05,1.2204162e-05,3.258332e-06,9.079162e-06,1.3058328e-05,1.1229165e-05,1.1374998e-05,7.4999e-08,8.987498e-06,1.2049993e-05,1.1308328e-05,1.1179161e-05,1.1449996e-05
10,50,295.732,0.5,8.187492e-06,2.083325e-06,1.2604165e-05,1.2841661e-05,1.1941664e-05,3.270833e-06,8.808327e-06,1.2804167e-05,1.0895832e-05,1.1254159e-05,8.7492e-08,8.687496e-06,1.1791666e-05,1.0987496e-05,1.0912498e-05,1.1245831e-05
10,51,295.875,0.51,7.816664e-06,2.049994e-06,1.2341667e-05,1.2587499e-05,1.1641661e-05,3.233329e-06,8.462493e-06,1.2524994e-05,1.0549998e-05,1.087083e-05,8.3327e-08,8.362492e-06,1.1454161e-05,1.0645826e-05,1.0591666e-05,1.0854164e-05
10,52,296.019,0.52,7.454165e-06,1.987497e-06,1.197083e-05,1.2249994e-05,1.1383327e-05,3.224993e-06,8.124995e-06,1.2295826e-05,1.0249996e-05,1.0604159e-05,1.74991e-07,8.012494e-06,1.1116664e-05,1.0383328e-05,1.0266662e-05,1.0479164e-05
10,53,296.162,0.53,7.041661e-06,1.949994e-06,1.1637497e-05,1.1945828e-05,1.1079161e-05,3.191662e-06,7.758331e-06,1.1979158e-05,9.85833e-06,1.032916e-05,8.7492e-08,7.658331e-06,1.0720825e-05,9.991661e-06,9.824999e-06,1.0149995e-05
10,54,296.305,0.54,6.899993e-06,1.945829e-06,1.1379162e-05,1.1620831e-05,1.0779167e-05,3.174996e-06,7.449993e-06,1.1658327e-05,9.483329e-06,1.0049995e-05,4.9996e-08,7.320825e-06,1.0354162e-05,9.695832e-06,9.566665e-06,9.733327e-06
10,55,296.448,0.55,6.399997e-06,1.866659e-06,1.1074996e-05,1.1362497e-05,1.0470828e-05,3.129164e-06,7.095829e-06,1.1337494e-05,9.045832e-06,9.787496e-06,1.16658e-07,7.108331e-06,1.0087498e-05,9.287493e-06,9.162498e-06,9.39583e-06
10,56,296.591,0.56,6.079165e-06,1.854165e-06,1.0729162e-05,1.0999997e-05,1.0137494e-05,3.112499e-06,6.749995e-06,1.0983332e-05,8.687496e-06,9.499995e-06,1.20831e-07,6.63333e-06,9.712498e-06,8.879161e-06,8.787497e-06,8.954159e-06
10,57,296.734,0.57,5.891665e-06,1.795832e-06,1.0424996e-05,1.0654163e-05,9.799997e-06,3.083332e-06,6.39166e-06,1.0708332e-05,8.333325e-06,9.212494e-06,1.12494e-07,6.449994e-06,9.216667e-06,8.545828e-06,8.362492e-06,8.612497e-06
10,58,296.877,0.58,5.562496e-06,1.808325e-06,1.0058331e-05,1.0333331e-05,9.462499e-06,3.037492e-06,6.149999e-06,1.0391665e-05,7.937495e-06,8.899999e-06,1.24995e-07,6.145827e-06,8.804162e-06,8.137496e-06,8.045832e-06,8.191665e-06
10,59,297.02,0.59,5.370831e-06,1.754165e-06,9.899998e-06,1.0008327e-05,9.112493e-06,2.987496e-06,5.862498e-06,1.0062496e-05,7.587496e-06,8.670831e-06,1.24995e-07,5.904166e-06,8.599996e-06,7.812492e-06,7.666659e-06,7.895827e-06
10,60,297.163,0.6,5.195832e-06,1.745828e-06,9.366663e-06,9.645828e-06,8.816663e-06,3.008326e-06,5.662497e-06,9.716662e-06,7.179165e-06,8.362492e-06,9.9993e-08,5.699992e-06,8.10833e-06,7.462494e-06,7.333326e-06,7.483332e-06
10,61,297.306,0.61,5.029162e-06,1.745828e-06,9.016665e-06,9.41666e-06,8.458328e-06,2.929163e-06,5.44583e-06,9.316659e-06,6.858325e-06,8.10833e-06,1.16658e-07,5.524993e-06,7.683333e-06,7.095829e-06,6.995829e-06,7.124996e-06
10,62,297.449,0.62,4.949999e-06,1.720826e-06,8.674995e-06,9.008329e-06,8.083328e-06,2.924999e-06,5.287496e-06,8.941666e-06,6.445829e-06,7.787497e-06,1.20831e-07,5.387497e-06,7.341663e-06,6.758332e-06,6.520828e-06,6.729166e-06
10,63,297.592,0.63,4.904159e-06,1.733327e-06,8.262499e-06,8.545828e-06,7.695826e-06,2.87083e-06,5.179159e-06,8.624998e-06,6.129162e-06,7.499997e-06,1.4166e-07,5.274995e-06,6.974999e-06,6.395833e-06,6.216661e-06,6.349993e-06
10,64,297.735,0.64,4.899995e-06,1.745828e-06,7.974998e-06,8.191665e-06,7.337499e-06,2.858329e-06,5.066665e-06,8.249998e-06,5.829159e-06,7.241662e-06,9.1664e-08,5.229163e-06,6.624993e-06,6.141663e-06,5.933332e-06,6.104159e-06
10,65,297.878,0.65,4.954163e-06,1.762493e-06,7.591661e-06,7.812492e-06,6.995829e-06,2.795831e-06,5.045827e-06,7.912493e-06,5.620829e-06,7.037497e-06,1.54161e-07,5.212498e-06,6.279159e-06,5.845833e-06,5.679162e-06,5.758325e-06
10,66,298.021,0.66,5.074994e-06,1.783331e-06,7.233326e-06,7.47083e-06,6.624993e-06,2.733326e-06,5.174994e-06,7.520827e-06,5.366659e-06,6.787499e-06,1.12494e-07,5.291661e-06,5.954162e-06,5.612493e-06,5.429165e-06,5.46666e-06
10,67,298.164,0.67,5.183331e-06,1.795832e-06,6.874998e-06,7.120832e-06,6.279159e-06,2.645826e-06,5.145828e-06,7.229161e-06,5.204161e-06,6.549994e-06,1.4166e-07,5.299997e-06,5.708329e-06,5.404162e-06,5.299997e-06,5.316663e-06
10,68,298.307,0.68,5.383333e-06,1.829163e-06,6.524992e-06,6.766661e-06,5.937497e-06,2.666664e-06,5.274995e-06,6.866662e-06,5.066665e-06,6.379159e-06,1.49997e-07,5.458331e-06,5.487498e-06,5.204161e-06,5.145828e-06,5.133327e-06
10,69,298.45,0.69,5.570825e-06,1.887496e-06,6.266665e-06,6.45833e-06,5.683327e-06,2.574992e-06,5.349994e-06,6.679161e-06,5.029162e-06,6.258329e-06,1.08329e-07,5.637495e-06,5.299997e-06,5.124998e-06,5.108333e-06,5.079166e-06
10,70,298.593,0.7,5.816658e-06,1.904162e-06,5.937497e-06,6.149999e-06,5.370831e-06,2.566663e-06,5.55416e-06,6.341664e-06,4.987494e-06,6.124997e-06,1.54161e-07,5.849997e-06,5.120826e-06,5.066665e-06,5.087495e-06,5.008332e-06
10,71,298.736,0.71,6.09583e-06,1.954158e-06,5.699992e-06,5.862498e-06,5.166666e-06,2.487493e-06,5.729159e-06,6.220826e-06,5.091659e-06,5.966663e-06,1.45825e-07,6.09583e-06,5.141664e-06,5.099996e-06,5.145828e-06,5.066665e-06
10,72,298.879,0.72,6.29166e-06,1.962495e-06,5.499999e-06,5.637495e-06,4.987494e-06,2.462498e-06,5.979165e-06,6.01666e-06,5.199997e-06,5.954162e-06,1.54161e-07,6.254164e-06,5.083331e-06,5.137499e-06,5.295825e-06,5.137499e-06
10,73,299.022,0.73,6.641666e-06,1.999998e-06,5.320827e-06,5.537494e-06,4.820832e-06,2.433332e-06,6.216661e-06,5.987493e-06,5.316663e-06,5.895829e-06,1.29159e-07,6.629165e-06,5.129163e-06,5.174994e-06,5.462496e-06,5.283332e-06
10,74,299.165,0.74,6.933331e-06,1.999998e-06,5.19166e-06,5.374996e-06,4.762499e-06,2.395828e-06,6.474996e-06,5.924996e-06,5.608328e-06,5.866663e-06,1.20831e-07,6.854161e-06,5.27916e-06,5.395826e-06,5.595827e-06,5.458331e-06
10,75,299.308,0.75,7.224997e-06,2.087498e-06,5.204161e-06,5.341665e-06,4.774992e-06,2.416658e-06,6.724993e-06,5.99583e-06,5.791664e-06,5.920831e-06,1.33332e-07,7.199995e-06,5.420828e-06,5.649996e-06,5.916659e-06,5.695828e-06
10,76,299.451,0.76,7.545829e-06,2.091662e-06,5.245829e-06,5.387497e-06,4.82916e-06,2.374999e-06,7.004166e-06,6.124997e-06,6.062492e-06,5.920831e-06,1.33332e-07,7.437499e-06,5.587498e-06,5.862498e-06,6.129162e-06,5.979165e-06
10,77,299.595,0.77,7.779161e-06,2.129165e-06,5.25833e-06,5.404162e-06,5.004159e-06,2.404165e-06,7.254163e-06,6.254164e-06,6.333327e-06,6.012495e-06,1.91665e-07,7.74583e-06,5.829159e-06,6.124997e-06,6.354165e-06,6.254164e-06
10,78,299.738,0.78,8.054161e-06,2.137494e-06,5.408327e-06,5.549995e-06,5.141664e-06,2.429159e-06,7.516662e-06,6.445829e-06,6.704164e-06,6.091658e-06,1.4166e-07,8.049997e-06,6.079165e-06,6.420827e-06,6.654159e-06,6.562495e-06
10,79,299.881,0.79,8.283329e-06,2.15416e-06,5.537494e-06,5.712493e-06,5.345829e-06,2.491665e-06,7.754159e-06,6.599998e-06,6.974999e-06,6.170829e-06,1.54161e-07,8.333325e-06,6.316662e-06,6.691662e-06,6.904165e-06,6.891664e-06
10,80,300.024,0.8,8.57083e-06,2.199992e-06,5.745832e-06,5.883328e-06,5.629166e-06,2.491665e-06,8.012494e-06,6.804164e-06,7.287495e-06,6.329163e-06,1.58326e-07,8.770831e-06,6.704164e-06,7.020831e-06,7.145826e-06,7.224997e-06
10,81,300.167,0.81,8.862496e-06,2.187498e-06,5.887493e-06,6.037497e-06,5.837496e-06,2.537497e-06,8.245825e-06,6.983328e-06,7.587496e-06,6.412498e-06,1.70827e-07,8.874997e-06,7.016659e-06,7.354164e-06,7.374994e-06,7.479159e-06
10,82,300.31,0.82,9.083326e-06,2.229158e-06,6.112496e-06,6.249992e-06,6.099995e-06,2.566663e-06,8.516661e-06,7.170828e-06,7.904164e-06,6.554159e-06,1.49997e-07,9.095827e-06,7.241662e-06,7.595825e-06,7.57916e-06,7.883326e-06
10,83,300.453,0.83,9.320831e-06,2.199992e-06,6.362494e-06,6.491661e-06,6.383332e-06,2.59583e-06,8.774996e-06,7.366665e-06,8.241662e-06,6.670833e-06,1.74991e-07,9.408331e-06,7.454165e-06,7.987499e-06,7.849995e-06,8.22916e-06
10,84,300.596,0.84,9.591659e-06,2.220829e-06,6.45833e-06,6.679161e-06,6.649995e-06,2.608331e-06,9.008329e-06,7.524999e-06,8.499996e-06,6.841659e-06,1.66663e-07,9.674995e-06,7.862496e-06,8.329161e-06,8.049997e-06,8.529162e-06
10,85,300.739,0.85,9.787496e-06,2.229158e-06,6.737494e-06,6.870826e-06,6.958326e-06,2.637498e-06,9.229159e-06,7.741666e-06,8.833329e-06,6.962498e-06,1.79164e-07,9.912499e-06,8.079163e-06,8.583331e-06,8.304159e-06,8.858331e-06
10,86,300.882,0.86,9.999999e-06,2.274998e-06,6.824994e-06,7.054162e-06,7.199995e-06,2.654163e-06,9.458327e-06,7.912493e-06,9.112493e-06,7.108331e-06,1.99993e-07,1.0162496e-05,8.383329e-06,8.93333e-06,8.445827e-06,9.133331e-06
10,87,301.025,0.87,1.0187498e-05,2.291664e-06,7.049998e-06,7.166664e-06,7.483332e-06,2.68333e-06,9.720826e-06,8.074999e-06,9.412495e-06,7.28333e-06,1.87492e-07,1.0370827e-05,8.649993e-06,9.124994e-06,8.729164e-06,9.470828e-06
10,88,301.168,0.88,1.0441661e-05,2.295828e-06,7.208331e-06,7.345827e-06,7.729165e-06,2.720825e-06,9.908326e-06,8.208331e-06,9.75833e-06,7.479159e-06,2.33332e-07,1.0620833e-05,8.962496e-06,9.491666e-06,8.812499e-06,9.7375e-06
10,89,301.311,0.89,1.0633325e-05,2.333331e-06,7.416661e-06,7.516662e-06,8.091664e-06,2.745827e-06,1.0179162e-05,8.508333e-06,9.995826e-06,7.641665e-06,1.66663e-07,1.0820826e-05,9.195828e-06,9.75833e-06,9.074998e-06,1.0174997e-05
10,90,301.454,0.9,1.0849993e-05,2.358325e-06,7.616663e-06,7.737493e-06,8.262499e-06,2.799996e-06,1.0424996e-05,8.708326e-06,1.0204164e-05,7.787497e-06,1.74991e-07,1.1016663e-05,9.462499e-06,1.004583e-05,9.287493e-06,1.0287499e-05
10,91,301.597,0.91,1.1037493e-05,2.420831e-06,7.770833e-06,7.874997e-06,8.599996e-06,2.862493e-06,1.0562499e-05,8.837494e-06,1.0458326e-05,7.949996e-06,2.2916e-07,1.1179161e-05,9.774994e-06,1.0279163e-05,9.49583e-06,1.0591666e-05
10,92,301.74,0.92,1.1208328e-05,2.383327e-06,8.008329e-06,8.074999e-06,8.816663e-06,2.829162e-06,1.087083e-05,9.058333e-06,1.0787495e-05,8.179164e-06,1.74991e-07,1.1387499e-05,1.0016664e-05,1.0541661e-05,9.741664e-06,1.0854164e-05
10,93,301.883,0.93,1.1395828e-05,2.416658e-06,8.22916e-06,8.19583e-06,9.016665e-06,2.858329e-06,1.1104163e-05,9.22083e-06,1.0954165e-05,8.358327e-06,1.99993e-07,1.1575e-05,1.0249996e-05,1.078333e-05,9.916663e-06,1.1129165e-05
10,94,302.026,0.94,1.1504166e-05,2.40833e-06,8.404159e-06,8.345826e-06,9.279163e-06,2.829162e-06,1.1162496e-05,9.562493e-06,1.1245831e-05,8.48333e-06,2.20831e-07,1.1791666e-05,1.0516659e-05,1.1016663e-05,1.0120829e-05,1.1374998e-05
10,95,302.169,0.95,1.1774993e-05,2.449997e-06,8.712498e-06,8.508333e-06,9.520832e-06,2.854164e-06,1.1508329e-05,9.612497e-06,1.1533331e-05,8.662494e-06,2.37497e-07,1.1920825e-05,1.0849993e-05,1.1274998e-05,1.0374999e-05,1.160833e-05
10,96,302.312,0.96,1.1941664e-05,2.420831e-06,8.829164e-06,8.716663e-06,9.729163e-06,2.883331e-06,1.1562498e-05,9.724999e-06,1.1720832e-05,8.837494e-06,1.79164e-07,1.2041664e-05,1.1074996e-05,1.1533331e-05,1.0612495e-05,1.1891659e-05
10,97,302.455,0.97,1.2120827e-05,2.462498e-06,9.145832e-06,8.879161e-06,9.966659e-06,2.920826e-06,1.1816661e-05,9.962495e-06,1.1924998e-05,9.016665e-06,2.66663e-07,1.2220828e-05,1.1324993e-05,1.1787494e-05,1.0774994e-05,1.2145829e-05
10,98,302.598,0.98,1.2216663e-05,2.474992e-06,9.39583e-06,9.033331e-06,1.0124993e-05,2.937492e-06,1.1991659e-05,1.0145831e-05,1.2104161e-05,9.158325e-06,2.87493e-07,1.2391662e-05,1.1649998e-05,1.20375e-05,1.1137494e-05,1.2349995e-05
10,99,302.741,0.99,1.2341667e-05,2.541661e-06,9.616661e-06,9.145832e-06,1.0362498e-05,2.945828e-06,1.2204162e-05,1.0374999e-05,1.2320828e-05,9.383329e-06,2.54162e-07,1.2449996e-05,1.1833326e-05,1.2199998e-05,1.1237494e-05,1.2591664e-05
10,100,302.884,1.0,1.2558333e-05,2.462498e-06,9.779159e-06,9.233332e-06,1.049583e-05,2.95833e-06,1.2374997e-05,1.0554163e-05,1.2437495e-05,9.579166e-06,2.66663e-07,1.2620831e-05,1.2104161e-05,1.2491663e-05,1.135416e-05,1.2858327e-05
10,101,303.027,0.99,1.2333329e-05,2.416658e-06,9.695832e-06,9.183327e-06,1.0283327e-05,2.912498e-06,1.2129164e-05,1.0312494e-05,1.2149993e-05,9.237496e-06,1.83328e-07,1.2354159e-05,1.1766664e-05,1.2133328e-05,1.1158331e-05,1.2458332e-05
10,102,303.171,0.98,1.2062494e-05,2.366662e-06,9.512496e-06,8.958332e-06,9.962495e-06,2.883331e-06,1.1866665e-05,1.0095827e-05,1.1824997e-05,9.104165e-06,1.29159e-07,1.2108326e-05,1.1408329e-05,1.1833326e-05,1.0983332e-05,1.2137492e-05
10,103,303.314,0.97,1.1745827e-05,2.312493e-06,9.245833e-06,8.67916e-06,9.641663e-06,2.841663e-06,1.1641661e-05,9.862494e-06,1.1508329e-05,8.895826e-06,1.16658e-07,1.1845827e-05,1.1108327e-05,1.1483327e-05,1.061666e-05,1.1862493e-05
10,104,303.457,0.96,1.1637497e-05,2.291664e-06,8.870832e-06,8.458328e-06,9.424996e-06,2.808333e-06,1.1312492e-05,9.624998e-06,1.1199999e-05,8.729164e-06,9.9993e-08,1.152083e-05,1.0683329e-05,1.1116664e-05,1.0416658e-05,1.1508329e-05
10,105,303.6,0.95,1.1270833e-05,2.279162e-06,8.604161e-06,8.179164e-06,9.012492e-06,2.754164e-06,1.1016663e-05,9.349998e-06,1.0824998e-05,8.479166e-06,9.1664e-08,1.1258332e-05,1.0299993e-05,1.0791659e-05,1.0124993e-05,1.114583e-05
10,106,303.743,0.94,1.097916e-05,2.204164e-06,8.324997e-06,7.891663e-06,8.624998e-06,2.674993e-06,1.0754164e-05,9.070825e-06,1.0466663e-05,8.220832e-06,9.5828e-08,1.1033329e-05,9.908326e-06,1.0437497e-05,9.774994e-06,1.0716661e-05
10,107,303.886,0.93,1.0604159e-05,2.195827e-06,8.058326e-06,7.608326e-06,8.304159e-06,2.645826e-06,1.0499994e-05,8.745829e-06,1.013333e-05,7.966662e-06,2.4994e-08,1.0624997e-05,9.662493e-06,1.0054159e-05,9.524997e-06,1.0404166e-05
10,108,304.029,0.92,1.0349997e-05,2.141659e-06,7.591661e-06,7.345827e-06,7.974998e-06,2.562499e-06,1.022083e-05,8.491659e-06,9.762493e-06,7.716663e-06,6.2497e-08,1.0374999e-05,9.112493e-06,9.658329e-06,9.24166e-06,9.999999e-06
10,109,304.172,0.91,1.0016664e-05,2.099999e-06,7.408333e-06,6.979164e-06,7.570831e-06,2.541661e-06,9.862494e-06,8.174999e-06,9.445826e-06,7.437499e-06,4.164e-09,1.004583e-05,8.67916e-06,9.287493e-06,8.862496e-06,9.629162e-06
10,110,304.315,0.9,9.708333e-06,2.070832e-06,6.904165e-06,6.75416e-06,7.204159e-06,2.487493e-06,9.512496e-06,7.887498e-06,9.041659e-06,7.1625e-06,8.329e-09,9.783332e-06,8.324997e-06,8.816663e-06,8.662494e-06,9.275e-06
10,111,304.458,0.89,9.358327e-06,2.04583e-06,6.54583e-06,6.404161e-06,6.849996e-06,2.387492e-06,9.229159e-06,7.574995e-06,8.649993e-06,6.929159e-06,1.6665e-08,9.366663e-06,7.904164e-06,8.533327e-06,8.308331e-06,8.833329e-06
10,112,304.601,0.88,9.05416e-06,2.004163e-06,6.237499e-06,6.074993e-06,6.449994e-06,2.387492e-06,8.883325e-06,7.28333e-06,8.29583e-06,6.599998e-06,-3.7503e-08,9.112493e-06,7.545829e-06,8.124995e-06,7.862496e-06,8.420833e-06
10,113,304.744,0.87,8.683332e-06,2.004163e-06,5.874999e-06,5.737495e-06,6.01666e-06,2.329159e-06,8.45e-06,6.8875e-06,7.862496e-06,6.329163e-06,4.164e-09,8.683332e-06,7.11666e-06,7.658331e-06,7.533328e-06,8.079163e-06
10,114,304.887,0.86,8.474994e-06,1.995826e-06,5.545831e-06,5.495826e-06,5.645832e-06,2.295828e-06,8.12916e-06,6.641666e-06,7.449993e-06,6.108331e-06,-7.0834e-08,8.374993e-06,6.758332e-06,7.249999e-06,7.220833e-06,7.55833e-06
10,115,305.03,0.85,8.083328e-06,1.970832e-06,5.245829e-06,5.229163e-06,5.27916e-06,2.179162e-06,7.720828e-06,6.324999e-06,7.137497e-06,5.837496e-06,-6.2505e-08,8.016666e-06,6.395833e-06,6.8875e-06,6.883327e-06,7.187494e-06
10,116,305.173,0.84,7.683333e-06,1.937493e-06,4.962492e-06,4.958328e-06,4.999995e-06,2.208328e-06,7.312497e-06,6.004159e-06,6.687498e-06,5.583326e-06,-2.5002e-08,7.645829e-06,6.054163e-06,6.45833e-06,6.520828e-06,6.849996e-06
10,117,305.316,0.83,7.345827e-06,1.841664e-06,4.695829e-06,4.791665e-06,4.733332e-06,2.091662e-06,6.983328e-06,5.724994e-06,6.274994e-06,5.395826e-06,-3.3339e-08,7.237498e-06,5.699992e-06,6.083329e-06,6.208332e-06,6.387496e-06
10,118,305.459,0.82,6.779162e-06,1.849993e-06,4.512493e-06,4.608329e-06,4.537495e-06,2.095826e-06,6.512499e-06,5.483325e-06,5.90833e-06,5.166666e-06,-7.5006e-08,6.866662e-06,5.37916e-06,5.733331e-06,5.879164e-06,5.999994e-06
10,119,305.602,0.81,6.399997e-06,1.766666e-06,4.416665e-06,4.545832e-06,4.404164e-06,2.016664e-06,6.162492e-06,5.37916e-06,5.620829e-06,5.024997e-06,-6.2505e-08,6.516663e-06,5.124998e-06,5.404162e-06,5.558332e-06,5.683327e-06
10,120,305.745,0.8,6.070828e-06,1.758329e-06,4.437494e-06,4.53333e-06,4.320828e-06,2.037493e-06,5.799993e-06,5.212498e-06,5.312499e-06,4.899995e-06,-5.0004e-08,6.129162e-06,4.987494e-06,5.120826e-06,5.299997e-06,5.391661e-06
10,121,305.888,0.79,5.704164e-06,1.733327e-06,4.358331e-06,4.591664e-06,4.362496e-06,2.016664e-06,5.474997e-06,5.158329e-06,5.033326e-06,4.783328e-06,-4.1668e-08,5.754161e-06,4.824996e-06,4.933325e-06,5.066665e-06,5.120826e-06
10,122,306.031,0.78,5.433329e-06,1.683331e-06,4.574998e-06,4.737497e-06,4.479162e-06,2.06666e-06,5.174994e-06,5.195832e-06,4.82916e-06,4.774992e-06,-7.5006e-08,5.495826e-06,4.787493e-06,4.699993e-06,4.870828e-06,4.91666e-06
10,123,306.174,0.77,5.083331e-06,1.620825e-06,4.720831e-06,4.987494e-06,4.633331e-06,2.095826e-06,4.908331e-06,5.295825e-06,4.64166e-06,4.779164e-06,-7.5006e-08,5.195832e-06,4.766663e-06,4.608329e-06,4.658325e-06,4.779164e-06
10,124,306.317,0.76,4.79583e-06,1.558328e-06,4.941662e-06,5.174994e-06,4.887494e-06,2.116664e-06,4.737497e-06,5.479161e-06,4.479162e-06,4.791665e-06,-1.20838e-07,4.970829e-06,4.79583e-06,4.612494e-06,4.579163e-06,4.70833e-06
10,125,306.46,0.75,4.599992e-06,1.533326e-06,5.195832e-06,5.474997e-06,5.120826e-06,2.170825e-06,4.612494e-06,5.674998e-06,4.466661e-06,4.874993e-06,-7.0834e-08,4.808331e-06,4.937498e-06,4.583327e-06,4.566662e-06,4.666662e-06
10,126,306.603,0.74,4.583327e-06,1.524997e-06,5.483325e-06,5.862498e-06,5.433329e-06,2.229158e-06,4.562497e-06,5.954162e-06,4.54166e-06,4.954163e-06,-1.29175e-07,4.712494e-06,5.120826e-06,4.699993e-06,4.566662e-06,4.779164e-06
10,127,306.747,0.73,4.391662e-06,1.462491e-06,5.795829e-06,6.174993e-06,5.724994e-06,2.258333e-06,4.549996e-06,6.258329e-06,4.599992e-06,5.116661e-06,-1.08337e-07,4.70833e-06,5.316663e-06,4.837497e-06,4.737497e-06,4.89583e-06
10,128,306.89,0.72,4.412492e-06,1.479165e-06,6.09583e-06,6.512499e-06,6.079165e-06,2.295828e-06,4.645832e-06,6.587497e-06,4.783328e-06,5.308326e-06,-1.29175e-07,4.720831e-06,5.616665e-06,5.062493e-06,4.887494e-06,5.120826e-06
10,129,307.033,0.71,4.537495e-06,1.462491e-06,6.487497e-06,6.908329e-06,6.445829e-06,2.370826e-06,4.754162e-06,6.933331e-06,4.979165e-06,5.512492e-06,-1.62506e-07,4.816659e-06,5.90833e-06,5.274995e-06,5.116661e-06,5.349994e-06
10,130,307.176,0.7,4.658325e-06,1.49583e-06,6.804164e-06,7.183329e-06,6.745831e-06,2.441661e-06,4.937498e-06,7.224997e-06,5.229163e-06,5.729159e-06,-1.54169e-07,4.991658e-06,6.158328e-06,5.524993e-06,5.320827e-06,5.612493e-06
10,131,307.319,0.69,4.754162e-06,1.454163e-06,7.145826e-06,7.633328e-06,7.129161e-06,2.495829e-06,5.249993e-06,7.55833e-06,5.46666e-06,5.991666e-06,-1.3334e-07,5.216662e-06,6.587497e-06,5.829159e-06,5.620829e-06,5.933332e-06
10,132,307.462,0.68,4.98333e-06,1.479165e-06,7.466666e-06,7.93333e-06,7.40416e-06,2.516659e-06,5.474997e-06,7.983327e-06,5.754161e-06,6.237499e-06,-1.16674e-07,5.474997e-06,6.854161e-06,6.079165e-06,5.866663e-06,6.220826e-06
10,133,307.605,0.67,5.270831e-06,1.499995e-06,7.845831e-06,8.279165e-06,7.83333e-06,2.583329e-06,5.837496e-06,8.324997e-06,6.062492e-06,6.537493e-06,-1.12502e-07,5.795829e-06,7.30416e-06,6.412498e-06,6.18333e-06,6.574996e-06
10,134,307.748,0.66,5.541659e-06,1.541662e-06,8.083328e-06,8.724999e-06,8.116658e-06,2.604159e-06,6.066664e-06,8.654165e-06,6.416662e-06,6.808329e-06,-1.41668e-07,6.09583e-06,7.574995e-06,6.737494e-06,6.570832e-06,6.929159e-06
10,135,307.891,0.65,5.895829e-06,1.595831e-06,8.512497e-06,9.016665e-06,8.470829e-06,2.629161e-06,6.462495e-06,9.012492e-06,6.841659e-06,7.087493e-06,-1.16674e-07,6.420827e-06,7.999993e-06,7.058326e-06,6.879163e-06,7.266664e-06
10,136,308.034,0.64,6.187495e-06,1.624997e-06,8.795826e-06,9.295829e-06,8.858331e-06,2.662492e-06,6.741659e-06,9.270827e-06,7.149999e-06,7.379158e-06,-1.6667e-07,6.762496e-06,8.31666e-06,7.40416e-06,7.11666e-06,7.562494e-06
10,137,308.177,0.63,6.533329e-06,1.649992e-06,9.129159e-06,9.608332e-06,9.049996e-06,2.737498e-06,7.112495e-06,9.587495e-06,7.479159e-06,7.67916e-06,-1.25003e-07,7.062499e-06,8.687496e-06,7.774996e-06,7.449993e-06,7.904164e-06
10,138,308.32,0.62,6.895828e-06,1.687495e-06,9.449998e-06,9.97916e-06,9.379164e-06,2.770829e-06,7.487496e-06,9.966659e-06,7.85416e-06,7.862496e-06,-1.75007e-07,7.454165e-06,9.033331e-06,8.099993e-06,7.774996e-06,8.249998e-06
10,139,308.463,0.61,7.358328e-06,1.724998e-06,9.766666e-06,1.0316666e-05,9.620825e-06,2.729162e-06,7.795827e-06,1.0245832e-05,8.183329e-06,8.158326e-06,-1.37504e-07,7.791662e-06,9.349998e-06,8.391658e-06,8.116658e-06,8.583331e-06
10,140,308.606,0.6,7.637493e-06,1.724998e-06,1.0041666e-05,1.0566664e-05,9.920827e-06,2.745827e-06,8.154162e-06,1.0562499e-05,8.558329e-06,8.533327e-06,-1.58342e-07,8.158326e-06,9.679158e-06,8.733328e-06,8.420833e-06,8.916664e-06
10,141,308.749,0.59,7.945831e-06,1.79166e-06,1.0354162e-05,1.0895832e-05,1.0208329e-05,2.779166e-06,8.45e-06,1.080416e-05,8.841665e-06,8.716663e-06,-1.70835e-07,8.424998e-06,9.97916e-06,9.058333e-06,8.77916e-06,9.24166e-06
10,142,308.892,0.58,8.287493e-06,1.804161e-06,1.0612495e-05,1.1112499e-05,1.0474992e-05,2.80416e-06,8.837494e-06,1.1116664e-05,9.254161e-06,9.016665e-06,-1.41668e-07,8.724999e-06,1.032083e-05,9.358327e-06,9.037494e-06,9.566665e-06
10,143,309.035,0.57,8.720827e-06,1.816662e-06,1.0887496e-05,1.1445833e-05,1.0770829e-05,2.841663e-06,9.133331e-06,1.1391664e-05,9.529162e-06,9.258326e-06,-1.00009e-07,9.05416e-06,1.0620833e-05,9.674995e-06,9.362499e-06,9.895825e-06
10,144,309.178,0.56,9.045832e-06,1.820827e-06,1.114583e-05,1.1645826e-05,1.1041665e-05,2.89166e-06,9.454163e-06,1.1624996e-05,9.866659e-06,9.520832e-06,-1.16674e-07,9.324996e-06,1.0887496e-05,1.0037494e-05,9.637499e-06,1.022083e-05
10,145,309.321,0.55,9.275e-06,1.87916e-06,1.1508329e-05,1.2029163e-05,1.132083e-05,2.908325e-06,9.741664e-06,1.1899996e-05,1.0270826e-05,9.770831e-06,-1.37504e-07,9.720826e-06,1.1254159e-05,1.0374999e-05,9.970832e-06,1.0562499e-05
10,146,309.464,0.54,9.458327e-06,1.833328e-06,1.1766664e-05,1.2270832e-05,1.1554162e-05,2.933327e-06,9.966659e-06,1.2195826e-05,1.052916e-05,1.0070833e-05,-1.62506e-07,1.004583e-05,1.152916e-05,1.0612495e-05,1.0299993e-05,1.0858329e-05
10,147,309.607,0.53,9.891661e-06,1.933328e-06,1.1987496e-05,1.2558333e-05,1.180416e-05,2.929163e-06,1.0254161e-05,1.2379161e-05,1.089166e-05,1.0295828e-05,-1.79172e-07,1.0304165e-05,1.1841663e-05,1.0937492e-05,1.0604159e-05,1.1137494e-05
10,148,309.75,0.52,1.0204164e-05,1.924992e-06,1.2341667e-05,1.2791666e-05,1.2083332e-05,2.924999e-06,1.0549998e-05,1.2645833e-05,1.1091662e-05,1.0541661e-05,-1.70835e-07,1.0595831e-05,1.209166e-05,1.1208328e-05,1.0824998e-05,1.1466662e-05
10,149,309.893,0.51,1.058333e-05,1.941665e-06,1.2629159e-05,1.3062493e-05,1.2291662e-05,2.979159e-06,1.0837499e-05,1.2933326e-05,1.1362497e-05,1.0841663e-05,-1.20838e-07,1.087083e-05,1.2287497e-05,1.1495828e-05,1.1091662e-05,1.1766664e-05
10,150,310.036,0.5,1.0883331e-05,1.883332e-06,1.2849999e-05,1.3295826e-05,1.2529159e-05,3.012498e-06,1.1104163e-05,1.3158329e-05,1.1616659e-05,1.0908326e-05,-1.95837e-07,1.1179161e-05,1.2629159e-05,1.1737498e-05,1.1374998e-05,1.2079159e-05
10,151,310.18,0.49,1.1083333e-05,1.949994e-06,1.2999995e-05,1.3458332e-05,1.2754163e-05,3.008326e-06,1.1345832e-05,1.3333329e-05,1.1899996e-05,1.1112499e-05,-1.54169e-07,1.1445833e-05,1.2891666e-05,1.2020826e-05,1.1641661e-05,1.2191661e-05
10,152,310.323,0.48,1.1387499e-05,1.924992e-06,1.3220827e-05,1.3649996e-05,1.2987494e-05,3.05833e-06,1.1541661e-05,1.3541659e-05,1.2154166e-05,1.1374998e-05,-1.83336e-07,1.1604166e-05,1.3095831e-05,1.224583e-05,1.1862493e-05,1.2524994e-05
10,153,310.466,0.47,1.1470826e-05,1.966659e-06,1.3495826e-05,1.3904166e-05,1.3208326e-05,3.029164e-06,1.1862493e-05,1.3812494e-05,1.2404163e-05,1.1566663e-05,-1.79172e-07,1.1841663e-05,1.3362495e-05,1.2545832e-05,1.2141665e-05,1.2679164e-05
10,154,310.609,0.46,1.1670828e-05,1.97916e-06,1.3712493e-05,1.4120833e-05,1.3408328e-05,3.049993e-06,1.2087497e-05,1.4033326e-05,1.2645833e-05,1.1808332e-05,-1.58342e-07,1.2095833e-05,1.3666661e-05,1.2754163e-05,1.2379161e-05,1.2924997e-05
10,155,310.752,0.45,1.1929163e-05,1.995826e-06,1.3895829e-05,1.4287496e-05,1.3641659e-05,3.045829e-06,1.2308327e-05,1.4183331e-05,1.2904159e-05,1.1966666e-05,-1.87508e-07,1.2279161e-05,1.382916e-05,1.3012496e-05,1.2595829e-05,1.3183331e-05
10,156,310.895,0.44,1.2154166e-05,1.949994e-06,1.4116661e-05,1.4499999e-05,1.3716666e-05,3.091661e-06,1.2562497e-05,1.4395833e-05,1.317083e-05,1.2174995e-05,-1.62506e-07,1.2558333e-05,1.3966664e-05,1.3249994e-05,1.2895831e-05,1.3408328e-05
10,157,311.038,0.43,1.2412493e-05,1.983333e-06,1.4487497e-05,1.4641666e-05,1.399583e-05,3.07916e-06,1.2774992e-05,1.4662496e-05,1.3374996e-05,1.2383326e-05,-1.50005e-07,1.2749998e-05,1.4362494e-05,1.3404163e-05,1.3008333e-05,1.3674999e-05
10,158,311.181,0.42,1.2641661e-05,1.995826e-06,1.463333e-05,1.490833e-05,1.4174994e-05,3.133329e-06,1.300416e-05,1.4699999e-05,1.3616665e-05,1.2566662e-05,-1.95837e-07,1.2945827e-05,1.4312498e-05,1.3729159e-05,1.3229163e-05,1.3904166e-05
10,159,311.324,0.41,1.2962492e-05,2.037493e-06,1.4641666e-05,1.5174993e-05,1.4341665e-05,3.133329e-06,1.3149993e-05,1.4912494e-05,1.3804166e-05,1.2749998e-05,-1.83336e-07,1.3141664e-05,1.4524992e-05,1.3854162e-05,1.3504164e-05,1.4116661e-05
10,160,311.467,0.4,1.3087495e-05,2.041666e-06,1.4874999e-05,1.5395832e-05,1.456666e-05,3.162495e-06,1.3404163e-05,1.511666e-05,1.4037498e-05,1.2883329e-05,-1.58342e-07,1.3370832e-05,1.473333e-05,1.4045827e-05,1.3770827e-05,1.4283331e-05
10,161,311.61,0.39,1.3283332e-05,2.049994e-06,1.5049998e-05,1.5416663e-05,1.4816665e-05,3.183325e-06,1.3579162e-05,1.5324998e-05,1.4179166e-05,1.3124998e-05,-1.83336e-07,1.3470833e-05,1.4920831e-05,1.4237499e-05,1.3858326e-05,1.4595827e-05
10,162,311.753,0.38,1.3487498e-05,2.033329e-06,1.5241662e-05,1.5587497e-05,1.4924995e-05,3.216664e-06,1.3812494e-05,1.549166e-05,1.4362494e-05,1.3254165e-05,-2.16675e-07,1.3737495e-05,1.511666e-05,1.4462495e-05,1.4004159e-05,1.4687498e-05
10,163,311.896,0.37,1.3820831e-05,2.070832e-06,1.5429163e-05,1.5724992e-05,1.4949997e-05,3.254159e-06,1.3891665e-05,1.5566658e-05,1.463333e-05,1.3399998e-05,-1.37504e-07,1.3929161e-05,1.5254163e-05,1.4641666e-05,1.4174994e-05,1.4829159e-05
10,164,312.039,0.36,1.3862498e-05,2.074997e-06,1.5616662e-05,1.5912494e-05,1.5241662e-05,3.174996e-06,1.4145828e-05,1.5774996e-05,1.4720829e-05,1.353333e-05,-2.00001e-07,1.4133327e-05,1.5441665e-05,1.4816665e-05,1.4362494e-05,1.5012495e-05
10,165,312.182,0.35,1.4166665e-05,2.116664e-06,1.5741665e-05,1.6054162e-05,1.530416e-05,3.241658e-06,1.4329164e-05,1.5924994e-05,1.4999993e-05,1.3749996e-05,-1.50005e-07,1.4279159e-05,1.5608326e-05,1.502916e-05,1.4587497e-05,1.5270829e-05
10,166,312.325,0.34,1.4433328e-05,2.049994e-06,1.5954161e-05,1.6258327e-05,1.5499998e-05,3.183325e-06,1.4558331e-05,1.6120832e-05,1.5179166e-05,1.3929161e-05,-1.79172e-07,1.4549994e-05,1.5799998e-05,1.5191667e-05,1.482083e-05,1.5441665e-05
10,167,312.468,0.33,1.435833e-05,2.124993e-06,1.609583e-05,1.6379166e-05,1.5604162e-05,3.241658e-06,1.4904165e-05,1.6245825e-05,1.5320826e-05,1.4095831e-05,-1.16674e-07,1.4649995e-05,1.5945832e-05,1.5429163e-05,1.4937496e-05,1.5595826e-05
10,168,312.611,0.32,1.4504162e-05,2.137494e-06,1.6237498e-05,1.6529162e-05,1.5787498e-05,3.26666e-06,1.4758332e-05,1.6354163e-05,1.5499998e-05,1.4187495e-05,-1.79172e-07,1.4766661e-05,1.6124995e-05,1.5533327e-05,1.5108331e-05,1.5758331e-05
10,169,312.754,0.31,1.4683326e-05,2.087498e-06,1.6508333e-05,1.6725e-05,1.5908328e-05,3.249995e-06,1.4999993e-05,1.6712498e-05,1.5758331e-05,1.4354166e-05,-1.45841e-07,1.4924995e-05,1.6324997e-05,1.5729165e-05,1.5312497e-05,1.5966662e-05
10,170,312.897,0.3,1.4941661e-05,2.104163e-06,1.6533328e-05,1.695416e-05,1.6058326e-05,3.229165e-06,1.51625e-05,1.6616663e-05,1.5979163e-05,1.4499999e-05,-2.08338e-07,1.5137498e-05,1.6441663e-05,1.5904165e-05,1.5454165e-05,1.6166663e-05
10,171,313.04,0.29,1.5058326e-05,2.129165e-06,1.6716664e-05,1.6987498e-05,1.6245825e-05,3.237494e-06,1.5299996e-05,1.6716664e-05,1.6141661e-05,1.4687498e-05,-1.6667e-07,1.5174993e-05,1.6608326e-05,1.6037497e-05,1.5633328e-05,1.6299995e-05
10,172,313.183,0.28,1.5266665e-05,2.13333e-06,1.6874998e-05,1.7175e-05,1.6274993e-05,3.299999e-06,1.5512498e-05,1.6912492e-05,1.6333326e-05,1.4929159e-05,-1.3334e-07,1.5391659e-05,1.6674996e-05,1.6245825e-05,1.5812493e-05,1.6487495e-05
10,173,313.326,0.27,1.5333326e-05,2.120829e-06,1.702083e-05,1.7324995e-05,1.6508333e-05,3.237494e-06,1.564583e-05,1.7041659e-05,1.649166e-05,1.4933332e-05,-1.50005e-07,1.5537493e-05,1.695416e-05,1.6479167e-05,1.5983327e-05,1.6604161e-05
10,174,313.469,0.26,1.5708327e-05,2.087498e-06,1.7149996e-05,1.7387494e-05,1.6725e-05,3.316665e-06,1.5787498e-05,1.7183327e-05,1.650416e-05,1.5033333e-05,-1.3334e-07,1.5737494e-05,1.7033331e-05,1.6512497e-05,1.6099993e-05,1.6766659e-05
10,175,313.613,0.25,1.5720829e-05,2.145831e-06,1.7279164e-05,1.7545828e-05,1.6737493e-05,3.349996e-06,1.5954161e-05,1.7387494e-05,1.6741666e-05,1.5266665e-05,-6.667e-08,1.5849995e-05,1.7274999e-05,1.6791662e-05,1.6287493e-05,1.6958333e-05
10,176,313.756,0.24,1.5799998e-05,2.15416e-06,1.7445827e-05,1.7674995e-05,1.6937494e-05,3.358332e-06,1.6074999e-05,1.7474993e-05,1.6924992e-05,1.5320826e-05,-1.83336e-07,1.594166e-05,1.7379165e-05,1.6908327e-05,1.6437498e-05,1.7108328e-05
10,177,313.899,0.23,1.6099993e-05,2.141659e-06,1.7574994e-05,1.7883332e-05,1.7049995e-05,3.35416e-06,1.6204167e-05,1.76375e-05,1.7070826e-05,1.547916e-05,-1.83336e-07,1.6254162e-05,1.7595832e-05,1.7004164e-05,1.6533328e-05,1.7270828e-05
10,178,314.042,0.22,1.6199994e-05,2.13333e-06,1.7674995e-05,1.79125e-05,1.7220831e-05,3.35416e-06,1.6341663e-05,1.7766666e-05,1.7170827e-05,1.5624992e-05,-2.16675e-07,1.6345826e-05,1.76375e-05,1.7233331e-05,1.6637492e-05,1.7379165e-05
10,179,314.185,0.21,1.62625e-05,2.129165e-06,1.785833e-05,1.8083327e-05,1.7279164e-05,3.35416e-06,1.6512497e-05,1.7929164e-05,1.7333332e-05,1.5762496e-05,-1.62506e-07,1.6433327e-05,1.7824999e-05,1.7362499e-05,1.6883325e-05,1.7508331e-05
10,180,314.328,0.2,1.6349999e-05,2.120829e-06,1.8037494e-05,1.8258334e-05,1.7449998e-05,3.437495e-06,1.6624999e-05,1.7974997e-05,1.7512497e-05,1.592083e-05,-1.87508e-07,1.6479167e-05,1.7958331e-05,1.7599996e-05,1.695416e-05,1.7712498e-05
10,181,314.471,0.19,1.657083e-05,2.141659e-06,1.8079161e-05,1.8333332e-05,1.7512497e-05,3.387499e-06,1.6762495e-05,1.8120829e-05,1.7654165e-05,1.6008329e-05,-1.70835e-07,1.6604161e-05,1.7991662e-05,1.7716662e-05,1.7154161e-05,1.7837492e-05
10,182,314.614,0.18,1.6824992e-05,2.120829e-06,1.8358325e-05,1.8549999e-05,1.7687496e-05,3.408329e-06,1.6837494e-05,1.8245832e-05,1.7816663e-05,1.6179165e-05,-1.70835e-07,1.6754166e-05,1.8158333e-05,1.7958331e-05,1.7387494e-05,1.8029164e-05
10,183,314.757,0.17,1.6804162e-05,2.137494e-06,1.8408331e-05,1.8695831e-05,1.7795834e-05,3.424994e-06,1.7104165e-05,1.8408331e-05,1.7924993e-05,1.6329161e-05,-1.79172e-07,1.6879161e-05,1.8233332e-05,1.7937493e-05,1.7491666e-05,1.8079161e-05
10,184,314.9,0.16,1.6937494e-05,2.183326e-06,1.8529161e-05,1.8808332e-05,1.7991662e-05,3.424994e-06,1.7249997e-05,1.8445826e-05,1.8062496e-05,1.6420834e-05,-1.83336e-07,1.6983326e-05,1.842916e-05,1.8133331e-05,1.7658329e-05,1.8237495e-05
10,185,315.043,0.15,1.7095828e-05,2.212493e-06,1.8570829e-05,1.8874995e-05,1.8116665e-05,3.445832e-06,1.7316659e-05,1.8679166e-05,1.8279163e-05,1.6587495e-05,-1.91673e-07,1.7124994e-05,1.8579165e-05,1.8233332e-05,1.7595832e-05,1.8370827e-05
10,186,315.186,0.14,1.7283328e-05,2.166661e-06,1.8745828e-05,1.9041665e-05,1.8249997e-05,3.44166e-06,1.7454164e-05,1.8729163e-05,1.8362498e-05,1.6649994e-05,-1.25003e-07,1.7254162e-05,1.8662493e-05,1.8345832e-05,1.7754166e-05,1.8475001e-05
10,187,315.329,0.13,1.7433325e-05,2.166661e-06,1.8870831e-05,1.9079162e-05,1.8387493e-05,3.512494e-06,1.7529163e-05,1.8829163e-05,1.8420831e-05,1.6874998e-05,-8.3335e-08,1.7345827e-05,1.8812498e-05,1.8516659e-05,1.7904162e-05,1.8633325e-05
10,188,315.472,0.12,1.7499995e-05,2.208328e-06,1.8974995e-05,1.9291663e-05,1.8358325e-05,3.483327e-06,1.7791661e-05,1.8995834e-05,1.8612496e-05,1.6883325e-05,-1.45841e-07,1.7516661e-05,1.8908326e-05,1.8637498e-05,1.8004162e-05,1.8662493e-05
10,189,315.615,0.11,1.7687496e-05,2.195827e-06,1.9137493e-05,1.9333331e-05,1.8579165e-05,3.462497e-06,1.7895825e-05,1.9074996e-05,1.8762494e-05,1.6995828e-05,-1.70835e-07,1.7670831e-05,1.9054167e-05,1.8729163e-05,1.8179162e-05,1.8866665e-05
10,190,315.758,0.1,1.7895825e-05,2.245831e-06,1.9224994e-05,1.9433332e-05,1.8629162e-05,3.445832e-06,1.8020828e-05,1.9229166e-05,1.8845829e-05,1.712083e-05,-1.70835e-07,1.7720826e-05,1.9187499e-05,1.8862494e-05,1.8266663e-05,1.8962495e-05
10,191,315.901,0.09,1.7779159e-05,2.224994e-06,1.9366662e-05,1.9575e-05,1.8733326e-05,3.495828e-06,1.8145831e-05,1.9304165e-05,1.8999997e-05,1.7291664e-05,-1.20838e-07,1.7741664e-05,1.9312492e-05,1.8987497e-05,1.8412495e-05,1.9054167e-05
10,192,316.044,0.08,1.8124994e-05,2.216665e-06,1.9445833e-05,1.9658328e-05,1.8812498e-05,3.491664e-06,1.8295828e-05,1.9358333e-05,1.9162497e-05,1.7412496e-05,-1.62506e-07,1.7995826e-05,1.9412493e-05,1.9154159e-05,1.8475001e-05,1.9195826e-05
10,193,316.187,0.07,1.7991662e-05,2.258333e-06,1.9587493e-05,1.9745827e-05,1.894583e-05,3.487492e-06,1.8287499e-05,1.9487492e-05,1.9224994e-05,1.7437498e-05,-1.95837e-07,1.8058332e-05,1.9516667e-05,1.923333e-05,1.8595831e-05,1.9329167e-05
10,194,316.33,0.06,1.8170826e-05,2.183326e-06,1.9670828e-05,1.9874993e-05,1.9058331e-05,3.495828e-06,1.8287499e-05,1.9604166e-05,1.9437495e-05,1.7591659e-05,-1.79172e-07,1.8129165e-05,1.9587493e-05,1.9291663e-05,1.8654164e-05,1.9458326e-05
10,195,316.473,0.05,1.8404166e-05,2.237495e-06,1.9766665e-05,2.0045829e-05,1.9137493e-05,3.516658e-06,1.8499994e-05,1.9658328e-05,1.9624997e-05,1.7695833e-05,-1.45841e-07,1.8316667e-05,1.961666e-05,1.952916e-05,1.877083e-05,1.9579164e-05
10,196,316.616,0.04,1.8395829e-05,2.241659e-06,1.9891659e-05,2.0116662e-05,1.9254159e-05,3.549997e-06,1.8641662e-05,1.9737497e-05,1.9533332e-05,1.7929164e-05,-1.6667e-07,1.842916e-05,1.9837498e-05,1.9558327e-05,1.9024999e-05,1.9758329e-05
10,197,316.759,0.03,1.8549999e-05,2.245831e-06,1.9962494e-05,2.0170832e-05,1.9270834e-05,3.52083e-06,1.8766665e-05,1.9833325e-05,1.9599995e-05,1.8137494e-05,-2.00001e-07,1.8466664e-05,1.985e-05,1.9637497e-05,1.9108327e-05,1.980416e-05
10,198,316.902,0.02,1.8624996e-05,2.220829e-06,2.0033327e-05,2.0320829e-05,1.93875e-05,3.562498e-06,1.8820827e-05,1.9933326e-05,1.968333e-05,1.81e-05,-1.37504e-07,1.8579165e-05,1.9908333e-05,1.9787494e-05,1.9174997e-05,1.9879166e-05
10,199,317.045,0.01,1.8887496e-05,2.249996e-06,2.009166e-05,2.0345831e-05,1.9524996e-05,3.599993e-06,1.8920828e-05,2.0070831e-05,1.9799996e-05,1.8054159e-05,-2.12502e-07,1.8729163e-05,2.0116662e-05,1.9795831e-05,1.9216664e-05,1.9954165e-05
10,200,317.189,0.0,1.9104164e-05,2.216665e-06,2.03125e-05,2.0504165e-05,1.9562498e-05,3.579164e-06,1.9037492e-05,2.0191661e-05,1.9954165e-05,1.8237495e-05,-6.2505e-08,1.8787496e-05,2.0187497e-05,1.9974994e-05,1.9337494e-05,2.0062495e-05
,,,,,,,,,,,,,,,,,,,,10,0.64,0.62,0.74,0.75,0.74,0.76,0.65,0.74,0.7,0.74,0.04,0.65,0.72,0.7,0.7,0.7,0.73,0.69,0.79,0.8,0.8,0.81,0.73,0.79,0.75,0.78,0.91,0.73,0.77,0.75,0.75,0.75
11,0,317.419,0.0,1.8949993e-05,2.308329e-06,2.0495829e-05,2.0574998e-05,1.9579164e-05,3.587492e-06,1.91125e-05,2.0224992e-05,2.0120828e-05,1.8283328e-05,-1.00009e-07,1.8845829e-05,2.0191661e-05,1.9949992e-05,1.9374998e-05,2.0108326e-05
11,1,317.562,0.01,1.8841663e-05,2.420831e-06,2.024583e-05,2.0429166e-05,1.9637497e-05,3.624996e-06,1.8966659e-05,2.015833e-05,2.007916e-05,1.8274999e-05,-1.00009e-07,1.8729163e-05,2.0095833e-05,1.9937499e-05,1.934166e-05,2.0074995e-05
11,2,317.705,0.02,1.8741663e-05,2.304165e-06,2.0220828e-05,2.0424994e-05,1.9537496e-05,3.637497e-06,1.88375e-05,2.0045829e-05,1.9962494e-05,1.8199993e-05,-5.8341e-08,1.8562499e-05,2.0033327e-05,1.9837498e-05,1.9262498e-05,1.9962494e-05
11,3,317.848,0.03,1.8654164e-05,2.262497e-06,2.0154166e-05,2.0391662e-05,1.9437495e-05,3.616659e-06,1.8824998e-05,1.9962494e-05,1.9708332e-05,1.8229166e-05,-8.7508e-08,1.8524996e-05,1.9974994e-05,1.9699995e-05,1.9129166e-05,1.9891659e-05
11,4,317.991,0.04,1.8475001e-05,2.345832e-06,2.0025e-05,2.0258331e-05,1.9395828e-05,3.624996e-06,1.8637498e-05,1.9862493e-05,1.9658328e-05,1.8133331e-05,-7.9171e-08,1.8304165e-05,1.9866666e-05,1.9662499e-05,1.9049994e-05,1.9783331e-05
11,5,318.134,0.05,1.8345832e-05,2.362498e-06,1.9887495e-05,2.0170832e-05,1.9241666e-05,3.637497e-06,1.8483328e-05,1.9841664e-05,1.9591665e-05,1.7945829e-05,1.6665e-08,1.8237495e-05,1.9812496e-05,1.9454161e-05,1.8983332e-05,1.968333e-05
11,6,318.277,0.06,1.8174998e-05,2.399993e-06,1.9929163e-05,2.0058329e-05,1.916666e-05,3.649998e-06,1.832083e-05,1.9779165e-05,1.9474999e-05,1.7845829e-05,1.6665e-08,1.8108329e-05,1.9708332e-05,1.9412493e-05,1.887916e-05,1.9599995e-05
11,7,318.421,0.07,1.8058332e-05,2.337496e-06,1.9791667e-05,2.0033327e-05,1.9037492e-05,3.679164e-06,1.8208329e-05,1.9741663e-05,1.9358333e-05,1.7887496e-05,-8e-12,1.8129165e-05,1.9570827e-05,1.9245832e-05,1.8779167e-05,1.9404164e-05
11,8,318.564,0.08,1.7845829e-05,2.366662e-06,1.9754163e-05,1.9879166e-05,1.895833e-05,3.633332e-06,1.8079161e-05,1.9604166e-05,1.9216664e-05,1.76375e-05,-8.3335e-08,1.7791661e-05,1.9541661e-05,1.9141666e-05,1.8583329e-05,1.93e-05
11,9,318.707,0.09,1.7712498e-05,2.312493e-06,1.9533332e-05,1.9837498e-05,1.8999997e-05,3.649998e-06,1.79125e-05,1.950833e-05,1.9104164e-05,1.7599996e-05,1.12494e-07,1.76375e-05,1.9579164e-05,1.9137493e-05,1.8520832e-05,1.9137493e-05
11,10,318.85,0.1,1.7645827e-05,2.345832e-06,1.9479163e-05,1.9737497e-05,1.877083e-05,3.704158e-06,1.7816663e-05,1.9549998e-05,1.8979161e-05,1.757083e-05,-2.9174e-08,1.7474993e-05,1.9370826e-05,1.9008326e-05,1.8399993e-05,1.9087498e-05
11,11,318.993,0.11,1.7379165e-05,2.337496e-06,1.9487492e-05,1.9583329e-05,1.8674993e-05,3.591665e-06,1.7679158e-05,1.9316665e-05,1.887916e-05,1.7391665e-05,2.083e-08,1.7341661e-05,1.9124993e-05,1.8912498e-05,1.8299992e-05,1.9024999e-05
11,12,319.136,0.12,1.7179163e-05,2.349997e-06,1.9324994e-05,1.950833e-05,1.8579165e-05,3.649998e-06,1.7520833e-05,1.9333331e-05,1.8766665e-05,1.7329161e-05,-4.1668e-08,1.7216667e-05,1.9033328e-05,1.8733326e-05,1.8183327e-05,1.8866665e-05
11,13,319.279,0.13,1.7095828e-05,2.34166e-06,1.9279161e-05,1.9399993e-05,1.8395829e-05,3.612495e-06,1.7366663e-05,1.9095825e-05,1.865e-05,1.7208329e-05,-8e-12,1.7058333e-05,1.887916e-05,1.8624996e-05,1.814166e-05,1.8741663e-05
11,14,319.422,0.14,1.6908327e-05,2.333331e-06,1.9049994e-05,1.9312492e-05,1.8458326e-05,3.641661e-06,1.7158325e-05,1.8970832e-05,1.8512495e-05,1.7129159e-05,4.164e-09,1.6941667e-05,1.8750001e-05,1.8387493e-05,1.8066661e-05,1.8570829e-05
11,15,319.565,0.15,1.6729164e-05,2.354161e-06,1.8862494e-05,1.9141666e-05,1.8212493e-05,3.624996e-06,1.6970833e-05,1.894583e-05,1.8375e-05,1.6949994e-05,8.329e-09,1.6783333e-05,1.8654164e-05,1.8295828e-05,1.7958331e-05,1.8466664e-05
11,16,319.708,0.16,1.6595832e-05,2.349997e-06,1.8791659e-05,1.9116664e-05,1.8162496e-05,3.616659e-06,1.6866659e-05,1.8716661e-05,1.8270826e-05,1.6883325e-05,4.5832e-08,1.6620827e-05,1.8529161e-05,1.8208329e-05,1.7933329e-05,1.8291665e-05
11,17,319.851,0.17,1.6399996e-05,2.34166e-06,1.860416e-05,1.8966659e-05,1.8004162e-05,3.616659e-06,1.6687496e-05,1.8641662e-05,1.8062496e-05,1.6766659e-05,-4.172e-09,1.6424998e-05,1.8387493e-05,1.7999999e-05,1.7524997e-05,1.814166e-05
11,18,319.994,0.18,1.6270827e-05,2.362498e-06,1.8558327e-05,1.8716661e-05,1.7991662e-05,3.60833e-06,1.6466665e-05,1.8570829e-05,1.7954168e-05,1.6695833e-05,2.4994e-08,1.6274993e-05,1.8270826e-05,1.785833e-05,1.7487495e-05,1.7991662e-05
11,19,320.137,0.19,1.6099993e-05,2.366662e-06,1.8437497e-05,1.8620833e-05,1.7799997e-05,3.637497e-06,1.6258327e-05,1.8387493e-05,1.7720826e-05,1.6512497e-05,1.6665e-08,1.6133332e-05,1.8129165e-05,1.7724999e-05,1.7399994e-05,1.7770832e-05
11,20,320.28,0.2,1.5837495e-05,2.349997e-06,1.834166e-05,1.8466664e-05,1.7499995e-05,3.683329e-06,1.6162499e-05,1.8287499e-05,1.7574994e-05,1.6424998e-05,-8e-12,1.5887499e-05,1.7937493e-05,1.7587496e-05,1.7199993e-05,1.7670831e-05
11,21,320.423,0.21,1.575416e-05,2.387492e-06,1.8133331e-05,1.8366663e-05,1.741666e-05,3.504165e-06,1.6054162e-05,1.8249997e-05,1.7458327e-05,1.621666e-05,2.083e-08,1.5770833e-05,1.786666e-05,1.7412496e-05,1.7062497e-05,1.758333e-05
11,22,320.566,0.22,1.5545829e-05,2.366662e-06,1.804583e-05,1.8241661e-05,1.7291664e-05,3.54166e-06,1.5783326e-05,1.8041666e-05,1.7316659e-05,1.6116659e-05,2.083e-08,1.5566658e-05,1.7720826e-05,1.7287493e-05,1.6862496e-05,1.7391665e-05
11,23,320.709,0.23,1.5295831e-05,2.412494e-06,1.7916664e-05,1.8108329e-05,1.7166662e-05,3.529159e-06,1.5629164e-05,1.7862494e-05,1.714166e-05,1.6024995e-05,4.164e-09,1.5354164e-05,1.7579167e-05,1.7108328e-05,1.6762495e-05,1.7224995e-05
11,24,320.852,0.24,1.5149999e-05,2.358325e-06,1.77375e-05,1.7995826e-05,1.7045832e-05,3.545833e-06,1.5354164e-05,1.7799997e-05,1.6949994e-05,1.582083e-05,4.166e-08,1.5224997e-05,1.7362499e-05,1.6987498e-05,1.6541664e-05,1.7066661e-05
11,25,320.995,0.25,1.4958326e-05,2.374999e-06,1.7612498e-05,1.7791661e-05,1.69e-05,3.54166e-06,1.5295831e-05,1.7754166e-05,1.6958333e-05,1.5741665e-05,4.5832e-08,1.5058326e-05,1.724166e-05,1.6774997e-05,1.6458329e-05,1.695416e-05
11,26,321.138,0.26,1.4749996e-05,2.358325e-06,1.7529163e-05,1.7645827e-05,1.6733329e-05,3.537496e-06,1.4945833e-05,1.74625e-05,1.6616663e-05,1.5633328e-05,8.329e-09,1.482083e-05,1.7049995e-05,1.6641665e-05,1.622916e-05,1.6754166e-05
11,27,321.281,0.27,1.4541666e-05,2.387492e-06,1.7287493e-05,1.7499995e-05,1.6599997e-05,3.566662e-06,1.4816665e-05,1.7341661e-05,1.6533328e-05,1.5508325e-05,1.6665e-08,1.4616664e-05,1.6837494e-05,1.6416661e-05,1.6091664e-05,1.6595832e-05
11,28,321.424,0.28,1.4337492e-05,2.324995e-06,1.71875e-05,1.7374992e-05,1.645e-05,3.54166e-06,1.4616664e-05,1.7212495e-05,1.6208331e-05,1.5487496e-05,7.4999e-08,1.445833e-05,1.6745829e-05,1.6258327e-05,1.5970827e-05,1.6470829e-05
11,29,321.567,0.29,1.4112497e-05,2.324995e-06,1.7016666e-05,1.71875e-05,1.6320833e-05,3.504165e-06,1.4416662e-05,1.7024993e-05,1.6199994e-05,1.5137498e-05,7.4999e-08,1.4179166e-05,1.655833e-05,1.6112495e-05,1.5770833e-05,1.6199994e-05
11,30,321.71,0.3,1.3891665e-05,2.34166e-06,1.6820828e-05,1.7062497e-05,1.6124995e-05,3.516658e-06,1.4195832e-05,1.6895827e-05,1.5912494e-05,1.5016659e-05,1.12494e-07,1.4074993e-05,1.6424998e-05,1.5866661e-05,1.559166e-05,1.6087492e-05
11,31,321.853,0.31,1.3683327e-05,2.32083e-06,1.6720827e-05,1.6929165e-05,1.593333e-05,3.508329e-06,1.3979165e-05,1.6704162e-05,1.5720829e-05,1.4833331e-05,1.24995e-07,1.380833e-05,1.6237498e-05,1.5708327e-05,1.5349991e-05,1.5879163e-05
11,32,321.997,0.32,1.3304162e-05,2.362498e-06,1.6512497e-05,1.6712498e-05,1.5774996e-05,3.474998e-06,1.3766662e-05,1.6612497e-05,1.5566658e-05,1.4620829e-05,3.3331e-08,1.3508327e-05,1.6049997e-05,1.5549993e-05,1.5270829e-05,1.5729165e-05
11,33,322.14,0.33,1.3195832e-05,2.312493e-06,1.6333326e-05,1.6533328e-05,1.5620828e-05,3.474998e-06,1.3558332e-05,1.6404159e-05,1.5341664e-05,1.4441665e-05,4.166e-08,1.3325e-05,1.5966662e-05,1.5299996e-05,1.5066664e-05,1.5474994e-05
11,34,322.283,0.34,1.2845826e-05,2.279162e-06,1.6220833e-05,1.6391659e-05,1.5429163e-05,3.52083e-06,1.3362495e-05,1.6274993e-05,1.5133333e-05,1.4366667e-05,2.4994e-08,1.3145828e-05,1.5774996e-05,1.5149999e-05,1.490833e-05,1.5274994e-05
11,35,322.426,0.35,1.2658325e-05,2.249996e-06,1.6012495e-05,1.6237498e-05,1.5287495e-05,3.474998e-06,1.3045827e-05,1.6083328e-05,1.4920831e-05,1.4191659e-05,7.4999e-08,1.2887494e-05,1.5549993e-05,1.490833e-05,1.4620829e-05,1.5012495e-05
11,36,322.569,0.36,1.2341667e-05,2.258333e-06,1.5891663e-05,1.6016666e-05,1.5070827e-05,3.483327e-06,1.2787493e-05,1.5883326e-05,1.4695827e-05,1.4004159e-05,5.8325e-08,1.2637496e-05,1.5270829e-05,1.4770826e-05,1.4474996e-05,1.4874999e-05
11,37,322.712,0.37,1.2066666e-05,2.270826e-06,1.5708327e-05,1.5879163e-05,1.4895829e-05,3.454161e-06,1.2587499e-05,1.5737494e-05,1.4466659e-05,1.3804166e-05,7.4999e-08,1.2399999e-05,1.5170828e-05,1.454583e-05,1.4212497e-05,1.4691663e-05
11,38,322.855,0.38,1.1854164e-05,2.224994e-06,1.5462494e-05,1.5674996e-05,1.4708328e-05,3.491664e-06,1.2274996e-05,1.5504162e-05,1.427083e-05,1.3662498e-05,7.9163e-08,1.2220828e-05,1.4870827e-05,1.4324999e-05,1.4058328e-05,1.4466659e-05
11,39,322.998,0.39,1.1554162e-05,2.208328e-06,1.5174993e-05,1.5495832e-05,1.4520828e-05,3.437495e-06,1.2008325e-05,1.5424999e-05,1.4041662e-05,1.3437494e-05,6.6662e-08,1.1862493e-05,1.4629165e-05,1.4070829e-05,1.3983329e-05,1.4237499e-05
11,40,323.141,0.4,1.1262497e-05,2.195827e-06,1.4920831e-05,1.5295831e-05,1.4341665e-05,3.387499e-06,1.1829162e-05,1.511666e-05,1.382916e-05,1.3287497e-05,5.8325e-08,1.1633332e-05,1.4429164e-05,1.3862498e-05,1.3562497e-05,1.3949998e-05
11,41,323.284,0.41,1.0970831e-05,2.174997e-06,1.4774998e-05,1.5137498e-05,1.4066664e-05,3.395828e-06,1.1533331e-05,1.4920831e-05,1.3516665e-05,1.3087495e-05,6.2497e-08,1.1374998e-05,1.4158329e-05,1.3495826e-05,1.3412499e-05,1.3762497e-05
11,42,323.427,0.42,1.0712496e-05,2.179162e-06,1.454583e-05,1.4879163e-05,1.3891665e-05,3.387499e-06,1.1258332e-05,1.4729166e-05,1.3249994e-05,1.2908332e-05,8.3327e-08,1.106666e-05,1.3966664e-05,1.3266659e-05,1.3058328e-05,1.3437494e-05
11,43,323.57,0.43,1.0416658e-05,2.170825e-06,1.4324999e-05,1.4570832e-05,1.3629166e-05,3.341659e-06,1.0974995e-05,1.4574996e-05,1.3049992e-05,1.2704166e-05,6.6662e-08,1.0841663e-05,1.3704165e-05,1.3058328e-05,1.2841661e-05,1.3187496e-05
11,44,323.713,0.44,1.0062496e-05,2.145831e-06,1.4133327e-05,1.4324999e-05,1.3404163e-05,3.349996e-06,1.0695831e-05,1.4337492e-05,1.2745825e-05,1.2487499e-05,4.9996e-08,1.0649999e-05,1.3404163e-05,1.2762499e-05,1.2570827e-05,1.2883329e-05
11,45,323.856,0.45,9.829164e-06,2.15416e-06,1.3820831e-05,1.4133327e-05,1.3274996e-05,3.462497e-06,1.0358325e-05,1.408333e-05,1.2441659e-05,1.2270832e-05,1.04165e-07,1.0229166e-05,1.3183331e-05,1.252083e-05,1.2341667e-05,1.2624995e-05
11,46,323.999,0.46,9.524997e-06,2.129165e-06,1.3641659e-05,1.3874999e-05,1.2949999e-05,3.349996e-06,1.0033329e-05,1.3854162e-05,1.2170832e-05,1.2033327e-05,6.2497e-08,9.941666e-06,1.2870828e-05,1.2191661e-05,1.2062494e-05,1.2295826e-05
11,47,324.142,0.47,9.145832e-06,2.149995e-06,1.3354166e-05,1.3629166e-05,1.2724996e-05,3.308328e-06,9.812498e-06,1.3624994e-05,1.1833326e-05,1.1845827e-05,9.5828e-08,9.599996e-06,1.2641661e-05,1.1912497e-05,1.1787494e-05,1.209166e-05
11,48,324.285,0.48,8.804162e-06,2.137494e-06,1.3074994e-05,1.3374996e-05,1.2445831e-05,3.320829e-06,9.420832e-06,1.3408328e-05,1.1591665e-05,1.160833e-05,9.9993e-08,9.370828e-06,1.2308327e-05,1.1575e-05,1.1470826e-05,1.1729161e-05
11,49,324.428,0.49,8.50416e-06,2.058331e-06,1.2833333e-05,1.3116662e-05,1.2208327e-05,3.254159e-06,9.12083e-06,1.317083e-05,1.1341659e-05,1.1316665e-05,9.1664e-08,8.93333e-06,1.2045829e-05,1.1349996e-05,1.1187498e-05,1.1424994e-05
11,50,324.571,0.5,8.162498e-06,2.012499e-06,1.2579163e-05,1.2824997e-05,1.1941664e-05,3.224993e-06,8.762495e-06,1.2837498e-05,1.0945829e-05,1.1116664e-05,1.04165e-07,8.654165e-06,1.1762492e-05,1.1012498e-05,1.089166e-05,1.1170832e-05
11,51,324.714,0.51,7.837494e-06,2.054159e-06,1.2270832e-05,1.254166e-05,1.1666663e-05,3.258332e-06,8.45e-06,1.2679164e-05,1.0599994e-05,1.0949993e-05,7.4999e-08,8.374993e-06,1.1466662e-05,1.0679166e-05,1.0562499e-05,1.0812497e-05
11,52,324.857,0.52,7.454165e-06,1.991661e-06,1.2074995e-05,1.2274996e-05,1.1379162e-05,3.208327e-06,8.141661e-06,1.2233329e-05,1.0279163e-05,1.0620833e-05,7.4999e-08,8.083328e-06,1.1120828e-05,1.040833e-05,1.0208329e-05,1.0474992e-05
11,53,325.0,0.53,7.154163e-06,1.958331e-06,1.1712496e-05,1.2016662e-05,1.1074996e-05,3.183325e-06,7.737493e-06,1.1958329e-05,9.962495e-06,1.0416658e-05,1.04165e-07,7.645829e-06,1.0720825e-05,1.0016664e-05,9.866659e-06,1.0116664e-05
11,54,325.143,0.54,6.758332e-06,1.933328e-06,1.1429159e-05,1.1645826e-05,1.0774994e-05,3.14583e-06,7.412497e-06,1.1662499e-05,9.541663e-06,1.015416e-05,7.4999e-08,7.324998e-06,1.0358325e-05,9.645828e-06,9.562493e-06,9.754165e-06
11,55,325.286,0.55,6.45833e-06,1.904162e-06,1.1054166e-05,1.135416e-05,1.0516659e-05,3.154159e-06,7.079164e-06,1.1345832e-05,9.070825e-06,9.745829e-06,1.66663e-07,7.00833e-06,1.0029165e-05,9.312495e-06,9.116666e-06,9.408331e-06
11,56,325.43,0.56,6.104159e-06,1.891661e-06,1.0720825e-05,1.0954165e-05,1.0145831e-05,3.05833e-06,6.712492e-06,1.1016663e-05,8.691661e-06,9.512496e-06,1.70827e-07,6.724993e-06,9.662493e-06,8.958332e-06,8.683332e-06,8.970833e-06
11,57,325.573,0.57,5.816658e-06,1.841664e-06,1.0404166e-05,1.0720825e-05,9.85833e-06,3.07916e-06,6.487497e-06,1.0737499e-05,8.337498e-06,9.179163e-06,4.5832e-08,6.499998e-06,9.283328e-06,8.579159e-06,8.379166e-06,8.574994e-06
11,58,325.716,0.58,5.566661e-06,1.795832e-06,1.0099999e-05,1.0366663e-05,9.491666e-06,3.012498e-06,6.124997e-06,1.0383328e-05,7.929166e-06,8.904163e-06,8.7492e-08,6.166665e-06,8.879161e-06,8.19583e-06,8.016666e-06,8.216659e-06
11,59,325.859,0.59,5.362495e-06,1.783331e-06,9.745829e-06,9.999999e-06,9.137495e-06,3.029164e-06,5.895829e-06,1.0074997e-05,7.566658e-06,8.641664e-06,9.1664e-08,5.974992e-06,8.508333e-06,7.870825e-06,7.683333e-06,7.83333e-06
11,60,326.002,0.6,5.158329e-06,1.85833e-06,9.479165e-06,9.679158e-06,8.833329e-06,2.983332e-06,5.599999e-06,9.691659e-06,7.212496e-06,8.383329e-06,9.5828e-08,5.695828e-06,8.087492e-06,7.520827e-06,7.329162e-06,7.454165e-06
11,61,326.145,0.61,5.041663e-06,1.774995e-06,9.070825e-06,9.316659e-06,8.512497e-06,2.929163e-06,5.462496e-06,9.387493e-06,6.829158e-06,8.074999e-06,1.24995e-07,5.516664e-06,7.799999e-06,7.11666e-06,6.916666e-06,7.154163e-06
11,62,326.288,0.62,4.941662e-06,1.733327e-06,8.691661e-06,8.970833e-06,8.149997e-06,2.920826e-06,5.208326e-06,8.991663e-06,6.474996e-06,7.774996e-06,1.16658e-07,5.366659e-06,7.324998e-06,6.866662e-06,6.595826e-06,6.770825e-06
11,63,326.431,0.63,4.908331e-06,1.724998e-06,8.304159e-06,8.59166e-06,7.787497e-06,2.866665e-06,5.17083e-06,8.587495e-06,6.154164e-06,7.554166e-06,1.29159e-07,5.295825e-06,6.937496e-06,6.562495e-06,6.229162e-06,6.383332e-06
11,64,326.574,0.64,4.91666e-06,1.774995e-06,8.045832e-06,8.212495e-06,7.374994e-06,2.824998e-06,5.024997e-06,8.224996e-06,5.84166e-06,7.233326e-06,9.9993e-08,5.254165e-06,6.579161e-06,6.120833e-06,6.033325e-06,6.066664e-06
11,65,326.717,0.65,4.962492e-06,1.762493e-06,7.604162e-06,7.912493e-06,7.041661e-06,2.820826e-06,5.066665e-06,7.949996e-06,5.604164e-06,6.983328e-06,1.08329e-07,5.212498e-06,6.262493e-06,5.862498e-06,5.729159e-06,5.783327e-06
11,66,326.86,0.66,5.062493e-06,1.783331e-06,7.258328e-06,7.420826e-06,6.679161e-06,2.71666e-06,5.095832e-06,7.549993e-06,5.349994e-06,6.770825e-06,1.37496e-07,5.291661e-06,5.983329e-06,5.595827e-06,5.424992e-06,5.520828e-06
11,67,327.003,0.67,5.199997e-06,1.812498e-06,6.912494e-06,7.166664e-06,6.320826e-06,2.679165e-06,5.133327e-06,7.245827e-06,5.19166e-06,6.541665e-06,1.24995e-07,5.341665e-06,5.716666e-06,5.399998e-06,5.287496e-06,5.287496e-06
11,68,327.146,0.68,5.391661e-06,1.841664e-06,6.541665e-06,6.729166e-06,6.024996e-06,2.679165e-06,5.237492e-06,6.949997e-06,5.045827e-06,6.358329e-06,1.49997e-07,5.504163e-06,5.495826e-06,5.233328e-06,5.129163e-06,5.116661e-06
11,69,327.289,0.69,5.549995e-06,1.87916e-06,6.262493e-06,6.449994e-06,5.679162e-06,2.599994e-06,5.437493e-06,6.674997e-06,4.979165e-06,6.241663e-06,1.04165e-07,5.608328e-06,5.291661e-06,5.116661e-06,5.091659e-06,5.062493e-06
11,70,327.432,0.7,5.795829e-06,1.904162e-06,5.949998e-06,6.166665e-06,5.37916e-06,2.533332e-06,5.541659e-06,6.370831e-06,5.020825e-06,6.133326e-06,1.33332e-07,5.870827e-06,5.17083e-06,5.058328e-06,5.112497e-06,4.995831e-06
11,71,327.575,0.71,6.037497e-06,1.945829e-06,5.72083e-06,5.891665e-06,5.154165e-06,2.474992e-06,5.799993e-06,6.229162e-06,5.095832e-06,6.033325e-06,1.04165e-07,6.09583e-06,5.116661e-06,5.045827e-06,5.162493e-06,5.016661e-06
11,72,327.718,0.72,6.337492e-06,1.995826e-06,5.491662e-06,5.695828e-06,4.991658e-06,2.437496e-06,6.054163e-06,6.087494e-06,5.162493e-06,5.958327e-06,1.66663e-07,6.245828e-06,5.058328e-06,5.10416e-06,5.262494e-06,5.145828e-06
11,73,327.861,0.73,6.63333e-06,1.97916e-06,5.320827e-06,5.491662e-06,4.845826e-06,2.445825e-06,6.237499e-06,5.949998e-06,5.370831e-06,5.891665e-06,1.20831e-07,6.620828e-06,5.158329e-06,5.204161e-06,5.424992e-06,5.295825e-06
11,74,328.004,0.74,6.908329e-06,2.079161e-06,5.245829e-06,5.420828e-06,4.774992e-06,2.412494e-06,6.512499e-06,5.954162e-06,5.537494e-06,5.916659e-06,1.08329e-07,6.824994e-06,5.224999e-06,5.341665e-06,5.629166e-06,5.474997e-06
11,75,328.147,0.75,7.245827e-06,2.087498e-06,5.19166e-06,5.354166e-06,4.791665e-06,2.391664e-06,6.712492e-06,6.004159e-06,5.791664e-06,5.941661e-06,1.54161e-07,7.183329e-06,5.408327e-06,5.579162e-06,5.870827e-06,5.662497e-06
11,76,328.29,0.76,7.533328e-06,2.099999e-06,5.179159e-06,5.333328e-06,4.82916e-06,2.404165e-06,6.974999e-06,6.054163e-06,6.045826e-06,6.004159e-06,1.70827e-07,7.504161e-06,5.620829e-06,5.862498e-06,6.058327e-06,5.954162e-06
11,77,328.433,0.77,7.808328e-06,2.112492e-06,5.291661e-06,5.399998e-06,4.954163e-06,2.420831e-06,7.262492e-06,6.224998e-06,6.329163e-06,6.045826e-06,1.12494e-07,7.737493e-06,5.833332e-06,6.099995e-06,6.383332e-06,6.241663e-06
11,78,328.576,0.78,8.070827e-06,2.183326e-06,5.437493e-06,5.549995e-06,5.124998e-06,2.449997e-06,7.541664e-06,6.39166e-06,6.645831e-06,6.116661e-06,1.37496e-07,8.037496e-06,6.079165e-06,6.433328e-06,6.645831e-06,6.587497e-06
11,79,328.719,0.79,8.31666e-06,2.170825e-06,5.549995e-06,5.616665e-06,5.291661e-06,2.470827e-06,7.762495e-06,6.587497e-06,6.895828e-06,6.162492e-06,1.83328e-07,8.291666e-06,6.39166e-06,6.716665e-06,6.845832e-06,6.874998e-06
11,80,328.862,0.8,8.612497e-06,2.191663e-06,5.724994e-06,5.849997e-06,5.55416e-06,2.491665e-06,8.04166e-06,6.779162e-06,7.28333e-06,6.258329e-06,2.04166e-07,8.645829e-06,6.620828e-06,6.987492e-06,7.120832e-06,7.224997e-06
11,81,329.006,0.81,8.854158e-06,2.179162e-06,5.941661e-06,6.004159e-06,5.758325e-06,2.524996e-06,8.304159e-06,6.962498e-06,7.566658e-06,6.345828e-06,1.74991e-07,8.849995e-06,6.92083e-06,7.366665e-06,7.30416e-06,7.454165e-06
11,82,329.149,0.82,9.062497e-06,2.229158e-06,6.112496e-06,6.229162e-06,6.070828e-06,2.570828e-06,8.562493e-06,7.11666e-06,7.883326e-06,6.529164e-06,1.29159e-07,9.279163e-06,7.220833e-06,7.649994e-06,7.599997e-06,7.845831e-06
11,83,329.292,0.83,9.316659e-06,2.23333e-06,6.329163e-06,6.483333e-06,6.374995e-06,2.604159e-06,8.754166e-06,7.324998e-06,8.245825e-06,6.687498e-06,1.62498e-07,9.441662e-06,7.499997e-06,7.949996e-06,7.799999e-06,8.124995e-06
11,84,329.435,0.84,9.60416e-06,2.220829e-06,6.487497e-06,6.616664e-06,6.591662e-06,2.612495e-06,8.979162e-06,7.508326e-06,8.558329e-06,6.82083e-06,1.58326e-07,9.591659e-06,7.849995e-06,8.254163e-06,8.004165e-06,8.541663e-06
11,85,329.578,0.85,9.766666e-06,2.308329e-06,6.75416e-06,6.849996e-06,6.949997e-06,2.624997e-06,9.254161e-06,7.662495e-06,8.837494e-06,6.983328e-06,1.66663e-07,9.908326e-06,8.10833e-06,8.57083e-06,8.216659e-06,8.854158e-06
11,86,329.721,0.86,9.974996e-06,2.262497e-06,6.999993e-06,7.024995e-06,7.133333e-06,2.670829e-06,9.462499e-06,7.858332e-06,9.137495e-06,7.112495e-06,1.83328e-07,1.0129165e-05,8.362492e-06,8.924992e-06,8.479166e-06,9.166662e-06
11,87,329.864,0.87,1.0187498e-05,2.295828e-06,7.1625e-06,7.187494e-06,7.487496e-06,2.695831e-06,9.745829e-06,8.029159e-06,9.404159e-06,7.291659e-06,1.91665e-07,1.0345832e-05,8.816663e-06,9.204166e-06,8.695833e-06,9.437497e-06
11,88,330.007,0.88,1.0462499e-05,2.299992e-06,7.245827e-06,7.379158e-06,7.76666e-06,2.762492e-06,9.999999e-06,8.233333e-06,9.699997e-06,7.441664e-06,1.91665e-07,1.0574992e-05,8.895826e-06,9.566665e-06,8.954159e-06,9.729163e-06
11,89,330.15,0.89,1.0612495e-05,2.316666e-06,7.474995e-06,7.687497e-06,8.045832e-06,2.741663e-06,1.0108328e-05,8.437499e-06,9.945829e-06,7.662495e-06,1.91665e-07,1.0812497e-05,9.204166e-06,9.708333e-06,9.074998e-06,1.0041666e-05
11,90,330.293,0.9,1.0833327e-05,2.345832e-06,7.574995e-06,7.774996e-06,8.283329e-06,2.754164e-06,1.0341661e-05,8.583331e-06,1.0270826e-05,7.762495e-06,1.87492e-07,1.1041665e-05,9.50416e-06,1.0024993e-05,9.420832e-06,1.0295828e-05
11,91,330.436,0.91,1.0991661e-05,2.345832e-06,7.858332e-06,7.945831e-06,8.499996e-06,2.795831e-06,1.0591666e-05,8.833329e-06,1.0508331e-05,7.979163e-06,2.24996e-07,1.1179161e-05,9.774994e-06,1.0295828e-05,9.479165e-06,1.0533333e-05
11,92,330.579,0.92,1.1220829e-05,2.374999e-06,8.008329e-06,8.049997e-06,8.84583e-06,2.841663e-06,1.0812497e-05,9.049996e-06,1.0762493e-05,8.149997e-06,1.95829e-07,1.1404165e-05,1.0004163e-05,1.0533333e-05,9.716662e-06,1.0966659e-05
11,93,330.722,0.93,1.1374998e-05,2.370826e-06,8.220832e-06,8.170828e-06,9.058333e-06,2.791659e-06,1.1062495e-05,9.22083e-06,1.0983332e-05,8.274992e-06,2.04166e-07,1.1583328e-05,1.0266662e-05,1.0841663e-05,9.908326e-06,1.1054166e-05
11,94,330.865,0.94,1.1491664e-05,2.437496e-06,8.454163e-06,8.329161e-06,9.429161e-06,2.89166e-06,1.1270833e-05,9.391665e-06,1.1249996e-05,8.495832e-06,1.83328e-07,1.1774993e-05,1.0574992e-05,1.1062495e-05,1.0124993e-05,1.1291663e-05
11,95,331.008,0.95,1.1779165e-05,2.462498e-06,8.67916e-06,8.529162e-06,9.449998e-06,2.833327e-06,1.1495828e-05,9.620825e-06,1.142083e-05,8.59166e-06,2.2916e-07,1.1945828e-05,1.0874995e-05,1.1283326e-05,1.0333331e-05,1.160833e-05
11,96,331.151,0.96,1.1920825e-05,2.470827e-06,8.895826e-06,8.683332e-06,9.695832e-06,2.87083e-06,1.1587493e-05,9.808326e-06,1.1679164e-05,8.833329e-06,2.24996e-07,1.2145829e-05,1.1070832e-05,1.1545833e-05,1.0612495e-05,1.1841663e-05
11,97,331.294,0.97,1.2120827e-05,2.458326e-06,9.224995e-06,8.854158e-06,9.941666e-06,2.866665e-06,1.1812496e-05,1.0049995e-05,1.1941664e-05,8.96666e-06,1.99993e-07,1.2212499e-05,1.1395828e-05,1.1774993e-05,1.0787495e-05,1.2133328e-05
11,98,331.437,0.98,1.2174995e-05,2.487493e-06,9.358327e-06,9.004164e-06,1.0149995e-05,2.895832e-06,1.2191661e-05,1.0183327e-05,1.2125e-05,9.149996e-06,2.16659e-07,1.2362496e-05,1.1587493e-05,1.2020826e-05,1.1004162e-05,1.2341667e-05
11,99,331.58,0.99,1.2370832e-05,2.454162e-06,9.591659e-06,9.116666e-06,1.0316666e-05,2.929163e-06,1.2220828e-05,1.0387492e-05,1.23125e-05,9.283328e-06,2.70828e-07,1.2491663e-05,1.1749999e-05,1.2212499e-05,1.1216664e-05,1.254166e-05
11,100,331.723,1.0,1.2533331e-05,2.474992e-06,9.85833e-06,9.341661e-06,1.0499994e-05,2.995825e-06,1.2383326e-05,1.0487493e-05,1.2587499e-05,9.483329e-06,2.41661e-07,1.2641661e-05,1.2095833e-05,1.2474998e-05,1.144166e-05,1.2779165e-05
11,101,331.866,0.99,1.23125e-05,2.395828e-06,9.716662e-06,9.162498e-06,1.024166e-05,2.929163e-06,1.2162494e-05,1.0370827e-05,1.2262495e-05,9.299994e-06,2.12495e-07,1.2337494e-05,1.1833326e-05,1.2087497e-05,1.1174997e-05,1.2470826e-05
11,102,332.009,0.98,1.2079159e-05,2.379163e-06,9.429161e-06,8.879161e-06,9.970832e-06,2.866665e-06,1.1899996e-05,1.0108328e-05,1.1816661e-05,9.174999e-06,1.74991e-07,1.2154166e-05,1.1433332e-05,1.1824997e-05,1.0937492e-05,1.2183333e-05
11,103,332.152,0.97,1.1879166e-05,2.345832e-06,9.24166e-06,8.691661e-06,9.608332e-06,2.816661e-06,1.1666663e-05,9.895825e-06,1.1487492e-05,9.012492e-06,9.9993e-08,1.1837498e-05,1.1041665e-05,1.1504166e-05,1.0658327e-05,1.1874994e-05
11,104,332.295,0.96,1.1495828e-05,2.316666e-06,8.86666e-06,8.408332e-06,9.349998e-06,2.78333e-06,1.1362497e-05,9.595831e-06,1.1179161e-05,8.687496e-06,1.29159e-07,1.1562498e-05,1.0679166e-05,1.106666e-05,1.0395829e-05,1.1412493e-05
11,105,332.438,0.95,1.1341659e-05,2.23333e-06,8.620827e-06,8.166663e-06,8.958332e-06,2.71666e-06,1.1083333e-05,9.312495e-06,1.0820826e-05,8.412496e-06,5.4161e-08,1.1279162e-05,1.0312494e-05,1.0745827e-05,1.0137494e-05,1.1104163e-05
11,106,332.582,0.94,1.0899997e-05,2.220829e-06,8.299994e-06,7.895827e-06,8.662494e-06,2.599994e-06,1.0758328e-05,9.02083e-06,1.040833e-05,8.212495e-06,5.8325e-08,1.0970831e-05,9.862494e-06,1.040833e-05,9.820827e-06,1.0741663e-05
11,107,332.725,0.93,1.075e-05,2.224994e-06,7.974998e-06,7.574995e-06,8.262499e-06,2.633325e-06,1.0508331e-05,8.737493e-06,1.0112492e-05,7.93333e-06,1.24995e-07,1.075e-05,9.545827e-06,1.0024993e-05,9.470828e-06,1.0399994e-05
11,108,332.868,0.92,1.0245832e-05,2.15416e-06,7.616663e-06,7.329162e-06,7.945831e-06,2.579164e-06,1.0187498e-05,8.479166e-06,9.779159e-06,7.695826e-06,5.8325e-08,1.0362498e-05,9.124994e-06,9.641663e-06,9.237496e-06,9.995826e-06
11,109,333.011,0.91,1.0062496e-05,2.137494e-06,7.299996e-06,7.016659e-06,7.604162e-06,2.520831e-06,9.87916e-06,8.104165e-06,9.374992e-06,7.454165e-06,3.7495e-08,1.00125e-05,8.795826e-06,9.262498e-06,8.891662e-06,9.595831e-06
11,110,333.154,0.9,9.754165e-06,2.095826e-06,6.958326e-06,6.749995e-06,7.141662e-06,2.479164e-06,9.562493e-06,7.924994e-06,9.024993e-06,7.204159e-06,1.6665e-08,9.704161e-06,8.383329e-06,8.899999e-06,8.549992e-06,9.254161e-06
11,111,333.297,0.89,9.349998e-06,2.049994e-06,6.549994e-06,6.404161e-06,6.766661e-06,2.424995e-06,9.216667e-06,7.554166e-06,8.662494e-06,6.924995e-06,-8e-12,9.39583e-06,7.916665e-06,8.437499e-06,8.266664e-06,8.837494e-06
11,112,333.44,0.88,8.999999e-06,2.024992e-06,6.20416e-06,6.058327e-06,6.441664e-06,2.391664e-06,8.86666e-06,7.241662e-06,8.279165e-06,6.629165e-06,8.329e-09,9.066661e-06,7.512498e-06,8.062498e-06,7.94166e-06,8.470829e-06
11,113,333.583,0.87,8.695833e-06,2.06666e-06,5.854161e-06,5.787492e-06,6.024996e-06,2.324995e-06,8.48333e-06,6.933331e-06,7.862496e-06,6.337492e-06,-8.337e-09,8.720827e-06,7.124996e-06,7.629164e-06,7.55833e-06,8.02083e-06
11,114,333.726,0.86,8.299994e-06,1.999998e-06,5.491662e-06,5.55416e-06,5.683327e-06,2.224994e-06,8.070827e-06,6.629165e-06,7.437499e-06,6.108331e-06,-1.6673e-08,8.362492e-06,6.774998e-06,7.183329e-06,7.204159e-06,7.55833e-06
11,115,333.869,0.85,7.93333e-06,1.924992e-06,5.216662e-06,5.187495e-06,5.329164e-06,2.187498e-06,7.76666e-06,6.287495e-06,7.108331e-06,5.837496e-06,-2.0838e-08,8.04166e-06,6.412498e-06,6.854161e-06,6.862497e-06,7.170828e-06
11,116,334.012,0.84,7.624992e-06,1.899997e-06,4.929161e-06,4.924997e-06,5.041663e-06,2.162496e-06,7.345827e-06,5.966663e-06,6.704164e-06,5.608328e-06,-5.4169e-08,7.633328e-06,6.024996e-06,6.462495e-06,6.491661e-06,6.737494e-06
11,117,334.155,0.83,7.274993e-06,1.883332e-06,4.737497e-06,4.82916e-06,4.72916e-06,2.099999e-06,6.929159e-06,5.799993e-06,6.266665e-06,5.366659e-06,-5.4169e-08,7.266664e-06,5.691663e-06,6.112496e-06,6.187495e-06,6.358329e-06
11,118,334.298,0.82,6.812493e-06,1.824999e-06,4.520829e-06,4.599992e-06,4.504164e-06,2.074997e-06,6.54583e-06,5.499999e-06,5.874999e-06,5.137499e-06,-6.667e-08,6.849996e-06,5.374996e-06,5.687499e-06,5.837496e-06,5.987493e-06
11,119,334.441,0.81,6.524992e-06,1.783331e-06,4.412492e-06,4.529158e-06,4.399999e-06,2.054159e-06,6.199996e-06,5.324991e-06,5.595827e-06,5.033326e-06,-7.9171e-08,6.466659e-06,5.141664e-06,5.395826e-06,5.562496e-06,5.616665e-06
11,120,334.584,0.8,6.199996e-06,1.729163e-06,4.399999e-06,4.520829e-06,4.333329e-06,1.987497e-06,5.833332e-06,5.262494e-06,5.316663e-06,4.924997e-06,-7.5006e-08,6.174993e-06,4.962492e-06,5.116661e-06,5.27916e-06,5.320827e-06
11,121,334.727,0.79,5.737495e-06,1.695832e-06,4.45416e-06,4.637496e-06,4.36666e-06,2.041666e-06,5.512492e-06,5.158329e-06,5.016661e-06,4.754162e-06,-5.8341e-08,5.74166e-06,4.808331e-06,4.879165e-06,5.049992e-06,5.079166e-06
11,122,334.87,0.78,5.387497e-06,1.633326e-06,4.524994e-06,4.745825e-06,4.441659e-06,2.049994e-06,5.149992e-06,5.19166e-06,4.804158e-06,4.758326e-06,-8.3335e-08,5.458331e-06,4.766663e-06,4.733332e-06,4.816659e-06,4.91666e-06
11,123,335.013,0.77,5.124998e-06,1.599995e-06,4.670826e-06,4.929161e-06,4.633331e-06,2.099999e-06,4.891666e-06,5.337492e-06,4.64166e-06,4.754162e-06,-6.667e-08,5.137499e-06,4.745825e-06,4.587499e-06,4.691664e-06,4.783328e-06
11,124,335.156,0.76,4.820832e-06,1.566664e-06,4.891666e-06,5.162493e-06,4.874993e-06,2.149995e-06,4.720831e-06,5.487498e-06,4.504164e-06,4.762499e-06,-6.667e-08,4.937498e-06,4.804158e-06,4.537495e-06,4.579163e-06,4.72916e-06
11,125,335.299,0.75,4.670826e-06,1.558328e-06,5.166666e-06,5.483325e-06,5.162493e-06,2.183326e-06,4.583327e-06,5.670825e-06,4.566662e-06,4.858327e-06,-8.7508e-08,4.770827e-06,4.89583e-06,4.574998e-06,4.649997e-06,4.695829e-06
11,126,335.442,0.74,4.487499e-06,1.533326e-06,5.508327e-06,5.820831e-06,5.462496e-06,2.245831e-06,4.537495e-06,5.949998e-06,4.504164e-06,4.999995e-06,-9.5836e-08,4.687492e-06,5.079166e-06,4.699993e-06,4.64166e-06,4.774992e-06
11,127,335.585,0.73,4.370832e-06,1.504159e-06,5.799993e-06,6.195831e-06,5.729159e-06,2.295828e-06,4.545832e-06,6.191659e-06,4.595828e-06,5.154165e-06,-1.25003e-07,4.70833e-06,5.333328e-06,4.808331e-06,4.720831e-06,4.91666e-06
11,128,335.728,0.72,4.43333e-06,1.454163e-06,6.104159e-06,6.466659e-06,6.083329e-06,2.329159e-06,4.637496e-06,6.56666e-06,4.745825e-06,5.299997e-06,-1.29175e-07,4.691664e-06,5.637495e-06,5.054164e-06,4.920832e-06,5.124998e-06
11,129,335.871,0.71,4.483326e-06,1.462491e-06,6.45833e-06,6.858325e-06,6.449994e-06,2.387492e-06,4.791665e-06,6.924995e-06,4.966664e-06,5.499999e-06,-8.3335e-08,4.862499e-06,5.854161e-06,5.245829e-06,5.062493e-06,5.324991e-06
11,130,336.015,0.7,4.712494e-06,1.479165e-06,6.762496e-06,7.212496e-06,6.82083e-06,2.416658e-06,4.974993e-06,7.279165e-06,5.195832e-06,5.729159e-06,-6.667e-08,4.958328e-06,6.18333e-06,5.516664e-06,5.295825e-06,5.558332e-06
11,131,336.158,0.69,4.749998e-06,1.49583e-06,7.137497e-06,7.587496e-06,7.120832e-06,2.449997e-06,5.19166e-06,7.612498e-06,5.495826e-06,5.991666e-06,-1.37504e-07,5.204161e-06,6.54583e-06,5.829159e-06,5.53333e-06,5.887493e-06
11,132,336.301,0.68,4.954163e-06,1.49583e-06,7.479159e-06,7.949996e-06,7.483332e-06,2.520831e-06,5.429165e-06,7.954161e-06,5.74166e-06,6.241663e-06,-1.3334e-07,5.437493e-06,6.8875e-06,6.087494e-06,5.866663e-06,6.233327e-06
11,133,336.444,0.67,5.233328e-06,1.512496e-06,7.83333e-06,8.266664e-06,7.791662e-06,2.587493e-06,5.795829e-06,8.299994e-06,6.129162e-06,6.533329e-06,-1.25003e-07,5.712493e-06,7.258328e-06,6.445829e-06,6.191659e-06,6.533329e-06
11,134,336.587,0.66,5.612493e-06,1.533326e-06,8.174999e-06,8.654165e-06,8.087492e-06,2.604159e-06,6.099995e-06,8.654165e-06,6.429163e-06,6.804164e-06,-1.29175e-07,6.041662e-06,7.595825e-06,6.770825e-06,6.47916e-06,6.8875e-06
11,135,336.73,0.65,5.924996e-06,1.570829e-06,8.491659e-06,9.012492e-06,8.479166e-06,2.658328e-06,6.470831e-06,8.958332e-06,6.82083e-06,7.095829e-06,-1.37504e-07,6.395833e-06,7.912493e-06,7.129161e-06,6.854161e-06,7.270829e-06
11,136,336.873,0.64,6.154164e-06,1.587494e-06,8.84583e-06,9.345826e-06,8.770831e-06,2.662492e-06,6.749995e-06,9.341661e-06,7.154163e-06,7.333326e-06,-1.20838e-07,6.737494e-06,8.29583e-06,7.408333e-06,7.108331e-06,7.604162e-06
11,137,337.016,0.63,6.516663e-06,1.641663e-06,9.095827e-06,9.816663e-06,9.079162e-06,2.670829e-06,7.041661e-06,9.570829e-06,7.466666e-06,7.645829e-06,-1.3334e-07,7.066663e-06,8.637492e-06,7.795827e-06,7.504161e-06,7.93333e-06
11,138,337.159,0.62,6.858325e-06,1.674994e-06,9.433325e-06,1.0029165e-05,9.362499e-06,2.745827e-06,7.437499e-06,9.920827e-06,7.849995e-06,7.958332e-06,-1.20838e-07,7.445828e-06,9.016665e-06,8.083328e-06,7.895827e-06,8.349999e-06
11,139,337.302,0.61,7.220833e-06,1.670829e-06,9.720826e-06,1.0299993e-05,9.716662e-06,2.724997e-06,7.708327e-06,1.0179162e-05,8.158326e-06,8.220832e-06,-1.20838e-07,7.758331e-06,9.387493e-06,8.374993e-06,8.170828e-06,8.583331e-06
11,140,337.445,0.6,7.554166e-06,1.724998e-06,1.0020828e-05,1.0712496e-05,1.0037494e-05,2.795831e-06,8.116658e-06,1.0562499e-05,8.558329e-06,8.462493e-06,-1.41668e-07,8.104165e-06,9.691659e-06,8.699997e-06,8.399995e-06,8.945831e-06
11,141,337.588,0.59,7.924994e-06,1.774995e-06,1.0391665e-05,1.0929163e-05,1.0224994e-05,2.787495e-06,8.424998e-06,1.0791659e-05,8.93333e-06,8.720827e-06,-1.6667e-07,8.404159e-06,1.0008327e-05,9.083326e-06,8.741665e-06,9.245833e-06
11,142,337.731,0.58,8.304159e-06,1.795832e-06,1.0658327e-05,1.1141666e-05,1.0466663e-05,2.862493e-06,8.712498e-06,1.1099998e-05,9.224995e-06,9.041659e-06,-1.50005e-07,8.749994e-06,1.0304165e-05,9.379164e-06,9.058333e-06,9.541663e-06
11,143,337.874,0.57,8.67916e-06,1.804161e-06,1.0954165e-05,1.1408329e-05,1.0816661e-05,2.895832e-06,9.058333e-06,1.1341659e-05,9.58333e-06,9.299994e-06,-1.50005e-07,9.083326e-06,1.0620833e-05,9.7375e-06,9.349998e-06,9.845829e-06
11,144,338.017,0.56,8.862496e-06,1.833328e-06,1.1195826e-05,1.1724997e-05,1.1008327e-05,2.849992e-06,9.462499e-06,1.1683329e-05,9.874995e-06,9.479165e-06,-1.29175e-07,9.404159e-06,1.0933328e-05,9.987497e-06,9.679158e-06,1.0212493e-05
11,145,338.16,0.55,9.366663e-06,1.824999e-06,1.1516667e-05,1.2054165e-05,1.1333331e-05,2.87083e-06,9.741664e-06,1.1929163e-05,1.0183327e-05,9.766666e-06,-1.50005e-07,9.67083e-06,1.1220829e-05,1.0316666e-05,1.0033329e-05,1.0570828e-05
11,146,338.303,0.54,9.491666e-06,1.866659e-06,1.1812496e-05,1.2237493e-05,1.1591665e-05,2.879159e-06,9.920827e-06,1.2208327e-05,1.0537497e-05,9.991661e-06,-1.37504e-07,9.995826e-06,1.1487492e-05,1.0624997e-05,1.0270826e-05,1.0854164e-05
11,147,338.446,0.53,9.854166e-06,1.895825e-06,1.2099998e-05,1.252083e-05,1.1841663e-05,2.962494e-06,1.0208329e-05,1.2424994e-05,1.089166e-05,1.0258333e-05,-1.45841e-07,1.0295828e-05,1.1816661e-05,1.0941664e-05,1.0549998e-05,1.1112499e-05
11,148,338.589,0.52,1.0095827e-05,1.920827e-06,1.2304163e-05,1.2749998e-05,1.2120827e-05,2.933327e-06,1.049583e-05,1.2741662e-05,1.1099998e-05,1.0554163e-05,-1.37504e-07,1.0549998e-05,1.2054165e-05,1.1179161e-05,1.0845828e-05,1.1429159e-05
11,149,338.732,0.51,1.0483329e-05,1.962495e-06,1.254166e-05,1.3041663e-05,1.2333329e-05,2.945828e-06,1.0791659e-05,1.28625e-05,1.1479163e-05,1.0774994e-05,-1.45841e-07,1.087083e-05,1.2349995e-05,1.1416666e-05,1.1054166e-05,1.1691665e-05
11,150,338.875,0.5,1.0766666e-05,1.949994e-06,1.2770827e-05,1.3154165e-05,1.2512493e-05,2.979159e-06,1.1087497e-05,1.317083e-05,1.1762492e-05,1.0974995e-05,-1.87508e-07,1.1170832e-05,1.2641661e-05,1.1749999e-05,1.144166e-05,1.2008325e-05
11,151,339.018,0.49,1.1012498e-05,1.958331e-06,1.2987494e-05,1.3529166e-05,1.2745825e-05,2.974995e-06,1.1362497e-05,1.3358331e-05,1.1933326e-05,1.1304164e-05,-1.3334e-07,1.1429159e-05,1.2899995e-05,1.1983331e-05,1.1545833e-05,1.2258331e-05
11,152,339.161,0.48,1.1162496e-05,1.933328e-06,1.3199997e-05,1.3637495e-05,1.2962492e-05,3.012498e-06,1.1533331e-05,1.355416e-05,1.2283325e-05,1.1358333e-05,-1.16674e-07,1.1645826e-05,1.3049992e-05,1.2204162e-05,1.1816661e-05,1.2516665e-05
11,153,339.304,0.47,1.1612495e-05,1.983333e-06,1.3495826e-05,1.3941662e-05,1.3174995e-05,3.024999e-06,1.1816661e-05,1.3762497e-05,1.2387498e-05,1.1774993e-05,-1.75007e-07,1.1912497e-05,1.3349994e-05,1.2504164e-05,1.2079159e-05,1.272916e-05
11,154,339.448,0.46,1.1824997e-05,2.020828e-06,1.3708329e-05,1.4024997e-05,1.3424992e-05,3.05833e-06,1.2062494e-05,1.4008331e-05,1.2666663e-05,1.1858328e-05,-1.37504e-07,1.2083332e-05,1.3529166e-05,1.2712495e-05,1.2374997e-05,1.2974993e-05
11,155,339.591,0.45,1.2079159e-05,1.999998e-06,1.399583e-05,1.4308325e-05,1.3612493e-05,3.024999e-06,1.2320828e-05,1.4216662e-05,1.2929161e-05,1.1958329e-05,-5.0004e-08,1.2316664e-05,1.3716666e-05,1.2941662e-05,1.2637496e-05,1.3241664e-05
11,156,339.734,0.44,1.2158331e-05,2.024992e-06,1.4174994e-05,1.4549994e-05,1.391666e-05,3.104162e-06,1.2474998e-05,1.4374995e-05,1.3154165e-05,1.2191661e-05,-2.04174e-07,1.2529159e-05,1.3962499e-05,1.3254165e-05,1.282916e-05,1.3479162e-05
11,157,339.877,0.43,1.2491663e-05,2.037493e-06,1.4349993e-05,1.4712493e-05,1.4020832e-05,3.120828e-06,1.2737497e-05,1.4595827e-05,1.3370832e-05,1.2399999e-05,-2.04174e-07,1.2720831e-05,1.4316663e-05,1.3462496e-05,1.3045827e-05,1.3612493e-05
11,158,340.02,0.42,1.2574998e-05,2.070832e-06,1.4591662e-05,1.4937496e-05,1.415e-05,3.120828e-06,1.3016661e-05,1.473333e-05,1.3608328e-05,1.2549996e-05,-1.75007e-07,1.2895831e-05,1.4374995e-05,1.3637495e-05,1.3208326e-05,1.3812494e-05
11,159,340.163,0.41,1.2833333e-05,2.016664e-06,1.4866662e-05,1.5083328e-05,1.4329164e-05,3.07916e-06,1.3145828e-05,1.4933332e-05,1.3816659e-05,1.2649997e-05,-1.54169e-07,1.3074994e-05,1.4520828e-05,1.3937497e-05,1.3391662e-05,1.4108332e-05
11,160,340.306,0.4,1.3066665e-05,2.020828e-06,1.4949997e-05,1.5320826e-05,1.4524992e-05,3.154159e-06,1.3354166e-05,1.5079165e-05,1.4058328e-05,1.2883329e-05,-1.6667e-07,1.3316663e-05,1.4674997e-05,1.4183331e-05,1.3641659e-05,1.4308325e-05
11,161,340.449,0.39,1.327916e-05,1.999998e-06,1.5312497e-05,1.5504162e-05,1.4708328e-05,3.154159e-06,1.3566661e-05,1.5308333e-05,1.4245828e-05,1.3079167e-05,-1.70835e-07,1.3508327e-05,1.4829159e-05,1.4449994e-05,1.382916e-05,1.454583e-05
11,162,340.592,0.38,1.3479162e-05,2.033329e-06,1.5258328e-05,1.5683334e-05,1.4895829e-05,3.174996e-06,1.374166e-05,1.5429163e-05,1.4449994e-05,1.3241664e-05,-1.70835e-07,1.3699992e-05,1.5074992e-05,1.4454166e-05,1.4079165e-05,1.4645831e-05
11,163,340.735,0.37,1.3637495e-05,2.033329e-06,1.5454165e-05,1.5816664e-05,1.4945833e-05,3.162495e-06,1.3979165e-05,1.5624992e-05,1.4624993e-05,1.3404163e-05,-1.70835e-07,1.3929161e-05,1.5287495e-05,1.4662496e-05,1.4362494e-05,1.4904165e-05
11,164,340.878,0.36,1.3891665e-05,2.095826e-06,1.559166e-05,1.5862497e-05,1.5362493e-05,3.216664e-06,1.4199996e-05,1.5708327e-05,1.4779162e-05,1.3583326e-05,-1.41668e-07,1.4079165e-05,1.5437499e-05,1.4812494e-05,1.456666e-05,1.5124997e-05
11,165,341.021,0.35,1.420416e-05,2.070832e-06,1.5808328e-05,1.6104166e-05,1.5508325e-05,3.195826e-06,1.4329164e-05,1.5891663e-05,1.4987492e-05,1.3749996e-05,-1.95837e-07,1.4279159e-05,1.5633328e-05,1.5049998e-05,1.4645831e-05,1.5229161e-05
11,166,341.164,0.34,1.4324999e-05,2.083325e-06,1.5970827e-05,1.6191665e-05,1.5495832e-05,3.26666e-06,1.4495826e-05,1.6083328e-05,1.51625e-05,1.3912495e-05,-1.6667e-07,1.4449994e-05,1.5762496e-05,1.5266665e-05,1.4712493e-05,1.5329162e-05
11,167,341.307,0.33,1.4591662e-05,2.091662e-06,1.6112495e-05,1.6429161e-05,1.5674996e-05,3.26666e-06,1.4745831e-05,1.6245825e-05,1.5437499e-05,1.4074993e-05,-1.62506e-07,1.4620829e-05,1.5945832e-05,1.5374993e-05,1.4949997e-05,1.5583333e-05
11,168,341.45,0.32,1.4762497e-05,2.120829e-06,1.6287493e-05,1.6562493e-05,1.5799998e-05,3.174996e-06,1.4808329e-05,1.639583e-05,1.5570831e-05,1.4241664e-05,-1.50005e-07,1.4745831e-05,1.6129159e-05,1.5558329e-05,1.5129161e-05,1.5720829e-05
11,169,341.593,0.31,1.4787499e-05,2.166661e-06,1.6404159e-05,1.6704162e-05,1.593333e-05,3.245831e-06,1.5054163e-05,1.6529162e-05,1.5758331e-05,1.4304161e-05,-1.41668e-07,1.4870827e-05,1.6337499e-05,1.5733329e-05,1.5316662e-05,1.593333e-05
11,170,341.736,0.3,1.4883328e-05,2.112492e-06,1.6620827e-05,1.6829164e-05,1.6058326e-05,3.233329e-06,1.530416e-05,1.6699998e-05,1.5837495e-05,1.4520828e-05,-1.41668e-07,1.5074992e-05,1.6470829e-05,1.593333e-05,1.5437499e-05,1.6133332e-05
11,171,341.879,0.29,1.499583e-05,2.137494e-06,1.6766659e-05,1.702083e-05,1.6233333e-05,3.249995e-06,1.5283331e-05,1.6791662e-05,1.6091664e-05,1.4679162e-05,-1.79172e-07,1.5274994e-05,1.6629163e-05,1.6074999e-05,1.5629164e-05,1.6274993e-05
11,172,342.022,0.28,1.5233326e-05,2.104163e-06,1.6866659e-05,1.7158325e-05,1.6366665e-05,3.287498e-06,1.5520827e-05,1.7158325e-05,1.6304159e-05,1.482083e-05,-2.00001e-07,1.5366666e-05,1.6787497e-05,1.6295831e-05,1.5791662e-05,1.6441663e-05
11,173,342.165,0.27,1.5495832e-05,2.058331e-06,1.7016666e-05,1.7287493e-05,1.6512497e-05,3.304164e-06,1.5629164e-05,1.7033331e-05,1.6408332e-05,1.4987492e-05,-1.54169e-07,1.5587497e-05,1.6895827e-05,1.6404159e-05,1.5962498e-05,1.6591661e-05
11,174,342.308,0.26,1.5499998e-05,2.15416e-06,1.7224995e-05,1.74625e-05,1.6645829e-05,3.304164e-06,1.5791662e-05,1.7212495e-05,1.6699998e-05,1.5091666e-05,-1.41668e-07,1.5641666e-05,1.7037495e-05,1.6512497e-05,1.6074999e-05,1.6762495e-05
11,175,342.451,0.25,1.5724992e-05,2.145831e-06,1.7362499e-05,1.7579167e-05,1.6787497e-05,3.324993e-06,1.5916665e-05,1.7304166e-05,1.683333e-05,1.5337499e-05,-1.37504e-07,1.5837495e-05,1.7266662e-05,1.6741666e-05,1.6233333e-05,1.6933331e-05
11,176,342.594,0.24,1.5862497e-05,2.129165e-06,1.7379165e-05,1.7683331e-05,1.6858332e-05,3.324993e-06,1.6074999e-05,1.7479166e-05,1.6874998e-05,1.5420826e-05,-1.08337e-07,1.5974998e-05,1.7345827e-05,1.6824992e-05,1.6441663e-05,1.7108328e-05
11,177,342.737,0.23,1.609583e-05,2.174997e-06,1.7558328e-05,1.786666e-05,1.7095828e-05,3.383326e-06,1.6224996e-05,1.7574994e-05,1.7008328e-05,1.5449992e-05,-1.08337e-07,1.610833e-05,1.74625e-05,1.712083e-05,1.6479167e-05,1.724166e-05
11,178,342.88,0.22,1.6179165e-05,2.162496e-06,1.7712498e-05,1.8029164e-05,1.7170827e-05,3.387499e-06,1.6362492e-05,1.77375e-05,1.712083e-05,1.5587497e-05,-1.00009e-07,1.6329161e-05,1.7574994e-05,1.7195829e-05,1.667916e-05,1.7424996e-05
11,179,343.024,0.21,1.650416e-05,2.145831e-06,1.7891662e-05,1.8029164e-05,1.7304166e-05,3.320829e-06,1.6499996e-05,1.7904162e-05,1.7349998e-05,1.5733329e-05,-6.2505e-08,1.6416661e-05,1.7795834e-05,1.7379165e-05,1.6787497e-05,1.7587496e-05
11,180,343.167,0.2,1.6299995e-05,2.216665e-06,1.8062496e-05,1.8233332e-05,1.741666e-05,3.412493e-06,1.6624999e-05,1.8020828e-05,1.7524997e-05,1.5879163e-05,-2.04174e-07,1.6499996e-05,1.7954168e-05,1.7524997e-05,1.6949994e-05,1.7666665e-05
11,181,343.31,0.19,1.6470829e-05,2.195827e-06,1.8129165e-05,1.8424997e-05,1.7562492e-05,3.391663e-06,1.6791662e-05,1.8133331e-05,1.7641663e-05,1.6054162e-05,-1.58342e-07,1.6604161e-05,1.803333e-05,1.7695833e-05,1.7108328e-05,1.7887496e-05
11,182,343.453,0.18,1.6645829e-05,2.162496e-06,1.8216666e-05,1.8533334e-05,1.7695833e-05,3.416665e-06,1.6962496e-05,1.834166e-05,1.7766666e-05,1.6141661e-05,-1.6667e-07,1.6691662e-05,1.8170826e-05,1.7774995e-05,1.7320832e-05,1.7974997e-05
11,183,343.596,0.17,1.6995828e-05,2.191663e-06,1.8333332e-05,1.861666e-05,1.7883332e-05,3.358332e-06,1.7033331e-05,1.8412495e-05,1.7995826e-05,1.6279166e-05,-1.91673e-07,1.6920829e-05,1.8237495e-05,1.7945829e-05,1.741666e-05,1.815416e-05
11,184,343.739,0.16,1.6912492e-05,2.195827e-06,1.8512495e-05,1.8795832e-05,1.7958331e-05,3.429159e-06,1.7166662e-05,1.8520832e-05,1.8058332e-05,1.6445827e-05,-1.50005e-07,1.6970833e-05,1.8366663e-05,1.815416e-05,1.7537499e-05,1.8249997e-05
11,185,343.882,0.15,1.7054161e-05,2.15416e-06,1.8695831e-05,1.8929164e-05,1.8058332e-05,3.449996e-06,1.7329161e-05,1.8629162e-05,1.8237495e-05,1.6516662e-05,-1.41668e-07,1.713333e-05,1.8570829e-05,1.8245832e-05,1.769166e-05,1.8375e-05
11,186,344.025,0.14,1.714166e-05,2.166661e-06,1.8729163e-05,1.9008326e-05,1.8170826e-05,3.491664e-06,1.7424996e-05,1.8712497e-05,1.8408331e-05,1.667916e-05,-1.6667e-07,1.7208329e-05,1.8654164e-05,1.8466664e-05,1.7841665e-05,1.8512495e-05
11,187,344.168,0.13,1.7329161e-05,2.187498e-06,1.8874995e-05,1.9154159e-05,1.830833e-05,3.433331e-06,1.758333e-05,1.8854165e-05,1.8462499e-05,1.6829164e-05,-1.3334e-07,1.7379165e-05,1.8808332e-05,1.8458326e-05,1.787916e-05,1.8637498e-05
11,188,344.311,0.12,1.7474993e-05,2.141659e-06,1.8916662e-05,1.9333331e-05,1.8375e-05,3.487492e-06,1.769166e-05,1.895833e-05,1.8599994e-05,1.6945831e-05,-1.79172e-07,1.750416e-05,1.8933328e-05,1.8591667e-05,1.814166e-05,1.877083e-05
11,189,344.454,0.11,1.7612498e-05,2.174997e-06,1.9137493e-05,1.9312492e-05,1.8612496e-05,3.504165e-06,1.7841665e-05,1.9129166e-05,1.8737499e-05,1.7024993e-05,-1.87508e-07,1.7616661e-05,1.9054167e-05,1.8666664e-05,1.832083e-05,1.8841663e-05
11,190,344.597,0.1,1.7941666e-05,2.241659e-06,1.9229166e-05,1.9433332e-05,1.8645827e-05,3.524995e-06,1.7974997e-05,1.9199999e-05,1.8858329e-05,1.7137496e-05,-1.87508e-07,1.7733328e-05,1.9174997e-05,1.8887496e-05,1.8224995e-05,1.9145831e-05
11,191,344.74,0.09,1.7791661e-05,2.191663e-06,1.9366662e-05,1.9575e-05,1.8733326e-05,3.579164e-06,1.8087498e-05,1.9316665e-05,1.8970832e-05,1.7233331e-05,-1.62506e-07,1.785833e-05,1.9245832e-05,1.8941664e-05,1.8404166e-05,1.906666e-05
11,192,344.883,0.08,1.8174998e-05,2.195827e-06,1.942083e-05,1.9633333e-05,1.8820827e-05,3.479163e-06,1.8216666e-05,1.9449997e-05,1.9095825e-05,1.7445827e-05,-1.87508e-07,1.7995826e-05,1.9370826e-05,1.9116664e-05,1.8483328e-05,1.9241666e-05
11,193,345.026,0.07,1.8283328e-05,2.179162e-06,1.9545832e-05,1.9812496e-05,1.889166e-05,3.570827e-06,1.8254161e-05,1.9558327e-05,1.9204164e-05,1.7429162e-05,-1.91673e-07,1.8041666e-05,1.9474999e-05,1.9199999e-05,1.865e-05,1.9312492e-05
11,194,345.169,0.06,1.8366663e-05,2.245831e-06,1.9658328e-05,1.9883331e-05,1.9083333e-05,3.595829e-06,1.8387493e-05,1.9612495e-05,1.9320829e-05,1.76375e-05,-1.37504e-07,1.8204164e-05,1.9541661e-05,1.9320829e-05,1.8724997e-05,1.9366662e-05
11,195,345.312,0.05,1.8462499e-05,2.224994e-06,1.9733325e-05,1.9987496e-05,1.916666e-05,3.549997e-06,1.8487493e-05,1.9737497e-05,1.9487492e-05,1.770416e-05,-1.45841e-07,1.8324996e-05,1.968333e-05,1.9516667e-05,1.8841663e-05,1.9545832e-05
11,196,345.455,0.04,1.832916e-05,2.216665e-06,1.9899997e-05,2.0058329e-05,1.9270834e-05,3.54166e-06,1.861666e-05,1.9754163e-05,1.9633333e-05,1.7824999e-05,-1.45841e-07,1.8437497e-05,1.9824998e-05,1.952916e-05,1.8920828e-05,1.9575e-05
11,197,345.598,0.03,1.8658327e-05,2.191663e-06,1.9987496e-05,2.0224992e-05,1.9379162e-05,3.574999e-06,1.8708331e-05,1.9820833e-05,1.9654162e-05,1.7933329e-05,-1.79172e-07,1.8558327e-05,1.9912497e-05,1.9633333e-05,1.9058331e-05,1.9770829e-05
11,198,345.741,0.02,1.8620833e-05,2.23333e-06,2.0125e-05,2.0320829e-05,1.9441661e-05,3.574999e-06,1.8812498e-05,1.9937499e-05,1.9883331e-05,1.7958331e-05,-1.70835e-07,1.861666e-05,1.9937499e-05,1.9783331e-05,1.9216664e-05,1.9883331e-05
11,199,345.884,0.01,1.8762494e-05,2.274998e-06,2.0191661e-05,2.043333e-05,1.9566663e-05,3.595829e-06,1.8949993e-05,2.0045829e-05,1.9966667e-05,1.8195828e-05,-1.75007e-07,1.8720826e-05,2.0104162e-05,1.9858329e-05,1.923333e-05,1.9983332e-05
11,200,346.027,0.0,1.8833327e-05,2.216665e-06,2.0204163e-05,2.0529167e-05,1.9604166e-05,3.574999e-06,1.9054167e-05,2.0166659e-05,1.9924999e-05,1.8337496e-05,-1.37504e-07,1.8829163e-05,2.0162495e-05,1.9962494e-05,1.9312492e-05,2.0112499e-05
,,,,,,,,,,,,,,,,,,,,11,0.63,0.63,0.76,0.76,0.74,0.75,0.64,0.73,0.69,0.73,0.07,0.65,0.72,0.71,0.69,0.7,0.73,0.72,0.8,0.8,0.8,0.8,0.74,0.79,0.76,0.79,0.89,0.74,0.77,0.76,0.76,0.75
12,0,346.305,0.0,1.8995834e-05,2.25416e-06,2.0370833e-05,2.0549996e-05,1.9720832e-05,3.62916e-06,1.9099998e-05,2.0262496e-05,2.0020827e-05,1.8212493e-05,-1.45841e-07,1.8774994e-05,2.0183334e-05,2.0008325e-05,1.9379162e-05,2.0045829e-05
12,1,346.448,0.01,1.8808332e-05,2.312493e-06,2.0308327e-05,2.0549996e-05,1.9562498e-05,3.71666e-06,1.8999997e-05,2.0170832e-05,2.00375e-05,1.8270826e-05,-1.3334e-07,1.8720826e-05,2.0154166e-05,1.9858329e-05,1.9316665e-05,2.0112499e-05
12,2,346.591,0.02,1.878333e-05,2.312493e-06,2.0229165e-05,2.0437496e-05,1.9504165e-05,3.591665e-06,1.895833e-05,2.0141666e-05,1.9854164e-05,1.8204164e-05,-7.5006e-08,1.8562499e-05,2.0058329e-05,1.9862493e-05,1.9241666e-05,1.9887495e-05
12,3,346.734,0.03,1.8633325e-05,2.362498e-06,2.0154166e-05,2.0341666e-05,1.9429159e-05,3.599993e-06,1.8716661e-05,2.0045829e-05,1.9791667e-05,1.8074998e-05,-9.5836e-08,1.8433333e-05,1.9987496e-05,1.9729161e-05,1.9179161e-05,1.9824998e-05
12,4,346.877,0.04,1.8499994e-05,2.374999e-06,2.0070831e-05,2.0241665e-05,1.93875e-05,3.591665e-06,1.8591667e-05,1.9920826e-05,1.9699995e-05,1.804583e-05,-8.3335e-08,1.8291665e-05,1.9837498e-05,1.9637497e-05,1.9033328e-05,1.9774994e-05
12,5,347.02,0.05,1.8274999e-05,2.412494e-06,2.0012498e-05,2.0137493e-05,1.9333331e-05,3.645825e-06,1.842916e-05,1.9874993e-05,1.9604166e-05,1.7974997e-05,-4.584e-08,1.8187498e-05,1.9816662e-05,1.9491665e-05,1.8995834e-05,1.9649999e-05
12,6,347.163,0.06,1.8195828e-05,2.474992e-06,1.9845827e-05,2.0120828e-05,1.9179161e-05,3.662499e-06,1.8387493e-05,1.9766665e-05,1.9595829e-05,1.7874996e-05,-3.3339e-08,1.8120829e-05,1.9712495e-05,1.9349996e-05,1.8874995e-05,1.9579164e-05
12,7,347.306,0.07,1.8091663e-05,2.366662e-06,1.9787494e-05,2.0020827e-05,1.9062496e-05,3.674992e-06,1.815416e-05,1.9812496e-05,1.940833e-05,1.7833328e-05,-3.3339e-08,1.7974997e-05,1.9787494e-05,1.9316665e-05,1.8754165e-05,1.9466663e-05
12,8,347.449,0.08,1.7962495e-05,2.358325e-06,1.9679164e-05,1.9866666e-05,1.8999997e-05,3.654162e-06,1.8066661e-05,1.9637497e-05,1.9216664e-05,1.7824999e-05,-1.6673e-08,1.7841665e-05,1.9437495e-05,1.9208328e-05,1.8591667e-05,1.9349996e-05
12,9,347.592,0.09,1.7712498e-05,2.370826e-06,1.9587493e-05,1.9841664e-05,1.8895833e-05,3.633332e-06,1.7941666e-05,1.950833e-05,1.9070832e-05,1.770416e-05,-8e-12,1.7629163e-05,1.9433332e-05,1.9049994e-05,1.8541661e-05,1.9249996e-05
12,10,347.735,0.1,1.7599996e-05,2.374999e-06,1.950833e-05,1.9670828e-05,1.8824998e-05,3.624996e-06,1.7799997e-05,1.9449997e-05,1.894583e-05,1.7495831e-05,2.083e-08,1.7562492e-05,1.9304165e-05,1.8899997e-05,1.8516659e-05,1.9129166e-05
12,11,347.878,0.11,1.7495831e-05,2.445825e-06,1.9399993e-05,1.9591665e-05,1.865e-05,3.662499e-06,1.7608332e-05,1.9337494e-05,1.8874995e-05,1.7429162e-05,5.4161e-08,1.7445827e-05,1.9145831e-05,1.8787496e-05,1.832916e-05,1.8999997e-05
12,12,348.021,0.12,1.7195829e-05,2.34166e-06,1.9329167e-05,1.9458326e-05,1.8624996e-05,3.641661e-06,1.7474993e-05,1.9208328e-05,1.8699995e-05,1.7270828e-05,4.9996e-08,1.7299993e-05,1.9024999e-05,1.8687495e-05,1.8187498e-05,1.8862494e-05
12,13,348.165,0.13,1.7029166e-05,2.337496e-06,1.916666e-05,1.93875e-05,1.8475001e-05,3.624996e-06,1.7333332e-05,1.9154159e-05,1.8624996e-05,1.7170827e-05,-2.9174e-08,1.7074999e-05,1.8908326e-05,1.8599994e-05,1.8029164e-05,1.8654164e-05
12,14,348.308,0.14,1.6895827e-05,2.362498e-06,1.9116664e-05,1.9195826e-05,1.8370827e-05,3.616659e-06,1.7195829e-05,1.9037492e-05,1.8458326e-05,1.7066661e-05,-1.2501e-08,1.7149996e-05,1.8812498e-05,1.8449999e-05,1.7974997e-05,1.8599994e-05
12,15,348.451,0.15,1.6908327e-05,2.345832e-06,1.8916662e-05,1.9120829e-05,1.8258334e-05,3.558326e-06,1.7066661e-05,1.8920828e-05,1.8324996e-05,1.695416e-05,7.9163e-08,1.6737493e-05,1.8637498e-05,1.834166e-05,1.785833e-05,1.8412495e-05
12,16,348.594,0.16,1.6549993e-05,2.383327e-06,1.8820827e-05,1.9020828e-05,1.8079161e-05,3.637497e-06,1.6799999e-05,1.8816661e-05,1.8195828e-05,1.684583e-05,-3.3339e-08,1.6670831e-05,1.8549999e-05,1.8158333e-05,1.7741664e-05,1.8299992e-05
12,17,348.737,0.17,1.6408332e-05,2.391664e-06,1.8766665e-05,1.8949993e-05,1.8020828e-05,3.60833e-06,1.6704162e-05,1.8699995e-05,1.8083327e-05,1.6770831e-05,2.4994e-08,1.6362492e-05,1.8462499e-05,1.81e-05,1.7641663e-05,1.8149996e-05
12,18,348.88,0.18,1.6220833e-05,2.337496e-06,1.8541661e-05,1.8820827e-05,1.7829163e-05,3.599993e-06,1.650416e-05,1.8520832e-05,1.79125e-05,1.6683332e-05,1.2493e-08,1.6274993e-05,1.8224995e-05,1.7870832e-05,1.7508331e-05,1.8049996e-05
12,19,349.023,0.19,1.6066662e-05,2.329159e-06,1.8595831e-05,1.8658327e-05,1.7679158e-05,3.549997e-06,1.6312495e-05,1.8416658e-05,1.7816663e-05,1.6487495e-05,1.6665e-08,1.6091664e-05,1.8074998e-05,1.786666e-05,1.7266662e-05,1.7883332e-05
12,20,349.166,0.2,1.5845832e-05,2.316666e-06,1.8312494e-05,1.8529161e-05,1.758333e-05,3.558326e-06,1.6104166e-05,1.8333332e-05,1.7670831e-05,1.6366665e-05,4.166e-08,1.5924994e-05,1.796666e-05,1.7574994e-05,1.7287493e-05,1.7791661e-05
12,21,349.309,0.21,1.5683334e-05,2.362498e-06,1.8174998e-05,1.8404166e-05,1.7545828e-05,3.591665e-06,1.5966662e-05,1.8129165e-05,1.7495831e-05,1.6304159e-05,3.7495e-08,1.5770833e-05,1.7824999e-05,1.7412496e-05,1.7191664e-05,1.7549999e-05
12,22,349.452,0.22,1.5483332e-05,2.337496e-06,1.803333e-05,1.8174998e-05,1.7433325e-05,3.529159e-06,1.5745831e-05,1.804583e-05,1.7345827e-05,1.6133332e-05,1.2493e-08,1.5554166e-05,1.7683331e-05,1.7274999e-05,1.683333e-05,1.7458327e-05
12,23,349.595,0.23,1.5308333e-05,2.329159e-06,1.7916664e-05,1.81e-05,1.7354163e-05,3.641661e-06,1.5604162e-05,1.79125e-05,1.7166662e-05,1.6004165e-05,5.8325e-08,1.5387495e-05,1.7549999e-05,1.7104165e-05,1.6637492e-05,1.7254162e-05
12,24,349.738,0.24,1.509583e-05,2.337496e-06,1.7779159e-05,1.814166e-05,1.722916e-05,3.591665e-06,1.5508325e-05,1.7783332e-05,1.6962496e-05,1.5824993e-05,4.164e-09,1.5199995e-05,1.7341661e-05,1.6916665e-05,1.6545828e-05,1.7083326e-05
12,25,349.881,0.25,1.4904165e-05,2.349997e-06,1.76375e-05,1.7799997e-05,1.6895827e-05,3.574999e-06,1.51625e-05,1.7679158e-05,1.6787497e-05,1.5704163e-05,2.9159e-08,1.5033333e-05,1.7199993e-05,1.677916e-05,1.6391659e-05,1.6908327e-05
12,26,350.024,0.26,1.4670833e-05,2.387492e-06,1.7479166e-05,1.7679158e-05,1.6712498e-05,3.587492e-06,1.5083328e-05,1.7529163e-05,1.6583332e-05,1.5529164e-05,4.5832e-08,1.482083e-05,1.7112494e-05,1.6599997e-05,1.6279166e-05,1.6766659e-05
12,27,350.167,0.27,1.4529164e-05,2.345832e-06,1.729583e-05,1.7533326e-05,1.6541664e-05,3.512494e-06,1.4949997e-05,1.7408331e-05,1.6499996e-05,1.5429163e-05,2.4994e-08,1.4604163e-05,1.684583e-05,1.6437498e-05,1.610833e-05,1.6499996e-05
12,28,350.31,0.28,1.4254165e-05,2.399993e-06,1.7166662e-05,1.7387494e-05,1.6474994e-05,3.570827e-06,1.4737495e-05,1.7175e-05,1.6245825e-05,1.5258328e-05,7.0826e-08,1.4395833e-05,1.6766659e-05,1.6279166e-05,1.5929167e-05,1.6358328e-05
12,29,350.453,0.29,1.4008331e-05,2.366662e-06,1.6979162e-05,1.71875e-05,1.6308331e-05,3.458325e-06,1.4508327e-05,1.7033331e-05,1.6154163e-05,1.5174993e-05,6.2497e-08,1.4195832e-05,1.6616663e-05,1.610833e-05,1.5808328e-05,1.6199994e-05
12,30,350.596,0.3,1.3837496e-05,2.32083e-06,1.6912492e-05,1.7058333e-05,1.6158327e-05,3.508329e-06,1.4124998e-05,1.6924992e-05,1.6029158e-05,1.5037497e-05,6.6662e-08,1.3945826e-05,1.6437498e-05,1.5945832e-05,1.5583333e-05,1.6062499e-05
12,31,350.739,0.31,1.3574998e-05,2.312493e-06,1.6691662e-05,1.6912492e-05,1.5999993e-05,3.470826e-06,1.4008331e-05,1.6674996e-05,1.5812493e-05,1.4904165e-05,4.5832e-08,1.3804166e-05,1.6233333e-05,1.57125e-05,1.5449992e-05,1.5887499e-05
12,32,350.882,0.32,1.3358331e-05,2.258333e-06,1.6499996e-05,1.6824992e-05,1.5816664e-05,3.495828e-06,1.3699992e-05,1.6554164e-05,1.5608326e-05,1.473333e-05,7.0826e-08,1.353333e-05,1.604166e-05,1.5549993e-05,1.5266665e-05,1.5666659e-05
12,33,351.025,0.33,1.317083e-05,2.337496e-06,1.639583e-05,1.6562493e-05,1.5620828e-05,3.458325e-06,1.3508327e-05,1.6416661e-05,1.5329162e-05,1.4595827e-05,4.9996e-08,1.3412499e-05,1.5874997e-05,1.525e-05,1.5049998e-05,1.5525e-05
12,34,351.168,0.34,1.28625e-05,2.308329e-06,1.6179165e-05,1.6358328e-05,1.5483332e-05,3.445832e-06,1.3316663e-05,1.6245825e-05,1.511666e-05,1.4416662e-05,5.8325e-08,1.3174995e-05,1.5691661e-05,1.5112495e-05,1.4816665e-05,1.5287495e-05
12,35,351.311,0.35,1.2616666e-05,2.283327e-06,1.6012495e-05,1.6149997e-05,1.5291658e-05,3.416665e-06,1.3058328e-05,1.6091664e-05,1.4883328e-05,1.4279159e-05,1.04165e-07,1.2912496e-05,1.547916e-05,1.4899992e-05,1.4699999e-05,1.5091666e-05
12,36,351.454,0.36,1.234583e-05,2.291664e-06,1.5849995e-05,1.6024995e-05,1.5166665e-05,3.437495e-06,1.2779165e-05,1.5912494e-05,1.4666661e-05,1.4008331e-05,4.5832e-08,1.2674999e-05,1.5279165e-05,1.4666661e-05,1.4399998e-05,1.4866662e-05
12,37,351.598,0.37,1.2133328e-05,2.295828e-06,1.5624992e-05,1.5808328e-05,1.4904165e-05,3.54166e-06,1.2533331e-05,1.5745831e-05,1.4420827e-05,1.3779163e-05,3.7495e-08,1.2408328e-05,1.5091666e-05,1.4466659e-05,1.4191659e-05,1.4629165e-05
12,38,351.741,0.38,1.1795831e-05,2.23333e-06,1.5387495e-05,1.565833e-05,1.4704164e-05,3.458325e-06,1.23125e-05,1.5562495e-05,1.427083e-05,1.362083e-05,4.164e-09,1.2174995e-05,1.4899992e-05,1.4262493e-05,1.4012496e-05,1.4429164e-05
12,39,351.884,0.39,1.1524995e-05,2.241659e-06,1.5229161e-05,1.5416663e-05,1.4570832e-05,3.379162e-06,1.2054165e-05,1.5337499e-05,1.4024997e-05,1.3429165e-05,1.12494e-07,1.1949992e-05,1.4695827e-05,1.3970828e-05,1.3833332e-05,1.4112497e-05
12,40,352.027,0.4,1.1274998e-05,2.191663e-06,1.4991665e-05,1.5254163e-05,1.4349993e-05,3.424994e-06,1.178333e-05,1.5191667e-05,1.3783328e-05,1.3233328e-05,4.5832e-08,1.1587493e-05,1.4516663e-05,1.3799993e-05,1.3570825e-05,1.3949998e-05
12,41,352.17,0.41,1.0945829e-05,2.249996e-06,1.4862498e-05,1.5070827e-05,1.4054163e-05,3.412493e-06,1.1512494e-05,1.4991665e-05,1.3520829e-05,1.3066665e-05,6.6662e-08,1.1312492e-05,1.4304161e-05,1.3541659e-05,1.3349994e-05,1.372083e-05
12,42,352.313,0.42,1.0662492e-05,2.15416e-06,1.4595827e-05,1.4845832e-05,1.3862498e-05,3.399992e-06,1.1274998e-05,1.4799993e-05,1.3299998e-05,1.2808331e-05,6.2497e-08,1.1062495e-05,1.3999995e-05,1.3291661e-05,1.3104161e-05,1.3504164e-05
12,43,352.456,0.43,1.0354162e-05,2.112492e-06,1.4412499e-05,1.4624993e-05,1.3724994e-05,3.341659e-06,1.0999997e-05,1.4529164e-05,1.3058328e-05,1.2699993e-05,6.6662e-08,1.0820826e-05,1.3699992e-05,1.3162494e-05,1.2895831e-05,1.3179159e-05
12,44,352.599,0.44,1.0108328e-05,2.174997e-06,1.4316663e-05,1.4379159e-05,1.3399998e-05,3.362497e-06,1.0670828e-05,1.4329164e-05,1.2745825e-05,1.2533331e-05,9.5828e-08,1.049583e-05,1.3529166e-05,1.2945827e-05,1.2604165e-05,1.291666e-05
12,45,352.742,0.45,9.749992e-06,2.104163e-06,1.3874999e-05,1.4195832e-05,1.3229163e-05,3.337494e-06,1.0362498e-05,1.4074993e-05,1.2479162e-05,1.2254159e-05,8.3327e-08,1.0237495e-05,1.3195832e-05,1.2458332e-05,1.2316664e-05,1.2691665e-05
12,46,352.885,0.46,9.454163e-06,2.141659e-06,1.3695828e-05,1.3970828e-05,1.2991659e-05,3.320829e-06,1.0108328e-05,1.3799993e-05,1.2116662e-05,1.2062494e-05,8.7492e-08,9.929165e-06,1.2874993e-05,1.2262495e-05,1.2125e-05,1.2383326e-05
12,47,353.028,0.47,9.12083e-06,2.129165e-06,1.3408328e-05,1.3704165e-05,1.2841661e-05,3.279162e-06,9.812498e-06,1.36e-05,1.1908332e-05,1.1874994e-05,1.12494e-07,9.620825e-06,1.2612494e-05,1.1895831e-05,1.1754163e-05,1.217916e-05
12,48,353.171,0.48,8.766659e-06,2.074997e-06,1.3120826e-05,1.3416664e-05,1.2545832e-05,3.262496e-06,9.479165e-06,1.3387497e-05,1.160833e-05,1.1545833e-05,1.24995e-07,9.299994e-06,1.2308327e-05,1.1662499e-05,1.1504166e-05,1.1712496e-05
12,49,353.314,0.49,8.48333e-06,2.058331e-06,1.2866664e-05,1.3099996e-05,1.217916e-05,3.262496e-06,9.129159e-06,1.317083e-05,1.1308328e-05,1.1345832e-05,1.04165e-07,9.024993e-06,1.205833e-05,1.1345832e-05,1.116666e-05,1.1445833e-05
12,50,353.457,0.5,8.166663e-06,1.974996e-06,1.2637496e-05,1.2899995e-05,1.1945828e-05,3.33333e-06,8.829164e-06,1.2870828e-05,1.0962494e-05,1.1158331e-05,9.9993e-08,8.695833e-06,1.1754163e-05,1.104583e-05,1.0879159e-05,1.1116664e-05
12,51,353.6,0.51,7.795827e-06,2.008327e-06,1.2324993e-05,1.2604165e-05,1.1649998e-05,3.249995e-06,8.533327e-06,1.2612494e-05,1.0608332e-05,1.0841663e-05,1.20831e-07,8.283329e-06,1.1416666e-05,1.0699995e-05,1.0537497e-05,1.0724997e-05
12,52,353.743,0.52,7.533328e-06,1.999998e-06,1.2054165e-05,1.2333329e-05,1.1358333e-05,3.204163e-06,8.162498e-06,1.2304163e-05,1.0274998e-05,1.0604159e-05,1.33332e-07,7.995828e-06,1.1112499e-05,1.0349997e-05,1.0262497e-05,1.0387492e-05
12,53,353.886,0.53,7.091665e-06,1.954158e-06,1.1724997e-05,1.1995832e-05,1.1079161e-05,3.108327e-06,7.783326e-06,1.1999997e-05,9.862494e-06,1.0366663e-05,1.29159e-07,7.608326e-06,1.0729162e-05,1.0004163e-05,9.854166e-06,1.0099999e-05
12,54,354.029,0.54,6.783327e-06,1.933328e-06,1.1445833e-05,1.1679164e-05,1.0812497e-05,3.162495e-06,7.408333e-06,1.1687493e-05,9.533326e-06,1.0129165e-05,1.33332e-07,7.387495e-06,1.0374999e-05,9.645828e-06,9.520832e-06,9.724999e-06
12,55,354.172,0.55,6.437492e-06,1.866659e-06,1.1108327e-05,1.1383327e-05,1.0483329e-05,3.120828e-06,7.037497e-06,1.1412493e-05,9.124994e-06,9.783332e-06,1.08329e-07,7.054162e-06,9.974996e-06,9.354162e-06,9.162498e-06,9.383329e-06
12,56,354.315,0.56,6.099995e-06,1.904162e-06,1.0745827e-05,1.097916e-05,1.0162496e-05,3.091661e-06,6.729166e-06,1.1162496e-05,8.699997e-06,9.499995e-06,9.5828e-08,6.708328e-06,9.629162e-06,8.849995e-06,8.741665e-06,8.970833e-06
12,57,354.458,0.57,5.874999e-06,1.849993e-06,1.0429159e-05,1.0716661e-05,9.854166e-06,3.05833e-06,6.441664e-06,1.0699995e-05,8.379166e-06,9.22083e-06,9.9993e-08,6.399997e-06,9.199993e-06,8.566665e-06,8.362492e-06,8.59166e-06
12,58,354.601,0.58,5.549995e-06,1.829163e-06,1.0137494e-05,1.0341661e-05,9.520832e-06,3.05833e-06,6.137498e-06,1.0354162e-05,7.891663e-06,8.929165e-06,1.08329e-07,6.120833e-06,8.787497e-06,8.187492e-06,7.991664e-06,8.212495e-06
12,59,354.744,0.59,5.383333e-06,1.795832e-06,9.795833e-06,1.004583e-05,9.162498e-06,3.012498e-06,5.899994e-06,1.0041666e-05,7.637493e-06,8.612497e-06,7.0826e-08,5.904166e-06,8.479166e-06,7.862496e-06,7.649994e-06,7.816664e-06
12,60,354.887,0.6,5.212498e-06,1.816662e-06,9.424996e-06,9.762493e-06,8.854158e-06,2.949993e-06,5.670825e-06,9.708333e-06,7.212496e-06,8.341662e-06,1.70827e-07,5.695828e-06,8.104165e-06,7.458329e-06,7.345827e-06,7.508326e-06
12,61,355.03,0.61,5.054164e-06,1.779159e-06,9.079162e-06,9.316659e-06,8.487495e-06,2.962494e-06,5.424992e-06,9.349998e-06,6.862497e-06,8.045832e-06,1.08329e-07,5.562496e-06,7.729165e-06,7.129161e-06,6.937496e-06,7.074992e-06
12,62,355.174,0.62,4.937498e-06,1.79166e-06,8.712498e-06,9.016665e-06,8.154162e-06,2.887495e-06,5.249993e-06,8.999999e-06,6.516663e-06,7.770833e-06,1.20831e-07,5.395826e-06,7.337499e-06,6.82083e-06,6.620828e-06,6.799992e-06
12,63,355.317,0.63,4.912496e-06,1.758329e-06,8.387494e-06,8.620827e-06,7.799999e-06,2.824998e-06,5.10416e-06,8.654165e-06,6.145827e-06,7.495833e-06,6.6662e-08,5.27916e-06,6.991665e-06,6.474996e-06,6.237499e-06,6.383332e-06
12,64,355.46,0.64,5.045827e-06,1.77083e-06,8.02083e-06,8.291666e-06,7.449993e-06,2.845828e-06,5.099996e-06,8.299994e-06,5.874999e-06,7.254163e-06,1.16658e-07,5.283332e-06,6.599998e-06,6.18333e-06,5.966663e-06,6.091658e-06
12,65,355.603,0.65,4.945827e-06,1.754165e-06,7.620828e-06,7.912493e-06,7.083328e-06,2.808333e-06,5.016661e-06,7.954161e-06,5.624994e-06,7.024995e-06,8.7492e-08,5.199997e-06,6.39166e-06,5.895829e-06,5.699992e-06,5.812494e-06
12,66,355.746,0.66,5.049992e-06,1.783331e-06,7.345827e-06,7.524999e-06,6.679161e-06,2.762492e-06,5.045827e-06,7.583332e-06,5.341665e-06,6.758332e-06,1.4166e-07,5.270831e-06,5.99583e-06,5.612493e-06,5.487498e-06,5.524993e-06
12,67,355.889,0.67,5.166666e-06,1.799997e-06,6.908329e-06,7.145826e-06,6.399997e-06,2.708332e-06,5.145828e-06,7.224997e-06,5.19166e-06,6.583325e-06,1.16658e-07,5.349994e-06,5.699992e-06,5.483325e-06,5.287496e-06,5.324991e-06
12,68,356.032,0.68,5.383333e-06,1.824999e-06,6.537493e-06,6.808329e-06,6.058327e-06,2.608331e-06,5.27916e-06,6.891664e-06,5.045827e-06,6.366666e-06,1.49997e-07,5.491662e-06,5.462496e-06,5.308326e-06,5.166666e-06,5.208326e-06
12,69,356.175,0.69,5.599999e-06,1.85833e-06,6.333327e-06,6.558331e-06,5.733331e-06,2.579164e-06,5.366659e-06,6.620828e-06,5.008332e-06,6.220826e-06,1.37496e-07,5.65416e-06,5.283332e-06,5.137499e-06,5.10416e-06,5.079166e-06
12,70,356.318,0.7,5.824995e-06,1.895825e-06,5.954162e-06,6.249992e-06,5.449994e-06,2.549998e-06,5.562496e-06,6.345828e-06,5.033326e-06,6.104159e-06,1.33332e-07,5.883328e-06,5.162493e-06,5.037498e-06,5.116661e-06,5.054164e-06
12,71,356.461,0.71,6.054163e-06,1.912498e-06,5.712493e-06,5.945826e-06,5.174994e-06,2.495829e-06,5.783327e-06,6.174993e-06,5.083331e-06,5.991666e-06,1.08329e-07,6.079165e-06,5.083331e-06,5.020825e-06,5.224999e-06,5.024997e-06
12,72,356.604,0.72,6.320826e-06,1.983333e-06,5.520828e-06,5.687499e-06,5.020825e-06,2.470827e-06,5.983329e-06,6.083329e-06,5.166666e-06,5.895829e-06,1.29159e-07,6.304161e-06,5.091659e-06,5.095832e-06,5.224999e-06,5.17083e-06
12,73,356.747,0.73,6.649995e-06,1.987497e-06,5.37916e-06,5.508327e-06,4.841661e-06,2.433332e-06,6.224998e-06,5.979165e-06,5.387497e-06,5.904166e-06,1.20831e-07,6.616664e-06,5.137499e-06,5.237492e-06,5.479161e-06,5.274995e-06
12,74,356.89,0.74,6.904165e-06,2.029165e-06,5.254165e-06,5.399998e-06,4.754162e-06,2.483328e-06,6.499998e-06,5.983329e-06,5.583326e-06,5.924996e-06,1.45825e-07,6.874998e-06,5.249993e-06,5.404162e-06,5.595827e-06,5.437493e-06
12,75,357.033,0.75,7.237498e-06,2.058331e-06,5.204161e-06,5.366659e-06,4.804158e-06,2.387492e-06,6.779162e-06,6.033325e-06,5.766662e-06,5.949998e-06,1.79164e-07,7.183329e-06,5.416663e-06,5.608328e-06,5.866663e-06,5.699992e-06
12,76,357.176,0.76,7.474995e-06,2.108328e-06,5.208326e-06,5.349994e-06,4.824996e-06,2.379163e-06,7.033332e-06,6.09583e-06,6.024996e-06,5.945826e-06,1.45825e-07,7.508326e-06,5.566661e-06,5.849997e-06,6.083329e-06,5.958327e-06
12,77,357.319,0.77,7.779161e-06,2.079161e-06,5.308326e-06,5.437493e-06,4.949999e-06,2.399993e-06,7.341663e-06,6.241663e-06,6.370831e-06,6.024996e-06,1.04165e-07,7.762495e-06,5.779163e-06,6.09583e-06,6.354165e-06,6.199996e-06
12,78,357.462,0.78,8.112494e-06,2.141659e-06,5.391661e-06,5.545831e-06,5.112497e-06,2.445825e-06,7.504161e-06,6.474996e-06,6.670833e-06,6.120833e-06,1.49997e-07,8.066662e-06,6.083329e-06,6.404161e-06,6.624993e-06,6.56666e-06
12,79,357.605,0.79,8.362492e-06,2.199992e-06,5.558332e-06,5.674998e-06,5.308326e-06,2.441661e-06,7.741666e-06,6.541665e-06,7.004166e-06,6.208332e-06,1.58326e-07,8.312496e-06,6.329163e-06,6.674997e-06,6.858325e-06,6.862497e-06
12,80,357.748,0.8,8.608326e-06,2.199992e-06,5.795829e-06,5.866663e-06,5.562496e-06,2.495829e-06,8.174999e-06,6.73333e-06,7.324998e-06,6.27083e-06,1.79164e-07,8.67916e-06,6.670833e-06,7.066663e-06,7.095829e-06,7.199995e-06
12,81,357.891,0.81,8.920829e-06,2.245831e-06,5.854161e-06,6.041662e-06,5.812494e-06,2.520831e-06,8.283329e-06,6.908329e-06,7.583332e-06,6.429163e-06,2.04166e-07,8.895826e-06,6.908329e-06,7.291659e-06,7.329162e-06,7.516662e-06
12,82,358.034,0.82,9.087499e-06,2.249996e-06,6.091658e-06,6.249992e-06,6.062492e-06,2.554162e-06,8.508333e-06,7.199995e-06,7.858332e-06,6.645831e-06,1.87492e-07,9.170826e-06,7.154163e-06,7.587496e-06,7.504161e-06,7.820829e-06
12,83,358.177,0.83,9.345826e-06,2.266661e-06,6.274994e-06,6.449994e-06,6.324999e-06,2.599994e-06,8.774996e-06,7.329162e-06,8.208331e-06,6.66666e-06,1.83328e-07,9.454163e-06,7.524999e-06,7.945831e-06,7.845831e-06,8.162498e-06
12,84,358.32,0.84,9.558328e-06,2.304165e-06,6.470831e-06,6.645831e-06,6.63333e-06,2.608331e-06,9.029166e-06,7.495833e-06,8.533327e-06,6.795828e-06,1.87492e-07,9.7375e-06,7.845831e-06,8.29583e-06,8.008329e-06,8.512497e-06
12,85,358.463,0.85,9.841665e-06,2.299992e-06,6.670833e-06,6.874998e-06,6.908329e-06,2.658328e-06,9.279163e-06,7.695826e-06,8.774996e-06,7.033332e-06,1.66663e-07,9.924992e-06,8.12916e-06,8.558329e-06,8.245825e-06,8.808327e-06
12,86,358.606,0.86,1.0029165e-05,2.34166e-06,6.883327e-06,7.037497e-06,7.21666e-06,2.649999e-06,9.499995e-06,7.887498e-06,9.099992e-06,7.11666e-06,1.79164e-07,1.0158332e-05,8.379166e-06,8.854158e-06,8.479166e-06,9.133331e-06
12,87,358.75,0.87,1.0249996e-05,2.324995e-06,7.045825e-06,7.154163e-06,7.437499e-06,2.68333e-06,9.754165e-06,8.062498e-06,9.408331e-06,7.274993e-06,2.0833e-07,1.0387492e-05,8.687496e-06,9.183327e-06,8.687496e-06,9.429161e-06
12,88,358.893,0.88,1.0574992e-05,2.366662e-06,7.183329e-06,7.358328e-06,7.754159e-06,2.687494e-06,9.97916e-06,8.224996e-06,9.704161e-06,7.454165e-06,1.66663e-07,1.0666665e-05,8.908328e-06,9.433325e-06,8.904163e-06,9.762493e-06
12,89,359.036,0.89,1.0658327e-05,2.312493e-06,7.420826e-06,7.537492e-06,8.004165e-06,2.766665e-06,1.0095827e-05,8.433326e-06,9.970832e-06,7.599997e-06,1.74991e-07,1.0949993e-05,9.249997e-06,9.754165e-06,9.091664e-06,1.0062496e-05
12,90,359.179,0.9,1.0795831e-05,2.333331e-06,7.629164e-06,7.754159e-06,8.270827e-06,2.795831e-06,1.0437497e-05,8.612497e-06,1.0212493e-05,7.804163e-06,1.99993e-07,1.0966659e-05,9.479165e-06,1.0049995e-05,9.324996e-06,1.0299993e-05
12,91,359.322,0.91,1.1012498e-05,2.391664e-06,7.74583e-06,7.879162e-06,8.574994e-06,2.78333e-06,1.0554163e-05,8.824993e-06,1.0483329e-05,7.954161e-06,1.99993e-07,1.114583e-05,9.804161e-06,1.0445825e-05,9.533326e-06,1.0533333e-05
12,92,359.465,0.92,1.1170832e-05,2.34166e-06,8.058326e-06,8.045832e-06,8.84583e-06,2.774994e-06,1.0795831e-05,9.058333e-06,1.0716661e-05,8.137496e-06,2.16659e-07,1.1324993e-05,1.0020828e-05,1.0666665e-05,9.716662e-06,1.0887496e-05
12,93,359.608,0.93,1.135416e-05,2.395828e-06,8.179164e-06,8.262499e-06,8.995827e-06,2.849992e-06,1.0937492e-05,9.179163e-06,1.0991661e-05,8.283329e-06,2.04166e-07,1.1545833e-05,1.0258333e-05,1.0970831e-05,9.962495e-06,1.1112499e-05
12,94,359.751,0.94,1.1524995e-05,2.374999e-06,8.549992e-06,8.324997e-06,9.270827e-06,2.849992e-06,1.1224993e-05,9.391665e-06,1.1212492e-05,8.424998e-06,2.16659e-07,1.1745827e-05,1.0491665e-05,1.1024999e-05,1.0129165e-05,1.1370826e-05
12,95,359.894,0.95,1.171666e-05,2.40833e-06,8.637492e-06,8.479166e-06,9.558328e-06,2.89166e-06,1.1445833e-05,9.624998e-06,1.144166e-05,8.566665e-06,2.12495e-07,1.1908332e-05,1.0833327e-05,1.135416e-05,1.0341661e-05,1.1641661e-05
12,96,360.037,0.96,1.1887495e-05,2.399993e-06,8.824993e-06,8.662494e-06,9.708333e-06,2.866665e-06,1.1637497e-05,9.799997e-06,1.1708331e-05,8.799998e-06,1.99993e-07,1.2083332e-05,1.1099998e-05,1.1537496e-05,1.0549998e-05,1.1841663e-05
12,97,360.18,0.97,1.2033327e-05,2.454162e-06,9.12083e-06,8.849995e-06,9.924992e-06,2.879159e-06,1.1824997e-05,9.962495e-06,1.1933326e-05,8.958332e-06,2.2916e-07,1.2233329e-05,1.1362497e-05,1.1762492e-05,1.0779167e-05,1.2079159e-05
12,98,360.323,0.98,1.2195826e-05,2.466663e-06,9.354162e-06,8.983326e-06,1.0187498e-05,2.945828e-06,1.1962493e-05,1.0149995e-05,1.2116662e-05,9.191665e-06,2.41661e-07,1.2387498e-05,1.1566663e-05,1.2012498e-05,1.0991661e-05,1.23125e-05
12,99,360.466,0.99,1.2337494e-05,2.474992e-06,9.591659e-06,9.129159e-06,1.0312494e-05,3.008326e-06,1.2208327e-05,1.0349997e-05,1.2324993e-05,9.316659e-06,1.91665e-07,1.2508329e-05,1.1824997e-05,1.2216663e-05,1.1112499e-05,1.2491663e-05
12,100,360.609,1.0,1.2462497e-05,2.458326e-06,9.799997e-06,9.299994e-06,1.0512495e-05,3.045829e-06,1.243333e-05,1.0570828e-05,1.254166e-05,9.458327e-06,2.66663e-07,1.2620831e-05,1.2066666e-05,1.2437495e-05,1.1370826e-05,1.270833e-05
12,101,360.752,0.99,1.2466661e-05,2.458326e-06,9.645828e-06,9.108328e-06,1.0216665e-05,2.945828e-06,1.2241666e-05,1.0354162e-05,1.2158331e-05,9.287493e-06,1.62498e-07,1.2337494e-05,1.1745827e-05,1.209166e-05,1.1174997e-05,1.245416e-05
12,102,360.895,0.98,1.2204162e-05,2.379163e-06,9.41666e-06,8.891662e-06,9.924992e-06,2.858329e-06,1.1995832e-05,1.0145831e-05,1.1837498e-05,9.066661e-06,1.29159e-07,1.209166e-05,1.1404165e-05,1.1754163e-05,1.0887496e-05,1.2125e-05
12,103,361.038,0.97,1.1820833e-05,2.324995e-06,9.179163e-06,8.695833e-06,9.645828e-06,2.816661e-06,1.1587493e-05,9.829164e-06,1.1570827e-05,8.920829e-06,1.20831e-07,1.1829162e-05,1.1037493e-05,1.1458325e-05,1.0666665e-05,1.1799995e-05
12,104,361.181,0.96,1.1483327e-05,2.312493e-06,8.86666e-06,8.445827e-06,9.291664e-06,2.737498e-06,1.1341659e-05,9.645828e-06,1.1191662e-05,8.674995e-06,1.33332e-07,1.1537496e-05,1.0687494e-05,1.104583e-05,1.0387492e-05,1.1462498e-05
12,105,361.324,0.95,1.1195826e-05,2.229158e-06,8.583331e-06,8.170828e-06,8.999999e-06,2.720825e-06,1.1095826e-05,9.295829e-06,1.0887496e-05,8.516661e-06,1.16658e-07,1.13e-05,1.0299993e-05,1.0691659e-05,1.0120829e-05,1.1099998e-05
12,106,361.467,0.94,1.0983332e-05,2.216665e-06,8.245825e-06,7.849995e-06,8.612497e-06,2.649999e-06,1.0854164e-05,9.016665e-06,1.0437497e-05,8.283329e-06,4.5832e-08,1.0962494e-05,9.895825e-06,1.0333331e-05,9.820827e-06,1.0733326e-05
12,107,361.61,0.93,1.0570828e-05,2.216665e-06,7.987499e-06,7.574995e-06,8.279165e-06,2.604159e-06,1.0504166e-05,8.695833e-06,1.0212493e-05,8.079163e-06,5.4161e-08,1.070416e-05,9.566665e-06,9.999999e-06,9.470828e-06,1.0370827e-05
12,108,361.753,0.92,1.0337496e-05,2.170825e-06,7.620828e-06,7.320825e-06,7.920829e-06,2.558327e-06,1.0212493e-05,8.433326e-06,9.733327e-06,7.691661e-06,3.3331e-08,1.0404166e-05,9.087499e-06,9.612497e-06,9.179163e-06,1.0020828e-05
12,109,361.896,0.91,1.0099999e-05,2.162496e-06,7.279165e-06,6.979164e-06,7.529163e-06,2.516659e-06,9.85833e-06,8.116658e-06,9.412495e-06,7.466666e-06,3.3331e-08,1.0112492e-05,8.737493e-06,9.245833e-06,8.895826e-06,9.616661e-06
12,110,362.039,0.9,9.829164e-06,2.091662e-06,6.966663e-06,6.712492e-06,7.154163e-06,2.491665e-06,9.541663e-06,7.83333e-06,8.995827e-06,7.229161e-06,3.7495e-08,9.816663e-06,8.379166e-06,8.829164e-06,8.541663e-06,9.254161e-06
12,111,362.183,0.89,9.383329e-06,2.062495e-06,6.608327e-06,6.329163e-06,6.787499e-06,2.391664e-06,9.204166e-06,7.524999e-06,8.608326e-06,6.891664e-06,4.9996e-08,9.454163e-06,7.904164e-06,8.445827e-06,8.270827e-06,8.808327e-06
12,112,362.326,0.88,9.112493e-06,2.041666e-06,6.245828e-06,6.104159e-06,6.445829e-06,2.391664e-06,8.895826e-06,7.204159e-06,8.262499e-06,6.624993e-06,8.329e-09,9.158325e-06,7.549993e-06,8.033331e-06,7.895827e-06,8.41666e-06
12,113,362.469,0.87,8.720827e-06,1.999998e-06,5.84166e-06,5.758325e-06,5.987493e-06,2.291664e-06,8.512497e-06,6.916666e-06,7.841659e-06,6.345828e-06,-6.2505e-08,8.833329e-06,7.137497e-06,7.658331e-06,7.57916e-06,8.045832e-06
12,114,362.612,0.86,8.404159e-06,1.983333e-06,5.541659e-06,5.516664e-06,5.63333e-06,2.270826e-06,8.116658e-06,6.595826e-06,7.441664e-06,6.087494e-06,-4.584e-08,8.362492e-06,6.749995e-06,7.204159e-06,7.254163e-06,7.562494e-06
12,115,362.755,0.85,8.062498e-06,1.924992e-06,5.270831e-06,5.25833e-06,5.370831e-06,2.195827e-06,7.737493e-06,6.316662e-06,7.062499e-06,5.84166e-06,-6.2505e-08,8.016666e-06,6.420827e-06,6.899993e-06,6.908329e-06,7.224997e-06
12,116,362.898,0.84,7.549993e-06,1.983333e-06,4.962492e-06,4.933325e-06,4.958328e-06,2.145831e-06,7.354164e-06,6.004159e-06,6.658332e-06,5.583326e-06,-4.1668e-08,7.7125e-06,6.004159e-06,6.441664e-06,6.533329e-06,6.804164e-06
12,117,363.041,0.83,7.21666e-06,1.866659e-06,4.691664e-06,4.824996e-06,4.716659e-06,2.095826e-06,7.020831e-06,5.749996e-06,6.299997e-06,5.362495e-06,-4.1668e-08,7.274993e-06,5.683327e-06,6.112496e-06,6.212497e-06,6.408326e-06
12,118,363.184,0.82,6.862497e-06,1.787496e-06,4.54166e-06,4.629159e-06,4.587499e-06,2.112492e-06,6.562495e-06,5.524993e-06,5.904166e-06,5.166666e-06,-6.2505e-08,6.883327e-06,5.441666e-06,5.674998e-06,5.824995e-06,6.029161e-06
12,119,363.327,0.81,6.491661e-06,1.754165e-06,4.408328e-06,4.520829e-06,4.374997e-06,2.054159e-06,6.170829e-06,5.333328e-06,5.541659e-06,4.995831e-06,-7.0834e-08,6.512499e-06,5.179159e-06,5.399998e-06,5.616665e-06,5.670825e-06
12,120,363.47,0.8,6.087494e-06,1.737499e-06,4.424993e-06,4.504164e-06,4.36666e-06,2.049994e-06,5.866663e-06,5.220827e-06,5.299997e-06,4.870828e-06,-9.1672e-08,6.162492e-06,4.970829e-06,5.162493e-06,5.270831e-06,5.370831e-06
12,121,363.613,0.79,5.812494e-06,1.683331e-06,4.429166e-06,4.570826e-06,4.424993e-06,2.04583e-06,5.516664e-06,5.19166e-06,4.949999e-06,4.791665e-06,-7.5006e-08,5.795829e-06,4.820832e-06,4.883329e-06,5.066665e-06,5.095832e-06
12,122,363.756,0.78,5.44583e-06,1.670829e-06,4.545832e-06,4.724996e-06,4.499992e-06,2.054159e-06,5.19166e-06,5.183331e-06,4.783328e-06,4.766663e-06,-1.12502e-07,5.483325e-06,4.745825e-06,4.724996e-06,4.82916e-06,4.879165e-06
12,123,363.899,0.77,5.216662e-06,1.595831e-06,4.733332e-06,4.954163e-06,4.624995e-06,2.104163e-06,4.974993e-06,5.266658e-06,4.608329e-06,4.779164e-06,-1.25003e-07,5.166666e-06,4.724996e-06,4.629159e-06,4.674999e-06,4.741661e-06
12,124,364.042,0.76,4.849998e-06,1.574993e-06,4.949999e-06,5.19166e-06,4.862499e-06,2.179162e-06,4.733332e-06,5.462496e-06,4.554161e-06,4.799994e-06,-1.12502e-07,4.974993e-06,4.79583e-06,4.579163e-06,4.591664e-06,4.670826e-06
12,125,364.185,0.75,4.720831e-06,1.545827e-06,5.145828e-06,5.479161e-06,5.120826e-06,2.149995e-06,4.608329e-06,5.683327e-06,4.508328e-06,4.820832e-06,-8.3335e-08,4.779164e-06,4.891666e-06,4.554161e-06,4.570826e-06,4.666662e-06
12,126,364.328,0.74,4.462496e-06,1.541662e-06,5.516664e-06,5.80833e-06,5.46666e-06,2.262497e-06,4.499992e-06,5.999994e-06,4.516665e-06,4.999995e-06,-8.3335e-08,4.712494e-06,5.116661e-06,4.679163e-06,4.599992e-06,4.770827e-06
12,127,364.471,0.73,4.416665e-06,1.508331e-06,5.779163e-06,6.141663e-06,5.799993e-06,2.279162e-06,4.558333e-06,6.245828e-06,4.624995e-06,5.145828e-06,-7.9171e-08,4.704165e-06,5.316663e-06,4.833333e-06,4.699993e-06,4.912496e-06
12,128,364.614,0.72,4.370832e-06,1.483329e-06,6.124997e-06,6.516663e-06,6.124997e-06,2.34166e-06,4.629159e-06,6.583325e-06,4.774992e-06,5.308326e-06,-1.37504e-07,4.695829e-06,5.570825e-06,5.062493e-06,4.862499e-06,5.083331e-06
12,129,364.757,0.71,4.458332e-06,1.445826e-06,6.441664e-06,6.891664e-06,6.495825e-06,2.374999e-06,4.741661e-06,6.958326e-06,4.995831e-06,5.574997e-06,-8.3335e-08,4.816659e-06,5.866663e-06,5.37916e-06,5.087495e-06,5.324991e-06
12,130,364.9,0.7,4.524994e-06,1.479165e-06,6.774998e-06,7.19583e-06,6.783327e-06,2.437496e-06,4.89583e-06,7.21666e-06,5.216662e-06,5.779163e-06,-7.9171e-08,4.987494e-06,6.174993e-06,5.470832e-06,5.329164e-06,5.599999e-06
12,131,365.043,0.69,4.745825e-06,1.487493e-06,7.183329e-06,7.608326e-06,7.124996e-06,2.474992e-06,5.17083e-06,7.724992e-06,5.462496e-06,5.966663e-06,-1.04173e-07,5.229163e-06,6.495825e-06,5.824995e-06,5.587498e-06,5.904166e-06
12,132,365.186,0.68,4.979165e-06,1.529161e-06,7.408333e-06,7.929166e-06,7.47083e-06,2.516659e-06,5.441666e-06,7.924994e-06,5.795829e-06,6.287495e-06,-9.5836e-08,5.470832e-06,6.824994e-06,6.041662e-06,5.862498e-06,6.195831e-06
12,133,365.329,0.67,5.195832e-06,1.529161e-06,7.85416e-06,8.279165e-06,7.787497e-06,2.566663e-06,5.758325e-06,8.31666e-06,6.09583e-06,6.562495e-06,-1.04173e-07,5.737495e-06,7.241662e-06,6.387496e-06,6.208332e-06,6.562495e-06
12,134,365.472,0.66,5.587498e-06,1.587494e-06,8.116658e-06,8.654165e-06,8.141661e-06,2.620832e-06,6.033325e-06,8.629163e-06,6.395833e-06,6.804164e-06,-8.3335e-08,6.087494e-06,7.562494e-06,6.729166e-06,6.487497e-06,6.949997e-06
12,135,365.616,0.65,5.924996e-06,1.612496e-06,8.541663e-06,8.954159e-06,8.454163e-06,2.641662e-06,6.412498e-06,8.999999e-06,6.791663e-06,7.033332e-06,-1.62506e-07,6.424999e-06,7.962497e-06,7.099994e-06,6.774998e-06,7.333326e-06
12,136,365.759,0.64,6.212497e-06,1.624997e-06,8.874997e-06,9.320831e-06,8.791661e-06,2.641662e-06,6.704164e-06,9.295829e-06,7.145826e-06,7.374994e-06,-1.54169e-07,6.745831e-06,8.329161e-06,7.40416e-06,7.099994e-06,7.57916e-06
12,137,365.902,0.63,6.462495e-06,1.679158e-06,9.108328e-06,9.708333e-06,9.108328e-06,2.674993e-06,7.062499e-06,9.633327e-06,7.512498e-06,7.649994e-06,-1.62506e-07,7.137497e-06,8.641664e-06,7.799999e-06,7.479159e-06,7.945831e-06
12,138,366.045,0.62,6.899993e-06,1.699996e-06,9.487494e-06,1.00125e-05,9.424996e-06,2.68333e-06,7.441664e-06,9.966659e-06,7.849995e-06,7.93333e-06,-1.45841e-07,7.366665e-06,9.108328e-06,8.12916e-06,7.824993e-06,8.337498e-06
12,139,366.188,0.61,7.249999e-06,1.741664e-06,9.799997e-06,1.0345832e-05,9.729163e-06,2.762492e-06,7.7125e-06,1.0279163e-05,8.220832e-06,8.220832e-06,-1.54169e-07,7.779161e-06,9.449998e-06,8.433326e-06,8.091664e-06,8.59166e-06
12,140,366.331,0.6,7.499997e-06,1.787496e-06,1.0079161e-05,1.0620833e-05,9.983333e-06,2.754164e-06,8.104165e-06,1.0574992e-05,8.57083e-06,8.45e-06,-1.41668e-07,8.058326e-06,9.654164e-06,8.733328e-06,8.474994e-06,8.979162e-06
12,141,366.474,0.59,7.837494e-06,1.733327e-06,1.0458326e-05,1.0908326e-05,1.0224994e-05,2.849992e-06,8.354164e-06,1.0883331e-05,8.874997e-06,8.737493e-06,-1.50005e-07,8.391658e-06,9.987497e-06,9.137495e-06,8.762495e-06,9.316659e-06
12,142,366.617,0.58,8.137496e-06,1.799997e-06,1.0741663e-05,1.1179161e-05,1.0504166e-05,2.854164e-06,8.629163e-06,1.106666e-05,9.237496e-06,8.991663e-06,-1.3334e-07,8.729164e-06,1.0262497e-05,9.433325e-06,9.049996e-06,9.608332e-06
12,143,366.76,0.57,8.524998e-06,1.804161e-06,1.1008327e-05,1.1562498e-05,1.0829162e-05,2.812497e-06,8.96666e-06,1.1362497e-05,9.524997e-06,9.22083e-06,-1.70835e-07,9.058333e-06,1.0624997e-05,9.724999e-06,9.39583e-06,9.862494e-06
12,144,366.903,0.56,8.791661e-06,1.816662e-06,1.1191662e-05,1.1816661e-05,1.1116664e-05,2.87083e-06,9.258326e-06,1.1612495e-05,9.829164e-06,9.508331e-06,-1.41668e-07,9.32916e-06,1.0899997e-05,1.0170826e-05,9.629162e-06,1.0237495e-05
12,145,367.046,0.55,9.174999e-06,1.883332e-06,1.1537496e-05,1.2191661e-05,1.1345832e-05,2.899996e-06,9.654164e-06,1.1945828e-05,1.022083e-05,9.79166e-06,-1.79172e-07,9.699997e-06,1.1241658e-05,1.0374999e-05,1.0020828e-05,1.0537497e-05
12,146,367.189,0.54,9.533326e-06,1.862494e-06,1.178333e-05,1.2170832e-05,1.1575e-05,2.920826e-06,9.987497e-06,1.2199998e-05,1.0524996e-05,9.974996e-06,-1.50005e-07,9.974996e-06,1.1537496e-05,1.0624997e-05,1.0233331e-05,1.0824998e-05
12,147,367.332,0.53,9.787496e-06,1.87916e-06,1.2033327e-05,1.252083e-05,1.180416e-05,2.962494e-06,1.0204164e-05,1.2462497e-05,1.0741663e-05,1.0270826e-05,-1.62506e-07,1.0291664e-05,1.1816661e-05,1.0899997e-05,1.0566664e-05,1.1095826e-05
12,148,367.475,0.52,1.0162496e-05,1.920827e-06,1.2299998e-05,1.2691665e-05,1.2070831e-05,3.016663e-06,1.0554163e-05,1.2637496e-05,1.1099998e-05,1.0562499e-05,-1.41668e-07,1.061666e-05,1.2062494e-05,1.1229165e-05,1.0858329e-05,1.1408329e-05
12,149,367.618,0.51,1.0545826e-05,1.908326e-06,1.2587499e-05,1.3020825e-05,1.2333329e-05,3.012498e-06,1.0795831e-05,1.2891666e-05,1.1416666e-05,1.0787495e-05,-1.54169e-07,1.087083e-05,1.2316664e-05,1.1487492e-05,1.1124992e-05,1.1708331e-05
12,150,367.761,0.5,1.080416e-05,1.912498e-06,1.282916e-05,1.325833e-05,1.2545832e-05,2.95833e-06,1.1129165e-05,1.3204161e-05,1.1670828e-05,1.0970831e-05,-1.6667e-07,1.1104163e-05,1.2720831e-05,1.1758328e-05,1.1429159e-05,1.1999997e-05
12,151,367.904,0.49,1.0991661e-05,1.945829e-06,1.3099996e-05,1.3479162e-05,1.2754163e-05,2.962494e-06,1.1283326e-05,1.3295826e-05,1.1933326e-05,1.1154159e-05,-1.75007e-07,1.1366661e-05,1.2887494e-05,1.1999997e-05,1.1616659e-05,1.2174995e-05
12,152,368.047,0.48,1.1216664e-05,1.991661e-06,1.3299998e-05,1.3670826e-05,1.2979166e-05,2.970831e-06,1.1533331e-05,1.3562497e-05,1.2174995e-05,1.1362497e-05,-1.91673e-07,1.162916e-05,1.3029162e-05,1.2291662e-05,1.1874994e-05,1.2449996e-05
12,153,368.19,0.47,1.1404165e-05,2.008327e-06,1.3504164e-05,1.3979165e-05,1.3187496e-05,3.008326e-06,1.1729161e-05,1.3766662e-05,1.2420829e-05,1.160833e-05,-1.58342e-07,1.1891659e-05,1.325833e-05,1.2491663e-05,1.209166e-05,1.2766664e-05
12,154,368.333,0.46,1.162916e-05,1.962495e-06,1.36875e-05,1.4099995e-05,1.3408328e-05,3.045829e-06,1.2033327e-05,1.3945826e-05,1.2662498e-05,1.1820833e-05,-1.50005e-07,1.2008325e-05,1.3495826e-05,1.2695829e-05,1.2324993e-05,1.2979166e-05
12,155,368.476,0.45,1.1999997e-05,2.004163e-06,1.4004159e-05,1.429166e-05,1.3595827e-05,3.07916e-06,1.2262495e-05,1.4162492e-05,1.3020825e-05,1.20375e-05,-1.54169e-07,1.2337494e-05,1.365416e-05,1.2995831e-05,1.2529159e-05,1.3224999e-05
12,156,368.619,0.44,1.2191661e-05,2.016664e-06,1.4199996e-05,1.45125e-05,1.3787492e-05,3.045829e-06,1.252083e-05,1.4387496e-05,1.3274996e-05,1.2229165e-05,-2.00001e-07,1.2549996e-05,1.3912495e-05,1.3204161e-05,1.2845826e-05,1.3516665e-05
12,157,368.762,0.43,1.2399999e-05,2.029165e-06,1.4366667e-05,1.4699999e-05,1.3954163e-05,3.083332e-06,1.2737497e-05,1.4549994e-05,1.3429165e-05,1.2466661e-05,-1.29175e-07,1.2749998e-05,1.4195832e-05,1.3399998e-05,1.3016661e-05,1.3712493e-05
12,158,368.905,0.42,1.2674999e-05,2.029165e-06,1.4487497e-05,1.4829159e-05,1.4154164e-05,3.070831e-06,1.2941662e-05,1.475416e-05,1.3591663e-05,1.2733332e-05,-1.95837e-07,1.2949999e-05,1.4362494e-05,1.3683327e-05,1.3199997e-05,1.3904166e-05
12,159,369.048,0.41,1.2841661e-05,2.04583e-06,1.4687498e-05,1.5016659e-05,1.4333327e-05,3.062495e-06,1.3166666e-05,1.4937496e-05,1.3787492e-05,1.2687492e-05,-1.41668e-07,1.3183331e-05,1.4591662e-05,1.380833e-05,1.3416664e-05,1.4066664e-05
12,160,369.192,0.4,1.3262495e-05,2.049994e-06,1.4970827e-05,1.5208332e-05,1.4508327e-05,3.14583e-06,1.3341665e-05,1.5129161e-05,1.4020832e-05,1.2912496e-05,-1.04173e-07,1.3370832e-05,1.4766661e-05,1.4045827e-05,1.3595827e-05,1.429166e-05
12,161,369.335,0.39,1.3304162e-05,2.062495e-06,1.5079165e-05,1.5441665e-05,1.4704164e-05,3.129164e-06,1.3558332e-05,1.5287495e-05,1.4233327e-05,1.3054164e-05,-1.00009e-07,1.3520829e-05,1.4933332e-05,1.4266666e-05,1.3845834e-05,1.447916e-05
12,162,369.478,0.38,1.3666661e-05,2.074997e-06,1.5341664e-05,1.565833e-05,1.4904165e-05,3.091661e-06,1.3758326e-05,1.547083e-05,1.4437493e-05,1.3245829e-05,-1.20838e-07,1.3674999e-05,1.51625e-05,1.4437493e-05,1.3991666e-05,1.4745831e-05
12,163,369.621,0.37,1.3729159e-05,2.124993e-06,1.5474994e-05,1.5733329e-05,1.5008331e-05,3.083332e-06,1.3912495e-05,1.564583e-05,1.4587497e-05,1.3412499e-05,-1.95837e-07,1.3862498e-05,1.5329162e-05,1.4604163e-05,1.4279159e-05,1.48875e-05
12,164,369.764,0.36,1.3820831e-05,2.070832e-06,1.5637494e-05,1.5895828e-05,1.5179166e-05,3.183325e-06,1.4166665e-05,1.5816664e-05,1.4762497e-05,1.3529166e-05,-1.75007e-07,1.399583e-05,1.5399997e-05,1.4837496e-05,1.4454166e-05,1.5074992e-05
12,165,369.907,0.35,1.3945826e-05,2.095826e-06,1.5912494e-05,1.609583e-05,1.5366666e-05,3.154159e-06,1.4283331e-05,1.5945832e-05,1.4991665e-05,1.3874999e-05,-1.58342e-07,1.4233327e-05,1.5595826e-05,1.511666e-05,1.4583326e-05,1.5279165e-05
12,166,370.05,0.34,1.4220826e-05,2.079161e-06,1.6070826e-05,1.6329161e-05,1.5483332e-05,3.233329e-06,1.4516663e-05,1.6149997e-05,1.5158327e-05,1.3870827e-05,-1.70835e-07,1.4374995e-05,1.5849995e-05,1.5262493e-05,1.4824995e-05,1.5474994e-05
12,167,370.193,0.33,1.4379159e-05,2.06666e-06,1.6158327e-05,1.6437498e-05,1.5720829e-05,3.183325e-06,1.46125e-05,1.6324997e-05,1.5337499e-05,1.4066664e-05,-1.50005e-07,1.4620829e-05,1.5970827e-05,1.5412497e-05,1.5066664e-05,1.5637494e-05
12,168,370.336,0.32,1.4524992e-05,2.095826e-06,1.6354163e-05,1.6708327e-05,1.5904165e-05,3.224993e-06,1.4816665e-05,1.6429161e-05,1.5537493e-05,1.4145828e-05,-1.83336e-07,1.4766661e-05,1.6116659e-05,1.5641666e-05,1.5183329e-05,1.5808328e-05
12,169,370.479,0.31,1.4708328e-05,2.108328e-06,1.6429161e-05,1.6787497e-05,1.604166e-05,3.208327e-06,1.5033333e-05,1.6591661e-05,1.5774996e-05,1.4387496e-05,-1.83336e-07,1.4912494e-05,1.6312495e-05,1.5733329e-05,1.5416663e-05,1.5874997e-05
12,170,370.622,0.3,1.4924995e-05,2.095826e-06,1.6645829e-05,1.6804162e-05,1.6233333e-05,3.26666e-06,1.5145826e-05,1.6666667e-05,1.5870826e-05,1.4533329e-05,-1.54169e-07,1.5108331e-05,1.6508333e-05,1.6062499e-05,1.5420826e-05,1.609583e-05
12,171,370.765,0.29,1.5066664e-05,2.13333e-06,1.6749995e-05,1.6962496e-05,1.6358328e-05,3.249995e-06,1.5320826e-05,1.6837494e-05,1.6045833e-05,1.4708328e-05,-1.41668e-07,1.5237499e-05,1.6612497e-05,1.6141661e-05,1.5720829e-05,1.6291666e-05
12,172,370.908,0.28,1.5270829e-05,2.116664e-06,1.6904163e-05,1.7129159e-05,1.6466665e-05,3.33333e-06,1.5516662e-05,1.6974998e-05,1.6245825e-05,1.4787499e-05,-1.95837e-07,1.5449992e-05,1.6745829e-05,1.6254162e-05,1.5741665e-05,1.638333e-05
12,173,371.051,0.27,1.5445828e-05,2.124993e-06,1.7024993e-05,1.7279164e-05,1.6566666e-05,3.33333e-06,1.565833e-05,1.7074999e-05,1.6387494e-05,1.4866662e-05,-1.54169e-07,1.5583333e-05,1.6908327e-05,1.6437498e-05,1.5945832e-05,1.6583332e-05
12,174,371.194,0.26,1.5720829e-05,2.120829e-06,1.7175e-05,1.7437498e-05,1.6695833e-05,3.229165e-06,1.5870826e-05,1.7283328e-05,1.6541664e-05,1.5024996e-05,-2.00001e-07,1.5666659e-05,1.7066661e-05,1.6562493e-05,1.6112495e-05,1.6754166e-05
12,175,371.337,0.25,1.5733329e-05,2.112492e-06,1.7324995e-05,1.7558328e-05,1.6737493e-05,3.383326e-06,1.592083e-05,1.7387494e-05,1.6712498e-05,1.5174993e-05,-2.16675e-07,1.575416e-05,1.7216667e-05,1.6758331e-05,1.6166663e-05,1.6929165e-05
12,176,371.48,0.24,1.5887499e-05,2.183326e-06,1.7433325e-05,1.770416e-05,1.6933331e-05,3.304164e-06,1.6062499e-05,1.7541663e-05,1.6920829e-05,1.537083e-05,-1.83336e-07,1.5954161e-05,1.7299993e-05,1.6820828e-05,1.6374994e-05,1.7041659e-05
12,177,371.623,0.23,1.6091664e-05,2.145831e-06,1.758333e-05,1.786666e-05,1.7095828e-05,3.316665e-06,1.6174999e-05,1.7666665e-05,1.7095828e-05,1.5504162e-05,-1.87508e-07,1.6062499e-05,1.7524997e-05,1.7083326e-05,1.6599997e-05,1.7216667e-05
12,178,371.766,0.22,1.6058326e-05,2.129165e-06,1.775833e-05,1.8016664e-05,1.71875e-05,3.33333e-06,1.6362492e-05,1.7695833e-05,1.7199993e-05,1.5649994e-05,-1.75007e-07,1.6220833e-05,1.7662493e-05,1.7266662e-05,1.6691662e-05,1.7412496e-05
12,179,371.909,0.21,1.6441663e-05,2.204164e-06,1.785833e-05,1.81e-05,1.7362499e-05,3.349996e-06,1.6520826e-05,1.7854167e-05,1.7354163e-05,1.5779162e-05,-1.70835e-07,1.6354163e-05,1.7754166e-05,1.7458327e-05,1.6849996e-05,1.7524997e-05
12,180,372.052,0.2,1.6416661e-05,2.191663e-06,1.803333e-05,1.8229166e-05,1.7449998e-05,3.299999e-06,1.6629163e-05,1.7958331e-05,1.7562492e-05,1.592083e-05,-1.41668e-07,1.6512497e-05,1.7916664e-05,1.7566665e-05,1.6970833e-05,1.7674995e-05
12,181,372.195,0.19,1.6633328e-05,2.241659e-06,1.8116665e-05,1.8379164e-05,1.7558328e-05,3.391663e-06,1.6774997e-05,1.8020828e-05,1.7608332e-05,1.6116659e-05,-1.54169e-07,1.6616663e-05,1.81e-05,1.7641663e-05,1.7104165e-05,1.7787495e-05
12,182,372.338,0.18,1.667916e-05,2.120829e-06,1.8299992e-05,1.8508332e-05,1.7708333e-05,3.391663e-06,1.6933331e-05,1.8183327e-05,1.7841665e-05,1.6341663e-05,-1.29175e-07,1.6745829e-05,1.8191664e-05,1.7762493e-05,1.7245833e-05,1.7974997e-05
12,183,372.481,0.17,1.6983326e-05,2.137494e-06,1.8379164e-05,1.8670829e-05,1.7812499e-05,3.362497e-06,1.7029166e-05,1.8391665e-05,1.785833e-05,1.6287493e-05,-1.00009e-07,1.6866659e-05,1.8358325e-05,1.7883332e-05,1.740416e-05,1.8149996e-05
12,184,372.625,0.16,1.6916665e-05,2.23333e-06,1.8545827e-05,1.8808332e-05,1.7974997e-05,3.445832e-06,1.7149996e-05,1.8512495e-05,1.8029164e-05,1.645e-05,-5.0004e-08,1.7008328e-05,1.844166e-05,1.8024994e-05,1.7537499e-05,1.8249997e-05
12,185,372.768,0.15,1.7149996e-05,2.195827e-06,1.8679166e-05,1.8883331e-05,1.8029164e-05,3.424994e-06,1.722916e-05,1.8624996e-05,1.822083e-05,1.6462493e-05,-1.83336e-07,1.7137496e-05,1.8545827e-05,1.8162496e-05,1.7624998e-05,1.8304165e-05
12,186,372.911,0.14,1.7358327e-05,2.212493e-06,1.8724997e-05,1.8974995e-05,1.8212493e-05,3.44166e-06,1.7470829e-05,1.8774994e-05,1.8366663e-05,1.6649994e-05,-1.75007e-07,1.7370829e-05,1.8595831e-05,1.8345832e-05,1.7820827e-05,1.8491666e-05
12,187,373.054,0.13,1.7287493e-05,2.220829e-06,1.9008326e-05,1.906666e-05,1.8270826e-05,3.437495e-06,1.7529163e-05,1.8841663e-05,1.8491666e-05,1.6770831e-05,-1.41668e-07,1.7333332e-05,1.8833327e-05,1.8508332e-05,1.7837492e-05,1.8691659e-05
12,188,373.197,0.12,1.7454164e-05,2.191663e-06,1.9170833e-05,1.9241666e-05,1.8408331e-05,3.449996e-06,1.7649993e-05,1.8995834e-05,1.8612496e-05,1.6920829e-05,-1.70835e-07,1.7558328e-05,1.8987497e-05,1.8674993e-05,1.8062496e-05,1.8737499e-05
12,189,373.34,0.11,1.7558328e-05,2.174997e-06,1.916666e-05,1.9404164e-05,1.8533334e-05,3.512494e-06,1.7837492e-05,1.9124993e-05,1.8750001e-05,1.7033331e-05,-1.58342e-07,1.7508331e-05,1.9091662e-05,1.8766665e-05,1.8279163e-05,1.8924999e-05
12,190,373.483,0.1,1.7616661e-05,2.158332e-06,1.9212492e-05,1.9470826e-05,1.8679166e-05,3.504165e-06,1.79125e-05,1.9191662e-05,1.887916e-05,1.7124994e-05,-1.54169e-07,1.769166e-05,1.9079162e-05,1.8820827e-05,1.8395829e-05,1.9087498e-05
12,191,373.626,0.09,1.7829163e-05,2.162496e-06,1.9379162e-05,1.9570827e-05,1.878333e-05,3.479163e-06,1.8079161e-05,1.9249996e-05,1.8962495e-05,1.7291664e-05,-1.70835e-07,1.7804161e-05,1.923333e-05,1.9087498e-05,1.8395829e-05,1.9129166e-05
12,192,373.769,0.08,1.7908327e-05,2.191663e-06,1.9437495e-05,1.9791667e-05,1.8904162e-05,3.512494e-06,1.8116665e-05,1.934166e-05,1.9145831e-05,1.740416e-05,-1.70835e-07,1.7933329e-05,1.9320829e-05,1.9058331e-05,1.8520832e-05,1.9274998e-05
12,193,373.912,0.07,1.8037494e-05,2.158332e-06,1.9599995e-05,1.9983332e-05,1.91125e-05,3.54166e-06,1.8229166e-05,1.9487492e-05,1.9162497e-05,1.7520833e-05,-1.75007e-07,1.8062496e-05,1.9504165e-05,1.9245832e-05,1.8591667e-05,1.9333331e-05
12,194,374.055,0.06,1.8208329e-05,2.216665e-06,1.9654162e-05,1.997083e-05,1.9162497e-05,3.566662e-06,1.8404166e-05,1.9599995e-05,1.9320829e-05,1.7612498e-05,-1.79172e-07,1.8174998e-05,1.9554162e-05,1.9283327e-05,1.8662493e-05,1.9433332e-05
12,195,374.198,0.05,1.8383329e-05,2.220829e-06,1.9783331e-05,1.9895831e-05,1.92875e-05,3.545833e-06,1.8487493e-05,1.9662499e-05,1.9504165e-05,1.769166e-05,-1.6667e-07,1.8299992e-05,1.9699995e-05,1.9462497e-05,1.878333e-05,1.9770829e-05
12,196,374.341,0.04,1.842916e-05,2.220829e-06,1.9870829e-05,2.0099997e-05,1.9249996e-05,3.704158e-06,1.8591667e-05,1.9774994e-05,1.9562498e-05,1.7745828e-05,-1.6667e-07,1.8408331e-05,1.9749999e-05,1.9549998e-05,1.8862494e-05,1.9620831e-05
12,197,374.484,0.03,1.8670829e-05,2.241659e-06,1.9995832e-05,2.0204163e-05,1.9491665e-05,3.516658e-06,1.8733326e-05,1.9912497e-05,1.9708332e-05,1.7916664e-05,-1.29175e-07,1.842916e-05,1.9866666e-05,1.9637497e-05,1.9020828e-05,1.9741663e-05
12,198,374.627,0.02,1.8658327e-05,2.274998e-06,2.0049993e-05,2.0274996e-05,1.9395828e-05,3.670827e-06,1.8974995e-05,2.0033327e-05,1.9799996e-05,1.8058332e-05,-1.54169e-07,1.8595831e-05,1.9945828e-05,1.97625e-05,1.91125e-05,1.9733325e-05
12,199,374.77,0.01,1.8916662e-05,2.304165e-06,2.0208327e-05,2.0424994e-05,1.9645826e-05,3.616659e-06,1.9016663e-05,2.0212499e-05,1.9879166e-05,1.8054159e-05,-1.41668e-07,1.8670829e-05,2.0045829e-05,1.9879166e-05,1.9266661e-05,1.9904161e-05
12,200,374.913,0.0,1.8787496e-05,2.266661e-06,2.0270832e-05,2.04875e-05,1.9620831e-05,3.537496e-06,1.9062496e-05,2.0183334e-05,1.9933326e-05,1.8216666e-05,-1.41668e-07,1.878333e-05,2.015833e-05,1.9979159e-05,1.923333e-05,2.0012498e-05
,,,,,,,,,,,,,,,,,,,,12,0.63,0.65,0.75,0.76,0.74,0.76,0.65,0.73,0.69,0.72,0.09,0.65,0.71,0.71,0.69,0.71,0.72,0.71,0.81,0.8,0.8,0.79,0.74,0.78,0.75,0.78,0.88,0.72,0.77,0.75,0.75,0.75
13,0,375.173,0.0,1.8845829e-05,2.220829e-06,2.0279162e-05,2.060833e-05,1.9716661e-05,3.595829e-06,1.9108327e-05,2.0224992e-05,2.0108326e-05,1.8233332e-05,-1.62506e-07,1.8816661e-05,2.0162495e-05,2.0083333e-05,1.9404164e-05,2.0054165e-05
13,1,375.316,0.01,1.8799996e-05,2.258333e-06,2.0308327e-05,2.0649997e-05,1.9583329e-05,3.62916e-06,1.8895833e-05,2.0220828e-05,2.0020827e-05,1.8233332e-05,-1.25003e-07,1.8724997e-05,2.0112499e-05,1.9933326e-05,1.9395828e-05,1.9962494e-05
13,2,375.459,0.02,1.8720826e-05,2.329159e-06,2.025416e-05,2.0424994e-05,1.9537496e-05,3.599993e-06,1.8858329e-05,2.0149993e-05,1.9841664e-05,1.8183327e-05,-1.08337e-07,1.8574992e-05,2.0133328e-05,1.9837498e-05,1.9312492e-05,2.0008325e-05
13,3,375.602,0.03,1.8533334e-05,2.299992e-06,2.0258331e-05,2.0574998e-05,1.9499994e-05,3.658326e-06,1.8654164e-05,2.0025e-05,1.9787494e-05,1.8133331e-05,-1.08337e-07,1.8349998e-05,1.9899997e-05,1.9795831e-05,1.9304165e-05,1.9820833e-05
13,4,375.745,0.04,1.8449999e-05,2.366662e-06,2.0025e-05,2.0224992e-05,1.9533332e-05,3.674992e-06,1.8595831e-05,1.9954165e-05,1.9691666e-05,1.7941666e-05,-6.2505e-08,1.834166e-05,1.9904161e-05,1.9687493e-05,1.9037492e-05,1.9895831e-05
13,5,375.888,0.05,1.8266663e-05,2.34166e-06,1.9954165e-05,2.0095833e-05,1.9274998e-05,3.645825e-06,1.8487493e-05,1.9895831e-05,1.9537496e-05,1.7974997e-05,-6.667e-08,1.8199993e-05,1.9766665e-05,1.9541661e-05,1.8870831e-05,1.9645826e-05
13,6,376.031,0.06,1.8174998e-05,2.34166e-06,1.9870829e-05,2.0070831e-05,1.9145831e-05,3.62916e-06,1.8291665e-05,1.9791667e-05,1.9399993e-05,1.7849994e-05,-6.2505e-08,1.8112492e-05,1.9674993e-05,1.9441661e-05,1.8858329e-05,1.9491665e-05
13,7,376.174,0.07,1.8158333e-05,2.34166e-06,1.9791667e-05,1.9999998e-05,1.9320829e-05,3.633332e-06,1.8208329e-05,1.9645826e-05,1.9320829e-05,1.7799997e-05,-6.667e-08,1.797916e-05,1.9516667e-05,1.9262498e-05,1.8762494e-05,1.9333331e-05
13,8,376.317,0.08,1.786666e-05,2.424995e-06,1.9620831e-05,1.9912497e-05,1.895833e-05,3.741662e-06,1.822083e-05,1.9599995e-05,1.9191662e-05,1.7633327e-05,-5.0004e-08,1.7849994e-05,1.9404164e-05,1.9220828e-05,1.8654164e-05,1.9279161e-05
13,9,376.46,0.09,1.7745828e-05,2.349997e-06,1.9608331e-05,1.9795831e-05,1.8929164e-05,3.587492e-06,1.8008328e-05,1.9612495e-05,1.9058331e-05,1.7574994e-05,4.164e-09,1.7658329e-05,1.9324994e-05,1.9087498e-05,1.8545827e-05,1.9162497e-05
13,10,376.603,0.1,1.7579167e-05,2.374999e-06,1.952916e-05,1.9699995e-05,1.8849993e-05,3.612495e-06,1.7749993e-05,1.9441661e-05,1.9049994e-05,1.7524997e-05,-8.337e-09,1.7545828e-05,1.9270834e-05,1.8929164e-05,1.8475001e-05,1.9099998e-05
13,11,376.746,0.11,1.7483329e-05,2.366662e-06,1.93875e-05,1.961666e-05,1.8687495e-05,3.599993e-06,1.7595832e-05,1.9324994e-05,1.8808332e-05,1.7383329e-05,-3.3339e-08,1.7391665e-05,1.9145831e-05,1.8799996e-05,1.832916e-05,1.8941664e-05
13,12,376.889,0.12,1.7249997e-05,2.420831e-06,1.9308329e-05,1.9504165e-05,1.8574992e-05,3.645825e-06,1.7470829e-05,1.9270834e-05,1.8774994e-05,1.7349998e-05,1.2493e-08,1.7216667e-05,1.8999997e-05,1.8733326e-05,1.8241661e-05,1.8849993e-05
13,13,377.032,0.13,1.7108328e-05,2.391664e-06,1.9216664e-05,1.9374998e-05,1.8454162e-05,3.62916e-06,1.7329161e-05,1.9058331e-05,1.8624996e-05,1.7216667e-05,-3.3339e-08,1.7149996e-05,1.8937493e-05,1.8579165e-05,1.8137494e-05,1.8712497e-05
13,14,377.175,0.14,1.6991664e-05,2.379163e-06,1.9012499e-05,1.9224994e-05,1.8358325e-05,3.599993e-06,1.712083e-05,1.8962495e-05,1.8533334e-05,1.7116667e-05,-4.172e-09,1.6929165e-05,1.8758328e-05,1.8337496e-05,1.7941666e-05,1.8608333e-05
13,15,377.318,0.15,1.6791662e-05,2.404165e-06,1.8979161e-05,1.9145831e-05,1.8266663e-05,3.612495e-06,1.6970833e-05,1.8912498e-05,1.8404166e-05,1.7066661e-05,2.9159e-08,1.6758331e-05,1.8679166e-05,1.8291665e-05,1.8062496e-05,1.8412495e-05
13,16,377.461,0.16,1.6645829e-05,2.441661e-06,1.8858329e-05,1.9012499e-05,1.814166e-05,3.570827e-06,1.6829164e-05,1.8799996e-05,1.8404166e-05,1.6983326e-05,2.083e-08,1.6612497e-05,1.8545827e-05,1.8199993e-05,1.7666665e-05,1.8333332e-05
13,17,377.604,0.17,1.6508333e-05,2.433332e-06,1.8712497e-05,1.887916e-05,1.7920827e-05,3.583328e-06,1.6620827e-05,1.8662493e-05,1.803333e-05,1.6729164e-05,9.9993e-08,1.6424998e-05,1.8404166e-05,1.7974997e-05,1.7574994e-05,1.8187498e-05
13,18,377.748,0.18,1.6199994e-05,2.379163e-06,1.8587494e-05,1.8754165e-05,1.7941666e-05,3.570827e-06,1.6499996e-05,1.8520832e-05,1.7874996e-05,1.6687496e-05,-8.337e-09,1.622916e-05,1.8249997e-05,1.7862494e-05,1.7449998e-05,1.8016664e-05
13,19,377.891,0.19,1.6012495e-05,2.374999e-06,1.8408331e-05,1.8654164e-05,1.7783332e-05,3.549997e-06,1.6304159e-05,1.8420831e-05,1.7766666e-05,1.6512497e-05,4.164e-09,1.6145825e-05,1.8116665e-05,1.7754166e-05,1.7266662e-05,1.7895825e-05
13,20,378.034,0.2,1.583333e-05,2.383327e-06,1.8349998e-05,1.8570829e-05,1.7599996e-05,3.62916e-06,1.6166663e-05,1.8299992e-05,1.7616661e-05,1.6370828e-05,3.3331e-08,1.6029158e-05,1.8108329e-05,1.7604159e-05,1.7145832e-05,1.7720826e-05
13,21,378.177,0.21,1.5612499e-05,2.337496e-06,1.8266663e-05,1.842916e-05,1.7549999e-05,3.599993e-06,1.5966662e-05,1.8191664e-05,1.7466664e-05,1.6320833e-05,3.3331e-08,1.5870826e-05,1.7929164e-05,1.7379165e-05,1.7074999e-05,1.758333e-05
13,22,378.32,0.22,1.5483332e-05,2.358325e-06,1.8091663e-05,1.8245832e-05,1.7374992e-05,3.562498e-06,1.5724992e-05,1.8104163e-05,1.729583e-05,1.6112495e-05,2.083e-08,1.5483332e-05,1.769166e-05,1.7283328e-05,1.684583e-05,1.7466664e-05
13,23,378.463,0.23,1.5237499e-05,2.32083e-06,1.7937493e-05,1.8112492e-05,1.7262499e-05,3.533332e-06,1.5633328e-05,1.7916664e-05,1.7154161e-05,1.59875e-05,-8e-12,1.5374993e-05,1.7716662e-05,1.713333e-05,1.6745829e-05,1.729583e-05
13,24,378.606,0.24,1.5079165e-05,2.295828e-06,1.7745828e-05,1.7987497e-05,1.7099992e-05,3.504165e-06,1.5429163e-05,1.7812499e-05,1.7012493e-05,1.5829166e-05,3.7495e-08,1.5174993e-05,1.7366663e-05,1.6916665e-05,1.6637492e-05,1.7087499e-05
13,25,378.749,0.25,1.4883328e-05,2.366662e-06,1.786666e-05,1.7837492e-05,1.695416e-05,3.558326e-06,1.5195831e-05,1.7649993e-05,1.6824992e-05,1.5720829e-05,1.6665e-08,1.5008331e-05,1.7324995e-05,1.6920829e-05,1.6445827e-05,1.6958333e-05
13,26,378.892,0.26,1.4670833e-05,2.295828e-06,1.7687496e-05,1.7762493e-05,1.6799999e-05,3.462497e-06,1.4979164e-05,1.7524997e-05,1.6616663e-05,1.5554166e-05,2.9159e-08,1.4812494e-05,1.7037495e-05,1.6674996e-05,1.6349999e-05,1.677916e-05
13,27,379.035,0.27,1.4462495e-05,2.291664e-06,1.7320832e-05,1.7495831e-05,1.6649994e-05,3.483327e-06,1.4770826e-05,1.7324995e-05,1.6599997e-05,1.5433327e-05,1.6665e-08,1.4629165e-05,1.6916665e-05,1.6470829e-05,1.6279166e-05,1.6587495e-05
13,28,379.178,0.28,1.4262493e-05,2.299992e-06,1.7249997e-05,1.740416e-05,1.6499996e-05,3.508329e-06,1.4554159e-05,1.7175e-05,1.6404159e-05,1.5266665e-05,3.3331e-08,1.439166e-05,1.6824992e-05,1.6258327e-05,1.5849995e-05,1.6437498e-05
13,29,379.321,0.29,1.4020832e-05,2.324995e-06,1.7054161e-05,1.7162498e-05,1.6408332e-05,3.566662e-06,1.4366667e-05,1.7124994e-05,1.6091664e-05,1.5237499e-05,5.8325e-08,1.420416e-05,1.6595832e-05,1.610833e-05,1.5708327e-05,1.6237498e-05
13,30,379.464,0.3,1.3779163e-05,2.308329e-06,1.6908327e-05,1.7149996e-05,1.6208331e-05,3.470826e-06,1.4116661e-05,1.69e-05,1.5937496e-05,1.4941661e-05,8.329e-09,1.4029161e-05,1.639583e-05,1.5845832e-05,1.5624992e-05,1.6141661e-05
13,31,379.607,0.31,1.3566661e-05,2.324995e-06,1.6762495e-05,1.6887498e-05,1.610833e-05,3.529159e-06,1.4008331e-05,1.6783333e-05,1.5741665e-05,1.482083e-05,3.3331e-08,1.3783328e-05,1.6199994e-05,1.5716663e-05,1.5437499e-05,1.5808328e-05
13,32,379.75,0.32,1.3304162e-05,2.324995e-06,1.6533328e-05,1.6720827e-05,1.5779162e-05,3.52083e-06,1.3812494e-05,1.6579159e-05,1.5545829e-05,1.4720829e-05,4.5832e-08,1.3624994e-05,1.6070826e-05,1.5508325e-05,1.5224997e-05,1.5637494e-05
13,33,379.893,0.33,1.3179159e-05,2.324995e-06,1.639583e-05,1.6633328e-05,1.564583e-05,3.416665e-06,1.3524993e-05,1.6454163e-05,1.5316662e-05,1.4520828e-05,8.7492e-08,1.3370832e-05,1.5816664e-05,1.5299996e-05,1.5062499e-05,1.5404161e-05
13,34,380.036,0.34,1.2837498e-05,2.337496e-06,1.6183329e-05,1.6399996e-05,1.5499998e-05,3.466662e-06,1.3362495e-05,1.6287493e-05,1.5112495e-05,1.4366667e-05,7.4999e-08,1.3074994e-05,1.5699998e-05,1.5087493e-05,1.4862498e-05,1.5262493e-05
13,35,380.179,0.35,1.2637496e-05,2.316666e-06,1.5962498e-05,1.6208331e-05,1.5320826e-05,3.391663e-06,1.3099996e-05,1.622916e-05,1.4958326e-05,1.4187495e-05,2.9159e-08,1.2849999e-05,1.5520827e-05,1.490833e-05,1.4670833e-05,1.5066664e-05
13,36,380.322,0.36,1.2387498e-05,2.291664e-06,1.5799998e-05,1.6033331e-05,1.5079165e-05,3.383326e-06,1.2779165e-05,1.5974998e-05,1.4691663e-05,1.3970828e-05,3.7495e-08,1.2595829e-05,1.5245827e-05,1.4641666e-05,1.4429164e-05,1.4916666e-05
13,37,380.465,0.37,1.2129164e-05,2.220829e-06,1.5641666e-05,1.5862497e-05,1.4924995e-05,3.404164e-06,1.2558333e-05,1.5695827e-05,1.4441665e-05,1.3862498e-05,6.2497e-08,1.2404163e-05,1.5066664e-05,1.4466659e-05,1.4287496e-05,1.4645831e-05
13,38,380.608,0.38,1.1791666e-05,2.258333e-06,1.5487496e-05,1.564583e-05,1.4737495e-05,3.399992e-06,1.2279161e-05,1.5537493e-05,1.4404161e-05,1.3716666e-05,4.5832e-08,1.2112499e-05,1.4833331e-05,1.4262493e-05,1.4058328e-05,1.4425e-05
13,39,380.751,0.39,1.152916e-05,2.237495e-06,1.5191667e-05,1.547916e-05,1.4554159e-05,3.374998e-06,1.2049993e-05,1.5316662e-05,1.4162492e-05,1.3491663e-05,7.0826e-08,1.1895831e-05,1.465416e-05,1.4062492e-05,1.382916e-05,1.4187495e-05
13,40,380.894,0.4,1.1258332e-05,2.229158e-06,1.5074992e-05,1.5224997e-05,1.4333327e-05,3.383326e-06,1.180416e-05,1.5141662e-05,1.3754161e-05,1.3354166e-05,9.9993e-08,1.1666663e-05,1.4408326e-05,1.3812494e-05,1.3562497e-05,1.3974993e-05
13,41,381.037,0.41,1.0991661e-05,2.220829e-06,1.4808329e-05,1.4970827e-05,1.4179166e-05,3.33333e-06,1.1495828e-05,1.4933332e-05,1.3595827e-05,1.3129163e-05,7.0826e-08,1.1358333e-05,1.4195832e-05,1.353333e-05,1.3308327e-05,1.3624994e-05
13,42,381.18,0.42,1.0708332e-05,2.208328e-06,1.4645831e-05,1.4866662e-05,1.3904166e-05,3.358332e-06,1.1220829e-05,1.475416e-05,1.325833e-05,1.3037499e-05,3.7495e-08,1.104583e-05,1.3937497e-05,1.3245829e-05,1.3112497e-05,1.3504164e-05
13,43,381.324,0.43,1.0383328e-05,2.204164e-06,1.4337492e-05,1.46125e-05,1.3674999e-05,3.33333e-06,1.0970831e-05,1.4599998e-05,1.3041663e-05,1.2741662e-05,1.16658e-07,1.0820826e-05,1.3716666e-05,1.3104161e-05,1.291666e-05,1.3199997e-05
13,44,381.467,0.44,1.0020828e-05,2.137494e-06,1.4120833e-05,1.4379159e-05,1.3454159e-05,3.366661e-06,1.0649999e-05,1.4337492e-05,1.2720831e-05,1.2462497e-05,1.58326e-07,1.049583e-05,1.3479162e-05,1.279583e-05,1.2574998e-05,1.2937498e-05
13,45,381.61,0.45,9.741664e-06,2.145831e-06,1.3874999e-05,1.4187495e-05,1.319166e-05,3.295827e-06,1.032916e-05,1.4095831e-05,1.2466661e-05,1.2233329e-05,7.4999e-08,1.0229166e-05,1.3229163e-05,1.2516665e-05,1.2299998e-05,1.2604165e-05
13,46,381.753,0.46,9.470828e-06,2.191663e-06,1.3679162e-05,1.3895829e-05,1.2970829e-05,3.299999e-06,1.0137494e-05,1.3899994e-05,1.2187496e-05,1.20375e-05,4.164e-09,9.966659e-06,1.28625e-05,1.2199998e-05,1.2020826e-05,1.2391662e-05
13,47,381.896,0.47,9.066661e-06,2.049994e-06,1.3462496e-05,1.3662498e-05,1.2720831e-05,3.316665e-06,9.712498e-06,1.3645832e-05,1.1862493e-05,1.1841663e-05,6.2497e-08,9.549999e-06,1.2749998e-05,1.197083e-05,1.1799995e-05,1.2033327e-05
13,48,382.039,0.48,8.75833e-06,2.079161e-06,1.3241664e-05,1.343333e-05,1.2512493e-05,3.274997e-06,9.433325e-06,1.3399998e-05,1.1575e-05,1.1562498e-05,8.3327e-08,9.249997e-06,1.2358331e-05,1.1641661e-05,1.1449996e-05,1.1770829e-05
13,49,382.182,0.49,8.41666e-06,2.020828e-06,1.2912496e-05,1.3137499e-05,1.2254159e-05,3.241658e-06,9.124994e-06,1.3120826e-05,1.1254159e-05,1.1345832e-05,8.3327e-08,8.945831e-06,1.1999997e-05,1.1462498e-05,1.1162496e-05,1.1416666e-05
13,50,382.325,0.5,8.12916e-06,2.008327e-06,1.2662498e-05,1.2899995e-05,1.2029163e-05,3.237494e-06,8.833329e-06,1.28625e-05,1.0920827e-05,1.1129165e-05,1.04165e-07,8.654165e-06,1.1699995e-05,1.1137494e-05,1.0904161e-05,1.1129165e-05
13,51,382.468,0.51,7.720828e-06,2.004163e-06,1.2420829e-05,1.2612494e-05,1.1729161e-05,3.204163e-06,8.495832e-06,1.2624995e-05,1.0558327e-05,1.0862494e-05,9.1664e-08,8.304159e-06,1.1416666e-05,1.0662492e-05,1.0658327e-05,1.0833327e-05
13,52,382.611,0.52,7.420826e-06,1.987497e-06,1.2116662e-05,1.2304163e-05,1.1433332e-05,3.179161e-06,8.133332e-06,1.2387498e-05,1.0212493e-05,1.0620833e-05,8.3327e-08,8.024995e-06,1.1120828e-05,1.0424996e-05,1.0216665e-05,1.0462499e-05
13,53,382.754,0.53,7.070827e-06,1.958331e-06,1.1770829e-05,1.1945828e-05,1.123333e-05,3.183325e-06,7.749994e-06,1.205833e-05,9.887497e-06,1.0308329e-05,9.1664e-08,7.645829e-06,1.0741663e-05,9.995826e-06,9.862494e-06,1.0083326e-05
13,54,382.897,0.54,6.73333e-06,1.916663e-06,1.1412493e-05,1.1674992e-05,1.0866665e-05,3.137493e-06,7.424998e-06,1.1762492e-05,9.499995e-06,1.0079161e-05,1.12494e-07,7.320825e-06,1.040833e-05,9.658329e-06,9.491666e-06,9.704161e-06
13,55,383.04,0.55,6.416662e-06,1.891661e-06,1.1133329e-05,1.1345832e-05,1.0558327e-05,3.095826e-06,7.070827e-06,1.1433332e-05,9.133331e-06,9.833328e-06,7.0826e-08,6.999993e-06,1.00125e-05,9.316659e-06,9.149996e-06,9.333332e-06
13,56,383.183,0.56,6.09583e-06,1.866659e-06,1.0795831e-05,1.1037493e-05,1.0174997e-05,3.095826e-06,6.749995e-06,1.1104163e-05,8.737493e-06,9.483329e-06,1.37496e-07,6.674997e-06,9.616661e-06,8.937494e-06,8.749994e-06,8.949995e-06
13,57,383.326,0.57,5.824995e-06,1.833328e-06,1.0462499e-05,1.0699995e-05,9.824999e-06,3.037492e-06,6.462495e-06,1.0799996e-05,8.283329e-06,9.204166e-06,1.33332e-07,6.324999e-06,9.229159e-06,8.579159e-06,8.395831e-06,8.558329e-06
13,58,383.469,0.58,5.549995e-06,1.787496e-06,1.015416e-05,1.0383328e-05,9.491666e-06,3.004161e-06,6.070828e-06,1.0424996e-05,7.962497e-06,8.974997e-06,9.5828e-08,6.099995e-06,8.883325e-06,8.187492e-06,8.033331e-06,8.187492e-06
13,59,383.612,0.59,5.387497e-06,1.804161e-06,9.799997e-06,1.0054159e-05,9.212494e-06,3.004161e-06,5.837496e-06,1.0091662e-05,7.583332e-06,8.654165e-06,9.1664e-08,5.883328e-06,8.491659e-06,7.862496e-06,7.687497e-06,7.85416e-06
13,60,383.755,0.6,5.141664e-06,1.799997e-06,9.458327e-06,9.7375e-06,8.895826e-06,2.95833e-06,5.599999e-06,9.733327e-06,7.224997e-06,8.349999e-06,7.9163e-08,5.691663e-06,8.124995e-06,7.487496e-06,7.308332e-06,7.474995e-06
13,61,383.898,0.61,5.041663e-06,1.762493e-06,9.087499e-06,9.39583e-06,8.499996e-06,2.937492e-06,5.433329e-06,9.545827e-06,6.808329e-06,8.104165e-06,1.49997e-07,5.566661e-06,7.708327e-06,7.108331e-06,6.945832e-06,7.108331e-06
13,62,384.041,0.62,4.954163e-06,1.779159e-06,8.766659e-06,9.02083e-06,8.166663e-06,2.879159e-06,5.249993e-06,8.995827e-06,6.491661e-06,7.783326e-06,1.29159e-07,5.408327e-06,7.316661e-06,6.774998e-06,6.608327e-06,6.758332e-06
13,63,384.184,0.63,4.937498e-06,1.799997e-06,8.387494e-06,8.599996e-06,7.795827e-06,2.858329e-06,5.099996e-06,8.641664e-06,6.212497e-06,7.495833e-06,1.12494e-07,5.266658e-06,7.004166e-06,6.424999e-06,6.237499e-06,6.374995e-06
13,64,384.327,0.64,4.962492e-06,1.808325e-06,8.062498e-06,8.270827e-06,7.454165e-06,2.808333e-06,5.062493e-06,8.29583e-06,5.820831e-06,7.254163e-06,1.24995e-07,5.220827e-06,6.587497e-06,6.18333e-06,5.945826e-06,6.104159e-06
13,65,384.47,0.65,4.954163e-06,1.804161e-06,7.637493e-06,7.891663e-06,7.049998e-06,2.766665e-06,5.041663e-06,7.924994e-06,5.599999e-06,7.058326e-06,1.4166e-07,5.229163e-06,6.337492e-06,5.90833e-06,5.695828e-06,5.804165e-06
13,66,384.613,0.66,5.062493e-06,1.816662e-06,7.333326e-06,7.545829e-06,6.720829e-06,2.729162e-06,5.058328e-06,7.566658e-06,5.345829e-06,6.745831e-06,1.4166e-07,5.312499e-06,6.008331e-06,5.599999e-06,5.474997e-06,5.549995e-06
13,67,384.756,0.67,5.199997e-06,1.833328e-06,6.979164e-06,7.158327e-06,6.39166e-06,2.695831e-06,5.149992e-06,7.237498e-06,5.174994e-06,6.691662e-06,9.1664e-08,5.370831e-06,5.733331e-06,5.416663e-06,5.283332e-06,5.337492e-06
13,68,384.9,0.68,5.35833e-06,1.837492e-06,6.616664e-06,6.795828e-06,6.062492e-06,2.624997e-06,5.25833e-06,6.937496e-06,5.062493e-06,6.358329e-06,1.74991e-07,5.504163e-06,5.483325e-06,5.241664e-06,5.129163e-06,5.187495e-06
13,69,385.043,0.69,5.641659e-06,1.904162e-06,6.312498e-06,6.508326e-06,5.733331e-06,2.562499e-06,5.462496e-06,6.649995e-06,5.012496e-06,6.212497e-06,1.04165e-07,5.729159e-06,5.308326e-06,5.116661e-06,5.145828e-06,5.108333e-06
13,70,385.186,0.7,5.895829e-06,1.891661e-06,5.99583e-06,6.195831e-06,5.391661e-06,2.504166e-06,5.587498e-06,6.39166e-06,5.012496e-06,6.104159e-06,1.16658e-07,5.862498e-06,5.166666e-06,5.066665e-06,5.108333e-06,5.074994e-06
13,71,385.329,0.71,6.070828e-06,1.899997e-06,5.737495e-06,5.970828e-06,5.224999e-06,2.470827e-06,5.708329e-06,6.212497e-06,5.07083e-06,6.008331e-06,1.20831e-07,6.037497e-06,5.137499e-06,5.062493e-06,5.19166e-06,5.062493e-06
13,72,385.472,0.72,6.324999e-06,1.949994e-06,5.524993e-06,5.712493e-06,5.049992e-06,2.483328e-06,5.966663e-06,6.087494e-06,5.158329e-06,5.966663e-06,1.04165e-07,6.241663e-06,5.058328e-06,5.087495e-06,5.266658e-06,5.158329e-06
13,73,385.615,0.73,6.624993e-06,1.966659e-06,5.437493e-06,5.558332e-06,4.854162e-06,2.395828e-06,6.258329e-06,5.999994e-06,5.299997e-06,5.895829e-06,1.24995e-07,6.612492e-06,5.112497e-06,5.237492e-06,5.424992e-06,5.304162e-06
13,74,385.758,0.74,6.924995e-06,1.987497e-06,5.270831e-06,5.412499e-06,4.816659e-06,2.420831e-06,6.495825e-06,5.966663e-06,5.549995e-06,5.870827e-06,1.49997e-07,6.8875e-06,5.212498e-06,5.383333e-06,5.658333e-06,5.487498e-06
13,75,385.901,0.75,7.220833e-06,2.04583e-06,5.174994e-06,5.391661e-06,4.791665e-06,2.424995e-06,6.82083e-06,6.045826e-06,5.824995e-06,5.912495e-06,1.54161e-07,7.224997e-06,5.345829e-06,5.570825e-06,5.999994e-06,5.74166e-06
13,76,386.044,0.76,7.549993e-06,2.074997e-06,5.233328e-06,5.345829e-06,4.874993e-06,2.395828e-06,7.041661e-06,6.116661e-06,6.045826e-06,5.933332e-06,1.49997e-07,7.495833e-06,5.574997e-06,5.866663e-06,6.108331e-06,5.966663e-06
13,77,386.187,0.77,7.804163e-06,2.112492e-06,5.25833e-06,5.399998e-06,4.974993e-06,2.374999e-06,7.30416e-06,6.266665e-06,6.316662e-06,5.991666e-06,1.58326e-07,7.787497e-06,5.787492e-06,6.099995e-06,6.383332e-06,6.199996e-06
13,78,386.33,0.78,8.087492e-06,2.124993e-06,5.391661e-06,5.504163e-06,5.083331e-06,2.433332e-06,7.599997e-06,6.404161e-06,6.699999e-06,6.079165e-06,1.49997e-07,8.10833e-06,6.091658e-06,6.399997e-06,6.579161e-06,6.574996e-06
13,79,386.473,0.79,8.337498e-06,2.15416e-06,5.537494e-06,5.779163e-06,5.274995e-06,2.483328e-06,7.770833e-06,6.537493e-06,6.987492e-06,6.195831e-06,1.33332e-07,8.366665e-06,6.358329e-06,6.691662e-06,6.829158e-06,6.824994e-06
13,80,386.616,0.8,8.641664e-06,2.179162e-06,5.716666e-06,5.84166e-06,5.524993e-06,2.541661e-06,8.054161e-06,6.812493e-06,7.329162e-06,6.295832e-06,1.66663e-07,8.65833e-06,6.654159e-06,7.024995e-06,7.104159e-06,7.158327e-06
13,81,386.759,0.81,8.908328e-06,2.195827e-06,5.866663e-06,6.033325e-06,5.84166e-06,2.612495e-06,8.337498e-06,6.949997e-06,7.595825e-06,6.433328e-06,1.54161e-07,8.849995e-06,6.954161e-06,7.324998e-06,7.349992e-06,7.49166e-06
13,82,386.902,0.82,9.12083e-06,2.204164e-06,6.062492e-06,6.245828e-06,6.020832e-06,2.554162e-06,8.583331e-06,7.141662e-06,7.908328e-06,6.583325e-06,1.58326e-07,9.187492e-06,7.187494e-06,7.595825e-06,7.587496e-06,7.787497e-06
13,83,387.045,0.83,9.404159e-06,2.291664e-06,6.258329e-06,6.454166e-06,6.358329e-06,2.599994e-06,8.795826e-06,7.349992e-06,8.241662e-06,6.712492e-06,1.20831e-07,9.441662e-06,7.529163e-06,7.949996e-06,7.804163e-06,8.145825e-06
13,84,387.188,0.84,9.574994e-06,2.291664e-06,6.466659e-06,6.620828e-06,6.591662e-06,2.570828e-06,8.991663e-06,7.466666e-06,8.499996e-06,6.787499e-06,1.54161e-07,9.729163e-06,7.808328e-06,8.283329e-06,8.04166e-06,8.462493e-06
13,85,387.331,0.85,9.854166e-06,2.32083e-06,6.687498e-06,6.824994e-06,6.904165e-06,2.620832e-06,9.245833e-06,7.724992e-06,8.874997e-06,7.016659e-06,1.62498e-07,9.920827e-06,8.070827e-06,8.595832e-06,8.241662e-06,8.833329e-06
13,86,387.474,0.86,1.0029165e-05,2.279162e-06,6.841659e-06,6.999993e-06,7.174993e-06,2.633325e-06,9.658329e-06,7.837494e-06,9.12083e-06,7.11666e-06,1.91665e-07,1.0149995e-05,8.404159e-06,8.837494e-06,8.454163e-06,9.137495e-06
13,87,387.617,0.87,1.0283327e-05,2.370826e-06,6.949997e-06,7.19583e-06,7.429162e-06,2.674993e-06,9.7375e-06,8.029159e-06,9.508331e-06,7.299996e-06,1.95829e-07,1.040833e-05,8.612497e-06,9.166662e-06,8.641664e-06,9.424996e-06
13,88,387.76,0.88,1.049583e-05,2.324995e-06,7.229161e-06,7.349992e-06,7.74583e-06,2.699995e-06,9.983333e-06,8.174999e-06,9.845829e-06,7.433327e-06,1.99993e-07,1.0662492e-05,8.958332e-06,9.491666e-06,8.887498e-06,9.733327e-06
13,89,387.903,0.89,1.0645826e-05,2.354161e-06,7.387495e-06,7.570831e-06,8.037496e-06,2.679165e-06,1.0170826e-05,8.424998e-06,9.916663e-06,7.724992e-06,1.95829e-07,1.0829162e-05,9.195828e-06,9.774994e-06,9.129159e-06,1.00125e-05
13,90,388.046,0.9,1.0908326e-05,2.437496e-06,7.624992e-06,7.654166e-06,8.283329e-06,2.762492e-06,1.0404166e-05,8.595832e-06,1.0204164e-05,7.879162e-06,1.58326e-07,1.1054166e-05,9.533326e-06,9.962495e-06,9.275e-06,1.0312494e-05
13,91,388.189,0.91,1.1004162e-05,2.391664e-06,7.770833e-06,7.879162e-06,8.520826e-06,2.795831e-06,1.0587493e-05,8.824993e-06,1.0433332e-05,7.920829e-06,2.20831e-07,1.123333e-05,9.774994e-06,1.0270826e-05,9.537498e-06,1.0591666e-05
13,92,388.333,0.92,1.1333331e-05,2.404165e-06,7.94166e-06,8.066662e-06,8.762495e-06,2.808333e-06,1.080416e-05,9.012492e-06,1.0745827e-05,8.220832e-06,1.66663e-07,1.1449996e-05,1.0020828e-05,1.0554163e-05,9.674995e-06,1.0883331e-05
13,93,388.476,0.93,1.1379162e-05,2.416658e-06,8.170828e-06,8.137496e-06,9.029166e-06,2.795831e-06,1.1012498e-05,9.22083e-06,1.0970831e-05,8.249998e-06,2.33332e-07,1.160833e-05,1.032083e-05,1.0816661e-05,9.941666e-06,1.114583e-05
13,94,388.619,0.94,1.1595829e-05,2.383327e-06,8.474994e-06,8.354164e-06,9.266662e-06,2.816661e-06,1.123333e-05,9.383329e-06,1.1212492e-05,8.445827e-06,1.49997e-07,1.1724997e-05,1.0558327e-05,1.1091662e-05,1.0104163e-05,1.1387499e-05
13,95,388.762,0.95,1.1704159e-05,2.416658e-06,8.641664e-06,8.541663e-06,9.533326e-06,2.87083e-06,1.1399992e-05,9.599996e-06,1.144166e-05,8.620827e-06,2.0833e-07,1.1954165e-05,1.0883331e-05,1.1287499e-05,1.0312494e-05,1.169583e-05
13,96,388.905,0.96,1.1908332e-05,2.470827e-06,8.854158e-06,8.674995e-06,9.679158e-06,2.858329e-06,1.1633332e-05,9.799997e-06,1.162916e-05,8.820828e-06,2.12495e-07,1.2045829e-05,1.1170832e-05,1.1566663e-05,1.0566664e-05,1.1854164e-05
13,97,389.048,0.97,1.2095833e-05,2.416658e-06,9.291664e-06,8.820828e-06,9.95833e-06,2.920826e-06,1.1816661e-05,9.991661e-06,1.1870829e-05,8.974997e-06,2.16659e-07,1.2224992e-05,1.1333331e-05,1.1824997e-05,1.0912498e-05,1.2174995e-05
13,98,389.191,0.98,1.2191661e-05,2.424995e-06,9.445826e-06,9.024993e-06,1.015416e-05,2.883331e-06,1.2033327e-05,1.0204164e-05,1.2099998e-05,9.112493e-06,1.99993e-07,1.2420829e-05,1.1649998e-05,1.197083e-05,1.1008327e-05,1.2341667e-05
13,99,389.334,0.99,1.2316664e-05,2.52916e-06,9.624998e-06,9.12083e-06,1.0316666e-05,2.962494e-06,1.2237493e-05,1.0287499e-05,1.2258331e-05,9.295829e-06,2.37497e-07,1.2508329e-05,1.1820833e-05,1.2320828e-05,1.116666e-05,1.2574998e-05
13,100,389.477,1.0,1.2441659e-05,2.470827e-06,9.787496e-06,9.383329e-06,1.0520832e-05,2.920826e-06,1.234583e-05,1.0562499e-05,1.2470826e-05,9.449998e-06,2.20831e-07,1.2624995e-05,1.2083332e-05,1.2395827e-05,1.1404165e-05,1.2733332e-05
13,101,389.62,0.99,1.2287497e-05,2.391664e-06,9.708333e-06,9.099992e-06,1.0258333e-05,2.949993e-06,1.2212499e-05,1.0308329e-05,1.2208327e-05,9.245833e-06,1.91665e-07,1.2379161e-05,1.1795831e-05,1.2041664e-05,1.1174997e-05,1.2445831e-05
13,102,389.763,0.98,1.2020826e-05,2.324995e-06,9.424996e-06,8.887498e-06,9.987497e-06,2.841663e-06,1.1916662e-05,1.0049995e-05,1.1879166e-05,9.099992e-06,1.45825e-07,1.2112499e-05,1.1445833e-05,1.1774993e-05,1.0912498e-05,1.2199998e-05
13,103,389.906,0.97,1.1833326e-05,2.32083e-06,9.183327e-06,8.774996e-06,9.633327e-06,2.80416e-06,1.1687493e-05,9.841665e-06,1.1554162e-05,8.849995e-06,1.12494e-07,1.1854164e-05,1.1091662e-05,1.1462498e-05,1.0612495e-05,1.1824997e-05
13,104,390.049,0.96,1.1583328e-05,2.295828e-06,8.879161e-06,8.433326e-06,9.270827e-06,2.787495e-06,1.1362497e-05,9.608332e-06,1.1112499e-05,8.704162e-06,1.08329e-07,1.1562498e-05,1.0691659e-05,1.1087497e-05,1.0316666e-05,1.142083e-05
13,105,390.192,0.95,1.1404165e-05,2.25416e-06,8.599996e-06,8.149997e-06,8.962496e-06,2.741663e-06,1.1108327e-05,9.304166e-06,1.0799996e-05,8.387494e-06,9.5828e-08,1.1258332e-05,1.0312494e-05,1.0745827e-05,1.0087498e-05,1.106666e-05
13,106,390.335,0.94,1.1074996e-05,2.216665e-06,8.262499e-06,7.879162e-06,8.59166e-06,2.749991e-06,1.0887496e-05,9.045832e-06,1.0479164e-05,8.158326e-06,5.4161e-08,1.0983332e-05,9.904162e-06,1.032916e-05,9.804161e-06,1.070416e-05
13,107,390.478,0.93,1.0712496e-05,2.158332e-06,7.924994e-06,7.595825e-06,8.31666e-06,2.670829e-06,1.0487493e-05,8.762495e-06,1.013333e-05,7.995828e-06,4.9996e-08,1.0745827e-05,9.562493e-06,9.987497e-06,9.516661e-06,1.0279163e-05
13,108,390.621,0.92,1.0349997e-05,2.204164e-06,7.591661e-06,7.30416e-06,7.93333e-06,2.50833e-06,1.0183327e-05,8.429161e-06,9.783332e-06,7.754159e-06,5.8325e-08,1.0391665e-05,9.133331e-06,9.612497e-06,9.199993e-06,1.0004163e-05
13,109,390.764,0.91,1.0029165e-05,2.158332e-06,7.291659e-06,7.020831e-06,7.57916e-06,2.516659e-06,9.887497e-06,8.12916e-06,9.408331e-06,7.49166e-06,7.0826e-08,1.0083326e-05,8.708326e-06,9.245833e-06,8.879161e-06,9.570829e-06
13,110,390.907,0.9,9.891661e-06,2.095826e-06,6.912494e-06,6.720829e-06,7.174993e-06,2.470827e-06,9.616661e-06,7.804163e-06,9.145832e-06,7.233326e-06,-4.172e-09,9.799997e-06,8.312496e-06,8.854158e-06,8.579159e-06,9.254161e-06
13,111,391.05,0.89,9.524997e-06,2.049994e-06,6.554159e-06,6.379159e-06,6.770825e-06,2.420831e-06,9.208329e-06,7.508326e-06,8.599996e-06,6.92083e-06,2.9159e-08,9.491666e-06,7.920829e-06,8.462493e-06,8.187492e-06,8.820828e-06
13,112,391.193,0.88,9.262498e-06,2.070832e-06,6.199996e-06,6.066664e-06,6.433328e-06,2.383327e-06,8.908328e-06,7.287495e-06,8.366665e-06,6.624993e-06,-2.0838e-08,9.187492e-06,7.516662e-06,8.099993e-06,7.895827e-06,8.429161e-06
13,113,391.336,0.87,8.870832e-06,2.041666e-06,5.866663e-06,5.766662e-06,6.020832e-06,2.291664e-06,8.516661e-06,6.899993e-06,7.820829e-06,6.324999e-06,-3.3339e-08,8.816663e-06,7.1625e-06,7.637493e-06,7.55833e-06,8.012494e-06
13,114,391.479,0.86,8.329161e-06,1.983333e-06,5.516664e-06,5.479161e-06,5.758325e-06,2.270826e-06,8.149997e-06,6.574996e-06,7.437499e-06,6.066664e-06,-4.172e-09,8.45e-06,6.795828e-06,7.254163e-06,7.174993e-06,7.587496e-06
13,115,391.622,0.85,8.054161e-06,1.958331e-06,5.25833e-06,5.220827e-06,5.349994e-06,2.183326e-06,7.779161e-06,6.304161e-06,7.033332e-06,5.833332e-06,-4.584e-08,8.04166e-06,6.412498e-06,6.879163e-06,6.854161e-06,7.279165e-06
13,116,391.765,0.84,7.674996e-06,1.924992e-06,4.949999e-06,4.974993e-06,4.979165e-06,2.15416e-06,7.374994e-06,6.008331e-06,6.645831e-06,5.545831e-06,-3.3339e-08,7.670832e-06,6.033325e-06,6.462495e-06,6.549994e-06,6.783327e-06
13,117,391.909,0.83,7.291659e-06,1.883332e-06,4.749998e-06,4.770827e-06,4.754162e-06,2.104163e-06,7.045825e-06,5.758325e-06,6.279159e-06,5.337492e-06,1.6665e-08,7.254163e-06,5.72083e-06,6.083329e-06,6.179166e-06,6.383332e-06
13,118,392.052,0.82,7.054162e-06,1.862494e-06,4.554161e-06,4.624995e-06,4.504164e-06,2.049994e-06,6.56666e-06,5.495826e-06,5.895829e-06,5.183331e-06,-8.3335e-08,6.916666e-06,5.424992e-06,5.666661e-06,5.862498e-06,5.991666e-06
13,119,392.195,0.81,6.620828e-06,1.774995e-06,4.404164e-06,4.604165e-06,4.424993e-06,2.004163e-06,6.237499e-06,5.354166e-06,5.587498e-06,4.991658e-06,-1.04173e-07,6.554159e-06,5.179159e-06,5.429165e-06,5.562496e-06,5.724994e-06
13,120,392.338,0.8,6.129162e-06,1.758329e-06,4.416665e-06,4.587499e-06,4.349994e-06,2.083325e-06,5.883328e-06,5.220827e-06,5.249993e-06,4.883329e-06,-7.0834e-08,6.133326e-06,5.016661e-06,5.149992e-06,5.333328e-06,5.383333e-06
13,121,392.481,0.79,5.774998e-06,1.754165e-06,4.524994e-06,4.658325e-06,4.404164e-06,2.012499e-06,5.562496e-06,5.195832e-06,4.995831e-06,4.770827e-06,-7.5006e-08,5.820831e-06,4.820832e-06,4.91666e-06,4.999995e-06,5.112497e-06
13,122,392.624,0.78,5.412499e-06,1.637498e-06,4.587499e-06,4.754162e-06,4.499992e-06,2.099999e-06,5.199997e-06,5.204161e-06,4.749998e-06,4.733332e-06,-7.5006e-08,5.491662e-06,4.679163e-06,4.72916e-06,4.833333e-06,4.929161e-06
13,123,392.767,0.77,5.141664e-06,1.587494e-06,4.766663e-06,4.945827e-06,4.637496e-06,2.108328e-06,4.920832e-06,5.291661e-06,4.608329e-06,4.737497e-06,-1.04173e-07,5.199997e-06,4.699993e-06,4.712494e-06,4.649997e-06,4.766663e-06
13,124,392.91,0.76,4.866663e-06,1.562492e-06,4.899995e-06,5.174994e-06,4.891666e-06,2.149995e-06,4.779164e-06,5.483325e-06,4.53333e-06,4.758326e-06,-8.3335e-08,4.966664e-06,4.733332e-06,4.595828e-06,4.616666e-06,4.695829e-06
13,125,393.053,0.75,4.666662e-06,1.545827e-06,5.162493e-06,5.491662e-06,5.145828e-06,2.199992e-06,4.591664e-06,5.699992e-06,4.491663e-06,4.862499e-06,-8.7508e-08,4.812495e-06,4.891666e-06,4.566662e-06,4.554161e-06,4.720831e-06
13,126,393.196,0.74,4.512493e-06,1.49583e-06,5.491662e-06,5.879164e-06,5.487498e-06,2.229158e-06,4.562497e-06,5.970828e-06,4.520829e-06,4.979165e-06,-1.08337e-07,4.72916e-06,5.10416e-06,4.654161e-06,4.62083e-06,4.762499e-06
13,127,393.339,0.73,4.408328e-06,1.487493e-06,5.787492e-06,6.133326e-06,5.829159e-06,2.287499e-06,4.558333e-06,6.299997e-06,4.645832e-06,5.112497e-06,-1.37504e-07,4.70833e-06,5.304162e-06,4.804158e-06,4.699993e-06,4.858327e-06
13,128,393.482,0.72,4.412492e-06,1.466664e-06,6.141663e-06,6.508326e-06,6.174993e-06,2.32083e-06,4.645832e-06,6.674997e-06,4.820832e-06,5.337492e-06,-1.12502e-07,4.733332e-06,5.612493e-06,5.029162e-06,4.899995e-06,5.095832e-06
13,129,393.625,0.71,4.529158e-06,1.454163e-06,6.47916e-06,6.858325e-06,6.429163e-06,2.383327e-06,4.741661e-06,6.974999e-06,5.037498e-06,5.541659e-06,-1.16674e-07,4.82916e-06,5.866663e-06,5.254165e-06,5.066665e-06,5.291661e-06
13,130,393.768,0.7,4.562497e-06,1.454163e-06,6.829158e-06,7.229161e-06,6.724993e-06,2.412494e-06,4.912496e-06,7.254163e-06,5.216662e-06,5.758325e-06,-1.37504e-07,4.98333e-06,6.18333e-06,5.53333e-06,5.283332e-06,5.558332e-06
13,131,393.911,0.69,4.733332e-06,1.470828e-06,7.1625e-06,7.604162e-06,7.137497e-06,2.454162e-06,5.174994e-06,7.595825e-06,5.487498e-06,6.029161e-06,-1.45841e-07,5.195832e-06,6.512499e-06,5.812494e-06,5.595827e-06,5.879164e-06
13,132,394.054,0.68,4.966664e-06,1.504159e-06,7.474995e-06,7.949996e-06,7.479159e-06,2.50833e-06,5.420828e-06,7.970826e-06,5.791664e-06,6.283331e-06,-1.04173e-07,5.408327e-06,6.870826e-06,6.087494e-06,5.858326e-06,6.166665e-06
13,133,394.197,0.67,5.337492e-06,1.504159e-06,7.858332e-06,8.31666e-06,7.799999e-06,2.537497e-06,5.699992e-06,8.466665e-06,6.154164e-06,6.562495e-06,-1.16674e-07,5.729159e-06,7.270829e-06,6.445829e-06,6.18333e-06,6.562495e-06
13,134,394.34,0.66,5.433329e-06,1.562492e-06,8.137496e-06,8.666659e-06,8.141661e-06,2.583329e-06,6.058327e-06,8.604161e-06,6.504162e-06,6.791663e-06,-9.5836e-08,6.058327e-06,7.549993e-06,6.762496e-06,6.499998e-06,6.866662e-06
13,135,394.483,0.65,5.883328e-06,1.537498e-06,8.479166e-06,9.024993e-06,8.495832e-06,2.620832e-06,6.362494e-06,8.96666e-06,6.858325e-06,7.104159e-06,-1.50005e-07,6.408326e-06,7.991664e-06,7.095829e-06,6.858325e-06,7.299996e-06
13,136,394.626,0.64,6.233327e-06,1.612496e-06,8.791661e-06,9.366663e-06,8.783332e-06,2.641662e-06,6.699999e-06,9.299994e-06,7.199995e-06,7.374994e-06,-1.29175e-07,6.729166e-06,8.337498e-06,7.433327e-06,7.11666e-06,7.599997e-06
13,137,394.769,0.63,6.462495e-06,1.683331e-06,9.133331e-06,9.649992e-06,9.091664e-06,2.724997e-06,7.024995e-06,9.549999e-06,7.487496e-06,7.633328e-06,-1.6667e-07,7.02916e-06,8.645829e-06,7.762495e-06,7.479159e-06,7.904164e-06
13,138,394.912,0.62,6.804164e-06,1.679158e-06,9.458327e-06,9.962495e-06,9.429161e-06,2.712496e-06,7.383331e-06,9.941666e-06,7.849995e-06,8.016666e-06,-1.91673e-07,7.345827e-06,9.008329e-06,8.062498e-06,7.808328e-06,8.324997e-06
13,139,395.055,0.61,7.1625e-06,1.691659e-06,9.841665e-06,1.0266662e-05,9.712498e-06,2.733326e-06,7.699999e-06,1.0237495e-05,8.174999e-06,8.170828e-06,-1.08337e-07,7.662495e-06,9.370828e-06,8.429161e-06,8.174999e-06,8.616662e-06
13,140,395.198,0.6,7.504161e-06,1.745828e-06,1.0099999e-05,1.0595831e-05,1.0037494e-05,2.733326e-06,7.987499e-06,1.0566664e-05,8.566665e-06,8.587495e-06,-9.5836e-08,8.054161e-06,9.674995e-06,8.816663e-06,8.437499e-06,8.958332e-06
13,141,395.342,0.59,7.799999e-06,1.749992e-06,1.0387492e-05,1.0920827e-05,1.0299993e-05,2.812497e-06,8.366665e-06,1.0849993e-05,8.862496e-06,8.824993e-06,-9.5836e-08,8.379166e-06,1.0008327e-05,9.083326e-06,8.812499e-06,9.24166e-06
13,142,395.485,0.58,8.087492e-06,1.766666e-06,1.0620833e-05,1.1149995e-05,1.0558327e-05,2.816661e-06,8.662494e-06,1.1137494e-05,9.199993e-06,8.958332e-06,-1.58342e-07,8.670831e-06,1.0354162e-05,9.379164e-06,9.079162e-06,9.591659e-06
13,143,395.628,0.57,8.595832e-06,1.79166e-06,1.1008327e-05,1.1479163e-05,1.0837499e-05,2.862493e-06,9.004164e-06,1.1433332e-05,9.541663e-06,9.224995e-06,-1.54169e-07,9.108328e-06,1.0795831e-05,9.683331e-06,9.399994e-06,9.904162e-06
13,144,395.771,0.56,8.979162e-06,1.812498e-06,1.1241658e-05,1.1724997e-05,1.1112499e-05,2.895832e-06,9.270827e-06,1.162916e-05,9.854166e-06,9.541663e-06,-1.87508e-07,9.258326e-06,1.0874995e-05,1.0029165e-05,9.654164e-06,1.0274998e-05
13,145,395.914,0.55,9.058333e-06,1.808325e-06,1.162916e-05,1.1987496e-05,1.1345832e-05,2.895832e-06,9.579166e-06,1.1958329e-05,1.0208329e-05,9.75833e-06,-1.79172e-07,9.612497e-06,1.1416666e-05,1.0374999e-05,9.949994e-06,1.0595831e-05
13,146,396.057,0.54,9.408331e-06,1.829163e-06,1.1924998e-05,1.2279161e-05,1.1595829e-05,2.937492e-06,9.920827e-06,1.2329165e-05,1.0483329e-05,1.0024993e-05,-1.3334e-07,9.899998e-06,1.1583328e-05,1.058333e-05,1.0249996e-05,1.0854164e-05
13,147,396.2,0.53,9.7375e-06,1.874995e-06,1.209166e-05,1.2549996e-05,1.1862493e-05,2.912498e-06,1.0137494e-05,1.2424994e-05,1.0912498e-05,1.024166e-05,-1.41668e-07,1.0195828e-05,1.1749999e-05,1.1029164e-05,1.0562499e-05,1.1187498e-05
13,148,396.343,0.52,1.0058331e-05,1.870831e-06,1.243333e-05,1.2766664e-05,1.2125e-05,2.987496e-06,1.0433332e-05,1.2649997e-05,1.1087497e-05,1.0520832e-05,-1.62506e-07,1.0533333e-05,1.205833e-05,1.132083e-05,1.0862494e-05,1.1449996e-05
13,149,396.486,0.51,1.0283327e-05,1.916663e-06,1.2566662e-05,1.3104161e-05,1.234583e-05,2.987496e-06,1.0716661e-05,1.2962492e-05,1.1395828e-05,1.0699995e-05,-1.70835e-07,1.0824998e-05,1.2333329e-05,1.1554162e-05,1.1124992e-05,1.1754163e-05
13,150,396.629,0.5,1.061666e-05,1.912498e-06,1.2845826e-05,1.3304162e-05,1.2629159e-05,3.004161e-06,1.1058331e-05,1.3179159e-05,1.1691665e-05,1.0949993e-05,-1.58342e-07,1.1095826e-05,1.2595829e-05,1.1737498e-05,1.1499993e-05,1.2008325e-05
13,151,396.772,0.49,1.0916662e-05,1.954158e-06,1.3158329e-05,1.3412499e-05,1.2787493e-05,2.99166e-06,1.13e-05,1.3408328e-05,1.1929163e-05,1.1099998e-05,-1.95837e-07,1.1329166e-05,1.2849999e-05,1.1979158e-05,1.171666e-05,1.2216663e-05
13,152,396.915,0.48,1.1195826e-05,1.958331e-06,1.3299998e-05,1.3799993e-05,1.3145828e-05,3.008326e-06,1.1499993e-05,1.3629166e-05,1.2187496e-05,1.1404165e-05,-1.50005e-07,1.1554162e-05,1.3024997e-05,1.2233329e-05,1.1862493e-05,1.2516665e-05
13,153,397.058,0.47,1.1474999e-05,1.97916e-06,1.3512492e-05,1.3899994e-05,1.3179159e-05,3.045829e-06,1.1812496e-05,1.3858326e-05,1.245416e-05,1.1612495e-05,-1.3334e-07,1.1754163e-05,1.3287497e-05,1.2499992e-05,1.2133328e-05,1.2699993e-05
13,154,397.201,0.46,1.1766664e-05,1.987497e-06,1.3754161e-05,1.4087494e-05,1.3379161e-05,3.05833e-06,1.2045829e-05,1.401666e-05,1.2704166e-05,1.1720832e-05,-1.79172e-07,1.2008325e-05,1.3508327e-05,1.2741662e-05,1.236666e-05,1.2912496e-05
13,155,397.344,0.45,1.2079159e-05,2.020828e-06,1.3954163e-05,1.4274994e-05,1.3541659e-05,3.112499e-06,1.2320828e-05,1.4195832e-05,1.2945827e-05,1.2016662e-05,-1.3334e-07,1.2324993e-05,1.3708329e-05,1.2987494e-05,1.2562497e-05,1.317083e-05
13,156,397.487,0.44,1.2270832e-05,2.037493e-06,1.4166665e-05,1.4529164e-05,1.3758326e-05,3.037492e-06,1.2537495e-05,1.4425e-05,1.3124998e-05,1.217916e-05,-1.75007e-07,1.2479162e-05,1.3962499e-05,1.3204161e-05,1.2812495e-05,1.3395826e-05
13,157,397.63,0.43,1.2566662e-05,2.091662e-06,1.4349993e-05,1.473333e-05,1.401666e-05,3.074996e-06,1.2849999e-05,1.4562495e-05,1.3349994e-05,1.2354159e-05,-1.6667e-07,1.2770827e-05,1.4195832e-05,1.3408328e-05,1.3054164e-05,1.3662498e-05
13,158,397.773,0.42,1.2587499e-05,2.029165e-06,1.456666e-05,1.490833e-05,1.4179166e-05,3.116663e-06,1.2899995e-05,1.4895829e-05,1.3604164e-05,1.2558333e-05,-2.00001e-07,1.2979166e-05,1.4312498e-05,1.3624994e-05,1.3254165e-05,1.3887493e-05
13,159,397.916,0.41,1.2929161e-05,2.116664e-06,1.475416e-05,1.5079165e-05,1.4349993e-05,3.112499e-06,1.3087495e-05,1.5037497e-05,1.3766662e-05,1.2774992e-05,-2.08338e-07,1.3062493e-05,1.4491661e-05,1.3870827e-05,1.3462496e-05,1.4095831e-05
13,160,398.059,0.4,1.2995831e-05,2.008327e-06,1.4970827e-05,1.5287495e-05,1.4508327e-05,3.149994e-06,1.3349994e-05,1.5066664e-05,1.4116661e-05,1.2945827e-05,-1.54169e-07,1.3354166e-05,1.4787499e-05,1.4074993e-05,1.365416e-05,1.4287496e-05
13,161,398.202,0.39,1.3208326e-05,2.037493e-06,1.5099994e-05,1.5462494e-05,1.4699999e-05,3.133329e-06,1.3504164e-05,1.5241662e-05,1.4304161e-05,1.3041663e-05,-1.79172e-07,1.3541659e-05,1.4895829e-05,1.4254165e-05,1.3858326e-05,1.4495826e-05
13,162,398.345,0.38,1.3449995e-05,2.112492e-06,1.5279165e-05,1.557916e-05,1.4866662e-05,3.133329e-06,1.3762497e-05,1.5420826e-05,1.4383332e-05,1.334583e-05,-1.6667e-07,1.3733332e-05,1.5145826e-05,1.4483333e-05,1.3966664e-05,1.4704164e-05
13,163,398.488,0.37,1.3641659e-05,2.091662e-06,1.5499998e-05,1.5816664e-05,1.5016659e-05,3.174996e-06,1.3924996e-05,1.5604162e-05,1.4579161e-05,1.3549996e-05,-1.08337e-07,1.3854162e-05,1.5258328e-05,1.4637494e-05,1.4241664e-05,1.4895829e-05
13,164,398.631,0.36,1.3783328e-05,2.099999e-06,1.5566658e-05,1.5879163e-05,1.5179166e-05,3.195826e-06,1.4120833e-05,1.5745831e-05,1.4779162e-05,1.3549996e-05,-7.9171e-08,1.3999995e-05,1.5445828e-05,1.4837496e-05,1.4333327e-05,1.5041661e-05
13,165,398.774,0.35,1.408333e-05,2.054159e-06,1.5762496e-05,1.6129159e-05,1.5329162e-05,3.199998e-06,1.4308325e-05,1.592083e-05,1.4954162e-05,1.3795829e-05,-1.91673e-07,1.4241664e-05,1.564583e-05,1.5016659e-05,1.4549994e-05,1.5291658e-05
13,166,398.918,0.34,1.4333327e-05,2.116664e-06,1.5937496e-05,1.6279166e-05,1.5504162e-05,3.212492e-06,1.45125e-05,1.6112495e-05,1.5199995e-05,1.3824995e-05,-1.00009e-07,1.4433328e-05,1.5812493e-05,1.5166665e-05,1.4791663e-05,1.5387495e-05
13,167,399.061,0.33,1.4524992e-05,2.108328e-06,1.6174999e-05,1.6424998e-05,1.5649994e-05,3.229165e-06,1.463333e-05,1.6266664e-05,1.5399997e-05,1.4020832e-05,-2.00001e-07,1.4587497e-05,1.593333e-05,1.5366666e-05,1.4891664e-05,1.565833e-05
13,168,399.204,0.32,1.4629165e-05,2.070832e-06,1.6320833e-05,1.6604161e-05,1.5845832e-05,3.258332e-06,1.4816665e-05,1.639583e-05,1.5574995e-05,1.4158329e-05,-1.54169e-07,1.4687498e-05,1.6116659e-05,1.5583333e-05,1.5137498e-05,1.5774996e-05
13,169,399.347,0.31,1.4862498e-05,2.095826e-06,1.645e-05,1.6737493e-05,1.5974998e-05,3.241658e-06,1.4958326e-05,1.6554164e-05,1.5724992e-05,1.4324999e-05,-2.00001e-07,1.4958326e-05,1.6412496e-05,1.5749994e-05,1.5299996e-05,1.5929167e-05
13,170,399.49,0.3,1.4854161e-05,2.116664e-06,1.6562493e-05,1.6912492e-05,1.6083328e-05,3.287498e-06,1.5183329e-05,1.6708327e-05,1.5895828e-05,1.4499999e-05,-1.62506e-07,1.5212496e-05,1.6537499e-05,1.593333e-05,1.5412497e-05,1.6166663e-05
13,171,399.633,0.29,1.4974999e-05,2.079161e-06,1.6704162e-05,1.7024993e-05,1.6254162e-05,3.291663e-06,1.5229161e-05,1.684583e-05,1.5995829e-05,1.4620829e-05,-1.50005e-07,1.5158327e-05,1.6649994e-05,1.6104166e-05,1.5641666e-05,1.6312495e-05
13,172,399.776,0.28,1.5404161e-05,2.06666e-06,1.6866659e-05,1.7216667e-05,1.6349999e-05,3.291663e-06,1.5462494e-05,1.6962496e-05,1.6233333e-05,1.4770826e-05,-1.70835e-07,1.5308333e-05,1.6741666e-05,1.6345826e-05,1.5845832e-05,1.6470829e-05
13,173,399.919,0.27,1.535833e-05,2.145831e-06,1.7045832e-05,1.7374992e-05,1.6633328e-05,3.241658e-06,1.5666659e-05,1.7041659e-05,1.6349999e-05,1.4954162e-05,-1.83336e-07,1.5462494e-05,1.6837494e-05,1.6533328e-05,1.6045833e-05,1.6654165e-05
13,174,400.062,0.26,1.5516662e-05,2.108328e-06,1.7154161e-05,1.7545828e-05,1.6704162e-05,3.312492e-06,1.5704163e-05,1.7291664e-05,1.6574995e-05,1.5058326e-05,-1.45841e-07,1.564583e-05,1.7066661e-05,1.6529162e-05,1.6162499e-05,1.677916e-05
13,175,400.205,0.25,1.5854161e-05,2.124993e-06,1.7258326e-05,1.7541663e-05,1.6783333e-05,3.33333e-06,1.592083e-05,1.7337497e-05,1.6745829e-05,1.5270829e-05,-1.83336e-07,1.5795827e-05,1.7199993e-05,1.6766659e-05,1.6224996e-05,1.6958333e-05
13,176,400.348,0.24,1.5812493e-05,2.120829e-06,1.740416e-05,1.7666665e-05,1.6983326e-05,3.329166e-06,1.6037497e-05,1.750416e-05,1.6879161e-05,1.5374993e-05,-1.62506e-07,1.5916665e-05,1.7349998e-05,1.6879161e-05,1.6333326e-05,1.7041659e-05
13,177,400.491,0.23,1.5945832e-05,2.170825e-06,1.7608332e-05,1.7795834e-05,1.713333e-05,3.35416e-06,1.6199994e-05,1.7674995e-05,1.7083326e-05,1.5508325e-05,-2.00001e-07,1.6074999e-05,1.7470829e-05,1.7058333e-05,1.650416e-05,1.7204165e-05
13,178,400.634,0.22,1.6129159e-05,2.15416e-06,1.7766666e-05,1.7941666e-05,1.7195829e-05,3.474998e-06,1.6341663e-05,1.7787495e-05,1.7258326e-05,1.5608326e-05,-1.16674e-07,1.6195831e-05,1.7595832e-05,1.7195829e-05,1.6762495e-05,1.7333332e-05
13,179,400.777,0.21,1.6312495e-05,2.15416e-06,1.7887496e-05,1.8083327e-05,1.7362499e-05,3.404164e-06,1.6520826e-05,1.7874996e-05,1.740416e-05,1.5791662e-05,-2.16675e-07,1.6399996e-05,1.7745828e-05,1.7362499e-05,1.6866659e-05,1.7479166e-05
13,180,400.92,0.2,1.6587495e-05,2.174997e-06,1.7991662e-05,1.8274999e-05,1.740416e-05,3.379162e-06,1.6712498e-05,1.8074998e-05,1.7445827e-05,1.5854161e-05,-1.87508e-07,1.6499996e-05,1.7887496e-05,1.7487495e-05,1.696666e-05,1.7670831e-05
13,181,401.063,0.19,1.6574995e-05,2.166661e-06,1.8149996e-05,1.8399993e-05,1.7604159e-05,3.445832e-06,1.6895827e-05,1.8183327e-05,1.7666665e-05,1.6049997e-05,-1.12502e-07,1.6683332e-05,1.8062496e-05,1.7612498e-05,1.7112494e-05,1.7770832e-05
13,182,401.206,0.18,1.6624999e-05,2.170825e-06,1.8233332e-05,1.8520832e-05,1.770416e-05,3.383326e-06,1.7079163e-05,1.8283328e-05,1.7808326e-05,1.6162499e-05,-1.83336e-07,1.6733329e-05,1.8104163e-05,1.7799997e-05,1.7274999e-05,1.7920827e-05
13,183,401.349,0.17,1.6812499e-05,2.204164e-06,1.8449999e-05,1.8624996e-05,1.785833e-05,3.458325e-06,1.7e-05,1.8508332e-05,1.8074998e-05,1.6299995e-05,-1.37504e-07,1.6816664e-05,1.8333332e-05,1.7933329e-05,1.7412496e-05,1.8049996e-05
13,184,401.492,0.16,1.7112494e-05,2.191663e-06,1.8554163e-05,1.877083e-05,1.7974997e-05,3.395828e-06,1.7108328e-05,1.8579165e-05,1.8137494e-05,1.6354163e-05,-1.79172e-07,1.6983326e-05,1.8454162e-05,1.8133331e-05,1.7595832e-05,1.8249997e-05
13,185,401.635,0.15,1.6991664e-05,2.195827e-06,1.8645827e-05,1.8966659e-05,1.8062496e-05,3.458325e-06,1.730833e-05,1.8566665e-05,1.8349998e-05,1.6595832e-05,-1.83336e-07,1.7104165e-05,1.8516659e-05,1.8254161e-05,1.7649993e-05,1.8391665e-05
13,186,401.778,0.14,1.7266662e-05,2.237495e-06,1.8774994e-05,1.8999997e-05,1.8195828e-05,3.44166e-06,1.7395831e-05,1.8724997e-05,1.8312494e-05,1.6733329e-05,-1.50005e-07,1.7249997e-05,1.860416e-05,1.8399993e-05,1.7770832e-05,1.8466664e-05
13,187,401.921,0.13,1.7254162e-05,2.220829e-06,1.8824998e-05,1.9141666e-05,1.832916e-05,3.449996e-06,1.7562492e-05,1.8849993e-05,1.842916e-05,1.6858332e-05,-1.45841e-07,1.7358327e-05,1.8745828e-05,1.8470828e-05,1.7895825e-05,1.8670829e-05
13,188,402.064,0.12,1.7399994e-05,2.229158e-06,1.9029165e-05,1.9237494e-05,1.8516659e-05,3.445832e-06,1.7679158e-05,1.9008326e-05,1.8716661e-05,1.6904163e-05,-1.20838e-07,1.7479166e-05,1.8970832e-05,1.8608333e-05,1.8037494e-05,1.877083e-05
13,189,402.207,0.11,1.7741664e-05,2.220829e-06,1.9137493e-05,1.9370826e-05,1.8537497e-05,3.491664e-06,1.7774995e-05,1.906666e-05,1.8741663e-05,1.7124994e-05,-1.20838e-07,1.7641663e-05,1.9062496e-05,1.8720826e-05,1.8145831e-05,1.8908326e-05
13,190,402.351,0.1,1.7608332e-05,2.195827e-06,1.923333e-05,1.9474999e-05,1.8637498e-05,3.516658e-06,1.7904162e-05,1.9237494e-05,1.8824998e-05,1.729583e-05,-1.70835e-07,1.7712498e-05,1.9149995e-05,1.8908326e-05,1.8349998e-05,1.8970832e-05
13,191,402.494,0.09,1.7774995e-05,2.237495e-06,1.9337494e-05,1.9595829e-05,1.8750001e-05,3.524995e-06,1.8016664e-05,1.93e-05,1.8999997e-05,1.7287493e-05,-1.75007e-07,1.7841665e-05,1.9304165e-05,1.9012499e-05,1.8370827e-05,1.9158331e-05
13,192,402.637,0.08,1.7845829e-05,2.23333e-06,1.9449997e-05,1.9758329e-05,1.8916662e-05,3.483327e-06,1.81e-05,1.9433332e-05,1.9158331e-05,1.7370829e-05,-1.04173e-07,1.8058332e-05,1.940833e-05,1.9079162e-05,1.8537497e-05,1.9179161e-05
13,193,402.78,0.07,1.8270826e-05,2.258333e-06,1.9604166e-05,1.9787494e-05,1.8991661e-05,3.516658e-06,1.8270826e-05,1.9566663e-05,1.9224994e-05,1.7474993e-05,-5.0004e-08,1.7941666e-05,1.9512494e-05,1.9158331e-05,1.8633325e-05,1.9304165e-05
13,194,402.923,0.06,1.8070832e-05,2.274998e-06,1.9829162e-05,1.9929163e-05,1.9124993e-05,3.558326e-06,1.8420831e-05,1.9645826e-05,1.9333331e-05,1.7612498e-05,-1.79172e-07,1.8120829e-05,1.9541661e-05,1.92875e-05,1.8745828e-05,1.9495828e-05
13,195,403.066,0.05,1.8183327e-05,2.149995e-06,1.9858329e-05,2.0049993e-05,1.9179161e-05,3.558326e-06,1.8533334e-05,1.9737497e-05,1.9454161e-05,1.7716662e-05,-1.45841e-07,1.8208329e-05,1.9808333e-05,1.9487492e-05,1.8854165e-05,1.9483328e-05
13,196,403.209,0.04,1.834166e-05,2.187498e-06,2.0049993e-05,2.0074995e-05,1.93e-05,3.52083e-06,1.8541661e-05,1.985e-05,1.9591665e-05,1.7783332e-05,-1.41668e-07,1.8391665e-05,1.9687493e-05,1.9637497e-05,1.8979161e-05,1.9662499e-05
13,197,403.352,0.03,1.8479164e-05,2.187498e-06,2.007916e-05,2.0279162e-05,1.9391664e-05,3.566662e-06,1.8687495e-05,1.9941665e-05,1.9654162e-05,1.786666e-05,-1.79172e-07,1.844166e-05,1.9783331e-05,1.9745827e-05,1.9033328e-05,1.9770829e-05
13,198,403.495,0.02,1.8529161e-05,2.174997e-06,2.0070831e-05,2.0391662e-05,1.9479163e-05,3.574999e-06,1.8758328e-05,2.0025e-05,1.9770829e-05,1.7999999e-05,-1.75007e-07,1.8549999e-05,1.9916661e-05,1.9883331e-05,1.9141666e-05,1.9879166e-05
13,199,403.638,0.01,1.8624996e-05,2.199992e-06,2.0149993e-05,2.0491663e-05,1.9712495e-05,3.545833e-06,1.8870831e-05,2.0174995e-05,1.9920826e-05,1.81e-05,-1.54169e-07,1.8716661e-05,2.0029163e-05,1.9862493e-05,1.940833e-05,1.9974994e-05
13,200,403.781,0.0,1.8866665e-05,2.208328e-06,2.0270832e-05,2.0483327e-05,1.9729161e-05,3.583328e-06,1.904583e-05,2.0258331e-05,1.9987496e-05,1.8266663e-05,-1.91673e-07,1.8712497e-05,2.014583e-05,1.9966667e-05,1.93e-05,2.0062495e-05
,,,,,,,,,,,,,,,,,,,,13,0.63,0.61,0.75,0.76,0.75,0.77,0.65,0.74,0.69,0.74,0.23,0.64,0.72,0.71,0.7,0.71,0.73,0.71,0.81,0.8,0.8,0.81,0.73,0.79,0.75,0.78,0.9,0.73,0.78,0.75,0.75,0.76
14,0,404.013,0.0,1.894583e-05,2.270826e-06,2.0404164e-05,2.0491663e-05,1.9658328e-05,3.645825e-06,1.9024999e-05,2.0204163e-05,1.9995832e-05,1.8291665e-05,-1.54169e-07,1.8820827e-05,2.0262496e-05,2.0033327e-05,1.9399993e-05,2.0058329e-05
14,1,404.156,0.01,1.878333e-05,2.262497e-06,2.0466661e-05,2.0499992e-05,1.9666664e-05,3.604166e-06,1.8924999e-05,2.024583e-05,1.9983332e-05,1.8204164e-05,-1.25003e-07,1.8637498e-05,2.0274996e-05,1.9879166e-05,1.9337494e-05,2.0041665e-05
14,2,404.299,0.02,1.8645827e-05,2.262497e-06,2.0333329e-05,2.0462498e-05,1.9579164e-05,3.666663e-06,1.8874995e-05,2.0154166e-05,1.9916661e-05,1.8133331e-05,-1.12502e-07,1.8545827e-05,2.0004161e-05,1.9858329e-05,1.9274998e-05,1.9974994e-05
14,3,404.442,0.03,1.8516659e-05,2.404165e-06,2.0283333e-05,2.035416e-05,1.9462497e-05,3.683329e-06,1.8679166e-05,2.0074995e-05,1.995833e-05,1.8083327e-05,-1.04173e-07,1.8470828e-05,1.9991659e-05,1.9741663e-05,1.9158331e-05,1.9887495e-05
14,4,404.585,0.04,1.8420831e-05,2.299992e-06,2.0129164e-05,2.0287498e-05,1.9391664e-05,3.595829e-06,1.8570829e-05,2.0041665e-05,1.9708332e-05,1.8024994e-05,-9.5836e-08,1.832916e-05,1.9829162e-05,1.9670828e-05,1.9058331e-05,1.9816662e-05
14,5,404.728,0.05,1.8291665e-05,2.354161e-06,2.0058329e-05,2.0174995e-05,1.935416e-05,3.637497e-06,1.8483328e-05,1.9954165e-05,1.9608331e-05,1.7991662e-05,-6.2505e-08,1.8216666e-05,1.9799996e-05,1.952916e-05,1.895833e-05,1.9724997e-05
14,6,404.871,0.06,1.8149996e-05,2.349997e-06,2.0025e-05,2.0045829e-05,1.9183326e-05,3.620831e-06,1.8262497e-05,1.9829162e-05,1.9454161e-05,1.7904162e-05,-5.8341e-08,1.8066661e-05,1.9691666e-05,1.9416666e-05,1.887916e-05,1.9579164e-05
14,7,405.014,0.07,1.7999999e-05,2.337496e-06,1.9791667e-05,2.0179161e-05,1.9208328e-05,3.69583e-06,1.8191664e-05,1.9787494e-05,1.940833e-05,1.7945829e-05,-7.0834e-08,1.7929164e-05,1.9599995e-05,1.9308329e-05,1.8708331e-05,1.9404164e-05
14,8,405.157,0.08,1.79125e-05,2.354161e-06,1.9745827e-05,1.9862493e-05,1.9191662e-05,3.637497e-06,1.8108329e-05,1.9591665e-05,1.9249996e-05,1.7724999e-05,-6.667e-08,1.7829163e-05,1.9504165e-05,1.9204164e-05,1.8654164e-05,1.9333331e-05
14,9,405.3,0.09,1.7774995e-05,2.349997e-06,1.9637497e-05,1.9845827e-05,1.887916e-05,3.60833e-06,1.7924993e-05,1.9608331e-05,1.9183326e-05,1.7574994e-05,-3.7503e-08,1.7645827e-05,1.93875e-05,1.9099998e-05,1.8537497e-05,1.9170833e-05
14,10,405.443,0.1,1.7579167e-05,2.399993e-06,1.9474999e-05,1.9720832e-05,1.8774994e-05,3.687493e-06,1.7845829e-05,1.9458326e-05,1.8999997e-05,1.7558328e-05,-4.584e-08,1.757083e-05,1.9258332e-05,1.8991661e-05,1.8458326e-05,1.9029165e-05
14,11,405.586,0.11,1.7487495e-05,2.379163e-06,1.940833e-05,1.9641662e-05,1.8712497e-05,3.583328e-06,1.7749993e-05,1.9370826e-05,1.8904162e-05,1.7366663e-05,-3.7503e-08,1.7387494e-05,1.9116664e-05,1.88375e-05,1.834166e-05,1.8941664e-05
14,12,405.729,0.12,1.729583e-05,2.416658e-06,1.9308329e-05,1.9487492e-05,1.8699995e-05,3.662499e-06,1.7579167e-05,1.9208328e-05,1.8745828e-05,1.7304166e-05,-8.337e-09,1.722916e-05,1.9033328e-05,1.8712497e-05,1.8233332e-05,1.8799996e-05
14,13,405.872,0.13,1.7116667e-05,2.374999e-06,1.9204164e-05,1.9366662e-05,1.8504166e-05,3.587492e-06,1.7283328e-05,1.9104164e-05,1.8666664e-05,1.7212495e-05,-1.6673e-08,1.7108328e-05,1.8883331e-05,1.8504166e-05,1.8070832e-05,1.8720826e-05
14,14,406.015,0.14,1.6979162e-05,2.379163e-06,1.9058331e-05,1.9262498e-05,1.8375e-05,3.612495e-06,1.7112494e-05,1.8995834e-05,1.8508332e-05,1.7058333e-05,3.3331e-08,1.6837494e-05,1.8812498e-05,1.8508332e-05,1.797916e-05,1.8541661e-05
14,15,406.158,0.15,1.6691662e-05,2.374999e-06,1.8904162e-05,1.9124993e-05,1.8241661e-05,3.558326e-06,1.6949994e-05,1.8858329e-05,1.8462499e-05,1.6991664e-05,-4.172e-09,1.6708327e-05,1.8641662e-05,1.8304165e-05,1.785833e-05,1.8433333e-05
14,16,406.301,0.16,1.6620827e-05,2.383327e-06,1.8862494e-05,1.8995834e-05,1.8174998e-05,3.612495e-06,1.683333e-05,1.8733326e-05,1.8362498e-05,1.6791662e-05,5.4161e-08,1.6599997e-05,1.8720826e-05,1.8129165e-05,1.7670831e-05,1.830833e-05
14,17,406.444,0.17,1.6404159e-05,2.374999e-06,1.8708331e-05,1.8920828e-05,1.7995826e-05,3.599993e-06,1.6654165e-05,1.8612496e-05,1.8083327e-05,1.6783333e-05,1.2493e-08,1.6429161e-05,1.844166e-05,1.8083327e-05,1.7662493e-05,1.8195828e-05
14,18,406.587,0.18,1.6266664e-05,2.391664e-06,1.8583329e-05,1.8824998e-05,1.7854167e-05,3.612495e-06,1.6508333e-05,1.8566665e-05,1.7891662e-05,1.6616663e-05,1.6665e-08,1.6333326e-05,1.8204164e-05,1.7883332e-05,1.7433325e-05,1.8087498e-05
14,19,406.73,0.19,1.6037497e-05,2.399993e-06,1.8529161e-05,1.8683329e-05,1.7733328e-05,3.645825e-06,1.6295831e-05,1.8420831e-05,1.7687496e-05,1.6512497e-05,5.8325e-08,1.6174999e-05,1.81e-05,1.7749993e-05,1.7283328e-05,1.7895825e-05
14,20,406.873,0.2,1.5824993e-05,2.374999e-06,1.8337496e-05,1.8558327e-05,1.7662493e-05,3.579164e-06,1.6149997e-05,1.8304165e-05,1.7604159e-05,1.6333326e-05,1.54161e-07,1.5916665e-05,1.7999999e-05,1.7641663e-05,1.7137496e-05,1.7766666e-05
14,21,407.017,0.21,1.5687498e-05,2.399993e-06,1.8233332e-05,1.8358325e-05,1.7487495e-05,3.583328e-06,1.5949996e-05,1.822083e-05,1.7483329e-05,1.6274993e-05,7.4999e-08,1.5770833e-05,1.785833e-05,1.7499995e-05,1.7054161e-05,1.7658329e-05
14,22,407.16,0.22,1.5429163e-05,2.370826e-06,1.8062496e-05,1.8199993e-05,1.7341661e-05,3.587492e-06,1.5749994e-05,1.81e-05,1.7329161e-05,1.6104166e-05,1.6665e-08,1.5599999e-05,1.770416e-05,1.730833e-05,1.6924992e-05,1.7441662e-05
14,23,407.303,0.23,1.5224997e-05,2.358325e-06,1.8008328e-05,1.8191664e-05,1.7237497e-05,3.554161e-06,1.5637494e-05,1.7987497e-05,1.7216667e-05,1.5995829e-05,8.329e-09,1.5379166e-05,1.7566665e-05,1.7083326e-05,1.6745829e-05,1.7287493e-05
14,24,407.446,0.24,1.5004166e-05,2.420831e-06,1.7904162e-05,1.8016664e-05,1.7108328e-05,3.566662e-06,1.5383332e-05,1.7829163e-05,1.6962496e-05,1.5887499e-05,3.7495e-08,1.5299996e-05,1.7524997e-05,1.6974998e-05,1.6641665e-05,1.7083326e-05
14,25,407.589,0.25,1.4862498e-05,2.391664e-06,1.7633327e-05,1.7874996e-05,1.6962496e-05,3.524995e-06,1.51625e-05,1.77375e-05,1.6841666e-05,1.5716663e-05,2.4994e-08,1.5124997e-05,1.7329161e-05,1.6804162e-05,1.6433327e-05,1.6995828e-05
14,26,407.732,0.26,1.4774998e-05,2.316666e-06,1.7512497e-05,1.7716662e-05,1.6812499e-05,3.52083e-06,1.5012495e-05,1.7562492e-05,1.6633328e-05,1.5587497e-05,3.3331e-08,1.4808329e-05,1.71875e-05,1.6770831e-05,1.6299995e-05,1.6729164e-05
14,27,407.875,0.27,1.4404161e-05,2.304165e-06,1.7320832e-05,1.7604159e-05,1.6670831e-05,3.495828e-06,1.4758332e-05,1.7374992e-05,1.6487495e-05,1.5504162e-05,4.9996e-08,1.4574996e-05,1.6862496e-05,1.6495831e-05,1.6154163e-05,1.6595832e-05
14,28,408.018,0.28,1.4295832e-05,2.270826e-06,1.7354163e-05,1.7395831e-05,1.6508333e-05,3.483327e-06,1.4608328e-05,1.7266662e-05,1.6337499e-05,1.5320826e-05,3.7495e-08,1.435833e-05,1.6737493e-05,1.6241662e-05,1.5970827e-05,1.6420834e-05
14,29,408.161,0.29,1.399583e-05,2.295828e-06,1.7149996e-05,1.7304166e-05,1.6374994e-05,3.537496e-06,1.4433328e-05,1.7091663e-05,1.6104166e-05,1.5174993e-05,2.083e-08,1.4233327e-05,1.6604161e-05,1.6020831e-05,1.5899999e-05,1.6237498e-05
14,30,408.304,0.3,1.3799993e-05,2.316666e-06,1.6945831e-05,1.7079163e-05,1.6195831e-05,3.516658e-06,1.4116661e-05,1.6887498e-05,1.5954161e-05,1.4924995e-05,8.329e-09,1.3970828e-05,1.6354163e-05,1.5899999e-05,1.5570831e-05,1.6074999e-05
14,31,408.447,0.31,1.36e-05,2.279162e-06,1.6691662e-05,1.6866659e-05,1.6012495e-05,3.504165e-06,1.3949998e-05,1.6762495e-05,1.5733329e-05,1.4824995e-05,1.6665e-08,1.3754161e-05,1.6270827e-05,1.5729165e-05,1.5433327e-05,1.5858332e-05
14,32,408.59,0.32,1.334583e-05,2.279162e-06,1.6524999e-05,1.6654165e-05,1.5812493e-05,3.487492e-06,1.3787492e-05,1.6629163e-05,1.5574995e-05,1.4666661e-05,8.329e-09,1.3541659e-05,1.6079164e-05,1.5520827e-05,1.5154163e-05,1.5637494e-05
14,33,408.733,0.33,1.3137499e-05,2.279162e-06,1.6420834e-05,1.6587495e-05,1.5699998e-05,3.512494e-06,1.3487498e-05,1.649166e-05,1.5383332e-05,1.4549994e-05,4.164e-09,1.3333329e-05,1.5891663e-05,1.5354164e-05,1.5058326e-05,1.5424999e-05
14,34,408.876,0.34,1.2820832e-05,2.270826e-06,1.6220833e-05,1.6374994e-05,1.5474994e-05,3.537496e-06,1.3291661e-05,1.6320833e-05,1.5166665e-05,1.4308325e-05,4.5832e-08,1.3074994e-05,1.5629164e-05,1.5133333e-05,1.4829159e-05,1.5229161e-05
14,35,409.019,0.35,1.2620831e-05,2.279162e-06,1.6024995e-05,1.622916e-05,1.5233326e-05,3.429159e-06,1.3104161e-05,1.6137497e-05,1.4891664e-05,1.4187495e-05,4.9996e-08,1.2941662e-05,1.5466667e-05,1.4891664e-05,1.4658332e-05,1.4999993e-05
14,36,409.162,0.36,1.2287497e-05,2.333331e-06,1.5849995e-05,1.6058326e-05,1.5104159e-05,3.408329e-06,1.2920833e-05,1.594166e-05,1.4716665e-05,1.3983329e-05,3.7495e-08,1.2637496e-05,1.5287495e-05,1.463333e-05,1.4449994e-05,1.4795828e-05
14,37,409.305,0.37,1.205833e-05,2.304165e-06,1.5662496e-05,1.5845832e-05,1.4929159e-05,3.412493e-06,1.2512493e-05,1.5749994e-05,1.45125e-05,1.3854162e-05,9.9993e-08,1.2370832e-05,1.5070827e-05,1.4462495e-05,1.4245828e-05,1.4637494e-05
14,38,409.448,0.38,1.1766664e-05,2.249996e-06,1.5487496e-05,1.5674996e-05,1.4741659e-05,3.429159e-06,1.2262495e-05,1.557916e-05,1.4316663e-05,1.36e-05,8.3327e-08,1.2187496e-05,1.4870827e-05,1.4266666e-05,1.4020832e-05,1.4395833e-05
14,39,409.591,0.39,1.1537496e-05,2.237495e-06,1.5274994e-05,1.5466667e-05,1.4554159e-05,3.412493e-06,1.1974995e-05,1.537083e-05,1.4145828e-05,1.3524993e-05,7.9163e-08,1.1887495e-05,1.4637494e-05,1.401666e-05,1.3804166e-05,1.4166665e-05
14,40,409.734,0.4,1.1274998e-05,2.237495e-06,1.5049998e-05,1.5283331e-05,1.4366667e-05,3.387499e-06,1.1737498e-05,1.5133333e-05,1.3854162e-05,1.3270831e-05,8.3327e-08,1.1624996e-05,1.4395833e-05,1.3824995e-05,1.3604164e-05,1.3958327e-05
14,41,409.877,0.41,1.0929163e-05,2.220829e-06,1.4795828e-05,1.5008331e-05,1.4137499e-05,3.370825e-06,1.1491664e-05,1.5004166e-05,1.355416e-05,1.3108333e-05,1.20831e-07,1.1362497e-05,1.4162492e-05,1.3512492e-05,1.336666e-05,1.3695828e-05
14,42,410.02,0.42,1.070416e-05,2.191663e-06,1.4641666e-05,1.4766661e-05,1.3954163e-05,3.308328e-06,1.1224993e-05,1.4762497e-05,1.3295826e-05,1.2929161e-05,4.9996e-08,1.1112499e-05,1.3945826e-05,1.3341665e-05,1.3145828e-05,1.3512492e-05
14,43,410.163,0.43,1.0399994e-05,2.141659e-06,1.4445829e-05,1.4662496e-05,1.3724994e-05,3.349996e-06,1.0949993e-05,1.4554159e-05,1.3024997e-05,1.2799994e-05,9.9993e-08,1.0841663e-05,1.3762497e-05,1.3054164e-05,1.2891666e-05,1.325833e-05
14,44,410.306,0.44,1.006666e-05,2.149995e-06,1.4212497e-05,1.439166e-05,1.3516665e-05,3.387499e-06,1.0658327e-05,1.4341665e-05,1.2849999e-05,1.2462497e-05,1.49997e-07,1.0433332e-05,1.3416664e-05,1.2824997e-05,1.2633332e-05,1.2945827e-05
14,45,410.449,0.45,9.704161e-06,2.187498e-06,1.3870827e-05,1.4133327e-05,1.3270831e-05,3.337494e-06,1.032083e-05,1.4112497e-05,1.245416e-05,1.2341667e-05,1.29159e-07,1.0229166e-05,1.3183331e-05,1.2458332e-05,1.2333329e-05,1.2704166e-05
14,46,410.593,0.46,9.39583e-06,2.087498e-06,1.3670826e-05,1.3945826e-05,1.3037499e-05,3.308328e-06,1.0029165e-05,1.390833e-05,1.2174995e-05,1.2029163e-05,1.91665e-07,9.862494e-06,1.2883329e-05,1.2262495e-05,1.200416e-05,1.2387498e-05
14,47,410.736,0.47,9.024993e-06,2.06666e-06,1.3408328e-05,1.3733332e-05,1.2745825e-05,3.279162e-06,9.708333e-06,1.3649996e-05,1.1908332e-05,1.1791666e-05,7.0826e-08,9.579166e-06,1.2641661e-05,1.1937499e-05,1.1791666e-05,1.2116662e-05
14,48,410.879,0.48,8.670831e-06,2.083325e-06,1.3233328e-05,1.3379161e-05,1.2495828e-05,3.254159e-06,9.374992e-06,1.336666e-05,1.1558326e-05,1.1583328e-05,1.4166e-07,9.216667e-06,1.2374997e-05,1.1595829e-05,1.1470826e-05,1.1812496e-05
14,49,411.022,0.49,8.374993e-06,2.037493e-06,1.2966665e-05,1.3120826e-05,1.2220828e-05,3.245831e-06,9.041659e-06,1.3133327e-05,1.1249996e-05,1.1358333e-05,6.2497e-08,9.029166e-06,1.2162494e-05,1.1370826e-05,1.1208328e-05,1.1454161e-05
14,50,411.165,0.5,8.033331e-06,1.991661e-06,1.2712495e-05,1.2933326e-05,1.1987496e-05,3.229165e-06,8.799998e-06,1.2879165e-05,1.097916e-05,1.1124992e-05,1.04165e-07,8.629163e-06,1.1762492e-05,1.0991661e-05,1.0858329e-05,1.1174997e-05
14,51,411.308,0.51,7.716663e-06,1.941665e-06,1.2333329e-05,1.2616666e-05,1.1741662e-05,3.258332e-06,8.441662e-06,1.2662498e-05,1.0641662e-05,1.0862494e-05,7.9163e-08,8.241662e-06,1.1466662e-05,1.0687494e-05,1.0579165e-05,1.0820826e-05
14,52,411.451,0.52,7.387495e-06,1.945829e-06,1.2033327e-05,1.2404163e-05,1.1424994e-05,3.179161e-06,8.116658e-06,1.2329165e-05,1.0254161e-05,1.0645826e-05,9.9993e-08,7.895827e-06,1.1058331e-05,1.0487493e-05,1.0229166e-05,1.0487493e-05
14,53,411.594,0.53,7.012494e-06,1.904162e-06,1.1787494e-05,1.2016662e-05,1.1120828e-05,3.191662e-06,7.662495e-06,1.2016662e-05,9.899998e-06,1.032083e-05,1.04165e-07,7.620828e-06,1.070416e-05,9.95833e-06,9.87916e-06,1.0158332e-05
14,54,411.737,0.54,6.695827e-06,1.916663e-06,1.1474999e-05,1.1774993e-05,1.0849993e-05,3.129164e-06,7.362493e-06,1.1762492e-05,9.483329e-06,1.006666e-05,8.7492e-08,7.279165e-06,1.0362498e-05,9.624998e-06,9.60416e-06,9.79166e-06
14,55,411.88,0.55,6.387496e-06,1.866659e-06,1.1149995e-05,1.1404165e-05,1.0533333e-05,3.099998e-06,7.062499e-06,1.1466662e-05,9.137495e-06,9.75833e-06,1.20831e-07,7.00833e-06,1.0024993e-05,9.287493e-06,9.237496e-06,9.349998e-06
14,56,412.023,0.56,6.029161e-06,1.854165e-06,1.0791659e-05,1.1199999e-05,1.0229166e-05,3.091661e-06,6.674997e-06,1.1049994e-05,8.699997e-06,9.50416e-06,8.3327e-08,6.624993e-06,9.620825e-06,8.862496e-06,8.754166e-06,9.124994e-06
14,57,412.166,0.57,5.783327e-06,1.829163e-06,1.0512495e-05,1.0799996e-05,9.933328e-06,3.062495e-06,6.39166e-06,1.0724997e-05,8.383329e-06,9.237496e-06,1.29159e-07,6.362494e-06,9.249997e-06,8.583331e-06,8.441662e-06,8.57083e-06
14,58,412.309,0.58,5.541659e-06,1.816662e-06,1.0129165e-05,1.0391665e-05,9.491666e-06,3.099998e-06,6.104159e-06,1.0441661e-05,7.966662e-06,8.912491e-06,9.5828e-08,6.112496e-06,8.829164e-06,8.191665e-06,8.02083e-06,8.183329e-06
14,59,412.452,0.59,5.316663e-06,1.799997e-06,9.841665e-06,1.0058331e-05,9.179163e-06,3.049993e-06,5.874999e-06,1.0158332e-05,7.608326e-06,8.59166e-06,1.29159e-07,5.866663e-06,8.474994e-06,7.829165e-06,7.674996e-06,7.770833e-06
14,60,412.595,0.6,5.216662e-06,1.783331e-06,9.474993e-06,9.699997e-06,8.854158e-06,2.949993e-06,5.608328e-06,9.774994e-06,7.254163e-06,8.329161e-06,1.16658e-07,5.666661e-06,8.083328e-06,7.512498e-06,7.308332e-06,7.441664e-06
14,61,412.738,0.61,5.049992e-06,1.787496e-06,9.116666e-06,9.379164e-06,8.529162e-06,2.916662e-06,5.416663e-06,9.412495e-06,6.824994e-06,8.104165e-06,1.16658e-07,5.524993e-06,7.716663e-06,7.129161e-06,6.954161e-06,7.108331e-06
14,62,412.881,0.62,4.995831e-06,1.79166e-06,8.787497e-06,9.033331e-06,8.19583e-06,2.89166e-06,5.337492e-06,9.05416e-06,6.524992e-06,7.824993e-06,1.4166e-07,5.412499e-06,7.324998e-06,6.804164e-06,6.616664e-06,6.741659e-06
14,63,413.024,0.63,4.904159e-06,1.729163e-06,8.387494e-06,8.637492e-06,7.795827e-06,2.854164e-06,5.19166e-06,8.737493e-06,6.170829e-06,7.529163e-06,1.16658e-07,5.262494e-06,6.979164e-06,6.474996e-06,6.249992e-06,6.404161e-06
14,64,413.167,0.64,4.958328e-06,1.787496e-06,8.066662e-06,8.291666e-06,7.458329e-06,2.779166e-06,5.016661e-06,8.29583e-06,5.862498e-06,7.212496e-06,1.24995e-07,5.262494e-06,6.604163e-06,6.158328e-06,5.99583e-06,6.087494e-06
14,65,413.31,0.65,4.999995e-06,1.812498e-06,7.674996e-06,7.874997e-06,7.091665e-06,2.754164e-06,5.024997e-06,7.908328e-06,5.65416e-06,7.062499e-06,1.62498e-07,5.266658e-06,6.295832e-06,5.899994e-06,5.695828e-06,5.791664e-06
14,66,413.453,0.66,5.129163e-06,1.829163e-06,7.345827e-06,7.570831e-06,6.704164e-06,2.729162e-06,5.058328e-06,7.570831e-06,5.387497e-06,6.749995e-06,1.24995e-07,5.270831e-06,5.92916e-06,5.583326e-06,5.433329e-06,5.537494e-06
14,67,413.596,0.67,5.274995e-06,1.833328e-06,6.979164e-06,7.21666e-06,6.333327e-06,2.687494e-06,5.145828e-06,7.229161e-06,5.166666e-06,6.624993e-06,1.45825e-07,5.374996e-06,5.74166e-06,5.416663e-06,5.287496e-06,5.362495e-06
14,68,413.739,0.68,5.416663e-06,1.85833e-06,6.574996e-06,6.804164e-06,6.062492e-06,2.612495e-06,5.270831e-06,6.908329e-06,5.049992e-06,6.416662e-06,1.62498e-07,5.504163e-06,5.483325e-06,5.199997e-06,5.158329e-06,5.195832e-06
14,69,413.882,0.69,5.629166e-06,1.899997e-06,6.29166e-06,6.54583e-06,5.745832e-06,2.579164e-06,5.429165e-06,6.645831e-06,5.012496e-06,6.174993e-06,1.08329e-07,5.695828e-06,5.337492e-06,5.154165e-06,5.10416e-06,5.099996e-06
14,70,414.025,0.7,5.92916e-06,1.891661e-06,6.029161e-06,6.199996e-06,5.433329e-06,2.499994e-06,5.566661e-06,6.416662e-06,4.966664e-06,6.070828e-06,1.37496e-07,5.933332e-06,5.187495e-06,5.083331e-06,5.124998e-06,5.045827e-06
14,71,414.169,0.71,6.079165e-06,1.904162e-06,5.791664e-06,5.912495e-06,5.245829e-06,2.491665e-06,5.80833e-06,6.241663e-06,5.041663e-06,5.991666e-06,1.79164e-07,6.166665e-06,5.116661e-06,5.062493e-06,5.174994e-06,5.112497e-06
14,72,414.312,0.72,6.383332e-06,1.966659e-06,5.55416e-06,5.716666e-06,5.029162e-06,2.449997e-06,6.049999e-06,6.091658e-06,5.17083e-06,5.916659e-06,1.04165e-07,6.358329e-06,5.079166e-06,5.087495e-06,5.237492e-06,5.137499e-06
14,73,414.455,0.73,6.654159e-06,1.987497e-06,5.333328e-06,5.562496e-06,4.874993e-06,2.420831e-06,6.274994e-06,6.033325e-06,5.299997e-06,5.887493e-06,1.37496e-07,6.645831e-06,5.17083e-06,5.233328e-06,5.44583e-06,5.233328e-06
14,74,414.598,0.74,6.94166e-06,2.020828e-06,5.270831e-06,5.441666e-06,4.804158e-06,2.412494e-06,6.524992e-06,5.974992e-06,5.516664e-06,5.891665e-06,1.45825e-07,6.883327e-06,5.337492e-06,5.404162e-06,5.63333e-06,5.470832e-06
14,75,414.741,0.75,7.291659e-06,2.020828e-06,5.287496e-06,5.345829e-06,4.766663e-06,2.424995e-06,6.741659e-06,6.074993e-06,5.774998e-06,5.904166e-06,1.33332e-07,7.229161e-06,5.433329e-06,5.608328e-06,5.84166e-06,5.745832e-06
14,76,414.884,0.76,7.512498e-06,2.049994e-06,5.283332e-06,5.395826e-06,4.887494e-06,2.387492e-06,7.083328e-06,6.137498e-06,6.099995e-06,5.966663e-06,1.49997e-07,7.495833e-06,5.616665e-06,5.866663e-06,6.087494e-06,5.962499e-06
14,77,415.027,0.77,7.83333e-06,2.095826e-06,5.320827e-06,5.408327e-06,4.970829e-06,2.458326e-06,7.262492e-06,6.216661e-06,6.374995e-06,5.99583e-06,1.58326e-07,7.808328e-06,5.74166e-06,6.066664e-06,6.333327e-06,6.220826e-06
14,78,415.17,0.78,8.137496e-06,2.15416e-06,5.37916e-06,5.579162e-06,5.112497e-06,2.429159e-06,7.545829e-06,6.416662e-06,6.620828e-06,6.079165e-06,1.66663e-07,8.116658e-06,6.033325e-06,6.370831e-06,6.66666e-06,6.558331e-06
14,79,415.313,0.79,8.379166e-06,2.137494e-06,5.499999e-06,5.74166e-06,5.316663e-06,2.462498e-06,7.858332e-06,6.587497e-06,6.945832e-06,6.162492e-06,1.49997e-07,8.412496e-06,6.320826e-06,6.745831e-06,6.812493e-06,6.912494e-06
14,80,415.456,0.8,8.67916e-06,2.183326e-06,5.724994e-06,5.933332e-06,5.53333e-06,2.470827e-06,8.099993e-06,6.762496e-06,7.329162e-06,6.287495e-06,1.37496e-07,8.641664e-06,6.591662e-06,6.999993e-06,7.11666e-06,7.220833e-06
14,81,415.599,0.81,8.929165e-06,2.191663e-06,5.879164e-06,6.020832e-06,5.824995e-06,2.499994e-06,8.324997e-06,6.983328e-06,7.616663e-06,6.399997e-06,1.33332e-07,8.941666e-06,6.94166e-06,7.308332e-06,7.337499e-06,7.474995e-06
14,82,415.742,0.82,9.208329e-06,2.224994e-06,6.066664e-06,6.18333e-06,6.120833e-06,2.59583e-06,8.554164e-06,7.145826e-06,7.899992e-06,6.54583e-06,1.37496e-07,9.204166e-06,7.204159e-06,7.612498e-06,7.570831e-06,7.791662e-06
14,83,415.885,0.83,9.399994e-06,2.249996e-06,6.262493e-06,6.47916e-06,6.312498e-06,2.558327e-06,8.812499e-06,7.320825e-06,8.191665e-06,6.699999e-06,1.87492e-07,9.479165e-06,7.533328e-06,7.94166e-06,7.820829e-06,8.137496e-06
14,84,416.028,0.84,9.637499e-06,2.270826e-06,6.454166e-06,6.629165e-06,6.66666e-06,2.645826e-06,9.024993e-06,7.512498e-06,8.462493e-06,6.824994e-06,1.70827e-07,9.749992e-06,7.783326e-06,8.262499e-06,8.037496e-06,8.433326e-06
14,85,416.171,0.85,9.833328e-06,2.295828e-06,6.674997e-06,6.841659e-06,6.916666e-06,2.61666e-06,9.266662e-06,7.708327e-06,8.795826e-06,6.949997e-06,1.54161e-07,9.962495e-06,8.099993e-06,8.562493e-06,8.237497e-06,8.887498e-06
14,86,416.314,0.86,1.0037494e-05,2.274998e-06,6.812493e-06,6.999993e-06,7.154163e-06,2.645826e-06,9.591659e-06,7.858332e-06,9.149996e-06,7.104159e-06,2.16659e-07,1.0208329e-05,8.404159e-06,8.895826e-06,8.470829e-06,9.095827e-06
14,87,416.457,0.87,1.0312494e-05,2.312493e-06,7.020831e-06,7.158327e-06,7.458329e-06,2.654163e-06,9.687496e-06,8.033331e-06,9.454163e-06,7.299996e-06,1.95829e-07,1.0441661e-05,8.641664e-06,9.162498e-06,8.645829e-06,9.441662e-06
14,88,416.6,0.88,1.0474992e-05,2.387492e-06,7.166664e-06,7.37083e-06,7.7125e-06,2.724997e-06,9.933328e-06,8.204166e-06,9.683331e-06,7.466666e-06,1.54161e-07,1.0633325e-05,8.987498e-06,9.479165e-06,8.870832e-06,9.708333e-06
14,89,416.743,0.89,1.0720825e-05,2.324995e-06,7.387495e-06,7.616663e-06,8.004165e-06,2.737498e-06,1.0187498e-05,8.374993e-06,1.0016664e-05,7.591661e-06,2.0833e-07,1.0812497e-05,9.162498e-06,9.683331e-06,9.116666e-06,1.0024993e-05
14,90,416.886,0.9,1.0904161e-05,2.354161e-06,7.612498e-06,7.741666e-06,8.279165e-06,2.774994e-06,1.0379164e-05,8.57083e-06,1.0258333e-05,7.783326e-06,1.99993e-07,1.1020828e-05,9.524997e-06,1.0070833e-05,9.337497e-06,1.0312494e-05
14,91,417.029,0.91,1.1070832e-05,2.391664e-06,7.816664e-06,7.816664e-06,8.545828e-06,2.791659e-06,1.0579165e-05,8.733328e-06,1.0520832e-05,7.987499e-06,2.04166e-07,1.123333e-05,9.766666e-06,1.0266662e-05,9.483329e-06,1.0591666e-05
14,92,417.172,0.92,1.1274998e-05,2.366662e-06,7.991664e-06,8.033331e-06,8.791661e-06,2.808333e-06,1.0833327e-05,8.916664e-06,1.0674993e-05,8.10833e-06,2.12495e-07,1.1445833e-05,1.0024993e-05,1.0587493e-05,9.658329e-06,1.0887496e-05
14,93,417.315,0.93,1.1424994e-05,2.416658e-06,8.199993e-06,8.22916e-06,9.049996e-06,2.845828e-06,1.1033329e-05,9.174999e-06,1.0970831e-05,8.341662e-06,2.24996e-07,1.1575e-05,1.0270826e-05,1.0733326e-05,9.962495e-06,1.1091662e-05
14,94,417.458,0.94,1.1654162e-05,2.424995e-06,8.387494e-06,8.333325e-06,9.212494e-06,2.854164e-06,1.1208328e-05,9.345826e-06,1.1154159e-05,8.487495e-06,2.62499e-07,1.1745827e-05,1.0591666e-05,1.1041665e-05,1.0162496e-05,1.1345832e-05
14,95,417.602,0.95,1.1758328e-05,2.462498e-06,8.704162e-06,8.508333e-06,9.499995e-06,2.895832e-06,1.1454161e-05,9.574994e-06,1.1412493e-05,8.595832e-06,2.99994e-07,1.1979158e-05,1.0779167e-05,1.126666e-05,1.0308329e-05,1.1666663e-05
14,96,417.745,0.96,1.1866665e-05,2.470827e-06,8.862496e-06,8.637492e-06,9.666665e-06,2.912498e-06,1.1633332e-05,9.749992e-06,1.1666663e-05,8.733328e-06,2.91665e-07,1.2137492e-05,1.1104163e-05,1.1579164e-05,1.0658327e-05,1.1874994e-05
14,97,417.888,0.97,1.2020826e-05,2.454162e-06,9.145832e-06,8.84583e-06,9.949994e-06,2.887495e-06,1.1812496e-05,9.949994e-06,1.1908332e-05,8.93333e-06,1.49997e-07,1.2308327e-05,1.1416666e-05,1.180416e-05,1.0837499e-05,1.2158331e-05
14,98,418.031,0.98,1.2174995e-05,2.466663e-06,9.366663e-06,9.033331e-06,1.0079161e-05,2.908325e-06,1.1962493e-05,1.0141659e-05,1.2070831e-05,9.124994e-06,2.16659e-07,1.2329165e-05,1.1712496e-05,1.2012498e-05,1.1016663e-05,1.2295826e-05
14,99,418.174,0.99,1.2395827e-05,2.429159e-06,9.599996e-06,9.124994e-06,1.0370827e-05,2.949993e-06,1.2208327e-05,1.0354162e-05,1.2295826e-05,9.245833e-06,1.79164e-07,1.2458332e-05,1.1887495e-05,1.2212499e-05,1.1174997e-05,1.2574998e-05
14,100,418.317,1.0,1.245416e-05,2.433332e-06,9.966659e-06,9.299994e-06,1.0524996e-05,2.979159e-06,1.2370832e-05,1.0499994e-05,1.2487499e-05,9.424996e-06,2.33332e-07,1.2637496e-05,1.2149993e-05,1.2445831e-05,1.1366661e-05,1.2712495e-05
14,101,418.46,0.99,1.2241666e-05,2.379163e-06,9.812498e-06,9.149996e-06,1.0191663e-05,2.87083e-06,1.2204162e-05,1.0308329e-05,1.2158331e-05,9.249997e-06,1.91665e-07,1.2329165e-05,1.1874994e-05,1.2220828e-05,1.1170832e-05,1.2491663e-05
14,102,418.603,0.98,1.205833e-05,2.312493e-06,9.533326e-06,8.949995e-06,9.995826e-06,2.89166e-06,1.1974995e-05,1.0124993e-05,1.1841663e-05,9.074998e-06,1.58326e-07,1.2125e-05,1.1383327e-05,1.1799995e-05,1.0954165e-05,1.2149993e-05
14,103,418.746,0.97,1.1770829e-05,2.304165e-06,9.145832e-06,8.841665e-06,9.633327e-06,2.787495e-06,1.162916e-05,9.899998e-06,1.1524995e-05,8.908328e-06,1.49997e-07,1.1862493e-05,1.1058331e-05,1.144166e-05,1.0658327e-05,1.1791666e-05
14,104,418.889,0.96,1.1495828e-05,2.266661e-06,8.854158e-06,8.5375e-06,9.399994e-06,2.762492e-06,1.1416666e-05,9.60416e-06,1.1174997e-05,8.612497e-06,1.37496e-07,1.1579164e-05,1.0658327e-05,1.1224993e-05,1.0370827e-05,1.1445833e-05
14,105,419.032,0.95,1.1274998e-05,2.245831e-06,8.5375e-06,8.099993e-06,9.049996e-06,2.737498e-06,1.1137494e-05,9.299994e-06,1.0849993e-05,8.474994e-06,6.6662e-08,1.1312492e-05,1.0283327e-05,1.070416e-05,1.0004163e-05,1.1079161e-05
14,106,419.175,0.94,1.0995833e-05,2.25416e-06,8.245825e-06,7.849995e-06,8.683332e-06,2.666664e-06,1.0837499e-05,9.016665e-06,1.0449998e-05,8.220832e-06,5.4161e-08,1.1008327e-05,9.887497e-06,1.0291664e-05,9.75833e-06,1.078333e-05
14,107,419.318,0.93,1.0787495e-05,2.199992e-06,7.929166e-06,7.529163e-06,8.337498e-06,2.662492e-06,1.0537497e-05,8.704162e-06,1.0041666e-05,7.94166e-06,7.4999e-08,1.0754164e-05,9.479165e-06,9.962495e-06,9.491666e-06,1.0324995e-05
14,108,419.461,0.92,1.0441661e-05,2.13333e-06,7.587496e-06,7.30416e-06,7.899992e-06,2.554162e-06,1.0191663e-05,8.424998e-06,9.799997e-06,7.7125e-06,3.7495e-08,1.0433332e-05,9.112493e-06,9.633327e-06,9.179163e-06,9.945829e-06
14,109,419.604,0.91,1.0170826e-05,2.124993e-06,7.254163e-06,6.970827e-06,7.57916e-06,2.499994e-06,9.95833e-06,8.104165e-06,9.324996e-06,7.458329e-06,1.2493e-08,1.0120829e-05,8.691661e-06,9.24166e-06,8.862496e-06,9.67083e-06
14,110,419.747,0.9,9.904162e-06,2.124993e-06,6.891664e-06,6.712492e-06,7.166664e-06,2.454162e-06,9.712498e-06,7.824993e-06,9.02083e-06,7.133333e-06,1.6665e-08,9.799997e-06,8.324997e-06,8.84583e-06,8.566665e-06,9.187492e-06
14,111,419.89,0.89,9.412495e-06,2.091662e-06,6.599998e-06,6.379159e-06,6.795828e-06,2.404165e-06,9.204166e-06,7.587496e-06,8.637492e-06,6.895828e-06,8.329e-09,9.516661e-06,7.891663e-06,8.445827e-06,8.224996e-06,8.804162e-06
14,112,420.033,0.88,9.062497e-06,2.06666e-06,6.245828e-06,6.074993e-06,6.424999e-06,2.324995e-06,8.899999e-06,7.183329e-06,8.258326e-06,6.654159e-06,4.164e-09,9.187492e-06,7.545829e-06,8.037496e-06,7.920829e-06,8.408332e-06
14,113,420.176,0.87,8.699997e-06,1.999998e-06,5.845833e-06,5.766662e-06,5.999994e-06,2.316666e-06,8.508333e-06,6.858325e-06,7.83333e-06,6.341664e-06,-4.172e-09,8.749994e-06,7.104159e-06,7.599997e-06,7.529163e-06,7.966662e-06
14,114,420.319,0.86,8.470829e-06,2.004163e-06,5.562496e-06,5.495826e-06,5.687499e-06,2.249996e-06,8.212495e-06,6.554159e-06,7.445828e-06,6.116661e-06,-1.6673e-08,8.495832e-06,6.795828e-06,7.254163e-06,7.241662e-06,7.587496e-06
14,115,420.462,0.85,8.070827e-06,1.949994e-06,5.216662e-06,5.199997e-06,5.345829e-06,2.195827e-06,7.829165e-06,6.279159e-06,7.083328e-06,5.849997e-06,-4.172e-09,8.083328e-06,6.399997e-06,6.837495e-06,6.883327e-06,7.204159e-06
14,116,420.605,0.84,7.720828e-06,1.912498e-06,4.912496e-06,5.012496e-06,5.004159e-06,2.162496e-06,7.424998e-06,5.962499e-06,6.641666e-06,5.599999e-06,-2.9174e-08,7.716663e-06,5.991666e-06,6.429163e-06,6.529164e-06,6.770825e-06
14,117,420.748,0.83,7.349992e-06,1.912498e-06,4.712494e-06,4.808331e-06,4.716659e-06,2.104163e-06,7.037497e-06,5.712493e-06,6.254164e-06,5.329164e-06,-4.584e-08,7.320825e-06,5.674998e-06,6.09583e-06,6.220826e-06,6.399997e-06
14,118,420.891,0.82,6.970827e-06,1.85833e-06,4.479162e-06,4.658325e-06,4.558333e-06,2.070832e-06,6.608327e-06,5.516664e-06,5.874999e-06,5.137499e-06,-7.5006e-08,6.92083e-06,5.362495e-06,5.749996e-06,5.883328e-06,6.049999e-06
14,119,421.034,0.81,6.574996e-06,1.783331e-06,4.399999e-06,4.537495e-06,4.387498e-06,2.074997e-06,6.274994e-06,5.345829e-06,5.558332e-06,5.012496e-06,-4.584e-08,6.574996e-06,5.133327e-06,5.391661e-06,5.545831e-06,5.699992e-06
14,120,421.178,0.8,6.20416e-06,1.787496e-06,4.416665e-06,4.554161e-06,4.316664e-06,2.033329e-06,5.949998e-06,5.229163e-06,5.266658e-06,4.858327e-06,-5.8341e-08,6.191659e-06,4.979165e-06,5.154165e-06,5.229163e-06,5.408327e-06
14,121,421.321,0.79,5.887493e-06,1.695832e-06,4.474998e-06,4.616666e-06,4.387498e-06,2.041666e-06,5.537494e-06,5.199997e-06,4.987494e-06,4.774992e-06,-1.08337e-07,5.887493e-06,4.804158e-06,4.866663e-06,5.020825e-06,5.129163e-06
14,122,421.464,0.78,5.612493e-06,1.679158e-06,4.54166e-06,4.791665e-06,4.524994e-06,2.054159e-06,5.295825e-06,5.216662e-06,4.749998e-06,4.716659e-06,-8.7508e-08,5.508327e-06,4.762499e-06,4.724996e-06,4.854162e-06,4.933325e-06
14,123,421.607,0.77,5.195832e-06,1.599995e-06,4.72916e-06,4.974993e-06,4.604165e-06,2.120829e-06,4.954163e-06,5.308326e-06,4.624995e-06,4.745825e-06,-1.20838e-07,5.266658e-06,4.774992e-06,4.599992e-06,4.699993e-06,4.745825e-06
14,124,421.75,0.76,4.899995e-06,1.545827e-06,4.945827e-06,5.224999e-06,4.887494e-06,2.191663e-06,4.779164e-06,5.433329e-06,4.512493e-06,4.774992e-06,-9.5836e-08,5.087495e-06,4.758326e-06,4.583327e-06,4.616666e-06,4.720831e-06
14,125,421.893,0.75,4.662498e-06,1.533326e-06,5.166666e-06,5.508327e-06,5.158329e-06,2.208328e-06,4.62083e-06,5.666661e-06,4.495827e-06,4.845826e-06,-1.00009e-07,4.799994e-06,4.929161e-06,4.579163e-06,4.595828e-06,4.733332e-06
14,126,422.036,0.74,4.512493e-06,1.49583e-06,5.558332e-06,5.883328e-06,5.491662e-06,2.245831e-06,4.558333e-06,5.991666e-06,4.516665e-06,4.979165e-06,-9.5836e-08,4.716659e-06,5.174994e-06,4.791665e-06,4.637496e-06,4.762499e-06
14,127,422.179,0.73,4.412492e-06,1.466664e-06,5.770826e-06,6.149999e-06,5.754161e-06,2.291664e-06,4.587499e-06,6.283331e-06,4.604165e-06,5.129163e-06,-9.1672e-08,4.691664e-06,5.304162e-06,4.808331e-06,4.741661e-06,4.908331e-06
14,128,422.322,0.72,4.424993e-06,1.42916e-06,6.120833e-06,6.549994e-06,6.124997e-06,2.333331e-06,4.599992e-06,6.620828e-06,4.816659e-06,5.35833e-06,-1.12502e-07,4.720831e-06,5.595827e-06,5.008332e-06,4.862499e-06,5.116661e-06
14,129,422.465,0.71,4.43333e-06,1.445826e-06,6.462495e-06,6.958326e-06,6.562495e-06,2.374999e-06,4.754162e-06,6.954161e-06,4.966664e-06,5.508327e-06,-1.04173e-07,4.820832e-06,5.870827e-06,5.262494e-06,5.124998e-06,5.416663e-06
14,130,422.608,0.7,4.537495e-06,1.466664e-06,6.82083e-06,7.204159e-06,6.874998e-06,2.445825e-06,4.874993e-06,7.274993e-06,5.241664e-06,5.791664e-06,-1.16674e-07,4.962492e-06,6.208332e-06,5.504163e-06,5.287496e-06,5.55416e-06
14,131,422.751,0.69,4.733332e-06,1.474992e-06,7.149999e-06,7.541664e-06,7.187494e-06,2.449997e-06,5.133327e-06,7.616663e-06,5.491662e-06,5.962499e-06,-9.5836e-08,5.158329e-06,6.541665e-06,5.799993e-06,5.583326e-06,5.920831e-06
14,132,422.894,0.68,5.037498e-06,1.466664e-06,7.479159e-06,7.924994e-06,7.441664e-06,2.512495e-06,5.408327e-06,7.987499e-06,5.80833e-06,6.241663e-06,-1.20838e-07,5.374996e-06,6.883327e-06,6.099995e-06,5.829159e-06,6.174993e-06
14,133,423.037,0.67,5.295825e-06,1.529161e-06,7.829165e-06,8.308331e-06,7.754159e-06,2.545826e-06,5.708329e-06,8.329161e-06,6.162492e-06,6.483333e-06,-1.58342e-07,5.679162e-06,7.241662e-06,6.45833e-06,6.179166e-06,6.499998e-06
14,134,423.18,0.66,5.537494e-06,1.558328e-06,8.166663e-06,8.666659e-06,8.12916e-06,2.570828e-06,6.079165e-06,8.708326e-06,6.462495e-06,6.808329e-06,-1.00009e-07,6.012495e-06,7.620828e-06,6.73333e-06,6.487497e-06,6.912494e-06
14,135,423.323,0.65,5.704164e-06,1.566664e-06,8.512497e-06,9.029166e-06,8.470829e-06,2.608331e-06,6.416662e-06,9.008329e-06,6.849996e-06,7.099994e-06,-1.08337e-07,6.333327e-06,7.999993e-06,7.104159e-06,6.824994e-06,7.237498e-06
14,136,423.466,0.64,6.037497e-06,1.637498e-06,8.837494e-06,9.362499e-06,8.783332e-06,2.645826e-06,6.629165e-06,9.354162e-06,7.1625e-06,7.391659e-06,-1.58342e-07,6.641666e-06,8.312496e-06,7.37083e-06,7.145826e-06,7.595825e-06
14,137,423.609,0.63,6.383332e-06,1.637498e-06,9.166662e-06,9.666665e-06,9.087499e-06,2.704159e-06,6.979164e-06,9.662493e-06,7.495833e-06,7.674996e-06,-1.6667e-07,6.995829e-06,8.645829e-06,7.733329e-06,7.499997e-06,7.929166e-06
14,138,423.752,0.62,6.691662e-06,1.641663e-06,9.462499e-06,1.0020828e-05,9.437497e-06,2.737498e-06,7.333326e-06,9.924992e-06,7.916665e-06,7.904164e-06,-1.25003e-07,7.291659e-06,9.029166e-06,8.087492e-06,7.808328e-06,8.308331e-06
14,139,423.895,0.61,7.066663e-06,1.708325e-06,9.804161e-06,1.0266662e-05,9.691659e-06,2.762492e-06,7.641665e-06,1.0233331e-05,8.19583e-06,8.204166e-06,-1.12502e-07,7.641665e-06,9.316659e-06,8.408332e-06,8.104165e-06,8.612497e-06
14,140,424.038,0.6,7.441664e-06,1.749992e-06,1.0062496e-05,1.0645826e-05,9.966659e-06,2.799996e-06,8.008329e-06,1.0512495e-05,8.574994e-06,8.474994e-06,-1.6667e-07,8.029159e-06,9.691659e-06,8.766659e-06,8.441662e-06,8.974997e-06
14,141,424.181,0.59,7.837494e-06,1.77083e-06,1.0416658e-05,1.0941664e-05,1.0266662e-05,2.774994e-06,8.31666e-06,1.0904161e-05,8.837494e-06,8.691661e-06,-1.54169e-07,8.324997e-06,9.995826e-06,9.05416e-06,8.737493e-06,9.279163e-06
14,142,424.324,0.58,8.079163e-06,1.804161e-06,1.0612495e-05,1.1158331e-05,1.0512495e-05,2.829162e-06,8.633328e-06,1.1083333e-05,9.245833e-06,9.091664e-06,-1.79172e-07,8.641664e-06,1.0304165e-05,9.429161e-06,9.12083e-06,9.608332e-06
14,143,424.467,0.57,8.541663e-06,1.783331e-06,1.0991661e-05,1.1474999e-05,1.080416e-05,2.858329e-06,8.941666e-06,1.1408329e-05,9.49583e-06,9.245833e-06,-1.58342e-07,9.012492e-06,1.0687494e-05,9.699997e-06,9.366663e-06,9.949994e-06
14,144,424.611,0.56,8.704162e-06,1.854165e-06,1.13e-05,1.1749999e-05,1.1033329e-05,2.879159e-06,9.254161e-06,1.1654162e-05,9.904162e-06,9.483329e-06,-9.5836e-08,9.30833e-06,1.0924999e-05,9.945829e-06,9.699997e-06,1.0204164e-05
14,145,424.754,0.55,9.237496e-06,1.812498e-06,1.1604166e-05,1.1983331e-05,1.1341659e-05,2.949993e-06,9.558328e-06,1.1962493e-05,1.0208329e-05,9.770831e-06,-1.62506e-07,9.599996e-06,1.1274998e-05,1.0370827e-05,9.962495e-06,1.0562499e-05
14,146,424.897,0.54,9.341661e-06,1.874995e-06,1.1874994e-05,1.2270832e-05,1.1604166e-05,2.945828e-06,9.883332e-06,1.2237493e-05,1.0504166e-05,1.0020828e-05,-2.16675e-07,9.887497e-06,1.1537496e-05,1.0654163e-05,1.0295828e-05,1.0895832e-05
14,147,425.04,0.53,9.666665e-06,1.912498e-06,1.2120827e-05,1.2516665e-05,1.1812496e-05,2.908325e-06,1.0166661e-05,1.2445831e-05,1.080416e-05,1.0262497e-05,-1.6667e-07,1.0141659e-05,1.1779165e-05,1.0912498e-05,1.0541661e-05,1.1191662e-05
14,148,425.183,0.52,1.006666e-05,1.85833e-06,1.2341667e-05,1.2791666e-05,1.2099998e-05,2.966658e-06,1.0441661e-05,1.2712495e-05,1.1124992e-05,1.0558327e-05,-2.00001e-07,1.0483329e-05,1.205833e-05,1.1199999e-05,1.0874995e-05,1.1491664e-05
14,149,425.326,0.51,1.0283327e-05,1.887496e-06,1.2666663e-05,1.309166e-05,1.2374997e-05,3.020827e-06,1.0754164e-05,1.2954163e-05,1.1399992e-05,1.0737499e-05,-1.54169e-07,1.0724997e-05,1.2341667e-05,1.1445833e-05,1.1137494e-05,1.1733326e-05
14,150,425.469,0.5,1.0516659e-05,1.887496e-06,1.2837498e-05,1.3283332e-05,1.2599993e-05,3.008326e-06,1.0941664e-05,1.3162494e-05,1.1808332e-05,1.0933328e-05,-1.45841e-07,1.1004162e-05,1.254166e-05,1.1712496e-05,1.1433332e-05,1.1933326e-05
14,151,425.612,0.49,1.0824998e-05,1.895825e-06,1.3179159e-05,1.3579162e-05,1.2787493e-05,2.974995e-06,1.1195826e-05,1.3312499e-05,1.1899996e-05,1.1149995e-05,-1.54169e-07,1.1274998e-05,1.2774992e-05,1.2087497e-05,1.1649998e-05,1.2233329e-05
14,152,425.755,0.48,1.1033329e-05,1.929164e-06,1.3358331e-05,1.3820831e-05,1.3033326e-05,3.033328e-06,1.1454161e-05,1.3649996e-05,1.2170832e-05,1.1404165e-05,-1.54169e-07,1.152916e-05,1.3054164e-05,1.2254159e-05,1.1920825e-05,1.2508329e-05
14,153,425.898,0.47,1.1345832e-05,1.999998e-06,1.3704165e-05,1.3895829e-05,1.3325e-05,3.05833e-06,1.1795831e-05,1.3737495e-05,1.2399999e-05,1.1641661e-05,-1.91673e-07,1.1799995e-05,1.3241664e-05,1.2470826e-05,1.2204162e-05,1.2758326e-05
14,154,426.041,0.46,1.1637497e-05,1.933328e-06,1.3754161e-05,1.4116661e-05,1.3524993e-05,3.05833e-06,1.2041664e-05,1.3945826e-05,1.2724996e-05,1.1795831e-05,-1.3334e-07,1.2020826e-05,1.3512492e-05,1.2733332e-05,1.2387498e-05,1.2945827e-05
14,155,426.184,0.45,1.1908332e-05,1.995826e-06,1.3991666e-05,1.4233327e-05,1.3612493e-05,3.099998e-06,1.2241666e-05,1.4241664e-05,1.2895831e-05,1.1966666e-05,-1.58342e-07,1.2195826e-05,1.3749996e-05,1.2966665e-05,1.2724996e-05,1.3179159e-05
14,156,426.327,0.44,1.2145829e-05,1.983333e-06,1.4191659e-05,1.4491661e-05,1.3712493e-05,3.133329e-06,1.2462497e-05,1.4399998e-05,1.3204161e-05,1.2166659e-05,-1.41668e-07,1.2499992e-05,1.3941662e-05,1.3212498e-05,1.272916e-05,1.3399998e-05
14,157,426.47,0.43,1.2466661e-05,1.999998e-06,1.4399998e-05,1.4724994e-05,1.3999995e-05,3.170832e-06,1.2716659e-05,1.4579161e-05,1.3395826e-05,1.2370832e-05,-1.45841e-07,1.2687492e-05,1.4141663e-05,1.3449995e-05,1.3037499e-05,1.362083e-05
14,158,426.613,0.42,1.2624995e-05,2.016664e-06,1.4541666e-05,1.4916666e-05,1.4166665e-05,3.054166e-06,1.2895831e-05,1.475416e-05,1.3616665e-05,1.2612494e-05,-1.83336e-07,1.2912496e-05,1.4329164e-05,1.3637495e-05,1.3262495e-05,1.3854162e-05
14,159,426.756,0.41,1.2891666e-05,2.033329e-06,1.473333e-05,1.5070827e-05,1.4354166e-05,3.108327e-06,1.3058328e-05,1.4899992e-05,1.3754161e-05,1.2724996e-05,-1.45841e-07,1.308333e-05,1.4487497e-05,1.3820831e-05,1.3429165e-05,1.4062492e-05
14,160,426.899,0.4,1.298333e-05,2.024992e-06,1.4958326e-05,1.5254163e-05,1.4529164e-05,3.120828e-06,1.3254165e-05,1.5145826e-05,1.4162492e-05,1.2887494e-05,-1.6667e-07,1.3291661e-05,1.4770826e-05,1.4058328e-05,1.3670826e-05,1.4249992e-05
14,161,427.042,0.39,1.3112497e-05,2.170825e-06,1.5112495e-05,1.5412497e-05,1.4699999e-05,3.129164e-06,1.3479162e-05,1.5279165e-05,1.4229163e-05,1.3079167e-05,-1.83336e-07,1.3499999e-05,1.4920831e-05,1.4249992e-05,1.3820831e-05,1.4491661e-05
14,162,427.185,0.38,1.3537494e-05,2.012499e-06,1.5229161e-05,1.559166e-05,1.4862498e-05,3.141666e-06,1.3624994e-05,1.5466667e-05,1.4504162e-05,1.325833e-05,-1.58342e-07,1.3645832e-05,1.5129161e-05,1.4483333e-05,1.4029161e-05,1.4674997e-05
14,163,427.328,0.37,1.3574998e-05,2.054159e-06,1.549166e-05,1.583333e-05,1.5024996e-05,3.170832e-06,1.3887493e-05,1.5662496e-05,1.4704164e-05,1.3449995e-05,-1.6667e-07,1.3799993e-05,1.530416e-05,1.4662496e-05,1.4216662e-05,1.4833331e-05
14,164,427.471,0.36,1.3949998e-05,2.091662e-06,1.5641666e-05,1.5937496e-05,1.521666e-05,3.154159e-06,1.4062492e-05,1.5762496e-05,1.4904165e-05,1.3579162e-05,-1.54169e-07,1.4054163e-05,1.545833e-05,1.4774998e-05,1.4420827e-05,1.5066664e-05
14,165,427.614,0.35,1.4020832e-05,2.058331e-06,1.5799998e-05,1.6099993e-05,1.5362493e-05,3.183325e-06,1.4258329e-05,1.5883326e-05,1.4999993e-05,1.3754161e-05,-1.41668e-07,1.4241664e-05,1.5637494e-05,1.5033333e-05,1.4687498e-05,1.525e-05
14,166,427.757,0.34,1.4070829e-05,2.083325e-06,1.5983327e-05,1.6245825e-05,1.5570831e-05,3.170832e-06,1.4429164e-05,1.6058326e-05,1.5316662e-05,1.3991666e-05,-1.83336e-07,1.4374995e-05,1.582083e-05,1.5229161e-05,1.4787499e-05,1.5454165e-05
14,167,427.9,0.33,1.4433328e-05,2.058331e-06,1.6158327e-05,1.6445827e-05,1.5687498e-05,3.199998e-06,1.4587497e-05,1.6212494e-05,1.5391659e-05,1.4116661e-05,-1.04173e-07,1.4508327e-05,1.5983327e-05,1.5454165e-05,1.4883328e-05,1.564583e-05
14,168,428.043,0.32,1.4674997e-05,2.112492e-06,1.6324997e-05,1.6637492e-05,1.5829166e-05,3.274997e-06,1.4779162e-05,1.6366665e-05,1.557916e-05,1.420416e-05,-9.1672e-08,1.4691663e-05,1.6133332e-05,1.5516662e-05,1.5120832e-05,1.5799998e-05
14,169,428.187,0.31,1.4749996e-05,2.099999e-06,1.6508333e-05,1.6745829e-05,1.5916665e-05,3.158331e-06,1.4958326e-05,1.6529162e-05,1.5708327e-05,1.4354166e-05,-1.12502e-07,1.4874999e-05,1.6245825e-05,1.575416e-05,1.5345828e-05,1.5912494e-05
14,170,428.33,0.3,1.4899992e-05,2.104163e-06,1.6591661e-05,1.684583e-05,1.6145825e-05,3.245831e-06,1.5108331e-05,1.6687496e-05,1.5891663e-05,1.4470832e-05,-2.08338e-07,1.5224997e-05,1.6445827e-05,1.5949996e-05,1.5512498e-05,1.6099993e-05
14,171,428.473,0.29,1.5170828e-05,2.13333e-06,1.6783333e-05,1.7054161e-05,1.6287493e-05,3.283326e-06,1.530416e-05,1.683333e-05,1.6087492e-05,1.4658332e-05,-1.75007e-07,1.5183329e-05,1.6662494e-05,1.6099993e-05,1.565833e-05,1.6304159e-05
14,172,428.616,0.28,1.509583e-05,2.087498e-06,1.6937494e-05,1.7099992e-05,1.638333e-05,3.316665e-06,1.5454165e-05,1.6970833e-05,1.6254162e-05,1.4799993e-05,-2.12502e-07,1.5233326e-05,1.6949994e-05,1.62625e-05,1.5737494e-05,1.6454163e-05
14,173,428.759,0.27,1.5316662e-05,2.124993e-06,1.7104165e-05,1.7312495e-05,1.6599997e-05,3.26666e-06,1.5549993e-05,1.713333e-05,1.6408332e-05,1.4933332e-05,-1.54169e-07,1.5441665e-05,1.684583e-05,1.6495831e-05,1.592083e-05,1.6620827e-05
14,174,428.902,0.26,1.5437499e-05,2.087498e-06,1.7162498e-05,1.7429162e-05,1.6708327e-05,3.291663e-06,1.575416e-05,1.7233331e-05,1.6608326e-05,1.5083328e-05,-1.58342e-07,1.5629164e-05,1.6974998e-05,1.6674996e-05,1.6058326e-05,1.6808328e-05
14,175,429.045,0.25,1.5566658e-05,2.091662e-06,1.7374992e-05,1.76375e-05,1.6808328e-05,3.308328e-06,1.592083e-05,1.7383329e-05,1.6754166e-05,1.5187494e-05,-1.58342e-07,1.5745831e-05,1.7274999e-05,1.6754166e-05,1.6241662e-05,1.6929165e-05
14,176,429.188,0.24,1.5745831e-05,2.13333e-06,1.7387494e-05,1.7795834e-05,1.6979162e-05,3.370825e-06,1.6091664e-05,1.7516661e-05,1.6883325e-05,1.537083e-05,-1.58342e-07,1.5849995e-05,1.7495831e-05,1.6829164e-05,1.6474994e-05,1.7074999e-05
14,177,429.331,0.23,1.5845832e-05,2.074997e-06,1.7574994e-05,1.7849994e-05,1.7108328e-05,3.316665e-06,1.6124995e-05,1.7641663e-05,1.7049995e-05,1.5525e-05,-1.6667e-07,1.6008329e-05,1.7558328e-05,1.714166e-05,1.6541664e-05,1.7249997e-05
14,178,429.474,0.22,1.6037497e-05,2.120829e-06,1.7729164e-05,1.8133331e-05,1.71875e-05,3.374998e-06,1.6270827e-05,1.7762493e-05,1.7195829e-05,1.5620828e-05,-1.91673e-07,1.6220833e-05,1.76375e-05,1.7166662e-05,1.6725e-05,1.7349998e-05
14,179,429.617,0.21,1.6241662e-05,2.124993e-06,1.787916e-05,1.815416e-05,1.7499995e-05,3.387499e-06,1.6499996e-05,1.7891662e-05,1.7399994e-05,1.5945832e-05,-1.45841e-07,1.6304159e-05,1.7795834e-05,1.7349998e-05,1.6795826e-05,1.7549999e-05
14,180,429.76,0.2,1.638333e-05,2.15416e-06,1.803333e-05,1.8375e-05,1.7516661e-05,3.387499e-06,1.6633328e-05,1.8037494e-05,1.7574994e-05,1.5937496e-05,-1.25003e-07,1.6487495e-05,1.79125e-05,1.7591659e-05,1.6937494e-05,1.769166e-05
14,181,429.903,0.19,1.6512497e-05,2.15416e-06,1.8174998e-05,1.832916e-05,1.7591659e-05,3.516658e-06,1.6770831e-05,1.815416e-05,1.7608332e-05,1.6045833e-05,-1.70835e-07,1.6666667e-05,1.8029164e-05,1.7649993e-05,1.7070826e-05,1.7895825e-05
14,182,430.046,0.18,1.6645829e-05,2.174997e-06,1.8283328e-05,1.8508332e-05,1.7699997e-05,3.458325e-06,1.7087499e-05,1.8299992e-05,1.7779159e-05,1.6070826e-05,-1.41668e-07,1.684583e-05,1.8195828e-05,1.7816663e-05,1.7279164e-05,1.7987497e-05
14,183,430.189,0.17,1.6974998e-05,2.170825e-06,1.8383329e-05,1.8658327e-05,1.7870832e-05,3.362497e-06,1.7112494e-05,1.8445826e-05,1.7958331e-05,1.6283329e-05,-1.29175e-07,1.6891663e-05,1.8274999e-05,1.7916664e-05,1.7374992e-05,1.8095827e-05
14,184,430.332,0.16,1.6974998e-05,2.158332e-06,1.8558327e-05,1.8791659e-05,1.796666e-05,3.462497e-06,1.7270828e-05,1.8549999e-05,1.8095827e-05,1.6445827e-05,-1.12502e-07,1.7070826e-05,1.8458326e-05,1.8058332e-05,1.7474993e-05,1.8208329e-05
14,185,430.475,0.15,1.6987498e-05,2.191663e-06,1.8720826e-05,1.887916e-05,1.81e-05,3.458325e-06,1.7374992e-05,1.8729163e-05,1.8254161e-05,1.6554164e-05,-1.3334e-07,1.7112494e-05,1.8475001e-05,1.8179162e-05,1.7654165e-05,1.8379164e-05
14,186,430.618,0.14,1.7366663e-05,2.216665e-06,1.8741663e-05,1.8999997e-05,1.8216666e-05,3.449996e-06,1.7354163e-05,1.8745828e-05,1.8504166e-05,1.6695833e-05,-1.45841e-07,1.71875e-05,1.8658327e-05,1.8354162e-05,1.7829163e-05,1.8408331e-05
14,187,430.761,0.13,1.7470829e-05,2.137494e-06,1.889166e-05,1.916666e-05,1.8337496e-05,3.470826e-06,1.7499995e-05,1.8791659e-05,1.860416e-05,1.6824992e-05,-1.58342e-07,1.7362499e-05,1.8866665e-05,1.8516659e-05,1.7874996e-05,1.8666664e-05
14,188,430.904,0.12,1.741666e-05,2.216665e-06,1.8999997e-05,1.9245832e-05,1.842916e-05,3.44166e-06,1.7666665e-05,1.895833e-05,1.8645827e-05,1.6987498e-05,-1.37504e-07,1.7408331e-05,1.887916e-05,1.8637498e-05,1.8070832e-05,1.8750001e-05
14,189,431.047,0.11,1.7512497e-05,2.187498e-06,1.9137493e-05,1.9429159e-05,1.8574992e-05,3.499993e-06,1.7762493e-05,1.904583e-05,1.889166e-05,1.7058333e-05,-1.6667e-07,1.7649993e-05,1.8983332e-05,1.8716661e-05,1.8187498e-05,1.8912498e-05
14,190,431.19,0.1,1.7658329e-05,2.212493e-06,1.9274998e-05,1.9583329e-05,1.865e-05,3.466662e-06,1.7870832e-05,1.9187499e-05,1.8820827e-05,1.7175e-05,-1.41668e-07,1.770416e-05,1.9145831e-05,1.8816661e-05,1.8249997e-05,1.9029165e-05
14,191,431.333,0.09,1.7770832e-05,2.212493e-06,1.92875e-05,1.9554162e-05,1.8741663e-05,3.52083e-06,1.8008328e-05,1.9291663e-05,1.9037492e-05,1.7349998e-05,-1.12502e-07,1.7808326e-05,1.9237494e-05,1.9004163e-05,1.8316667e-05,1.9162497e-05
14,192,431.476,0.08,1.7937493e-05,2.204164e-06,1.9545832e-05,1.9666664e-05,1.8874995e-05,3.491664e-06,1.815416e-05,1.93875e-05,1.9083333e-05,1.7329161e-05,-1.29175e-07,1.7958331e-05,1.9374998e-05,1.9174997e-05,1.8549999e-05,1.9266661e-05
14,193,431.62,0.07,1.81e-05,2.241659e-06,1.952083e-05,1.9837498e-05,1.8991661e-05,3.512494e-06,1.822083e-05,1.9554162e-05,1.9254159e-05,1.7599996e-05,-6.2505e-08,1.8049996e-05,1.9429159e-05,1.9170833e-05,1.8612496e-05,1.9345833e-05
14,194,431.763,0.06,1.8354162e-05,2.216665e-06,1.9729161e-05,1.9908333e-05,1.91125e-05,3.599993e-06,1.8387493e-05,1.9645826e-05,1.9345833e-05,1.7520833e-05,-1.70835e-07,1.8095827e-05,1.9599995e-05,1.9258332e-05,1.8699995e-05,1.9424995e-05
14,195,431.906,0.05,1.8375e-05,2.304165e-06,1.9749999e-05,2.0049993e-05,1.9229166e-05,3.516658e-06,1.8416658e-05,1.9754163e-05,1.9458326e-05,1.7641663e-05,-9.5836e-08,1.8195828e-05,1.9699995e-05,1.9499994e-05,1.8874995e-05,1.9604166e-05
14,196,432.049,0.04,1.8295828e-05,2.183326e-06,1.9949992e-05,2.0108326e-05,1.9283327e-05,3.512494e-06,1.8804161e-05,1.9808333e-05,1.9524996e-05,1.7745828e-05,-2.37505e-07,1.8487493e-05,1.9895831e-05,1.9566663e-05,1.889166e-05,1.968333e-05
14,197,432.192,0.03,1.8491666e-05,2.241659e-06,2.0020827e-05,2.0154166e-05,1.9441661e-05,3.562498e-06,1.8666664e-05,2.0087497e-05,1.9712495e-05,1.7916664e-05,-1.25003e-07,1.8470828e-05,1.9887495e-05,1.9658328e-05,1.9054167e-05,1.97625e-05
14,198,432.335,0.02,1.8541661e-05,2.208328e-06,2.0087497e-05,2.0270832e-05,1.9470826e-05,3.566662e-06,1.8816661e-05,2.0074995e-05,1.9758329e-05,1.7958331e-05,-1.75007e-07,1.8491666e-05,1.9908333e-05,1.9899997e-05,1.9183326e-05,1.9870829e-05
14,199,432.478,0.01,1.861666e-05,2.174997e-06,2.0133328e-05,2.043333e-05,1.9583329e-05,3.549997e-06,1.8916662e-05,2.0133328e-05,1.9899997e-05,1.8054159e-05,-1.58342e-07,1.8624996e-05,2.0045829e-05,1.9949992e-05,1.9249996e-05,1.9995832e-05
14,200,432.621,0.0,1.8808332e-05,2.249996e-06,2.0345831e-05,2.0495829e-05,1.9670828e-05,3.574999e-06,1.895833e-05,2.0199997e-05,1.9874993e-05,1.8208329e-05,-1.6667e-07,1.8745828e-05,2.0149993e-05,2.0133328e-05,1.935416e-05,2.0054165e-05
,,,,,,,,,,,,,,,,,,,,14,0.63,0.63,0.74,0.75,0.75,0.76,0.64,0.74,0.7,0.73,0.33,0.63,0.72,0.71,0.69,0.7,0.73,0.72,0.81,0.81,0.8,0.8,0.74,0.79,0.75,0.78,0.88,0.73,0.76,0.75,0.75,0.76
15,0,432.873,0.0,1.8883331e-05,2.241659e-06,2.0333329e-05,2.0512494e-05,1.9745827e-05,3.616659e-06,1.9058331e-05,2.0199997e-05,1.9966667e-05,1.8291665e-05,-1.29175e-07,1.8824998e-05,2.0191661e-05,1.9937499e-05,1.9445833e-05,2.0179161e-05
15,1,433.016,0.01,1.8799996e-05,2.316666e-06,2.0304164e-05,2.0437496e-05,1.9891659e-05,3.624996e-06,1.895833e-05,2.0149993e-05,1.9929163e-05,1.8183327e-05,-7.5006e-08,1.8720826e-05,2.0154166e-05,1.9941665e-05,1.9395828e-05,2.0029163e-05
15,2,433.159,0.02,1.8824998e-05,2.283327e-06,2.0237494e-05,2.0424994e-05,1.9733325e-05,3.624996e-06,1.8924999e-05,2.015833e-05,1.9920826e-05,1.8162496e-05,-8.7508e-08,1.8558327e-05,2.0074995e-05,1.9870829e-05,1.9358333e-05,1.9874993e-05
15,3,433.302,0.03,1.8599994e-05,2.312493e-06,2.025416e-05,2.0404164e-05,1.9458326e-05,3.720832e-06,1.8670829e-05,2.009166e-05,1.9737497e-05,1.8129165e-05,-8.7508e-08,1.8470828e-05,1.9974994e-05,1.9770829e-05,1.9141666e-05,1.9816662e-05
15,4,433.445,0.04,1.8537497e-05,2.379163e-06,2.007916e-05,2.0216663e-05,1.9320829e-05,3.674992e-06,1.8670829e-05,1.9933326e-05,1.9654162e-05,1.8041666e-05,-7.9171e-08,1.8291665e-05,1.9933326e-05,1.9654162e-05,1.9024999e-05,1.9749999e-05
15,5,433.588,0.05,1.8295828e-05,2.387492e-06,1.9987496e-05,2.0133328e-05,1.9433332e-05,3.60833e-06,1.8424997e-05,1.9995832e-05,1.9570827e-05,1.8004162e-05,-5.4169e-08,1.8179162e-05,1.9824998e-05,1.9524996e-05,1.8949993e-05,1.9575e-05
15,6,433.731,0.06,1.8166662e-05,2.362498e-06,1.9979159e-05,2.0108326e-05,1.9254159e-05,3.654162e-06,1.8391665e-05,1.995833e-05,1.9483328e-05,1.7887496e-05,-1.6673e-08,1.8066661e-05,1.9712495e-05,1.9383328e-05,1.8791659e-05,1.9512494e-05
15,7,433.874,0.07,1.8012499e-05,2.433332e-06,1.9841664e-05,1.9995832e-05,1.9137493e-05,3.566662e-06,1.8191664e-05,1.9833325e-05,1.9412493e-05,1.7799997e-05,-5.8341e-08,1.7904162e-05,1.9541661e-05,1.92875e-05,1.877083e-05,1.9445833e-05
15,8,434.017,0.08,1.787916e-05,2.345832e-06,1.9687493e-05,1.9987496e-05,1.894583e-05,3.62916e-06,1.8104163e-05,1.9779165e-05,1.9245832e-05,1.7649993e-05,-5.8341e-08,1.7820827e-05,1.9483328e-05,1.9191662e-05,1.8641662e-05,1.9345833e-05
15,9,434.16,0.09,1.7762493e-05,2.379163e-06,1.9599995e-05,1.9766665e-05,1.894583e-05,3.637497e-06,1.796666e-05,1.9504165e-05,1.9279161e-05,1.7633327e-05,-4.172e-09,1.7662493e-05,1.9412493e-05,1.91125e-05,1.8549999e-05,1.9195826e-05
15,10,434.303,0.1,1.7612498e-05,2.362498e-06,1.9537496e-05,1.9724997e-05,1.8845829e-05,3.637497e-06,1.7733328e-05,1.9454161e-05,1.9012499e-05,1.7549999e-05,-4.584e-08,1.7533326e-05,1.9333331e-05,1.894583e-05,1.8454162e-05,1.9154159e-05
15,11,434.446,0.11,1.7474993e-05,2.399993e-06,1.9466663e-05,1.9662499e-05,1.8733326e-05,3.641661e-06,1.7566665e-05,1.9274998e-05,1.894583e-05,1.741666e-05,1.2493e-08,1.7395831e-05,1.9208328e-05,1.8904162e-05,1.8375e-05,1.9012499e-05
15,12,434.589,0.12,1.7245833e-05,2.424995e-06,1.9291663e-05,1.9541661e-05,1.8620833e-05,3.662499e-06,1.7499995e-05,1.9245832e-05,1.8674993e-05,1.7441662e-05,8.329e-09,1.7262499e-05,1.9083333e-05,1.8720826e-05,1.8249997e-05,1.8912498e-05
15,13,434.732,0.13,1.712083e-05,2.358325e-06,1.9270834e-05,1.93875e-05,1.8545827e-05,3.670827e-06,1.7341661e-05,1.9158331e-05,1.8566665e-05,1.7349998e-05,5.4161e-08,1.7058333e-05,1.8929164e-05,1.8608333e-05,1.8116665e-05,1.8737499e-05
15,14,434.875,0.14,1.6995828e-05,2.329159e-06,1.91125e-05,1.9274998e-05,1.830833e-05,3.624996e-06,1.7108328e-05,1.9049994e-05,1.8466664e-05,1.7066661e-05,-4.1668e-08,1.6904163e-05,1.8833327e-05,1.8462499e-05,1.7941666e-05,1.8662493e-05
15,15,435.019,0.15,1.6733329e-05,2.308329e-06,1.8920828e-05,1.9224994e-05,1.8262497e-05,3.624996e-06,1.6979162e-05,1.8954166e-05,1.8387493e-05,1.7116667e-05,1.04165e-07,1.6741666e-05,1.8620833e-05,1.8291665e-05,1.787916e-05,1.8449999e-05
15,16,435.162,0.16,1.6708327e-05,2.333331e-06,1.8883331e-05,1.9029165e-05,1.8149996e-05,3.60833e-06,1.677916e-05,1.8812498e-05,1.8204164e-05,1.6841666e-05,-5.4169e-08,1.6725e-05,1.8516659e-05,1.8137494e-05,1.770416e-05,1.8333332e-05
15,17,435.305,0.17,1.6470829e-05,2.391664e-06,1.8816661e-05,1.8912498e-05,1.8037494e-05,3.645825e-06,1.665833e-05,1.8687495e-05,1.8037494e-05,1.677916e-05,-2.5002e-08,1.6420834e-05,1.8391665e-05,1.7974997e-05,1.7608332e-05,1.8183327e-05
15,18,435.448,0.18,1.6199994e-05,2.354161e-06,1.8683329e-05,1.8787496e-05,1.7899998e-05,3.604166e-06,1.6483331e-05,1.8687495e-05,1.79125e-05,1.6599997e-05,4.164e-09,1.6187492e-05,1.8266663e-05,1.787916e-05,1.7483329e-05,1.7991662e-05
15,19,435.591,0.19,1.6104166e-05,2.399993e-06,1.8566665e-05,1.8679166e-05,1.7749993e-05,3.574999e-06,1.6333326e-05,1.8491666e-05,1.77375e-05,1.6529162e-05,5.4161e-08,1.6012495e-05,1.8145831e-05,1.7824999e-05,1.7249997e-05,1.785833e-05
15,20,435.734,0.2,1.5804164e-05,2.370826e-06,1.8420831e-05,1.8529161e-05,1.7695833e-05,3.599993e-06,1.6120832e-05,1.8408331e-05,1.7649993e-05,1.6374994e-05,-8e-12,1.5799998e-05,1.804583e-05,1.7604159e-05,1.71875e-05,1.7799997e-05
15,21,435.877,0.21,1.5608326e-05,2.287499e-06,1.8191664e-05,1.8466664e-05,1.7520833e-05,3.604166e-06,1.5979163e-05,1.8208329e-05,1.7508331e-05,1.6266664e-05,-8.337e-09,1.5699998e-05,1.7974997e-05,1.7495831e-05,1.7079163e-05,1.7649993e-05
15,22,436.02,0.22,1.5462494e-05,2.295828e-06,1.8054159e-05,1.8333332e-05,1.7341661e-05,3.60833e-06,1.5812493e-05,1.8074998e-05,1.7337497e-05,1.6141661e-05,2.4994e-08,1.5504162e-05,1.7608332e-05,1.7304166e-05,1.696666e-05,1.7458327e-05
15,23,436.163,0.23,1.5233326e-05,2.316666e-06,1.796666e-05,1.8254161e-05,1.7283328e-05,3.616659e-06,1.5549993e-05,1.797916e-05,1.7183327e-05,1.5983327e-05,2.9159e-08,1.5362493e-05,1.7520833e-05,1.7029166e-05,1.6862496e-05,1.7316659e-05
15,24,436.306,0.24,1.5079165e-05,2.32083e-06,1.7766666e-05,1.8074998e-05,1.7145832e-05,3.579164e-06,1.5408334e-05,1.7833328e-05,1.7012493e-05,1.5908328e-05,4.9996e-08,1.5187494e-05,1.7437498e-05,1.7104165e-05,1.6574995e-05,1.7099992e-05
15,25,436.449,0.25,1.4845832e-05,2.329159e-06,1.7658329e-05,1.7812499e-05,1.6983326e-05,3.587492e-06,1.525e-05,1.770416e-05,1.6795826e-05,1.5704163e-05,8.329e-09,1.4991665e-05,1.7258326e-05,1.6895827e-05,1.6483331e-05,1.6941667e-05
15,26,436.592,0.26,1.4645831e-05,2.362498e-06,1.7541663e-05,1.7724999e-05,1.6958333e-05,3.558326e-06,1.5016659e-05,1.7533326e-05,1.6695833e-05,1.5525e-05,8.329e-09,1.4799993e-05,1.7099992e-05,1.6599997e-05,1.6224996e-05,1.6849996e-05
15,27,436.735,0.27,1.4437493e-05,2.316666e-06,1.7358327e-05,1.7516661e-05,1.6599997e-05,3.624996e-06,1.4812494e-05,1.7437498e-05,1.6437498e-05,1.5441665e-05,2.4994e-08,1.454583e-05,1.6858332e-05,1.6470829e-05,1.609583e-05,1.6579159e-05
15,28,436.878,0.28,1.4241664e-05,2.420831e-06,1.7233331e-05,1.7383329e-05,1.6508333e-05,3.620831e-06,1.463333e-05,1.7312495e-05,1.6320833e-05,1.535833e-05,1.6665e-08,1.4387496e-05,1.6749995e-05,1.6308331e-05,1.5945832e-05,1.6429161e-05
15,29,437.021,0.29,1.4041662e-05,2.299992e-06,1.7058333e-05,1.7249997e-05,1.6324997e-05,3.483327e-06,1.4487497e-05,1.7154161e-05,1.6133332e-05,1.5091666e-05,6.6662e-08,1.4158329e-05,1.6616663e-05,1.6037497e-05,1.5774996e-05,1.6191665e-05
15,30,437.164,0.3,1.3841661e-05,2.383327e-06,1.69e-05,1.7112494e-05,1.6137497e-05,3.587492e-06,1.417083e-05,1.6979162e-05,1.5929167e-05,1.4958326e-05,4.5832e-08,1.4012496e-05,1.6420834e-05,1.5937496e-05,1.5666659e-05,1.5995829e-05
15,31,437.307,0.31,1.3574998e-05,2.324995e-06,1.6725e-05,1.6895827e-05,1.6037497e-05,3.508329e-06,1.4087494e-05,1.6766659e-05,1.5679161e-05,1.4904165e-05,7.4999e-08,1.3762497e-05,1.6170827e-05,1.5749994e-05,1.5412497e-05,1.5887499e-05
15,32,437.45,0.32,1.3312499e-05,2.266661e-06,1.6566666e-05,1.6716664e-05,1.5887499e-05,3.483327e-06,1.3683327e-05,1.6712498e-05,1.5587497e-05,1.4704164e-05,3.7495e-08,1.3537494e-05,1.604166e-05,1.5512498e-05,1.525e-05,1.565833e-05
15,33,437.593,0.33,1.3104161e-05,2.295828e-06,1.6370828e-05,1.6554164e-05,1.5708327e-05,3.508329e-06,1.3454159e-05,1.6708327e-05,1.537083e-05,1.4549994e-05,5.4161e-08,1.3233328e-05,1.5904165e-05,1.5329162e-05,1.5083328e-05,1.5504162e-05
15,34,437.736,0.34,1.2737497e-05,2.279162e-06,1.6199994e-05,1.6420834e-05,1.5545829e-05,3.483327e-06,1.319166e-05,1.6299995e-05,1.5166665e-05,1.4387496e-05,5.8325e-08,1.3108333e-05,1.565833e-05,1.5129161e-05,1.4858325e-05,1.5291658e-05
15,35,437.879,0.35,1.2545832e-05,2.262497e-06,1.6049997e-05,1.6233333e-05,1.5312497e-05,3.44166e-06,1.3020825e-05,1.6141661e-05,1.5024996e-05,1.4179166e-05,9.5828e-08,1.2820832e-05,1.5487496e-05,1.4862498e-05,1.4574996e-05,1.5087493e-05
15,36,438.022,0.36,1.2320828e-05,2.366662e-06,1.5891663e-05,1.6033331e-05,1.5183329e-05,3.44166e-06,1.2741662e-05,1.5929167e-05,1.4649995e-05,1.4008331e-05,5.4161e-08,1.2604165e-05,1.5224997e-05,1.4645831e-05,1.4370831e-05,1.4858325e-05
15,37,438.165,0.37,1.2062494e-05,2.237495e-06,1.5683334e-05,1.5816664e-05,1.4949997e-05,3.44166e-06,1.2549996e-05,1.5720829e-05,1.4470832e-05,1.3787492e-05,1.08329e-07,1.2295826e-05,1.5104159e-05,1.4537493e-05,1.420416e-05,1.4662496e-05
15,38,438.308,0.38,1.1741662e-05,2.274998e-06,1.5520827e-05,1.5604162e-05,1.4674997e-05,3.429159e-06,1.2262495e-05,1.5587497e-05,1.4208333e-05,1.3754161e-05,1.08329e-07,1.2133328e-05,1.4829159e-05,1.4295832e-05,1.401666e-05,1.4474996e-05
15,39,438.451,0.39,1.1499993e-05,2.195827e-06,1.5262493e-05,1.547916e-05,1.4541666e-05,3.44166e-06,1.2012498e-05,1.5404161e-05,1.399583e-05,1.3454159e-05,4.5832e-08,1.1962493e-05,1.4637494e-05,1.3991666e-05,1.3816659e-05,1.4224998e-05
15,40,438.595,0.4,1.1270833e-05,2.204164e-06,1.511666e-05,1.5391659e-05,1.4349993e-05,3.412493e-06,1.1754163e-05,1.5191667e-05,1.3812494e-05,1.325833e-05,3.7495e-08,1.1562498e-05,1.4362494e-05,1.3791664e-05,1.3587499e-05,1.3987494e-05
15,41,438.738,0.41,1.087083e-05,2.224994e-06,1.4804164e-05,1.5074992e-05,1.4199996e-05,3.412493e-06,1.1512494e-05,1.4987492e-05,1.353333e-05,1.3058328e-05,4.166e-08,1.1291663e-05,1.4245828e-05,1.3558332e-05,1.3395826e-05,1.3745833e-05
15,42,438.881,0.42,1.0591666e-05,2.137494e-06,1.4662496e-05,1.4849997e-05,1.3979165e-05,3.387499e-06,1.1183325e-05,1.4799993e-05,1.3316663e-05,1.2870828e-05,5.8325e-08,1.1029164e-05,1.3941662e-05,1.3295826e-05,1.3137499e-05,1.343333e-05
15,43,439.024,0.43,1.0291664e-05,2.145831e-06,1.4437493e-05,1.4604163e-05,1.3724994e-05,3.345831e-06,1.0908326e-05,1.4699999e-05,1.3008333e-05,1.2712495e-05,7.9163e-08,1.0733326e-05,1.3866663e-05,1.3116662e-05,1.2874993e-05,1.319166e-05
15,44,439.167,0.44,9.912499e-06,2.116664e-06,1.4258329e-05,1.4408326e-05,1.353333e-05,3.35416e-06,1.0541661e-05,1.4387496e-05,1.2733332e-05,1.2470826e-05,8.7492e-08,1.0416658e-05,1.3449995e-05,1.2808331e-05,1.260833e-05,1.2891666e-05
15,45,439.31,0.45,9.695832e-06,2.099999e-06,1.4029161e-05,1.4233327e-05,1.3291661e-05,3.379162e-06,1.0349997e-05,1.4154164e-05,1.2483327e-05,1.2279161e-05,7.9163e-08,1.0108328e-05,1.3183331e-05,1.252083e-05,1.2354159e-05,1.2679164e-05
15,46,439.453,0.46,9.316659e-06,2.062495e-06,1.3774999e-05,1.3904166e-05,1.2995831e-05,3.35416e-06,1.006666e-05,1.391666e-05,1.2149993e-05,1.2016662e-05,7.9163e-08,9.854166e-06,1.2837498e-05,1.2358331e-05,1.2083332e-05,1.234583e-05
15,47,439.596,0.47,8.999999e-06,2.062495e-06,1.3591663e-05,1.3762497e-05,1.2824997e-05,3.316665e-06,9.708333e-06,1.3766662e-05,1.1916662e-05,1.1812496e-05,9.9993e-08,9.529162e-06,1.2704166e-05,1.1904161e-05,1.1829162e-05,1.209166e-05
15,48,439.739,0.48,8.654165e-06,2.062495e-06,1.3162494e-05,1.3641659e-05,1.2537495e-05,3.262496e-06,9.408331e-06,1.3395826e-05,1.1612495e-05,1.160833e-05,6.2497e-08,9.22083e-06,1.2324993e-05,1.1575e-05,1.1633332e-05,1.1741662e-05
15,49,439.882,0.49,8.329161e-06,2.020828e-06,1.2920833e-05,1.3137499e-05,1.2349995e-05,3.26666e-06,9.049996e-06,1.3154165e-05,1.1283326e-05,1.1366661e-05,8.7492e-08,8.912491e-06,1.2074995e-05,1.132083e-05,1.1141666e-05,1.1499993e-05
15,50,440.025,0.5,8.004165e-06,1.991661e-06,1.2654162e-05,1.28625e-05,1.2020826e-05,3.199998e-06,8.716663e-06,1.2945827e-05,1.0954165e-05,1.1116664e-05,1.08329e-07,8.604161e-06,1.1729161e-05,1.1016663e-05,1.1008327e-05,1.1112499e-05
15,51,440.168,0.51,7.658331e-06,1.97916e-06,1.2358331e-05,1.2679164e-05,1.1733326e-05,3.254159e-06,8.420833e-06,1.2674999e-05,1.0649999e-05,1.0841663e-05,7.4999e-08,8.241662e-06,1.1412493e-05,1.0695831e-05,1.052916e-05,1.0787495e-05
15,52,440.311,0.52,7.374994e-06,1.974996e-06,1.2125e-05,1.2320828e-05,1.1483327e-05,3.220828e-06,8.004165e-06,1.2358331e-05,1.0183327e-05,1.0654163e-05,1.12494e-07,7.924994e-06,1.1116664e-05,1.0399994e-05,1.0229166e-05,1.0466663e-05
15,53,440.454,0.53,6.962498e-06,1.966659e-06,1.1779165e-05,1.2024999e-05,1.1124992e-05,3.249995e-06,7.67916e-06,1.2016662e-05,9.85833e-06,1.0295828e-05,7.4999e-08,7.599997e-06,1.0774994e-05,1.0029165e-05,9.891661e-06,1.0112492e-05
15,54,440.597,0.54,6.620828e-06,1.929164e-06,1.1495828e-05,1.1749999e-05,1.0837499e-05,3.129164e-06,7.308332e-06,1.1708331e-05,9.524997e-06,1.0049995e-05,5.4161e-08,7.237498e-06,1.0374999e-05,9.649992e-06,9.537498e-06,9.691659e-06
15,55,440.74,0.55,6.274994e-06,1.924992e-06,1.1208328e-05,1.1412493e-05,1.0537497e-05,3.137493e-06,7.104159e-06,1.1437495e-05,9.12083e-06,9.845829e-06,4.166e-08,6.8875e-06,9.97916e-06,9.32916e-06,9.170826e-06,9.404159e-06
15,56,440.883,0.56,6.029161e-06,1.883332e-06,1.0845828e-05,1.1116664e-05,1.0237495e-05,3.074996e-06,6.63333e-06,1.1258332e-05,8.720827e-06,9.483329e-06,1.54161e-07,6.608327e-06,9.616661e-06,8.904163e-06,8.766659e-06,8.970833e-06
15,57,441.026,0.57,5.774998e-06,1.820827e-06,1.049583e-05,1.0758328e-05,9.85833e-06,3.066659e-06,6.358329e-06,1.0824998e-05,8.470829e-06,9.224995e-06,1.45825e-07,6.362494e-06,9.283328e-06,8.59166e-06,8.41666e-06,8.579159e-06
15,58,441.169,0.58,5.479161e-06,1.816662e-06,1.0129165e-05,1.0399994e-05,9.562493e-06,3.041665e-06,6.058327e-06,1.0362498e-05,7.987499e-06,8.904163e-06,9.5828e-08,6.01666e-06,8.841665e-06,8.19583e-06,8.058326e-06,8.237497e-06
15,59,441.312,0.59,5.345829e-06,1.779159e-06,9.874995e-06,1.0083326e-05,9.233332e-06,3.016663e-06,5.787492e-06,1.0074997e-05,7.595825e-06,8.649993e-06,1.29159e-07,5.866663e-06,8.524998e-06,7.895827e-06,7.695826e-06,7.849995e-06
15,60,441.455,0.6,5.120826e-06,1.79166e-06,9.466664e-06,9.779159e-06,8.887498e-06,2.974995e-06,5.624994e-06,9.745829e-06,7.30416e-06,8.41666e-06,8.3327e-08,5.687499e-06,8.087492e-06,7.516662e-06,7.312497e-06,7.508326e-06
15,61,441.598,0.61,5.062493e-06,1.758329e-06,9.137495e-06,9.399994e-06,8.549992e-06,2.929163e-06,5.395826e-06,9.383329e-06,6.82083e-06,8.166663e-06,1.04165e-07,5.499999e-06,7.729165e-06,7.137497e-06,6.933331e-06,7.099994e-06
15,62,441.741,0.62,4.937498e-06,1.783331e-06,8.804162e-06,9.037494e-06,8.216659e-06,2.904161e-06,5.229163e-06,9.041659e-06,6.512499e-06,7.762495e-06,1.12494e-07,5.387497e-06,7.354164e-06,6.824994e-06,6.637494e-06,6.799992e-06
15,63,441.884,0.63,4.929161e-06,1.783331e-06,8.441662e-06,8.645829e-06,7.804163e-06,2.866665e-06,5.112497e-06,8.649993e-06,6.154164e-06,7.466666e-06,1.29159e-07,5.295825e-06,6.94166e-06,6.45833e-06,6.304161e-06,6.383332e-06
15,64,442.028,0.64,4.970829e-06,1.741664e-06,8.037496e-06,8.31666e-06,7.483332e-06,2.849992e-06,5.041663e-06,8.349999e-06,5.84166e-06,7.262492e-06,1.66663e-07,5.249993e-06,6.641666e-06,6.20416e-06,5.987493e-06,6.083329e-06
15,65,442.171,0.65,5.041663e-06,1.787496e-06,7.733329e-06,7.937495e-06,7.154163e-06,2.787495e-06,5.041663e-06,8.004165e-06,5.616665e-06,7.024995e-06,1.08329e-07,5.283332e-06,6.337492e-06,5.858326e-06,5.699992e-06,5.829159e-06
15,66,442.314,0.66,5.149992e-06,1.795832e-06,7.37083e-06,7.545829e-06,6.758332e-06,2.766665e-06,5.099996e-06,7.599997e-06,5.349994e-06,6.795828e-06,1.37496e-07,5.308326e-06,6.012495e-06,5.629166e-06,5.495826e-06,5.483325e-06
15,67,442.457,0.67,5.266658e-06,1.824999e-06,6.970827e-06,7.224997e-06,6.404161e-06,2.712496e-06,5.10416e-06,7.28333e-06,5.195832e-06,6.574996e-06,9.5828e-08,5.420828e-06,5.758325e-06,5.362495e-06,5.304162e-06,5.295825e-06
15,68,442.6,0.68,5.416663e-06,1.837492e-06,6.662496e-06,6.833331e-06,6.074993e-06,2.654163e-06,5.262494e-06,6.908329e-06,5.058328e-06,6.399997e-06,9.9993e-08,5.55416e-06,5.504163e-06,5.266658e-06,5.166666e-06,5.204161e-06
15,69,442.743,0.69,5.658333e-06,1.849993e-06,6.312498e-06,6.554159e-06,5.758325e-06,2.604159e-06,5.412499e-06,6.687498e-06,5.033326e-06,6.229162e-06,1.20831e-07,5.691663e-06,5.312499e-06,5.10416e-06,5.083331e-06,5.079166e-06
15,70,442.886,0.7,5.924996e-06,1.895825e-06,6.029161e-06,6.170829e-06,5.462496e-06,2.583329e-06,5.670825e-06,6.408326e-06,5.004159e-06,6.087494e-06,1.49997e-07,5.92916e-06,5.224999e-06,5.124998e-06,5.10416e-06,5.062493e-06
15,71,443.029,0.71,6.170829e-06,1.929164e-06,5.733331e-06,5.970828e-06,5.233328e-06,2.524996e-06,5.804165e-06,6.208332e-06,5.024997e-06,6.008331e-06,1.20831e-07,6.179166e-06,5.074994e-06,5.120826e-06,5.199997e-06,5.037498e-06
15,72,443.172,0.72,6.441664e-06,1.954158e-06,5.520828e-06,5.799993e-06,5.024997e-06,2.487493e-06,6.01666e-06,6.091658e-06,5.187495e-06,5.937497e-06,1.12494e-07,6.420827e-06,5.054164e-06,5.112497e-06,5.262494e-06,5.116661e-06
15,73,443.315,0.73,6.745831e-06,2.012499e-06,5.362495e-06,5.629166e-06,4.920832e-06,2.449997e-06,6.316662e-06,6.041662e-06,5.366659e-06,5.879164e-06,1.37496e-07,6.704164e-06,5.145828e-06,5.183331e-06,5.44583e-06,5.341665e-06
15,74,443.458,0.74,7.020831e-06,2.037493e-06,5.262494e-06,5.37916e-06,4.804158e-06,2.412494e-06,6.562495e-06,6.008331e-06,5.491662e-06,5.887493e-06,1.37496e-07,6.987492e-06,5.224999e-06,5.362495e-06,5.587498e-06,5.529165e-06
15,75,443.601,0.75,7.329162e-06,2.054159e-06,5.220827e-06,5.349994e-06,4.824996e-06,2.424995e-06,6.849996e-06,6.049999e-06,5.80833e-06,5.912495e-06,1.79164e-07,7.291659e-06,5.395826e-06,5.566661e-06,5.829159e-06,5.712493e-06
15,76,443.744,0.76,7.629164e-06,2.116664e-06,5.233328e-06,5.324991e-06,4.833333e-06,2.474992e-06,7.083328e-06,6.133326e-06,6.029161e-06,5.958327e-06,1.24995e-07,7.562494e-06,5.562496e-06,5.816658e-06,6.062492e-06,5.949998e-06
15,77,443.887,0.77,7.891663e-06,2.104163e-06,5.27916e-06,5.420828e-06,4.920832e-06,2.441661e-06,7.366665e-06,6.274994e-06,6.362494e-06,5.991666e-06,1.24995e-07,7.937495e-06,5.799993e-06,6.091658e-06,6.358329e-06,6.212497e-06
15,78,444.03,0.78,8.162498e-06,2.145831e-06,5.37916e-06,5.541659e-06,5.079166e-06,2.445825e-06,7.629164e-06,6.395833e-06,6.699999e-06,6.129162e-06,1.24995e-07,8.191665e-06,6.074993e-06,6.39166e-06,6.587497e-06,6.529164e-06
15,79,444.173,0.79,8.41666e-06,2.245831e-06,5.529165e-06,5.72083e-06,5.304162e-06,2.549998e-06,7.879162e-06,6.574996e-06,6.916666e-06,6.145827e-06,1.58326e-07,8.41666e-06,6.341664e-06,6.674997e-06,6.849996e-06,6.837495e-06
15,80,444.316,0.8,8.704162e-06,2.183326e-06,5.683327e-06,5.870827e-06,5.529165e-06,2.487493e-06,8.104165e-06,6.774998e-06,7.374994e-06,6.283331e-06,1.58326e-07,8.754166e-06,6.670833e-06,7.012494e-06,7.124996e-06,7.170828e-06
15,81,444.459,0.81,8.920829e-06,2.308329e-06,5.891665e-06,6.049999e-06,5.804165e-06,2.533332e-06,8.320832e-06,6.962498e-06,7.591661e-06,6.412498e-06,1.62498e-07,9.02083e-06,6.929159e-06,7.258328e-06,7.329162e-06,7.479159e-06
15,82,444.602,0.82,9.149996e-06,2.249996e-06,6.112496e-06,6.241663e-06,6.020832e-06,2.541661e-06,8.545828e-06,7.149999e-06,7.887498e-06,6.583325e-06,1.95829e-07,9.266662e-06,7.241662e-06,7.604162e-06,7.566658e-06,7.808328e-06
15,83,444.745,0.83,9.483329e-06,2.258333e-06,6.229162e-06,6.45833e-06,6.312498e-06,2.570828e-06,8.829164e-06,7.258328e-06,8.204166e-06,6.624993e-06,1.87492e-07,9.491666e-06,7.533328e-06,7.970826e-06,7.841659e-06,8.158326e-06
15,84,444.888,0.84,9.699997e-06,2.249996e-06,6.441664e-06,6.591662e-06,6.562495e-06,2.633325e-06,9.05416e-06,7.454165e-06,8.491659e-06,6.812493e-06,1.87492e-07,9.774994e-06,7.808328e-06,8.245825e-06,8.054161e-06,8.466665e-06
15,85,445.031,0.85,9.895825e-06,2.304165e-06,6.66666e-06,6.866662e-06,6.916666e-06,2.645826e-06,9.320831e-06,7.649994e-06,8.795826e-06,7.108331e-06,1.87492e-07,1.006666e-05,8.062498e-06,8.612497e-06,8.370828e-06,8.829164e-06
15,86,445.174,0.86,1.0149995e-05,2.316666e-06,6.954161e-06,7.016659e-06,7.158327e-06,2.641662e-06,9.541663e-06,7.816664e-06,9.083326e-06,7.087493e-06,2.0833e-07,1.0279163e-05,8.420833e-06,8.908328e-06,8.441662e-06,9.14166e-06
15,87,445.317,0.87,1.0308329e-05,2.312493e-06,7.049998e-06,7.154163e-06,7.462494e-06,2.679165e-06,9.774994e-06,8.062498e-06,9.379164e-06,7.324998e-06,1.79164e-07,1.0437497e-05,8.599996e-06,9.116666e-06,8.67916e-06,9.404159e-06
15,88,445.46,0.88,1.0599994e-05,2.345832e-06,7.212496e-06,7.387495e-06,7.720828e-06,2.699995e-06,9.974996e-06,8.249998e-06,9.662493e-06,7.424998e-06,2.12495e-07,1.0724997e-05,8.962496e-06,9.437497e-06,8.862496e-06,9.729163e-06
15,89,445.604,0.89,1.070416e-05,2.32083e-06,7.341663e-06,7.516662e-06,7.958332e-06,2.71666e-06,1.0183327e-05,8.424998e-06,9.933328e-06,7.566658e-06,1.54161e-07,1.0924999e-05,9.204166e-06,9.733327e-06,9.116666e-06,9.987497e-06
15,90,445.747,0.9,1.0862494e-05,2.391664e-06,7.537492e-06,7.708327e-06,8.262499e-06,2.745827e-06,1.0420831e-05,8.624998e-06,1.0258333e-05,7.779161e-06,1.4166e-07,1.1174997e-05,9.529162e-06,9.999999e-06,9.270827e-06,1.0304165e-05
15,91,445.89,0.91,1.1037493e-05,2.370826e-06,7.808328e-06,7.895827e-06,8.562493e-06,2.808333e-06,1.0612495e-05,8.77916e-06,1.0479164e-05,7.958332e-06,1.74991e-07,1.1291663e-05,9.779159e-06,1.0279163e-05,9.491666e-06,1.0587493e-05
15,92,446.033,0.92,1.1212492e-05,2.358325e-06,8.024995e-06,7.970826e-06,8.75833e-06,2.820826e-06,1.0824998e-05,9.012492e-06,1.0691659e-05,8.070827e-06,1.37496e-07,1.1391664e-05,1.0020828e-05,1.0574992e-05,9.7375e-06,1.0879159e-05
15,93,446.176,0.93,1.1404165e-05,2.391664e-06,8.266664e-06,8.183329e-06,8.96666e-06,2.849992e-06,1.1024999e-05,9.229159e-06,1.0924999e-05,8.312496e-06,2.12495e-07,1.1537496e-05,1.0299993e-05,1.0862494e-05,9.949994e-06,1.116666e-05
15,94,446.319,0.94,1.1499993e-05,2.391664e-06,8.424998e-06,8.333325e-06,9.262498e-06,2.812497e-06,1.1237494e-05,9.404159e-06,1.116666e-05,8.462493e-06,1.87492e-07,1.1749999e-05,1.0487493e-05,1.0999997e-05,1.0145831e-05,1.1387499e-05
15,95,446.462,0.95,1.1758328e-05,2.374999e-06,8.737493e-06,8.48333e-06,9.520832e-06,2.841663e-06,1.1412493e-05,9.566665e-06,1.1404165e-05,8.624998e-06,2.16659e-07,1.1920825e-05,1.0812497e-05,1.1308328e-05,1.0399994e-05,1.1616659e-05
15,96,446.605,0.96,1.1891659e-05,2.404165e-06,8.837494e-06,8.683332e-06,9.766666e-06,2.899996e-06,1.1687493e-05,9.749992e-06,1.1641661e-05,8.799998e-06,2.33332e-07,1.2112499e-05,1.1004162e-05,1.1479163e-05,1.0562499e-05,1.1845827e-05
15,97,446.748,0.97,1.209166e-05,2.404165e-06,9.091664e-06,8.891662e-06,9.912499e-06,2.920826e-06,1.1795831e-05,9.999999e-06,1.1912497e-05,8.991663e-06,1.99993e-07,1.2241666e-05,1.1341659e-05,1.1737498e-05,1.0854164e-05,1.2162494e-05
15,98,446.891,0.98,1.2233329e-05,2.424995e-06,9.345826e-06,9.129159e-06,1.0179162e-05,2.933327e-06,1.2045829e-05,1.0137494e-05,1.2066666e-05,9.133331e-06,2.16659e-07,1.2408328e-05,1.1604166e-05,1.2008325e-05,1.1041665e-05,1.2308327e-05
15,99,447.034,0.99,1.234583e-05,2.412494e-06,9.549999e-06,9.12083e-06,1.0374999e-05,2.945828e-06,1.224583e-05,1.0279163e-05,1.2287497e-05,9.245833e-06,1.91665e-07,1.2508329e-05,1.1833326e-05,1.2149993e-05,1.1158331e-05,1.2549996e-05
15,100,447.177,1.0,1.2495828e-05,2.470827e-06,9.754165e-06,9.275e-06,1.058333e-05,2.970831e-06,1.2391662e-05,1.0504166e-05,1.2466661e-05,9.458327e-06,2.24996e-07,1.2674999e-05,1.2079159e-05,1.2404163e-05,1.1366661e-05,1.2924997e-05
15,101,447.32,0.99,1.2474998e-05,2.387492e-06,9.645828e-06,9.083326e-06,1.0233331e-05,3.012498e-06,1.2208327e-05,1.0308329e-05,1.2108326e-05,9.295829e-06,1.87492e-07,1.2408328e-05,1.1741662e-05,1.2108326e-05,1.1087497e-05,1.2370832e-05
15,102,447.463,0.98,1.2149993e-05,2.383327e-06,9.41666e-06,8.912491e-06,9.937493e-06,2.920826e-06,1.2016662e-05,1.0037494e-05,1.1899996e-05,9.12083e-06,1.74991e-07,1.2074995e-05,1.1462498e-05,1.1770829e-05,1.0912498e-05,1.2079159e-05
15,103,447.606,0.97,1.1941664e-05,2.312493e-06,9.204166e-06,8.654165e-06,9.658329e-06,2.824998e-06,1.1674992e-05,9.883332e-06,1.1474999e-05,8.858331e-06,1.45825e-07,1.1912497e-05,1.1062495e-05,1.1424994e-05,1.0674993e-05,1.1824997e-05
15,104,447.749,0.96,1.1670828e-05,2.308329e-06,8.887498e-06,8.399995e-06,9.299994e-06,2.80416e-06,1.1470826e-05,9.620825e-06,1.1179161e-05,8.708326e-06,1.04165e-07,1.1570827e-05,1.070416e-05,1.1079161e-05,1.0358325e-05,1.1424994e-05
15,105,447.892,0.95,1.1270833e-05,2.23333e-06,8.595832e-06,8.145825e-06,9.016665e-06,2.666664e-06,1.1154159e-05,9.408331e-06,1.0816661e-05,8.487495e-06,1.29159e-07,1.1349996e-05,1.0316666e-05,1.0729162e-05,1.0095827e-05,1.1129165e-05
15,106,448.035,0.94,1.1158331e-05,2.237495e-06,8.29583e-06,7.879162e-06,8.649993e-06,2.654163e-06,1.0824998e-05,9.024993e-06,1.0445825e-05,8.212495e-06,4.5832e-08,1.1070832e-05,9.866659e-06,1.0312494e-05,9.783332e-06,1.0737499e-05
15,107,448.178,0.93,1.0720825e-05,2.179162e-06,7.904164e-06,7.570831e-06,8.283329e-06,2.624997e-06,1.0558327e-05,8.708326e-06,1.0062496e-05,7.962497e-06,3.7495e-08,1.0754164e-05,9.533326e-06,9.97916e-06,9.50416e-06,1.0345832e-05
15,108,448.321,0.92,1.0479164e-05,2.158332e-06,7.583332e-06,7.254163e-06,7.916665e-06,2.566663e-06,1.0237495e-05,8.579159e-06,9.783332e-06,7.699999e-06,6.6662e-08,1.0470828e-05,9.133331e-06,9.58333e-06,9.14166e-06,9.974996e-06
15,109,448.464,0.91,1.0149995e-05,2.170825e-06,7.249999e-06,7.012494e-06,7.570831e-06,2.545826e-06,9.945829e-06,8.174999e-06,9.345826e-06,7.479159e-06,7.9163e-08,1.0158332e-05,8.75833e-06,9.262498e-06,8.899999e-06,9.60416e-06
15,110,448.607,0.9,9.908326e-06,2.199992e-06,6.933331e-06,6.695827e-06,7.19583e-06,2.474992e-06,9.666665e-06,7.837494e-06,8.999999e-06,7.170828e-06,3.7495e-08,9.837492e-06,8.379166e-06,8.854158e-06,8.545828e-06,9.24166e-06
15,111,448.75,0.89,9.591659e-06,2.079161e-06,6.574996e-06,6.412498e-06,6.795828e-06,2.424995e-06,9.266662e-06,7.495833e-06,8.574994e-06,6.987492e-06,8.329e-09,9.545827e-06,7.954161e-06,8.45e-06,8.166663e-06,8.849995e-06
15,112,448.893,0.88,9.275e-06,2.029165e-06,6.191659e-06,6.120833e-06,6.412498e-06,2.337496e-06,8.954159e-06,7.199995e-06,8.22916e-06,6.620828e-06,4.164e-09,9.224995e-06,7.591661e-06,8.099993e-06,7.899992e-06,8.433326e-06
15,113,449.037,0.87,8.874997e-06,2.004163e-06,5.891665e-06,5.816658e-06,6.041662e-06,2.337496e-06,8.595832e-06,6.874998e-06,7.791662e-06,6.333327e-06,-4.1668e-08,8.858331e-06,7.179165e-06,7.637493e-06,7.583332e-06,8.016666e-06
15,114,449.18,0.86,8.445827e-06,1.987497e-06,5.562496e-06,5.53333e-06,5.691663e-06,2.287499e-06,8.224996e-06,6.604163e-06,7.437499e-06,6.087494e-06,3.3331e-08,8.479166e-06,6.704164e-06,7.212496e-06,7.183329e-06,7.612498e-06
15,115,449.323,0.85,8.137496e-06,1.958331e-06,5.208326e-06,5.291661e-06,5.304162e-06,2.204164e-06,7.829165e-06,6.29166e-06,7.062499e-06,5.833332e-06,-4.172e-09,8.208331e-06,6.416662e-06,6.866662e-06,6.908329e-06,7.154163e-06
15,116,449.466,0.84,7.908328e-06,1.912498e-06,4.949999e-06,4.98333e-06,5.024997e-06,2.166661e-06,7.487496e-06,6.004159e-06,6.637494e-06,5.562496e-06,-6.2505e-08,7.737493e-06,5.999994e-06,6.445829e-06,6.562495e-06,6.745831e-06
15,117,449.609,0.83,7.329162e-06,1.85833e-06,4.741661e-06,4.820832e-06,4.745825e-06,2.087498e-06,7.045825e-06,5.758325e-06,6.295832e-06,5.349994e-06,-8.3335e-08,7.379158e-06,5.724994e-06,6.087494e-06,6.158328e-06,6.437492e-06
15,118,449.752,0.82,6.94166e-06,1.816662e-06,4.545832e-06,4.670826e-06,4.566662e-06,2.029165e-06,6.658332e-06,5.545831e-06,5.862498e-06,5.17083e-06,-6.667e-08,6.94166e-06,5.362495e-06,5.733331e-06,5.858326e-06,5.987493e-06
15,119,449.895,0.81,6.558331e-06,1.762493e-06,4.508328e-06,4.604165e-06,4.404164e-06,2.06666e-06,6.349993e-06,5.354166e-06,5.549995e-06,5.008332e-06,-6.2505e-08,6.658332e-06,5.124998e-06,5.37916e-06,5.583326e-06,5.704164e-06
15,120,450.038,0.8,6.237499e-06,1.737499e-06,4.362496e-06,4.520829e-06,4.329165e-06,2.062495e-06,6.01666e-06,5.262494e-06,5.27916e-06,4.887494e-06,-5.4169e-08,6.254164e-06,4.949999e-06,5.137499e-06,5.266658e-06,5.366659e-06
15,121,450.181,0.79,5.862498e-06,1.691659e-06,4.387498e-06,4.683327e-06,4.374997e-06,2.06666e-06,5.63333e-06,5.195832e-06,4.970829e-06,4.745825e-06,-6.667e-08,5.904166e-06,4.762499e-06,4.949999e-06,5.049992e-06,5.120826e-06
15,122,450.324,0.78,5.529165e-06,1.662493e-06,4.524994e-06,4.879165e-06,4.508328e-06,2.108328e-06,5.304162e-06,5.245829e-06,4.766663e-06,4.737497e-06,-8.3335e-08,5.587498e-06,4.716659e-06,4.712494e-06,4.858327e-06,4.966664e-06
15,123,450.467,0.77,5.216662e-06,1.624997e-06,4.687492e-06,4.920832e-06,4.645832e-06,2.116664e-06,5.024997e-06,5.295825e-06,4.599992e-06,4.754162e-06,-1.04173e-07,5.299997e-06,4.72916e-06,4.579163e-06,4.645832e-06,4.774992e-06
15,124,450.61,0.76,4.979165e-06,1.58333e-06,4.929161e-06,5.179159e-06,4.845826e-06,2.166661e-06,4.820832e-06,5.504163e-06,4.516665e-06,4.787493e-06,-8.3335e-08,5.029162e-06,4.799994e-06,4.554161e-06,4.587499e-06,4.674999e-06
15,125,450.753,0.75,4.766663e-06,1.549999e-06,5.179159e-06,5.449994e-06,5.199997e-06,2.195827e-06,4.662498e-06,5.737495e-06,4.512493e-06,4.89583e-06,-1.29175e-07,4.887494e-06,4.933325e-06,4.608329e-06,4.549996e-06,4.687492e-06
15,126,450.896,0.74,4.554161e-06,1.524997e-06,5.474997e-06,5.80833e-06,5.416663e-06,2.23333e-06,4.595828e-06,6.01666e-06,4.529158e-06,5.008332e-06,-8.3335e-08,4.745825e-06,5.087495e-06,4.679163e-06,4.629159e-06,4.770827e-06
15,127,451.039,0.73,4.43333e-06,1.491666e-06,5.799993e-06,6.145827e-06,5.745832e-06,2.283327e-06,4.520829e-06,6.279159e-06,4.654161e-06,5.174994e-06,-8.7508e-08,4.712494e-06,5.341665e-06,4.849998e-06,4.699993e-06,4.866663e-06
15,128,451.182,0.72,4.545832e-06,1.479165e-06,6.124997e-06,6.537493e-06,6.120833e-06,2.312493e-06,4.574998e-06,6.612492e-06,4.779164e-06,5.324991e-06,-8.3335e-08,4.754162e-06,5.612493e-06,5.037498e-06,4.866663e-06,5.137499e-06
15,129,451.325,0.71,4.424993e-06,1.454163e-06,6.470831e-06,6.8875e-06,6.470831e-06,2.424995e-06,4.679163e-06,6.94166e-06,4.999995e-06,5.570825e-06,-8.7508e-08,4.808331e-06,5.866663e-06,5.27916e-06,5.07083e-06,5.320827e-06
15,130,451.468,0.7,4.495827e-06,1.458327e-06,6.762496e-06,7.241662e-06,6.783327e-06,2.429159e-06,4.837497e-06,7.245827e-06,5.229163e-06,5.774998e-06,-9.5836e-08,4.941662e-06,6.224998e-06,5.499999e-06,5.320827e-06,5.595827e-06
15,131,451.611,0.69,4.749998e-06,1.483329e-06,7.1625e-06,7.583332e-06,7.141662e-06,2.479164e-06,5.091659e-06,7.708327e-06,5.516664e-06,6.054163e-06,-1.04173e-07,5.166666e-06,6.512499e-06,5.795829e-06,5.612493e-06,5.912495e-06
15,132,451.754,0.68,4.866663e-06,1.533326e-06,7.454165e-06,7.958332e-06,7.483332e-06,2.524996e-06,5.329164e-06,7.887498e-06,5.829159e-06,6.266665e-06,-9.5836e-08,5.395826e-06,6.841659e-06,6.129162e-06,5.899994e-06,6.195831e-06
15,133,451.897,0.67,5.195832e-06,1.524997e-06,7.83333e-06,8.274992e-06,7.795827e-06,2.587493e-06,5.629166e-06,8.279165e-06,6.149999e-06,6.549994e-06,-1.16674e-07,5.629166e-06,7.262492e-06,6.412498e-06,6.191659e-06,6.529164e-06
15,134,452.04,0.66,5.437493e-06,1.558328e-06,8.091664e-06,8.670831e-06,8.133332e-06,2.608331e-06,5.92916e-06,8.595832e-06,6.487497e-06,6.808329e-06,-1.70835e-07,5.954162e-06,7.554166e-06,6.770825e-06,6.499998e-06,6.899993e-06
15,135,452.183,0.65,5.658333e-06,1.599995e-06,8.508333e-06,8.983326e-06,8.479166e-06,2.649999e-06,6.316662e-06,8.958332e-06,6.804164e-06,7.070827e-06,-1.16674e-07,6.27083e-06,7.983327e-06,7.104159e-06,6.837495e-06,7.233326e-06
15,136,452.326,0.64,5.949998e-06,1.58333e-06,8.891662e-06,9.374992e-06,8.804162e-06,2.695831e-06,6.63333e-06,9.32916e-06,7.145826e-06,7.366665e-06,-1.00009e-07,6.587497e-06,8.320832e-06,7.383331e-06,7.099994e-06,7.574995e-06
15,137,452.469,0.63,6.399997e-06,1.645827e-06,9.174999e-06,9.679158e-06,9.112493e-06,2.708332e-06,6.908329e-06,9.629162e-06,7.504161e-06,7.599997e-06,-1.54169e-07,6.899993e-06,8.629163e-06,7.708327e-06,7.504161e-06,7.945831e-06
15,138,452.613,0.62,6.745831e-06,1.649992e-06,9.491666e-06,9.970832e-06,9.462499e-06,2.708332e-06,7.279165e-06,9.987497e-06,7.879162e-06,7.912493e-06,-1.29175e-07,7.258328e-06,9.004164e-06,8.104165e-06,7.829165e-06,8.312496e-06
15,139,452.756,0.61,6.987492e-06,1.695832e-06,9.766666e-06,1.0266662e-05,9.716662e-06,2.774994e-06,7.620828e-06,1.0254161e-05,8.204166e-06,8.162498e-06,-1.62506e-07,7.670832e-06,9.349998e-06,8.458328e-06,8.087492e-06,8.616662e-06
15,140,452.899,0.6,7.320825e-06,1.712497e-06,1.0129165e-05,1.0629161e-05,1.0037494e-05,2.779166e-06,7.999993e-06,1.0574992e-05,8.562493e-06,8.474994e-06,-1.79172e-07,7.94166e-06,9.745829e-06,8.729164e-06,8.495832e-06,8.999999e-06
15,141,453.042,0.59,7.658331e-06,1.737499e-06,1.040833e-05,1.0845828e-05,1.0224994e-05,2.845828e-06,8.249998e-06,1.0841663e-05,8.883325e-06,8.745829e-06,-1.3334e-07,8.308331e-06,1.0116664e-05,9.095827e-06,8.77916e-06,9.245833e-06
15,142,453.185,0.58,7.966662e-06,1.774995e-06,1.0712496e-05,1.123333e-05,1.0504166e-05,2.820826e-06,8.583331e-06,1.1124992e-05,9.212494e-06,8.979162e-06,-1.29175e-07,8.554164e-06,1.0279163e-05,9.412495e-06,9.037494e-06,9.620825e-06
15,143,453.328,0.57,8.312496e-06,1.741664e-06,1.1024999e-05,1.1404165e-05,1.087083e-05,2.887495e-06,8.949995e-06,1.1458325e-05,9.566665e-06,9.266662e-06,-1.41668e-07,8.962496e-06,1.075e-05,9.741664e-06,9.41666e-06,9.970832e-06
15,144,453.471,0.56,8.654165e-06,1.808325e-06,1.1383327e-05,1.1762492e-05,1.1087497e-05,2.912498e-06,9.183327e-06,1.1687493e-05,9.845829e-06,9.474993e-06,-1.70835e-07,9.24166e-06,1.0974995e-05,9.987497e-06,9.666665e-06,1.024166e-05
15,145,453.614,0.55,9.004164e-06,1.808325e-06,1.1499993e-05,1.2129164e-05,1.1404165e-05,2.941664e-06,9.579166e-06,1.1995832e-05,1.0199992e-05,9.770831e-06,-1.45841e-07,9.462499e-06,1.1316665e-05,1.0274998e-05,1.0004163e-05,1.0574992e-05
15,146,453.757,0.54,9.345826e-06,1.837492e-06,1.1774993e-05,1.2329165e-05,1.1654162e-05,2.899996e-06,9.79166e-06,1.2204162e-05,1.0474992e-05,9.954158e-06,-1.62506e-07,9.85833e-06,1.152083e-05,1.0629161e-05,1.0366663e-05,1.0879159e-05
15,147,453.9,0.53,9.658329e-06,1.866659e-06,1.205833e-05,1.2604165e-05,1.1924998e-05,2.966658e-06,1.0166661e-05,1.2470826e-05,1.0824998e-05,1.024166e-05,-1.75007e-07,1.0149995e-05,1.1770829e-05,1.0887496e-05,1.0549998e-05,1.1158331e-05
15,148,454.043,0.52,9.874995e-06,1.87916e-06,1.2354159e-05,1.2779165e-05,1.2204162e-05,3.004161e-06,1.0479164e-05,1.2649997e-05,1.1095826e-05,1.0516659e-05,-1.75007e-07,1.0462499e-05,1.2095833e-05,1.1204163e-05,1.0862494e-05,1.1466662e-05
15,149,454.186,0.51,1.0258333e-05,1.920827e-06,1.2620831e-05,1.3033326e-05,1.2337494e-05,2.99166e-06,1.0645826e-05,1.3008333e-05,1.1383327e-05,1.0770829e-05,-1.45841e-07,1.0708332e-05,1.234583e-05,1.1512494e-05,1.1149995e-05,1.1816661e-05
15,150,454.329,0.5,1.0612495e-05,1.920827e-06,1.2874993e-05,1.3237493e-05,1.2537495e-05,3.033328e-06,1.1008327e-05,1.3237493e-05,1.1641661e-05,1.0933328e-05,-1.70835e-07,1.1020828e-05,1.2591664e-05,1.1741662e-05,1.1366661e-05,1.1991659e-05
15,151,454.472,0.49,1.0779167e-05,1.924992e-06,1.309166e-05,1.3445831e-05,1.2774992e-05,3.054166e-06,1.1341659e-05,1.3408328e-05,1.1954165e-05,1.1208328e-05,-1.6667e-07,1.1287499e-05,1.2841661e-05,1.1999997e-05,1.1658327e-05,1.2191661e-05
15,152,454.615,0.48,1.1208328e-05,1.929164e-06,1.3295826e-05,1.3683327e-05,1.3012496e-05,3.008326e-06,1.1470826e-05,1.3612493e-05,1.2191661e-05,1.1379162e-05,-1.6667e-07,1.1458325e-05,1.3045827e-05,1.2262495e-05,1.1879166e-05,1.2379161e-05
15,153,454.758,0.47,1.1466662e-05,2.008327e-06,1.3545831e-05,1.3937497e-05,1.3174995e-05,3.016663e-06,1.1799995e-05,1.3845834e-05,1.2445831e-05,1.1570827e-05,-1.83336e-07,1.1737498e-05,1.3291661e-05,1.2479162e-05,1.2137492e-05,1.2645833e-05
15,154,454.901,0.46,1.1620831e-05,1.912498e-06,1.3754161e-05,1.4124998e-05,1.3412499e-05,3.062495e-06,1.2108326e-05,1.3974993e-05,1.2616666e-05,1.1833326e-05,-1.79172e-07,1.1962493e-05,1.3512492e-05,1.2745825e-05,1.2354159e-05,1.2904159e-05
15,155,455.044,0.45,1.1858328e-05,2.020828e-06,1.4008331e-05,1.4320826e-05,1.3633331e-05,3.074996e-06,1.224583e-05,1.4216662e-05,1.2945827e-05,1.1995832e-05,-1.75007e-07,1.2216663e-05,1.3733332e-05,1.3024997e-05,1.2566662e-05,1.3220827e-05
15,156,455.187,0.44,1.197083e-05,2.020828e-06,1.4145828e-05,1.4508327e-05,1.382916e-05,3.070831e-06,1.2395827e-05,1.4412499e-05,1.3104161e-05,1.2199998e-05,-1.79172e-07,1.2474998e-05,1.3970828e-05,1.3216662e-05,1.2808331e-05,1.346666e-05
15,157,455.33,0.43,1.226666e-05,1.983333e-06,1.4337492e-05,1.4708328e-05,1.399583e-05,3.066659e-06,1.2712495e-05,1.4549994e-05,1.3445831e-05,1.2404163e-05,-1.91673e-07,1.2599993e-05,1.4133327e-05,1.3337493e-05,1.3058328e-05,1.3679162e-05
15,158,455.473,0.42,1.2583328e-05,2.008327e-06,1.4637494e-05,1.4941661e-05,1.4158329e-05,3.104162e-06,1.2837498e-05,1.473333e-05,1.3745833e-05,1.2587499e-05,-1.58342e-07,1.2799994e-05,1.4379159e-05,1.3658333e-05,1.3241664e-05,1.391666e-05
15,159,455.616,0.41,1.2808331e-05,2.054159e-06,1.4791663e-05,1.509583e-05,1.4412499e-05,3.129164e-06,1.3120826e-05,1.4891664e-05,1.3708329e-05,1.2737497e-05,-1.79172e-07,1.3054164e-05,1.4487497e-05,1.3899994e-05,1.3529166e-05,1.410416e-05
15,160,455.759,0.4,1.2924997e-05,2.06666e-06,1.4933332e-05,1.5274994e-05,1.4520828e-05,3.149994e-06,1.3320828e-05,1.5133333e-05,1.4024997e-05,1.300416e-05,-7.9171e-08,1.3283332e-05,1.4720829e-05,1.4037498e-05,1.3712493e-05,1.4283331e-05
15,161,455.902,0.39,1.3208326e-05,2.054159e-06,1.5099994e-05,1.5462494e-05,1.4808329e-05,3.162495e-06,1.3495826e-05,1.5283331e-05,1.4224998e-05,1.3095831e-05,-1.45841e-07,1.3408328e-05,1.4849997e-05,1.4262493e-05,1.380833e-05,1.4537493e-05
15,162,456.045,0.38,1.355416e-05,2.079161e-06,1.535833e-05,1.5624992e-05,1.4883328e-05,3.154159e-06,1.3683327e-05,1.5449992e-05,1.4387496e-05,1.3224999e-05,-8.7508e-08,1.3649996e-05,1.5120832e-05,1.4449994e-05,1.4070829e-05,1.4720829e-05
15,163,456.189,0.37,1.3679162e-05,2.049994e-06,1.5525e-05,1.5799998e-05,1.5079165e-05,3.199998e-06,1.3899994e-05,1.5633328e-05,1.4583326e-05,1.3383333e-05,-1.04173e-07,1.3737495e-05,1.5312497e-05,1.4641666e-05,1.417083e-05,1.4916666e-05
15,164,456.332,0.36,1.3787492e-05,2.06666e-06,1.5624992e-05,1.6008329e-05,1.5241662e-05,3.199998e-06,1.4183331e-05,1.5779162e-05,1.4833331e-05,1.3562497e-05,-1.91673e-07,1.4062492e-05,1.545833e-05,1.4895829e-05,1.4349993e-05,1.5054163e-05
15,165,456.475,0.35,1.410416e-05,2.070832e-06,1.5862497e-05,1.6099993e-05,1.5362493e-05,3.216664e-06,1.4254165e-05,1.6029158e-05,1.499583e-05,1.3737495e-05,-1.83336e-07,1.4154164e-05,1.5683334e-05,1.5054163e-05,1.463333e-05,1.5274994e-05
15,166,456.618,0.34,1.4145828e-05,2.083325e-06,1.6024995e-05,1.6270827e-05,1.5583333e-05,3.212492e-06,1.4408326e-05,1.6129159e-05,1.5183329e-05,1.391666e-05,-1.83336e-07,1.4245828e-05,1.5979163e-05,1.525e-05,1.4829159e-05,1.5408334e-05
15,167,456.761,0.33,1.4295832e-05,2.074997e-06,1.6158327e-05,1.6454163e-05,1.5708327e-05,3.279162e-06,1.4649995e-05,1.6287493e-05,1.5366666e-05,1.408333e-05,-1.83336e-07,1.4537493e-05,1.5945832e-05,1.5466667e-05,1.5008331e-05,1.5595826e-05
15,168,456.904,0.32,1.4399998e-05,2.058331e-06,1.6412496e-05,1.6633328e-05,1.5849995e-05,3.279162e-06,1.4799993e-05,1.6404159e-05,1.5612499e-05,1.4195832e-05,-1.41668e-07,1.4599998e-05,1.6129159e-05,1.5637494e-05,1.5137498e-05,1.5816664e-05
15,169,457.047,0.31,1.4574996e-05,2.062495e-06,1.650416e-05,1.6808328e-05,1.5979163e-05,3.299999e-06,1.4974999e-05,1.6554164e-05,1.5662496e-05,1.4366667e-05,-1.62506e-07,1.4787499e-05,1.6266664e-05,1.5891663e-05,1.530416e-05,1.5949996e-05
15,170,457.19,0.3,1.4816665e-05,2.06666e-06,1.6645829e-05,1.6920829e-05,1.6116659e-05,3.295827e-06,1.5104159e-05,1.6741666e-05,1.5879163e-05,1.4520828e-05,-1.50005e-07,1.4999993e-05,1.639583e-05,1.5883326e-05,1.545833e-05,1.609583e-05
15,171,457.333,0.29,1.4958326e-05,2.095826e-06,1.6733329e-05,1.7058333e-05,1.6312495e-05,3.33333e-06,1.5316662e-05,1.6791662e-05,1.604166e-05,1.4687498e-05,-1.75007e-07,1.5120832e-05,1.6583332e-05,1.6037497e-05,1.5608326e-05,1.6341663e-05
15,172,457.476,0.28,1.5224997e-05,2.091662e-06,1.6945831e-05,1.7179163e-05,1.6408332e-05,3.291663e-06,1.5408334e-05,1.7045832e-05,1.6191665e-05,1.4812494e-05,-1.6667e-07,1.5299996e-05,1.6758331e-05,1.6195831e-05,1.5845832e-05,1.6433327e-05
15,173,457.619,0.27,1.5283331e-05,2.112492e-06,1.7037495e-05,1.7466664e-05,1.6641665e-05,3.341659e-06,1.5608326e-05,1.7104165e-05,1.6387494e-05,1.5037497e-05,-1.62506e-07,1.5445828e-05,1.6933331e-05,1.6445827e-05,1.5883326e-05,1.6645829e-05
15,174,457.762,0.26,1.5420826e-05,2.116664e-06,1.7224995e-05,1.7479166e-05,1.6733329e-05,3.374998e-06,1.5720829e-05,1.729583e-05,1.6624999e-05,1.5049998e-05,-1.62506e-07,1.5608326e-05,1.7045832e-05,1.6541664e-05,1.6066662e-05,1.6837494e-05
15,175,457.905,0.25,1.5737494e-05,2.116664e-06,1.7354163e-05,1.7579167e-05,1.6812499e-05,3.374998e-06,1.5895828e-05,1.7433325e-05,1.6774997e-05,1.5170828e-05,-1.70835e-07,1.5774996e-05,1.7154161e-05,1.6737493e-05,1.6212494e-05,1.6883325e-05
15,176,458.048,0.24,1.5854161e-05,2.074997e-06,1.7499995e-05,1.7729164e-05,1.6916665e-05,3.387499e-06,1.6037497e-05,1.7549999e-05,1.6945831e-05,1.5362493e-05,-1.79172e-07,1.5929167e-05,1.7316659e-05,1.69e-05,1.6366665e-05,1.696666e-05
15,177,458.191,0.23,1.5962498e-05,2.191663e-06,1.7641663e-05,1.7962495e-05,1.7024993e-05,3.324993e-06,1.6316661e-05,1.7670831e-05,1.7054161e-05,1.5512498e-05,-1.41668e-07,1.6087492e-05,1.7458327e-05,1.7033331e-05,1.6529162e-05,1.7224995e-05
15,178,458.334,0.22,1.6270827e-05,2.204164e-06,1.775833e-05,1.803333e-05,1.7233331e-05,3.33333e-06,1.6312495e-05,1.7791661e-05,1.7258326e-05,1.5612499e-05,-1.25003e-07,1.6129159e-05,1.7562492e-05,1.7166662e-05,1.6687496e-05,1.7366663e-05
15,179,458.477,0.21,1.639583e-05,2.174997e-06,1.7908327e-05,1.8166662e-05,1.7387494e-05,3.320829e-06,1.6433327e-05,1.7891662e-05,1.7362499e-05,1.5758331e-05,-1.91673e-07,1.6304159e-05,1.769166e-05,1.7379165e-05,1.684583e-05,1.7516661e-05
15,180,458.62,0.2,1.6466665e-05,2.15416e-06,1.8087498e-05,1.8266663e-05,1.7441662e-05,3.391663e-06,1.677916e-05,1.8020828e-05,1.7549999e-05,1.5862497e-05,-1.87508e-07,1.6412496e-05,1.7887496e-05,1.750416e-05,1.7024993e-05,1.769166e-05
15,181,458.763,0.19,1.6470829e-05,2.129165e-06,1.815416e-05,1.8383329e-05,1.7512497e-05,3.404164e-06,1.6699998e-05,1.8249997e-05,1.7791661e-05,1.6087492e-05,-1.70835e-07,1.6516662e-05,1.8058332e-05,1.7629163e-05,1.7137496e-05,1.7854167e-05
15,182,458.906,0.18,1.6579159e-05,2.195827e-06,1.8283328e-05,1.8524996e-05,1.7729164e-05,3.449996e-06,1.6874998e-05,1.822083e-05,1.7795834e-05,1.6174999e-05,-1.37504e-07,1.6683332e-05,1.8116665e-05,1.7820827e-05,1.7220831e-05,1.7999999e-05
15,183,459.049,0.17,1.6666667e-05,2.141659e-06,1.842916e-05,1.8687495e-05,1.787916e-05,3.466662e-06,1.6983326e-05,1.8479164e-05,1.8070832e-05,1.6304159e-05,-1.79172e-07,1.6799999e-05,1.8337496e-05,1.7870832e-05,1.7291664e-05,1.8137494e-05
15,184,459.192,0.16,1.683333e-05,2.174997e-06,1.8520832e-05,1.8820827e-05,1.796666e-05,3.44166e-06,1.713333e-05,1.8520832e-05,1.8074998e-05,1.6462493e-05,-1.29175e-07,1.6933331e-05,1.842916e-05,1.8049996e-05,1.7566665e-05,1.8316667e-05
15,185,459.335,0.15,1.6987498e-05,2.216665e-06,1.8591667e-05,1.8874995e-05,1.8108329e-05,3.454161e-06,1.7266662e-05,1.8612496e-05,1.8158333e-05,1.6566666e-05,-7.0834e-08,1.7070826e-05,1.8554163e-05,1.8274999e-05,1.7649993e-05,1.8391665e-05
15,186,459.478,0.14,1.7195829e-05,2.245831e-06,1.8808332e-05,1.8979161e-05,1.8195828e-05,3.462497e-06,1.7383329e-05,1.8791659e-05,1.8370827e-05,1.6645829e-05,-1.70835e-07,1.7220831e-05,1.8708331e-05,1.8295828e-05,1.77375e-05,1.8545827e-05
15,187,459.622,0.13,1.724166e-05,2.208328e-06,1.8929164e-05,1.9187499e-05,1.834166e-05,3.474998e-06,1.7458327e-05,1.8954166e-05,1.8470828e-05,1.6754166e-05,-1.25003e-07,1.7312495e-05,1.8804161e-05,1.8533334e-05,1.79125e-05,1.8608333e-05
15,188,459.765,0.12,1.7516661e-05,2.199992e-06,1.9104164e-05,1.9229166e-05,1.8483328e-05,3.483327e-06,1.769166e-05,1.9033328e-05,1.8641662e-05,1.6895827e-05,-1.87508e-07,1.7387494e-05,1.8974995e-05,1.8608333e-05,1.8041666e-05,1.8799996e-05
15,189,459.908,0.11,1.7591659e-05,2.179162e-06,1.91125e-05,1.9445833e-05,1.8545827e-05,3.466662e-06,1.7749993e-05,1.9083333e-05,1.8737499e-05,1.7029166e-05,-2.00001e-07,1.7658329e-05,1.9079162e-05,1.8762494e-05,1.8208329e-05,1.8908326e-05
15,190,460.051,0.1,1.7608332e-05,2.204164e-06,1.9274998e-05,1.950833e-05,1.8674993e-05,3.499993e-06,1.7854167e-05,1.9258332e-05,1.8887496e-05,1.7154161e-05,-1.58342e-07,1.7754166e-05,1.9224994e-05,1.8887496e-05,1.8312494e-05,1.8920828e-05
15,191,460.194,0.09,1.7849994e-05,2.258333e-06,1.9449997e-05,1.9612495e-05,1.8845829e-05,3.604166e-06,1.8020828e-05,1.9366662e-05,1.8970832e-05,1.7274999e-05,-1.6667e-07,1.7791661e-05,1.9220828e-05,1.9033328e-05,1.8408331e-05,1.9129166e-05
15,192,460.337,0.08,1.7983333e-05,2.199992e-06,1.9570827e-05,1.9724997e-05,1.8904162e-05,3.558326e-06,1.8116665e-05,1.9445833e-05,1.9087498e-05,1.7337497e-05,-1.62506e-07,1.7841665e-05,1.9399993e-05,1.9108327e-05,1.8458326e-05,1.9245832e-05
15,193,460.48,0.07,1.8004162e-05,2.187498e-06,1.9737497e-05,1.9858329e-05,1.8970832e-05,3.558326e-06,1.8191664e-05,1.9470826e-05,1.9216664e-05,1.7454164e-05,-1.54169e-07,1.7899998e-05,1.9437495e-05,1.9187499e-05,1.8687495e-05,1.9370826e-05
15,194,460.623,0.06,1.8074998e-05,2.166661e-06,1.9779165e-05,1.9899997e-05,1.9108327e-05,3.529159e-06,1.8324996e-05,1.9666664e-05,1.9320829e-05,1.7633327e-05,-1.70835e-07,1.8070832e-05,1.9558327e-05,1.9466663e-05,1.8849993e-05,1.9479163e-05
15,195,460.766,0.05,1.8137494e-05,2.187498e-06,1.9808333e-05,2.0099997e-05,1.9187499e-05,3.554161e-06,1.8433333e-05,1.9783331e-05,1.9474999e-05,1.7699997e-05,-1.6667e-07,1.8216666e-05,1.9758329e-05,1.93875e-05,1.8787496e-05,1.9604166e-05
15,196,460.909,0.04,1.8266663e-05,2.187498e-06,1.9979159e-05,2.0099997e-05,1.9358333e-05,3.566662e-06,1.8608333e-05,1.9899997e-05,1.9566663e-05,1.785833e-05,-1.6667e-07,1.8358325e-05,1.9749999e-05,1.952083e-05,1.894583e-05,1.9674993e-05
15,197,461.052,0.03,1.8399993e-05,2.204164e-06,1.9966667e-05,2.0162495e-05,1.9591665e-05,3.549997e-06,1.8691659e-05,1.9974994e-05,1.9674993e-05,1.7904162e-05,-1.75007e-07,1.842916e-05,1.9862493e-05,1.9766665e-05,1.8970832e-05,1.9745827e-05
15,198,461.195,0.02,1.8658327e-05,2.195827e-06,2.0099997e-05,2.0291662e-05,1.9633333e-05,3.570827e-06,1.8812498e-05,2.007916e-05,1.9837498e-05,1.8041666e-05,-1.87508e-07,1.8545827e-05,1.997083e-05,1.9737497e-05,1.9062496e-05,1.9991659e-05
15,199,461.338,0.01,1.8679166e-05,2.216665e-06,2.0204163e-05,2.0449996e-05,1.9570827e-05,3.549997e-06,1.8937493e-05,2.009166e-05,1.9837498e-05,1.8112492e-05,-1.54169e-07,1.8687495e-05,2.0020827e-05,1.9899997e-05,1.9316665e-05,1.9912497e-05
15,200,461.481,0.0,1.8991661e-05,2.241659e-06,2.0324993e-05,2.0491663e-05,1.9662499e-05,3.679164e-06,1.91125e-05,2.0212499e-05,2.0020827e-05,1.8229166e-05,-1.54169e-07,1.8774994e-05,2.0174995e-05,1.9949992e-05,1.9283327e-05,1.9987496e-05
,,,,,,,,,,,,,,,,,,,,15,0.63,0.64,0.75,0.76,0.74,0.74,0.64,0.74,0.7,0.73,0.2,0.64,0.72,0.69,0.69,0.71,0.71,0.71,0.8,0.8,0.8,0.82,0.73,0.79,0.75,0.78,0.88,0.73,0.78,0.76,0.75,0.76
16,0,461.717,0.0,1.8970832e-05,2.262497e-06,2.03125e-05,2.0570826e-05,1.968333e-05,3.62916e-06,1.9074996e-05,2.0279162e-05,2.0033327e-05,1.8208329e-05,-1.62506e-07,1.8849993e-05,2.0212499e-05,1.9949992e-05,1.9362496e-05,2.0133328e-05
16,1,461.86,0.01,1.8758328e-05,2.279162e-06,2.0274996e-05,2.0529167e-05,1.9587493e-05,3.641661e-06,1.8962495e-05,2.0241665e-05,1.9874993e-05,1.8199993e-05,-9.5836e-08,1.860416e-05,2.0166659e-05,1.9883331e-05,1.9312492e-05,2.0099997e-05
16,2,462.003,0.02,1.861666e-05,2.308329e-06,2.0241665e-05,2.0374997e-05,1.961666e-05,3.649998e-06,1.8741663e-05,2.0174995e-05,1.9895831e-05,1.8133331e-05,-5.0004e-08,1.8541661e-05,2.0129164e-05,1.9870829e-05,1.9295827e-05,1.9895831e-05
16,3,462.146,0.03,1.8470828e-05,2.379163e-06,2.0199997e-05,2.0374997e-05,1.9562498e-05,3.69583e-06,1.8724997e-05,2.0133328e-05,1.9770829e-05,1.8158333e-05,-8.7508e-08,1.8499994e-05,1.9945828e-05,1.9783331e-05,1.9195826e-05,1.9891659e-05
16,4,462.289,0.04,1.8366663e-05,2.304165e-06,2.0204163e-05,2.03125e-05,1.9370826e-05,3.658326e-06,1.8654164e-05,2.0054165e-05,1.9674993e-05,1.803333e-05,-7.9171e-08,1.8270826e-05,1.9904161e-05,1.9658328e-05,1.9070832e-05,1.9799996e-05
16,5,462.432,0.05,1.8270826e-05,2.279162e-06,2.0020827e-05,2.0216663e-05,1.9270834e-05,3.674992e-06,1.8458326e-05,1.9887495e-05,1.962916e-05,1.7891662e-05,-4.584e-08,1.815416e-05,1.9758329e-05,1.952916e-05,1.9070832e-05,1.9624997e-05
16,6,462.575,0.06,1.8112492e-05,2.295828e-06,2.0083333e-05,2.0174995e-05,1.9266661e-05,3.624996e-06,1.8262497e-05,1.9808333e-05,1.9424995e-05,1.7891662e-05,-6.667e-08,1.8074998e-05,1.969583e-05,1.9441661e-05,1.8854165e-05,1.9575e-05
16,7,462.718,0.07,1.796666e-05,2.333331e-06,1.9833325e-05,2.00375e-05,1.9170833e-05,3.670827e-06,1.8158333e-05,1.9774994e-05,1.9358333e-05,1.7783332e-05,-4.584e-08,1.7924993e-05,1.9549998e-05,1.93875e-05,1.8745828e-05,1.9466663e-05
16,8,462.861,0.08,1.7820827e-05,2.374999e-06,1.9662499e-05,1.9941665e-05,1.9037492e-05,3.687493e-06,1.8066661e-05,1.9654162e-05,1.9283327e-05,1.7708333e-05,-4.1668e-08,1.7774995e-05,1.9458326e-05,1.9316665e-05,1.8654164e-05,1.935416e-05
16,9,463.004,0.09,1.7708333e-05,2.374999e-06,1.9595829e-05,1.9766665e-05,1.9037492e-05,3.691665e-06,1.7862494e-05,1.9549998e-05,1.9104164e-05,1.7616661e-05,-8.337e-09,1.7641663e-05,1.9391664e-05,1.906666e-05,1.8554163e-05,1.9208328e-05
16,10,463.147,0.1,1.7545828e-05,2.358325e-06,1.952083e-05,1.9841664e-05,1.8983332e-05,3.666663e-06,1.7787495e-05,1.950833e-05,1.9037492e-05,1.7441662e-05,-7.9171e-08,1.7499995e-05,1.9212492e-05,1.8966659e-05,1.8395829e-05,1.9191662e-05
16,11,463.29,0.11,1.7420833e-05,2.366662e-06,1.9491665e-05,1.9599995e-05,1.8729163e-05,3.679164e-06,1.7624998e-05,1.9383328e-05,1.889166e-05,1.7449998e-05,-5.0004e-08,1.7279164e-05,1.9154159e-05,1.8887496e-05,1.8333332e-05,1.8995834e-05
16,12,463.433,0.12,1.7216667e-05,2.333331e-06,1.9366662e-05,1.9499994e-05,1.8599994e-05,3.712495e-06,1.7520833e-05,1.9308329e-05,1.8679166e-05,1.7274999e-05,-2.0838e-08,1.7279164e-05,1.8966659e-05,1.8745828e-05,1.8233332e-05,1.8933328e-05
16,13,463.576,0.13,1.7041659e-05,2.40833e-06,1.9212492e-05,1.9441661e-05,1.8504166e-05,3.599993e-06,1.7316659e-05,1.9241666e-05,1.8645827e-05,1.7137496e-05,4.164e-09,1.7045832e-05,1.8841663e-05,1.8612496e-05,1.8083327e-05,1.8695831e-05
16,14,463.719,0.14,1.6929165e-05,2.416658e-06,1.91125e-05,1.93e-05,1.8404166e-05,3.633332e-06,1.7212495e-05,1.9070832e-05,1.8491666e-05,1.7074999e-05,4.164e-09,1.6904163e-05,1.8799996e-05,1.8458326e-05,1.7970831e-05,1.8608333e-05
16,15,463.862,0.15,1.6741666e-05,2.391664e-06,1.8966659e-05,1.916666e-05,1.8291665e-05,3.591665e-06,1.7e-05,1.8966659e-05,1.834166e-05,1.7029166e-05,4.164e-09,1.6704162e-05,1.8620833e-05,1.832916e-05,1.7841665e-05,1.8416658e-05
16,16,464.005,0.16,1.6562493e-05,2.387492e-06,1.8883331e-05,1.9020828e-05,1.814166e-05,3.583328e-06,1.6774997e-05,1.8812498e-05,1.8249997e-05,1.6937494e-05,-8e-12,1.6537499e-05,1.8512495e-05,1.8149996e-05,1.7720826e-05,1.8291665e-05
16,17,464.148,0.17,1.6333326e-05,2.374999e-06,1.8766665e-05,1.9087498e-05,1.8004162e-05,3.649998e-06,1.6616663e-05,1.8691659e-05,1.8083327e-05,1.677916e-05,-1.2501e-08,1.6424998e-05,1.8454162e-05,1.7999999e-05,1.7579167e-05,1.8204164e-05
16,18,464.291,0.18,1.6254162e-05,2.379163e-06,1.861666e-05,1.8745828e-05,1.7891662e-05,3.620831e-06,1.6470829e-05,1.8512495e-05,1.7937493e-05,1.6683332e-05,2.083e-08,1.6258327e-05,1.822083e-05,1.796666e-05,1.7520833e-05,1.8029164e-05
16,19,464.434,0.19,1.6058326e-05,2.34166e-06,1.8483328e-05,1.8683329e-05,1.7808326e-05,3.558326e-06,1.6295831e-05,1.844166e-05,1.7808326e-05,1.6533328e-05,3.3331e-08,1.6054162e-05,1.8162496e-05,1.7699997e-05,1.7337497e-05,1.7874996e-05
16,20,464.577,0.2,1.5812493e-05,2.337496e-06,1.8437497e-05,1.8629162e-05,1.7649993e-05,3.579164e-06,1.6133332e-05,1.8312494e-05,1.758333e-05,1.650416e-05,4.166e-08,1.5879163e-05,1.8037494e-05,1.7579167e-05,1.7166662e-05,1.7854167e-05
16,21,464.72,0.21,1.5649994e-05,2.374999e-06,1.8258334e-05,1.8395829e-05,1.7545828e-05,3.558326e-06,1.5958332e-05,1.8204164e-05,1.7437498e-05,1.6345826e-05,2.4994e-08,1.5716663e-05,1.7829163e-05,1.74625e-05,1.7041659e-05,1.7595832e-05
16,22,464.863,0.22,1.5512498e-05,2.424995e-06,1.8179162e-05,1.8254161e-05,1.7408331e-05,3.558326e-06,1.5783326e-05,1.8091663e-05,1.7333332e-05,1.6062499e-05,5.8325e-08,1.5549993e-05,1.7649993e-05,1.7324995e-05,1.6891663e-05,1.7483329e-05
16,23,465.006,0.23,1.5320826e-05,2.366662e-06,1.796666e-05,1.8212493e-05,1.7270828e-05,3.545833e-06,1.5583333e-05,1.7970831e-05,1.714166e-05,1.5895828e-05,1.6665e-08,1.5299996e-05,1.7520833e-05,1.7112494e-05,1.6804162e-05,1.7254162e-05
16,24,465.15,0.24,1.5020832e-05,2.337496e-06,1.7891662e-05,1.7954168e-05,1.7070826e-05,3.487492e-06,1.5395832e-05,1.7833328e-05,1.6970833e-05,1.5879163e-05,-8e-12,1.5145826e-05,1.7337497e-05,1.6974998e-05,1.6591661e-05,1.7108328e-05
16,25,465.293,0.25,1.4795828e-05,2.387492e-06,1.7641663e-05,1.785833e-05,1.6962496e-05,3.591665e-06,1.5145826e-05,1.770416e-05,1.6816664e-05,1.5870826e-05,1.6665e-08,1.4937496e-05,1.724166e-05,1.6812499e-05,1.6437498e-05,1.6912492e-05
16,26,465.436,0.26,1.4716665e-05,2.316666e-06,1.7529163e-05,1.770416e-05,1.6870832e-05,3.562498e-06,1.5008331e-05,1.7545828e-05,1.6666667e-05,1.5608326e-05,8.329e-09,1.4795828e-05,1.7079163e-05,1.6662494e-05,1.6299995e-05,1.6824992e-05
16,27,465.579,0.27,1.4387496e-05,2.316666e-06,1.7383329e-05,1.7595832e-05,1.6645829e-05,3.579164e-06,1.4779162e-05,1.7433325e-05,1.6433327e-05,1.5424999e-05,1.6665e-08,1.4549994e-05,1.6987498e-05,1.6512497e-05,1.6083328e-05,1.6662494e-05
16,28,465.722,0.28,1.4162492e-05,2.295828e-06,1.7316659e-05,1.7391665e-05,1.6520826e-05,3.499993e-06,1.4591662e-05,1.7320832e-05,1.6324997e-05,1.5295831e-05,3.7495e-08,1.4337492e-05,1.6908327e-05,1.6354163e-05,1.5924994e-05,1.6433327e-05
16,29,465.865,0.29,1.3966664e-05,2.266661e-06,1.7062497e-05,1.729583e-05,1.6370828e-05,3.512494e-06,1.439166e-05,1.712083e-05,1.6062499e-05,1.5133333e-05,3.3331e-08,1.4108332e-05,1.649166e-05,1.6129159e-05,1.582083e-05,1.6249998e-05
16,30,466.008,0.3,1.3766662e-05,2.295828e-06,1.7024993e-05,1.7108328e-05,1.6224996e-05,3.545833e-06,1.4199996e-05,1.695416e-05,1.5966662e-05,1.4974999e-05,4.9996e-08,1.3933332e-05,1.6391659e-05,1.6062499e-05,1.5654166e-05,1.6066662e-05
16,31,466.151,0.31,1.3524993e-05,2.362498e-06,1.6783333e-05,1.7008328e-05,1.6049997e-05,3.562498e-06,1.3949998e-05,1.6733329e-05,1.5733329e-05,1.482083e-05,5.4161e-08,1.3716666e-05,1.6191665e-05,1.583333e-05,1.5570831e-05,1.5908328e-05
16,32,466.294,0.32,1.3262495e-05,2.304165e-06,1.6529162e-05,1.677916e-05,1.5870826e-05,3.508329e-06,1.3729159e-05,1.6654165e-05,1.5595826e-05,1.4720829e-05,5.4161e-08,1.3499999e-05,1.6045833e-05,1.5495832e-05,1.5379166e-05,1.5683334e-05
16,33,466.437,0.33,1.3016661e-05,2.283327e-06,1.639583e-05,1.6695833e-05,1.5737494e-05,3.499993e-06,1.3504164e-05,1.6508333e-05,1.5445828e-05,1.456666e-05,8.3327e-08,1.3274996e-05,1.5879163e-05,1.535833e-05,1.5083328e-05,1.5574995e-05
16,34,466.58,0.34,1.2762499e-05,2.25416e-06,1.6204167e-05,1.6483331e-05,1.5662496e-05,3.466662e-06,1.3254165e-05,1.6370828e-05,1.5133333e-05,1.4445829e-05,6.6662e-08,1.3029162e-05,1.5695827e-05,1.5183329e-05,1.4912494e-05,1.5258328e-05
16,35,466.723,0.35,1.2516665e-05,2.274998e-06,1.6079164e-05,1.6220833e-05,1.547916e-05,3.491664e-06,1.2995831e-05,1.6129159e-05,1.4979164e-05,1.4216662e-05,7.0826e-08,1.2808331e-05,1.5495832e-05,1.4954162e-05,1.4608328e-05,1.5224997e-05
16,36,466.866,0.36,1.2262495e-05,2.249996e-06,1.5899999e-05,1.609583e-05,1.5099994e-05,3.579164e-06,1.2783329e-05,1.5954161e-05,1.4691663e-05,1.3979165e-05,2.083e-08,1.2537495e-05,1.5245827e-05,1.4724994e-05,1.4429164e-05,1.4779162e-05
16,37,467.009,0.37,1.1999997e-05,2.291664e-06,1.5683334e-05,1.5899999e-05,1.5016659e-05,3.508329e-06,1.2462497e-05,1.5774996e-05,1.4529164e-05,1.3795829e-05,4.5832e-08,1.2304163e-05,1.5066664e-05,1.4487497e-05,1.4212497e-05,1.4595827e-05
16,38,467.152,0.38,1.1749999e-05,2.262497e-06,1.5474994e-05,1.5670832e-05,1.4758332e-05,3.412493e-06,1.2249994e-05,1.5624992e-05,1.4233327e-05,1.3633331e-05,2.4994e-08,1.2049993e-05,1.4837496e-05,1.4254165e-05,1.4045827e-05,1.4383332e-05
16,39,467.295,0.39,1.1404165e-05,2.249996e-06,1.5241662e-05,1.5466667e-05,1.4599998e-05,3.383326e-06,1.1983331e-05,1.5525e-05,1.4074993e-05,1.3487498e-05,8.3327e-08,1.1745827e-05,1.4645831e-05,1.4024997e-05,1.3812494e-05,1.4141663e-05
16,40,467.438,0.4,1.1129165e-05,2.283327e-06,1.5070827e-05,1.5295831e-05,1.439166e-05,3.387499e-06,1.1683329e-05,1.5283331e-05,1.382916e-05,1.3283332e-05,7.4999e-08,1.1575e-05,1.4370831e-05,1.3804166e-05,1.3729159e-05,1.3962499e-05
16,41,467.581,0.41,1.0874995e-05,2.195827e-06,1.4845832e-05,1.5037497e-05,1.4158329e-05,3.35416e-06,1.1524995e-05,1.4979164e-05,1.353333e-05,1.3099996e-05,1.08329e-07,1.1220829e-05,1.4166665e-05,1.3595827e-05,1.3299998e-05,1.3670826e-05
16,42,467.724,0.42,1.0554163e-05,2.208328e-06,1.46125e-05,1.4891664e-05,1.3937497e-05,3.358332e-06,1.1133329e-05,1.4829159e-05,1.3320828e-05,1.2949999e-05,7.9163e-08,1.097916e-05,1.3974993e-05,1.327916e-05,1.3133327e-05,1.3479162e-05
16,43,467.867,0.43,1.0279163e-05,2.162496e-06,1.4445829e-05,1.4712493e-05,1.3737495e-05,3.362497e-06,1.0866665e-05,1.456666e-05,1.3141664e-05,1.2704166e-05,4.9996e-08,1.0754164e-05,1.3737495e-05,1.3041663e-05,1.2904159e-05,1.3216662e-05
16,44,468.01,0.44,9.991661e-06,2.158332e-06,1.4174994e-05,1.4429164e-05,1.3483325e-05,3.374998e-06,1.0612495e-05,1.4283331e-05,1.2845826e-05,1.2487499e-05,7.9163e-08,1.0433332e-05,1.3483325e-05,1.270833e-05,1.2524994e-05,1.2945827e-05
16,45,468.153,0.45,9.662493e-06,2.149995e-06,1.4004159e-05,1.4287496e-05,1.3291661e-05,3.33333e-06,1.0312494e-05,1.4137499e-05,1.243333e-05,1.2324993e-05,9.5828e-08,1.0124993e-05,1.3254165e-05,1.2524994e-05,1.2324993e-05,1.2620831e-05
16,46,468.296,0.46,9.32916e-06,2.174997e-06,1.3683327e-05,1.3941662e-05,1.3024997e-05,3.320829e-06,9.945829e-06,1.3912495e-05,1.2254159e-05,1.2141665e-05,7.0826e-08,9.79166e-06,1.2870828e-05,1.2258331e-05,1.2079159e-05,1.2379161e-05
16,47,468.439,0.47,8.96666e-06,2.158332e-06,1.3399998e-05,1.3758326e-05,1.279583e-05,3.291663e-06,9.645828e-06,1.3658333e-05,1.1862493e-05,1.1816661e-05,6.6662e-08,9.533326e-06,1.2641661e-05,1.1887495e-05,1.1829162e-05,1.2099998e-05
16,48,468.583,0.48,8.641664e-06,2.074997e-06,1.3254165e-05,1.3479162e-05,1.2491663e-05,3.283326e-06,9.320831e-06,1.3416664e-05,1.1533331e-05,1.1599994e-05,1.20831e-07,9.166662e-06,1.2370832e-05,1.1687493e-05,1.1429159e-05,1.1774993e-05
16,49,468.726,0.49,8.274992e-06,2.095826e-06,1.2949999e-05,1.3162494e-05,1.2308327e-05,3.287498e-06,9.024993e-06,1.3166666e-05,1.1270833e-05,1.1312492e-05,1.37496e-07,8.862496e-06,1.2083332e-05,1.1366661e-05,1.1179161e-05,1.1566663e-05
16,50,468.869,0.5,7.904164e-06,2.062495e-06,1.2649997e-05,1.2895831e-05,1.197083e-05,3.229165e-06,8.65833e-06,1.2920833e-05,1.0945829e-05,1.1095826e-05,8.3327e-08,8.579159e-06,1.1791666e-05,1.1058331e-05,1.0941664e-05,1.1112499e-05
16,51,469.012,0.51,7.566658e-06,2.033329e-06,1.2399999e-05,1.2674999e-05,1.1691665e-05,3.241658e-06,8.31666e-06,1.2662498e-05,1.0587493e-05,1.0866665e-05,9.1664e-08,8.191665e-06,1.1504166e-05,1.0745827e-05,1.0524996e-05,1.0883331e-05
16,52,469.155,0.52,7.241662e-06,1.958331e-06,1.2154166e-05,1.2374997e-05,1.1474999e-05,3.158331e-06,8.016666e-06,1.2420829e-05,1.024166e-05,1.061666e-05,9.5828e-08,7.837494e-06,1.1158331e-05,1.0404166e-05,1.0270826e-05,1.0537497e-05
16,53,469.298,0.53,6.862497e-06,1.941665e-06,1.1983331e-05,1.2045829e-05,1.1108327e-05,3.170832e-06,7.604162e-06,1.2099998e-05,9.862494e-06,1.0279163e-05,4.5832e-08,7.495833e-06,1.0862494e-05,1.0124993e-05,9.895825e-06,1.0120829e-05
16,54,469.441,0.54,6.595826e-06,1.883332e-06,1.1554162e-05,1.1745827e-05,1.087083e-05,3.124992e-06,7.324998e-06,1.1724997e-05,9.545827e-06,1.0074997e-05,1.12494e-07,7.220833e-06,1.032916e-05,9.7375e-06,9.554164e-06,9.766666e-06
16,55,469.584,0.55,6.299997e-06,1.849993e-06,1.1137494e-05,1.1491664e-05,1.0562499e-05,3.16666e-06,6.962498e-06,1.1458325e-05,9.133331e-06,9.795833e-06,1.12494e-07,6.874998e-06,1.0004163e-05,9.283328e-06,9.174999e-06,9.366663e-06
16,56,469.727,0.56,5.983329e-06,1.866659e-06,1.0795831e-05,1.1058331e-05,1.024166e-05,3.07916e-06,6.616664e-06,1.1099998e-05,8.724999e-06,9.508331e-06,9.5828e-08,6.549994e-06,9.595831e-06,8.879161e-06,8.858331e-06,8.970833e-06
16,57,469.87,0.57,5.716666e-06,1.816662e-06,1.0499994e-05,1.0862494e-05,9.899998e-06,3.120828e-06,6.29166e-06,1.0758328e-05,8.366665e-06,9.22083e-06,1.24995e-07,6.29166e-06,9.262498e-06,8.545828e-06,8.391658e-06,8.59166e-06
16,58,470.013,0.58,5.483325e-06,1.795832e-06,1.0170826e-05,1.0379164e-05,9.537498e-06,3.070831e-06,6.012495e-06,1.0449998e-05,7.991664e-06,8.916664e-06,9.5828e-08,6.008331e-06,8.870832e-06,8.212495e-06,7.974998e-06,8.208331e-06
16,59,470.156,0.59,5.254165e-06,1.779159e-06,9.837492e-06,1.0070833e-05,9.212494e-06,3.062495e-06,5.758325e-06,1.013333e-05,7.574995e-06,8.645829e-06,1.12494e-07,5.84166e-06,8.508333e-06,7.837494e-06,7.654166e-06,8.029159e-06
16,60,470.299,0.6,5.112497e-06,1.758329e-06,9.524997e-06,9.720826e-06,8.899999e-06,2.966658e-06,5.587498e-06,9.808326e-06,7.212496e-06,8.349999e-06,9.1664e-08,5.645832e-06,8.10833e-06,7.537492e-06,7.324998e-06,7.454165e-06
16,61,470.442,0.61,5.020825e-06,1.79166e-06,9.166662e-06,9.370828e-06,8.50416e-06,3.049993e-06,5.387497e-06,9.445826e-06,6.854161e-06,8.087492e-06,1.12494e-07,5.44583e-06,7.695826e-06,7.166664e-06,6.929159e-06,7.054162e-06
16,62,470.585,0.62,4.908331e-06,1.812498e-06,8.77916e-06,9.037494e-06,8.170828e-06,2.89166e-06,5.220827e-06,9.062497e-06,6.541665e-06,7.85416e-06,1.4166e-07,5.391661e-06,7.399996e-06,6.779162e-06,6.574996e-06,6.762496e-06
16,63,470.728,0.63,4.91666e-06,1.783331e-06,8.370828e-06,8.645829e-06,7.808328e-06,2.849992e-06,5.133327e-06,8.704162e-06,6.18333e-06,7.520827e-06,1.12494e-07,5.374996e-06,6.974999e-06,6.466659e-06,6.262493e-06,6.395833e-06
16,64,470.871,0.64,4.979165e-06,1.799997e-06,8.049997e-06,8.299994e-06,7.499997e-06,2.808333e-06,5.112497e-06,8.383329e-06,5.883328e-06,7.258328e-06,1.04165e-07,5.233328e-06,6.608327e-06,6.149999e-06,5.949998e-06,6.066664e-06
16,65,471.014,0.65,4.987494e-06,1.795832e-06,7.699999e-06,7.945831e-06,7.120832e-06,2.766665e-06,5.045827e-06,7.979163e-06,5.641659e-06,7.004166e-06,1.37496e-07,5.287496e-06,6.345828e-06,5.854161e-06,5.708329e-06,5.820831e-06
16,66,471.157,0.66,5.145828e-06,1.762493e-06,7.329162e-06,7.545829e-06,6.741659e-06,2.745827e-06,5.129163e-06,7.587496e-06,5.329164e-06,6.82083e-06,1.45825e-07,5.366659e-06,5.949998e-06,5.599999e-06,5.458331e-06,5.529165e-06
16,67,471.3,0.67,5.304162e-06,1.808325e-06,7.062499e-06,7.19583e-06,6.370831e-06,2.691658e-06,5.199997e-06,7.262492e-06,5.299997e-06,6.591662e-06,1.24995e-07,5.495826e-06,5.704164e-06,5.354166e-06,5.287496e-06,5.312499e-06
16,68,471.443,0.68,5.508327e-06,1.887496e-06,6.595826e-06,6.824994e-06,6.049999e-06,2.662492e-06,5.308326e-06,6.937496e-06,5.10416e-06,6.408326e-06,1.37496e-07,5.624994e-06,5.512492e-06,5.237492e-06,5.141664e-06,5.183331e-06
16,69,471.586,0.69,5.737495e-06,1.862494e-06,6.27083e-06,6.495825e-06,5.712493e-06,2.583329e-06,5.46666e-06,6.670833e-06,5.020825e-06,6.258329e-06,1.33332e-07,5.783327e-06,5.304162e-06,5.124998e-06,5.091659e-06,5.120826e-06
16,70,471.729,0.7,5.979165e-06,1.920827e-06,6.058327e-06,6.195831e-06,5.429165e-06,2.549998e-06,5.670825e-06,6.412498e-06,4.945827e-06,6.129162e-06,1.49997e-07,5.99583e-06,5.19166e-06,5.087495e-06,5.095832e-06,5.041663e-06
16,71,471.872,0.71,6.262493e-06,1.949994e-06,5.74166e-06,5.945826e-06,5.224999e-06,2.520831e-06,5.858326e-06,6.229162e-06,5.008332e-06,5.991666e-06,1.45825e-07,6.245828e-06,5.133327e-06,5.029162e-06,5.154165e-06,5.045827e-06
16,72,472.015,0.72,6.495825e-06,1.983333e-06,5.55416e-06,5.74166e-06,5.049992e-06,2.458326e-06,6.099995e-06,6.09583e-06,5.129163e-06,5.933332e-06,1.33332e-07,6.441664e-06,5.087495e-06,5.087495e-06,5.287496e-06,5.129163e-06
16,73,472.159,0.73,6.787499e-06,1.97916e-06,5.387497e-06,5.562496e-06,4.874993e-06,2.424995e-06,6.341664e-06,6.045826e-06,5.345829e-06,5.870827e-06,1.45825e-07,6.795828e-06,5.145828e-06,5.237492e-06,5.391661e-06,5.291661e-06
16,74,472.302,0.74,7.049998e-06,2.062495e-06,5.249993e-06,5.429165e-06,4.791665e-06,2.412494e-06,6.620828e-06,6.029161e-06,5.512492e-06,5.899994e-06,1.45825e-07,7.062499e-06,5.241664e-06,5.391661e-06,5.620829e-06,5.462496e-06
16,75,472.445,0.75,7.329162e-06,2.041666e-06,5.208326e-06,5.387497e-06,4.82916e-06,2.449997e-06,6.808329e-06,6.058327e-06,5.795829e-06,5.899994e-06,1.29159e-07,7.333326e-06,5.35833e-06,5.599999e-06,5.874999e-06,5.72083e-06
16,76,472.588,0.76,7.616663e-06,2.120829e-06,5.195832e-06,5.408327e-06,4.824996e-06,2.370826e-06,7.099994e-06,6.145827e-06,6.041662e-06,5.954162e-06,1.4166e-07,7.624992e-06,5.570825e-06,5.849997e-06,6.120833e-06,5.970828e-06
16,77,472.731,0.77,7.883326e-06,2.091662e-06,5.387497e-06,5.458331e-06,4.933325e-06,2.441661e-06,7.362493e-06,6.299997e-06,6.312498e-06,5.966663e-06,1.58326e-07,7.904164e-06,5.858326e-06,6.091658e-06,6.358329e-06,6.237499e-06
16,78,472.874,0.78,8.183329e-06,2.141659e-06,5.433329e-06,5.558332e-06,5.116661e-06,2.445825e-06,7.649994e-06,6.466659e-06,6.679161e-06,6.083329e-06,1.4166e-07,8.19583e-06,6.024996e-06,6.408326e-06,6.595826e-06,6.529164e-06
16,79,473.017,0.79,8.466665e-06,2.137494e-06,5.608328e-06,5.687499e-06,5.312499e-06,2.449997e-06,7.829165e-06,6.595826e-06,6.962498e-06,6.166665e-06,1.66663e-07,8.466665e-06,6.316662e-06,6.73333e-06,6.870826e-06,6.899993e-06
16,80,473.16,0.8,8.762495e-06,2.174997e-06,5.824995e-06,5.949998e-06,5.562496e-06,2.524996e-06,8.112494e-06,6.837495e-06,7.299996e-06,6.27083e-06,1.74991e-07,8.774996e-06,6.612492e-06,6.983328e-06,7.1625e-06,7.19583e-06
16,81,473.303,0.81,8.991663e-06,2.183326e-06,5.862498e-06,6.133326e-06,5.837496e-06,2.537497e-06,8.387494e-06,6.916666e-06,7.562494e-06,6.366666e-06,1.49997e-07,9.045832e-06,6.929159e-06,7.262492e-06,7.424998e-06,7.508326e-06
16,82,473.446,0.82,9.229159e-06,2.237495e-06,6.079165e-06,6.266665e-06,6.083329e-06,2.537497e-06,8.633328e-06,7.179165e-06,7.808328e-06,6.504162e-06,1.4166e-07,9.275e-06,7.183329e-06,7.520827e-06,7.583332e-06,7.783326e-06
16,83,473.589,0.83,9.479165e-06,2.237495e-06,6.274994e-06,6.433328e-06,6.379159e-06,2.608331e-06,8.912491e-06,7.308332e-06,8.204166e-06,6.641666e-06,1.74991e-07,9.566665e-06,7.529163e-06,7.920829e-06,7.76666e-06,8.120831e-06
16,84,473.732,0.84,9.749992e-06,2.274998e-06,6.462495e-06,6.654159e-06,6.624993e-06,2.604159e-06,9.083326e-06,7.545829e-06,8.50416e-06,6.841659e-06,1.70827e-07,9.754165e-06,7.808328e-06,8.220832e-06,7.987499e-06,8.458328e-06
16,85,473.875,0.85,9.941666e-06,2.283327e-06,6.658332e-06,6.816666e-06,6.866662e-06,2.641662e-06,9.374992e-06,7.704162e-06,8.766659e-06,6.991665e-06,1.83328e-07,1.0058331e-05,8.099993e-06,8.574994e-06,8.191665e-06,8.766659e-06
16,86,474.018,0.86,1.0124993e-05,2.304165e-06,6.812493e-06,7.004166e-06,7.145826e-06,2.637498e-06,9.679158e-06,7.904164e-06,9.116666e-06,7.1625e-06,1.58326e-07,1.0283327e-05,8.379166e-06,8.879161e-06,8.424998e-06,9.074998e-06
16,87,474.161,0.87,1.032916e-05,2.349997e-06,6.983328e-06,7.204159e-06,7.429162e-06,2.654163e-06,9.845829e-06,8.074999e-06,9.374992e-06,7.28333e-06,1.87492e-07,1.0524996e-05,8.629163e-06,9.174999e-06,8.666659e-06,9.374992e-06
16,88,474.304,0.88,1.0537497e-05,2.34166e-06,7.212496e-06,7.391659e-06,7.74583e-06,2.674993e-06,1.0062496e-05,8.304159e-06,9.699997e-06,7.420826e-06,2.0833e-07,1.0824998e-05,8.949995e-06,9.445826e-06,8.891662e-06,9.7375e-06
16,89,474.447,0.89,1.0687494e-05,2.34166e-06,7.391659e-06,7.55833e-06,7.970826e-06,2.708332e-06,1.0212493e-05,8.495832e-06,9.95833e-06,7.574995e-06,1.79164e-07,1.0879159e-05,9.216667e-06,9.695832e-06,9.095827e-06,1.0016664e-05
16,90,474.59,0.9,1.0866665e-05,2.329159e-06,7.604162e-06,7.687497e-06,8.312496e-06,2.741663e-06,1.0412495e-05,8.599996e-06,1.0295828e-05,7.816664e-06,1.83328e-07,1.1112499e-05,9.491666e-06,1.0008327e-05,9.291664e-06,1.0299993e-05
16,91,474.733,0.91,1.1091662e-05,2.370826e-06,7.741666e-06,7.858332e-06,8.512497e-06,2.770829e-06,1.0624997e-05,8.754166e-06,1.0466663e-05,7.94166e-06,2.16659e-07,1.1270833e-05,9.720826e-06,1.0283327e-05,9.479165e-06,1.0562499e-05
16,92,474.876,0.92,1.1329166e-05,2.433332e-06,7.966662e-06,8.016666e-06,8.770831e-06,2.808333e-06,1.0887496e-05,8.962496e-06,1.0812497e-05,8.10833e-06,2.0833e-07,1.152083e-05,1.0033329e-05,1.052916e-05,9.79166e-06,1.0845828e-05
16,93,475.019,0.93,1.1479163e-05,2.399993e-06,8.183329e-06,8.133332e-06,9.004164e-06,2.854164e-06,1.1062495e-05,9.129159e-06,1.0924999e-05,8.329161e-06,1.83328e-07,1.1691665e-05,1.0312494e-05,1.0791659e-05,9.937493e-06,1.1099998e-05
16,94,475.162,0.94,1.1616659e-05,2.424995e-06,8.341662e-06,8.366665e-06,9.233332e-06,2.829162e-06,1.1224993e-05,9.30833e-06,1.1116664e-05,8.487495e-06,2.16659e-07,1.1841663e-05,1.0512495e-05,1.0987496e-05,1.0124993e-05,1.1449996e-05
16,95,475.305,0.95,1.1799995e-05,2.483328e-06,8.624998e-06,8.508333e-06,9.520832e-06,2.874994e-06,1.1433332e-05,9.537498e-06,1.135416e-05,8.616662e-06,3.08331e-07,1.1999997e-05,1.0854164e-05,1.1308328e-05,1.0354162e-05,1.1670828e-05
16,96,475.448,0.96,1.1945828e-05,2.441661e-06,8.841665e-06,8.670831e-06,9.687496e-06,2.899996e-06,1.1624996e-05,9.733327e-06,1.1591665e-05,8.808327e-06,1.83328e-07,1.217916e-05,1.1133329e-05,1.1491664e-05,1.058333e-05,1.1870829e-05
16,97,475.592,0.97,1.2099998e-05,2.462498e-06,9.108328e-06,8.854158e-06,9.924992e-06,2.858329e-06,1.1820833e-05,9.949994e-06,1.1854164e-05,8.970833e-06,3.29161e-07,1.2308327e-05,1.1379162e-05,1.171666e-05,1.0758328e-05,1.2087497e-05
16,98,475.735,0.98,1.2224992e-05,2.470827e-06,9.358327e-06,8.999999e-06,1.0074997e-05,2.916662e-06,1.2012498e-05,1.0120829e-05,1.2012498e-05,9.099992e-06,2.0833e-07,1.2408328e-05,1.1641661e-05,1.1999997e-05,1.1016663e-05,1.2354159e-05
16,99,475.878,0.99,1.236666e-05,2.554162e-06,9.608332e-06,9.112493e-06,1.0362498e-05,2.987496e-06,1.2249994e-05,1.0337496e-05,1.2274996e-05,9.245833e-06,2.16659e-07,1.2587499e-05,1.1858328e-05,1.2191661e-05,1.1129165e-05,1.2537495e-05
16,100,476.021,1.0,1.2466661e-05,2.404165e-06,9.749992e-06,9.270827e-06,1.052916e-05,2.945828e-06,1.2383326e-05,1.0499994e-05,1.245416e-05,9.399994e-06,1.83328e-07,1.2649997e-05,1.2062494e-05,1.2445831e-05,1.1358333e-05,1.270833e-05
16,101,476.164,0.99,1.2324993e-05,2.370826e-06,9.662493e-06,9.124994e-06,1.0174997e-05,2.874994e-06,1.2220828e-05,1.0295828e-05,1.2099998e-05,9.283328e-06,2.04166e-07,1.2349995e-05,1.1758328e-05,1.2087497e-05,1.1120828e-05,1.2429166e-05
16,102,476.307,0.98,1.2104161e-05,2.349997e-06,9.520832e-06,8.949995e-06,1.0004163e-05,2.908325e-06,1.1987496e-05,1.0070833e-05,1.1833326e-05,9.066661e-06,1.37496e-07,1.2249994e-05,1.1412493e-05,1.1766664e-05,1.0904161e-05,1.2149993e-05
16,103,476.45,0.97,1.1799995e-05,2.362498e-06,9.208329e-06,8.670831e-06,9.641663e-06,2.820826e-06,1.1733326e-05,9.920827e-06,1.1533331e-05,8.879161e-06,1.4166e-07,1.1899996e-05,1.1087497e-05,1.1549997e-05,1.0662492e-05,1.1870829e-05
16,104,476.593,0.96,1.1541661e-05,2.258333e-06,8.958332e-06,8.454163e-06,9.275e-06,2.729162e-06,1.1474999e-05,9.529162e-06,1.1149995e-05,8.654165e-06,1.04165e-07,1.1637497e-05,1.0695831e-05,1.1170832e-05,1.0354162e-05,1.1470826e-05
16,105,476.736,0.95,1.1333331e-05,2.237495e-06,8.5375e-06,8.116658e-06,8.987498e-06,2.737498e-06,1.114583e-05,9.275e-06,1.075e-05,8.429161e-06,1.08329e-07,1.1349996e-05,1.0262497e-05,1.0816661e-05,1.0112492e-05,1.106666e-05
16,106,476.879,0.94,1.1037493e-05,2.199992e-06,8.220832e-06,7.999993e-06,8.620827e-06,2.679165e-06,1.089166e-05,8.958332e-06,1.0454162e-05,8.212495e-06,6.6662e-08,1.1074996e-05,9.887497e-06,1.0374999e-05,9.816663e-06,1.0716661e-05
16,107,477.022,0.93,1.0729162e-05,2.179162e-06,7.987499e-06,7.520827e-06,8.249998e-06,2.61666e-06,1.0554163e-05,8.691661e-06,1.0070833e-05,7.920829e-06,4.166e-08,1.080416e-05,9.524997e-06,1.0041666e-05,9.474993e-06,1.0349997e-05
16,108,477.165,0.92,1.0608332e-05,2.149995e-06,7.545829e-06,7.262492e-06,7.912493e-06,2.599994e-06,1.0299993e-05,8.479166e-06,9.699997e-06,7.654166e-06,4.164e-09,1.0504166e-05,9.129159e-06,9.616661e-06,9.275e-06,1.0033329e-05
16,109,477.308,0.91,1.0162496e-05,2.137494e-06,7.266664e-06,6.949997e-06,7.574995e-06,2.504166e-06,9.995826e-06,8.162498e-06,9.383329e-06,7.420826e-06,-1.2501e-08,1.022083e-05,8.683332e-06,9.199993e-06,8.84583e-06,9.579166e-06
16,110,477.451,0.9,1.00125e-05,2.116664e-06,6.908329e-06,6.691662e-06,7.170828e-06,2.462498e-06,9.679158e-06,7.862496e-06,8.941666e-06,7.158327e-06,-8e-12,1.0020828e-05,8.320832e-06,8.824993e-06,8.599996e-06,9.204166e-06
16,111,477.594,0.89,9.712498e-06,2.091662e-06,6.554159e-06,6.399997e-06,6.770825e-06,2.454162e-06,9.370828e-06,7.512498e-06,8.554164e-06,6.862497e-06,8.329e-09,9.554164e-06,7.899992e-06,8.433326e-06,8.237497e-06,8.75833e-06
16,112,477.737,0.88,9.312495e-06,2.070832e-06,6.199996e-06,6.104159e-06,6.408326e-06,2.370826e-06,9.012492e-06,7.220833e-06,8.283329e-06,6.616664e-06,-1.6673e-08,9.229159e-06,7.566658e-06,8.037496e-06,7.904164e-06,8.404159e-06
16,113,477.88,0.87,8.916664e-06,2.037493e-06,5.904166e-06,5.804165e-06,6.049999e-06,2.308329e-06,8.695833e-06,6.949997e-06,7.824993e-06,6.370831e-06,2.083e-08,8.874997e-06,7.133333e-06,7.658331e-06,7.529163e-06,7.970826e-06
16,114,478.023,0.86,8.545828e-06,1.97916e-06,5.570825e-06,5.512492e-06,5.666661e-06,2.266661e-06,8.279165e-06,6.570832e-06,7.437499e-06,6.087494e-06,4.164e-09,8.524998e-06,6.737494e-06,7.233326e-06,7.224997e-06,7.591661e-06
16,115,478.166,0.85,8.162498e-06,1.991661e-06,5.212498e-06,5.245829e-06,5.329164e-06,2.195827e-06,7.924994e-06,6.283331e-06,7.02916e-06,5.787492e-06,-5.8341e-08,8.149997e-06,6.420827e-06,6.816666e-06,6.8875e-06,7.199995e-06
16,116,478.309,0.84,7.85416e-06,1.949994e-06,4.933325e-06,4.979165e-06,4.991658e-06,2.137494e-06,7.512498e-06,5.979165e-06,6.66666e-06,5.587498e-06,-8.337e-09,7.858332e-06,6.029161e-06,6.437492e-06,6.491661e-06,6.749995e-06
16,117,478.452,0.83,7.454165e-06,1.874995e-06,4.704165e-06,4.766663e-06,4.749998e-06,2.112492e-06,7.124996e-06,5.670825e-06,6.241663e-06,5.366659e-06,-3.3339e-08,7.466666e-06,5.670825e-06,6.066664e-06,6.212497e-06,6.404161e-06
16,118,478.595,0.82,7.083328e-06,1.816662e-06,4.562497e-06,4.654161e-06,4.512493e-06,2.070832e-06,6.724993e-06,5.44583e-06,5.849997e-06,5.162493e-06,-1.2501e-08,7.079164e-06,5.412499e-06,5.708329e-06,5.774998e-06,5.999994e-06
16,119,478.738,0.81,6.699999e-06,1.808325e-06,4.466661e-06,4.633331e-06,4.370832e-06,2.037493e-06,6.383332e-06,5.341665e-06,5.529165e-06,5.004159e-06,-5.4169e-08,6.641666e-06,5.129163e-06,5.399998e-06,5.562496e-06,5.683327e-06
16,120,478.881,0.8,6.345828e-06,1.79166e-06,4.408328e-06,4.524994e-06,4.341666e-06,2.054159e-06,6.033325e-06,5.245829e-06,5.254165e-06,4.929161e-06,-2.5002e-08,6.345828e-06,4.974993e-06,5.17083e-06,5.291661e-06,5.391661e-06
16,121,479.024,0.79,5.987493e-06,1.749992e-06,4.424993e-06,4.616666e-06,4.354159e-06,2.020828e-06,5.674998e-06,5.179159e-06,4.98333e-06,4.762499e-06,-8.3335e-08,5.974992e-06,4.812495e-06,4.899995e-06,5.033326e-06,5.141664e-06
16,122,479.168,0.78,5.587498e-06,1.70416e-06,4.54166e-06,4.741661e-06,4.43333e-06,2.054159e-06,5.329164e-06,5.233328e-06,4.774992e-06,4.654161e-06,-1.08337e-07,5.612493e-06,4.716659e-06,4.704165e-06,4.862499e-06,4.908331e-06
16,123,479.311,0.77,5.374996e-06,1.654164e-06,4.724996e-06,4.937498e-06,4.624995e-06,2.112492e-06,5.074994e-06,5.329164e-06,4.62083e-06,4.737497e-06,-5.8341e-08,5.354166e-06,4.754162e-06,4.64166e-06,4.633331e-06,4.799994e-06
16,124,479.454,0.76,5.037498e-06,1.591659e-06,4.970829e-06,5.199997e-06,4.883329e-06,2.116664e-06,4.891666e-06,5.491662e-06,4.529158e-06,4.754162e-06,-1.00009e-07,5.054164e-06,4.845826e-06,4.62083e-06,4.616666e-06,4.716659e-06
16,125,479.597,0.75,4.737497e-06,1.58333e-06,5.187495e-06,5.479161e-06,5.162493e-06,2.158332e-06,4.691664e-06,5.670825e-06,4.483326e-06,4.874993e-06,-1.00009e-07,4.870828e-06,4.945827e-06,4.633331e-06,4.579163e-06,4.704165e-06
16,126,479.74,0.74,4.537495e-06,1.479165e-06,5.462496e-06,5.854161e-06,5.495826e-06,2.283327e-06,4.53333e-06,5.954162e-06,4.520829e-06,4.999995e-06,-1.12502e-07,4.741661e-06,5.099996e-06,4.72916e-06,4.633331e-06,4.787493e-06
16,127,479.883,0.73,4.487499e-06,1.466664e-06,5.829159e-06,6.170829e-06,5.820831e-06,2.316666e-06,4.537495e-06,6.266665e-06,4.64166e-06,5.133327e-06,-1.08337e-07,4.704165e-06,5.291661e-06,4.908331e-06,4.762499e-06,4.924997e-06
16,128,480.026,0.72,4.404164e-06,1.449998e-06,6.104159e-06,6.533329e-06,6.137498e-06,2.32083e-06,4.566662e-06,6.583325e-06,4.774992e-06,5.320827e-06,-9.1672e-08,4.70833e-06,5.570825e-06,5.066665e-06,4.891666e-06,5.133327e-06
16,129,480.169,0.71,4.387498e-06,1.449998e-06,6.47916e-06,6.854161e-06,6.433328e-06,2.374999e-06,4.649997e-06,6.974999e-06,5.016661e-06,5.549995e-06,-1.00009e-07,4.774992e-06,5.84166e-06,5.270831e-06,5.137499e-06,5.354166e-06
16,130,480.312,0.7,4.512493e-06,1.437497e-06,6.770825e-06,7.19583e-06,6.791663e-06,2.445825e-06,4.862499e-06,7.258328e-06,5.241664e-06,5.762497e-06,-1.16674e-07,4.908331e-06,6.174993e-06,5.479161e-06,5.349994e-06,5.591663e-06
16,131,480.455,0.69,4.670826e-06,1.449998e-06,7.133333e-06,7.654166e-06,7.191666e-06,2.504166e-06,5.074994e-06,7.591661e-06,5.541659e-06,6.041662e-06,-1.16674e-07,5.112497e-06,6.504162e-06,5.80833e-06,5.666661e-06,5.866663e-06
16,132,480.598,0.68,4.816659e-06,1.487493e-06,7.479159e-06,7.916665e-06,7.47083e-06,2.533332e-06,5.337492e-06,7.912493e-06,5.749996e-06,6.287495e-06,-1.45841e-07,5.324991e-06,6.874998e-06,6.112496e-06,5.879164e-06,6.224998e-06
16,133,480.741,0.67,5.07083e-06,1.512496e-06,7.858332e-06,8.283329e-06,7.812492e-06,2.591666e-06,5.604164e-06,8.304159e-06,6.137498e-06,6.487497e-06,-1.25003e-07,5.574997e-06,7.21666e-06,6.454166e-06,6.287495e-06,6.591662e-06
16,134,480.884,0.66,5.333328e-06,1.537498e-06,8.149997e-06,8.629163e-06,8.120831e-06,2.641662e-06,5.92916e-06,8.674995e-06,6.47916e-06,6.845832e-06,-1.25003e-07,5.874999e-06,7.570831e-06,6.758332e-06,6.483333e-06,6.829158e-06
16,135,481.027,0.65,5.629166e-06,1.566664e-06,8.516661e-06,9.004164e-06,8.462493e-06,2.649999e-06,6.27083e-06,9.045832e-06,6.82083e-06,7.112495e-06,-1.25003e-07,6.237499e-06,7.979163e-06,7.095829e-06,6.816666e-06,7.220833e-06
16,136,481.17,0.64,5.937497e-06,1.58333e-06,8.837494e-06,9.341661e-06,8.787497e-06,2.691658e-06,6.604163e-06,9.370828e-06,7.199995e-06,7.387495e-06,-1.12502e-07,6.554159e-06,8.299994e-06,7.433327e-06,7.154163e-06,7.570831e-06
16,137,481.313,0.63,6.229162e-06,1.645827e-06,9.174999e-06,9.616661e-06,9.062497e-06,2.645826e-06,6.929159e-06,9.754165e-06,7.562494e-06,7.624992e-06,-1.16674e-07,6.812493e-06,8.616662e-06,7.74583e-06,7.504161e-06,7.954161e-06
16,138,481.456,0.62,6.537493e-06,1.637498e-06,9.479165e-06,9.970832e-06,9.441662e-06,2.720825e-06,7.208331e-06,9.970832e-06,7.883326e-06,7.945831e-06,-1.50005e-07,7.212496e-06,8.962496e-06,8.124995e-06,7.820829e-06,8.270827e-06
16,139,481.599,0.61,6.958326e-06,1.683331e-06,9.933328e-06,1.0274998e-05,9.716662e-06,2.741663e-06,7.533328e-06,1.0254161e-05,8.237497e-06,8.183329e-06,-1.29175e-07,7.570831e-06,9.349998e-06,8.408332e-06,8.137496e-06,8.616662e-06
16,140,481.742,0.6,7.266664e-06,1.729163e-06,1.0104163e-05,1.061666e-05,9.999999e-06,2.799996e-06,7.920829e-06,1.0674993e-05,8.541663e-06,8.491659e-06,-1.70835e-07,7.849995e-06,9.695832e-06,8.762495e-06,8.445827e-06,8.979162e-06
16,141,481.885,0.59,7.637493e-06,1.741664e-06,1.0395829e-05,1.0883331e-05,1.0266662e-05,2.779166e-06,8.19583e-06,1.078333e-05,8.86666e-06,8.754166e-06,-1.20838e-07,8.224996e-06,1.0004163e-05,9.062497e-06,8.749994e-06,9.304166e-06
16,142,482.028,0.58,7.966662e-06,1.787496e-06,1.0654163e-05,1.1179161e-05,1.0549998e-05,2.820826e-06,8.520826e-06,1.1174997e-05,9.195828e-06,9.099992e-06,-1.20838e-07,8.533327e-06,1.0274998e-05,9.379164e-06,9.104165e-06,9.587495e-06
16,143,482.171,0.57,8.345826e-06,1.79166e-06,1.097916e-05,1.142083e-05,1.0762493e-05,2.845828e-06,8.86666e-06,1.1374998e-05,9.645828e-06,9.254161e-06,-1.16674e-07,8.899999e-06,1.0687494e-05,9.733327e-06,9.379164e-06,9.941666e-06
16,144,482.314,0.56,8.604161e-06,1.845829e-06,1.1274998e-05,1.1745827e-05,1.1070832e-05,2.887495e-06,9.158325e-06,1.1670828e-05,9.945829e-06,9.474993e-06,-1.16674e-07,9.154161e-06,1.0962494e-05,9.974996e-06,9.616661e-06,1.0262497e-05
16,145,482.457,0.55,8.995827e-06,1.795832e-06,1.1566663e-05,1.2012498e-05,1.1383327e-05,2.866665e-06,9.470828e-06,1.1937499e-05,1.0195828e-05,9.75833e-06,-1.37504e-07,9.487494e-06,1.1216664e-05,1.0383328e-05,9.983333e-06,1.0533333e-05
16,146,482.601,0.54,9.404159e-06,1.883332e-06,1.1774993e-05,1.2212499e-05,1.1575e-05,2.933327e-06,9.816663e-06,1.2204162e-05,1.0483329e-05,9.995826e-06,-9.5836e-08,9.841665e-06,1.1583328e-05,1.0591666e-05,1.0229166e-05,1.0829162e-05
16,147,482.744,0.53,9.587495e-06,1.87916e-06,1.2145829e-05,1.2474998e-05,1.1870829e-05,2.916662e-06,1.0070833e-05,1.2491663e-05,1.0816661e-05,1.0262497e-05,-1.79172e-07,1.0037494e-05,1.1795831e-05,1.0929163e-05,1.0516659e-05,1.1124992e-05
16,148,482.887,0.52,1.0020828e-05,1.912498e-06,1.2408328e-05,1.2799994e-05,1.2158331e-05,2.962494e-06,1.0324995e-05,1.2754163e-05,1.1124992e-05,1.0508331e-05,-1.91673e-07,1.0379164e-05,1.2116662e-05,1.116666e-05,1.0858329e-05,1.1416666e-05
16,149,483.03,0.51,1.013333e-05,1.899997e-06,1.2620831e-05,1.3045827e-05,1.2304163e-05,2.999997e-06,1.0649999e-05,1.2962492e-05,1.1387499e-05,1.075e-05,-1.6667e-07,1.0737499e-05,1.2383326e-05,1.1454161e-05,1.1091662e-05,1.1733326e-05
16,150,483.173,0.5,1.0545826e-05,1.895825e-06,1.2816659e-05,1.3229163e-05,1.2591664e-05,3.004161e-06,1.0962494e-05,1.3245829e-05,1.1679164e-05,1.0945829e-05,-1.62506e-07,1.0983332e-05,1.2649997e-05,1.169583e-05,1.1374998e-05,1.2045829e-05
16,151,483.316,0.49,1.078333e-05,1.920827e-06,1.3162494e-05,1.3474997e-05,1.279583e-05,3.004161e-06,1.1224993e-05,1.3387497e-05,1.1949992e-05,1.114583e-05,-1.54169e-07,1.1149995e-05,1.2962492e-05,1.2099998e-05,1.1649998e-05,1.2279161e-05
16,152,483.459,0.48,1.0974995e-05,1.912498e-06,1.3483325e-05,1.374166e-05,1.2974993e-05,3.016663e-06,1.1404165e-05,1.362083e-05,1.2204162e-05,1.1387499e-05,-1.58342e-07,1.1429159e-05,1.300416e-05,1.2295826e-05,1.1908332e-05,1.2445831e-05
16,153,483.602,0.47,1.1258332e-05,1.941665e-06,1.3683327e-05,1.3887493e-05,1.3241664e-05,2.987496e-06,1.1720832e-05,1.3754161e-05,1.234583e-05,1.1612495e-05,-2.08338e-07,1.1708331e-05,1.3241664e-05,1.2583328e-05,1.2224992e-05,1.2749998e-05
16,154,483.745,0.46,1.152083e-05,1.924992e-06,1.36875e-05,1.4162492e-05,1.3458332e-05,3.062495e-06,1.1924998e-05,1.4020832e-05,1.2658325e-05,1.1774993e-05,-1.87508e-07,1.1891659e-05,1.3462496e-05,1.2670827e-05,1.2466661e-05,1.2974993e-05
16,155,483.888,0.45,1.1729161e-05,1.949994e-06,1.4062492e-05,1.4437493e-05,1.3645832e-05,3.087497e-06,1.2199998e-05,1.4233327e-05,1.2887494e-05,1.200416e-05,-1.50005e-07,1.2141665e-05,1.374166e-05,1.3020825e-05,1.2687492e-05,1.3237493e-05
16,156,484.031,0.44,1.2024999e-05,1.995826e-06,1.4154164e-05,1.45125e-05,1.3833332e-05,3.116663e-06,1.234583e-05,1.4395833e-05,1.3166666e-05,1.2158331e-05,-2.00001e-07,1.2387498e-05,1.3958327e-05,1.3195832e-05,1.2774992e-05,1.3495826e-05
16,157,484.174,0.43,1.2274996e-05,2.016664e-06,1.4366667e-05,1.4683326e-05,1.4095831e-05,3.116663e-06,1.2637496e-05,1.4624993e-05,1.3429165e-05,1.234583e-05,-2.04174e-07,1.2629159e-05,1.415e-05,1.3408328e-05,1.2995831e-05,1.3662498e-05
16,158,484.317,0.42,1.2441659e-05,2.037493e-06,1.4595827e-05,1.4879163e-05,1.4229163e-05,3.104162e-06,1.2791666e-05,1.4808329e-05,1.3637495e-05,1.2579163e-05,-2.16675e-07,1.2816659e-05,1.4329164e-05,1.3670826e-05,1.3229163e-05,1.3824995e-05
16,159,484.46,0.41,1.2695829e-05,2.04583e-06,1.4779162e-05,1.5037497e-05,1.4324999e-05,3.179161e-06,1.3037499e-05,1.4966663e-05,1.3837496e-05,1.2745825e-05,-1.91673e-07,1.3029162e-05,1.4570832e-05,1.3866663e-05,1.3416664e-05,1.4029161e-05
16,160,484.603,0.4,1.298333e-05,2.04583e-06,1.4949997e-05,1.5233326e-05,1.4637494e-05,3.137493e-06,1.3270831e-05,1.5137498e-05,1.4037498e-05,1.2945827e-05,-1.29175e-07,1.3199997e-05,1.4770826e-05,1.4074993e-05,1.3645832e-05,1.4258329e-05
16,161,484.746,0.39,1.3162494e-05,2.06666e-06,1.5141662e-05,1.5437499e-05,1.4716665e-05,3.104162e-06,1.3379161e-05,1.5349991e-05,1.4241664e-05,1.3024997e-05,-1.95837e-07,1.3429165e-05,1.4904165e-05,1.4224998e-05,1.3816659e-05,1.4462495e-05
16,162,484.889,0.38,1.3445831e-05,2.04583e-06,1.5316662e-05,1.5649994e-05,1.4954162e-05,3.112499e-06,1.3724994e-05,1.5566658e-05,1.4429164e-05,1.325833e-05,-1.95837e-07,1.3591663e-05,1.5062499e-05,1.4449994e-05,1.4020832e-05,1.4679162e-05
16,163,485.032,0.37,1.3454159e-05,2.091662e-06,1.5520827e-05,1.5783326e-05,1.5066664e-05,3.179161e-06,1.3804166e-05,1.5599999e-05,1.4658332e-05,1.3391662e-05,-1.54169e-07,1.3762497e-05,1.5266665e-05,1.4695827e-05,1.420416e-05,1.4849997e-05
16,164,485.175,0.36,1.3629166e-05,2.095826e-06,1.5654166e-05,1.5966662e-05,1.5191667e-05,3.158331e-06,1.3991666e-05,1.5954161e-05,1.4812494e-05,1.3558332e-05,-1.62506e-07,1.3912495e-05,1.5366666e-05,1.4762497e-05,1.4408326e-05,1.5049998e-05
16,165,485.318,0.35,1.3962499e-05,2.137494e-06,1.5829166e-05,1.6087492e-05,1.5341664e-05,3.204163e-06,1.4237499e-05,1.5883326e-05,1.5012495e-05,1.3745833e-05,-1.54169e-07,1.4145828e-05,1.5599999e-05,1.499583e-05,1.4591662e-05,1.5254163e-05
16,166,485.461,0.34,1.408333e-05,2.104163e-06,1.5962498e-05,1.6237498e-05,1.5462494e-05,3.224993e-06,1.4379159e-05,1.6054162e-05,1.5262493e-05,1.390833e-05,-1.62506e-07,1.435833e-05,1.5770833e-05,1.5179166e-05,1.4812494e-05,1.5449992e-05
16,167,485.604,0.33,1.4216662e-05,2.112492e-06,1.6191665e-05,1.639583e-05,1.5704163e-05,3.229165e-06,1.4524992e-05,1.6258327e-05,1.5399997e-05,1.417083e-05,-1.6667e-07,1.4470832e-05,1.6020831e-05,1.5383332e-05,1.4970827e-05,1.5649994e-05
16,168,485.747,0.32,1.4449994e-05,2.124993e-06,1.638333e-05,1.6754166e-05,1.5770833e-05,3.245831e-06,1.4762497e-05,1.6420834e-05,1.5549993e-05,1.4191659e-05,-1.3334e-07,1.465416e-05,1.610833e-05,1.5537493e-05,1.5124997e-05,1.5804164e-05
16,169,485.89,0.31,1.4599998e-05,2.083325e-06,1.6495831e-05,1.677916e-05,1.5999993e-05,3.249995e-06,1.4924995e-05,1.6545828e-05,1.5670832e-05,1.4420827e-05,-1.91673e-07,1.4824995e-05,1.6295831e-05,1.5699998e-05,1.5308333e-05,1.5995829e-05
16,170,486.033,0.3,1.4812494e-05,2.099999e-06,1.6645829e-05,1.6912492e-05,1.6195831e-05,3.216664e-06,1.5079165e-05,1.6737493e-05,1.5854161e-05,1.4641666e-05,-8.7508e-08,1.4966663e-05,1.6508333e-05,1.5912494e-05,1.5483332e-05,1.6133332e-05
16,171,486.177,0.29,1.5145826e-05,2.074997e-06,1.6820828e-05,1.6970833e-05,1.6266664e-05,3.254159e-06,1.5237499e-05,1.6866659e-05,1.6079164e-05,1.4587497e-05,-9.5836e-08,1.5124997e-05,1.6624999e-05,1.6091664e-05,1.5666659e-05,1.6345826e-05
16,172,486.32,0.28,1.5045825e-05,2.141659e-06,1.6962496e-05,1.7224995e-05,1.6399996e-05,3.291663e-06,1.5416663e-05,1.6995828e-05,1.6241662e-05,1.4766661e-05,-2.9174e-08,1.5270829e-05,1.6758331e-05,1.621666e-05,1.575416e-05,1.6499996e-05
16,173,486.463,0.27,1.5408334e-05,2.112492e-06,1.7037495e-05,1.7304166e-05,1.6574995e-05,3.274997e-06,1.5549993e-05,1.7137496e-05,1.6420834e-05,1.4958326e-05,-1.87508e-07,1.5508325e-05,1.6970833e-05,1.6429161e-05,1.59875e-05,1.6620827e-05
16,174,486.606,0.26,1.559166e-05,2.120829e-06,1.724166e-05,1.7399994e-05,1.6720827e-05,3.337494e-06,1.5683334e-05,1.7299993e-05,1.6545828e-05,1.5149999e-05,-1.75007e-07,1.5499998e-05,1.714166e-05,1.6620827e-05,1.6066662e-05,1.6758331e-05
16,175,486.749,0.25,1.559166e-05,2.191663e-06,1.7437498e-05,1.7649993e-05,1.6795826e-05,3.349996e-06,1.5883326e-05,1.7454164e-05,1.6704162e-05,1.5233326e-05,-1.75007e-07,1.5641666e-05,1.7233331e-05,1.6820828e-05,1.6258327e-05,1.6958333e-05
16,176,486.892,0.24,1.5649994e-05,2.249996e-06,1.7491666e-05,1.7729164e-05,1.6987498e-05,3.316665e-06,1.5979163e-05,1.7533326e-05,1.69e-05,1.5324998e-05,-1.58342e-07,1.582083e-05,1.7329161e-05,1.6987498e-05,1.6416661e-05,1.7099992e-05
16,177,487.035,0.23,1.5804164e-05,2.095826e-06,1.7666665e-05,1.79125e-05,1.7058333e-05,3.35416e-06,1.6149997e-05,1.7687496e-05,1.7074999e-05,1.5499998e-05,-1.50005e-07,1.5966662e-05,1.7437498e-05,1.7016666e-05,1.6587495e-05,1.7208329e-05
16,178,487.178,0.22,1.6012495e-05,2.15416e-06,1.7779159e-05,1.8066661e-05,1.7212495e-05,3.370825e-06,1.6387494e-05,1.7762493e-05,1.7183327e-05,1.5641666e-05,-1.45841e-07,1.6083328e-05,1.758333e-05,1.7237497e-05,1.6699998e-05,1.7383329e-05
16,179,487.321,0.21,1.6237498e-05,2.095826e-06,1.7849994e-05,1.8199993e-05,1.7287493e-05,3.329166e-06,1.6412496e-05,1.7920827e-05,1.7341661e-05,1.5791662e-05,-1.54169e-07,1.6266664e-05,1.7762493e-05,1.7316659e-05,1.6920829e-05,1.7554165e-05
16,180,487.464,0.2,1.6274993e-05,2.145831e-06,1.8054159e-05,1.832083e-05,1.7491666e-05,3.374998e-06,1.6608326e-05,1.8074998e-05,1.750416e-05,1.5924994e-05,-1.3334e-07,1.6399996e-05,1.7870832e-05,1.7479166e-05,1.7066661e-05,1.7654165e-05
16,181,487.607,0.19,1.6437498e-05,2.166661e-06,1.8149996e-05,1.8358325e-05,1.758333e-05,3.383326e-06,1.6629163e-05,1.8216666e-05,1.7649993e-05,1.6008329e-05,-1.91673e-07,1.6529162e-05,1.7987497e-05,1.7666665e-05,1.7112494e-05,1.7808326e-05
16,182,487.75,0.18,1.6654165e-05,2.15416e-06,1.8362498e-05,1.844166e-05,1.770416e-05,3.416665e-06,1.683333e-05,1.8279163e-05,1.7812499e-05,1.6199994e-05,-2.12502e-07,1.6695833e-05,1.8174998e-05,1.7791661e-05,1.7258326e-05,1.7949995e-05
16,183,487.893,0.17,1.6849996e-05,2.170825e-06,1.8412495e-05,1.8541661e-05,1.7804161e-05,3.391663e-06,1.7024993e-05,1.8470828e-05,1.7929164e-05,1.6333326e-05,-1.58342e-07,1.6879161e-05,1.8283328e-05,1.796666e-05,1.7354163e-05,1.8070832e-05
16,184,488.036,0.16,1.7033331e-05,2.162496e-06,1.8570829e-05,1.878333e-05,1.8074998e-05,3.399992e-06,1.7220831e-05,1.8558327e-05,1.8104163e-05,1.639583e-05,-1.83336e-07,1.696666e-05,1.8399993e-05,1.8054159e-05,1.7487495e-05,1.8204164e-05
16,185,488.179,0.15,1.7054161e-05,2.199992e-06,1.8683329e-05,1.8966659e-05,1.803333e-05,3.412493e-06,1.7312495e-05,1.8695831e-05,1.8216666e-05,1.6499996e-05,-1.70835e-07,1.7087499e-05,1.8554163e-05,1.8183327e-05,1.7666665e-05,1.8349998e-05
16,186,488.322,0.14,1.7208329e-05,2.13333e-06,1.8791659e-05,1.9079162e-05,1.8270826e-05,3.399992e-06,1.7449998e-05,1.8904162e-05,1.8408331e-05,1.6695833e-05,-1.20838e-07,1.714166e-05,1.8633325e-05,1.8349998e-05,1.7874996e-05,1.8499994e-05
16,187,488.465,0.13,1.7183327e-05,2.166661e-06,1.8949993e-05,1.9137493e-05,1.830833e-05,3.433331e-06,1.741666e-05,1.8858329e-05,1.8491666e-05,1.6804162e-05,-1.3334e-07,1.7358327e-05,1.8787496e-05,1.8479164e-05,1.7899998e-05,1.8545827e-05
16,188,488.608,0.12,1.7566665e-05,2.199992e-06,1.9008326e-05,1.9241666e-05,1.8454162e-05,3.437495e-06,1.7841665e-05,1.9049994e-05,1.8670829e-05,1.6945831e-05,-1.75007e-07,1.7420833e-05,1.8895833e-05,1.8629162e-05,1.803333e-05,1.8720826e-05
16,189,488.751,0.11,1.7445827e-05,2.183326e-06,1.9183326e-05,1.9374998e-05,1.8566665e-05,3.454161e-06,1.7716662e-05,1.906666e-05,1.8820827e-05,1.6970833e-05,-1.79172e-07,1.7495831e-05,1.9041665e-05,1.8724997e-05,1.8191664e-05,1.8924999e-05
16,190,488.894,0.1,1.7624998e-05,2.162496e-06,1.9245832e-05,1.9424995e-05,1.8699995e-05,3.462497e-06,1.7829163e-05,1.9208328e-05,1.9070832e-05,1.7191664e-05,-1.83336e-07,1.7695833e-05,1.9129166e-05,1.8829163e-05,1.8245832e-05,1.9008326e-05
16,191,489.037,0.09,1.796666e-05,2.245831e-06,1.9370826e-05,1.9591665e-05,1.8745828e-05,3.495828e-06,1.7970831e-05,1.9241666e-05,1.9070832e-05,1.7341661e-05,-1.37504e-07,1.7799997e-05,1.9329167e-05,1.904583e-05,1.8395829e-05,1.9133329e-05
16,192,489.18,0.08,1.7845829e-05,2.212493e-06,1.942083e-05,1.9699995e-05,1.9074996e-05,3.52083e-06,1.8104163e-05,1.9374998e-05,1.9104164e-05,1.7391665e-05,-1.37504e-07,1.786666e-05,1.9308329e-05,1.9104164e-05,1.8508332e-05,1.9283327e-05
16,193,489.323,0.07,1.8066661e-05,2.262497e-06,1.9666664e-05,1.9899997e-05,1.9074996e-05,3.524995e-06,1.8233332e-05,1.9545832e-05,1.9358333e-05,1.7649993e-05,-1.29175e-07,1.7974997e-05,1.9516667e-05,1.9216664e-05,1.8595831e-05,1.9358333e-05
16,194,489.466,0.06,1.8204164e-05,2.23333e-06,1.9754163e-05,1.9891659e-05,1.9129166e-05,3.52083e-06,1.8279163e-05,1.9620831e-05,1.9329167e-05,1.7537499e-05,-1.04173e-07,1.8129165e-05,1.9591665e-05,1.9304165e-05,1.8741663e-05,1.9437495e-05
16,195,489.61,0.05,1.8183327e-05,2.179162e-06,1.9820833e-05,2.0058329e-05,1.9170833e-05,3.558326e-06,1.8420831e-05,1.9754163e-05,1.9445833e-05,1.770416e-05,-6.667e-08,1.8204164e-05,1.9679164e-05,1.9479163e-05,1.8858329e-05,1.9575e-05
16,196,489.753,0.04,1.8424997e-05,2.237495e-06,1.9874993e-05,2.0137493e-05,1.9308329e-05,3.545833e-06,1.8516659e-05,1.9837498e-05,1.9575e-05,1.7829163e-05,-1.83336e-07,1.830833e-05,1.9745827e-05,1.9604166e-05,1.8920828e-05,1.9749999e-05
16,197,489.896,0.03,1.8624996e-05,2.220829e-06,1.9983332e-05,2.0199997e-05,1.9395828e-05,3.60833e-06,1.8687495e-05,1.997083e-05,1.968333e-05,1.7849994e-05,-1.79172e-07,1.8395829e-05,1.9874993e-05,1.9708332e-05,1.9037492e-05,1.9766665e-05
16,198,490.039,0.02,1.8674993e-05,2.362498e-06,2.0179161e-05,2.0316664e-05,1.9449997e-05,3.566662e-06,1.8829163e-05,2.0016661e-05,1.9787494e-05,1.8008328e-05,-1.41668e-07,1.8458326e-05,2.0008325e-05,1.9799996e-05,1.9133329e-05,1.9920826e-05
16,199,490.182,0.01,1.8633325e-05,2.266661e-06,2.0237494e-05,2.0441659e-05,1.9633333e-05,3.508329e-06,1.8887496e-05,2.0125e-05,1.9887495e-05,1.8116665e-05,-1.6667e-07,1.8579165e-05,2.0054165e-05,1.9895831e-05,1.9249996e-05,1.9999998e-05
16,200,490.325,0.0,1.8758328e-05,2.283327e-06,2.0362497e-05,2.0466661e-05,1.9716661e-05,3.60833e-06,1.895833e-05,2.0249994e-05,2.0008325e-05,1.8204164e-05,-1.58342e-07,1.8691659e-05,2.0149993e-05,2.00375e-05,1.9358333e-05,2.0066667e-05
,,,,,,,,,,,,,,,,,,,,16,0.62,0.6,0.76,0.75,0.74,0.76,0.65,0.74,0.7,0.73,0.16,0.64,0.72,0.71,0.69,0.7,0.71,0.7,0.8,0.8,0.8,0.79,0.74,0.79,0.75,0.78,0.9,0.73,0.78,0.76,0.75,0.75
17,0,490.563,0.0,1.8924999e-05,2.258333e-06,2.0341666e-05,2.0533331e-05,1.9658328e-05,3.649998e-06,1.9070832e-05,2.0270832e-05,1.9966667e-05,1.8237495e-05,-1.58342e-07,1.8774994e-05,2.0212499e-05,1.9999998e-05,1.9345833e-05,2.0062495e-05
17,1,490.706,0.01,1.8799996e-05,2.354161e-06,2.0333329e-05,2.0516665e-05,1.9604166e-05,3.791666e-06,1.8999997e-05,2.0216663e-05,2.0016661e-05,1.8249997e-05,-1.16674e-07,1.8633325e-05,2.0191661e-05,1.9916661e-05,1.9312492e-05,2.0025e-05
17,2,490.849,0.02,1.8712497e-05,2.412494e-06,2.0241665e-05,2.0491663e-05,1.9566663e-05,3.574999e-06,1.8899997e-05,2.0187497e-05,1.9895831e-05,1.8179162e-05,-6.2505e-08,1.8504166e-05,2.0133328e-05,1.9799996e-05,1.9249996e-05,1.9870829e-05
17,3,490.992,0.03,1.8537497e-05,2.387492e-06,2.0212499e-05,2.0362497e-05,1.950833e-05,3.62916e-06,1.8787496e-05,2.0129164e-05,1.9774994e-05,1.8054159e-05,-5.8341e-08,1.8383329e-05,2.0008325e-05,1.9754163e-05,1.9141666e-05,1.9824998e-05
17,4,491.135,0.04,1.834166e-05,2.358325e-06,2.007916e-05,2.0304164e-05,1.942083e-05,3.620831e-06,1.8504166e-05,1.9999998e-05,1.9704159e-05,1.8037494e-05,-1.00009e-07,1.8262497e-05,1.9845827e-05,1.9670828e-05,1.9062496e-05,1.9733325e-05
17,5,491.278,0.05,1.8274999e-05,2.354161e-06,2.0008325e-05,2.0170832e-05,1.9337494e-05,3.687493e-06,1.8375e-05,1.9862493e-05,1.9595829e-05,1.7941666e-05,-5.4169e-08,1.8133331e-05,1.9791667e-05,1.950833e-05,1.8933328e-05,1.962916e-05
