SWEEP_IDX,POINT,TIME,V_GATE,I_CH0,I_CH1,I_CH2,I_CH3,I_CH4,I_CH5,I_CH6,I_CH7,I_CH8,I_CH9,I_CH10,I_CH11,I_CH12,I_CH13,I_CH14,I_CH15,DIRAC_SWEEP_IDX,DIRAC_V_FWD_CH0,DIRAC_V_FWD_CH1,DIRAC_V_FWD_CH2,DIRAC_V_FWD_CH3,DIRAC_V_FWD_CH4,DIRAC_V_FWD_CH5,DIRAC_V_FWD_CH6,DIRAC_V_FWD_CH7,DIRAC_V_FWD_CH8,DIRAC_V_FWD_CH9,DIRAC_V_FWD_CH10,DIRAC_V_FWD_CH11,DIRAC_V_FWD_CH12,DIRAC_V_FWD_CH13,DIRAC_V_FWD_CH14,DIRAC_V_FWD_CH15,DIRAC_V_REV_CH0,DIRAC_V_REV_CH1,DIRAC_V_REV_CH2,DIRAC_V_REV_CH3,DIRAC_V_REV_CH4,DIRAC_V_REV_CH5,DIRAC_V_REV_CH6,DIRAC_V_REV_CH7,DIRAC_V_REV_CH8,DIRAC_V_REV_CH9,DIRAC_V_REV_CH10,DIRAC_V_REV_CH11,DIRAC_V_REV_CH12,DIRAC_V_REV_CH13,DIRAC_V_REV_CH14,DIRAC_V_REV_CH15
0,0,668.152,0.0,1.6116659e-05,1.6308331e-05,1.6133332e-05,1.6274993e-05,1.3024997e-05,1.3866663e-05,1.3558332e-05,1.4287496e-05,1.5587497e-05,1.4991665e-05,1.521666e-05,1.5191667e-05,1.6920829e-05,1.6004165e-05,1.3512492e-05,1.0137494e-05
0,1,668.303,0.002,1.610833e-05,1.6295831e-05,1.6116659e-05,1.6258327e-05,1.2999995e-05,1.3841661e-05,1.353333e-05,1.4258329e-05,1.5566658e-05,1.4974999e-05,1.5191667e-05,1.5166665e-05,1.69e-05,1.59875e-05,1.3491663e-05,1.0124993e-05
0,2,668.454,0.004,1.6087492e-05,1.6270827e-05,1.6091664e-05,1.6233333e-05,1.2966665e-05,1.380833e-05,1.3495826e-05,1.4220826e-05,1.5537493e-05,1.4941661e-05,1.51625e-05,1.5137498e-05,1.6874998e-05,1.5958332e-05,1.3454159e-05,1.0095827e-05
0,3,668.604,0.006,1.6058326e-05,1.6245825e-05,1.6070826e-05,1.6204167e-05,1.2937498e-05,1.3779163e-05,1.3462496e-05,1.4191659e-05,1.5508325e-05,1.4920831e-05,1.5137498e-05,1.5108331e-05,1.6849996e-05,1.594166e-05,1.3429165e-05,1.0074997e-05
0,4,668.755,0.008,1.6033331e-05,1.621666e-05,1.6045833e-05,1.6179165e-05,1.2899995e-05,1.3737495e-05,1.3420829e-05,1.4145828e-05,1.547916e-05,1.48875e-05,1.5104159e-05,1.5070827e-05,1.6820828e-05,1.5908328e-05,1.3391662e-05,1.0054159e-05
0,5,668.906,0.01,1.6004165e-05,1.6191665e-05,1.6012495e-05,1.6154163e-05,1.2870828e-05,1.3708329e-05,1.3387497e-05,1.4116661e-05,1.5449992e-05,1.4858325e-05,1.5074992e-05,1.5041661e-05,1.6795826e-05,1.5887499e-05,1.3362495e-05,1.0041666e-05
0,6,669.057,0.012,1.5979163e-05,1.6162499e-05,1.5983327e-05,1.6129159e-05,1.2833333e-05,1.3670826e-05,1.3349994e-05,1.4074993e-05,1.5420826e-05,1.4833331e-05,1.5045825e-05,1.5004166e-05,1.6766659e-05,1.5858332e-05,1.3329164e-05,1.00125e-05
0,7,669.208,0.014,1.5949996e-05,1.6137497e-05,1.5966662e-05,1.6104166e-05,1.2804167e-05,1.3637495e-05,1.3312499e-05,1.4041662e-05,1.5387495e-05,1.4804164e-05,1.5024996e-05,1.4979164e-05,1.6745829e-05,1.5841659e-05,1.3299998e-05,9.995826e-06
0,8,669.359,0.016,1.5929167e-05,1.610833e-05,1.593333e-05,1.6070826e-05,1.2762499e-05,1.36e-05,1.3274996e-05,1.3999995e-05,1.535833e-05,1.4770826e-05,1.4987492e-05,1.4945833e-05,1.6716664e-05,1.5812493e-05,1.3262495e-05,9.970832e-06
0,9,669.509,0.018,1.5895828e-05,1.6083328e-05,1.5908328e-05,1.6049997e-05,1.2733332e-05,1.3566661e-05,1.3245829e-05,1.3966664e-05,1.5333326e-05,1.4745831e-05,1.4962498e-05,1.4916666e-05,1.6695833e-05,1.5791662e-05,1.3237493e-05,9.949994e-06
0,10,669.66,0.02,1.5874997e-05,1.6054162e-05,1.5883326e-05,1.6020831e-05,1.2695829e-05,1.3529166e-05,1.3199997e-05,1.3920831e-05,1.5295831e-05,1.4712493e-05,1.4929159e-05,1.4883328e-05,1.6666667e-05,1.5758331e-05,1.3195832e-05,9.929165e-06
0,11,669.811,0.022,1.5845832e-05,1.6029158e-05,1.5854161e-05,1.5999993e-05,1.2666663e-05,1.3504164e-05,1.317083e-05,1.3895829e-05,1.5270829e-05,1.4691663e-05,1.490833e-05,1.4854161e-05,1.6641665e-05,1.5737494e-05,1.317083e-05,9.912499e-06
0,12,669.962,0.024,1.5824993e-05,1.5999993e-05,1.5829166e-05,1.5970827e-05,1.2624995e-05,1.346666e-05,1.3129163e-05,1.3849997e-05,1.5237499e-05,1.4658332e-05,1.4870827e-05,1.482083e-05,1.6612497e-05,1.57125e-05,1.3133327e-05,9.891661e-06
0,13,670.113,0.026,1.5787498e-05,1.5974998e-05,1.5799998e-05,1.5949996e-05,1.2599993e-05,1.343333e-05,1.3099996e-05,1.3816659e-05,1.5212496e-05,1.463333e-05,1.4849997e-05,1.4791663e-05,1.6591661e-05,1.5687498e-05,1.3104161e-05,9.870831e-06
0,14,670.264,0.028,1.5770833e-05,1.5945832e-05,1.5770833e-05,1.592083e-05,1.2558333e-05,1.3395826e-05,1.3058328e-05,1.3774999e-05,1.5174993e-05,1.4599998e-05,1.4816665e-05,1.475416e-05,1.655833e-05,1.565833e-05,1.3066665e-05,9.845829e-06
0,15,670.415,0.03,1.5737494e-05,1.592083e-05,1.5749994e-05,1.5895828e-05,1.2529159e-05,1.336666e-05,1.3029162e-05,1.374166e-05,1.5154163e-05,1.4574996e-05,1.4791663e-05,1.4729166e-05,1.6537499e-05,1.5637494e-05,1.3041663e-05,9.829164e-06
0,16,670.565,0.032,1.5716663e-05,1.5895828e-05,1.5716663e-05,1.5862497e-05,1.2487499e-05,1.3325e-05,1.2987494e-05,1.3699992e-05,1.511666e-05,1.4541666e-05,1.475416e-05,1.4691663e-05,1.650416e-05,1.5608326e-05,1.2999995e-05,9.799997e-06
0,17,670.716,0.034,1.5683334e-05,1.5866661e-05,1.5695827e-05,1.5841659e-05,1.2462497e-05,1.3295826e-05,1.2954163e-05,1.3666661e-05,1.5087493e-05,1.4516663e-05,1.4729166e-05,1.4666661e-05,1.6479167e-05,1.5583333e-05,1.2974993e-05,9.783332e-06
0,18,670.867,0.036,1.565833e-05,1.5841659e-05,1.5666659e-05,1.5812493e-05,1.2420829e-05,1.3254165e-05,1.2912496e-05,1.3624994e-05,1.5058326e-05,1.4483333e-05,1.4695827e-05,1.4624993e-05,1.645e-05,1.5554166e-05,1.2933326e-05,9.75833e-06
0,19,671.018,0.038,1.5629164e-05,1.5808328e-05,1.5641666e-05,1.5787498e-05,1.2391662e-05,1.3224999e-05,1.2883329e-05,1.3591663e-05,1.5033333e-05,1.445833e-05,1.4670833e-05,1.4604163e-05,1.6429161e-05,1.5537493e-05,1.2908332e-05,9.741664e-06
0,20,671.169,0.04,1.5604162e-05,1.5787498e-05,1.5620828e-05,1.5770833e-05,1.2370832e-05,1.319166e-05,1.2854163e-05,1.3562497e-05,1.5004166e-05,1.4433328e-05,1.4645831e-05,1.4579161e-05,1.6408332e-05,1.5512498e-05,1.2879165e-05,9.720826e-06
0,21,671.32,0.042,1.5587497e-05,1.5762496e-05,1.5595826e-05,1.5737494e-05,1.2324993e-05,1.3154165e-05,1.2808331e-05,1.3516665e-05,1.4970827e-05,1.4399998e-05,1.4608328e-05,1.4541666e-05,1.6370828e-05,1.547916e-05,1.2833333e-05,9.695832e-06
0,22,671.47,0.044,1.5554166e-05,1.5733329e-05,1.5566658e-05,1.57125e-05,1.2291662e-05,1.3120826e-05,1.2774992e-05,1.3483325e-05,1.4945833e-05,1.4379159e-05,1.4583326e-05,1.45125e-05,1.6345826e-05,1.545833e-05,1.2808331e-05,9.679158e-06
0,23,671.621,0.046,1.5529164e-05,1.5699998e-05,1.5533327e-05,1.5683334e-05,1.2254159e-05,1.3079167e-05,1.2733332e-05,1.3441666e-05,1.4912494e-05,1.4341665e-05,1.4549994e-05,1.4474996e-05,1.6316661e-05,1.5429163e-05,1.2766664e-05,9.649992e-06
0,24,671.772,0.048,1.5499998e-05,1.5674996e-05,1.5508325e-05,1.565833e-05,1.2220828e-05,1.3045827e-05,1.2699993e-05,1.3408328e-05,1.4879163e-05,1.4316663e-05,1.4529164e-05,1.4445829e-05,1.6291666e-05,1.5404161e-05,1.2741662e-05,9.633327e-06
0,25,671.923,0.05,1.5474994e-05,1.564583e-05,1.5474994e-05,1.5633328e-05,1.2183333e-05,1.3008333e-05,1.2658325e-05,1.3358331e-05,1.4845832e-05,1.4279159e-05,1.4487497e-05,1.4404161e-05,1.6258327e-05,1.537083e-05,1.2699993e-05,9.60416e-06
0,26,672.074,0.052,1.5441665e-05,1.5616662e-05,1.5449992e-05,1.5604162e-05,1.2149993e-05,1.2974993e-05,1.2624995e-05,1.3333329e-05,1.4824995e-05,1.4258329e-05,1.4466659e-05,1.4383332e-05,1.6241662e-05,1.5354164e-05,1.2670827e-05,9.587495e-06
0,27,672.225,0.054,1.5416663e-05,1.559166e-05,1.5424999e-05,1.557916e-05,1.2116662e-05,1.2937498e-05,1.2583328e-05,1.3283332e-05,1.4791663e-05,1.4224998e-05,1.4429164e-05,1.4345828e-05,1.6204167e-05,1.5320826e-05,1.2633332e-05,9.562493e-06
0,28,672.376,0.056,1.5383332e-05,1.5566658e-05,1.5395832e-05,1.5549993e-05,1.2087497e-05,1.2908332e-05,1.2554161e-05,1.3254165e-05,1.4762497e-05,1.4199996e-05,1.4404161e-05,1.4320826e-05,1.6179165e-05,1.530416e-05,1.260833e-05,9.545827e-06
0,29,672.526,0.058,1.5362493e-05,1.5537493e-05,1.537083e-05,1.5529164e-05,1.2049993e-05,1.2866664e-05,1.2516665e-05,1.3208326e-05,1.4729166e-05,1.4162492e-05,1.4374995e-05,1.4287496e-05,1.6154163e-05,1.5270829e-05,1.2562497e-05,9.524997e-06
0,30,672.677,0.06,1.5337499e-05,1.5512498e-05,1.5345828e-05,1.5499998e-05,1.2016662e-05,1.2841661e-05,1.2483327e-05,1.3179159e-05,1.4704164e-05,1.4141663e-05,1.4349993e-05,1.4258329e-05,1.6129159e-05,1.525e-05,1.254166e-05,9.50416e-06
0,31,672.828,0.062,1.5308333e-05,1.5483332e-05,1.5316662e-05,1.547083e-05,1.1979158e-05,1.2799994e-05,1.2437495e-05,1.3137499e-05,1.4666661e-05,1.410416e-05,1.4312498e-05,1.4220826e-05,1.609583e-05,1.521666e-05,1.2491663e-05,9.479165e-06
0,32,672.979,0.064,1.5279165e-05,1.545833e-05,1.5287495e-05,1.5445828e-05,1.1949992e-05,1.2770827e-05,1.2412493e-05,1.3108333e-05,1.4645831e-05,1.408333e-05,1.4287496e-05,1.4199996e-05,1.6074999e-05,1.5195831e-05,1.2470826e-05,9.458327e-06
0,33,673.13,0.066,1.5254163e-05,1.5429163e-05,1.5262493e-05,1.5416663e-05,1.1912497e-05,1.2724996e-05,1.236666e-05,1.3058328e-05,1.4604163e-05,1.4049999e-05,1.4254165e-05,1.4158329e-05,1.6037497e-05,1.5158327e-05,1.2424994e-05,9.429161e-06
0,34,673.281,0.068,1.5224997e-05,1.5399997e-05,1.5233326e-05,1.5391659e-05,1.1879166e-05,1.2695829e-05,1.2333329e-05,1.3029162e-05,1.4583326e-05,1.4024997e-05,1.4233327e-05,1.4129162e-05,1.6020831e-05,1.5141662e-05,1.2399999e-05,9.420832e-06
0,35,673.431,0.07,1.5199995e-05,1.537083e-05,1.5204159e-05,1.5362493e-05,1.1837498e-05,1.2654162e-05,1.2291662e-05,1.298333e-05,1.454583e-05,1.3987494e-05,1.4195832e-05,1.4087494e-05,1.5983327e-05,1.5108331e-05,1.2354159e-05,9.387493e-06
0,36,673.582,0.072,1.5170828e-05,1.5345828e-05,1.5183329e-05,1.5337499e-05,1.1808332e-05,1.2624995e-05,1.2262495e-05,1.2949999e-05,1.4520828e-05,1.3966664e-05,1.417083e-05,1.4066664e-05,1.5962498e-05,1.5087493e-05,1.2329165e-05,9.370828e-06
0,37,673.733,0.074,1.5141662e-05,1.5312497e-05,1.5149999e-05,1.5308333e-05,1.1770829e-05,1.2587499e-05,1.2220828e-05,1.2904159e-05,1.4483333e-05,1.3929161e-05,1.4133327e-05,1.4020832e-05,1.5924994e-05,1.5054163e-05,1.2287497e-05,9.345826e-06
0,38,673.884,0.076,1.5108331e-05,1.5287495e-05,1.5124997e-05,1.5283331e-05,1.1741662e-05,1.2554161e-05,1.2187496e-05,1.2879165e-05,1.445833e-05,1.3904166e-05,1.4108332e-05,1.4004159e-05,1.5904165e-05,1.5033333e-05,1.2258331e-05,9.32916e-06
0,39,674.035,0.078,1.5087493e-05,1.5262493e-05,1.5099994e-05,1.5258328e-05,1.1699995e-05,1.2512493e-05,1.2141665e-05,1.282916e-05,1.4420827e-05,1.3870827e-05,1.4074993e-05,1.3966664e-05,1.5870826e-05,1.5004166e-05,1.2216663e-05,9.304166e-06
0,40,674.186,0.08,1.5058326e-05,1.5233326e-05,1.5070827e-05,1.5229161e-05,1.1670828e-05,1.2483327e-05,1.2108326e-05,1.279583e-05,1.4395833e-05,1.3845834e-05,1.4049999e-05,1.3937497e-05,1.5841659e-05,1.4979164e-05,1.2187496e-05,9.283328e-06
0,41,674.336,0.082,1.502916e-05,1.5204159e-05,1.5041661e-05,1.5195831e-05,1.1624996e-05,1.2441659e-05,1.2066666e-05,1.2745825e-05,1.435833e-05,1.380833e-05,1.401666e-05,1.3891665e-05,1.5812493e-05,1.4945833e-05,1.2141665e-05,9.258326e-06
0,42,674.487,0.084,1.499583e-05,1.5170828e-05,1.5008331e-05,1.5170828e-05,1.1595829e-05,1.2404163e-05,1.2033327e-05,1.2712495e-05,1.4333327e-05,1.3783328e-05,1.3987494e-05,1.3866663e-05,1.5783326e-05,1.4916666e-05,1.2112499e-05,9.233332e-06
0,43,674.638,0.086,1.4970827e-05,1.5145826e-05,1.4983329e-05,1.5141662e-05,1.1554162e-05,1.236666e-05,1.1987496e-05,1.2666663e-05,1.4295832e-05,1.3745833e-05,1.3949998e-05,1.382916e-05,1.5749994e-05,1.48875e-05,1.2066666e-05,9.208329e-06
0,44,674.789,0.088,1.4937496e-05,1.511666e-05,1.4949997e-05,1.511666e-05,1.152083e-05,1.2333329e-05,1.1958329e-05,1.2637496e-05,1.4262493e-05,1.372083e-05,1.3924996e-05,1.3804166e-05,1.5724992e-05,1.4862498e-05,1.20375e-05,9.191665e-06
0,45,674.94,0.09,1.4912494e-05,1.5083328e-05,1.4924995e-05,1.5087493e-05,1.1483327e-05,1.2295826e-05,1.1912497e-05,1.2591664e-05,1.4233327e-05,1.36875e-05,1.3891665e-05,1.3762497e-05,1.5691661e-05,1.4829159e-05,1.1995832e-05,9.158325e-06
0,46,675.091,0.092,1.48875e-05,1.5058326e-05,1.4895829e-05,1.5058326e-05,1.1449996e-05,1.2258331e-05,1.1879166e-05,1.2558333e-05,1.420416e-05,1.3658333e-05,1.3862498e-05,1.3737495e-05,1.5666659e-05,1.4812494e-05,1.1966666e-05,9.14166e-06
0,47,675.242,0.094,1.4854161e-05,1.502916e-05,1.4866662e-05,1.5033333e-05,1.1408329e-05,1.2212499e-05,1.1837498e-05,1.2512493e-05,1.4166665e-05,1.3624994e-05,1.3824995e-05,1.3695828e-05,1.5629164e-05,1.4774998e-05,1.1920825e-05,9.112493e-06
0,48,675.392,0.096,1.4824995e-05,1.4999993e-05,1.484166e-05,1.5004166e-05,1.1379162e-05,1.2187496e-05,1.180416e-05,1.2474998e-05,1.4141663e-05,1.3595827e-05,1.3799993e-05,1.3670826e-05,1.5608326e-05,1.4749996e-05,1.1891659e-05,9.099992e-06
0,49,675.543,0.098,1.4804164e-05,1.4979164e-05,1.4816665e-05,1.4983329e-05,1.135416e-05,1.2158331e-05,1.1774993e-05,1.2441659e-05,1.4120833e-05,1.3570825e-05,1.3779163e-05,1.3645832e-05,1.5587497e-05,1.4729166e-05,1.1862493e-05,9.079162e-06
0,50,675.694,0.1,1.4779162e-05,1.4954162e-05,1.4787499e-05,1.4954162e-05,1.1308328e-05,1.2112499e-05,1.1733326e-05,1.2399999e-05,1.408333e-05,1.3537494e-05,1.374166e-05,1.3608328e-05,1.5549993e-05,1.4695827e-05,1.1816661e-05,9.049996e-06
0,51,675.845,0.102,1.4741659e-05,1.4920831e-05,1.4758332e-05,1.4929159e-05,1.1279162e-05,1.2083332e-05,1.169583e-05,1.236666e-05,1.4049999e-05,1.3512492e-05,1.3716666e-05,1.3579162e-05,1.5525e-05,1.4670833e-05,1.1787494e-05,9.033331e-06
0,52,675.996,0.104,1.4716665e-05,1.48875e-05,1.4724994e-05,1.4895829e-05,1.1229165e-05,1.2033327e-05,1.1649998e-05,1.2316664e-05,1.4012496e-05,1.3474997e-05,1.3679162e-05,1.353333e-05,1.5487496e-05,1.463333e-05,1.1741662e-05,9.004164e-06
0,53,676.147,0.106,1.4687498e-05,1.4854161e-05,1.4699999e-05,1.4870827e-05,1.1199999e-05,1.1999997e-05,1.1616659e-05,1.2283325e-05,1.3987494e-05,1.3441666e-05,1.3649996e-05,1.3508327e-05,1.5462494e-05,1.46125e-05,1.1708331e-05,8.983326e-06
0,54,676.297,0.108,1.465416e-05,1.4829159e-05,1.4666661e-05,1.4833331e-05,1.1158331e-05,1.1958329e-05,1.1570827e-05,1.2233329e-05,1.3949998e-05,1.3412499e-05,1.3612493e-05,1.346666e-05,1.5429163e-05,1.4574996e-05,1.1662499e-05,8.954159e-06
0,55,676.448,0.11,1.4620829e-05,1.4791663e-05,1.4637494e-05,1.4808329e-05,1.1124992e-05,1.1924998e-05,1.1533331e-05,1.2195826e-05,1.3920831e-05,1.3383333e-05,1.3587499e-05,1.3437494e-05,1.5404161e-05,1.4549994e-05,1.1624996e-05,8.93333e-06
0,56,676.599,0.112,1.4595827e-05,1.4766661e-05,1.4604163e-05,1.4774998e-05,1.1074996e-05,1.1874994e-05,1.1483327e-05,1.2141665e-05,1.3879164e-05,1.334583e-05,1.3549996e-05,1.3395826e-05,1.5362493e-05,1.4516663e-05,1.1583328e-05,8.904163e-06
0,57,676.75,0.114,1.4562495e-05,1.473333e-05,1.4574996e-05,1.4745831e-05,1.1041665e-05,1.1845827e-05,1.1449996e-05,1.2112499e-05,1.3854162e-05,1.3320828e-05,1.3520829e-05,1.3370832e-05,1.5333326e-05,1.4491661e-05,1.1545833e-05,8.887498e-06
0,58,676.901,0.116,1.4533329e-05,1.4704164e-05,1.454583e-05,1.4716665e-05,1.1004162e-05,1.1795831e-05,1.1404165e-05,1.2062494e-05,1.3812494e-05,1.3283332e-05,1.3483325e-05,1.3325e-05,1.5295831e-05,1.4454166e-05,1.1499993e-05,8.854158e-06
0,59,677.052,0.118,1.4504162e-05,1.4670833e-05,1.4516663e-05,1.4687498e-05,1.0970831e-05,1.1766664e-05,1.1370826e-05,1.2024999e-05,1.3783328e-05,1.3254165e-05,1.3454159e-05,1.3295826e-05,1.5274994e-05,1.4437493e-05,1.1470826e-05,8.837494e-06
0,60,677.203,0.12,1.4474996e-05,1.4637494e-05,1.4483333e-05,1.465416e-05,1.0924999e-05,1.171666e-05,1.132083e-05,1.1974995e-05,1.3745833e-05,1.3212498e-05,1.3416664e-05,1.3249994e-05,1.5233326e-05,1.439166e-05,1.1416666e-05,8.808327e-06
0,61,677.353,0.122,1.4437493e-05,1.4608328e-05,1.4449994e-05,1.4624993e-05,1.0887496e-05,1.1679164e-05,1.1283326e-05,1.1937499e-05,1.3712493e-05,1.3183331e-05,1.3387497e-05,1.3224999e-05,1.5199995e-05,1.4362494e-05,1.1379162e-05,8.783332e-06
0,62,677.504,0.124,1.4404161e-05,1.4574996e-05,1.4416662e-05,1.4595827e-05,1.0841663e-05,1.1633332e-05,1.123333e-05,1.188333e-05,1.3674999e-05,1.3145828e-05,1.334583e-05,1.3179159e-05,1.5166665e-05,1.4324999e-05,1.1333331e-05,8.754166e-06
0,63,677.655,0.126,1.4370831e-05,1.4541666e-05,1.4387496e-05,1.4562495e-05,1.080416e-05,1.1599994e-05,1.1199999e-05,1.1854164e-05,1.3645832e-05,1.3120826e-05,1.3320828e-05,1.3154165e-05,1.5133333e-05,1.4304161e-05,1.1295827e-05,8.733328e-06
0,64,677.806,0.128,1.4341665e-05,1.45125e-05,1.435833e-05,1.4533329e-05,1.0762493e-05,1.1554162e-05,1.1154159e-05,1.1799995e-05,1.3604164e-05,1.3079167e-05,1.3283332e-05,1.3108333e-05,1.5104159e-05,1.4266666e-05,1.1249996e-05,8.708326e-06
0,65,677.957,0.13,1.4308325e-05,1.4483333e-05,1.4324999e-05,1.4504162e-05,1.0729162e-05,1.1524995e-05,1.1116664e-05,1.1762492e-05,1.3574998e-05,1.3054164e-05,1.3254165e-05,1.308333e-05,1.5074992e-05,1.4241664e-05,1.1216664e-05,8.687496e-06
0,66,678.108,0.132,1.4283331e-05,1.4445829e-05,1.429166e-05,1.4470832e-05,1.0683329e-05,1.1474999e-05,1.106666e-05,1.1708331e-05,1.3537494e-05,1.3016661e-05,1.3216662e-05,1.3037499e-05,1.5037497e-05,1.420416e-05,1.1170832e-05,8.65833e-06
0,67,678.258,0.134,1.4245828e-05,1.4420827e-05,1.4262493e-05,1.4441665e-05,1.0649999e-05,1.1437495e-05,1.1029164e-05,1.1674992e-05,1.3508327e-05,1.2991659e-05,1.3183331e-05,1.3008333e-05,1.5008331e-05,1.4179166e-05,1.1133329e-05,8.637492e-06
0,68,678.409,0.136,1.4220826e-05,1.4387496e-05,1.4233327e-05,1.4408326e-05,1.0599994e-05,1.1391664e-05,1.0983332e-05,1.1620831e-05,1.3462496e-05,1.2945827e-05,1.3145828e-05,1.2962492e-05,1.4970827e-05,1.4141663e-05,1.1079161e-05,8.608326e-06
0,69,678.56,0.138,1.4183331e-05,1.4354166e-05,1.420416e-05,1.4383332e-05,1.0570828e-05,1.135416e-05,1.0945829e-05,1.1587493e-05,1.3437494e-05,1.291666e-05,1.3120826e-05,1.2937498e-05,1.4945833e-05,1.4120833e-05,1.1049994e-05,8.583331e-06
0,70,678.711,0.14,1.4162492e-05,1.4324999e-05,1.417083e-05,1.4349993e-05,1.0516659e-05,1.1308328e-05,1.0895832e-05,1.1533331e-05,1.3395826e-05,1.2883329e-05,1.308333e-05,1.2891666e-05,1.4904165e-05,1.4079165e-05,1.0999997e-05,8.554164e-06
0,71,678.862,0.142,1.4120833e-05,1.429166e-05,1.4141663e-05,1.4320826e-05,1.0487493e-05,1.1270833e-05,1.0862494e-05,1.1499993e-05,1.336666e-05,1.2849999e-05,1.3054164e-05,1.28625e-05,1.4879163e-05,1.4054163e-05,1.0966659e-05,8.533327e-06
0,72,679.013,0.144,1.4095831e-05,1.4258329e-05,1.410416e-05,1.4287496e-05,1.0441661e-05,1.1220829e-05,1.0812497e-05,1.1445833e-05,1.3329164e-05,1.2816659e-05,1.3012496e-05,1.2816659e-05,1.4829159e-05,1.4012496e-05,1.0912498e-05,8.50416e-06
0,73,679.163,0.146,1.4062492e-05,1.4229163e-05,1.4074993e-05,1.4258329e-05,1.0404166e-05,1.1183325e-05,1.0770829e-05,1.1408329e-05,1.3299998e-05,1.2779165e-05,1.2979166e-05,1.2783329e-05,1.4808329e-05,1.3991666e-05,1.0879159e-05,8.48333e-06
0,74,679.314,0.148,1.4033326e-05,1.4195832e-05,1.4041662e-05,1.4220826e-05,1.0354162e-05,1.1133329e-05,1.0720825e-05,1.135416e-05,1.3254165e-05,1.2745825e-05,1.2941662e-05,1.2741662e-05,1.4762497e-05,1.3945826e-05,1.0824998e-05,8.45e-06
0,75,679.465,0.15,1.399583e-05,1.4162492e-05,1.4008331e-05,1.4195832e-05,1.032083e-05,1.1095826e-05,1.0687494e-05,1.1316665e-05,1.3224999e-05,1.2716659e-05,1.2912496e-05,1.2712495e-05,1.473333e-05,1.3920831e-05,1.0787495e-05,8.429161e-06
0,76,679.616,0.152,1.3966664e-05,1.4133327e-05,1.3983329e-05,1.417083e-05,1.0287499e-05,1.1062495e-05,1.0649999e-05,1.1274998e-05,1.3195832e-05,1.2687492e-05,1.2883329e-05,1.2683328e-05,1.4708328e-05,1.3895829e-05,1.0754164e-05,8.408332e-06
0,77,679.767,0.154,1.3933332e-05,1.4099995e-05,1.3949998e-05,1.4133327e-05,1.0237495e-05,1.1016663e-05,1.0599994e-05,1.1220829e-05,1.3154165e-05,1.2645833e-05,1.2841661e-05,1.2633332e-05,1.4666661e-05,1.3858326e-05,1.070416e-05,8.379166e-06
0,78,679.918,0.156,1.3904166e-05,1.4070829e-05,1.3920831e-05,1.4108332e-05,1.0204164e-05,1.097916e-05,1.0566664e-05,1.1187498e-05,1.3124998e-05,1.2624995e-05,1.2816659e-05,1.260833e-05,1.4641666e-05,1.382916e-05,1.0670828e-05,8.358327e-06
0,79,680.069,0.158,1.3874999e-05,1.4033326e-05,1.3883328e-05,1.4070829e-05,1.015416e-05,1.0929163e-05,1.0508331e-05,1.1133329e-05,1.308333e-05,1.2579163e-05,1.2774992e-05,1.2562497e-05,1.4599998e-05,1.3787492e-05,1.0612495e-05,8.329161e-06
0,80,680.219,0.16,1.3837496e-05,1.4004159e-05,1.3862498e-05,1.4045827e-05,1.0120829e-05,1.0895832e-05,1.0470828e-05,1.1095826e-05,1.3058328e-05,1.2549996e-05,1.2745825e-05,1.2533331e-05,1.4570832e-05,1.3766662e-05,1.0579165e-05,8.304159e-06
0,81,680.37,0.162,1.380833e-05,1.3970828e-05,1.3820831e-05,1.4012496e-05,1.0070833e-05,1.0841663e-05,1.0420831e-05,1.1037493e-05,1.3008333e-05,1.2508329e-05,1.2704166e-05,1.2487499e-05,1.4533329e-05,1.3724994e-05,1.0524996e-05,8.274992e-06
0,82,680.521,0.164,1.3774999e-05,1.3937497e-05,1.3787492e-05,1.3979165e-05,1.0033329e-05,1.0808333e-05,1.0383328e-05,1.0999997e-05,1.2979166e-05,1.2474998e-05,1.2674999e-05,1.245416e-05,1.4504162e-05,1.3699992e-05,1.0487493e-05,8.249998e-06
0,83,680.672,0.166,1.374166e-05,1.3899994e-05,1.3749996e-05,1.3945826e-05,9.983333e-06,1.0758328e-05,1.032916e-05,1.0941664e-05,1.2937498e-05,1.243333e-05,1.2633332e-05,1.2408328e-05,1.4462495e-05,1.3658333e-05,1.0437497e-05,8.220832e-06
0,84,680.823,0.168,1.3704165e-05,1.3870827e-05,1.3724994e-05,1.391666e-05,9.945829e-06,1.0720825e-05,1.0295828e-05,1.0912498e-05,1.2904159e-05,1.2408328e-05,1.2604165e-05,1.2383326e-05,1.4433328e-05,1.3633331e-05,1.0399994e-05,8.199993e-06
0,85,680.974,0.17,1.3674999e-05,1.3837496e-05,1.36875e-05,1.3883328e-05,9.895825e-06,1.0666665e-05,1.024166e-05,1.0841663e-05,1.28625e-05,1.236666e-05,1.2562497e-05,1.2333329e-05,1.439166e-05,1.3591663e-05,1.0337496e-05,8.166663e-06
0,86,681.124,0.172,1.3641659e-05,1.3799993e-05,1.3658333e-05,1.3854162e-05,9.866659e-06,1.0629161e-05,1.0208329e-05,1.0812497e-05,1.2841661e-05,1.2341667e-05,1.2533331e-05,1.2304163e-05,1.4366667e-05,1.3566661e-05,1.0308329e-05,8.141661e-06
0,87,681.275,0.174,1.3608328e-05,1.3770827e-05,1.362083e-05,1.3816659e-05,9.812498e-06,1.0579165e-05,1.0149995e-05,1.0754164e-05,1.2791666e-05,1.2295826e-05,1.2495828e-05,1.2258331e-05,1.4324999e-05,1.3529166e-05,1.0258333e-05,8.116658e-06
0,88,681.426,0.176,1.3570825e-05,1.374166e-05,1.3591663e-05,1.3787492e-05,9.774994e-06,1.0541661e-05,1.0112492e-05,1.0716661e-05,1.2762499e-05,1.226666e-05,1.2462497e-05,1.2224992e-05,1.4295832e-05,1.3495826e-05,1.0216665e-05,8.095829e-06
0,89,681.577,0.178,1.3541659e-05,1.3708329e-05,1.355416e-05,1.3754161e-05,9.720826e-06,1.0487493e-05,1.0058331e-05,1.0658327e-05,1.2716659e-05,1.2224992e-05,1.2420829e-05,1.217916e-05,1.4249992e-05,1.3462496e-05,1.0162496e-05,8.062498e-06
0,90,681.728,0.18,1.3504164e-05,1.3670826e-05,1.3520829e-05,1.3724994e-05,9.687496e-06,1.0449998e-05,1.0020828e-05,1.0620833e-05,1.2683328e-05,1.2195826e-05,1.2387498e-05,1.2149993e-05,1.4224998e-05,1.343333e-05,1.0124993e-05,8.04166e-06
0,91,681.879,0.182,1.3474997e-05,1.3633331e-05,1.3487498e-05,1.3683327e-05,9.633327e-06,1.0395829e-05,9.962495e-06,1.0562499e-05,1.2641661e-05,1.2149993e-05,1.2349995e-05,1.2099998e-05,1.4183331e-05,1.3387497e-05,1.006666e-05,8.008329e-06
0,92,682.03,0.184,1.3437494e-05,1.3604164e-05,1.3458332e-05,1.365416e-05,9.591659e-06,1.0358325e-05,9.924992e-06,1.0516659e-05,1.2612494e-05,1.2120827e-05,1.2316664e-05,1.2070831e-05,1.415e-05,1.3362495e-05,1.0029165e-05,7.983327e-06
0,93,682.18,0.186,1.3404163e-05,1.3566661e-05,1.3416664e-05,1.3624994e-05,9.537498e-06,1.0299993e-05,9.870831e-06,1.0458326e-05,1.2566662e-05,1.2079159e-05,1.2274996e-05,1.2024999e-05,1.4108332e-05,1.3320828e-05,9.974996e-06,7.954161e-06
0,94,682.331,0.188,1.336666e-05,1.3537494e-05,1.3387497e-05,1.3591663e-05,9.50416e-06,1.0266662e-05,9.829164e-06,1.0424996e-05,1.2537495e-05,1.2049993e-05,1.224583e-05,1.1991659e-05,1.4079165e-05,1.3295826e-05,9.937493e-06,7.93333e-06
0,95,682.482,0.19,1.3337493e-05,1.3499999e-05,1.3349994e-05,1.355416e-05,9.454163e-06,1.0208329e-05,9.779159e-06,1.0362498e-05,1.2491663e-05,1.200416e-05,1.2199998e-05,1.1941664e-05,1.4033326e-05,1.3249994e-05,9.874995e-06,7.899992e-06
0,96,682.633,0.192,1.3299998e-05,1.3462496e-05,1.3320828e-05,1.3524993e-05,9.412495e-06,1.0170826e-05,9.7375e-06,1.032083e-05,1.2462497e-05,1.1974995e-05,1.2170832e-05,1.1908332e-05,1.4008331e-05,1.3224999e-05,9.841665e-06,7.879162e-06
0,97,682.784,0.194,1.3266659e-05,1.3429165e-05,1.327916e-05,1.3487498e-05,9.358327e-06,1.0116664e-05,9.679158e-06,1.0262497e-05,1.2416665e-05,1.1933326e-05,1.2125e-05,1.1862493e-05,1.3958327e-05,1.3179159e-05,9.783332e-06,7.845831e-06
0,98,682.935,0.196,1.3233328e-05,1.3391662e-05,1.3249994e-05,1.3458332e-05,9.316659e-06,1.0074997e-05,9.641663e-06,1.022083e-05,1.2383326e-05,1.1904161e-05,1.2095833e-05,1.1829162e-05,1.3929161e-05,1.3154165e-05,9.745829e-06,7.824993e-06
0,99,683.085,0.198,1.3195832e-05,1.3358331e-05,1.3212498e-05,1.3420829e-05,9.262498e-06,1.0020828e-05,9.58333e-06,1.0162496e-05,1.2337494e-05,1.1854164e-05,1.2045829e-05,1.1779165e-05,1.3883328e-05,1.3112497e-05,9.691659e-06,7.787497e-06
0,100,683.236,0.2,1.3158329e-05,1.3329164e-05,1.3174995e-05,1.3387497e-05,9.224995e-06,9.97916e-06,9.545827e-06,1.0116664e-05,1.2304163e-05,1.1824997e-05,1.2016662e-05,1.1749999e-05,1.3854162e-05,1.308333e-05,9.645828e-06,7.76666e-06
0,101,683.387,0.202,1.3124998e-05,1.3283332e-05,1.3141664e-05,1.3349994e-05,9.170826e-06,9.920827e-06,9.483329e-06,1.0054159e-05,1.2254159e-05,1.1779165e-05,1.1974995e-05,1.1699995e-05,1.380833e-05,1.3041663e-05,9.587495e-06,7.733329e-06
0,102,683.538,0.204,1.3087495e-05,1.3254165e-05,1.3112497e-05,1.3320828e-05,9.133331e-06,9.883332e-06,9.445826e-06,1.0020828e-05,1.2224992e-05,1.1745827e-05,1.1945828e-05,1.1666663e-05,1.3783328e-05,1.3012496e-05,9.549999e-06,7.7125e-06
0,103,683.689,0.206,1.3062493e-05,1.3229163e-05,1.3087495e-05,1.3295826e-05,9.099992e-06,9.849993e-06,9.412495e-06,9.983333e-06,1.2199998e-05,1.1724997e-05,1.1916662e-05,1.1637497e-05,1.3749996e-05,1.2987494e-05,9.516661e-06,7.691661e-06
0,104,683.84,0.208,1.3033326e-05,1.319166e-05,1.3049992e-05,1.3262495e-05,9.041659e-06,9.795833e-06,9.354162e-06,9.924992e-06,1.2149993e-05,1.1679164e-05,1.1870829e-05,1.1587493e-05,1.3712493e-05,1.2945827e-05,9.458327e-06,7.666659e-06
0,105,683.99,0.21,1.2995831e-05,1.3158329e-05,1.3016661e-05,1.3233328e-05,9.008329e-06,9.75833e-06,9.320831e-06,9.883332e-06,1.2116662e-05,1.1645826e-05,1.1841663e-05,1.1558326e-05,1.3683327e-05,1.2912496e-05,9.420832e-06,7.637493e-06
0,106,684.141,0.212,1.2962492e-05,1.3120826e-05,1.2979166e-05,1.319166e-05,8.949995e-06,9.699997e-06,9.262498e-06,9.820827e-06,1.2079159e-05,1.1604166e-05,1.1795831e-05,1.1512494e-05,1.3637495e-05,1.2874993e-05,9.358327e-06,7.608326e-06
0,107,684.292,0.214,1.2924997e-05,1.3087495e-05,1.2945827e-05,1.3162494e-05,8.916664e-06,9.658329e-06,9.22083e-06,9.779159e-06,1.2045829e-05,1.1570827e-05,1.1766664e-05,1.1479163e-05,1.3604164e-05,1.2845826e-05,9.320831e-06,7.583332e-06
0,108,684.443,0.216,1.2891666e-05,1.3054164e-05,1.2908332e-05,1.3124998e-05,8.858331e-06,9.595831e-06,9.158325e-06,9.716662e-06,1.1991659e-05,1.1524995e-05,1.171666e-05,1.1424994e-05,1.3562497e-05,1.2804167e-05,9.258326e-06,7.549993e-06
0,109,684.594,0.218,1.2854163e-05,1.3016661e-05,1.2874993e-05,1.309166e-05,8.816663e-06,9.566665e-06,9.12083e-06,9.679158e-06,1.1962493e-05,1.1495828e-05,1.1687493e-05,1.1395828e-05,1.353333e-05,1.2774992e-05,9.224995e-06,7.529163e-06
0,110,684.745,0.22,1.2824997e-05,1.298333e-05,1.2837498e-05,1.3058328e-05,8.766659e-06,9.508331e-06,9.062497e-06,9.616661e-06,1.1920825e-05,1.1454161e-05,1.1645826e-05,1.1345832e-05,1.3487498e-05,1.272916e-05,9.162498e-06,7.495833e-06
0,111,684.896,0.222,1.2774992e-05,1.2954163e-05,1.2804167e-05,1.3029162e-05,8.724999e-06,9.462499e-06,9.024993e-06,9.574994e-06,1.188333e-05,1.1416666e-05,1.1616659e-05,1.1316665e-05,1.3462496e-05,1.270833e-05,9.124994e-06,7.474995e-06
0,112,685.046,0.224,1.2754163e-05,1.2908332e-05,1.2770827e-05,1.2987494e-05,8.670831e-06,9.404159e-06,8.962496e-06,9.512496e-06,1.1837498e-05,1.1374998e-05,1.1566663e-05,1.1262497e-05,1.3412499e-05,1.2658325e-05,9.062497e-06,7.441664e-06
0,113,685.197,0.226,1.2712495e-05,1.2874993e-05,1.2737497e-05,1.2958328e-05,8.629163e-06,9.370828e-06,8.924992e-06,9.474993e-06,1.1799995e-05,1.1341659e-05,1.1537496e-05,1.123333e-05,1.3383333e-05,1.2633332e-05,9.024993e-06,7.420826e-06
0,114,685.348,0.228,1.2683328e-05,1.2841661e-05,1.2699993e-05,1.291666e-05,8.57083e-06,9.304166e-06,8.86666e-06,9.408331e-06,1.1754163e-05,1.1291663e-05,1.1487492e-05,1.1170832e-05,1.3333329e-05,1.2583328e-05,8.962496e-06,7.387495e-06
0,115,685.499,0.23,1.2641661e-05,1.2799994e-05,1.2662498e-05,1.2883329e-05,8.524998e-06,9.262498e-06,8.820828e-06,9.362499e-06,1.1720832e-05,1.1262497e-05,1.1454161e-05,1.1141666e-05,1.3295826e-05,1.2558333e-05,8.920829e-06,7.362493e-06
0,116,685.65,0.232,1.260833e-05,1.2762499e-05,1.2620831e-05,1.2845826e-05,8.470829e-06,9.204166e-06,8.762495e-06,9.299994e-06,1.1670828e-05,1.1216664e-05,1.1408329e-05,1.1091662e-05,1.325833e-05,1.2516665e-05,8.858331e-06,7.329162e-06
0,117,685.801,0.234,1.2570827e-05,1.272916e-05,1.2591664e-05,1.2816659e-05,8.433326e-06,9.166662e-06,8.724999e-06,9.258326e-06,1.1641661e-05,1.1183325e-05,1.1379162e-05,1.1058331e-05,1.3229163e-05,1.2491663e-05,8.824993e-06,7.308332e-06
0,118,685.951,0.236,1.2537495e-05,1.2691665e-05,1.2549996e-05,1.2779165e-05,8.374993e-06,9.104165e-06,8.662494e-06,9.195828e-06,1.1591665e-05,1.1137494e-05,1.1333331e-05,1.1008327e-05,1.3179159e-05,1.2445831e-05,8.762495e-06,7.274993e-06
0,119,686.102,0.238,1.2495828e-05,1.2658325e-05,1.2524994e-05,1.2745825e-05,8.333325e-06,9.066661e-06,8.624998e-06,9.154161e-06,1.1562498e-05,1.1104163e-05,1.13e-05,1.0974995e-05,1.3154165e-05,1.2412493e-05,8.720827e-06,7.249999e-06
0,120,686.253,0.24,1.2462497e-05,1.2612494e-05,1.2474998e-05,1.270833e-05,8.274992e-06,9.004164e-06,8.562493e-06,9.087499e-06,1.1508329e-05,1.1054166e-05,1.1245831e-05,1.0920827e-05,1.3104161e-05,1.2370832e-05,8.65833e-06,7.21666e-06
0,121,686.404,0.242,1.2420829e-05,1.2583328e-05,1.2441659e-05,1.2674999e-05,8.233333e-06,8.962496e-06,8.520826e-06,9.045832e-06,1.1474999e-05,1.1024999e-05,1.1216664e-05,1.0883331e-05,1.3074994e-05,1.2337494e-05,8.616662e-06,7.191666e-06
0,122,686.555,0.244,1.2387498e-05,1.2545832e-05,1.2408328e-05,1.2633332e-05,8.174999e-06,8.904163e-06,8.458328e-06,8.983326e-06,1.1424994e-05,1.0974995e-05,1.1170832e-05,1.0833327e-05,1.3024997e-05,1.2295826e-05,8.549992e-06,7.1625e-06
0,123,686.706,0.246,1.2349995e-05,1.2508329e-05,1.2370832e-05,1.2604165e-05,8.133332e-06,8.858331e-06,8.41666e-06,8.93333e-06,1.1391664e-05,1.0941664e-05,1.1133329e-05,1.0795831e-05,1.2995831e-05,1.226666e-05,8.512497e-06,7.137497e-06
0,124,686.857,0.248,1.23125e-05,1.2466661e-05,1.2329165e-05,1.2558333e-05,8.070827e-06,8.791661e-06,8.354164e-06,8.86666e-06,1.1341659e-05,1.0895832e-05,1.1087497e-05,1.0741663e-05,1.2949999e-05,1.2220828e-05,8.45e-06,7.099994e-06
0,125,687.007,0.25,1.2270832e-05,1.2429166e-05,1.2291662e-05,1.2529159e-05,8.029159e-06,8.754166e-06,8.312496e-06,8.820828e-06,1.1304164e-05,1.0858329e-05,1.1049994e-05,1.0708332e-05,1.291666e-05,1.2191661e-05,8.404159e-06,7.079164e-06
0,126,687.158,0.252,1.2233329e-05,1.2391662e-05,1.2249994e-05,1.2487499e-05,7.966662e-06,8.687496e-06,8.249998e-06,8.75833e-06,1.1258332e-05,1.0808333e-05,1.0999997e-05,1.0654163e-05,1.2866664e-05,1.2141665e-05,8.341662e-06,7.045825e-06
0,127,687.309,0.254,1.2191661e-05,1.2349995e-05,1.2216663e-05,1.245416e-05,7.924994e-06,8.645829e-06,8.204166e-06,8.712498e-06,1.1216664e-05,1.0770829e-05,1.0966659e-05,1.0612495e-05,1.282916e-05,1.2112499e-05,8.299994e-06,7.020831e-06
0,128,687.46,0.256,1.2154166e-05,1.23125e-05,1.2170832e-05,1.2412493e-05,7.862496e-06,8.579159e-06,8.137496e-06,8.637492e-06,1.1162496e-05,1.0720825e-05,1.0912498e-05,1.0558327e-05,1.2774992e-05,1.2062494e-05,8.22916e-06,6.983328e-06
0,129,687.611,0.258,1.2116662e-05,1.2270832e-05,1.2137492e-05,1.2374997e-05,7.816664e-06,8.529162e-06,8.095829e-06,8.59166e-06,1.1124992e-05,1.0683329e-05,1.0879159e-05,1.0520832e-05,1.2749998e-05,1.2033327e-05,8.187492e-06,6.958326e-06
0,130,687.762,0.26,1.2083332e-05,1.224583e-05,1.2108326e-05,1.234583e-05,7.779161e-06,8.495832e-06,8.054161e-06,8.554164e-06,1.1095826e-05,1.0654163e-05,1.0849993e-05,1.0487493e-05,1.2720831e-05,1.200416e-05,8.145825e-06,6.94166e-06
0,131,687.912,0.262,1.2049993e-05,1.2199998e-05,1.2062494e-05,1.2304163e-05,7.708327e-06,8.420833e-06,7.987499e-06,8.48333e-06,1.1037493e-05,1.0599994e-05,1.0791659e-05,1.0429159e-05,1.2662498e-05,1.1954165e-05,8.079163e-06,6.899993e-06
0,132,688.063,0.264,1.200416e-05,1.2166659e-05,1.2029163e-05,1.2270832e-05,7.666659e-06,8.379166e-06,7.94166e-06,8.433326e-06,1.0999997e-05,1.0562499e-05,1.0758328e-05,1.0391665e-05,1.2633332e-05,1.1920825e-05,8.033331e-06,6.879163e-06
0,133,688.214,0.266,1.1966666e-05,1.2120827e-05,1.1983331e-05,1.2229165e-05,7.599997e-06,8.312496e-06,7.874997e-06,8.366665e-06,1.0949993e-05,1.0512495e-05,1.070416e-05,1.0333331e-05,1.2587499e-05,1.1879166e-05,7.966662e-06,6.841659e-06
0,134,688.365,0.268,1.1924998e-05,1.2083332e-05,1.1949992e-05,1.2195826e-05,7.562494e-06,8.266664e-06,7.83333e-06,8.320832e-06,1.0912498e-05,1.0474992e-05,1.0670828e-05,1.0295828e-05,1.2549996e-05,1.1845827e-05,7.920829e-06,6.816666e-06
0,135,688.516,0.27,1.1887495e-05,1.2041664e-05,1.1904161e-05,1.2149993e-05,7.495833e-06,8.199993e-06,7.76666e-06,8.249998e-06,1.0858329e-05,1.0420831e-05,1.061666e-05,1.0233331e-05,1.2495828e-05,1.1799995e-05,7.85416e-06,6.783327e-06
0,136,688.667,0.272,1.1841663e-05,1.1999997e-05,1.1866665e-05,1.2116662e-05,7.449993e-06,8.154162e-06,7.720828e-06,8.199993e-06,1.0816661e-05,1.0387492e-05,1.058333e-05,1.0199992e-05,1.2466661e-05,1.1766664e-05,7.812492e-06,6.758332e-06
0,137,688.817,0.274,1.180416e-05,1.1958329e-05,1.1820833e-05,1.2070831e-05,7.383331e-06,8.087492e-06,7.654166e-06,8.133332e-06,1.0762493e-05,1.032916e-05,1.0524996e-05,1.0137494e-05,1.2412493e-05,1.171666e-05,7.737493e-06,6.720829e-06
0,138,688.968,0.276,1.1762492e-05,1.1920825e-05,1.178333e-05,1.2033327e-05,7.337499e-06,8.04166e-06,7.608326e-06,8.083328e-06,1.0720825e-05,1.0295828e-05,1.0487493e-05,1.0095827e-05,1.2374997e-05,1.1679164e-05,7.695826e-06,6.691662e-06
0,139,689.119,0.278,1.171666e-05,1.1874994e-05,1.1741662e-05,1.1991659e-05,7.274993e-06,7.970826e-06,7.541664e-06,8.012494e-06,1.0666665e-05,1.024166e-05,1.0433332e-05,1.0037494e-05,1.2324993e-05,1.1633332e-05,7.624992e-06,6.658332e-06
0,140,689.27,0.28,1.1679164e-05,1.1837498e-05,1.1704159e-05,1.1958329e-05,7.229161e-06,7.929166e-06,7.495833e-06,7.962497e-06,1.0629161e-05,1.0199992e-05,1.0391665e-05,9.999999e-06,1.2291662e-05,1.1595829e-05,7.57916e-06,6.63333e-06
0,141,689.421,0.282,1.1637497e-05,1.1787494e-05,1.1654162e-05,1.1908332e-05,7.158327e-06,7.85416e-06,7.429162e-06,7.891663e-06,1.0566664e-05,1.0145831e-05,1.0337496e-05,9.937493e-06,1.2237493e-05,1.1545833e-05,7.508326e-06,6.591662e-06
0,142,689.572,0.284,1.1591665e-05,1.1749999e-05,1.1616659e-05,1.1874994e-05,7.11666e-06,7.808328e-06,7.383331e-06,7.841659e-06,1.052916e-05,1.0104163e-05,1.0299993e-05,9.899998e-06,1.2204162e-05,1.1516667e-05,7.466666e-06,6.570832e-06
0,143,689.723,0.286,1.1549997e-05,1.1704159e-05,1.1575e-05,1.1824997e-05,7.049998e-06,7.737493e-06,7.312497e-06,7.76666e-06,1.0470828e-05,1.004583e-05,1.024166e-05,9.829164e-06,1.2145829e-05,1.1462498e-05,7.391659e-06,6.533329e-06
0,144,689.873,0.288,1.1508329e-05,1.1662499e-05,1.152916e-05,1.1791666e-05,7.004166e-06,7.691661e-06,7.266664e-06,7.720828e-06,1.0429159e-05,1.0008327e-05,1.0204164e-05,9.795833e-06,1.2112499e-05,1.1429159e-05,7.345827e-06,6.508326e-06
0,145,690.024,0.29,1.1466662e-05,1.1616659e-05,1.1483327e-05,1.1745827e-05,6.937496e-06,7.616663e-06,7.19583e-06,7.649994e-06,1.0370827e-05,9.954158e-06,1.0149995e-05,9.733327e-06,1.205833e-05,1.1383327e-05,7.274993e-06,6.470831e-06
0,146,690.175,0.292,1.1424994e-05,1.1579164e-05,1.1449996e-05,1.1708331e-05,6.891664e-06,7.57916e-06,7.158327e-06,7.599997e-06,1.0333331e-05,9.916663e-06,1.0112492e-05,9.695832e-06,1.2020826e-05,1.1349996e-05,7.229161e-06,6.445829e-06
0,147,690.326,0.294,1.1379162e-05,1.1533331e-05,1.1399992e-05,1.1658327e-05,6.824994e-06,7.499997e-06,7.083328e-06,7.529163e-06,1.0274998e-05,9.854166e-06,1.0049995e-05,9.624998e-06,1.1966666e-05,1.1295827e-05,7.154163e-06,6.408326e-06
0,148,690.477,0.296,1.1333331e-05,1.1487492e-05,1.1358333e-05,1.1624996e-05,6.779162e-06,7.454165e-06,7.037497e-06,7.479159e-06,1.0233331e-05,9.816663e-06,1.0008327e-05,9.587495e-06,1.1933326e-05,1.1262497e-05,7.108331e-06,6.383332e-06
0,149,690.628,0.298,1.1291663e-05,1.144166e-05,1.1316665e-05,1.1575e-05,6.708328e-06,7.383331e-06,6.970827e-06,7.40416e-06,1.0170826e-05,9.75833e-06,9.954158e-06,9.520832e-06,1.1879166e-05,1.1212492e-05,7.033332e-06,6.345828e-06
0,150,690.778,0.3,1.1241658e-05,1.1399992e-05,1.1270833e-05,1.1537496e-05,6.662496e-06,7.337499e-06,6.924995e-06,7.349992e-06,1.0129165e-05,9.716662e-06,9.908326e-06,9.483329e-06,1.1841663e-05,1.1174997e-05,6.987492e-06,6.320826e-06
0,151,690.929,0.302,1.1199999e-05,1.135416e-05,1.1224993e-05,1.1491664e-05,6.595826e-06,7.262492e-06,6.849996e-06,7.274993e-06,1.006666e-05,9.654164e-06,9.849993e-06,9.412495e-06,1.178333e-05,1.1120828e-05,6.912494e-06,6.274994e-06
0,152,691.08,0.304,1.1158331e-05,1.1312492e-05,1.1183325e-05,1.1454161e-05,6.549994e-06,7.220833e-06,6.808329e-06,7.233326e-06,1.0029165e-05,9.616661e-06,9.816663e-06,9.374992e-06,1.1749999e-05,1.1087497e-05,6.870826e-06,6.254164e-06
0,153,691.231,0.306,1.1108327e-05,1.1262497e-05,1.1129165e-05,1.1404165e-05,6.47916e-06,7.137497e-06,6.73333e-06,7.154163e-06,9.966659e-06,9.558328e-06,9.749992e-06,9.304166e-06,1.1687493e-05,1.1033329e-05,6.795828e-06,6.212497e-06
0,154,691.382,0.308,1.106666e-05,1.1224993e-05,1.1095826e-05,1.1366661e-05,6.433328e-06,7.099994e-06,6.691662e-06,7.108331e-06,9.924992e-06,9.516661e-06,9.712498e-06,9.270827e-06,1.1654162e-05,1.0999997e-05,6.749995e-06,6.187495e-06
0,155,691.533,0.31,1.1029164e-05,1.1174997e-05,1.104583e-05,1.1316665e-05,6.366666e-06,7.024995e-06,6.624993e-06,7.033332e-06,9.862494e-06,9.458327e-06,9.654164e-06,9.199993e-06,1.1599994e-05,1.0945829e-05,6.679161e-06,6.149999e-06
0,156,691.684,0.312,1.097916e-05,1.1133329e-05,1.1004162e-05,1.1279162e-05,6.320826e-06,6.979164e-06,6.579161e-06,6.991665e-06,9.820827e-06,9.412495e-06,9.612497e-06,9.158325e-06,1.1562498e-05,1.0912498e-05,6.629165e-06,6.120833e-06
0,157,691.834,0.314,1.0933328e-05,1.1083333e-05,1.0954165e-05,1.1224993e-05,6.254164e-06,6.904165e-06,6.508326e-06,6.908329e-06,9.754165e-06,9.349998e-06,9.545827e-06,9.083326e-06,1.1504166e-05,1.0854164e-05,6.554159e-06,6.079165e-06
0,158,691.985,0.316,1.0883331e-05,1.1041665e-05,1.0912498e-05,1.1191662e-05,6.208332e-06,6.858325e-06,6.462495e-06,6.866662e-06,9.716662e-06,9.312495e-06,9.508331e-06,9.045832e-06,1.1466662e-05,1.0820826e-05,6.508326e-06,6.058327e-06
0,159,692.136,0.318,1.0849993e-05,1.1008327e-05,1.0874995e-05,1.1158331e-05,6.166665e-06,6.812493e-06,6.420827e-06,6.816666e-06,9.674995e-06,9.270827e-06,9.470828e-06,9.004164e-06,1.1433332e-05,1.0787495e-05,6.45833e-06,6.029161e-06
0,160,692.287,0.32,1.080416e-05,1.0954165e-05,1.0824998e-05,1.1104163e-05,6.099995e-06,6.737494e-06,6.345828e-06,6.741659e-06,9.608332e-06,9.208329e-06,9.404159e-06,8.929165e-06,1.1370826e-05,1.0733326e-05,6.383332e-06,5.987493e-06
0,161,692.438,0.322,1.0754164e-05,1.0908326e-05,1.078333e-05,1.1062495e-05,6.049999e-06,6.687498e-06,6.304161e-06,6.695827e-06,9.562493e-06,9.162498e-06,9.362499e-06,8.887498e-06,1.1333331e-05,1.0695831e-05,6.337492e-06,5.966663e-06
0,162,692.589,0.324,1.0708332e-05,1.0858329e-05,1.0729162e-05,1.1008327e-05,5.979165e-06,6.612492e-06,6.229162e-06,6.616664e-06,9.49583e-06,9.095827e-06,9.295829e-06,8.816663e-06,1.1270833e-05,1.0637498e-05,6.262493e-06,5.920831e-06
0,163,692.739,0.326,1.0662492e-05,1.0812497e-05,1.0683329e-05,1.0966659e-05,5.937497e-06,6.56666e-06,6.18333e-06,6.562495e-06,9.449998e-06,9.049996e-06,9.249997e-06,8.770831e-06,1.1229165e-05,1.0595831e-05,6.208332e-06,5.895829e-06
0,164,692.89,0.328,1.0608332e-05,1.0758328e-05,1.0633325e-05,1.0916662e-05,5.870827e-06,6.495825e-06,6.116661e-06,6.487497e-06,9.387493e-06,8.987498e-06,9.187492e-06,8.699997e-06,1.1174997e-05,1.0541661e-05,6.133326e-06,5.854161e-06
0,165,693.041,0.33,1.0558327e-05,1.0712496e-05,1.0587493e-05,1.0874995e-05,5.824995e-06,6.445829e-06,6.070828e-06,6.441664e-06,9.341661e-06,8.945831e-06,9.145832e-06,8.654165e-06,1.1133329e-05,1.0504166e-05,6.087494e-06,5.824995e-06
0,166,693.192,0.332,1.0512495e-05,1.0662492e-05,1.0533333e-05,1.0820826e-05,5.754161e-06,6.374995e-06,5.999994e-06,6.366666e-06,9.275e-06,8.879161e-06,9.079162e-06,8.583331e-06,1.1074996e-05,1.0449998e-05,6.012495e-06,5.783327e-06
0,167,693.343,0.334,1.0462499e-05,1.061666e-05,1.0487493e-05,1.0774994e-05,5.712493e-06,6.329163e-06,5.958327e-06,6.320826e-06,9.229159e-06,8.833329e-06,9.029166e-06,8.533327e-06,1.1033329e-05,1.0412495e-05,5.966663e-06,5.754161e-06
0,168,693.494,0.336,1.0412495e-05,1.0562499e-05,1.0437497e-05,1.0724997e-05,5.649996e-06,6.258329e-06,5.891665e-06,6.249992e-06,9.162498e-06,8.766659e-06,8.974997e-06,8.462493e-06,1.0970831e-05,1.0354162e-05,5.895829e-06,5.716666e-06
0,169,693.644,0.338,1.0366663e-05,1.0520832e-05,1.0395829e-05,1.0687494e-05,5.608328e-06,6.212497e-06,5.849997e-06,6.20416e-06,9.116666e-06,8.729164e-06,8.929165e-06,8.420833e-06,1.0933328e-05,1.0316666e-05,5.845833e-06,5.687499e-06
0,170,693.795,0.34,1.0316666e-05,1.0458326e-05,1.0337496e-05,1.0629161e-05,5.541659e-06,6.141663e-06,5.779163e-06,6.124997e-06,9.045832e-06,8.65833e-06,8.858331e-06,8.345826e-06,1.087083e-05,1.0258333e-05,5.770826e-06,5.649996e-06
0,171,693.946,0.342,1.0266662e-05,1.0416658e-05,1.0295828e-05,1.0591666e-05,5.499999e-06,6.09583e-06,5.737495e-06,6.083329e-06,8.999999e-06,8.612497e-06,8.816663e-06,8.299994e-06,1.0829162e-05,1.022083e-05,5.724994e-06,5.620829e-06
0,172,694.097,0.344,1.0216665e-05,1.0362498e-05,1.024166e-05,1.0533333e-05,5.433329e-06,6.024996e-06,5.670825e-06,6.004159e-06,8.93333e-06,8.541663e-06,8.745829e-06,8.224996e-06,1.0766666e-05,1.0162496e-05,5.649996e-06,5.579162e-06
0,173,694.248,0.346,1.0162496e-05,1.0312494e-05,1.0191663e-05,1.0487493e-05,5.391661e-06,5.974992e-06,5.629166e-06,5.962499e-06,8.883325e-06,8.499996e-06,8.699997e-06,8.179164e-06,1.0724997e-05,1.0120829e-05,5.604164e-06,5.545831e-06
0,174,694.399,0.348,1.0112492e-05,1.0258333e-05,1.013333e-05,1.0433332e-05,5.324991e-06,5.904166e-06,5.558332e-06,5.887493e-06,8.812499e-06,8.429161e-06,8.629163e-06,8.104165e-06,1.0662492e-05,1.0058331e-05,5.529165e-06,5.508327e-06
0,175,694.55,0.35,1.0058331e-05,1.0212493e-05,1.0087498e-05,1.0391665e-05,5.287496e-06,5.862498e-06,5.516664e-06,5.845833e-06,8.770831e-06,8.383329e-06,8.587495e-06,8.054161e-06,1.0620833e-05,1.0016664e-05,5.483325e-06,5.479161e-06
0,176,694.7,0.352,1.0008327e-05,1.015416e-05,1.0029165e-05,1.0333331e-05,5.220827e-06,5.787492e-06,5.449994e-06,5.770826e-06,8.695833e-06,8.312496e-06,8.516661e-06,7.979163e-06,1.0554163e-05,9.962495e-06,5.408327e-06,5.433329e-06
0,177,694.851,0.354,9.954158e-06,1.0104163e-05,9.983333e-06,1.0287499e-05,5.179159e-06,5.745832e-06,5.412499e-06,5.724994e-06,8.649993e-06,8.262499e-06,8.466665e-06,7.929166e-06,1.0512495e-05,9.920827e-06,5.362495e-06,5.408327e-06
0,178,695.002,0.356,9.899998e-06,1.0049995e-05,9.929165e-06,1.0233331e-05,5.124998e-06,5.679162e-06,5.349994e-06,5.65416e-06,8.579159e-06,8.191665e-06,8.395831e-06,7.85416e-06,1.0445825e-05,9.862494e-06,5.291661e-06,5.362495e-06
0,179,695.153,0.358,9.849993e-06,9.999999e-06,9.87916e-06,1.0187498e-05,5.083331e-06,5.63333e-06,5.308326e-06,5.608328e-06,8.524998e-06,8.141661e-06,8.349999e-06,7.804163e-06,1.0399994e-05,9.816663e-06,5.241664e-06,5.329164e-06
0,180,695.304,0.36,9.79166e-06,9.941666e-06,9.816663e-06,1.0124993e-05,5.024997e-06,5.566661e-06,5.241664e-06,5.541659e-06,8.454163e-06,8.070827e-06,8.274992e-06,7.724992e-06,1.0337496e-05,9.754165e-06,5.17083e-06,5.287496e-06
0,181,695.455,0.362,9.7375e-06,9.891661e-06,9.770831e-06,1.0079161e-05,4.987494e-06,5.520828e-06,5.204161e-06,5.495826e-06,8.404159e-06,8.02083e-06,8.224996e-06,7.67916e-06,1.0291664e-05,9.712498e-06,5.129163e-06,5.25833e-06
0,182,695.605,0.364,9.683331e-06,9.829164e-06,9.704161e-06,1.0020828e-05,4.924997e-06,5.454159e-06,5.141664e-06,5.429165e-06,8.333325e-06,7.949996e-06,8.154162e-06,7.595825e-06,1.0224994e-05,9.649992e-06,5.058328e-06,5.212498e-06
0,183,695.756,0.366,9.629162e-06,9.783332e-06,9.666665e-06,9.974996e-06,4.891666e-06,5.416663e-06,5.10416e-06,5.391661e-06,8.283329e-06,7.899992e-06,8.112494e-06,7.549993e-06,1.0187498e-05,9.612497e-06,5.016661e-06,5.187495e-06
0,184,695.907,0.368,9.579166e-06,9.724999e-06,9.60416e-06,9.912499e-06,4.837497e-06,5.349994e-06,5.045827e-06,5.320827e-06,8.208331e-06,7.824993e-06,8.037496e-06,7.47083e-06,1.0116664e-05,9.545827e-06,4.941662e-06,5.137499e-06
0,185,696.058,0.37,9.516661e-06,9.67083e-06,9.554164e-06,9.866659e-06,4.804158e-06,5.312499e-06,5.008332e-06,5.283332e-06,8.158326e-06,7.779161e-06,7.987499e-06,7.420826e-06,1.0070833e-05,9.508331e-06,4.904159e-06,5.112497e-06
0,186,696.209,0.372,9.474993e-06,9.629162e-06,9.512496e-06,9.829164e-06,4.770827e-06,5.270831e-06,4.966664e-06,5.245829e-06,8.112494e-06,7.729165e-06,7.937495e-06,7.37083e-06,1.0029165e-05,9.466664e-06,4.862499e-06,5.083331e-06
0,187,696.36,0.374,9.424996e-06,9.566665e-06,9.445826e-06,9.766666e-06,4.720831e-06,5.212498e-06,4.912496e-06,5.179159e-06,8.037496e-06,7.658331e-06,7.866661e-06,7.295831e-06,9.962495e-06,9.399994e-06,4.79583e-06,5.037498e-06
0,188,696.511,0.376,9.366663e-06,9.516661e-06,9.399994e-06,9.724999e-06,4.687492e-06,5.174994e-06,4.879165e-06,5.141664e-06,7.987499e-06,7.608326e-06,7.820829e-06,7.245827e-06,9.916663e-06,9.358327e-06,4.758326e-06,5.008332e-06
0,189,696.661,0.378,9.312495e-06,9.458327e-06,9.337497e-06,9.658329e-06,4.64166e-06,5.116661e-06,4.82916e-06,5.083331e-06,7.916665e-06,7.533328e-06,7.749994e-06,7.166664e-06,9.845829e-06,9.291664e-06,4.691664e-06,4.962492e-06
0,190,696.812,0.38,9.254161e-06,9.408331e-06,9.287493e-06,9.612497e-06,4.608329e-06,5.079166e-06,4.791665e-06,5.041663e-06,7.862496e-06,7.487496e-06,7.695826e-06,7.11666e-06,9.799997e-06,9.249997e-06,4.654161e-06,4.929161e-06
0,191,696.963,0.382,9.199993e-06,9.341661e-06,9.22083e-06,9.545827e-06,4.558333e-06,5.020825e-06,4.737497e-06,4.98333e-06,7.791662e-06,7.412497e-06,7.620828e-06,7.033332e-06,9.733327e-06,9.187492e-06,4.595828e-06,4.887494e-06
0,192,697.114,0.384,9.137495e-06,9.291664e-06,9.174999e-06,9.50416e-06,4.53333e-06,4.987494e-06,4.70833e-06,4.945827e-06,7.737493e-06,7.362493e-06,7.570831e-06,6.987492e-06,9.683331e-06,9.137495e-06,4.558333e-06,4.858327e-06
0,193,697.265,0.386,9.083326e-06,9.229159e-06,9.108328e-06,9.437497e-06,4.487499e-06,4.933325e-06,4.654161e-06,4.891666e-06,7.662495e-06,7.28333e-06,7.495833e-06,6.908329e-06,9.616661e-06,9.074998e-06,4.499992e-06,4.812495e-06
0,194,697.416,0.388,9.02083e-06,9.174999e-06,9.058333e-06,9.387493e-06,4.462496e-06,4.899995e-06,4.629159e-06,4.858327e-06,7.612498e-06,7.233326e-06,7.445828e-06,6.858325e-06,9.566665e-06,9.029166e-06,4.466661e-06,4.783328e-06
0,195,697.566,0.39,8.962496e-06,9.108328e-06,8.987498e-06,9.320831e-06,4.424993e-06,4.849998e-06,4.583327e-06,4.799994e-06,7.537492e-06,7.158327e-06,7.37083e-06,6.779162e-06,9.491666e-06,8.962496e-06,4.408328e-06,4.733332e-06
0,196,697.717,0.392,8.904163e-06,9.049996e-06,8.941666e-06,9.275e-06,4.399999e-06,4.816659e-06,4.549996e-06,4.770827e-06,7.483332e-06,7.104159e-06,7.324998e-06,6.724993e-06,9.445826e-06,8.916664e-06,4.374997e-06,4.704165e-06
0,197,697.868,0.394,8.84583e-06,8.987498e-06,8.870832e-06,9.204166e-06,4.362496e-06,4.770827e-06,4.508328e-06,4.716659e-06,7.40416e-06,7.02916e-06,7.241662e-06,6.645831e-06,9.374992e-06,8.854158e-06,4.320828e-06,4.654161e-06
0,198,698.019,0.396,8.783332e-06,8.93333e-06,8.820828e-06,9.158325e-06,4.337493e-06,4.741661e-06,4.479162e-06,4.687492e-06,7.354164e-06,6.974999e-06,7.191666e-06,6.591662e-06,9.324996e-06,8.804162e-06,4.291662e-06,4.624995e-06
0,199,698.17,0.398,8.724999e-06,8.86666e-06,8.754166e-06,9.091664e-06,4.304163e-06,4.695829e-06,4.437494e-06,4.64166e-06,7.274993e-06,6.899993e-06,7.11666e-06,6.512499e-06,9.254161e-06,8.733328e-06,4.241665e-06,4.579163e-06
0,200,698.321,0.4,8.65833e-06,8.808327e-06,8.699997e-06,9.037494e-06,4.283325e-06,4.666662e-06,4.412492e-06,4.612494e-06,7.224997e-06,6.845832e-06,7.062499e-06,6.462495e-06,9.204166e-06,8.691661e-06,4.216663e-06,4.545832e-06
0,201,698.471,0.402,8.604161e-06,8.749994e-06,8.633328e-06,8.970833e-06,4.254158e-06,4.624995e-06,4.374997e-06,4.570826e-06,7.145826e-06,6.770825e-06,6.983328e-06,6.379159e-06,9.124994e-06,8.620827e-06,4.170831e-06,4.499992e-06
0,202,698.622,0.404,8.5375e-06,8.695833e-06,8.579159e-06,8.920829e-06,4.237493e-06,4.599992e-06,4.349994e-06,4.54166e-06,7.099994e-06,6.720829e-06,6.937496e-06,6.333327e-06,9.079162e-06,8.574994e-06,4.149993e-06,4.470825e-06
0,203,698.773,0.406,8.479166e-06,8.629163e-06,8.512497e-06,8.849995e-06,4.212499e-06,4.566662e-06,4.320828e-06,4.504164e-06,7.020831e-06,6.641666e-06,6.858325e-06,6.254164e-06,9.004164e-06,8.499996e-06,4.104161e-06,4.420829e-06
0,204,698.924,0.408,8.420833e-06,8.566665e-06,8.462493e-06,8.804162e-06,4.195825e-06,4.54166e-06,4.295826e-06,4.483326e-06,6.970827e-06,6.595826e-06,6.808329e-06,6.199996e-06,8.958332e-06,8.454163e-06,4.083332e-06,4.391662e-06
0,205,699.075,0.41,8.354164e-06,8.50416e-06,8.391658e-06,8.733328e-06,4.174995e-06,4.508328e-06,4.266659e-06,4.441659e-06,6.891664e-06,6.512499e-06,6.729166e-06,6.120833e-06,8.883325e-06,8.383329e-06,4.045828e-06,4.341666e-06
0,206,699.226,0.412,8.29583e-06,8.445827e-06,8.333325e-06,8.67916e-06,4.162494e-06,4.487499e-06,4.249994e-06,4.420829e-06,6.841659e-06,6.462495e-06,6.679161e-06,6.074993e-06,8.837494e-06,8.341662e-06,4.024998e-06,4.312499e-06
0,207,699.377,0.414,8.233333e-06,8.379166e-06,8.266664e-06,8.612497e-06,4.141665e-06,4.462496e-06,4.224992e-06,4.391662e-06,6.762496e-06,6.387496e-06,6.608327e-06,5.999994e-06,8.75833e-06,8.270827e-06,3.995832e-06,4.262495e-06
0,208,699.527,0.416,8.170828e-06,8.324997e-06,8.216659e-06,8.562493e-06,4.133328e-06,4.437494e-06,4.204162e-06,4.370832e-06,6.712492e-06,6.337492e-06,6.554159e-06,5.949998e-06,8.704162e-06,8.216659e-06,3.983331e-06,4.233329e-06
0,209,699.678,0.418,8.10833e-06,8.249998e-06,8.137496e-06,8.487495e-06,4.116662e-06,4.412492e-06,4.183332e-06,4.341666e-06,6.629165e-06,6.258329e-06,6.474996e-06,5.870827e-06,8.629163e-06,8.145825e-06,3.954164e-06,4.183332e-06
0,210,699.829,0.42,8.04166e-06,8.19583e-06,8.087492e-06,8.433326e-06,4.108326e-06,4.399999e-06,4.170831e-06,4.320828e-06,6.579161e-06,6.208332e-06,6.420827e-06,5.820831e-06,8.579159e-06,8.095829e-06,3.941663e-06,4.154166e-06
0,211,699.98,0.422,7.979163e-06,8.120831e-06,8.012494e-06,8.362492e-06,4.099997e-06,4.379161e-06,4.149993e-06,4.299998e-06,6.504162e-06,6.129162e-06,6.345828e-06,5.74166e-06,8.495832e-06,8.02083e-06,3.924998e-06,4.104161e-06
0,212,700.131,0.424,7.916665e-06,8.062498e-06,7.958332e-06,8.308331e-06,4.095833e-06,4.36666e-06,4.137492e-06,4.283325e-06,6.454166e-06,6.079165e-06,6.299997e-06,5.695828e-06,8.454163e-06,7.974998e-06,3.912497e-06,4.070831e-06
0,213,700.282,0.426,7.866661e-06,8.012494e-06,7.908328e-06,8.258326e-06,4.087496e-06,4.354159e-06,4.129163e-06,4.274996e-06,6.404161e-06,6.033325e-06,6.245828e-06,5.645832e-06,8.395831e-06,7.924994e-06,3.90416e-06,4.037492e-06
0,214,700.432,0.428,7.799999e-06,7.94166e-06,7.837494e-06,8.187492e-06,4.087496e-06,4.337493e-06,4.112498e-06,4.254158e-06,6.329163e-06,5.954162e-06,6.170829e-06,5.570825e-06,8.31666e-06,7.849995e-06,3.891659e-06,3.987495e-06
0,215,700.583,0.43,7.733329e-06,7.883326e-06,7.779161e-06,8.12916e-06,4.079159e-06,4.324992e-06,4.104161e-06,4.241665e-06,6.279159e-06,5.904166e-06,6.120833e-06,5.520828e-06,8.262499e-06,7.799999e-06,3.88333e-06,3.958329e-06
0,216,700.734,0.432,7.666659e-06,7.812492e-06,7.704162e-06,8.054161e-06,4.083332e-06,4.316664e-06,4.095833e-06,4.229164e-06,6.199996e-06,5.829159e-06,6.037497e-06,5.449994e-06,8.179164e-06,7.724992e-06,3.879165e-06,3.908332e-06
0,217,700.885,0.434,7.604162e-06,7.749994e-06,7.645829e-06,8.004165e-06,4.083332e-06,4.308327e-06,4.087496e-06,4.220828e-06,6.149999e-06,5.779163e-06,5.991666e-06,5.404162e-06,8.12916e-06,7.674996e-06,3.874993e-06,3.874993e-06
0,218,701.036,0.436,7.533328e-06,7.67916e-06,7.570831e-06,7.93333e-06,4.087496e-06,4.304163e-06,4.083332e-06,4.216663e-06,6.070828e-06,5.708329e-06,5.920831e-06,5.333328e-06,8.049997e-06,7.599997e-06,3.879165e-06,3.829161e-06
0,219,701.187,0.438,7.474995e-06,7.620828e-06,7.516662e-06,7.874997e-06,4.087496e-06,4.299998e-06,4.074995e-06,4.208326e-06,6.024996e-06,5.662497e-06,5.870827e-06,5.291661e-06,7.999993e-06,7.549993e-06,3.874993e-06,3.79583e-06
0,220,701.338,0.44,7.408333e-06,7.545829e-06,7.445828e-06,7.799999e-06,4.09166e-06,4.295826e-06,4.079159e-06,4.204162e-06,5.949998e-06,5.587498e-06,5.791664e-06,5.216662e-06,7.916665e-06,7.479159e-06,3.88333e-06,3.754163e-06
0,221,701.488,0.442,7.341663e-06,7.49166e-06,7.387495e-06,7.74583e-06,4.104161e-06,4.291662e-06,4.074995e-06,4.199997e-06,5.904166e-06,5.537494e-06,5.749996e-06,5.174994e-06,7.862496e-06,7.424998e-06,3.887495e-06,3.720832e-06
0,222,701.639,0.444,7.270829e-06,7.416661e-06,7.312497e-06,7.670832e-06,4.112498e-06,4.291662e-06,4.083332e-06,4.199997e-06,5.829159e-06,5.470832e-06,5.674998e-06,5.108333e-06,7.779161e-06,7.341663e-06,3.899996e-06,3.666663e-06
0,223,701.79,0.446,7.208331e-06,7.358328e-06,7.254163e-06,7.616663e-06,4.116662e-06,4.291662e-06,4.083332e-06,4.199997e-06,5.779163e-06,5.424992e-06,5.624994e-06,5.066665e-06,7.724992e-06,7.295831e-06,3.908332e-06,3.637497e-06
0,224,701.941,0.448,7.137497e-06,7.28333e-06,7.174993e-06,7.533328e-06,4.129163e-06,4.299998e-06,4.087496e-06,4.204162e-06,5.708329e-06,5.349994e-06,5.549995e-06,5.004159e-06,7.641665e-06,7.21666e-06,3.924998e-06,3.587492e-06
0,225,702.092,0.45,7.070827e-06,7.224997e-06,7.120832e-06,7.479159e-06,4.141665e-06,4.299998e-06,4.09166e-06,4.208326e-06,5.662497e-06,5.304162e-06,5.508327e-06,4.962492e-06,7.591661e-06,7.166664e-06,3.933326e-06,3.558326e-06
0,226,702.243,0.452,7.004166e-06,7.145826e-06,7.045825e-06,7.40416e-06,4.162494e-06,4.312499e-06,4.099997e-06,4.216663e-06,5.587498e-06,5.237492e-06,5.433329e-06,4.89583e-06,7.504161e-06,7.083328e-06,3.954164e-06,3.512494e-06
0,227,702.393,0.454,6.937496e-06,7.087493e-06,6.987492e-06,7.345827e-06,4.166659e-06,4.312499e-06,4.108326e-06,4.220828e-06,5.549995e-06,5.195832e-06,5.387497e-06,4.858327e-06,7.454165e-06,7.037497e-06,3.966665e-06,3.479163e-06
0,228,702.544,0.456,6.870826e-06,7.012494e-06,6.912494e-06,7.270829e-06,4.191661e-06,4.329165e-06,4.120827e-06,4.237493e-06,5.474997e-06,5.124998e-06,5.320827e-06,4.799994e-06,7.366665e-06,6.954161e-06,3.991659e-06,3.429159e-06
0,229,702.695,0.458,6.804164e-06,6.954161e-06,6.854161e-06,7.212496e-06,4.199997e-06,4.333329e-06,4.133328e-06,4.241665e-06,5.429165e-06,5.083331e-06,5.274995e-06,4.762499e-06,7.312497e-06,6.904165e-06,4.016661e-06,3.395828e-06
0,230,702.846,0.46,6.729166e-06,6.870826e-06,6.779162e-06,7.133333e-06,4.224992e-06,4.349994e-06,4.145829e-06,4.254158e-06,5.35833e-06,5.016661e-06,5.204161e-06,4.70833e-06,7.229161e-06,6.824994e-06,4.045828e-06,3.349996e-06
0,231,702.997,0.462,6.670833e-06,6.816666e-06,6.720829e-06,7.074992e-06,4.237493e-06,4.358331e-06,4.149993e-06,4.266659e-06,5.316663e-06,4.974993e-06,5.162493e-06,4.674999e-06,7.170828e-06,6.770825e-06,4.062494e-06,3.320829e-06
0,232,703.148,0.464,6.599998e-06,6.737494e-06,6.645831e-06,6.995829e-06,4.266659e-06,4.379161e-06,4.17916e-06,4.287497e-06,5.254165e-06,4.912496e-06,5.095832e-06,4.616666e-06,7.087493e-06,6.691662e-06,4.099997e-06,3.270833e-06
0,233,703.298,0.466,6.533329e-06,6.683326e-06,6.587497e-06,6.94166e-06,4.283325e-06,4.387498e-06,4.187496e-06,4.304163e-06,5.208326e-06,4.874993e-06,5.054164e-06,4.587499e-06,7.02916e-06,6.641666e-06,4.124999e-06,3.241658e-06
0,234,703.449,0.468,6.462495e-06,6.604163e-06,6.508326e-06,6.862497e-06,4.312499e-06,4.412492e-06,4.216663e-06,4.324992e-06,5.145828e-06,4.816659e-06,4.991658e-06,4.54166e-06,6.949997e-06,6.558331e-06,4.166659e-06,3.195826e-06
0,235,703.6,0.47,6.399997e-06,6.54583e-06,6.449994e-06,6.808329e-06,4.324992e-06,4.420829e-06,4.224992e-06,4.337493e-06,5.108333e-06,4.779164e-06,4.954163e-06,4.508328e-06,6.895828e-06,6.508326e-06,4.191661e-06,3.16666e-06
0,236,703.751,0.472,6.333327e-06,6.470831e-06,6.374995e-06,6.724993e-06,4.362496e-06,4.449995e-06,4.249994e-06,4.36666e-06,5.049992e-06,4.724996e-06,4.891666e-06,4.466661e-06,6.812493e-06,6.433328e-06,4.233329e-06,3.120828e-06
0,237,703.902,0.474,6.27083e-06,6.412498e-06,6.320826e-06,6.674997e-06,4.374997e-06,4.462496e-06,4.262495e-06,4.379161e-06,5.008332e-06,4.695829e-06,4.854162e-06,4.441659e-06,6.758332e-06,6.374995e-06,4.258331e-06,3.087497e-06
0,238,704.053,0.476,6.199996e-06,6.337492e-06,6.245828e-06,6.595826e-06,4.412492e-06,4.491663e-06,4.295826e-06,4.412492e-06,4.954163e-06,4.64166e-06,4.79583e-06,4.404164e-06,6.674997e-06,6.299997e-06,4.304163e-06,3.045829e-06
0,239,704.204,0.478,6.141663e-06,6.283331e-06,6.191659e-06,6.537493e-06,4.43333e-06,4.504164e-06,4.308327e-06,4.429166e-06,4.91666e-06,4.612494e-06,4.762499e-06,4.379161e-06,6.620828e-06,6.245828e-06,4.329165e-06,3.020827e-06
0,240,704.354,0.48,6.066664e-06,6.20416e-06,6.112496e-06,6.45833e-06,4.462496e-06,4.529158e-06,4.341666e-06,4.462496e-06,4.858327e-06,4.558333e-06,4.70833e-06,4.34583e-06,6.537493e-06,6.162492e-06,4.379161e-06,2.974995e-06
0,241,704.505,0.482,6.008331e-06,6.145827e-06,6.058327e-06,6.404161e-06,4.487499e-06,4.554161e-06,4.354159e-06,4.483326e-06,4.824996e-06,4.529158e-06,4.674999e-06,4.324992e-06,6.483333e-06,6.112496e-06,4.412492e-06,2.945828e-06
0,242,704.656,0.484,5.962499e-06,6.104159e-06,6.012495e-06,6.354165e-06,4.499992e-06,4.566662e-06,4.370832e-06,4.499992e-06,4.79583e-06,4.504164e-06,4.645832e-06,4.304163e-06,6.433328e-06,6.070828e-06,4.441659e-06,2.920826e-06
0,243,704.807,0.486,5.891665e-06,6.024996e-06,5.933332e-06,6.274994e-06,4.537495e-06,4.595828e-06,4.404164e-06,4.537495e-06,4.741661e-06,4.462496e-06,4.595828e-06,4.274996e-06,6.349993e-06,5.987493e-06,4.499992e-06,2.874994e-06
0,244,704.958,0.488,5.833332e-06,5.970828e-06,5.883328e-06,6.220826e-06,4.558333e-06,4.612494e-06,4.424993e-06,4.554161e-06,4.70833e-06,4.43333e-06,4.566662e-06,4.258331e-06,6.295832e-06,5.937497e-06,4.529158e-06,2.849992e-06
0,245,705.109,0.49,5.766662e-06,5.895829e-06,5.80833e-06,6.141663e-06,4.599992e-06,4.645832e-06,4.462496e-06,4.595828e-06,4.662498e-06,4.391662e-06,4.520829e-06,4.241665e-06,6.216661e-06,5.862498e-06,4.587499e-06,2.808333e-06
0,246,705.259,0.492,5.708329e-06,5.84166e-06,5.754161e-06,6.087494e-06,4.62083e-06,4.666662e-06,4.483326e-06,4.616666e-06,4.637496e-06,4.374997e-06,4.491663e-06,4.224992e-06,6.162492e-06,5.812494e-06,4.62083e-06,2.78333e-06
0,247,705.41,0.494,5.641659e-06,5.766662e-06,5.683327e-06,6.008331e-06,4.658325e-06,4.704165e-06,4.520829e-06,4.662498e-06,4.595828e-06,4.337493e-06,4.45416e-06,4.208326e-06,6.083329e-06,5.733331e-06,4.683327e-06,2.745827e-06
0,248,705.561,0.496,5.583326e-06,5.716666e-06,5.629166e-06,5.954162e-06,4.683327e-06,4.720831e-06,4.54166e-06,4.683327e-06,4.562497e-06,4.316664e-06,4.429166e-06,4.195825e-06,6.029161e-06,5.683327e-06,4.716659e-06,2.71666e-06
0,249,705.712,0.498,5.520828e-06,5.641659e-06,5.55416e-06,5.874999e-06,4.724996e-06,4.758326e-06,4.579163e-06,4.724996e-06,4.524994e-06,4.287497e-06,4.391662e-06,4.187496e-06,5.949998e-06,5.608328e-06,4.779164e-06,2.68333e-06
0,250,705.863,0.5,5.46666e-06,5.591663e-06,5.504163e-06,5.829159e-06,4.745825e-06,4.774992e-06,4.599992e-06,4.754162e-06,4.504164e-06,4.274996e-06,4.36666e-06,4.17916e-06,5.899994e-06,5.558332e-06,4.816659e-06,2.662492e-06
0,251,706.014,0.502,5.404162e-06,5.524993e-06,5.441666e-06,5.754161e-06,4.787493e-06,4.812495e-06,4.645832e-06,4.799994e-06,4.466661e-06,4.24583e-06,4.337493e-06,4.174995e-06,5.824995e-06,5.483325e-06,4.883329e-06,2.620832e-06
0,252,706.165,0.504,5.345829e-06,5.470832e-06,5.387497e-06,5.695828e-06,4.812495e-06,4.833333e-06,4.662498e-06,4.820832e-06,4.441659e-06,4.229164e-06,4.316664e-06,4.166659e-06,5.770826e-06,5.433329e-06,4.912496e-06,2.59583e-06
0,253,706.315,0.506,5.287496e-06,5.399998e-06,5.320827e-06,5.624994e-06,4.849998e-06,4.870828e-06,4.704165e-06,4.870828e-06,4.412492e-06,4.212499e-06,4.291662e-06,4.166659e-06,5.691663e-06,5.35833e-06,4.974993e-06,2.566663e-06
0,254,706.466,0.508,5.233328e-06,5.354166e-06,5.270831e-06,5.574997e-06,4.874993e-06,4.891666e-06,4.72916e-06,4.89583e-06,4.391662e-06,4.204162e-06,4.274996e-06,4.170831e-06,5.641659e-06,5.316663e-06,5.020825e-06,2.541661e-06
0,255,706.617,0.51,5.174994e-06,5.287496e-06,5.208326e-06,5.504163e-06,4.91666e-06,4.933325e-06,4.766663e-06,4.941662e-06,4.36666e-06,4.187496e-06,4.249994e-06,4.170831e-06,5.570825e-06,5.241664e-06,5.083331e-06,2.516659e-06
0,256,706.768,0.512,5.129163e-06,5.241664e-06,5.162493e-06,5.454159e-06,4.933325e-06,4.949999e-06,4.787493e-06,4.966664e-06,4.349994e-06,4.17916e-06,4.241665e-06,4.174995e-06,5.524993e-06,5.199997e-06,5.116661e-06,2.495829e-06
0,257,706.919,0.514,5.074994e-06,5.179159e-06,5.099996e-06,5.383333e-06,4.979165e-06,4.987494e-06,4.82916e-06,5.012496e-06,4.333329e-06,4.174995e-06,4.224992e-06,4.183332e-06,5.458331e-06,5.129163e-06,5.183331e-06,2.462498e-06
0,258,707.07,0.516,5.024997e-06,5.133327e-06,5.058328e-06,5.337492e-06,4.995831e-06,5.004159e-06,4.858327e-06,5.037498e-06,4.316664e-06,4.166659e-06,4.212499e-06,4.187496e-06,5.408327e-06,5.083331e-06,5.224999e-06,2.441661e-06
0,259,707.22,0.518,4.970829e-06,5.074994e-06,4.995831e-06,5.266658e-06,5.041663e-06,5.045827e-06,4.899995e-06,5.087495e-06,4.299998e-06,4.162494e-06,4.204162e-06,4.204162e-06,5.337492e-06,5.016661e-06,5.283332e-06,2.416658e-06
0,260,707.371,0.52,4.920832e-06,5.024997e-06,4.949999e-06,5.216662e-06,5.058328e-06,5.062493e-06,4.91666e-06,5.116661e-06,4.287497e-06,4.15833e-06,4.195825e-06,4.212499e-06,5.291661e-06,4.970829e-06,5.324991e-06,2.399993e-06
0,261,707.522,0.522,4.874993e-06,4.966664e-06,4.891666e-06,5.149992e-06,5.108333e-06,5.10416e-06,4.966664e-06,5.17083e-06,4.274996e-06,4.162494e-06,4.187496e-06,4.229164e-06,5.224999e-06,4.908331e-06,5.391661e-06,2.379163e-06
0,262,707.673,0.524,4.82916e-06,4.924997e-06,4.854162e-06,5.10416e-06,5.129163e-06,5.124998e-06,4.979165e-06,5.195832e-06,4.270832e-06,4.166659e-06,4.183332e-06,4.241665e-06,5.179159e-06,4.866663e-06,5.433329e-06,2.358325e-06
0,263,707.824,0.526,4.787493e-06,4.870828e-06,4.799994e-06,5.041663e-06,5.166666e-06,5.162493e-06,5.024997e-06,5.245829e-06,4.266659e-06,4.174995e-06,4.183332e-06,4.266659e-06,5.120826e-06,4.804158e-06,5.499999e-06,2.337496e-06
0,264,707.975,0.528,4.745825e-06,4.82916e-06,4.762499e-06,4.995831e-06,5.195832e-06,5.179159e-06,5.049992e-06,5.266658e-06,4.258331e-06,4.17916e-06,4.183332e-06,4.27916e-06,5.074994e-06,4.758326e-06,5.537494e-06,2.324995e-06
0,265,708.125,0.53,4.699993e-06,4.779164e-06,4.70833e-06,4.937498e-06,5.229163e-06,5.216662e-06,5.087495e-06,5.316663e-06,4.258331e-06,4.187496e-06,4.187496e-06,4.312499e-06,5.016661e-06,4.704165e-06,5.599999e-06,2.304165e-06
0,266,708.276,0.532,4.666662e-06,4.741661e-06,4.674999e-06,4.891666e-06,5.249993e-06,5.233328e-06,5.112497e-06,5.345829e-06,4.258331e-06,4.199997e-06,4.191661e-06,4.329165e-06,4.974993e-06,4.666662e-06,5.641659e-06,2.291664e-06
0,267,708.427,0.534,4.629159e-06,4.695829e-06,4.629159e-06,4.837497e-06,5.291661e-06,5.270831e-06,5.154165e-06,5.395826e-06,4.258331e-06,4.216663e-06,4.199997e-06,4.362496e-06,4.920832e-06,4.604165e-06,5.704164e-06,2.274998e-06
0,268,708.578,0.536,4.591664e-06,4.662498e-06,4.599992e-06,4.799994e-06,5.304162e-06,5.27916e-06,5.174994e-06,5.416663e-06,4.258331e-06,4.224992e-06,4.208326e-06,4.379161e-06,4.883329e-06,4.574998e-06,5.745832e-06,2.266661e-06
0,269,708.729,0.538,4.570826e-06,4.629159e-06,4.566662e-06,4.762499e-06,5.329164e-06,5.304162e-06,5.19166e-06,5.44583e-06,4.266659e-06,4.237493e-06,4.216663e-06,4.399999e-06,4.854162e-06,4.537495e-06,5.783327e-06,2.25416e-06
0,270,708.88,0.54,4.54166e-06,4.591664e-06,4.524994e-06,4.712494e-06,5.366659e-06,5.337492e-06,5.233328e-06,5.495826e-06,4.274996e-06,4.258331e-06,4.233329e-06,4.437494e-06,4.804158e-06,4.491663e-06,5.845833e-06,2.245831e-06
0,271,709.031,0.542,4.512493e-06,4.562497e-06,4.499992e-06,4.679163e-06,5.387497e-06,5.349994e-06,5.254165e-06,5.516664e-06,4.283325e-06,4.274996e-06,4.24583e-06,4.458332e-06,4.774992e-06,4.462496e-06,5.883328e-06,2.237495e-06
0,272,709.181,0.544,4.487499e-06,4.524994e-06,4.466661e-06,4.629159e-06,5.420828e-06,5.391661e-06,5.295825e-06,5.570825e-06,4.299998e-06,4.304163e-06,4.262495e-06,4.499992e-06,4.72916e-06,4.416665e-06,5.949998e-06,2.229158e-06
0,273,709.332,0.546,4.462496e-06,4.499992e-06,4.441659e-06,4.595828e-06,5.437493e-06,5.404162e-06,5.316663e-06,5.591663e-06,4.304163e-06,4.316664e-06,4.274996e-06,4.529158e-06,4.699993e-06,4.387498e-06,5.983329e-06,2.224994e-06
0,274,709.483,0.548,4.441659e-06,4.470825e-06,4.408328e-06,4.549996e-06,5.479161e-06,5.433329e-06,5.349994e-06,5.637495e-06,4.324992e-06,4.349994e-06,4.304163e-06,4.570826e-06,4.662498e-06,4.34583e-06,6.045826e-06,2.216665e-06
0,275,709.634,0.55,4.416665e-06,4.445831e-06,4.387498e-06,4.524994e-06,5.491662e-06,5.449994e-06,5.374996e-06,5.662497e-06,4.341666e-06,4.370832e-06,4.312499e-06,4.595828e-06,4.637496e-06,4.324992e-06,6.083329e-06,2.216665e-06
0,276,709.785,0.552,4.399999e-06,4.416665e-06,4.362496e-06,4.483326e-06,5.53333e-06,5.483325e-06,5.412499e-06,5.716666e-06,4.362496e-06,4.412492e-06,4.349994e-06,4.64166e-06,4.599992e-06,4.287497e-06,6.145827e-06,2.208328e-06
0,277,709.936,0.554,4.387498e-06,4.399999e-06,4.34583e-06,4.458332e-06,5.549995e-06,5.499999e-06,5.429165e-06,5.733331e-06,4.374997e-06,4.429166e-06,4.36666e-06,4.666662e-06,4.574998e-06,4.266659e-06,6.18333e-06,2.212493e-06
0,278,710.086,0.556,4.374997e-06,4.379161e-06,4.329165e-06,4.424993e-06,5.583326e-06,5.529165e-06,5.46666e-06,5.779163e-06,4.404164e-06,4.470825e-06,4.399999e-06,4.720831e-06,4.545832e-06,4.233329e-06,6.245828e-06,2.212493e-06
0,279,710.237,0.558,4.362496e-06,4.362496e-06,4.312499e-06,4.404164e-06,5.599999e-06,5.541659e-06,5.487498e-06,5.799993e-06,4.420829e-06,4.491663e-06,4.420829e-06,4.749998e-06,4.529158e-06,4.212499e-06,6.279159e-06,2.212493e-06
0,280,710.388,0.56,4.358331e-06,4.349994e-06,4.295826e-06,4.374997e-06,5.63333e-06,5.570825e-06,5.524993e-06,5.849997e-06,4.449995e-06,4.537495e-06,4.462496e-06,4.804158e-06,4.504164e-06,4.187496e-06,6.337492e-06,2.216665e-06
0,281,710.539,0.562,4.349994e-06,4.333329e-06,4.287497e-06,4.354159e-06,5.645832e-06,5.583326e-06,5.541659e-06,5.874999e-06,4.474998e-06,4.566662e-06,4.483326e-06,4.82916e-06,4.491663e-06,4.170831e-06,6.370831e-06,2.220829e-06
0,282,710.69,0.564,4.349994e-06,4.324992e-06,4.27916e-06,4.333329e-06,5.679162e-06,5.612493e-06,5.583326e-06,5.920831e-06,4.512493e-06,4.612494e-06,4.529158e-06,4.887494e-06,4.470825e-06,4.154166e-06,6.437492e-06,2.224994e-06
0,283,710.841,0.566,4.349994e-06,4.320828e-06,4.270832e-06,4.316664e-06,5.691663e-06,5.620829e-06,5.595827e-06,5.941661e-06,4.53333e-06,4.633331e-06,4.549996e-06,4.912496e-06,4.458332e-06,4.145829e-06,6.466659e-06,2.229158e-06
0,284,710.992,0.568,4.354159e-06,4.312499e-06,4.270832e-06,4.304163e-06,5.724994e-06,5.645832e-06,5.624994e-06,5.979165e-06,4.570826e-06,4.679163e-06,4.591664e-06,4.970829e-06,4.449995e-06,4.129163e-06,6.524992e-06,2.241659e-06
0,285,711.142,0.57,4.354159e-06,4.312499e-06,4.266659e-06,4.291662e-06,5.737495e-06,5.658333e-06,5.641659e-06,5.999994e-06,4.595828e-06,4.70833e-06,4.616666e-06,4.999995e-06,4.441659e-06,4.120827e-06,6.558331e-06,2.25416e-06
0,286,711.293,0.572,4.362496e-06,4.312499e-06,4.270832e-06,4.283325e-06,5.766662e-06,5.683327e-06,5.674998e-06,6.045826e-06,4.64166e-06,4.762499e-06,4.666662e-06,5.054164e-06,4.437494e-06,4.112498e-06,6.612492e-06,2.262497e-06
0,287,711.444,0.574,4.36666e-06,4.312499e-06,4.270832e-06,4.270832e-06,5.774998e-06,5.691663e-06,5.691663e-06,6.058327e-06,4.662498e-06,4.783328e-06,4.687492e-06,5.083331e-06,4.43333e-06,4.108326e-06,6.645831e-06,2.266661e-06
0,288,711.595,0.576,4.383326e-06,4.316664e-06,4.27916e-06,4.270832e-06,5.804165e-06,5.716666e-06,5.724994e-06,6.104159e-06,4.70833e-06,4.837497e-06,4.737497e-06,5.141664e-06,4.43333e-06,4.108326e-06,6.699999e-06,2.283327e-06
0,289,711.746,0.578,4.387498e-06,4.316664e-06,4.283325e-06,4.262495e-06,5.816658e-06,5.724994e-06,5.74166e-06,6.116661e-06,4.733332e-06,4.866663e-06,4.762499e-06,5.166666e-06,4.43333e-06,4.104161e-06,6.729166e-06,2.291664e-06
0,290,711.897,0.58,4.408328e-06,4.337493e-06,4.295826e-06,4.262495e-06,5.84166e-06,5.745832e-06,5.766662e-06,6.158328e-06,4.783328e-06,4.91666e-06,4.808331e-06,5.224999e-06,4.437494e-06,4.108326e-06,6.783327e-06,2.312493e-06
0,291,712.047,0.582,4.416665e-06,4.337493e-06,4.308327e-06,4.262495e-06,5.854161e-06,5.754161e-06,5.779163e-06,6.174993e-06,4.812495e-06,4.945827e-06,4.841661e-06,5.254165e-06,4.445831e-06,4.112498e-06,6.812493e-06,2.324995e-06
0,292,712.198,0.584,4.449995e-06,4.358331e-06,4.324992e-06,4.262495e-06,5.879164e-06,5.774998e-06,5.816658e-06,6.216661e-06,4.854162e-06,4.999995e-06,4.89583e-06,5.312499e-06,4.45416e-06,4.116662e-06,6.862497e-06,2.34166e-06
0,293,712.349,0.586,4.462496e-06,4.370832e-06,4.333329e-06,4.270832e-06,5.887493e-06,5.783327e-06,5.829159e-06,6.233327e-06,4.883329e-06,5.029162e-06,4.924997e-06,5.341665e-06,4.462496e-06,4.120827e-06,6.891664e-06,2.354161e-06
0,294,712.5,0.588,4.487499e-06,4.387498e-06,4.358331e-06,4.27916e-06,5.90833e-06,5.799993e-06,5.854161e-06,6.266665e-06,4.933325e-06,5.083331e-06,4.974993e-06,5.399998e-06,4.479162e-06,4.141665e-06,6.94166e-06,2.383327e-06
0,295,712.651,0.59,4.508328e-06,4.404164e-06,4.374997e-06,4.287497e-06,5.924996e-06,5.80833e-06,5.870827e-06,6.283331e-06,4.966664e-06,5.112497e-06,5.008332e-06,5.433329e-06,4.487499e-06,4.149993e-06,6.970827e-06,2.395828e-06
0,296,712.802,0.592,4.529158e-06,4.416665e-06,4.387498e-06,4.295826e-06,5.937497e-06,5.812494e-06,5.879164e-06,6.299997e-06,4.995831e-06,5.145828e-06,5.033326e-06,5.458331e-06,4.504164e-06,4.15833e-06,6.995829e-06,2.412494e-06
0,297,712.952,0.594,4.562497e-06,4.445831e-06,4.420829e-06,4.316664e-06,5.958327e-06,5.833332e-06,5.916659e-06,6.341664e-06,5.049992e-06,5.204161e-06,5.091659e-06,5.516664e-06,4.524994e-06,4.17916e-06,7.049998e-06,2.437496e-06
0,298,713.103,0.596,4.583327e-06,4.462496e-06,4.437494e-06,4.329165e-06,5.966663e-06,5.84166e-06,5.92916e-06,6.354165e-06,5.079166e-06,5.233328e-06,5.124998e-06,5.55416e-06,4.537495e-06,4.199997e-06,7.079164e-06,2.454162e-06
0,299,713.254,0.598,4.624995e-06,4.495827e-06,4.470825e-06,4.349994e-06,5.991666e-06,5.866663e-06,5.962499e-06,6.399997e-06,5.137499e-06,5.291661e-06,5.179159e-06,5.604164e-06,4.570826e-06,4.224992e-06,7.129161e-06,2.487493e-06
0,300,713.405,0.6,4.654161e-06,4.520829e-06,4.504164e-06,4.36666e-06,5.999994e-06,5.862498e-06,5.970828e-06,6.404161e-06,5.17083e-06,5.316663e-06,5.208326e-06,5.63333e-06,4.591664e-06,4.241665e-06,7.154163e-06,2.499994e-06
0,301,713.556,0.602,4.691664e-06,4.558333e-06,4.53333e-06,4.395827e-06,6.024996e-06,5.891665e-06,5.999994e-06,6.449994e-06,5.224999e-06,5.374996e-06,5.262494e-06,5.687499e-06,4.629159e-06,4.270832e-06,7.199995e-06,2.52916e-06
0,302,713.707,0.604,4.716659e-06,4.583327e-06,4.558333e-06,4.408328e-06,6.029161e-06,5.891665e-06,6.008331e-06,6.45833e-06,5.25833e-06,5.404162e-06,5.295825e-06,5.72083e-06,4.645832e-06,4.291662e-06,7.224997e-06,2.549998e-06
0,303,713.858,0.606,4.766663e-06,4.624995e-06,4.604165e-06,4.449995e-06,6.058327e-06,5.916659e-06,6.041662e-06,6.495825e-06,5.316663e-06,5.46666e-06,5.354166e-06,5.774998e-06,4.687492e-06,4.333329e-06,7.270829e-06,2.587493e-06
0,304,714.008,0.608,4.799994e-06,4.649997e-06,4.637496e-06,4.466661e-06,6.062492e-06,5.920831e-06,6.054163e-06,6.508326e-06,5.345829e-06,5.491662e-06,5.383333e-06,5.804165e-06,4.712494e-06,4.349994e-06,7.295831e-06,2.599994e-06
0,305,714.159,0.61,4.849998e-06,4.695829e-06,4.683327e-06,4.508328e-06,6.087494e-06,5.941661e-06,6.083329e-06,6.54583e-06,5.404162e-06,5.549995e-06,5.441666e-06,5.862498e-06,4.758326e-06,4.395827e-06,7.341663e-06,2.637498e-06
0,306,714.31,0.612,4.879165e-06,4.724996e-06,4.70833e-06,4.529158e-06,6.091658e-06,5.945826e-06,6.091658e-06,6.558331e-06,5.433329e-06,5.579162e-06,5.46666e-06,5.883328e-06,4.779164e-06,4.420829e-06,7.362493e-06,2.654163e-06
0,307,714.461,0.614,4.924997e-06,4.770827e-06,4.758326e-06,4.574998e-06,6.116661e-06,5.966663e-06,6.120833e-06,6.591662e-06,5.495826e-06,5.629166e-06,5.524993e-06,5.941661e-06,4.833333e-06,4.466661e-06,7.408333e-06,2.695831e-06
0,308,714.612,0.616,4.958328e-06,4.808331e-06,4.787493e-06,4.599992e-06,6.120833e-06,5.970828e-06,6.133326e-06,6.608327e-06,5.524993e-06,5.662497e-06,5.558332e-06,5.966663e-06,4.858327e-06,4.491663e-06,7.433327e-06,2.708332e-06
0,309,714.763,0.618,5.012496e-06,4.858327e-06,4.845826e-06,4.645832e-06,6.145827e-06,5.991666e-06,6.162492e-06,6.637494e-06,5.583326e-06,5.712493e-06,5.608328e-06,6.01666e-06,4.912496e-06,4.54166e-06,7.47083e-06,2.745827e-06
0,310,714.913,0.62,5.049992e-06,4.887494e-06,4.874993e-06,4.670826e-06,6.145827e-06,5.991666e-06,6.170829e-06,6.654159e-06,5.612493e-06,5.74166e-06,5.637495e-06,6.045826e-06,4.941662e-06,4.574998e-06,7.49166e-06,2.770829e-06
0,311,715.064,0.622,5.10416e-06,4.945827e-06,4.933325e-06,4.724996e-06,6.170829e-06,6.012495e-06,6.199996e-06,6.687498e-06,5.670825e-06,5.795829e-06,5.695828e-06,6.091658e-06,4.991658e-06,4.616666e-06,7.533328e-06,2.808333e-06
0,312,715.215,0.624,5.137499e-06,4.979165e-06,4.966664e-06,4.749998e-06,6.174993e-06,6.01666e-06,6.212497e-06,6.695827e-06,5.699992e-06,5.820831e-06,5.716666e-06,6.116661e-06,5.020825e-06,4.645832e-06,7.549993e-06,2.824998e-06
0,313,715.366,0.626,5.187495e-06,5.033326e-06,5.020825e-06,4.804158e-06,6.195831e-06,6.037497e-06,6.237499e-06,6.73333e-06,5.758325e-06,5.879164e-06,5.774998e-06,6.166665e-06,5.079166e-06,4.704165e-06,7.595825e-06,2.866665e-06
0,314,715.517,0.628,5.229163e-06,5.066665e-06,5.054164e-06,4.833333e-06,6.199996e-06,6.037497e-06,6.249992e-06,6.741659e-06,5.783327e-06,5.899994e-06,5.804165e-06,6.195831e-06,5.112497e-06,4.737497e-06,7.612498e-06,2.883331e-06
0,315,715.668,0.63,5.27916e-06,5.124998e-06,5.120826e-06,4.89583e-06,6.220826e-06,6.062492e-06,6.274994e-06,6.774998e-06,5.84166e-06,5.954162e-06,5.854161e-06,6.245828e-06,5.174994e-06,4.791665e-06,7.649994e-06,2.929163e-06
0,316,715.819,0.632,5.324991e-06,5.166666e-06,5.158329e-06,4.929161e-06,6.229162e-06,6.074993e-06,6.29166e-06,6.787499e-06,5.874999e-06,5.983329e-06,5.879164e-06,6.27083e-06,5.204161e-06,4.820832e-06,7.670832e-06,2.945828e-06
0,317,715.969,0.634,5.374996e-06,5.224999e-06,5.220827e-06,4.98333e-06,6.249992e-06,6.091658e-06,6.316662e-06,6.82083e-06,5.92916e-06,6.029161e-06,5.933332e-06,6.312498e-06,5.270831e-06,4.879165e-06,7.699999e-06,2.983332e-06
0,318,716.12,0.636,5.416663e-06,5.262494e-06,5.25833e-06,5.016661e-06,6.262493e-06,6.09583e-06,6.333327e-06,6.837495e-06,5.958327e-06,6.058327e-06,5.958327e-06,6.337492e-06,5.308326e-06,4.920832e-06,7.724992e-06,3.008326e-06
0,319,716.271,0.638,5.470832e-06,5.324991e-06,5.320827e-06,5.074994e-06,6.274994e-06,6.116661e-06,6.358329e-06,6.866662e-06,6.008331e-06,6.108331e-06,6.012495e-06,6.383332e-06,5.366659e-06,4.979165e-06,7.758331e-06,3.049993e-06
0,320,716.422,0.64,5.512492e-06,5.366659e-06,5.35833e-06,5.112497e-06,6.283331e-06,6.129162e-06,6.374995e-06,6.879163e-06,6.037497e-06,6.129162e-06,6.033325e-06,6.408326e-06,5.399998e-06,5.016661e-06,7.774996e-06,3.070831e-06
0,321,716.573,0.642,5.566661e-06,5.429165e-06,5.424992e-06,5.174994e-06,6.304161e-06,6.149999e-06,6.399997e-06,6.916666e-06,6.09583e-06,6.18333e-06,6.083329e-06,6.449994e-06,5.46666e-06,5.074994e-06,7.804163e-06,3.108327e-06
0,322,716.724,0.644,5.604164e-06,5.46666e-06,5.458331e-06,5.212498e-06,6.308325e-06,6.158328e-06,6.416662e-06,6.929159e-06,6.116661e-06,6.195831e-06,6.108331e-06,6.466659e-06,5.499999e-06,5.108333e-06,7.824993e-06,3.129164e-06
0,323,716.874,0.646,5.641659e-06,5.504163e-06,5.491662e-06,5.241664e-06,6.312498e-06,6.162492e-06,6.424999e-06,6.94166e-06,6.145827e-06,6.224998e-06,6.129162e-06,6.491661e-06,5.541659e-06,5.145828e-06,7.841659e-06,3.154159e-06
0,324,717.025,0.648,5.695828e-06,5.570825e-06,5.566661e-06,5.308326e-06,6.333327e-06,6.187495e-06,6.45833e-06,6.974999e-06,6.199996e-06,6.27083e-06,6.179166e-06,6.537493e-06,5.604164e-06,5.208326e-06,7.870825e-06,3.191662e-06
0,325,717.176,0.65,5.737495e-06,5.608328e-06,5.604164e-06,5.345829e-06,6.341664e-06,6.199996e-06,6.470831e-06,6.987492e-06,6.220826e-06,6.295832e-06,6.20416e-06,6.558331e-06,5.637495e-06,5.241664e-06,7.887498e-06,3.216664e-06
0,326,717.327,0.652,5.791664e-06,5.670825e-06,5.662497e-06,5.408327e-06,6.366666e-06,6.224998e-06,6.499998e-06,7.02916e-06,6.279159e-06,6.341664e-06,6.249992e-06,6.599998e-06,5.708329e-06,5.308326e-06,7.920829e-06,3.249995e-06
0,327,717.478,0.654,5.833332e-06,5.716666e-06,5.704164e-06,5.44583e-06,6.374995e-06,6.237499e-06,6.512499e-06,7.037497e-06,6.304161e-06,6.362494e-06,6.27083e-06,6.620828e-06,5.737495e-06,5.345829e-06,7.93333e-06,3.274997e-06
0,328,717.629,0.656,5.883328e-06,5.779163e-06,5.770826e-06,5.512492e-06,6.39166e-06,6.262493e-06,6.541665e-06,7.070827e-06,6.354165e-06,6.408326e-06,6.320826e-06,6.662496e-06,5.804165e-06,5.404162e-06,7.962497e-06,3.312492e-06
0,329,717.779,0.658,5.924996e-06,5.820831e-06,5.80833e-06,5.549995e-06,6.404161e-06,6.274994e-06,6.562495e-06,7.087493e-06,6.383332e-06,6.424999e-06,6.341664e-06,6.683326e-06,5.84166e-06,5.437493e-06,7.974998e-06,3.33333e-06
0,330,717.93,0.66,5.979165e-06,5.887493e-06,5.874999e-06,5.620829e-06,6.424999e-06,6.304161e-06,6.591662e-06,7.120832e-06,6.424999e-06,6.470831e-06,6.387496e-06,6.720829e-06,5.904166e-06,5.504163e-06,8.008329e-06,3.370825e-06
0,331,718.081,0.662,6.020832e-06,5.92916e-06,5.920831e-06,5.65416e-06,6.429163e-06,6.316662e-06,6.608327e-06,7.133333e-06,6.454166e-06,6.491661e-06,6.408326e-06,6.741659e-06,5.941661e-06,5.545831e-06,8.016666e-06,3.395828e-06
0,332,718.232,0.664,6.074993e-06,5.99583e-06,5.983329e-06,5.724994e-06,6.45833e-06,6.341664e-06,6.641666e-06,7.174993e-06,6.499998e-06,6.533329e-06,6.449994e-06,6.779162e-06,6.012495e-06,5.604164e-06,8.045832e-06,3.433331e-06
0,333,718.383,0.666,6.112496e-06,6.041662e-06,6.024996e-06,5.762497e-06,6.462495e-06,6.358329e-06,6.658332e-06,7.19583e-06,6.516663e-06,6.549994e-06,6.470831e-06,6.795828e-06,6.037497e-06,5.641659e-06,8.058326e-06,3.449996e-06
0,334,718.534,0.668,6.162492e-06,6.104159e-06,6.091658e-06,5.829159e-06,6.487497e-06,6.387496e-06,6.691662e-06,7.224997e-06,6.570832e-06,6.591662e-06,6.512499e-06,6.833331e-06,6.108331e-06,5.708329e-06,8.087492e-06,3.487492e-06
0,335,718.685,0.67,6.20416e-06,6.145827e-06,6.129162e-06,5.866663e-06,6.499998e-06,6.399997e-06,6.708328e-06,7.241662e-06,6.591662e-06,6.608327e-06,6.537493e-06,6.854161e-06,6.141663e-06,5.737495e-06,8.099993e-06,3.504165e-06
0,336,718.835,0.672,6.249992e-06,6.20416e-06,6.191659e-06,5.92916e-06,6.516663e-06,6.433328e-06,6.741659e-06,7.274993e-06,6.637494e-06,6.645831e-06,6.574996e-06,6.891664e-06,6.195831e-06,5.795829e-06,8.124995e-06,3.54166e-06
0,337,718.986,0.674,6.287495e-06,6.245828e-06,6.229162e-06,5.970828e-06,6.529164e-06,6.454166e-06,6.758332e-06,7.299996e-06,6.654159e-06,6.66666e-06,6.591662e-06,6.908329e-06,6.241663e-06,5.833332e-06,8.133332e-06,3.562498e-06
0,338,719.137,0.676,6.337492e-06,6.308325e-06,6.295832e-06,6.037497e-06,6.554159e-06,6.483333e-06,6.795828e-06,7.337499e-06,6.704164e-06,6.708328e-06,6.63333e-06,6.945832e-06,6.299997e-06,5.895829e-06,8.162498e-06,3.599993e-06
0,339,719.288,0.678,6.374995e-06,6.354165e-06,6.333327e-06,6.074993e-06,6.56666e-06,6.499998e-06,6.816666e-06,7.358328e-06,6.720829e-06,6.720829e-06,6.649995e-06,6.962498e-06,6.333327e-06,5.924996e-06,8.170828e-06,3.616659e-06
0,340,719.439,0.68,6.424999e-06,6.416662e-06,6.395833e-06,6.145827e-06,6.587497e-06,6.537493e-06,6.849996e-06,7.391659e-06,6.762496e-06,6.758332e-06,6.687498e-06,6.995829e-06,6.39166e-06,5.987493e-06,8.191665e-06,3.649998e-06
0,341,719.59,0.682,6.454166e-06,6.45833e-06,6.429163e-06,6.174993e-06,6.604163e-06,6.554159e-06,6.866662e-06,7.408333e-06,6.783327e-06,6.774998e-06,6.704164e-06,7.016659e-06,6.424999e-06,6.020832e-06,8.199993e-06,3.670827e-06
0,342,719.74,0.684,6.504162e-06,6.512499e-06,6.491661e-06,6.237499e-06,6.624993e-06,6.587497e-06,6.904165e-06,7.454165e-06,6.824994e-06,6.812493e-06,6.745831e-06,7.049998e-06,6.483333e-06,6.079165e-06,8.224996e-06,3.704158e-06
0,343,719.891,0.686,6.537493e-06,6.554159e-06,6.529164e-06,6.279159e-06,6.637494e-06,6.612492e-06,6.929159e-06,7.47083e-06,6.841659e-06,6.824994e-06,6.758332e-06,7.066663e-06,6.512499e-06,6.108331e-06,8.233333e-06,3.724996e-06
0,344,720.042,0.688,6.583325e-06,6.616664e-06,6.591662e-06,6.337492e-06,6.658332e-06,6.645831e-06,6.962498e-06,7.508326e-06,6.883327e-06,6.866662e-06,6.799992e-06,7.104159e-06,6.574996e-06,6.162492e-06,8.258326e-06,3.749998e-06
0,345,720.193,0.69,6.612492e-06,6.654159e-06,6.629165e-06,6.370831e-06,6.670833e-06,6.66666e-06,6.983328e-06,7.529163e-06,6.895828e-06,6.879163e-06,6.808329e-06,7.11666e-06,6.599998e-06,6.195831e-06,8.262499e-06,3.770828e-06
0,346,720.344,0.692,6.658332e-06,6.712492e-06,6.683326e-06,6.433328e-06,6.695827e-06,6.699999e-06,7.020831e-06,7.570831e-06,6.933331e-06,6.908329e-06,6.841659e-06,7.149999e-06,6.658332e-06,6.254164e-06,8.283329e-06,3.799995e-06
0,347,720.495,0.694,6.687498e-06,6.749995e-06,6.720829e-06,6.466659e-06,6.704164e-06,6.720829e-06,7.037497e-06,7.591661e-06,6.954161e-06,6.924995e-06,6.862497e-06,7.166664e-06,6.687498e-06,6.279159e-06,8.29583e-06,3.812496e-06
0,348,720.646,0.696,6.729166e-06,6.808329e-06,6.779162e-06,6.529164e-06,6.73333e-06,6.762496e-06,7.079164e-06,7.633328e-06,6.991665e-06,6.954161e-06,6.8875e-06,7.204159e-06,6.741659e-06,6.333327e-06,8.312496e-06,3.845827e-06
0,349,720.796,0.698,6.758332e-06,6.845832e-06,6.808329e-06,6.56666e-06,6.745831e-06,6.787499e-06,7.099994e-06,7.658331e-06,7.00833e-06,6.970827e-06,6.908329e-06,7.220833e-06,6.766661e-06,6.362494e-06,8.320832e-06,3.862492e-06
0,350,720.947,0.7,6.799992e-06,6.904165e-06,6.870826e-06,6.629165e-06,6.779162e-06,6.829158e-06,7.141662e-06,7.699999e-06,7.049998e-06,7.00833e-06,6.94166e-06,7.254163e-06,6.82083e-06,6.420827e-06,8.345826e-06,3.895831e-06
0,351,721.098,0.702,6.833331e-06,6.945832e-06,6.908329e-06,6.66666e-06,6.791663e-06,6.854161e-06,7.170828e-06,7.720828e-06,7.066663e-06,7.020831e-06,6.954161e-06,7.270829e-06,6.845832e-06,6.441664e-06,8.349999e-06,3.90416e-06
0,352,721.249,0.704,6.854161e-06,6.974999e-06,6.937496e-06,6.691662e-06,6.799992e-06,6.870826e-06,7.187494e-06,7.74583e-06,7.079164e-06,7.033332e-06,6.962498e-06,7.28333e-06,6.874998e-06,6.470831e-06,8.358327e-06,3.920825e-06
0,353,721.4,0.706,6.8875e-06,7.037497e-06,6.991665e-06,6.749995e-06,6.829158e-06,6.908329e-06,7.229161e-06,7.791662e-06,7.11666e-06,7.066663e-06,6.995829e-06,7.316661e-06,6.924995e-06,6.524992e-06,8.374993e-06,3.945827e-06
0,354,721.551,0.708,6.916666e-06,7.070827e-06,7.024995e-06,6.791663e-06,6.849996e-06,6.94166e-06,7.258328e-06,7.816664e-06,7.133333e-06,7.083328e-06,7.012494e-06,7.337499e-06,6.954161e-06,6.554159e-06,8.387494e-06,3.962493e-06
0,355,721.701,0.71,6.954161e-06,7.124996e-06,7.079164e-06,6.849996e-06,6.874998e-06,6.979164e-06,7.295831e-06,7.862496e-06,7.170828e-06,7.11666e-06,7.045825e-06,7.37083e-06,7.004166e-06,6.608327e-06,8.404159e-06,3.987495e-06
0,356,721.852,0.712,6.979164e-06,7.158327e-06,7.112495e-06,6.879163e-06,6.891664e-06,7.00833e-06,7.324998e-06,7.883326e-06,7.183329e-06,7.129161e-06,7.054162e-06,7.391659e-06,7.02916e-06,6.629165e-06,8.412496e-06,4.00416e-06
0,357,722.003,0.714,7.020831e-06,7.220833e-06,7.170828e-06,6.937496e-06,6.916666e-06,7.045825e-06,7.362493e-06,7.929166e-06,7.220833e-06,7.158327e-06,7.091665e-06,7.420826e-06,7.074992e-06,6.674997e-06,8.429161e-06,4.029163e-06
0,358,722.154,0.716,7.037497e-06,7.249999e-06,7.199995e-06,6.966663e-06,6.933331e-06,7.074992e-06,7.387495e-06,7.949996e-06,7.237498e-06,7.170828e-06,7.091665e-06,7.433327e-06,7.091665e-06,6.695827e-06,8.433326e-06,4.037492e-06
0,359,722.305,0.718,7.074992e-06,7.299996e-06,7.249999e-06,7.024995e-06,6.962498e-06,7.11666e-06,7.424998e-06,7.999993e-06,7.270829e-06,7.204159e-06,7.124996e-06,7.474995e-06,7.141662e-06,6.741659e-06,8.45e-06,4.062494e-06
0,360,722.456,0.72,7.091665e-06,7.333326e-06,7.279165e-06,7.054162e-06,6.979164e-06,7.141662e-06,7.449993e-06,8.024995e-06,7.287495e-06,7.21666e-06,7.137497e-06,7.487496e-06,7.1625e-06,6.770825e-06,8.458328e-06,4.074995e-06
0,361,722.606,0.722,7.129161e-06,7.387495e-06,7.324998e-06,7.104159e-06,7.00833e-06,7.187494e-06,7.495833e-06,8.070827e-06,7.312497e-06,7.245827e-06,7.166664e-06,7.520827e-06,7.204159e-06,6.808329e-06,8.470829e-06,4.095833e-06
0,362,722.757,0.724,7.145826e-06,7.412497e-06,7.354164e-06,7.137497e-06,7.020831e-06,7.212496e-06,7.520827e-06,8.095829e-06,7.329162e-06,7.254163e-06,7.174993e-06,7.533328e-06,7.224997e-06,6.837495e-06,8.479166e-06,4.108326e-06
0,363,722.908,0.726,7.179165e-06,7.466666e-06,7.40416e-06,7.183329e-06,7.049998e-06,7.258328e-06,7.562494e-06,8.141661e-06,7.358328e-06,7.287495e-06,7.208331e-06,7.574995e-06,7.266664e-06,6.879163e-06,8.499996e-06,4.129163e-06
0,364,723.059,0.728,7.19583e-06,7.495833e-06,7.429162e-06,7.212496e-06,7.070827e-06,7.28333e-06,7.587496e-06,8.166663e-06,7.37083e-06,7.30416e-06,7.212496e-06,7.587496e-06,7.291659e-06,6.895828e-06,8.499996e-06,4.137492e-06
0,365,723.21,0.73,7.224997e-06,7.545829e-06,7.479159e-06,7.270829e-06,7.099994e-06,7.324998e-06,7.637493e-06,8.216659e-06,7.408333e-06,7.337499e-06,7.249999e-06,7.620828e-06,7.329162e-06,6.945832e-06,8.524998e-06,4.15833e-06
0,366,723.361,0.732,7.241662e-06,7.574995e-06,7.508326e-06,7.299996e-06,7.11666e-06,7.354164e-06,7.662495e-06,8.245825e-06,7.424998e-06,7.349992e-06,7.262492e-06,7.641665e-06,7.349992e-06,6.966663e-06,8.524998e-06,4.166659e-06
0,367,723.512,0.734,7.266664e-06,7.620828e-06,7.545829e-06,7.345827e-06,7.141662e-06,7.395832e-06,7.704162e-06,8.291666e-06,7.458329e-06,7.379158e-06,7.287495e-06,7.674996e-06,7.391659e-06,7.004166e-06,8.541663e-06,4.183332e-06
0,368,723.662,0.736,7.279165e-06,7.649994e-06,7.570831e-06,7.374994e-06,7.1625e-06,7.424998e-06,7.733329e-06,8.320832e-06,7.47083e-06,7.395832e-06,7.295831e-06,7.691661e-06,7.408333e-06,7.020831e-06,8.549992e-06,4.195825e-06
0,369,723.813,0.738,7.312497e-06,7.699999e-06,7.624992e-06,7.424998e-06,7.191666e-06,7.474995e-06,7.774996e-06,8.370828e-06,7.504161e-06,7.424998e-06,7.324998e-06,7.729165e-06,7.445828e-06,7.062499e-06,8.566665e-06,4.216663e-06
0,370,723.964,0.74,7.324998e-06,7.729165e-06,7.641665e-06,7.449993e-06,7.208331e-06,7.495833e-06,7.804163e-06,8.395831e-06,7.516662e-06,7.445828e-06,7.337499e-06,7.749994e-06,7.462494e-06,7.083328e-06,8.57083e-06,4.220828e-06
0,371,724.115,0.742,7.349992e-06,7.770833e-06,7.687497e-06,7.495833e-06,7.241662e-06,7.545829e-06,7.849995e-06,8.445827e-06,7.554166e-06,7.474995e-06,7.366665e-06,7.783326e-06,7.504161e-06,7.11666e-06,8.583331e-06,4.237493e-06
0,372,724.266,0.744,7.358328e-06,7.795827e-06,7.704162e-06,7.516662e-06,7.258328e-06,7.570831e-06,7.874997e-06,8.470829e-06,7.570831e-06,7.49166e-06,7.379158e-06,7.799999e-06,7.520827e-06,7.141662e-06,8.595832e-06,4.24583e-06
0,373,724.417,0.746,7.383331e-06,7.837494e-06,7.749994e-06,7.562494e-06,7.287495e-06,7.616663e-06,7.916665e-06,8.520826e-06,7.599997e-06,7.524999e-06,7.40416e-06,7.837494e-06,7.554166e-06,7.174993e-06,8.608326e-06,4.262495e-06
0,374,724.567,0.748,7.391659e-06,7.858332e-06,7.76666e-06,7.587496e-06,7.30416e-06,7.645829e-06,7.945831e-06,8.549992e-06,7.612498e-06,7.533328e-06,7.412497e-06,7.849995e-06,7.566658e-06,7.191666e-06,8.608326e-06,4.266659e-06
0,375,724.718,0.75,7.412497e-06,7.895827e-06,7.804163e-06,7.629164e-06,7.337499e-06,7.687497e-06,7.987499e-06,8.599996e-06,7.641665e-06,7.566658e-06,7.441664e-06,7.887498e-06,7.599997e-06,7.229161e-06,8.624998e-06,4.27916e-06
0,376,724.869,0.752,7.424998e-06,7.920829e-06,7.824993e-06,7.649994e-06,7.349992e-06,7.720828e-06,8.016666e-06,8.629163e-06,7.658331e-06,7.583332e-06,7.454165e-06,7.904164e-06,7.616663e-06,7.241662e-06,8.629163e-06,4.287497e-06
0,377,725.02,0.754,7.441664e-06,7.958332e-06,7.862496e-06,7.695826e-06,7.379158e-06,7.762495e-06,8.058326e-06,8.67916e-06,7.687497e-06,7.616663e-06,7.487496e-06,7.94166e-06,7.654166e-06,7.279165e-06,8.645829e-06,4.299998e-06
0,378,725.171,0.756,7.449993e-06,7.987499e-06,7.883326e-06,7.716663e-06,7.399996e-06,7.787497e-06,8.083328e-06,8.704162e-06,7.699999e-06,7.633328e-06,7.495833e-06,7.962497e-06,7.666659e-06,7.295831e-06,8.645829e-06,4.304163e-06
0,379,725.322,0.758,7.458329e-06,8.004165e-06,7.899992e-06,7.737493e-06,7.416661e-06,7.816664e-06,8.112494e-06,8.737493e-06,7.720828e-06,7.654166e-06,7.512498e-06,7.983327e-06,7.687497e-06,7.312497e-06,8.654165e-06,4.312499e-06
0,380,725.473,0.76,7.47083e-06,8.04166e-06,7.93333e-06,7.779161e-06,7.445828e-06,7.858332e-06,8.158326e-06,8.783332e-06,7.749994e-06,7.687497e-06,7.537492e-06,8.016666e-06,7.716663e-06,7.345827e-06,8.670831e-06,4.324992e-06
0,381,725.623,0.762,7.487496e-06,8.066662e-06,7.958332e-06,7.799999e-06,7.462494e-06,7.887498e-06,8.183329e-06,8.816663e-06,7.770833e-06,7.699999e-06,7.554166e-06,8.037496e-06,7.729165e-06,7.362493e-06,8.67916e-06,4.333329e-06
0,382,725.774,0.764,7.499997e-06,8.104165e-06,7.991664e-06,7.841659e-06,7.499997e-06,7.93333e-06,8.233333e-06,8.86666e-06,7.808328e-06,7.741666e-06,7.583332e-06,8.079163e-06,7.76666e-06,7.399996e-06,8.695833e-06,4.34583e-06
0,383,725.925,0.766,7.508326e-06,8.124995e-06,8.004165e-06,7.858332e-06,7.512498e-06,7.958332e-06,8.258326e-06,8.895826e-06,7.820829e-06,7.758331e-06,7.595825e-06,8.095829e-06,7.779161e-06,7.412497e-06,8.699997e-06,4.34583e-06
0,384,726.076,0.768,7.520827e-06,8.154162e-06,8.04166e-06,7.895827e-06,7.541664e-06,7.999993e-06,8.304159e-06,8.941666e-06,7.858332e-06,7.791662e-06,7.629164e-06,8.137496e-06,7.812492e-06,7.445828e-06,8.712498e-06,4.362496e-06
0,385,726.227,0.77,7.524999e-06,8.174999e-06,8.062498e-06,7.920829e-06,7.562494e-06,8.029159e-06,8.329161e-06,8.974997e-06,7.874997e-06,7.812492e-06,7.645829e-06,8.154162e-06,7.829165e-06,7.462494e-06,8.720827e-06,4.36666e-06
0,386,726.378,0.772,7.537492e-06,8.208331e-06,8.083328e-06,7.954161e-06,7.591661e-06,8.074999e-06,8.374993e-06,9.024993e-06,7.912493e-06,7.849995e-06,7.674996e-06,8.19583e-06,7.858332e-06,7.495833e-06,8.733328e-06,4.379161e-06
0,387,726.528,0.774,7.545829e-06,8.22916e-06,8.099993e-06,7.979163e-06,7.612498e-06,8.099993e-06,8.399995e-06,9.058333e-06,7.929166e-06,7.870825e-06,7.691661e-06,8.212495e-06,7.874997e-06,7.508326e-06,8.737493e-06,4.379161e-06
0,388,726.679,0.776,7.554166e-06,8.258326e-06,8.12916e-06,8.012494e-06,7.641665e-06,8.141661e-06,8.445827e-06,9.108328e-06,7.962497e-06,7.904164e-06,7.720828e-06,8.254163e-06,7.908328e-06,7.545829e-06,8.75833e-06,4.391662e-06
0,389,726.83,0.778,7.562494e-06,8.279165e-06,8.145825e-06,8.033331e-06,7.662495e-06,8.179164e-06,8.470829e-06,9.137495e-06,7.983327e-06,7.924994e-06,7.741666e-06,8.274992e-06,7.920829e-06,7.55833e-06,8.766659e-06,4.399999e-06
0,390,726.981,0.78,7.570831e-06,8.308331e-06,8.174999e-06,8.066662e-06,7.695826e-06,8.216659e-06,8.520826e-06,9.187492e-06,8.02083e-06,7.966662e-06,7.774996e-06,8.312496e-06,7.958332e-06,7.591661e-06,8.774996e-06,4.408328e-06
0,391,727.132,0.782,7.574995e-06,8.324997e-06,8.183329e-06,8.079163e-06,7.7125e-06,8.241662e-06,8.541663e-06,9.216667e-06,8.04166e-06,7.987499e-06,7.795827e-06,8.337498e-06,7.974998e-06,7.604162e-06,8.783332e-06,4.412492e-06
0,392,727.283,0.784,7.587496e-06,8.358327e-06,8.212495e-06,8.112494e-06,7.74583e-06,8.283329e-06,8.587495e-06,9.262498e-06,8.074999e-06,8.02083e-06,7.824993e-06,8.374993e-06,8.008329e-06,7.641665e-06,8.799998e-06,4.424993e-06
0,393,727.433,0.786,7.587496e-06,8.370828e-06,8.224996e-06,8.12916e-06,7.762495e-06,8.312496e-06,8.616662e-06,9.295829e-06,8.095829e-06,8.045832e-06,7.845831e-06,8.395831e-06,8.024995e-06,7.658331e-06,8.804162e-06,4.43333e-06
0,394,727.584,0.788,7.595825e-06,8.399995e-06,8.249998e-06,8.166663e-06,7.791662e-06,8.354164e-06,8.65833e-06,9.349998e-06,8.133332e-06,8.083328e-06,7.879162e-06,8.437499e-06,8.058326e-06,7.691661e-06,8.820828e-06,4.441659e-06
0,395,727.735,0.79,7.599997e-06,8.41666e-06,8.262499e-06,8.179164e-06,7.816664e-06,8.383329e-06,8.687496e-06,9.379164e-06,8.158326e-06,8.104165e-06,7.895827e-06,8.458328e-06,8.074999e-06,7.704162e-06,8.824993e-06,4.445831e-06
0,396,727.886,0.792,7.608326e-06,8.441662e-06,8.287493e-06,8.220832e-06,7.837494e-06,8.420833e-06,8.729164e-06,9.424996e-06,8.19583e-06,8.145825e-06,7.93333e-06,8.50416e-06,8.10833e-06,7.741666e-06,8.84583e-06,4.458332e-06
0,397,728.037,0.794,7.608326e-06,8.454163e-06,8.29583e-06,8.233333e-06,7.862496e-06,8.445827e-06,8.75833e-06,9.458327e-06,8.216659e-06,8.170828e-06,7.954161e-06,8.524998e-06,8.12916e-06,7.758331e-06,8.84583e-06,4.466661e-06
0,398,728.188,0.796,7.620828e-06,8.48333e-06,8.31666e-06,8.262499e-06,7.891663e-06,8.487495e-06,8.799998e-06,9.50416e-06,8.254163e-06,8.204166e-06,7.991664e-06,8.562493e-06,8.162498e-06,7.791662e-06,8.86666e-06,4.479162e-06
0,399,728.339,0.798,7.620828e-06,8.495832e-06,8.329161e-06,8.279165e-06,7.912493e-06,8.516661e-06,8.824993e-06,9.537498e-06,8.279165e-06,8.22916e-06,8.016666e-06,8.59166e-06,8.183329e-06,7.812492e-06,8.870832e-06,4.483326e-06
0,400,728.489,0.8,7.629164e-06,8.529162e-06,8.354164e-06,8.31666e-06,7.945831e-06,8.558329e-06,8.870832e-06,9.587495e-06,8.31666e-06,8.270827e-06,8.054161e-06,8.629163e-06,8.220832e-06,7.841659e-06,8.891662e-06,4.495827e-06
0,401,728.64,0.802,7.629164e-06,8.5375e-06,8.358327e-06,8.329161e-06,7.966662e-06,8.587495e-06,8.895826e-06,9.624998e-06,8.345826e-06,8.29583e-06,8.074999e-06,8.654165e-06,8.245825e-06,7.862496e-06,8.895826e-06,4.504164e-06
0,402,728.791,0.804,7.641665e-06,8.57083e-06,8.383329e-06,8.362492e-06,7.999993e-06,8.624998e-06,8.941666e-06,9.67083e-06,8.387494e-06,8.337498e-06,8.112494e-06,8.695833e-06,8.279165e-06,7.891663e-06,8.908328e-06,4.516665e-06
0,403,728.942,0.806,7.641665e-06,8.579159e-06,8.387494e-06,8.374993e-06,8.016666e-06,8.641664e-06,8.962496e-06,9.704161e-06,8.404159e-06,8.362492e-06,8.12916e-06,8.712498e-06,8.299994e-06,7.916665e-06,8.916664e-06,4.520829e-06
0,404,729.093,0.808,7.649994e-06,8.599996e-06,8.412496e-06,8.404159e-06,8.045832e-06,8.687496e-06,9.004164e-06,9.749992e-06,8.45e-06,8.395831e-06,8.170828e-06,8.754166e-06,8.337498e-06,7.945831e-06,8.93333e-06,4.53333e-06
0,405,729.244,0.81,7.654166e-06,8.616662e-06,8.41666e-06,8.420833e-06,8.066662e-06,8.708326e-06,9.033331e-06,9.779159e-06,8.470829e-06,8.424998e-06,8.19583e-06,8.77916e-06,8.354164e-06,7.966662e-06,8.937494e-06,4.54166e-06
0,406,729.394,0.812,7.649994e-06,8.624998e-06,8.424998e-06,8.433326e-06,8.087492e-06,8.729164e-06,9.05416e-06,9.808326e-06,8.499996e-06,8.445827e-06,8.216659e-06,8.799998e-06,8.379166e-06,7.987499e-06,8.941666e-06,4.549996e-06
0,407,729.545,0.814,7.662495e-06,8.654165e-06,8.45e-06,8.466665e-06,8.116658e-06,8.770831e-06,9.095827e-06,9.85833e-06,8.5375e-06,8.487495e-06,8.258326e-06,8.841665e-06,8.420833e-06,8.024995e-06,8.958332e-06,4.566662e-06
0,408,729.696,0.816,7.658331e-06,8.666659e-06,8.458328e-06,8.48333e-06,8.145825e-06,8.795826e-06,9.124994e-06,9.891661e-06,8.566665e-06,8.512497e-06,8.283329e-06,8.862496e-06,8.441662e-06,8.045832e-06,8.962496e-06,4.574998e-06
0,409,729.847,0.818,7.666659e-06,8.691661e-06,8.474994e-06,8.512497e-06,8.170828e-06,8.833329e-06,9.162498e-06,9.937493e-06,8.612497e-06,8.554164e-06,8.324997e-06,8.908328e-06,8.48333e-06,8.087492e-06,8.979162e-06,4.591664e-06
0,410,729.998,0.82,7.670832e-06,8.704162e-06,8.48333e-06,8.529162e-06,8.191665e-06,8.858331e-06,9.191665e-06,9.970832e-06,8.637492e-06,8.579159e-06,8.345826e-06,8.93333e-06,8.508333e-06,8.099993e-06,8.983326e-06,4.595828e-06
0,411,730.149,0.822,7.67916e-06,8.724999e-06,8.499996e-06,8.558329e-06,8.220832e-06,8.899999e-06,9.229159e-06,1.0020828e-05,8.67916e-06,8.616662e-06,8.391658e-06,8.974997e-06,8.541663e-06,8.137496e-06,8.995827e-06,4.616666e-06
0,412,730.299,0.824,7.683333e-06,8.741665e-06,8.508333e-06,8.574994e-06,8.241662e-06,8.916664e-06,9.258326e-06,1.004583e-05,8.712498e-06,8.645829e-06,8.420833e-06,8.999999e-06,8.574994e-06,8.158326e-06,9.004164e-06,4.624995e-06
0,413,730.45,0.826,7.695826e-06,8.766659e-06,8.529162e-06,8.604161e-06,8.270827e-06,8.958332e-06,9.299994e-06,1.0099999e-05,8.75833e-06,8.687496e-06,8.462493e-06,9.045832e-06,8.620827e-06,8.199993e-06,9.02083e-06,4.645832e-06
0,414,730.601,0.828,7.695826e-06,8.77916e-06,8.533327e-06,8.620827e-06,8.291666e-06,8.983326e-06,9.324996e-06,1.013333e-05,8.783332e-06,8.712498e-06,8.48333e-06,9.062497e-06,8.641664e-06,8.220832e-06,9.024993e-06,4.649997e-06
0,415,730.752,0.83,7.708327e-06,8.804162e-06,8.549992e-06,8.654165e-06,8.320832e-06,9.02083e-06,9.366663e-06,1.0174997e-05,8.829164e-06,8.75833e-06,8.533327e-06,9.108328e-06,8.687496e-06,8.258326e-06,9.041659e-06,4.679163e-06
0,416,730.903,0.832,7.7125e-06,8.816663e-06,8.558329e-06,8.666659e-06,8.341662e-06,9.049996e-06,9.391665e-06,1.0212493e-05,8.858331e-06,8.77916e-06,8.558329e-06,9.133331e-06,8.712498e-06,8.279165e-06,9.041659e-06,4.683327e-06
0,417,731.054,0.834,7.720828e-06,8.841665e-06,8.574994e-06,8.695833e-06,8.370828e-06,9.079162e-06,9.429161e-06,1.0262497e-05,8.899999e-06,8.820828e-06,8.599996e-06,9.174999e-06,8.75833e-06,8.320832e-06,9.058333e-06,4.70833e-06
0,418,731.205,0.836,7.729165e-06,8.858331e-06,8.583331e-06,8.720827e-06,8.395831e-06,9.108328e-06,9.458327e-06,1.0291664e-05,8.929165e-06,8.84583e-06,8.629163e-06,9.199993e-06,8.783332e-06,8.341662e-06,9.062497e-06,4.720831e-06
0,419,731.355,0.838,7.737493e-06,8.883325e-06,8.595832e-06,8.749994e-06,8.424998e-06,9.14166e-06,9.491666e-06,1.0341661e-05,8.983326e-06,8.887498e-06,8.674995e-06,9.245833e-06,8.841665e-06,8.383329e-06,9.079162e-06,4.737497e-06
0,420,731.506,0.84,7.74583e-06,8.895826e-06,8.604161e-06,8.770831e-06,8.445827e-06,9.166662e-06,9.520832e-06,1.0370827e-05,9.008329e-06,8.912491e-06,8.695833e-06,9.266662e-06,8.862496e-06,8.408332e-06,9.083326e-06,4.754162e-06
0,421,731.657,0.842,7.762495e-06,8.920829e-06,8.624998e-06,8.804162e-06,8.474994e-06,9.199993e-06,9.562493e-06,1.0420831e-05,9.058333e-06,8.954159e-06,8.741665e-06,9.312495e-06,8.912491e-06,8.454163e-06,9.099992e-06,4.774992e-06
0,422,731.808,0.844,7.76666e-06,8.937494e-06,8.633328e-06,8.820828e-06,8.499996e-06,9.22083e-06,9.587495e-06,1.0454162e-05,9.083326e-06,8.983326e-06,8.774996e-06,9.333332e-06,8.937494e-06,8.474994e-06,9.104165e-06,4.79583e-06
0,423,731.959,0.846,7.783326e-06,8.962496e-06,8.645829e-06,8.858331e-06,8.529162e-06,9.258326e-06,9.624998e-06,1.0504166e-05,9.133331e-06,9.024993e-06,8.816663e-06,9.374992e-06,8.987498e-06,8.512497e-06,9.112493e-06,4.816659e-06
0,424,732.11,0.848,7.791662e-06,8.979162e-06,8.65833e-06,8.870832e-06,8.549992e-06,9.279163e-06,9.654164e-06,1.052916e-05,9.162498e-06,9.049996e-06,8.84583e-06,9.399994e-06,9.02083e-06,8.5375e-06,9.12083e-06,4.82916e-06
0,425,732.26,0.85,7.808328e-06,9.004164e-06,8.674995e-06,8.908328e-06,8.587495e-06,9.316659e-06,9.691659e-06,1.0579165e-05,9.212494e-06,9.087499e-06,8.887498e-06,9.441662e-06,9.066661e-06,8.579159e-06,9.133331e-06,4.858327e-06
0,426,732.411,0.852,7.820829e-06,9.02083e-06,8.683332e-06,8.929165e-06,8.604161e-06,9.333332e-06,9.712498e-06,1.0612495e-05,9.237496e-06,9.116666e-06,8.916664e-06,9.462499e-06,9.095827e-06,8.604161e-06,9.137495e-06,4.874993e-06
0,427,732.562,0.854,7.837494e-06,9.049996e-06,8.704162e-06,8.962496e-06,8.633328e-06,9.370828e-06,9.749992e-06,1.0658327e-05,9.291664e-06,9.158325e-06,8.962496e-06,9.512496e-06,9.145832e-06,8.649993e-06,9.154161e-06,4.899995e-06
0,428,732.713,0.856,7.849995e-06,9.070825e-06,8.712498e-06,8.987498e-06,8.65833e-06,9.39583e-06,9.774994e-06,1.0687494e-05,9.316659e-06,9.183327e-06,8.991663e-06,9.533326e-06,9.174999e-06,8.670831e-06,9.154161e-06,4.91666e-06
0,429,732.864,0.858,7.866661e-06,9.099992e-06,8.733328e-06,9.02083e-06,8.691661e-06,9.429161e-06,9.816663e-06,1.0733326e-05,9.362499e-06,9.224995e-06,9.037494e-06,9.579166e-06,9.224995e-06,8.712498e-06,9.166662e-06,4.941662e-06
0,430,733.015,0.86,7.883326e-06,9.112493e-06,8.741665e-06,9.037494e-06,8.708326e-06,9.449998e-06,9.837492e-06,1.0762493e-05,9.399994e-06,9.249997e-06,9.066661e-06,9.599996e-06,9.258326e-06,8.741665e-06,9.170826e-06,4.958328e-06
0,431,733.166,0.862,7.904164e-06,9.145832e-06,8.766659e-06,9.074998e-06,8.737493e-06,9.483329e-06,9.870831e-06,1.0808333e-05,9.441662e-06,9.287493e-06,9.108328e-06,9.641663e-06,9.304166e-06,8.783332e-06,9.183327e-06,4.995831e-06
0,432,733.316,0.864,7.920829e-06,9.166662e-06,8.774996e-06,9.095827e-06,8.75833e-06,9.50416e-06,9.895825e-06,1.0837499e-05,9.470828e-06,9.30833e-06,9.14166e-06,9.666665e-06,9.337497e-06,8.808327e-06,9.187492e-06,5.008332e-06
0,433,733.467,0.866,7.929166e-06,9.183327e-06,8.783332e-06,9.112493e-06,8.770831e-06,9.524997e-06,9.912499e-06,1.0866665e-05,9.499995e-06,9.333332e-06,9.162498e-06,9.687496e-06,9.366663e-06,8.829164e-06,9.187492e-06,5.024997e-06
0,434,733.618,0.868,7.958332e-06,9.212494e-06,8.804162e-06,9.154161e-06,8.808327e-06,9.554164e-06,9.949994e-06,1.0916662e-05,9.554164e-06,9.374992e-06,9.208329e-06,9.729163e-06,9.420832e-06,8.879161e-06,9.199993e-06,5.058328e-06
0,435,733.769,0.87,7.974998e-06,9.229159e-06,8.820828e-06,9.179163e-06,8.824993e-06,9.574994e-06,9.974996e-06,1.0945829e-05,9.579166e-06,9.399994e-06,9.237496e-06,9.754165e-06,9.449998e-06,8.899999e-06,9.199993e-06,5.074994e-06
0,436,733.92,0.872,7.999993e-06,9.262498e-06,8.84583e-06,9.216667e-06,8.858331e-06,9.608332e-06,1.0016664e-05,1.0995833e-05,9.629162e-06,9.437497e-06,9.283328e-06,9.799997e-06,9.499995e-06,8.941666e-06,9.216667e-06,5.108333e-06
0,437,734.071,0.874,8.02083e-06,9.287493e-06,8.86666e-06,9.24166e-06,8.879161e-06,9.629162e-06,1.0037494e-05,1.1024999e-05,9.662493e-06,9.462499e-06,9.312495e-06,9.816663e-06,9.537498e-06,8.970833e-06,9.216667e-06,5.124998e-06
0,438,734.221,0.876,8.049997e-06,9.316659e-06,8.887498e-06,9.279163e-06,8.908328e-06,9.662493e-06,1.006666e-05,1.1070832e-05,9.704161e-06,9.499995e-06,9.354162e-06,9.85833e-06,9.587495e-06,9.012492e-06,9.22083e-06,5.158329e-06
0,439,734.372,0.878,8.066662e-06,9.337497e-06,8.899999e-06,9.299994e-06,8.929165e-06,9.679158e-06,1.0091662e-05,1.1095826e-05,9.733327e-06,9.524997e-06,9.387493e-06,9.87916e-06,9.616661e-06,9.037494e-06,9.22083e-06,5.179159e-06
0,440,734.523,0.88,8.095829e-06,9.370828e-06,8.924992e-06,9.341661e-06,8.96666e-06,9.716662e-06,1.013333e-05,1.1149995e-05,9.783332e-06,9.562493e-06,9.429161e-06,9.920827e-06,9.662493e-06,9.083326e-06,9.233332e-06,5.208326e-06
0,441,734.674,0.882,8.120831e-06,9.399994e-06,8.945831e-06,9.366663e-06,8.983326e-06,9.729163e-06,1.015416e-05,1.1170832e-05,9.812498e-06,9.587495e-06,9.458327e-06,9.945829e-06,9.695832e-06,9.104165e-06,9.233332e-06,5.229163e-06
0,442,734.825,0.884,8.154162e-06,9.433325e-06,8.974997e-06,9.408331e-06,9.012492e-06,9.75833e-06,1.0187498e-05,1.1216664e-05,9.85833e-06,9.616661e-06,9.499995e-06,9.983333e-06,9.749992e-06,9.145832e-06,9.245833e-06,5.262494e-06
0,443,734.976,0.886,8.174999e-06,9.454163e-06,8.995827e-06,9.429161e-06,9.037494e-06,9.779159e-06,1.0208329e-05,1.1249996e-05,9.891661e-06,9.645828e-06,9.524997e-06,1.0008327e-05,9.779159e-06,9.170826e-06,9.249997e-06,5.283332e-06
0,444,735.126,0.888,8.208331e-06,9.49583e-06,9.029166e-06,9.474993e-06,9.062497e-06,9.816663e-06,1.0245832e-05,1.1291663e-05,9.937493e-06,9.683331e-06,9.570829e-06,1.004583e-05,9.829164e-06,9.216667e-06,9.258326e-06,5.320827e-06
0,445,735.277,0.89,8.237497e-06,9.516661e-06,9.045832e-06,9.49583e-06,9.079162e-06,9.833328e-06,1.0266662e-05,1.1324993e-05,9.970832e-06,9.704161e-06,9.60416e-06,1.0070833e-05,9.85833e-06,9.237496e-06,9.258326e-06,5.341665e-06
0,446,735.428,0.892,8.270827e-06,9.554164e-06,9.079162e-06,9.541663e-06,9.116666e-06,9.85833e-06,1.0304165e-05,1.1366661e-05,1.00125e-05,9.745829e-06,9.645828e-06,1.0112492e-05,9.908326e-06,9.283328e-06,9.266662e-06,5.374996e-06
0,447,735.579,0.894,8.299994e-06,9.58333e-06,9.099992e-06,9.566665e-06,9.133331e-06,9.87916e-06,1.0324995e-05,1.1391664e-05,1.0041666e-05,9.766666e-06,9.674995e-06,1.0137494e-05,9.941666e-06,9.312495e-06,9.266662e-06,5.395826e-06
0,448,735.73,0.896,8.337498e-06,9.620825e-06,9.14166e-06,9.608332e-06,9.166662e-06,9.908326e-06,1.0358325e-05,1.1433332e-05,1.0091662e-05,9.804161e-06,9.712498e-06,1.0174997e-05,9.991661e-06,9.345826e-06,9.275e-06,5.429165e-06
0,449,735.881,0.898,8.366665e-06,9.645828e-06,9.166662e-06,9.633327e-06,9.187492e-06,9.929165e-06,1.0383328e-05,1.1462498e-05,1.0120829e-05,9.820827e-06,9.741664e-06,1.0195828e-05,1.0016664e-05,9.374992e-06,9.275e-06,5.44583e-06
0,450,736.032,0.9,8.399995e-06,9.683331e-06,9.199993e-06,9.674995e-06,9.216667e-06,9.95833e-06,1.0412495e-05,1.1508329e-05,1.0166661e-05,9.85833e-06,9.787496e-06,1.0233331e-05,1.006666e-05,9.41666e-06,9.283328e-06,5.479161e-06
0,451,736.182,0.902,8.433326e-06,9.708333e-06,9.224995e-06,9.704161e-06,9.237496e-06,9.974996e-06,1.0429159e-05,1.1533331e-05,1.0199992e-05,9.87916e-06,9.808326e-06,1.0258333e-05,1.0099999e-05,9.437497e-06,9.279163e-06,5.504163e-06
0,452,736.333,0.904,8.466665e-06,9.749992e-06,9.262498e-06,9.749992e-06,9.266662e-06,1.0004163e-05,1.0466663e-05,1.1575e-05,1.024166e-05,9.912499e-06,9.854166e-06,1.0291664e-05,1.0149995e-05,9.474993e-06,9.291664e-06,5.541659e-06
0,453,736.484,0.906,8.50416e-06,9.779159e-06,9.287493e-06,9.783332e-06,9.295829e-06,1.0029165e-05,1.049583e-05,1.160833e-05,1.0274998e-05,9.937493e-06,9.883332e-06,1.032083e-05,1.0183327e-05,9.50416e-06,9.287493e-06,5.558332e-06
0,454,736.635,0.908,8.541663e-06,9.820827e-06,9.333332e-06,9.824999e-06,9.324996e-06,1.0058331e-05,1.0524996e-05,1.1649998e-05,1.032083e-05,9.970832e-06,9.924992e-06,1.0362498e-05,1.0233331e-05,9.549999e-06,9.295829e-06,5.599999e-06
0,455,736.786,0.91,8.587495e-06,9.854166e-06,9.362499e-06,9.849993e-06,9.345826e-06,1.0074997e-05,1.0541661e-05,1.1679164e-05,1.0345832e-05,9.991661e-06,9.954158e-06,1.0379164e-05,1.0262497e-05,9.574994e-06,9.291664e-06,5.616665e-06
0,456,736.937,0.912,8.620827e-06,9.891661e-06,9.404159e-06,9.895825e-06,9.374992e-06,1.0104163e-05,1.0574992e-05,1.171666e-05,1.0391665e-05,1.0020828e-05,9.995826e-06,1.0416658e-05,1.0308329e-05,9.612497e-06,9.299994e-06,5.65416e-06
0,457,737.087,0.914,8.65833e-06,9.920827e-06,9.433325e-06,9.920827e-06,9.39583e-06,1.0120829e-05,1.0599994e-05,1.1749999e-05,1.0424996e-05,1.004583e-05,1.0024993e-05,1.0441661e-05,1.0341661e-05,9.641663e-06,9.299994e-06,5.674998e-06
0,458,737.238,0.916,8.699997e-06,9.970832e-06,9.483329e-06,9.970832e-06,9.429161e-06,1.0149995e-05,1.0637498e-05,1.1795831e-05,1.0470828e-05,1.0083326e-05,1.006666e-05,1.0487493e-05,1.0391665e-05,9.683331e-06,9.312495e-06,5.712493e-06
0,459,737.389,0.918,8.745829e-06,9.999999e-06,9.520832e-06,9.999999e-06,9.454163e-06,1.0170826e-05,1.0654163e-05,1.1820833e-05,1.0499994e-05,1.0104163e-05,1.0091662e-05,1.0504166e-05,1.0424996e-05,9.708333e-06,9.30833e-06,5.733331e-06
0,460,737.54,0.92,8.783332e-06,1.0041666e-05,9.566665e-06,1.0041666e-05,9.483329e-06,1.0204164e-05,1.0695831e-05,1.1866665e-05,1.0549998e-05,1.0137494e-05,1.0137494e-05,1.0545826e-05,1.0470828e-05,9.745829e-06,9.312495e-06,5.770826e-06
0,461,737.691,0.922,8.824993e-06,1.0074997e-05,9.599996e-06,1.0074997e-05,9.508331e-06,1.022083e-05,1.0712496e-05,1.1891659e-05,1.0579165e-05,1.0158332e-05,1.0166661e-05,1.0570828e-05,1.0499994e-05,9.770831e-06,9.316659e-06,5.791664e-06
0,462,737.842,0.924,8.858331e-06,1.0104163e-05,9.629162e-06,1.0095827e-05,9.524997e-06,1.0237495e-05,1.0729162e-05,1.1916662e-05,1.0604159e-05,1.0174997e-05,1.0187498e-05,1.0587493e-05,1.052916e-05,9.795833e-06,9.312495e-06,5.812494e-06
0,463,737.993,0.926,8.899999e-06,1.0141659e-05,9.674995e-06,1.0145831e-05,9.554164e-06,1.0266662e-05,1.0766666e-05,1.1962493e-05,1.0654163e-05,1.0208329e-05,1.0229166e-05,1.0629161e-05,1.0579165e-05,9.837492e-06,9.316659e-06,5.845833e-06
0,464,738.143,0.928,8.937494e-06,1.0174997e-05,9.712498e-06,1.0174997e-05,9.579166e-06,1.0283327e-05,1.078333e-05,1.1987496e-05,1.0683329e-05,1.0229166e-05,1.0254161e-05,1.0649999e-05,1.0608332e-05,9.85833e-06,9.312495e-06,5.870827e-06
0,465,738.294,0.93,8.987498e-06,1.0224994e-05,9.762493e-06,1.022083e-05,9.608332e-06,1.0316666e-05,1.0824998e-05,1.2029163e-05,1.0729162e-05,1.0262497e-05,1.0299993e-05,1.0687494e-05,1.0649999e-05,9.899998e-06,9.320831e-06,5.904166e-06
0,466,738.445,0.932,9.024993e-06,1.0254161e-05,9.799997e-06,1.0245832e-05,9.629162e-06,1.0337496e-05,1.0837499e-05,1.2054165e-05,1.0758328e-05,1.0283327e-05,1.032083e-05,1.070416e-05,1.0679166e-05,9.929165e-06,9.324996e-06,5.92916e-06
0,467,738.596,0.934,9.070825e-06,1.0304165e-05,9.854166e-06,1.0299993e-05,9.662493e-06,1.0362498e-05,1.0874995e-05,1.209166e-05,1.080416e-05,1.0312494e-05,1.0362498e-05,1.0745827e-05,1.0724997e-05,9.966659e-06,9.333332e-06,5.962499e-06
0,468,738.747,0.936,9.12083e-06,1.0337496e-05,9.895825e-06,1.0324995e-05,9.691659e-06,1.0387492e-05,1.0895832e-05,1.2120827e-05,1.0833327e-05,1.0333331e-05,1.0391665e-05,1.0774994e-05,1.0754164e-05,9.987497e-06,9.324996e-06,5.983329e-06
0,469,738.898,0.938,9.170826e-06,1.0387492e-05,9.949994e-06,1.0379164e-05,9.720826e-06,1.0416658e-05,1.0929163e-05,1.2166659e-05,1.0887496e-05,1.0362498e-05,1.0437497e-05,1.0812497e-05,1.0808333e-05,1.0037494e-05,9.32916e-06,6.024996e-06
0,470,739.048,0.94,9.216667e-06,1.0420831e-05,9.991661e-06,1.040833e-05,9.741664e-06,1.0433332e-05,1.0954165e-05,1.2195826e-05,1.0916662e-05,1.0387492e-05,1.0462499e-05,1.0837499e-05,1.0841663e-05,1.0062496e-05,9.333332e-06,6.041662e-06
0,471,739.199,0.942,9.266662e-06,1.0470828e-05,1.0049995e-05,1.0454162e-05,9.770831e-06,1.0462499e-05,1.0991661e-05,1.2237493e-05,1.0962494e-05,1.0420831e-05,1.0508331e-05,1.087083e-05,1.0887496e-05,1.0104163e-05,9.337497e-06,6.083329e-06
0,472,739.35,0.944,9.316659e-06,1.0504166e-05,1.0095827e-05,1.0487493e-05,9.795833e-06,1.0487493e-05,1.1012498e-05,1.226666e-05,1.0991661e-05,1.0441661e-05,1.0533333e-05,1.0895832e-05,1.0916662e-05,1.0129165e-05,9.333332e-06,6.099995e-06
0,473,739.501,0.946,9.366663e-06,1.0554163e-05,1.0149995e-05,1.0541661e-05,9.833328e-06,1.0520832e-05,1.1049994e-05,1.23125e-05,1.1037493e-05,1.0470828e-05,1.0579165e-05,1.0937492e-05,1.0966659e-05,1.0170826e-05,9.341661e-06,6.141663e-06
0,474,739.652,0.948,9.408331e-06,1.0591666e-05,1.0191663e-05,1.0566664e-05,9.85833e-06,1.0533333e-05,1.1074996e-05,1.2337494e-05,1.1070832e-05,1.0491665e-05,1.0599994e-05,1.095833e-05,1.0991661e-05,1.0191663e-05,9.337497e-06,6.162492e-06
0,475,739.803,0.95,9.458327e-06,1.0641662e-05,1.0249996e-05,1.061666e-05,9.891661e-06,1.0566664e-05,1.1108327e-05,1.2383326e-05,1.1116664e-05,1.0524996e-05,1.0641662e-05,1.0995833e-05,1.1041665e-05,1.0233331e-05,9.345826e-06,6.199996e-06
0,476,739.953,0.952,9.50416e-06,1.0670828e-05,1.0295828e-05,1.0649999e-05,9.908326e-06,1.0587493e-05,1.1124992e-05,1.2412493e-05,1.114583e-05,1.0545826e-05,1.0674993e-05,1.1020828e-05,1.1070832e-05,1.0262497e-05,9.341661e-06,6.220826e-06
0,477,740.104,0.954,9.554164e-06,1.0724997e-05,1.0349997e-05,1.0691659e-05,9.941666e-06,1.0620833e-05,1.1158331e-05,1.245416e-05,1.1191662e-05,1.0574992e-05,1.0712496e-05,1.1054166e-05,1.1112499e-05,1.0299993e-05,9.345826e-06,6.258329e-06
0,478,740.255,0.956,9.599996e-06,1.0762493e-05,1.0395829e-05,1.0720825e-05,9.970832e-06,1.0641662e-05,1.1183325e-05,1.2483327e-05,1.1224993e-05,1.0595831e-05,1.0737499e-05,1.1079161e-05,1.1141666e-05,1.0324995e-05,9.345826e-06,6.274994e-06
0,479,740.406,0.958,9.649992e-06,1.0808333e-05,1.0458326e-05,1.0774994e-05,9.999999e-06,1.0670828e-05,1.1220829e-05,1.252083e-05,1.1270833e-05,1.0620833e-05,1.078333e-05,1.1116664e-05,1.1187498e-05,1.0366663e-05,9.345826e-06,6.308325e-06
0,480,740.557,0.96,9.695832e-06,1.0845828e-05,1.0499994e-05,1.0795831e-05,1.0020828e-05,1.0691659e-05,1.1241658e-05,1.2549996e-05,1.1291663e-05,1.0641662e-05,1.0799996e-05,1.114583e-05,1.1216664e-05,1.0387492e-05,9.341661e-06,6.337492e-06
0,481,740.708,0.962,9.745829e-06,1.089166e-05,1.0562499e-05,1.0845828e-05,1.0054159e-05,1.0716661e-05,1.1270833e-05,1.2587499e-05,1.1341659e-05,1.0670828e-05,1.0841663e-05,1.1174997e-05,1.1254159e-05,1.0424996e-05,9.349998e-06,6.366666e-06
0,482,740.859,0.964,9.787496e-06,1.0924999e-05,1.0595831e-05,1.087083e-05,1.0074997e-05,1.0737499e-05,1.1287499e-05,1.2612494e-05,1.1362497e-05,1.0691659e-05,1.0866665e-05,1.1191662e-05,1.1279162e-05,1.0445825e-05,9.345826e-06,6.39166e-06
0,483,741.009,0.966,9.837492e-06,1.0970831e-05,1.0654163e-05,1.0924999e-05,1.0112492e-05,1.0774994e-05,1.132083e-05,1.2654162e-05,1.1412493e-05,1.0716661e-05,1.0904161e-05,1.123333e-05,1.1329166e-05,1.0487493e-05,9.349998e-06,6.424999e-06
0,484,741.16,0.968,9.887497e-06,1.1008327e-05,1.0699995e-05,1.0949993e-05,1.013333e-05,1.0791659e-05,1.1349996e-05,1.2679164e-05,1.144166e-05,1.0737499e-05,1.0937492e-05,1.1254159e-05,1.135416e-05,1.0512495e-05,9.349998e-06,6.441664e-06
0,485,741.311,0.97,9.937493e-06,1.1058331e-05,1.0758328e-05,1.0995833e-05,1.0166661e-05,1.0820826e-05,1.1387499e-05,1.2724996e-05,1.1491664e-05,1.0770829e-05,1.0974995e-05,1.1295827e-05,1.1391664e-05,1.0554163e-05,9.354162e-06,6.47916e-06
0,486,741.462,0.972,9.987497e-06,1.1091662e-05,1.0808333e-05,1.1024999e-05,1.0195828e-05,1.0845828e-05,1.1412493e-05,1.2745825e-05,1.152083e-05,1.0787495e-05,1.0999997e-05,1.1316665e-05,1.142083e-05,1.0570828e-05,9.345826e-06,6.504162e-06
0,487,741.613,0.974,1.0033329e-05,1.1137494e-05,1.0862494e-05,1.1062495e-05,1.022083e-05,1.087083e-05,1.144166e-05,1.2787493e-05,1.1558326e-05,1.0812497e-05,1.1033329e-05,1.1345832e-05,1.1462498e-05,1.0612495e-05,9.354162e-06,6.533329e-06
0,488,741.764,0.976,1.0079161e-05,1.1174997e-05,1.0916662e-05,1.1099998e-05,1.024166e-05,1.0904161e-05,1.1466662e-05,1.2816659e-05,1.1591665e-05,1.0833327e-05,1.1062495e-05,1.1374998e-05,1.1495828e-05,1.0637498e-05,9.354162e-06,6.558331e-06
0,489,741.914,0.978,1.0116664e-05,1.1204163e-05,1.0945829e-05,1.1124992e-05,1.0266662e-05,1.0916662e-05,1.1483327e-05,1.2841661e-05,1.1620831e-05,1.0849993e-05,1.1079161e-05,1.1391664e-05,1.1512494e-05,1.0658327e-05,9.345826e-06,6.574996e-06
0,490,742.065,0.98,1.0166661e-05,1.1245831e-05,1.0999997e-05,1.116666e-05,1.0295828e-05,1.0949993e-05,1.1516667e-05,1.2883329e-05,1.1662499e-05,1.0874995e-05,1.1120828e-05,1.1424994e-05,1.1554162e-05,1.0695831e-05,9.349998e-06,6.604163e-06
0,491,742.216,0.982,1.0208329e-05,1.1279162e-05,1.104583e-05,1.1195826e-05,1.0312494e-05,1.0970831e-05,1.1537496e-05,1.2908332e-05,1.1691665e-05,1.089166e-05,1.114583e-05,1.1445833e-05,1.1579164e-05,1.0716661e-05,9.349998e-06,6.624993e-06
0,492,742.367,0.984,1.0254161e-05,1.1324993e-05,1.1099998e-05,1.123333e-05,1.0341661e-05,1.0999997e-05,1.1575e-05,1.2941662e-05,1.1729161e-05,1.0912498e-05,1.1174997e-05,1.1474999e-05,1.1620831e-05,1.075e-05,9.354162e-06,6.654159e-06
0,493,742.518,0.986,1.0295828e-05,1.135416e-05,1.1137494e-05,1.1258332e-05,1.0366663e-05,1.1016663e-05,1.1587493e-05,1.2966665e-05,1.1758328e-05,1.0929163e-05,1.1204163e-05,1.1495828e-05,1.1641661e-05,1.0774994e-05,9.349998e-06,6.674997e-06
0,494,742.669,0.988,1.0341661e-05,1.1408329e-05,1.1195826e-05,1.13e-05,1.040833e-05,1.1049994e-05,1.1620831e-05,1.300416e-05,1.1799995e-05,1.095833e-05,1.1237494e-05,1.1537496e-05,1.1687493e-05,1.0812497e-05,9.358327e-06,6.708328e-06
0,495,742.82,0.99,1.0391665e-05,1.1445833e-05,1.1241658e-05,1.1329166e-05,1.0420831e-05,1.1070832e-05,1.1641661e-05,1.3029162e-05,1.1829162e-05,1.0970831e-05,1.1258332e-05,1.1558326e-05,1.1704159e-05,1.0833327e-05,9.349998e-06,6.724993e-06
0,496,742.97,0.992,1.0437497e-05,1.1483327e-05,1.1295827e-05,1.1370826e-05,1.0454162e-05,1.1099998e-05,1.1679164e-05,1.3066665e-05,1.1862493e-05,1.0995833e-05,1.1295827e-05,1.1591665e-05,1.1737498e-05,1.0866665e-05,9.358327e-06,6.758332e-06
0,497,743.121,0.994,1.0479164e-05,1.1516667e-05,1.1337494e-05,1.1395828e-05,1.0470828e-05,1.1120828e-05,1.1699995e-05,1.309166e-05,1.1899996e-05,1.1016663e-05,1.1312492e-05,1.160833e-05,1.1766664e-05,1.0887496e-05,9.349998e-06,6.774998e-06
0,498,743.272,0.996,1.0520832e-05,1.1562498e-05,1.1391664e-05,1.1433332e-05,1.0512495e-05,1.1149995e-05,1.1733326e-05,1.3129163e-05,1.1941664e-05,1.1037493e-05,1.135416e-05,1.1645826e-05,1.1799995e-05,1.0929163e-05,9.354162e-06,6.808329e-06
0,499,743.423,0.998,1.0570828e-05,1.1591665e-05,1.1433332e-05,1.1462498e-05,1.052916e-05,1.1170832e-05,1.1749999e-05,1.3154165e-05,1.1962493e-05,1.1054166e-05,1.1374998e-05,1.1662499e-05,1.1829162e-05,1.0945829e-05,9.349998e-06,6.82083e-06
0,500,743.574,1.0,1.0608332e-05,1.1633332e-05,1.1487492e-05,1.1499993e-05,1.0562499e-05,1.1204163e-05,1.1787494e-05,1.319166e-05,1.200416e-05,1.1079161e-05,1.1408329e-05,1.169583e-05,1.1866665e-05,1.097916e-05,9.358327e-06,6.858325e-06
0,501,743.725,0.998,1.0604159e-05,1.1583328e-05,1.1433332e-05,1.1437495e-05,1.0533333e-05,1.1170832e-05,1.1745827e-05,1.3149993e-05,1.1954165e-05,1.1037493e-05,1.1362497e-05,1.1645826e-05,1.1812496e-05,1.0929163e-05,9.324996e-06,6.812493e-06
0,502,743.875,0.996,1.0549998e-05,1.152083e-05,1.1374998e-05,1.1374998e-05,1.0508331e-05,1.114583e-05,1.171666e-05,1.3108333e-05,1.1916662e-05,1.1004162e-05,1.1324993e-05,1.1604166e-05,1.1766664e-05,1.089166e-05,9.299994e-06,6.783327e-06
0,503,744.026,0.994,1.0483329e-05,1.1449996e-05,1.1295827e-05,1.1291663e-05,1.0474992e-05,1.1104163e-05,1.1666663e-05,1.3062493e-05,1.1858328e-05,1.0945829e-05,1.1270833e-05,1.1549997e-05,1.1708331e-05,1.0837499e-05,9.266662e-06,6.745831e-06
0,504,744.177,0.992,1.0424996e-05,1.1383327e-05,1.1229165e-05,1.1241658e-05,1.0445825e-05,1.1079161e-05,1.162916e-05,1.3016661e-05,1.1816661e-05,1.0912498e-05,1.123333e-05,1.1512494e-05,1.1666663e-05,1.0799996e-05,9.237496e-06,6.708328e-06
0,505,744.328,0.99,1.0366663e-05,1.1316665e-05,1.1154159e-05,1.1162496e-05,1.040833e-05,1.1033329e-05,1.1579164e-05,1.2966665e-05,1.1762492e-05,1.0858329e-05,1.1179161e-05,1.1458325e-05,1.160833e-05,1.075e-05,9.212494e-06,6.670833e-06
0,506,744.479,0.988,1.0295828e-05,1.1258332e-05,1.1091662e-05,1.1108327e-05,1.0379164e-05,1.1004162e-05,1.1541661e-05,1.2933326e-05,1.171666e-05,1.0820826e-05,1.1141666e-05,1.1424994e-05,1.1570827e-05,1.0708332e-05,9.187492e-06,6.641666e-06
0,507,744.63,0.986,1.0237495e-05,1.1183325e-05,1.1016663e-05,1.1037493e-05,1.0341661e-05,1.095833e-05,1.1495828e-05,1.2874993e-05,1.1654162e-05,1.0774994e-05,1.1087497e-05,1.1370826e-05,1.1504166e-05,1.0658327e-05,9.158325e-06,6.595826e-06
0,508,744.78,0.984,1.0174997e-05,1.1133329e-05,1.095833e-05,1.0987496e-05,1.0312494e-05,1.0924999e-05,1.1458325e-05,1.2837498e-05,1.1616659e-05,1.0741663e-05,1.1049994e-05,1.1333331e-05,1.1470826e-05,1.0620833e-05,9.133331e-06,6.56666e-06
0,509,744.931,0.982,1.0116664e-05,1.1070832e-05,1.0879159e-05,1.0920827e-05,1.0258333e-05,1.0879159e-05,1.1412493e-05,1.2783329e-05,1.1554162e-05,1.0687494e-05,1.0995833e-05,1.1283326e-05,1.1412493e-05,1.0566664e-05,9.108328e-06,6.520828e-06
0,510,745.082,0.98,1.0058331e-05,1.1020828e-05,1.0820826e-05,1.0879159e-05,1.0233331e-05,1.0849993e-05,1.1379162e-05,1.2745825e-05,1.1516667e-05,1.0658327e-05,1.0954165e-05,1.1249996e-05,1.1374998e-05,1.052916e-05,9.087499e-06,6.491661e-06
0,511,745.233,0.978,9.995826e-06,1.0949993e-05,1.0745827e-05,1.0808333e-05,1.0199992e-05,1.0808333e-05,1.1333331e-05,1.2695829e-05,1.1458325e-05,1.0612495e-05,1.0908326e-05,1.1195826e-05,1.1316665e-05,1.0479164e-05,9.058333e-06,6.449994e-06
0,512,745.384,0.976,9.933328e-06,1.0899997e-05,1.0687494e-05,1.0762493e-05,1.0170826e-05,1.0774994e-05,1.1295827e-05,1.2654162e-05,1.1412493e-05,1.0579165e-05,1.087083e-05,1.1158331e-05,1.1274998e-05,1.0441661e-05,9.041659e-06,6.429163e-06
0,513,745.535,0.974,9.891661e-06,1.0858329e-05,1.0641662e-05,1.0720825e-05,1.013333e-05,1.0741663e-05,1.1262497e-05,1.2616666e-05,1.1374998e-05,1.0545826e-05,1.0824998e-05,1.1124992e-05,1.1237494e-05,1.040833e-05,9.02083e-06,6.395833e-06
0,514,745.686,0.972,9.833328e-06,1.0791659e-05,1.0566664e-05,1.0649999e-05,1.0099999e-05,1.0699995e-05,1.1212492e-05,1.2562497e-05,1.1316665e-05,1.049583e-05,1.0774994e-05,1.1070832e-05,1.1179161e-05,1.0354162e-05,8.995827e-06,6.349993e-06
0,515,745.836,0.97,9.766666e-06,1.0741663e-05,1.0508331e-05,1.0604159e-05,1.0058331e-05,1.0662492e-05,1.1179161e-05,1.2524994e-05,1.1283326e-05,1.0466663e-05,1.0737499e-05,1.1037493e-05,1.1141666e-05,1.0316666e-05,8.974997e-06,6.320826e-06
0,516,745.987,0.968,9.708333e-06,1.0679166e-05,1.0437497e-05,1.0533333e-05,1.0016664e-05,1.061666e-05,1.1129165e-05,1.2470826e-05,1.1220829e-05,1.0416658e-05,1.0687494e-05,1.0983332e-05,1.1079161e-05,1.0262497e-05,8.954159e-06,6.283331e-06
0,517,746.138,0.966,9.658329e-06,1.0637498e-05,1.0379164e-05,1.0499994e-05,9.999999e-06,1.058333e-05,1.1095826e-05,1.2429166e-05,1.1179161e-05,1.0387492e-05,1.0649999e-05,1.0954165e-05,1.1041665e-05,1.0229166e-05,8.937494e-06,6.249992e-06
0,518,746.289,0.964,9.591659e-06,1.0574992e-05,1.0304165e-05,1.0429159e-05,9.949994e-06,1.0541661e-05,1.104583e-05,1.2370832e-05,1.1124992e-05,1.0337496e-05,1.0595831e-05,1.0899997e-05,1.0983332e-05,1.0179162e-05,8.904163e-06,6.208332e-06
0,519,746.44,0.962,9.529162e-06,1.0524996e-05,1.0249996e-05,1.0387492e-05,9.916663e-06,1.0499994e-05,1.1008327e-05,1.2337494e-05,1.1083333e-05,1.0304165e-05,1.0562499e-05,1.0866665e-05,1.0941664e-05,1.0145831e-05,8.887498e-06,6.18333e-06
0,520,746.591,0.96,9.479165e-06,1.0470828e-05,1.0183327e-05,1.0324995e-05,9.87916e-06,1.0470828e-05,1.0962494e-05,1.2283325e-05,1.1029164e-05,1.0262497e-05,1.0512495e-05,1.0820826e-05,1.0887496e-05,1.0091662e-05,8.86666e-06,6.137498e-06
0,521,746.741,0.958,9.420832e-06,1.0429159e-05,1.013333e-05,1.0287499e-05,9.841665e-06,1.0433332e-05,1.0929163e-05,1.2241666e-05,1.0987496e-05,1.0233331e-05,1.0479164e-05,1.0791659e-05,1.0854164e-05,1.0062496e-05,8.84583e-06,6.116661e-06
0,522,746.892,0.956,9.362499e-06,1.0366663e-05,1.006666e-05,1.0224994e-05,9.808326e-06,1.0383328e-05,1.0887496e-05,1.2187496e-05,1.0929163e-05,1.0183327e-05,1.0424996e-05,1.0737499e-05,1.0795831e-05,1.00125e-05,8.820828e-06,6.074993e-06
0,523,747.043,0.954,9.312495e-06,1.0324995e-05,1.00125e-05,1.0187498e-05,9.779159e-06,1.0349997e-05,1.0845828e-05,1.2149993e-05,1.0887496e-05,1.0149995e-05,1.0391665e-05,1.070416e-05,1.0762493e-05,9.97916e-06,8.808327e-06,6.045826e-06
0,524,747.194,0.952,9.254161e-06,1.0270826e-05,9.945829e-06,1.0124993e-05,9.733327e-06,1.0312494e-05,1.0795831e-05,1.2095833e-05,1.0833327e-05,1.0104163e-05,1.0337496e-05,1.0658327e-05,1.070416e-05,9.929165e-06,8.791661e-06,6.004159e-06
0,525,747.345,0.95,9.199993e-06,1.0229166e-05,9.895825e-06,1.0087498e-05,9.699997e-06,1.0279163e-05,1.0762493e-05,1.2054165e-05,1.0791659e-05,1.0070833e-05,1.0304165e-05,1.0624997e-05,1.0666665e-05,9.895825e-06,8.774996e-06,5.979165e-06
0,526,747.496,0.948,9.145832e-06,1.0174997e-05,9.833328e-06,1.0033329e-05,9.662493e-06,1.0233331e-05,1.0716661e-05,1.1999997e-05,1.0737499e-05,1.0024993e-05,1.0254161e-05,1.0579165e-05,1.0612495e-05,9.841665e-06,8.749994e-06,5.937497e-06
0,527,747.647,0.946,9.091664e-06,1.013333e-05,9.783332e-06,9.995826e-06,9.629162e-06,1.0199992e-05,1.0679166e-05,1.1958329e-05,1.0699995e-05,9.995826e-06,1.0216665e-05,1.0545826e-05,1.0574992e-05,9.808326e-06,8.733328e-06,5.90833e-06
0,528,747.797,0.944,9.033331e-06,1.0074997e-05,9.720826e-06,9.933328e-06,9.58333e-06,1.0158332e-05,1.0629161e-05,1.1908332e-05,1.0645826e-05,9.949994e-06,1.0166661e-05,1.0491665e-05,1.0512495e-05,9.75833e-06,8.704162e-06,5.870827e-06
0,529,747.948,0.942,8.983326e-06,1.0033329e-05,9.674995e-06,9.895825e-06,9.541663e-06,1.0116664e-05,1.0595831e-05,1.1866665e-05,1.0608332e-05,9.916663e-06,1.0129165e-05,1.0458326e-05,1.0479164e-05,9.724999e-06,8.691661e-06,5.84166e-06
0,530,748.099,0.94,8.924992e-06,9.983333e-06,9.608332e-06,9.841665e-06,9.508331e-06,1.0079161e-05,1.0545826e-05,1.1808332e-05,1.0545826e-05,9.874995e-06,1.0083326e-05,1.0412495e-05,1.0420831e-05,9.67083e-06,8.674995e-06,5.795829e-06
0,531,748.25,0.938,8.879161e-06,9.945829e-06,9.566665e-06,9.812498e-06,9.470828e-06,1.004583e-05,1.0512495e-05,1.1774993e-05,1.0508331e-05,9.841665e-06,1.0041666e-05,1.0383328e-05,1.0383328e-05,9.641663e-06,8.662494e-06,5.774998e-06
0,532,748.401,0.936,8.824993e-06,9.891661e-06,9.50416e-06,9.754165e-06,9.429161e-06,9.999999e-06,1.0466663e-05,1.171666e-05,1.0454162e-05,9.799997e-06,9.995826e-06,1.032916e-05,1.0324995e-05,9.591659e-06,8.633328e-06,5.729159e-06
0,533,748.552,0.934,8.770831e-06,9.85833e-06,9.458327e-06,9.716662e-06,9.404159e-06,9.966659e-06,1.0429159e-05,1.1674992e-05,1.0412495e-05,9.770831e-06,9.95833e-06,1.0299993e-05,1.0287499e-05,9.554164e-06,8.620827e-06,5.704164e-06
0,534,748.702,0.932,8.720827e-06,9.804161e-06,9.404159e-06,9.666665e-06,9.362499e-06,9.920827e-06,1.0383328e-05,1.1620831e-05,1.0358325e-05,9.724999e-06,9.904162e-06,1.0249996e-05,1.0233331e-05,9.508331e-06,8.604161e-06,5.662497e-06
0,535,748.853,0.93,8.674995e-06,9.766666e-06,9.358327e-06,9.633327e-06,9.320831e-06,9.891661e-06,1.0345832e-05,1.1579164e-05,1.0324995e-05,9.695832e-06,9.874995e-06,1.022083e-05,1.0191663e-05,9.470828e-06,8.587495e-06,5.637495e-06
0,536,749.004,0.928,8.624998e-06,9.720826e-06,9.304166e-06,9.579166e-06,9.275e-06,9.845829e-06,1.0299993e-05,1.1524995e-05,1.0270826e-05,9.654164e-06,9.820827e-06,1.0170826e-05,1.0137494e-05,9.429161e-06,8.566665e-06,5.595827e-06
0,537,749.155,0.926,8.579159e-06,9.683331e-06,9.266662e-06,9.541663e-06,9.245833e-06,9.812498e-06,1.0266662e-05,1.1491664e-05,1.0229166e-05,9.620825e-06,9.79166e-06,1.0137494e-05,1.0099999e-05,9.39583e-06,8.558329e-06,5.570825e-06
0,538,749.306,0.924,8.524998e-06,9.633327e-06,9.212494e-06,9.491666e-06,9.208329e-06,9.766666e-06,1.0216665e-05,1.1429159e-05,1.0174997e-05,9.574994e-06,9.7375e-06,1.0091662e-05,1.0049995e-05,9.345826e-06,8.533327e-06,5.529165e-06
0,539,749.457,0.922,8.479166e-06,9.60416e-06,9.179163e-06,9.462499e-06,9.170826e-06,9.733327e-06,1.0187498e-05,1.1395828e-05,1.0137494e-05,9.541663e-06,9.704161e-06,1.006666e-05,1.0008327e-05,9.312495e-06,8.524998e-06,5.499999e-06
0,540,749.607,0.92,8.445827e-06,9.574994e-06,9.149996e-06,9.433325e-06,9.133331e-06,9.704161e-06,1.015416e-05,1.1362497e-05,1.0104163e-05,9.516661e-06,9.674995e-06,1.0037494e-05,9.97916e-06,9.283328e-06,8.508333e-06,5.479161e-06
0,541,749.758,0.918,8.399995e-06,9.533326e-06,9.099992e-06,9.383329e-06,9.099992e-06,9.662493e-06,1.0104163e-05,1.1304164e-05,1.004583e-05,9.474993e-06,9.620825e-06,9.983333e-06,9.916663e-06,9.237496e-06,8.487495e-06,5.437493e-06
0,542,749.909,0.916,8.358327e-06,9.499995e-06,9.066661e-06,9.354162e-06,9.066661e-06,9.629162e-06,1.0070833e-05,1.126666e-05,1.0016664e-05,9.445826e-06,9.595831e-06,9.954158e-06,9.887497e-06,9.204166e-06,8.48333e-06,5.412499e-06
0,543,750.06,0.914,8.31666e-06,9.462499e-06,9.024993e-06,9.30833e-06,9.024993e-06,9.58333e-06,1.0024993e-05,1.1212492e-05,9.962495e-06,9.404159e-06,9.549999e-06,9.912499e-06,9.833328e-06,9.158325e-06,8.458328e-06,5.374996e-06
0,544,750.211,0.912,8.279165e-06,9.424996e-06,8.991663e-06,9.283328e-06,8.995827e-06,9.549999e-06,9.995826e-06,1.1174997e-05,9.929165e-06,9.370828e-06,9.512496e-06,9.883332e-06,9.79166e-06,9.124994e-06,8.445827e-06,5.349994e-06
0,545,750.362,0.91,8.22916e-06,9.387493e-06,8.941666e-06,9.233332e-06,8.949995e-06,9.50416e-06,9.945829e-06,1.1120828e-05,9.874995e-06,9.333332e-06,9.466664e-06,9.833328e-06,9.741664e-06,9.079162e-06,8.424998e-06,5.308326e-06
0,546,750.513,0.908,8.191665e-06,9.358327e-06,8.912491e-06,9.208329e-06,8.916664e-06,9.479165e-06,9.916663e-06,1.1083333e-05,9.837492e-06,9.304166e-06,9.429161e-06,9.804161e-06,9.704161e-06,9.049996e-06,8.41666e-06,5.291661e-06
0,547,750.663,0.906,8.149997e-06,9.312495e-06,8.870832e-06,9.162498e-06,8.879161e-06,9.433325e-06,9.866659e-06,1.1024999e-05,9.79166e-06,9.258326e-06,9.383329e-06,9.762493e-06,9.649992e-06,9.004164e-06,8.404159e-06,5.254165e-06
0,548,750.814,0.904,8.116658e-06,9.287493e-06,8.849995e-06,9.137495e-06,8.84583e-06,9.404159e-06,9.837492e-06,1.0991661e-05,9.749992e-06,9.233332e-06,9.349998e-06,9.7375e-06,9.616661e-06,8.974997e-06,8.391658e-06,5.229163e-06
0,549,750.965,0.902,8.074999e-06,9.245833e-06,8.812499e-06,9.091664e-06,8.804162e-06,9.358327e-06,9.787496e-06,1.0937492e-05,9.699997e-06,9.183327e-06,9.295829e-06,9.691659e-06,9.562493e-06,8.924992e-06,8.374993e-06,5.183331e-06
0,550,751.116,0.9,8.033331e-06,9.216667e-06,8.787497e-06,9.070825e-06,8.774996e-06,9.32916e-06,9.75833e-06,1.0895832e-05,9.666665e-06,9.158325e-06,9.266662e-06,9.658329e-06,9.524997e-06,8.895826e-06,8.362492e-06,5.162493e-06
0,551,751.267,0.898,7.999993e-06,9.183327e-06,8.749994e-06,9.024993e-06,8.733328e-06,9.283328e-06,9.712498e-06,1.0841663e-05,9.612497e-06,9.116666e-06,9.216667e-06,9.616661e-06,9.474993e-06,8.849995e-06,8.341662e-06,5.124998e-06
0,552,751.418,0.896,7.966662e-06,9.154161e-06,8.724999e-06,8.999999e-06,8.704162e-06,9.254161e-06,9.674995e-06,1.080416e-05,9.579166e-06,9.091664e-06,9.183327e-06,9.58333e-06,9.433325e-06,8.816663e-06,8.333325e-06,5.10416e-06
0,553,751.568,0.894,7.924994e-06,9.112493e-06,8.695833e-06,8.958332e-06,8.662494e-06,9.208329e-06,9.633327e-06,1.0754164e-05,9.533326e-06,9.049996e-06,9.137495e-06,9.541663e-06,9.387493e-06,8.770831e-06,8.31666e-06,5.062493e-06
0,554,751.719,0.892,7.895827e-06,9.087499e-06,8.674995e-06,8.937494e-06,8.629163e-06,9.174999e-06,9.599996e-06,1.0712496e-05,9.499995e-06,9.024993e-06,9.108328e-06,9.508331e-06,9.354162e-06,8.741665e-06,8.308331e-06,5.045827e-06
0,555,751.87,0.89,7.866661e-06,9.05416e-06,8.637492e-06,8.895826e-06,8.583331e-06,9.133331e-06,9.549999e-06,1.0662492e-05,9.441662e-06,8.979162e-06,9.058333e-06,9.462499e-06,9.295829e-06,8.695833e-06,8.291666e-06,5.008332e-06
0,556,752.021,0.888,7.83333e-06,9.029166e-06,8.616662e-06,8.870832e-06,8.562493e-06,9.099992e-06,9.520832e-06,1.0620833e-05,9.408331e-06,8.945831e-06,9.029166e-06,9.437497e-06,9.262498e-06,8.666659e-06,8.274992e-06,4.98333e-06
0,557,752.172,0.886,7.795827e-06,8.991663e-06,8.587495e-06,8.833329e-06,8.524998e-06,9.062497e-06,9.474993e-06,1.0566664e-05,9.354162e-06,8.908328e-06,8.979162e-06,9.391665e-06,9.208329e-06,8.616662e-06,8.258326e-06,4.949999e-06
0,558,752.323,0.884,7.762495e-06,8.962496e-06,8.57083e-06,8.808327e-06,8.491659e-06,9.029166e-06,9.441662e-06,1.052916e-05,9.32916e-06,8.879161e-06,8.949995e-06,9.366663e-06,9.170826e-06,8.587495e-06,8.249998e-06,4.929161e-06
0,559,752.474,0.882,7.737493e-06,8.929165e-06,8.5375e-06,8.766659e-06,8.445827e-06,8.983326e-06,9.39583e-06,1.0479164e-05,9.275e-06,8.837494e-06,8.895826e-06,9.316659e-06,9.12083e-06,8.541663e-06,8.233333e-06,4.891666e-06
0,560,752.624,0.88,7.7125e-06,8.912491e-06,8.524998e-06,8.745829e-06,8.412496e-06,8.954159e-06,9.362499e-06,1.0437497e-05,9.24166e-06,8.808327e-06,8.86666e-06,9.287493e-06,9.083326e-06,8.512497e-06,8.22916e-06,4.870828e-06
0,561,752.775,0.878,7.683333e-06,8.870832e-06,8.499996e-06,8.708326e-06,8.370828e-06,8.908328e-06,9.312495e-06,1.0379164e-05,9.183327e-06,8.762495e-06,8.816663e-06,9.24166e-06,9.029166e-06,8.466665e-06,8.208331e-06,4.833333e-06
0,562,752.926,0.876,7.658331e-06,8.84583e-06,8.48333e-06,8.687496e-06,8.341662e-06,8.874997e-06,9.283328e-06,1.0341661e-05,9.154161e-06,8.737493e-06,8.787497e-06,9.212494e-06,8.999999e-06,8.437499e-06,8.199993e-06,4.812495e-06
0,563,753.077,0.874,7.629164e-06,8.812499e-06,8.458328e-06,8.649993e-06,8.29583e-06,8.833329e-06,9.237496e-06,1.0287499e-05,9.099992e-06,8.695833e-06,8.741665e-06,9.170826e-06,8.945831e-06,8.395831e-06,8.183329e-06,4.779164e-06
0,564,753.228,0.872,7.608326e-06,8.791661e-06,8.441662e-06,8.629163e-06,8.262499e-06,8.804162e-06,9.208329e-06,1.0245832e-05,9.070825e-06,8.666659e-06,8.708326e-06,9.137495e-06,8.912491e-06,8.362492e-06,8.174999e-06,4.758326e-06
0,565,753.379,0.87,7.57916e-06,8.75833e-06,8.420833e-06,8.595832e-06,8.224996e-06,8.754166e-06,9.154161e-06,1.0191663e-05,9.02083e-06,8.624998e-06,8.654165e-06,9.095827e-06,8.854158e-06,8.31666e-06,8.154162e-06,4.720831e-06
0,566,753.529,0.868,7.55833e-06,8.737493e-06,8.408332e-06,8.574994e-06,8.191665e-06,8.724999e-06,9.124994e-06,1.015416e-05,8.987498e-06,8.599996e-06,8.633328e-06,9.070825e-06,8.824993e-06,8.291666e-06,8.154162e-06,4.704165e-06
0,567,753.68,0.866,7.533328e-06,8.708326e-06,8.387494e-06,8.5375e-06,8.154162e-06,8.67916e-06,9.074998e-06,1.0095827e-05,8.93333e-06,8.549992e-06,8.579159e-06,9.02083e-06,8.770831e-06,8.241662e-06,8.12916e-06,4.670826e-06
0,568,753.831,0.864,7.512498e-06,8.683332e-06,8.370828e-06,8.516661e-06,8.120831e-06,8.645829e-06,9.041659e-06,1.0054159e-05,8.899999e-06,8.524998e-06,8.545828e-06,8.991663e-06,8.737493e-06,8.208331e-06,8.120831e-06,4.654161e-06
0,569,753.982,0.862,7.495833e-06,8.662494e-06,8.358327e-06,8.495832e-06,8.091664e-06,8.608326e-06,9.008329e-06,1.0016664e-05,8.862496e-06,8.495832e-06,8.512497e-06,8.958332e-06,8.704162e-06,8.187492e-06,8.116658e-06,4.633331e-06
0,570,754.133,0.86,7.474995e-06,8.633328e-06,8.333325e-06,8.466665e-06,8.049997e-06,8.566665e-06,8.962496e-06,9.962495e-06,8.812499e-06,8.445827e-06,8.466665e-06,8.916664e-06,8.649993e-06,8.141661e-06,8.099993e-06,4.604165e-06
0,571,754.284,0.858,7.458329e-06,8.612497e-06,8.324997e-06,8.441662e-06,8.02083e-06,8.533327e-06,8.924992e-06,9.924992e-06,8.77916e-06,8.424998e-06,8.437499e-06,8.887498e-06,8.616662e-06,8.116658e-06,8.087492e-06,4.583327e-06
0,572,754.434,0.856,7.437499e-06,8.579159e-06,8.304159e-06,8.412496e-06,7.970826e-06,8.491659e-06,8.879161e-06,9.866659e-06,8.729164e-06,8.379166e-06,8.387494e-06,8.837494e-06,8.566665e-06,8.066662e-06,8.074999e-06,4.549996e-06
0,573,754.585,0.854,7.420826e-06,8.562493e-06,8.291666e-06,8.391658e-06,7.945831e-06,8.462493e-06,8.84583e-06,9.837492e-06,8.695833e-06,8.358327e-06,8.358327e-06,8.808327e-06,8.5375e-06,8.04166e-06,8.066662e-06,4.53333e-06
0,574,754.736,0.852,7.399996e-06,8.533327e-06,8.274992e-06,8.358327e-06,7.895827e-06,8.412496e-06,8.799998e-06,9.770831e-06,8.645829e-06,8.308331e-06,8.312496e-06,8.762495e-06,8.48333e-06,7.995828e-06,8.049997e-06,4.508328e-06
0,575,754.887,0.85,7.391659e-06,8.516661e-06,8.270827e-06,8.345826e-06,7.874997e-06,8.383329e-06,8.766659e-06,9.733327e-06,8.616662e-06,8.279165e-06,8.279165e-06,8.733328e-06,8.454163e-06,7.966662e-06,8.04166e-06,4.491663e-06
0,576,755.038,0.848,7.37083e-06,8.487495e-06,8.245825e-06,8.312496e-06,7.83333e-06,8.341662e-06,8.720827e-06,9.679158e-06,8.566665e-06,8.241662e-06,8.233333e-06,8.687496e-06,8.404159e-06,7.929166e-06,8.024995e-06,4.458332e-06
0,577,755.189,0.846,7.358328e-06,8.466665e-06,8.237497e-06,8.291666e-06,7.799999e-06,8.304159e-06,8.687496e-06,9.641663e-06,8.5375e-06,8.212495e-06,8.204166e-06,8.65833e-06,8.374993e-06,7.895827e-06,8.02083e-06,4.445831e-06
0,578,755.34,0.844,7.345827e-06,8.437499e-06,8.220832e-06,8.262499e-06,7.758331e-06,8.262499e-06,8.641664e-06,9.587495e-06,8.487495e-06,8.170828e-06,8.158326e-06,8.616662e-06,8.324997e-06,7.85416e-06,7.999993e-06,4.416665e-06
0,579,755.49,0.842,7.333326e-06,8.41666e-06,8.208331e-06,8.237497e-06,7.729165e-06,8.224996e-06,8.608326e-06,9.545827e-06,8.458328e-06,8.145825e-06,8.124995e-06,8.587495e-06,8.291666e-06,7.829165e-06,7.991664e-06,4.404164e-06
0,580,755.641,0.84,7.320825e-06,8.391658e-06,8.187492e-06,8.208331e-06,7.683333e-06,8.183329e-06,8.554164e-06,9.487494e-06,8.408332e-06,8.099993e-06,8.079163e-06,8.5375e-06,8.245825e-06,7.783326e-06,7.974998e-06,4.379161e-06
0,581,755.792,0.838,7.308332e-06,8.374993e-06,8.179164e-06,8.191665e-06,7.649994e-06,8.149997e-06,8.520826e-06,9.445826e-06,8.370828e-06,8.070827e-06,8.045832e-06,8.508333e-06,8.212495e-06,7.758331e-06,7.966662e-06,4.362496e-06
0,582,755.943,0.836,7.291659e-06,8.345826e-06,8.162498e-06,8.158326e-06,7.612498e-06,8.10833e-06,8.470829e-06,9.39583e-06,8.324997e-06,8.024995e-06,7.999993e-06,8.458328e-06,8.158326e-06,7.716663e-06,7.945831e-06,4.337493e-06
0,583,756.094,0.834,7.287495e-06,8.329161e-06,8.154162e-06,8.145825e-06,7.57916e-06,8.070827e-06,8.441662e-06,9.354162e-06,8.29583e-06,8.004165e-06,7.970826e-06,8.433326e-06,8.133332e-06,7.691661e-06,7.945831e-06,4.329165e-06
0,584,756.245,0.832,7.274993e-06,8.29583e-06,8.133332e-06,8.112494e-06,7.533328e-06,8.024995e-06,8.395831e-06,9.295829e-06,8.241662e-06,7.958332e-06,7.924994e-06,8.387494e-06,8.091664e-06,7.649994e-06,7.929166e-06,4.299998e-06
0,585,756.395,0.83,7.266664e-06,8.283329e-06,8.124995e-06,8.095829e-06,7.508326e-06,7.995828e-06,8.362492e-06,9.258326e-06,8.216659e-06,7.93333e-06,7.899992e-06,8.362492e-06,8.062498e-06,7.629164e-06,7.920829e-06,4.287497e-06
0,586,756.546,0.828,7.254163e-06,8.258326e-06,8.104165e-06,8.066662e-06,7.47083e-06,7.949996e-06,8.312496e-06,9.204166e-06,8.170828e-06,7.891663e-06,7.849995e-06,8.308331e-06,8.008329e-06,7.587496e-06,7.908328e-06,4.266659e-06
0,587,756.697,0.826,7.249999e-06,8.237497e-06,8.095829e-06,8.045832e-06,7.433327e-06,7.912493e-06,8.279165e-06,9.162498e-06,8.133332e-06,7.862496e-06,7.820829e-06,8.287493e-06,7.983327e-06,7.562494e-06,7.899992e-06,4.254158e-06
0,588,756.848,0.824,7.237498e-06,8.208331e-06,8.079163e-06,8.02083e-06,7.399996e-06,7.866661e-06,8.233333e-06,9.108328e-06,8.091664e-06,7.824993e-06,7.779161e-06,8.241662e-06,7.94166e-06,7.520827e-06,7.879162e-06,4.233329e-06
0,589,756.999,0.822,7.233326e-06,8.191665e-06,8.066662e-06,7.999993e-06,7.366665e-06,7.83333e-06,8.204166e-06,9.070825e-06,8.062498e-06,7.795827e-06,7.754159e-06,8.216659e-06,7.920829e-06,7.499997e-06,7.879162e-06,4.220828e-06
0,590,757.15,0.82,7.224997e-06,8.166663e-06,8.049997e-06,7.970826e-06,7.333326e-06,7.791662e-06,8.158326e-06,9.016665e-06,8.02083e-06,7.758331e-06,7.708327e-06,8.170828e-06,7.874997e-06,7.462494e-06,7.866661e-06,4.204162e-06
0,591,757.301,0.818,7.220833e-06,8.154162e-06,8.04166e-06,7.958332e-06,7.299996e-06,7.758331e-06,8.124995e-06,8.979162e-06,7.991664e-06,7.729165e-06,7.683333e-06,8.145825e-06,7.845831e-06,7.441664e-06,7.862496e-06,4.191661e-06
0,592,757.451,0.816,7.208331e-06,8.124995e-06,8.016666e-06,7.924994e-06,7.258328e-06,7.7125e-06,8.074999e-06,8.920829e-06,7.945831e-06,7.691661e-06,7.641665e-06,8.099993e-06,7.808328e-06,7.399996e-06,7.845831e-06,4.174995e-06
0,593,757.602,0.814,7.208331e-06,8.10833e-06,8.008329e-06,7.912493e-06,7.233326e-06,7.683333e-06,8.045832e-06,8.883325e-06,7.916665e-06,7.662495e-06,7.612498e-06,8.070827e-06,7.783326e-06,7.379158e-06,7.837494e-06,4.166659e-06
0,594,757.753,0.812,7.19583e-06,8.079163e-06,7.991664e-06,7.879162e-06,7.19583e-06,7.637493e-06,7.995828e-06,8.829164e-06,7.874997e-06,7.620828e-06,7.570831e-06,8.029159e-06,7.737493e-06,7.341663e-06,7.820829e-06,4.145829e-06
0,595,757.904,0.81,7.187494e-06,8.062498e-06,7.974998e-06,7.862496e-06,7.170828e-06,7.599997e-06,7.958332e-06,8.791661e-06,7.845831e-06,7.599997e-06,7.541664e-06,7.999993e-06,7.716663e-06,7.316661e-06,7.812492e-06,4.137492e-06
0,596,758.055,0.808,7.187494e-06,8.049997e-06,7.970826e-06,7.845831e-06,7.133333e-06,7.574995e-06,7.929166e-06,8.754166e-06,7.816664e-06,7.574995e-06,7.516662e-06,7.974998e-06,7.691661e-06,7.299996e-06,7.812492e-06,4.129163e-06
0,597,758.206,0.806,7.179165e-06,8.016666e-06,7.945831e-06,7.816664e-06,7.095829e-06,7.529163e-06,7.887498e-06,8.699997e-06,7.774996e-06,7.537492e-06,7.474995e-06,7.929166e-06,7.649994e-06,7.258328e-06,7.791662e-06,4.112498e-06
0,598,758.356,0.804,7.179165e-06,8.004165e-06,7.937495e-06,7.799999e-06,7.074992e-06,7.495833e-06,7.85416e-06,8.666659e-06,7.749994e-06,7.512498e-06,7.454165e-06,7.904164e-06,7.637493e-06,7.241662e-06,7.787497e-06,4.104161e-06
0,599,758.507,0.802,7.166664e-06,7.974998e-06,7.912493e-06,7.76666e-06,7.033332e-06,7.449993e-06,7.808328e-06,8.608326e-06,7.704162e-06,7.47083e-06,7.412497e-06,7.862496e-06,7.591661e-06,7.204159e-06,7.774996e-06,4.087496e-06
0,600,758.658,0.8,7.166664e-06,7.958332e-06,7.908328e-06,7.754159e-06,6.999993e-06,7.420826e-06,7.774996e-06,8.574994e-06,7.67916e-06,7.449993e-06,7.391659e-06,7.83333e-06,7.570831e-06,7.187494e-06,7.770833e-06,4.079159e-06
0,601,758.809,0.798,7.154163e-06,7.924994e-06,7.879162e-06,7.716663e-06,6.962498e-06,7.37083e-06,7.729165e-06,8.516661e-06,7.637493e-06,7.408333e-06,7.345827e-06,7.791662e-06,7.533328e-06,7.145826e-06,7.749994e-06,4.066666e-06
0,602,758.96,0.796,7.145826e-06,7.912493e-06,7.870825e-06,7.704162e-06,6.937496e-06,7.341663e-06,7.695826e-06,8.479166e-06,7.612498e-06,7.387495e-06,7.324998e-06,7.762495e-06,7.508326e-06,7.124996e-06,7.749994e-06,4.058329e-06
0,603,759.111,0.794,7.137497e-06,7.883326e-06,7.841659e-06,7.670832e-06,6.899993e-06,7.299996e-06,7.649994e-06,8.424998e-06,7.566658e-06,7.349992e-06,7.287495e-06,7.720828e-06,7.474995e-06,7.091665e-06,7.733329e-06,4.045828e-06
0,604,759.261,0.792,7.137497e-06,7.866661e-06,7.829165e-06,7.654166e-06,6.870826e-06,7.266664e-06,7.620828e-06,8.387494e-06,7.545829e-06,7.324998e-06,7.258328e-06,7.695826e-06,7.454165e-06,7.070827e-06,7.729165e-06,4.037492e-06
0,605,759.412,0.79,7.124996e-06,7.83333e-06,7.808328e-06,7.620828e-06,6.837495e-06,7.220833e-06,7.570831e-06,8.337498e-06,7.504161e-06,7.291659e-06,7.224997e-06,7.654166e-06,7.416661e-06,7.037497e-06,7.716663e-06,4.020826e-06
0,606,759.563,0.788,7.120832e-06,7.816664e-06,7.795827e-06,7.604162e-06,6.804164e-06,7.191666e-06,7.537492e-06,8.299994e-06,7.483332e-06,7.266664e-06,7.204159e-06,7.629164e-06,7.395832e-06,7.020831e-06,7.7125e-06,4.016661e-06
0,607,759.714,0.786,7.108331e-06,7.787497e-06,7.762495e-06,7.566658e-06,6.770825e-06,7.141662e-06,7.49166e-06,8.241662e-06,7.437499e-06,7.229161e-06,7.1625e-06,7.587496e-06,7.358328e-06,6.983328e-06,7.691661e-06,3.999996e-06
0,608,759.865,0.784,7.104159e-06,7.770833e-06,7.749994e-06,7.549993e-06,6.741659e-06,7.108331e-06,7.458329e-06,8.204166e-06,7.412497e-06,7.212496e-06,7.145826e-06,7.562494e-06,7.337499e-06,6.966663e-06,7.691661e-06,3.995832e-06
0,609,760.016,0.782,7.091665e-06,7.737493e-06,7.724992e-06,7.520827e-06,6.704164e-06,7.062499e-06,7.412497e-06,8.154162e-06,7.374994e-06,7.174993e-06,7.108331e-06,7.516662e-06,7.30416e-06,6.929159e-06,7.670832e-06,3.979158e-06
0,610,760.167,0.78,7.087493e-06,7.716663e-06,7.708327e-06,7.499997e-06,6.679161e-06,7.037497e-06,7.383331e-06,8.116658e-06,7.345827e-06,7.149999e-06,7.083328e-06,7.495833e-06,7.28333e-06,6.908329e-06,7.670832e-06,3.974994e-06
0,611,760.317,0.778,7.074992e-06,7.683333e-06,7.67916e-06,7.462494e-06,6.641666e-06,6.991665e-06,7.341663e-06,8.066662e-06,7.308332e-06,7.11666e-06,7.049998e-06,7.449993e-06,7.245827e-06,6.874998e-06,7.658331e-06,3.958329e-06
0,612,760.468,0.776,7.070827e-06,7.670832e-06,7.666659e-06,7.445828e-06,6.620828e-06,6.962498e-06,7.312497e-06,8.033331e-06,7.291659e-06,7.099994e-06,7.033332e-06,7.429162e-06,7.229161e-06,6.854161e-06,7.649994e-06,3.954164e-06
0,613,760.619,0.774,7.049998e-06,7.633328e-06,7.633328e-06,7.408333e-06,6.583325e-06,6.912494e-06,7.262492e-06,7.979163e-06,7.245827e-06,7.058326e-06,6.991665e-06,7.383331e-06,7.191666e-06,6.82083e-06,7.637493e-06,3.941663e-06
0,614,760.77,0.772,7.049998e-06,7.616663e-06,7.612498e-06,7.387495e-06,6.558331e-06,6.883327e-06,7.233326e-06,7.945831e-06,7.224997e-06,7.045825e-06,6.974999e-06,7.362493e-06,7.174993e-06,6.799992e-06,7.633328e-06,3.933326e-06
0,615,760.921,0.77,7.037497e-06,7.574995e-06,7.587496e-06,7.354164e-06,6.520828e-06,6.837495e-06,7.187494e-06,7.895827e-06,7.183329e-06,7.00833e-06,6.94166e-06,7.320825e-06,7.137497e-06,6.766661e-06,7.620828e-06,3.912497e-06
0,616,761.072,0.768,7.024995e-06,7.55833e-06,7.570831e-06,7.337499e-06,6.495825e-06,6.804164e-06,7.158327e-06,7.85416e-06,7.1625e-06,6.983328e-06,6.92083e-06,7.295831e-06,7.11666e-06,6.745831e-06,7.616663e-06,3.908332e-06
0,617,761.222,0.766,7.00833e-06,7.520827e-06,7.537492e-06,7.295831e-06,6.462495e-06,6.762496e-06,7.108331e-06,7.799999e-06,7.124996e-06,6.954161e-06,6.883327e-06,7.254163e-06,7.083328e-06,6.712492e-06,7.604162e-06,3.891659e-06
0,618,761.373,0.764,6.999993e-06,7.495833e-06,7.520827e-06,7.270829e-06,6.437492e-06,6.729166e-06,7.079164e-06,7.770833e-06,7.104159e-06,6.937496e-06,6.866662e-06,7.233326e-06,7.066663e-06,6.691662e-06,7.595825e-06,3.887495e-06
0,619,761.524,0.762,6.983328e-06,7.462494e-06,7.479159e-06,7.237498e-06,6.404161e-06,6.683326e-06,7.037497e-06,7.720828e-06,7.066663e-06,6.904165e-06,6.833331e-06,7.19583e-06,7.024995e-06,6.658332e-06,7.583332e-06,3.874993e-06
0,620,761.675,0.76,6.974999e-06,7.445828e-06,7.462494e-06,7.220833e-06,6.383332e-06,6.662496e-06,7.00833e-06,7.687497e-06,7.045825e-06,6.883327e-06,6.816666e-06,7.174993e-06,7.00833e-06,6.641666e-06,7.57916e-06,3.866664e-06
0,621,761.826,0.758,6.958326e-06,7.408333e-06,7.433327e-06,7.179165e-06,6.349993e-06,6.612492e-06,6.962498e-06,7.637493e-06,7.00833e-06,6.849996e-06,6.787499e-06,7.133333e-06,6.970827e-06,6.604163e-06,7.566658e-06,3.849999e-06
0,622,761.977,0.756,6.954161e-06,7.383331e-06,7.412497e-06,7.158327e-06,6.333327e-06,6.587497e-06,6.94166e-06,7.604162e-06,6.991665e-06,6.837495e-06,6.770825e-06,7.112495e-06,6.949997e-06,6.583325e-06,7.55833e-06,3.841662e-06
0,623,762.128,0.754,6.94166e-06,7.362493e-06,7.391659e-06,7.133333e-06,6.308325e-06,6.554159e-06,6.912494e-06,7.570831e-06,6.966663e-06,6.812493e-06,6.75416e-06,7.087493e-06,6.933331e-06,6.562495e-06,7.554166e-06,3.829161e-06
0,624,762.278,0.752,6.916666e-06,7.320825e-06,7.354164e-06,7.095829e-06,6.279159e-06,6.512499e-06,6.866662e-06,7.520827e-06,6.929159e-06,6.787499e-06,6.716665e-06,7.049998e-06,6.891664e-06,6.524992e-06,7.537492e-06,3.812496e-06
0,625,762.429,0.75,6.904165e-06,7.295831e-06,7.333326e-06,7.062499e-06,6.254164e-06,6.483333e-06,6.833331e-06,7.487496e-06,6.912494e-06,6.766661e-06,6.699999e-06,7.024995e-06,6.870826e-06,6.504162e-06,7.533328e-06,3.808331e-06
0,626,762.58,0.748,6.8875e-06,7.254163e-06,7.291659e-06,7.024995e-06,6.224998e-06,6.441664e-06,6.791663e-06,7.441664e-06,6.874998e-06,6.73333e-06,6.66666e-06,6.983328e-06,6.833331e-06,6.466659e-06,7.524999e-06,3.787494e-06
0,627,762.731,0.746,6.874998e-06,7.233326e-06,7.274993e-06,7.004166e-06,6.208332e-06,6.416662e-06,6.770825e-06,7.408333e-06,6.854161e-06,6.720829e-06,6.654159e-06,6.966663e-06,6.816666e-06,6.449994e-06,7.516662e-06,3.779165e-06
0,628,762.882,0.744,6.854161e-06,7.191666e-06,7.233326e-06,6.958326e-06,6.174993e-06,6.374995e-06,6.724993e-06,7.358328e-06,6.816666e-06,6.687498e-06,6.620828e-06,6.924995e-06,6.774998e-06,6.408326e-06,7.508326e-06,3.758327e-06
0,629,763.033,0.742,6.833331e-06,7.1625e-06,7.208331e-06,6.937496e-06,6.158328e-06,6.349993e-06,6.699999e-06,7.333326e-06,6.795828e-06,6.670833e-06,6.608327e-06,6.908329e-06,6.758332e-06,6.387496e-06,7.504161e-06,3.754163e-06
0,630,763.183,0.74,6.808329e-06,7.120832e-06,7.166664e-06,6.895828e-06,6.129162e-06,6.304161e-06,6.658332e-06,7.28333e-06,6.762496e-06,6.641666e-06,6.570832e-06,6.870826e-06,6.716665e-06,6.345828e-06,7.487496e-06,3.733325e-06
0,631,763.334,0.738,6.795828e-06,7.095829e-06,7.141662e-06,6.866662e-06,6.108331e-06,6.279159e-06,6.63333e-06,7.254163e-06,6.737494e-06,6.620828e-06,6.558331e-06,6.849996e-06,6.691662e-06,6.324999e-06,7.479159e-06,3.724996e-06
0,632,763.485,0.736,6.766661e-06,7.049998e-06,7.099994e-06,6.82083e-06,6.079165e-06,6.237499e-06,6.587497e-06,7.204159e-06,6.695827e-06,6.587497e-06,6.520828e-06,6.808329e-06,6.645831e-06,6.283331e-06,7.466666e-06,3.699994e-06
0,633,763.636,0.734,6.749995e-06,7.020831e-06,7.074992e-06,6.795828e-06,6.058327e-06,6.212497e-06,6.56666e-06,7.174993e-06,6.679161e-06,6.574996e-06,6.504162e-06,6.787499e-06,6.629165e-06,6.262493e-06,7.462494e-06,3.691665e-06
0,634,763.787,0.732,6.724993e-06,6.979164e-06,7.02916e-06,6.745831e-06,6.029161e-06,6.174993e-06,6.520828e-06,7.129161e-06,6.641666e-06,6.541665e-06,6.47916e-06,6.75416e-06,6.587497e-06,6.220826e-06,7.449993e-06,3.670827e-06
0,635,763.938,0.73,6.704164e-06,6.945832e-06,7.00833e-06,6.720829e-06,6.020832e-06,6.149999e-06,6.499998e-06,7.099994e-06,6.620828e-06,6.524992e-06,6.462495e-06,6.729166e-06,6.558331e-06,6.195831e-06,7.445828e-06,3.658326e-06
0,636,764.088,0.728,6.674997e-06,6.899993e-06,6.958326e-06,6.674997e-06,5.987493e-06,6.104159e-06,6.45833e-06,7.049998e-06,6.583325e-06,6.495825e-06,6.424999e-06,6.687498e-06,6.512499e-06,6.154164e-06,7.429162e-06,3.637497e-06
0,637,764.239,0.726,6.658332e-06,6.870826e-06,6.929159e-06,6.645831e-06,5.979165e-06,6.083329e-06,6.437492e-06,7.033332e-06,6.56666e-06,6.47916e-06,6.412498e-06,6.670833e-06,6.491661e-06,6.129162e-06,7.429162e-06,3.624996e-06
0,638,764.39,0.724,6.624993e-06,6.829158e-06,6.883327e-06,6.599998e-06,5.945826e-06,6.049999e-06,6.399997e-06,6.979164e-06,6.529164e-06,6.445829e-06,6.379159e-06,6.63333e-06,6.445829e-06,6.083329e-06,7.412497e-06,3.604166e-06
0,639,764.541,0.722,6.608327e-06,6.795828e-06,6.862497e-06,6.570832e-06,5.92916e-06,6.029161e-06,6.374995e-06,6.954161e-06,6.504162e-06,6.433328e-06,6.362494e-06,6.612492e-06,6.420827e-06,6.054163e-06,7.412497e-06,3.591665e-06
0,640,764.692,0.72,6.574996e-06,6.745831e-06,6.808329e-06,6.516663e-06,5.904166e-06,5.991666e-06,6.337492e-06,6.912494e-06,6.470831e-06,6.399997e-06,6.333327e-06,6.570832e-06,6.374995e-06,6.012495e-06,7.395832e-06,3.562498e-06
0,641,764.843,0.718,6.554159e-06,6.716665e-06,6.779162e-06,6.487497e-06,5.895829e-06,5.962499e-06,6.312498e-06,6.883327e-06,6.445829e-06,6.379159e-06,6.312498e-06,6.549994e-06,6.349993e-06,5.987493e-06,7.391659e-06,3.554161e-06
0,642,764.994,0.716,6.520828e-06,6.670833e-06,6.73333e-06,6.441664e-06,5.862498e-06,5.937497e-06,6.274994e-06,6.837495e-06,6.404161e-06,6.345828e-06,6.279159e-06,6.516663e-06,6.299997e-06,5.937497e-06,7.37083e-06,3.524995e-06
0,643,765.144,0.714,6.495825e-06,6.63333e-06,6.699999e-06,6.408326e-06,5.854161e-06,5.90833e-06,6.258329e-06,6.816666e-06,6.387496e-06,6.329163e-06,6.262493e-06,6.495825e-06,6.279159e-06,5.916659e-06,7.366665e-06,3.512494e-06
0,644,765.295,0.712,6.462495e-06,6.583325e-06,6.658332e-06,6.358329e-06,5.829159e-06,5.883328e-06,6.220826e-06,6.774998e-06,6.345828e-06,6.299997e-06,6.229162e-06,6.45833e-06,6.229162e-06,5.870827e-06,7.354164e-06,3.491664e-06
0,645,765.446,0.71,6.441664e-06,6.558331e-06,6.624993e-06,6.329163e-06,5.820831e-06,5.862498e-06,6.195831e-06,6.75416e-06,6.324999e-06,6.283331e-06,6.212497e-06,6.437492e-06,6.20416e-06,5.84166e-06,7.349992e-06,3.474998e-06
0,646,765.597,0.708,6.404161e-06,6.504162e-06,6.570832e-06,6.279159e-06,5.787492e-06,5.829159e-06,6.166665e-06,6.708328e-06,6.287495e-06,6.249992e-06,6.179166e-06,6.399997e-06,6.149999e-06,5.791664e-06,7.333326e-06,3.445832e-06
0,647,765.748,0.706,6.374995e-06,6.470831e-06,6.537493e-06,6.245828e-06,5.779163e-06,5.80833e-06,6.141663e-06,6.687498e-06,6.266665e-06,6.233327e-06,6.166665e-06,6.379159e-06,6.120833e-06,5.762497e-06,7.324998e-06,3.429159e-06
0,648,765.899,0.704,6.337492e-06,6.416662e-06,6.483333e-06,6.187495e-06,5.758325e-06,5.779163e-06,6.104159e-06,6.641666e-06,6.216661e-06,6.199996e-06,6.129162e-06,6.337492e-06,6.070828e-06,5.716666e-06,7.312497e-06,3.399992e-06
0,649,766.049,0.702,6.312498e-06,6.383332e-06,6.454166e-06,6.162492e-06,5.74166e-06,5.758325e-06,6.083329e-06,6.620828e-06,6.20416e-06,6.179166e-06,6.108331e-06,6.316662e-06,6.037497e-06,5.679162e-06,7.30416e-06,3.383326e-06
0,650,766.2,0.7,6.283331e-06,6.349993e-06,6.420827e-06,6.129162e-06,5.737495e-06,5.745832e-06,6.070828e-06,6.599998e-06,6.179166e-06,6.162492e-06,6.087494e-06,6.299997e-06,6.012495e-06,5.65416e-06,7.295831e-06,3.370825e-06
0,651,766.351,0.698,6.245828e-06,6.295832e-06,6.362494e-06,6.070828e-06,5.708329e-06,5.708329e-06,6.033325e-06,6.558331e-06,6.133326e-06,6.120833e-06,6.049999e-06,6.254164e-06,5.958327e-06,5.599999e-06,7.279165e-06,3.341659e-06
0,652,766.502,0.696,6.220826e-06,6.262493e-06,6.337492e-06,6.037497e-06,5.699992e-06,5.699992e-06,6.012495e-06,6.537493e-06,6.112496e-06,6.104159e-06,6.033325e-06,6.241663e-06,5.92916e-06,5.570825e-06,7.274993e-06,3.324993e-06
0,653,766.653,0.694,6.174993e-06,6.208332e-06,6.279159e-06,5.979165e-06,5.679162e-06,5.666661e-06,5.979165e-06,6.495825e-06,6.070828e-06,6.070828e-06,5.99583e-06,6.20416e-06,5.874999e-06,5.516664e-06,7.258328e-06,3.295827e-06
0,654,766.804,0.692,6.149999e-06,6.174993e-06,6.245828e-06,5.954162e-06,5.670825e-06,5.65416e-06,5.966663e-06,6.474996e-06,6.054163e-06,6.058327e-06,5.979165e-06,6.179166e-06,5.849997e-06,5.491662e-06,7.254163e-06,3.283326e-06
0,655,766.955,0.69,6.108331e-06,6.120833e-06,6.191659e-06,5.895829e-06,5.649996e-06,5.63333e-06,5.937497e-06,6.437492e-06,6.008331e-06,6.012495e-06,5.941661e-06,6.141663e-06,5.795829e-06,5.441666e-06,7.233326e-06,3.249995e-06
0,656,767.105,0.688,6.079165e-06,6.083329e-06,6.158328e-06,5.866663e-06,5.641659e-06,5.612493e-06,5.920831e-06,6.420827e-06,5.987493e-06,5.999994e-06,5.924996e-06,6.124997e-06,5.762497e-06,5.412499e-06,7.229161e-06,3.233329e-06
0,657,767.256,0.686,6.037497e-06,6.029161e-06,6.104159e-06,5.804165e-06,5.624994e-06,5.591663e-06,5.887493e-06,6.383332e-06,5.941661e-06,5.958327e-06,5.883328e-06,6.083329e-06,5.708329e-06,5.354166e-06,7.208331e-06,3.199998e-06
0,658,767.407,0.684,6.004159e-06,5.99583e-06,6.070828e-06,5.779163e-06,5.616665e-06,5.579162e-06,5.866663e-06,6.362494e-06,5.916659e-06,5.945826e-06,5.862498e-06,6.062492e-06,5.679162e-06,5.324991e-06,7.19583e-06,3.179161e-06
0,659,767.558,0.682,5.958327e-06,5.937497e-06,6.008331e-06,5.716666e-06,5.591663e-06,5.549995e-06,5.837496e-06,6.324999e-06,5.870827e-06,5.904166e-06,5.824995e-06,6.020832e-06,5.616665e-06,5.266658e-06,7.179165e-06,3.149994e-06
0,660,767.709,0.68,5.924996e-06,5.904166e-06,5.979165e-06,5.687499e-06,5.587498e-06,5.541659e-06,5.824995e-06,6.304161e-06,5.849997e-06,5.883328e-06,5.799993e-06,6.004159e-06,5.591663e-06,5.237492e-06,7.174993e-06,3.133329e-06
0,661,767.86,0.678,5.879164e-06,5.84166e-06,5.920831e-06,5.624994e-06,5.562496e-06,5.516664e-06,5.791664e-06,6.266665e-06,5.804165e-06,5.845833e-06,5.762497e-06,5.958327e-06,5.529165e-06,5.179159e-06,7.154163e-06,3.095826e-06
0,662,768.01,0.676,5.849997e-06,5.80833e-06,5.887493e-06,5.591663e-06,5.55416e-06,5.499999e-06,5.779163e-06,6.245828e-06,5.779163e-06,5.824995e-06,5.74166e-06,5.937497e-06,5.495826e-06,5.149992e-06,7.145826e-06,3.07916e-06
0,663,768.161,0.674,5.799993e-06,5.749996e-06,5.829159e-06,5.529165e-06,5.537494e-06,5.483325e-06,5.745832e-06,6.212497e-06,5.737495e-06,5.787492e-06,5.704164e-06,5.899994e-06,5.441666e-06,5.095832e-06,7.124996e-06,3.045829e-06
0,664,768.312,0.672,5.766662e-06,5.716666e-06,5.795829e-06,5.499999e-06,5.524993e-06,5.470832e-06,5.729159e-06,6.195831e-06,5.712493e-06,5.766662e-06,5.679162e-06,5.879164e-06,5.412499e-06,5.066665e-06,7.11666e-06,3.029164e-06
0,665,768.463,0.67,5.72083e-06,5.658333e-06,5.737495e-06,5.441666e-06,5.508327e-06,5.44583e-06,5.704164e-06,6.158328e-06,5.662497e-06,5.72083e-06,5.637495e-06,5.833332e-06,5.354166e-06,5.008332e-06,7.099994e-06,2.999997e-06
0,666,768.614,0.668,5.679162e-06,5.620829e-06,5.699992e-06,5.399998e-06,5.495826e-06,5.433329e-06,5.687499e-06,6.137498e-06,5.637495e-06,5.699992e-06,5.612493e-06,5.812494e-06,5.324991e-06,4.979165e-06,7.087493e-06,2.979159e-06
0,667,768.765,0.666,5.637495e-06,5.562496e-06,5.641659e-06,5.345829e-06,5.479161e-06,5.416663e-06,5.65416e-06,6.104159e-06,5.587498e-06,5.658333e-06,5.570825e-06,5.766662e-06,5.266658e-06,4.924997e-06,7.066663e-06,2.941664e-06
0,668,768.915,0.664,5.599999e-06,5.524993e-06,5.604164e-06,5.312499e-06,5.470832e-06,5.404162e-06,5.637495e-06,6.087494e-06,5.566661e-06,5.63333e-06,5.549995e-06,5.745832e-06,5.237492e-06,4.891666e-06,7.054162e-06,2.924999e-06
0,669,769.066,0.662,5.549995e-06,5.46666e-06,5.541659e-06,5.25833e-06,5.449994e-06,5.383333e-06,5.608328e-06,6.049999e-06,5.512492e-06,5.591663e-06,5.504163e-06,5.704164e-06,5.179159e-06,4.833333e-06,7.033332e-06,2.887495e-06
0,670,769.217,0.66,5.516664e-06,5.424992e-06,5.508327e-06,5.220827e-06,5.441666e-06,5.374996e-06,5.595827e-06,6.029161e-06,5.487498e-06,5.570825e-06,5.479161e-06,5.683327e-06,5.145828e-06,4.804158e-06,7.024995e-06,2.874994e-06
0,671,769.368,0.658,5.46666e-06,5.370831e-06,5.44583e-06,5.158329e-06,5.420828e-06,5.349994e-06,5.562496e-06,5.99583e-06,5.437493e-06,5.524993e-06,5.433329e-06,5.637495e-06,5.087495e-06,4.745825e-06,6.995829e-06,2.833327e-06
0,672,769.519,0.656,5.429165e-06,5.329164e-06,5.408327e-06,5.124998e-06,5.412499e-06,5.341665e-06,5.549995e-06,5.974992e-06,5.408327e-06,5.495826e-06,5.412499e-06,5.616665e-06,5.062493e-06,4.716659e-06,6.987492e-06,2.816661e-06
0,673,769.67,0.654,5.374996e-06,5.274995e-06,5.354166e-06,5.066665e-06,5.391661e-06,5.320827e-06,5.516664e-06,5.937497e-06,5.366659e-06,5.454159e-06,5.362495e-06,5.566661e-06,4.999995e-06,4.662498e-06,6.966663e-06,2.78333e-06
0,674,769.821,0.652,5.345829e-06,5.237492e-06,5.316663e-06,5.037498e-06,5.387497e-06,5.320827e-06,5.504163e-06,5.924996e-06,5.337492e-06,5.433329e-06,5.341665e-06,5.545831e-06,4.970829e-06,4.633331e-06,6.954161e-06,2.762492e-06
0,675,769.971,0.65,5.295825e-06,5.183331e-06,5.25833e-06,4.987494e-06,5.35833e-06,5.291661e-06,5.474997e-06,5.883328e-06,5.287496e-06,5.383333e-06,5.291661e-06,5.499999e-06,4.91666e-06,4.579163e-06,6.929159e-06,2.729162e-06
0,676,770.122,0.648,5.25833e-06,5.145828e-06,5.224999e-06,4.945827e-06,5.354166e-06,5.283332e-06,5.458331e-06,5.866663e-06,5.262494e-06,5.35833e-06,5.266658e-06,5.479161e-06,4.883329e-06,4.549996e-06,6.916666e-06,2.704159e-06
0,677,770.273,0.646,5.208326e-06,5.091659e-06,5.166666e-06,4.891666e-06,5.329164e-06,5.262494e-06,5.429165e-06,5.829159e-06,5.208326e-06,5.312499e-06,5.220827e-06,5.429165e-06,4.833333e-06,4.495827e-06,6.8875e-06,2.674993e-06
0,678,770.424,0.644,5.174994e-06,5.058328e-06,5.129163e-06,4.862499e-06,5.329164e-06,5.254165e-06,5.412499e-06,5.816658e-06,5.183331e-06,5.291661e-06,5.199997e-06,5.412499e-06,4.812495e-06,4.474998e-06,6.879163e-06,2.658328e-06
0,679,770.575,0.642,5.149992e-06,5.029162e-06,5.10416e-06,4.837497e-06,5.316663e-06,5.245829e-06,5.399998e-06,5.799993e-06,5.162493e-06,5.266658e-06,5.174994e-06,5.387497e-06,4.783328e-06,4.445831e-06,6.866662e-06,2.641662e-06
0,680,770.726,0.64,5.099996e-06,4.974993e-06,5.045827e-06,4.779164e-06,5.291661e-06,5.224999e-06,5.370831e-06,5.754161e-06,5.108333e-06,5.220827e-06,5.129163e-06,5.341665e-06,4.72916e-06,4.399999e-06,6.837495e-06,2.604159e-06
0,681,770.876,0.638,5.062493e-06,4.937498e-06,5.008332e-06,4.745825e-06,5.283332e-06,5.216662e-06,5.354166e-06,5.745832e-06,5.079166e-06,5.195832e-06,5.108333e-06,5.320827e-06,4.704165e-06,4.374997e-06,6.824994e-06,2.587493e-06
0,682,771.027,0.636,5.012496e-06,4.891666e-06,4.958328e-06,4.699993e-06,5.25833e-06,5.19166e-06,5.324991e-06,5.699992e-06,5.029162e-06,5.145828e-06,5.049992e-06,5.266658e-06,4.654161e-06,4.329165e-06,6.795828e-06,2.554162e-06
0,683,771.178,0.634,4.979165e-06,4.854162e-06,4.920832e-06,4.670826e-06,5.245829e-06,5.179159e-06,5.308326e-06,5.683327e-06,4.999995e-06,5.124998e-06,5.029162e-06,5.241664e-06,4.629159e-06,4.299998e-06,6.774998e-06,2.533332e-06
0,684,771.329,0.632,4.929161e-06,4.799994e-06,4.866663e-06,4.62083e-06,5.220827e-06,5.154165e-06,5.274995e-06,5.645832e-06,4.949999e-06,5.074994e-06,4.979165e-06,5.195832e-06,4.587499e-06,4.254158e-06,6.745831e-06,2.504166e-06
0,685,771.48,0.63,4.899995e-06,4.770827e-06,4.837497e-06,4.591664e-06,5.212498e-06,5.149992e-06,5.262494e-06,5.629166e-06,4.924997e-06,5.049992e-06,4.958328e-06,5.17083e-06,4.562497e-06,4.233329e-06,6.73333e-06,2.483328e-06
0,686,771.631,0.628,4.845826e-06,4.724996e-06,4.783328e-06,4.54166e-06,5.187495e-06,5.120826e-06,5.229163e-06,5.587498e-06,4.879165e-06,4.999995e-06,4.904159e-06,5.124998e-06,4.520829e-06,4.195825e-06,6.704164e-06,2.454162e-06
0,687,771.782,0.626,4.820832e-06,4.687492e-06,4.754162e-06,4.516665e-06,5.179159e-06,5.116661e-06,5.216662e-06,5.570825e-06,4.854162e-06,4.974993e-06,4.883329e-06,5.095832e-06,4.499992e-06,4.170831e-06,6.687498e-06,2.437496e-06
0,688,771.932,0.624,4.770827e-06,4.64166e-06,4.704165e-06,4.470825e-06,5.149992e-06,5.091659e-06,5.179159e-06,5.529165e-06,4.799994e-06,4.929161e-06,4.833333e-06,5.049992e-06,4.462496e-06,4.129163e-06,6.654159e-06,2.40833e-06
0,689,772.083,0.622,4.741661e-06,4.612494e-06,4.666662e-06,4.445831e-06,5.137499e-06,5.083331e-06,5.166666e-06,5.512492e-06,4.779164e-06,4.904159e-06,4.808331e-06,5.024997e-06,4.441659e-06,4.116662e-06,6.637494e-06,2.387492e-06
0,690,772.234,0.62,4.691664e-06,4.566662e-06,4.62083e-06,4.404164e-06,5.108333e-06,5.049992e-06,5.124998e-06,5.46666e-06,4.724996e-06,4.854162e-06,4.762499e-06,4.974993e-06,4.408328e-06,4.083332e-06,6.608327e-06,2.362498e-06
0,691,772.385,0.618,4.666662e-06,4.537495e-06,4.591664e-06,4.383326e-06,5.099996e-06,5.045827e-06,5.116661e-06,5.454159e-06,4.704165e-06,4.82916e-06,4.733332e-06,4.954163e-06,4.387498e-06,4.062494e-06,6.591662e-06,2.345832e-06
0,692,772.536,0.616,4.624995e-06,4.499992e-06,4.549996e-06,4.34583e-06,5.07083e-06,5.020825e-06,5.083331e-06,5.412499e-06,4.658325e-06,4.783328e-06,4.687492e-06,4.908331e-06,4.358331e-06,4.033327e-06,6.554159e-06,2.32083e-06
0,693,772.687,0.614,4.595828e-06,4.474998e-06,4.524994e-06,4.324992e-06,5.062493e-06,5.012496e-06,5.07083e-06,5.391661e-06,4.633331e-06,4.758326e-06,4.662498e-06,4.883329e-06,4.34583e-06,4.024998e-06,6.537493e-06,2.304165e-06
0,694,772.837,0.612,4.554161e-06,4.43333e-06,4.479162e-06,4.287497e-06,5.033326e-06,4.98333e-06,5.033326e-06,5.349994e-06,4.591664e-06,4.70833e-06,4.62083e-06,4.837497e-06,4.320828e-06,3.999996e-06,6.504162e-06,2.283327e-06
0,695,772.988,0.61,4.524994e-06,4.412492e-06,4.45416e-06,4.270832e-06,5.024997e-06,4.974993e-06,5.020825e-06,5.333328e-06,4.570826e-06,4.687492e-06,4.595828e-06,4.812495e-06,4.304163e-06,3.987495e-06,6.483333e-06,2.266661e-06
0,696,773.139,0.608,4.491663e-06,4.374997e-06,4.412492e-06,4.237493e-06,4.987494e-06,4.941662e-06,4.979165e-06,5.287496e-06,4.524994e-06,4.64166e-06,4.549996e-06,4.766663e-06,4.283325e-06,3.962493e-06,6.449994e-06,2.241659e-06
0,697,773.29,0.606,4.466661e-06,4.349994e-06,4.391662e-06,4.216663e-06,4.974993e-06,4.933325e-06,4.962492e-06,5.266658e-06,4.504164e-06,4.616666e-06,4.524994e-06,4.737497e-06,4.274996e-06,3.954164e-06,6.429163e-06,2.229158e-06
0,698,773.441,0.604,4.429166e-06,4.316664e-06,4.354159e-06,4.191661e-06,4.945827e-06,4.904159e-06,4.929161e-06,5.229163e-06,4.458332e-06,4.570826e-06,4.483326e-06,4.691664e-06,4.254158e-06,3.937499e-06,6.387496e-06,2.208328e-06
0,699,773.592,0.602,4.404164e-06,4.299998e-06,4.329165e-06,4.17916e-06,4.937498e-06,4.891666e-06,4.912496e-06,5.208326e-06,4.43333e-06,4.545832e-06,4.458332e-06,4.666662e-06,4.249994e-06,3.937499e-06,6.370831e-06,2.195827e-06
0,700,773.742,0.6,4.370832e-06,4.266659e-06,4.295826e-06,4.149993e-06,4.899995e-06,4.858327e-06,4.879165e-06,5.158329e-06,4.395827e-06,4.504164e-06,4.416665e-06,4.62083e-06,4.237493e-06,3.916661e-06,6.329163e-06,2.174997e-06
0,701,773.893,0.598,4.354159e-06,4.249994e-06,4.27916e-06,4.137492e-06,4.883329e-06,4.845826e-06,4.858327e-06,5.141664e-06,4.374997e-06,4.479162e-06,4.391662e-06,4.595828e-06,4.229164e-06,3.916661e-06,6.312498e-06,2.166661e-06
0,702,774.044,0.596,4.320828e-06,4.224992e-06,4.249994e-06,4.116662e-06,4.854162e-06,4.820832e-06,4.820832e-06,5.099996e-06,4.337493e-06,4.43333e-06,4.349994e-06,4.549996e-06,4.224992e-06,3.912497e-06,6.27083e-06,2.145831e-06
0,703,774.195,0.594,4.304163e-06,4.208326e-06,4.229164e-06,4.108326e-06,4.837497e-06,4.808331e-06,4.804158e-06,5.079166e-06,4.320828e-06,4.412492e-06,4.333329e-06,4.53333e-06,4.224992e-06,3.908332e-06,6.249992e-06,2.137494e-06
0,704,774.346,0.592,4.27916e-06,4.183332e-06,4.208326e-06,4.09166e-06,4.804158e-06,4.774992e-06,4.766663e-06,5.033326e-06,4.283325e-06,4.370832e-06,4.291662e-06,4.483326e-06,4.220828e-06,3.908332e-06,6.212497e-06,2.120829e-06
0,705,774.497,0.59,4.262495e-06,4.174995e-06,4.195825e-06,4.083332e-06,4.791665e-06,4.762499e-06,4.754162e-06,5.016661e-06,4.266659e-06,4.354159e-06,4.274996e-06,4.466661e-06,4.224992e-06,3.908332e-06,6.191659e-06,2.116664e-06
0,706,774.648,0.588,4.249994e-06,4.166659e-06,4.183332e-06,4.079159e-06,4.774992e-06,4.749998e-06,4.733332e-06,4.991658e-06,4.254158e-06,4.333329e-06,4.254158e-06,4.441659e-06,4.224992e-06,3.908332e-06,6.166665e-06,2.108328e-06
0,707,774.798,0.586,4.229164e-06,4.145829e-06,4.154166e-06,4.070831e-06,4.741661e-06,4.716659e-06,4.699993e-06,4.945827e-06,4.220828e-06,4.291662e-06,4.220828e-06,4.399999e-06,4.229164e-06,3.912497e-06,6.124997e-06,2.095826e-06
0,708,774.949,0.584,4.212499e-06,4.137492e-06,4.145829e-06,4.066666e-06,4.724996e-06,4.699993e-06,4.679163e-06,4.920832e-06,4.204162e-06,4.270832e-06,4.204162e-06,4.383326e-06,4.237493e-06,3.924998e-06,6.104159e-06,2.091662e-06
0,709,775.1,0.582,4.195825e-06,4.124999e-06,4.124999e-06,4.058329e-06,4.687492e-06,4.670826e-06,4.64166e-06,4.883329e-06,4.17916e-06,4.233329e-06,4.170831e-06,4.337493e-06,4.241665e-06,3.929162e-06,6.058327e-06,2.079161e-06
0,710,775.251,0.58,4.183332e-06,4.116662e-06,4.116662e-06,4.062494e-06,4.670826e-06,4.654161e-06,4.624995e-06,4.862499e-06,4.166659e-06,4.212499e-06,4.154166e-06,4.324992e-06,4.254158e-06,3.937499e-06,6.033325e-06,2.074997e-06
0,711,775.402,0.578,4.170831e-06,4.112498e-06,4.104161e-06,4.062494e-06,4.637496e-06,4.624995e-06,4.587499e-06,4.820832e-06,4.137492e-06,4.183332e-06,4.120827e-06,4.283325e-06,4.262495e-06,3.954164e-06,5.991666e-06,2.070832e-06
0,712,775.553,0.576,4.162494e-06,4.104161e-06,4.104161e-06,4.058329e-06,4.624995e-06,4.612494e-06,4.574998e-06,4.79583e-06,4.129163e-06,4.170831e-06,4.112498e-06,4.262495e-06,4.274996e-06,3.966665e-06,5.966663e-06,2.06666e-06
0,713,775.703,0.574,4.15833e-06,4.099997e-06,4.09166e-06,4.058329e-06,4.587499e-06,4.574998e-06,4.529158e-06,4.754162e-06,4.104161e-06,4.129163e-06,4.079159e-06,4.224992e-06,4.295826e-06,3.983331e-06,5.920831e-06,2.058331e-06
0,714,775.854,0.572,4.149993e-06,4.099997e-06,4.087496e-06,4.066666e-06,4.566662e-06,4.558333e-06,4.516665e-06,4.733332e-06,4.095833e-06,4.116662e-06,4.066666e-06,4.208326e-06,4.308327e-06,3.999996e-06,5.891665e-06,2.058331e-06
0,715,776.005,0.57,4.137492e-06,4.095833e-06,4.083332e-06,4.070831e-06,4.53333e-06,4.529158e-06,4.479162e-06,4.691664e-06,4.079159e-06,4.087496e-06,4.045828e-06,4.174995e-06,4.333329e-06,4.024998e-06,5.845833e-06,2.054159e-06
0,716,776.156,0.568,4.141665e-06,4.099997e-06,4.083332e-06,4.079159e-06,4.516665e-06,4.516665e-06,4.462496e-06,4.674999e-06,4.070831e-06,4.074995e-06,4.037492e-06,4.15833e-06,4.349994e-06,4.037492e-06,5.820831e-06,2.058331e-06
0,717,776.307,0.566,4.137492e-06,4.099997e-06,4.079159e-06,4.09166e-06,4.483326e-06,4.479162e-06,4.424993e-06,4.624995e-06,4.049993e-06,4.045828e-06,4.012497e-06,4.124999e-06,4.379161e-06,4.066666e-06,5.770826e-06,2.054159e-06
0,718,776.458,0.564,4.141665e-06,4.108326e-06,4.083332e-06,4.099997e-06,4.470825e-06,4.474998e-06,4.408328e-06,4.608329e-06,4.049993e-06,4.037492e-06,4.00416e-06,4.108326e-06,4.399999e-06,4.087496e-06,5.745832e-06,2.054159e-06
0,719,776.609,0.562,4.141665e-06,4.116662e-06,4.087496e-06,4.116662e-06,4.429166e-06,4.437494e-06,4.374997e-06,4.566662e-06,4.041664e-06,4.016661e-06,3.987495e-06,4.079159e-06,4.429166e-06,4.120827e-06,5.695828e-06,2.058331e-06
0,720,776.759,0.56,4.145829e-06,4.124999e-06,4.095833e-06,4.129163e-06,4.416665e-06,4.424993e-06,4.349994e-06,4.545832e-06,4.033327e-06,3.999996e-06,3.979158e-06,4.066666e-06,4.45416e-06,4.141665e-06,5.670825e-06,2.062495e-06
0,721,776.91,0.558,4.149993e-06,4.133328e-06,4.099997e-06,4.149993e-06,4.379161e-06,4.387498e-06,4.312499e-06,4.508328e-06,4.029163e-06,3.983331e-06,3.966665e-06,4.041664e-06,4.491663e-06,4.17916e-06,5.616665e-06,2.070832e-06
0,722,777.061,0.556,4.162494e-06,4.145829e-06,4.104161e-06,4.166659e-06,4.362496e-06,4.374997e-06,4.299998e-06,4.483326e-06,4.024998e-06,3.974994e-06,3.962493e-06,4.033327e-06,4.512493e-06,4.204162e-06,5.587498e-06,2.070832e-06
0,723,777.212,0.554,4.170831e-06,4.162494e-06,4.116662e-06,4.187496e-06,4.324992e-06,4.341666e-06,4.262495e-06,4.441659e-06,4.020826e-06,3.958329e-06,3.958329e-06,4.008325e-06,4.558333e-06,4.24583e-06,5.537494e-06,2.083325e-06
0,724,777.363,0.552,4.183332e-06,4.17916e-06,4.129163e-06,4.204162e-06,4.308327e-06,4.333329e-06,4.24583e-06,4.424993e-06,4.020826e-06,3.954164e-06,3.954164e-06,3.995832e-06,4.579163e-06,4.274996e-06,5.508327e-06,2.091662e-06
0,725,777.514,0.55,4.195825e-06,4.195825e-06,4.145829e-06,4.233329e-06,4.27916e-06,4.299998e-06,4.208326e-06,4.387498e-06,4.024998e-06,3.941663e-06,3.949992e-06,3.974994e-06,4.629159e-06,4.316664e-06,5.454159e-06,2.099999e-06
0,726,777.664,0.548,4.212499e-06,4.212499e-06,4.154166e-06,4.254158e-06,4.262495e-06,4.287497e-06,4.199997e-06,4.370832e-06,4.024998e-06,3.937499e-06,3.945827e-06,3.97083e-06,4.658325e-06,4.34583e-06,5.424992e-06,2.108328e-06
0,727,777.815,0.546,4.224992e-06,4.237493e-06,4.174995e-06,4.287497e-06,4.229164e-06,4.258331e-06,4.166659e-06,4.333329e-06,4.029163e-06,3.929162e-06,3.945827e-06,3.954164e-06,4.70833e-06,4.391662e-06,5.374996e-06,2.120829e-06
0,728,777.966,0.544,4.24583e-06,4.258331e-06,4.195825e-06,4.308327e-06,4.208326e-06,4.24583e-06,4.149993e-06,4.316664e-06,4.033327e-06,3.929162e-06,3.949992e-06,3.949992e-06,4.737497e-06,4.424993e-06,5.345829e-06,2.13333e-06
0,729,778.117,0.542,4.266659e-06,4.283325e-06,4.216663e-06,4.34583e-06,4.183332e-06,4.220828e-06,4.120827e-06,4.283325e-06,4.045828e-06,3.924998e-06,3.949992e-06,3.937499e-06,4.787493e-06,4.474998e-06,5.295825e-06,2.15416e-06
0,730,778.268,0.54,4.287497e-06,4.304163e-06,4.233329e-06,4.370832e-06,4.170831e-06,4.208326e-06,4.108326e-06,4.270832e-06,4.054165e-06,3.924998e-06,3.958329e-06,3.933326e-06,4.820832e-06,4.508328e-06,5.266658e-06,2.158332e-06
0,731,778.419,0.538,4.312499e-06,4.333329e-06,4.266659e-06,4.408328e-06,4.133328e-06,4.183332e-06,4.079159e-06,4.237493e-06,4.066666e-06,3.920825e-06,3.966665e-06,3.924998e-06,4.879165e-06,4.562497e-06,5.204161e-06,2.174997e-06
0,732,778.569,0.536,4.337493e-06,4.358331e-06,4.283325e-06,4.43333e-06,4.124999e-06,4.170831e-06,4.062494e-06,4.220828e-06,4.074995e-06,3.929162e-06,3.974994e-06,3.924998e-06,4.912496e-06,4.595828e-06,5.179159e-06,2.191663e-06
0,733,778.72,0.534,4.354159e-06,4.379161e-06,4.299998e-06,4.462496e-06,4.108326e-06,4.162494e-06,4.049993e-06,4.208326e-06,4.083332e-06,3.933326e-06,3.979158e-06,3.924998e-06,4.949999e-06,4.629159e-06,5.149992e-06,2.204164e-06
0,734,778.871,0.532,4.379161e-06,4.416665e-06,4.337493e-06,4.504164e-06,4.079159e-06,4.137492e-06,4.024998e-06,4.17916e-06,4.099997e-06,3.937499e-06,3.991659e-06,3.920825e-06,5.004159e-06,4.687492e-06,5.091659e-06,2.224994e-06
0,735,779.022,0.53,4.412492e-06,4.445831e-06,4.362496e-06,4.537495e-06,4.062494e-06,4.124999e-06,4.012497e-06,4.162494e-06,4.112498e-06,3.945827e-06,4.00416e-06,3.920825e-06,5.045827e-06,4.72916e-06,5.062493e-06,2.237495e-06
0,736,779.173,0.528,4.441659e-06,4.483326e-06,4.395827e-06,4.583327e-06,4.041664e-06,4.112498e-06,3.991659e-06,4.137492e-06,4.133328e-06,3.954164e-06,4.020826e-06,3.924998e-06,5.108333e-06,4.787493e-06,5.004159e-06,2.262497e-06
0,737,779.324,0.526,4.470825e-06,4.512493e-06,4.420829e-06,4.612494e-06,4.029163e-06,4.099997e-06,3.979158e-06,4.129163e-06,4.149993e-06,3.962493e-06,4.033327e-06,3.929162e-06,5.149992e-06,4.824996e-06,4.974993e-06,2.279162e-06
0,738,779.475,0.524,4.508328e-06,4.554161e-06,4.458332e-06,4.666662e-06,3.999996e-06,4.083332e-06,3.954164e-06,4.099997e-06,4.174995e-06,3.974994e-06,4.054165e-06,3.929162e-06,5.212498e-06,4.891666e-06,4.920832e-06,2.304165e-06
0,739,779.625,0.522,4.537495e-06,4.587499e-06,4.491663e-06,4.699993e-06,3.991659e-06,4.074995e-06,3.945827e-06,4.09166e-06,4.191661e-06,3.983331e-06,4.070831e-06,3.937499e-06,5.249993e-06,4.929161e-06,4.883329e-06,2.324995e-06
0,740,779.776,0.52,4.579163e-06,4.629159e-06,4.53333e-06,4.749998e-06,3.962493e-06,4.054165e-06,3.924998e-06,4.070831e-06,4.220828e-06,4.00416e-06,4.095833e-06,3.945827e-06,5.320827e-06,4.995831e-06,4.82916e-06,2.345832e-06
0,741,779.927,0.518,4.612494e-06,4.662498e-06,4.562497e-06,4.787493e-06,3.954164e-06,4.049993e-06,3.916661e-06,4.062494e-06,4.241665e-06,4.016661e-06,4.108326e-06,3.954164e-06,5.366659e-06,5.037498e-06,4.79583e-06,2.370826e-06
0,742,780.078,0.516,4.654161e-06,4.716659e-06,4.612494e-06,4.837497e-06,3.933326e-06,4.037492e-06,3.899996e-06,4.041664e-06,4.270832e-06,4.037492e-06,4.141665e-06,3.966665e-06,5.433329e-06,5.10416e-06,4.745825e-06,2.399993e-06
0,743,780.229,0.514,4.687492e-06,4.745825e-06,4.64166e-06,4.874993e-06,3.924998e-06,4.033327e-06,3.891659e-06,4.033327e-06,4.287497e-06,4.054165e-06,4.15833e-06,3.979158e-06,5.474997e-06,5.145828e-06,4.712494e-06,2.416658e-06
0,744,780.38,0.512,4.733332e-06,4.79583e-06,4.691664e-06,4.933325e-06,3.908332e-06,4.024998e-06,3.879165e-06,4.024998e-06,4.324992e-06,4.079159e-06,4.187496e-06,3.999996e-06,5.545831e-06,5.212498e-06,4.662498e-06,2.449997e-06
0,745,780.53,0.51,4.774992e-06,4.833333e-06,4.720831e-06,4.974993e-06,3.90416e-06,4.024998e-06,3.874993e-06,4.016661e-06,4.34583e-06,4.095833e-06,4.212499e-06,4.012497e-06,5.591663e-06,5.254165e-06,4.629159e-06,2.466663e-06
0,746,780.681,0.508,4.820832e-06,4.883329e-06,4.770827e-06,5.029162e-06,3.88333e-06,4.012497e-06,3.866664e-06,4.012497e-06,4.383326e-06,4.124999e-06,4.24583e-06,4.033327e-06,5.662497e-06,5.320827e-06,4.579163e-06,2.504166e-06
0,747,780.832,0.506,4.854162e-06,4.920832e-06,4.799994e-06,5.066665e-06,3.887495e-06,4.012497e-06,3.862492e-06,4.008325e-06,4.404164e-06,4.141665e-06,4.270832e-06,4.045828e-06,5.704164e-06,5.362495e-06,4.549996e-06,2.524996e-06
0,748,780.983,0.504,4.904159e-06,4.970829e-06,4.858327e-06,5.124998e-06,3.866664e-06,4.00416e-06,3.849999e-06,3.999996e-06,4.445831e-06,4.174995e-06,4.304163e-06,4.070831e-06,5.779163e-06,5.433329e-06,4.491663e-06,2.558327e-06
0,749,781.134,0.502,4.945827e-06,5.012496e-06,4.891666e-06,5.166666e-06,3.862492e-06,4.008325e-06,3.854163e-06,3.995832e-06,4.474998e-06,4.195825e-06,4.329165e-06,4.087496e-06,5.824995e-06,5.474997e-06,4.466661e-06,2.579164e-06
0,750,781.285,0.5,4.991658e-06,5.066665e-06,4.945827e-06,5.229163e-06,3.849999e-06,4.008325e-06,3.841662e-06,3.991659e-06,4.516665e-06,4.233329e-06,4.374997e-06,4.116662e-06,5.895829e-06,5.549995e-06,4.416665e-06,2.620832e-06
0,751,781.436,0.498,5.037498e-06,5.108333e-06,4.98333e-06,5.270831e-06,3.849999e-06,4.012497e-06,3.845827e-06,3.991659e-06,4.54166e-06,4.254158e-06,4.395827e-06,4.133328e-06,5.937497e-06,5.595827e-06,4.387498e-06,2.637498e-06
0,752,781.586,0.496,5.087495e-06,5.162493e-06,5.041663e-06,5.329164e-06,3.845827e-06,4.008325e-06,3.841662e-06,3.991659e-06,4.583327e-06,4.295826e-06,4.441659e-06,4.166659e-06,6.01666e-06,5.666661e-06,4.333329e-06,2.679165e-06
0,753,781.737,0.494,5.129163e-06,5.204161e-06,5.079166e-06,5.370831e-06,3.845827e-06,4.016661e-06,3.845827e-06,3.991659e-06,4.616666e-06,4.316664e-06,4.466661e-06,4.187496e-06,6.062492e-06,5.708329e-06,4.304163e-06,2.695831e-06
0,754,781.888,0.492,5.183331e-06,5.262494e-06,5.133327e-06,5.429165e-06,3.833326e-06,4.012497e-06,3.837498e-06,3.991659e-06,4.662498e-06,4.354159e-06,4.512493e-06,4.220828e-06,6.137498e-06,5.779163e-06,4.258331e-06,2.741663e-06
0,755,782.039,0.49,5.233328e-06,5.308326e-06,5.179159e-06,5.479161e-06,3.837498e-06,4.020826e-06,3.849999e-06,3.995832e-06,4.691664e-06,4.383326e-06,4.54166e-06,4.241665e-06,6.18333e-06,5.824995e-06,4.229164e-06,2.762492e-06
0,756,782.19,0.488,5.283332e-06,5.366659e-06,5.233328e-06,5.537494e-06,3.829161e-06,4.029163e-06,3.845827e-06,3.999996e-06,4.741661e-06,4.429166e-06,4.591664e-06,4.27916e-06,6.258329e-06,5.899994e-06,4.17916e-06,2.80416e-06
0,757,782.341,0.486,5.333328e-06,5.408327e-06,5.274995e-06,5.583326e-06,3.837498e-06,4.033327e-06,3.849999e-06,4.00416e-06,4.770827e-06,4.45416e-06,4.616666e-06,4.304163e-06,6.304161e-06,5.941661e-06,4.15833e-06,2.829162e-06
0,758,782.491,0.484,5.383333e-06,5.46666e-06,5.333328e-06,5.645832e-06,3.837498e-06,4.041664e-06,3.858328e-06,4.016661e-06,4.816659e-06,4.499992e-06,4.666662e-06,4.34583e-06,6.379159e-06,6.012495e-06,4.108326e-06,2.866665e-06
0,759,782.642,0.482,5.429165e-06,5.512492e-06,5.374996e-06,5.691663e-06,3.841662e-06,4.049993e-06,3.862492e-06,4.016661e-06,4.849998e-06,4.529158e-06,4.699993e-06,4.370832e-06,6.429163e-06,6.058327e-06,4.083332e-06,2.89166e-06
0,760,782.793,0.48,5.46666e-06,5.545831e-06,5.412499e-06,5.729159e-06,3.841662e-06,4.058329e-06,3.866664e-06,4.029163e-06,4.879165e-06,4.554161e-06,4.724996e-06,4.391662e-06,6.470831e-06,6.099995e-06,4.058329e-06,2.916662e-06
0,761,782.944,0.478,5.524993e-06,5.608328e-06,5.474997e-06,5.791664e-06,3.845827e-06,4.070831e-06,3.879165e-06,4.041664e-06,4.933325e-06,4.604165e-06,4.779164e-06,4.437494e-06,6.554159e-06,6.179166e-06,4.016661e-06,2.95833e-06
0,762,783.095,0.476,5.574997e-06,5.658333e-06,5.512492e-06,5.837496e-06,3.849999e-06,4.083332e-06,3.887495e-06,4.045828e-06,4.966664e-06,4.633331e-06,4.812495e-06,4.462496e-06,6.599998e-06,6.220826e-06,3.995832e-06,2.983332e-06
0,763,783.246,0.474,5.629166e-06,5.716666e-06,5.574997e-06,5.904166e-06,3.858328e-06,4.095833e-06,3.891659e-06,4.062494e-06,5.016661e-06,4.683327e-06,4.870828e-06,4.508328e-06,6.674997e-06,6.295832e-06,3.954164e-06,3.024999e-06
0,764,783.396,0.472,5.674998e-06,5.762497e-06,5.620829e-06,5.949998e-06,3.862492e-06,4.108326e-06,3.90416e-06,4.074995e-06,5.054164e-06,4.716659e-06,4.904159e-06,4.537495e-06,6.720829e-06,6.337492e-06,3.929162e-06,3.049993e-06
0,765,783.547,0.47,5.733331e-06,5.824995e-06,5.683327e-06,6.01666e-06,3.874993e-06,4.124999e-06,3.920825e-06,4.09166e-06,5.112497e-06,4.770827e-06,4.958328e-06,4.587499e-06,6.804164e-06,6.416662e-06,3.895831e-06,3.099998e-06
0,766,783.698,0.468,5.787492e-06,5.874999e-06,5.729159e-06,6.062492e-06,3.879165e-06,4.141665e-06,3.929162e-06,4.104161e-06,5.149992e-06,4.804158e-06,4.995831e-06,4.62083e-06,6.849996e-06,6.462495e-06,3.874993e-06,3.124992e-06
0,767,783.849,0.466,5.845833e-06,5.933332e-06,5.791664e-06,6.133326e-06,3.891659e-06,4.162494e-06,3.945827e-06,4.124999e-06,5.204161e-06,4.858327e-06,5.049992e-06,4.666662e-06,6.924995e-06,6.533329e-06,3.837498e-06,3.16666e-06
0,768,784.0,0.464,5.895829e-06,5.983329e-06,5.833332e-06,6.174993e-06,3.899996e-06,4.174995e-06,3.962493e-06,4.141665e-06,5.241664e-06,4.891666e-06,5.087495e-06,4.699993e-06,6.974999e-06,6.583325e-06,3.824997e-06,3.191662e-06
0,769,784.151,0.462,5.954162e-06,6.045826e-06,5.899994e-06,6.241663e-06,3.916661e-06,4.199997e-06,3.979158e-06,4.162494e-06,5.299997e-06,4.949999e-06,5.145828e-06,4.754162e-06,7.054162e-06,6.654159e-06,3.791666e-06,3.237494e-06
0,770,784.302,0.46,6.004159e-06,6.09583e-06,5.945826e-06,6.287495e-06,3.929162e-06,4.216663e-06,3.991659e-06,4.17916e-06,5.337492e-06,4.987494e-06,5.179159e-06,4.787493e-06,7.099994e-06,6.704164e-06,3.774993e-06,3.26666e-06
0,771,784.452,0.458,6.062492e-06,6.158328e-06,6.008331e-06,6.354165e-06,3.945827e-06,4.241665e-06,4.016661e-06,4.204162e-06,5.395826e-06,5.041663e-06,5.237492e-06,4.841661e-06,7.179165e-06,6.774998e-06,3.749998e-06,3.308328e-06
0,772,784.603,0.456,6.116661e-06,6.212497e-06,6.058327e-06,6.404161e-06,3.958329e-06,4.258331e-06,4.029163e-06,4.220828e-06,5.433329e-06,5.079166e-06,5.274995e-06,4.879165e-06,7.229161e-06,6.82083e-06,3.737497e-06,3.341659e-06
0,773,784.754,0.454,6.174993e-06,6.274994e-06,6.124997e-06,6.474996e-06,3.979158e-06,4.291662e-06,4.058329e-06,4.249994e-06,5.495826e-06,5.137499e-06,5.341665e-06,4.937498e-06,7.308332e-06,6.895828e-06,3.712495e-06,3.383326e-06
0,774,784.905,0.452,6.229162e-06,6.324999e-06,6.174993e-06,6.524992e-06,3.995832e-06,4.308327e-06,4.074995e-06,4.270832e-06,5.53333e-06,5.174994e-06,5.374996e-06,4.970829e-06,7.358328e-06,6.94166e-06,3.704158e-06,3.412493e-06
0,775,785.056,0.45,6.287495e-06,6.387496e-06,6.237499e-06,6.587497e-06,4.020826e-06,4.34583e-06,4.104161e-06,4.308327e-06,5.595827e-06,5.237492e-06,5.437493e-06,5.029162e-06,7.433327e-06,7.012494e-06,3.683329e-06,3.458325e-06
0,776,785.207,0.448,6.345828e-06,6.437492e-06,6.283331e-06,6.63333e-06,4.037492e-06,4.362496e-06,4.120827e-06,4.324992e-06,5.637495e-06,5.274995e-06,5.479161e-06,5.066665e-06,7.479159e-06,7.062499e-06,3.679164e-06,3.487492e-06
0,777,785.357,0.446,6.399997e-06,6.504162e-06,6.349993e-06,6.699999e-06,4.058329e-06,4.395827e-06,4.149993e-06,4.362496e-06,5.695828e-06,5.333328e-06,5.541659e-06,5.129163e-06,7.55833e-06,7.137497e-06,3.666663e-06,3.533332e-06
0,778,785.508,0.444,6.454166e-06,6.549994e-06,6.395833e-06,6.745831e-06,4.074995e-06,4.416665e-06,4.170831e-06,4.379161e-06,5.737495e-06,5.374996e-06,5.579162e-06,5.158329e-06,7.604162e-06,7.183329e-06,3.654162e-06,3.558326e-06
0,779,785.659,0.442,6.512499e-06,6.616664e-06,6.462495e-06,6.816666e-06,4.104161e-06,4.45416e-06,4.199997e-06,4.420829e-06,5.799993e-06,5.437493e-06,5.645832e-06,5.224999e-06,7.683333e-06,7.254163e-06,3.649998e-06,3.604166e-06
0,780,785.81,0.44,6.56666e-06,6.66666e-06,6.508326e-06,6.862497e-06,4.120827e-06,4.474998e-06,4.220828e-06,4.441659e-06,5.837496e-06,5.474997e-06,5.679162e-06,5.25833e-06,7.729165e-06,7.295831e-06,3.649998e-06,3.633332e-06
0,781,785.961,0.438,6.624993e-06,6.729166e-06,6.570832e-06,6.929159e-06,4.154166e-06,4.516665e-06,4.258331e-06,4.479162e-06,5.899994e-06,5.537494e-06,5.749996e-06,5.320827e-06,7.804163e-06,7.366665e-06,3.641661e-06,3.679164e-06
0,782,786.112,0.436,6.679161e-06,6.774998e-06,6.620828e-06,6.979164e-06,4.170831e-06,4.537495e-06,4.274996e-06,4.499992e-06,5.941661e-06,5.570825e-06,5.783327e-06,5.35833e-06,7.849995e-06,7.416661e-06,3.645825e-06,3.708331e-06
0,783,786.263,0.434,6.73333e-06,6.841659e-06,6.687498e-06,7.041661e-06,4.204162e-06,4.579163e-06,4.308327e-06,4.54166e-06,6.008331e-06,5.637495e-06,5.849997e-06,5.424992e-06,7.929166e-06,7.483332e-06,3.641661e-06,3.754163e-06
0,784,786.413,0.432,6.791663e-06,6.895828e-06,6.73333e-06,7.091665e-06,4.220828e-06,4.604165e-06,4.333329e-06,4.566662e-06,6.041662e-06,5.674998e-06,5.887493e-06,5.458331e-06,7.974998e-06,7.533328e-06,3.649998e-06,3.783329e-06
0,785,786.564,0.43,6.849996e-06,6.958326e-06,6.795828e-06,7.158327e-06,4.258331e-06,4.645832e-06,4.370832e-06,4.608329e-06,6.112496e-06,5.74166e-06,5.954162e-06,5.524993e-06,8.049997e-06,7.599997e-06,3.649998e-06,3.824997e-06
0,786,786.715,0.428,6.908329e-06,7.00833e-06,6.845832e-06,7.204159e-06,4.27916e-06,4.674999e-06,4.391662e-06,4.637496e-06,6.145827e-06,5.779163e-06,5.991666e-06,5.562496e-06,8.095829e-06,7.645829e-06,3.658326e-06,3.858328e-06
0,787,786.866,0.426,6.958326e-06,7.070827e-06,6.912494e-06,7.270829e-06,4.316664e-06,4.716659e-06,4.43333e-06,4.683327e-06,6.208332e-06,5.845833e-06,6.062492e-06,5.624994e-06,8.170828e-06,7.716663e-06,3.670827e-06,3.899996e-06
0,788,787.017,0.424,7.012494e-06,7.11666e-06,6.954161e-06,7.316661e-06,4.337493e-06,4.741661e-06,4.458332e-06,4.70833e-06,6.254164e-06,5.883328e-06,6.09583e-06,5.666661e-06,8.216659e-06,7.76666e-06,3.679164e-06,3.929162e-06
0,789,787.168,0.422,7.054162e-06,7.158327e-06,6.999993e-06,7.358328e-06,4.358331e-06,4.762499e-06,4.474998e-06,4.72916e-06,6.29166e-06,5.924996e-06,6.133326e-06,5.704164e-06,8.262499e-06,7.804163e-06,3.687493e-06,3.958329e-06
0,790,787.318,0.42,7.11666e-06,7.224997e-06,7.062499e-06,7.429162e-06,4.399999e-06,4.812495e-06,4.520829e-06,4.783328e-06,6.358329e-06,5.991666e-06,6.20416e-06,5.774998e-06,8.341662e-06,7.874997e-06,3.712495e-06,4.008325e-06
0,791,787.469,0.418,7.170828e-06,7.279165e-06,7.112495e-06,7.474995e-06,4.424993e-06,4.841661e-06,4.545832e-06,4.812495e-06,6.399997e-06,6.029161e-06,6.241663e-06,5.812494e-06,8.387494e-06,7.920829e-06,3.720832e-06,4.033327e-06
0,792,787.62,0.416,7.229161e-06,7.341663e-06,7.174993e-06,7.537492e-06,4.462496e-06,4.887494e-06,4.591664e-06,4.858327e-06,6.470831e-06,6.09583e-06,6.308325e-06,5.879164e-06,8.458328e-06,7.991664e-06,3.745826e-06,4.083332e-06
0,793,787.771,0.414,7.28333e-06,7.391659e-06,7.229161e-06,7.587496e-06,4.487499e-06,4.91666e-06,4.616666e-06,4.887494e-06,6.508326e-06,6.137498e-06,6.349993e-06,5.916659e-06,8.50416e-06,8.037496e-06,3.762492e-06,4.108326e-06
0,794,787.922,0.412,7.337499e-06,7.454165e-06,7.287495e-06,7.649994e-06,4.53333e-06,4.962492e-06,4.658325e-06,4.933325e-06,6.570832e-06,6.20416e-06,6.416662e-06,5.983329e-06,8.574994e-06,8.104165e-06,3.791666e-06,4.15833e-06
0,795,788.073,0.41,7.391659e-06,7.499997e-06,7.333326e-06,7.691661e-06,4.558333e-06,4.995831e-06,4.683327e-06,4.966664e-06,6.612492e-06,6.241663e-06,6.454166e-06,6.01666e-06,8.624998e-06,8.145825e-06,3.808331e-06,4.183332e-06
0,796,788.223,0.408,7.445828e-06,7.566658e-06,7.399996e-06,7.762495e-06,4.604165e-06,5.045827e-06,4.72916e-06,5.016661e-06,6.679161e-06,6.312498e-06,6.524992e-06,6.091658e-06,8.699997e-06,8.216659e-06,3.837498e-06,4.229164e-06
0,797,788.374,0.406,7.504161e-06,7.616663e-06,7.445828e-06,7.808328e-06,4.629159e-06,5.074994e-06,4.758326e-06,5.049992e-06,6.720829e-06,6.349993e-06,6.562495e-06,6.133326e-06,8.745829e-06,8.262499e-06,3.862492e-06,4.262495e-06
0,798,788.525,0.404,7.562494e-06,7.674996e-06,7.512498e-06,7.874997e-06,4.670826e-06,5.129163e-06,4.804158e-06,5.099996e-06,6.787499e-06,6.416662e-06,6.629165e-06,6.195831e-06,8.812499e-06,8.329161e-06,3.899996e-06,4.304163e-06
0,799,788.676,0.402,7.616663e-06,7.729165e-06,7.554166e-06,7.916665e-06,4.699993e-06,5.154165e-06,4.82916e-06,5.129163e-06,6.829158e-06,6.454166e-06,6.66666e-06,6.241663e-06,8.858331e-06,8.370828e-06,3.924998e-06,4.333329e-06
0,800,788.827,0.4,7.674996e-06,7.791662e-06,7.620828e-06,7.983327e-06,4.745825e-06,5.208326e-06,4.883329e-06,5.187495e-06,6.895828e-06,6.524992e-06,6.737494e-06,6.308325e-06,8.937494e-06,8.437499e-06,3.962493e-06,4.379161e-06
0,801,788.978,0.398,7.729165e-06,7.841659e-06,7.670832e-06,8.029159e-06,4.774992e-06,5.237492e-06,4.908331e-06,5.212498e-06,6.937496e-06,6.562495e-06,6.774998e-06,6.349993e-06,8.974997e-06,8.479166e-06,3.991659e-06,4.404164e-06
0,802,789.129,0.396,7.779161e-06,7.899992e-06,7.733329e-06,8.087492e-06,4.820832e-06,5.291661e-06,4.958328e-06,5.270831e-06,7.004166e-06,6.629165e-06,6.841659e-06,6.420827e-06,9.049996e-06,8.549992e-06,4.037492e-06,4.458332e-06
0,803,789.279,0.394,7.837494e-06,7.954161e-06,7.783326e-06,8.137496e-06,4.854162e-06,5.324991e-06,4.991658e-06,5.304162e-06,7.045825e-06,6.670833e-06,6.883327e-06,6.45833e-06,9.091664e-06,8.59166e-06,4.066666e-06,4.483326e-06
0,804,789.43,0.392,7.891663e-06,8.012494e-06,7.841659e-06,8.199993e-06,4.899995e-06,5.37916e-06,5.041663e-06,5.35833e-06,7.112495e-06,6.737494e-06,6.949997e-06,6.529164e-06,9.166662e-06,8.65833e-06,4.116662e-06,4.529158e-06
0,805,789.581,0.39,7.945831e-06,8.062498e-06,7.891663e-06,8.245825e-06,4.929161e-06,5.408327e-06,5.066665e-06,5.391661e-06,7.149999e-06,6.779162e-06,6.987492e-06,6.570832e-06,9.212494e-06,8.704162e-06,4.149993e-06,4.558333e-06
0,806,789.732,0.388,8.004165e-06,8.124995e-06,7.954161e-06,8.308331e-06,4.979165e-06,5.46666e-06,5.116661e-06,5.44583e-06,7.220833e-06,6.845832e-06,7.054162e-06,6.63333e-06,9.279163e-06,8.770831e-06,4.199997e-06,4.599992e-06
0,807,789.883,0.386,8.058326e-06,8.170828e-06,7.999993e-06,8.354164e-06,5.008332e-06,5.499999e-06,5.149992e-06,5.479161e-06,7.258328e-06,6.8875e-06,7.095829e-06,6.674997e-06,9.320831e-06,8.808327e-06,4.237493e-06,4.629159e-06
0,808,790.034,0.384,8.112494e-06,8.233333e-06,8.062498e-06,8.41666e-06,5.058328e-06,5.55416e-06,5.204161e-06,5.541659e-06,7.324998e-06,6.958326e-06,7.1625e-06,6.749995e-06,9.39583e-06,8.874997e-06,4.291662e-06,4.679163e-06
0,809,790.184,0.382,8.166663e-06,8.283329e-06,8.112494e-06,8.462493e-06,5.087495e-06,5.583326e-06,5.233328e-06,5.570825e-06,7.37083e-06,6.991665e-06,7.204159e-06,6.787499e-06,9.437497e-06,8.916664e-06,4.329165e-06,4.704165e-06
0,810,790.335,0.38,8.216659e-06,8.341662e-06,8.170828e-06,8.524998e-06,5.141664e-06,5.641659e-06,5.287496e-06,5.63333e-06,7.433327e-06,7.058326e-06,7.266664e-06,6.858325e-06,9.508331e-06,8.983326e-06,4.383326e-06,4.749998e-06
0,811,790.486,0.378,8.270827e-06,8.391658e-06,8.212495e-06,8.562493e-06,5.17083e-06,5.670825e-06,5.312499e-06,5.662497e-06,7.47083e-06,7.099994e-06,7.308332e-06,6.895828e-06,9.554164e-06,9.024993e-06,4.420829e-06,4.774992e-06
0,812,790.637,0.376,8.324997e-06,8.45e-06,8.274992e-06,8.624998e-06,5.220827e-06,5.724994e-06,5.366659e-06,5.716666e-06,7.537492e-06,7.1625e-06,7.366665e-06,6.966663e-06,9.616661e-06,9.083326e-06,4.483326e-06,4.820832e-06
0,813,790.788,0.374,8.374993e-06,8.495832e-06,8.31666e-06,8.670831e-06,5.249993e-06,5.762497e-06,5.395826e-06,5.749996e-06,7.57916e-06,7.204159e-06,7.412497e-06,6.999993e-06,9.662493e-06,9.124994e-06,4.520829e-06,4.854162e-06
0,814,790.939,0.372,8.429161e-06,8.554164e-06,8.383329e-06,8.729164e-06,5.299997e-06,5.816658e-06,5.449994e-06,5.812494e-06,7.645829e-06,7.266664e-06,7.474995e-06,7.070827e-06,9.729163e-06,9.187492e-06,4.583327e-06,4.891666e-06
0,815,791.09,0.37,8.48333e-06,8.599996e-06,8.424998e-06,8.774996e-06,5.337492e-06,5.849997e-06,5.483325e-06,5.845833e-06,7.687497e-06,7.308332e-06,7.516662e-06,7.112495e-06,9.774994e-06,9.237496e-06,4.624995e-06,4.920832e-06
0,816,791.24,0.368,8.520826e-06,8.645829e-06,8.470829e-06,8.816663e-06,5.362495e-06,5.883328e-06,5.512492e-06,5.874999e-06,7.724992e-06,7.349992e-06,7.554166e-06,7.154163e-06,9.816663e-06,9.270827e-06,4.666662e-06,4.954163e-06
0,817,791.391,0.366,8.574994e-06,8.704162e-06,8.529162e-06,8.874997e-06,5.416663e-06,5.941661e-06,5.566661e-06,5.937497e-06,7.787497e-06,7.416661e-06,7.620828e-06,7.220833e-06,9.883332e-06,9.341661e-06,4.733332e-06,4.995831e-06
0,818,791.542,0.364,8.629163e-06,8.749994e-06,8.574994e-06,8.920829e-06,5.44583e-06,5.974992e-06,5.599999e-06,5.974992e-06,7.829165e-06,7.454165e-06,7.662495e-06,7.262492e-06,9.924992e-06,9.374992e-06,4.774992e-06,5.024997e-06
0,819,791.693,0.362,8.67916e-06,8.812499e-06,8.637492e-06,8.983326e-06,5.504163e-06,6.029161e-06,5.65416e-06,6.033325e-06,7.895827e-06,7.520827e-06,7.720828e-06,7.333326e-06,9.991661e-06,9.441662e-06,4.845826e-06,5.07083e-06
0,820,791.844,0.36,8.733328e-06,8.854158e-06,8.683332e-06,9.024993e-06,5.537494e-06,6.066664e-06,5.687499e-06,6.066664e-06,7.94166e-06,7.55833e-06,7.762495e-06,7.37083e-06,1.0033329e-05,9.479165e-06,4.887494e-06,5.095832e-06
0,821,791.995,0.358,8.783332e-06,8.916664e-06,8.741665e-06,9.083326e-06,5.591663e-06,6.120833e-06,5.74166e-06,6.124997e-06,7.999993e-06,7.620828e-06,7.824993e-06,7.437499e-06,1.0099999e-05,9.541663e-06,4.954163e-06,5.137499e-06
0,822,792.145,0.356,8.833329e-06,8.962496e-06,8.787497e-06,9.124994e-06,5.620829e-06,6.154164e-06,5.770826e-06,6.158328e-06,8.04166e-06,7.662495e-06,7.866661e-06,7.479159e-06,1.0141659e-05,9.579166e-06,4.999995e-06,5.166666e-06
0,823,792.296,0.354,8.887498e-06,9.02083e-06,8.84583e-06,9.183327e-06,5.674998e-06,6.212497e-06,5.829159e-06,6.220826e-06,8.10833e-06,7.733329e-06,7.93333e-06,7.545829e-06,1.0208329e-05,9.641663e-06,5.07083e-06,5.212498e-06
0,824,792.447,0.352,8.937494e-06,9.066661e-06,8.891662e-06,9.229159e-06,5.708329e-06,6.245828e-06,5.858326e-06,6.254164e-06,8.149997e-06,7.76666e-06,7.966662e-06,7.583332e-06,1.0249996e-05,9.683331e-06,5.112497e-06,5.237492e-06
0,825,792.598,0.35,8.987498e-06,9.124994e-06,8.949995e-06,9.287493e-06,5.766662e-06,6.308325e-06,5.916659e-06,6.316662e-06,8.212495e-06,7.83333e-06,8.033331e-06,7.654166e-06,1.0316666e-05,9.741664e-06,5.187495e-06,5.283332e-06
0,826,792.749,0.348,9.037494e-06,9.166662e-06,8.991663e-06,9.32916e-06,5.795829e-06,6.341664e-06,5.945826e-06,6.349993e-06,8.254163e-06,7.870825e-06,8.070827e-06,7.695826e-06,1.0358325e-05,9.783332e-06,5.233328e-06,5.312499e-06
0,827,792.9,0.346,9.091664e-06,9.224995e-06,9.05416e-06,9.387493e-06,5.849997e-06,6.399997e-06,6.004159e-06,6.412498e-06,8.320832e-06,7.93333e-06,8.133332e-06,7.762495e-06,1.0420831e-05,9.845829e-06,5.308326e-06,5.354166e-06
0,828,793.05,0.344,9.14166e-06,9.270827e-06,9.095827e-06,9.429161e-06,5.879164e-06,6.433328e-06,6.033325e-06,6.445829e-06,8.358327e-06,7.970826e-06,8.174999e-06,7.799999e-06,1.0462499e-05,9.883332e-06,5.354166e-06,5.37916e-06
0,829,793.201,0.342,9.191665e-06,9.32916e-06,9.149996e-06,9.487494e-06,5.937497e-06,6.487497e-06,6.091658e-06,6.508326e-06,8.420833e-06,8.033331e-06,8.233333e-06,7.866661e-06,1.0520832e-05,9.937493e-06,5.424992e-06,5.416663e-06
0,830,793.352,0.34,9.24166e-06,9.374992e-06,9.195828e-06,9.529162e-06,5.966663e-06,6.524992e-06,6.120833e-06,6.537493e-06,8.458328e-06,8.070827e-06,8.279165e-06,7.904164e-06,1.0566664e-05,9.97916e-06,5.470832e-06,5.449994e-06
0,831,793.503,0.338,9.291664e-06,9.429161e-06,9.254161e-06,9.587495e-06,6.024996e-06,6.583325e-06,6.18333e-06,6.604163e-06,8.524998e-06,8.137496e-06,8.337498e-06,7.970826e-06,1.0624997e-05,1.0041666e-05,5.549995e-06,5.491662e-06
0,832,793.654,0.336,9.345826e-06,9.474993e-06,9.295829e-06,9.624998e-06,6.054163e-06,6.612492e-06,6.208332e-06,6.63333e-06,8.562493e-06,8.174999e-06,8.374993e-06,8.012494e-06,1.0666665e-05,1.0074997e-05,5.599999e-06,5.516664e-06
0,833,793.805,0.334,9.387493e-06,9.529162e-06,9.349998e-06,9.679158e-06,6.112496e-06,6.66666e-06,6.262493e-06,6.699999e-06,8.620827e-06,8.237497e-06,8.433326e-06,8.074999e-06,1.0724997e-05,1.0129165e-05,5.666661e-06,5.562496e-06
0,834,793.956,0.332,9.437497e-06,9.574994e-06,9.39583e-06,9.720826e-06,6.141663e-06,6.704164e-06,6.295832e-06,6.729166e-06,8.662494e-06,8.270827e-06,8.470829e-06,8.112494e-06,1.0762493e-05,1.0166661e-05,5.716666e-06,5.583326e-06
0,835,794.106,0.33,9.487494e-06,9.624998e-06,9.449998e-06,9.779159e-06,6.191659e-06,6.762496e-06,6.354165e-06,6.791663e-06,8.720827e-06,8.333325e-06,8.529162e-06,8.179164e-06,1.0829162e-05,1.0224994e-05,5.787492e-06,5.624994e-06
0,836,794.257,0.328,9.537498e-06,9.674995e-06,9.487494e-06,9.816663e-06,6.224998e-06,6.791663e-06,6.387496e-06,6.82083e-06,8.762495e-06,8.370828e-06,8.566665e-06,8.216659e-06,1.087083e-05,1.0266662e-05,5.837496e-06,5.65416e-06
0,837,794.408,0.326,9.58333e-06,9.724999e-06,9.545827e-06,9.874995e-06,6.279159e-06,6.849996e-06,6.441664e-06,6.8875e-06,8.820828e-06,8.433326e-06,8.629163e-06,8.279165e-06,1.0924999e-05,1.032083e-05,5.912495e-06,5.695828e-06
0,838,794.559,0.324,9.629162e-06,9.770831e-06,9.591659e-06,9.912499e-06,6.312498e-06,6.883327e-06,6.474996e-06,6.92083e-06,8.862496e-06,8.474994e-06,8.670831e-06,8.324997e-06,1.0962494e-05,1.0358325e-05,5.962499e-06,5.724994e-06
0,839,794.71,0.322,9.679158e-06,9.824999e-06,9.645828e-06,9.966659e-06,6.370831e-06,6.945832e-06,6.529164e-06,6.979164e-06,8.920829e-06,8.533327e-06,8.724999e-06,8.383329e-06,1.1029164e-05,1.0416658e-05,6.029161e-06,5.762497e-06
0,840,794.861,0.32,9.729163e-06,9.870831e-06,9.691659e-06,1.0008327e-05,6.399997e-06,6.974999e-06,6.562495e-06,7.016659e-06,8.96666e-06,8.566665e-06,8.762495e-06,8.424998e-06,1.106666e-05,1.0449998e-05,6.083329e-06,5.795829e-06
0,841,795.011,0.318,9.774994e-06,9.924992e-06,9.745829e-06,1.0062496e-05,6.454166e-06,7.033332e-06,6.616664e-06,7.074992e-06,9.024993e-06,8.629163e-06,8.824993e-06,8.487495e-06,1.1124992e-05,1.0508331e-05,6.158328e-06,5.833332e-06
0,842,795.162,0.316,9.824999e-06,9.970832e-06,9.783332e-06,1.0104163e-05,6.487497e-06,7.066663e-06,6.649995e-06,7.112495e-06,9.062497e-06,8.666659e-06,8.858331e-06,8.524998e-06,1.1162496e-05,1.0545826e-05,6.20416e-06,5.862498e-06
0,843,795.313,0.314,9.862494e-06,1.0008327e-05,9.824999e-06,1.0137494e-05,6.516663e-06,7.099994e-06,6.683326e-06,7.145826e-06,9.104165e-06,8.708326e-06,8.904163e-06,8.566665e-06,1.1204163e-05,1.0587493e-05,6.254164e-06,5.887493e-06
0,844,795.464,0.312,9.912499e-06,1.0062496e-05,9.87916e-06,1.0195828e-05,6.570832e-06,7.158327e-06,6.737494e-06,7.208331e-06,9.162498e-06,8.766659e-06,8.958332e-06,8.629163e-06,1.1262497e-05,1.0637498e-05,6.329163e-06,5.92916e-06
0,845,795.615,0.31,9.95833e-06,1.0104163e-05,9.920827e-06,1.0233331e-05,6.604163e-06,7.191666e-06,6.770825e-06,7.241662e-06,9.204166e-06,8.804162e-06,8.995827e-06,8.670831e-06,1.1304164e-05,1.0679166e-05,6.383332e-06,5.954162e-06
0,846,795.766,0.308,1.0008327e-05,1.0158332e-05,9.974996e-06,1.0295828e-05,6.662496e-06,7.245827e-06,6.829158e-06,7.299996e-06,9.262498e-06,8.858331e-06,9.05416e-06,8.733328e-06,1.1362497e-05,1.0733326e-05,6.454166e-06,5.99583e-06
0,847,795.917,0.306,1.0054159e-05,1.0199992e-05,1.0020828e-05,1.032916e-05,6.691662e-06,7.279165e-06,6.862497e-06,7.333326e-06,9.299994e-06,8.904163e-06,9.091664e-06,8.770831e-06,1.1399992e-05,1.0770829e-05,6.508326e-06,6.020832e-06
0,848,796.067,0.304,1.0099999e-05,1.0249996e-05,1.006666e-05,1.0383328e-05,6.749995e-06,7.337499e-06,6.916666e-06,7.395832e-06,9.362499e-06,8.958332e-06,9.145832e-06,8.833329e-06,1.1458325e-05,1.0820826e-05,6.574996e-06,6.062492e-06
0,849,796.218,0.302,1.0149995e-05,1.0295828e-05,1.0108328e-05,1.0420831e-05,6.779162e-06,7.37083e-06,6.949997e-06,7.433327e-06,9.39583e-06,8.995827e-06,9.187492e-06,8.874997e-06,1.1495828e-05,1.0858329e-05,6.629165e-06,6.087494e-06
0,850,796.369,0.3,1.0195828e-05,1.0345832e-05,1.0162496e-05,1.0470828e-05,6.833331e-06,7.429162e-06,7.00833e-06,7.49166e-06,9.458327e-06,9.058333e-06,9.245833e-06,8.93333e-06,1.1554162e-05,1.0908326e-05,6.699999e-06,6.129162e-06
0,851,796.52,0.298,1.024166e-05,1.0387492e-05,1.0204164e-05,1.0512495e-05,6.866662e-06,7.462494e-06,7.037497e-06,7.524999e-06,9.49583e-06,9.091664e-06,9.279163e-06,8.970833e-06,1.1591665e-05,1.0945829e-05,6.745831e-06,6.154164e-06
0,852,796.671,0.296,1.0287499e-05,1.0441661e-05,1.0254161e-05,1.0558327e-05,6.92083e-06,7.516662e-06,7.091665e-06,7.587496e-06,9.554164e-06,9.149996e-06,9.337497e-06,9.033331e-06,1.1645826e-05,1.0999997e-05,6.824994e-06,6.195831e-06
0,853,796.822,0.294,1.0333331e-05,1.0487493e-05,1.0299993e-05,1.0604159e-05,6.954161e-06,7.554166e-06,7.129161e-06,7.620828e-06,9.591659e-06,9.187492e-06,9.374992e-06,9.074998e-06,1.1683329e-05,1.1033329e-05,6.866662e-06,6.220826e-06
0,854,796.972,0.292,1.0379164e-05,1.0533333e-05,1.0349997e-05,1.0654163e-05,7.00833e-06,7.608326e-06,7.187494e-06,7.674996e-06,9.649992e-06,9.24166e-06,9.433325e-06,9.133331e-06,1.1737498e-05,1.1087497e-05,6.94166e-06,6.258329e-06
0,855,797.123,0.29,1.0420831e-05,1.0579165e-05,1.0391665e-05,1.0695831e-05,7.041661e-06,7.641665e-06,7.220833e-06,7.7125e-06,9.691659e-06,9.283328e-06,9.470828e-06,9.170826e-06,1.1774993e-05,1.1120828e-05,6.991665e-06,6.287495e-06
0,856,797.274,0.288,1.0466663e-05,1.0629161e-05,1.0441661e-05,1.0745827e-05,7.095829e-06,7.699999e-06,7.274993e-06,7.774996e-06,9.749992e-06,9.333332e-06,9.529162e-06,9.233332e-06,1.1837498e-05,1.1179161e-05,7.066663e-06,6.324999e-06
0,857,797.425,0.286,1.0520832e-05,1.0670828e-05,1.0483329e-05,1.078333e-05,7.124996e-06,7.733329e-06,7.308332e-06,7.808328e-06,9.79166e-06,9.370828e-06,9.562493e-06,9.270827e-06,1.1874994e-05,1.1212492e-05,7.112495e-06,6.349993e-06
0,858,797.576,0.284,1.0558327e-05,1.0716661e-05,1.0533333e-05,1.0833327e-05,7.183329e-06,7.783326e-06,7.362493e-06,7.866661e-06,9.845829e-06,9.429161e-06,9.620825e-06,9.333332e-06,1.1924998e-05,1.1262497e-05,7.183329e-06,6.387496e-06
0,859,797.727,0.282,1.0604159e-05,1.0762493e-05,1.0574992e-05,1.0874995e-05,7.212496e-06,7.820829e-06,7.395832e-06,7.904164e-06,9.883332e-06,9.466664e-06,9.658329e-06,9.370828e-06,1.1966666e-05,1.13e-05,7.233326e-06,6.416662e-06
0,860,797.877,0.28,1.0654163e-05,1.0812497e-05,1.0629161e-05,1.0924999e-05,7.270829e-06,7.879162e-06,7.449993e-06,7.966662e-06,9.941666e-06,9.524997e-06,9.712498e-06,9.429161e-06,1.2020826e-05,1.1349996e-05,7.30416e-06,6.454166e-06
0,861,798.028,0.278,1.0695831e-05,1.0854164e-05,1.0666665e-05,1.0962494e-05,7.295831e-06,7.908328e-06,7.479159e-06,7.991664e-06,9.974996e-06,9.554164e-06,9.749992e-06,9.462499e-06,1.2054165e-05,1.1383327e-05,7.349992e-06,6.47916e-06
0,862,798.179,0.276,1.0737499e-05,1.0899997e-05,1.0712496e-05,1.1012498e-05,7.345827e-06,7.962497e-06,7.533328e-06,8.054161e-06,1.0033329e-05,9.612497e-06,9.795833e-06,9.520832e-06,1.2108326e-05,1.1433332e-05,7.416661e-06,6.516663e-06
0,863,798.33,0.274,1.0787495e-05,1.0941664e-05,1.0754164e-05,1.1049994e-05,7.379158e-06,7.991664e-06,7.566658e-06,8.087492e-06,1.0070833e-05,9.649992e-06,9.833328e-06,9.558328e-06,1.2141665e-05,1.1466662e-05,7.466666e-06,6.541665e-06
0,864,798.481,0.272,1.0829162e-05,1.0987496e-05,1.080416e-05,1.1095826e-05,7.433327e-06,8.045832e-06,7.620828e-06,8.145825e-06,1.0124993e-05,9.704161e-06,9.887497e-06,9.616661e-06,1.2195826e-05,1.1516667e-05,7.533328e-06,6.579161e-06
0,865,798.632,0.27,1.0874995e-05,1.1037493e-05,1.0845828e-05,1.1133329e-05,7.462494e-06,8.083328e-06,7.654166e-06,8.179164e-06,1.0162496e-05,9.741664e-06,9.929165e-06,9.654164e-06,1.2233329e-05,1.1554162e-05,7.583332e-06,6.604163e-06
0,866,798.783,0.268,1.0916662e-05,1.1083333e-05,1.0895832e-05,1.1183325e-05,7.516662e-06,8.12916e-06,7.708327e-06,8.237497e-06,1.0216665e-05,9.79166e-06,9.974996e-06,9.712498e-06,1.2287497e-05,1.1599994e-05,7.645829e-06,6.641666e-06
0,867,798.933,0.266,1.095833e-05,1.1120828e-05,1.0933328e-05,1.1220829e-05,7.545829e-06,8.162498e-06,7.737493e-06,8.270827e-06,1.0254161e-05,9.829164e-06,1.00125e-05,9.745829e-06,1.2316664e-05,1.1637497e-05,7.695826e-06,6.66666e-06
0,868,799.084,0.264,1.1008327e-05,1.1170832e-05,1.0983332e-05,1.126666e-05,7.599997e-06,8.220832e-06,7.799999e-06,8.329161e-06,1.0308329e-05,9.883332e-06,1.006666e-05,9.808326e-06,1.2370832e-05,1.1687493e-05,7.762495e-06,6.704164e-06
0,869,799.235,0.262,1.1049994e-05,1.1208328e-05,1.1020828e-05,1.1308328e-05,7.633328e-06,8.254163e-06,7.829165e-06,8.366665e-06,1.0349997e-05,9.920827e-06,1.0104163e-05,9.845829e-06,1.2408328e-05,1.1720832e-05,7.812492e-06,6.729166e-06
0,870,799.386,0.26,1.1091662e-05,1.1254159e-05,1.1070832e-05,1.1358333e-05,7.683333e-06,8.308331e-06,7.883326e-06,8.420833e-06,1.0404166e-05,9.974996e-06,1.0158332e-05,9.908326e-06,1.2462497e-05,1.1770829e-05,7.879162e-06,6.766661e-06
0,871,799.537,0.258,1.1133329e-05,1.13e-05,1.1112499e-05,1.1399992e-05,7.716663e-06,8.341662e-06,7.916665e-06,8.458328e-06,1.0437497e-05,1.0008327e-05,1.0191663e-05,9.941666e-06,1.2491663e-05,1.180416e-05,7.924994e-06,6.791663e-06
0,872,799.688,0.256,1.1170832e-05,1.1333331e-05,1.114583e-05,1.1429159e-05,7.74583e-06,8.366665e-06,7.945831e-06,8.487495e-06,1.0474992e-05,1.004583e-05,1.0224994e-05,9.974996e-06,1.2529159e-05,1.1837498e-05,7.966662e-06,6.816666e-06
0,873,799.838,0.254,1.1212492e-05,1.1379162e-05,1.1187498e-05,1.1474999e-05,7.795827e-06,8.420833e-06,7.995828e-06,8.541663e-06,1.052916e-05,1.0095827e-05,1.0274998e-05,1.0029165e-05,1.2579163e-05,1.188333e-05,8.033331e-06,6.849996e-06
0,874,799.989,0.252,1.1254159e-05,1.1416666e-05,1.1229165e-05,1.1512494e-05,7.829165e-06,8.458328e-06,8.033331e-06,8.579159e-06,1.0562499e-05,1.0129165e-05,1.0308329e-05,1.006666e-05,1.2616666e-05,1.1912497e-05,8.079163e-06,6.874998e-06
0,875,800.14,0.25,1.1295827e-05,1.1462498e-05,1.1274998e-05,1.1554162e-05,7.879162e-06,8.50416e-06,8.083328e-06,8.629163e-06,1.0612495e-05,1.0179162e-05,1.0362498e-05,1.0124993e-05,1.2662498e-05,1.1958329e-05,8.141661e-06,6.908329e-06
0,876,800.291,0.248,1.1333331e-05,1.1499993e-05,1.1308328e-05,1.1591665e-05,7.904164e-06,8.5375e-06,8.112494e-06,8.666659e-06,1.0649999e-05,1.0216665e-05,1.0395829e-05,1.0158332e-05,1.2695829e-05,1.1991659e-05,8.191665e-06,6.933331e-06
0,877,800.442,0.246,1.1379162e-05,1.1549997e-05,1.1362497e-05,1.1641661e-05,7.958332e-06,8.59166e-06,8.170828e-06,8.724999e-06,1.070416e-05,1.0266662e-05,1.0445825e-05,1.0208329e-05,1.2741662e-05,1.20375e-05,8.254163e-06,6.970827e-06
0,878,800.593,0.244,1.142083e-05,1.1587493e-05,1.1395828e-05,1.1679164e-05,7.987499e-06,8.624998e-06,8.19583e-06,8.754166e-06,1.0737499e-05,1.0299993e-05,1.0483329e-05,1.0249996e-05,1.2783329e-05,1.2070831e-05,8.299994e-06,6.991665e-06
0,879,800.744,0.242,1.1462498e-05,1.1633332e-05,1.1445833e-05,1.1720832e-05,8.037496e-06,8.670831e-06,8.245825e-06,8.812499e-06,1.0791659e-05,1.0349997e-05,1.0533333e-05,1.0304165e-05,1.282916e-05,1.2116662e-05,8.362492e-06,7.02916e-06
0,880,800.894,0.24,1.1504166e-05,1.1670828e-05,1.1479163e-05,1.1754163e-05,8.070827e-06,8.704162e-06,8.279165e-06,8.84583e-06,1.0829162e-05,1.0387492e-05,1.0566664e-05,1.0337496e-05,1.2858327e-05,1.2145829e-05,8.404159e-06,7.049998e-06
0,881,801.045,0.238,1.1545833e-05,1.1712496e-05,1.1524995e-05,1.1799995e-05,8.116658e-06,8.754166e-06,8.329161e-06,8.895826e-06,1.0874995e-05,1.0437497e-05,1.061666e-05,1.0391665e-05,1.2904159e-05,1.2187496e-05,8.466665e-06,7.083328e-06
0,882,801.196,0.236,1.1579164e-05,1.1749999e-05,1.1558326e-05,1.1837498e-05,8.145825e-06,8.787497e-06,8.366665e-06,8.924992e-06,1.0908326e-05,1.0466663e-05,1.0645826e-05,1.0424996e-05,1.2941662e-05,1.2224992e-05,8.508333e-06,7.108331e-06
0,883,801.347,0.234,1.1620831e-05,1.1799995e-05,1.160833e-05,1.188333e-05,8.19583e-06,8.837494e-06,8.41666e-06,8.983326e-06,1.0962494e-05,1.0516659e-05,1.0699995e-05,1.0483329e-05,1.2991659e-05,1.2270832e-05,8.57083e-06,7.149999e-06
0,884,801.498,0.232,1.1670828e-05,1.1837498e-05,1.1645826e-05,1.1916662e-05,8.22916e-06,8.870832e-06,8.445827e-06,9.02083e-06,1.1004162e-05,1.0554163e-05,1.0733326e-05,1.0516659e-05,1.3020825e-05,1.2295826e-05,8.612497e-06,7.170828e-06
0,885,801.649,0.23,1.1708331e-05,1.188333e-05,1.1687493e-05,1.1962493e-05,8.274992e-06,8.920829e-06,8.499996e-06,9.074998e-06,1.1054166e-05,1.0604159e-05,1.078333e-05,1.0566664e-05,1.3066665e-05,1.2341667e-05,8.674995e-06,7.204159e-06
0,886,801.799,0.228,1.1745827e-05,1.1920825e-05,1.1729161e-05,1.1999997e-05,8.308331e-06,8.945831e-06,8.529162e-06,9.104165e-06,1.1087497e-05,1.0633325e-05,1.0812497e-05,1.0604159e-05,1.3099996e-05,1.2374997e-05,8.712498e-06,7.224997e-06
0,887,801.95,0.226,1.1787494e-05,1.1958329e-05,1.1774993e-05,1.2041664e-05,8.354164e-06,8.995827e-06,8.579159e-06,9.154161e-06,1.1137494e-05,1.0683329e-05,1.0862494e-05,1.0654163e-05,1.3149993e-05,1.2416665e-05,8.774996e-06,7.262492e-06
0,888,802.101,0.224,1.1829162e-05,1.1999997e-05,1.180416e-05,1.2074995e-05,8.379166e-06,9.029166e-06,8.612497e-06,9.187492e-06,1.116666e-05,1.0716661e-05,1.0895832e-05,1.0691659e-05,1.3179159e-05,1.2445831e-05,8.812499e-06,7.28333e-06
0,889,802.252,0.222,1.1866665e-05,1.2041664e-05,1.1849999e-05,1.2120827e-05,8.433326e-06,9.079162e-06,8.662494e-06,9.245833e-06,1.1216664e-05,1.0762493e-05,1.0945829e-05,1.075e-05,1.3229163e-05,1.2491663e-05,8.879161e-06,7.316661e-06
0,890,802.403,0.22,1.1908332e-05,1.2079159e-05,1.1887495e-05,1.2154166e-05,8.462493e-06,9.116666e-06,8.695833e-06,9.279163e-06,1.1258332e-05,1.0799996e-05,1.0983332e-05,1.0774994e-05,1.3254165e-05,1.252083e-05,8.916664e-06,7.337499e-06
0,891,802.554,0.218,1.1945828e-05,1.2125e-05,1.1933326e-05,1.2199998e-05,8.512497e-06,9.162498e-06,8.745829e-06,9.333332e-06,1.1304164e-05,1.0849993e-05,1.1024999e-05,1.0833327e-05,1.3304162e-05,1.2566662e-05,8.974997e-06,7.374994e-06
0,892,802.704,0.216,1.1991659e-05,1.2162494e-05,1.197083e-05,1.2237493e-05,8.545828e-06,9.191665e-06,8.774996e-06,9.366663e-06,1.1337494e-05,1.0879159e-05,1.1062495e-05,1.0866665e-05,1.3333329e-05,1.2595829e-05,9.016665e-06,7.391659e-06
0,893,802.855,0.214,1.2029163e-05,1.2204162e-05,1.2012498e-05,1.2279161e-05,8.587495e-06,9.245833e-06,8.824993e-06,9.41666e-06,1.1391664e-05,1.0933328e-05,1.1108327e-05,1.0916662e-05,1.3379161e-05,1.2633332e-05,9.079162e-06,7.429162e-06
0,894,803.006,0.212,1.2070831e-05,1.224583e-05,1.2049993e-05,1.23125e-05,8.620827e-06,9.275e-06,8.862496e-06,9.454163e-06,1.1424994e-05,1.0966659e-05,1.1141666e-05,1.0949993e-05,1.3408328e-05,1.2666663e-05,9.116666e-06,7.454165e-06
0,895,803.157,0.21,1.2112499e-05,1.2287497e-05,1.209166e-05,1.2354159e-05,8.666659e-06,9.324996e-06,8.912491e-06,9.508331e-06,1.1474999e-05,1.1012498e-05,1.1191662e-05,1.0999997e-05,1.3462496e-05,1.270833e-05,9.174999e-06,7.483332e-06
0,896,803.308,0.208,1.2145829e-05,1.2324993e-05,1.2129164e-05,1.2387498e-05,8.695833e-06,9.354162e-06,8.945831e-06,9.537498e-06,1.1508329e-05,1.104583e-05,1.1224993e-05,1.1037493e-05,1.3487498e-05,1.2737497e-05,9.216667e-06,7.508326e-06
0,897,803.459,0.206,1.2183333e-05,1.236666e-05,1.2170832e-05,1.243333e-05,8.745829e-06,9.408331e-06,8.995827e-06,9.591659e-06,1.1554162e-05,1.1091662e-05,1.126666e-05,1.1087497e-05,1.353333e-05,1.2783329e-05,9.275e-06,7.541664e-06
0,898,803.61,0.204,1.2224992e-05,1.2404163e-05,1.2208327e-05,1.2466661e-05,8.77916e-06,9.437497e-06,9.02083e-06,9.624998e-06,1.1587493e-05,1.1124992e-05,1.1304164e-05,1.1120828e-05,1.3562497e-05,1.2812495e-05,9.312495e-06,7.562494e-06
0,899,803.76,0.202,1.2254159e-05,1.243333e-05,1.2237493e-05,1.2499992e-05,8.808327e-06,9.466664e-06,9.05416e-06,9.658329e-06,1.1624996e-05,1.1154159e-05,1.1333331e-05,1.1154159e-05,1.3591663e-05,1.2837498e-05,9.345826e-06,7.583332e-06
0,900,803.911,0.2,1.2291662e-05,1.2474998e-05,1.2279161e-05,1.2537495e-05,8.854158e-06,9.512496e-06,9.104165e-06,9.708333e-06,1.1674992e-05,1.1204163e-05,1.1379162e-05,1.1204163e-05,1.3637495e-05,1.2879165e-05,9.404159e-06,7.616663e-06
0,901,804.062,0.198,1.2333329e-05,1.2516665e-05,1.2316664e-05,1.2579163e-05,8.883325e-06,9.545827e-06,9.137495e-06,9.745829e-06,1.1708331e-05,1.123333e-05,1.1412493e-05,1.1237494e-05,1.3666661e-05,1.2908332e-05,9.441662e-06,7.637493e-06
0,902,804.213,0.196,1.2374997e-05,1.2554161e-05,1.2358331e-05,1.2620831e-05,8.929165e-06,9.595831e-06,9.191665e-06,9.795833e-06,1.1754163e-05,1.1283326e-05,1.1462498e-05,1.1291663e-05,1.3712493e-05,1.2949999e-05,9.499995e-06,7.666659e-06
0,903,804.364,0.194,1.2408328e-05,1.2595829e-05,1.2395827e-05,1.2654162e-05,8.962496e-06,9.633327e-06,9.22083e-06,9.829164e-06,1.1787494e-05,1.1312492e-05,1.1491664e-05,1.132083e-05,1.374166e-05,1.2979166e-05,9.541663e-06,7.695826e-06
0,904,804.515,0.192,1.2449996e-05,1.2633332e-05,1.2437495e-05,1.2695829e-05,9.012492e-06,9.679158e-06,9.270827e-06,9.883332e-06,1.1837498e-05,1.1362497e-05,1.1541661e-05,1.1374998e-05,1.3787492e-05,1.3020825e-05,9.595831e-06,7.724992e-06
0,905,804.665,0.19,1.2491663e-05,1.2674999e-05,1.2474998e-05,1.2733332e-05,9.045832e-06,9.712498e-06,9.304166e-06,9.920827e-06,1.1870829e-05,1.1399992e-05,1.1575e-05,1.1408329e-05,1.3812494e-05,1.3049992e-05,9.633327e-06,7.74583e-06
0,906,804.816,0.188,1.2529159e-05,1.2712495e-05,1.2516665e-05,1.2770827e-05,9.087499e-06,9.762493e-06,9.362499e-06,9.974996e-06,1.1920825e-05,1.1445833e-05,1.1624996e-05,1.1462498e-05,1.3862498e-05,1.309166e-05,9.691659e-06,7.783326e-06
0,907,804.967,0.186,1.2570827e-05,1.2749998e-05,1.2554161e-05,1.2808331e-05,9.124994e-06,9.79166e-06,9.391665e-06,1.0004163e-05,1.1954165e-05,1.1479163e-05,1.1654162e-05,1.1499993e-05,1.3891665e-05,1.3120826e-05,9.729163e-06,7.804163e-06
0,908,805.118,0.184,1.2604165e-05,1.2791666e-05,1.2595829e-05,1.2849999e-05,9.170826e-06,9.841665e-06,9.437497e-06,1.0058331e-05,1.200416e-05,1.1524995e-05,1.1699995e-05,1.1545833e-05,1.3929161e-05,1.3158329e-05,9.783332e-06,7.829165e-06
0,909,805.269,0.182,1.2645833e-05,1.2824997e-05,1.2629159e-05,1.2883329e-05,9.199993e-06,9.87916e-06,9.470828e-06,1.0091662e-05,1.20375e-05,1.1554162e-05,1.1733326e-05,1.1579164e-05,1.3962499e-05,1.3187496e-05,9.820827e-06,7.85416e-06
0,910,805.42,0.18,1.2679164e-05,1.2870828e-05,1.2670827e-05,1.2924997e-05,9.245833e-06,9.920827e-06,9.524997e-06,1.0145831e-05,1.2083332e-05,1.1604166e-05,1.1774993e-05,1.162916e-05,1.4004159e-05,1.3224999e-05,9.874995e-06,7.887498e-06
0,911,805.571,0.178,1.2720831e-05,1.2908332e-05,1.270833e-05,1.2958328e-05,9.275e-06,9.954158e-06,9.554164e-06,1.0179162e-05,1.2116662e-05,1.1633332e-05,1.1808332e-05,1.1662499e-05,1.4033326e-05,1.3254165e-05,9.912499e-06,7.908328e-06
0,912,805.721,0.176,1.2758326e-05,1.2949999e-05,1.2749998e-05,1.2995831e-05,9.324996e-06,1.0004163e-05,9.60416e-06,1.0233331e-05,1.2166659e-05,1.1674992e-05,1.1854164e-05,1.1712496e-05,1.4074993e-05,1.3295826e-05,9.966659e-06,7.94166e-06
0,913,805.872,0.174,1.279583e-05,1.298333e-05,1.2779165e-05,1.3029162e-05,9.354162e-06,1.0033329e-05,9.637499e-06,1.0266662e-05,1.2199998e-05,1.1712496e-05,1.1887495e-05,1.1745827e-05,1.410416e-05,1.3325e-05,1.0004163e-05,7.962497e-06
0,914,806.023,0.172,1.2833333e-05,1.3020825e-05,1.2824997e-05,1.3070829e-05,9.399994e-06,1.0083326e-05,9.683331e-06,1.0312494e-05,1.2241666e-05,1.1754163e-05,1.1933326e-05,1.1795831e-05,1.4145828e-05,1.3362495e-05,1.0054159e-05,7.991664e-06
0,915,806.174,0.17,1.2870828e-05,1.3054164e-05,1.2858327e-05,1.3104161e-05,9.433325e-06,1.0112492e-05,9.716662e-06,1.0345832e-05,1.2279161e-05,1.1787494e-05,1.1962493e-05,1.1824997e-05,1.417083e-05,1.3387497e-05,1.0087498e-05,8.012494e-06
0,916,806.325,0.168,1.2908332e-05,1.3099996e-05,1.2895831e-05,1.3145828e-05,9.474993e-06,1.0162496e-05,9.770831e-06,1.0399994e-05,1.2320828e-05,1.1833326e-05,1.2008325e-05,1.1870829e-05,1.4216662e-05,1.3424992e-05,1.0141659e-05,8.04166e-06
0,917,806.476,0.166,1.2941662e-05,1.3133327e-05,1.2929161e-05,1.3174995e-05,9.508331e-06,1.0191663e-05,9.799997e-06,1.0429159e-05,1.2354159e-05,1.1862493e-05,1.2041664e-05,1.1904161e-05,1.4241664e-05,1.3454159e-05,1.0174997e-05,8.062498e-06
0,918,806.626,0.164,1.2979166e-05,1.317083e-05,1.2970829e-05,1.3212498e-05,9.549999e-06,1.0233331e-05,9.845829e-06,1.0483329e-05,1.2399999e-05,1.1904161e-05,1.2083332e-05,1.1949992e-05,1.4279159e-05,1.3487498e-05,1.0224994e-05,8.091664e-06
0,919,806.777,0.162,1.3016661e-05,1.3208326e-05,1.300416e-05,1.3245829e-05,9.58333e-06,1.0270826e-05,9.87916e-06,1.0516659e-05,1.243333e-05,1.1937499e-05,1.2112499e-05,1.1979158e-05,1.4308325e-05,1.3516665e-05,1.0266662e-05,8.116658e-06
0,920,806.928,0.16,1.3054164e-05,1.3245829e-05,1.3041663e-05,1.3287497e-05,9.629162e-06,1.032083e-05,9.929165e-06,1.0566664e-05,1.2474998e-05,1.1983331e-05,1.2158331e-05,1.2033327e-05,1.4349993e-05,1.3558332e-05,1.0316666e-05,8.145825e-06
0,921,807.079,0.158,1.309166e-05,1.3283332e-05,1.3079167e-05,1.3320828e-05,9.658329e-06,1.0354162e-05,9.962495e-06,1.0604159e-05,1.2512493e-05,1.2012498e-05,1.2187496e-05,1.2062494e-05,1.4379159e-05,1.3583326e-05,1.0349997e-05,8.162498e-06
0,922,807.23,0.156,1.3124998e-05,1.3316663e-05,1.3116662e-05,1.3362495e-05,9.708333e-06,1.0399994e-05,1.00125e-05,1.0649999e-05,1.2554161e-05,1.2062494e-05,1.2233329e-05,1.2116662e-05,1.4420827e-05,1.362083e-05,1.0404166e-05,8.19583e-06
0,923,807.381,0.154,1.3162494e-05,1.3354166e-05,1.3149993e-05,1.3391662e-05,9.7375e-06,1.0433332e-05,1.004583e-05,1.0687494e-05,1.2587499e-05,1.209166e-05,1.2262495e-05,1.2145829e-05,1.4445829e-05,1.3641659e-05,1.0433332e-05,8.212495e-06
0,924,807.531,0.152,1.3199997e-05,1.3395826e-05,1.3187496e-05,1.343333e-05,9.779159e-06,1.0479164e-05,1.0091662e-05,1.0733326e-05,1.2629159e-05,1.2129164e-05,1.2308327e-05,1.2191661e-05,1.4483333e-05,1.3683327e-05,1.0479164e-05,8.241662e-06
0,925,807.682,0.15,1.3233328e-05,1.3424992e-05,1.3220827e-05,1.3462496e-05,9.812498e-06,1.0508331e-05,1.0124993e-05,1.0770829e-05,1.2662498e-05,1.2162494e-05,1.2337494e-05,1.2220828e-05,1.45125e-05,1.3708329e-05,1.0516659e-05,8.266664e-06
0,926,807.833,0.148,1.3262495e-05,1.3458332e-05,1.3249994e-05,1.3491663e-05,9.845829e-06,1.0537497e-05,1.0158332e-05,1.080416e-05,1.2695829e-05,1.2191661e-05,1.236666e-05,1.2254159e-05,1.4537493e-05,1.3737495e-05,1.0549998e-05,8.287493e-06
0,927,807.984,0.146,1.3299998e-05,1.3495826e-05,1.3291661e-05,1.3529166e-05,9.887497e-06,1.0587493e-05,1.0204164e-05,1.0854164e-05,1.2741662e-05,1.2237493e-05,1.2416665e-05,1.2304163e-05,1.4579161e-05,1.3770827e-05,1.0604159e-05,8.31666e-06
0,928,808.135,0.144,1.3337493e-05,1.3529166e-05,1.3325e-05,1.3562497e-05,9.916663e-06,1.061666e-05,1.0237495e-05,1.089166e-05,1.2770827e-05,1.226666e-05,1.2441659e-05,1.2337494e-05,1.4608328e-05,1.3799993e-05,1.0633325e-05,8.337498e-06
0,929,808.286,0.142,1.3370832e-05,1.3566661e-05,1.3362495e-05,1.3595827e-05,9.962495e-06,1.0670828e-05,1.0283327e-05,1.0941664e-05,1.2820832e-05,1.23125e-05,1.2487499e-05,1.2383326e-05,1.4641666e-05,1.3833332e-05,1.0687494e-05,8.366665e-06
0,930,808.437,0.14,1.3408328e-05,1.3604164e-05,1.3399998e-05,1.3633331e-05,9.995826e-06,1.0699995e-05,1.0316666e-05,1.0974995e-05,1.2849999e-05,1.2341667e-05,1.252083e-05,1.2416665e-05,1.4674997e-05,1.3862498e-05,1.0716661e-05,8.383329e-06
0,931,808.587,0.138,1.3441666e-05,1.3641659e-05,1.3437494e-05,1.3670826e-05,1.0041666e-05,1.075e-05,1.0370827e-05,1.1024999e-05,1.2891666e-05,1.2383326e-05,1.2562497e-05,1.2458332e-05,1.4712493e-05,1.3899994e-05,1.0766666e-05,8.41666e-06
0,932,808.738,0.136,1.3479162e-05,1.3670826e-05,1.346666e-05,1.3704165e-05,1.006666e-05,1.0774994e-05,1.0399994e-05,1.1058331e-05,1.2920833e-05,1.2412493e-05,1.2591664e-05,1.2487499e-05,1.473333e-05,1.3920831e-05,1.0799996e-05,8.433326e-06
0,933,808.889,0.134,1.3512492e-05,1.3712493e-05,1.3504164e-05,1.374166e-05,1.0116664e-05,1.0824998e-05,1.0449998e-05,1.1108327e-05,1.2966665e-05,1.245416e-05,1.2633332e-05,1.2537495e-05,1.4774998e-05,1.3958327e-05,1.0849993e-05,8.462493e-06
0,934,809.04,0.132,1.3545831e-05,1.374166e-05,1.3537494e-05,1.3766662e-05,1.0149995e-05,1.0854164e-05,1.0483329e-05,1.1141666e-05,1.2991659e-05,1.2483327e-05,1.2658325e-05,1.2562497e-05,1.4795828e-05,1.3979165e-05,1.0874995e-05,8.479166e-06
0,935,809.191,0.13,1.3574998e-05,1.3779163e-05,1.3574998e-05,1.3804166e-05,1.0191663e-05,1.0904161e-05,1.052916e-05,1.1191662e-05,1.3037499e-05,1.2529159e-05,1.2699993e-05,1.260833e-05,1.4833331e-05,1.401666e-05,1.0920827e-05,8.512497e-06
0,936,809.342,0.128,1.3616665e-05,1.3812494e-05,1.3604164e-05,1.3837496e-05,1.0224994e-05,1.0933328e-05,1.0562499e-05,1.1224993e-05,1.3070829e-05,1.2558333e-05,1.2737497e-05,1.2641661e-05,1.4862498e-05,1.4041662e-05,1.095833e-05,8.524998e-06
0,937,809.492,0.126,1.3649996e-05,1.3849997e-05,1.3641659e-05,1.3874999e-05,1.0266662e-05,1.097916e-05,1.0608332e-05,1.1274998e-05,1.3112497e-05,1.2595829e-05,1.2770827e-05,1.2683328e-05,1.4899992e-05,1.4074993e-05,1.1004162e-05,8.558329e-06
0,938,809.643,0.124,1.3683327e-05,1.3883328e-05,1.3670826e-05,1.3904166e-05,1.0295828e-05,1.1008327e-05,1.0637498e-05,1.1304164e-05,1.3141664e-05,1.2624995e-05,1.2799994e-05,1.2712495e-05,1.4924995e-05,1.4099995e-05,1.1033329e-05,8.574994e-06
0,939,809.794,0.122,1.3716666e-05,1.3920831e-05,1.3708329e-05,1.3937497e-05,1.0341661e-05,1.1058331e-05,1.0691659e-05,1.135416e-05,1.3183331e-05,1.2666663e-05,1.2841661e-05,1.2758326e-05,1.4958326e-05,1.4133327e-05,1.1079161e-05,8.604161e-06
0,940,809.945,0.12,1.3749996e-05,1.3949998e-05,1.374166e-05,1.3970828e-05,1.0370827e-05,1.1087497e-05,1.0720825e-05,1.1387499e-05,1.3212498e-05,1.2695829e-05,1.2870828e-05,1.2791666e-05,1.4987492e-05,1.4162492e-05,1.1112499e-05,8.629163e-06
0,941,810.096,0.118,1.3779163e-05,1.3983329e-05,1.3779163e-05,1.4008331e-05,1.0412495e-05,1.1133329e-05,1.0770829e-05,1.1437495e-05,1.325833e-05,1.2737497e-05,1.291666e-05,1.2837498e-05,1.5024996e-05,1.4195832e-05,1.1158331e-05,8.654165e-06
0,942,810.247,0.116,1.3816659e-05,1.4020832e-05,1.380833e-05,1.4033326e-05,1.0445825e-05,1.116666e-05,1.080416e-05,1.1470826e-05,1.3287497e-05,1.2766664e-05,1.2949999e-05,1.28625e-05,1.5049998e-05,1.4216662e-05,1.1187498e-05,8.670831e-06
0,943,810.398,0.114,1.3849997e-05,1.4054163e-05,1.3845834e-05,1.4070829e-05,1.0487493e-05,1.1208328e-05,1.0845828e-05,1.1516667e-05,1.3329164e-05,1.2808331e-05,1.298333e-05,1.2908332e-05,1.5083328e-05,1.4254165e-05,1.1241658e-05,8.699997e-06
0,944,810.548,0.112,1.3883328e-05,1.4087494e-05,1.3879164e-05,1.410416e-05,1.0516659e-05,1.1241658e-05,1.0883331e-05,1.1549997e-05,1.3358331e-05,1.2833333e-05,1.3012496e-05,1.2937498e-05,1.5108331e-05,1.4274994e-05,1.126666e-05,8.720827e-06
0,945,810.699,0.11,1.391666e-05,1.4120833e-05,1.3912495e-05,1.4133327e-05,1.0562499e-05,1.1287499e-05,1.0933328e-05,1.1599994e-05,1.3399998e-05,1.2879165e-05,1.3058328e-05,1.298333e-05,1.5149999e-05,1.4312498e-05,1.1316665e-05,8.745829e-06
0,946,810.85,0.108,1.3949998e-05,1.4158329e-05,1.3941662e-05,1.4162492e-05,1.0591666e-05,1.1316665e-05,1.0962494e-05,1.1633332e-05,1.3429165e-05,1.2904159e-05,1.308333e-05,1.300416e-05,1.5170828e-05,1.4333327e-05,1.1341659e-05,8.766659e-06
0,947,811.001,0.106,1.3979165e-05,1.4191659e-05,1.3983329e-05,1.4199996e-05,1.0633325e-05,1.1358333e-05,1.1004162e-05,1.1683329e-05,1.346666e-05,1.2937498e-05,1.3120826e-05,1.3049992e-05,1.5199995e-05,1.4370831e-05,1.1383327e-05,8.791661e-06
0,948,811.152,0.104,1.401666e-05,1.4216662e-05,1.4012496e-05,1.4229163e-05,1.0662492e-05,1.1391664e-05,1.1037493e-05,1.171666e-05,1.3495826e-05,1.2970829e-05,1.3145828e-05,1.3079167e-05,1.5229161e-05,1.439166e-05,1.1412493e-05,8.812499e-06
0,949,811.303,0.102,1.4049999e-05,1.4254165e-05,1.4049999e-05,1.4266666e-05,1.0708332e-05,1.144166e-05,1.1087497e-05,1.1758328e-05,1.353333e-05,1.3008333e-05,1.3187496e-05,1.3124998e-05,1.5262493e-05,1.4420827e-05,1.1458325e-05,8.837494e-06
0,950,811.453,0.1,1.408333e-05,1.4287496e-05,1.4079165e-05,1.4295832e-05,1.0737499e-05,1.1470826e-05,1.1116664e-05,1.1795831e-05,1.3566661e-05,1.3037499e-05,1.3216662e-05,1.3154165e-05,1.5287495e-05,1.4445829e-05,1.1487492e-05,8.858331e-06
0,951,811.604,0.098,1.4108332e-05,1.4320826e-05,1.4108332e-05,1.4324999e-05,1.0779167e-05,1.1508329e-05,1.1162496e-05,1.1841663e-05,1.3604164e-05,1.3074994e-05,1.3254165e-05,1.3195832e-05,1.5324998e-05,1.4474996e-05,1.152916e-05,8.883325e-06
0,952,811.755,0.096,1.4141663e-05,1.4345828e-05,1.4137499e-05,1.4349993e-05,1.0808333e-05,1.1541661e-05,1.1191662e-05,1.1870829e-05,1.3633331e-05,1.3095831e-05,1.327916e-05,1.3216662e-05,1.5345828e-05,1.4499999e-05,1.1554162e-05,8.899999e-06
0,953,811.906,0.094,1.4166665e-05,1.4370831e-05,1.4162492e-05,1.4374995e-05,1.0837499e-05,1.1566663e-05,1.1220829e-05,1.1908332e-05,1.3662498e-05,1.3124998e-05,1.3308327e-05,1.3245829e-05,1.5366666e-05,1.4524992e-05,1.1583328e-05,8.916664e-06
0,954,812.057,0.092,1.4195832e-05,1.4404161e-05,1.4195832e-05,1.4408326e-05,1.0874995e-05,1.1612495e-05,1.126666e-05,1.1949992e-05,1.3695828e-05,1.3166666e-05,1.3341665e-05,1.3287497e-05,1.5404161e-05,1.4554159e-05,1.162916e-05,8.941666e-06
0,955,812.208,0.09,1.4224998e-05,1.4433328e-05,1.4224998e-05,1.4437493e-05,1.0908326e-05,1.1641661e-05,1.1291663e-05,1.1983331e-05,1.3724994e-05,1.3187496e-05,1.336666e-05,1.3308327e-05,1.5420826e-05,1.4570832e-05,1.1649998e-05,8.958332e-06
0,956,812.358,0.088,1.4254165e-05,1.4466659e-05,1.4254165e-05,1.4470832e-05,1.0945829e-05,1.1683329e-05,1.1341659e-05,1.2024999e-05,1.3758326e-05,1.3220827e-05,1.3399998e-05,1.3349994e-05,1.5454165e-05,1.4604163e-05,1.1691665e-05,8.983326e-06
0,957,812.509,0.086,1.429166e-05,1.4495826e-05,1.4283331e-05,1.4495826e-05,1.0974995e-05,1.171666e-05,1.1370826e-05,1.2062494e-05,1.3791664e-05,1.3249994e-05,1.343333e-05,1.3379161e-05,1.547916e-05,1.4629165e-05,1.1720832e-05,9.004164e-06
0,958,812.66,0.084,1.4312498e-05,1.4524992e-05,1.4316663e-05,1.4529164e-05,1.1016663e-05,1.1758328e-05,1.1416666e-05,1.2104161e-05,1.3824995e-05,1.3287497e-05,1.346666e-05,1.3420829e-05,1.5512498e-05,1.4658332e-05,1.1762492e-05,9.029166e-06
0,959,812.811,0.082,1.4341665e-05,1.4558331e-05,1.4345828e-05,1.4558331e-05,1.104583e-05,1.1787494e-05,1.1445833e-05,1.2137492e-05,1.3854162e-05,1.3308327e-05,1.3491663e-05,1.3441666e-05,1.5529164e-05,1.4674997e-05,1.1787494e-05,9.045832e-06
0,960,812.962,0.08,1.4370831e-05,1.4587497e-05,1.4374995e-05,1.4587497e-05,1.1083333e-05,1.1829162e-05,1.1491664e-05,1.217916e-05,1.3891665e-05,1.3349994e-05,1.353333e-05,1.3479162e-05,1.5566658e-05,1.4704164e-05,1.1824997e-05,9.070825e-06
0,961,813.113,0.078,1.4404161e-05,1.4616664e-05,1.4399998e-05,1.46125e-05,1.1108327e-05,1.1858328e-05,1.152083e-05,1.2208327e-05,1.3920831e-05,1.3370832e-05,1.355416e-05,1.3508327e-05,1.5587497e-05,1.473333e-05,1.1854164e-05,9.087499e-06
0,962,813.264,0.076,1.4433328e-05,1.4645831e-05,1.4437493e-05,1.4645831e-05,1.1154159e-05,1.1904161e-05,1.1566663e-05,1.2258331e-05,1.3954163e-05,1.3408328e-05,1.3591663e-05,1.3545831e-05,1.5620828e-05,1.4762497e-05,1.1891659e-05,9.112493e-06
0,963,813.414,0.074,1.4466659e-05,1.4670833e-05,1.4466659e-05,1.4674997e-05,1.1183325e-05,1.1929163e-05,1.1595829e-05,1.2287497e-05,1.3979165e-05,1.343333e-05,1.362083e-05,1.3574998e-05,1.5637494e-05,1.4783327e-05,1.1920825e-05,9.129159e-06
0,964,813.565,0.072,1.4491661e-05,1.4704164e-05,1.4499999e-05,1.4704164e-05,1.1220829e-05,1.197083e-05,1.1637497e-05,1.2333329e-05,1.401666e-05,1.346666e-05,1.3649996e-05,1.3612493e-05,1.5670832e-05,1.4812494e-05,1.1958329e-05,9.154161e-06
0,965,813.716,0.07,1.4524992e-05,1.473333e-05,1.4516663e-05,1.4729166e-05,1.1254159e-05,1.2008325e-05,1.1670828e-05,1.236666e-05,1.4041662e-05,1.3495826e-05,1.3679162e-05,1.3637495e-05,1.5695827e-05,1.4833331e-05,1.1987496e-05,9.170826e-06
0,966,813.867,0.068,1.4554159e-05,1.4762497e-05,1.4554159e-05,1.4758332e-05,1.1287499e-05,1.2041664e-05,1.1712496e-05,1.2408328e-05,1.4079165e-05,1.3529166e-05,1.3712493e-05,1.3674999e-05,1.5724992e-05,1.4866662e-05,1.2020826e-05,9.191665e-06
0,967,814.018,0.066,1.4579161e-05,1.4791663e-05,1.4579161e-05,1.4783327e-05,1.1312492e-05,1.2074995e-05,1.1741662e-05,1.2437495e-05,1.4099995e-05,1.3549996e-05,1.3737495e-05,1.3699992e-05,1.5745831e-05,1.4883328e-05,1.2049993e-05,9.212494e-06
0,968,814.169,0.064,1.4604163e-05,1.482083e-05,1.4608328e-05,1.4816665e-05,1.135416e-05,1.2112499e-05,1.178333e-05,1.2479162e-05,1.4137499e-05,1.3587499e-05,1.3770827e-05,1.3733332e-05,1.5774996e-05,1.4912494e-05,1.2087497e-05,9.233332e-06
0,969,814.319,0.062,1.463333e-05,1.4845832e-05,1.4637494e-05,1.484166e-05,1.1383327e-05,1.2141665e-05,1.1812496e-05,1.2512493e-05,1.4166665e-05,1.3612493e-05,1.3795829e-05,1.3762497e-05,1.5799998e-05,1.4933332e-05,1.2112499e-05,9.249997e-06
0,970,814.47,0.06,1.4666661e-05,1.4879163e-05,1.4666661e-05,1.4870827e-05,1.142083e-05,1.2183333e-05,1.1858328e-05,1.2554161e-05,1.4199996e-05,1.3649996e-05,1.382916e-05,1.3799993e-05,1.583333e-05,1.4966663e-05,1.2154166e-05,9.275e-06
0,971,814.621,0.058,1.4695827e-05,1.4904165e-05,1.4691663e-05,1.4895829e-05,1.1449996e-05,1.2212499e-05,1.1891659e-05,1.2591664e-05,1.4224998e-05,1.3670826e-05,1.3858326e-05,1.3824995e-05,1.5849995e-05,1.4983329e-05,1.2183333e-05,9.291664e-06
0,972,814.772,0.056,1.4716665e-05,1.4937496e-05,1.4724994e-05,1.4924995e-05,1.1487492e-05,1.2254159e-05,1.1933326e-05,1.2629159e-05,1.4258329e-05,1.3699992e-05,1.3887493e-05,1.3858326e-05,1.5874997e-05,1.5012495e-05,1.2216663e-05,9.320831e-06
0,973,814.923,0.054,1.475416e-05,1.4962498e-05,1.475416e-05,1.4954162e-05,1.1516667e-05,1.2283325e-05,1.1958329e-05,1.2662498e-05,1.4279159e-05,1.3729159e-05,1.3912495e-05,1.3883328e-05,1.5899999e-05,1.502916e-05,1.2241666e-05,9.333332e-06
0,974,815.074,0.052,1.4774998e-05,1.4991665e-05,1.4783327e-05,1.4983329e-05,1.1554162e-05,1.2324993e-05,1.200416e-05,1.2712495e-05,1.4320826e-05,1.3762497e-05,1.3949998e-05,1.3920831e-05,1.593333e-05,1.5066664e-05,1.2279161e-05,9.354162e-06
0,975,815.225,0.05,1.4808329e-05,1.5020832e-05,1.4808329e-05,1.5008331e-05,1.1583328e-05,1.2354159e-05,1.2033327e-05,1.2737497e-05,1.4345828e-05,1.3783328e-05,1.3974993e-05,1.3945826e-05,1.5954161e-05,1.5087493e-05,1.2308327e-05,9.374992e-06
0,976,815.375,0.048,1.4833331e-05,1.5049998e-05,1.484166e-05,1.5041661e-05,1.1624996e-05,1.2399999e-05,1.2074995e-05,1.2779165e-05,1.4379159e-05,1.3824995e-05,1.4012496e-05,1.3987494e-05,1.5991664e-05,1.511666e-05,1.234583e-05,9.399994e-06
0,977,815.526,0.046,1.4862498e-05,1.5079165e-05,1.4866662e-05,1.5066664e-05,1.1654162e-05,1.2424994e-05,1.2108326e-05,1.2816659e-05,1.4408326e-05,1.3849997e-05,1.4033326e-05,1.4008331e-05,1.6012495e-05,1.5137498e-05,1.2370832e-05,9.41666e-06
0,978,815.677,0.044,1.4891664e-05,1.5108331e-05,1.4895829e-05,1.5091666e-05,1.1691665e-05,1.2466661e-05,1.2149993e-05,1.2858327e-05,1.4441665e-05,1.3879164e-05,1.4066664e-05,1.4045827e-05,1.604166e-05,1.5166665e-05,1.2408328e-05,9.441662e-06
0,979,815.828,0.042,1.4920831e-05,1.5133333e-05,1.4920831e-05,1.5120832e-05,1.1720832e-05,1.2495828e-05,1.217916e-05,1.2887494e-05,1.4466659e-05,1.3904166e-05,1.4091666e-05,1.4070829e-05,1.6058326e-05,1.5183329e-05,1.243333e-05,9.454163e-06
0,980,815.979,0.04,1.4941661e-05,1.51625e-05,1.4949997e-05,1.5145826e-05,1.1762492e-05,1.2537495e-05,1.2220828e-05,1.2933326e-05,1.4499999e-05,1.3937497e-05,1.4124998e-05,1.4108332e-05,1.6091664e-05,1.5212496e-05,1.2474998e-05,9.479165e-06
0,981,816.13,0.038,1.4974999e-05,1.5191667e-05,1.4979164e-05,1.5174993e-05,1.1787494e-05,1.2566662e-05,1.2254159e-05,1.2966665e-05,1.4524992e-05,1.3962499e-05,1.415e-05,1.4129162e-05,1.6112495e-05,1.5229161e-05,1.2491663e-05,9.49583e-06
0,982,816.28,0.036,1.499583e-05,1.5212496e-05,1.4999993e-05,1.5195831e-05,1.1816661e-05,1.2591664e-05,1.2279161e-05,1.2991659e-05,1.454583e-05,1.3979165e-05,1.4166665e-05,1.4154164e-05,1.6129159e-05,1.5245827e-05,1.2516665e-05,9.512496e-06
0,983,816.431,0.034,1.5020832e-05,1.5241662e-05,1.502916e-05,1.5224997e-05,1.1854164e-05,1.2633332e-05,1.2320828e-05,1.3037499e-05,1.4579161e-05,1.4012496e-05,1.4199996e-05,1.4187495e-05,1.6162499e-05,1.5279165e-05,1.2558333e-05,9.537498e-06
0,984,816.582,0.032,1.5049998e-05,1.5266665e-05,1.5054163e-05,1.5245827e-05,1.1879166e-05,1.2662498e-05,1.2349995e-05,1.3066665e-05,1.4608328e-05,1.4037498e-05,1.4229163e-05,1.4216662e-05,1.6183329e-05,1.530416e-05,1.2583328e-05,9.549999e-06
0,985,816.733,0.03,1.5070827e-05,1.5295831e-05,1.5083328e-05,1.5279165e-05,1.1916662e-05,1.2699993e-05,1.2395827e-05,1.3108333e-05,1.4637494e-05,1.4066664e-05,1.4262493e-05,1.4249992e-05,1.6212494e-05,1.5329162e-05,1.2616666e-05,9.574994e-06
0,986,816.884,0.028,1.5104159e-05,1.5320826e-05,1.5108331e-05,1.5299996e-05,1.1945828e-05,1.2733332e-05,1.2424994e-05,1.3141664e-05,1.4662496e-05,1.4095831e-05,1.4287496e-05,1.427083e-05,1.622916e-05,1.5349991e-05,1.2645833e-05,9.587495e-06
0,987,817.035,0.026,1.5124997e-05,1.5349991e-05,1.5137498e-05,1.5329162e-05,1.1987496e-05,1.2770827e-05,1.2470826e-05,1.3179159e-05,1.4695827e-05,1.4124998e-05,1.4316663e-05,1.4308325e-05,1.6258327e-05,1.5374993e-05,1.2683328e-05,9.616661e-06
0,988,817.185,0.024,1.5158327e-05,1.537083e-05,1.5166665e-05,1.5354164e-05,1.2016662e-05,1.2804167e-05,1.2495828e-05,1.3212498e-05,1.4716665e-05,1.4145828e-05,1.4337492e-05,1.4329164e-05,1.6279166e-05,1.5395832e-05,1.2704166e-05,9.629162e-06
0,989,817.336,0.022,1.5179166e-05,1.5404161e-05,1.5187494e-05,1.5383332e-05,1.2049993e-05,1.2837498e-05,1.2537495e-05,1.3254165e-05,1.4749996e-05,1.4174994e-05,1.4370831e-05,1.4362494e-05,1.6308331e-05,1.5424999e-05,1.2737497e-05,9.654164e-06
0,990,817.487,0.02,1.5208332e-05,1.5429163e-05,1.521666e-05,1.5408334e-05,1.2079159e-05,1.2870828e-05,1.2566662e-05,1.3283332e-05,1.4774998e-05,1.420416e-05,1.439166e-05,1.4387496e-05,1.6333326e-05,1.5441665e-05,1.2766664e-05,9.67083e-06
0,991,817.638,0.018,1.5233326e-05,1.545833e-05,1.525e-05,1.5433327e-05,1.2112499e-05,1.2908332e-05,1.260833e-05,1.3329164e-05,1.4808329e-05,1.4233327e-05,1.4425e-05,1.4425e-05,1.6362492e-05,1.5466667e-05,1.2799994e-05,9.695832e-06
0,992,817.789,0.016,1.5262493e-05,1.547916e-05,1.5270829e-05,1.545833e-05,1.2141665e-05,1.2937498e-05,1.2641661e-05,1.3358331e-05,1.4829159e-05,1.4254165e-05,1.4449994e-05,1.4445829e-05,1.638333e-05,1.549166e-05,1.2820832e-05,9.708333e-06
0,993,817.94,0.014,1.5287495e-05,1.5508325e-05,1.5295831e-05,1.5487496e-05,1.217916e-05,1.2979166e-05,1.2679164e-05,1.3399998e-05,1.4862498e-05,1.4287496e-05,1.4483333e-05,1.447916e-05,1.6412496e-05,1.5520827e-05,1.28625e-05,9.729163e-06
0,994,818.091,0.012,1.5316662e-05,1.5537493e-05,1.5324998e-05,1.5512498e-05,1.2208327e-05,1.3008333e-05,1.270833e-05,1.3429165e-05,1.48875e-05,1.4312498e-05,1.4504162e-05,1.4504162e-05,1.6433327e-05,1.5533327e-05,1.2883329e-05,9.749992e-06
0,995,818.241,0.01,1.5337499e-05,1.5566658e-05,1.5349991e-05,1.5541666e-05,1.224583e-05,1.3041663e-05,1.2754163e-05,1.3470833e-05,1.4920831e-05,1.4337492e-05,1.4533329e-05,1.4537493e-05,1.6462493e-05,1.5562495e-05,1.291666e-05,9.770831e-06
0,996,818.392,0.008,1.5366666e-05,1.5587497e-05,1.5379166e-05,1.5566658e-05,1.2274996e-05,1.3074994e-05,1.2779165e-05,1.3499999e-05,1.4941661e-05,1.4366667e-05,1.4558331e-05,1.4558331e-05,1.6479167e-05,1.557916e-05,1.2941662e-05,9.783332e-06
0,997,818.543,0.006,1.5391659e-05,1.5616662e-05,1.5404161e-05,1.5587497e-05,1.23125e-05,1.3112497e-05,1.2820832e-05,1.3545831e-05,1.4974999e-05,1.4395833e-05,1.4587497e-05,1.4595827e-05,1.6508333e-05,1.5608326e-05,1.2979166e-05,9.808326e-06
0,998,818.694,0.004,1.5420826e-05,1.5641666e-05,1.5429163e-05,1.5612499e-05,1.2337494e-05,1.3141664e-05,1.2849999e-05,1.3570825e-05,1.4999993e-05,1.4412499e-05,1.46125e-05,1.4616664e-05,1.6524999e-05,1.5624992e-05,1.2999995e-05,9.824999e-06
0,999,818.845,0.002,1.5441665e-05,1.5666659e-05,1.5454165e-05,1.5637494e-05,1.2370832e-05,1.3179159e-05,1.2887494e-05,1.3616665e-05,1.502916e-05,1.4445829e-05,1.4645831e-05,1.4645831e-05,1.655833e-05,1.565833e-05,1.3037499e-05,9.845829e-06
0,1000,818.996,0.0,1.547083e-05,1.5691661e-05,1.547916e-05,1.5662496e-05,1.2404163e-05,1.3208326e-05,1.2920833e-05,1.3645832e-05,1.5058326e-05,1.4470832e-05,1.4666661e-05,1.4674997e-05,1.6579159e-05,1.5670832e-05,1.3058328e-05,9.862494e-06
,,,,,,,,,,,,,,,,,,,,0,0.562,0.568,0.57,0.578,0.43,0.442,0.438,0.442,0.528,0.52,0.524,0.504,0.574,0.578,0.434,0.552,0.57,0.57,0.566,0.582,0.488,0.504,0.492,0.5,0.554,0.538,0.548,0.532,0.592,0.594,0.438,0.57
1,0,819.317,0.0,1.5487496e-05,1.5704163e-05,1.5487496e-05,1.5666659e-05,1.2404163e-05,1.3216662e-05,1.2924997e-05,1.3649996e-05,1.5058326e-05,1.4474996e-05,1.4670833e-05,1.4670833e-05,1.6579159e-05,1.5674996e-05,1.3062493e-05,9.866659e-06
1,1,819.467,0.002,1.5483332e-05,1.5691661e-05,1.5474994e-05,1.5654166e-05,1.2383326e-05,1.319166e-05,1.2904159e-05,1.3624994e-05,1.5033333e-05,1.4449994e-05,1.4645831e-05,1.4645831e-05,1.655833e-05,1.5654166e-05,1.3033326e-05,9.849993e-06
1,2,819.618,0.004,1.545833e-05,1.5662496e-05,1.5449992e-05,1.5629164e-05,1.2349995e-05,1.3158329e-05,1.28625e-05,1.3583326e-05,1.4999993e-05,1.4416662e-05,1.4616664e-05,1.4608328e-05,1.6529162e-05,1.5629164e-05,1.2999995e-05,9.824999e-06
1,3,819.769,0.006,1.5437499e-05,1.5637494e-05,1.5424999e-05,1.5608326e-05,1.2320828e-05,1.3133327e-05,1.2837498e-05,1.355416e-05,1.4974999e-05,1.4395833e-05,1.4591662e-05,1.4579161e-05,1.650416e-05,1.5608326e-05,1.2974993e-05,9.808326e-06
1,4,819.92,0.008,1.5408334e-05,1.5608326e-05,1.5395832e-05,1.5574995e-05,1.2283325e-05,1.3095831e-05,1.2791666e-05,1.3508327e-05,1.4937496e-05,1.4362494e-05,1.4558331e-05,1.4537493e-05,1.6474994e-05,1.557916e-05,1.2933326e-05,9.783332e-06
1,5,820.071,0.01,1.5379166e-05,1.557916e-05,1.537083e-05,1.5549993e-05,1.2254159e-05,1.3062493e-05,1.2762499e-05,1.3479162e-05,1.4912494e-05,1.4333327e-05,1.4529164e-05,1.45125e-05,1.6454163e-05,1.5558329e-05,1.2908332e-05,9.770831e-06
1,6,820.222,0.012,1.5354164e-05,1.5549993e-05,1.5341664e-05,1.5520827e-05,1.2216663e-05,1.3029162e-05,1.2720831e-05,1.3437494e-05,1.4879163e-05,1.4304161e-05,1.4491661e-05,1.4474996e-05,1.6420834e-05,1.5533327e-05,1.2866664e-05,9.745829e-06
1,7,820.372,0.014,1.5329162e-05,1.5525e-05,1.5320826e-05,1.5495832e-05,1.2191661e-05,1.300416e-05,1.2691665e-05,1.3408328e-05,1.4849997e-05,1.4274994e-05,1.4470832e-05,1.4445829e-05,1.6399996e-05,1.5508325e-05,1.2841661e-05,9.724999e-06
1,8,820.523,0.016,1.530416e-05,1.549166e-05,1.5287495e-05,1.5466667e-05,1.2145829e-05,1.2958328e-05,1.2645833e-05,1.3362495e-05,1.4812494e-05,1.4241664e-05,1.4433328e-05,1.4404161e-05,1.6366665e-05,1.5474994e-05,1.2804167e-05,9.704161e-06
1,9,820.674,0.018,1.5270829e-05,1.5466667e-05,1.5262493e-05,1.5441665e-05,1.2120827e-05,1.2933326e-05,1.2616666e-05,1.3333329e-05,1.4787499e-05,1.4216662e-05,1.4412499e-05,1.4374995e-05,1.6345826e-05,1.5462494e-05,1.2783329e-05,9.683331e-06
1,10,820.825,0.02,1.5245827e-05,1.5437499e-05,1.5233326e-05,1.5412497e-05,1.2083332e-05,1.2895831e-05,1.2570827e-05,1.3295826e-05,1.4749996e-05,1.4179166e-05,1.4370831e-05,1.4333327e-05,1.6312495e-05,1.5424999e-05,1.2737497e-05,9.662493e-06
1,11,820.976,0.022,1.521666e-05,1.5408334e-05,1.5208332e-05,1.5387495e-05,1.2049993e-05,1.2866664e-05,1.254166e-05,1.325833e-05,1.4720829e-05,1.4154164e-05,1.4349993e-05,1.4304161e-05,1.6287493e-05,1.5404161e-05,1.2712495e-05,9.645828e-06
1,12,821.127,0.024,1.5191667e-05,1.5379166e-05,1.5174993e-05,1.5354164e-05,1.2012498e-05,1.2820832e-05,1.2499992e-05,1.3212498e-05,1.4687498e-05,1.4124998e-05,1.4316663e-05,1.427083e-05,1.6258327e-05,1.5374993e-05,1.2670827e-05,9.620825e-06
1,13,821.278,0.026,1.5166665e-05,1.5354164e-05,1.5154163e-05,1.5333326e-05,1.1979158e-05,1.279583e-05,1.2466661e-05,1.3183331e-05,1.4662496e-05,1.4095831e-05,1.4287496e-05,1.4245828e-05,1.6237498e-05,1.5354164e-05,1.2645833e-05,9.60416e-06
1,14,821.428,0.028,1.5141662e-05,1.5329162e-05,1.5124997e-05,1.5308333e-05,1.1945828e-05,1.2758326e-05,1.2429166e-05,1.3141664e-05,1.4624993e-05,1.4062492e-05,1.4254165e-05,1.420416e-05,1.6199994e-05,1.5320826e-05,1.2604165e-05,9.579166e-06
1,15,821.579,0.03,1.5108331e-05,1.5295831e-05,1.509583e-05,1.5279165e-05,1.1912497e-05,1.2724996e-05,1.2395827e-05,1.3108333e-05,1.4595827e-05,1.4037498e-05,1.4229163e-05,1.4174994e-05,1.6174999e-05,1.5299996e-05,1.2579163e-05,9.554164e-06
1,16,821.73,0.032,1.5083328e-05,1.5266665e-05,1.5070827e-05,1.525e-05,1.1874994e-05,1.2687492e-05,1.2349995e-05,1.3066665e-05,1.4562495e-05,1.3999995e-05,1.4195832e-05,1.4137499e-05,1.6145825e-05,1.5270829e-05,1.254166e-05,9.533326e-06
1,17,821.881,0.034,1.5054163e-05,1.5241662e-05,1.5041661e-05,1.5224997e-05,1.1841663e-05,1.2658325e-05,1.2320828e-05,1.3033326e-05,1.4533329e-05,1.3974993e-05,1.4166665e-05,1.4112497e-05,1.6124995e-05,1.5245827e-05,1.2512493e-05,9.516661e-06
1,18,822.032,0.036,1.5033333e-05,1.5212496e-05,1.5012495e-05,1.5195831e-05,1.1799995e-05,1.2616666e-05,1.2274996e-05,1.2987494e-05,1.4495826e-05,1.3937497e-05,1.4129162e-05,1.4066664e-05,1.6087492e-05,1.5212496e-05,1.2470826e-05,9.487494e-06
1,19,822.183,0.038,1.4999993e-05,1.5183329e-05,1.4987492e-05,1.5174993e-05,1.1770829e-05,1.2583328e-05,1.2241666e-05,1.2954163e-05,1.4466659e-05,1.390833e-05,1.4099995e-05,1.4037498e-05,1.6062499e-05,1.5191667e-05,1.2441659e-05,9.470828e-06
1,20,822.333,0.04,1.4974999e-05,1.51625e-05,1.4962498e-05,1.5145826e-05,1.1745827e-05,1.2554161e-05,1.2212499e-05,1.2924997e-05,1.4441665e-05,1.3887493e-05,1.408333e-05,1.4012496e-05,1.604166e-05,1.5170828e-05,1.2416665e-05,9.449998e-06
1,21,822.484,0.042,1.4949997e-05,1.5133333e-05,1.4933332e-05,1.511666e-05,1.1699995e-05,1.2512493e-05,1.2170832e-05,1.2879165e-05,1.4408326e-05,1.3849997e-05,1.4045827e-05,1.3974993e-05,1.6012495e-05,1.5141662e-05,1.2370832e-05,9.424996e-06
1,22,822.635,0.044,1.4924995e-05,1.5104159e-05,1.490833e-05,1.5099994e-05,1.1674992e-05,1.2483327e-05,1.2137492e-05,1.2845826e-05,1.4379159e-05,1.3824995e-05,1.4020832e-05,1.3945826e-05,1.59875e-05,1.511666e-05,1.234583e-05,9.408331e-06
1,23,822.786,0.046,1.4895829e-05,1.5070827e-05,1.4879163e-05,1.5062499e-05,1.1633332e-05,1.2445831e-05,1.209166e-05,1.2804167e-05,1.4341665e-05,1.3791664e-05,1.3983329e-05,1.3904166e-05,1.5949996e-05,1.5087493e-05,1.2304163e-05,9.383329e-06
1,24,822.937,0.048,1.4862498e-05,1.5045825e-05,1.4849997e-05,1.5033333e-05,1.1604166e-05,1.2412493e-05,1.2062494e-05,1.2766664e-05,1.4312498e-05,1.3766662e-05,1.3954163e-05,1.3874999e-05,1.5929167e-05,1.5066664e-05,1.2274996e-05,9.366663e-06
1,25,823.088,0.05,1.4837496e-05,1.5020832e-05,1.482083e-05,1.5008331e-05,1.1566663e-05,1.2374997e-05,1.2020826e-05,1.272916e-05,1.4279159e-05,1.3733332e-05,1.3920831e-05,1.3837496e-05,1.5891663e-05,1.502916e-05,1.2233329e-05,9.337497e-06
1,26,823.238,0.052,1.4812494e-05,1.4987492e-05,1.4791663e-05,1.4979164e-05,1.1533331e-05,1.2341667e-05,1.1987496e-05,1.2691665e-05,1.4254165e-05,1.3704165e-05,1.3891665e-05,1.3812494e-05,1.5866661e-05,1.5004166e-05,1.2204162e-05,9.320831e-06
1,27,823.389,0.054,1.4779162e-05,1.4962498e-05,1.4762497e-05,1.4949997e-05,1.1491664e-05,1.2299998e-05,1.1941664e-05,1.2641661e-05,1.4212497e-05,1.3662498e-05,1.3854162e-05,1.3766662e-05,1.5837495e-05,1.4974999e-05,1.2162494e-05,9.291664e-06
1,28,823.54,0.056,1.475416e-05,1.4929159e-05,1.4737495e-05,1.4924995e-05,1.1462498e-05,1.226666e-05,1.1916662e-05,1.2612494e-05,1.4187495e-05,1.3645832e-05,1.3833332e-05,1.374166e-05,1.5812493e-05,1.4954162e-05,1.2137492e-05,9.275e-06
1,29,823.691,0.058,1.4729166e-05,1.4904165e-05,1.4712493e-05,1.4895829e-05,1.142083e-05,1.2229165e-05,1.1870829e-05,1.2566662e-05,1.4154164e-05,1.3608328e-05,1.3799993e-05,1.3704165e-05,1.5779162e-05,1.4920831e-05,1.2095833e-05,9.249997e-06
1,30,823.842,0.06,1.4699999e-05,1.4879163e-05,1.4687498e-05,1.4870827e-05,1.1391664e-05,1.2199998e-05,1.1833326e-05,1.2533331e-05,1.4120833e-05,1.3583326e-05,1.3770827e-05,1.3679162e-05,1.5758331e-05,1.4899992e-05,1.2070831e-05,9.233332e-06
1,31,823.993,0.062,1.4670833e-05,1.4845832e-05,1.465416e-05,1.484166e-05,1.1349996e-05,1.2158331e-05,1.1787494e-05,1.2487499e-05,1.4087494e-05,1.3545831e-05,1.3733332e-05,1.3637495e-05,1.5724992e-05,1.4866662e-05,1.2024999e-05,9.208329e-06
1,32,824.144,0.064,1.4641666e-05,1.482083e-05,1.4629165e-05,1.482083e-05,1.132083e-05,1.2129164e-05,1.1758328e-05,1.2458332e-05,1.4058328e-05,1.3524993e-05,1.3708329e-05,1.3612493e-05,1.5699998e-05,1.4845832e-05,1.1999997e-05,9.187492e-06
1,33,824.294,0.066,1.4616664e-05,1.4791663e-05,1.4599998e-05,1.4787499e-05,1.1279162e-05,1.2083332e-05,1.171666e-05,1.2412493e-05,1.4029161e-05,1.3483325e-05,1.3670826e-05,1.3570825e-05,1.5662496e-05,1.4816665e-05,1.1954165e-05,9.162498e-06
1,34,824.445,0.068,1.4587497e-05,1.4762497e-05,1.4574996e-05,1.4762497e-05,1.1254159e-05,1.2054165e-05,1.1683329e-05,1.2379161e-05,1.3999995e-05,1.3462496e-05,1.3645832e-05,1.3545831e-05,1.5641666e-05,1.4787499e-05,1.1929163e-05,9.145832e-06
1,35,824.596,0.07,1.4562495e-05,1.473333e-05,1.454583e-05,1.4737495e-05,1.1212492e-05,1.2012498e-05,1.1641661e-05,1.2333329e-05,1.3958327e-05,1.3424992e-05,1.3608328e-05,1.3504164e-05,1.5608326e-05,1.475416e-05,1.1887495e-05,9.116666e-06
1,36,824.747,0.072,1.4533329e-05,1.4708328e-05,1.4516663e-05,1.4712493e-05,1.1183325e-05,1.1983331e-05,1.160833e-05,1.2299998e-05,1.3937497e-05,1.3399998e-05,1.3583326e-05,1.3479162e-05,1.5583333e-05,1.4737495e-05,1.1858328e-05,9.099992e-06
1,37,824.898,0.074,1.45125e-05,1.4679162e-05,1.4487497e-05,1.4679162e-05,1.1141666e-05,1.1937499e-05,1.1562498e-05,1.2254159e-05,1.3895829e-05,1.3362495e-05,1.3549996e-05,1.3437494e-05,1.5549993e-05,1.4699999e-05,1.1812496e-05,9.074998e-06
1,38,825.049,0.076,1.4474996e-05,1.4649995e-05,1.4462495e-05,1.4658332e-05,1.1104163e-05,1.1908332e-05,1.1533331e-05,1.2220828e-05,1.3870827e-05,1.3337493e-05,1.3524993e-05,1.3416664e-05,1.5525e-05,1.4683326e-05,1.1787494e-05,9.058333e-06
1,39,825.199,0.078,1.4445829e-05,1.4620829e-05,1.4433328e-05,1.4624993e-05,1.1062495e-05,1.1866665e-05,1.1487492e-05,1.2174995e-05,1.3833332e-05,1.3304162e-05,1.3487498e-05,1.3370832e-05,1.5495832e-05,1.4645831e-05,1.1741662e-05,9.029166e-06
1,40,825.35,0.08,1.4420827e-05,1.4591662e-05,1.4408326e-05,1.4599998e-05,1.1037493e-05,1.1837498e-05,1.1454161e-05,1.2141665e-05,1.3804166e-05,1.3274996e-05,1.3458332e-05,1.3341665e-05,1.5466667e-05,1.4620829e-05,1.1712496e-05,9.012492e-06
1,41,825.501,0.082,1.4395833e-05,1.4558331e-05,1.4370831e-05,1.456666e-05,1.0991661e-05,1.1787494e-05,1.1404165e-05,1.2095833e-05,1.3762497e-05,1.3237493e-05,1.3429165e-05,1.3299998e-05,1.5429163e-05,1.4587497e-05,1.1670828e-05,8.983326e-06
1,42,825.652,0.084,1.435833e-05,1.4533329e-05,1.4345828e-05,1.454583e-05,1.0962494e-05,1.1758328e-05,1.1374998e-05,1.2062494e-05,1.374166e-05,1.3212498e-05,1.3395826e-05,1.3266659e-05,1.5408334e-05,1.4570832e-05,1.1637497e-05,8.962496e-06
1,43,825.803,0.086,1.4333327e-05,1.4504162e-05,1.4316663e-05,1.4508327e-05,1.0916662e-05,1.171666e-05,1.1324993e-05,1.2012498e-05,1.3704165e-05,1.3174995e-05,1.3362495e-05,1.3233328e-05,1.5374993e-05,1.4533329e-05,1.1599994e-05,8.937494e-06
1,44,825.954,0.088,1.4308325e-05,1.447916e-05,1.429166e-05,1.4487497e-05,1.0887496e-05,1.1683329e-05,1.1295827e-05,1.1979158e-05,1.3674999e-05,1.3149993e-05,1.3337493e-05,1.3208326e-05,1.5345828e-05,1.4508327e-05,1.1566663e-05,8.920829e-06
1,45,826.105,0.09,1.4274994e-05,1.4445829e-05,1.4262493e-05,1.445833e-05,1.0845828e-05,1.1641661e-05,1.1249996e-05,1.1929163e-05,1.3637495e-05,1.3116662e-05,1.3295826e-05,1.3162494e-05,1.5312497e-05,1.4474996e-05,1.152083e-05,8.891662e-06
1,46,826.255,0.092,1.4241664e-05,1.4412499e-05,1.4229163e-05,1.4429164e-05,1.0812497e-05,1.160833e-05,1.1216664e-05,1.1895831e-05,1.3608328e-05,1.308333e-05,1.3274996e-05,1.3137499e-05,1.5287495e-05,1.4449994e-05,1.1491664e-05,8.874997e-06
1,47,826.406,0.094,1.4216662e-05,1.4383332e-05,1.420416e-05,1.4399998e-05,1.0766666e-05,1.1562498e-05,1.116666e-05,1.1841663e-05,1.3570825e-05,1.3049992e-05,1.3233328e-05,1.3095831e-05,1.525e-05,1.4420827e-05,1.1449996e-05,8.84583e-06
1,48,826.557,0.096,1.4187495e-05,1.435833e-05,1.4174994e-05,1.4374995e-05,1.0737499e-05,1.152916e-05,1.1133329e-05,1.1816661e-05,1.3541659e-05,1.3024997e-05,1.3204161e-05,1.3070829e-05,1.5229161e-05,1.4395833e-05,1.142083e-05,8.824993e-06
1,49,826.708,0.098,1.4162492e-05,1.4337492e-05,1.4154164e-05,1.4354166e-05,1.0712496e-05,1.1499993e-05,1.1104163e-05,1.1779165e-05,1.3516665e-05,1.2999995e-05,1.3179159e-05,1.3041663e-05,1.5204159e-05,1.4370831e-05,1.1395828e-05,8.808327e-06
1,50,826.859,0.1,1.4137499e-05,1.4299997e-05,1.4120833e-05,1.4320826e-05,1.0666665e-05,1.1454161e-05,1.1054166e-05,1.1724997e-05,1.3479162e-05,1.2958328e-05,1.3145828e-05,1.2999995e-05,1.5166665e-05,1.4337492e-05,1.1341659e-05,8.783332e-06
1,51,827.01,0.102,1.410416e-05,1.4274994e-05,1.4091666e-05,1.429166e-05,1.0633325e-05,1.142083e-05,1.1020828e-05,1.169583e-05,1.3449995e-05,1.2933326e-05,1.3116662e-05,1.2974993e-05,1.5145826e-05,1.4316663e-05,1.1308328e-05,8.762495e-06
1,52,827.16,0.104,1.4079165e-05,1.4241664e-05,1.4058328e-05,1.4262493e-05,1.0587493e-05,1.1374998e-05,1.0970831e-05,1.1641661e-05,1.3408328e-05,1.2895831e-05,1.3079167e-05,1.2929161e-05,1.5104159e-05,1.4279159e-05,1.126666e-05,8.737493e-06
1,53,827.311,0.106,1.4045827e-05,1.4216662e-05,1.4033326e-05,1.4233327e-05,1.0554163e-05,1.1341659e-05,1.0937492e-05,1.160833e-05,1.3379161e-05,1.2870828e-05,1.3049992e-05,1.2899995e-05,1.5074992e-05,1.4249992e-05,1.1237494e-05,8.712498e-06
1,54,827.462,0.108,1.4012496e-05,1.4183331e-05,1.3999995e-05,1.420416e-05,1.0504166e-05,1.1291663e-05,1.0883331e-05,1.1554162e-05,1.3341665e-05,1.282916e-05,1.3012496e-05,1.2854163e-05,1.5041661e-05,1.4216662e-05,1.1187498e-05,8.683332e-06
1,55,827.613,0.11,1.3987494e-05,1.4154164e-05,1.3974993e-05,1.4174994e-05,1.0474992e-05,1.1262497e-05,1.0854164e-05,1.1516667e-05,1.3316663e-05,1.2799994e-05,1.2987494e-05,1.282916e-05,1.5012495e-05,1.4187495e-05,1.1154159e-05,8.666659e-06
1,56,827.764,0.112,1.3954163e-05,1.4116661e-05,1.3937497e-05,1.4141663e-05,1.0429159e-05,1.1208328e-05,1.0799996e-05,1.1466662e-05,1.3270831e-05,1.2762499e-05,1.2941662e-05,1.2779165e-05,1.4974999e-05,1.4154164e-05,1.1104163e-05,8.633328e-06
1,57,827.915,0.114,1.3924996e-05,1.4087494e-05,1.390833e-05,1.4112497e-05,1.0391665e-05,1.1174997e-05,1.0766666e-05,1.1429159e-05,1.3237493e-05,1.2733332e-05,1.291666e-05,1.2754163e-05,1.4945833e-05,1.4129162e-05,1.1070832e-05,8.620827e-06
1,58,828.065,0.116,1.3891665e-05,1.4054163e-05,1.3874999e-05,1.4079165e-05,1.0341661e-05,1.1124992e-05,1.0712496e-05,1.1374998e-05,1.3199997e-05,1.2695829e-05,1.2879165e-05,1.2712495e-05,1.490833e-05,1.4095831e-05,1.1024999e-05,8.587495e-06
1,59,828.216,0.118,1.3862498e-05,1.4024997e-05,1.3845834e-05,1.4054163e-05,1.0308329e-05,1.1091662e-05,1.0679166e-05,1.1337494e-05,1.317083e-05,1.2662498e-05,1.2849999e-05,1.2679164e-05,1.48875e-05,1.4066664e-05,1.0991661e-05,8.566665e-06
1,60,828.367,0.12,1.3824995e-05,1.3991666e-05,1.3812494e-05,1.401666e-05,1.0262497e-05,1.1041665e-05,1.0624997e-05,1.1287499e-05,1.3129163e-05,1.2620831e-05,1.2804167e-05,1.2633332e-05,1.4845832e-05,1.4033326e-05,1.0945829e-05,8.5375e-06
1,61,828.518,0.122,1.3795829e-05,1.3962499e-05,1.3783328e-05,1.3991666e-05,1.0224994e-05,1.1008327e-05,1.0591666e-05,1.1245831e-05,1.3095831e-05,1.2595829e-05,1.2774992e-05,1.2604165e-05,1.4816665e-05,1.3999995e-05,1.0908326e-05,8.512497e-06
1,62,828.669,0.124,1.3766662e-05,1.3924996e-05,1.3745833e-05,1.3954163e-05,1.0170826e-05,1.0954165e-05,1.0537497e-05,1.1191662e-05,1.3058328e-05,1.2554161e-05,1.2737497e-05,1.2558333e-05,1.4774998e-05,1.3962499e-05,1.0862494e-05,8.48333e-06
1,63,828.82,0.126,1.3733332e-05,1.3895829e-05,1.372083e-05,1.3924996e-05,1.0137494e-05,1.0916662e-05,1.049583e-05,1.1154159e-05,1.3020825e-05,1.2524994e-05,1.2704166e-05,1.2524994e-05,1.4745831e-05,1.3937497e-05,1.0824998e-05,8.462493e-06
1,64,828.971,0.128,1.3699992e-05,1.3858326e-05,1.3683327e-05,1.3895829e-05,1.0091662e-05,1.087083e-05,1.0445825e-05,1.1099998e-05,1.298333e-05,1.2487499e-05,1.2662498e-05,1.2479162e-05,1.4708328e-05,1.3904166e-05,1.0774994e-05,8.433326e-06
1,65,829.121,0.13,1.3666661e-05,1.3833332e-05,1.365416e-05,1.3866663e-05,1.0058331e-05,1.0829162e-05,1.040833e-05,1.1062495e-05,1.2954163e-05,1.2458332e-05,1.2641661e-05,1.245416e-05,1.4687498e-05,1.3879164e-05,1.0741663e-05,8.41666e-06
1,66,829.272,0.132,1.3641659e-05,1.3799993e-05,1.362083e-05,1.3833332e-05,1.00125e-05,1.078333e-05,1.0358325e-05,1.1008327e-05,1.2908332e-05,1.2412493e-05,1.2595829e-05,1.2408328e-05,1.4641666e-05,1.3837496e-05,1.0695831e-05,8.387494e-06
1,67,829.423,0.134,1.3604164e-05,1.3766662e-05,1.3587499e-05,1.3799993e-05,9.970832e-06,1.0745827e-05,1.032083e-05,1.0966659e-05,1.2883329e-05,1.2383326e-05,1.2566662e-05,1.2374997e-05,1.4616664e-05,1.3816659e-05,1.0658327e-05,8.366665e-06
1,68,829.574,0.136,1.3574998e-05,1.3733332e-05,1.355416e-05,1.3770827e-05,9.924992e-06,1.0695831e-05,1.0270826e-05,1.0912498e-05,1.2837498e-05,1.234583e-05,1.2524994e-05,1.2333329e-05,1.4579161e-05,1.3770827e-05,1.0604159e-05,8.333325e-06
1,69,829.725,0.138,1.3537494e-05,1.3699992e-05,1.3529166e-05,1.374166e-05,9.891661e-06,1.0662492e-05,1.0233331e-05,1.0874995e-05,1.2808331e-05,1.23125e-05,1.2495828e-05,1.2299998e-05,1.4558331e-05,1.3749996e-05,1.0574992e-05,8.312496e-06
1,70,829.876,0.14,1.3508327e-05,1.3670826e-05,1.3491663e-05,1.3708329e-05,9.837492e-06,1.0608332e-05,1.0179162e-05,1.0820826e-05,1.2762499e-05,1.2279161e-05,1.2458332e-05,1.2258331e-05,1.45125e-05,1.3708329e-05,1.0520832e-05,8.283329e-06
1,71,830.026,0.142,1.3474997e-05,1.3637495e-05,1.3462496e-05,1.3679162e-05,9.804161e-06,1.0570828e-05,1.0141659e-05,1.078333e-05,1.2733332e-05,1.2249994e-05,1.2429166e-05,1.2220828e-05,1.4483333e-05,1.3683327e-05,1.0491665e-05,8.262499e-06
1,72,830.177,0.144,1.3445831e-05,1.3604164e-05,1.3429165e-05,1.3645832e-05,9.754165e-06,1.0520832e-05,1.0087498e-05,1.0720825e-05,1.2691665e-05,1.2204162e-05,1.2383326e-05,1.2174995e-05,1.4441665e-05,1.3649996e-05,1.0433332e-05,8.233333e-06
1,73,830.328,0.146,1.3412499e-05,1.3574998e-05,1.3399998e-05,1.3612493e-05,9.712498e-06,1.0479164e-05,1.004583e-05,1.0679166e-05,1.2654162e-05,1.2170832e-05,1.2354159e-05,1.2141665e-05,1.4412499e-05,1.362083e-05,1.0399994e-05,8.208331e-06
1,74,830.479,0.148,1.3379161e-05,1.353333e-05,1.3362495e-05,1.3579162e-05,9.662493e-06,1.0424996e-05,9.991661e-06,1.0620833e-05,1.2612494e-05,1.2129164e-05,1.2308327e-05,1.2095833e-05,1.4370831e-05,1.3579162e-05,1.0345832e-05,8.183329e-06
1,75,830.63,0.15,1.3341665e-05,1.3499999e-05,1.3329164e-05,1.3549996e-05,9.624998e-06,1.0391665e-05,9.954158e-06,1.0587493e-05,1.2583328e-05,1.2099998e-05,1.2283325e-05,1.2066666e-05,1.4345828e-05,1.355416e-05,1.0312494e-05,8.158326e-06
1,76,830.781,0.152,1.3316663e-05,1.3474997e-05,1.3304162e-05,1.3524993e-05,9.591659e-06,1.0354162e-05,9.916663e-06,1.0545826e-05,1.2549996e-05,1.2070831e-05,1.2249994e-05,1.20375e-05,1.4316663e-05,1.3524993e-05,1.0279163e-05,8.137496e-06
1,77,830.932,0.154,1.3287497e-05,1.3441666e-05,1.3266659e-05,1.3487498e-05,9.537498e-06,1.0299993e-05,9.85833e-06,1.0483329e-05,1.2508329e-05,1.2029163e-05,1.2208327e-05,1.1983331e-05,1.4274994e-05,1.3487498e-05,1.022083e-05,8.10833e-06
1,78,831.082,0.156,1.3249994e-05,1.3408328e-05,1.3237493e-05,1.3462496e-05,9.50416e-06,1.0262497e-05,9.824999e-06,1.0449998e-05,1.2474998e-05,1.1999997e-05,1.217916e-05,1.1954165e-05,1.4249992e-05,1.3462496e-05,1.0191663e-05,8.087492e-06
1,79,831.233,0.158,1.3220827e-05,1.3379161e-05,1.3195832e-05,1.3420829e-05,9.445826e-06,1.0208329e-05,9.766666e-06,1.0391665e-05,1.2429166e-05,1.1958329e-05,1.2137492e-05,1.1908332e-05,1.420416e-05,1.3420829e-05,1.0137494e-05,8.054161e-06
1,80,831.384,0.16,1.3183331e-05,1.3341665e-05,1.3174995e-05,1.3395826e-05,9.408331e-06,1.0170826e-05,9.724999e-06,1.0345832e-05,1.2399999e-05,1.1924998e-05,1.2099998e-05,1.1874994e-05,1.4174994e-05,1.3395826e-05,1.0099999e-05,8.029159e-06
1,81,831.535,0.162,1.3154165e-05,1.3308327e-05,1.3137499e-05,1.3358331e-05,9.354162e-06,1.0112492e-05,9.67083e-06,1.0287499e-05,1.2354159e-05,1.188333e-05,1.2062494e-05,1.1829162e-05,1.4137499e-05,1.3354166e-05,1.004583e-05,8.004165e-06
1,82,831.686,0.164,1.3116662e-05,1.3270831e-05,1.3104161e-05,1.3329164e-05,9.316659e-06,1.0074997e-05,9.629162e-06,1.0245832e-05,1.2320828e-05,1.1854164e-05,1.2029163e-05,1.1799995e-05,1.4108332e-05,1.3329164e-05,1.0008327e-05,7.983327e-06
1,83,831.837,0.166,1.3079167e-05,1.3237493e-05,1.3070829e-05,1.3291661e-05,9.262498e-06,1.0020828e-05,9.574994e-06,1.0191663e-05,1.2279161e-05,1.1808332e-05,1.1987496e-05,1.1749999e-05,1.4066664e-05,1.3287497e-05,9.95833e-06,7.949996e-06
1,84,831.987,0.168,1.3049992e-05,1.3208326e-05,1.3041663e-05,1.3266659e-05,9.229159e-06,9.983333e-06,9.537498e-06,1.0149995e-05,1.224583e-05,1.1774993e-05,1.1958329e-05,1.1712496e-05,1.4037498e-05,1.3262495e-05,9.920827e-06,7.929166e-06
1,85,832.138,0.17,1.3016661e-05,1.317083e-05,1.2999995e-05,1.3224999e-05,9.170826e-06,9.924992e-06,9.474993e-06,1.0087498e-05,1.2195826e-05,1.1729161e-05,1.1908332e-05,1.1666663e-05,1.399583e-05,1.3216662e-05,9.85833e-06,7.895827e-06
1,86,832.289,0.172,1.2974993e-05,1.3133327e-05,1.2966665e-05,1.3195832e-05,9.133331e-06,9.883332e-06,9.437497e-06,1.004583e-05,1.2162494e-05,1.1699995e-05,1.1879166e-05,1.1633332e-05,1.3966664e-05,1.319166e-05,9.829164e-06,7.870825e-06
1,87,832.44,0.174,1.2949999e-05,1.3099996e-05,1.2929161e-05,1.3158329e-05,9.079162e-06,9.829164e-06,9.379164e-06,9.987497e-06,1.2120827e-05,1.1654162e-05,1.1833326e-05,1.1583328e-05,1.3920831e-05,1.3149993e-05,9.770831e-06,7.845831e-06
1,88,832.591,0.176,1.2912496e-05,1.3066665e-05,1.2899995e-05,1.3129163e-05,9.037494e-06,9.79166e-06,9.337497e-06,9.945829e-06,1.2083332e-05,1.162916e-05,1.1799995e-05,1.1554162e-05,1.3895829e-05,1.3124998e-05,9.733327e-06,7.820829e-06
1,89,832.742,0.178,1.2879165e-05,1.3033326e-05,1.2858327e-05,1.309166e-05,8.983326e-06,9.733327e-06,9.283328e-06,9.883332e-06,1.20375e-05,1.1579164e-05,1.1758328e-05,1.1499993e-05,1.3845834e-05,1.308333e-05,9.679158e-06,7.791662e-06
1,90,832.892,0.18,1.2837498e-05,1.2999995e-05,1.282916e-05,1.3066665e-05,8.941666e-06,9.695832e-06,9.24166e-06,9.841665e-06,1.200416e-05,1.1549997e-05,1.1729161e-05,1.1466662e-05,1.3820831e-05,1.3054164e-05,9.641663e-06,7.76666e-06
1,91,833.043,0.182,1.2808331e-05,1.2962492e-05,1.279583e-05,1.3024997e-05,8.887498e-06,9.637499e-06,9.183327e-06,9.779159e-06,1.1962493e-05,1.1504166e-05,1.1679164e-05,1.1416666e-05,1.3774999e-05,1.3016661e-05,9.587495e-06,7.733329e-06
1,92,833.194,0.184,1.2774992e-05,1.2929161e-05,1.2762499e-05,1.2995831e-05,8.849995e-06,9.595831e-06,9.14166e-06,9.7375e-06,1.1924998e-05,1.1466662e-05,1.1645826e-05,1.1379162e-05,1.3749996e-05,1.2987494e-05,9.545827e-06,7.716663e-06
1,93,833.345,0.186,1.2737497e-05,1.2887494e-05,1.2720831e-05,1.2958328e-05,8.791661e-06,9.537498e-06,9.083326e-06,9.674995e-06,1.1879166e-05,1.1424994e-05,1.1599994e-05,1.1329166e-05,1.3708329e-05,1.2949999e-05,9.491666e-06,7.683333e-06
1,94,833.496,0.188,1.2699993e-05,1.2858327e-05,1.2691665e-05,1.2929161e-05,8.749994e-06,9.499995e-06,9.041659e-06,9.633327e-06,1.1845827e-05,1.1395828e-05,1.1570827e-05,1.13e-05,1.3679162e-05,1.291666e-05,9.458327e-06,7.662495e-06
1,95,833.647,0.19,1.2666663e-05,1.2816659e-05,1.2649997e-05,1.2887494e-05,8.691661e-06,9.437497e-06,8.979162e-06,9.570829e-06,1.1799995e-05,1.1345832e-05,1.152083e-05,1.1245831e-05,1.3633331e-05,1.2874993e-05,9.39583e-06,7.629164e-06
1,96,833.798,0.192,1.2629159e-05,1.2779165e-05,1.2616666e-05,1.2854163e-05,8.649993e-06,9.39583e-06,8.941666e-06,9.524997e-06,1.1762492e-05,1.1312492e-05,1.1495828e-05,1.1212492e-05,1.3604164e-05,1.2845826e-05,9.358327e-06,7.604162e-06
1,97,833.948,0.194,1.2587499e-05,1.2745825e-05,1.2579163e-05,1.2816659e-05,8.59166e-06,9.333332e-06,8.879161e-06,9.462499e-06,1.1708331e-05,1.1262497e-05,1.144166e-05,1.1162496e-05,1.3558332e-05,1.2804167e-05,9.299994e-06,7.574995e-06
1,98,834.099,0.196,1.2554161e-05,1.270833e-05,1.2549996e-05,1.2783329e-05,8.554164e-06,9.295829e-06,8.837494e-06,9.420832e-06,1.1679164e-05,1.123333e-05,1.1412493e-05,1.1124992e-05,1.3529166e-05,1.2774992e-05,9.262498e-06,7.554166e-06
1,99,834.25,0.198,1.2524994e-05,1.2674999e-05,1.2508329e-05,1.2749998e-05,8.491659e-06,9.233332e-06,8.770831e-06,9.354162e-06,1.162916e-05,1.1183325e-05,1.1358333e-05,1.1074996e-05,1.3483325e-05,1.2733332e-05,9.204166e-06,7.512498e-06
1,100,834.401,0.2,1.2487499e-05,1.2641661e-05,1.2479162e-05,1.2716659e-05,8.454163e-06,9.191665e-06,8.733328e-06,9.312495e-06,1.1595829e-05,1.1154159e-05,1.1329166e-05,1.1041665e-05,1.3449995e-05,1.270833e-05,9.166662e-06,7.499997e-06
1,101,834.552,0.202,1.2449996e-05,1.2599993e-05,1.243333e-05,1.2674999e-05,8.391658e-06,9.133331e-06,8.670831e-06,9.245833e-06,1.1541661e-05,1.1104163e-05,1.1279162e-05,1.0987496e-05,1.3404163e-05,1.2662498e-05,9.104165e-06,7.462494e-06
1,102,834.703,0.204,1.2412493e-05,1.2566662e-05,1.2404163e-05,1.2645833e-05,8.354164e-06,9.091664e-06,8.633328e-06,9.204166e-06,1.1512494e-05,1.1074996e-05,1.1249996e-05,1.0954165e-05,1.3379161e-05,1.2633332e-05,9.066661e-06,7.441664e-06
1,103,834.853,0.206,1.2387498e-05,1.254166e-05,1.2374997e-05,1.2620831e-05,8.31666e-06,9.05416e-06,8.59166e-06,9.162498e-06,1.1479163e-05,1.1037493e-05,1.1216664e-05,1.0916662e-05,1.334583e-05,1.2604165e-05,9.029166e-06,7.420826e-06
1,104,835.004,0.208,1.234583e-05,1.2495828e-05,1.2333329e-05,1.2574998e-05,8.258326e-06,8.987498e-06,8.533327e-06,9.095827e-06,1.1429159e-05,1.0991661e-05,1.1170832e-05,1.0862494e-05,1.3304162e-05,1.2562497e-05,8.970833e-06,7.387495e-06
1,105,835.155,0.21,1.23125e-05,1.2462497e-05,1.2304163e-05,1.2549996e-05,8.212495e-06,8.954159e-06,8.491659e-06,9.05416e-06,1.1395828e-05,1.0962494e-05,1.1137494e-05,1.0829162e-05,1.3270831e-05,1.2537495e-05,8.93333e-06,7.362493e-06
1,106,835.306,0.212,1.2279161e-05,1.2424994e-05,1.2262495e-05,1.2508329e-05,8.154162e-06,8.887498e-06,8.424998e-06,8.987498e-06,1.1345832e-05,1.0912498e-05,1.1087497e-05,1.0774994e-05,1.3229163e-05,1.2491663e-05,8.870832e-06,7.333326e-06
1,107,835.457,0.214,1.2237493e-05,1.2391662e-05,1.2229165e-05,1.2479162e-05,8.116658e-06,8.84583e-06,8.383329e-06,8.945831e-06,1.1308328e-05,1.0874995e-05,1.1054166e-05,1.0737499e-05,1.3195832e-05,1.2462497e-05,8.833329e-06,7.312497e-06
1,108,835.608,0.216,1.2204162e-05,1.2349995e-05,1.2187496e-05,1.2437495e-05,8.058326e-06,8.783332e-06,8.324997e-06,8.879161e-06,1.1258332e-05,1.0824998e-05,1.1004162e-05,1.0687494e-05,1.3154165e-05,1.2420829e-05,8.770831e-06,7.274993e-06
1,109,835.759,0.218,1.2162494e-05,1.23125e-05,1.2154166e-05,1.2404163e-05,8.016666e-06,8.741665e-06,8.279165e-06,8.833329e-06,1.1224993e-05,1.0795831e-05,1.0970831e-05,1.0649999e-05,1.3124998e-05,1.2399999e-05,8.737493e-06,7.254163e-06
1,110,835.909,0.22,1.2129164e-05,1.2274996e-05,1.2112499e-05,1.236666e-05,7.954161e-06,8.683332e-06,8.216659e-06,8.766659e-06,1.1174997e-05,1.0745827e-05,1.0924999e-05,1.0595831e-05,1.3074994e-05,1.2354159e-05,8.674995e-06,7.224997e-06
1,111,836.06,0.222,1.209166e-05,1.2241666e-05,1.2079159e-05,1.2333329e-05,7.912493e-06,8.637492e-06,8.179164e-06,8.724999e-06,1.1137494e-05,1.0712496e-05,1.089166e-05,1.0562499e-05,1.3045827e-05,1.2320828e-05,8.633328e-06,7.199995e-06
1,112,836.211,0.224,1.2054165e-05,1.2204162e-05,1.20375e-05,1.2295826e-05,7.85416e-06,8.574994e-06,8.112494e-06,8.65833e-06,1.1087497e-05,1.0662492e-05,1.0837499e-05,1.0508331e-05,1.2999995e-05,1.2279161e-05,8.574994e-06,7.166664e-06
1,113,836.362,0.226,1.2012498e-05,1.2166659e-05,1.200416e-05,1.2258331e-05,7.808328e-06,8.529162e-06,8.070827e-06,8.612497e-06,1.1049994e-05,1.0629161e-05,1.080416e-05,1.0470828e-05,1.2966665e-05,1.2249994e-05,8.533327e-06,7.145826e-06
1,114,836.513,0.228,1.1979158e-05,1.2125e-05,1.1958329e-05,1.2216663e-05,7.74583e-06,8.466665e-06,8.004165e-06,8.541663e-06,1.0995833e-05,1.0574992e-05,1.075e-05,1.0412495e-05,1.2924997e-05,1.2204162e-05,8.470829e-06,7.112495e-06
1,115,836.664,0.23,1.1941664e-05,1.2087497e-05,1.1933326e-05,1.2187496e-05,7.708327e-06,8.429161e-06,7.966662e-06,8.50416e-06,1.0962494e-05,1.0541661e-05,1.0720825e-05,1.0379164e-05,1.2895831e-05,1.2174995e-05,8.433326e-06,7.091665e-06
1,116,836.814,0.232,1.1904161e-05,1.2049993e-05,1.1887495e-05,1.2145829e-05,7.645829e-06,8.362492e-06,7.899992e-06,8.433326e-06,1.0908326e-05,1.0491665e-05,1.0666665e-05,1.032916e-05,1.2845826e-05,1.2133328e-05,8.370828e-06,7.058326e-06
1,117,836.965,0.234,1.1862493e-05,1.2012498e-05,1.1854164e-05,1.2112499e-05,7.604162e-06,8.31666e-06,7.858332e-06,8.383329e-06,1.087083e-05,1.0454162e-05,1.0633325e-05,1.0287499e-05,1.2812495e-05,1.2099998e-05,8.329161e-06,7.033332e-06
1,118,837.116,0.236,1.1824997e-05,1.197083e-05,1.1808332e-05,1.2070831e-05,7.537492e-06,8.254163e-06,7.791662e-06,8.31666e-06,1.0816661e-05,1.0404166e-05,1.0579165e-05,1.0229166e-05,1.2766664e-05,1.2054165e-05,8.266664e-06,6.995829e-06
1,119,837.267,0.238,1.1787494e-05,1.1937499e-05,1.1774993e-05,1.20375e-05,7.495833e-06,8.208331e-06,7.749994e-06,8.274992e-06,1.0779167e-05,1.0370827e-05,1.0545826e-05,1.0191663e-05,1.2733332e-05,1.2024999e-05,8.224996e-06,6.979164e-06
1,120,837.418,0.24,1.1745827e-05,1.1891659e-05,1.1729161e-05,1.1991659e-05,7.433327e-06,8.141661e-06,7.683333e-06,8.208331e-06,1.0724997e-05,1.0316666e-05,1.0487493e-05,1.0129165e-05,1.2687492e-05,1.1979158e-05,8.162498e-06,6.94166e-06
1,121,837.569,0.242,1.1708331e-05,1.1858328e-05,1.169583e-05,1.1954165e-05,7.391659e-06,8.095829e-06,7.637493e-06,8.158326e-06,1.0687494e-05,1.0283327e-05,1.0454162e-05,1.0095827e-05,1.2654162e-05,1.1949992e-05,8.116658e-06,6.92083e-06
1,122,837.719,0.244,1.1670828e-05,1.1812496e-05,1.1649998e-05,1.1916662e-05,7.329162e-06,8.029159e-06,7.57916e-06,8.087492e-06,1.0633325e-05,1.0224994e-05,1.0404166e-05,1.0037494e-05,1.260833e-05,1.1904161e-05,8.054161e-06,6.883327e-06
1,123,837.87,0.246,1.162916e-05,1.1774993e-05,1.1616659e-05,1.1879166e-05,7.28333e-06,7.987499e-06,7.533328e-06,8.04166e-06,1.0595831e-05,1.0187498e-05,1.0366663e-05,9.995826e-06,1.2574998e-05,1.1870829e-05,8.016666e-06,6.862497e-06
1,124,838.021,0.248,1.1587493e-05,1.1733326e-05,1.1575e-05,1.1833326e-05,7.220833e-06,7.924994e-06,7.466666e-06,7.974998e-06,1.0541661e-05,1.0137494e-05,1.0312494e-05,9.941666e-06,1.2524994e-05,1.1824997e-05,7.949996e-06,6.829158e-06
1,125,838.172,0.25,1.1549997e-05,1.169583e-05,1.1537496e-05,1.180416e-05,7.174993e-06,7.879162e-06,7.420826e-06,7.929166e-06,1.0504166e-05,1.0104163e-05,1.0279163e-05,9.904162e-06,1.2495828e-05,1.1795831e-05,7.908328e-06,6.804164e-06
1,126,838.323,0.252,1.1508329e-05,1.1654162e-05,1.1491664e-05,1.1758328e-05,7.112495e-06,7.808328e-06,7.358328e-06,7.858332e-06,1.0445825e-05,1.004583e-05,1.022083e-05,9.841665e-06,1.2445831e-05,1.1749999e-05,7.841659e-06,6.766661e-06
1,127,838.474,0.254,1.1462498e-05,1.1612495e-05,1.1454161e-05,1.1724997e-05,7.062499e-06,7.762495e-06,7.312497e-06,7.808328e-06,1.0404166e-05,1.0008327e-05,1.0183327e-05,9.799997e-06,1.2408328e-05,1.171666e-05,7.799999e-06,6.741659e-06
1,128,838.625,0.256,1.142083e-05,1.1566663e-05,1.1408329e-05,1.1679164e-05,6.995829e-06,7.695826e-06,7.245827e-06,7.737493e-06,1.0349997e-05,9.949994e-06,1.0124993e-05,9.7375e-06,1.2354159e-05,1.1670828e-05,7.729165e-06,6.708328e-06
1,129,838.775,0.258,1.1379162e-05,1.1524995e-05,1.1370826e-05,1.1641661e-05,6.954161e-06,7.645829e-06,7.199995e-06,7.691661e-06,1.0304165e-05,9.908326e-06,1.0087498e-05,9.695832e-06,1.2324993e-05,1.1637497e-05,7.683333e-06,6.683326e-06
1,130,838.926,0.26,1.1345832e-05,1.1491664e-05,1.1333331e-05,1.1612495e-05,6.908329e-06,7.604162e-06,7.154163e-06,7.645829e-06,1.0266662e-05,9.87916e-06,1.0049995e-05,9.662493e-06,1.2291662e-05,1.1604166e-05,7.645829e-06,6.658332e-06
1,131,839.077,0.262,1.1304164e-05,1.1445833e-05,1.1291663e-05,1.1566663e-05,6.837495e-06,7.529163e-06,7.083328e-06,7.570831e-06,1.0208329e-05,9.816663e-06,9.991661e-06,9.595831e-06,1.2237493e-05,1.1554162e-05,7.574995e-06,6.616664e-06
1,132,839.228,0.264,1.1258332e-05,1.1404165e-05,1.1245831e-05,1.1524995e-05,6.795828e-06,7.483332e-06,7.037497e-06,7.520827e-06,1.0166661e-05,9.774994e-06,9.95833e-06,9.549999e-06,1.2204162e-05,1.152083e-05,7.524999e-06,6.595826e-06
1,133,839.379,0.266,1.1216664e-05,1.1358333e-05,1.1199999e-05,1.1474999e-05,6.73333e-06,7.412497e-06,6.970827e-06,7.449993e-06,1.0112492e-05,9.716662e-06,9.895825e-06,9.483329e-06,1.2149993e-05,1.1470826e-05,7.458329e-06,6.558331e-06
1,134,839.53,0.268,1.1170832e-05,1.1316665e-05,1.1162496e-05,1.144166e-05,6.683326e-06,7.366665e-06,6.92083e-06,7.399996e-06,1.0062496e-05,9.679158e-06,9.854166e-06,9.441662e-06,1.2112499e-05,1.1437495e-05,7.412497e-06,6.533329e-06
1,135,839.68,0.27,1.1129165e-05,1.1270833e-05,1.1108327e-05,1.1391664e-05,6.612492e-06,7.295831e-06,6.854161e-06,7.324998e-06,1.0004163e-05,9.616661e-06,9.799997e-06,9.379164e-06,1.2062494e-05,1.1387499e-05,7.341663e-06,6.495825e-06
1,136,839.831,0.272,1.1083333e-05,1.1229165e-05,1.1070832e-05,1.135416e-05,6.570832e-06,7.245827e-06,6.808329e-06,7.274993e-06,9.962495e-06,9.579166e-06,9.754165e-06,9.337497e-06,1.2024999e-05,1.1358333e-05,7.295831e-06,6.474996e-06
1,137,839.982,0.274,1.104583e-05,1.1179161e-05,1.1024999e-05,1.1304164e-05,6.499998e-06,7.174993e-06,6.737494e-06,7.199995e-06,9.895825e-06,9.516661e-06,9.691659e-06,9.270827e-06,1.197083e-05,1.1304164e-05,7.229161e-06,6.433328e-06
1,138,840.133,0.276,1.0995833e-05,1.1141666e-05,1.0983332e-05,1.1270833e-05,6.454166e-06,7.129161e-06,6.695827e-06,7.154163e-06,9.85833e-06,9.474993e-06,9.654164e-06,9.229159e-06,1.1937499e-05,1.1270833e-05,7.183329e-06,6.408326e-06
1,139,840.284,0.278,1.0954165e-05,1.1087497e-05,1.0933328e-05,1.1220829e-05,6.39166e-06,7.058326e-06,6.629165e-06,7.083328e-06,9.795833e-06,9.420832e-06,9.599996e-06,9.166662e-06,1.1887495e-05,1.1224993e-05,7.112495e-06,6.374995e-06
1,140,840.435,0.28,1.0908326e-05,1.1049994e-05,1.0895832e-05,1.1183325e-05,6.349993e-06,7.012494e-06,6.579161e-06,7.033332e-06,9.75833e-06,9.374992e-06,9.554164e-06,9.12083e-06,1.1854164e-05,1.1191662e-05,7.066663e-06,6.349993e-06
1,141,840.586,0.282,1.0862494e-05,1.0999997e-05,1.0841663e-05,1.1133329e-05,6.279159e-06,6.94166e-06,6.512499e-06,6.958326e-06,9.691659e-06,9.312495e-06,9.49583e-06,9.05416e-06,1.1795831e-05,1.1137494e-05,6.995829e-06,6.308325e-06
1,142,840.736,0.284,1.0816661e-05,1.0966659e-05,1.080416e-05,1.1095826e-05,6.237499e-06,6.895828e-06,6.470831e-06,6.912494e-06,9.649992e-06,9.275e-06,9.454163e-06,9.012492e-06,1.1758328e-05,1.1104163e-05,6.949997e-06,6.283331e-06
1,143,840.887,0.286,1.0770829e-05,1.0908326e-05,1.0758328e-05,1.104583e-05,6.166665e-06,6.82083e-06,6.399997e-06,6.833331e-06,9.58333e-06,9.208329e-06,9.391665e-06,8.941666e-06,1.1708331e-05,1.1049994e-05,6.874998e-06,6.249992e-06
1,144,841.038,0.288,1.0724997e-05,1.0866665e-05,1.0712496e-05,1.1004162e-05,6.120833e-06,6.774998e-06,6.354165e-06,6.787499e-06,9.541663e-06,9.166662e-06,9.349998e-06,8.895826e-06,1.1666663e-05,1.1012498e-05,6.829158e-06,6.220826e-06
1,145,841.189,0.29,1.0679166e-05,1.0816661e-05,1.0658327e-05,1.0954165e-05,6.045826e-06,6.699999e-06,6.283331e-06,6.716665e-06,9.474993e-06,9.104165e-06,9.287493e-06,8.829164e-06,1.160833e-05,1.095833e-05,6.75416e-06,6.179166e-06
1,146,841.34,0.292,1.0629161e-05,1.0774994e-05,1.0620833e-05,1.0916662e-05,6.008331e-06,6.654159e-06,6.241663e-06,6.66666e-06,9.437497e-06,9.062497e-06,9.245833e-06,8.787497e-06,1.1570827e-05,1.0924999e-05,6.712492e-06,6.158328e-06
1,147,841.491,0.294,1.058333e-05,1.0720825e-05,1.0562499e-05,1.0862494e-05,5.941661e-06,6.583325e-06,6.170829e-06,6.591662e-06,9.366663e-06,8.995827e-06,9.179163e-06,8.712498e-06,1.1512494e-05,1.087083e-05,6.637494e-06,6.112496e-06
1,148,841.641,0.296,1.052916e-05,1.0670828e-05,1.0520832e-05,1.0820826e-05,5.895829e-06,6.533329e-06,6.124997e-06,6.541665e-06,9.320831e-06,8.954159e-06,9.133331e-06,8.666659e-06,1.1474999e-05,1.0833327e-05,6.587497e-06,6.087494e-06
1,149,841.792,0.298,1.0487493e-05,1.0620833e-05,1.0466663e-05,1.0766666e-05,5.829159e-06,6.45833e-06,6.054163e-06,6.470831e-06,9.254161e-06,8.887498e-06,9.070825e-06,8.595832e-06,1.142083e-05,1.0779167e-05,6.512499e-06,6.049999e-06
1,150,841.943,0.3,1.0437497e-05,1.0579165e-05,1.0424996e-05,1.0729162e-05,5.787492e-06,6.416662e-06,6.012495e-06,6.424999e-06,9.212494e-06,8.841665e-06,9.033331e-06,8.549992e-06,1.1383327e-05,1.0745827e-05,6.466659e-06,6.024996e-06
1,151,842.094,0.302,1.0391665e-05,1.0524996e-05,1.0374999e-05,1.0670828e-05,5.72083e-06,6.341664e-06,5.945826e-06,6.345828e-06,9.145832e-06,8.77916e-06,8.962496e-06,8.48333e-06,1.1324993e-05,1.0691659e-05,6.395833e-06,5.983329e-06
1,152,842.245,0.304,1.0341661e-05,1.0483329e-05,1.0333331e-05,1.0637498e-05,5.679162e-06,6.295832e-06,5.904166e-06,6.299997e-06,9.099992e-06,8.733328e-06,8.920829e-06,8.437499e-06,1.1287499e-05,1.0654163e-05,6.345828e-06,5.958327e-06
1,153,842.396,0.306,1.0299993e-05,1.0433332e-05,1.0279163e-05,1.058333e-05,5.616665e-06,6.224998e-06,5.833332e-06,6.224998e-06,9.033331e-06,8.670831e-06,8.854158e-06,8.362492e-06,1.1224993e-05,1.0599994e-05,6.274994e-06,5.916659e-06
1,154,842.546,0.308,1.024166e-05,1.0387492e-05,1.0237495e-05,1.0541661e-05,5.570825e-06,6.18333e-06,5.795829e-06,6.18333e-06,8.991663e-06,8.624998e-06,8.808327e-06,8.31666e-06,1.1187498e-05,1.0566664e-05,6.229162e-06,5.891665e-06
1,155,842.697,0.31,1.0195828e-05,1.0333331e-05,1.0183327e-05,1.0491665e-05,5.508327e-06,6.112496e-06,5.729159e-06,6.112496e-06,8.920829e-06,8.558329e-06,8.745829e-06,8.249998e-06,1.1133329e-05,1.0512495e-05,6.158328e-06,5.849997e-06
1,156,842.848,0.312,1.015416e-05,1.0291664e-05,1.0137494e-05,1.0445825e-05,5.46666e-06,6.074993e-06,5.687499e-06,6.066664e-06,8.874997e-06,8.520826e-06,8.704162e-06,8.208331e-06,1.1095826e-05,1.0474992e-05,6.112496e-06,5.829159e-06
1,157,842.999,0.314,1.0099999e-05,1.0233331e-05,1.0083326e-05,1.0395829e-05,5.404162e-06,5.999994e-06,5.620829e-06,5.99583e-06,8.808327e-06,8.45e-06,8.641664e-06,8.12916e-06,1.1037493e-05,1.0416658e-05,6.033325e-06,5.787492e-06
1,158,843.15,0.316,1.0049995e-05,1.0187498e-05,1.0037494e-05,1.0354162e-05,5.366659e-06,5.954162e-06,5.583326e-06,5.954162e-06,8.762495e-06,8.404159e-06,8.59166e-06,8.083328e-06,1.0995833e-05,1.0383328e-05,5.991666e-06,5.758325e-06
1,159,843.301,0.318,1.0008327e-05,1.0149995e-05,9.999999e-06,1.0312494e-05,5.324991e-06,5.916659e-06,5.537494e-06,5.90833e-06,8.716663e-06,8.362492e-06,8.545828e-06,8.037496e-06,1.095833e-05,1.0341661e-05,5.941661e-06,5.733331e-06
1,160,843.452,0.32,9.95833e-06,1.0095827e-05,9.941666e-06,1.0258333e-05,5.25833e-06,5.837496e-06,5.470832e-06,5.833332e-06,8.645829e-06,8.287493e-06,8.474994e-06,7.962497e-06,1.089166e-05,1.0287499e-05,5.870827e-06,5.687499e-06
1,161,843.602,0.322,9.908326e-06,1.004583e-05,9.899998e-06,1.0212493e-05,5.220827e-06,5.799993e-06,5.433329e-06,5.787492e-06,8.599996e-06,8.245825e-06,8.433326e-06,7.912493e-06,1.0854164e-05,1.0245832e-05,5.820831e-06,5.662497e-06
1,162,843.753,0.324,9.854166e-06,9.991661e-06,9.837492e-06,1.0149995e-05,5.158329e-06,5.729159e-06,5.370831e-06,5.716666e-06,8.524998e-06,8.170828e-06,8.358327e-06,7.83333e-06,1.0791659e-05,1.0187498e-05,5.74166e-06,5.616665e-06
1,163,843.904,0.326,9.799997e-06,9.941666e-06,9.79166e-06,1.0108328e-05,5.124998e-06,5.687499e-06,5.333328e-06,5.674998e-06,8.474994e-06,8.12916e-06,8.312496e-06,7.787497e-06,1.075e-05,1.0149995e-05,5.695828e-06,5.591663e-06
1,164,844.055,0.328,9.745829e-06,9.883332e-06,9.733327e-06,1.0054159e-05,5.058328e-06,5.616665e-06,5.262494e-06,5.604164e-06,8.408332e-06,8.054161e-06,8.245825e-06,7.7125e-06,1.0687494e-05,1.0095827e-05,5.624994e-06,5.549995e-06
1,165,844.206,0.33,9.695832e-06,9.833328e-06,9.687496e-06,1.0008327e-05,5.020825e-06,5.579162e-06,5.229163e-06,5.562496e-06,8.358327e-06,8.004165e-06,8.199993e-06,7.666659e-06,1.0645826e-05,1.0054159e-05,5.579162e-06,5.516664e-06
1,166,844.357,0.332,9.645828e-06,9.774994e-06,9.624998e-06,9.945829e-06,4.966664e-06,5.512492e-06,5.166666e-06,5.495826e-06,8.287493e-06,7.93333e-06,8.124995e-06,7.591661e-06,1.058333e-05,9.991661e-06,5.504163e-06,5.479161e-06
1,167,844.507,0.334,9.591659e-06,9.729163e-06,9.58333e-06,9.904162e-06,4.933325e-06,5.470832e-06,5.129163e-06,5.454159e-06,8.237497e-06,7.887498e-06,8.083328e-06,7.541664e-06,1.0541661e-05,9.949994e-06,5.458331e-06,5.44583e-06
1,168,844.658,0.336,9.533326e-06,9.666665e-06,9.520832e-06,9.845829e-06,4.874993e-06,5.408327e-06,5.07083e-06,5.387497e-06,8.170828e-06,7.820829e-06,8.012494e-06,7.466666e-06,1.0479164e-05,9.895825e-06,5.387497e-06,5.404162e-06
1,169,844.809,0.338,9.483329e-06,9.620825e-06,9.479165e-06,9.804161e-06,4.845826e-06,5.366659e-06,5.033326e-06,5.349994e-06,8.116658e-06,7.770833e-06,7.962497e-06,7.416661e-06,1.0437497e-05,9.849993e-06,5.341665e-06,5.37916e-06
1,170,844.96,0.34,9.429161e-06,9.558328e-06,9.412495e-06,9.741664e-06,4.783328e-06,5.304162e-06,4.974993e-06,5.283332e-06,8.045832e-06,7.695826e-06,7.891663e-06,7.341663e-06,1.0370827e-05,9.795833e-06,5.266658e-06,5.333328e-06
1,171,845.111,0.342,9.379164e-06,9.516661e-06,9.366663e-06,9.699997e-06,4.754162e-06,5.266658e-06,4.941662e-06,5.245829e-06,7.995828e-06,7.654166e-06,7.845831e-06,7.291659e-06,1.032916e-05,9.754165e-06,5.224999e-06,5.308326e-06
1,172,845.262,0.344,9.320831e-06,9.454163e-06,9.304166e-06,9.637499e-06,4.699993e-06,5.204161e-06,4.887494e-06,5.179159e-06,7.924994e-06,7.57916e-06,7.774996e-06,7.21666e-06,1.0262497e-05,9.691659e-06,5.149992e-06,5.262494e-06
1,173,845.413,0.346,9.266662e-06,9.399994e-06,9.258326e-06,9.587495e-06,4.670826e-06,5.17083e-06,4.854162e-06,5.141664e-06,7.874997e-06,7.529163e-06,7.720828e-06,7.1625e-06,1.022083e-05,9.654164e-06,5.108333e-06,5.233328e-06
1,174,845.563,0.348,9.208329e-06,9.333332e-06,9.191665e-06,9.524997e-06,4.62083e-06,5.108333e-06,4.79583e-06,5.083331e-06,7.799999e-06,7.454165e-06,7.649994e-06,7.087493e-06,1.015416e-05,9.587495e-06,5.041663e-06,5.187495e-06
1,175,845.714,0.35,9.154161e-06,9.287493e-06,9.14166e-06,9.479165e-06,4.591664e-06,5.07083e-06,4.762499e-06,5.045827e-06,7.749994e-06,7.408333e-06,7.604162e-06,7.037497e-06,1.0108328e-05,9.545827e-06,4.995831e-06,5.162493e-06
1,176,845.865,0.352,9.095827e-06,9.224995e-06,9.079162e-06,9.41666e-06,4.54166e-06,5.016661e-06,4.712494e-06,4.979165e-06,7.674996e-06,7.329162e-06,7.529163e-06,6.954161e-06,1.0041666e-05,9.483329e-06,4.924997e-06,5.112497e-06
1,177,846.016,0.354,9.037494e-06,9.170826e-06,9.029166e-06,9.366663e-06,4.516665e-06,4.979165e-06,4.683327e-06,4.945827e-06,7.620828e-06,7.279165e-06,7.479159e-06,6.904165e-06,9.995826e-06,9.437497e-06,4.887494e-06,5.083331e-06
1,178,846.167,0.356,8.979162e-06,9.112493e-06,8.96666e-06,9.304166e-06,4.470825e-06,4.929161e-06,4.633331e-06,4.89583e-06,7.549993e-06,7.204159e-06,7.40416e-06,6.824994e-06,9.924992e-06,9.374992e-06,4.816659e-06,5.041663e-06
1,179,846.318,0.358,8.924992e-06,9.058333e-06,8.916664e-06,9.258326e-06,4.445831e-06,4.891666e-06,4.599992e-06,4.854162e-06,7.499997e-06,7.154163e-06,7.354164e-06,6.779162e-06,9.87916e-06,9.32916e-06,4.774992e-06,5.012496e-06
1,180,846.468,0.36,8.86666e-06,8.995827e-06,8.849995e-06,9.191665e-06,4.404164e-06,4.841661e-06,4.549996e-06,4.804158e-06,7.424998e-06,7.083328e-06,7.279165e-06,6.695827e-06,9.808326e-06,9.266662e-06,4.712494e-06,4.966664e-06
1,181,846.619,0.362,8.812499e-06,8.945831e-06,8.799998e-06,9.145832e-06,4.383326e-06,4.812495e-06,4.524994e-06,4.770827e-06,7.379158e-06,7.033332e-06,7.233326e-06,6.649995e-06,9.770831e-06,9.224995e-06,4.674999e-06,4.937498e-06
1,182,846.77,0.364,8.749994e-06,8.874997e-06,8.737493e-06,9.079162e-06,4.341666e-06,4.762499e-06,4.483326e-06,4.724996e-06,7.299996e-06,6.954161e-06,7.154163e-06,6.570832e-06,9.695832e-06,9.158325e-06,4.612494e-06,4.887494e-06
1,183,846.921,0.366,8.691661e-06,8.824993e-06,8.687496e-06,9.033331e-06,4.320828e-06,4.733332e-06,4.458332e-06,4.691664e-06,7.245827e-06,6.908329e-06,7.104159e-06,6.524992e-06,9.654164e-06,9.116666e-06,4.570826e-06,4.862499e-06
1,184,847.072,0.368,8.633328e-06,8.75833e-06,8.616662e-06,8.962496e-06,4.283325e-06,4.691664e-06,4.416665e-06,4.645832e-06,7.170828e-06,6.833331e-06,7.02916e-06,6.441664e-06,9.579166e-06,9.049996e-06,4.512493e-06,4.808331e-06
1,185,847.223,0.37,8.57083e-06,8.704162e-06,8.566665e-06,8.912491e-06,4.266659e-06,4.658325e-06,4.391662e-06,4.616666e-06,7.120832e-06,6.779162e-06,6.983328e-06,6.387496e-06,9.533326e-06,9.004164e-06,4.474998e-06,4.783328e-06
1,186,847.373,0.372,8.529162e-06,8.662494e-06,8.524998e-06,8.86666e-06,4.24583e-06,4.633331e-06,4.362496e-06,4.587499e-06,7.074992e-06,6.73333e-06,6.933331e-06,6.341664e-06,9.487494e-06,8.958332e-06,4.437494e-06,4.754162e-06
1,187,847.524,0.374,8.466665e-06,8.59166e-06,8.454163e-06,8.799998e-06,4.216663e-06,4.591664e-06,4.333329e-06,4.545832e-06,6.999993e-06,6.654159e-06,6.858325e-06,6.262493e-06,9.41666e-06,8.891662e-06,4.387498e-06,4.704165e-06
1,188,847.675,0.376,8.404159e-06,8.5375e-06,8.399995e-06,8.754166e-06,4.199997e-06,4.570826e-06,4.308327e-06,4.520829e-06,6.945832e-06,6.608327e-06,6.808329e-06,6.212497e-06,9.366663e-06,8.84583e-06,4.349994e-06,4.674999e-06
1,189,847.826,0.378,8.341662e-06,8.470829e-06,8.333325e-06,8.683332e-06,4.174995e-06,4.529158e-06,4.274996e-06,4.479162e-06,6.870826e-06,6.529164e-06,6.73333e-06,6.133326e-06,9.291664e-06,8.77916e-06,4.299998e-06,4.624995e-06
1,190,847.977,0.38,8.283329e-06,8.41666e-06,8.283329e-06,8.633328e-06,4.15833e-06,4.508328e-06,4.258331e-06,4.45416e-06,6.82083e-06,6.483333e-06,6.687498e-06,6.091658e-06,9.249997e-06,8.733328e-06,4.266659e-06,4.595828e-06
1,191,848.128,0.382,8.224996e-06,8.349999e-06,8.212495e-06,8.566665e-06,4.137492e-06,4.474998e-06,4.224992e-06,4.420829e-06,6.745831e-06,6.408326e-06,6.612492e-06,6.012495e-06,9.174999e-06,8.666659e-06,4.220828e-06,4.549996e-06
1,192,848.279,0.384,8.166663e-06,8.299994e-06,8.162498e-06,8.516661e-06,4.129163e-06,4.458332e-06,4.208326e-06,4.399999e-06,6.695827e-06,6.358329e-06,6.562495e-06,5.966663e-06,9.129159e-06,8.624998e-06,4.191661e-06,4.516665e-06
1,193,848.429,0.386,8.099993e-06,8.22916e-06,8.091664e-06,8.445827e-06,4.108326e-06,4.429166e-06,4.183332e-06,4.36666e-06,6.624993e-06,6.283331e-06,6.483333e-06,5.887493e-06,9.049996e-06,8.549992e-06,4.149993e-06,4.470825e-06
1,194,848.58,0.388,8.04166e-06,8.170828e-06,8.04166e-06,8.395831e-06,4.095833e-06,4.408328e-06,4.166659e-06,4.34583e-06,6.574996e-06,6.233327e-06,6.433328e-06,5.84166e-06,8.999999e-06,8.50416e-06,4.120827e-06,4.437494e-06
1,195,848.731,0.39,7.974998e-06,8.104165e-06,7.966662e-06,8.324997e-06,4.079159e-06,4.383326e-06,4.145829e-06,4.316664e-06,6.491661e-06,6.154164e-06,6.354165e-06,5.762497e-06,8.920829e-06,8.429161e-06,4.079159e-06,4.387498e-06
1,196,848.882,0.392,7.912493e-06,8.049997e-06,7.912493e-06,8.270827e-06,4.070831e-06,4.36666e-06,4.133328e-06,4.299998e-06,6.441664e-06,6.104159e-06,6.308325e-06,5.716666e-06,8.874997e-06,8.383329e-06,4.054165e-06,4.362496e-06
1,197,849.033,0.394,7.849995e-06,7.974998e-06,7.841659e-06,8.199993e-06,4.062494e-06,4.34583e-06,4.112498e-06,4.27916e-06,6.366666e-06,6.029161e-06,6.229162e-06,5.637495e-06,8.799998e-06,8.312496e-06,4.024998e-06,4.312499e-06
1,198,849.184,0.396,7.783326e-06,7.916665e-06,7.787497e-06,8.145825e-06,4.054165e-06,4.329165e-06,4.099997e-06,4.262495e-06,6.320826e-06,5.983329e-06,6.187495e-06,5.595827e-06,8.745829e-06,8.262499e-06,4.00416e-06,4.27916e-06
1,199,849.334,0.398,7.720828e-06,7.849995e-06,7.716663e-06,8.074999e-06,4.049993e-06,4.312499e-06,4.087496e-06,4.241665e-06,6.241663e-06,5.90833e-06,6.108331e-06,5.520828e-06,8.670831e-06,8.191665e-06,3.97083e-06,4.229164e-06
1,200,849.485,0.4,7.662495e-06,7.791662e-06,7.662495e-06,8.02083e-06,4.045828e-06,4.299998e-06,4.070831e-06,4.229164e-06,6.195831e-06,5.858326e-06,6.058327e-06,5.470832e-06,8.620827e-06,8.141661e-06,3.954164e-06,4.195825e-06
1,201,849.636,0.402,7.595825e-06,7.720828e-06,7.587496e-06,7.945831e-06,4.041664e-06,4.287497e-06,4.062494e-06,4.216663e-06,6.120833e-06,5.787492e-06,5.987493e-06,5.399998e-06,8.541663e-06,8.070827e-06,3.924998e-06,4.145829e-06
1,202,849.787,0.404,7.533328e-06,7.666659e-06,7.533328e-06,7.895827e-06,4.045828e-06,4.27916e-06,4.058329e-06,4.204162e-06,6.070828e-06,5.74166e-06,5.941661e-06,5.354166e-06,8.487495e-06,8.02083e-06,3.912497e-06,4.116662e-06
1,203,849.938,0.406,7.466666e-06,7.591661e-06,7.458329e-06,7.820829e-06,4.045828e-06,4.274996e-06,4.058329e-06,4.195825e-06,5.999994e-06,5.666661e-06,5.866663e-06,5.291661e-06,8.41666e-06,7.949996e-06,3.899996e-06,4.074995e-06
1,204,850.089,0.408,7.408333e-06,7.541664e-06,7.412497e-06,7.770833e-06,4.041664e-06,4.266659e-06,4.045828e-06,4.187496e-06,5.954162e-06,5.620829e-06,5.816658e-06,5.249993e-06,8.362492e-06,7.899992e-06,3.887495e-06,4.037492e-06
1,205,850.239,0.41,7.345827e-06,7.466666e-06,7.333326e-06,7.704162e-06,4.049993e-06,4.262495e-06,4.041664e-06,4.183332e-06,5.883328e-06,5.55416e-06,5.745832e-06,5.179159e-06,8.283329e-06,7.824993e-06,3.870829e-06,3.991659e-06
1,206,850.39,0.412,7.279165e-06,7.412497e-06,7.28333e-06,7.645829e-06,4.049993e-06,4.254158e-06,4.045828e-06,4.174995e-06,5.837496e-06,5.512492e-06,5.704164e-06,5.137499e-06,8.233333e-06,7.779161e-06,3.862492e-06,3.958329e-06
1,207,850.541,0.414,7.212496e-06,7.337499e-06,7.212496e-06,7.574995e-06,4.058329e-06,4.254158e-06,4.041664e-06,4.170831e-06,5.766662e-06,5.437493e-06,5.629166e-06,5.07083e-06,8.149997e-06,7.699999e-06,3.854163e-06,3.912497e-06
1,208,850.692,0.416,7.145826e-06,7.28333e-06,7.154163e-06,7.516662e-06,4.062494e-06,4.249994e-06,4.041664e-06,4.174995e-06,5.72083e-06,5.391661e-06,5.583326e-06,5.033326e-06,8.099993e-06,7.654166e-06,3.854163e-06,3.879165e-06
1,209,850.843,0.418,7.083328e-06,7.204159e-06,7.079164e-06,7.441664e-06,4.074995e-06,4.258331e-06,4.045828e-06,4.170831e-06,5.649996e-06,5.320827e-06,5.512492e-06,4.970829e-06,8.02083e-06,7.574995e-06,3.845827e-06,3.833326e-06
1,210,850.994,0.42,7.020831e-06,7.154163e-06,7.024995e-06,7.387495e-06,4.083332e-06,4.254158e-06,4.049993e-06,4.170831e-06,5.604164e-06,5.274995e-06,5.46666e-06,4.929161e-06,7.966662e-06,7.524999e-06,3.845827e-06,3.79583e-06
1,211,851.145,0.422,6.949997e-06,7.074992e-06,6.945832e-06,7.312497e-06,4.099997e-06,4.262495e-06,4.058329e-06,4.17916e-06,5.53333e-06,5.208326e-06,5.395826e-06,4.866663e-06,7.883326e-06,7.445828e-06,3.854163e-06,3.745826e-06
1,212,851.295,0.424,6.8875e-06,7.016659e-06,6.895828e-06,7.258328e-06,4.104161e-06,4.266659e-06,4.058329e-06,4.17916e-06,5.491662e-06,5.17083e-06,5.354166e-06,4.82916e-06,7.829165e-06,7.395832e-06,3.858328e-06,3.71666e-06
1,213,851.446,0.426,6.837495e-06,6.970827e-06,6.841659e-06,7.208331e-06,4.112498e-06,4.266659e-06,4.066666e-06,4.183332e-06,5.44583e-06,5.129163e-06,5.312499e-06,4.79583e-06,7.774996e-06,7.345827e-06,3.862492e-06,3.687493e-06
1,214,851.597,0.428,6.770825e-06,6.895828e-06,6.766661e-06,7.129161e-06,4.133328e-06,4.27916e-06,4.079159e-06,4.195825e-06,5.383333e-06,5.066665e-06,5.241664e-06,4.737497e-06,7.691661e-06,7.274993e-06,3.870829e-06,3.633332e-06
1,215,851.748,0.43,6.708328e-06,6.837495e-06,6.716665e-06,7.074992e-06,4.145829e-06,4.27916e-06,4.083332e-06,4.199997e-06,5.337492e-06,5.024997e-06,5.199997e-06,4.704165e-06,7.637493e-06,7.21666e-06,3.88333e-06,3.604166e-06
1,216,851.899,0.432,6.637494e-06,6.762496e-06,6.641666e-06,7.004166e-06,4.170831e-06,4.295826e-06,4.099997e-06,4.212499e-06,5.270831e-06,4.962492e-06,5.133327e-06,4.649997e-06,7.554166e-06,7.137497e-06,3.895831e-06,3.554161e-06
1,217,852.05,0.434,6.579161e-06,6.708328e-06,6.583325e-06,6.945832e-06,4.174995e-06,4.304163e-06,4.108326e-06,4.220828e-06,5.233328e-06,4.920832e-06,5.099996e-06,4.616666e-06,7.504161e-06,7.087493e-06,3.908332e-06,3.524995e-06
1,218,852.2,0.436,6.512499e-06,6.637494e-06,6.512499e-06,6.874998e-06,4.204162e-06,4.320828e-06,4.129163e-06,4.241665e-06,5.17083e-06,4.862499e-06,5.033326e-06,4.570826e-06,7.416661e-06,7.00833e-06,3.924998e-06,3.474998e-06
1,219,852.351,0.438,6.449994e-06,6.579161e-06,6.45833e-06,6.816666e-06,4.212499e-06,4.324992e-06,4.137492e-06,4.249994e-06,5.137499e-06,4.82916e-06,4.995831e-06,4.54166e-06,7.366665e-06,6.962498e-06,3.941663e-06,3.44166e-06
1,220,852.502,0.44,6.383332e-06,6.504162e-06,6.387496e-06,6.741659e-06,4.241665e-06,4.34583e-06,4.15833e-06,4.274996e-06,5.074994e-06,4.774992e-06,4.937498e-06,4.491663e-06,7.28333e-06,6.879163e-06,3.97083e-06,3.395828e-06
1,221,852.653,0.442,6.320826e-06,6.445829e-06,6.329163e-06,6.687498e-06,4.258331e-06,4.354159e-06,4.170831e-06,4.287497e-06,5.037498e-06,4.737497e-06,4.899995e-06,4.466661e-06,7.229161e-06,6.829158e-06,3.983331e-06,3.366661e-06
1,222,852.804,0.444,6.258329e-06,6.374995e-06,6.258329e-06,6.608327e-06,4.287497e-06,4.383326e-06,4.195825e-06,4.308327e-06,4.974993e-06,4.683327e-06,4.841661e-06,4.424993e-06,7.141662e-06,6.745831e-06,4.020826e-06,3.316665e-06
1,223,852.955,0.446,6.191659e-06,6.320826e-06,6.20416e-06,6.558331e-06,4.304163e-06,4.391662e-06,4.204162e-06,4.324992e-06,4.941662e-06,4.649997e-06,4.799994e-06,4.399999e-06,7.087493e-06,6.695827e-06,4.041664e-06,3.287498e-06
1,224,853.106,0.448,6.129162e-06,6.245828e-06,6.133326e-06,6.483333e-06,4.333329e-06,4.420829e-06,4.237493e-06,4.354159e-06,4.887494e-06,4.599992e-06,4.749998e-06,4.362496e-06,7.004166e-06,6.620828e-06,4.074995e-06,3.241658e-06
1,225,853.256,0.45,6.066664e-06,6.195831e-06,6.079165e-06,6.429163e-06,4.354159e-06,4.424993e-06,4.24583e-06,4.36666e-06,4.854162e-06,4.570826e-06,4.716659e-06,4.341666e-06,6.954161e-06,6.56666e-06,4.095833e-06,3.208327e-06
1,226,853.407,0.452,5.99583e-06,6.120833e-06,6.004159e-06,6.354165e-06,4.387498e-06,4.458332e-06,4.27916e-06,4.399999e-06,4.799994e-06,4.520829e-06,4.662498e-06,4.308327e-06,6.866662e-06,6.483333e-06,4.137492e-06,3.162495e-06
1,227,853.558,0.454,5.941661e-06,6.066664e-06,5.954162e-06,6.299997e-06,4.399999e-06,4.470825e-06,4.295826e-06,4.416665e-06,4.762499e-06,4.495827e-06,4.633331e-06,4.287497e-06,6.812493e-06,6.437492e-06,4.15833e-06,3.133329e-06
1,228,853.709,0.456,5.874999e-06,5.991666e-06,5.879164e-06,6.224998e-06,4.437494e-06,4.504164e-06,4.329165e-06,4.449995e-06,4.716659e-06,4.449995e-06,4.583327e-06,4.262495e-06,6.724993e-06,6.354165e-06,4.204162e-06,3.087497e-06
1,229,853.86,0.458,5.816658e-06,5.937497e-06,5.824995e-06,6.166665e-06,4.45416e-06,4.512493e-06,4.337493e-06,4.466661e-06,4.687492e-06,4.424993e-06,4.554161e-06,4.241665e-06,6.674997e-06,6.304161e-06,4.229164e-06,3.05833e-06
1,230,854.011,0.46,5.749996e-06,5.870827e-06,5.754161e-06,6.091658e-06,4.495827e-06,4.549996e-06,4.379161e-06,4.504164e-06,4.637496e-06,4.387498e-06,4.508328e-06,4.216663e-06,6.583325e-06,6.220826e-06,4.283325e-06,3.012498e-06
1,231,854.161,0.462,5.691663e-06,5.812494e-06,5.704164e-06,6.041662e-06,4.512493e-06,4.562497e-06,4.395827e-06,4.520829e-06,4.612494e-06,4.362496e-06,4.483326e-06,4.204162e-06,6.529164e-06,6.170829e-06,4.312499e-06,2.987496e-06
1,232,854.312,0.464,5.629166e-06,5.74166e-06,5.63333e-06,5.962499e-06,4.549996e-06,4.595828e-06,4.429166e-06,4.558333e-06,4.566662e-06,4.324992e-06,4.441659e-06,4.183332e-06,6.449994e-06,6.087494e-06,4.36666e-06,2.941664e-06
1,233,854.463,0.466,5.579162e-06,5.691663e-06,5.587498e-06,5.912495e-06,4.566662e-06,4.612494e-06,4.445831e-06,4.583327e-06,4.545832e-06,4.308327e-06,4.416665e-06,4.174995e-06,6.39166e-06,6.037497e-06,4.391662e-06,2.912498e-06
1,234,854.614,0.468,5.512492e-06,5.620829e-06,5.512492e-06,5.837496e-06,4.608329e-06,4.645832e-06,4.483326e-06,4.624995e-06,4.504164e-06,4.274996e-06,4.379161e-06,4.162494e-06,6.312498e-06,5.958327e-06,4.449995e-06,2.87083e-06
1,235,854.765,0.47,5.458331e-06,5.570825e-06,5.46666e-06,5.783327e-06,4.62083e-06,4.658325e-06,4.504164e-06,4.645832e-06,4.479162e-06,4.258331e-06,4.358331e-06,4.154166e-06,6.258329e-06,5.90833e-06,4.479162e-06,2.841663e-06
1,236,854.916,0.472,5.395826e-06,5.504163e-06,5.399998e-06,5.712493e-06,4.662498e-06,4.699993e-06,4.537495e-06,4.683327e-06,4.445831e-06,4.233329e-06,4.320828e-06,4.145829e-06,6.174993e-06,5.829159e-06,4.53333e-06,2.799996e-06
1,237,855.066,0.474,5.341665e-06,5.454159e-06,5.354166e-06,5.662497e-06,4.683327e-06,4.712494e-06,4.554161e-06,4.704165e-06,4.424993e-06,4.216663e-06,4.304163e-06,4.141665e-06,6.120833e-06,5.774998e-06,4.566662e-06,2.770829e-06
1,238,855.217,0.476,5.283332e-06,5.391661e-06,5.287496e-06,5.591663e-06,4.720831e-06,4.749998e-06,4.595828e-06,4.754162e-06,4.391662e-06,4.199997e-06,4.274996e-06,4.137492e-06,6.037497e-06,5.699992e-06,4.624995e-06,2.733326e-06
1,239,855.368,0.478,5.233328e-06,5.341665e-06,5.245829e-06,5.545831e-06,4.741661e-06,4.762499e-06,4.616666e-06,4.770827e-06,4.379161e-06,4.187496e-06,4.258331e-06,4.137492e-06,5.991666e-06,5.65416e-06,4.662498e-06,2.712496e-06
1,240,855.519,0.48,5.179159e-06,5.283332e-06,5.179159e-06,5.474997e-06,4.783328e-06,4.804158e-06,4.658325e-06,4.816659e-06,4.349994e-06,4.170831e-06,4.241665e-06,4.141665e-06,5.90833e-06,5.579162e-06,4.724996e-06,2.670829e-06
1,241,855.67,0.482,5.129163e-06,5.233328e-06,5.137499e-06,5.429165e-06,4.799994e-06,4.820832e-06,4.674999e-06,4.841661e-06,4.333329e-06,4.162494e-06,4.220828e-06,4.133328e-06,5.862498e-06,5.524993e-06,4.758326e-06,2.645826e-06
1,242,855.821,0.484,5.091659e-06,5.195832e-06,5.099996e-06,5.387497e-06,4.820832e-06,4.837497e-06,4.691664e-06,4.862499e-06,4.320828e-06,4.154166e-06,4.212499e-06,4.137492e-06,5.812494e-06,5.479161e-06,4.787493e-06,2.624997e-06
1,243,855.972,0.486,5.041663e-06,5.133327e-06,5.037498e-06,5.316663e-06,4.862499e-06,4.870828e-06,4.733332e-06,4.908331e-06,4.299998e-06,4.145829e-06,4.199997e-06,4.145829e-06,5.733331e-06,5.408327e-06,4.854162e-06,2.591666e-06
1,244,856.122,0.488,4.995831e-06,5.091659e-06,4.999995e-06,5.270831e-06,4.879165e-06,4.891666e-06,4.754162e-06,4.933325e-06,4.287497e-06,4.141665e-06,4.187496e-06,4.154166e-06,5.691663e-06,5.35833e-06,4.891666e-06,2.570828e-06
1,245,856.273,0.49,4.945827e-06,5.033326e-06,4.941662e-06,5.208326e-06,4.920832e-06,4.929161e-06,4.79583e-06,4.979165e-06,4.270832e-06,4.137492e-06,4.17916e-06,4.166659e-06,5.612493e-06,5.283332e-06,4.958328e-06,2.537497e-06
1,246,856.424,0.492,4.899995e-06,4.991658e-06,4.899995e-06,5.162493e-06,4.941662e-06,4.941662e-06,4.816659e-06,4.999995e-06,4.262495e-06,4.133328e-06,4.170831e-06,4.174995e-06,5.562496e-06,5.241664e-06,4.991658e-06,2.512495e-06
1,247,856.575,0.494,4.849998e-06,4.937498e-06,4.849998e-06,5.10416e-06,4.979165e-06,4.979165e-06,4.854162e-06,5.054164e-06,4.254158e-06,4.129163e-06,4.162494e-06,4.187496e-06,5.487498e-06,5.166666e-06,5.058328e-06,2.479164e-06
1,248,856.726,0.496,4.812495e-06,4.89583e-06,4.812495e-06,5.058328e-06,4.995831e-06,4.999995e-06,4.874993e-06,5.074994e-06,4.24583e-06,4.137492e-06,4.15833e-06,4.204162e-06,5.441666e-06,5.124998e-06,5.099996e-06,2.466663e-06
1,249,856.877,0.498,4.770827e-06,4.849998e-06,4.758326e-06,4.999995e-06,5.037498e-06,5.033326e-06,4.912496e-06,5.116661e-06,4.237493e-06,4.137492e-06,4.15833e-06,4.224992e-06,5.370831e-06,5.054164e-06,5.158329e-06,2.433332e-06
1,250,857.027,0.5,4.72916e-06,4.808331e-06,4.720831e-06,4.954163e-06,5.058328e-06,5.049992e-06,4.933325e-06,5.145828e-06,4.233329e-06,4.141665e-06,4.154166e-06,4.233329e-06,5.329164e-06,5.012496e-06,5.195832e-06,2.420831e-06
1,251,857.178,0.502,4.691664e-06,4.758326e-06,4.679163e-06,4.89583e-06,5.091659e-06,5.087495e-06,4.970829e-06,5.19166e-06,4.233329e-06,4.154166e-06,4.15833e-06,4.262495e-06,5.25833e-06,4.945827e-06,5.262494e-06,2.387492e-06
1,252,857.329,0.504,4.654161e-06,4.724996e-06,4.64166e-06,4.858327e-06,5.112497e-06,5.099996e-06,4.991658e-06,5.216662e-06,4.233329e-06,4.15833e-06,4.162494e-06,4.274996e-06,5.216662e-06,4.904159e-06,5.299997e-06,2.374999e-06
1,253,857.48,0.506,4.616666e-06,4.679163e-06,4.599992e-06,4.808331e-06,5.149992e-06,5.141664e-06,5.033326e-06,5.262494e-06,4.233329e-06,4.174995e-06,4.166659e-06,4.312499e-06,5.145828e-06,4.837497e-06,5.35833e-06,2.349997e-06
1,254,857.631,0.508,4.587499e-06,4.649997e-06,4.570826e-06,4.770827e-06,5.166666e-06,5.154165e-06,5.049992e-06,5.287496e-06,4.233329e-06,4.183332e-06,4.174995e-06,4.324992e-06,5.112497e-06,4.799994e-06,5.399998e-06,2.329159e-06
1,255,857.782,0.51,4.554161e-06,4.608329e-06,4.53333e-06,4.720831e-06,5.204161e-06,5.19166e-06,5.087495e-06,5.337492e-06,4.241665e-06,4.199997e-06,4.187496e-06,4.358331e-06,5.049992e-06,4.737497e-06,5.462496e-06,2.316666e-06
1,256,857.933,0.512,4.520829e-06,4.574998e-06,4.504164e-06,4.687492e-06,5.220827e-06,5.199997e-06,5.10416e-06,5.354166e-06,4.24583e-06,4.212499e-06,4.195825e-06,4.379161e-06,5.008332e-06,4.704165e-06,5.504163e-06,2.299992e-06
1,257,858.083,0.514,4.499992e-06,4.54166e-06,4.466661e-06,4.64166e-06,5.25833e-06,5.237492e-06,5.149992e-06,5.404162e-06,4.258331e-06,4.237493e-06,4.208326e-06,4.416665e-06,4.954163e-06,4.645832e-06,5.570825e-06,2.283327e-06
1,258,858.234,0.516,4.474998e-06,4.512493e-06,4.441659e-06,4.608329e-06,5.274995e-06,5.249993e-06,5.17083e-06,5.429165e-06,4.262495e-06,4.249994e-06,4.220828e-06,4.43333e-06,4.91666e-06,4.612494e-06,5.604164e-06,2.274998e-06
1,259,858.385,0.518,4.449995e-06,4.479162e-06,4.412492e-06,4.562497e-06,5.308326e-06,5.283332e-06,5.204161e-06,5.479161e-06,4.27916e-06,4.274996e-06,4.237493e-06,4.470825e-06,4.862499e-06,4.558333e-06,5.666661e-06,2.25416e-06
1,260,858.536,0.52,4.429166e-06,4.45416e-06,4.391662e-06,4.53333e-06,5.329164e-06,5.299997e-06,5.220827e-06,5.495826e-06,4.291662e-06,4.295826e-06,4.254158e-06,4.499992e-06,4.82916e-06,4.520829e-06,5.708329e-06,2.245831e-06
1,261,858.687,0.522,4.408328e-06,4.429166e-06,4.36666e-06,4.495827e-06,5.362495e-06,5.333328e-06,5.25833e-06,5.541659e-06,4.308327e-06,4.324992e-06,4.283325e-06,4.54166e-06,4.779164e-06,4.470825e-06,5.770826e-06,2.237495e-06
1,262,858.838,0.524,4.387498e-06,4.408328e-06,4.341666e-06,4.466661e-06,5.37916e-06,5.345829e-06,5.27916e-06,5.566661e-06,4.329165e-06,4.34583e-06,4.295826e-06,4.566662e-06,4.749998e-06,4.441659e-06,5.812494e-06,2.224994e-06
1,263,858.988,0.526,4.374997e-06,4.383326e-06,4.320828e-06,4.43333e-06,5.416663e-06,5.37916e-06,5.316663e-06,5.612493e-06,4.349994e-06,4.383326e-06,4.324992e-06,4.612494e-06,4.704165e-06,4.395827e-06,5.870827e-06,2.216665e-06
1,264,859.139,0.528,4.358331e-06,4.36666e-06,4.308327e-06,4.408328e-06,5.429165e-06,5.391661e-06,5.333328e-06,5.63333e-06,4.362496e-06,4.399999e-06,4.34583e-06,4.64166e-06,4.674999e-06,4.36666e-06,5.912495e-06,2.212493e-06
1,265,859.29,0.53,4.354159e-06,4.349994e-06,4.291662e-06,4.379161e-06,5.462496e-06,5.420828e-06,5.370831e-06,5.679162e-06,4.391662e-06,4.441659e-06,4.383326e-06,4.691664e-06,4.637496e-06,4.329165e-06,5.970828e-06,2.208328e-06
1,266,859.441,0.532,4.341666e-06,4.337493e-06,4.27916e-06,4.362496e-06,5.479161e-06,5.429165e-06,5.387497e-06,5.699992e-06,4.412492e-06,4.462496e-06,4.395827e-06,4.716659e-06,4.608329e-06,4.304163e-06,6.012495e-06,2.204164e-06
1,267,859.592,0.534,4.341666e-06,4.324992e-06,4.270832e-06,4.333329e-06,5.512492e-06,5.462496e-06,5.424992e-06,5.749996e-06,4.441659e-06,4.504164e-06,4.437494e-06,4.766663e-06,4.574998e-06,4.266659e-06,6.070828e-06,2.204164e-06
1,268,859.743,0.536,4.333329e-06,4.312499e-06,4.258331e-06,4.320828e-06,5.524993e-06,5.470832e-06,5.441666e-06,5.766662e-06,4.462496e-06,4.524994e-06,4.45416e-06,4.791665e-06,4.558333e-06,4.24583e-06,6.104159e-06,2.199992e-06
1,269,859.893,0.538,4.324992e-06,4.304163e-06,4.254158e-06,4.304163e-06,5.537494e-06,5.483325e-06,5.454159e-06,5.791664e-06,4.479162e-06,4.549996e-06,4.479162e-06,4.820832e-06,4.53333e-06,4.224992e-06,6.137498e-06,2.199992e-06
1,270,860.044,0.54,4.329165e-06,4.299998e-06,4.249994e-06,4.287497e-06,5.570825e-06,5.512492e-06,5.491662e-06,5.829159e-06,4.516665e-06,4.595828e-06,4.516665e-06,4.870828e-06,4.508328e-06,4.195825e-06,6.195831e-06,2.204164e-06
1,271,860.195,0.542,4.329165e-06,4.287497e-06,4.24583e-06,4.274996e-06,5.583326e-06,5.520828e-06,5.504163e-06,5.849997e-06,4.537495e-06,4.616666e-06,4.537495e-06,4.899995e-06,4.491663e-06,4.17916e-06,6.233327e-06,2.204164e-06
1,272,860.346,0.544,4.337493e-06,4.291662e-06,4.24583e-06,4.262495e-06,5.612493e-06,5.549995e-06,5.541659e-06,5.895829e-06,4.579163e-06,4.666662e-06,4.587499e-06,4.958328e-06,4.470825e-06,4.15833e-06,6.287495e-06,2.208328e-06
1,273,860.497,0.546,4.337493e-06,4.287497e-06,4.24583e-06,4.254158e-06,5.620829e-06,5.558332e-06,5.55416e-06,5.916659e-06,4.604165e-06,4.691664e-06,4.608329e-06,4.979165e-06,4.458332e-06,4.141665e-06,6.324999e-06,2.212493e-06
1,274,860.648,0.548,4.349994e-06,4.295826e-06,4.254158e-06,4.241665e-06,5.65416e-06,5.587498e-06,5.587498e-06,5.954162e-06,4.64166e-06,4.737497e-06,4.654161e-06,5.033326e-06,4.441659e-06,4.129163e-06,6.383332e-06,2.216665e-06
1,275,860.799,0.55,4.358331e-06,4.295826e-06,4.258331e-06,4.241665e-06,5.662497e-06,5.591663e-06,5.595827e-06,5.966663e-06,4.666662e-06,4.762499e-06,4.683327e-06,5.062493e-06,4.43333e-06,4.116662e-06,6.412498e-06,2.224994e-06
1,276,860.949,0.552,4.370832e-06,4.304163e-06,4.266659e-06,4.241665e-06,5.691663e-06,5.616665e-06,5.63333e-06,6.012495e-06,4.716659e-06,4.816659e-06,4.72916e-06,5.116661e-06,4.424993e-06,4.104161e-06,6.474996e-06,2.237495e-06
1,277,861.1,0.554,4.383326e-06,4.308327e-06,4.274996e-06,4.237493e-06,5.704164e-06,5.624994e-06,5.649996e-06,6.033325e-06,4.737497e-06,4.845826e-06,4.758326e-06,5.149992e-06,4.420829e-06,4.095833e-06,6.504162e-06,2.245831e-06
1,278,861.251,0.556,4.404164e-06,4.324992e-06,4.291662e-06,4.241665e-06,5.733331e-06,5.649996e-06,5.683327e-06,6.074993e-06,4.787493e-06,4.899995e-06,4.808331e-06,5.199997e-06,4.412492e-06,4.09166e-06,6.554159e-06,2.258333e-06
1,279,861.402,0.558,4.416665e-06,4.333329e-06,4.299998e-06,4.24583e-06,5.74166e-06,5.65416e-06,5.695828e-06,6.087494e-06,4.816659e-06,4.924997e-06,4.833333e-06,5.233328e-06,4.416665e-06,4.09166e-06,6.591662e-06,2.270826e-06
1,280,861.553,0.56,4.445831e-06,4.349994e-06,4.324992e-06,4.254158e-06,5.770826e-06,5.679162e-06,5.729159e-06,6.129162e-06,4.866663e-06,4.98333e-06,4.887494e-06,5.287496e-06,4.420829e-06,4.09166e-06,6.645831e-06,2.283327e-06
1,281,861.704,0.562,4.462496e-06,4.362496e-06,4.337493e-06,4.254158e-06,5.774998e-06,5.683327e-06,5.737495e-06,6.145827e-06,4.89583e-06,5.008332e-06,4.912496e-06,5.316663e-06,4.420829e-06,4.09166e-06,6.670833e-06,2.291664e-06
1,282,861.854,0.564,4.491663e-06,4.383326e-06,4.362496e-06,4.270832e-06,5.804165e-06,5.708329e-06,5.774998e-06,6.187495e-06,4.945827e-06,5.062493e-06,4.970829e-06,5.374996e-06,4.429166e-06,4.099997e-06,6.73333e-06,2.316666e-06
1,283,862.005,0.566,4.508328e-06,4.399999e-06,4.374997e-06,4.27916e-06,5.812494e-06,5.712493e-06,5.783327e-06,6.199996e-06,4.974993e-06,5.091659e-06,4.995831e-06,5.395826e-06,4.429166e-06,4.095833e-06,6.75416e-06,2.324995e-06
1,284,862.156,0.568,4.54166e-06,4.424993e-06,4.408328e-06,4.295826e-06,5.833332e-06,5.733331e-06,5.812494e-06,6.237499e-06,5.024997e-06,5.141664e-06,5.045827e-06,5.44583e-06,4.449995e-06,4.108326e-06,6.804164e-06,2.349997e-06
1,285,862.307,0.57,4.562497e-06,4.441659e-06,4.424993e-06,4.304163e-06,5.84166e-06,5.74166e-06,5.824995e-06,6.245828e-06,5.054164e-06,5.17083e-06,5.074994e-06,5.474997e-06,4.458332e-06,4.116662e-06,6.833331e-06,2.362498e-06
1,286,862.458,0.572,4.599992e-06,4.474998e-06,4.458332e-06,4.333329e-06,5.870827e-06,5.762497e-06,5.849997e-06,6.287495e-06,5.10416e-06,5.224999e-06,5.124998e-06,5.529165e-06,4.474998e-06,4.129163e-06,6.879163e-06,2.383327e-06
1,287,862.609,0.574,4.624995e-06,4.491663e-06,4.479162e-06,4.34583e-06,5.874999e-06,5.766662e-06,5.862498e-06,6.304161e-06,5.137499e-06,5.254165e-06,5.154165e-06,5.558332e-06,4.487499e-06,4.149993e-06,6.912494e-06,2.399993e-06
1,288,862.76,0.576,4.666662e-06,4.53333e-06,4.516665e-06,4.370832e-06,5.899994e-06,5.787492e-06,5.895829e-06,6.333327e-06,5.19166e-06,5.308326e-06,5.212498e-06,5.616665e-06,4.516665e-06,4.166659e-06,6.958326e-06,2.429159e-06
1,289,862.91,0.578,4.691664e-06,4.554161e-06,4.54166e-06,4.391662e-06,5.904166e-06,5.795829e-06,5.904166e-06,6.345828e-06,5.216662e-06,5.333328e-06,5.237492e-06,5.637495e-06,4.529158e-06,4.183332e-06,6.983328e-06,2.441661e-06
1,290,863.061,0.58,4.733332e-06,4.595828e-06,4.583327e-06,4.424993e-06,5.92916e-06,5.812494e-06,5.933332e-06,6.383332e-06,5.270831e-06,5.383333e-06,5.287496e-06,5.691663e-06,4.558333e-06,4.212499e-06,7.02916e-06,2.474992e-06
1,291,863.212,0.582,4.762499e-06,4.616666e-06,4.608329e-06,4.441659e-06,5.933332e-06,5.816658e-06,5.941661e-06,6.395833e-06,5.299997e-06,5.412499e-06,5.320827e-06,5.712493e-06,4.579163e-06,4.224992e-06,7.054162e-06,2.487493e-06
1,292,863.363,0.584,4.808331e-06,4.662498e-06,4.649997e-06,4.479162e-06,5.962499e-06,5.837496e-06,5.974992e-06,6.433328e-06,5.354166e-06,5.46666e-06,5.370831e-06,5.762497e-06,4.608329e-06,4.254158e-06,7.095829e-06,2.516659e-06
1,293,863.514,0.586,4.833333e-06,4.687492e-06,4.674999e-06,4.495827e-06,5.966663e-06,5.84166e-06,5.983329e-06,6.441664e-06,5.383333e-06,5.495826e-06,5.395826e-06,5.787492e-06,4.629159e-06,4.274996e-06,7.120832e-06,2.537497e-06
1,294,863.665,0.588,4.883329e-06,4.72916e-06,4.724996e-06,4.537495e-06,5.983329e-06,5.858326e-06,6.008331e-06,6.474996e-06,5.433329e-06,5.541659e-06,5.44583e-06,5.837496e-06,4.670826e-06,4.312499e-06,7.158327e-06,2.562499e-06
1,295,863.815,0.59,4.908331e-06,4.758326e-06,4.754162e-06,4.562497e-06,5.991666e-06,5.862498e-06,6.020832e-06,6.487497e-06,5.462496e-06,5.566661e-06,5.474997e-06,5.858326e-06,4.687492e-06,4.337493e-06,7.183329e-06,2.587493e-06
1,296,863.966,0.592,4.941662e-06,4.787493e-06,4.779164e-06,4.579163e-06,5.991666e-06,5.866663e-06,6.033325e-06,6.504162e-06,5.491662e-06,5.595827e-06,5.504163e-06,5.887493e-06,4.716659e-06,4.354159e-06,7.208331e-06,2.604159e-06
1,297,864.117,0.594,4.991658e-06,4.841661e-06,4.837497e-06,4.629159e-06,6.020832e-06,5.891665e-06,6.062492e-06,6.537493e-06,5.549995e-06,5.649996e-06,5.55416e-06,5.937497e-06,4.762499e-06,4.399999e-06,7.249999e-06,2.637498e-06
1,298,864.268,0.596,5.020825e-06,4.870828e-06,4.866663e-06,4.658325e-06,6.024996e-06,5.895829e-06,6.074993e-06,6.549994e-06,5.579162e-06,5.674998e-06,5.583326e-06,5.962499e-06,4.791665e-06,4.424993e-06,7.270829e-06,2.658328e-06
1,299,864.419,0.598,5.074994e-06,4.924997e-06,4.920832e-06,4.704165e-06,6.049999e-06,5.916659e-06,6.104159e-06,6.587497e-06,5.629166e-06,5.724994e-06,5.637495e-06,6.012495e-06,4.837497e-06,4.470825e-06,7.312497e-06,2.691658e-06
1,300,864.57,0.6,5.116661e-06,4.958328e-06,4.954163e-06,4.733332e-06,6.058327e-06,5.924996e-06,6.116661e-06,6.595826e-06,5.662497e-06,5.754161e-06,5.662497e-06,6.033325e-06,4.866663e-06,4.499992e-06,7.337499e-06,2.71666e-06
1,301,864.72,0.602,5.162493e-06,5.008332e-06,5.012496e-06,4.787493e-06,6.074993e-06,5.941661e-06,6.141663e-06,6.629165e-06,5.712493e-06,5.799993e-06,5.712493e-06,6.079165e-06,4.920832e-06,4.549996e-06,7.366665e-06,2.754164e-06
1,302,864.871,0.604,5.204161e-06,5.045827e-06,5.045827e-06,4.816659e-06,6.079165e-06,5.945826e-06,6.154164e-06,6.645831e-06,5.74166e-06,5.829159e-06,5.737495e-06,6.104159e-06,4.949999e-06,4.574998e-06,7.391659e-06,2.770829e-06
1,303,865.022,0.606,5.25833e-06,5.10416e-06,5.10416e-06,4.870828e-06,6.099995e-06,5.970828e-06,6.18333e-06,6.679161e-06,5.799993e-06,5.874999e-06,5.787492e-06,6.149999e-06,5.008332e-06,4.629159e-06,7.429162e-06,2.812497e-06
1,304,865.173,0.608,5.291661e-06,5.141664e-06,5.141664e-06,4.904159e-06,6.108331e-06,5.979165e-06,6.195831e-06,6.691662e-06,5.824995e-06,5.90833e-06,5.816658e-06,6.174993e-06,5.041663e-06,4.662498e-06,7.449993e-06,2.829162e-06
1,305,865.324,0.61,5.341665e-06,5.195832e-06,5.199997e-06,4.958328e-06,6.129162e-06,5.999994e-06,6.224998e-06,6.720829e-06,5.879164e-06,5.954162e-06,5.870827e-06,6.216661e-06,5.099996e-06,4.716659e-06,7.487496e-06,2.866665e-06
1,306,865.475,0.612,5.387497e-06,5.233328e-06,5.237492e-06,4.995831e-06,6.141663e-06,6.012495e-06,6.241663e-06,6.741659e-06,5.90833e-06,5.979165e-06,5.895829e-06,6.237499e-06,5.129163e-06,4.745825e-06,7.508326e-06,2.89166e-06
1,307,865.626,0.614,5.441666e-06,5.295825e-06,5.299997e-06,5.054164e-06,6.162492e-06,6.033325e-06,6.27083e-06,6.774998e-06,5.954162e-06,6.020832e-06,5.941661e-06,6.287495e-06,5.183331e-06,4.808331e-06,7.541664e-06,2.929163e-06
1,308,865.776,0.616,5.474997e-06,5.337492e-06,5.337492e-06,5.083331e-06,6.170829e-06,6.037497e-06,6.279159e-06,6.787499e-06,5.983329e-06,6.045826e-06,5.966663e-06,6.304161e-06,5.220827e-06,4.833333e-06,7.562494e-06,2.949993e-06
1,309,865.927,0.618,5.524993e-06,5.391661e-06,5.395826e-06,5.137499e-06,6.18333e-06,6.058327e-06,6.308325e-06,6.816666e-06,6.033325e-06,6.087494e-06,6.008331e-06,6.345828e-06,5.27916e-06,4.891666e-06,7.591661e-06,2.983332e-06
1,310,866.078,0.62,5.562496e-06,5.433329e-06,5.429165e-06,5.174994e-06,6.195831e-06,6.070828e-06,6.324999e-06,6.833331e-06,6.058327e-06,6.116661e-06,6.029161e-06,6.366666e-06,5.312499e-06,4.924997e-06,7.608326e-06,3.008326e-06
1,311,866.229,0.622,5.616665e-06,5.487498e-06,5.491662e-06,5.233328e-06,6.216661e-06,6.091658e-06,6.354165e-06,6.862497e-06,6.108331e-06,6.158328e-06,6.083329e-06,6.412498e-06,5.374996e-06,4.991658e-06,7.641665e-06,3.045829e-06
1,312,866.38,0.624,5.658333e-06,5.53333e-06,5.529165e-06,5.270831e-06,6.220826e-06,6.099995e-06,6.366666e-06,6.883327e-06,6.137498e-06,6.179166e-06,6.104159e-06,6.429163e-06,5.412499e-06,5.020825e-06,7.654166e-06,3.066659e-06
1,313,866.531,0.626,5.712493e-06,5.591663e-06,5.591663e-06,5.333328e-06,6.245828e-06,6.129162e-06,6.399997e-06,6.916666e-06,6.187495e-06,6.229162e-06,6.149999e-06,6.474996e-06,5.479161e-06,5.087495e-06,7.691661e-06,3.108327e-06
1,314,866.681,0.628,5.754161e-06,5.629166e-06,5.629166e-06,5.370831e-06,6.249992e-06,6.137498e-06,6.412498e-06,6.929159e-06,6.208332e-06,6.245828e-06,6.170829e-06,6.487497e-06,5.512492e-06,5.116661e-06,7.699999e-06,3.124992e-06
1,315,866.832,0.63,5.804165e-06,5.691663e-06,5.695828e-06,5.437493e-06,6.279159e-06,6.166665e-06,6.445829e-06,6.966663e-06,6.258329e-06,6.287495e-06,6.220826e-06,6.533329e-06,5.574997e-06,5.179159e-06,7.733329e-06,3.16666e-06
1,316,866.983,0.632,5.837496e-06,5.733331e-06,5.733331e-06,5.470832e-06,6.287495e-06,6.179166e-06,6.466659e-06,6.983328e-06,6.283331e-06,6.312498e-06,6.241663e-06,6.554159e-06,5.612493e-06,5.212498e-06,7.74583e-06,3.187497e-06
1,317,867.134,0.634,5.891665e-06,5.795829e-06,5.795829e-06,5.529165e-06,6.304161e-06,6.20416e-06,6.495825e-06,7.016659e-06,6.324999e-06,6.349993e-06,6.279159e-06,6.587497e-06,5.674998e-06,5.27916e-06,7.774996e-06,3.224993e-06
1,318,867.285,0.636,5.933332e-06,5.833332e-06,5.829159e-06,5.570825e-06,6.316662e-06,6.216661e-06,6.508326e-06,7.037497e-06,6.354165e-06,6.370831e-06,6.299997e-06,6.608327e-06,5.712493e-06,5.312499e-06,7.791662e-06,3.249995e-06
1,319,867.436,0.638,5.979165e-06,5.895829e-06,5.899994e-06,5.63333e-06,6.337492e-06,6.245828e-06,6.541665e-06,7.066663e-06,6.395833e-06,6.412498e-06,6.341664e-06,6.645831e-06,5.774998e-06,5.374996e-06,7.820829e-06,3.287498e-06
1,320,867.587,0.64,6.020832e-06,5.933332e-06,5.92916e-06,5.666661e-06,6.345828e-06,6.258329e-06,6.562495e-06,7.083328e-06,6.416662e-06,6.429163e-06,6.362494e-06,6.662496e-06,5.804165e-06,5.404162e-06,7.829165e-06,3.304164e-06
1,321,867.737,0.642,6.066664e-06,5.999994e-06,5.991666e-06,5.729159e-06,6.362494e-06,6.283331e-06,6.591662e-06,7.120832e-06,6.462495e-06,6.470831e-06,6.404161e-06,6.699999e-06,5.866663e-06,5.470832e-06,7.858332e-06,3.341659e-06
1,322,867.888,0.644,6.099995e-06,6.033325e-06,6.033325e-06,5.766662e-06,6.374995e-06,6.299997e-06,6.608327e-06,7.137497e-06,6.483333e-06,6.483333e-06,6.416662e-06,6.716665e-06,5.904166e-06,5.499999e-06,7.870825e-06,3.362497e-06
1,323,868.039,0.646,6.129162e-06,6.066664e-06,6.066664e-06,5.804165e-06,6.383332e-06,6.312498e-06,6.624993e-06,7.149999e-06,6.504162e-06,6.499998e-06,6.441664e-06,6.73333e-06,5.937497e-06,5.53333e-06,7.883326e-06,3.383326e-06
1,324,868.19,0.648,6.18333e-06,6.129162e-06,6.124997e-06,5.862498e-06,6.408326e-06,6.345828e-06,6.654159e-06,7.187494e-06,6.54583e-06,6.537493e-06,6.47916e-06,6.770825e-06,5.999994e-06,5.599999e-06,7.908328e-06,3.416665e-06
1,325,868.341,0.65,6.216661e-06,6.174993e-06,6.162492e-06,5.904166e-06,6.420827e-06,6.366666e-06,6.679161e-06,7.208331e-06,6.570832e-06,6.558331e-06,6.495825e-06,6.791663e-06,6.033325e-06,5.63333e-06,7.920829e-06,3.437495e-06
1,326,868.492,0.652,6.262493e-06,6.233327e-06,6.224998e-06,5.962499e-06,6.445829e-06,6.399997e-06,6.712492e-06,7.249999e-06,6.612492e-06,6.595826e-06,6.537493e-06,6.829158e-06,6.09583e-06,5.695828e-06,7.94166e-06,3.470826e-06
1,327,868.642,0.654,6.299997e-06,6.274994e-06,6.262493e-06,6.004159e-06,6.454166e-06,6.412498e-06,6.73333e-06,7.262492e-06,6.629165e-06,6.612492e-06,6.549994e-06,6.841659e-06,6.129162e-06,5.724994e-06,7.949996e-06,3.487492e-06
1,328,868.793,0.656,6.349993e-06,6.337492e-06,6.316662e-06,6.066664e-06,6.47916e-06,6.441664e-06,6.766661e-06,7.30416e-06,6.670833e-06,6.649995e-06,6.587497e-06,6.879163e-06,6.191659e-06,5.787492e-06,7.974998e-06,3.529159e-06
1,329,868.944,0.658,6.374995e-06,6.370831e-06,6.358329e-06,6.099995e-06,6.487497e-06,6.462495e-06,6.783327e-06,7.320825e-06,6.695827e-06,6.662496e-06,6.604163e-06,6.895828e-06,6.220826e-06,5.820831e-06,7.991664e-06,3.549997e-06
1,330,869.095,0.66,6.429163e-06,6.433328e-06,6.416662e-06,6.158328e-06,6.512499e-06,6.495825e-06,6.824994e-06,7.362493e-06,6.73333e-06,6.699999e-06,6.641666e-06,6.929159e-06,6.279159e-06,5.879164e-06,8.008329e-06,3.579164e-06
1,331,869.246,0.662,6.45833e-06,6.470831e-06,6.454166e-06,6.199996e-06,6.524992e-06,6.520828e-06,6.845832e-06,7.383331e-06,6.749995e-06,6.716665e-06,6.662496e-06,6.949997e-06,6.312498e-06,5.912495e-06,8.02083e-06,3.604166e-06
1,332,869.397,0.664,6.499998e-06,6.533329e-06,6.516663e-06,6.258329e-06,6.549994e-06,6.554159e-06,6.883327e-06,7.420826e-06,6.787499e-06,6.749995e-06,6.695827e-06,6.983328e-06,6.370831e-06,5.974992e-06,8.045832e-06,3.633332e-06
1,333,869.547,0.666,6.533329e-06,6.56666e-06,6.54583e-06,6.29166e-06,6.562495e-06,6.570832e-06,6.904165e-06,7.445828e-06,6.808329e-06,6.766661e-06,6.712492e-06,7.004166e-06,6.404161e-06,5.999994e-06,8.049997e-06,3.645825e-06
1,334,869.698,0.668,6.574996e-06,6.624993e-06,6.599998e-06,6.354165e-06,6.591662e-06,6.604163e-06,6.94166e-06,7.479159e-06,6.845832e-06,6.799992e-06,6.745831e-06,7.037497e-06,6.45833e-06,6.058327e-06,8.074999e-06,3.683329e-06
1,335,869.849,0.67,6.608327e-06,6.66666e-06,6.637494e-06,6.387496e-06,6.604163e-06,6.629165e-06,6.962498e-06,7.504161e-06,6.862497e-06,6.812493e-06,6.75416e-06,7.054162e-06,6.491661e-06,6.087494e-06,8.074999e-06,3.69583e-06
1,336,870.0,0.672,6.649995e-06,6.716665e-06,6.691662e-06,6.445829e-06,6.629165e-06,6.662496e-06,6.995829e-06,7.541664e-06,6.899993e-06,6.845832e-06,6.787499e-06,7.083328e-06,6.54583e-06,6.141663e-06,8.099993e-06,3.729161e-06
1,337,870.151,0.674,6.670833e-06,6.749995e-06,6.720829e-06,6.474996e-06,6.637494e-06,6.683326e-06,7.016659e-06,7.562494e-06,6.916666e-06,6.858325e-06,6.799992e-06,7.104159e-06,6.574996e-06,6.170829e-06,8.10833e-06,3.741662e-06
1,338,870.302,0.676,6.716665e-06,6.812493e-06,6.783327e-06,6.537493e-06,6.66666e-06,6.724993e-06,7.058326e-06,7.608326e-06,6.954161e-06,6.891664e-06,6.833331e-06,7.141662e-06,6.63333e-06,6.229162e-06,8.133332e-06,3.779165e-06
1,339,870.453,0.678,6.745831e-06,6.845832e-06,6.816666e-06,6.570832e-06,6.683326e-06,6.741659e-06,7.083328e-06,7.629164e-06,6.970827e-06,6.904165e-06,6.849996e-06,7.154163e-06,6.654159e-06,6.254164e-06,8.137496e-06,3.787494e-06
1,340,870.603,0.68,6.779162e-06,6.899993e-06,6.866662e-06,6.624993e-06,6.708328e-06,6.783327e-06,7.11666e-06,7.666659e-06,7.004166e-06,6.933331e-06,6.879163e-06,7.187494e-06,6.704164e-06,6.304161e-06,8.154162e-06,3.81666e-06
1,341,870.754,0.682,6.804164e-06,6.933331e-06,6.895828e-06,6.658332e-06,6.716665e-06,6.804164e-06,7.141662e-06,7.687497e-06,7.016659e-06,6.949997e-06,6.891664e-06,7.204159e-06,6.729166e-06,6.333327e-06,8.162498e-06,3.833326e-06
1,342,870.905,0.684,6.841659e-06,6.987492e-06,6.949997e-06,6.712492e-06,6.745831e-06,6.841659e-06,7.183329e-06,7.733329e-06,7.054162e-06,6.983328e-06,6.924995e-06,7.237498e-06,6.783327e-06,6.387496e-06,8.179164e-06,3.858328e-06
1,343,871.056,0.686,6.866662e-06,7.020831e-06,6.983328e-06,6.745831e-06,6.762496e-06,6.870826e-06,7.204159e-06,7.758331e-06,7.070827e-06,6.999993e-06,6.937496e-06,7.258328e-06,6.812493e-06,6.408326e-06,8.187492e-06,3.874993e-06
1,344,871.207,0.688,6.904165e-06,7.074992e-06,7.037497e-06,6.799992e-06,6.787499e-06,6.908329e-06,7.245827e-06,7.799999e-06,7.099994e-06,7.024995e-06,6.962498e-06,7.287495e-06,6.858325e-06,6.45833e-06,8.204166e-06,3.899996e-06
1,345,871.358,0.69,6.924995e-06,7.099994e-06,7.054162e-06,6.824994e-06,6.799992e-06,6.933331e-06,7.266664e-06,7.820829e-06,7.11666e-06,7.037497e-06,6.974999e-06,7.299996e-06,6.879163e-06,6.483333e-06,8.212495e-06,3.912497e-06
1,346,871.508,0.692,6.958326e-06,7.158327e-06,7.112495e-06,6.883327e-06,6.829158e-06,6.970827e-06,7.30416e-06,7.862496e-06,7.149999e-06,7.066663e-06,6.999993e-06,7.333326e-06,6.924995e-06,6.529164e-06,8.224996e-06,3.937499e-06
1,347,871.659,0.694,6.983328e-06,7.187494e-06,7.137497e-06,6.912494e-06,6.841659e-06,6.995829e-06,7.329162e-06,7.891663e-06,7.1625e-06,7.083328e-06,7.016659e-06,7.354164e-06,6.949997e-06,6.554159e-06,8.233333e-06,3.949992e-06
1,348,871.81,0.696,7.012494e-06,7.237498e-06,7.187494e-06,6.962498e-06,6.870826e-06,7.033332e-06,7.37083e-06,7.93333e-06,7.19583e-06,7.108331e-06,7.045825e-06,7.391659e-06,6.995829e-06,6.599998e-06,8.249998e-06,3.974994e-06
1,349,871.961,0.698,7.02916e-06,7.266664e-06,7.212496e-06,6.991665e-06,6.8875e-06,7.058326e-06,7.395832e-06,7.958332e-06,7.212496e-06,7.129161e-06,7.058326e-06,7.40416e-06,7.020831e-06,6.624993e-06,8.254163e-06,3.983331e-06
1,350,872.112,0.7,7.062499e-06,7.316661e-06,7.258328e-06,7.045825e-06,6.912494e-06,7.095829e-06,7.437499e-06,7.999993e-06,7.237498e-06,7.158327e-06,7.083328e-06,7.437499e-06,7.058326e-06,6.66666e-06,8.274992e-06,4.008325e-06
1,351,872.263,0.702,7.074992e-06,7.345827e-06,7.287495e-06,7.066663e-06,6.929159e-06,7.124996e-06,7.458329e-06,8.024995e-06,7.258328e-06,7.166664e-06,7.095829e-06,7.458329e-06,7.083328e-06,6.691662e-06,8.274992e-06,4.016661e-06
1,352,872.414,0.704,7.091665e-06,7.37083e-06,7.312497e-06,7.095829e-06,6.94166e-06,7.149999e-06,7.483332e-06,8.049997e-06,7.270829e-06,7.179165e-06,7.108331e-06,7.47083e-06,7.104159e-06,6.712492e-06,8.279165e-06,4.029163e-06
1,353,872.564,0.706,7.120832e-06,7.416661e-06,7.354164e-06,7.145826e-06,6.970827e-06,7.191666e-06,7.520827e-06,8.091664e-06,7.299996e-06,7.208331e-06,7.129161e-06,7.504161e-06,7.145826e-06,6.758332e-06,8.291666e-06,4.045828e-06
1,354,872.715,0.708,7.141662e-06,7.445828e-06,7.379158e-06,7.174993e-06,6.979164e-06,7.21666e-06,7.549993e-06,8.124995e-06,7.316661e-06,7.224997e-06,7.141662e-06,7.524999e-06,7.166664e-06,6.779162e-06,8.308331e-06,4.062494e-06
1,355,872.866,0.71,7.166664e-06,7.49166e-06,7.429162e-06,7.220833e-06,7.012494e-06,7.258328e-06,7.591661e-06,8.166663e-06,7.349992e-06,7.258328e-06,7.174993e-06,7.55833e-06,7.208331e-06,6.82083e-06,8.31666e-06,4.083332e-06
1,356,873.017,0.712,7.187494e-06,7.520827e-06,7.449993e-06,7.245827e-06,7.033332e-06,7.287495e-06,7.616663e-06,8.191665e-06,7.366665e-06,7.274993e-06,7.179165e-06,7.57916e-06,7.229161e-06,6.841659e-06,8.320832e-06,4.087496e-06
1,357,873.168,0.714,7.208331e-06,7.562494e-06,7.49166e-06,7.291659e-06,7.058326e-06,7.324998e-06,7.658331e-06,8.241662e-06,7.395832e-06,7.30416e-06,7.212496e-06,7.612498e-06,7.266664e-06,6.883327e-06,8.337498e-06,4.112498e-06
1,358,873.319,0.716,7.224997e-06,7.591661e-06,7.512498e-06,7.320825e-06,7.070827e-06,7.354164e-06,7.67916e-06,8.262499e-06,7.412497e-06,7.316661e-06,7.220833e-06,7.633328e-06,7.28333e-06,6.899993e-06,8.341662e-06,4.112498e-06
1,359,873.469,0.718,7.249999e-06,7.637493e-06,7.55833e-06,7.366665e-06,7.104159e-06,7.391659e-06,7.720828e-06,8.312496e-06,7.441664e-06,7.345827e-06,7.249999e-06,7.662495e-06,7.320825e-06,6.94166e-06,8.354164e-06,4.133328e-06
1,360,873.62,0.72,7.258328e-06,7.658331e-06,7.57916e-06,7.387495e-06,7.11666e-06,7.416661e-06,7.74583e-06,8.333325e-06,7.458329e-06,7.358328e-06,7.262492e-06,7.683333e-06,7.333326e-06,6.954161e-06,8.362492e-06,4.141665e-06
1,361,873.771,0.722,7.28333e-06,7.695826e-06,7.616663e-06,7.429162e-06,7.145826e-06,7.454165e-06,7.783326e-06,8.379166e-06,7.479159e-06,7.391659e-06,7.28333e-06,7.716663e-06,7.37083e-06,6.995829e-06,8.374993e-06,4.162494e-06
1,362,873.922,0.724,7.291659e-06,7.720828e-06,7.633328e-06,7.449993e-06,7.1625e-06,7.479159e-06,7.812492e-06,8.408332e-06,7.499997e-06,7.412497e-06,7.299996e-06,7.733329e-06,7.391659e-06,7.016659e-06,8.379166e-06,4.166659e-06
1,363,874.073,0.726,7.320825e-06,7.76666e-06,7.670832e-06,7.495833e-06,7.191666e-06,7.524999e-06,7.858332e-06,8.458328e-06,7.533328e-06,7.441664e-06,7.329162e-06,7.770833e-06,7.429162e-06,7.054162e-06,8.395831e-06,4.17916e-06
1,364,874.224,0.728,7.324998e-06,7.783326e-06,7.695826e-06,7.520827e-06,7.208331e-06,7.554166e-06,7.879162e-06,8.479166e-06,7.549993e-06,7.458329e-06,7.341663e-06,7.791662e-06,7.441664e-06,7.066663e-06,8.395831e-06,4.191661e-06
1,365,874.374,0.73,7.349992e-06,7.824993e-06,7.733329e-06,7.566658e-06,7.237498e-06,7.591661e-06,7.920829e-06,8.529162e-06,7.583332e-06,7.49166e-06,7.37083e-06,7.824993e-06,7.479159e-06,7.104159e-06,8.41666e-06,4.208326e-06
1,366,874.525,0.732,7.358328e-06,7.849995e-06,7.749994e-06,7.583332e-06,7.258328e-06,7.620828e-06,7.949996e-06,8.558329e-06,7.595825e-06,7.508326e-06,7.383331e-06,7.845831e-06,7.499997e-06,7.129161e-06,8.420833e-06,4.216663e-06
1,367,874.676,0.734,7.374994e-06,7.883326e-06,7.787497e-06,7.620828e-06,7.279165e-06,7.662495e-06,7.987499e-06,8.604161e-06,7.629164e-06,7.537492e-06,7.408333e-06,7.883326e-06,7.529163e-06,7.158327e-06,8.429161e-06,4.224992e-06
1,368,874.827,0.736,7.379158e-06,7.904164e-06,7.804163e-06,7.641665e-06,7.299996e-06,7.687497e-06,8.016666e-06,8.633328e-06,7.645829e-06,7.55833e-06,7.420826e-06,7.904164e-06,7.549993e-06,7.179165e-06,8.437499e-06,4.233329e-06
1,369,874.978,0.738,7.399996e-06,7.945831e-06,7.841659e-06,7.687497e-06,7.333326e-06,7.733329e-06,8.062498e-06,8.683332e-06,7.683333e-06,7.587496e-06,7.449993e-06,7.94166e-06,7.583332e-06,7.212496e-06,8.45e-06,4.249994e-06
1,370,875.129,0.74,7.412497e-06,7.962497e-06,7.85416e-06,7.708327e-06,7.345827e-06,7.758331e-06,8.083328e-06,8.704162e-06,7.695826e-06,7.612498e-06,7.466666e-06,7.962497e-06,7.599997e-06,7.229161e-06,8.454163e-06,4.254158e-06
1,371,875.28,0.742,7.420826e-06,7.999993e-06,7.891663e-06,7.741666e-06,7.374994e-06,7.799999e-06,8.12916e-06,8.75833e-06,7.733329e-06,7.641665e-06,7.49166e-06,7.995828e-06,7.629164e-06,7.262492e-06,8.466665e-06,4.266659e-06
1,372,875.43,0.744,7.429162e-06,8.02083e-06,7.899992e-06,7.76666e-06,7.391659e-06,7.824993e-06,8.149997e-06,8.783332e-06,7.749994e-06,7.658331e-06,7.512498e-06,8.016666e-06,7.645829e-06,7.279165e-06,8.470829e-06,4.270832e-06
1,373,875.581,0.746,7.449993e-06,8.054161e-06,7.937495e-06,7.804163e-06,7.424998e-06,7.866661e-06,8.191665e-06,8.824993e-06,7.779161e-06,7.695826e-06,7.537492e-06,8.054161e-06,7.67916e-06,7.308332e-06,8.48333e-06,4.283325e-06
1,374,875.732,0.748,7.449993e-06,8.070827e-06,7.945831e-06,7.820829e-06,7.433327e-06,7.891663e-06,8.220832e-06,8.854158e-06,7.795827e-06,7.708327e-06,7.549993e-06,8.079163e-06,7.695826e-06,7.324998e-06,8.491659e-06,4.287497e-06
1,375,875.883,0.75,7.466666e-06,8.104165e-06,7.983327e-06,7.85416e-06,7.466666e-06,7.93333e-06,8.258326e-06,8.899999e-06,7.824993e-06,7.74583e-06,7.587496e-06,8.116658e-06,7.724992e-06,7.358328e-06,8.50416e-06,4.299998e-06
1,376,876.034,0.752,7.47083e-06,8.124995e-06,7.995828e-06,7.874997e-06,7.483332e-06,7.958332e-06,8.287493e-06,8.929165e-06,7.849995e-06,7.76666e-06,7.604162e-06,8.137496e-06,7.741666e-06,7.374994e-06,8.512497e-06,4.308327e-06
1,377,876.185,0.754,7.483332e-06,8.154162e-06,8.02083e-06,7.912493e-06,7.512498e-06,7.999993e-06,8.329161e-06,8.979162e-06,7.883326e-06,7.799999e-06,7.633328e-06,8.179164e-06,7.774996e-06,7.40416e-06,8.529162e-06,4.320828e-06
1,378,876.335,0.756,7.487496e-06,8.174999e-06,8.037496e-06,7.924994e-06,7.529163e-06,8.024995e-06,8.349999e-06,9.004164e-06,7.904164e-06,7.824993e-06,7.645829e-06,8.199993e-06,7.787497e-06,7.424998e-06,8.529162e-06,4.324992e-06
1,379,876.486,0.758,7.495833e-06,8.191665e-06,8.054161e-06,7.945831e-06,7.545829e-06,8.049997e-06,8.379166e-06,9.033331e-06,7.924994e-06,7.841659e-06,7.666659e-06,8.220832e-06,7.808328e-06,7.441664e-06,8.533327e-06,4.329165e-06
1,380,876.637,0.76,7.504161e-06,8.216659e-06,8.079163e-06,7.979163e-06,7.570831e-06,8.087492e-06,8.420833e-06,9.079162e-06,7.958332e-06,7.883326e-06,7.699999e-06,8.258326e-06,7.841659e-06,7.47083e-06,8.554164e-06,4.341666e-06
1,381,876.788,0.762,7.504161e-06,8.237497e-06,8.095829e-06,8.004165e-06,7.599997e-06,8.116658e-06,8.441662e-06,9.116666e-06,7.979163e-06,7.904164e-06,7.720828e-06,8.279165e-06,7.862496e-06,7.49166e-06,8.554164e-06,4.34583e-06
1,382,876.939,0.764,7.516662e-06,8.266664e-06,8.116658e-06,8.033331e-06,7.620828e-06,8.154162e-06,8.487495e-06,9.158325e-06,8.016666e-06,7.937495e-06,7.74583e-06,8.31666e-06,7.891663e-06,7.520827e-06,8.566665e-06,4.358331e-06
1,383,877.09,0.766,7.524999e-06,8.283329e-06,8.12916e-06,8.045832e-06,7.637493e-06,8.179164e-06,8.508333e-06,9.191665e-06,8.037496e-06,7.958332e-06,7.770833e-06,8.345826e-06,7.916665e-06,7.541664e-06,8.574994e-06,4.362496e-06
1,384,877.241,0.768,7.533328e-06,8.312496e-06,8.154162e-06,8.083328e-06,7.674996e-06,8.216659e-06,8.549992e-06,9.233332e-06,8.079163e-06,7.991664e-06,7.804163e-06,8.383329e-06,7.945831e-06,7.570831e-06,8.587495e-06,4.374997e-06
1,385,877.391,0.77,7.533328e-06,8.329161e-06,8.162498e-06,8.099993e-06,7.683333e-06,8.241662e-06,8.579159e-06,9.266662e-06,8.095829e-06,8.016666e-06,7.820829e-06,8.404159e-06,7.966662e-06,7.587496e-06,8.595832e-06,4.379161e-06
1,386,877.542,0.772,7.549993e-06,8.358327e-06,8.191665e-06,8.137496e-06,7.720828e-06,8.283329e-06,8.616662e-06,9.30833e-06,8.137496e-06,8.054161e-06,7.85416e-06,8.441662e-06,7.995828e-06,7.620828e-06,8.608326e-06,4.391662e-06
1,387,877.693,0.774,7.549993e-06,8.370828e-06,8.199993e-06,8.149997e-06,7.733329e-06,8.312496e-06,8.641664e-06,9.337497e-06,8.154162e-06,8.070827e-06,7.879162e-06,8.462493e-06,8.016666e-06,7.637493e-06,8.612497e-06,4.395827e-06
1,388,877.844,0.776,7.562494e-06,8.399995e-06,8.224996e-06,8.183329e-06,7.758331e-06,8.345826e-06,8.683332e-06,9.383329e-06,8.19583e-06,8.112494e-06,7.912493e-06,8.50416e-06,8.054161e-06,7.670832e-06,8.629163e-06,4.412492e-06
1,389,877.995,0.778,7.562494e-06,8.412496e-06,8.233333e-06,8.19583e-06,7.774996e-06,8.370828e-06,8.708326e-06,9.41666e-06,8.220832e-06,8.137496e-06,7.93333e-06,8.533327e-06,8.074999e-06,7.691661e-06,8.637492e-06,4.420829e-06
1,390,878.146,0.78,7.574995e-06,8.441662e-06,8.254163e-06,8.22916e-06,7.816664e-06,8.412496e-06,8.749994e-06,9.462499e-06,8.254163e-06,8.174999e-06,7.966662e-06,8.566665e-06,8.10833e-06,7.720828e-06,8.645829e-06,4.429166e-06
1,391,878.296,0.782,7.574995e-06,8.45e-06,8.266664e-06,8.245825e-06,7.829165e-06,8.433326e-06,8.774996e-06,9.49583e-06,8.279165e-06,8.199993e-06,7.987499e-06,8.587495e-06,8.12916e-06,7.737493e-06,8.645829e-06,4.429166e-06
1,392,878.447,0.784,7.583332e-06,8.48333e-06,8.283329e-06,8.279165e-06,7.858332e-06,8.474994e-06,8.816663e-06,9.541663e-06,8.320832e-06,8.237497e-06,8.02083e-06,8.633328e-06,8.162498e-06,7.770833e-06,8.65833e-06,4.445831e-06
1,393,878.598,0.786,7.583332e-06,8.491659e-06,8.291666e-06,8.287493e-06,7.870825e-06,8.495832e-06,8.837494e-06,9.566665e-06,8.345826e-06,8.262499e-06,8.049997e-06,8.65833e-06,8.183329e-06,7.791662e-06,8.670831e-06,4.458332e-06
1,394,878.749,0.788,7.595825e-06,8.520826e-06,8.31666e-06,8.324997e-06,7.908328e-06,8.529162e-06,8.883325e-06,9.620825e-06,8.387494e-06,8.304159e-06,8.091664e-06,8.695833e-06,8.224996e-06,7.824993e-06,8.687496e-06,4.466661e-06
1,395,878.9,0.79,7.599997e-06,8.533327e-06,8.324997e-06,8.345826e-06,7.920829e-06,8.554164e-06,8.904163e-06,9.645828e-06,8.412496e-06,8.324997e-06,8.112494e-06,8.724999e-06,8.245825e-06,7.845831e-06,8.687496e-06,4.474998e-06
1,396,879.051,0.792,7.608326e-06,8.562493e-06,8.349999e-06,8.374993e-06,7.954161e-06,8.59166e-06,8.941666e-06,9.691659e-06,8.454163e-06,8.362492e-06,8.145825e-06,8.75833e-06,8.283329e-06,7.879162e-06,8.699997e-06,4.487499e-06
1,397,879.202,0.794,7.608326e-06,8.574994e-06,8.354164e-06,8.383329e-06,7.966662e-06,8.616662e-06,8.96666e-06,9.720826e-06,8.474994e-06,8.387494e-06,8.170828e-06,8.77916e-06,8.308331e-06,7.895827e-06,8.704162e-06,4.495827e-06
1,398,879.352,0.796,7.616663e-06,8.599996e-06,8.370828e-06,8.424998e-06,7.995828e-06,8.649993e-06,9.004164e-06,9.766666e-06,8.520826e-06,8.420833e-06,8.208331e-06,8.816663e-06,8.341662e-06,7.93333e-06,8.716663e-06,4.508328e-06
1,399,879.503,0.798,7.620828e-06,8.612497e-06,8.383329e-06,8.441662e-06,8.016666e-06,8.674995e-06,9.024993e-06,9.795833e-06,8.545828e-06,8.445827e-06,8.233333e-06,8.84583e-06,8.366665e-06,7.954161e-06,8.720827e-06,4.516665e-06
1,400,879.654,0.8,7.633328e-06,8.641664e-06,8.399995e-06,8.470829e-06,8.037496e-06,8.712498e-06,9.066661e-06,9.845829e-06,8.587495e-06,8.48333e-06,8.274992e-06,8.887498e-06,8.412496e-06,7.987499e-06,8.737493e-06,4.537495e-06
1,401,879.805,0.802,7.637493e-06,8.649993e-06,8.404159e-06,8.487495e-06,8.062498e-06,8.733328e-06,9.087499e-06,9.870831e-06,8.612497e-06,8.508333e-06,8.29583e-06,8.912491e-06,8.433326e-06,8.008329e-06,8.741665e-06,4.545832e-06
1,402,879.956,0.804,7.645829e-06,8.67916e-06,8.429161e-06,8.516661e-06,8.091664e-06,8.770831e-06,9.129159e-06,9.916663e-06,8.654165e-06,8.545828e-06,8.337498e-06,8.954159e-06,8.479166e-06,8.045832e-06,8.754166e-06,4.562497e-06
1,403,880.107,0.806,7.649994e-06,8.691661e-06,8.429161e-06,8.533327e-06,8.10833e-06,8.791661e-06,9.149996e-06,9.941666e-06,8.683332e-06,8.562493e-06,8.358327e-06,8.96666e-06,8.499996e-06,8.062498e-06,8.754166e-06,4.570826e-06
1,404,880.257,0.808,7.658331e-06,8.716663e-06,8.45e-06,8.566665e-06,8.137496e-06,8.824993e-06,9.191665e-06,9.987497e-06,8.724999e-06,8.608326e-06,8.399995e-06,9.012492e-06,8.541663e-06,8.104165e-06,8.770831e-06,4.591664e-06
1,405,880.408,0.81,7.662495e-06,8.737493e-06,8.458328e-06,8.587495e-06,8.158326e-06,8.84583e-06,9.212494e-06,1.0020828e-05,8.754166e-06,8.633328e-06,8.429161e-06,9.037494e-06,8.566665e-06,8.124995e-06,8.770831e-06,4.599992e-06
1,406,880.559,0.812,7.666659e-06,8.745829e-06,8.462493e-06,8.599996e-06,8.174999e-06,8.870832e-06,9.233332e-06,1.004583e-05,8.774996e-06,8.649993e-06,8.445827e-06,9.058333e-06,8.59166e-06,8.149997e-06,8.774996e-06,4.612494e-06
1,407,880.71,0.814,7.67916e-06,8.774996e-06,8.487495e-06,8.633328e-06,8.204166e-06,8.895826e-06,9.270827e-06,1.0091662e-05,8.824993e-06,8.691661e-06,8.495832e-06,9.095827e-06,8.637492e-06,8.183329e-06,8.787497e-06,4.633331e-06
1,408,880.861,0.816,7.683333e-06,8.783332e-06,8.495832e-06,8.649993e-06,8.224996e-06,8.924992e-06,9.291664e-06,1.0120829e-05,8.849995e-06,8.712498e-06,8.516661e-06,9.124994e-06,8.666659e-06,8.204166e-06,8.791661e-06,4.64166e-06
1,409,881.012,0.818,7.699999e-06,8.816663e-06,8.516661e-06,8.683332e-06,8.258326e-06,8.962496e-06,9.32916e-06,1.0166661e-05,8.891662e-06,8.754166e-06,8.554164e-06,9.162498e-06,8.708326e-06,8.241662e-06,8.799998e-06,4.662498e-06
1,410,881.162,0.82,7.704162e-06,8.829164e-06,8.520826e-06,8.695833e-06,8.270827e-06,8.983326e-06,9.349998e-06,1.0195828e-05,8.920829e-06,8.774996e-06,8.583331e-06,9.187492e-06,8.733328e-06,8.266664e-06,8.804162e-06,4.674999e-06
1,411,881.313,0.822,7.720828e-06,8.854158e-06,8.5375e-06,8.737493e-06,8.304159e-06,9.016665e-06,9.387493e-06,1.0237495e-05,8.962496e-06,8.812499e-06,8.624998e-06,9.229159e-06,8.77916e-06,8.304159e-06,8.820828e-06,4.695829e-06
1,412,881.464,0.824,7.729165e-06,8.870832e-06,8.545828e-06,8.754166e-06,8.324997e-06,9.033331e-06,9.408331e-06,1.0266662e-05,8.991663e-06,8.837494e-06,8.649993e-06,9.245833e-06,8.812499e-06,8.329161e-06,8.824993e-06,4.712494e-06
1,413,881.615,0.826,7.74583e-06,8.899999e-06,8.566665e-06,8.791661e-06,8.358327e-06,9.066661e-06,9.445826e-06,1.0308329e-05,9.037494e-06,8.870832e-06,8.691661e-06,9.287493e-06,8.854158e-06,8.362492e-06,8.833329e-06,4.733332e-06
1,414,881.766,0.828,7.749994e-06,8.916664e-06,8.574994e-06,8.804162e-06,8.370828e-06,9.087499e-06,9.470828e-06,1.0341661e-05,9.066661e-06,8.895826e-06,8.716663e-06,9.312495e-06,8.883325e-06,8.391658e-06,8.833329e-06,4.745825e-06
1,415,881.917,0.83,7.76666e-06,8.941666e-06,8.59166e-06,8.841665e-06,8.399995e-06,9.116666e-06,9.50416e-06,1.0387492e-05,9.112493e-06,8.93333e-06,8.75833e-06,9.354162e-06,8.929165e-06,8.429161e-06,8.841665e-06,4.770827e-06
1,416,882.068,0.832,7.779161e-06,8.962496e-06,8.608326e-06,8.862496e-06,8.420833e-06,9.14166e-06,9.533326e-06,1.0420831e-05,9.137495e-06,8.958332e-06,8.787497e-06,9.374992e-06,8.962496e-06,8.454163e-06,8.849995e-06,4.783328e-06
1,417,882.218,0.834,7.799999e-06,8.991663e-06,8.624998e-06,8.895826e-06,8.445827e-06,9.170826e-06,9.562493e-06,1.0458326e-05,9.183327e-06,8.995827e-06,8.829164e-06,9.41666e-06,9.004164e-06,8.491659e-06,8.849995e-06,4.808331e-06
1,418,882.369,0.836,7.808328e-06,9.004164e-06,8.629163e-06,8.912491e-06,8.466665e-06,9.191665e-06,9.587495e-06,1.0491665e-05,9.212494e-06,9.02083e-06,8.854158e-06,9.437497e-06,9.037494e-06,8.512497e-06,8.849995e-06,4.824996e-06
1,419,882.52,0.838,7.824993e-06,9.037494e-06,8.654165e-06,8.954159e-06,8.499996e-06,9.22083e-06,9.620825e-06,1.0537497e-05,9.258326e-06,9.05416e-06,8.895826e-06,9.479165e-06,9.083326e-06,8.558329e-06,8.86666e-06,4.854162e-06
1,420,882.671,0.84,7.841659e-06,9.058333e-06,8.662494e-06,8.974997e-06,8.516661e-06,9.245833e-06,9.645828e-06,1.0566664e-05,9.283328e-06,9.079162e-06,8.920829e-06,9.499995e-06,9.112493e-06,8.579159e-06,8.870832e-06,4.866663e-06
1,421,882.822,0.842,7.862496e-06,9.087499e-06,8.687496e-06,9.012492e-06,8.549992e-06,9.279163e-06,9.679158e-06,1.0608332e-05,9.333332e-06,9.116666e-06,8.96666e-06,9.541663e-06,9.158325e-06,8.616662e-06,8.874997e-06,4.89583e-06
1,422,882.973,0.844,7.874997e-06,9.104165e-06,8.699997e-06,9.033331e-06,8.566665e-06,9.295829e-06,9.699997e-06,1.0641662e-05,9.366663e-06,9.14166e-06,8.995827e-06,9.562493e-06,9.191665e-06,8.641664e-06,8.879161e-06,4.912496e-06
1,423,883.123,0.846,7.895827e-06,9.137495e-06,8.720827e-06,9.074998e-06,8.599996e-06,9.333332e-06,9.7375e-06,1.0687494e-05,9.408331e-06,9.174999e-06,9.041659e-06,9.60416e-06,9.24166e-06,8.687496e-06,8.891662e-06,4.941662e-06
1,424,883.274,0.848,7.920829e-06,9.162498e-06,8.737493e-06,9.095827e-06,8.616662e-06,9.349998e-06,9.75833e-06,1.0712496e-05,9.437497e-06,9.199993e-06,9.062497e-06,9.629162e-06,9.275e-06,8.712498e-06,8.891662e-06,4.962492e-06
1,425,883.425,0.85,7.937495e-06,9.195828e-06,8.75833e-06,9.129159e-06,8.65833e-06,9.379164e-06,9.79166e-06,1.0758328e-05,9.479165e-06,9.233332e-06,9.104165e-06,9.662493e-06,9.320831e-06,8.749994e-06,8.899999e-06,4.987494e-06
1,426,883.576,0.852,7.954161e-06,9.208329e-06,8.770831e-06,9.154161e-06,8.662494e-06,9.399994e-06,9.812498e-06,1.0779167e-05,9.50416e-06,9.258326e-06,9.129159e-06,9.683331e-06,9.345826e-06,8.774996e-06,8.899999e-06,5.004159e-06
1,427,883.727,0.854,7.979163e-06,9.245833e-06,8.799998e-06,9.195828e-06,8.695833e-06,9.433325e-06,9.849993e-06,1.0824998e-05,9.549999e-06,9.295829e-06,9.174999e-06,9.724999e-06,9.399994e-06,8.820828e-06,8.908328e-06,5.033326e-06
1,428,883.878,0.856,7.999993e-06,9.266662e-06,8.816663e-06,9.216667e-06,8.712498e-06,9.449998e-06,9.866659e-06,1.0854164e-05,9.58333e-06,9.316659e-06,9.199993e-06,9.749992e-06,9.429161e-06,8.837494e-06,8.904163e-06,5.054164e-06
1,429,884.029,0.858,8.024995e-06,9.304166e-06,8.841665e-06,9.258326e-06,8.745829e-06,9.487494e-06,9.904162e-06,1.0899997e-05,9.633327e-06,9.349998e-06,9.24166e-06,9.787496e-06,9.474993e-06,8.883325e-06,8.916664e-06,5.083331e-06
1,430,884.179,0.86,8.045832e-06,9.324996e-06,8.858331e-06,9.279163e-06,8.75833e-06,9.50416e-06,9.924992e-06,1.0924999e-05,9.658329e-06,9.370828e-06,9.266662e-06,9.804161e-06,9.50416e-06,8.904163e-06,8.912491e-06,5.10416e-06
1,431,884.33,0.862,8.070827e-06,9.358327e-06,8.887498e-06,9.320831e-06,8.791661e-06,9.533326e-06,9.962495e-06,1.0966659e-05,9.704161e-06,9.412495e-06,9.312495e-06,9.849993e-06,9.558328e-06,8.945831e-06,8.920829e-06,5.133327e-06
1,432,884.481,0.864,8.099993e-06,9.383329e-06,8.908328e-06,9.341661e-06,8.816663e-06,9.554164e-06,9.97916e-06,1.0999997e-05,9.7375e-06,9.429161e-06,9.341661e-06,9.866659e-06,9.58333e-06,8.96666e-06,8.920829e-06,5.149992e-06
1,433,884.632,0.866,8.116658e-06,9.404159e-06,8.924992e-06,9.362499e-06,8.837494e-06,9.570829e-06,9.999999e-06,1.1020828e-05,9.75833e-06,9.449998e-06,9.366663e-06,9.891661e-06,9.612497e-06,8.995827e-06,8.916664e-06,5.17083e-06
1,434,884.783,0.868,8.145825e-06,9.441662e-06,8.954159e-06,9.412495e-06,8.858331e-06,9.608332e-06,1.0033329e-05,1.1070832e-05,9.808326e-06,9.487494e-06,9.408331e-06,9.929165e-06,9.662493e-06,9.037494e-06,8.929165e-06,5.204161e-06
1,435,884.934,0.87,8.170828e-06,9.462499e-06,8.979162e-06,9.429161e-06,8.883325e-06,9.624998e-06,1.0049995e-05,1.1095826e-05,9.837492e-06,9.508331e-06,9.437497e-06,9.95833e-06,9.691659e-06,9.058333e-06,8.929165e-06,5.229163e-06
1,436,885.084,0.872,8.208331e-06,9.50416e-06,9.012492e-06,9.479165e-06,8.912491e-06,9.654164e-06,1.0087498e-05,1.1141666e-05,9.87916e-06,9.541663e-06,9.479165e-06,9.991661e-06,9.745829e-06,9.104165e-06,8.937494e-06,5.25833e-06
1,437,885.235,0.874,8.237497e-06,9.529162e-06,9.037494e-06,9.50416e-06,8.937494e-06,9.67083e-06,1.0108328e-05,1.116666e-05,9.908326e-06,9.562493e-06,9.499995e-06,1.0016664e-05,9.770831e-06,9.124994e-06,8.929165e-06,5.274995e-06
1,438,885.386,0.876,8.266664e-06,9.566665e-06,9.066661e-06,9.545827e-06,8.96666e-06,9.699997e-06,1.0137494e-05,1.1208328e-05,9.95833e-06,9.595831e-06,9.545827e-06,1.0058331e-05,9.820827e-06,9.166662e-06,8.941666e-06,5.312499e-06
1,439,885.537,0.878,8.29583e-06,9.595831e-06,9.087499e-06,9.574994e-06,8.987498e-06,9.720826e-06,1.0158332e-05,1.123333e-05,9.983333e-06,9.616661e-06,9.566665e-06,1.0079161e-05,9.845829e-06,9.191665e-06,8.937494e-06,5.333328e-06
1,440,885.688,0.88,8.329161e-06,9.633327e-06,9.12083e-06,9.612497e-06,9.012492e-06,9.749992e-06,1.0191663e-05,1.1279162e-05,1.0029165e-05,9.649992e-06,9.608332e-06,1.0108328e-05,9.891661e-06,9.224995e-06,8.941666e-06,5.366659e-06
1,441,885.839,0.882,8.362492e-06,9.662493e-06,9.154161e-06,9.641663e-06,9.033331e-06,9.770831e-06,1.0212493e-05,1.1304164e-05,1.0058331e-05,9.67083e-06,9.633327e-06,1.013333e-05,9.924992e-06,9.249997e-06,8.937494e-06,5.383333e-06
1,442,885.989,0.884,8.391658e-06,9.699997e-06,9.191665e-06,9.683331e-06,9.066661e-06,9.799997e-06,1.0245832e-05,1.1345832e-05,1.0104163e-05,9.704161e-06,9.674995e-06,1.0174997e-05,9.970832e-06,9.291664e-06,8.945831e-06,5.420828e-06
1,443,886.14,0.886,8.424998e-06,9.733327e-06,9.216667e-06,9.712498e-06,9.091664e-06,9.816663e-06,1.0262497e-05,1.1370826e-05,1.0129165e-05,9.724999e-06,9.699997e-06,1.0191663e-05,9.999999e-06,9.316659e-06,8.945831e-06,5.437493e-06
1,444,886.291,0.888,8.462493e-06,9.770831e-06,9.254161e-06,9.754165e-06,9.112493e-06,9.845829e-06,1.0295828e-05,1.1408329e-05,1.0170826e-05,9.75833e-06,9.741664e-06,1.0229166e-05,1.004583e-05,9.354162e-06,8.945831e-06,5.470832e-06
1,445,886.442,0.89,8.495832e-06,9.795833e-06,9.279163e-06,9.774994e-06,9.129159e-06,9.85833e-06,1.0316666e-05,1.1437495e-05,1.0199992e-05,9.774994e-06,9.766666e-06,1.0245832e-05,1.0074997e-05,9.374992e-06,8.945831e-06,5.487498e-06
1,446,886.593,0.892,8.529162e-06,9.833328e-06,9.316659e-06,9.824999e-06,9.154161e-06,9.891661e-06,1.0349997e-05,1.1479163e-05,1.0245832e-05,9.804161e-06,9.799997e-06,1.0283327e-05,1.0124993e-05,9.41666e-06,8.949995e-06,5.520828e-06
1,447,886.744,0.894,8.562493e-06,9.862494e-06,9.349998e-06,9.845829e-06,9.179163e-06,9.908326e-06,1.0374999e-05,1.1504166e-05,1.0270826e-05,9.820827e-06,9.824999e-06,1.0304165e-05,1.0145831e-05,9.437497e-06,8.945831e-06,5.545831e-06
1,448,886.895,0.896,8.599996e-06,9.899998e-06,9.387493e-06,9.891661e-06,9.208329e-06,9.937493e-06,1.0404166e-05,1.1541661e-05,1.0316666e-05,9.854166e-06,9.862494e-06,1.0341661e-05,1.0187498e-05,9.474993e-06,8.954159e-06,5.574997e-06
1,449,887.045,0.898,8.637492e-06,9.929165e-06,9.420832e-06,9.912499e-06,9.233332e-06,9.954158e-06,1.0424996e-05,1.1570827e-05,1.0341661e-05,9.874995e-06,9.887497e-06,1.0362498e-05,1.0224994e-05,9.49583e-06,8.945831e-06,5.591663e-06
1,450,887.196,0.9,8.674995e-06,9.970832e-06,9.466664e-06,9.95833e-06,9.254161e-06,9.97916e-06,1.0458326e-05,1.160833e-05,1.0383328e-05,9.899998e-06,9.924992e-06,1.0395829e-05,1.0262497e-05,9.537498e-06,8.949995e-06,5.629166e-06
1,451,887.347,0.902,8.708326e-06,9.999999e-06,9.499995e-06,9.983333e-06,9.283328e-06,9.999999e-06,1.0470828e-05,1.162916e-05,1.0412495e-05,9.916663e-06,9.949994e-06,1.0416658e-05,1.0287499e-05,9.549999e-06,8.941666e-06,5.649996e-06
1,452,887.498,0.904,8.749994e-06,1.0037494e-05,9.537498e-06,1.0024993e-05,9.312495e-06,1.0033329e-05,1.0504166e-05,1.1674992e-05,1.0458326e-05,9.954158e-06,9.987497e-06,1.0454162e-05,1.0333331e-05,9.595831e-06,8.958332e-06,5.679162e-06
1,453,887.649,0.906,8.787497e-06,1.006666e-05,9.570829e-06,1.0054159e-05,9.333332e-06,1.0054159e-05,1.0520832e-05,1.1699995e-05,1.0483329e-05,9.970832e-06,1.00125e-05,1.0479164e-05,1.0358325e-05,9.616661e-06,8.949995e-06,5.699992e-06
1,454,887.8,0.908,8.829164e-06,1.0112492e-05,9.620825e-06,1.0099999e-05,9.366663e-06,1.0083326e-05,1.0558327e-05,1.1741662e-05,1.0533333e-05,1.0004163e-05,1.0058331e-05,1.0512495e-05,1.040833e-05,9.658329e-06,8.949995e-06,5.737495e-06
1,455,887.95,0.91,8.86666e-06,1.0141659e-05,9.658329e-06,1.0124993e-05,9.383329e-06,1.0099999e-05,1.0579165e-05,1.1766664e-05,1.0558327e-05,1.0020828e-05,1.0074997e-05,1.0533333e-05,1.0437497e-05,9.674995e-06,8.945831e-06,5.758325e-06
1,456,888.101,0.912,8.908328e-06,1.0183327e-05,9.704161e-06,1.0170826e-05,9.412495e-06,1.0129165e-05,1.0608332e-05,1.180416e-05,1.0604159e-05,1.0049995e-05,1.0116664e-05,1.0570828e-05,1.0479164e-05,9.716662e-06,8.954159e-06,5.791664e-06
1,457,888.252,0.914,8.949995e-06,1.0216665e-05,9.7375e-06,1.0195828e-05,9.433325e-06,1.0145831e-05,1.0629161e-05,1.1837498e-05,1.0633325e-05,1.006666e-05,1.0141659e-05,1.0591666e-05,1.0508331e-05,9.733327e-06,8.949995e-06,5.812494e-06
1,458,888.403,0.916,8.995827e-06,1.0262497e-05,9.787496e-06,1.0245832e-05,9.462499e-06,1.0174997e-05,1.0666665e-05,1.1870829e-05,1.0670828e-05,1.0099999e-05,1.0183327e-05,1.0624997e-05,1.0554163e-05,9.774994e-06,8.945831e-06,5.845833e-06
1,459,888.554,0.918,9.033331e-06,1.0291664e-05,9.824999e-06,1.0266662e-05,9.487494e-06,1.0195828e-05,1.0683329e-05,1.1899996e-05,1.0699995e-05,1.0112492e-05,1.0204164e-05,1.0649999e-05,1.0570828e-05,9.795833e-06,8.949995e-06,5.866663e-06
1,460,888.705,0.92,9.074998e-06,1.0333331e-05,9.870831e-06,1.0312494e-05,9.516661e-06,1.0224994e-05,1.0716661e-05,1.1937499e-05,1.0745827e-05,1.0141659e-05,1.0237495e-05,1.0683329e-05,1.061666e-05,9.833328e-06,8.949995e-06,5.899994e-06
1,461,888.855,0.922,9.116666e-06,1.0362498e-05,9.908326e-06,1.0341661e-05,9.541663e-06,1.024166e-05,1.0733326e-05,1.1962493e-05,1.0770829e-05,1.0158332e-05,1.0258333e-05,1.070416e-05,1.0641662e-05,9.854166e-06,8.945831e-06,5.920831e-06
1,462,889.006,0.924,9.145832e-06,1.0391665e-05,9.941666e-06,1.0362498e-05,9.558328e-06,1.0258333e-05,1.0754164e-05,1.1987496e-05,1.0795831e-05,1.0170826e-05,1.0287499e-05,1.0720825e-05,1.0666665e-05,9.874995e-06,8.941666e-06,5.937497e-06
1,463,889.157,0.926,9.187492e-06,1.0433332e-05,9.995826e-06,1.040833e-05,9.587495e-06,1.0291664e-05,1.078333e-05,1.2029163e-05,1.0845828e-05,1.0204164e-05,1.0324995e-05,1.0762493e-05,1.0712496e-05,9.916663e-06,8.954159e-06,5.970828e-06
1,464,889.308,0.928,9.233332e-06,1.0470828e-05,1.0029165e-05,1.0433332e-05,9.612497e-06,1.0312494e-05,1.0808333e-05,1.2049993e-05,1.087083e-05,1.0216665e-05,1.0345832e-05,1.0779167e-05,1.0737499e-05,9.937493e-06,8.941666e-06,5.991666e-06
1,465,889.459,0.93,9.279163e-06,1.0516659e-05,1.0083326e-05,1.0483329e-05,9.641663e-06,1.0337496e-05,1.0845828e-05,1.209166e-05,1.0912498e-05,1.0245832e-05,1.0383328e-05,1.0816661e-05,1.0779167e-05,9.974996e-06,8.945831e-06,6.020832e-06
1,466,889.61,0.932,9.320831e-06,1.0549998e-05,1.0124993e-05,1.0508331e-05,9.662493e-06,1.0358325e-05,1.0866665e-05,1.2120827e-05,1.0941664e-05,1.0262497e-05,1.0404166e-05,1.0833327e-05,1.0799996e-05,9.999999e-06,8.945831e-06,6.041662e-06
1,467,889.761,0.934,9.366663e-06,1.0591666e-05,1.0179162e-05,1.0554163e-05,9.699997e-06,1.0387492e-05,1.0895832e-05,1.2158331e-05,1.0987496e-05,1.0295828e-05,1.0445825e-05,1.0879159e-05,1.0849993e-05,1.0037494e-05,8.945831e-06,6.079165e-06
1,468,889.911,0.936,9.412495e-06,1.0633325e-05,1.0224994e-05,1.0587493e-05,9.724999e-06,1.040833e-05,1.0920827e-05,1.2187496e-05,1.1020828e-05,1.0308329e-05,1.0474992e-05,1.0895832e-05,1.0879159e-05,1.0058331e-05,8.945831e-06,6.108331e-06
1,469,890.062,0.938,9.458327e-06,1.0683329e-05,1.0279163e-05,1.0629161e-05,9.749992e-06,1.0441661e-05,1.095833e-05,1.2233329e-05,1.1070832e-05,1.0341661e-05,1.0512495e-05,1.0933328e-05,1.0924999e-05,1.0095827e-05,8.949995e-06,6.137498e-06
1,470,890.213,0.94,9.508331e-06,1.0712496e-05,1.032083e-05,1.0658327e-05,9.770831e-06,1.0462499e-05,1.0983332e-05,1.2254159e-05,1.1091662e-05,1.0358325e-05,1.0533333e-05,1.0954165e-05,1.0949993e-05,1.0124993e-05,8.945831e-06,6.154164e-06
1,471,890.364,0.942,9.554164e-06,1.0758328e-05,1.0374999e-05,1.070416e-05,9.804161e-06,1.0487493e-05,1.1012498e-05,1.2295826e-05,1.1137494e-05,1.0387492e-05,1.0574992e-05,1.0987496e-05,1.0991661e-05,1.0158332e-05,8.954159e-06,6.191659e-06
1,472,890.515,0.944,9.599996e-06,1.0791659e-05,1.0416658e-05,1.0733326e-05,9.833328e-06,1.0516659e-05,1.1029164e-05,1.2320828e-05,1.1162496e-05,1.0395829e-05,1.0591666e-05,1.1008327e-05,1.1008327e-05,1.0179162e-05,8.945831e-06,6.208332e-06
1,473,890.666,0.946,9.641663e-06,1.0837499e-05,1.0474992e-05,1.0779167e-05,9.866659e-06,1.0545826e-05,1.106666e-05,1.2362496e-05,1.1212492e-05,1.0433332e-05,1.0637498e-05,1.1049994e-05,1.1054166e-05,1.0216665e-05,8.949995e-06,6.241663e-06
1,474,890.816,0.948,9.687496e-06,1.087083e-05,1.0516659e-05,1.0808333e-05,9.87916e-06,1.0570828e-05,1.1091662e-05,1.2391662e-05,1.1241658e-05,1.0445825e-05,1.0658327e-05,1.1070832e-05,1.1083333e-05,1.024166e-05,8.945831e-06,6.258329e-06
1,475,890.967,0.95,9.733327e-06,1.0916662e-05,1.0566664e-05,1.0849993e-05,9.916663e-06,1.0599994e-05,1.1124992e-05,1.2424994e-05,1.1287499e-05,1.0474992e-05,1.0691659e-05,1.1108327e-05,1.1124992e-05,1.0274998e-05,8.945831e-06,6.29166e-06
1,476,891.118,0.952,9.779159e-06,1.0949993e-05,1.0612495e-05,1.0879159e-05,9.937493e-06,1.0620833e-05,1.114583e-05,1.2449996e-05,1.1308328e-05,1.0483329e-05,1.0716661e-05,1.1129165e-05,1.114583e-05,1.0295828e-05,8.941666e-06,6.312498e-06
1,477,891.269,0.954,9.824999e-06,1.0995833e-05,1.0666665e-05,1.0924999e-05,9.970832e-06,1.0649999e-05,1.1187498e-05,1.2495828e-05,1.1358333e-05,1.0520832e-05,1.0754164e-05,1.1158331e-05,1.1187498e-05,1.0333331e-05,8.945831e-06,6.345828e-06
1,478,891.42,0.956,9.862494e-06,1.1029164e-05,1.070416e-05,1.0945829e-05,9.991661e-06,1.0670828e-05,1.1204163e-05,1.2516665e-05,1.1379162e-05,1.052916e-05,1.0770829e-05,1.1174997e-05,1.1212492e-05,1.0354162e-05,8.941666e-06,6.366666e-06
1,479,891.571,0.958,9.912499e-06,1.1074996e-05,1.0762493e-05,1.0995833e-05,1.0024993e-05,1.070416e-05,1.1241658e-05,1.2558333e-05,1.1429159e-05,1.0562499e-05,1.0812497e-05,1.1220829e-05,1.1254159e-05,1.0391665e-05,8.945831e-06,6.399997e-06
1,480,891.722,0.96,9.95833e-06,1.1108327e-05,1.080416e-05,1.1024999e-05,1.0054159e-05,1.0733326e-05,1.126666e-05,1.2587499e-05,1.1458325e-05,1.0579165e-05,1.0841663e-05,1.1237494e-05,1.1274998e-05,1.0412495e-05,8.949995e-06,6.420827e-06
1,481,891.872,0.962,1.0004163e-05,1.1158331e-05,1.0858329e-05,1.1070832e-05,1.0079161e-05,1.0762493e-05,1.13e-05,1.2629159e-05,1.1508329e-05,1.0604159e-05,1.0874995e-05,1.1274998e-05,1.132083e-05,1.0449998e-05,8.941666e-06,6.449994e-06
1,482,892.023,0.964,1.0054159e-05,1.1191662e-05,1.0904161e-05,1.1091662e-05,1.0104163e-05,1.078333e-05,1.132083e-05,1.2649997e-05,1.152916e-05,1.0624997e-05,1.0895832e-05,1.1291663e-05,1.1341659e-05,1.0466663e-05,8.941666e-06,6.466659e-06
1,483,892.174,0.966,1.0099999e-05,1.1229165e-05,1.095833e-05,1.1133329e-05,1.0137494e-05,1.0820826e-05,1.1358333e-05,1.2695829e-05,1.1575e-05,1.0654163e-05,1.0933328e-05,1.1329166e-05,1.1387499e-05,1.0508331e-05,8.954159e-06,6.504162e-06
1,484,892.325,0.968,1.0145831e-05,1.126666e-05,1.0999997e-05,1.116666e-05,1.0170826e-05,1.0837499e-05,1.1379162e-05,1.2716659e-05,1.1604166e-05,1.0666665e-05,1.0954165e-05,1.1349996e-05,1.1404165e-05,1.052916e-05,8.949995e-06,6.520828e-06
1,485,892.476,0.97,1.0187498e-05,1.1312492e-05,1.1054166e-05,1.1204163e-05,1.0195828e-05,1.087083e-05,1.1408329e-05,1.2758326e-05,1.1649998e-05,1.0691659e-05,1.0987496e-05,1.1387499e-05,1.1449996e-05,1.0566664e-05,8.949995e-06,6.549994e-06
1,486,892.627,0.972,1.0233331e-05,1.1345832e-05,1.1095826e-05,1.1229165e-05,1.0212493e-05,1.0895832e-05,1.144166e-05,1.2787493e-05,1.1674992e-05,1.0708332e-05,1.1008327e-05,1.1408329e-05,1.1466662e-05,1.058333e-05,8.941666e-06,6.56666e-06
1,487,892.777,0.974,1.0279163e-05,1.1391664e-05,1.1154159e-05,1.1274998e-05,1.0254161e-05,1.0929163e-05,1.1470826e-05,1.2824997e-05,1.171666e-05,1.0733326e-05,1.104583e-05,1.1437495e-05,1.1508329e-05,1.0620833e-05,8.954159e-06,6.595826e-06
1,488,892.928,0.976,1.032916e-05,1.142083e-05,1.1195826e-05,1.1304164e-05,1.0279163e-05,1.0949993e-05,1.1491664e-05,1.2854163e-05,1.1749999e-05,1.0745827e-05,1.1070832e-05,1.1462498e-05,1.1533331e-05,1.0645826e-05,8.949995e-06,6.616664e-06
1,489,893.079,0.978,1.0362498e-05,1.1445833e-05,1.1229165e-05,1.132083e-05,1.0304165e-05,1.0970831e-05,1.1516667e-05,1.2879165e-05,1.1779165e-05,1.0762493e-05,1.1091662e-05,1.1483327e-05,1.1554162e-05,1.0662492e-05,8.945831e-06,6.637494e-06
1,490,893.23,0.98,1.0404166e-05,1.1487492e-05,1.1287499e-05,1.1362497e-05,1.0337496e-05,1.1004162e-05,1.1558326e-05,1.291666e-05,1.1820833e-05,1.0787495e-05,1.1124992e-05,1.1516667e-05,1.1591665e-05,1.0699995e-05,8.949995e-06,6.66666e-06
1,491,893.381,0.982,1.0445825e-05,1.1516667e-05,1.132083e-05,1.1387499e-05,1.0354162e-05,1.1029164e-05,1.1583328e-05,1.2937498e-05,1.1845827e-05,1.080416e-05,1.1141666e-05,1.1541661e-05,1.1616659e-05,1.0720825e-05,8.949995e-06,6.679161e-06
1,492,893.532,0.984,1.0491665e-05,1.1566663e-05,1.1374998e-05,1.1429159e-05,1.0387492e-05,1.1062495e-05,1.1612495e-05,1.2979166e-05,1.1891659e-05,1.0833327e-05,1.1174997e-05,1.1575e-05,1.1654162e-05,1.0754164e-05,8.954159e-06,6.712492e-06
1,493,893.682,0.986,1.0533333e-05,1.1595829e-05,1.1412493e-05,1.1449996e-05,1.040833e-05,1.1087497e-05,1.1633332e-05,1.300416e-05,1.1916662e-05,1.0845828e-05,1.1195826e-05,1.1591665e-05,1.1670828e-05,1.0770829e-05,8.949995e-06,6.729166e-06
1,494,893.833,0.988,1.0579165e-05,1.1637497e-05,1.1462498e-05,1.1495828e-05,1.0437497e-05,1.1120828e-05,1.1666663e-05,1.3041663e-05,1.1958329e-05,1.0866665e-05,1.1224993e-05,1.162916e-05,1.1704159e-05,1.0799996e-05,8.958332e-06,6.762496e-06
1,495,893.984,0.99,1.061666e-05,1.1666663e-05,1.1504166e-05,1.1516667e-05,1.0458326e-05,1.1141666e-05,1.1699995e-05,1.3066665e-05,1.1983331e-05,1.0883331e-05,1.1249996e-05,1.1649998e-05,1.1724997e-05,1.0824998e-05,8.954159e-06,6.774998e-06
1,496,894.135,0.992,1.0666665e-05,1.1708331e-05,1.1554162e-05,1.1558326e-05,1.049583e-05,1.1174997e-05,1.1733326e-05,1.3104161e-05,1.2029163e-05,1.0908326e-05,1.1279162e-05,1.1683329e-05,1.1762492e-05,1.0854164e-05,8.958332e-06,6.795828e-06
1,497,894.286,0.994,1.0699995e-05,1.1733326e-05,1.1591665e-05,1.1579164e-05,1.0508331e-05,1.1195826e-05,1.1754163e-05,1.3133327e-05,1.2054165e-05,1.0924999e-05,1.13e-05,1.1699995e-05,1.1779165e-05,1.0879159e-05,8.958332e-06,6.816666e-06
1,498,894.437,0.996,1.0745827e-05,1.1774993e-05,1.1641661e-05,1.1616659e-05,1.0545826e-05,1.1229165e-05,1.1791666e-05,1.3166666e-05,1.2095833e-05,1.0949993e-05,1.1337494e-05,1.1737498e-05,1.1812496e-05,1.0912498e-05,8.954159e-06,6.841659e-06
1,499,894.588,0.998,1.0787495e-05,1.1808332e-05,1.1683329e-05,1.1645826e-05,1.0570828e-05,1.1249996e-05,1.1816661e-05,1.319166e-05,1.2125e-05,1.0962494e-05,1.135416e-05,1.1749999e-05,1.1833326e-05,1.0933328e-05,8.962496e-06,6.862497e-06
1,500,894.738,1.0,1.0833327e-05,1.1854164e-05,1.1733326e-05,1.1683329e-05,1.0599994e-05,1.1287499e-05,1.1854164e-05,1.3233328e-05,1.2166659e-05,1.0987496e-05,1.1383327e-05,1.1787494e-05,1.1870829e-05,1.0966659e-05,8.962496e-06,6.891664e-06
1,501,894.889,0.998,1.0824998e-05,1.1799995e-05,1.1683329e-05,1.1616659e-05,1.0579165e-05,1.1262497e-05,1.1820833e-05,1.3187496e-05,1.2120827e-05,1.0945829e-05,1.1337494e-05,1.1733326e-05,1.1816661e-05,1.0916662e-05,8.93333e-06,6.849996e-06
1,502,895.04,0.996,1.0770829e-05,1.1737498e-05,1.1624996e-05,1.1554162e-05,1.0554163e-05,1.123333e-05,1.178333e-05,1.3154165e-05,1.2079159e-05,1.0908326e-05,1.1304164e-05,1.1699995e-05,1.1774993e-05,1.0874995e-05,8.912491e-06,6.816666e-06
1,503,895.191,0.994,1.070416e-05,1.1666663e-05,1.1545833e-05,1.1479163e-05,1.0512495e-05,1.1191662e-05,1.1741662e-05,1.3108333e-05,1.2020826e-05,1.0862494e-05,1.1249996e-05,1.1649998e-05,1.1720832e-05,1.0824998e-05,8.883325e-06,6.783327e-06
1,504,895.342,0.992,1.0649999e-05,1.1604166e-05,1.1487492e-05,1.1424994e-05,1.0487493e-05,1.1162496e-05,1.1708331e-05,1.3070829e-05,1.1983331e-05,1.0829162e-05,1.1216664e-05,1.160833e-05,1.1683329e-05,1.0787495e-05,8.86666e-06,6.749995e-06
1,505,895.493,0.99,1.0591666e-05,1.1533331e-05,1.1408329e-05,1.1349996e-05,1.0454162e-05,1.1124992e-05,1.1658327e-05,1.3024997e-05,1.1929163e-05,1.0779167e-05,1.116666e-05,1.1558326e-05,1.1624996e-05,1.0733326e-05,8.837494e-06,6.708328e-06
1,506,895.643,0.988,1.052916e-05,1.1479163e-05,1.1349996e-05,1.13e-05,1.0424996e-05,1.1095826e-05,1.1624996e-05,1.298333e-05,1.1887495e-05,1.075e-05,1.1124992e-05,1.152083e-05,1.1583328e-05,1.0699995e-05,8.824993e-06,6.683326e-06
1,507,895.794,0.986,1.0474992e-05,1.1416666e-05,1.1279162e-05,1.123333e-05,1.0391665e-05,1.1054166e-05,1.1579164e-05,1.2933326e-05,1.1829162e-05,1.0699995e-05,1.1074996e-05,1.1470826e-05,1.152916e-05,1.0654163e-05,8.795826e-06,6.641666e-06
1,508,895.945,0.984,1.0412495e-05,1.1358333e-05,1.1220829e-05,1.1183325e-05,1.0358325e-05,1.1020828e-05,1.1545833e-05,1.2895831e-05,1.1787494e-05,1.0666665e-05,1.1041665e-05,1.144166e-05,1.1495828e-05,1.061666e-05,8.774996e-06,6.612492e-06
1,509,896.096,0.982,1.0345832e-05,1.1295827e-05,1.1149995e-05,1.1116664e-05,1.0324995e-05,1.0983332e-05,1.1499993e-05,1.2849999e-05,1.1733326e-05,1.0624997e-05,1.0991661e-05,1.1391664e-05,1.1437495e-05,1.0566664e-05,8.749994e-06,6.570832e-06
1,510,896.247,0.98,1.0299993e-05,1.1245831e-05,1.1091662e-05,1.1070832e-05,1.0295828e-05,1.0954165e-05,1.1466662e-05,1.2812495e-05,1.169583e-05,1.0591666e-05,1.095833e-05,1.1358333e-05,1.1399992e-05,1.052916e-05,8.733328e-06,6.54583e-06
1,511,896.398,0.978,1.0233331e-05,1.1179161e-05,1.1020828e-05,1.1004162e-05,1.0254161e-05,1.0912498e-05,1.1416666e-05,1.2762499e-05,1.1641661e-05,1.0549998e-05,1.0912498e-05,1.1308328e-05,1.1345832e-05,1.0487493e-05,8.708326e-06,6.508326e-06
1,512,896.549,0.976,1.0179162e-05,1.1137494e-05,1.0962494e-05,1.0962494e-05,1.0229166e-05,1.0879159e-05,1.1387499e-05,1.2724996e-05,1.1595829e-05,1.0520832e-05,1.0874995e-05,1.1274998e-05,1.1308328e-05,1.0449998e-05,8.691661e-06,6.47916e-06
1,513,896.699,0.974,1.0129165e-05,1.1095826e-05,1.0912498e-05,1.0920827e-05,1.0195828e-05,1.0845828e-05,1.135416e-05,1.2687492e-05,1.1558326e-05,1.0487493e-05,1.0837499e-05,1.1241658e-05,1.1270833e-05,1.0416658e-05,8.670831e-06,6.445829e-06
1,514,896.85,0.972,1.0070833e-05,1.1029164e-05,1.0837499e-05,1.0845828e-05,1.015416e-05,1.080416e-05,1.1304164e-05,1.2637496e-05,1.1504166e-05,1.0445825e-05,1.0787495e-05,1.1191662e-05,1.1212492e-05,1.0366663e-05,8.649993e-06,6.408326e-06
1,515,897.001,0.97,1.00125e-05,1.097916e-05,1.078333e-05,1.0808333e-05,1.0124993e-05,1.0774994e-05,1.1270833e-05,1.2595829e-05,1.1462498e-05,1.0416658e-05,1.0754164e-05,1.1154159e-05,1.1170832e-05,1.032916e-05,8.633328e-06,6.379159e-06
1,516,897.152,0.968,9.954158e-06,1.0916662e-05,1.0712496e-05,1.0745827e-05,1.0083326e-05,1.0724997e-05,1.1220829e-05,1.254166e-05,1.1404165e-05,1.0366663e-05,1.0699995e-05,1.1108327e-05,1.1116664e-05,1.0274998e-05,8.608326e-06,6.341664e-06
1,517,897.303,0.966,9.891661e-06,1.087083e-05,1.0649999e-05,1.0695831e-05,1.004583e-05,1.0695831e-05,1.1179161e-05,1.2508329e-05,1.1366661e-05,1.0337496e-05,1.0666665e-05,1.1070832e-05,1.1079161e-05,1.024166e-05,8.583331e-06,6.308325e-06
1,518,897.454,0.964,9.837492e-06,1.0808333e-05,1.058333e-05,1.0637498e-05,1.00125e-05,1.0654163e-05,1.1133329e-05,1.245416e-05,1.1308328e-05,1.0291664e-05,1.0620833e-05,1.1020828e-05,1.1024999e-05,1.0195828e-05,8.566665e-06,6.274994e-06
1,519,897.604,0.962,9.779159e-06,1.0762493e-05,1.052916e-05,1.0595831e-05,9.974996e-06,1.061666e-05,1.1095826e-05,1.2416665e-05,1.126666e-05,1.0262497e-05,1.0579165e-05,1.0987496e-05,1.0987496e-05,1.0158332e-05,8.549992e-06,6.245828e-06
1,520,897.755,0.96,9.724999e-06,1.0708332e-05,1.0458326e-05,1.0537497e-05,9.937493e-06,1.0574992e-05,1.1058331e-05,1.2362496e-05,1.1212492e-05,1.022083e-05,1.0541661e-05,1.0941664e-05,1.0937492e-05,1.0116664e-05,8.5375e-06,6.20416e-06
1,521,897.906,0.958,9.67083e-06,1.0662492e-05,1.040833e-05,1.0499994e-05,9.912499e-06,1.0541661e-05,1.1020828e-05,1.2324993e-05,1.1174997e-05,1.0187498e-05,1.0499994e-05,1.0908326e-05,1.0899997e-05,1.0079161e-05,8.512497e-06,6.179166e-06
1,522,898.057,0.956,9.612497e-06,1.0608332e-05,1.0341661e-05,1.0437497e-05,9.874995e-06,1.049583e-05,1.0974995e-05,1.2274996e-05,1.1116664e-05,1.0141659e-05,1.0454162e-05,1.0858329e-05,1.0845828e-05,1.0029165e-05,8.491659e-06,6.137498e-06
1,523,898.208,0.954,9.554164e-06,1.0562499e-05,1.0287499e-05,1.0399994e-05,9.829164e-06,1.0458326e-05,1.0937492e-05,1.2237493e-05,1.1079161e-05,1.0112492e-05,1.0420831e-05,1.0829162e-05,1.0808333e-05,9.995826e-06,8.48333e-06,6.112496e-06
1,524,898.359,0.952,9.49583e-06,1.0504166e-05,1.022083e-05,1.0337496e-05,9.787496e-06,1.0420831e-05,1.089166e-05,1.217916e-05,1.1024999e-05,1.0070833e-05,1.0370827e-05,1.0774994e-05,1.0754164e-05,9.949994e-06,8.458328e-06,6.070828e-06
1,525,898.509,0.95,9.445826e-06,1.0466663e-05,1.0170826e-05,1.0299993e-05,9.762493e-06,1.0391665e-05,1.0858329e-05,1.2141665e-05,1.0987496e-05,1.004583e-05,1.0337496e-05,1.075e-05,1.0716661e-05,9.920827e-06,8.445827e-06,6.045826e-06
1,526,898.66,0.948,9.391665e-06,1.0412495e-05,1.0108328e-05,1.024166e-05,9.729163e-06,1.0345832e-05,1.0812497e-05,1.209166e-05,1.0933328e-05,9.995826e-06,1.0287499e-05,1.0699995e-05,1.0662492e-05,9.866659e-06,8.420833e-06,6.004159e-06
1,527,898.811,0.946,9.337497e-06,1.0366663e-05,1.0049995e-05,1.0204164e-05,9.687496e-06,1.0316666e-05,1.0774994e-05,1.205833e-05,1.089166e-05,9.970832e-06,1.0254161e-05,1.0666665e-05,1.0624997e-05,9.833328e-06,8.412496e-06,5.979165e-06
1,528,898.962,0.944,9.279163e-06,1.0312494e-05,9.983333e-06,1.0145831e-05,9.641663e-06,1.0262497e-05,1.0729162e-05,1.1999997e-05,1.0833327e-05,9.929165e-06,1.0204164e-05,1.061666e-05,1.0574992e-05,9.787496e-06,8.395831e-06,5.941661e-06
1,529,899.113,0.942,9.224995e-06,1.0274998e-05,9.941666e-06,1.0112492e-05,9.616661e-06,1.0233331e-05,1.0695831e-05,1.1962493e-05,1.0799996e-05,9.899998e-06,1.0170826e-05,1.0587493e-05,1.0541661e-05,9.754165e-06,8.374993e-06,5.912495e-06
1,530,899.264,0.94,9.174999e-06,1.022083e-05,9.874995e-06,1.0058331e-05,9.570829e-06,1.0187498e-05,1.0645826e-05,1.1912497e-05,1.0745827e-05,9.85833e-06,1.0120829e-05,1.0541661e-05,1.0483329e-05,9.708333e-06,8.354164e-06,5.879164e-06
1,531,899.415,0.938,9.12083e-06,1.0187498e-05,9.833328e-06,1.0020828e-05,9.545827e-06,1.0158332e-05,1.061666e-05,1.1874994e-05,1.0708332e-05,9.829164e-06,1.0091662e-05,1.0512495e-05,1.0449998e-05,9.679158e-06,8.337498e-06,5.849997e-06
1,532,899.565,0.936,9.066661e-06,1.0129165e-05,9.766666e-06,9.962495e-06,9.499995e-06,1.0116664e-05,1.0566664e-05,1.1824997e-05,1.0654163e-05,9.787496e-06,1.0041666e-05,1.0462499e-05,1.0395829e-05,9.629162e-06,8.320832e-06,5.80833e-06
1,533,899.716,0.934,9.016665e-06,1.0091662e-05,9.720826e-06,9.933328e-06,9.466664e-06,1.0079161e-05,1.0533333e-05,1.178333e-05,1.061666e-05,9.754165e-06,1.0008327e-05,1.0433332e-05,1.0358325e-05,9.591659e-06,8.304159e-06,5.783327e-06
1,534,899.867,0.932,8.962496e-06,1.0037494e-05,9.658329e-06,9.874995e-06,9.424996e-06,1.0033329e-05,1.0483329e-05,1.1729161e-05,1.0562499e-05,9.712498e-06,9.95833e-06,1.0383328e-05,1.0304165e-05,9.545827e-06,8.291666e-06,5.745832e-06
1,535,900.018,0.93,8.916664e-06,1.0004163e-05,9.620825e-06,9.845829e-06,9.39583e-06,1.0004163e-05,1.0454162e-05,1.1691665e-05,1.0524996e-05,9.683331e-06,9.929165e-06,1.0354162e-05,1.0270826e-05,9.516661e-06,8.274992e-06,5.72083e-06
1,536,900.169,0.928,8.86666e-06,9.949994e-06,9.558328e-06,9.787496e-06,9.358327e-06,9.95833e-06,1.0399994e-05,1.1637497e-05,1.0474992e-05,9.641663e-06,9.87916e-06,1.0308329e-05,1.0212493e-05,9.466664e-06,8.254163e-06,5.679162e-06
1,537,900.32,0.926,8.812499e-06,9.916663e-06,9.516661e-06,9.754165e-06,9.324996e-06,9.929165e-06,1.0374999e-05,1.1599994e-05,1.0437497e-05,9.612497e-06,9.845829e-06,1.0270826e-05,1.0174997e-05,9.433325e-06,8.241662e-06,5.649996e-06
1,538,900.47,0.924,8.75833e-06,9.85833e-06,9.449998e-06,9.699997e-06,9.279163e-06,9.87916e-06,1.032083e-05,1.1541661e-05,1.0379164e-05,9.570829e-06,9.799997e-06,1.0224994e-05,1.0120829e-05,9.391665e-06,8.220832e-06,5.608328e-06
1,539,900.621,0.922,8.708326e-06,9.824999e-06,9.412495e-06,9.67083e-06,9.249997e-06,9.849993e-06,1.0287499e-05,1.1508329e-05,1.0345832e-05,9.549999e-06,9.766666e-06,1.0195828e-05,1.0091662e-05,9.358327e-06,8.216659e-06,5.587498e-06
1,540,900.772,0.92,8.674995e-06,9.804161e-06,9.383329e-06,9.641663e-06,9.216667e-06,9.816663e-06,1.0258333e-05,1.1470826e-05,1.0312494e-05,9.524997e-06,9.741664e-06,1.0170826e-05,1.0058331e-05,9.333332e-06,8.204166e-06,5.562496e-06
1,541,900.923,0.918,8.629163e-06,9.754165e-06,9.32916e-06,9.591659e-06,9.179163e-06,9.779159e-06,1.0212493e-05,1.142083e-05,1.0262497e-05,9.479165e-06,9.695832e-06,1.0124993e-05,1.0008327e-05,9.287493e-06,8.187492e-06,5.529165e-06
1,542,901.074,0.916,8.587495e-06,9.729163e-06,9.299994e-06,9.570829e-06,9.154161e-06,9.749992e-06,1.0183327e-05,1.1391664e-05,1.0229166e-05,9.454163e-06,9.666665e-06,1.0095827e-05,9.970832e-06,9.258326e-06,8.174999e-06,5.504163e-06
1,543,901.225,0.914,8.545828e-06,9.683331e-06,9.245833e-06,9.516661e-06,9.116666e-06,9.708333e-06,1.0137494e-05,1.1341659e-05,1.0183327e-05,9.41666e-06,9.616661e-06,1.0049995e-05,9.920827e-06,9.212494e-06,8.158326e-06,5.470832e-06
1,544,901.376,0.912,8.499996e-06,9.645828e-06,9.212494e-06,9.491666e-06,9.087499e-06,9.674995e-06,1.0108328e-05,1.13e-05,1.0141659e-05,9.387493e-06,9.587495e-06,1.0020828e-05,9.887497e-06,9.174999e-06,8.141661e-06,5.437493e-06
1,545,901.526,0.91,8.45e-06,9.595831e-06,9.154161e-06,9.441662e-06,9.037494e-06,9.629162e-06,1.0058331e-05,1.1245831e-05,1.0091662e-05,9.349998e-06,9.541663e-06,9.97916e-06,9.833328e-06,9.137495e-06,8.133332e-06,5.404162e-06
1,546,901.677,0.908,8.408332e-06,9.566665e-06,9.12083e-06,9.412495e-06,9.012492e-06,9.595831e-06,1.0020828e-05,1.1208328e-05,1.0058331e-05,9.320831e-06,9.508331e-06,9.949994e-06,9.799997e-06,9.104165e-06,8.116658e-06,5.37916e-06
1,547,901.828,0.906,8.362492e-06,9.529162e-06,9.079162e-06,9.366663e-06,8.96666e-06,9.549999e-06,9.97916e-06,1.1154159e-05,1.0004163e-05,9.283328e-06,9.462499e-06,9.904162e-06,9.749992e-06,9.058333e-06,8.099993e-06,5.345829e-06
1,548,901.979,0.904,8.324997e-06,9.49583e-06,9.041659e-06,9.341661e-06,8.945831e-06,9.520832e-06,9.941666e-06,1.1120828e-05,9.966659e-06,9.249997e-06,9.424996e-06,9.874995e-06,9.712498e-06,9.029166e-06,8.091664e-06,5.316663e-06
1,549,902.13,0.902,8.279165e-06,9.449998e-06,8.995827e-06,9.287493e-06,8.895826e-06,9.479165e-06,9.895825e-06,1.1070832e-05,9.916663e-06,9.212494e-06,9.379164e-06,9.829164e-06,9.658329e-06,8.983326e-06,8.070827e-06,5.27916e-06
1,550,902.281,0.9,8.241662e-06,9.424996e-06,8.970833e-06,9.266662e-06,8.874997e-06,9.445826e-06,9.866659e-06,1.1029164e-05,9.883332e-06,9.183327e-06,9.354162e-06,9.799997e-06,9.629162e-06,8.954159e-06,8.062498e-06,5.25833e-06
1,551,902.431,0.898,8.19583e-06,9.383329e-06,8.924992e-06,9.216667e-06,8.829164e-06,9.404159e-06,9.820827e-06,1.0974995e-05,9.833328e-06,9.145832e-06,9.304166e-06,9.75833e-06,9.579166e-06,8.908328e-06,8.045832e-06,5.220827e-06
1,552,902.582,0.896,8.158326e-06,9.354162e-06,8.895826e-06,9.191665e-06,8.799998e-06,9.374992e-06,9.79166e-06,1.0937492e-05,9.795833e-06,9.116666e-06,9.275e-06,9.724999e-06,9.537498e-06,8.879161e-06,8.033331e-06,5.19166e-06
1,553,902.733,0.894,8.120831e-06,9.30833e-06,8.858331e-06,9.145832e-06,8.754166e-06,9.32916e-06,9.745829e-06,1.089166e-05,9.749992e-06,9.079162e-06,9.224995e-06,9.679158e-06,9.487494e-06,8.833329e-06,8.016666e-06,5.162493e-06
1,554,902.884,0.892,8.083328e-06,9.279163e-06,8.829164e-06,9.12083e-06,8.733328e-06,9.295829e-06,9.708333e-06,1.0854164e-05,9.716662e-06,9.05416e-06,9.195828e-06,9.649992e-06,9.454163e-06,8.804162e-06,8.008329e-06,5.137499e-06
1,555,903.035,0.89,8.045832e-06,9.24166e-06,8.791661e-06,9.079162e-06,8.691661e-06,9.254161e-06,9.666665e-06,1.0795831e-05,9.662493e-06,9.012492e-06,9.149996e-06,9.608332e-06,9.404159e-06,8.75833e-06,7.991664e-06,5.099996e-06
1,556,903.186,0.888,8.008329e-06,9.212494e-06,8.762495e-06,9.05416e-06,8.654165e-06,9.224995e-06,9.633327e-06,1.0766666e-05,9.629162e-06,8.987498e-06,9.12083e-06,9.58333e-06,9.370828e-06,8.729164e-06,7.983327e-06,5.074994e-06
1,557,903.336,0.886,7.970826e-06,9.170826e-06,8.729164e-06,9.012492e-06,8.612497e-06,9.183327e-06,9.58333e-06,1.0712496e-05,9.574994e-06,8.945831e-06,9.074998e-06,9.537498e-06,9.320831e-06,8.687496e-06,7.970826e-06,5.041663e-06
1,558,903.487,0.884,7.94166e-06,9.145832e-06,8.704162e-06,8.987498e-06,8.583331e-06,9.149996e-06,9.554164e-06,1.0674993e-05,9.545827e-06,8.916664e-06,9.041659e-06,9.508331e-06,9.287493e-06,8.654165e-06,7.958332e-06,5.020825e-06
1,559,903.638,0.882,7.904164e-06,9.108328e-06,8.670831e-06,8.945831e-06,8.541663e-06,9.108328e-06,9.508331e-06,1.0620833e-05,9.491666e-06,8.883325e-06,8.999999e-06,9.462499e-06,9.233332e-06,8.608326e-06,7.945831e-06,4.98333e-06
1,560,903.789,0.88,7.874997e-06,9.079162e-06,8.649993e-06,8.920829e-06,8.508333e-06,9.074998e-06,9.479165e-06,1.058333e-05,9.458327e-06,8.849995e-06,8.962496e-06,9.433325e-06,9.199993e-06,8.579159e-06,7.93333e-06,4.962492e-06
1,561,903.94,0.878,7.837494e-06,9.041659e-06,8.616662e-06,8.879161e-06,8.470829e-06,9.033331e-06,9.429161e-06,1.0524996e-05,9.404159e-06,8.808327e-06,8.916664e-06,9.387493e-06,9.145832e-06,8.5375e-06,7.916665e-06,4.924997e-06
1,562,904.091,0.876,7.804163e-06,9.012492e-06,8.59166e-06,8.854158e-06,8.437499e-06,8.999999e-06,9.39583e-06,1.0487493e-05,9.370828e-06,8.783332e-06,8.887498e-06,9.354162e-06,9.112493e-06,8.50416e-06,7.912493e-06,4.904159e-06
1,563,904.242,0.874,7.770833e-06,8.974997e-06,8.562493e-06,8.816663e-06,8.395831e-06,8.958332e-06,9.349998e-06,1.0437497e-05,9.320831e-06,8.741665e-06,8.841665e-06,9.312495e-06,9.062497e-06,8.462493e-06,7.895827e-06,4.866663e-06
1,564,904.392,0.872,7.74583e-06,8.949995e-06,8.545828e-06,8.791661e-06,8.366665e-06,8.924992e-06,9.316659e-06,1.0395829e-05,9.283328e-06,8.712498e-06,8.812499e-06,9.287493e-06,9.024993e-06,8.429161e-06,7.887498e-06,4.845826e-06
1,565,904.543,0.87,7.7125e-06,8.912491e-06,8.516661e-06,8.754166e-06,8.324997e-06,8.879161e-06,9.270827e-06,1.0345832e-05,9.237496e-06,8.674995e-06,8.766659e-06,9.24166e-06,8.974997e-06,8.391658e-06,7.870825e-06,4.808331e-06
1,566,904.694,0.868,7.683333e-06,8.887498e-06,8.495832e-06,8.733328e-06,8.29583e-06,8.84583e-06,9.237496e-06,1.0304165e-05,9.204166e-06,8.645829e-06,8.733328e-06,9.208329e-06,8.941666e-06,8.362492e-06,7.866661e-06,4.791665e-06
1,567,904.845,0.866,7.658331e-06,8.854158e-06,8.470829e-06,8.687496e-06,8.249998e-06,8.799998e-06,9.187492e-06,1.0254161e-05,9.149996e-06,8.608326e-06,8.67916e-06,9.166662e-06,8.887498e-06,8.312496e-06,7.845831e-06,4.758326e-06
1,568,904.996,0.864,7.629164e-06,8.833329e-06,8.454163e-06,8.670831e-06,8.220832e-06,8.770831e-06,9.154161e-06,1.0216665e-05,9.116666e-06,8.579159e-06,8.654165e-06,9.133331e-06,8.849995e-06,8.287493e-06,7.837494e-06,4.733332e-06
1,569,905.147,0.862,7.612498e-06,8.808327e-06,8.437499e-06,8.649993e-06,8.187492e-06,8.737493e-06,9.12083e-06,1.0179162e-05,9.087499e-06,8.554164e-06,8.624998e-06,9.108328e-06,8.820828e-06,8.258326e-06,7.829165e-06,4.712494e-06
1,570,905.297,0.86,7.587496e-06,8.77916e-06,8.41666e-06,8.608326e-06,8.154162e-06,8.691661e-06,9.074998e-06,1.0124993e-05,9.033331e-06,8.512497e-06,8.579159e-06,9.058333e-06,8.766659e-06,8.208331e-06,7.820829e-06,4.679163e-06
1,571,905.448,0.858,7.562494e-06,8.749994e-06,8.395831e-06,8.587495e-06,8.116658e-06,8.65833e-06,9.041659e-06,1.0083326e-05,8.995827e-06,8.479166e-06,8.541663e-06,9.033331e-06,8.733328e-06,8.187492e-06,7.808328e-06,4.658325e-06
1,572,905.599,0.856,7.537492e-06,8.716663e-06,8.370828e-06,8.554164e-06,8.079163e-06,8.612497e-06,8.999999e-06,1.0029165e-05,8.945831e-06,8.441662e-06,8.495832e-06,8.983326e-06,8.683332e-06,8.141661e-06,7.791662e-06,4.629159e-06
1,573,905.75,0.854,7.516662e-06,8.695833e-06,8.362492e-06,8.533327e-06,8.045832e-06,8.587495e-06,8.962496e-06,9.987497e-06,8.916664e-06,8.41666e-06,8.466665e-06,8.954159e-06,8.649993e-06,8.10833e-06,7.783326e-06,4.608329e-06
1,574,905.901,0.852,7.495833e-06,8.65833e-06,8.337498e-06,8.491659e-06,8.008329e-06,8.5375e-06,8.912491e-06,9.937493e-06,8.862496e-06,8.374993e-06,8.41666e-06,8.908328e-06,8.595832e-06,8.066662e-06,7.770833e-06,4.574998e-06
1,575,906.052,0.85,7.474995e-06,8.637492e-06,8.329161e-06,8.470829e-06,7.970826e-06,8.50416e-06,8.874997e-06,9.895825e-06,8.829164e-06,8.345826e-06,8.391658e-06,8.883325e-06,8.562493e-06,8.037496e-06,7.758331e-06,4.562497e-06
1,576,906.203,0.848,7.449993e-06,8.608326e-06,8.304159e-06,8.437499e-06,7.93333e-06,8.466665e-06,8.837494e-06,9.845829e-06,8.783332e-06,8.304159e-06,8.341662e-06,8.837494e-06,8.516661e-06,7.999993e-06,7.74583e-06,4.529158e-06
1,577,906.353,0.846,7.437499e-06,8.587495e-06,8.29583e-06,8.41666e-06,7.904164e-06,8.433326e-06,8.804162e-06,9.812498e-06,8.754166e-06,8.283329e-06,8.312496e-06,8.808327e-06,8.487495e-06,7.970826e-06,7.741666e-06,4.512493e-06
1,578,906.504,0.844,7.412497e-06,8.554164e-06,8.270827e-06,8.383329e-06,7.870825e-06,8.391658e-06,8.754166e-06,9.754165e-06,8.704162e-06,8.237497e-06,8.266664e-06,8.762495e-06,8.433326e-06,7.924994e-06,7.724992e-06,4.479162e-06
1,579,906.655,0.842,7.399996e-06,8.533327e-06,8.258326e-06,8.362492e-06,7.837494e-06,8.349999e-06,8.724999e-06,9.712498e-06,8.670831e-06,8.216659e-06,8.237497e-06,8.733328e-06,8.399995e-06,7.895827e-06,7.720828e-06,4.462496e-06
1,580,906.806,0.84,7.374994e-06,8.50416e-06,8.237497e-06,8.329161e-06,7.795827e-06,8.308331e-06,8.674995e-06,9.658329e-06,8.616662e-06,8.170828e-06,8.191665e-06,8.687496e-06,8.354164e-06,7.849995e-06,7.704162e-06,4.437494e-06
1,581,906.957,0.838,7.366665e-06,8.48333e-06,8.224996e-06,8.308331e-06,7.76666e-06,8.274992e-06,8.645829e-06,9.620825e-06,8.583331e-06,8.141661e-06,8.158326e-06,8.65833e-06,8.320832e-06,7.829165e-06,7.695826e-06,4.420829e-06
1,582,907.108,0.836,7.345827e-06,8.45e-06,8.204166e-06,8.279165e-06,7.720828e-06,8.233333e-06,8.59166e-06,9.566665e-06,8.5375e-06,8.099993e-06,8.112494e-06,8.612497e-06,8.266664e-06,7.787497e-06,7.683333e-06,4.395827e-06
1,583,907.258,0.834,7.333326e-06,8.433326e-06,8.19583e-06,8.262499e-06,7.691661e-06,8.199993e-06,8.566665e-06,9.533326e-06,8.50416e-06,8.074999e-06,8.087492e-06,8.587495e-06,8.241662e-06,7.762495e-06,7.674996e-06,4.379161e-06
1,584,907.409,0.832,7.320825e-06,8.404159e-06,8.179164e-06,8.22916e-06,7.654166e-06,8.158326e-06,8.516661e-06,9.474993e-06,8.454163e-06,8.033331e-06,8.037496e-06,8.541663e-06,8.191665e-06,7.716663e-06,7.662495e-06,4.354159e-06
1,585,907.56,0.83,7.312497e-06,8.379166e-06,8.166663e-06,8.204166e-06,7.624992e-06,8.120831e-06,8.48333e-06,9.433325e-06,8.420833e-06,8.008329e-06,8.004165e-06,8.512497e-06,8.162498e-06,7.691661e-06,7.654166e-06,4.337493e-06
1,586,907.711,0.828,7.299996e-06,8.354164e-06,8.149997e-06,8.174999e-06,7.583332e-06,8.079163e-06,8.433326e-06,9.374992e-06,8.370828e-06,7.966662e-06,7.962497e-06,8.466665e-06,8.112494e-06,7.649994e-06,7.641665e-06,4.312499e-06
1,587,907.862,0.826,7.28333e-06,8.333325e-06,8.141661e-06,8.158326e-06,7.55833e-06,8.045832e-06,8.404159e-06,9.341661e-06,8.341662e-06,7.94166e-06,7.93333e-06,8.441662e-06,8.087492e-06,7.624992e-06,7.637493e-06,4.299998e-06
1,588,908.013,0.824,7.274993e-06,8.308331e-06,8.116658e-06,8.12916e-06,7.516662e-06,7.999993e-06,8.358327e-06,9.283328e-06,8.291666e-06,7.899992e-06,7.891663e-06,8.391658e-06,8.04166e-06,7.587496e-06,7.620828e-06,4.274996e-06
1,589,908.163,0.822,7.266664e-06,8.291666e-06,8.112494e-06,8.112494e-06,7.487496e-06,7.966662e-06,8.324997e-06,9.249997e-06,8.262499e-06,7.879162e-06,7.862496e-06,8.370828e-06,8.012494e-06,7.562494e-06,7.616663e-06,4.262495e-06
1,590,908.314,0.82,7.249999e-06,8.254163e-06,8.091664e-06,8.074999e-06,7.445828e-06,7.924994e-06,8.279165e-06,9.195828e-06,8.216659e-06,7.837494e-06,7.820829e-06,8.320832e-06,7.966662e-06,7.520827e-06,7.608326e-06,4.241665e-06
1,591,908.465,0.818,7.249999e-06,8.241662e-06,8.079163e-06,8.058326e-06,7.416661e-06,7.895827e-06,8.249998e-06,9.158325e-06,8.187492e-06,7.812492e-06,7.791662e-06,8.29583e-06,7.94166e-06,7.495833e-06,7.599997e-06,4.224992e-06
1,592,908.616,0.816,7.233326e-06,8.216659e-06,8.062498e-06,8.029159e-06,7.379158e-06,7.845831e-06,8.208331e-06,9.104165e-06,8.141661e-06,7.774996e-06,7.74583e-06,8.245825e-06,7.895827e-06,7.458329e-06,7.587496e-06,4.208326e-06
1,593,908.767,0.814,7.229161e-06,8.199993e-06,8.054161e-06,8.012494e-06,7.345827e-06,7.816664e-06,8.166663e-06,9.066661e-06,8.112494e-06,7.74583e-06,7.720828e-06,8.220832e-06,7.870825e-06,7.437499e-06,7.57916e-06,4.195825e-06
1,594,908.918,0.812,7.21666e-06,8.166663e-06,8.029159e-06,7.979163e-06,7.308332e-06,7.774996e-06,8.12916e-06,9.016665e-06,8.066662e-06,7.708327e-06,7.67916e-06,8.179164e-06,7.824993e-06,7.399996e-06,7.570831e-06,4.174995e-06
1,595,909.069,0.81,7.212496e-06,8.149997e-06,8.02083e-06,7.966662e-06,7.279165e-06,7.741666e-06,8.087492e-06,8.974997e-06,8.029159e-06,7.683333e-06,7.645829e-06,8.145825e-06,7.799999e-06,7.37083e-06,7.55833e-06,4.162494e-06
1,596,909.219,0.808,7.204159e-06,8.137496e-06,8.016666e-06,7.949996e-06,7.245827e-06,7.708327e-06,8.062498e-06,8.937494e-06,7.999993e-06,7.658331e-06,7.624992e-06,8.120831e-06,7.770833e-06,7.349992e-06,7.562494e-06,4.154166e-06
1,597,909.37,0.806,7.191666e-06,8.104165e-06,7.991664e-06,7.916665e-06,7.208331e-06,7.662495e-06,8.012494e-06,8.883325e-06,7.958332e-06,7.616663e-06,7.57916e-06,8.074999e-06,7.729165e-06,7.312497e-06,7.541664e-06,4.133328e-06
1,598,909.521,0.804,7.187494e-06,8.087492e-06,7.979163e-06,7.899992e-06,7.183329e-06,7.633328e-06,7.983327e-06,8.84583e-06,7.924994e-06,7.591661e-06,7.545829e-06,8.045832e-06,7.708327e-06,7.291659e-06,7.541664e-06,4.124999e-06
1,599,909.672,0.802,7.174993e-06,8.054161e-06,7.958332e-06,7.862496e-06,7.141662e-06,7.591661e-06,7.93333e-06,8.787497e-06,7.879162e-06,7.554166e-06,7.508326e-06,7.999993e-06,7.662495e-06,7.249999e-06,7.524999e-06,4.104161e-06
1,600,909.823,0.8,7.170828e-06,8.033331e-06,7.949996e-06,7.845831e-06,7.112495e-06,7.55833e-06,7.904164e-06,8.754166e-06,7.849995e-06,7.524999e-06,7.479159e-06,7.970826e-06,7.637493e-06,7.229161e-06,7.520827e-06,4.095833e-06
1,601,909.974,0.798,7.166664e-06,8.008329e-06,7.924994e-06,7.812492e-06,7.074992e-06,7.512498e-06,7.85416e-06,8.695833e-06,7.804163e-06,7.487496e-06,7.441664e-06,7.929166e-06,7.595825e-06,7.191666e-06,7.504161e-06,4.079159e-06
1,602,910.124,0.796,7.158327e-06,7.991664e-06,7.916665e-06,7.799999e-06,7.049998e-06,7.479159e-06,7.829165e-06,8.662494e-06,7.779161e-06,7.462494e-06,7.416661e-06,7.899992e-06,7.570831e-06,7.170828e-06,7.499997e-06,4.066666e-06
1,603,910.275,0.794,7.149999e-06,7.958332e-06,7.891663e-06,7.762495e-06,7.012494e-06,7.437499e-06,7.779161e-06,8.608326e-06,7.733329e-06,7.424998e-06,7.374994e-06,7.858332e-06,7.533328e-06,7.133333e-06,7.487496e-06,4.054165e-06
1,604,910.426,0.792,7.145826e-06,7.945831e-06,7.883326e-06,7.749994e-06,6.987492e-06,7.40416e-06,7.749994e-06,8.574994e-06,7.708327e-06,7.40416e-06,7.349992e-06,7.83333e-06,7.512498e-06,7.11666e-06,7.483332e-06,4.045828e-06
1,605,910.577,0.79,7.137497e-06,7.920829e-06,7.858332e-06,7.716663e-06,6.949997e-06,7.354164e-06,7.704162e-06,8.516661e-06,7.662495e-06,7.37083e-06,7.312497e-06,7.787497e-06,7.474995e-06,7.087493e-06,7.474995e-06,4.029163e-06
1,606,910.728,0.788,7.133333e-06,7.899992e-06,7.85416e-06,7.699999e-06,6.924995e-06,7.324998e-06,7.674996e-06,8.487495e-06,7.633328e-06,7.341663e-06,7.287495e-06,7.762495e-06,7.454165e-06,7.062499e-06,7.466666e-06,4.020826e-06
1,607,910.879,0.786,7.11666e-06,7.874997e-06,7.824993e-06,7.670832e-06,6.8875e-06,7.28333e-06,7.629164e-06,8.433326e-06,7.595825e-06,7.308332e-06,7.249999e-06,7.720828e-06,7.416661e-06,7.024995e-06,7.458329e-06,4.008325e-06
1,608,911.03,0.784,7.120832e-06,7.85416e-06,7.812492e-06,7.654166e-06,6.854161e-06,7.249999e-06,7.595825e-06,8.395831e-06,7.562494e-06,7.28333e-06,7.224997e-06,7.691661e-06,7.395832e-06,7.00833e-06,7.454165e-06,3.999996e-06
1,609,911.18,0.782,7.104159e-06,7.824993e-06,7.791662e-06,7.620828e-06,6.82083e-06,7.204159e-06,7.549993e-06,8.341662e-06,7.524999e-06,7.245827e-06,7.191666e-06,7.649994e-06,7.354164e-06,6.970827e-06,7.441664e-06,3.983331e-06
1,610,911.331,0.78,7.099994e-06,7.804163e-06,7.774996e-06,7.604162e-06,6.791663e-06,7.170828e-06,7.520827e-06,8.308331e-06,7.499997e-06,7.224997e-06,7.170828e-06,7.629164e-06,7.337499e-06,6.954161e-06,7.433327e-06,3.979158e-06
1,611,911.482,0.778,7.091665e-06,7.774996e-06,7.754159e-06,7.570831e-06,6.75416e-06,7.129161e-06,7.474995e-06,8.254163e-06,7.454165e-06,7.183329e-06,7.129161e-06,7.57916e-06,7.299996e-06,6.916666e-06,7.420826e-06,3.962493e-06
1,612,911.633,0.776,7.087493e-06,7.754159e-06,7.737493e-06,7.549993e-06,6.729166e-06,7.099994e-06,7.441664e-06,8.220832e-06,7.429162e-06,7.1625e-06,7.108331e-06,7.55833e-06,7.279165e-06,6.895828e-06,7.416661e-06,3.954164e-06
1,613,911.784,0.774,7.070827e-06,7.729165e-06,7.708327e-06,7.516662e-06,6.691662e-06,7.054162e-06,7.395832e-06,8.166663e-06,7.387495e-06,7.124996e-06,7.066663e-06,7.516662e-06,7.237498e-06,6.862497e-06,7.408333e-06,3.941663e-06
1,614,911.935,0.772,7.066663e-06,7.704162e-06,7.691661e-06,7.499997e-06,6.66666e-06,7.024995e-06,7.366665e-06,8.12916e-06,7.362493e-06,7.104159e-06,7.045825e-06,7.487496e-06,7.21666e-06,6.837495e-06,7.399996e-06,3.933326e-06
1,615,912.085,0.77,7.054162e-06,7.674996e-06,7.662495e-06,7.462494e-06,6.629165e-06,6.979164e-06,7.320825e-06,8.074999e-06,7.316661e-06,7.070827e-06,7.012494e-06,7.445828e-06,7.179165e-06,6.804164e-06,7.391659e-06,3.920825e-06
1,616,912.236,0.768,7.045825e-06,7.649994e-06,7.645829e-06,7.441664e-06,6.604163e-06,6.945832e-06,7.287495e-06,8.037496e-06,7.291659e-06,7.049998e-06,6.991665e-06,7.420826e-06,7.1625e-06,6.787499e-06,7.391659e-06,3.912497e-06
1,617,912.387,0.766,7.037497e-06,7.620828e-06,7.620828e-06,7.412497e-06,6.570832e-06,6.904165e-06,7.245827e-06,7.987499e-06,7.254163e-06,7.016659e-06,6.954161e-06,7.383331e-06,7.124996e-06,6.75416e-06,7.379158e-06,3.899996e-06
1,618,912.538,0.764,7.02916e-06,7.599997e-06,7.599997e-06,7.391659e-06,6.54583e-06,6.870826e-06,7.21666e-06,7.949996e-06,7.229161e-06,6.995829e-06,6.937496e-06,7.358328e-06,7.104159e-06,6.73333e-06,7.37083e-06,3.891659e-06
1,619,912.689,0.762,7.012494e-06,7.562494e-06,7.570831e-06,7.354164e-06,6.504162e-06,6.824994e-06,7.170828e-06,7.899992e-06,7.187494e-06,6.958326e-06,6.895828e-06,7.312497e-06,7.070827e-06,6.699999e-06,7.362493e-06,3.879165e-06
1,620,912.84,0.76,7.00833e-06,7.545829e-06,7.554166e-06,7.333326e-06,6.487497e-06,6.795828e-06,7.145826e-06,7.866661e-06,7.1625e-06,6.94166e-06,6.883327e-06,7.291659e-06,7.049998e-06,6.679161e-06,7.358328e-06,3.874993e-06
1,621,912.99,0.758,6.987492e-06,7.508326e-06,7.520827e-06,7.295831e-06,6.449994e-06,6.75416e-06,7.099994e-06,7.816664e-06,7.124996e-06,6.908329e-06,6.845832e-06,7.245827e-06,7.012494e-06,6.641666e-06,7.341663e-06,3.854163e-06
1,622,913.141,0.756,6.983328e-06,7.49166e-06,7.504161e-06,7.274993e-06,6.429163e-06,6.720829e-06,7.070827e-06,7.779161e-06,7.099994e-06,6.883327e-06,6.824994e-06,7.224997e-06,6.991665e-06,6.624993e-06,7.337499e-06,3.845827e-06
1,623,913.292,0.754,6.974999e-06,7.47083e-06,7.487496e-06,7.258328e-06,6.404161e-06,6.695827e-06,7.041661e-06,7.749994e-06,7.079164e-06,6.866662e-06,6.808329e-06,7.204159e-06,6.974999e-06,6.608327e-06,7.333326e-06,3.841662e-06
1,624,913.443,0.752,6.958326e-06,7.433327e-06,7.449993e-06,7.21666e-06,6.370831e-06,6.654159e-06,6.999993e-06,7.695826e-06,7.037497e-06,6.833331e-06,6.770825e-06,7.158327e-06,6.937496e-06,6.56666e-06,7.324998e-06,3.820833e-06
1,625,913.594,0.75,6.949997e-06,7.408333e-06,7.433327e-06,7.191666e-06,6.349993e-06,6.616664e-06,6.966663e-06,7.662495e-06,7.016659e-06,6.812493e-06,6.75416e-06,7.137497e-06,6.916666e-06,6.549994e-06,7.316661e-06,3.812496e-06
1,626,913.745,0.748,6.929159e-06,7.37083e-06,7.399996e-06,7.158327e-06,6.312498e-06,6.579161e-06,6.924995e-06,7.616663e-06,6.974999e-06,6.783327e-06,6.720829e-06,7.099994e-06,6.883327e-06,6.512499e-06,7.312497e-06,3.799995e-06
1,627,913.896,0.746,6.92083e-06,7.354164e-06,7.379158e-06,7.137497e-06,6.299997e-06,6.554159e-06,6.899993e-06,7.583332e-06,6.954161e-06,6.766661e-06,6.708328e-06,7.079164e-06,6.862497e-06,6.495825e-06,7.308332e-06,3.791666e-06
1,628,914.046,0.744,6.904165e-06,7.316661e-06,7.337499e-06,7.095829e-06,6.262493e-06,6.504162e-06,6.849996e-06,7.529163e-06,6.92083e-06,6.73333e-06,6.674997e-06,7.037497e-06,6.82083e-06,6.45833e-06,7.295831e-06,3.774993e-06
1,629,914.197,0.742,6.891664e-06,7.295831e-06,7.324998e-06,7.074992e-06,6.241663e-06,6.47916e-06,6.829158e-06,7.504161e-06,6.895828e-06,6.720829e-06,6.658332e-06,7.012494e-06,6.799992e-06,6.437492e-06,7.295831e-06,3.762492e-06
1,630,914.348,0.74,6.870826e-06,7.249999e-06,7.28333e-06,7.033332e-06,6.208332e-06,6.433328e-06,6.783327e-06,7.454165e-06,6.858325e-06,6.687498e-06,6.624993e-06,6.974999e-06,6.762496e-06,6.395833e-06,7.28333e-06,3.745826e-06
1,631,914.499,0.738,6.858325e-06,7.224997e-06,7.262492e-06,7.00833e-06,6.191659e-06,6.408326e-06,6.758332e-06,7.420826e-06,6.833331e-06,6.66666e-06,6.608327e-06,6.949997e-06,6.741659e-06,6.379159e-06,7.274993e-06,3.741662e-06
1,632,914.65,0.736,6.833331e-06,7.187494e-06,7.229161e-06,6.966663e-06,6.158328e-06,6.370831e-06,6.712492e-06,7.37083e-06,6.795828e-06,6.637494e-06,6.579161e-06,6.908329e-06,6.704164e-06,6.337492e-06,7.266664e-06,3.71666e-06
1,633,914.801,0.734,6.812493e-06,7.158327e-06,7.204159e-06,6.94166e-06,6.141663e-06,6.337492e-06,6.683326e-06,7.341663e-06,6.774998e-06,6.620828e-06,6.558331e-06,6.891664e-06,6.683326e-06,6.320826e-06,7.266664e-06,3.712495e-06
1,634,914.951,0.732,6.795828e-06,7.11666e-06,7.1625e-06,6.895828e-06,6.104159e-06,6.299997e-06,6.645831e-06,7.291659e-06,6.737494e-06,6.587497e-06,6.529164e-06,6.854161e-06,6.641666e-06,6.274994e-06,7.249999e-06,3.691665e-06
1,635,915.102,0.73,6.779162e-06,7.095829e-06,7.137497e-06,6.874998e-06,6.09583e-06,6.274994e-06,6.620828e-06,7.258328e-06,6.712492e-06,6.56666e-06,6.508326e-06,6.824994e-06,6.616664e-06,6.249992e-06,7.245827e-06,3.674992e-06
1,636,915.253,0.728,6.749995e-06,7.045825e-06,7.091665e-06,6.829158e-06,6.054163e-06,6.229162e-06,6.579161e-06,7.212496e-06,6.674997e-06,6.533329e-06,6.47916e-06,6.787499e-06,6.574996e-06,6.216661e-06,7.237498e-06,3.662499e-06
1,637,915.404,0.726,6.737494e-06,7.024995e-06,7.066663e-06,6.799992e-06,6.041662e-06,6.20416e-06,6.549994e-06,7.183329e-06,6.649995e-06,6.516663e-06,6.466659e-06,6.774998e-06,6.554159e-06,6.195831e-06,7.233326e-06,3.649998e-06
1,638,915.555,0.724,6.708328e-06,6.979164e-06,7.024995e-06,6.758332e-06,6.012495e-06,6.162492e-06,6.508326e-06,7.133333e-06,6.612492e-06,6.483333e-06,6.429163e-06,6.724993e-06,6.512499e-06,6.149999e-06,7.220833e-06,3.624996e-06
1,639,915.706,0.722,6.691662e-06,6.945832e-06,6.995829e-06,6.724993e-06,5.991666e-06,6.137498e-06,6.483333e-06,7.104159e-06,6.591662e-06,6.466659e-06,6.412498e-06,6.708328e-06,6.487497e-06,6.124997e-06,7.21666e-06,3.616659e-06
1,640,915.857,0.72,6.662496e-06,6.904165e-06,6.954161e-06,6.683326e-06,5.970828e-06,6.099995e-06,6.445829e-06,7.058326e-06,6.554159e-06,6.437492e-06,6.379159e-06,6.670833e-06,6.449994e-06,6.083329e-06,7.204159e-06,3.591665e-06
1,641,916.007,0.718,6.645831e-06,6.879163e-06,6.92083e-06,6.654159e-06,5.949998e-06,6.074993e-06,6.416662e-06,7.02916e-06,6.529164e-06,6.424999e-06,6.362494e-06,6.649995e-06,6.420827e-06,6.062492e-06,7.204159e-06,3.583328e-06
1,642,916.158,0.716,6.616664e-06,6.833331e-06,6.8875e-06,6.604163e-06,5.924996e-06,6.045826e-06,6.387496e-06,6.983328e-06,6.495825e-06,6.387496e-06,6.333327e-06,6.612492e-06,6.374995e-06,6.01666e-06,7.191666e-06,3.558326e-06
1,643,916.309,0.714,6.599998e-06,6.799992e-06,6.858325e-06,6.583325e-06,5.912495e-06,6.020832e-06,6.358329e-06,6.958326e-06,6.470831e-06,6.379159e-06,6.320826e-06,6.595826e-06,6.354165e-06,5.999994e-06,7.19583e-06,3.549997e-06
1,644,916.46,0.712,6.570832e-06,6.758332e-06,6.816666e-06,6.533329e-06,5.883328e-06,5.983329e-06,6.320826e-06,6.916666e-06,6.437492e-06,6.349993e-06,6.287495e-06,6.554159e-06,6.312498e-06,5.954162e-06,7.174993e-06,3.533332e-06
1,645,916.611,0.71,6.549994e-06,6.729166e-06,6.779162e-06,6.508326e-06,5.870827e-06,5.962499e-06,6.299997e-06,6.891664e-06,6.416662e-06,6.329163e-06,6.274994e-06,6.533329e-06,6.287495e-06,5.924996e-06,7.170828e-06,3.512494e-06
1,646,916.762,0.708,6.512499e-06,6.679161e-06,6.73333e-06,6.462495e-06,5.845833e-06,5.920831e-06,6.266665e-06,6.841659e-06,6.374995e-06,6.299997e-06,6.237499e-06,6.491661e-06,6.233327e-06,5.879164e-06,7.158327e-06,3.487492e-06
1,647,916.912,0.706,6.491661e-06,6.645831e-06,6.708328e-06,6.429163e-06,5.824995e-06,5.904166e-06,6.237499e-06,6.816666e-06,6.354165e-06,6.274994e-06,6.220826e-06,6.470831e-06,6.208332e-06,5.854161e-06,7.154163e-06,3.474998e-06
1,648,917.063,0.704,6.45833e-06,6.595826e-06,6.654159e-06,6.379159e-06,5.804165e-06,5.870827e-06,6.20416e-06,6.779162e-06,6.316662e-06,6.245828e-06,6.191659e-06,6.441664e-06,6.162492e-06,5.804165e-06,7.145826e-06,3.449996e-06
1,649,917.214,0.702,6.437492e-06,6.56666e-06,6.624993e-06,6.345828e-06,5.787492e-06,5.849997e-06,6.179166e-06,6.75416e-06,6.295832e-06,6.229162e-06,6.170829e-06,6.416662e-06,6.137498e-06,5.779163e-06,7.141662e-06,3.437495e-06
1,650,917.365,0.7,6.420827e-06,6.537493e-06,6.599998e-06,6.320826e-06,5.779163e-06,5.833332e-06,6.158328e-06,6.724993e-06,6.274994e-06,6.216661e-06,6.158328e-06,6.404161e-06,6.112496e-06,5.754161e-06,7.137497e-06,3.424994e-06
1,651,917.516,0.698,6.379159e-06,6.487497e-06,6.554159e-06,6.266665e-06,5.754161e-06,5.804165e-06,6.120833e-06,6.687498e-06,6.237499e-06,6.18333e-06,6.120833e-06,6.358329e-06,6.058327e-06,5.704164e-06,7.120832e-06,3.395828e-06
1,652,917.667,0.696,6.349993e-06,6.454166e-06,6.516663e-06,6.237499e-06,5.74166e-06,5.779163e-06,6.104159e-06,6.662496e-06,6.212497e-06,6.166665e-06,6.104159e-06,6.341664e-06,6.037497e-06,5.679162e-06,7.120832e-06,3.379162e-06
1,653,917.817,0.694,6.320826e-06,6.404161e-06,6.470831e-06,6.18333e-06,5.72083e-06,5.745832e-06,6.070828e-06,6.620828e-06,6.174993e-06,6.133326e-06,6.070828e-06,6.299997e-06,5.983329e-06,5.629166e-06,7.108331e-06,3.35416e-06
1,654,917.968,0.692,6.295832e-06,6.379159e-06,6.445829e-06,6.154164e-06,5.708329e-06,5.733331e-06,6.054163e-06,6.595826e-06,6.154164e-06,6.120833e-06,6.058327e-06,6.283331e-06,5.954162e-06,5.599999e-06,7.099994e-06,3.341659e-06
1,655,918.119,0.69,6.254164e-06,6.316662e-06,6.387496e-06,6.099995e-06,5.683327e-06,5.699992e-06,6.01666e-06,6.554159e-06,6.108331e-06,6.079165e-06,6.020832e-06,6.241663e-06,5.904166e-06,5.545831e-06,7.087493e-06,3.308328e-06
1,656,918.27,0.688,6.224998e-06,6.283331e-06,6.349993e-06,6.070828e-06,5.670825e-06,5.683327e-06,5.991666e-06,6.537493e-06,6.091658e-06,6.062492e-06,5.999994e-06,6.220826e-06,5.870827e-06,5.520828e-06,7.079164e-06,3.295827e-06
1,657,918.421,0.686,6.187495e-06,6.229162e-06,6.29166e-06,6.012495e-06,5.649996e-06,5.65416e-06,5.958327e-06,6.491661e-06,6.045826e-06,6.029161e-06,5.962499e-06,6.187495e-06,5.824995e-06,5.46666e-06,7.066663e-06,3.262496e-06
1,658,918.572,0.684,6.158328e-06,6.195831e-06,6.266665e-06,5.983329e-06,5.641659e-06,5.641659e-06,5.945826e-06,6.470831e-06,6.029161e-06,6.012495e-06,5.945826e-06,6.166665e-06,5.795829e-06,5.44583e-06,7.062499e-06,3.249995e-06
1,659,918.723,0.682,6.112496e-06,6.141663e-06,6.20416e-06,5.924996e-06,5.616665e-06,5.612493e-06,5.912495e-06,6.433328e-06,5.983329e-06,5.974992e-06,5.90833e-06,6.129162e-06,5.74166e-06,5.383333e-06,7.045825e-06,3.220828e-06
1,660,918.873,0.68,6.087494e-06,6.112496e-06,6.179166e-06,5.895829e-06,5.608328e-06,5.595827e-06,5.891665e-06,6.412498e-06,5.958327e-06,5.958327e-06,5.891665e-06,6.108331e-06,5.708329e-06,5.35833e-06,7.041661e-06,3.204163e-06
1,661,919.024,0.678,6.041662e-06,6.054163e-06,6.120833e-06,5.837496e-06,5.583326e-06,5.566661e-06,5.858326e-06,6.370831e-06,5.916659e-06,5.920831e-06,5.849997e-06,6.062492e-06,5.649996e-06,5.299997e-06,7.020831e-06,3.170832e-06
1,662,919.175,0.676,6.012495e-06,6.012495e-06,6.087494e-06,5.799993e-06,5.574997e-06,5.55416e-06,5.837496e-06,6.354165e-06,5.895829e-06,5.899994e-06,5.833332e-06,6.045826e-06,5.624994e-06,5.274995e-06,7.020831e-06,3.158331e-06
1,663,919.326,0.674,5.970828e-06,5.958327e-06,6.033325e-06,5.749996e-06,5.55416e-06,5.529165e-06,5.80833e-06,6.316662e-06,5.854161e-06,5.862498e-06,5.791664e-06,6.008331e-06,5.574997e-06,5.220827e-06,7.00833e-06,3.120828e-06
1,664,919.477,0.672,5.933332e-06,5.924996e-06,5.999994e-06,5.712493e-06,5.545831e-06,5.512492e-06,5.791664e-06,6.29166e-06,5.824995e-06,5.84166e-06,5.770826e-06,5.983329e-06,5.537494e-06,5.19166e-06,6.995829e-06,3.104162e-06
1,665,919.628,0.67,5.891665e-06,5.866663e-06,5.941661e-06,5.658333e-06,5.529165e-06,5.491662e-06,5.762497e-06,6.258329e-06,5.783327e-06,5.80833e-06,5.737495e-06,5.949998e-06,5.483325e-06,5.137499e-06,6.987492e-06,3.074996e-06
1,666,919.778,0.668,5.862498e-06,5.84166e-06,5.912495e-06,5.624994e-06,5.520828e-06,5.479161e-06,5.749996e-06,6.237499e-06,5.762497e-06,5.791664e-06,5.716666e-06,5.924996e-06,5.454159e-06,5.10416e-06,6.970827e-06,3.05833e-06
1,667,919.929,0.666,5.80833e-06,5.774998e-06,5.849997e-06,5.570825e-06,5.499999e-06,5.454159e-06,5.716666e-06,6.199996e-06,5.712493e-06,5.745832e-06,5.674998e-06,5.883328e-06,5.395826e-06,5.045827e-06,6.954161e-06,3.020827e-06
1,668,920.08,0.664,5.779163e-06,5.74166e-06,5.812494e-06,5.53333e-06,5.491662e-06,5.44583e-06,5.695828e-06,6.179166e-06,5.687499e-06,5.729159e-06,5.65416e-06,5.866663e-06,5.366659e-06,5.020825e-06,6.949997e-06,3.004161e-06
1,669,920.231,0.662,5.737495e-06,5.687499e-06,5.758325e-06,5.470832e-06,5.46666e-06,5.416663e-06,5.666661e-06,6.141663e-06,5.645832e-06,5.691663e-06,5.612493e-06,5.824995e-06,5.308326e-06,4.958328e-06,6.924995e-06,2.966658e-06
1,670,920.382,0.66,5.695828e-06,5.645832e-06,5.716666e-06,5.437493e-06,5.458331e-06,5.404162e-06,5.645832e-06,6.120833e-06,5.612493e-06,5.666661e-06,5.591663e-06,5.795829e-06,5.274995e-06,4.933325e-06,6.92083e-06,2.949993e-06
1,671,920.533,0.658,5.649996e-06,5.587498e-06,5.658333e-06,5.37916e-06,5.437493e-06,5.383333e-06,5.620829e-06,6.087494e-06,5.566661e-06,5.624994e-06,5.549995e-06,5.758325e-06,5.220827e-06,4.874993e-06,6.899993e-06,2.916662e-06
1,672,920.684,0.656,5.612493e-06,5.549995e-06,5.624994e-06,5.345829e-06,5.429165e-06,5.374996e-06,5.604164e-06,6.066664e-06,5.545831e-06,5.604164e-06,5.524993e-06,5.737495e-06,5.187495e-06,4.845826e-06,6.895828e-06,2.895832e-06
1,673,920.834,0.654,5.562496e-06,5.487498e-06,5.562496e-06,5.283332e-06,5.404162e-06,5.345829e-06,5.570825e-06,6.020832e-06,5.495826e-06,5.562496e-06,5.479161e-06,5.691663e-06,5.124998e-06,4.787493e-06,6.870826e-06,2.862493e-06
1,674,920.985,0.652,5.53333e-06,5.454159e-06,5.53333e-06,5.249993e-06,5.399998e-06,5.341665e-06,5.558332e-06,6.008331e-06,5.474997e-06,5.537494e-06,5.458331e-06,5.670825e-06,5.099996e-06,4.758326e-06,6.866662e-06,2.849992e-06
1,675,921.136,0.65,5.479161e-06,5.395826e-06,5.470832e-06,5.19166e-06,5.37916e-06,5.320827e-06,5.529165e-06,5.974992e-06,5.429165e-06,5.495826e-06,5.412499e-06,5.629166e-06,5.045827e-06,4.704165e-06,6.845832e-06,2.812497e-06
1,676,921.287,0.648,5.44583e-06,5.362495e-06,5.437493e-06,5.162493e-06,5.370831e-06,5.312499e-06,5.512492e-06,5.958327e-06,5.399998e-06,5.470832e-06,5.391661e-06,5.604164e-06,5.012496e-06,4.674999e-06,6.837495e-06,2.795831e-06
1,677,921.438,0.646,5.399998e-06,5.308326e-06,5.383333e-06,5.10416e-06,5.349994e-06,5.287496e-06,5.483325e-06,5.924996e-06,5.354166e-06,5.429165e-06,5.345829e-06,5.558332e-06,4.958328e-06,4.624995e-06,6.812493e-06,2.758328e-06
1,678,921.589,0.644,5.362495e-06,5.266658e-06,5.341665e-06,5.07083e-06,5.341665e-06,5.274995e-06,5.470832e-06,5.904166e-06,5.329164e-06,5.412499e-06,5.324991e-06,5.541659e-06,4.929161e-06,4.591664e-06,6.804164e-06,2.741663e-06
1,679,921.739,0.642,5.337492e-06,5.233328e-06,5.312499e-06,5.033326e-06,5.337492e-06,5.266658e-06,5.454159e-06,5.887493e-06,5.299997e-06,5.383333e-06,5.304162e-06,5.516664e-06,4.904159e-06,4.566662e-06,6.791663e-06,2.720825e-06
1,680,921.89,0.64,5.287496e-06,5.179159e-06,5.254165e-06,4.98333e-06,5.308326e-06,5.241664e-06,5.420828e-06,5.84166e-06,5.254165e-06,5.341665e-06,5.254165e-06,5.470832e-06,4.849998e-06,4.512493e-06,6.766661e-06,2.687494e-06
1,681,922.041,0.638,5.245829e-06,5.145828e-06,5.216662e-06,4.949999e-06,5.299997e-06,5.233328e-06,5.404162e-06,5.820831e-06,5.224999e-06,5.312499e-06,5.229163e-06,5.44583e-06,4.816659e-06,4.479162e-06,6.75416e-06,2.666664e-06
1,682,922.192,0.636,5.199997e-06,5.087495e-06,5.158329e-06,4.891666e-06,5.274995e-06,5.208326e-06,5.374996e-06,5.787492e-06,5.174994e-06,5.266658e-06,5.179159e-06,5.404162e-06,4.770827e-06,4.43333e-06,6.73333e-06,2.633325e-06
1,683,922.343,0.634,5.158329e-06,5.049992e-06,5.120826e-06,4.858327e-06,5.266658e-06,5.204161e-06,5.35833e-06,5.770826e-06,5.149992e-06,5.245829e-06,5.162493e-06,5.383333e-06,4.741661e-06,4.404164e-06,6.716665e-06,2.61666e-06
1,684,922.494,0.632,5.112497e-06,4.995831e-06,5.062493e-06,4.804158e-06,5.245829e-06,5.179159e-06,5.329164e-06,5.733331e-06,5.099996e-06,5.199997e-06,5.108333e-06,5.333328e-06,4.687492e-06,4.358331e-06,6.695827e-06,2.579164e-06
1,685,922.644,0.63,5.079166e-06,4.962492e-06,5.033326e-06,4.770827e-06,5.237492e-06,5.174994e-06,5.316663e-06,5.716666e-06,5.074994e-06,5.179159e-06,5.087495e-06,5.316663e-06,4.666662e-06,4.333329e-06,6.679161e-06,2.570828e-06
1,686,922.795,0.628,5.033326e-06,4.912496e-06,4.974993e-06,4.720831e-06,5.216662e-06,5.149992e-06,5.283332e-06,5.674998e-06,5.024997e-06,5.129163e-06,5.041663e-06,5.262494e-06,4.62083e-06,4.291662e-06,6.654159e-06,2.52916e-06
1,687,922.946,0.626,4.995831e-06,4.879165e-06,4.945827e-06,4.695829e-06,5.204161e-06,5.141664e-06,5.270831e-06,5.658333e-06,4.999995e-06,5.108333e-06,5.016661e-06,5.241664e-06,4.591664e-06,4.266659e-06,6.641666e-06,2.512495e-06
1,688,923.097,0.624,4.945827e-06,4.824996e-06,4.887494e-06,4.645832e-06,5.179159e-06,5.112497e-06,5.237492e-06,5.616665e-06,4.949999e-06,5.058328e-06,4.970829e-06,5.19166e-06,4.549996e-06,4.224992e-06,6.612492e-06,2.483328e-06
1,689,923.248,0.622,4.912496e-06,4.791665e-06,4.854162e-06,4.616666e-06,5.17083e-06,5.108333e-06,5.220827e-06,5.599999e-06,4.920832e-06,5.033326e-06,4.941662e-06,5.174994e-06,4.529158e-06,4.199997e-06,6.604163e-06,2.466663e-06
1,690,923.399,0.62,4.862499e-06,4.741661e-06,4.804158e-06,4.570826e-06,5.145828e-06,5.087495e-06,5.19166e-06,5.562496e-06,4.870828e-06,4.987494e-06,4.891666e-06,5.124998e-06,4.487499e-06,4.15833e-06,6.574996e-06,2.437496e-06
1,691,923.55,0.618,4.837497e-06,4.712494e-06,4.770827e-06,4.54166e-06,5.133327e-06,5.074994e-06,5.174994e-06,5.545831e-06,4.849998e-06,4.962492e-06,4.870828e-06,5.095832e-06,4.470825e-06,4.141665e-06,6.558331e-06,2.420831e-06
1,692,923.7,0.616,4.783328e-06,4.666662e-06,4.724996e-06,4.495827e-06,5.112497e-06,5.054164e-06,5.145828e-06,5.508327e-06,4.799994e-06,4.91666e-06,4.824996e-06,5.058328e-06,4.429166e-06,4.104161e-06,6.529164e-06,2.391664e-06
1,693,923.851,0.614,4.758326e-06,4.637496e-06,4.695829e-06,4.470825e-06,5.10416e-06,5.041663e-06,5.133327e-06,5.487498e-06,4.774992e-06,4.891666e-06,4.799994e-06,5.033326e-06,4.412492e-06,4.083332e-06,6.516663e-06,2.374999e-06
1,694,924.002,0.612,4.712494e-06,4.591664e-06,4.649997e-06,4.429166e-06,5.079166e-06,5.016661e-06,5.095832e-06,5.449994e-06,4.733332e-06,4.845826e-06,4.754162e-06,4.987494e-06,4.379161e-06,4.049993e-06,6.483333e-06,2.345832e-06
1,695,924.153,0.61,4.683327e-06,4.558333e-06,4.616666e-06,4.404164e-06,5.062493e-06,5.008332e-06,5.083331e-06,5.429165e-06,4.70833e-06,4.820832e-06,4.72916e-06,4.958328e-06,4.362496e-06,4.037492e-06,6.470831e-06,2.329159e-06
1,696,924.304,0.608,4.637496e-06,4.516665e-06,4.570826e-06,4.36666e-06,5.037498e-06,4.98333e-06,5.054164e-06,5.391661e-06,4.658325e-06,4.770827e-06,4.683327e-06,4.912496e-06,4.333329e-06,4.008325e-06,6.437492e-06,2.299992e-06
1,697,924.455,0.606,4.612494e-06,4.495827e-06,4.545832e-06,4.34583e-06,5.024997e-06,4.974993e-06,5.033326e-06,5.370831e-06,4.637496e-06,4.749998e-06,4.658325e-06,4.891666e-06,4.320828e-06,3.995832e-06,6.424999e-06,2.291664e-06
1,698,924.605,0.604,4.570826e-06,4.45416e-06,4.504164e-06,4.308327e-06,4.999995e-06,4.945827e-06,5.008332e-06,5.329164e-06,4.591664e-06,4.699993e-06,4.616666e-06,4.845826e-06,4.295826e-06,3.97083e-06,6.387496e-06,2.266661e-06
1,699,924.756,0.602,4.545832e-06,4.429166e-06,4.474998e-06,4.283325e-06,4.987494e-06,4.937498e-06,4.987494e-06,5.316663e-06,4.566662e-06,4.679163e-06,4.591664e-06,4.820832e-06,4.287497e-06,3.962493e-06,6.374995e-06,2.25416e-06
1,700,924.907,0.6,4.504164e-06,4.387498e-06,4.43333e-06,4.254158e-06,4.958328e-06,4.912496e-06,4.958328e-06,5.274995e-06,4.524994e-06,4.629159e-06,4.545832e-06,4.779164e-06,4.266659e-06,3.945827e-06,6.341664e-06,2.229158e-06
1,701,925.058,0.598,4.479162e-06,4.370832e-06,4.412492e-06,4.237493e-06,4.945827e-06,4.899995e-06,4.941662e-06,5.25833e-06,4.508328e-06,4.612494e-06,4.524994e-06,4.754162e-06,4.254158e-06,3.937499e-06,6.320826e-06,2.216665e-06
1,702,925.209,0.596,4.445831e-06,4.333329e-06,4.370832e-06,4.204162e-06,4.91666e-06,4.870828e-06,4.904159e-06,5.208326e-06,4.462496e-06,4.562497e-06,4.483326e-06,4.70833e-06,4.233329e-06,3.920825e-06,6.283331e-06,2.199992e-06
1,703,925.36,0.594,4.420829e-06,4.312499e-06,4.349994e-06,4.187496e-06,4.904159e-06,4.862499e-06,4.891666e-06,5.19166e-06,4.441659e-06,4.54166e-06,4.462496e-06,4.683327e-06,4.233329e-06,3.912497e-06,6.27083e-06,2.187498e-06
1,704,925.511,0.592,4.387498e-06,4.283325e-06,4.316664e-06,4.166659e-06,4.874993e-06,4.833333e-06,4.854162e-06,5.154165e-06,4.399999e-06,4.499992e-06,4.416665e-06,4.64166e-06,4.224992e-06,3.908332e-06,6.233327e-06,2.166661e-06
1,705,925.661,0.59,4.36666e-06,4.262495e-06,4.291662e-06,4.154166e-06,4.858327e-06,4.820832e-06,4.837497e-06,5.129163e-06,4.379161e-06,4.474998e-06,4.395827e-06,4.616666e-06,4.216663e-06,3.899996e-06,6.212497e-06,2.15416e-06
1,706,925.812,0.588,4.34583e-06,4.249994e-06,4.27916e-06,4.137492e-06,4.849998e-06,4.812495e-06,4.820832e-06,5.108333e-06,4.362496e-06,4.45416e-06,4.374997e-06,4.591664e-06,4.212499e-06,3.899996e-06,6.195831e-06,2.145831e-06
1,707,925.963,0.586,4.316664e-06,4.220828e-06,4.249994e-06,4.120827e-06,4.816659e-06,4.783328e-06,4.783328e-06,5.07083e-06,4.324992e-06,4.412492e-06,4.337493e-06,4.549996e-06,4.212499e-06,3.891659e-06,6.158328e-06,2.129165e-06
1,708,926.114,0.584,4.304163e-06,4.208326e-06,4.229164e-06,4.104161e-06,4.804158e-06,4.766663e-06,4.770827e-06,5.049992e-06,4.308327e-06,4.387498e-06,4.316664e-06,4.529158e-06,4.208326e-06,3.895831e-06,6.133326e-06,2.120829e-06
1,709,926.265,0.582,4.274996e-06,4.183332e-06,4.204162e-06,4.09166e-06,4.770827e-06,4.741661e-06,4.737497e-06,5.004159e-06,4.270832e-06,4.349994e-06,4.27916e-06,4.483326e-06,4.212499e-06,3.895831e-06,6.09583e-06,2.104163e-06
1,710,926.416,0.58,4.258331e-06,4.170831e-06,4.187496e-06,4.087496e-06,4.758326e-06,4.72916e-06,4.716659e-06,4.987494e-06,4.249994e-06,4.324992e-06,4.258331e-06,4.462496e-06,4.208326e-06,3.899996e-06,6.074993e-06,2.099999e-06
1,711,926.566,0.578,4.233329e-06,4.154166e-06,4.162494e-06,4.070831e-06,4.720831e-06,4.695829e-06,4.679163e-06,4.945827e-06,4.220828e-06,4.291662e-06,4.224992e-06,4.420829e-06,4.216663e-06,3.90416e-06,6.033325e-06,2.087498e-06
1,712,926.717,0.576,4.224992e-06,4.141665e-06,4.149993e-06,4.066666e-06,4.70833e-06,4.683327e-06,4.666662e-06,4.924997e-06,4.208326e-06,4.270832e-06,4.208326e-06,4.395827e-06,4.220828e-06,3.912497e-06,6.012495e-06,2.083325e-06
1,713,926.868,0.574,4.199997e-06,4.129163e-06,4.129163e-06,4.058329e-06,4.674999e-06,4.649997e-06,4.629159e-06,4.883329e-06,4.174995e-06,4.233329e-06,4.170831e-06,4.354159e-06,4.229164e-06,3.920825e-06,5.970828e-06,2.074997e-06
1,714,927.019,0.572,4.191661e-06,4.124999e-06,4.120827e-06,4.054165e-06,4.662498e-06,4.637496e-06,4.616666e-06,4.862499e-06,4.162494e-06,4.216663e-06,4.154166e-06,4.337493e-06,4.233329e-06,3.933326e-06,5.949998e-06,2.070832e-06
1,715,927.17,0.57,4.174995e-06,4.112498e-06,4.104161e-06,4.049993e-06,4.624995e-06,4.604165e-06,4.579163e-06,4.820832e-06,4.137492e-06,4.17916e-06,4.124999e-06,4.295826e-06,4.254158e-06,3.945827e-06,5.904166e-06,2.062495e-06
1,716,927.321,0.568,4.170831e-06,4.104161e-06,4.095833e-06,4.049993e-06,4.612494e-06,4.595828e-06,4.562497e-06,4.799994e-06,4.120827e-06,4.162494e-06,4.108326e-06,4.27916e-06,4.266659e-06,3.958329e-06,5.887493e-06,2.058331e-06
1,717,927.471,0.566,4.149993e-06,4.095833e-06,4.087496e-06,4.049993e-06,4.579163e-06,4.562497e-06,4.520829e-06,4.754162e-06,4.099997e-06,4.129163e-06,4.079159e-06,4.241665e-06,4.283325e-06,3.979158e-06,5.837496e-06,2.054159e-06
1,718,927.622,0.564,4.149993e-06,4.095833e-06,4.079159e-06,4.054165e-06,4.558333e-06,4.545832e-06,4.504164e-06,4.737497e-06,4.087496e-06,4.116662e-06,4.066666e-06,4.224992e-06,4.299998e-06,3.995832e-06,5.812494e-06,2.054159e-06
1,719,927.773,0.562,4.141665e-06,4.09166e-06,4.074995e-06,4.058329e-06,4.524994e-06,4.512493e-06,4.470825e-06,4.691664e-06,4.066666e-06,4.083332e-06,4.041664e-06,4.187496e-06,4.324992e-06,4.012497e-06,5.766662e-06,2.04583e-06
1,720,927.924,0.56,4.141665e-06,4.09166e-06,4.070831e-06,4.066666e-06,4.508328e-06,4.504164e-06,4.45416e-06,4.674999e-06,4.058329e-06,4.074995e-06,4.033327e-06,4.170831e-06,4.341666e-06,4.033327e-06,5.74166e-06,2.049994e-06
1,721,928.075,0.558,4.133328e-06,4.095833e-06,4.070831e-06,4.074995e-06,4.474998e-06,4.470825e-06,4.416665e-06,4.629159e-06,4.045828e-06,4.041664e-06,4.012497e-06,4.137492e-06,4.370832e-06,4.066666e-06,5.695828e-06,2.049994e-06
1,722,928.226,0.556,4.137492e-06,4.099997e-06,4.070831e-06,4.083332e-06,4.458332e-06,4.45416e-06,4.399999e-06,4.604165e-06,4.037492e-06,4.029163e-06,3.999996e-06,4.120827e-06,4.391662e-06,4.083332e-06,5.670825e-06,2.054159e-06
1,723,928.377,0.554,4.133328e-06,4.104161e-06,4.066666e-06,4.095833e-06,4.420829e-06,4.420829e-06,4.362496e-06,4.562497e-06,4.024998e-06,4.008325e-06,3.983331e-06,4.087496e-06,4.424993e-06,4.120827e-06,5.620829e-06,2.058331e-06
1,724,928.527,0.552,4.141665e-06,4.112498e-06,4.070831e-06,4.112498e-06,4.408328e-06,4.412492e-06,4.34583e-06,4.545832e-06,4.020826e-06,3.995832e-06,3.974994e-06,4.074995e-06,4.449995e-06,4.141665e-06,5.595827e-06,2.062495e-06
1,725,928.678,0.55,4.145829e-06,4.120827e-06,4.079159e-06,4.129163e-06,4.374997e-06,4.383326e-06,4.316664e-06,4.512493e-06,4.012497e-06,3.974994e-06,3.958329e-06,4.049993e-06,4.483326e-06,4.17916e-06,5.545831e-06,2.06666e-06
1,726,928.829,0.548,4.149993e-06,4.133328e-06,4.087496e-06,4.141665e-06,4.358331e-06,4.36666e-06,4.295826e-06,4.491663e-06,4.008325e-06,3.966665e-06,3.954164e-06,4.037492e-06,4.508328e-06,4.208326e-06,5.520828e-06,2.074997e-06
1,727,928.98,0.546,4.15833e-06,4.145829e-06,4.095833e-06,4.162494e-06,4.324992e-06,4.333329e-06,4.262495e-06,4.449995e-06,4.00416e-06,3.949992e-06,3.945827e-06,4.008325e-06,4.549996e-06,4.249994e-06,5.46666e-06,2.079161e-06
1,728,929.131,0.544,4.170831e-06,4.162494e-06,4.104161e-06,4.183332e-06,4.308327e-06,4.324992e-06,4.24583e-06,4.43333e-06,4.00416e-06,3.945827e-06,3.945827e-06,3.999996e-06,4.579163e-06,4.270832e-06,5.441666e-06,2.087498e-06
1,729,929.282,0.542,4.17916e-06,4.17916e-06,4.116662e-06,4.208326e-06,4.270832e-06,4.291662e-06,4.212499e-06,4.399999e-06,4.00416e-06,3.933326e-06,3.937499e-06,3.979158e-06,4.629159e-06,4.316664e-06,5.391661e-06,2.099999e-06
1,730,929.432,0.54,4.195825e-06,4.191661e-06,4.129163e-06,4.224992e-06,4.262495e-06,4.283325e-06,4.199997e-06,4.374997e-06,4.00416e-06,3.924998e-06,3.937499e-06,3.97083e-06,4.654161e-06,4.34583e-06,5.362495e-06,2.108328e-06
1,731,929.583,0.538,4.208326e-06,4.212499e-06,4.149993e-06,4.258331e-06,4.220828e-06,4.254158e-06,4.166659e-06,4.341666e-06,4.008325e-06,3.916661e-06,3.933326e-06,3.954164e-06,4.704165e-06,4.395827e-06,5.308326e-06,2.120829e-06
1,732,929.734,0.536,4.224992e-06,4.233329e-06,4.15833e-06,4.27916e-06,4.208326e-06,4.24583e-06,4.154166e-06,4.324992e-06,4.012497e-06,3.916661e-06,3.933326e-06,3.949992e-06,4.733332e-06,4.424993e-06,5.287496e-06,2.13333e-06
1,733,929.885,0.534,4.237493e-06,4.24583e-06,4.174995e-06,4.299998e-06,4.199997e-06,4.229164e-06,4.137492e-06,4.308327e-06,4.016661e-06,3.916661e-06,3.937499e-06,3.941663e-06,4.762499e-06,4.458332e-06,5.25833e-06,2.141659e-06
1,734,930.036,0.532,4.258331e-06,4.274996e-06,4.195825e-06,4.329165e-06,4.166659e-06,4.199997e-06,4.108326e-06,4.274996e-06,4.024998e-06,3.912497e-06,3.941663e-06,3.929162e-06,4.820832e-06,4.508328e-06,5.204161e-06,2.158332e-06
1,735,930.187,0.53,4.283325e-06,4.291662e-06,4.216663e-06,4.358331e-06,4.149993e-06,4.191661e-06,4.095833e-06,4.258331e-06,4.033327e-06,3.912497e-06,3.945827e-06,3.920825e-06,4.849998e-06,4.545832e-06,5.174994e-06,2.170825e-06
1,736,930.338,0.528,4.304163e-06,4.320828e-06,4.241665e-06,4.395827e-06,4.120827e-06,4.166659e-06,4.066666e-06,4.229164e-06,4.041664e-06,3.912497e-06,3.954164e-06,3.912497e-06,4.908331e-06,4.599992e-06,5.120826e-06,2.187498e-06
1,737,930.488,0.526,4.329165e-06,4.349994e-06,4.262495e-06,4.424993e-06,4.108326e-06,4.154166e-06,4.054165e-06,4.216663e-06,4.049993e-06,3.912497e-06,3.958329e-06,3.912497e-06,4.945827e-06,4.633331e-06,5.091659e-06,2.204164e-06
1,738,930.639,0.524,4.354159e-06,4.379161e-06,4.295826e-06,4.466661e-06,4.074995e-06,4.129163e-06,4.024998e-06,4.17916e-06,4.066666e-06,3.920825e-06,3.97083e-06,3.908332e-06,5.008332e-06,4.691664e-06,5.037498e-06,2.224994e-06
1,739,930.79,0.522,4.383326e-06,4.408328e-06,4.316664e-06,4.491663e-06,4.062494e-06,4.120827e-06,4.012497e-06,4.166659e-06,4.079159e-06,3.924998e-06,3.979158e-06,3.908332e-06,5.045827e-06,4.733332e-06,5.004159e-06,2.241659e-06
1,740,930.941,0.52,4.416665e-06,4.445831e-06,4.349994e-06,4.54166e-06,4.033327e-06,4.099997e-06,3.987495e-06,4.141665e-06,4.095833e-06,3.933326e-06,3.995832e-06,3.90416e-06,5.108333e-06,4.79583e-06,4.945827e-06,2.266661e-06
1,741,931.092,0.518,4.441659e-06,4.479162e-06,4.379161e-06,4.570826e-06,4.024998e-06,4.09166e-06,3.979158e-06,4.129163e-06,4.112498e-06,3.941663e-06,4.008325e-06,3.908332e-06,5.145828e-06,4.82916e-06,4.924997e-06,2.279162e-06
1,742,931.243,0.516,4.474998e-06,4.516665e-06,4.412492e-06,4.616666e-06,3.999996e-06,4.074995e-06,3.954164e-06,4.108326e-06,4.133328e-06,3.954164e-06,4.029163e-06,3.908332e-06,5.212498e-06,4.89583e-06,4.866663e-06,2.304165e-06
1,743,931.393,0.514,4.512493e-06,4.545832e-06,4.437494e-06,4.649997e-06,3.987495e-06,4.066666e-06,3.945827e-06,4.09166e-06,4.149993e-06,3.966665e-06,4.045828e-06,3.916661e-06,5.249993e-06,4.929161e-06,4.837497e-06,2.32083e-06
1,744,931.544,0.512,4.545832e-06,4.587499e-06,4.479162e-06,4.699993e-06,3.966665e-06,4.049993e-06,3.924998e-06,4.070831e-06,4.174995e-06,3.979158e-06,4.066666e-06,3.924998e-06,5.320827e-06,4.999995e-06,4.783328e-06,2.354161e-06
1,745,931.695,0.51,4.579163e-06,4.62083e-06,4.508328e-06,4.733332e-06,3.958329e-06,4.045828e-06,3.920825e-06,4.066666e-06,4.195825e-06,3.991659e-06,4.079159e-06,3.929162e-06,5.35833e-06,5.037498e-06,4.754162e-06,2.370826e-06
1,746,931.846,0.508,4.616666e-06,4.662498e-06,4.545832e-06,4.783328e-06,3.933326e-06,4.024998e-06,3.899996e-06,4.045828e-06,4.220828e-06,4.012497e-06,4.108326e-06,3.937499e-06,5.429165e-06,5.10416e-06,4.695829e-06,2.395828e-06
1,747,931.997,0.506,4.649997e-06,4.695829e-06,4.579163e-06,4.820832e-06,3.920825e-06,4.020826e-06,3.891659e-06,4.037492e-06,4.237493e-06,4.020826e-06,4.120827e-06,3.945827e-06,5.46666e-06,5.145828e-06,4.670826e-06,2.420831e-06
1,748,932.148,0.504,4.687492e-06,4.745825e-06,4.624995e-06,4.874993e-06,3.90416e-06,4.012497e-06,3.879165e-06,4.020826e-06,4.266659e-06,4.045828e-06,4.149993e-06,3.962493e-06,5.537494e-06,5.208326e-06,4.612494e-06,2.449997e-06
1,749,932.298,0.502,4.72916e-06,4.779164e-06,4.658325e-06,4.912496e-06,3.899996e-06,4.012497e-06,3.870829e-06,4.016661e-06,4.291662e-06,4.062494e-06,4.170831e-06,3.974994e-06,5.579162e-06,5.249993e-06,4.587499e-06,2.470827e-06
1,750,932.449,0.5,4.770827e-06,4.82916e-06,4.70833e-06,4.962492e-06,3.879165e-06,3.999996e-06,3.858328e-06,3.999996e-06,4.324992e-06,4.087496e-06,4.208326e-06,3.987495e-06,5.649996e-06,5.320827e-06,4.537495e-06,2.504166e-06
1,751,932.6,0.498,4.808331e-06,4.866663e-06,4.741661e-06,5.004159e-06,3.874993e-06,3.995832e-06,3.858328e-06,3.999996e-06,4.349994e-06,4.108326e-06,4.224992e-06,3.999996e-06,5.695828e-06,5.362495e-06,4.504164e-06,2.524996e-06
1,752,932.751,0.496,4.854162e-06,4.91666e-06,4.783328e-06,5.058328e-06,3.858328e-06,3.987495e-06,3.845827e-06,3.987495e-06,4.383326e-06,4.137492e-06,4.262495e-06,4.024998e-06,5.762497e-06,5.429165e-06,4.458332e-06,2.554162e-06
1,753,932.902,0.494,4.89583e-06,4.954163e-06,4.820832e-06,5.095832e-06,3.858328e-06,3.991659e-06,3.841662e-06,3.987495e-06,4.408328e-06,4.154166e-06,4.283325e-06,4.033327e-06,5.812494e-06,5.470832e-06,4.429166e-06,2.579164e-06
1,754,933.053,0.492,4.941662e-06,5.008332e-06,4.874993e-06,5.158329e-06,3.845827e-06,3.983331e-06,3.833326e-06,3.974994e-06,4.449995e-06,4.191661e-06,4.320828e-06,4.062494e-06,5.883328e-06,5.545831e-06,4.374997e-06,2.61666e-06
1,755,933.204,0.49,4.987494e-06,5.049992e-06,4.912496e-06,5.195832e-06,3.841662e-06,3.991659e-06,3.833326e-06,3.974994e-06,4.474998e-06,4.212499e-06,4.349994e-06,4.079159e-06,5.933332e-06,5.587498e-06,4.34583e-06,2.637498e-06
1,756,933.354,0.488,5.029162e-06,5.099996e-06,4.962492e-06,5.25833e-06,3.833326e-06,3.983331e-06,3.829161e-06,3.974994e-06,4.512493e-06,4.249994e-06,4.391662e-06,4.104161e-06,5.999994e-06,5.658333e-06,4.295826e-06,2.674993e-06
1,757,933.505,0.486,5.074994e-06,5.141664e-06,4.999995e-06,5.295825e-06,3.824997e-06,3.983331e-06,3.824997e-06,3.966665e-06,4.54166e-06,4.274996e-06,4.412492e-06,4.120827e-06,6.045826e-06,5.699992e-06,4.266659e-06,2.699995e-06
1,758,933.656,0.484,5.124998e-06,5.195832e-06,5.054164e-06,5.35833e-06,3.820833e-06,3.983331e-06,3.820833e-06,3.97083e-06,4.587499e-06,4.308327e-06,4.45416e-06,4.154166e-06,6.124997e-06,5.770826e-06,4.216663e-06,2.737498e-06
1,759,933.807,0.482,5.17083e-06,5.237492e-06,5.091659e-06,5.395826e-06,3.81666e-06,3.991659e-06,3.824997e-06,3.974994e-06,4.612494e-06,4.337493e-06,4.483326e-06,4.174995e-06,6.166665e-06,5.816658e-06,4.195825e-06,2.758328e-06
1,760,933.958,0.48,5.199997e-06,5.270831e-06,5.129163e-06,5.433329e-06,3.81666e-06,3.995832e-06,3.824997e-06,3.974994e-06,4.64166e-06,4.362496e-06,4.508328e-06,4.195825e-06,6.208332e-06,5.858326e-06,4.166659e-06,2.78333e-06
1,761,934.109,0.478,5.254165e-06,5.333328e-06,5.187495e-06,5.495826e-06,3.812496e-06,3.995832e-06,3.824997e-06,3.974994e-06,4.687492e-06,4.404164e-06,4.558333e-06,4.233329e-06,6.287495e-06,5.933332e-06,4.120827e-06,2.824998e-06
1,762,934.259,0.476,5.299997e-06,5.374996e-06,5.224999e-06,5.545831e-06,3.81666e-06,4.00416e-06,3.833326e-06,3.983331e-06,4.720831e-06,4.429166e-06,4.587499e-06,4.254158e-06,6.337492e-06,5.979165e-06,4.099997e-06,2.849992e-06
1,763,934.41,0.474,5.35833e-06,5.437493e-06,5.283332e-06,5.608328e-06,3.812496e-06,4.012497e-06,3.837498e-06,3.987495e-06,4.766663e-06,4.474998e-06,4.637496e-06,4.291662e-06,6.412498e-06,6.049999e-06,4.054165e-06,2.887495e-06
1,764,934.561,0.472,5.404162e-06,5.479161e-06,5.329164e-06,5.649996e-06,3.81666e-06,4.016661e-06,3.837498e-06,3.991659e-06,4.79583e-06,4.504164e-06,4.666662e-06,4.320828e-06,6.45833e-06,6.09583e-06,4.024998e-06,2.916662e-06
1,765,934.712,0.47,5.462496e-06,5.541659e-06,5.387497e-06,5.716666e-06,3.81666e-06,4.033327e-06,3.845827e-06,4.00416e-06,4.849998e-06,4.554161e-06,4.720831e-06,4.362496e-06,6.537493e-06,6.166665e-06,3.983331e-06,2.95833e-06
1,766,934.863,0.468,5.508327e-06,5.587498e-06,5.433329e-06,5.762497e-06,3.824997e-06,4.041664e-06,3.854163e-06,4.012497e-06,4.883329e-06,4.583327e-06,4.749998e-06,4.387498e-06,6.587497e-06,6.212497e-06,3.962493e-06,2.983332e-06
1,767,935.014,0.466,5.566661e-06,5.649996e-06,5.491662e-06,5.829159e-06,3.829161e-06,4.054165e-06,3.862492e-06,4.024998e-06,4.933325e-06,4.633331e-06,4.804158e-06,4.429166e-06,6.658332e-06,6.287495e-06,3.924998e-06,3.024999e-06
1,768,935.165,0.464,5.612493e-06,5.691663e-06,5.537494e-06,5.874999e-06,3.833326e-06,4.062494e-06,3.870829e-06,4.033327e-06,4.970829e-06,4.666662e-06,4.837497e-06,4.45416e-06,6.712492e-06,6.337492e-06,3.90416e-06,3.049993e-06
1,769,935.315,0.462,5.666661e-06,5.754161e-06,5.595827e-06,5.941661e-06,3.837498e-06,4.083332e-06,3.88333e-06,4.049993e-06,5.024997e-06,4.716659e-06,4.891666e-06,4.504164e-06,6.787499e-06,6.408326e-06,3.866664e-06,3.095826e-06
1,770,935.466,0.46,5.72083e-06,5.799993e-06,5.641659e-06,5.983329e-06,3.845827e-06,4.095833e-06,3.891659e-06,4.062494e-06,5.058328e-06,4.745825e-06,4.929161e-06,4.53333e-06,6.837495e-06,6.454166e-06,3.854163e-06,3.124992e-06
1,771,935.617,0.458,5.774998e-06,5.862498e-06,5.704164e-06,6.049999e-06,3.862492e-06,4.112498e-06,3.912497e-06,4.079159e-06,5.112497e-06,4.804158e-06,4.98333e-06,4.583327e-06,6.912494e-06,6.529164e-06,3.812496e-06,3.16666e-06
1,772,935.768,0.456,5.829159e-06,5.912495e-06,5.745832e-06,6.099995e-06,3.866664e-06,4.124999e-06,3.920825e-06,4.09166e-06,5.149992e-06,4.837497e-06,5.020825e-06,4.612494e-06,6.962498e-06,6.574996e-06,3.79583e-06,3.191662e-06
1,773,935.919,0.454,5.883328e-06,5.974992e-06,5.816658e-06,6.162492e-06,3.879165e-06,4.149993e-06,3.937499e-06,4.112498e-06,5.208326e-06,4.891666e-06,5.074994e-06,4.666662e-06,7.037497e-06,6.654159e-06,3.770828e-06,3.237494e-06
1,774,936.07,0.452,5.941661e-06,6.024996e-06,5.858326e-06,6.212497e-06,3.891659e-06,4.166659e-06,3.949992e-06,4.129163e-06,5.241664e-06,4.924997e-06,5.116661e-06,4.695829e-06,7.091665e-06,6.699999e-06,3.749998e-06,3.26666e-06
1,775,936.22,0.45,5.99583e-06,6.091658e-06,5.924996e-06,6.279159e-06,3.908332e-06,4.187496e-06,3.97083e-06,4.154166e-06,5.299997e-06,4.98333e-06,5.17083e-06,4.754162e-06,7.166664e-06,6.770825e-06,3.724996e-06,3.308328e-06
1,776,936.371,0.448,6.049999e-06,6.133326e-06,5.962499e-06,6.324999e-06,3.916661e-06,4.204162e-06,3.983331e-06,4.170831e-06,5.341665e-06,5.020825e-06,5.208326e-06,4.787493e-06,7.212496e-06,6.816666e-06,3.712495e-06,3.337494e-06
1,777,936.522,0.446,6.108331e-06,6.195831e-06,6.033325e-06,6.387496e-06,3.937499e-06,4.229164e-06,4.008325e-06,4.195825e-06,5.399998e-06,5.074994e-06,5.266658e-06,4.841661e-06,7.291659e-06,6.8875e-06,3.691665e-06,3.383326e-06
1,778,936.673,0.444,6.158328e-06,6.245828e-06,6.079165e-06,6.433328e-06,3.949992e-06,4.249994e-06,4.020826e-06,4.212499e-06,5.433329e-06,5.112497e-06,5.308326e-06,4.874993e-06,7.341663e-06,6.937496e-06,3.683329e-06,3.412493e-06
1,779,936.824,0.442,6.216661e-06,6.312498e-06,6.141663e-06,6.508326e-06,3.97083e-06,4.27916e-06,4.049993e-06,4.24583e-06,5.499999e-06,5.17083e-06,5.366659e-06,4.933325e-06,7.420826e-06,7.00833e-06,3.662499e-06,3.454161e-06
1,780,936.975,0.44,6.27083e-06,6.362494e-06,6.187495e-06,6.549994e-06,3.983331e-06,4.299998e-06,4.066666e-06,4.262495e-06,5.53333e-06,5.208326e-06,5.408327e-06,4.962492e-06,7.466666e-06,7.049998e-06,3.654162e-06,3.483327e-06
1,781,937.125,0.438,6.324999e-06,6.424999e-06,6.254164e-06,6.620828e-06,4.008325e-06,4.329165e-06,4.087496e-06,4.291662e-06,5.599999e-06,5.270831e-06,5.46666e-06,5.024997e-06,7.541664e-06,7.124996e-06,3.641661e-06,3.533332e-06
1,782,937.276,0.436,6.383332e-06,6.474996e-06,6.295832e-06,6.662496e-06,4.020826e-06,4.349994e-06,4.108326e-06,4.312499e-06,5.63333e-06,5.304162e-06,5.504163e-06,5.054164e-06,7.583332e-06,7.170828e-06,3.641661e-06,3.554161e-06
1,783,937.427,0.434,6.437492e-06,6.533329e-06,6.362494e-06,6.729166e-06,4.049993e-06,4.383326e-06,4.141665e-06,4.34583e-06,5.695828e-06,5.370831e-06,5.566661e-06,5.116661e-06,7.666659e-06,7.241662e-06,3.633332e-06,3.599993e-06
1,784,937.578,0.432,6.495825e-06,6.583325e-06,6.412498e-06,6.779162e-06,4.066666e-06,4.404164e-06,4.15833e-06,4.36666e-06,5.733331e-06,5.404162e-06,5.604164e-06,5.149992e-06,7.7125e-06,7.287495e-06,3.62916e-06,3.62916e-06
1,785,937.729,0.43,6.549994e-06,6.649995e-06,6.47916e-06,6.845832e-06,4.09166e-06,4.441659e-06,4.187496e-06,4.404164e-06,5.799993e-06,5.46666e-06,5.666661e-06,5.212498e-06,7.783326e-06,7.358328e-06,3.62916e-06,3.679164e-06
1,786,937.88,0.428,6.608327e-06,6.699999e-06,6.524992e-06,6.891664e-06,4.112498e-06,4.466661e-06,4.208326e-06,4.424993e-06,5.833332e-06,5.504163e-06,5.708329e-06,5.249993e-06,7.83333e-06,7.399996e-06,3.62916e-06,3.708331e-06
1,787,938.031,0.426,6.66666e-06,6.762496e-06,6.587497e-06,6.958326e-06,4.141665e-06,4.504164e-06,4.241665e-06,4.466661e-06,5.899994e-06,5.570825e-06,5.770826e-06,5.312499e-06,7.912493e-06,7.479159e-06,3.633332e-06,3.754163e-06
1,788,938.181,0.424,6.716665e-06,6.812493e-06,6.63333e-06,7.00833e-06,4.162494e-06,4.524994e-06,4.266659e-06,4.487499e-06,5.941661e-06,5.604164e-06,5.812494e-06,5.349994e-06,7.962497e-06,7.524999e-06,3.637497e-06,3.783329e-06
1,789,938.332,0.422,6.758332e-06,6.854161e-06,6.674997e-06,7.045825e-06,4.17916e-06,4.549996e-06,4.283325e-06,4.512493e-06,5.974992e-06,5.641659e-06,5.845833e-06,5.387497e-06,8.004165e-06,7.566658e-06,3.641661e-06,3.808331e-06
1,790,938.483,0.42,6.816666e-06,6.92083e-06,6.737494e-06,7.112495e-06,4.208326e-06,4.591664e-06,4.320828e-06,4.554161e-06,6.037497e-06,5.708329e-06,5.90833e-06,5.449994e-06,8.079163e-06,7.633328e-06,3.645825e-06,3.854163e-06
1,791,938.634,0.418,6.874998e-06,6.970827e-06,6.791663e-06,7.158327e-06,4.233329e-06,4.612494e-06,4.341666e-06,4.579163e-06,6.079165e-06,5.745832e-06,5.954162e-06,5.487498e-06,8.124995e-06,7.67916e-06,3.658326e-06,3.887495e-06
1,792,938.785,0.416,6.929159e-06,7.037497e-06,6.858325e-06,7.229161e-06,4.266659e-06,4.658325e-06,4.383326e-06,4.624995e-06,6.145827e-06,5.816658e-06,6.020832e-06,5.55416e-06,8.204166e-06,7.754159e-06,3.670827e-06,3.933326e-06
1,793,938.936,0.414,6.983328e-06,7.087493e-06,6.904165e-06,7.274993e-06,4.291662e-06,4.683327e-06,4.404164e-06,4.649997e-06,6.191659e-06,5.849997e-06,6.058327e-06,5.591663e-06,8.249998e-06,7.799999e-06,3.683329e-06,3.962493e-06
1,794,939.086,0.412,7.041661e-06,7.149999e-06,6.970827e-06,7.341663e-06,4.329165e-06,4.72916e-06,4.445831e-06,4.695829e-06,6.258329e-06,5.916659e-06,6.124997e-06,5.658333e-06,8.324997e-06,7.870825e-06,3.699994e-06,4.00416e-06
1,795,939.237,0.41,7.095829e-06,7.199995e-06,7.016659e-06,7.387495e-06,4.349994e-06,4.754162e-06,4.470825e-06,4.720831e-06,6.29166e-06,5.954162e-06,6.162492e-06,5.691663e-06,8.370828e-06,7.912493e-06,3.712495e-06,4.033327e-06
1,796,939.388,0.408,7.149999e-06,7.262492e-06,7.079164e-06,7.454165e-06,4.391662e-06,4.799994e-06,4.512493e-06,4.766663e-06,6.358329e-06,6.024996e-06,6.229162e-06,5.762497e-06,8.445827e-06,7.983327e-06,3.737497e-06,4.079159e-06
1,797,939.539,0.406,7.204159e-06,7.308332e-06,7.124996e-06,7.495833e-06,4.408328e-06,4.824996e-06,4.537495e-06,4.79583e-06,6.399997e-06,6.058327e-06,6.266665e-06,5.795829e-06,8.487495e-06,8.024995e-06,3.758327e-06,4.108326e-06
1,798,939.69,0.404,7.262492e-06,7.374994e-06,7.191666e-06,7.566658e-06,4.449995e-06,4.870828e-06,4.574998e-06,4.841661e-06,6.466659e-06,6.129162e-06,6.333327e-06,5.870827e-06,8.562493e-06,8.091664e-06,3.783329e-06,4.154166e-06
1,799,939.841,0.402,7.316661e-06,7.420826e-06,7.237498e-06,7.608326e-06,4.474998e-06,4.899995e-06,4.599992e-06,4.866663e-06,6.504162e-06,6.162492e-06,6.374995e-06,5.904166e-06,8.604161e-06,8.133332e-06,3.804159e-06,4.183332e-06
1,800,939.992,0.4,7.37083e-06,7.483332e-06,7.30416e-06,7.674996e-06,4.516665e-06,4.949999e-06,4.645832e-06,4.91666e-06,6.56666e-06,6.233327e-06,6.437492e-06,5.970828e-06,8.67916e-06,8.204166e-06,3.833326e-06,4.229164e-06
1,801,940.142,0.398,7.429162e-06,7.537492e-06,7.349992e-06,7.720828e-06,4.54166e-06,4.974993e-06,4.670826e-06,4.945827e-06,6.612492e-06,6.27083e-06,6.47916e-06,6.008331e-06,8.724999e-06,8.249998e-06,3.858328e-06,4.258331e-06
1,802,940.293,0.396,7.487496e-06,7.604162e-06,7.416661e-06,7.791662e-06,4.587499e-06,5.029162e-06,4.720831e-06,4.999995e-06,6.679161e-06,6.337492e-06,6.549994e-06,6.079165e-06,8.799998e-06,8.31666e-06,3.895831e-06,4.304163e-06
1,803,940.444,0.394,7.537492e-06,7.645829e-06,7.458329e-06,7.83333e-06,4.612494e-06,5.054164e-06,4.745825e-06,5.024997e-06,6.716665e-06,6.379159e-06,6.587497e-06,6.120833e-06,8.84583e-06,8.362492e-06,3.920825e-06,4.333329e-06
1,804,940.595,0.392,7.591661e-06,7.7125e-06,7.524999e-06,7.899992e-06,4.658325e-06,5.10416e-06,4.791665e-06,5.083331e-06,6.783327e-06,6.445829e-06,6.654159e-06,6.187495e-06,8.916664e-06,8.429161e-06,3.962493e-06,4.379161e-06
1,805,940.746,0.39,7.649994e-06,7.762495e-06,7.574995e-06,7.945831e-06,4.683327e-06,5.137499e-06,4.820832e-06,5.112497e-06,6.824994e-06,6.487497e-06,6.691662e-06,6.224998e-06,8.962496e-06,8.470829e-06,3.987495e-06,4.408328e-06
1,806,940.897,0.388,7.708327e-06,7.820829e-06,7.637493e-06,8.008329e-06,4.733332e-06,5.19166e-06,4.866663e-06,5.166666e-06,6.891664e-06,6.554159e-06,6.762496e-06,6.295832e-06,9.037494e-06,8.5375e-06,4.033327e-06,4.45416e-06
1,807,941.047,0.386,7.762495e-06,7.874997e-06,7.683333e-06,8.058326e-06,4.758326e-06,5.220827e-06,4.899995e-06,5.195832e-06,6.937496e-06,6.595826e-06,6.799992e-06,6.341664e-06,9.079162e-06,8.583331e-06,4.066666e-06,4.483326e-06
1,808,941.198,0.384,7.820829e-06,7.937495e-06,7.749994e-06,8.116658e-06,4.808331e-06,5.274995e-06,4.949999e-06,5.254165e-06,6.999993e-06,6.654159e-06,6.866662e-06,6.404161e-06,9.149996e-06,8.649993e-06,4.112498e-06,4.529158e-06
1,809,941.349,0.382,7.870825e-06,7.983327e-06,7.795827e-06,8.162498e-06,4.833333e-06,5.304162e-06,4.974993e-06,5.27916e-06,7.041661e-06,6.695827e-06,6.904165e-06,6.445829e-06,9.191665e-06,8.691661e-06,4.145829e-06,4.558333e-06
1,810,941.5,0.38,7.924994e-06,8.04166e-06,7.85416e-06,8.224996e-06,4.879165e-06,5.354166e-06,5.020825e-06,5.337492e-06,7.104159e-06,6.762496e-06,6.970827e-06,6.512499e-06,9.262498e-06,8.754166e-06,4.195825e-06,4.599992e-06
1,811,941.651,0.378,7.974998e-06,8.091664e-06,7.904164e-06,8.270827e-06,4.908331e-06,5.387497e-06,5.054164e-06,5.362495e-06,7.141662e-06,6.804164e-06,7.00833e-06,6.554159e-06,9.304166e-06,8.795826e-06,4.229164e-06,4.629159e-06
1,812,941.802,0.376,8.029159e-06,8.154162e-06,7.966662e-06,8.329161e-06,4.954163e-06,5.441666e-06,5.099996e-06,5.424992e-06,7.208331e-06,6.866662e-06,7.074992e-06,6.616664e-06,9.370828e-06,8.862496e-06,4.283325e-06,4.674999e-06
1,813,941.952,0.374,8.087492e-06,8.199993e-06,8.008329e-06,8.374993e-06,4.987494e-06,5.470832e-06,5.129163e-06,5.454159e-06,7.249999e-06,6.908329e-06,7.112495e-06,6.658332e-06,9.41666e-06,8.904163e-06,4.320828e-06,4.704165e-06
1,814,942.103,0.372,8.137496e-06,8.258326e-06,8.070827e-06,8.437499e-06,5.033326e-06,5.529165e-06,5.183331e-06,5.512492e-06,7.312497e-06,6.974999e-06,7.179165e-06,6.729166e-06,9.483329e-06,8.96666e-06,4.379161e-06,4.745825e-06
1,815,942.254,0.37,8.191665e-06,8.308331e-06,8.116658e-06,8.48333e-06,5.062493e-06,5.55416e-06,5.212498e-06,5.545831e-06,7.354164e-06,7.012494e-06,7.21666e-06,6.770825e-06,9.529162e-06,9.008329e-06,4.416665e-06,4.774992e-06
1,816,942.405,0.368,8.233333e-06,8.345826e-06,8.158326e-06,8.520826e-06,5.091659e-06,5.583326e-06,5.237492e-06,5.570825e-06,7.395832e-06,7.054162e-06,7.258328e-06,6.808329e-06,9.570829e-06,9.05416e-06,4.458332e-06,4.804158e-06
1,817,942.556,0.366,8.287493e-06,8.408332e-06,8.220832e-06,8.583331e-06,5.145828e-06,5.641659e-06,5.291661e-06,5.63333e-06,7.462494e-06,7.120832e-06,7.320825e-06,6.879163e-06,9.637499e-06,9.116666e-06,4.516665e-06,4.845826e-06
1,818,942.707,0.364,8.337498e-06,8.458328e-06,8.270827e-06,8.629163e-06,5.17083e-06,5.674998e-06,5.320827e-06,5.666661e-06,7.499997e-06,7.158327e-06,7.362493e-06,6.916666e-06,9.683331e-06,9.154161e-06,4.558333e-06,4.874993e-06
1,819,942.858,0.362,8.391658e-06,8.512497e-06,8.324997e-06,8.687496e-06,5.229163e-06,5.733331e-06,5.374996e-06,5.72083e-06,7.562494e-06,7.220833e-06,7.424998e-06,6.983328e-06,9.749992e-06,9.216667e-06,4.62083e-06,4.91666e-06
1,820,943.008,0.36,8.441662e-06,8.566665e-06,8.370828e-06,8.733328e-06,5.25833e-06,5.766662e-06,5.408327e-06,5.758325e-06,7.608326e-06,7.266664e-06,7.466666e-06,7.024995e-06,9.79166e-06,9.258326e-06,4.662498e-06,4.949999e-06
1,821,943.159,0.358,8.499996e-06,8.629163e-06,8.433326e-06,8.791661e-06,5.308326e-06,5.820831e-06,5.454159e-06,5.816658e-06,7.666659e-06,7.329162e-06,7.529163e-06,7.091665e-06,9.85833e-06,9.320831e-06,4.72916e-06,4.991658e-06
1,822,943.31,0.356,8.549992e-06,8.670831e-06,8.479166e-06,8.837494e-06,5.337492e-06,5.854161e-06,5.491662e-06,5.849997e-06,7.716663e-06,7.379158e-06,7.570831e-06,7.137497e-06,9.904162e-06,9.366663e-06,4.774992e-06,5.020825e-06
1,823,943.461,0.354,8.604161e-06,8.729164e-06,8.5375e-06,8.899999e-06,5.395826e-06,5.912495e-06,5.549995e-06,5.912495e-06,7.779161e-06,7.441664e-06,7.637493e-06,7.204159e-06,9.970832e-06,9.429161e-06,4.841661e-06,5.066665e-06
1,824,943.612,0.352,8.654165e-06,8.77916e-06,8.587495e-06,8.945831e-06,5.420828e-06,5.945826e-06,5.579162e-06,5.945826e-06,7.824993e-06,7.479159e-06,7.674996e-06,7.245827e-06,1.0016664e-05,9.466664e-06,4.883329e-06,5.099996e-06
1,825,943.763,0.35,8.712498e-06,8.837494e-06,8.645829e-06,9.004164e-06,5.479161e-06,6.004159e-06,5.629166e-06,5.999994e-06,7.887498e-06,7.537492e-06,7.741666e-06,7.312497e-06,1.0079161e-05,9.529162e-06,4.949999e-06,5.137499e-06
1,826,943.913,0.348,8.75833e-06,8.883325e-06,8.691661e-06,9.041659e-06,5.508327e-06,6.037497e-06,5.662497e-06,6.037497e-06,7.929166e-06,7.583332e-06,7.779161e-06,7.354164e-06,1.0120829e-05,9.566665e-06,4.999995e-06,5.166666e-06
1,827,944.064,0.346,8.812499e-06,8.941666e-06,8.754166e-06,9.104165e-06,5.566661e-06,6.09583e-06,5.72083e-06,6.09583e-06,7.991664e-06,7.645829e-06,7.841659e-06,7.416661e-06,1.0187498e-05,9.629162e-06,5.07083e-06,5.208326e-06
1,828,944.215,0.344,8.86666e-06,8.991663e-06,8.795826e-06,9.149996e-06,5.595827e-06,6.124997e-06,5.754161e-06,6.129162e-06,8.033331e-06,7.683333e-06,7.883326e-06,7.462494e-06,1.0229166e-05,9.666665e-06,5.108333e-06,5.237492e-06
1,829,944.366,0.342,8.916664e-06,9.045832e-06,8.854158e-06,9.204166e-06,5.649996e-06,6.18333e-06,5.804165e-06,6.195831e-06,8.099993e-06,7.749994e-06,7.945831e-06,7.529163e-06,1.0287499e-05,9.724999e-06,5.183331e-06,5.283332e-06
1,830,944.517,0.34,8.96666e-06,9.091664e-06,8.899999e-06,9.245833e-06,5.679162e-06,6.212497e-06,5.837496e-06,6.220826e-06,8.133332e-06,7.791662e-06,7.983327e-06,7.562494e-06,1.0333331e-05,9.766666e-06,5.229163e-06,5.308326e-06
1,831,944.668,0.338,9.016665e-06,9.145832e-06,8.958332e-06,9.304166e-06,5.733331e-06,6.27083e-06,5.891665e-06,6.287495e-06,8.199993e-06,7.849995e-06,8.045832e-06,7.633328e-06,1.0399994e-05,9.829164e-06,5.304162e-06,5.349994e-06
1,832,944.819,0.336,9.066661e-06,9.195828e-06,8.999999e-06,9.349998e-06,5.766662e-06,6.308325e-06,5.920831e-06,6.320826e-06,8.241662e-06,7.891663e-06,8.083328e-06,7.674996e-06,1.0437497e-05,9.870831e-06,5.349994e-06,5.383333e-06
1,833,944.969,0.334,9.112493e-06,9.254161e-06,9.058333e-06,9.404159e-06,5.820831e-06,6.366666e-06,5.974992e-06,6.379159e-06,8.304159e-06,7.949996e-06,8.141661e-06,7.737493e-06,1.0499994e-05,9.924992e-06,5.420828e-06,5.416663e-06
1,834,945.12,0.332,9.166662e-06,9.295829e-06,9.099992e-06,9.445826e-06,5.849997e-06,6.395833e-06,6.008331e-06,6.408326e-06,8.341662e-06,7.987499e-06,8.179164e-06,7.779161e-06,1.0537497e-05,9.962495e-06,5.462496e-06,5.44583e-06
1,835,945.271,0.33,9.212494e-06,9.349998e-06,9.158325e-06,9.50416e-06,5.904166e-06,6.454166e-06,6.062492e-06,6.470831e-06,8.404159e-06,8.049997e-06,8.241662e-06,7.841659e-06,1.0604159e-05,1.0020828e-05,5.537494e-06,5.491662e-06
1,836,945.422,0.328,9.266662e-06,9.399994e-06,9.204166e-06,9.545827e-06,5.933332e-06,6.483333e-06,6.091658e-06,6.504162e-06,8.441662e-06,8.091664e-06,8.283329e-06,7.883326e-06,1.0645826e-05,1.006666e-05,5.587498e-06,5.516664e-06
1,837,945.573,0.326,9.312495e-06,9.454163e-06,9.258326e-06,9.599996e-06,5.983329e-06,6.541665e-06,6.149999e-06,6.562495e-06,8.508333e-06,8.154162e-06,8.341662e-06,7.945831e-06,1.0699995e-05,1.0116664e-05,5.658333e-06,5.558332e-06
1,838,945.724,0.324,9.362499e-06,9.49583e-06,9.299994e-06,9.641663e-06,6.01666e-06,6.574996e-06,6.179166e-06,6.599998e-06,8.545828e-06,8.191665e-06,8.383329e-06,7.987499e-06,1.0741663e-05,1.015416e-05,5.708329e-06,5.583326e-06
1,839,945.874,0.322,9.412495e-06,9.554164e-06,9.358327e-06,9.699997e-06,6.074993e-06,6.63333e-06,6.241663e-06,6.658332e-06,8.608326e-06,8.254163e-06,8.441662e-06,8.049997e-06,1.0808333e-05,1.0212493e-05,5.779163e-06,5.629166e-06
1,840,946.025,0.32,9.462499e-06,9.595831e-06,9.399994e-06,9.7375e-06,6.099995e-06,6.66666e-06,6.266665e-06,6.691662e-06,8.645829e-06,8.291666e-06,8.479166e-06,8.087492e-06,1.0845828e-05,1.0245832e-05,5.824995e-06,5.65416e-06
1,841,946.176,0.318,9.512496e-06,9.649992e-06,9.458327e-06,9.795833e-06,6.158328e-06,6.724993e-06,6.320826e-06,6.75416e-06,8.708326e-06,8.349999e-06,8.5375e-06,8.158326e-06,1.0904161e-05,1.0304165e-05,5.899994e-06,5.695828e-06
1,842,946.327,0.316,9.562493e-06,9.695832e-06,9.50416e-06,9.837492e-06,6.191659e-06,6.758332e-06,6.354165e-06,6.787499e-06,8.749994e-06,8.391658e-06,8.579159e-06,8.19583e-06,1.0945829e-05,1.0345832e-05,5.949998e-06,5.72083e-06
1,843,946.478,0.314,9.591659e-06,9.733327e-06,9.541663e-06,9.874995e-06,6.220826e-06,6.787499e-06,6.387496e-06,6.816666e-06,8.787497e-06,8.429161e-06,8.616662e-06,8.233333e-06,1.0983332e-05,1.0383328e-05,5.99583e-06,5.749996e-06
1,844,946.629,0.312,9.645828e-06,9.787496e-06,9.595831e-06,9.929165e-06,6.274994e-06,6.849996e-06,6.441664e-06,6.883327e-06,8.849995e-06,8.487495e-06,8.674995e-06,8.299994e-06,1.104583e-05,1.0437497e-05,6.079165e-06,5.791664e-06
1,845,946.779,0.31,9.695832e-06,9.833328e-06,9.637499e-06,9.970832e-06,6.308325e-06,6.883327e-06,6.474996e-06,6.916666e-06,8.887498e-06,8.524998e-06,8.716663e-06,8.341662e-06,1.1083333e-05,1.0474992e-05,6.120833e-06,5.820831e-06
1,846,946.93,0.308,9.741664e-06,9.887497e-06,9.691659e-06,1.0020828e-05,6.362494e-06,6.94166e-06,6.533329e-06,6.974999e-06,8.949995e-06,8.587495e-06,8.774996e-06,8.404159e-06,1.114583e-05,1.052916e-05,6.195831e-06,5.862498e-06
1,847,947.081,0.306,9.787496e-06,9.929165e-06,9.733327e-06,1.0058331e-05,6.395833e-06,6.970827e-06,6.562495e-06,7.00833e-06,8.987498e-06,8.624998e-06,8.808327e-06,8.441662e-06,1.1183325e-05,1.0566664e-05,6.245828e-06,5.883328e-06
1,848,947.232,0.304,9.833328e-06,9.983333e-06,9.787496e-06,1.0116664e-05,6.449994e-06,7.02916e-06,6.616664e-06,7.070827e-06,9.045832e-06,8.683332e-06,8.862496e-06,8.50416e-06,1.1241658e-05,1.0620833e-05,6.320826e-06,5.924996e-06
1,849,947.383,0.302,9.883332e-06,1.0024993e-05,9.829164e-06,1.015416e-05,6.47916e-06,7.058326e-06,6.649995e-06,7.104159e-06,9.083326e-06,8.720827e-06,8.908328e-06,8.541663e-06,1.1279162e-05,1.0658327e-05,6.362494e-06,5.949998e-06
1,850,947.534,0.3,9.933328e-06,1.0079161e-05,9.883332e-06,1.0212493e-05,6.533329e-06,7.11666e-06,6.708328e-06,7.1625e-06,9.145832e-06,8.77916e-06,8.96666e-06,8.604161e-06,1.1333331e-05,1.0712496e-05,6.437492e-06,5.991666e-06
1,851,947.685,0.298,9.974996e-06,1.0120829e-05,9.924992e-06,1.0249996e-05,6.56666e-06,7.149999e-06,6.737494e-06,7.199995e-06,9.187492e-06,8.816663e-06,9.004164e-06,8.645829e-06,1.1374998e-05,1.0745827e-05,6.487497e-06,6.01666e-06
1,852,947.835,0.296,1.0020828e-05,1.0170826e-05,9.974996e-06,1.0299993e-05,6.620828e-06,7.204159e-06,6.795828e-06,7.258328e-06,9.24166e-06,8.874997e-06,9.058333e-06,8.704162e-06,1.1433332e-05,1.080416e-05,6.558331e-06,6.054163e-06
1,853,947.986,0.294,1.0070833e-05,1.0216665e-05,1.0020828e-05,1.0337496e-05,6.654159e-06,7.241662e-06,6.824994e-06,7.291659e-06,9.283328e-06,8.912491e-06,9.099992e-06,8.745829e-06,1.1470826e-05,1.0837499e-05,6.612492e-06,6.083329e-06
1,854,948.137,0.292,1.0116664e-05,1.0266662e-05,1.0070833e-05,1.0391665e-05,6.708328e-06,7.299996e-06,6.883327e-06,7.354164e-06,9.341661e-06,8.970833e-06,9.154161e-06,8.804162e-06,1.152916e-05,1.0895832e-05,6.687498e-06,6.124997e-06
1,855,948.288,0.29,1.0162496e-05,1.0312494e-05,1.0112492e-05,1.0433332e-05,6.737494e-06,7.329162e-06,6.92083e-06,7.391659e-06,9.383329e-06,9.012492e-06,9.195828e-06,8.854158e-06,1.1566663e-05,1.0933328e-05,6.737494e-06,6.154164e-06
1,856,948.439,0.288,1.0208329e-05,1.0362498e-05,1.0170826e-05,1.0487493e-05,6.795828e-06,7.387495e-06,6.970827e-06,7.449993e-06,9.437497e-06,9.066661e-06,9.249997e-06,8.908328e-06,1.1620831e-05,1.097916e-05,6.808329e-06,6.187495e-06
1,857,948.59,0.286,1.0258333e-05,1.0404166e-05,1.0212493e-05,1.0520832e-05,6.824994e-06,7.420826e-06,7.004166e-06,7.479159e-06,9.479165e-06,9.099992e-06,9.283328e-06,8.945831e-06,1.1662499e-05,1.1020828e-05,6.854161e-06,6.212497e-06
1,858,948.74,0.284,1.0304165e-05,1.0458326e-05,1.0262497e-05,1.0574992e-05,6.879163e-06,7.479159e-06,7.062499e-06,7.541664e-06,9.537498e-06,9.162498e-06,9.341661e-06,9.008329e-06,1.171666e-05,1.1070832e-05,6.924995e-06,6.254164e-06
1,859,948.891,0.282,1.0349997e-05,1.049583e-05,1.0299993e-05,1.061666e-05,6.908329e-06,7.512498e-06,7.095829e-06,7.57916e-06,9.579166e-06,9.199993e-06,9.379164e-06,9.045832e-06,1.1758328e-05,1.1108327e-05,6.974999e-06,6.279159e-06
1,860,949.042,0.28,1.0395829e-05,1.0554163e-05,1.0354162e-05,1.0666665e-05,6.962498e-06,7.566658e-06,7.149999e-06,7.637493e-06,9.633327e-06,9.258326e-06,9.437497e-06,9.108328e-06,1.1808332e-05,1.1154159e-05,7.045825e-06,6.320826e-06
1,861,949.193,0.278,1.0441661e-05,1.0591666e-05,1.0395829e-05,1.070416e-05,6.991665e-06,7.595825e-06,7.183329e-06,7.666659e-06,9.666665e-06,9.287493e-06,9.470828e-06,9.145832e-06,1.1845827e-05,1.1191662e-05,7.091665e-06,6.345828e-06
1,862,949.344,0.276,1.0483329e-05,1.0641662e-05,1.0445825e-05,1.0754164e-05,7.041661e-06,7.649994e-06,7.233326e-06,7.724992e-06,9.720826e-06,9.341661e-06,9.520832e-06,9.199993e-06,1.1895831e-05,1.1241658e-05,7.158327e-06,6.379159e-06
1,863,949.495,0.274,1.0524996e-05,1.0679166e-05,1.0483329e-05,1.0791659e-05,7.079164e-06,7.683333e-06,7.262492e-06,7.758331e-06,9.762493e-06,9.383329e-06,9.558328e-06,9.237496e-06,1.1933326e-05,1.1279162e-05,7.208331e-06,6.408326e-06
1,864,949.646,0.272,1.0574992e-05,1.0729162e-05,1.0533333e-05,1.0841663e-05,7.133333e-06,7.737493e-06,7.320825e-06,7.816664e-06,9.820827e-06,9.437497e-06,9.616661e-06,9.304166e-06,1.1987496e-05,1.1324993e-05,7.28333e-06,6.445829e-06
1,865,949.796,0.27,1.061666e-05,1.0770829e-05,1.0579165e-05,1.0883331e-05,7.158327e-06,7.774996e-06,7.354164e-06,7.849995e-06,9.85833e-06,9.470828e-06,9.654164e-06,9.337497e-06,1.2024999e-05,1.1362497e-05,7.324998e-06,6.466659e-06
1,866,949.947,0.268,1.0662492e-05,1.0816661e-05,1.0624997e-05,1.0929163e-05,7.212496e-06,7.829165e-06,7.40416e-06,7.908328e-06,9.916663e-06,9.524997e-06,9.704161e-06,9.39583e-06,1.2079159e-05,1.1412493e-05,7.395832e-06,6.508326e-06
1,867,950.098,0.266,1.0708332e-05,1.0866665e-05,1.0666665e-05,1.0970831e-05,7.245827e-06,7.858332e-06,7.437499e-06,7.945831e-06,9.95833e-06,9.562493e-06,9.741664e-06,9.437497e-06,1.2112499e-05,1.1445833e-05,7.445828e-06,6.537493e-06
1,868,950.249,0.264,1.0745827e-05,1.0912498e-05,1.0716661e-05,1.1020828e-05,7.299996e-06,7.912493e-06,7.495833e-06,8.004165e-06,1.0008327e-05,9.620825e-06,9.795833e-06,9.49583e-06,1.2170832e-05,1.1499993e-05,7.516662e-06,6.570832e-06
1,869,950.4,0.262,1.0799996e-05,1.095833e-05,1.0758328e-05,1.1058331e-05,7.333326e-06,7.945831e-06,7.529163e-06,8.037496e-06,1.0049995e-05,9.654164e-06,9.833328e-06,9.529162e-06,1.2204162e-05,1.1533331e-05,7.562494e-06,6.599998e-06
1,870,950.551,0.26,1.0841663e-05,1.1004162e-05,1.080416e-05,1.1104163e-05,7.383331e-06,7.999993e-06,7.591661e-06,8.095829e-06,1.0104163e-05,9.712498e-06,9.891661e-06,9.591659e-06,1.2258331e-05,1.1583328e-05,7.629164e-06,6.63333e-06
1,871,950.701,0.258,1.0883331e-05,1.1041665e-05,1.0845828e-05,1.114583e-05,7.416661e-06,8.037496e-06,7.616663e-06,8.12916e-06,1.0145831e-05,9.749992e-06,9.924992e-06,9.629162e-06,1.2295826e-05,1.1616659e-05,7.67916e-06,6.658332e-06
1,872,950.852,0.256,1.0920827e-05,1.1079161e-05,1.0883331e-05,1.1179161e-05,7.445828e-06,8.066662e-06,7.649994e-06,8.162498e-06,1.0179162e-05,9.779159e-06,9.95833e-06,9.666665e-06,1.2329165e-05,1.1649998e-05,7.720828e-06,6.683326e-06
1,873,951.003,0.254,1.0966659e-05,1.1129165e-05,1.0937492e-05,1.1229165e-05,7.495833e-06,8.120831e-06,7.699999e-06,8.224996e-06,1.0237495e-05,9.837492e-06,1.00125e-05,9.724999e-06,1.2383326e-05,1.1699995e-05,7.791662e-06,6.720829e-06
1,874,951.154,0.252,1.1008327e-05,1.116666e-05,1.0974995e-05,1.1270833e-05,7.529163e-06,8.154162e-06,7.733329e-06,8.254163e-06,1.0270826e-05,9.870831e-06,1.0049995e-05,9.75833e-06,1.2416665e-05,1.1733326e-05,7.83333e-06,6.745831e-06
1,875,951.305,0.25,1.1049994e-05,1.1212492e-05,1.1020828e-05,1.1312492e-05,7.57916e-06,8.204166e-06,7.787497e-06,8.312496e-06,1.0324995e-05,9.924992e-06,1.0099999e-05,9.812498e-06,1.2466661e-05,1.178333e-05,7.904164e-06,6.779162e-06
1,876,951.456,0.248,1.1095826e-05,1.1254159e-05,1.1054166e-05,1.1345832e-05,7.608326e-06,8.237497e-06,7.816664e-06,8.345826e-06,1.0362498e-05,9.962495e-06,1.013333e-05,9.849993e-06,1.2499992e-05,1.1812496e-05,7.945831e-06,6.804164e-06
1,877,951.606,0.246,1.1133329e-05,1.13e-05,1.1104163e-05,1.1395828e-05,7.662495e-06,8.287493e-06,7.874997e-06,8.404159e-06,1.0416658e-05,1.0008327e-05,1.0183327e-05,9.908326e-06,1.2549996e-05,1.1862493e-05,8.012494e-06,6.841659e-06
1,878,951.757,0.244,1.1179161e-05,1.1341659e-05,1.1141666e-05,1.1433332e-05,7.695826e-06,8.320832e-06,7.904164e-06,8.433326e-06,1.0449998e-05,1.004583e-05,1.0216665e-05,9.941666e-06,1.2583328e-05,1.1891659e-05,8.058326e-06,6.866662e-06
1,879,951.908,0.242,1.1224993e-05,1.1387499e-05,1.1187498e-05,1.1479163e-05,7.741666e-06,8.374993e-06,7.954161e-06,8.487495e-06,1.0499994e-05,1.0095827e-05,1.0274998e-05,9.999999e-06,1.2633332e-05,1.1941664e-05,8.120831e-06,6.904165e-06
1,880,952.059,0.24,1.126666e-05,1.1429159e-05,1.1229165e-05,1.1516667e-05,7.774996e-06,8.408332e-06,7.987499e-06,8.524998e-06,1.0541661e-05,1.0129165e-05,1.0304165e-05,1.0037494e-05,1.2670827e-05,1.1966666e-05,8.166663e-06,6.929159e-06
1,881,952.21,0.238,1.1304164e-05,1.1470826e-05,1.1270833e-05,1.1562498e-05,7.824993e-06,8.462493e-06,8.037496e-06,8.583331e-06,1.0595831e-05,1.0183327e-05,1.0358325e-05,1.0091662e-05,1.2724996e-05,1.2020826e-05,8.233333e-06,6.962498e-06
1,882,952.361,0.236,1.1349996e-05,1.1512494e-05,1.1316665e-05,1.1604166e-05,7.858332e-06,8.495832e-06,8.074999e-06,8.616662e-06,1.0629161e-05,1.0216665e-05,1.0391665e-05,1.0129165e-05,1.2749998e-05,1.2049993e-05,8.274992e-06,6.987492e-06
1,883,952.512,0.234,1.1387499e-05,1.1562498e-05,1.1358333e-05,1.1645826e-05,7.904164e-06,8.545828e-06,8.124995e-06,8.670831e-06,1.0683329e-05,1.0270826e-05,1.0441661e-05,1.0183327e-05,1.2804167e-05,1.2095833e-05,8.337498e-06,7.024995e-06
1,884,952.662,0.232,1.1433332e-05,1.1595829e-05,1.1395828e-05,1.1683329e-05,7.937495e-06,8.57083e-06,8.158326e-06,8.699997e-06,1.0712496e-05,1.0299993e-05,1.0479164e-05,1.0216665e-05,1.2833333e-05,1.2125e-05,8.374993e-06,7.045825e-06
1,885,952.813,0.23,1.1470826e-05,1.1645826e-05,1.144166e-05,1.1720832e-05,7.983327e-06,8.620827e-06,8.204166e-06,8.754166e-06,1.0770829e-05,1.0354162e-05,1.0524996e-05,1.0266662e-05,1.2883329e-05,1.2166659e-05,8.437499e-06,7.079164e-06
1,886,952.964,0.228,1.1508329e-05,1.1679164e-05,1.1474999e-05,1.1762492e-05,8.012494e-06,8.654165e-06,8.237497e-06,8.787497e-06,1.080416e-05,1.0387492e-05,1.0558327e-05,1.0304165e-05,1.2912496e-05,1.2195826e-05,8.479166e-06,7.099994e-06
1,887,953.115,0.226,1.1549997e-05,1.1724997e-05,1.152083e-05,1.1808332e-05,8.062498e-06,8.704162e-06,8.287493e-06,8.84583e-06,1.0858329e-05,1.0437497e-05,1.0612495e-05,1.0362498e-05,1.2966665e-05,1.2249994e-05,8.545828e-06,7.137497e-06
1,888,953.266,0.224,1.1595829e-05,1.1762492e-05,1.1562498e-05,1.1845827e-05,8.095829e-06,8.733328e-06,8.320832e-06,8.874997e-06,1.0887496e-05,1.0470828e-05,1.0641662e-05,1.0395829e-05,1.2995831e-05,1.2279161e-05,8.583331e-06,7.158327e-06
1,889,953.417,0.222,1.1633332e-05,1.1808332e-05,1.1604166e-05,1.1887495e-05,8.141661e-06,8.791661e-06,8.374993e-06,8.924992e-06,1.0941664e-05,1.0516659e-05,1.0691659e-05,1.0445825e-05,1.3041663e-05,1.2320828e-05,8.649993e-06,7.19583e-06
1,890,953.567,0.22,1.1674992e-05,1.1849999e-05,1.1645826e-05,1.1924998e-05,8.174999e-06,8.816663e-06,8.404159e-06,8.962496e-06,1.0974995e-05,1.0554163e-05,1.0724997e-05,1.0479164e-05,1.3070829e-05,1.2354159e-05,8.687496e-06,7.21666e-06
1,891,953.718,0.218,1.1712496e-05,1.1887495e-05,1.1687493e-05,1.1962493e-05,8.220832e-06,8.86666e-06,8.454163e-06,9.02083e-06,1.1029164e-05,1.0599994e-05,1.0774994e-05,1.0537497e-05,1.3120826e-05,1.2395827e-05,8.745829e-06,7.249999e-06
1,892,953.869,0.216,1.1749999e-05,1.1929163e-05,1.1724997e-05,1.1999997e-05,8.249998e-06,8.904163e-06,8.491659e-06,9.05416e-06,1.106666e-05,1.0637498e-05,1.0812497e-05,1.0570828e-05,1.3149993e-05,1.2424994e-05,8.787497e-06,7.274993e-06
1,893,954.02,0.214,1.1795831e-05,1.197083e-05,1.1770829e-05,1.2045829e-05,8.299994e-06,8.954159e-06,8.5375e-06,9.108328e-06,1.1112499e-05,1.0687494e-05,1.0854164e-05,1.0624997e-05,1.3199997e-05,1.2470826e-05,8.849995e-06,7.308332e-06
1,894,954.171,0.212,1.1837498e-05,1.2012498e-05,1.1808332e-05,1.2083332e-05,8.333325e-06,8.983326e-06,8.57083e-06,9.14166e-06,1.114583e-05,1.0720825e-05,1.0883331e-05,1.0658327e-05,1.3229163e-05,1.2499992e-05,8.887498e-06,7.329162e-06
1,895,954.322,0.21,1.1874994e-05,1.2045829e-05,1.1854164e-05,1.2125e-05,8.379166e-06,9.033331e-06,8.620827e-06,9.195828e-06,1.1195826e-05,1.0766666e-05,1.0941664e-05,1.0708332e-05,1.3274996e-05,1.254166e-05,8.949995e-06,7.362493e-06
1,896,954.473,0.208,1.1916662e-05,1.209166e-05,1.1891659e-05,1.2166659e-05,8.408332e-06,9.066661e-06,8.654165e-06,9.229159e-06,1.1237494e-05,1.0799996e-05,1.0974995e-05,1.075e-05,1.3308327e-05,1.2574998e-05,8.991663e-06,7.387495e-06
1,897,954.623,0.206,1.1958329e-05,1.2137492e-05,1.1937499e-05,1.2208327e-05,8.462493e-06,9.116666e-06,8.704162e-06,9.283328e-06,1.1283326e-05,1.0854164e-05,1.1020828e-05,1.0799996e-05,1.3354166e-05,1.2620831e-05,9.049996e-06,7.420826e-06
1,898,954.774,0.204,1.1991659e-05,1.2174995e-05,1.197083e-05,1.2237493e-05,8.491659e-06,9.149996e-06,8.737493e-06,9.316659e-06,1.132083e-05,1.0883331e-05,1.1054166e-05,1.0829162e-05,1.3379161e-05,1.2645833e-05,9.087499e-06,7.441664e-06
1,899,954.925,0.202,1.2029163e-05,1.2204162e-05,1.1999997e-05,1.2270832e-05,8.520826e-06,9.179163e-06,8.766659e-06,9.345826e-06,1.135416e-05,1.0912498e-05,1.1087497e-05,1.0862494e-05,1.3412499e-05,1.2674999e-05,9.129159e-06,7.466666e-06
1,900,955.076,0.2,1.2066666e-05,1.2249994e-05,1.2045829e-05,1.23125e-05,8.566665e-06,9.229159e-06,8.820828e-06,9.404159e-06,1.1404165e-05,1.0962494e-05,1.1133329e-05,1.0920827e-05,1.3462496e-05,1.2716659e-05,9.183327e-06,7.495833e-06
1,901,955.227,0.198,1.2104161e-05,1.2287497e-05,1.2083332e-05,1.2354159e-05,8.599996e-06,9.262498e-06,8.854158e-06,9.437497e-06,1.1433332e-05,1.0995833e-05,1.116666e-05,1.0949993e-05,1.3491663e-05,1.2741662e-05,9.224995e-06,7.512498e-06
1,902,955.378,0.196,1.2149993e-05,1.2329165e-05,1.2129164e-05,1.2395827e-05,8.649993e-06,9.312495e-06,8.904163e-06,9.491666e-06,1.1487492e-05,1.1041665e-05,1.1216664e-05,1.1008327e-05,1.3537494e-05,1.2787493e-05,9.283328e-06,7.554166e-06
1,903,955.528,0.194,1.2187496e-05,1.2362496e-05,1.2162494e-05,1.243333e-05,8.67916e-06,9.341661e-06,8.941666e-06,9.524997e-06,1.1524995e-05,1.1079161e-05,1.1249996e-05,1.1041665e-05,1.3566661e-05,1.2820832e-05,9.324996e-06,7.574995e-06
1,904,955.679,0.192,1.2224992e-05,1.2408328e-05,1.2208327e-05,1.2474998e-05,8.729164e-06,9.391665e-06,8.987498e-06,9.579166e-06,1.1570827e-05,1.1124992e-05,1.1295827e-05,1.1091662e-05,1.3612493e-05,1.2858327e-05,9.379164e-06,7.608326e-06
1,905,955.83,0.19,1.226666e-05,1.2445831e-05,1.224583e-05,1.2508329e-05,8.75833e-06,9.424996e-06,9.024993e-06,9.616661e-06,1.1604166e-05,1.1162496e-05,1.1329166e-05,1.1129165e-05,1.3645832e-05,1.2887494e-05,9.41666e-06,7.629164e-06
1,906,955.981,0.188,1.2304163e-05,1.2487499e-05,1.2287497e-05,1.2549996e-05,8.808327e-06,9.479165e-06,9.074998e-06,9.666665e-06,1.1658327e-05,1.1208328e-05,1.1379162e-05,1.1179161e-05,1.36875e-05,1.2929161e-05,9.474993e-06,7.658331e-06
1,907,956.132,0.186,1.2341667e-05,1.2524994e-05,1.2320828e-05,1.2583328e-05,8.841665e-06,9.508331e-06,9.104165e-06,9.699997e-06,1.1687493e-05,1.1241658e-05,1.1408329e-05,1.1212492e-05,1.372083e-05,1.2962492e-05,9.516661e-06,7.683333e-06
1,908,956.283,0.184,1.2383326e-05,1.2574998e-05,1.236666e-05,1.2629159e-05,8.891662e-06,9.562493e-06,9.158325e-06,9.75833e-06,1.1741662e-05,1.1287499e-05,1.1454161e-05,1.126666e-05,1.3762497e-05,1.2999995e-05,9.574994e-06,7.716663e-06
1,909,956.433,0.182,1.2424994e-05,1.260833e-05,1.2404163e-05,1.2662498e-05,8.920829e-06,9.595831e-06,9.191665e-06,9.79166e-06,1.1774993e-05,1.1324993e-05,1.1491664e-05,1.1304164e-05,1.3795829e-05,1.3033326e-05,9.612497e-06,7.741666e-06
1,910,956.584,0.18,1.2458332e-05,1.2654162e-05,1.2441659e-05,1.2704166e-05,8.970833e-06,9.641663e-06,9.245833e-06,9.845829e-06,1.1824997e-05,1.1374998e-05,1.1537496e-05,1.1349996e-05,1.3833332e-05,1.3074994e-05,9.666665e-06,7.774996e-06
1,911,956.735,0.178,1.2499992e-05,1.2683328e-05,1.2483327e-05,1.2741662e-05,8.995827e-06,9.674995e-06,9.279163e-06,9.87916e-06,1.1854164e-05,1.1399992e-05,1.1570827e-05,1.1383327e-05,1.3866663e-05,1.3099996e-05,9.704161e-06,7.791662e-06
1,912,956.886,0.176,1.2533331e-05,1.272916e-05,1.252083e-05,1.2779165e-05,9.045832e-06,9.720826e-06,9.324996e-06,9.933328e-06,1.1904161e-05,1.1445833e-05,1.1616659e-05,1.1437495e-05,1.390833e-05,1.3137499e-05,9.75833e-06,7.824993e-06
1,913,957.037,0.174,1.2579163e-05,1.2762499e-05,1.2558333e-05,1.2816659e-05,9.074998e-06,9.754165e-06,9.358327e-06,9.962495e-06,1.1937499e-05,1.1479163e-05,1.1649998e-05,1.1470826e-05,1.3937497e-05,1.317083e-05,9.79166e-06,7.845831e-06
1,914,957.188,0.172,1.2612494e-05,1.2804167e-05,1.2595829e-05,1.2858327e-05,9.124994e-06,9.804161e-06,9.404159e-06,1.0016664e-05,1.1983331e-05,1.1524995e-05,1.1691665e-05,1.1516667e-05,1.3979165e-05,1.3204161e-05,9.849993e-06,7.874997e-06
1,915,957.339,0.17,1.2658325e-05,1.2841661e-05,1.2633332e-05,1.2891666e-05,9.158325e-06,9.837492e-06,9.445826e-06,1.0049995e-05,1.2020826e-05,1.1562498e-05,1.1729161e-05,1.1549997e-05,1.4008331e-05,1.3237493e-05,9.883332e-06,7.895827e-06
1,916,957.489,0.168,1.2691665e-05,1.2883329e-05,1.2679164e-05,1.2933326e-05,9.204166e-06,9.883332e-06,9.49583e-06,1.0104163e-05,1.2066666e-05,1.160833e-05,1.1770829e-05,1.1604166e-05,1.4049999e-05,1.3270831e-05,9.937493e-06,7.93333e-06
1,917,957.64,0.166,1.272916e-05,1.291666e-05,1.2712495e-05,1.2962492e-05,9.233332e-06,9.916663e-06,9.524997e-06,1.0137494e-05,1.2099998e-05,1.1637497e-05,1.180416e-05,1.1633332e-05,1.4079165e-05,1.3299998e-05,9.974996e-06,7.949996e-06
1,918,957.791,0.164,1.2766664e-05,1.2954163e-05,1.2754163e-05,1.300416e-05,9.279163e-06,9.966659e-06,9.574994e-06,1.0187498e-05,1.2149993e-05,1.1683329e-05,1.1849999e-05,1.1683329e-05,1.4120833e-05,1.3337493e-05,1.0029165e-05,7.987499e-06
1,919,957.942,0.162,1.2804167e-05,1.2995831e-05,1.2787493e-05,1.3037499e-05,9.30833e-06,9.995826e-06,9.608332e-06,1.0224994e-05,1.217916e-05,1.1712496e-05,1.188333e-05,1.171666e-05,1.4145828e-05,1.336666e-05,1.0062496e-05,8.004165e-06
1,920,958.093,0.16,1.2841661e-05,1.3033326e-05,1.282916e-05,1.3079167e-05,9.358327e-06,1.004583e-05,9.654164e-06,1.0274998e-05,1.2224992e-05,1.1758328e-05,1.1924998e-05,1.1766664e-05,1.4191659e-05,1.3404163e-05,1.0120829e-05,8.033331e-06
1,921,958.244,0.158,1.2874993e-05,1.3066665e-05,1.28625e-05,1.3112497e-05,9.391665e-06,1.0079161e-05,9.691659e-06,1.0308329e-05,1.2258331e-05,1.1791666e-05,1.1958329e-05,1.1799995e-05,1.4216662e-05,1.3429165e-05,1.0149995e-05,8.054161e-06
1,922,958.394,0.156,1.2912496e-05,1.3108333e-05,1.2904159e-05,1.3154165e-05,9.437497e-06,1.0124993e-05,9.7375e-06,1.0362498e-05,1.2308327e-05,1.1833326e-05,1.200416e-05,1.1849999e-05,1.4258329e-05,1.346666e-05,1.0204164e-05,8.087492e-06
1,923,958.545,0.154,1.2949999e-05,1.3145828e-05,1.2937498e-05,1.3187496e-05,9.470828e-06,1.0162496e-05,9.774994e-06,1.0395829e-05,1.2341667e-05,1.1866665e-05,1.20375e-05,1.1879166e-05,1.4287496e-05,1.3495826e-05,1.0237495e-05,8.104165e-06
1,924,958.696,0.152,1.298333e-05,1.3179159e-05,1.2970829e-05,1.3216662e-05,9.512496e-06,1.0204164e-05,9.820827e-06,1.0445825e-05,1.2387498e-05,1.1908332e-05,1.2079159e-05,1.1924998e-05,1.4329164e-05,1.353333e-05,1.0291664e-05,8.137496e-06
1,925,958.847,0.15,1.3024997e-05,1.3220827e-05,1.3012496e-05,1.3254165e-05,9.545827e-06,1.024166e-05,9.85833e-06,1.0483329e-05,1.2420829e-05,1.1941664e-05,1.2112499e-05,1.1962493e-05,1.435833e-05,1.3558332e-05,1.0324995e-05,8.158326e-06
1,926,958.998,0.148,1.3062493e-05,1.3254165e-05,1.3041663e-05,1.3287497e-05,9.574994e-06,1.0270826e-05,9.891661e-06,1.0512495e-05,1.2445831e-05,1.1974995e-05,1.2141665e-05,1.1991659e-05,1.4383332e-05,1.3587499e-05,1.0358325e-05,8.174999e-06
1,927,959.149,0.146,1.309166e-05,1.3287497e-05,1.308333e-05,1.3320828e-05,9.620825e-06,1.032083e-05,9.937493e-06,1.0566664e-05,1.2495828e-05,1.2016662e-05,1.2187496e-05,1.2041664e-05,1.4416662e-05,1.3624994e-05,1.0412495e-05,8.212495e-06
1,928,959.3,0.144,1.3124998e-05,1.3325e-05,1.3112497e-05,1.3358331e-05,9.654164e-06,1.0354162e-05,9.970832e-06,1.0599994e-05,1.2529159e-05,1.2045829e-05,1.2216663e-05,1.2074995e-05,1.4449994e-05,1.365416e-05,1.0445825e-05,8.22916e-06
1,929,959.45,0.142,1.3162494e-05,1.3362495e-05,1.3158329e-05,1.3395826e-05,9.699997e-06,1.0399994e-05,1.0020828e-05,1.0654163e-05,1.2574998e-05,1.209166e-05,1.2258331e-05,1.2120827e-05,1.4487497e-05,1.3691663e-05,1.0491665e-05,8.258326e-06
1,930,959.601,0.14,1.3204161e-05,1.3395826e-05,1.319166e-05,1.3429165e-05,9.729163e-06,1.0433332e-05,1.0058331e-05,1.0683329e-05,1.2604165e-05,1.2120827e-05,1.2291662e-05,1.2154166e-05,1.4516663e-05,1.3712493e-05,1.0524996e-05,8.274992e-06
1,931,959.752,0.138,1.3233328e-05,1.3437494e-05,1.3229163e-05,1.3470833e-05,9.774994e-06,1.0483329e-05,1.0104163e-05,1.0737499e-05,1.2649997e-05,1.2162494e-05,1.2337494e-05,1.2204162e-05,1.4558331e-05,1.3749996e-05,1.0574992e-05,8.308331e-06
1,932,959.903,0.136,1.3274996e-05,1.3470833e-05,1.325833e-05,1.3499999e-05,9.808326e-06,1.0512495e-05,1.0141659e-05,1.0774994e-05,1.2687492e-05,1.2199998e-05,1.236666e-05,1.2233329e-05,1.4583326e-05,1.3779163e-05,1.0608332e-05,8.329161e-06
1,933,960.054,0.134,1.3308327e-05,1.3508327e-05,1.3299998e-05,1.3537494e-05,9.854166e-06,1.0558327e-05,1.0187498e-05,1.0824998e-05,1.272916e-05,1.224583e-05,1.2412493e-05,1.2283325e-05,1.4620829e-05,1.3816659e-05,1.0658327e-05,8.354164e-06
1,934,960.205,0.132,1.334583e-05,1.3541659e-05,1.3329164e-05,1.3574998e-05,9.883332e-06,1.0595831e-05,1.022083e-05,1.0858329e-05,1.2758326e-05,1.2274996e-05,1.2445831e-05,1.23125e-05,1.4649995e-05,1.3841661e-05,1.0691659e-05,8.379166e-06
1,935,960.355,0.13,1.3379161e-05,1.3579162e-05,1.3370832e-05,1.3608328e-05,9.929165e-06,1.0637498e-05,1.0266662e-05,1.0908326e-05,1.2804167e-05,1.2316664e-05,1.2483327e-05,1.2358331e-05,1.4683326e-05,1.3874999e-05,1.0737499e-05,8.408332e-06
1,936,960.506,0.128,1.3416664e-05,1.3616665e-05,1.3404163e-05,1.3641659e-05,9.95833e-06,1.0674993e-05,1.0299993e-05,1.0937492e-05,1.2833333e-05,1.2341667e-05,1.2512493e-05,1.2391662e-05,1.4708328e-05,1.3899994e-05,1.0770829e-05,8.424998e-06
1,937,960.657,0.126,1.3445831e-05,1.3649996e-05,1.3437494e-05,1.3674999e-05,9.999999e-06,1.0712496e-05,1.0345832e-05,1.0987496e-05,1.2874993e-05,1.2383326e-05,1.2549996e-05,1.243333e-05,1.4745831e-05,1.3933332e-05,1.0812497e-05,8.454163e-06
1,938,960.808,0.124,1.3483325e-05,1.3683327e-05,1.3470833e-05,1.3708329e-05,1.0033329e-05,1.075e-05,1.0379164e-05,1.1024999e-05,1.2904159e-05,1.2412493e-05,1.2583328e-05,1.2462497e-05,1.4770826e-05,1.3958327e-05,1.0845828e-05,8.470829e-06
1,939,960.959,0.122,1.3516665e-05,1.372083e-05,1.3508327e-05,1.374166e-05,1.0074997e-05,1.0791659e-05,1.0424996e-05,1.1070832e-05,1.2949999e-05,1.245416e-05,1.2624995e-05,1.2512493e-05,1.4812494e-05,1.399583e-05,1.0895832e-05,8.50416e-06
1,940,961.11,0.12,1.3558332e-05,1.3754161e-05,1.3541659e-05,1.3774999e-05,1.0112492e-05,1.0824998e-05,1.0458326e-05,1.1108327e-05,1.298333e-05,1.2487499e-05,1.2658325e-05,1.254166e-05,1.4837496e-05,1.4020832e-05,1.0924999e-05,8.520826e-06
1,941,961.26,0.118,1.3579162e-05,1.3787492e-05,1.3579162e-05,1.380833e-05,1.015416e-05,1.0874995e-05,1.0512495e-05,1.1162496e-05,1.3024997e-05,1.2524994e-05,1.2695829e-05,1.2583328e-05,1.4870827e-05,1.4058328e-05,1.0970831e-05,8.549992e-06
1,942,961.411,0.116,1.3624994e-05,1.3820831e-05,1.3612493e-05,1.3841661e-05,1.0187498e-05,1.0908326e-05,1.0545826e-05,1.1191662e-05,1.3058328e-05,1.2562497e-05,1.272916e-05,1.2620831e-05,1.4904165e-05,1.4079165e-05,1.1008327e-05,8.566665e-06
1,943,961.562,0.114,1.365416e-05,1.3858326e-05,1.3645832e-05,1.3879164e-05,1.0229166e-05,1.0954165e-05,1.0591666e-05,1.1241658e-05,1.3095831e-05,1.2599993e-05,1.2770827e-05,1.2662498e-05,1.4933332e-05,1.4112497e-05,1.1049994e-05,8.595832e-06
1,944,961.713,0.112,1.36875e-05,1.3891665e-05,1.3679162e-05,1.390833e-05,1.0262497e-05,1.0983332e-05,1.0624997e-05,1.1274998e-05,1.3129163e-05,1.2620831e-05,1.2799994e-05,1.2691665e-05,1.4958326e-05,1.4137499e-05,1.1083333e-05,8.616662e-06
1,945,961.864,0.11,1.372083e-05,1.3929161e-05,1.372083e-05,1.3945826e-05,1.0304165e-05,1.1029164e-05,1.0670828e-05,1.1329166e-05,1.317083e-05,1.2666663e-05,1.2837498e-05,1.2737497e-05,1.4999993e-05,1.4174994e-05,1.1129165e-05,8.641664e-06
1,946,962.015,0.108,1.3754161e-05,1.3958327e-05,1.3745833e-05,1.3974993e-05,1.0333331e-05,1.1062495e-05,1.070416e-05,1.1362497e-05,1.3204161e-05,1.2699993e-05,1.2870828e-05,1.2770827e-05,1.5024996e-05,1.4199996e-05,1.1158331e-05,8.662494e-06
1,947,962.166,0.106,1.3787492e-05,1.3999995e-05,1.3787492e-05,1.4012496e-05,1.0383328e-05,1.1112499e-05,1.075e-05,1.1412493e-05,1.3245829e-05,1.2737497e-05,1.2908332e-05,1.2812495e-05,1.5058326e-05,1.4233327e-05,1.1204163e-05,8.691661e-06
1,948,962.316,0.104,1.3824995e-05,1.4029161e-05,1.3816659e-05,1.4041662e-05,1.0412495e-05,1.1141666e-05,1.0787495e-05,1.144166e-05,1.3274996e-05,1.2770827e-05,1.2937498e-05,1.2841661e-05,1.5087493e-05,1.4254165e-05,1.123333e-05,8.712498e-06
1,949,962.467,0.102,1.3854162e-05,1.4062492e-05,1.3854162e-05,1.4079165e-05,1.0458326e-05,1.1187498e-05,1.0833327e-05,1.1495828e-05,1.3316663e-05,1.2804167e-05,1.2974993e-05,1.2879165e-05,1.5120832e-05,1.429166e-05,1.1274998e-05,8.733328e-06
1,950,962.618,0.1,1.3891665e-05,1.4095831e-05,1.3883328e-05,1.4108332e-05,1.0483329e-05,1.1216664e-05,1.0866665e-05,1.1524995e-05,1.334583e-05,1.2837498e-05,1.3008333e-05,1.2912496e-05,1.5145826e-05,1.4316663e-05,1.1308328e-05,8.754166e-06
1,951,962.769,0.098,1.3920831e-05,1.4133327e-05,1.3920831e-05,1.4141663e-05,1.052916e-05,1.1262497e-05,1.0912498e-05,1.1570827e-05,1.3387497e-05,1.2874993e-05,1.3045827e-05,1.2958328e-05,1.5183329e-05,1.4349993e-05,1.1349996e-05,8.787497e-06
1,952,962.92,0.096,1.3954163e-05,1.4158329e-05,1.3949998e-05,1.417083e-05,1.0558327e-05,1.1291663e-05,1.0941664e-05,1.160833e-05,1.3412499e-05,1.2904159e-05,1.3070829e-05,1.2987494e-05,1.5204159e-05,1.4366667e-05,1.1383327e-05,8.799998e-06
1,953,963.071,0.094,1.3979165e-05,1.4183331e-05,1.3974993e-05,1.4195832e-05,1.0587493e-05,1.132083e-05,1.0974995e-05,1.1633332e-05,1.3441666e-05,1.2924997e-05,1.3095831e-05,1.3012496e-05,1.5224997e-05,1.4387496e-05,1.1408329e-05,8.816663e-06
1,954,963.221,0.092,1.4012496e-05,1.4216662e-05,1.4008331e-05,1.4224998e-05,1.0629161e-05,1.1362497e-05,1.1016663e-05,1.1679164e-05,1.3479162e-05,1.2962492e-05,1.3133327e-05,1.3049992e-05,1.5258328e-05,1.4420827e-05,1.1449996e-05,8.84583e-06
1,955,963.372,0.09,1.4041662e-05,1.4245828e-05,1.4037498e-05,1.4258329e-05,1.0654163e-05,1.1391664e-05,1.1049994e-05,1.1712496e-05,1.3504164e-05,1.2991659e-05,1.3162494e-05,1.3079167e-05,1.5279165e-05,1.4437493e-05,1.1479163e-05,8.858331e-06
1,956,963.523,0.088,1.4070829e-05,1.4279159e-05,1.4066664e-05,1.4283331e-05,1.0695831e-05,1.1433332e-05,1.1091662e-05,1.1758328e-05,1.3545831e-05,1.3024997e-05,1.3199997e-05,1.3124998e-05,1.5316662e-05,1.4474996e-05,1.152083e-05,8.887498e-06
1,957,963.674,0.086,1.410416e-05,1.4312498e-05,1.4099995e-05,1.4316663e-05,1.0724997e-05,1.1470826e-05,1.1124992e-05,1.1791666e-05,1.3574998e-05,1.3054164e-05,1.3229163e-05,1.3149993e-05,1.5341664e-05,1.4499999e-05,1.1549997e-05,8.904163e-06
1,958,963.825,0.084,1.4133327e-05,1.4345828e-05,1.4133327e-05,1.4354166e-05,1.0766666e-05,1.1512494e-05,1.1170832e-05,1.1837498e-05,1.3608328e-05,1.3095831e-05,1.3266659e-05,1.319166e-05,1.5374993e-05,1.4529164e-05,1.1587493e-05,8.93333e-06
1,959,963.976,0.082,1.4166665e-05,1.4374995e-05,1.4162492e-05,1.4379159e-05,1.0799996e-05,1.1541661e-05,1.1208328e-05,1.1874994e-05,1.3637495e-05,1.3120826e-05,1.3291661e-05,1.3216662e-05,1.5395832e-05,1.4549994e-05,1.1616659e-05,8.949995e-06
1,960,964.127,0.08,1.4199996e-05,1.4408326e-05,1.4199996e-05,1.4412499e-05,1.0841663e-05,1.1587493e-05,1.1249996e-05,1.1920825e-05,1.3679162e-05,1.3154165e-05,1.3329164e-05,1.325833e-05,1.5433327e-05,1.4583326e-05,1.1662499e-05,8.979162e-06
1,961,964.277,0.078,1.4229163e-05,1.4437493e-05,1.4224998e-05,1.4441665e-05,1.087083e-05,1.1616659e-05,1.1279162e-05,1.1949992e-05,1.3704165e-05,1.3179159e-05,1.3358331e-05,1.3283332e-05,1.5454165e-05,1.4604163e-05,1.1683329e-05,8.987498e-06
1,962,964.428,0.076,1.4254165e-05,1.4466659e-05,1.4254165e-05,1.4470832e-05,1.0912498e-05,1.1658327e-05,1.1324993e-05,1.1995832e-05,1.3737495e-05,1.3216662e-05,1.3391662e-05,1.3325e-05,1.5483332e-05,1.4637494e-05,1.1729161e-05,9.016665e-06
1,963,964.579,0.074,1.4287496e-05,1.4499999e-05,1.4283331e-05,1.4499999e-05,1.0937492e-05,1.1691665e-05,1.1358333e-05,1.2029163e-05,1.3770827e-05,1.3245829e-05,1.3420829e-05,1.3354166e-05,1.5508325e-05,1.465416e-05,1.1754163e-05,9.033331e-06
1,964,964.73,0.072,1.4320826e-05,1.4529164e-05,1.4320826e-05,1.4533329e-05,1.0983332e-05,1.1733326e-05,1.1399992e-05,1.2074995e-05,1.380833e-05,1.3283332e-05,1.3462496e-05,1.3391662e-05,1.5541666e-05,1.4687498e-05,1.1795831e-05,9.058333e-06
1,965,964.881,0.07,1.4354166e-05,1.4562495e-05,1.4345828e-05,1.4558331e-05,1.1008327e-05,1.1762492e-05,1.1433332e-05,1.2108326e-05,1.3833332e-05,1.3312499e-05,1.3483325e-05,1.3416664e-05,1.5566658e-05,1.4704164e-05,1.1820833e-05,9.074998e-06
1,966,965.032,0.068,1.4379159e-05,1.4591662e-05,1.4379159e-05,1.4591662e-05,1.1049994e-05,1.180416e-05,1.1474999e-05,1.2154166e-05,1.3870827e-05,1.3341665e-05,1.3516665e-05,1.3458332e-05,1.559166e-05,1.473333e-05,1.1862493e-05,9.099992e-06
1,967,965.182,0.066,1.4408326e-05,1.4616664e-05,1.4404161e-05,1.4616664e-05,1.1079161e-05,1.1837498e-05,1.1508329e-05,1.2183333e-05,1.3895829e-05,1.336666e-05,1.3545831e-05,1.3479162e-05,1.5616662e-05,1.4758332e-05,1.1887495e-05,9.116666e-06
1,968,965.333,0.064,1.4437493e-05,1.4649995e-05,1.4433328e-05,1.4649995e-05,1.1116664e-05,1.1879166e-05,1.1549997e-05,1.2229165e-05,1.3933332e-05,1.3399998e-05,1.3579162e-05,1.3516665e-05,1.564583e-05,1.4787499e-05,1.1924998e-05,9.137495e-06
1,969,965.484,0.062,1.4466659e-05,1.4679162e-05,1.4466659e-05,1.4674997e-05,1.114583e-05,1.1904161e-05,1.1583328e-05,1.2258331e-05,1.3958327e-05,1.3424992e-05,1.3604164e-05,1.3541659e-05,1.5666659e-05,1.4808329e-05,1.1949992e-05,9.154161e-06
1,970,965.635,0.06,1.4491661e-05,1.4708328e-05,1.4495826e-05,1.4708328e-05,1.1191662e-05,1.1945828e-05,1.1624996e-05,1.2308327e-05,1.399583e-05,1.3462496e-05,1.3637495e-05,1.3583326e-05,1.5699998e-05,1.4837496e-05,1.1987496e-05,9.179163e-06
1,971,965.786,0.058,1.4524992e-05,1.4737495e-05,1.4520828e-05,1.4729166e-05,1.1216664e-05,1.1974995e-05,1.1658327e-05,1.2337494e-05,1.4020832e-05,1.3487498e-05,1.3662498e-05,1.3608328e-05,1.5724992e-05,1.4858325e-05,1.2016662e-05,9.199993e-06
1,972,965.937,0.056,1.4554159e-05,1.4766661e-05,1.4554159e-05,1.4762497e-05,1.1258332e-05,1.2020826e-05,1.1699995e-05,1.2383326e-05,1.4058328e-05,1.3520829e-05,1.3704165e-05,1.3649996e-05,1.575416e-05,1.48875e-05,1.205833e-05,9.22083e-06
1,973,966.087,0.054,1.4583326e-05,1.4795828e-05,1.4579161e-05,1.4787499e-05,1.1283326e-05,1.2049993e-05,1.1733326e-05,1.2412493e-05,1.4087494e-05,1.3545831e-05,1.372083e-05,1.3670826e-05,1.5770833e-05,1.4912494e-05,1.2079159e-05,9.24166e-06
1,974,966.238,0.052,1.4608328e-05,1.4824995e-05,1.46125e-05,1.4816665e-05,1.1324993e-05,1.209166e-05,1.1770829e-05,1.2458332e-05,1.4120833e-05,1.3579162e-05,1.3758326e-05,1.3712493e-05,1.5808328e-05,1.4941661e-05,1.2120827e-05,9.262498e-06
1,975,966.389,0.05,1.4641666e-05,1.4854161e-05,1.4641666e-05,1.484166e-05,1.1349996e-05,1.2120827e-05,1.180416e-05,1.2491663e-05,1.4145828e-05,1.3604164e-05,1.3783328e-05,1.3733332e-05,1.5829166e-05,1.4958326e-05,1.2145829e-05,9.279163e-06
1,976,966.54,0.048,1.4666661e-05,1.4883328e-05,1.4670833e-05,1.4874999e-05,1.1391664e-05,1.2162494e-05,1.1849999e-05,1.2537495e-05,1.4179166e-05,1.3641659e-05,1.3816659e-05,1.3774999e-05,1.5854161e-05,1.4987492e-05,1.2183333e-05,9.304166e-06
1,977,966.691,0.046,1.4699999e-05,1.4912494e-05,1.4699999e-05,1.4904165e-05,1.142083e-05,1.2195826e-05,1.188333e-05,1.2566662e-05,1.4212497e-05,1.3666661e-05,1.3841661e-05,1.3799993e-05,1.5883326e-05,1.5008331e-05,1.2216663e-05,9.320831e-06
1,978,966.842,0.044,1.4729166e-05,1.4941661e-05,1.4724994e-05,1.4929159e-05,1.1462498e-05,1.2237493e-05,1.1924998e-05,1.2612494e-05,1.4237499e-05,1.3699992e-05,1.3879164e-05,1.3833332e-05,1.5908328e-05,1.5037497e-05,1.2249994e-05,9.345826e-06
1,979,966.993,0.042,1.475416e-05,1.4970827e-05,1.475416e-05,1.4954162e-05,1.1495828e-05,1.226666e-05,1.1958329e-05,1.2641661e-05,1.4266666e-05,1.3724994e-05,1.390833e-05,1.3858326e-05,1.593333e-05,1.5062499e-05,1.2274996e-05,9.366663e-06
1,980,967.143,0.04,1.4783327e-05,1.5004166e-05,1.4787499e-05,1.4991665e-05,1.1537496e-05,1.23125e-05,1.1999997e-05,1.2691665e-05,1.4304161e-05,1.3758326e-05,1.3937497e-05,1.3899994e-05,1.5962498e-05,1.5087493e-05,1.23125e-05,9.387493e-06
1,981,967.294,0.038,1.4812494e-05,1.5024996e-05,1.4812494e-05,1.5016659e-05,1.1562498e-05,1.2341667e-05,1.2033327e-05,1.2720831e-05,1.4329164e-05,1.3783328e-05,1.3966664e-05,1.3924996e-05,1.59875e-05,1.5112495e-05,1.2341667e-05,9.404159e-06
1,982,967.445,0.036,1.4837496e-05,1.5054163e-05,1.4833331e-05,1.5037497e-05,1.1591665e-05,1.2370832e-05,1.2062494e-05,1.2754163e-05,1.435833e-05,1.380833e-05,1.3991666e-05,1.3954163e-05,1.6004165e-05,1.5129161e-05,1.2362496e-05,9.41666e-06
1,983,967.596,0.034,1.4862498e-05,1.5083328e-05,1.4866662e-05,1.5066664e-05,1.1633332e-05,1.2412493e-05,1.2104161e-05,1.2799994e-05,1.4387496e-05,1.3841661e-05,1.4020832e-05,1.3987494e-05,1.6033331e-05,1.51625e-05,1.2404163e-05,9.441662e-06
1,984,967.747,0.032,1.4891664e-05,1.5108331e-05,1.4895829e-05,1.5091666e-05,1.1658327e-05,1.2445831e-05,1.2137492e-05,1.282916e-05,1.4416662e-05,1.3866663e-05,1.4049999e-05,1.4008331e-05,1.6058326e-05,1.5183329e-05,1.2429166e-05,9.458327e-06
1,985,967.898,0.03,1.4912494e-05,1.5141662e-05,1.4920831e-05,1.5120832e-05,1.1699995e-05,1.2483327e-05,1.217916e-05,1.2870828e-05,1.4449994e-05,1.3899994e-05,1.4079165e-05,1.4045827e-05,1.6091664e-05,1.5208332e-05,1.2466661e-05,9.483329e-06
1,986,968.048,0.028,1.4949997e-05,1.5166665e-05,1.4949997e-05,1.5145826e-05,1.1729161e-05,1.2516665e-05,1.2212499e-05,1.2904159e-05,1.4474996e-05,1.3924996e-05,1.4108332e-05,1.4070829e-05,1.610833e-05,1.5229161e-05,1.2491663e-05,9.499995e-06
1,987,968.199,0.026,1.4970827e-05,1.5191667e-05,1.4979164e-05,1.5174993e-05,1.1766664e-05,1.2558333e-05,1.2258331e-05,1.2949999e-05,1.45125e-05,1.3958327e-05,1.4137499e-05,1.4112497e-05,1.6145825e-05,1.5262493e-05,1.2529159e-05,9.524997e-06
1,988,968.35,0.024,1.5004166e-05,1.5220833e-05,1.5004166e-05,1.5199995e-05,1.1791666e-05,1.2583328e-05,1.2283325e-05,1.2979166e-05,1.4533329e-05,1.3974993e-05,1.4158329e-05,1.4129162e-05,1.6158327e-05,1.5274994e-05,1.2549996e-05,9.537498e-06
1,989,968.501,0.022,1.502916e-05,1.525e-05,1.5033333e-05,1.5224997e-05,1.1829162e-05,1.2624995e-05,1.2324993e-05,1.3024997e-05,1.456666e-05,1.4012496e-05,1.4191659e-05,1.4166665e-05,1.6187492e-05,1.530416e-05,1.2587499e-05,9.562493e-06
1,990,968.652,0.02,1.5058326e-05,1.5274994e-05,1.5058326e-05,1.5254163e-05,1.1862493e-05,1.2649997e-05,1.2354159e-05,1.3054164e-05,1.4591662e-05,1.4033326e-05,1.4216662e-05,1.4191659e-05,1.6208331e-05,1.5324998e-05,1.2612494e-05,9.579166e-06
1,991,968.803,0.018,1.5083328e-05,1.5299996e-05,1.5087493e-05,1.5279165e-05,1.1899996e-05,1.2691665e-05,1.2399999e-05,1.3095831e-05,1.4620829e-05,1.4070829e-05,1.4249992e-05,1.4224998e-05,1.6237498e-05,1.5354164e-05,1.2649997e-05,9.60416e-06
1,992,968.954,0.016,1.5112495e-05,1.5329162e-05,1.5112495e-05,1.530416e-05,1.1929163e-05,1.2720831e-05,1.2429166e-05,1.3124998e-05,1.4649995e-05,1.4091666e-05,1.4274994e-05,1.4249992e-05,1.6258327e-05,1.5374993e-05,1.2670827e-05,9.616661e-06
1,993,969.104,0.014,1.5137498e-05,1.535833e-05,1.5145826e-05,1.5337499e-05,1.1966666e-05,1.2762499e-05,1.2470826e-05,1.317083e-05,1.4683326e-05,1.4120833e-05,1.4308325e-05,1.4287496e-05,1.6291666e-05,1.5404161e-05,1.2712495e-05,9.641663e-06
1,994,969.255,0.012,1.5170828e-05,1.5383332e-05,1.5170828e-05,1.5362493e-05,1.1991659e-05,1.2791666e-05,1.2499992e-05,1.3199997e-05,1.4704164e-05,1.4145828e-05,1.4333327e-05,1.4312498e-05,1.6308331e-05,1.5420826e-05,1.2733332e-05,9.658329e-06
1,995,969.406,0.01,1.5187494e-05,1.5412497e-05,1.5199995e-05,1.5387495e-05,1.2029163e-05,1.2833333e-05,1.254166e-05,1.3241664e-05,1.4737495e-05,1.4179166e-05,1.4362494e-05,1.4345828e-05,1.6341663e-05,1.5445828e-05,1.2766664e-05,9.679158e-06
1,996,969.557,0.008,1.5220833e-05,1.5441665e-05,1.5224997e-05,1.5412497e-05,1.2062494e-05,1.2866664e-05,1.2574998e-05,1.3274996e-05,1.4762497e-05,1.4199996e-05,1.4387496e-05,1.4366667e-05,1.6362492e-05,1.547083e-05,1.2791666e-05,9.695832e-06
1,997,969.708,0.006,1.5245827e-05,1.5462494e-05,1.5254163e-05,1.5441665e-05,1.2099998e-05,1.2904159e-05,1.2616666e-05,1.3320828e-05,1.4799993e-05,1.4233327e-05,1.4420827e-05,1.4404161e-05,1.6391659e-05,1.549166e-05,1.282916e-05,9.720826e-06
1,998,969.859,0.004,1.5274994e-05,1.5495832e-05,1.5283331e-05,1.5466667e-05,1.2125e-05,1.2933326e-05,1.2645833e-05,1.3349994e-05,1.4816665e-05,1.4254165e-05,1.4441665e-05,1.4425e-05,1.6412496e-05,1.5516662e-05,1.2854163e-05,9.7375e-06
1,999,970.009,0.002,1.5299996e-05,1.5525e-05,1.5308333e-05,1.5495832e-05,1.2166659e-05,1.2979166e-05,1.2691665e-05,1.3395826e-05,1.4858325e-05,1.429166e-05,1.447916e-05,1.4462495e-05,1.6445827e-05,1.5545829e-05,1.2887494e-05,9.762493e-06
1,1000,970.16,0.0,1.5324998e-05,1.5545829e-05,1.5333326e-05,1.5520827e-05,1.2191661e-05,1.300416e-05,1.2716659e-05,1.3424992e-05,1.4879163e-05,1.4312498e-05,1.4504162e-05,1.4487497e-05,1.6458329e-05,1.5562495e-05,1.2912496e-05,9.774994e-06
,,,,,,,,,,,,,,,,,,,,1,0.538,0.542,0.542,0.554,0.402,0.416,0.41,0.414,0.5,0.494,0.5,0.482,0.556,0.556,0.418,0.536,0.558,0.562,0.554,0.57,0.478,0.492,0.484,0.486,0.546,0.532,0.538,0.52,0.584,0.586,0.432,0.562
2,0,970.494,0.0,1.5349991e-05,1.5558329e-05,1.5341664e-05,1.5529164e-05,1.2199998e-05,1.3012496e-05,1.2724996e-05,1.343333e-05,1.4883328e-05,1.4312498e-05,1.4504162e-05,1.4483333e-05,1.6462493e-05,1.5562495e-05,1.2908332e-05,9.779159e-06
2,1,970.645,0.002,1.5341664e-05,1.5549993e-05,1.5329162e-05,1.5512498e-05,1.217916e-05,1.2991659e-05,1.2704166e-05,1.3408328e-05,1.4862498e-05,1.429166e-05,1.447916e-05,1.445833e-05,1.6437498e-05,1.5545829e-05,1.2887494e-05,9.762493e-06
2,2,970.795,0.004,1.5320826e-05,1.5520827e-05,1.530416e-05,1.5487496e-05,1.2145829e-05,1.2958328e-05,1.2666663e-05,1.3362495e-05,1.4824995e-05,1.4258329e-05,1.4449994e-05,1.4420827e-05,1.6412496e-05,1.5516662e-05,1.2854163e-05,9.7375e-06
2,3,970.946,0.006,1.5287495e-05,1.549166e-05,1.5274994e-05,1.5462494e-05,1.2116662e-05,1.2929161e-05,1.2633332e-05,1.3333329e-05,1.4799993e-05,1.4233327e-05,1.4420827e-05,1.439166e-05,1.6391659e-05,1.5499998e-05,1.2824997e-05,9.724999e-06
2,4,971.097,0.008,1.5262493e-05,1.5462494e-05,1.5254163e-05,1.5433327e-05,1.2079159e-05,1.2891666e-05,1.2595829e-05,1.3291661e-05,1.4762497e-05,1.420416e-05,1.4387496e-05,1.4354166e-05,1.6358328e-05,1.547083e-05,1.2783329e-05,9.699997e-06
2,5,971.248,0.01,1.5237499e-05,1.5437499e-05,1.5224997e-05,1.5404161e-05,1.2045829e-05,1.28625e-05,1.2562497e-05,1.325833e-05,1.4741659e-05,1.4179166e-05,1.4362494e-05,1.4324999e-05,1.6337499e-05,1.5449992e-05,1.2758326e-05,9.683331e-06
2,6,971.399,0.012,1.5212496e-05,1.5404161e-05,1.5195831e-05,1.5374993e-05,1.2012498e-05,1.2824997e-05,1.252083e-05,1.3220827e-05,1.4699999e-05,1.4137499e-05,1.4324999e-05,1.4283331e-05,1.6304159e-05,1.5412497e-05,1.2720831e-05,9.658329e-06
2,7,971.55,0.014,1.5183329e-05,1.5379166e-05,1.5170828e-05,1.5349991e-05,1.1979158e-05,1.279583e-05,1.2487499e-05,1.3187496e-05,1.4670833e-05,1.4112497e-05,1.4304161e-05,1.4254165e-05,1.6283329e-05,1.5399997e-05,1.2695829e-05,9.641663e-06
2,8,971.701,0.016,1.5158327e-05,1.5349991e-05,1.5137498e-05,1.5320826e-05,1.1945828e-05,1.2758326e-05,1.2445831e-05,1.3145828e-05,1.4637494e-05,1.4079165e-05,1.4262493e-05,1.4212497e-05,1.6245825e-05,1.5366666e-05,1.2654162e-05,9.612497e-06
2,9,971.851,0.018,1.5124997e-05,1.5316662e-05,1.5112495e-05,1.5295831e-05,1.1912497e-05,1.272916e-05,1.2412493e-05,1.3108333e-05,1.4608328e-05,1.4049999e-05,1.4237499e-05,1.4187495e-05,1.6224996e-05,1.5345828e-05,1.2629159e-05,9.599996e-06
2,10,972.002,0.02,1.5104159e-05,1.5291658e-05,1.5083328e-05,1.5266665e-05,1.1874994e-05,1.2691665e-05,1.2374997e-05,1.3070829e-05,1.4570832e-05,1.401666e-05,1.420416e-05,1.415e-05,1.6195831e-05,1.5308333e-05,1.2587499e-05,9.570829e-06
2,11,972.153,0.022,1.5074992e-05,1.5262493e-05,1.5058326e-05,1.5241662e-05,1.1845827e-05,1.2662498e-05,1.2341667e-05,1.3037499e-05,1.454583e-05,1.399583e-05,1.4183331e-05,1.4120833e-05,1.6170827e-05,1.5291658e-05,1.2562497e-05,9.558328e-06
2,12,972.304,0.024,1.5045825e-05,1.5229161e-05,1.502916e-05,1.5212496e-05,1.180416e-05,1.2620831e-05,1.2295826e-05,1.2991659e-05,1.4504162e-05,1.3954163e-05,1.4141663e-05,1.4074993e-05,1.6137497e-05,1.5258328e-05,1.2524994e-05,9.529162e-06
2,13,972.455,0.026,1.5016659e-05,1.5204159e-05,1.5004166e-05,1.5187494e-05,1.1774993e-05,1.2591664e-05,1.226666e-05,1.2962492e-05,1.4483333e-05,1.3929161e-05,1.4116661e-05,1.4049999e-05,1.6116659e-05,1.5237499e-05,1.2499992e-05,9.512496e-06
2,14,972.606,0.028,1.4991665e-05,1.5179166e-05,1.4974999e-05,1.5154163e-05,1.1733326e-05,1.2554161e-05,1.2224992e-05,1.291666e-05,1.4441665e-05,1.3891665e-05,1.408333e-05,1.4008331e-05,1.6079164e-05,1.5204159e-05,1.2458332e-05,9.487494e-06
2,15,972.756,0.03,1.4966663e-05,1.5141662e-05,1.4949997e-05,1.5129161e-05,1.1704159e-05,1.2516665e-05,1.2187496e-05,1.2887494e-05,1.4416662e-05,1.3870827e-05,1.4058328e-05,1.3983329e-05,1.6058326e-05,1.5183329e-05,1.2429166e-05,9.466664e-06
2,16,972.907,0.032,1.4937496e-05,1.511666e-05,1.4916666e-05,1.5099994e-05,1.1666663e-05,1.2479162e-05,1.2145829e-05,1.2841661e-05,1.4374995e-05,1.382916e-05,1.4012496e-05,1.3941662e-05,1.6024995e-05,1.5149999e-05,1.2387498e-05,9.445826e-06
2,17,973.058,0.034,1.4904165e-05,1.5091666e-05,1.4891664e-05,1.5074992e-05,1.1637497e-05,1.2449996e-05,1.2116662e-05,1.2808331e-05,1.4354166e-05,1.380833e-05,1.3991666e-05,1.3912495e-05,1.6004165e-05,1.5129161e-05,1.2362496e-05,9.429161e-06
2,18,973.209,0.036,1.4883328e-05,1.5058326e-05,1.4862498e-05,1.5041661e-05,1.1595829e-05,1.2412493e-05,1.2070831e-05,1.2762499e-05,1.4316663e-05,1.3770827e-05,1.3954163e-05,1.3870827e-05,1.5966662e-05,1.5099994e-05,1.2320828e-05,9.399994e-06
2,19,973.36,0.038,1.4849997e-05,1.5033333e-05,1.4837496e-05,1.5016659e-05,1.1566663e-05,1.2379161e-05,1.2041664e-05,1.272916e-05,1.4287496e-05,1.374166e-05,1.3929161e-05,1.3841661e-05,1.594166e-05,1.5074992e-05,1.2291662e-05,9.379164e-06
2,20,973.511,0.04,1.4824995e-05,1.5008331e-05,1.4812494e-05,1.499583e-05,1.1537496e-05,1.2349995e-05,1.2008325e-05,1.2699993e-05,1.4262493e-05,1.372083e-05,1.3904166e-05,1.3816659e-05,1.592083e-05,1.5058326e-05,1.2262495e-05,9.362499e-06
2,21,973.662,0.042,1.4799993e-05,1.4979164e-05,1.4783327e-05,1.4966663e-05,1.1495828e-05,1.2308327e-05,1.1962493e-05,1.2649997e-05,1.4224998e-05,1.3683327e-05,1.3866663e-05,1.3774999e-05,1.5887499e-05,1.5020832e-05,1.2224992e-05,9.337497e-06
2,22,973.812,0.044,1.4766661e-05,1.4949997e-05,1.4758332e-05,1.4941661e-05,1.1462498e-05,1.2274996e-05,1.1929163e-05,1.2616666e-05,1.4199996e-05,1.3658333e-05,1.3841661e-05,1.3749996e-05,1.5862497e-05,1.499583e-05,1.2195826e-05,9.316659e-06
2,23,973.963,0.046,1.4741659e-05,1.4920831e-05,1.4724994e-05,1.490833e-05,1.142083e-05,1.2233329e-05,1.188333e-05,1.2570827e-05,1.4158329e-05,1.3616665e-05,1.3799993e-05,1.3708329e-05,1.5829166e-05,1.4966663e-05,1.2154166e-05,9.291664e-06
2,24,974.114,0.048,1.4712493e-05,1.4891664e-05,1.4695827e-05,1.4883328e-05,1.1391664e-05,1.2204162e-05,1.1849999e-05,1.2537495e-05,1.4129162e-05,1.3591663e-05,1.3779163e-05,1.3679162e-05,1.5799998e-05,1.4945833e-05,1.2120827e-05,9.275e-06
2,25,974.265,0.05,1.4687498e-05,1.4862498e-05,1.4666661e-05,1.4854161e-05,1.1349996e-05,1.2162494e-05,1.1808332e-05,1.2491663e-05,1.4095831e-05,1.3558332e-05,1.3737495e-05,1.3637495e-05,1.5770833e-05,1.4912494e-05,1.2079159e-05,9.249997e-06
2,26,974.416,0.052,1.465416e-05,1.4833331e-05,1.4641666e-05,1.4824995e-05,1.132083e-05,1.2129164e-05,1.1774993e-05,1.2458332e-05,1.4062492e-05,1.3529166e-05,1.3712493e-05,1.3612493e-05,1.5745831e-05,1.48875e-05,1.2054165e-05,9.229159e-06
2,27,974.567,0.054,1.4629165e-05,1.4804164e-05,1.46125e-05,1.4795828e-05,1.1279162e-05,1.2087497e-05,1.1733326e-05,1.2416665e-05,1.4029161e-05,1.3495826e-05,1.3679162e-05,1.3570825e-05,1.57125e-05,1.4858325e-05,1.2012498e-05,9.204166e-06
2,28,974.717,0.056,1.4599998e-05,1.4774998e-05,1.4587497e-05,1.4774998e-05,1.1249996e-05,1.205833e-05,1.1699995e-05,1.2379161e-05,1.3999995e-05,1.3470833e-05,1.3649996e-05,1.3541659e-05,1.5691661e-05,1.4833331e-05,1.1983331e-05,9.187492e-06
2,29,974.868,0.058,1.4574996e-05,1.4745831e-05,1.4558331e-05,1.4741659e-05,1.1208328e-05,1.2016662e-05,1.1654162e-05,1.2333329e-05,1.3962499e-05,1.3429165e-05,1.3612493e-05,1.3504164e-05,1.5654166e-05,1.4799993e-05,1.1941664e-05,9.158325e-06
2,30,975.019,0.06,1.454583e-05,1.4720829e-05,1.4533329e-05,1.4720829e-05,1.1179161e-05,1.1987496e-05,1.1620831e-05,1.2299998e-05,1.3937497e-05,1.3408328e-05,1.3591663e-05,1.3474997e-05,1.5633328e-05,1.4779162e-05,1.1912497e-05,9.14166e-06
2,31,975.17,0.062,1.4520828e-05,1.4687498e-05,1.4504162e-05,1.4687498e-05,1.1141666e-05,1.1945828e-05,1.1575e-05,1.2254159e-05,1.3899994e-05,1.3370832e-05,1.3558332e-05,1.3437494e-05,1.5595826e-05,1.4745831e-05,1.1870829e-05,9.112493e-06
2,32,975.321,0.064,1.4487497e-05,1.4666661e-05,1.4474996e-05,1.4662496e-05,1.1108327e-05,1.1912497e-05,1.1545833e-05,1.2224992e-05,1.3874999e-05,1.334583e-05,1.353333e-05,1.3408328e-05,1.5570831e-05,1.4724994e-05,1.1837498e-05,9.091664e-06
2,33,975.472,0.066,1.4454166e-05,1.4624993e-05,1.4441665e-05,1.463333e-05,1.106666e-05,1.1866665e-05,1.1499993e-05,1.2174995e-05,1.3837496e-05,1.3308327e-05,1.3491663e-05,1.336666e-05,1.5541666e-05,1.4691663e-05,1.1795831e-05,9.070825e-06
2,34,975.622,0.068,1.4429164e-05,1.4604163e-05,1.4416662e-05,1.4608328e-05,1.1033329e-05,1.1837498e-05,1.1466662e-05,1.2141665e-05,1.380833e-05,1.3283332e-05,1.346666e-05,1.3349994e-05,1.5512498e-05,1.4670833e-05,1.1770829e-05,9.05416e-06
2,35,975.773,0.07,1.4404161e-05,1.4579161e-05,1.4387496e-05,1.4579161e-05,1.0995833e-05,1.1795831e-05,1.1424994e-05,1.2099998e-05,1.3770827e-05,1.3245829e-05,1.3429165e-05,1.3299998e-05,1.547916e-05,1.4637494e-05,1.1733326e-05,9.024993e-06
2,36,975.924,0.072,1.4370831e-05,1.454583e-05,1.4362494e-05,1.4554159e-05,1.0962494e-05,1.1766664e-05,1.1391664e-05,1.2066666e-05,1.3745833e-05,1.3224999e-05,1.3404163e-05,1.3270831e-05,1.545833e-05,1.46125e-05,1.1704159e-05,9.008329e-06
2,37,976.075,0.074,1.4349993e-05,1.4516663e-05,1.4333327e-05,1.4520828e-05,1.0920827e-05,1.1720832e-05,1.1345832e-05,1.2016662e-05,1.3708329e-05,1.3187496e-05,1.336666e-05,1.3229163e-05,1.5420826e-05,1.4579161e-05,1.1658327e-05,8.983326e-06
2,38,976.226,0.076,1.4316663e-05,1.4491661e-05,1.4304161e-05,1.4495826e-05,1.089166e-05,1.169583e-05,1.1308328e-05,1.1983331e-05,1.3679162e-05,1.3154165e-05,1.3337493e-05,1.3204161e-05,1.5399997e-05,1.4554159e-05,1.162916e-05,8.962496e-06
2,39,976.377,0.078,1.429166e-05,1.445833e-05,1.4274994e-05,1.4466659e-05,1.0845828e-05,1.1645826e-05,1.1262497e-05,1.1937499e-05,1.3637495e-05,1.3120826e-05,1.3304162e-05,1.3166666e-05,1.5362493e-05,1.4524992e-05,1.1587493e-05,8.93333e-06
2,40,976.528,0.08,1.4258329e-05,1.4429164e-05,1.4249992e-05,1.4437493e-05,1.0816661e-05,1.1616659e-05,1.123333e-05,1.1899996e-05,1.3612493e-05,1.3095831e-05,1.327916e-05,1.3137499e-05,1.5341664e-05,1.4504162e-05,1.1558326e-05,8.916664e-06
2,41,976.678,0.082,1.4233327e-05,1.4399998e-05,1.4212497e-05,1.4412499e-05,1.0774994e-05,1.1575e-05,1.1187498e-05,1.1854164e-05,1.3579162e-05,1.3058328e-05,1.3241664e-05,1.3095831e-05,1.530416e-05,1.4466659e-05,1.1516667e-05,8.891662e-06
2,42,976.829,0.084,1.420416e-05,1.4370831e-05,1.4187495e-05,1.4383332e-05,1.0741663e-05,1.1537496e-05,1.1158331e-05,1.1824997e-05,1.3549996e-05,1.3037499e-05,1.3220827e-05,1.3070829e-05,1.5279165e-05,1.4441665e-05,1.1483327e-05,8.874997e-06
2,43,976.98,0.086,1.4174994e-05,1.4341665e-05,1.4158329e-05,1.435833e-05,1.0699995e-05,1.1495828e-05,1.1108327e-05,1.1770829e-05,1.3508327e-05,1.2999995e-05,1.3179159e-05,1.3029162e-05,1.5245827e-05,1.4412499e-05,1.144166e-05,8.849995e-06
2,44,977.131,0.088,1.4145828e-05,1.4316663e-05,1.4133327e-05,1.4333327e-05,1.0666665e-05,1.1462498e-05,1.1074996e-05,1.1737498e-05,1.3479162e-05,1.2970829e-05,1.3149993e-05,1.2999995e-05,1.5220833e-05,1.4387496e-05,1.1412493e-05,8.829164e-06
2,45,977.282,0.09,1.4120833e-05,1.4283331e-05,1.410416e-05,1.4299997e-05,1.0620833e-05,1.1416666e-05,1.1024999e-05,1.1687493e-05,1.3441666e-05,1.2933326e-05,1.3112497e-05,1.2954163e-05,1.5187494e-05,1.4354166e-05,1.1366661e-05,8.799998e-06
2,46,977.433,0.092,1.4087494e-05,1.4254165e-05,1.4074993e-05,1.4274994e-05,1.0591666e-05,1.1387499e-05,1.0995833e-05,1.1654162e-05,1.3412499e-05,1.2908332e-05,1.3087495e-05,1.2929161e-05,1.5158327e-05,1.4333327e-05,1.1337494e-05,8.783332e-06
2,47,977.583,0.094,1.4058328e-05,1.4229163e-05,1.4041662e-05,1.4241664e-05,1.0549998e-05,1.1341659e-05,1.0945829e-05,1.1604166e-05,1.3374996e-05,1.2870828e-05,1.3049992e-05,1.2887494e-05,1.5124997e-05,1.4295832e-05,1.1287499e-05,8.75833e-06
2,48,977.734,0.096,1.4024997e-05,1.4199996e-05,1.401666e-05,1.4216662e-05,1.0516659e-05,1.1308328e-05,1.0912498e-05,1.1570827e-05,1.334583e-05,1.2841661e-05,1.3024997e-05,1.2858327e-05,1.5099994e-05,1.4274994e-05,1.1258332e-05,8.733328e-06
2,49,977.885,0.098,1.4004159e-05,1.4174994e-05,1.3991666e-05,1.4191659e-05,1.0487493e-05,1.1274998e-05,1.0874995e-05,1.1533331e-05,1.3320828e-05,1.2820832e-05,1.2995831e-05,1.282916e-05,1.5074992e-05,1.4249992e-05,1.1229165e-05,8.716663e-06
2,50,978.036,0.1,1.3974993e-05,1.4137499e-05,1.3954163e-05,1.4158329e-05,1.0441661e-05,1.1229165e-05,1.0833327e-05,1.1483327e-05,1.3283332e-05,1.2779165e-05,1.2958328e-05,1.2787493e-05,1.5037497e-05,1.4216662e-05,1.1183325e-05,8.687496e-06
2,51,978.187,0.102,1.3945826e-05,1.4116661e-05,1.3933332e-05,1.4133327e-05,1.040833e-05,1.1195826e-05,1.0795831e-05,1.1449996e-05,1.3249994e-05,1.2749998e-05,1.2929161e-05,1.2754163e-05,1.5012495e-05,1.4191659e-05,1.1149995e-05,8.666659e-06
2,52,978.338,0.104,1.391666e-05,1.4079165e-05,1.3899994e-05,1.4099995e-05,1.0358325e-05,1.1149995e-05,1.0741663e-05,1.1395828e-05,1.3208326e-05,1.270833e-05,1.2891666e-05,1.2712495e-05,1.4970827e-05,1.4154164e-05,1.1108327e-05,8.637492e-06
2,53,978.489,0.106,1.3879164e-05,1.4049999e-05,1.3870827e-05,1.4070829e-05,1.032916e-05,1.1108327e-05,1.0708332e-05,1.1358333e-05,1.3183331e-05,1.2683328e-05,1.2858327e-05,1.2687492e-05,1.4945833e-05,1.4133327e-05,1.1070832e-05,8.616662e-06
2,54,978.639,0.108,1.3854162e-05,1.401666e-05,1.3833332e-05,1.4041662e-05,1.0279163e-05,1.106666e-05,1.0658327e-05,1.1304164e-05,1.3137499e-05,1.2641661e-05,1.2816659e-05,1.2637496e-05,1.490833e-05,1.4091666e-05,1.1024999e-05,8.59166e-06
2,55,978.79,0.11,1.3820831e-05,1.3983329e-05,1.380833e-05,1.4008331e-05,1.024166e-05,1.1029164e-05,1.0620833e-05,1.126666e-05,1.3108333e-05,1.2616666e-05,1.279583e-05,1.260833e-05,1.4879163e-05,1.4062492e-05,1.0991661e-05,8.566665e-06
2,56,978.941,0.112,1.3791664e-05,1.3949998e-05,1.3774999e-05,1.3974993e-05,1.0195828e-05,1.097916e-05,1.0566664e-05,1.1212492e-05,1.3066665e-05,1.2570827e-05,1.2749998e-05,1.2562497e-05,1.484166e-05,1.4029161e-05,1.0941664e-05,8.5375e-06
2,57,979.092,0.114,1.3754161e-05,1.3920831e-05,1.3745833e-05,1.3949998e-05,1.0162496e-05,1.0941664e-05,1.0533333e-05,1.1179161e-05,1.3037499e-05,1.254166e-05,1.2720831e-05,1.2533331e-05,1.482083e-05,1.4004159e-05,1.0912498e-05,8.520826e-06
2,58,979.243,0.116,1.3724994e-05,1.3887493e-05,1.3712493e-05,1.391666e-05,1.0108328e-05,1.089166e-05,1.0479164e-05,1.1120828e-05,1.2991659e-05,1.2504164e-05,1.2679164e-05,1.2487499e-05,1.4774998e-05,1.3966664e-05,1.0862494e-05,8.487495e-06
2,59,979.394,0.118,1.3691663e-05,1.3858326e-05,1.3679162e-05,1.3887493e-05,1.0079161e-05,1.0854164e-05,1.0437497e-05,1.1083333e-05,1.2962492e-05,1.2474998e-05,1.2649997e-05,1.2458332e-05,1.4745831e-05,1.3937497e-05,1.0824998e-05,8.466665e-06
2,60,979.544,0.12,1.3658333e-05,1.3824995e-05,1.3649996e-05,1.3849997e-05,1.0024993e-05,1.0808333e-05,1.0391665e-05,1.1024999e-05,1.2920833e-05,1.243333e-05,1.260833e-05,1.2412493e-05,1.4712493e-05,1.3904166e-05,1.0774994e-05,8.441662e-06
2,61,979.695,0.122,1.3629166e-05,1.3791664e-05,1.3616665e-05,1.3824995e-05,9.991661e-06,1.0774994e-05,1.0354162e-05,1.0987496e-05,1.2891666e-05,1.2404163e-05,1.2583328e-05,1.2387498e-05,1.4683326e-05,1.3883328e-05,1.0745827e-05,8.420833e-06
2,62,979.846,0.124,1.36e-05,1.3758326e-05,1.3583326e-05,1.3791664e-05,9.941666e-06,1.0720825e-05,1.0299993e-05,1.0933328e-05,1.2849999e-05,1.236666e-05,1.2537495e-05,1.2333329e-05,1.4641666e-05,1.3837496e-05,1.0695831e-05,8.391658e-06
2,63,979.997,0.126,1.3562497e-05,1.3729159e-05,1.355416e-05,1.3762497e-05,9.912499e-06,1.0683329e-05,1.0266662e-05,1.0895832e-05,1.2820832e-05,1.2333329e-05,1.2508329e-05,1.2308327e-05,1.4616664e-05,1.3816659e-05,1.0662492e-05,8.370828e-06
2,64,980.148,0.128,1.353333e-05,1.3695828e-05,1.3516665e-05,1.3724994e-05,9.85833e-06,1.0633325e-05,1.0208329e-05,1.0841663e-05,1.2774992e-05,1.2291662e-05,1.2470826e-05,1.2262495e-05,1.4579161e-05,1.3779163e-05,1.0612495e-05,8.337498e-06
2,65,980.299,0.13,1.3499999e-05,1.3666661e-05,1.3487498e-05,1.3699992e-05,9.820827e-06,1.0595831e-05,1.0174997e-05,1.080416e-05,1.2749998e-05,1.226666e-05,1.2441659e-05,1.2233329e-05,1.4549994e-05,1.3749996e-05,1.0579165e-05,8.320832e-06
2,66,980.449,0.132,1.3470833e-05,1.3629166e-05,1.3454159e-05,1.3666661e-05,9.766666e-06,1.0545826e-05,1.0120829e-05,1.0745827e-05,1.2704166e-05,1.2224992e-05,1.2395827e-05,1.2183333e-05,1.45125e-05,1.3712493e-05,1.052916e-05,8.291666e-06
2,67,980.6,0.134,1.3437494e-05,1.3595827e-05,1.3424992e-05,1.3637495e-05,9.7375e-06,1.0508331e-05,1.0083326e-05,1.0708332e-05,1.2674999e-05,1.2195826e-05,1.2370832e-05,1.2154166e-05,1.4487497e-05,1.3691663e-05,1.049583e-05,8.270827e-06
2,68,980.751,0.136,1.3408328e-05,1.3566661e-05,1.3391662e-05,1.3604164e-05,9.687496e-06,1.0454162e-05,1.0029165e-05,1.0649999e-05,1.2624995e-05,1.2145829e-05,1.2320828e-05,1.2104161e-05,1.4445829e-05,1.3649996e-05,1.0441661e-05,8.241662e-06
2,69,980.902,0.138,1.3370832e-05,1.353333e-05,1.3358331e-05,1.3574998e-05,9.645828e-06,1.0416658e-05,9.987497e-06,1.0612495e-05,1.2595829e-05,1.2120827e-05,1.2299998e-05,1.2074995e-05,1.4416662e-05,1.3624994e-05,1.0412495e-05,8.220832e-06
2,70,981.053,0.14,1.3341665e-05,1.3495826e-05,1.3320828e-05,1.3537494e-05,9.591659e-06,1.0362498e-05,9.933328e-06,1.0554163e-05,1.2549996e-05,1.2074995e-05,1.2249994e-05,1.2024999e-05,1.4370831e-05,1.3583326e-05,1.0358325e-05,8.187492e-06
2,71,981.204,0.142,1.3304162e-05,1.346666e-05,1.3291661e-05,1.3508327e-05,9.558328e-06,1.0324995e-05,9.891661e-06,1.0512495e-05,1.252083e-05,1.2045829e-05,1.2220828e-05,1.1995832e-05,1.4345828e-05,1.3558332e-05,1.0324995e-05,8.170828e-06
2,72,981.355,0.144,1.3270831e-05,1.343333e-05,1.325833e-05,1.3470833e-05,9.50416e-06,1.0274998e-05,9.837492e-06,1.0454162e-05,1.2474998e-05,1.2008325e-05,1.217916e-05,1.1945828e-05,1.4304161e-05,1.3516665e-05,1.0270826e-05,8.137496e-06
2,73,981.505,0.146,1.3237493e-05,1.3395826e-05,1.3224999e-05,1.3441666e-05,9.466664e-06,1.0233331e-05,9.799997e-06,1.0416658e-05,1.2441659e-05,1.197083e-05,1.2145829e-05,1.1916662e-05,1.4274994e-05,1.3487498e-05,1.0233331e-05,8.112494e-06
2,74,981.656,0.148,1.3208326e-05,1.3362495e-05,1.3187496e-05,1.3412499e-05,9.412495e-06,1.0179162e-05,9.741664e-06,1.0354162e-05,1.2399999e-05,1.1929163e-05,1.2104161e-05,1.1862493e-05,1.4233327e-05,1.3449995e-05,1.0179162e-05,8.079163e-06
2,75,981.807,0.15,1.3166666e-05,1.3329164e-05,1.3158329e-05,1.3379161e-05,9.374992e-06,1.0141659e-05,9.704161e-06,1.0316666e-05,1.236666e-05,1.1899996e-05,1.2074995e-05,1.1837498e-05,1.4208333e-05,1.3424992e-05,1.0149995e-05,8.062498e-06
2,76,981.958,0.152,1.3141664e-05,1.3299998e-05,1.3133327e-05,1.3349994e-05,9.341661e-06,1.0104163e-05,9.666665e-06,1.0274998e-05,1.2337494e-05,1.1870829e-05,1.20375e-05,1.1799995e-05,1.4179166e-05,1.3399998e-05,1.0108328e-05,8.037496e-06
2,77,982.109,0.154,1.3112497e-05,1.3266659e-05,1.3095831e-05,1.3316663e-05,9.287493e-06,1.0049995e-05,9.612497e-06,1.0216665e-05,1.2283325e-05,1.1824997e-05,1.1999997e-05,1.1749999e-05,1.4137499e-05,1.3358331e-05,1.0054159e-05,8.008329e-06
2,78,982.26,0.156,1.3074994e-05,1.3233328e-05,1.3066665e-05,1.3287497e-05,9.249997e-06,1.0008327e-05,9.570829e-06,1.0174997e-05,1.2258331e-05,1.1795831e-05,1.197083e-05,1.1720832e-05,1.4108332e-05,1.3333329e-05,1.0016664e-05,7.987499e-06
2,79,982.41,0.158,1.3041663e-05,1.3199997e-05,1.3029162e-05,1.3254165e-05,9.195828e-06,9.954158e-06,9.512496e-06,1.0108328e-05,1.2212499e-05,1.1754163e-05,1.1924998e-05,1.1674992e-05,1.4070829e-05,1.3295826e-05,9.966659e-06,7.958332e-06
2,80,982.561,0.16,1.3008333e-05,1.3166666e-05,1.2999995e-05,1.3220827e-05,9.154161e-06,9.916663e-06,9.470828e-06,1.0074997e-05,1.217916e-05,1.1720832e-05,1.1891659e-05,1.1641661e-05,1.4041662e-05,1.3262495e-05,9.929165e-06,7.937495e-06
2,81,982.712,0.162,1.2974993e-05,1.3129163e-05,1.2958328e-05,1.3183331e-05,9.099992e-06,9.85833e-06,9.41666e-06,1.00125e-05,1.2129164e-05,1.1674992e-05,1.1849999e-05,1.1591665e-05,1.3999995e-05,1.3224999e-05,9.87916e-06,7.908328e-06
2,82,982.863,0.164,1.2937498e-05,1.3095831e-05,1.2929161e-05,1.3154165e-05,9.062497e-06,9.820827e-06,9.379164e-06,9.970832e-06,1.2099998e-05,1.1645826e-05,1.1816661e-05,1.1558326e-05,1.3966664e-05,1.3195832e-05,9.845829e-06,7.883326e-06
2,83,983.014,0.166,1.2904159e-05,1.3062493e-05,1.2891666e-05,1.3120826e-05,9.008329e-06,9.762493e-06,9.312495e-06,9.908326e-06,1.2054165e-05,1.1595829e-05,1.1770829e-05,1.1508329e-05,1.3920831e-05,1.3158329e-05,9.787496e-06,7.85416e-06
2,84,983.165,0.168,1.2870828e-05,1.3029162e-05,1.28625e-05,1.3087495e-05,8.970833e-06,9.724999e-06,9.275e-06,9.866659e-06,1.2024999e-05,1.1566663e-05,1.1737498e-05,1.1474999e-05,1.3899994e-05,1.3129163e-05,9.749992e-06,7.837494e-06
2,85,983.316,0.17,1.2837498e-05,1.2987494e-05,1.282916e-05,1.3049992e-05,8.912491e-06,9.662493e-06,9.22083e-06,9.808326e-06,1.1974995e-05,1.1524995e-05,1.169583e-05,1.1424994e-05,1.3849997e-05,1.3087495e-05,9.691659e-06,7.799999e-06
2,86,983.466,0.172,1.2799994e-05,1.2958328e-05,1.279583e-05,1.3020825e-05,8.874997e-06,9.624998e-06,9.179163e-06,9.766666e-06,1.1937499e-05,1.1491664e-05,1.1666663e-05,1.1395828e-05,1.382916e-05,1.3066665e-05,9.658329e-06,7.779161e-06
2,87,983.617,0.174,1.2770827e-05,1.2920833e-05,1.2749998e-05,1.298333e-05,8.816663e-06,9.566665e-06,9.116666e-06,9.699997e-06,1.1887495e-05,1.144166e-05,1.1616659e-05,1.1337494e-05,1.3783328e-05,1.3016661e-05,9.595831e-06,7.749994e-06
2,88,983.768,0.176,1.2724996e-05,1.2887494e-05,1.2720831e-05,1.2949999e-05,8.783332e-06,9.524997e-06,9.074998e-06,9.654164e-06,1.1858328e-05,1.1412493e-05,1.1587493e-05,1.1304164e-05,1.3749996e-05,1.2995831e-05,9.562493e-06,7.729165e-06
2,89,983.919,0.178,1.2695829e-05,1.2845826e-05,1.2679164e-05,1.2912496e-05,8.716663e-06,9.466664e-06,9.02083e-06,9.595831e-06,1.1808332e-05,1.1362497e-05,1.1533331e-05,1.1254159e-05,1.3716666e-05,1.2949999e-05,9.508331e-06,7.687497e-06
2,90,984.07,0.18,1.2654162e-05,1.2812495e-05,1.2641661e-05,1.2879165e-05,8.683332e-06,9.429161e-06,8.974997e-06,9.554164e-06,1.1774993e-05,1.1337494e-05,1.1504166e-05,1.1220829e-05,1.3679162e-05,1.2929161e-05,9.470828e-06,7.670832e-06
2,91,984.221,0.182,1.2629159e-05,1.2779165e-05,1.2612494e-05,1.2841661e-05,8.624998e-06,9.370828e-06,8.916664e-06,9.487494e-06,1.1733326e-05,1.1291663e-05,1.1462498e-05,1.1170832e-05,1.3633331e-05,1.2883329e-05,9.412495e-06,7.637493e-06
2,92,984.371,0.184,1.2587499e-05,1.2745825e-05,1.2579163e-05,1.2816659e-05,8.587495e-06,9.32916e-06,8.874997e-06,9.445826e-06,1.169583e-05,1.1258332e-05,1.1424994e-05,1.1133329e-05,1.3608328e-05,1.2858327e-05,9.374992e-06,7.616663e-06
2,93,984.522,0.186,1.2558333e-05,1.270833e-05,1.254166e-05,1.2779165e-05,8.524998e-06,9.270827e-06,8.812499e-06,9.383329e-06,1.1649998e-05,1.1204163e-05,1.1379162e-05,1.1079161e-05,1.3566661e-05,1.2812495e-05,9.316659e-06,7.583332e-06
2,94,984.673,0.188,1.2516665e-05,1.2670827e-05,1.2508329e-05,1.2745825e-05,8.48333e-06,9.229159e-06,8.774996e-06,9.341661e-06,1.1612495e-05,1.1174997e-05,1.1349996e-05,1.104583e-05,1.3537494e-05,1.2783329e-05,9.283328e-06,7.566658e-06
2,95,984.824,0.19,1.2483327e-05,1.2633332e-05,1.2470826e-05,1.2704166e-05,8.424998e-06,9.166662e-06,8.708326e-06,9.270827e-06,1.1562498e-05,1.1124992e-05,1.1295827e-05,1.0991661e-05,1.3487498e-05,1.2741662e-05,9.224995e-06,7.529163e-06
2,96,984.975,0.192,1.2437495e-05,1.2599993e-05,1.243333e-05,1.2670827e-05,8.387494e-06,9.124994e-06,8.666659e-06,9.229159e-06,1.1524995e-05,1.1091662e-05,1.126666e-05,1.095833e-05,1.3458332e-05,1.2712495e-05,9.183327e-06,7.508326e-06
2,97,985.126,0.194,1.2404163e-05,1.2558333e-05,1.2395827e-05,1.2633332e-05,8.324997e-06,9.058333e-06,8.604161e-06,9.162498e-06,1.1474999e-05,1.1041665e-05,1.1216664e-05,1.0904161e-05,1.3412499e-05,1.2670827e-05,9.124994e-06,7.474995e-06
2,98,985.276,0.196,1.2370832e-05,1.2524994e-05,1.236666e-05,1.2604165e-05,8.283329e-06,9.02083e-06,8.562493e-06,9.12083e-06,1.144166e-05,1.1008327e-05,1.1183325e-05,1.087083e-05,1.3379161e-05,1.2641661e-05,9.083326e-06,7.454165e-06
2,99,985.427,0.198,1.2324993e-05,1.2483327e-05,1.2316664e-05,1.2558333e-05,8.216659e-06,8.954159e-06,8.495832e-06,9.049996e-06,1.1387499e-05,1.0962494e-05,1.1129165e-05,1.0808333e-05,1.3337493e-05,1.2599993e-05,9.02083e-06,7.416661e-06
2,100,985.578,0.2,1.2291662e-05,1.2449996e-05,1.2287497e-05,1.2529159e-05,8.179164e-06,8.912491e-06,8.458328e-06,9.008329e-06,1.135416e-05,1.0920827e-05,1.1099998e-05,1.0774994e-05,1.3304162e-05,1.2570827e-05,8.983326e-06,7.395832e-06
2,101,985.729,0.202,1.2254159e-05,1.2408328e-05,1.224583e-05,1.2491663e-05,8.120831e-06,8.84583e-06,8.391658e-06,8.941666e-06,1.1304164e-05,1.0874995e-05,1.1049994e-05,1.0720825e-05,1.325833e-05,1.2524994e-05,8.924992e-06,7.362493e-06
2,102,985.88,0.204,1.2216663e-05,1.2374997e-05,1.2212499e-05,1.245416e-05,8.074999e-06,8.812499e-06,8.354164e-06,8.899999e-06,1.126666e-05,1.0841663e-05,1.1020828e-05,1.0691659e-05,1.3233328e-05,1.2499992e-05,8.883325e-06,7.341663e-06
2,103,986.031,0.206,1.2191661e-05,1.234583e-05,1.2183333e-05,1.243333e-05,8.045832e-06,8.770831e-06,8.312496e-06,8.854158e-06,1.123333e-05,1.0812497e-05,1.0983332e-05,1.0654163e-05,1.3204161e-05,1.2466661e-05,8.849995e-06,7.320825e-06
2,104,986.182,0.208,1.2154166e-05,1.2304163e-05,1.2145829e-05,1.2391662e-05,7.979163e-06,8.708326e-06,8.245825e-06,8.791661e-06,1.1187498e-05,1.0762493e-05,1.0937492e-05,1.0599994e-05,1.3154165e-05,1.2429166e-05,8.791661e-06,7.287495e-06
2,105,986.332,0.21,1.2116662e-05,1.2274996e-05,1.2112499e-05,1.2358331e-05,7.94166e-06,8.670831e-06,8.212495e-06,8.749994e-06,1.1149995e-05,1.0733326e-05,1.0899997e-05,1.0566664e-05,1.3129163e-05,1.2399999e-05,8.754166e-06,7.270829e-06
2,106,986.483,0.212,1.2087497e-05,1.2229165e-05,1.2066666e-05,1.2316664e-05,7.879162e-06,8.604161e-06,8.141661e-06,8.67916e-06,1.1095826e-05,1.0683329e-05,1.0854164e-05,1.0508331e-05,1.308333e-05,1.2358331e-05,8.691661e-06,7.233326e-06
2,107,986.634,0.214,1.2041664e-05,1.2195826e-05,1.20375e-05,1.2283325e-05,7.83333e-06,8.558329e-06,8.099993e-06,8.633328e-06,1.1058331e-05,1.0641662e-05,1.0816661e-05,1.0470828e-05,1.3054164e-05,1.2324993e-05,8.649993e-06,7.208331e-06
2,108,986.785,0.216,1.200416e-05,1.2154166e-05,1.1991659e-05,1.2241666e-05,7.770833e-06,8.491659e-06,8.037496e-06,8.566665e-06,1.1004162e-05,1.0591666e-05,1.0766666e-05,1.0416658e-05,1.2999995e-05,1.2283325e-05,8.587495e-06,7.174993e-06
2,109,986.936,0.218,1.1962493e-05,1.2116662e-05,1.1958329e-05,1.2208327e-05,7.729165e-06,8.45e-06,7.991664e-06,8.520826e-06,1.0970831e-05,1.0558327e-05,1.0729162e-05,1.0379164e-05,1.2970829e-05,1.2258331e-05,8.549992e-06,7.154163e-06
2,110,987.087,0.22,1.1929163e-05,1.2079159e-05,1.1916662e-05,1.2170832e-05,7.666659e-06,8.387494e-06,7.93333e-06,8.458328e-06,1.0920827e-05,1.0508331e-05,1.0683329e-05,1.0324995e-05,1.2929161e-05,1.2212499e-05,8.491659e-06,7.120832e-06
2,111,987.237,0.222,1.1887495e-05,1.2041664e-05,1.1887495e-05,1.2141665e-05,7.624992e-06,8.345826e-06,7.887498e-06,8.412496e-06,1.0883331e-05,1.0474992e-05,1.0645826e-05,1.0291664e-05,1.2899995e-05,1.217916e-05,8.45e-06,7.095829e-06
2,112,987.388,0.224,1.1854164e-05,1.1999997e-05,1.1841663e-05,1.209166e-05,7.562494e-06,8.279165e-06,7.820829e-06,8.341662e-06,1.0824998e-05,1.0420831e-05,1.0595831e-05,1.0229166e-05,1.2849999e-05,1.2133328e-05,8.383329e-06,7.066663e-06
2,113,987.539,0.226,1.1812496e-05,1.1966666e-05,1.1808332e-05,1.2062494e-05,7.520827e-06,8.237497e-06,7.779161e-06,8.291666e-06,1.0791659e-05,1.0383328e-05,1.0558327e-05,1.0195828e-05,1.2820832e-05,1.2104161e-05,8.345826e-06,7.041661e-06
2,114,987.69,0.228,1.1774993e-05,1.1920825e-05,1.1762492e-05,1.2016662e-05,7.458329e-06,8.170828e-06,7.716663e-06,8.22916e-06,1.0737499e-05,1.0333331e-05,1.0504166e-05,1.013333e-05,1.2770827e-05,1.205833e-05,8.283329e-06,7.00833e-06
2,115,987.841,0.23,1.1733326e-05,1.188333e-05,1.1724997e-05,1.1983331e-05,7.416661e-06,8.124995e-06,7.670832e-06,8.183329e-06,1.0699995e-05,1.0295828e-05,1.0470828e-05,1.0095827e-05,1.2741662e-05,1.2033327e-05,8.241662e-06,6.987492e-06
2,116,987.992,0.232,1.169583e-05,1.1841663e-05,1.1683329e-05,1.1945828e-05,7.354164e-06,8.058326e-06,7.608326e-06,8.112494e-06,1.0645826e-05,1.024166e-05,1.0420831e-05,1.0041666e-05,1.2691665e-05,1.1983331e-05,8.183329e-06,6.954161e-06
2,117,988.143,0.234,1.1658327e-05,1.1808332e-05,1.1645826e-05,1.1908332e-05,7.308332e-06,8.016666e-06,7.562494e-06,8.066662e-06,1.0608332e-05,1.0208329e-05,1.0387492e-05,9.995826e-06,1.2666663e-05,1.1958329e-05,8.141661e-06,6.929159e-06
2,118,988.293,0.236,1.1616659e-05,1.1762492e-05,1.160833e-05,1.1866665e-05,7.241662e-06,7.949996e-06,7.499997e-06,7.995828e-06,1.0549998e-05,1.015416e-05,1.032916e-05,9.941666e-06,1.2612494e-05,1.1908332e-05,8.074999e-06,6.895828e-06
2,119,988.444,0.238,1.1570827e-05,1.1724997e-05,1.1566663e-05,1.1829162e-05,7.199995e-06,7.908328e-06,7.458329e-06,7.949996e-06,1.0512495e-05,1.0116664e-05,1.0291664e-05,9.904162e-06,1.2583328e-05,1.1879166e-05,8.037496e-06,6.870826e-06
2,120,988.595,0.24,1.1537496e-05,1.1683329e-05,1.152916e-05,1.1787494e-05,7.141662e-06,7.837494e-06,7.391659e-06,7.879162e-06,1.0458326e-05,1.0062496e-05,1.0237495e-05,9.845829e-06,1.2529159e-05,1.1833326e-05,7.970826e-06,6.837495e-06
2,121,988.746,0.242,1.1495828e-05,1.1641661e-05,1.1491664e-05,1.1754163e-05,7.095829e-06,7.795827e-06,7.345827e-06,7.837494e-06,1.0420831e-05,1.0029165e-05,1.0199992e-05,9.804161e-06,1.2499992e-05,1.1808332e-05,7.929166e-06,6.812493e-06
2,122,988.897,0.244,1.1454161e-05,1.1604166e-05,1.144166e-05,1.1708331e-05,7.02916e-06,7.720828e-06,7.279165e-06,7.762495e-06,1.0366663e-05,9.970832e-06,1.0145831e-05,9.745829e-06,1.2449996e-05,1.1758328e-05,7.862496e-06,6.774998e-06
2,123,989.048,0.246,1.1412493e-05,1.1562498e-05,1.1408329e-05,1.1679164e-05,6.987492e-06,7.683333e-06,7.237498e-06,7.716663e-06,1.0324995e-05,9.937493e-06,1.0112492e-05,9.708333e-06,1.2416665e-05,1.1724997e-05,7.820829e-06,6.758332e-06
2,124,989.198,0.248,1.1370826e-05,1.1516667e-05,1.1358333e-05,1.162916e-05,6.92083e-06,7.612498e-06,7.170828e-06,7.645829e-06,1.0270826e-05,9.87916e-06,1.0054159e-05,9.641663e-06,1.236666e-05,1.1679164e-05,7.754159e-06,6.720829e-06
2,125,989.349,0.25,1.1329166e-05,1.1479163e-05,1.1324993e-05,1.1595829e-05,6.879163e-06,7.570831e-06,7.120832e-06,7.595825e-06,1.0224994e-05,9.841665e-06,1.0016664e-05,9.60416e-06,1.2333329e-05,1.1641661e-05,7.7125e-06,6.695827e-06
2,126,989.5,0.252,1.1291663e-05,1.1433332e-05,1.1279162e-05,1.1549997e-05,6.812493e-06,7.499997e-06,7.058326e-06,7.529163e-06,1.0166661e-05,9.783332e-06,9.95833e-06,9.541663e-06,1.2283325e-05,1.1599994e-05,7.645829e-06,6.662496e-06
2,127,989.651,0.254,1.1245831e-05,1.1391664e-05,1.1241658e-05,1.1508329e-05,6.770825e-06,7.458329e-06,7.012494e-06,7.479159e-06,1.0129165e-05,9.741664e-06,9.920827e-06,9.50416e-06,1.2249994e-05,1.1570827e-05,7.599997e-06,6.637494e-06
2,128,989.802,0.256,1.1204163e-05,1.1345832e-05,1.1191662e-05,1.1462498e-05,6.699999e-06,7.383331e-06,6.94166e-06,7.40416e-06,1.006666e-05,9.687496e-06,9.85833e-06,9.437497e-06,1.2199998e-05,1.1516667e-05,7.533328e-06,6.599998e-06
2,129,989.953,0.258,1.1162496e-05,1.1304164e-05,1.1154159e-05,1.1429159e-05,6.654159e-06,7.333326e-06,6.895828e-06,7.358328e-06,1.0029165e-05,9.645828e-06,9.824999e-06,9.39583e-06,1.2162494e-05,1.1487492e-05,7.487496e-06,6.579161e-06
2,130,990.103,0.26,1.1124992e-05,1.1274998e-05,1.1120828e-05,1.1395828e-05,6.608327e-06,7.291659e-06,6.854161e-06,7.316661e-06,9.991661e-06,9.608332e-06,9.787496e-06,9.354162e-06,1.2133328e-05,1.1458325e-05,7.449993e-06,6.554159e-06
2,131,990.254,0.262,1.1087497e-05,1.1224993e-05,1.1074996e-05,1.1345832e-05,6.541665e-06,7.220833e-06,6.783327e-06,7.237498e-06,9.924992e-06,9.545827e-06,9.724999e-06,9.287493e-06,1.2079159e-05,1.1408329e-05,7.379158e-06,6.512499e-06
2,132,990.405,0.264,1.1037493e-05,1.1183325e-05,1.1033329e-05,1.1308328e-05,6.495825e-06,7.174993e-06,6.741659e-06,7.191666e-06,9.887497e-06,9.508331e-06,9.687496e-06,9.249997e-06,1.2045829e-05,1.1374998e-05,7.333326e-06,6.491661e-06
2,133,990.556,0.266,1.0995833e-05,1.1137494e-05,1.0983332e-05,1.1258332e-05,6.433328e-06,7.104159e-06,6.670833e-06,7.11666e-06,9.820827e-06,9.445826e-06,9.620825e-06,9.179163e-06,1.1987496e-05,1.132083e-05,7.262492e-06,6.449994e-06
2,134,990.707,0.268,1.0949993e-05,1.1091662e-05,1.0945829e-05,1.1224993e-05,6.387496e-06,7.054162e-06,6.620828e-06,7.066663e-06,9.779159e-06,9.404159e-06,9.587495e-06,9.14166e-06,1.1958329e-05,1.1291663e-05,7.21666e-06,6.424999e-06
2,135,990.858,0.27,1.0908326e-05,1.104583e-05,1.089166e-05,1.1170832e-05,6.316662e-06,6.979164e-06,6.558331e-06,6.991665e-06,9.720826e-06,9.345826e-06,9.524997e-06,9.074998e-06,1.1904161e-05,1.1241658e-05,7.145826e-06,6.39166e-06
2,136,991.009,0.272,1.0862494e-05,1.1004162e-05,1.0854164e-05,1.1137494e-05,6.27083e-06,6.937496e-06,6.508326e-06,6.945832e-06,9.674995e-06,9.304166e-06,9.483329e-06,9.029166e-06,1.1870829e-05,1.1204163e-05,7.104159e-06,6.366666e-06
2,137,991.159,0.274,1.0816661e-05,1.095833e-05,1.0808333e-05,1.1083333e-05,6.20416e-06,6.862497e-06,6.441664e-06,6.874998e-06,9.616661e-06,9.24166e-06,9.424996e-06,8.962496e-06,1.1816661e-05,1.1154159e-05,7.024995e-06,6.329163e-06
2,138,991.31,0.276,1.0770829e-05,1.0916662e-05,1.0762493e-05,1.1049994e-05,6.162492e-06,6.816666e-06,6.395833e-06,6.824994e-06,9.570829e-06,9.199993e-06,9.383329e-06,8.916664e-06,1.178333e-05,1.1116664e-05,6.987492e-06,6.308325e-06
2,139,991.461,0.278,1.0724997e-05,1.0866665e-05,1.0716661e-05,1.0999997e-05,6.091658e-06,6.745831e-06,6.329163e-06,6.749995e-06,9.50416e-06,9.14166e-06,9.316659e-06,8.849995e-06,1.1720832e-05,1.106666e-05,6.912494e-06,6.262493e-06
2,140,991.612,0.28,1.0674993e-05,1.0820826e-05,1.0670828e-05,1.095833e-05,6.049999e-06,6.699999e-06,6.283331e-06,6.704164e-06,9.462499e-06,9.091664e-06,9.279163e-06,8.804162e-06,1.1687493e-05,1.1037493e-05,6.862497e-06,6.237499e-06
2,141,991.763,0.282,1.0629161e-05,1.0770829e-05,1.0620833e-05,1.0908326e-05,5.983329e-06,6.624993e-06,6.212497e-06,6.624993e-06,9.39583e-06,9.033331e-06,9.216667e-06,8.741665e-06,1.1633332e-05,1.097916e-05,6.795828e-06,6.199996e-06
2,142,991.914,0.284,1.058333e-05,1.0729162e-05,1.0579165e-05,1.0866665e-05,5.937497e-06,6.579161e-06,6.170829e-06,6.579161e-06,9.354162e-06,8.987498e-06,9.170826e-06,8.691661e-06,1.1595829e-05,1.0945829e-05,6.749995e-06,6.174993e-06
2,143,992.064,0.286,1.0533333e-05,1.0674993e-05,1.0524996e-05,1.0816661e-05,5.874999e-06,6.504162e-06,6.104159e-06,6.504162e-06,9.287493e-06,8.924992e-06,9.108328e-06,8.620827e-06,1.1537496e-05,1.089166e-05,6.674997e-06,6.133326e-06
2,144,992.215,0.288,1.0487493e-05,1.0633325e-05,1.0487493e-05,1.0779167e-05,5.829159e-06,6.462495e-06,6.058327e-06,6.45833e-06,9.24166e-06,8.883325e-06,9.066661e-06,8.579159e-06,1.1499993e-05,1.0858329e-05,6.624993e-06,6.108331e-06
2,145,992.366,0.29,1.0441661e-05,1.0579165e-05,1.0433332e-05,1.0724997e-05,5.766662e-06,6.39166e-06,5.991666e-06,6.383332e-06,9.179163e-06,8.816663e-06,8.995827e-06,8.50416e-06,1.144166e-05,1.080416e-05,6.554159e-06,6.070828e-06
2,146,992.517,0.292,1.0391665e-05,1.0533333e-05,1.0391665e-05,1.0683329e-05,5.72083e-06,6.345828e-06,5.949998e-06,6.341664e-06,9.133331e-06,8.774996e-06,8.958332e-06,8.462493e-06,1.1408329e-05,1.0770829e-05,6.512499e-06,6.041662e-06
2,147,992.668,0.294,1.0341661e-05,1.0483329e-05,1.0333331e-05,1.0629161e-05,5.65416e-06,6.27083e-06,5.879164e-06,6.262493e-06,9.066661e-06,8.708326e-06,8.891662e-06,8.391658e-06,1.1345832e-05,1.0716661e-05,6.437492e-06,6.004159e-06
2,148,992.819,0.296,1.0295828e-05,1.0437497e-05,1.0295828e-05,1.0591666e-05,5.612493e-06,6.229162e-06,5.837496e-06,6.216661e-06,9.02083e-06,8.662494e-06,8.84583e-06,8.341662e-06,1.1312492e-05,1.0679166e-05,6.387496e-06,5.979165e-06
2,149,992.97,0.298,1.0249996e-05,1.0387492e-05,1.0237495e-05,1.0537497e-05,5.545831e-06,6.154164e-06,5.766662e-06,6.145827e-06,8.949995e-06,8.599996e-06,8.77916e-06,8.270827e-06,1.1254159e-05,1.0629161e-05,6.316662e-06,5.937497e-06
2,150,993.12,0.3,1.0195828e-05,1.0341661e-05,1.0195828e-05,1.049583e-05,5.504163e-06,6.108331e-06,5.729159e-06,6.099995e-06,8.908328e-06,8.554164e-06,8.737493e-06,8.224996e-06,1.1212492e-05,1.0591666e-05,6.266665e-06,5.90833e-06
2,151,993.271,0.302,1.0149995e-05,1.0287499e-05,1.0137494e-05,1.0437497e-05,5.441666e-06,6.041662e-06,5.662497e-06,6.029161e-06,8.837494e-06,8.487495e-06,8.670831e-06,8.149997e-06,1.1158331e-05,1.0533333e-05,6.191659e-06,5.870827e-06
2,152,993.422,0.304,1.0095827e-05,1.0237495e-05,1.0095827e-05,1.0395829e-05,5.399998e-06,5.99583e-06,5.616665e-06,5.983329e-06,8.791661e-06,8.441662e-06,8.624998e-06,8.104165e-06,1.1116664e-05,1.049583e-05,6.145827e-06,5.845833e-06
2,153,993.573,0.306,1.004583e-05,1.0183327e-05,1.0041666e-05,1.0341661e-05,5.337492e-06,5.924996e-06,5.55416e-06,5.90833e-06,8.720827e-06,8.370828e-06,8.558329e-06,8.033331e-06,1.1058331e-05,1.0437497e-05,6.074993e-06,5.799993e-06
2,154,993.724,0.308,9.995826e-06,1.0141659e-05,9.995826e-06,1.0299993e-05,5.299997e-06,5.883328e-06,5.512492e-06,5.870827e-06,8.674995e-06,8.329161e-06,8.512497e-06,7.983327e-06,1.1016663e-05,1.0404166e-05,6.029161e-06,5.774998e-06
2,155,993.875,0.31,9.945829e-06,1.0087498e-05,9.941666e-06,1.0245832e-05,5.233328e-06,5.816658e-06,5.449994e-06,5.799993e-06,8.608326e-06,8.258326e-06,8.45e-06,7.912493e-06,1.0962494e-05,1.0349997e-05,5.954162e-06,5.737495e-06
2,156,994.025,0.312,9.895825e-06,1.0041666e-05,9.895825e-06,1.0208329e-05,5.195832e-06,5.774998e-06,5.412499e-06,5.754161e-06,8.566665e-06,8.212495e-06,8.404159e-06,7.866661e-06,1.0916662e-05,1.0312494e-05,5.912495e-06,5.712493e-06
2,157,994.176,0.314,9.845829e-06,9.983333e-06,9.841665e-06,1.0149995e-05,5.137499e-06,5.704164e-06,5.345829e-06,5.683327e-06,8.491659e-06,8.145825e-06,8.333325e-06,7.791662e-06,1.0858329e-05,1.0254161e-05,5.837496e-06,5.666661e-06
2,158,994.327,0.316,9.795833e-06,9.937493e-06,9.795833e-06,1.0108328e-05,5.099996e-06,5.662497e-06,5.308326e-06,5.641659e-06,8.445827e-06,8.099993e-06,8.283329e-06,7.741666e-06,1.0812497e-05,1.0216665e-05,5.787492e-06,5.641659e-06
2,159,994.478,0.318,9.754165e-06,9.895825e-06,9.754165e-06,1.0062496e-05,5.062493e-06,5.616665e-06,5.270831e-06,5.595827e-06,8.395831e-06,8.049997e-06,8.241662e-06,7.695826e-06,1.0779167e-05,1.0179162e-05,5.74166e-06,5.612493e-06
2,160,994.629,0.32,9.699997e-06,9.833328e-06,9.695832e-06,1.0008327e-05,4.999995e-06,5.549995e-06,5.204161e-06,5.529165e-06,8.324997e-06,7.979163e-06,8.170828e-06,7.616663e-06,1.0712496e-05,1.0116664e-05,5.666661e-06,5.570825e-06
2,161,994.78,0.322,9.649992e-06,9.79166e-06,9.649992e-06,9.962495e-06,4.966664e-06,5.512492e-06,5.166666e-06,5.487498e-06,8.279165e-06,7.937495e-06,8.124995e-06,7.574995e-06,1.0679166e-05,1.0083326e-05,5.620829e-06,5.541659e-06
2,162,994.93,0.324,9.591659e-06,9.729163e-06,9.587495e-06,9.904162e-06,4.912496e-06,5.449994e-06,5.108333e-06,5.420828e-06,8.204166e-06,7.862496e-06,8.054161e-06,7.495833e-06,1.0612495e-05,1.0020828e-05,5.545831e-06,5.504163e-06
2,163,995.081,0.326,9.537498e-06,9.679158e-06,9.541663e-06,9.85833e-06,4.870828e-06,5.404162e-06,5.07083e-06,5.374996e-06,8.154162e-06,7.812492e-06,8.004165e-06,7.445828e-06,1.0566664e-05,9.983333e-06,5.495826e-06,5.470832e-06
2,164,995.232,0.328,9.487494e-06,9.620825e-06,9.479165e-06,9.799997e-06,4.816659e-06,5.341665e-06,5.012496e-06,5.312499e-06,8.079163e-06,7.741666e-06,7.93333e-06,7.366665e-06,1.0508331e-05,9.920827e-06,5.424992e-06,5.424992e-06
2,165,995.383,0.33,9.433325e-06,9.570829e-06,9.433325e-06,9.75833e-06,4.787493e-06,5.304162e-06,4.979165e-06,5.274995e-06,8.033331e-06,7.695826e-06,7.891663e-06,7.324998e-06,1.0466663e-05,9.87916e-06,5.387497e-06,5.404162e-06
2,166,995.534,0.332,9.383329e-06,9.512496e-06,9.370828e-06,9.695832e-06,4.72916e-06,5.241664e-06,4.920832e-06,5.212498e-06,7.962497e-06,7.620828e-06,7.812492e-06,7.237498e-06,1.0399994e-05,9.820827e-06,5.312499e-06,5.35833e-06
2,167,995.685,0.334,9.324996e-06,9.462499e-06,9.324996e-06,9.649992e-06,4.699993e-06,5.204161e-06,4.883329e-06,5.174994e-06,7.912493e-06,7.574995e-06,7.770833e-06,7.191666e-06,1.0362498e-05,9.783332e-06,5.266658e-06,5.333328e-06
2,168,995.836,0.336,9.270827e-06,9.408331e-06,9.266662e-06,9.591659e-06,4.649997e-06,5.145828e-06,4.833333e-06,5.108333e-06,7.841659e-06,7.499997e-06,7.695826e-06,7.120832e-06,1.0295828e-05,9.724999e-06,5.195832e-06,5.287496e-06
2,169,995.986,0.338,9.216667e-06,9.354162e-06,9.216667e-06,9.541663e-06,4.616666e-06,5.108333e-06,4.799994e-06,5.079166e-06,7.791662e-06,7.454165e-06,7.649994e-06,7.070827e-06,1.0254161e-05,9.683331e-06,5.154165e-06,5.25833e-06
2,170,996.137,0.34,9.154161e-06,9.291664e-06,9.154161e-06,9.479165e-06,4.570826e-06,5.049992e-06,4.745825e-06,5.020825e-06,7.716663e-06,7.379158e-06,7.57916e-06,6.987492e-06,1.0187498e-05,9.616661e-06,5.083331e-06,5.212498e-06
2,171,996.288,0.342,9.104165e-06,9.245833e-06,9.104165e-06,9.437497e-06,4.545832e-06,5.020825e-06,4.712494e-06,4.979165e-06,7.666659e-06,7.333326e-06,7.529163e-06,6.94166e-06,1.0145831e-05,9.579166e-06,5.037498e-06,5.183331e-06
2,172,996.439,0.344,9.049996e-06,9.183327e-06,9.045832e-06,9.374992e-06,4.504164e-06,4.966664e-06,4.666662e-06,4.924997e-06,7.599997e-06,7.262492e-06,7.458329e-06,6.866662e-06,1.0079161e-05,9.520832e-06,4.974993e-06,5.141664e-06
2,173,996.59,0.346,8.999999e-06,9.133331e-06,8.995827e-06,9.32916e-06,4.474998e-06,4.933325e-06,4.633331e-06,4.891666e-06,7.549993e-06,7.208331e-06,7.408333e-06,6.812493e-06,1.0033329e-05,9.474993e-06,4.929161e-06,5.112497e-06
2,174,996.741,0.348,8.937494e-06,9.070825e-06,8.93333e-06,9.262498e-06,4.43333e-06,4.879165e-06,4.587499e-06,4.833333e-06,7.47083e-06,7.137497e-06,7.333326e-06,6.737494e-06,9.966659e-06,9.412495e-06,4.862499e-06,5.066665e-06
2,175,996.891,0.35,8.874997e-06,9.02083e-06,8.883325e-06,9.216667e-06,4.404164e-06,4.845826e-06,4.558333e-06,4.804158e-06,7.420826e-06,7.087493e-06,7.28333e-06,6.683326e-06,9.920827e-06,9.370828e-06,4.820832e-06,5.041663e-06
2,176,997.042,0.352,8.820828e-06,8.954159e-06,8.816663e-06,9.149996e-06,4.36666e-06,4.791665e-06,4.516665e-06,4.749998e-06,7.345827e-06,7.012494e-06,7.212496e-06,6.608327e-06,9.854166e-06,9.30833e-06,4.758326e-06,4.995831e-06
2,177,997.193,0.354,8.762495e-06,8.904163e-06,8.766659e-06,9.104165e-06,4.341666e-06,4.766663e-06,4.483326e-06,4.720831e-06,7.295831e-06,6.962498e-06,7.1625e-06,6.558331e-06,9.808326e-06,9.262498e-06,4.716659e-06,4.966664e-06
2,178,997.344,0.356,8.704162e-06,8.837494e-06,8.699997e-06,9.037494e-06,4.308327e-06,4.720831e-06,4.445831e-06,4.674999e-06,7.224997e-06,6.8875e-06,7.087493e-06,6.483333e-06,9.7375e-06,9.199993e-06,4.654161e-06,4.920832e-06
2,179,997.495,0.358,8.641664e-06,8.783332e-06,8.645829e-06,8.987498e-06,4.287497e-06,4.691664e-06,4.416665e-06,4.637496e-06,7.170828e-06,6.837495e-06,7.037497e-06,6.429163e-06,9.691659e-06,9.154161e-06,4.616666e-06,4.891666e-06
2,180,997.646,0.36,8.583331e-06,8.716663e-06,8.583331e-06,8.920829e-06,4.254158e-06,4.645832e-06,4.379161e-06,4.591664e-06,7.095829e-06,6.758332e-06,6.962498e-06,6.354165e-06,9.620825e-06,9.091664e-06,4.554161e-06,4.841661e-06
2,181,997.797,0.362,8.524998e-06,8.666659e-06,8.533327e-06,8.874997e-06,4.237493e-06,4.62083e-06,4.358331e-06,4.570826e-06,7.045825e-06,6.712492e-06,6.912494e-06,6.304161e-06,9.574994e-06,9.045832e-06,4.516665e-06,4.812495e-06
2,182,997.947,0.364,8.466665e-06,8.599996e-06,8.466665e-06,8.808327e-06,4.208326e-06,4.579163e-06,4.320828e-06,4.524994e-06,6.970827e-06,6.63333e-06,6.837495e-06,6.224998e-06,9.499995e-06,8.979162e-06,4.458332e-06,4.766663e-06
2,183,998.098,0.366,8.408332e-06,8.545828e-06,8.408332e-06,8.754166e-06,4.187496e-06,4.554161e-06,4.295826e-06,4.499992e-06,6.92083e-06,6.587497e-06,6.787499e-06,6.179166e-06,9.454163e-06,8.93333e-06,4.424993e-06,4.733332e-06
2,184,998.249,0.368,8.345826e-06,8.479166e-06,8.345826e-06,8.687496e-06,4.166659e-06,4.520829e-06,4.262495e-06,4.462496e-06,6.841659e-06,6.508326e-06,6.712492e-06,6.099995e-06,9.383329e-06,8.86666e-06,4.36666e-06,4.687492e-06
2,185,998.4,0.37,8.287493e-06,8.424998e-06,8.291666e-06,8.637492e-06,4.149993e-06,4.495827e-06,4.24583e-06,4.437494e-06,6.787499e-06,6.462495e-06,6.662496e-06,6.049999e-06,9.337497e-06,8.820828e-06,4.333329e-06,4.658325e-06
2,186,998.551,0.372,8.237497e-06,8.374993e-06,8.249998e-06,8.59166e-06,4.133328e-06,4.474998e-06,4.229164e-06,4.416665e-06,6.745831e-06,6.416662e-06,6.616664e-06,6.004159e-06,9.291664e-06,8.774996e-06,4.299998e-06,4.629159e-06
2,187,998.702,0.374,8.174999e-06,8.308331e-06,8.179164e-06,8.524998e-06,4.116662e-06,4.449995e-06,4.199997e-06,4.383326e-06,6.670833e-06,6.337492e-06,6.537493e-06,5.92916e-06,9.216667e-06,8.708326e-06,4.254158e-06,4.583327e-06
2,188,998.852,0.376,8.120831e-06,8.254163e-06,8.12916e-06,8.474994e-06,4.104161e-06,4.429166e-06,4.183332e-06,4.36666e-06,6.620828e-06,6.29166e-06,6.491661e-06,5.883328e-06,9.170826e-06,8.666659e-06,4.224992e-06,4.549996e-06
2,189,999.003,0.378,8.054161e-06,8.187492e-06,8.054161e-06,8.404159e-06,4.087496e-06,4.399999e-06,4.15833e-06,4.333329e-06,6.54583e-06,6.212497e-06,6.412498e-06,5.804165e-06,9.091664e-06,8.59166e-06,4.174995e-06,4.504164e-06
2,190,999.154,0.38,7.991664e-06,8.12916e-06,7.999993e-06,8.354164e-06,4.074995e-06,4.383326e-06,4.145829e-06,4.316664e-06,6.491661e-06,6.162492e-06,6.366666e-06,5.758325e-06,9.045832e-06,8.549992e-06,4.149993e-06,4.470825e-06
2,191,999.305,0.382,7.929166e-06,8.062498e-06,7.93333e-06,8.287493e-06,4.066666e-06,4.358331e-06,4.124999e-06,4.291662e-06,6.424999e-06,6.091658e-06,6.29166e-06,5.683327e-06,8.974997e-06,8.479166e-06,4.108326e-06,4.424993e-06
2,192,999.456,0.384,7.870825e-06,8.008329e-06,7.879162e-06,8.233333e-06,4.062494e-06,4.34583e-06,4.112498e-06,4.274996e-06,6.370831e-06,6.045826e-06,6.245828e-06,5.637495e-06,8.924992e-06,8.437499e-06,4.087496e-06,4.395827e-06
2,193,999.607,0.386,7.804163e-06,7.94166e-06,7.808328e-06,8.162498e-06,4.049993e-06,4.324992e-06,4.095833e-06,4.254158e-06,6.299997e-06,5.970828e-06,6.170829e-06,5.566661e-06,8.849995e-06,8.362492e-06,4.045828e-06,4.34583e-06
2,194,999.757,0.388,7.74583e-06,7.887498e-06,7.758331e-06,8.112494e-06,4.045828e-06,4.312499e-06,4.083332e-06,4.237493e-06,6.254164e-06,5.920831e-06,6.120833e-06,5.520828e-06,8.804162e-06,8.31666e-06,4.029163e-06,4.316664e-06
2,195,999.908,0.39,7.67916e-06,7.808328e-06,7.683333e-06,8.04166e-06,4.037492e-06,4.295826e-06,4.070831e-06,4.224992e-06,6.179166e-06,5.849997e-06,6.045826e-06,5.44583e-06,8.724999e-06,8.241662e-06,3.995832e-06,4.266659e-06
2,196,1000.059,0.392,7.620828e-06,7.758331e-06,7.629164e-06,7.987499e-06,4.037492e-06,4.283325e-06,4.062494e-06,4.212499e-06,6.129162e-06,5.804165e-06,5.99583e-06,5.404162e-06,8.674995e-06,8.19583e-06,3.97083e-06,4.233329e-06
2,197,1000.21,0.394,7.55833e-06,7.683333e-06,7.55833e-06,7.916665e-06,4.041664e-06,4.274996e-06,4.058329e-06,4.195825e-06,6.058327e-06,5.724994e-06,5.924996e-06,5.333328e-06,8.595832e-06,8.124995e-06,3.945827e-06,4.187496e-06
2,198,1000.361,0.396,7.495833e-06,7.629164e-06,7.508326e-06,7.862496e-06,4.033327e-06,4.266659e-06,4.049993e-06,4.191661e-06,6.008331e-06,5.683327e-06,5.879164e-06,5.287496e-06,8.549992e-06,8.079163e-06,3.933326e-06,4.15833e-06
2,199,1000.512,0.398,7.429162e-06,7.55833e-06,7.433327e-06,7.787497e-06,4.037492e-06,4.258331e-06,4.045828e-06,4.183332e-06,5.933332e-06,5.608328e-06,5.804165e-06,5.220827e-06,8.466665e-06,7.999993e-06,3.908332e-06,4.104161e-06
2,200,1000.663,0.4,7.362493e-06,7.499997e-06,7.379158e-06,7.733329e-06,4.037492e-06,4.254158e-06,4.041664e-06,4.174995e-06,5.887493e-06,5.562496e-06,5.758325e-06,5.179159e-06,8.412496e-06,7.954161e-06,3.899996e-06,4.074995e-06
2,201,1000.813,0.402,7.295831e-06,7.429162e-06,7.30416e-06,7.662495e-06,4.045828e-06,4.249994e-06,4.041664e-06,4.170831e-06,5.812494e-06,5.491662e-06,5.683327e-06,5.108333e-06,8.333325e-06,7.879162e-06,3.879165e-06,4.024998e-06
2,202,1000.964,0.404,7.233326e-06,7.37083e-06,7.249999e-06,7.612498e-06,4.049993e-06,4.24583e-06,4.037492e-06,4.166659e-06,5.770826e-06,5.449994e-06,5.641659e-06,5.07083e-06,8.283329e-06,7.829165e-06,3.870829e-06,3.999996e-06
2,203,1001.115,0.406,7.170828e-06,7.299996e-06,7.179165e-06,7.537492e-06,4.058329e-06,4.249994e-06,4.041664e-06,4.166659e-06,5.695828e-06,5.383333e-06,5.570825e-06,5.008332e-06,8.204166e-06,7.754159e-06,3.858328e-06,3.945827e-06
2,204,1001.266,0.408,7.108331e-06,7.245827e-06,7.120832e-06,7.483332e-06,4.062494e-06,4.24583e-06,4.037492e-06,4.166659e-06,5.658333e-06,5.337492e-06,5.524993e-06,4.970829e-06,8.149997e-06,7.708327e-06,3.854163e-06,3.912497e-06
2,205,1001.417,0.41,7.037497e-06,7.174993e-06,7.045825e-06,7.408333e-06,4.079159e-06,4.249994e-06,4.045828e-06,4.170831e-06,5.583326e-06,5.270831e-06,5.454159e-06,4.904159e-06,8.070827e-06,7.629164e-06,3.849999e-06,3.866664e-06
2,206,1001.568,0.412,6.983328e-06,7.112495e-06,6.995829e-06,7.358328e-06,4.083332e-06,4.249994e-06,4.045828e-06,4.170831e-06,5.545831e-06,5.224999e-06,5.412499e-06,4.866663e-06,8.02083e-06,7.57916e-06,3.849999e-06,3.833326e-06
2,207,1001.718,0.414,6.912494e-06,7.045825e-06,6.92083e-06,7.28333e-06,4.104161e-06,4.258331e-06,4.058329e-06,4.17916e-06,5.474997e-06,5.162493e-06,5.345829e-06,4.808331e-06,7.94166e-06,7.504161e-06,3.849999e-06,3.783329e-06
2,208,1001.869,0.416,6.849996e-06,6.983328e-06,6.866662e-06,7.224997e-06,4.104161e-06,4.262495e-06,4.066666e-06,4.183332e-06,5.433329e-06,5.120826e-06,5.299997e-06,4.774992e-06,7.887498e-06,7.454165e-06,3.849999e-06,3.758327e-06
2,209,1002.02,0.418,6.783327e-06,6.912494e-06,6.791663e-06,7.149999e-06,4.129163e-06,4.270832e-06,4.074995e-06,4.191661e-06,5.366659e-06,5.058328e-06,5.237492e-06,4.716659e-06,7.804163e-06,7.374994e-06,3.858328e-06,3.704158e-06
2,210,1002.171,0.42,6.720829e-06,6.854161e-06,6.737494e-06,7.095829e-06,4.141665e-06,4.27916e-06,4.083332e-06,4.199997e-06,5.324991e-06,5.016661e-06,5.19166e-06,4.683327e-06,7.754159e-06,7.324998e-06,3.862492e-06,3.670827e-06
2,211,1002.322,0.422,6.649995e-06,6.779162e-06,6.658332e-06,7.020831e-06,4.162494e-06,4.291662e-06,4.099997e-06,4.212499e-06,5.262494e-06,4.954163e-06,5.124998e-06,4.629159e-06,7.666659e-06,7.245827e-06,3.874993e-06,3.624996e-06
2,212,1002.473,0.424,6.591662e-06,6.724993e-06,6.612492e-06,6.966663e-06,4.17916e-06,4.299998e-06,4.108326e-06,4.224992e-06,5.220827e-06,4.91666e-06,5.087495e-06,4.599992e-06,7.612498e-06,7.199995e-06,3.88333e-06,3.591665e-06
2,213,1002.624,0.426,6.54583e-06,6.674997e-06,6.558331e-06,6.916666e-06,4.187496e-06,4.304163e-06,4.116662e-06,4.233329e-06,5.183331e-06,4.883329e-06,5.049992e-06,4.570826e-06,7.562494e-06,7.149999e-06,3.887495e-06,3.562498e-06
2,214,1002.774,0.428,6.474996e-06,6.604163e-06,6.487497e-06,6.837495e-06,4.216663e-06,4.324992e-06,4.137492e-06,4.254158e-06,5.120826e-06,4.820832e-06,4.987494e-06,4.520829e-06,7.479159e-06,7.070827e-06,3.912497e-06,3.512494e-06
2,215,1002.925,0.43,6.412498e-06,6.54583e-06,6.433328e-06,6.787499e-06,4.224992e-06,4.333329e-06,4.149993e-06,4.258331e-06,5.083331e-06,4.783328e-06,4.949999e-06,4.495827e-06,7.424998e-06,7.020831e-06,3.920825e-06,3.479163e-06
2,216,1003.076,0.432,6.345828e-06,6.474996e-06,6.358329e-06,6.712492e-06,4.254158e-06,4.358331e-06,4.170831e-06,4.287497e-06,5.024997e-06,4.72916e-06,4.891666e-06,4.449995e-06,7.341663e-06,6.937496e-06,3.945827e-06,3.433331e-06
2,217,1003.227,0.434,6.283331e-06,6.416662e-06,6.304161e-06,6.658332e-06,4.270832e-06,4.36666e-06,4.183332e-06,4.299998e-06,4.987494e-06,4.699993e-06,4.854162e-06,4.429166e-06,7.287495e-06,6.8875e-06,3.962493e-06,3.399992e-06
2,218,1003.378,0.436,6.220826e-06,6.341664e-06,6.229162e-06,6.579161e-06,4.299998e-06,4.387498e-06,4.212499e-06,4.329165e-06,4.933325e-06,4.645832e-06,4.799994e-06,4.387498e-06,7.204159e-06,6.808329e-06,3.991659e-06,3.35416e-06
2,219,1003.529,0.438,6.158328e-06,6.29166e-06,6.179166e-06,6.529164e-06,4.316664e-06,4.399999e-06,4.220828e-06,4.341666e-06,4.89583e-06,4.616666e-06,4.766663e-06,4.36666e-06,7.149999e-06,6.758332e-06,4.008325e-06,3.324993e-06
2,220,1003.679,0.44,6.091658e-06,6.216661e-06,6.108331e-06,6.454166e-06,4.349994e-06,4.429166e-06,4.249994e-06,4.370832e-06,4.841661e-06,4.566662e-06,4.712494e-06,4.329165e-06,7.066663e-06,6.679161e-06,4.041664e-06,3.279162e-06
2,221,1003.83,0.442,6.033325e-06,6.166665e-06,6.058327e-06,6.399997e-06,4.362496e-06,4.441659e-06,4.262495e-06,4.383326e-06,4.808331e-06,4.537495e-06,4.679163e-06,4.308327e-06,7.016659e-06,6.629165e-06,4.062494e-06,3.249995e-06
2,222,1003.981,0.444,5.966663e-06,6.091658e-06,5.983329e-06,6.324999e-06,4.399999e-06,4.466661e-06,4.295826e-06,4.416665e-06,4.758326e-06,4.495827e-06,4.629159e-06,4.27916e-06,6.929159e-06,6.54583e-06,4.104161e-06,3.199998e-06
2,223,1004.132,0.446,5.904166e-06,6.037497e-06,5.92916e-06,6.27083e-06,4.412492e-06,4.479162e-06,4.304163e-06,4.43333e-06,4.724996e-06,4.462496e-06,4.595828e-06,4.262495e-06,6.870826e-06,6.495825e-06,4.124999e-06,3.170832e-06
2,224,1004.283,0.448,5.84166e-06,5.966663e-06,5.858326e-06,6.195831e-06,4.449995e-06,4.512493e-06,4.34583e-06,4.470825e-06,4.683327e-06,4.424993e-06,4.549996e-06,4.237493e-06,6.791663e-06,6.416662e-06,4.166659e-06,3.129164e-06
2,225,1004.434,0.45,5.787492e-06,5.916659e-06,5.812494e-06,6.141663e-06,4.466661e-06,4.524994e-06,4.358331e-06,4.487499e-06,4.649997e-06,4.399999e-06,4.524994e-06,4.220828e-06,6.737494e-06,6.366666e-06,4.191661e-06,3.095826e-06
2,226,1004.584,0.452,5.72083e-06,5.845833e-06,5.737495e-06,6.070828e-06,4.504164e-06,4.558333e-06,4.391662e-06,4.520829e-06,4.608329e-06,4.362496e-06,4.479162e-06,4.199997e-06,6.649995e-06,6.283331e-06,4.241665e-06,3.049993e-06
2,227,1004.735,0.454,5.662497e-06,5.787492e-06,5.687499e-06,6.01666e-06,4.520829e-06,4.574998e-06,4.408328e-06,4.54166e-06,4.579163e-06,4.337493e-06,4.45416e-06,4.187496e-06,6.599998e-06,6.233327e-06,4.266659e-06,3.020827e-06
2,228,1004.886,0.456,5.604164e-06,5.72083e-06,5.620829e-06,5.941661e-06,4.562497e-06,4.612494e-06,4.445831e-06,4.587499e-06,4.54166e-06,4.308327e-06,4.412492e-06,4.174995e-06,6.512499e-06,6.154164e-06,4.316664e-06,2.974995e-06
2,229,1005.037,0.458,5.545831e-06,5.666661e-06,5.566661e-06,5.887493e-06,4.579163e-06,4.624995e-06,4.462496e-06,4.604165e-06,4.512493e-06,4.287497e-06,4.391662e-06,4.162494e-06,6.45833e-06,6.104159e-06,4.349994e-06,2.949993e-06
2,230,1005.188,0.46,5.487498e-06,5.599999e-06,5.499999e-06,5.816658e-06,4.616666e-06,4.658325e-06,4.499992e-06,4.645832e-06,4.474998e-06,4.258331e-06,4.358331e-06,4.149993e-06,6.374995e-06,6.024996e-06,4.399999e-06,2.904161e-06
2,231,1005.339,0.462,5.433329e-06,5.549995e-06,5.449994e-06,5.766662e-06,4.637496e-06,4.674999e-06,4.516665e-06,4.666662e-06,4.458332e-06,4.241665e-06,4.337493e-06,4.145829e-06,6.324999e-06,5.974992e-06,4.43333e-06,2.874994e-06
2,232,1005.49,0.464,5.370831e-06,5.483325e-06,5.387497e-06,5.695828e-06,4.674999e-06,4.712494e-06,4.558333e-06,4.70833e-06,4.420829e-06,4.220828e-06,4.308327e-06,4.141665e-06,6.241663e-06,5.891665e-06,4.491663e-06,2.837499e-06
2,233,1005.64,0.466,5.320827e-06,5.433329e-06,5.341665e-06,5.649996e-06,4.695829e-06,4.72916e-06,4.579163e-06,4.733332e-06,4.404164e-06,4.208326e-06,4.283325e-06,4.137492e-06,6.191659e-06,5.84166e-06,4.520829e-06,2.808333e-06
2,234,1005.791,0.468,5.262494e-06,5.366659e-06,5.274995e-06,5.574997e-06,4.737497e-06,4.766663e-06,4.616666e-06,4.774992e-06,4.374997e-06,4.187496e-06,4.262495e-06,4.137492e-06,6.104159e-06,5.766662e-06,4.579163e-06,2.766665e-06
2,235,1005.942,0.47,5.212498e-06,5.320827e-06,5.229163e-06,5.524993e-06,4.754162e-06,4.779164e-06,4.633331e-06,4.79583e-06,4.358331e-06,4.174995e-06,4.24583e-06,4.133328e-06,6.054163e-06,5.72083e-06,4.608329e-06,2.741663e-06
2,236,1006.093,0.472,5.154165e-06,5.262494e-06,5.166666e-06,5.454159e-06,4.79583e-06,4.816659e-06,4.674999e-06,4.837497e-06,4.333329e-06,4.15833e-06,4.224992e-06,4.137492e-06,5.979165e-06,5.641659e-06,4.666662e-06,2.704159e-06
2,237,1006.244,0.474,5.108333e-06,5.216662e-06,5.124998e-06,5.412499e-06,4.812495e-06,4.82916e-06,4.687492e-06,4.866663e-06,4.320828e-06,4.154166e-06,4.212499e-06,4.141665e-06,5.92916e-06,5.591663e-06,4.704165e-06,2.679165e-06
2,238,1006.395,0.476,5.054164e-06,5.158329e-06,5.062493e-06,5.341665e-06,4.849998e-06,4.870828e-06,4.733332e-06,4.908331e-06,4.299998e-06,4.141665e-06,4.199997e-06,4.149993e-06,5.845833e-06,5.516664e-06,4.762499e-06,2.645826e-06
2,239,1006.545,0.478,5.012496e-06,5.112497e-06,5.024997e-06,5.299997e-06,4.874993e-06,4.883329e-06,4.745825e-06,4.933325e-06,4.287497e-06,4.137492e-06,4.187496e-06,4.15833e-06,5.799993e-06,5.46666e-06,4.799994e-06,2.61666e-06
2,240,1006.696,0.48,4.958328e-06,5.054164e-06,4.970829e-06,5.233328e-06,4.912496e-06,4.920832e-06,4.791665e-06,4.979165e-06,4.270832e-06,4.137492e-06,4.174995e-06,4.166659e-06,5.716666e-06,5.391661e-06,4.862499e-06,2.583329e-06
2,241,1006.847,0.482,4.91666e-06,5.008332e-06,4.924997e-06,5.187495e-06,4.929161e-06,4.933325e-06,4.804158e-06,4.999995e-06,4.258331e-06,4.133328e-06,4.166659e-06,4.174995e-06,5.670825e-06,5.345829e-06,4.899995e-06,2.562499e-06
2,242,1006.998,0.484,4.883329e-06,4.979165e-06,4.891666e-06,5.145828e-06,4.945827e-06,4.954163e-06,4.824996e-06,5.024997e-06,4.258331e-06,4.133328e-06,4.162494e-06,4.183332e-06,5.624994e-06,5.299997e-06,4.929161e-06,2.541661e-06
2,243,1007.149,0.486,4.837497e-06,4.920832e-06,4.837497e-06,5.087495e-06,4.98333e-06,4.991658e-06,4.866663e-06,5.07083e-06,4.24583e-06,4.133328e-06,4.15833e-06,4.199997e-06,5.549995e-06,5.233328e-06,4.995831e-06,2.512495e-06
2,244,1007.3,0.488,4.79583e-06,4.883329e-06,4.804158e-06,5.045827e-06,5.004159e-06,5.008332e-06,4.887494e-06,5.091659e-06,4.237493e-06,4.133328e-06,4.15833e-06,4.216663e-06,5.504163e-06,5.187495e-06,5.029162e-06,2.491665e-06
2,245,1007.451,0.49,4.754162e-06,4.837497e-06,4.754162e-06,4.987494e-06,5.041663e-06,5.041663e-06,4.924997e-06,5.141664e-06,4.237493e-06,4.145829e-06,4.154166e-06,4.237493e-06,5.433329e-06,5.112497e-06,5.095832e-06,2.458326e-06
2,246,1007.601,0.492,4.716659e-06,4.791665e-06,4.716659e-06,4.949999e-06,5.058328e-06,5.058328e-06,4.945827e-06,5.166666e-06,4.233329e-06,4.145829e-06,4.154166e-06,4.254158e-06,5.387497e-06,5.07083e-06,5.129163e-06,2.437496e-06
2,247,1007.752,0.494,4.674999e-06,4.749998e-06,4.666662e-06,4.887494e-06,5.10416e-06,5.099996e-06,4.987494e-06,5.212498e-06,4.229164e-06,4.15833e-06,4.15833e-06,4.283325e-06,5.316663e-06,5.004159e-06,5.199997e-06,2.412494e-06
2,248,1007.903,0.496,4.64166e-06,4.712494e-06,4.637496e-06,4.849998e-06,5.120826e-06,5.108333e-06,5.004159e-06,5.237492e-06,4.233329e-06,4.166659e-06,4.162494e-06,4.295826e-06,5.274995e-06,4.966664e-06,5.237492e-06,2.399993e-06
2,249,1008.054,0.498,4.608329e-06,4.670826e-06,4.595828e-06,4.799994e-06,5.158329e-06,5.145828e-06,5.045827e-06,5.287496e-06,4.237493e-06,4.183332e-06,4.17916e-06,4.329165e-06,5.208326e-06,4.89583e-06,5.304162e-06,2.370826e-06
2,250,1008.205,0.5,4.574998e-06,4.637496e-06,4.566662e-06,4.762499e-06,5.17083e-06,5.162493e-06,5.058328e-06,5.308326e-06,4.237493e-06,4.191661e-06,4.17916e-06,4.34583e-06,5.166666e-06,4.854162e-06,5.341665e-06,2.358325e-06
2,251,1008.356,0.502,4.545832e-06,4.599992e-06,4.524994e-06,4.712494e-06,5.208326e-06,5.19166e-06,5.099996e-06,5.349994e-06,4.249994e-06,4.212499e-06,4.191661e-06,4.379161e-06,5.099996e-06,4.791665e-06,5.404162e-06,2.333331e-06
2,252,1008.506,0.504,4.512493e-06,4.566662e-06,4.495827e-06,4.674999e-06,5.224999e-06,5.208326e-06,5.120826e-06,5.370831e-06,4.254158e-06,4.220828e-06,4.199997e-06,4.404164e-06,5.058328e-06,4.758326e-06,5.44583e-06,2.32083e-06
2,253,1008.657,0.506,4.487499e-06,4.529158e-06,4.466661e-06,4.629159e-06,5.262494e-06,5.241664e-06,5.158329e-06,5.424992e-06,4.266659e-06,4.249994e-06,4.220828e-06,4.441659e-06,5.004159e-06,4.695829e-06,5.504163e-06,2.299992e-06
2,254,1008.808,0.508,4.466661e-06,4.508328e-06,4.437494e-06,4.599992e-06,5.274995e-06,5.254165e-06,5.174994e-06,5.441666e-06,4.274996e-06,4.262495e-06,4.233329e-06,4.458332e-06,4.966664e-06,4.658325e-06,5.541659e-06,2.287499e-06
2,255,1008.959,0.51,4.441659e-06,4.474998e-06,4.408328e-06,4.554161e-06,5.316663e-06,5.287496e-06,5.208326e-06,5.491662e-06,4.291662e-06,4.291662e-06,4.254158e-06,4.499992e-06,4.912496e-06,4.604165e-06,5.604164e-06,2.270826e-06
2,256,1009.11,0.512,4.420829e-06,4.45416e-06,4.387498e-06,4.529158e-06,5.329164e-06,5.299997e-06,5.229163e-06,5.508327e-06,4.304163e-06,4.308327e-06,4.266659e-06,4.524994e-06,4.879165e-06,4.570826e-06,5.641659e-06,2.262497e-06
2,257,1009.261,0.514,4.399999e-06,4.424993e-06,4.362496e-06,4.491663e-06,5.366659e-06,5.333328e-06,5.266658e-06,5.558332e-06,4.320828e-06,4.337493e-06,4.295826e-06,4.570826e-06,4.824996e-06,4.520829e-06,5.704164e-06,2.249996e-06
2,258,1009.411,0.516,4.383326e-06,4.408328e-06,4.34583e-06,4.466661e-06,5.374996e-06,5.345829e-06,5.283332e-06,5.579162e-06,4.333329e-06,4.358331e-06,4.312499e-06,4.595828e-06,4.79583e-06,4.487499e-06,5.745832e-06,2.241659e-06
2,259,1009.562,0.518,4.370832e-06,4.383326e-06,4.324992e-06,4.43333e-06,5.412499e-06,5.37916e-06,5.324991e-06,5.629166e-06,4.36666e-06,4.395827e-06,4.341666e-06,4.64166e-06,4.745825e-06,4.437494e-06,5.80833e-06,2.229158e-06
2,260,1009.713,0.52,4.358331e-06,4.36666e-06,4.308327e-06,4.408328e-06,5.433329e-06,5.391661e-06,5.337492e-06,5.645832e-06,4.379161e-06,4.412492e-06,4.358331e-06,4.666662e-06,4.716659e-06,4.408328e-06,5.84166e-06,2.224994e-06
2,261,1009.864,0.522,4.34583e-06,4.34583e-06,4.291662e-06,4.374997e-06,5.462496e-06,5.416663e-06,5.374996e-06,5.691663e-06,4.408328e-06,4.45416e-06,4.395827e-06,4.716659e-06,4.670826e-06,4.36666e-06,5.904166e-06,2.212493e-06
2,262,1010.015,0.524,4.337493e-06,4.333329e-06,4.27916e-06,4.358331e-06,5.474997e-06,5.429165e-06,5.391661e-06,5.712493e-06,4.424993e-06,4.474998e-06,4.412492e-06,4.741661e-06,4.645832e-06,4.337493e-06,5.941661e-06,2.208328e-06
2,263,1010.166,0.526,4.333329e-06,4.320828e-06,4.270832e-06,4.333329e-06,5.504163e-06,5.462496e-06,5.424992e-06,5.758325e-06,4.458332e-06,4.516665e-06,4.445831e-06,4.791665e-06,4.604165e-06,4.299998e-06,6.004159e-06,2.204164e-06
2,264,1010.317,0.528,4.324992e-06,4.308327e-06,4.258331e-06,4.316664e-06,5.516664e-06,5.470832e-06,5.441666e-06,5.779163e-06,4.474998e-06,4.545832e-06,4.470825e-06,4.816659e-06,4.583327e-06,4.274996e-06,6.041662e-06,2.204164e-06
2,265,1010.467,0.53,4.329165e-06,4.299998e-06,4.254158e-06,4.299998e-06,5.549995e-06,5.491662e-06,5.474997e-06,5.816658e-06,4.512493e-06,4.583327e-06,4.508328e-06,4.866663e-06,4.549996e-06,4.241665e-06,6.099995e-06,2.204164e-06
2,266,1010.618,0.532,4.324992e-06,4.295826e-06,4.249994e-06,4.283325e-06,5.566661e-06,5.508327e-06,5.495826e-06,5.84166e-06,4.537495e-06,4.612494e-06,4.53333e-06,4.89583e-06,4.529158e-06,4.220828e-06,6.137498e-06,2.199992e-06
2,267,1010.769,0.534,4.333329e-06,4.287497e-06,4.24583e-06,4.270832e-06,5.595827e-06,5.537494e-06,5.524993e-06,5.883328e-06,4.570826e-06,4.658325e-06,4.579163e-06,4.954163e-06,4.504164e-06,4.191661e-06,6.195831e-06,2.204164e-06
2,268,1010.92,0.536,4.333329e-06,4.287497e-06,4.24583e-06,4.258331e-06,5.608328e-06,5.545831e-06,5.537494e-06,5.899994e-06,4.599992e-06,4.683327e-06,4.599992e-06,4.974993e-06,4.491663e-06,4.17916e-06,6.229162e-06,2.204164e-06
2,269,1011.071,0.538,4.337493e-06,4.287497e-06,4.24583e-06,4.254158e-06,5.616665e-06,5.55416e-06,5.55416e-06,5.920831e-06,4.62083e-06,4.70833e-06,4.624995e-06,5.004159e-06,4.470825e-06,4.162494e-06,6.262493e-06,2.208328e-06
2,270,1011.222,0.54,4.349994e-06,4.287497e-06,4.249994e-06,4.24583e-06,5.649996e-06,5.583326e-06,5.591663e-06,5.962499e-06,4.666662e-06,4.758326e-06,4.674999e-06,5.058328e-06,4.458332e-06,4.137492e-06,6.320826e-06,2.216665e-06
2,271,1011.372,0.542,4.354159e-06,4.295826e-06,4.254158e-06,4.237493e-06,5.658333e-06,5.583326e-06,5.599999e-06,5.974992e-06,4.687492e-06,4.779164e-06,4.691664e-06,5.087495e-06,4.445831e-06,4.129163e-06,6.345828e-06,2.212493e-06
2,272,1011.523,0.544,4.36666e-06,4.299998e-06,4.266659e-06,4.237493e-06,5.683327e-06,5.608328e-06,5.63333e-06,6.01666e-06,4.733332e-06,4.833333e-06,4.745825e-06,5.141664e-06,4.429166e-06,4.112498e-06,6.408326e-06,2.224994e-06
2,273,1011.674,0.546,4.383326e-06,4.304163e-06,4.274996e-06,4.233329e-06,5.699992e-06,5.620829e-06,5.645832e-06,6.033325e-06,4.758326e-06,4.862499e-06,4.774992e-06,5.17083e-06,4.424993e-06,4.104161e-06,6.437492e-06,2.23333e-06
2,274,1011.825,0.548,4.404164e-06,4.320828e-06,4.287497e-06,4.237493e-06,5.72083e-06,5.641659e-06,5.679162e-06,6.074993e-06,4.808331e-06,4.912496e-06,4.820832e-06,5.224999e-06,4.416665e-06,4.095833e-06,6.491661e-06,2.241659e-06
2,275,1011.976,0.55,4.412492e-06,4.333329e-06,4.291662e-06,4.237493e-06,5.733331e-06,5.649996e-06,5.687499e-06,6.087494e-06,4.82916e-06,4.937498e-06,4.849998e-06,5.249993e-06,4.412492e-06,4.087496e-06,6.524992e-06,2.249996e-06
2,276,1012.127,0.552,4.441659e-06,4.34583e-06,4.316664e-06,4.24583e-06,5.758325e-06,5.670825e-06,5.724994e-06,6.129162e-06,4.883329e-06,4.995831e-06,4.904159e-06,5.308326e-06,4.412492e-06,4.087496e-06,6.579161e-06,2.262497e-06
2,277,1012.278,0.554,4.458332e-06,4.358331e-06,4.329165e-06,4.254158e-06,5.770826e-06,5.683327e-06,5.737495e-06,6.145827e-06,4.908331e-06,5.016661e-06,4.924997e-06,5.333328e-06,4.416665e-06,4.087496e-06,6.608327e-06,2.279162e-06
2,278,1012.428,0.556,4.483326e-06,4.383326e-06,4.354159e-06,4.266659e-06,5.795829e-06,5.699992e-06,5.766662e-06,6.18333e-06,4.962492e-06,5.07083e-06,4.979165e-06,5.383333e-06,4.416665e-06,4.083332e-06,6.662496e-06,2.295828e-06
2,279,1012.579,0.558,4.508328e-06,4.395827e-06,4.370832e-06,4.274996e-06,5.804165e-06,5.708329e-06,5.779163e-06,6.199996e-06,4.991658e-06,5.10416e-06,5.008332e-06,5.416663e-06,4.420829e-06,4.09166e-06,6.691662e-06,2.308329e-06
2,280,1012.73,0.56,4.54166e-06,4.429166e-06,4.404164e-06,4.291662e-06,5.829159e-06,5.729159e-06,5.80833e-06,6.233327e-06,5.045827e-06,5.154165e-06,5.062493e-06,5.470832e-06,4.429166e-06,4.095833e-06,6.741659e-06,2.324995e-06
2,281,1012.881,0.562,4.562497e-06,4.441659e-06,4.420829e-06,4.304163e-06,5.837496e-06,5.737495e-06,5.824995e-06,6.254164e-06,5.074994e-06,5.187495e-06,5.091659e-06,5.499999e-06,4.441659e-06,4.099997e-06,6.774998e-06,2.34166e-06
2,282,1013.032,0.564,4.604165e-06,4.474998e-06,4.458332e-06,4.329165e-06,5.858326e-06,5.758325e-06,5.854161e-06,6.287495e-06,5.129163e-06,5.241664e-06,5.145828e-06,5.55416e-06,4.45416e-06,4.116662e-06,6.82083e-06,2.362498e-06
2,283,1013.183,0.566,4.624995e-06,4.495827e-06,4.474998e-06,4.341666e-06,5.870827e-06,5.762497e-06,5.862498e-06,6.299997e-06,5.154165e-06,5.266658e-06,5.17083e-06,5.579162e-06,4.466661e-06,4.124999e-06,6.845832e-06,2.374999e-06
2,284,1013.333,0.568,4.662498e-06,4.529158e-06,4.512493e-06,4.36666e-06,5.891665e-06,5.783327e-06,5.891665e-06,6.341664e-06,5.212498e-06,5.320827e-06,5.224999e-06,5.629166e-06,4.487499e-06,4.145829e-06,6.891664e-06,2.399993e-06
2,285,1013.484,0.57,4.691664e-06,4.549996e-06,4.537495e-06,4.383326e-06,5.899994e-06,5.787492e-06,5.904166e-06,6.354165e-06,5.241664e-06,5.345829e-06,5.249993e-06,5.65416e-06,4.499992e-06,4.154166e-06,6.92083e-06,2.420831e-06
2,286,1013.635,0.572,4.733332e-06,4.591664e-06,4.574998e-06,4.416665e-06,5.920831e-06,5.804165e-06,5.92916e-06,6.387496e-06,5.291661e-06,5.395826e-06,5.304162e-06,5.704164e-06,4.524994e-06,4.17916e-06,6.966663e-06,2.445825e-06
2,287,1013.786,0.574,4.758326e-06,4.616666e-06,4.599992e-06,4.43333e-06,5.92916e-06,5.812494e-06,5.945826e-06,6.399997e-06,5.320827e-06,5.424992e-06,5.329164e-06,5.729159e-06,4.545832e-06,4.191661e-06,6.991665e-06,2.458326e-06
2,288,1013.937,0.576,4.808331e-06,4.658325e-06,4.649997e-06,4.474998e-06,5.949998e-06,5.833332e-06,5.970828e-06,6.433328e-06,5.374996e-06,5.474997e-06,5.387497e-06,5.783327e-06,4.579163e-06,4.220828e-06,7.037497e-06,2.487493e-06
2,289,1014.088,0.578,4.833333e-06,4.683327e-06,4.674999e-06,4.495827e-06,5.958327e-06,5.833332e-06,5.983329e-06,6.449994e-06,5.404162e-06,5.508327e-06,5.408327e-06,5.804165e-06,4.595828e-06,4.237493e-06,7.062499e-06,2.504166e-06
2,290,1014.238,0.58,4.879165e-06,4.733332e-06,4.720831e-06,4.53333e-06,5.979165e-06,5.854161e-06,6.012495e-06,6.47916e-06,5.454159e-06,5.558332e-06,5.462496e-06,5.854161e-06,4.633331e-06,4.270832e-06,7.104159e-06,2.533332e-06
2,291,1014.389,0.582,4.912496e-06,4.758326e-06,4.749998e-06,4.554161e-06,5.983329e-06,5.862498e-06,6.020832e-06,6.495825e-06,5.487498e-06,5.583326e-06,5.491662e-06,5.879164e-06,4.654161e-06,4.291662e-06,7.124996e-06,2.554162e-06
2,292,1014.54,0.584,4.966664e-06,4.808331e-06,4.804158e-06,4.595828e-06,6.008331e-06,5.883328e-06,6.049999e-06,6.529164e-06,5.541659e-06,5.637495e-06,5.545831e-06,5.92916e-06,4.695829e-06,4.333329e-06,7.170828e-06,2.587493e-06
2,293,1014.691,0.586,4.991658e-06,4.837497e-06,4.824996e-06,4.624995e-06,6.012495e-06,5.883328e-06,6.062492e-06,6.537493e-06,5.570825e-06,5.658333e-06,5.566661e-06,5.949998e-06,4.720831e-06,4.349994e-06,7.191666e-06,2.604159e-06
2,294,1014.842,0.588,5.041663e-06,4.887494e-06,4.879165e-06,4.670826e-06,6.037497e-06,5.90833e-06,6.091658e-06,6.574996e-06,5.616665e-06,5.708329e-06,5.620829e-06,5.99583e-06,4.758326e-06,4.391662e-06,7.229161e-06,2.633325e-06
2,295,1014.993,0.59,5.074994e-06,4.91666e-06,4.912496e-06,4.695829e-06,6.045826e-06,5.912495e-06,6.104159e-06,6.587497e-06,5.649996e-06,5.737495e-06,5.645832e-06,6.020832e-06,4.787493e-06,4.420829e-06,7.258328e-06,2.658328e-06
2,296,1015.144,0.592,5.108333e-06,4.949999e-06,4.945827e-06,4.724996e-06,6.049999e-06,5.916659e-06,6.112496e-06,6.604163e-06,5.679162e-06,5.758325e-06,5.670825e-06,6.045826e-06,4.816659e-06,4.445831e-06,7.274993e-06,2.679165e-06
2,297,1015.294,0.594,5.158329e-06,5.004159e-06,4.999995e-06,4.779164e-06,6.066664e-06,5.941661e-06,6.141663e-06,6.63333e-06,5.729159e-06,5.80833e-06,5.724994e-06,6.091658e-06,4.866663e-06,4.495827e-06,7.316661e-06,2.71666e-06
2,298,1015.445,0.596,5.195832e-06,5.041663e-06,5.037498e-06,4.808331e-06,6.083329e-06,5.949998e-06,6.158328e-06,6.649995e-06,5.762497e-06,5.837496e-06,5.749996e-06,6.116661e-06,4.899995e-06,4.520829e-06,7.337499e-06,2.737498e-06
2,299,1015.596,0.598,5.249993e-06,5.095832e-06,5.091659e-06,4.858327e-06,6.099995e-06,5.970828e-06,6.18333e-06,6.683326e-06,5.812494e-06,5.883328e-06,5.804165e-06,6.162492e-06,4.954163e-06,4.570826e-06,7.374994e-06,2.770829e-06
2,300,1015.747,0.6,5.287496e-06,5.129163e-06,5.124998e-06,4.891666e-06,6.104159e-06,5.979165e-06,6.199996e-06,6.695827e-06,5.837496e-06,5.90833e-06,5.824995e-06,6.179166e-06,4.979165e-06,4.599992e-06,7.395832e-06,2.791659e-06
2,301,1015.898,0.602,5.337492e-06,5.187495e-06,5.183331e-06,4.945827e-06,6.129162e-06,5.999994e-06,6.229162e-06,6.729166e-06,5.891665e-06,5.958327e-06,5.874999e-06,6.224998e-06,5.033326e-06,4.654161e-06,7.433327e-06,2.829162e-06
2,302,1016.049,0.604,5.374996e-06,5.229163e-06,5.220827e-06,4.98333e-06,6.137498e-06,6.008331e-06,6.237499e-06,6.741659e-06,5.920831e-06,5.979165e-06,5.899994e-06,6.245828e-06,5.066665e-06,4.683327e-06,7.449993e-06,2.849992e-06
2,303,1016.199,0.606,5.433329e-06,5.287496e-06,5.283332e-06,5.037498e-06,6.158328e-06,6.033325e-06,6.274994e-06,6.779162e-06,5.970828e-06,6.029161e-06,5.949998e-06,6.29166e-06,5.124998e-06,4.741661e-06,7.487496e-06,2.89166e-06
2,304,1016.35,0.608,5.470832e-06,5.320827e-06,5.320827e-06,5.07083e-06,6.162492e-06,6.041662e-06,6.287495e-06,6.791663e-06,5.999994e-06,6.054163e-06,5.974992e-06,6.312498e-06,5.158329e-06,4.774992e-06,7.504161e-06,2.908325e-06
2,305,1016.501,0.61,5.524993e-06,5.387497e-06,5.383333e-06,5.129163e-06,6.18333e-06,6.062492e-06,6.316662e-06,6.824994e-06,6.045826e-06,6.09583e-06,6.020832e-06,6.358329e-06,5.216662e-06,4.82916e-06,7.541664e-06,2.945828e-06
2,306,1016.652,0.612,5.558332e-06,5.420828e-06,5.416663e-06,5.162493e-06,6.191659e-06,6.070828e-06,6.329163e-06,6.841659e-06,6.074993e-06,6.116661e-06,6.045826e-06,6.374995e-06,5.254165e-06,4.862499e-06,7.55833e-06,2.970831e-06
2,307,1016.803,0.614,5.612493e-06,5.483325e-06,5.474997e-06,5.224999e-06,6.212497e-06,6.09583e-06,6.358329e-06,6.874998e-06,6.120833e-06,6.158328e-06,6.087494e-06,6.416662e-06,5.312499e-06,4.920832e-06,7.591661e-06,3.008326e-06
2,308,1016.954,0.616,5.65416e-06,5.516664e-06,5.512492e-06,5.262494e-06,6.224998e-06,6.104159e-06,6.374995e-06,6.891664e-06,6.145827e-06,6.18333e-06,6.112496e-06,6.437492e-06,5.345829e-06,4.954163e-06,7.604162e-06,3.029164e-06
2,309,1017.105,0.618,5.708329e-06,5.583326e-06,5.579162e-06,5.320827e-06,6.245828e-06,6.133326e-06,6.404161e-06,6.92083e-06,6.195831e-06,6.229162e-06,6.158328e-06,6.474996e-06,5.408327e-06,5.016661e-06,7.637493e-06,3.070831e-06
2,310,1017.255,0.62,5.74166e-06,5.616665e-06,5.612493e-06,5.35833e-06,6.249992e-06,6.141663e-06,6.420827e-06,6.94166e-06,6.220826e-06,6.245828e-06,6.179166e-06,6.499998e-06,5.44583e-06,5.049992e-06,7.649994e-06,3.091661e-06
2,311,1017.406,0.622,5.791664e-06,5.679162e-06,5.674998e-06,5.416663e-06,6.274994e-06,6.170829e-06,6.454166e-06,6.974999e-06,6.266665e-06,6.287495e-06,6.220826e-06,6.533329e-06,5.504163e-06,5.108333e-06,7.687497e-06,3.124992e-06
2,312,1017.557,0.624,5.829159e-06,5.72083e-06,5.712493e-06,5.454159e-06,6.279159e-06,6.179166e-06,6.466659e-06,6.987492e-06,6.287495e-06,6.304161e-06,6.241663e-06,6.554159e-06,5.537494e-06,5.141664e-06,7.695826e-06,3.149994e-06
2,313,1017.708,0.626,5.883328e-06,5.783327e-06,5.779163e-06,5.520828e-06,6.308325e-06,6.20416e-06,6.499998e-06,7.024995e-06,6.341664e-06,6.349993e-06,6.283331e-06,6.591662e-06,5.604164e-06,5.204161e-06,7.729165e-06,3.187497e-06
2,314,1017.859,0.628,5.920831e-06,5.820831e-06,5.816658e-06,5.55416e-06,6.320826e-06,6.224998e-06,6.516663e-06,7.041661e-06,6.362494e-06,6.370831e-06,6.308325e-06,6.612492e-06,5.641659e-06,5.241664e-06,7.74583e-06,3.204163e-06
2,315,1018.01,0.63,5.970828e-06,5.887493e-06,5.879164e-06,5.616665e-06,6.337492e-06,6.254164e-06,6.554159e-06,7.079164e-06,6.408326e-06,6.408326e-06,6.349993e-06,6.649995e-06,5.699992e-06,5.304162e-06,7.76666e-06,3.245831e-06
2,316,1018.16,0.632,6.004159e-06,5.924996e-06,5.912495e-06,5.649996e-06,6.349993e-06,6.266665e-06,6.56666e-06,7.095829e-06,6.429163e-06,6.429163e-06,6.366666e-06,6.670833e-06,5.74166e-06,5.337492e-06,7.783326e-06,3.26666e-06
2,317,1018.311,0.634,6.058327e-06,5.987493e-06,5.979165e-06,5.716666e-06,6.370831e-06,6.295832e-06,6.599998e-06,7.129161e-06,6.470831e-06,6.470831e-06,6.408326e-06,6.704164e-06,5.799993e-06,5.395826e-06,7.812492e-06,3.299999e-06
2,318,1018.462,0.636,6.09583e-06,6.024996e-06,6.012495e-06,5.749996e-06,6.379159e-06,6.308325e-06,6.616664e-06,7.145826e-06,6.495825e-06,6.487497e-06,6.424999e-06,6.724993e-06,5.837496e-06,5.433329e-06,7.824993e-06,3.324993e-06
2,319,1018.613,0.638,6.141663e-06,6.087494e-06,6.079165e-06,5.816658e-06,6.404161e-06,6.341664e-06,6.654159e-06,7.183329e-06,6.537493e-06,6.529164e-06,6.470831e-06,6.762496e-06,5.904166e-06,5.495826e-06,7.849995e-06,3.362497e-06
2,320,1018.764,0.64,6.179166e-06,6.124997e-06,6.116661e-06,5.854161e-06,6.416662e-06,6.358329e-06,6.674997e-06,7.208331e-06,6.554159e-06,6.541665e-06,6.483333e-06,6.779162e-06,5.933332e-06,5.529165e-06,7.862496e-06,3.383326e-06
2,321,1018.915,0.642,6.224998e-06,6.187495e-06,6.170829e-06,5.912495e-06,6.437492e-06,6.39166e-06,6.704164e-06,7.237498e-06,6.599998e-06,6.579161e-06,6.524992e-06,6.812493e-06,5.99583e-06,5.587498e-06,7.879162e-06,3.416665e-06
2,322,1019.065,0.644,6.258329e-06,6.224998e-06,6.208332e-06,5.945826e-06,6.449994e-06,6.404161e-06,6.720829e-06,7.254163e-06,6.616664e-06,6.595826e-06,6.537493e-06,6.833331e-06,6.024996e-06,5.616665e-06,7.891663e-06,3.433331e-06
2,323,1019.216,0.646,6.283331e-06,6.254164e-06,6.237499e-06,5.983329e-06,6.45833e-06,6.420827e-06,6.741659e-06,7.274993e-06,6.63333e-06,6.608327e-06,6.554159e-06,6.845832e-06,6.058327e-06,5.649996e-06,7.908328e-06,3.454161e-06
2,324,1019.367,0.648,6.333327e-06,6.316662e-06,6.299997e-06,6.041662e-06,6.483333e-06,6.449994e-06,6.774998e-06,7.308332e-06,6.670833e-06,6.641666e-06,6.587497e-06,6.879163e-06,6.120833e-06,5.712493e-06,7.929166e-06,3.487492e-06
2,325,1019.518,0.65,6.366666e-06,6.358329e-06,6.333327e-06,6.079165e-06,6.495825e-06,6.474996e-06,6.795828e-06,7.333326e-06,6.695827e-06,6.662496e-06,6.608327e-06,6.899993e-06,6.154164e-06,5.749996e-06,7.937495e-06,3.512494e-06
2,326,1019.669,0.652,6.412498e-06,6.412498e-06,6.395833e-06,6.137498e-06,6.512499e-06,6.504162e-06,6.829158e-06,7.37083e-06,6.737494e-06,6.695827e-06,6.641666e-06,6.933331e-06,6.212497e-06,5.80833e-06,7.962497e-06,3.54166e-06
2,327,1019.82,0.654,6.441664e-06,6.454166e-06,6.429163e-06,6.174993e-06,6.529164e-06,6.524992e-06,6.854161e-06,7.387495e-06,6.75416e-06,6.712492e-06,6.658332e-06,6.949997e-06,6.249992e-06,5.837496e-06,7.970826e-06,3.558326e-06
2,328,1019.971,0.656,6.491661e-06,6.512499e-06,6.491661e-06,6.237499e-06,6.554159e-06,6.558331e-06,6.891664e-06,7.433327e-06,6.795828e-06,6.745831e-06,6.695827e-06,6.987492e-06,6.308325e-06,5.895829e-06,7.991664e-06,3.591665e-06
2,329,1020.121,0.658,6.516663e-06,6.549994e-06,6.524992e-06,6.27083e-06,6.562495e-06,6.574996e-06,6.908329e-06,7.449993e-06,6.812493e-06,6.762496e-06,6.704164e-06,6.999993e-06,6.333327e-06,5.92916e-06,8.004165e-06,3.612495e-06
2,330,1020.272,0.66,6.558331e-06,6.604163e-06,6.579161e-06,6.333327e-06,6.595826e-06,6.616664e-06,6.949997e-06,7.495833e-06,6.849996e-06,6.799992e-06,6.745831e-06,7.041661e-06,6.395833e-06,5.987493e-06,8.024995e-06,3.641661e-06
2,331,1020.423,0.662,6.591662e-06,6.649995e-06,6.616664e-06,6.366666e-06,6.608327e-06,6.637494e-06,6.970827e-06,7.512498e-06,6.866662e-06,6.812493e-06,6.758332e-06,7.058326e-06,6.429163e-06,6.020832e-06,8.033331e-06,3.658326e-06
2,332,1020.574,0.664,6.629165e-06,6.704164e-06,6.670833e-06,6.424999e-06,6.63333e-06,6.674997e-06,7.00833e-06,7.55833e-06,6.899993e-06,6.841659e-06,6.783327e-06,7.087493e-06,6.483333e-06,6.079165e-06,8.054161e-06,3.691665e-06
2,333,1020.725,0.666,6.662496e-06,6.741659e-06,6.708328e-06,6.45833e-06,6.649995e-06,6.695827e-06,7.02916e-06,7.57916e-06,6.92083e-06,6.858325e-06,6.808329e-06,7.108331e-06,6.512499e-06,6.108331e-06,8.062498e-06,3.708331e-06
2,334,1020.876,0.668,6.704164e-06,6.795828e-06,6.762496e-06,6.512499e-06,6.670833e-06,6.737494e-06,7.066663e-06,7.616663e-06,6.949997e-06,6.8875e-06,6.837495e-06,7.137497e-06,6.56666e-06,6.158328e-06,8.079163e-06,3.741662e-06
2,335,1021.026,0.67,6.729166e-06,6.833331e-06,6.795828e-06,6.549994e-06,6.683326e-06,6.758332e-06,7.091665e-06,7.641665e-06,6.970827e-06,6.904165e-06,6.849996e-06,7.158327e-06,6.595826e-06,6.187495e-06,8.087492e-06,3.754163e-06
2,336,1021.177,0.672,6.766661e-06,6.8875e-06,6.849996e-06,6.604163e-06,6.712492e-06,6.791663e-06,7.129161e-06,7.67916e-06,7.00833e-06,6.933331e-06,6.879163e-06,7.187494e-06,6.645831e-06,6.241663e-06,8.10833e-06,3.783329e-06
2,337,1021.328,0.674,6.791663e-06,6.916666e-06,6.879163e-06,6.637494e-06,6.724993e-06,6.816666e-06,7.154163e-06,7.708327e-06,7.024995e-06,6.949997e-06,6.891664e-06,7.208331e-06,6.670833e-06,6.27083e-06,8.116658e-06,3.79583e-06
2,338,1021.479,0.676,6.824994e-06,6.974999e-06,6.929159e-06,6.691662e-06,6.749995e-06,6.858325e-06,7.187494e-06,7.74583e-06,7.054162e-06,6.983328e-06,6.92083e-06,7.241662e-06,6.724993e-06,6.320826e-06,8.133332e-06,3.829161e-06
2,339,1021.63,0.678,6.854161e-06,7.00833e-06,6.962498e-06,6.729166e-06,6.766661e-06,6.879163e-06,7.208331e-06,7.76666e-06,7.066663e-06,6.995829e-06,6.933331e-06,7.258328e-06,6.749995e-06,6.349993e-06,8.137496e-06,3.841662e-06
2,340,1021.781,0.68,6.8875e-06,7.058326e-06,7.012494e-06,6.779162e-06,6.795828e-06,6.92083e-06,7.249999e-06,7.812492e-06,7.104159e-06,7.024995e-06,6.962498e-06,7.287495e-06,6.791663e-06,6.399997e-06,8.154162e-06,3.866664e-06
2,341,1021.932,0.682,6.908329e-06,7.091665e-06,7.037497e-06,6.812493e-06,6.808329e-06,6.945832e-06,7.274993e-06,7.837494e-06,7.120832e-06,7.037497e-06,6.974999e-06,7.308332e-06,6.824994e-06,6.424999e-06,8.166663e-06,3.88333e-06
2,342,1022.082,0.684,6.945832e-06,7.141662e-06,7.087493e-06,6.866662e-06,6.837495e-06,6.983328e-06,7.316661e-06,7.879162e-06,7.154163e-06,7.070827e-06,7.004166e-06,7.341663e-06,6.866662e-06,6.474996e-06,8.179164e-06,3.908332e-06
2,343,1022.233,0.686,6.966663e-06,7.170828e-06,7.11666e-06,6.891664e-06,6.854161e-06,7.00833e-06,7.341663e-06,7.899992e-06,7.166664e-06,7.083328e-06,7.016659e-06,7.358328e-06,6.899993e-06,6.499998e-06,8.187492e-06,3.920825e-06
2,344,1022.384,0.688,6.995829e-06,7.220833e-06,7.166664e-06,6.94166e-06,6.874998e-06,7.045825e-06,7.379158e-06,7.945831e-06,7.199995e-06,7.112495e-06,7.045825e-06,7.391659e-06,6.94166e-06,6.54583e-06,8.204166e-06,3.945827e-06
2,345,1022.535,0.69,7.012494e-06,7.249999e-06,7.191666e-06,6.970827e-06,6.891664e-06,7.074992e-06,7.40416e-06,7.970826e-06,7.208331e-06,7.124996e-06,7.054162e-06,7.408333e-06,6.966663e-06,6.56666e-06,8.212495e-06,3.954164e-06
2,346,1022.686,0.692,7.045825e-06,7.295831e-06,7.241662e-06,7.020831e-06,6.916666e-06,7.112495e-06,7.441664e-06,8.008329e-06,7.241662e-06,7.149999e-06,7.083328e-06,7.441664e-06,7.004166e-06,6.608327e-06,8.224996e-06,3.979158e-06
2,347,1022.837,0.694,7.062499e-06,7.324998e-06,7.262492e-06,7.045825e-06,6.929159e-06,7.133333e-06,7.466666e-06,8.037496e-06,7.254163e-06,7.166664e-06,7.091665e-06,7.458329e-06,7.02916e-06,6.63333e-06,8.22916e-06,3.983331e-06
2,348,1022.987,0.696,7.091665e-06,7.374994e-06,7.30416e-06,7.099994e-06,6.958326e-06,7.174993e-06,7.508326e-06,8.079163e-06,7.287495e-06,7.19583e-06,7.120832e-06,7.49166e-06,7.074992e-06,6.679161e-06,8.245825e-06,4.012497e-06
2,349,1023.138,0.698,7.108331e-06,7.399996e-06,7.329162e-06,7.124996e-06,6.970827e-06,7.199995e-06,7.533328e-06,8.10833e-06,7.30416e-06,7.212496e-06,7.133333e-06,7.504161e-06,7.091665e-06,6.699999e-06,8.249998e-06,4.020826e-06
2,350,1023.289,0.7,7.137497e-06,7.449993e-06,7.383331e-06,7.170828e-06,6.999993e-06,7.237498e-06,7.566658e-06,8.145825e-06,7.333326e-06,7.241662e-06,7.1625e-06,7.545829e-06,7.133333e-06,6.741659e-06,8.266664e-06,4.041664e-06
2,351,1023.44,0.702,7.154163e-06,7.47083e-06,7.399996e-06,7.199995e-06,7.016659e-06,7.266664e-06,7.595825e-06,8.174999e-06,7.349992e-06,7.258328e-06,7.170828e-06,7.562494e-06,7.154163e-06,6.766661e-06,8.270827e-06,4.049993e-06
2,352,1023.591,0.704,7.1625e-06,7.495833e-06,7.424998e-06,7.224997e-06,7.02916e-06,7.291659e-06,7.620828e-06,8.199993e-06,7.362493e-06,7.270829e-06,7.183329e-06,7.57916e-06,7.174993e-06,6.783327e-06,8.274992e-06,4.062494e-06
2,353,1023.742,0.706,7.191666e-06,7.545829e-06,7.47083e-06,7.270829e-06,7.058326e-06,7.333326e-06,7.658331e-06,8.245825e-06,7.391659e-06,7.30416e-06,7.212496e-06,7.612498e-06,7.212496e-06,6.824994e-06,8.291666e-06,4.079159e-06
2,354,1023.892,0.708,7.204159e-06,7.566658e-06,7.487496e-06,7.295831e-06,7.074992e-06,7.362493e-06,7.687497e-06,8.270827e-06,7.408333e-06,7.316661e-06,7.220833e-06,7.637493e-06,7.233326e-06,6.849996e-06,8.299994e-06,4.09166e-06
2,355,1024.043,0.71,7.233326e-06,7.616663e-06,7.533328e-06,7.341663e-06,7.104159e-06,7.399996e-06,7.724992e-06,8.31666e-06,7.441664e-06,7.349992e-06,7.249999e-06,7.666659e-06,7.270829e-06,6.891664e-06,8.312496e-06,4.112498e-06
2,356,1024.194,0.712,7.245827e-06,7.641665e-06,7.55833e-06,7.37083e-06,7.11666e-06,7.424998e-06,7.754159e-06,8.341662e-06,7.454165e-06,7.366665e-06,7.266664e-06,7.687497e-06,7.291659e-06,6.912494e-06,8.320832e-06,4.120827e-06
2,357,1024.345,0.714,7.266664e-06,7.683333e-06,7.595825e-06,7.412497e-06,7.145826e-06,7.466666e-06,7.795827e-06,8.387494e-06,7.487496e-06,7.395832e-06,7.287495e-06,7.724992e-06,7.329162e-06,6.945832e-06,8.329161e-06,4.137492e-06
2,358,1024.496,0.716,7.279165e-06,7.704162e-06,7.616663e-06,7.433327e-06,7.158327e-06,7.49166e-06,7.816664e-06,8.412496e-06,7.499997e-06,7.412497e-06,7.299996e-06,7.741666e-06,7.349992e-06,6.966663e-06,8.337498e-06,4.145829e-06
2,359,1024.647,0.718,7.299996e-06,7.749994e-06,7.654166e-06,7.479159e-06,7.191666e-06,7.533328e-06,7.862496e-06,8.462493e-06,7.537492e-06,7.445828e-06,7.329162e-06,7.779161e-06,7.383331e-06,7.00833e-06,8.349999e-06,4.162494e-06
2,360,1024.798,0.72,7.312497e-06,7.76666e-06,7.670832e-06,7.499997e-06,7.208331e-06,7.55833e-06,7.883326e-06,8.48333e-06,7.545829e-06,7.458329e-06,7.341663e-06,7.795827e-06,7.40416e-06,7.020831e-06,8.354164e-06,4.166659e-06
2,361,1024.948,0.722,7.329162e-06,7.808328e-06,7.7125e-06,7.541664e-06,7.237498e-06,7.599997e-06,7.929166e-06,8.533327e-06,7.57916e-06,7.49166e-06,7.366665e-06,7.83333e-06,7.437499e-06,7.058326e-06,8.370828e-06,4.187496e-06
2,362,1025.099,0.724,7.341663e-06,7.829165e-06,7.733329e-06,7.562494e-06,7.249999e-06,7.624992e-06,7.949996e-06,8.554164e-06,7.595825e-06,7.508326e-06,7.379158e-06,7.85416e-06,7.454165e-06,7.079164e-06,8.374993e-06,4.191661e-06
2,363,1025.25,0.726,7.362493e-06,7.870825e-06,7.770833e-06,7.604162e-06,7.287495e-06,7.670832e-06,7.995828e-06,8.604161e-06,7.633328e-06,7.541664e-06,7.412497e-06,7.895827e-06,7.49166e-06,7.112495e-06,8.387494e-06,4.208326e-06
2,364,1025.401,0.728,7.37083e-06,7.887498e-06,7.783326e-06,7.624992e-06,7.295831e-06,7.691661e-06,8.012494e-06,8.629163e-06,7.645829e-06,7.55833e-06,7.420826e-06,7.904164e-06,7.504161e-06,7.124996e-06,8.391658e-06,4.212499e-06
2,365,1025.552,0.73,7.387495e-06,7.924994e-06,7.820829e-06,7.666659e-06,7.329162e-06,7.729165e-06,8.058326e-06,8.674995e-06,7.67916e-06,7.587496e-06,7.454165e-06,7.949996e-06,7.541664e-06,7.166664e-06,8.408332e-06,4.229164e-06
2,366,1025.703,0.732,7.395832e-06,7.949996e-06,7.837494e-06,7.687497e-06,7.345827e-06,7.758331e-06,8.087492e-06,8.708326e-06,7.695826e-06,7.612498e-06,7.462494e-06,7.966662e-06,7.554166e-06,7.183329e-06,8.412496e-06,4.233329e-06
2,367,1025.853,0.734,7.412497e-06,7.983327e-06,7.866661e-06,7.724992e-06,7.374994e-06,7.804163e-06,8.124995e-06,8.749994e-06,7.729165e-06,7.645829e-06,7.495833e-06,8.004165e-06,7.591661e-06,7.21666e-06,8.429161e-06,4.249994e-06
2,368,1026.004,0.736,7.420826e-06,8.004165e-06,7.887498e-06,7.74583e-06,7.391659e-06,7.829165e-06,8.154162e-06,8.783332e-06,7.74583e-06,7.666659e-06,7.508326e-06,8.024995e-06,7.604162e-06,7.233326e-06,8.429161e-06,4.254158e-06
2,369,1026.155,0.738,7.433327e-06,8.037496e-06,7.920829e-06,7.783326e-06,7.420826e-06,7.870825e-06,8.19583e-06,8.829164e-06,7.783326e-06,7.699999e-06,7.541664e-06,8.066662e-06,7.641665e-06,7.270829e-06,8.445827e-06,4.266659e-06
2,370,1026.306,0.74,7.445828e-06,8.058326e-06,7.93333e-06,7.799999e-06,7.437499e-06,7.895827e-06,8.216659e-06,8.854158e-06,7.799999e-06,7.716663e-06,7.554166e-06,8.083328e-06,7.658331e-06,7.28333e-06,8.45e-06,4.274996e-06
2,371,1026.457,0.742,7.458329e-06,8.091664e-06,7.962497e-06,7.837494e-06,7.462494e-06,7.937495e-06,8.262499e-06,8.904163e-06,7.829165e-06,7.749994e-06,7.583332e-06,8.120831e-06,7.687497e-06,7.312497e-06,8.458328e-06,4.287497e-06
2,372,1026.608,0.744,7.462494e-06,8.10833e-06,7.974998e-06,7.85416e-06,7.479159e-06,7.966662e-06,8.287493e-06,8.929165e-06,7.849995e-06,7.770833e-06,7.599997e-06,8.141661e-06,7.704162e-06,7.333326e-06,8.466665e-06,4.287497e-06
2,373,1026.759,0.746,7.474995e-06,8.141661e-06,8.004165e-06,7.891663e-06,7.512498e-06,7.999993e-06,8.324997e-06,8.974997e-06,7.883326e-06,7.804163e-06,7.633328e-06,8.179164e-06,7.733329e-06,7.366665e-06,8.48333e-06,4.299998e-06
2,374,1026.909,0.748,7.479159e-06,8.158326e-06,8.02083e-06,7.908328e-06,7.524999e-06,8.024995e-06,8.349999e-06,9.004164e-06,7.904164e-06,7.829165e-06,7.645829e-06,8.199993e-06,7.754159e-06,7.379158e-06,8.48333e-06,4.308327e-06
2,375,1027.06,0.75,7.49166e-06,8.191665e-06,8.049997e-06,7.945831e-06,7.55833e-06,8.062498e-06,8.395831e-06,9.05416e-06,7.94166e-06,7.862496e-06,7.67916e-06,8.245825e-06,7.787497e-06,7.412497e-06,8.499996e-06,4.320828e-06
2,376,1027.211,0.752,7.499997e-06,8.208331e-06,8.062498e-06,7.962497e-06,7.574995e-06,8.091664e-06,8.41666e-06,9.079162e-06,7.962497e-06,7.883326e-06,7.691661e-06,8.262499e-06,7.799999e-06,7.429162e-06,8.50416e-06,4.324992e-06
2,377,1027.362,0.754,7.508326e-06,8.237497e-06,8.091664e-06,7.995828e-06,7.608326e-06,8.12916e-06,8.454163e-06,9.124994e-06,7.995828e-06,7.916665e-06,7.729165e-06,8.299994e-06,7.837494e-06,7.458329e-06,8.508333e-06,4.333329e-06
2,378,1027.513,0.756,7.512498e-06,8.245825e-06,8.095829e-06,8.012494e-06,7.616663e-06,8.154162e-06,8.48333e-06,9.154161e-06,8.016666e-06,7.93333e-06,7.741666e-06,8.320832e-06,7.85416e-06,7.474995e-06,8.516661e-06,4.341666e-06
2,379,1027.664,0.758,7.512498e-06,8.266664e-06,8.112494e-06,8.029159e-06,7.637493e-06,8.179164e-06,8.499996e-06,9.179163e-06,8.033331e-06,7.954161e-06,7.758331e-06,8.341662e-06,7.870825e-06,7.49166e-06,8.524998e-06,4.341666e-06
2,380,1027.814,0.76,7.520827e-06,8.29583e-06,8.137496e-06,8.062498e-06,7.666659e-06,8.220832e-06,8.545828e-06,9.224995e-06,8.074999e-06,7.991664e-06,7.795827e-06,8.383329e-06,7.904164e-06,7.524999e-06,8.5375e-06,4.358331e-06
2,381,1027.965,0.762,7.524999e-06,8.312496e-06,8.141661e-06,8.079163e-06,7.674996e-06,8.241662e-06,8.566665e-06,9.249997e-06,8.091664e-06,8.012494e-06,7.812492e-06,8.404159e-06,7.920829e-06,7.541664e-06,8.541663e-06,4.358331e-06
2,382,1028.116,0.764,7.541664e-06,8.341662e-06,8.174999e-06,8.10833e-06,7.708327e-06,8.283329e-06,8.612497e-06,9.304166e-06,8.133332e-06,8.054161e-06,7.849995e-06,8.445827e-06,7.954161e-06,7.574995e-06,8.558329e-06,4.370832e-06
2,383,1028.267,0.766,7.541664e-06,8.354164e-06,8.179164e-06,8.12916e-06,7.720828e-06,8.304159e-06,8.633328e-06,9.333332e-06,8.154162e-06,8.074999e-06,7.870825e-06,8.466665e-06,7.974998e-06,7.591661e-06,8.562493e-06,4.379161e-06
2,384,1028.418,0.768,7.554166e-06,8.383329e-06,8.208331e-06,8.166663e-06,7.754159e-06,8.341662e-06,8.674995e-06,9.379164e-06,8.191665e-06,8.112494e-06,7.904164e-06,8.512497e-06,8.012494e-06,7.624992e-06,8.579159e-06,4.391662e-06
2,385,1028.569,0.77,7.554166e-06,8.395831e-06,8.212495e-06,8.179164e-06,7.770833e-06,8.366665e-06,8.699997e-06,9.408331e-06,8.216659e-06,8.137496e-06,7.929166e-06,8.533327e-06,8.029159e-06,7.641665e-06,8.579159e-06,4.395827e-06
2,386,1028.719,0.772,7.566658e-06,8.424998e-06,8.241662e-06,8.212495e-06,7.799999e-06,8.408332e-06,8.741665e-06,9.454163e-06,8.258326e-06,8.179164e-06,7.966662e-06,8.57083e-06,8.070827e-06,7.674996e-06,8.59166e-06,4.408328e-06
2,387,1028.87,0.774,7.566658e-06,8.437499e-06,8.245825e-06,8.22916e-06,7.816664e-06,8.433326e-06,8.75833e-06,9.483329e-06,8.279165e-06,8.19583e-06,7.983327e-06,8.59166e-06,8.087492e-06,7.695826e-06,8.599996e-06,4.416665e-06
2,388,1029.021,0.776,7.57916e-06,8.462493e-06,8.270827e-06,8.262499e-06,7.845831e-06,8.474994e-06,8.799998e-06,9.529162e-06,8.31666e-06,8.237497e-06,8.024995e-06,8.637492e-06,8.124995e-06,7.729165e-06,8.612497e-06,4.429166e-06
2,389,1029.172,0.778,7.57916e-06,8.479166e-06,8.279165e-06,8.279165e-06,7.862496e-06,8.495832e-06,8.824993e-06,9.558328e-06,8.341662e-06,8.258326e-06,8.045832e-06,8.662494e-06,8.145825e-06,7.749994e-06,8.616662e-06,4.43333e-06
2,390,1029.323,0.78,7.587496e-06,8.508333e-06,8.299994e-06,8.312496e-06,7.895827e-06,8.533327e-06,8.86666e-06,9.60416e-06,8.383329e-06,8.304159e-06,8.079163e-06,8.704162e-06,8.183329e-06,7.779161e-06,8.629163e-06,4.449995e-06
2,391,1029.474,0.782,7.591661e-06,8.520826e-06,8.308331e-06,8.320832e-06,7.904164e-06,8.554164e-06,8.887498e-06,9.633327e-06,8.408332e-06,8.31666e-06,8.104165e-06,8.720827e-06,8.204166e-06,7.799999e-06,8.633328e-06,4.45416e-06
2,392,1029.625,0.784,7.599997e-06,8.549992e-06,8.329161e-06,8.358327e-06,7.937495e-06,8.59166e-06,8.929165e-06,9.683331e-06,8.45e-06,8.358327e-06,8.137496e-06,8.75833e-06,8.241662e-06,7.829165e-06,8.649993e-06,4.470825e-06
2,393,1029.775,0.786,7.599997e-06,8.562493e-06,8.337498e-06,8.370828e-06,7.954161e-06,8.608326e-06,8.949995e-06,9.708333e-06,8.470829e-06,8.379166e-06,8.158326e-06,8.783332e-06,8.262499e-06,7.845831e-06,8.649993e-06,4.479162e-06
2,394,1029.926,0.788,7.616663e-06,8.587495e-06,8.358327e-06,8.404159e-06,7.983327e-06,8.649993e-06,8.987498e-06,9.754165e-06,8.512497e-06,8.41666e-06,8.199993e-06,8.824993e-06,8.299994e-06,7.883326e-06,8.666659e-06,4.495827e-06
2,395,1030.077,0.79,7.616663e-06,8.599996e-06,8.362492e-06,8.412496e-06,7.999993e-06,8.670831e-06,9.012492e-06,9.783332e-06,8.5375e-06,8.441662e-06,8.220832e-06,8.84583e-06,8.320832e-06,7.904164e-06,8.662494e-06,4.495827e-06
2,396,1030.228,0.792,7.624992e-06,8.629163e-06,8.387494e-06,8.445827e-06,8.029159e-06,8.704162e-06,9.049996e-06,9.829164e-06,8.583331e-06,8.479166e-06,8.266664e-06,8.887498e-06,8.362492e-06,7.94166e-06,8.67916e-06,4.512493e-06
2,397,1030.379,0.794,7.629164e-06,8.637492e-06,8.391658e-06,8.462493e-06,8.04166e-06,8.724999e-06,9.066661e-06,9.849993e-06,8.604161e-06,8.499996e-06,8.283329e-06,8.904163e-06,8.383329e-06,7.954161e-06,8.683332e-06,4.520829e-06
2,398,1030.53,0.796,7.637493e-06,8.662494e-06,8.408332e-06,8.491659e-06,8.070827e-06,8.75833e-06,9.108328e-06,9.899998e-06,8.649993e-06,8.541663e-06,8.324997e-06,8.949995e-06,8.424998e-06,7.991664e-06,8.695833e-06,4.537495e-06
2,399,1030.68,0.798,7.645829e-06,8.67916e-06,8.41666e-06,8.512497e-06,8.091664e-06,8.783332e-06,9.129159e-06,9.924992e-06,8.674995e-06,8.562493e-06,8.349999e-06,8.970833e-06,8.45e-06,8.016666e-06,8.699997e-06,4.549996e-06
2,400,1030.831,0.8,7.654166e-06,8.708326e-06,8.437499e-06,8.545828e-06,8.120831e-06,8.820828e-06,9.166662e-06,9.974996e-06,8.716663e-06,8.604161e-06,8.391658e-06,9.012492e-06,8.495832e-06,8.054161e-06,8.712498e-06,4.562497e-06
2,401,1030.982,0.802,7.658331e-06,8.720827e-06,8.441662e-06,8.558329e-06,8.137496e-06,8.841665e-06,9.191665e-06,9.999999e-06,8.745829e-06,8.629163e-06,8.420833e-06,9.037494e-06,8.520826e-06,8.074999e-06,8.720827e-06,4.579163e-06
2,402,1031.133,0.804,7.674996e-06,8.745829e-06,8.462493e-06,8.59166e-06,8.166663e-06,8.879161e-06,9.233332e-06,1.0049995e-05,8.787497e-06,8.662494e-06,8.458328e-06,9.074998e-06,8.562493e-06,8.112494e-06,8.729164e-06,4.595828e-06
2,403,1031.284,0.806,7.67916e-06,8.762495e-06,8.474994e-06,8.616662e-06,8.187492e-06,8.899999e-06,9.254161e-06,1.0079161e-05,8.816663e-06,8.691661e-06,8.48333e-06,9.099992e-06,8.59166e-06,8.133332e-06,8.729164e-06,4.608329e-06
2,404,1031.435,0.808,7.691661e-06,8.787497e-06,8.487495e-06,8.641664e-06,8.212495e-06,8.937494e-06,9.287493e-06,1.0124993e-05,8.854158e-06,8.724999e-06,8.524998e-06,9.137495e-06,8.633328e-06,8.170828e-06,8.737493e-06,4.624995e-06
2,405,1031.586,0.81,7.699999e-06,8.804162e-06,8.495832e-06,8.65833e-06,8.22916e-06,8.954159e-06,9.312495e-06,1.0149995e-05,8.883325e-06,8.749994e-06,8.549992e-06,9.158325e-06,8.65833e-06,8.191665e-06,8.745829e-06,4.637496e-06
2,406,1031.736,0.812,7.704162e-06,8.816663e-06,8.50416e-06,8.674995e-06,8.245825e-06,8.970833e-06,9.32916e-06,1.0174997e-05,8.908328e-06,8.770831e-06,8.574994e-06,9.179163e-06,8.683332e-06,8.212495e-06,8.745829e-06,4.645832e-06
2,407,1031.887,0.814,7.716663e-06,8.841665e-06,8.524998e-06,8.708326e-06,8.279165e-06,9.004164e-06,9.366663e-06,1.022083e-05,8.958332e-06,8.812499e-06,8.616662e-06,9.224995e-06,8.724999e-06,8.249998e-06,8.762495e-06,4.670826e-06
2,408,1032.038,0.816,7.724992e-06,8.862496e-06,8.533327e-06,8.729164e-06,8.29583e-06,9.024993e-06,9.387493e-06,1.0245832e-05,8.983326e-06,8.837494e-06,8.641664e-06,9.245833e-06,8.754166e-06,8.270827e-06,8.762495e-06,4.679163e-06
2,409,1032.189,0.818,7.741666e-06,8.887498e-06,8.549992e-06,8.762495e-06,8.329161e-06,9.058333e-06,9.424996e-06,1.0291664e-05,9.029166e-06,8.870832e-06,8.67916e-06,9.287493e-06,8.799998e-06,8.312496e-06,8.774996e-06,4.704165e-06
2,410,1032.34,0.82,7.754159e-06,8.904163e-06,8.558329e-06,8.783332e-06,8.345826e-06,9.079162e-06,9.445826e-06,1.032083e-05,9.058333e-06,8.895826e-06,8.704162e-06,9.30833e-06,8.829164e-06,8.337498e-06,8.783332e-06,4.716659e-06
2,411,1032.491,0.822,7.76666e-06,8.93333e-06,8.579159e-06,8.816663e-06,8.374993e-06,9.108328e-06,9.479165e-06,1.0362498e-05,9.099992e-06,8.93333e-06,8.745829e-06,9.349998e-06,8.870832e-06,8.370828e-06,8.787497e-06,4.737497e-06
2,412,1032.641,0.824,7.779161e-06,8.949995e-06,8.587495e-06,8.837494e-06,8.383329e-06,9.129159e-06,9.499995e-06,1.0391665e-05,9.129159e-06,8.949995e-06,8.766659e-06,9.374992e-06,8.899999e-06,8.395831e-06,8.787497e-06,4.754162e-06
2,413,1032.792,0.826,7.787497e-06,8.974997e-06,8.608326e-06,8.86666e-06,8.41666e-06,9.162498e-06,9.537498e-06,1.0437497e-05,9.170826e-06,8.995827e-06,8.812499e-06,9.412495e-06,8.945831e-06,8.433326e-06,8.799998e-06,4.774992e-06
2,414,1032.943,0.828,7.804163e-06,8.991663e-06,8.616662e-06,8.887498e-06,8.437499e-06,9.183327e-06,9.558328e-06,1.0466663e-05,9.199993e-06,9.016665e-06,8.837494e-06,9.429161e-06,8.974997e-06,8.458328e-06,8.799998e-06,4.787493e-06
2,415,1033.094,0.83,7.820829e-06,9.024993e-06,8.641664e-06,8.929165e-06,8.470829e-06,9.212494e-06,9.595831e-06,1.0512495e-05,9.24166e-06,9.049996e-06,8.879161e-06,9.470828e-06,9.02083e-06,8.495832e-06,8.808327e-06,4.816659e-06
2,416,1033.245,0.832,7.837494e-06,9.041659e-06,8.654165e-06,8.949995e-06,8.487495e-06,9.233332e-06,9.612497e-06,1.0537497e-05,9.270827e-06,9.074998e-06,8.908328e-06,9.49583e-06,9.05416e-06,8.524998e-06,8.812499e-06,4.837497e-06
2,417,1033.396,0.834,7.862496e-06,9.079162e-06,8.67916e-06,8.991663e-06,8.516661e-06,9.270827e-06,9.654164e-06,1.058333e-05,9.312495e-06,9.116666e-06,8.949995e-06,9.537498e-06,9.104165e-06,8.566665e-06,8.824993e-06,4.862499e-06
2,418,1033.547,0.836,7.874997e-06,9.095827e-06,8.687496e-06,9.008329e-06,8.529162e-06,9.287493e-06,9.67083e-06,1.0612495e-05,9.349998e-06,9.137495e-06,8.979162e-06,9.558328e-06,9.133331e-06,8.587495e-06,8.824993e-06,4.874993e-06
2,419,1033.697,0.838,7.895827e-06,9.124994e-06,8.712498e-06,9.045832e-06,8.558329e-06,9.320831e-06,9.708333e-06,1.0654163e-05,9.391665e-06,9.170826e-06,9.016665e-06,9.595831e-06,9.183327e-06,8.624998e-06,8.833329e-06,4.904159e-06
2,420,1033.848,0.84,7.908328e-06,9.145832e-06,8.724999e-06,9.062497e-06,8.579159e-06,9.337497e-06,9.724999e-06,1.0683329e-05,9.420832e-06,9.195828e-06,9.045832e-06,9.620825e-06,9.212494e-06,8.654165e-06,8.837494e-06,4.924997e-06
2,421,1033.999,0.842,7.93333e-06,9.179163e-06,8.749994e-06,9.104165e-06,8.612497e-06,9.370828e-06,9.766666e-06,1.0729162e-05,9.470828e-06,9.229159e-06,9.083326e-06,9.658329e-06,9.258326e-06,8.691661e-06,8.841665e-06,4.954163e-06
2,422,1034.15,0.844,7.949996e-06,9.195828e-06,8.75833e-06,9.124994e-06,8.629163e-06,9.391665e-06,9.783332e-06,1.0754164e-05,9.49583e-06,9.254161e-06,9.112493e-06,9.683331e-06,9.283328e-06,8.708326e-06,8.841665e-06,4.966664e-06
2,423,1034.301,0.846,7.979163e-06,9.233332e-06,8.787497e-06,9.166662e-06,8.662494e-06,9.420832e-06,9.820827e-06,1.0791659e-05,9.541663e-06,9.291664e-06,9.154161e-06,9.720826e-06,9.337497e-06,8.75833e-06,8.849995e-06,4.995831e-06
2,424,1034.452,0.848,7.995828e-06,9.258326e-06,8.804162e-06,9.191665e-06,8.67916e-06,9.445826e-06,9.841665e-06,1.0829162e-05,9.570829e-06,9.312495e-06,9.183327e-06,9.745829e-06,9.366663e-06,8.783332e-06,8.854158e-06,5.012496e-06
2,425,1034.602,0.85,8.02083e-06,9.287493e-06,8.824993e-06,9.224995e-06,8.708326e-06,9.470828e-06,9.870831e-06,1.0862494e-05,9.612497e-06,9.345826e-06,9.22083e-06,9.783332e-06,9.412495e-06,8.820828e-06,8.858331e-06,5.045827e-06
2,426,1034.753,0.852,8.04166e-06,9.312495e-06,8.84583e-06,9.249997e-06,8.724999e-06,9.487494e-06,9.887497e-06,1.089166e-05,9.637499e-06,9.366663e-06,9.24166e-06,9.799997e-06,9.437497e-06,8.841665e-06,8.854158e-06,5.058328e-06
2,427,1034.904,0.854,8.066662e-06,9.345826e-06,8.870832e-06,9.291664e-06,8.762495e-06,9.516661e-06,9.929165e-06,1.0937492e-05,9.687496e-06,9.399994e-06,9.287493e-06,9.845829e-06,9.487494e-06,8.883325e-06,8.862496e-06,5.091659e-06
2,428,1035.055,0.856,8.091664e-06,9.370828e-06,8.887498e-06,9.312495e-06,8.774996e-06,9.537498e-06,9.945829e-06,1.0962494e-05,9.712498e-06,9.41666e-06,9.312495e-06,9.862494e-06,9.516661e-06,8.908328e-06,8.86666e-06,5.112497e-06
2,429,1035.206,0.858,8.116658e-06,9.404159e-06,8.920829e-06,9.358327e-06,8.804162e-06,9.570829e-06,9.97916e-06,1.0999997e-05,9.75833e-06,9.454163e-06,9.354162e-06,9.904162e-06,9.574994e-06,8.945831e-06,8.870832e-06,5.141664e-06
2,430,1035.357,0.86,8.145825e-06,9.424996e-06,8.937494e-06,9.379164e-06,8.824993e-06,9.587495e-06,9.999999e-06,1.1033329e-05,9.787496e-06,9.474993e-06,9.379164e-06,9.924992e-06,9.60416e-06,8.970833e-06,8.86666e-06,5.162493e-06
2,431,1035.507,0.862,8.174999e-06,9.466664e-06,8.96666e-06,9.424996e-06,8.854158e-06,9.616661e-06,1.0033329e-05,1.1074996e-05,9.837492e-06,9.512496e-06,9.420832e-06,9.962495e-06,9.649992e-06,9.012492e-06,8.879161e-06,5.19166e-06
2,432,1035.658,0.864,8.199993e-06,9.491666e-06,8.991663e-06,9.445826e-06,8.870832e-06,9.633327e-06,1.0054159e-05,1.1099998e-05,9.862494e-06,9.529162e-06,9.449998e-06,9.983333e-06,9.679158e-06,9.037494e-06,8.870832e-06,5.212498e-06
2,433,1035.809,0.866,8.220832e-06,9.512496e-06,9.012492e-06,9.466664e-06,8.895826e-06,9.658329e-06,1.0070833e-05,1.1124992e-05,9.891661e-06,9.549999e-06,9.474993e-06,1.0004163e-05,9.708333e-06,9.062497e-06,8.874997e-06,5.233328e-06
2,434,1035.96,0.868,8.258326e-06,9.549999e-06,9.045832e-06,9.512496e-06,8.920829e-06,9.683331e-06,1.0099999e-05,1.116666e-05,9.933328e-06,9.58333e-06,9.508331e-06,1.0041666e-05,9.754165e-06,9.099992e-06,8.879161e-06,5.262494e-06
2,435,1036.111,0.87,8.283329e-06,9.574994e-06,9.066661e-06,9.537498e-06,8.937494e-06,9.699997e-06,1.0120829e-05,1.1195826e-05,9.962495e-06,9.60416e-06,9.537498e-06,1.0062496e-05,9.783332e-06,9.124994e-06,8.879161e-06,5.27916e-06
2,436,1036.262,0.872,8.312496e-06,9.616661e-06,9.108328e-06,9.58333e-06,8.970833e-06,9.7375e-06,1.0162496e-05,1.1237494e-05,1.0004163e-05,9.637499e-06,9.579166e-06,1.0104163e-05,9.833328e-06,9.162498e-06,8.883325e-06,5.312499e-06
2,437,1036.413,0.874,8.345826e-06,9.645828e-06,9.133331e-06,9.608332e-06,8.991663e-06,9.75833e-06,1.0174997e-05,1.126666e-05,1.0037494e-05,9.654164e-06,9.60416e-06,1.0124993e-05,9.862494e-06,9.187492e-06,8.883325e-06,5.337492e-06
2,438,1036.563,0.876,8.379166e-06,9.674995e-06,9.166662e-06,9.649992e-06,9.016665e-06,9.783332e-06,1.0208329e-05,1.1308328e-05,1.0079161e-05,9.687496e-06,9.645828e-06,1.0158332e-05,9.912499e-06,9.229159e-06,8.887498e-06,5.366659e-06
2,439,1036.714,0.878,8.412496e-06,9.708333e-06,9.187492e-06,9.67083e-06,9.041659e-06,9.799997e-06,1.0224994e-05,1.1329166e-05,1.0108328e-05,9.708333e-06,9.666665e-06,1.0179162e-05,9.937493e-06,9.249997e-06,8.879161e-06,5.387497e-06
2,440,1036.865,0.88,8.445827e-06,9.749992e-06,9.229159e-06,9.716662e-06,9.066661e-06,9.824999e-06,1.0258333e-05,1.1370826e-05,1.0149995e-05,9.741664e-06,9.708333e-06,1.0216665e-05,9.987497e-06,9.291664e-06,8.887498e-06,5.424992e-06
2,441,1037.016,0.882,8.474994e-06,9.774994e-06,9.258326e-06,9.745829e-06,9.091664e-06,9.845829e-06,1.0279163e-05,1.1399992e-05,1.0179162e-05,9.75833e-06,9.733327e-06,1.0237495e-05,1.00125e-05,9.30833e-06,8.887498e-06,5.441666e-06
2,442,1037.167,0.884,8.512497e-06,9.816663e-06,9.299994e-06,9.79166e-06,9.12083e-06,9.874995e-06,1.0316666e-05,1.144166e-05,1.022083e-05,9.79166e-06,9.770831e-06,1.0274998e-05,1.0058331e-05,9.349998e-06,8.891662e-06,5.470832e-06
2,443,1037.318,0.886,8.549992e-06,9.841665e-06,9.324996e-06,9.812498e-06,9.14166e-06,9.895825e-06,1.0337496e-05,1.1466662e-05,1.0254161e-05,9.808326e-06,9.795833e-06,1.0295828e-05,1.0087498e-05,9.370828e-06,8.887498e-06,5.495826e-06
2,444,1037.468,0.888,8.587495e-06,9.887497e-06,9.366663e-06,9.85833e-06,9.174999e-06,9.920827e-06,1.0362498e-05,1.1508329e-05,1.0295828e-05,9.841665e-06,9.833328e-06,1.032916e-05,1.013333e-05,9.412495e-06,8.895826e-06,5.529165e-06
2,445,1037.619,0.89,8.620827e-06,9.916663e-06,9.39583e-06,9.883332e-06,9.187492e-06,9.941666e-06,1.0383328e-05,1.1537496e-05,1.0324995e-05,9.85833e-06,9.862494e-06,1.0354162e-05,1.0158332e-05,9.437497e-06,8.891662e-06,5.549995e-06
2,446,1037.77,0.892,8.662494e-06,9.954158e-06,9.441662e-06,9.933328e-06,9.22083e-06,9.970832e-06,1.0416658e-05,1.1575e-05,1.0370827e-05,9.895825e-06,9.899998e-06,1.0387492e-05,1.0204164e-05,9.474993e-06,8.895826e-06,5.579162e-06
2,447,1037.921,0.894,8.687496e-06,9.983333e-06,9.470828e-06,9.954158e-06,9.237496e-06,9.987497e-06,1.0433332e-05,1.1599994e-05,1.0395829e-05,9.912499e-06,9.924992e-06,1.040833e-05,1.0229166e-05,9.491666e-06,8.891662e-06,5.599999e-06
2,448,1038.072,0.896,8.729164e-06,1.0024993e-05,9.516661e-06,9.995826e-06,9.262498e-06,1.0016664e-05,1.0462499e-05,1.1637497e-05,1.0433332e-05,9.937493e-06,9.962495e-06,1.0441661e-05,1.0274998e-05,9.533326e-06,8.895826e-06,5.63333e-06
2,449,1038.223,0.898,8.770831e-06,1.0054159e-05,9.541663e-06,1.0020828e-05,9.283328e-06,1.0029165e-05,1.0483329e-05,1.1658327e-05,1.0458326e-05,9.949994e-06,9.97916e-06,1.0462499e-05,1.0299993e-05,9.554164e-06,8.891662e-06,5.65416e-06
2,450,1038.374,0.9,8.808327e-06,1.0091662e-05,9.591659e-06,1.006666e-05,9.316659e-06,1.0062496e-05,1.0516659e-05,1.1704159e-05,1.0504166e-05,9.983333e-06,1.0016664e-05,1.0499994e-05,1.0345832e-05,9.587495e-06,8.891662e-06,5.683327e-06
2,451,1038.524,0.902,8.84583e-06,1.0120829e-05,9.620825e-06,1.0087498e-05,9.337497e-06,1.0079161e-05,1.0533333e-05,1.1724997e-05,1.052916e-05,9.999999e-06,1.0041666e-05,1.0516659e-05,1.0366663e-05,9.60416e-06,8.887498e-06,5.699992e-06
2,452,1038.675,0.904,8.879161e-06,1.0166661e-05,9.67083e-06,1.013333e-05,9.374992e-06,1.0104163e-05,1.0566664e-05,1.1766664e-05,1.0570828e-05,1.0033329e-05,1.0083326e-05,1.0549998e-05,1.0412495e-05,9.649992e-06,8.891662e-06,5.737495e-06
2,453,1038.826,0.906,8.924992e-06,1.0195828e-05,9.704161e-06,1.0162496e-05,9.383329e-06,1.0124993e-05,1.0587493e-05,1.1787494e-05,1.0604159e-05,1.0049995e-05,1.0099999e-05,1.0574992e-05,1.0441661e-05,9.67083e-06,8.891662e-06,5.758325e-06
2,454,1038.977,0.908,8.970833e-06,1.024166e-05,9.754165e-06,1.0208329e-05,9.424996e-06,1.0158332e-05,1.0620833e-05,1.1833326e-05,1.0645826e-05,1.0079161e-05,1.0141659e-05,1.0608332e-05,1.0487493e-05,9.712498e-06,8.895826e-06,5.787492e-06
2,455,1039.128,0.91,9.008329e-06,1.0270826e-05,9.783332e-06,1.0229166e-05,9.441662e-06,1.0174997e-05,1.0637498e-05,1.1858328e-05,1.0670828e-05,1.0091662e-05,1.0166661e-05,1.0629161e-05,1.0508331e-05,9.733327e-06,8.887498e-06,5.80833e-06
2,456,1039.279,0.912,9.045832e-06,1.0316666e-05,9.837492e-06,1.0274998e-05,9.474993e-06,1.0199992e-05,1.0666665e-05,1.1891659e-05,1.0716661e-05,1.0124993e-05,1.0199992e-05,1.0666665e-05,1.0554163e-05,9.770831e-06,8.887498e-06,5.84166e-06
2,457,1039.429,0.914,9.087499e-06,1.0345832e-05,9.866659e-06,1.0304165e-05,9.49583e-06,1.0216665e-05,1.0683329e-05,1.1916662e-05,1.0741663e-05,1.0141659e-05,1.0224994e-05,1.0683329e-05,1.058333e-05,9.787496e-06,8.887498e-06,5.862498e-06
2,458,1039.58,0.916,9.133331e-06,1.0391665e-05,9.920827e-06,1.0349997e-05,9.524997e-06,1.0249996e-05,1.0724997e-05,1.1958329e-05,1.078333e-05,1.0170826e-05,1.0266662e-05,1.0720825e-05,1.0629161e-05,9.829164e-06,8.891662e-06,5.891665e-06
2,459,1039.731,0.918,9.170826e-06,1.0420831e-05,9.95833e-06,1.0374999e-05,9.541663e-06,1.0270826e-05,1.0741663e-05,1.1987496e-05,1.0812497e-05,1.0183327e-05,1.0283327e-05,1.0741663e-05,1.0654163e-05,9.849993e-06,8.883325e-06,5.916659e-06
2,460,1039.882,0.92,9.208329e-06,1.0466663e-05,1.0008327e-05,1.0416658e-05,9.574994e-06,1.0295828e-05,1.0770829e-05,1.2016662e-05,1.0854164e-05,1.0212493e-05,1.032083e-05,1.0774994e-05,1.0691659e-05,9.887497e-06,8.887498e-06,5.941661e-06
2,461,1040.033,0.922,9.254161e-06,1.0487493e-05,1.004583e-05,1.0441661e-05,9.595831e-06,1.0316666e-05,1.0791659e-05,1.2041664e-05,1.0879159e-05,1.0229166e-05,1.0341661e-05,1.0791659e-05,1.0716661e-05,9.904162e-06,8.883325e-06,5.966663e-06
2,462,1040.184,0.924,9.287493e-06,1.0516659e-05,1.0070833e-05,1.0462499e-05,9.612497e-06,1.0333331e-05,1.0808333e-05,1.2066666e-05,1.0904161e-05,1.0237495e-05,1.0358325e-05,1.080416e-05,1.0737499e-05,9.920827e-06,8.879161e-06,5.979165e-06
2,463,1040.334,0.926,9.324996e-06,1.0562499e-05,1.0129165e-05,1.0508331e-05,9.637499e-06,1.0358325e-05,1.0841663e-05,1.2104161e-05,1.0949993e-05,1.0270826e-05,1.0404166e-05,1.0845828e-05,1.0787495e-05,9.95833e-06,8.883325e-06,6.012495e-06
2,464,1040.485,0.928,9.370828e-06,1.0591666e-05,1.0170826e-05,1.0537497e-05,9.662493e-06,1.0379164e-05,1.0858329e-05,1.2137492e-05,1.097916e-05,1.0287499e-05,1.0424996e-05,1.0866665e-05,1.080416e-05,9.97916e-06,8.874997e-06,6.037497e-06
2,465,1040.636,0.93,9.412495e-06,1.0637498e-05,1.0216665e-05,1.058333e-05,9.695832e-06,1.040833e-05,1.0895832e-05,1.2170832e-05,1.1020828e-05,1.0316666e-05,1.0462499e-05,1.0904161e-05,1.0854164e-05,1.0016664e-05,8.879161e-06,6.066664e-06
2,466,1040.787,0.932,9.462499e-06,1.0679166e-05,1.0262497e-05,1.061666e-05,9.712498e-06,1.0429159e-05,1.0916662e-05,1.2199998e-05,1.1049994e-05,1.0333331e-05,1.0483329e-05,1.0920827e-05,1.0874995e-05,1.0041666e-05,8.879161e-06,6.091658e-06
2,467,1040.938,0.934,9.50416e-06,1.0720825e-05,1.0316666e-05,1.0658327e-05,9.741664e-06,1.0458326e-05,1.0949993e-05,1.2237493e-05,1.1091662e-05,1.0362498e-05,1.0520832e-05,1.0962494e-05,1.0920827e-05,1.0074997e-05,8.883325e-06,6.120833e-06
2,468,1041.089,0.936,9.545827e-06,1.0754164e-05,1.0358325e-05,1.0687494e-05,9.766666e-06,1.0479164e-05,1.0970831e-05,1.226666e-05,1.1120828e-05,1.0374999e-05,1.0545826e-05,1.0983332e-05,1.0945829e-05,1.0104163e-05,8.874997e-06,6.145827e-06
2,469,1041.24,0.938,9.591659e-06,1.0799996e-05,1.0416658e-05,1.0733326e-05,9.799997e-06,1.0512495e-05,1.1008327e-05,1.2304163e-05,1.116666e-05,1.040833e-05,1.058333e-05,1.1020828e-05,1.0987496e-05,1.0137494e-05,8.874997e-06,6.179166e-06
2,470,1041.39,0.94,9.641663e-06,1.0833327e-05,1.0458326e-05,1.0758328e-05,9.824999e-06,1.0524996e-05,1.1029164e-05,1.2333329e-05,1.1195826e-05,1.0420831e-05,1.0604159e-05,1.1037493e-05,1.1016663e-05,1.0162496e-05,8.870832e-06,6.199996e-06
2,471,1041.541,0.942,9.687496e-06,1.0874995e-05,1.0512495e-05,1.080416e-05,9.85833e-06,1.0558327e-05,1.1062495e-05,1.2370832e-05,1.1237494e-05,1.0445825e-05,1.0641662e-05,1.1079161e-05,1.1058331e-05,1.0195828e-05,8.879161e-06,6.229162e-06
2,472,1041.692,0.944,9.733327e-06,1.0912498e-05,1.0554163e-05,1.0824998e-05,9.883332e-06,1.058333e-05,1.1087497e-05,1.2391662e-05,1.126666e-05,1.0466663e-05,1.0662492e-05,1.1099998e-05,1.1087497e-05,1.0216665e-05,8.874997e-06,6.249992e-06
2,473,1041.843,0.946,9.779159e-06,1.0962494e-05,1.0608332e-05,1.0874995e-05,9.904162e-06,1.0608332e-05,1.1116664e-05,1.243333e-05,1.1308328e-05,1.0491665e-05,1.0699995e-05,1.1133329e-05,1.1124992e-05,1.0254161e-05,8.874997e-06,6.283331e-06
2,474,1041.994,0.948,9.820827e-06,1.0987496e-05,1.0654163e-05,1.0899997e-05,9.929165e-06,1.0633325e-05,1.1141666e-05,1.2458332e-05,1.1337494e-05,1.0504166e-05,1.0720825e-05,1.1149995e-05,1.1149995e-05,1.0274998e-05,8.870832e-06,6.299997e-06
2,475,1042.145,0.95,9.870831e-06,1.1037493e-05,1.0708332e-05,1.0949993e-05,9.966659e-06,1.0666665e-05,1.1179161e-05,1.2499992e-05,1.1383327e-05,1.0537497e-05,1.0762493e-05,1.1191662e-05,1.1187498e-05,1.0312494e-05,8.874997e-06,6.333327e-06
2,476,1042.295,0.952,9.912499e-06,1.1070832e-05,1.0745827e-05,1.0974995e-05,9.995826e-06,1.0687494e-05,1.1204163e-05,1.2524994e-05,1.1408329e-05,1.0554163e-05,1.078333e-05,1.1212492e-05,1.1212492e-05,1.0333331e-05,8.870832e-06,6.354165e-06
2,477,1042.446,0.954,9.95833e-06,1.1108327e-05,1.0799996e-05,1.1012498e-05,1.0020828e-05,1.0716661e-05,1.1229165e-05,1.2558333e-05,1.1454161e-05,1.0574992e-05,1.0816661e-05,1.1245831e-05,1.1249996e-05,1.0370827e-05,8.874997e-06,6.383332e-06
2,478,1042.597,0.956,9.999999e-06,1.1141666e-05,1.0837499e-05,1.1037493e-05,1.0041666e-05,1.0737499e-05,1.1254159e-05,1.2583328e-05,1.1479163e-05,1.0587493e-05,1.0837499e-05,1.1262497e-05,1.1279162e-05,1.0387492e-05,8.870832e-06,6.399997e-06
2,479,1042.748,0.958,1.004583e-05,1.1187498e-05,1.0895832e-05,1.1087497e-05,1.0074997e-05,1.0770829e-05,1.1287499e-05,1.2629159e-05,1.152083e-05,1.061666e-05,1.0874995e-05,1.13e-05,1.1312492e-05,1.0424996e-05,8.870832e-06,6.429163e-06
2,480,1042.899,0.96,1.0091662e-05,1.1220829e-05,1.0941664e-05,1.1112499e-05,1.0104163e-05,1.0795831e-05,1.1308328e-05,1.2649997e-05,1.1545833e-05,1.0629161e-05,1.089166e-05,1.132083e-05,1.1333331e-05,1.0445825e-05,8.870832e-06,6.454166e-06
2,481,1043.05,0.962,1.013333e-05,1.1262497e-05,1.0991661e-05,1.1154159e-05,1.0137494e-05,1.0824998e-05,1.1345832e-05,1.2691665e-05,1.1595829e-05,1.0658327e-05,1.0933328e-05,1.1358333e-05,1.1374998e-05,1.0483329e-05,8.874997e-06,6.483333e-06
2,482,1043.201,0.964,1.0183327e-05,1.13e-05,1.1033329e-05,1.1174997e-05,1.015416e-05,1.0845828e-05,1.1366661e-05,1.2716659e-05,1.1624996e-05,1.0670828e-05,1.0949993e-05,1.1374998e-05,1.1399992e-05,1.0504166e-05,8.870832e-06,6.499998e-06
2,483,1043.351,0.966,1.0224994e-05,1.1341659e-05,1.1083333e-05,1.1220829e-05,1.0187498e-05,1.0879159e-05,1.1404165e-05,1.2758326e-05,1.1666663e-05,1.0699995e-05,1.0987496e-05,1.1412493e-05,1.1445833e-05,1.0541661e-05,8.870832e-06,6.529164e-06
2,484,1043.502,0.968,1.0274998e-05,1.1374998e-05,1.1124992e-05,1.1245831e-05,1.0208329e-05,1.0899997e-05,1.1424994e-05,1.2779165e-05,1.169583e-05,1.0712496e-05,1.1004162e-05,1.1429159e-05,1.1466662e-05,1.0558327e-05,8.870832e-06,6.549994e-06
2,485,1043.653,0.97,1.0324995e-05,1.1424994e-05,1.1183325e-05,1.1287499e-05,1.024166e-05,1.0933328e-05,1.1458325e-05,1.2820832e-05,1.1737498e-05,1.0737499e-05,1.1037493e-05,1.1462498e-05,1.1499993e-05,1.0595831e-05,8.874997e-06,6.579161e-06
2,486,1043.804,0.972,1.0366663e-05,1.1454161e-05,1.1224993e-05,1.1316665e-05,1.0266662e-05,1.095833e-05,1.1487492e-05,1.2845826e-05,1.1766664e-05,1.0754164e-05,1.106666e-05,1.1487492e-05,1.1524995e-05,1.061666e-05,8.874997e-06,6.599998e-06
2,487,1043.955,0.974,1.0412495e-05,1.1495828e-05,1.1279162e-05,1.1358333e-05,1.0291664e-05,1.0987496e-05,1.1524995e-05,1.2887494e-05,1.1808332e-05,1.0779167e-05,1.1095826e-05,1.1524995e-05,1.1566663e-05,1.0649999e-05,8.883325e-06,6.629165e-06
2,488,1044.106,0.976,1.0449998e-05,1.152916e-05,1.132083e-05,1.1383327e-05,1.0316666e-05,1.1008327e-05,1.1549997e-05,1.2912496e-05,1.1841663e-05,1.0795831e-05,1.1120828e-05,1.1549997e-05,1.1587493e-05,1.0674993e-05,8.879161e-06,6.649995e-06
2,489,1044.256,0.978,1.0487493e-05,1.1554162e-05,1.1358333e-05,1.1408329e-05,1.0345832e-05,1.1033329e-05,1.1575e-05,1.2937498e-05,1.1866665e-05,1.0808333e-05,1.1141666e-05,1.1562498e-05,1.1604166e-05,1.0691659e-05,8.870832e-06,6.670833e-06
2,490,1044.407,0.98,1.0533333e-05,1.1604166e-05,1.1408329e-05,1.1445833e-05,1.0370827e-05,1.106666e-05,1.160833e-05,1.2974993e-05,1.1908332e-05,1.0837499e-05,1.116666e-05,1.1595829e-05,1.1641661e-05,1.0724997e-05,8.874997e-06,6.695827e-06
2,491,1044.558,0.982,1.0574992e-05,1.162916e-05,1.1445833e-05,1.1466662e-05,1.0395829e-05,1.1091662e-05,1.1633332e-05,1.2999995e-05,1.1937499e-05,1.0845828e-05,1.1187498e-05,1.1612495e-05,1.1658327e-05,1.0745827e-05,8.874997e-06,6.712492e-06
2,492,1044.709,0.984,1.0620833e-05,1.1674992e-05,1.1499993e-05,1.1512494e-05,1.0429159e-05,1.1120828e-05,1.1662499e-05,1.3037499e-05,1.1974995e-05,1.0874995e-05,1.1220829e-05,1.1649998e-05,1.169583e-05,1.0779167e-05,8.874997e-06,6.737494e-06
2,493,1044.86,0.986,1.0654163e-05,1.169583e-05,1.1533331e-05,1.1533331e-05,1.0445825e-05,1.1141666e-05,1.1691665e-05,1.3062493e-05,1.1999997e-05,1.0883331e-05,1.1237494e-05,1.1666663e-05,1.1712496e-05,1.0791659e-05,8.883325e-06,6.75416e-06
2,494,1045.011,0.988,1.0695831e-05,1.1745827e-05,1.1583328e-05,1.1570827e-05,1.0479164e-05,1.1170832e-05,1.1724997e-05,1.3099996e-05,1.2041664e-05,1.0908326e-05,1.126666e-05,1.1699995e-05,1.1745827e-05,1.0824998e-05,8.883325e-06,6.783327e-06
2,495,1045.161,0.99,1.0733326e-05,1.1766664e-05,1.1620831e-05,1.1599994e-05,1.0499994e-05,1.1195826e-05,1.1745827e-05,1.3120826e-05,1.2070831e-05,1.0920827e-05,1.1291663e-05,1.1724997e-05,1.1766664e-05,1.0849993e-05,8.879161e-06,6.795828e-06
2,496,1045.312,0.992,1.0779167e-05,1.1808332e-05,1.1674992e-05,1.1637497e-05,1.0537497e-05,1.1229165e-05,1.1787494e-05,1.3162494e-05,1.2108326e-05,1.0945829e-05,1.1324993e-05,1.1758328e-05,1.1799995e-05,1.0874995e-05,8.883325e-06,6.824994e-06
2,497,1045.463,0.994,1.0820826e-05,1.1837498e-05,1.1708331e-05,1.1658327e-05,1.0554163e-05,1.1254159e-05,1.1808332e-05,1.3183331e-05,1.2133328e-05,1.095833e-05,1.1341659e-05,1.1774993e-05,1.1820833e-05,1.0895832e-05,8.883325e-06,6.841659e-06
2,498,1045.614,0.996,1.0866665e-05,1.188333e-05,1.1762492e-05,1.169583e-05,1.0595831e-05,1.1287499e-05,1.1845827e-05,1.3229163e-05,1.2174995e-05,1.0987496e-05,1.1370826e-05,1.1812496e-05,1.1862493e-05,1.0929163e-05,8.891662e-06,6.866662e-06
2,499,1045.765,0.998,1.0908326e-05,1.1912497e-05,1.1795831e-05,1.1720832e-05,1.0608332e-05,1.1308328e-05,1.1866665e-05,1.3249994e-05,1.2204162e-05,1.0995833e-05,1.1391664e-05,1.1833326e-05,1.1874994e-05,1.0949993e-05,8.891662e-06,6.8875e-06
2,500,1045.916,1.0,1.0945829e-05,1.1954165e-05,1.1845827e-05,1.1758328e-05,1.0641662e-05,1.1345832e-05,1.1899996e-05,1.3283332e-05,1.2249994e-05,1.1020828e-05,1.1416666e-05,1.1858328e-05,1.1908332e-05,1.097916e-05,8.887498e-06,6.908329e-06
2,501,1046.067,0.998,1.0937492e-05,1.1895831e-05,1.1791666e-05,1.1691665e-05,1.0620833e-05,1.1308328e-05,1.1866665e-05,1.3245829e-05,1.2199998e-05,1.097916e-05,1.1374998e-05,1.1816661e-05,1.1858328e-05,1.0933328e-05,8.870832e-06,6.879163e-06
2,502,1046.217,0.996,1.0883331e-05,1.1845827e-05,1.1737498e-05,1.1633332e-05,1.0595831e-05,1.1291663e-05,1.1837498e-05,1.3212498e-05,1.2166659e-05,1.0949993e-05,1.1337494e-05,1.1770829e-05,1.1816661e-05,1.0895832e-05,8.841665e-06,6.841659e-06
2,503,1046.368,0.994,1.0824998e-05,1.1770829e-05,1.1662499e-05,1.1562498e-05,1.0562499e-05,1.1249996e-05,1.1791666e-05,1.3166666e-05,1.2108326e-05,1.0904161e-05,1.1287499e-05,1.1729161e-05,1.1758328e-05,1.0845828e-05,8.816663e-06,6.799992e-06
2,504,1046.519,0.992,1.0762493e-05,1.1712496e-05,1.1599994e-05,1.1504166e-05,1.0537497e-05,1.1224993e-05,1.1754163e-05,1.3129163e-05,1.2066666e-05,1.087083e-05,1.1254159e-05,1.1691665e-05,1.1720832e-05,1.0808333e-05,8.799998e-06,6.774998e-06
2,505,1046.67,0.99,1.070416e-05,1.1641661e-05,1.152916e-05,1.1437495e-05,1.0504166e-05,1.1183325e-05,1.1712496e-05,1.308333e-05,1.2016662e-05,1.0824998e-05,1.1212492e-05,1.1637497e-05,1.1666663e-05,1.0758328e-05,8.774996e-06,6.73333e-06
2,506,1046.821,0.988,1.0649999e-05,1.1591665e-05,1.1466662e-05,1.1383327e-05,1.0474992e-05,1.1158331e-05,1.1679164e-05,1.3049992e-05,1.1974995e-05,1.0791659e-05,1.1170832e-05,1.1604166e-05,1.1633332e-05,1.0724997e-05,8.75833e-06,6.708328e-06
2,507,1046.972,0.986,1.0595831e-05,1.152916e-05,1.1404165e-05,1.132083e-05,1.0441661e-05,1.1120828e-05,1.1633332e-05,1.2999995e-05,1.1920825e-05,1.075e-05,1.1124992e-05,1.1558326e-05,1.1579164e-05,1.0674993e-05,8.729164e-06,6.66666e-06
2,508,1047.122,0.984,1.0537497e-05,1.1474999e-05,1.1341659e-05,1.1274998e-05,1.0412495e-05,1.1087497e-05,1.1595829e-05,1.2962492e-05,1.1879166e-05,1.0712496e-05,1.1083333e-05,1.1516667e-05,1.1533331e-05,1.0633325e-05,8.712498e-06,6.637494e-06
2,509,1047.273,0.982,1.0479164e-05,1.1408329e-05,1.1274998e-05,1.1208328e-05,1.0374999e-05,1.104583e-05,1.1554162e-05,1.291666e-05,1.1824997e-05,1.0670828e-05,1.1041665e-05,1.1466662e-05,1.1483327e-05,1.0587493e-05,8.687496e-06,6.595826e-06
2,510,1047.424,0.98,1.0416658e-05,1.1362497e-05,1.1216664e-05,1.1158331e-05,1.0345832e-05,1.1016663e-05,1.152083e-05,1.2879165e-05,1.1779165e-05,1.0637498e-05,1.1008327e-05,1.1437495e-05,1.1445833e-05,1.0554163e-05,8.666659e-06,6.570832e-06
2,511,1047.575,0.978,1.0358325e-05,1.13e-05,1.1149995e-05,1.1095826e-05,1.0304165e-05,1.0970831e-05,1.1474999e-05,1.282916e-05,1.1724997e-05,1.0595831e-05,1.095833e-05,1.1387499e-05,1.1391664e-05,1.0504166e-05,8.645829e-06,6.533329e-06
2,512,1047.726,0.976,1.0299993e-05,1.1245831e-05,1.1091662e-05,1.1054166e-05,1.0279163e-05,1.0945829e-05,1.144166e-05,1.2791666e-05,1.1691665e-05,1.0562499e-05,1.0920827e-05,1.135416e-05,1.1358333e-05,1.0474992e-05,8.633328e-06,6.504162e-06
2,513,1047.877,0.974,1.0254161e-05,1.1208328e-05,1.104583e-05,1.1012498e-05,1.0254161e-05,1.0908326e-05,1.1412493e-05,1.2758326e-05,1.1649998e-05,1.0537497e-05,1.089166e-05,1.132083e-05,1.1316665e-05,1.0437497e-05,8.616662e-06,6.474996e-06
2,514,1048.028,0.972,1.0195828e-05,1.1141666e-05,1.0970831e-05,1.0945829e-05,1.0212493e-05,1.087083e-05,1.1358333e-05,1.2704166e-05,1.1595829e-05,1.049583e-05,1.0841663e-05,1.1270833e-05,1.1262497e-05,1.0391665e-05,8.583331e-06,6.437492e-06
2,515,1048.178,0.97,1.0141659e-05,1.1095826e-05,1.0916662e-05,1.0899997e-05,1.0183327e-05,1.0837499e-05,1.1329166e-05,1.2674999e-05,1.1558326e-05,1.0458326e-05,1.080416e-05,1.1237494e-05,1.1224993e-05,1.0354162e-05,8.574994e-06,6.408326e-06
2,516,1048.329,0.968,1.0083326e-05,1.1037493e-05,1.0845828e-05,1.0837499e-05,1.0145831e-05,1.0795831e-05,1.1279162e-05,1.2616666e-05,1.1495828e-05,1.0416658e-05,1.0758328e-05,1.1183325e-05,1.116666e-05,1.0304165e-05,8.549992e-06,6.366666e-06
2,517,1048.48,0.966,1.0020828e-05,1.0987496e-05,1.0787495e-05,1.0795831e-05,1.0108328e-05,1.0762493e-05,1.1241658e-05,1.2574998e-05,1.1458325e-05,1.0387492e-05,1.0724997e-05,1.1149995e-05,1.1133329e-05,1.0270826e-05,8.529162e-06,6.337492e-06
2,518,1048.631,0.964,9.966659e-06,1.0929163e-05,1.0720825e-05,1.0733326e-05,1.0070833e-05,1.0720825e-05,1.1199999e-05,1.2524994e-05,1.1404165e-05,1.0345832e-05,1.0674993e-05,1.1099998e-05,1.1079161e-05,1.0224994e-05,8.508333e-06,6.295832e-06
2,519,1048.782,0.962,9.904162e-06,1.0879159e-05,1.0666665e-05,1.0691659e-05,1.004583e-05,1.0679166e-05,1.116666e-05,1.2491663e-05,1.1366661e-05,1.0312494e-05,1.0637498e-05,1.106666e-05,1.1041665e-05,1.0191663e-05,8.495832e-06,6.27083e-06
2,520,1048.933,0.96,9.854166e-06,1.0824998e-05,1.0604159e-05,1.0633325e-05,9.999999e-06,1.0641662e-05,1.1112499e-05,1.2437495e-05,1.1312492e-05,1.0266662e-05,1.0591666e-05,1.1020828e-05,1.0987496e-05,1.0141659e-05,8.474994e-06,6.233327e-06
2,521,1049.083,0.958,9.795833e-06,1.0779167e-05,1.0549998e-05,1.0591666e-05,9.966659e-06,1.0608332e-05,1.1087497e-05,1.2404163e-05,1.1270833e-05,1.0237495e-05,1.0549998e-05,1.0983332e-05,1.0945829e-05,1.0108328e-05,8.458328e-06,6.20416e-06
2,522,1049.234,0.956,9.741664e-06,1.0716661e-05,1.0479164e-05,1.052916e-05,9.924992e-06,1.0566664e-05,1.1033329e-05,1.2341667e-05,1.1216664e-05,1.0195828e-05,1.0508331e-05,1.0937492e-05,1.0895832e-05,1.0058331e-05,8.441662e-06,6.166665e-06
2,523,1049.385,0.954,9.683331e-06,1.0679166e-05,1.0429159e-05,1.049583e-05,9.891661e-06,1.0537497e-05,1.0999997e-05,1.23125e-05,1.1179161e-05,1.0166661e-05,1.0474992e-05,1.0904161e-05,1.0858329e-05,1.0029165e-05,8.420833e-06,6.137498e-06
2,524,1049.536,0.952,9.633327e-06,1.0620833e-05,1.0362498e-05,1.0437497e-05,9.85833e-06,1.0499994e-05,1.0962494e-05,1.2262495e-05,1.1124992e-05,1.0124993e-05,1.0424996e-05,1.0862494e-05,1.0812497e-05,9.983333e-06,8.404159e-06,6.104159e-06
2,525,1049.687,0.95,9.579166e-06,1.0579165e-05,1.0308329e-05,1.0395829e-05,9.833328e-06,1.0462499e-05,1.0920827e-05,1.2224992e-05,1.1083333e-05,1.0091662e-05,1.0391665e-05,1.0829162e-05,1.0770829e-05,9.949994e-06,8.383329e-06,6.074993e-06
2,526,1049.838,0.948,9.524997e-06,1.052916e-05,1.024166e-05,1.0337496e-05,9.787496e-06,1.0416658e-05,1.0879159e-05,1.2170832e-05,1.1033329e-05,1.0054159e-05,1.0349997e-05,1.0779167e-05,1.0712496e-05,9.895825e-06,8.366665e-06,6.037497e-06
2,527,1049.988,0.946,9.466664e-06,1.0487493e-05,1.0191663e-05,1.0304165e-05,9.754165e-06,1.0383328e-05,1.0837499e-05,1.2137492e-05,1.0995833e-05,1.0024993e-05,1.0316666e-05,1.075e-05,1.0683329e-05,9.862494e-06,8.349999e-06,6.008331e-06
2,528,1050.139,0.944,9.412495e-06,1.0437497e-05,1.013333e-05,1.0254161e-05,9.708333e-06,1.0341661e-05,1.0795831e-05,1.2083332e-05,1.0941664e-05,9.983333e-06,1.0266662e-05,1.0699995e-05,1.0624997e-05,9.816663e-06,8.324997e-06,5.966663e-06
2,529,1050.29,0.942,9.362499e-06,1.0395829e-05,1.0074997e-05,1.0216665e-05,9.679158e-06,1.0308329e-05,1.0766666e-05,1.2045829e-05,1.0904161e-05,9.954158e-06,1.0233331e-05,1.0666665e-05,1.0591666e-05,9.787496e-06,8.312496e-06,5.941661e-06
2,530,1050.441,0.94,9.304166e-06,1.0337496e-05,1.0008327e-05,1.015416e-05,9.641663e-06,1.0266662e-05,1.0712496e-05,1.1987496e-05,1.0845828e-05,9.912499e-06,1.0187498e-05,1.0620833e-05,1.0537497e-05,9.7375e-06,8.29583e-06,5.899994e-06
2,531,1050.592,0.938,9.245833e-06,1.0295828e-05,9.95833e-06,1.0112492e-05,9.608332e-06,1.0224994e-05,1.0679166e-05,1.1949992e-05,1.0808333e-05,9.87916e-06,1.015416e-05,1.0587493e-05,1.049583e-05,9.699997e-06,8.283329e-06,5.874999e-06
2,532,1050.743,0.936,9.195828e-06,1.024166e-05,9.899998e-06,1.0058331e-05,9.574994e-06,1.0187498e-05,1.0633325e-05,1.1891659e-05,1.075e-05,9.837492e-06,1.0104163e-05,1.0541661e-05,1.0449998e-05,9.654164e-06,8.258326e-06,5.837496e-06
2,533,1050.894,0.934,9.145832e-06,1.0208329e-05,9.85833e-06,1.0033329e-05,9.541663e-06,1.015416e-05,1.0599994e-05,1.1862493e-05,1.0716661e-05,9.808326e-06,1.0070833e-05,1.0512495e-05,1.0412495e-05,9.624998e-06,8.245825e-06,5.812494e-06
2,534,1051.044,0.932,9.091664e-06,1.015416e-05,9.79166e-06,9.974996e-06,9.49583e-06,1.0112492e-05,1.0549998e-05,1.1812496e-05,1.0662492e-05,9.770831e-06,1.0024993e-05,1.0462499e-05,1.0358325e-05,9.579166e-06,8.224996e-06,5.774998e-06
2,535,1051.195,0.93,9.041659e-06,1.0120829e-05,9.745829e-06,9.945829e-06,9.462499e-06,1.0079161e-05,1.0524996e-05,1.1774993e-05,1.0629161e-05,9.745829e-06,9.995826e-06,1.0437497e-05,1.0324995e-05,9.549999e-06,8.208331e-06,5.749996e-06
2,536,1051.346,0.928,8.991663e-06,1.0070833e-05,9.691659e-06,9.891661e-06,9.429161e-06,1.0033329e-05,1.0479164e-05,1.1720832e-05,1.0579165e-05,9.704161e-06,9.954158e-06,1.0391665e-05,1.0274998e-05,9.50416e-06,8.191665e-06,5.712493e-06
2,537,1051.497,0.926,8.941666e-06,1.0033329e-05,9.645828e-06,9.862494e-06,9.391665e-06,1.0004163e-05,1.0445825e-05,1.1687493e-05,1.0537497e-05,9.674995e-06,9.920827e-06,1.0362498e-05,1.024166e-05,9.470828e-06,8.187492e-06,5.683327e-06
2,538,1051.648,0.924,8.891662e-06,9.983333e-06,9.591659e-06,9.804161e-06,9.349998e-06,9.962495e-06,1.0399994e-05,1.162916e-05,1.0487493e-05,9.624998e-06,9.866659e-06,1.0308329e-05,1.0183327e-05,9.424996e-06,8.166663e-06,5.645832e-06
2,539,1051.799,0.922,8.841665e-06,9.949994e-06,9.554164e-06,9.779159e-06,9.324996e-06,9.929165e-06,1.0366663e-05,1.1599994e-05,1.0449998e-05,9.608332e-06,9.841665e-06,1.0283327e-05,1.015416e-05,9.39583e-06,8.154162e-06,5.620829e-06
2,540,1051.949,0.92,8.808327e-06,9.916663e-06,9.516661e-06,9.749992e-06,9.295829e-06,9.899998e-06,1.0333331e-05,1.1562498e-05,1.0416658e-05,9.579166e-06,9.808326e-06,1.0258333e-05,1.0120829e-05,9.366663e-06,8.145825e-06,5.595827e-06
2,541,1052.1,0.918,8.754166e-06,9.874995e-06,9.458327e-06,9.699997e-06,9.249997e-06,9.862494e-06,1.0291664e-05,1.1512494e-05,1.0366663e-05,9.541663e-06,9.766666e-06,1.0212493e-05,1.006666e-05,9.320831e-06,8.120831e-06,5.558332e-06
2,542,1052.251,0.916,8.712498e-06,9.841665e-06,9.420832e-06,9.662493e-06,9.224995e-06,9.824999e-06,1.0258333e-05,1.1470826e-05,1.0324995e-05,9.512496e-06,9.733327e-06,1.0187498e-05,1.0033329e-05,9.295829e-06,8.116658e-06,5.53333e-06
2,543,1052.402,0.914,8.666659e-06,9.795833e-06,9.366663e-06,9.620825e-06,9.187492e-06,9.783332e-06,1.0212493e-05,1.142083e-05,1.0279163e-05,9.474993e-06,9.687496e-06,1.0141659e-05,9.97916e-06,9.245833e-06,8.095829e-06,5.499999e-06
2,544,1052.553,0.912,8.624998e-06,9.762493e-06,9.32916e-06,9.587495e-06,9.149996e-06,9.754165e-06,1.0183327e-05,1.1383327e-05,1.0245832e-05,9.449998e-06,9.658329e-06,1.0108328e-05,9.945829e-06,9.216667e-06,8.083328e-06,5.474997e-06
2,545,1052.704,0.91,8.574994e-06,9.712498e-06,9.279163e-06,9.541663e-06,9.116666e-06,9.708333e-06,1.013333e-05,1.1333331e-05,1.0191663e-05,9.404159e-06,9.608332e-06,1.0062496e-05,9.895825e-06,9.166662e-06,8.062498e-06,5.433329e-06
2,546,1052.855,0.908,8.529162e-06,9.679158e-06,9.237496e-06,9.508331e-06,9.083326e-06,9.679158e-06,1.0099999e-05,1.1295827e-05,1.0158332e-05,9.383329e-06,9.574994e-06,1.0029165e-05,9.85833e-06,9.137495e-06,8.054161e-06,5.416663e-06
2,547,1053.005,0.906,8.487495e-06,9.633327e-06,9.191665e-06,9.458327e-06,9.041659e-06,9.637499e-06,1.0054159e-05,1.1245831e-05,1.0108328e-05,9.341661e-06,9.533326e-06,9.987497e-06,9.804161e-06,9.091664e-06,8.04166e-06,5.374996e-06
2,548,1053.156,0.904,8.441662e-06,9.60416e-06,9.154161e-06,9.433325e-06,9.012492e-06,9.60416e-06,1.0029165e-05,1.1204163e-05,1.0070833e-05,9.312495e-06,9.499995e-06,9.954158e-06,9.766666e-06,9.066661e-06,8.029159e-06,5.349994e-06
2,549,1053.307,0.902,8.395831e-06,9.562493e-06,9.108328e-06,9.383329e-06,8.970833e-06,9.562493e-06,9.970832e-06,1.1154159e-05,1.0024993e-05,9.279163e-06,9.454163e-06,9.916663e-06,9.716662e-06,9.02083e-06,8.008329e-06,5.320827e-06
2,550,1053.458,0.9,8.354164e-06,9.524997e-06,9.074998e-06,9.358327e-06,8.941666e-06,9.529162e-06,9.941666e-06,1.1120828e-05,9.987497e-06,9.249997e-06,9.424996e-06,9.883332e-06,9.683331e-06,8.991663e-06,7.999993e-06,5.291661e-06
2,551,1053.609,0.898,8.308331e-06,9.483329e-06,9.029166e-06,9.30833e-06,8.899999e-06,9.491666e-06,9.895825e-06,1.106666e-05,9.937493e-06,9.208329e-06,9.379164e-06,9.841665e-06,9.637499e-06,8.949995e-06,7.983327e-06,5.254165e-06
2,552,1053.76,0.896,8.274992e-06,9.458327e-06,8.999999e-06,9.287493e-06,8.874997e-06,9.458327e-06,9.866659e-06,1.1033329e-05,9.899998e-06,9.183327e-06,9.349998e-06,9.812498e-06,9.599996e-06,8.916664e-06,7.974998e-06,5.224999e-06
2,553,1053.91,0.894,8.22916e-06,9.412495e-06,8.954159e-06,9.24166e-06,8.824993e-06,9.41666e-06,9.824999e-06,1.097916e-05,9.849993e-06,9.14166e-06,9.304166e-06,9.762493e-06,9.549999e-06,8.870832e-06,7.958332e-06,5.195832e-06
2,554,1054.061,0.892,8.191665e-06,9.383329e-06,8.929165e-06,9.216667e-06,8.799998e-06,9.387493e-06,9.787496e-06,1.0945829e-05,9.824999e-06,9.116666e-06,9.270827e-06,9.7375e-06,9.516661e-06,8.84583e-06,7.949996e-06,5.17083e-06
2,555,1054.212,0.89,8.154162e-06,9.341661e-06,8.887498e-06,9.174999e-06,8.75833e-06,9.337497e-06,9.741664e-06,1.0895832e-05,9.770831e-06,9.070825e-06,9.229159e-06,9.695832e-06,9.466664e-06,8.795826e-06,7.93333e-06,5.137499e-06
2,556,1054.363,0.888,8.116658e-06,9.312495e-06,8.858331e-06,9.149996e-06,8.733328e-06,9.30833e-06,9.712498e-06,1.0858329e-05,9.7375e-06,9.049996e-06,9.195828e-06,9.666665e-06,9.429161e-06,8.770831e-06,7.920829e-06,5.112497e-06
2,557,1054.514,0.886,8.074999e-06,9.275e-06,8.820828e-06,9.099992e-06,8.687496e-06,9.266662e-06,9.662493e-06,1.0799996e-05,9.683331e-06,9.012492e-06,9.149996e-06,9.620825e-06,9.379164e-06,8.724999e-06,7.908328e-06,5.074994e-06
2,558,1054.665,0.884,8.037496e-06,9.24166e-06,8.791661e-06,9.074998e-06,8.654165e-06,9.233332e-06,9.637499e-06,1.0766666e-05,9.649992e-06,8.987498e-06,9.12083e-06,9.595831e-06,9.345826e-06,8.695833e-06,7.899992e-06,5.054164e-06
2,559,1054.815,0.882,7.999993e-06,9.204166e-06,8.754166e-06,9.033331e-06,8.616662e-06,9.191665e-06,9.587495e-06,1.0716661e-05,9.595831e-06,8.945831e-06,9.070825e-06,9.549999e-06,9.291664e-06,8.645829e-06,7.883326e-06,5.016661e-06
2,560,1054.966,0.88,7.966662e-06,9.179163e-06,8.733328e-06,9.008329e-06,8.587495e-06,9.162498e-06,9.558328e-06,1.0679166e-05,9.566665e-06,8.916664e-06,9.041659e-06,9.516661e-06,9.258326e-06,8.620827e-06,7.874997e-06,4.995831e-06
2,561,1055.117,0.878,7.93333e-06,9.137495e-06,8.695833e-06,8.970833e-06,8.549992e-06,9.112493e-06,9.512496e-06,1.0624997e-05,9.516661e-06,8.883325e-06,8.995827e-06,9.474993e-06,9.208329e-06,8.579159e-06,7.862496e-06,4.962492e-06
2,562,1055.268,0.876,7.895827e-06,9.108328e-06,8.670831e-06,8.945831e-06,8.516661e-06,9.087499e-06,9.483329e-06,1.0591666e-05,9.483329e-06,8.854158e-06,8.96666e-06,9.441662e-06,9.170826e-06,8.545828e-06,7.849995e-06,4.937498e-06
2,563,1055.419,0.874,7.866661e-06,9.074998e-06,8.637492e-06,8.908328e-06,8.474994e-06,9.041659e-06,9.433325e-06,1.0537497e-05,9.433325e-06,8.812499e-06,8.916664e-06,9.404159e-06,9.124994e-06,8.50416e-06,7.841659e-06,4.904159e-06
2,564,1055.57,0.872,7.829165e-06,9.045832e-06,8.616662e-06,8.883325e-06,8.45e-06,9.012492e-06,9.399994e-06,1.0499994e-05,9.39583e-06,8.783332e-06,8.883325e-06,9.370828e-06,9.091664e-06,8.474994e-06,7.824993e-06,4.879165e-06
2,565,1055.721,0.87,7.795827e-06,9.008329e-06,8.579159e-06,8.837494e-06,8.408332e-06,8.96666e-06,9.349998e-06,1.0445825e-05,9.345826e-06,8.745829e-06,8.841665e-06,9.320831e-06,9.033331e-06,8.429161e-06,7.812492e-06,4.845826e-06
2,566,1055.871,0.868,7.76666e-06,8.979162e-06,8.558329e-06,8.812499e-06,8.370828e-06,8.93333e-06,9.320831e-06,1.040833e-05,9.312495e-06,8.716663e-06,8.804162e-06,9.295829e-06,8.999999e-06,8.395831e-06,7.799999e-06,4.824996e-06
2,567,1056.022,0.866,7.737493e-06,8.941666e-06,8.533327e-06,8.774996e-06,8.333325e-06,8.887498e-06,9.270827e-06,1.0349997e-05,9.258326e-06,8.674995e-06,8.75833e-06,9.249997e-06,8.949995e-06,8.358327e-06,7.791662e-06,4.787493e-06
2,568,1056.173,0.864,7.708327e-06,8.916664e-06,8.512497e-06,8.749994e-06,8.304159e-06,8.854158e-06,9.237496e-06,1.0316666e-05,9.22083e-06,8.645829e-06,8.729164e-06,9.22083e-06,8.908328e-06,8.324997e-06,7.779161e-06,4.766663e-06
2,569,1056.324,0.862,7.683333e-06,8.895826e-06,8.495832e-06,8.729164e-06,8.270827e-06,8.829164e-06,9.208329e-06,1.0283327e-05,9.195828e-06,8.629163e-06,8.704162e-06,9.195828e-06,8.883325e-06,8.299994e-06,7.770833e-06,4.749998e-06
2,570,1056.475,0.86,7.658331e-06,8.858331e-06,8.470829e-06,8.691661e-06,8.233333e-06,8.787497e-06,9.162498e-06,1.0233331e-05,9.14166e-06,8.583331e-06,8.654165e-06,9.149996e-06,8.829164e-06,8.254163e-06,7.762495e-06,4.716659e-06
2,571,1056.626,0.858,7.633328e-06,8.833329e-06,8.454163e-06,8.670831e-06,8.204166e-06,8.754166e-06,9.129159e-06,1.0191663e-05,9.108328e-06,8.554164e-06,8.620827e-06,9.12083e-06,8.795826e-06,8.224996e-06,7.749994e-06,4.699993e-06
2,572,1056.776,0.856,7.608326e-06,8.795826e-06,8.429161e-06,8.633328e-06,8.158326e-06,8.704162e-06,9.087499e-06,1.0137494e-05,9.058333e-06,8.516661e-06,8.574994e-06,9.074998e-06,8.745829e-06,8.183329e-06,7.737493e-06,4.662498e-06
2,573,1056.927,0.854,7.583332e-06,8.770831e-06,8.408332e-06,8.612497e-06,8.133332e-06,8.674995e-06,9.049996e-06,1.0104163e-05,9.024993e-06,8.491659e-06,8.545828e-06,9.049996e-06,8.712498e-06,8.158326e-06,7.724992e-06,4.64166e-06
2,574,1057.078,0.852,7.554166e-06,8.741665e-06,8.383329e-06,8.566665e-06,8.087492e-06,8.629163e-06,9.008329e-06,1.004583e-05,8.979162e-06,8.454163e-06,8.50416e-06,9.004164e-06,8.65833e-06,8.10833e-06,7.7125e-06,4.612494e-06
2,575,1057.229,0.85,7.537492e-06,8.716663e-06,8.370828e-06,8.549992e-06,8.062498e-06,8.604161e-06,8.974997e-06,1.0008327e-05,8.941666e-06,8.424998e-06,8.470829e-06,8.974997e-06,8.629163e-06,8.083328e-06,7.704162e-06,4.591664e-06
2,576,1057.38,0.848,7.508326e-06,8.683332e-06,8.345826e-06,8.516661e-06,8.02083e-06,8.554164e-06,8.929165e-06,9.95833e-06,8.891662e-06,8.383329e-06,8.424998e-06,8.929165e-06,8.579159e-06,8.04166e-06,7.691661e-06,4.562497e-06
2,577,1057.531,0.846,7.49166e-06,8.65833e-06,8.329161e-06,8.495832e-06,7.987499e-06,8.524998e-06,8.895826e-06,9.920827e-06,8.858331e-06,8.358327e-06,8.391658e-06,8.899999e-06,8.541663e-06,8.008329e-06,7.683333e-06,4.54166e-06
2,578,1057.682,0.844,7.466666e-06,8.624998e-06,8.304159e-06,8.458328e-06,7.949996e-06,8.48333e-06,8.84583e-06,9.862494e-06,8.808327e-06,8.31666e-06,8.345826e-06,8.858331e-06,8.491659e-06,7.966662e-06,7.670832e-06,4.512493e-06
2,579,1057.832,0.842,7.454165e-06,8.604161e-06,8.29583e-06,8.437499e-06,7.916665e-06,8.454163e-06,8.816663e-06,9.824999e-06,8.774996e-06,8.287493e-06,8.320832e-06,8.820828e-06,8.462493e-06,7.937495e-06,7.666659e-06,4.495827e-06
2,580,1057.983,0.84,7.424998e-06,8.57083e-06,8.266664e-06,8.404159e-06,7.879162e-06,8.408332e-06,8.770831e-06,9.770831e-06,8.724999e-06,8.245825e-06,8.270827e-06,8.77916e-06,8.412496e-06,7.895827e-06,7.645829e-06,4.466661e-06
2,581,1058.134,0.838,7.408333e-06,8.549992e-06,8.258326e-06,8.383329e-06,7.849995e-06,8.374993e-06,8.737493e-06,9.733327e-06,8.691661e-06,8.220832e-06,8.237497e-06,8.749994e-06,8.379166e-06,7.870825e-06,7.641665e-06,4.449995e-06
2,582,1058.285,0.836,7.395832e-06,8.516661e-06,8.233333e-06,8.345826e-06,7.804163e-06,8.329161e-06,8.687496e-06,9.679158e-06,8.641664e-06,8.179164e-06,8.19583e-06,8.704162e-06,8.329161e-06,7.824993e-06,7.629164e-06,4.420829e-06
2,583,1058.436,0.834,7.374994e-06,8.499996e-06,8.22916e-06,8.333325e-06,7.779161e-06,8.299994e-06,8.662494e-06,9.641663e-06,8.612497e-06,8.154162e-06,8.162498e-06,8.674995e-06,8.299994e-06,7.799999e-06,7.620828e-06,4.404164e-06
2,584,1058.587,0.832,7.358328e-06,8.462493e-06,8.204166e-06,8.291666e-06,7.733329e-06,8.254163e-06,8.608326e-06,9.587495e-06,8.562493e-06,8.112494e-06,8.120831e-06,8.629163e-06,8.249998e-06,7.758331e-06,7.612498e-06,4.379161e-06
2,585,1058.737,0.83,7.341663e-06,8.441662e-06,8.19583e-06,8.274992e-06,7.704162e-06,8.224996e-06,8.579159e-06,9.549999e-06,8.529162e-06,8.087492e-06,8.091664e-06,8.604161e-06,8.220832e-06,7.733329e-06,7.599997e-06,4.362496e-06
2,586,1058.888,0.828,7.329162e-06,8.412496e-06,8.170828e-06,8.237497e-06,7.666659e-06,8.179164e-06,8.529162e-06,9.491666e-06,8.479166e-06,8.049997e-06,8.04166e-06,8.554164e-06,8.166663e-06,7.687497e-06,7.587496e-06,4.337493e-06
2,587,1059.039,0.826,7.316661e-06,8.391658e-06,8.162498e-06,8.220832e-06,7.633328e-06,8.145825e-06,8.495832e-06,9.454163e-06,8.445827e-06,8.02083e-06,8.012494e-06,8.529162e-06,8.141661e-06,7.662495e-06,7.57916e-06,4.324992e-06
2,588,1059.19,0.824,7.299996e-06,8.358327e-06,8.141661e-06,8.187492e-06,7.587496e-06,8.099993e-06,8.445827e-06,9.399994e-06,8.395831e-06,7.979163e-06,7.970826e-06,8.48333e-06,8.095829e-06,7.624992e-06,7.570831e-06,4.295826e-06
2,589,1059.341,0.822,7.287495e-06,8.345826e-06,8.137496e-06,8.179164e-06,7.566658e-06,8.074999e-06,8.424998e-06,9.366663e-06,8.370828e-06,7.958332e-06,7.945831e-06,8.454163e-06,8.066662e-06,7.599997e-06,7.562494e-06,4.283325e-06
2,590,1059.492,0.82,7.274993e-06,8.31666e-06,8.116658e-06,8.141661e-06,7.524999e-06,8.024995e-06,8.370828e-06,9.312495e-06,8.31666e-06,7.912493e-06,7.895827e-06,8.412496e-06,8.02083e-06,7.562494e-06,7.549993e-06,4.262495e-06
2,591,1059.642,0.818,7.270829e-06,8.29583e-06,8.104165e-06,8.124995e-06,7.495833e-06,7.995828e-06,8.345826e-06,9.275e-06,8.291666e-06,7.891663e-06,7.866661e-06,8.383329e-06,7.987499e-06,7.533328e-06,7.545829e-06,4.24583e-06
2,592,1059.793,0.816,7.249999e-06,8.270827e-06,8.083328e-06,8.087492e-06,7.454165e-06,7.954161e-06,8.291666e-06,9.22083e-06,8.241662e-06,7.849995e-06,7.824993e-06,8.337498e-06,7.945831e-06,7.499997e-06,7.533328e-06,4.229164e-06
2,593,1059.944,0.814,7.245827e-06,8.249998e-06,8.074999e-06,8.070827e-06,7.420826e-06,7.920829e-06,8.266664e-06,9.187492e-06,8.212495e-06,7.829165e-06,7.795827e-06,8.312496e-06,7.924994e-06,7.474995e-06,7.524999e-06,4.212499e-06
2,594,1060.095,0.812,7.233326e-06,8.216659e-06,8.054161e-06,8.04166e-06,7.387495e-06,7.874997e-06,8.216659e-06,9.124994e-06,8.162498e-06,7.783326e-06,7.749994e-06,8.266664e-06,7.874997e-06,7.433327e-06,7.512498e-06,4.191661e-06
2,595,1060.246,0.81,7.224997e-06,8.19583e-06,8.045832e-06,8.016666e-06,7.358328e-06,7.845831e-06,8.183329e-06,9.091664e-06,8.133332e-06,7.758331e-06,7.724992e-06,8.233333e-06,7.849995e-06,7.412497e-06,7.508326e-06,4.183332e-06
2,596,1060.397,0.808,7.224997e-06,8.187492e-06,8.033331e-06,8.008329e-06,7.329162e-06,7.812492e-06,8.158326e-06,9.05416e-06,8.099993e-06,7.733329e-06,7.695826e-06,8.208331e-06,7.820829e-06,7.387495e-06,7.504161e-06,4.170831e-06
2,597,1060.548,0.806,7.208331e-06,8.154162e-06,8.008329e-06,7.974998e-06,7.295831e-06,7.76666e-06,8.112494e-06,8.999999e-06,8.058326e-06,7.695826e-06,7.654166e-06,8.166663e-06,7.779161e-06,7.349992e-06,7.487496e-06,4.149993e-06
2,598,1060.698,0.804,7.199995e-06,8.137496e-06,7.999993e-06,7.954161e-06,7.262492e-06,7.737493e-06,8.079163e-06,8.96666e-06,8.033331e-06,7.670832e-06,7.629164e-06,8.137496e-06,7.754159e-06,7.324998e-06,7.483332e-06,4.137492e-06
2,599,1060.849,0.802,7.187494e-06,8.10833e-06,7.974998e-06,7.920829e-06,7.229161e-06,7.691661e-06,8.029159e-06,8.908328e-06,7.983327e-06,7.633328e-06,7.587496e-06,8.091664e-06,7.708327e-06,7.28333e-06,7.466666e-06,4.116662e-06
2,600,1061.0,0.8,7.187494e-06,8.087492e-06,7.970826e-06,7.908328e-06,7.191666e-06,7.658331e-06,7.995828e-06,8.870832e-06,7.954161e-06,7.608326e-06,7.55833e-06,8.062498e-06,7.683333e-06,7.262492e-06,7.466666e-06,4.108326e-06
2,601,1061.151,0.798,7.170828e-06,8.058326e-06,7.945831e-06,7.870825e-06,7.154163e-06,7.616663e-06,7.954161e-06,8.820828e-06,7.904164e-06,7.566658e-06,7.516662e-06,8.016666e-06,7.641665e-06,7.224997e-06,7.458329e-06,4.09166e-06
2,602,1061.302,0.796,7.170828e-06,8.04166e-06,7.93333e-06,7.849995e-06,7.129161e-06,7.583332e-06,7.920829e-06,8.783332e-06,7.874997e-06,7.541664e-06,7.487496e-06,7.987499e-06,7.612498e-06,7.204159e-06,7.449993e-06,4.087496e-06
2,603,1061.453,0.794,7.158327e-06,8.012494e-06,7.912493e-06,7.820829e-06,7.091665e-06,7.537492e-06,7.874997e-06,8.724999e-06,7.83333e-06,7.499997e-06,7.445828e-06,7.945831e-06,7.574995e-06,7.170828e-06,7.437499e-06,4.066666e-06
2,604,1061.603,0.792,7.154163e-06,7.995828e-06,7.904164e-06,7.804163e-06,7.066663e-06,7.508326e-06,7.845831e-06,8.695833e-06,7.799999e-06,7.479159e-06,7.424998e-06,7.920829e-06,7.55833e-06,7.145826e-06,7.433327e-06,4.058329e-06
2,605,1061.754,0.79,7.141662e-06,7.970826e-06,7.883326e-06,7.774996e-06,7.024995e-06,7.462494e-06,7.799999e-06,8.641664e-06,7.762495e-06,7.441664e-06,7.383331e-06,7.874997e-06,7.512498e-06,7.108331e-06,7.420826e-06,4.037492e-06
2,606,1061.905,0.788,7.137497e-06,7.949996e-06,7.870825e-06,7.754159e-06,6.995829e-06,7.433327e-06,7.770833e-06,8.608326e-06,7.729165e-06,7.416661e-06,7.358328e-06,7.849995e-06,7.495833e-06,7.095829e-06,7.416661e-06,4.033327e-06
2,607,1062.056,0.786,7.124996e-06,7.916665e-06,7.845831e-06,7.724992e-06,6.958326e-06,7.383331e-06,7.720828e-06,8.549992e-06,7.683333e-06,7.379158e-06,7.320825e-06,7.804163e-06,7.454165e-06,7.054162e-06,7.40416e-06,4.016661e-06
2,608,1062.207,0.784,7.120832e-06,7.904164e-06,7.837494e-06,7.708327e-06,6.933331e-06,7.354164e-06,7.691661e-06,8.512497e-06,7.658331e-06,7.354164e-06,7.295831e-06,7.779161e-06,7.433327e-06,7.037497e-06,7.395832e-06,4.008325e-06
2,609,1062.358,0.782,7.108331e-06,7.870825e-06,7.812492e-06,7.67916e-06,6.895828e-06,7.312497e-06,7.645829e-06,8.462493e-06,7.612498e-06,7.316661e-06,7.254163e-06,7.733329e-06,7.387495e-06,6.999993e-06,7.387495e-06,3.995832e-06
2,610,1062.509,0.78,7.108331e-06,7.85416e-06,7.799999e-06,7.658331e-06,6.866662e-06,7.279165e-06,7.616663e-06,8.424998e-06,7.587496e-06,7.291659e-06,7.233326e-06,7.708327e-06,7.374994e-06,6.979164e-06,7.383331e-06,3.983331e-06
2,611,1062.659,0.778,7.091665e-06,7.816664e-06,7.770833e-06,7.620828e-06,6.829158e-06,7.233326e-06,7.566658e-06,8.374993e-06,7.545829e-06,7.254163e-06,7.191666e-06,7.666659e-06,7.333326e-06,6.945832e-06,7.37083e-06,3.97083e-06
2,612,1062.81,0.776,7.087493e-06,7.804163e-06,7.762495e-06,7.604162e-06,6.808329e-06,7.204159e-06,7.541664e-06,8.337498e-06,7.516662e-06,7.233326e-06,7.170828e-06,7.641665e-06,7.312497e-06,6.924995e-06,7.37083e-06,3.962493e-06
2,613,1062.961,0.774,7.079164e-06,7.770833e-06,7.729165e-06,7.570831e-06,6.774998e-06,7.158327e-06,7.495833e-06,8.283329e-06,7.47083e-06,7.19583e-06,7.129161e-06,7.599997e-06,7.274993e-06,6.891664e-06,7.358328e-06,3.949992e-06
2,614,1063.112,0.772,7.074992e-06,7.749994e-06,7.720828e-06,7.549993e-06,6.741659e-06,7.129161e-06,7.462494e-06,8.245825e-06,7.445828e-06,7.179165e-06,7.108331e-06,7.574995e-06,7.254163e-06,6.870826e-06,7.354164e-06,3.941663e-06
2,615,1063.263,0.77,7.058326e-06,7.720828e-06,7.695826e-06,7.520827e-06,6.704164e-06,7.083328e-06,7.416661e-06,8.19583e-06,7.40416e-06,7.141662e-06,7.070827e-06,7.529163e-06,7.21666e-06,6.833331e-06,7.341663e-06,3.924998e-06
2,616,1063.414,0.768,7.049998e-06,7.699999e-06,7.67916e-06,7.499997e-06,6.679161e-06,7.049998e-06,7.387495e-06,8.158326e-06,7.379158e-06,7.120832e-06,7.049998e-06,7.508326e-06,7.19583e-06,6.816666e-06,7.337499e-06,3.920825e-06
2,617,1063.564,0.766,7.041661e-06,7.670832e-06,7.654166e-06,7.462494e-06,6.645831e-06,7.00833e-06,7.341663e-06,8.104165e-06,7.333326e-06,7.083328e-06,7.012494e-06,7.462494e-06,7.1625e-06,6.779162e-06,7.324998e-06,3.90416e-06
2,618,1063.715,0.764,7.033332e-06,7.645829e-06,7.633328e-06,7.441664e-06,6.612492e-06,6.974999e-06,7.312497e-06,8.070827e-06,7.308332e-06,7.062499e-06,6.995829e-06,7.437499e-06,7.141662e-06,6.762496e-06,7.324998e-06,3.899996e-06
2,619,1063.866,0.762,7.020831e-06,7.616663e-06,7.599997e-06,7.412497e-06,6.583325e-06,6.929159e-06,7.266664e-06,8.024995e-06,7.270829e-06,7.024995e-06,6.962498e-06,7.395832e-06,7.104159e-06,6.729166e-06,7.316661e-06,3.88333e-06
2,620,1064.017,0.76,7.020831e-06,7.599997e-06,7.587496e-06,7.387495e-06,6.558331e-06,6.904165e-06,7.241662e-06,7.987499e-06,7.245827e-06,7.004166e-06,6.937496e-06,7.37083e-06,7.083328e-06,6.708328e-06,7.308332e-06,3.879165e-06
2,621,1064.168,0.758,7.004166e-06,7.562494e-06,7.55833e-06,7.358328e-06,6.524992e-06,6.858325e-06,7.19583e-06,7.93333e-06,7.204159e-06,6.970827e-06,6.908329e-06,7.333326e-06,7.049998e-06,6.679161e-06,7.295831e-06,3.862492e-06
2,622,1064.319,0.756,6.991665e-06,7.541664e-06,7.537492e-06,7.333326e-06,6.495825e-06,6.829158e-06,7.166664e-06,7.895827e-06,7.174993e-06,6.945832e-06,6.879163e-06,7.308332e-06,7.02916e-06,6.649995e-06,7.291659e-06,3.849999e-06
2,623,1064.469,0.754,6.987492e-06,7.524999e-06,7.524999e-06,7.316661e-06,6.47916e-06,6.795828e-06,7.137497e-06,7.866661e-06,7.154163e-06,6.933331e-06,6.862497e-06,7.28333e-06,7.012494e-06,6.63333e-06,7.291659e-06,3.849999e-06
2,624,1064.62,0.752,6.970827e-06,7.49166e-06,7.49166e-06,7.279165e-06,6.441664e-06,6.75416e-06,7.091665e-06,7.816664e-06,7.112495e-06,6.895828e-06,6.829158e-06,7.241662e-06,6.974999e-06,6.599998e-06,7.279165e-06,3.829161e-06
2,625,1064.771,0.75,6.962498e-06,7.466666e-06,7.474995e-06,7.258328e-06,6.420827e-06,6.724993e-06,7.062499e-06,7.787497e-06,7.095829e-06,6.874998e-06,6.812493e-06,7.21666e-06,6.949997e-06,6.574996e-06,7.274993e-06,3.824997e-06
2,626,1064.922,0.748,6.94166e-06,7.433327e-06,7.437499e-06,7.21666e-06,6.383332e-06,6.683326e-06,7.024995e-06,7.733329e-06,7.049998e-06,6.841659e-06,6.779162e-06,7.179165e-06,6.916666e-06,6.537493e-06,7.266664e-06,3.804159e-06
2,627,1065.073,0.746,6.937496e-06,7.412497e-06,7.420826e-06,7.199995e-06,6.366666e-06,6.654159e-06,6.995829e-06,7.699999e-06,7.033332e-06,6.824994e-06,6.762496e-06,7.154163e-06,6.895828e-06,6.520828e-06,7.262492e-06,3.804159e-06
2,628,1065.224,0.744,6.912494e-06,7.374994e-06,7.387495e-06,7.1625e-06,6.329163e-06,6.608327e-06,6.945832e-06,7.649994e-06,6.987492e-06,6.787499e-06,6.724993e-06,7.112495e-06,6.858325e-06,6.487497e-06,7.245827e-06,3.783329e-06
2,629,1065.375,0.742,6.908329e-06,7.345827e-06,7.366665e-06,7.137497e-06,6.308325e-06,6.579161e-06,6.924995e-06,7.616663e-06,6.966663e-06,6.770825e-06,6.708328e-06,7.091665e-06,6.837495e-06,6.470831e-06,7.245827e-06,3.774993e-06
2,630,1065.525,0.74,6.8875e-06,7.312497e-06,7.333326e-06,7.099994e-06,6.274994e-06,6.537493e-06,6.879163e-06,7.566658e-06,6.929159e-06,6.741659e-06,6.679161e-06,7.054162e-06,6.799992e-06,6.429163e-06,7.233326e-06,3.758327e-06
2,631,1065.676,0.738,6.874998e-06,7.287495e-06,7.312497e-06,7.079164e-06,6.258329e-06,6.512499e-06,6.854161e-06,7.537492e-06,6.908329e-06,6.724993e-06,6.662496e-06,7.02916e-06,6.779162e-06,6.412498e-06,7.237498e-06,3.754163e-06
2,632,1065.827,0.736,6.858325e-06,7.249999e-06,7.270829e-06,7.037497e-06,6.224998e-06,6.470831e-06,6.812493e-06,7.487496e-06,6.866662e-06,6.687498e-06,6.629165e-06,6.987492e-06,6.741659e-06,6.374995e-06,7.220833e-06,3.733325e-06
2,633,1065.978,0.734,6.841659e-06,7.229161e-06,7.249999e-06,7.012494e-06,6.208332e-06,6.441664e-06,6.783327e-06,7.454165e-06,6.845832e-06,6.674997e-06,6.612492e-06,6.962498e-06,6.720829e-06,6.349993e-06,7.220833e-06,3.724996e-06
2,634,1066.129,0.732,6.82083e-06,7.187494e-06,7.208331e-06,6.970827e-06,6.170829e-06,6.399997e-06,6.741659e-06,7.408333e-06,6.804164e-06,6.641666e-06,6.579161e-06,6.924995e-06,6.679161e-06,6.312498e-06,7.208331e-06,3.704158e-06
2,635,1066.28,0.73,6.808329e-06,7.1625e-06,7.187494e-06,6.94166e-06,6.149999e-06,6.370831e-06,6.712492e-06,7.374994e-06,6.783327e-06,6.620828e-06,6.562495e-06,6.904165e-06,6.654159e-06,6.29166e-06,7.204159e-06,3.699994e-06
2,636,1066.43,0.728,6.783327e-06,7.11666e-06,7.145826e-06,6.895828e-06,6.120833e-06,6.333327e-06,6.670833e-06,7.324998e-06,6.745831e-06,6.587497e-06,6.524992e-06,6.858325e-06,6.612492e-06,6.249992e-06,7.19583e-06,3.674992e-06
2,637,1066.581,0.726,6.766661e-06,7.091665e-06,7.124996e-06,6.879163e-06,6.099995e-06,6.304161e-06,6.641666e-06,7.295831e-06,6.720829e-06,6.570832e-06,6.512499e-06,6.841659e-06,6.595826e-06,6.229162e-06,7.19583e-06,3.666663e-06
2,638,1066.732,0.724,6.741659e-06,7.049998e-06,7.083328e-06,6.829158e-06,6.070828e-06,6.262493e-06,6.604163e-06,7.241662e-06,6.687498e-06,6.537493e-06,6.47916e-06,6.799992e-06,6.554159e-06,6.187495e-06,7.183329e-06,3.641661e-06
2,639,1066.883,0.722,6.724993e-06,7.024995e-06,7.058326e-06,6.804164e-06,6.049999e-06,6.233327e-06,6.574996e-06,7.21666e-06,6.662496e-06,6.520828e-06,6.462495e-06,6.779162e-06,6.529164e-06,6.162492e-06,7.179165e-06,3.637497e-06
2,640,1067.034,0.72,6.699999e-06,6.979164e-06,7.016659e-06,6.762496e-06,6.020832e-06,6.195831e-06,6.533329e-06,7.170828e-06,6.620828e-06,6.491661e-06,6.429163e-06,6.741659e-06,6.487497e-06,6.120833e-06,7.166664e-06,3.612495e-06
2,641,1067.185,0.718,6.679161e-06,6.954161e-06,6.991665e-06,6.729166e-06,5.999994e-06,6.170829e-06,6.508326e-06,7.141662e-06,6.604163e-06,6.474996e-06,6.416662e-06,6.720829e-06,6.466659e-06,6.099995e-06,7.166664e-06,3.604166e-06
2,642,1067.336,0.716,6.654159e-06,6.908329e-06,6.945832e-06,6.687498e-06,5.974992e-06,6.133326e-06,6.470831e-06,7.095829e-06,6.562495e-06,6.441664e-06,6.383332e-06,6.683326e-06,6.420827e-06,6.054163e-06,7.154163e-06,3.583328e-06
2,643,1067.486,0.714,6.637494e-06,6.883327e-06,6.924995e-06,6.66666e-06,5.958327e-06,6.108331e-06,6.449994e-06,7.066663e-06,6.54583e-06,6.424999e-06,6.366666e-06,6.662496e-06,6.399997e-06,6.029161e-06,7.149999e-06,3.574999e-06
2,644,1067.637,0.712,6.608327e-06,6.837495e-06,6.874998e-06,6.612492e-06,5.933332e-06,6.070828e-06,6.408326e-06,7.020831e-06,6.508326e-06,6.39166e-06,6.333327e-06,6.620828e-06,6.354165e-06,5.991666e-06,7.141662e-06,3.549997e-06
2,645,1067.788,0.71,6.583325e-06,6.804164e-06,6.849996e-06,6.587497e-06,5.916659e-06,6.045826e-06,6.383332e-06,6.995829e-06,6.483333e-06,6.379159e-06,6.320826e-06,6.599998e-06,6.333327e-06,5.966663e-06,7.137497e-06,3.537496e-06
2,646,1067.939,0.708,6.558331e-06,6.758332e-06,6.804164e-06,6.541665e-06,5.887493e-06,6.012495e-06,6.349993e-06,6.949997e-06,6.445829e-06,6.341664e-06,6.287495e-06,6.56666e-06,6.283331e-06,5.920831e-06,7.124996e-06,3.512494e-06
2,647,1068.09,0.706,6.533329e-06,6.729166e-06,6.770825e-06,6.512499e-06,5.870827e-06,5.987493e-06,6.320826e-06,6.92083e-06,6.424999e-06,6.324999e-06,6.27083e-06,6.54583e-06,6.262493e-06,5.895829e-06,7.11666e-06,3.504165e-06
2,648,1068.241,0.704,6.504162e-06,6.683326e-06,6.729166e-06,6.462495e-06,5.845833e-06,5.954162e-06,6.287495e-06,6.874998e-06,6.387496e-06,6.299997e-06,6.233327e-06,6.508326e-06,6.212497e-06,5.849997e-06,7.112495e-06,3.474998e-06
2,649,1068.391,0.702,6.487497e-06,6.649995e-06,6.699999e-06,6.433328e-06,5.837496e-06,5.933332e-06,6.266665e-06,6.854161e-06,6.362494e-06,6.279159e-06,6.224998e-06,6.487497e-06,6.187495e-06,5.829159e-06,7.112495e-06,3.466662e-06
2,650,1068.542,0.7,6.466659e-06,6.629165e-06,6.674997e-06,6.404161e-06,5.820831e-06,5.912495e-06,6.241663e-06,6.824994e-06,6.345828e-06,6.266665e-06,6.208332e-06,6.466659e-06,6.162492e-06,5.799993e-06,7.108331e-06,3.449996e-06
2,651,1068.693,0.698,6.429163e-06,6.574996e-06,6.616664e-06,6.354165e-06,5.795829e-06,5.874999e-06,6.20416e-06,6.779162e-06,6.299997e-06,6.229162e-06,6.170829e-06,6.429163e-06,6.108331e-06,5.749996e-06,7.095829e-06,3.424994e-06
2,652,1068.844,0.696,6.404161e-06,6.541665e-06,6.591662e-06,6.324999e-06,5.774998e-06,5.854161e-06,6.187495e-06,6.762496e-06,6.283331e-06,6.216661e-06,6.162492e-06,6.408326e-06,6.087494e-06,5.724994e-06,7.091665e-06,3.412493e-06
2,653,1068.995,0.694,6.370831e-06,6.491661e-06,6.541665e-06,6.27083e-06,5.754161e-06,5.820831e-06,6.145827e-06,6.716665e-06,6.241663e-06,6.179166e-06,6.124997e-06,6.370831e-06,6.033325e-06,5.670825e-06,7.074992e-06,3.383326e-06
2,654,1069.146,0.692,6.341664e-06,6.454166e-06,6.508326e-06,6.237499e-06,5.74166e-06,5.799993e-06,6.124997e-06,6.687498e-06,6.220826e-06,6.162492e-06,6.108331e-06,6.349993e-06,6.008331e-06,5.645832e-06,7.070827e-06,3.366661e-06
2,655,1069.296,0.69,6.308325e-06,6.408326e-06,6.45833e-06,6.191659e-06,5.716666e-06,5.766662e-06,6.087494e-06,6.645831e-06,6.174993e-06,6.133326e-06,6.070828e-06,6.312498e-06,5.954162e-06,5.595827e-06,7.062499e-06,3.341659e-06
2,656,1069.447,0.688,6.283331e-06,6.379159e-06,6.429163e-06,6.162492e-06,5.704164e-06,5.749996e-06,6.070828e-06,6.624993e-06,6.158328e-06,6.112496e-06,6.054163e-06,6.29166e-06,5.92916e-06,5.570825e-06,7.054162e-06,3.324993e-06
2,657,1069.598,0.686,6.241663e-06,6.320826e-06,6.374995e-06,6.104159e-06,5.679162e-06,5.72083e-06,6.033325e-06,6.583325e-06,6.116661e-06,6.079165e-06,6.01666e-06,6.254164e-06,5.874999e-06,5.516664e-06,7.037497e-06,3.295827e-06
2,658,1069.749,0.684,6.216661e-06,6.287495e-06,6.341664e-06,6.066664e-06,5.670825e-06,5.699992e-06,6.012495e-06,6.562495e-06,6.09583e-06,6.062492e-06,5.999994e-06,6.233327e-06,5.849997e-06,5.487498e-06,7.033332e-06,3.279162e-06
2,659,1069.9,0.682,6.179166e-06,6.233327e-06,6.29166e-06,6.020832e-06,5.649996e-06,5.666661e-06,5.979165e-06,6.516663e-06,6.049999e-06,6.024996e-06,5.966663e-06,6.199996e-06,5.799993e-06,5.441666e-06,7.016659e-06,3.254159e-06
2,660,1070.051,0.68,6.154164e-06,6.20416e-06,6.262493e-06,5.987493e-06,5.637495e-06,5.65416e-06,5.966663e-06,6.499998e-06,6.033325e-06,6.012495e-06,5.954162e-06,6.179166e-06,5.766662e-06,5.412499e-06,7.016659e-06,3.237494e-06
2,661,1070.202,0.678,6.112496e-06,6.149999e-06,6.20416e-06,5.933332e-06,5.616665e-06,5.629166e-06,5.933332e-06,6.45833e-06,5.991666e-06,5.979165e-06,5.912495e-06,6.137498e-06,5.716666e-06,5.35833e-06,7.004166e-06,3.208327e-06
2,662,1070.352,0.676,6.079165e-06,6.116661e-06,6.179166e-06,5.904166e-06,5.608328e-06,5.612493e-06,5.912495e-06,6.441664e-06,5.970828e-06,5.962499e-06,5.899994e-06,6.120833e-06,5.691663e-06,5.333328e-06,7.004166e-06,3.195826e-06
2,663,1070.503,0.674,6.045826e-06,6.062492e-06,6.124997e-06,5.845833e-06,5.583326e-06,5.587498e-06,5.883328e-06,6.399997e-06,5.92916e-06,5.920831e-06,5.858326e-06,6.083329e-06,5.63333e-06,5.27916e-06,6.983328e-06,3.162495e-06
2,664,1070.654,0.672,6.012495e-06,6.029161e-06,6.087494e-06,5.812494e-06,5.574997e-06,5.570825e-06,5.862498e-06,6.379159e-06,5.904166e-06,5.90833e-06,5.84166e-06,6.062492e-06,5.599999e-06,5.249993e-06,6.979164e-06,3.14583e-06
2,665,1070.805,0.67,5.966663e-06,5.974992e-06,6.033325e-06,5.754161e-06,5.549995e-06,5.541659e-06,5.824995e-06,6.337492e-06,5.858326e-06,5.866663e-06,5.799993e-06,6.020832e-06,5.541659e-06,5.187495e-06,6.962498e-06,3.108327e-06
2,666,1070.956,0.668,5.937497e-06,5.937497e-06,5.99583e-06,5.729159e-06,5.541659e-06,5.53333e-06,5.812494e-06,6.312498e-06,5.833332e-06,5.849997e-06,5.783327e-06,5.999994e-06,5.512492e-06,5.162493e-06,6.954161e-06,3.095826e-06
2,667,1071.107,0.666,5.891665e-06,5.874999e-06,5.933332e-06,5.662497e-06,5.520828e-06,5.499999e-06,5.783327e-06,6.279159e-06,5.791664e-06,5.812494e-06,5.74166e-06,5.958327e-06,5.458331e-06,5.10416e-06,6.937496e-06,3.05833e-06
2,668,1071.257,0.664,5.858326e-06,5.84166e-06,5.904166e-06,5.629166e-06,5.508327e-06,5.491662e-06,5.762497e-06,6.258329e-06,5.770826e-06,5.791664e-06,5.72083e-06,5.941661e-06,5.424992e-06,5.074994e-06,6.933331e-06,3.041665e-06
2,669,1071.408,0.662,5.80833e-06,5.779163e-06,5.84166e-06,5.570825e-06,5.491662e-06,5.462496e-06,5.729159e-06,6.216661e-06,5.72083e-06,5.749996e-06,5.679162e-06,5.895829e-06,5.370831e-06,5.020825e-06,6.912494e-06,3.012498e-06
2,670,1071.559,0.66,5.779163e-06,5.745832e-06,5.812494e-06,5.537494e-06,5.483325e-06,5.449994e-06,5.716666e-06,6.20416e-06,5.695828e-06,5.729159e-06,5.658333e-06,5.874999e-06,5.337492e-06,4.987494e-06,6.908329e-06,2.995825e-06
2,671,1071.71,0.658,5.733331e-06,5.687499e-06,5.749996e-06,5.483325e-06,5.458331e-06,5.424992e-06,5.679162e-06,6.158328e-06,5.649996e-06,5.691663e-06,5.616665e-06,5.833332e-06,5.27916e-06,4.933325e-06,6.8875e-06,2.95833e-06
2,672,1071.861,0.656,5.699992e-06,5.649996e-06,5.716666e-06,5.449994e-06,5.449994e-06,5.416663e-06,5.666661e-06,6.141663e-06,5.629166e-06,5.666661e-06,5.595827e-06,5.812494e-06,5.245829e-06,4.904159e-06,6.883327e-06,2.941664e-06
2,673,1072.012,0.654,5.649996e-06,5.595827e-06,5.65416e-06,5.387497e-06,5.429165e-06,5.387497e-06,5.63333e-06,6.099995e-06,5.579162e-06,5.624994e-06,5.549995e-06,5.766662e-06,5.187495e-06,4.845826e-06,6.862497e-06,2.904161e-06
2,674,1072.163,0.652,5.616665e-06,5.55416e-06,5.620829e-06,5.349994e-06,5.420828e-06,5.374996e-06,5.616665e-06,6.083329e-06,5.55416e-06,5.604164e-06,5.53333e-06,5.745832e-06,5.158329e-06,4.812495e-06,6.849996e-06,2.887495e-06
2,675,1072.313,0.65,5.566661e-06,5.499999e-06,5.566661e-06,5.291661e-06,5.399998e-06,5.354166e-06,5.583326e-06,6.045826e-06,5.504163e-06,5.562496e-06,5.487498e-06,5.708329e-06,5.10416e-06,4.762499e-06,6.833331e-06,2.854164e-06
2,676,1072.464,0.648,5.53333e-06,5.46666e-06,5.529165e-06,5.262494e-06,5.387497e-06,5.345829e-06,5.570825e-06,6.024996e-06,5.483325e-06,5.541659e-06,5.46666e-06,5.683327e-06,5.079166e-06,4.733332e-06,6.824994e-06,2.833327e-06
2,677,1072.615,0.646,5.479161e-06,5.404162e-06,5.46666e-06,5.204161e-06,5.366659e-06,5.320827e-06,5.541659e-06,5.991666e-06,5.433329e-06,5.499999e-06,5.420828e-06,5.641659e-06,5.020825e-06,4.679163e-06,6.808329e-06,2.799996e-06
2,678,1072.766,0.644,5.449994e-06,5.370831e-06,5.433329e-06,5.17083e-06,5.362495e-06,5.312499e-06,5.529165e-06,5.970828e-06,5.408327e-06,5.479161e-06,5.399998e-06,5.620829e-06,4.991658e-06,4.649997e-06,6.795828e-06,2.78333e-06
2,679,1072.917,0.642,5.420828e-06,5.337492e-06,5.399998e-06,5.137499e-06,5.354166e-06,5.299997e-06,5.512492e-06,5.954162e-06,5.383333e-06,5.458331e-06,5.37916e-06,5.599999e-06,4.962492e-06,4.62083e-06,6.787499e-06,2.762492e-06
2,680,1073.068,0.64,5.370831e-06,5.27916e-06,5.345829e-06,5.083331e-06,5.329164e-06,5.27916e-06,5.483325e-06,5.916659e-06,5.337492e-06,5.416663e-06,5.333328e-06,5.55416e-06,4.908331e-06,4.566662e-06,6.762496e-06,2.729162e-06
2,681,1073.218,0.638,5.333328e-06,5.245829e-06,5.308326e-06,5.045827e-06,5.324991e-06,5.270831e-06,5.46666e-06,5.895829e-06,5.312499e-06,5.391661e-06,5.308326e-06,5.53333e-06,4.879165e-06,4.537495e-06,6.75416e-06,2.712496e-06
2,682,1073.369,0.636,5.287496e-06,5.19166e-06,5.249993e-06,4.987494e-06,5.299997e-06,5.245829e-06,5.433329e-06,5.862498e-06,5.25833e-06,5.345829e-06,5.25833e-06,5.487498e-06,4.82916e-06,4.487499e-06,6.73333e-06,2.674993e-06
2,683,1073.52,0.634,5.254165e-06,5.154165e-06,5.216662e-06,4.962492e-06,5.295825e-06,5.237492e-06,5.416663e-06,5.845833e-06,5.237492e-06,5.320827e-06,5.237492e-06,5.462496e-06,4.79583e-06,4.45416e-06,6.716665e-06,2.654163e-06
2,684,1073.671,0.632,5.195832e-06,5.095832e-06,5.154165e-06,4.899995e-06,5.270831e-06,5.212498e-06,5.387497e-06,5.804165e-06,5.187495e-06,5.27916e-06,5.19166e-06,5.416663e-06,4.745825e-06,4.408328e-06,6.695827e-06,2.620832e-06
2,685,1073.822,0.63,5.166666e-06,5.062493e-06,5.124998e-06,4.870828e-06,5.262494e-06,5.204161e-06,5.37916e-06,5.787492e-06,5.166666e-06,5.249993e-06,5.17083e-06,5.395826e-06,4.716659e-06,4.387498e-06,6.683326e-06,2.604159e-06
2,686,1073.973,0.628,5.116661e-06,5.004159e-06,5.062493e-06,4.816659e-06,5.237492e-06,5.183331e-06,5.341665e-06,5.745832e-06,5.112497e-06,5.208326e-06,5.124998e-06,5.354166e-06,4.674999e-06,4.337493e-06,6.658332e-06,2.574992e-06
2,687,1074.123,0.626,5.083331e-06,4.974993e-06,5.033326e-06,4.783328e-06,5.229163e-06,5.174994e-06,5.329164e-06,5.733331e-06,5.087495e-06,5.183331e-06,5.099996e-06,5.324991e-06,4.645832e-06,4.312499e-06,6.645831e-06,2.554162e-06
2,688,1074.274,0.624,5.029162e-06,4.91666e-06,4.974993e-06,4.733332e-06,5.204161e-06,5.145828e-06,5.295825e-06,5.691663e-06,5.033326e-06,5.129163e-06,5.045827e-06,5.27916e-06,4.604165e-06,4.266659e-06,6.620828e-06,2.520831e-06
2,689,1074.425,0.622,4.999995e-06,4.883329e-06,4.941662e-06,4.704165e-06,5.195832e-06,5.141664e-06,5.27916e-06,5.670825e-06,5.008332e-06,5.112497e-06,5.024997e-06,5.25833e-06,4.574998e-06,4.24583e-06,6.604163e-06,2.499994e-06
2,690,1074.576,0.62,4.941662e-06,4.824996e-06,4.883329e-06,4.649997e-06,5.17083e-06,5.116661e-06,5.249993e-06,5.629166e-06,4.958328e-06,5.062493e-06,4.974993e-06,5.212498e-06,4.529158e-06,4.199997e-06,6.574996e-06,2.470827e-06
2,691,1074.727,0.618,4.91666e-06,4.804158e-06,4.854162e-06,4.624995e-06,5.162493e-06,5.112497e-06,5.237492e-06,5.616665e-06,4.937498e-06,5.041663e-06,4.954163e-06,5.187495e-06,4.508328e-06,4.17916e-06,6.562495e-06,2.454162e-06
2,692,1074.878,0.616,4.866663e-06,4.745825e-06,4.804158e-06,4.574998e-06,5.141664e-06,5.083331e-06,5.199997e-06,5.583326e-06,4.891666e-06,4.995831e-06,4.908331e-06,5.141664e-06,4.474998e-06,4.145829e-06,6.537493e-06,2.424995e-06
2,693,1075.029,0.614,4.841661e-06,4.716659e-06,4.770827e-06,4.545832e-06,5.133327e-06,5.074994e-06,5.187495e-06,5.562496e-06,4.862499e-06,4.970829e-06,4.883329e-06,5.120826e-06,4.458332e-06,4.124999e-06,6.529164e-06,2.40833e-06
2,694,1075.179,0.612,4.79583e-06,4.674999e-06,4.724996e-06,4.508328e-06,5.108333e-06,5.054164e-06,5.162493e-06,5.524993e-06,4.820832e-06,4.929161e-06,4.841661e-06,5.074994e-06,4.420829e-06,4.09166e-06,6.495825e-06,2.379163e-06
2,695,1075.33,0.61,4.762499e-06,4.649997e-06,4.695829e-06,4.479162e-06,5.099996e-06,5.045827e-06,5.149992e-06,5.508327e-06,4.791665e-06,4.904159e-06,4.812495e-06,5.054164e-06,4.399999e-06,4.074995e-06,6.483333e-06,2.366662e-06
2,696,1075.481,0.608,4.716659e-06,4.595828e-06,4.645832e-06,4.43333e-06,5.074994e-06,5.020825e-06,5.112497e-06,5.46666e-06,4.745825e-06,4.854162e-06,4.766663e-06,5.004159e-06,4.370832e-06,4.041664e-06,6.454166e-06,2.337496e-06
2,697,1075.632,0.606,4.687492e-06,4.570826e-06,4.616666e-06,4.408328e-06,5.058328e-06,5.012496e-06,5.095832e-06,5.44583e-06,4.716659e-06,4.833333e-06,4.741661e-06,4.98333e-06,4.349994e-06,4.024998e-06,6.433328e-06,2.324995e-06
2,698,1075.783,0.604,4.64166e-06,4.524994e-06,4.562497e-06,4.36666e-06,5.029162e-06,4.98333e-06,5.066665e-06,5.404162e-06,4.670826e-06,4.779164e-06,4.691664e-06,4.933325e-06,4.320828e-06,3.995832e-06,6.404161e-06,2.295828e-06
2,699,1075.934,0.602,4.612494e-06,4.499992e-06,4.54166e-06,4.349994e-06,5.024997e-06,4.974993e-06,5.049992e-06,5.391661e-06,4.649997e-06,4.758326e-06,4.670826e-06,4.912496e-06,4.308327e-06,3.983331e-06,6.387496e-06,2.283327e-06
2,700,1076.084,0.6,4.570826e-06,4.458332e-06,4.495827e-06,4.312499e-06,4.991658e-06,4.945827e-06,5.016661e-06,5.345829e-06,4.599992e-06,4.712494e-06,4.624995e-06,4.858327e-06,4.283325e-06,3.958329e-06,6.354165e-06,2.25416e-06
2,701,1076.235,0.598,4.545832e-06,4.43333e-06,4.474998e-06,4.291662e-06,4.987494e-06,4.941662e-06,5.004159e-06,5.329164e-06,4.583327e-06,4.687492e-06,4.599992e-06,4.837497e-06,4.270832e-06,3.949992e-06,6.337492e-06,2.245831e-06
2,702,1076.386,0.596,4.504164e-06,4.395827e-06,4.429166e-06,4.258331e-06,4.954163e-06,4.912496e-06,4.970829e-06,5.291661e-06,4.53333e-06,4.64166e-06,4.558333e-06,4.791665e-06,4.254158e-06,3.933326e-06,6.299997e-06,2.220829e-06
2,703,1076.537,0.594,4.483326e-06,4.370832e-06,4.404164e-06,4.241665e-06,4.945827e-06,4.899995e-06,4.954163e-06,5.274995e-06,4.516665e-06,4.616666e-06,4.53333e-06,4.770827e-06,4.24583e-06,3.924998e-06,6.29166e-06,2.208328e-06
2,704,1076.688,0.592,4.445831e-06,4.337493e-06,4.36666e-06,4.208326e-06,4.91666e-06,4.874993e-06,4.91666e-06,5.233328e-06,4.470825e-06,4.574998e-06,4.487499e-06,4.724996e-06,4.233329e-06,3.912497e-06,6.245828e-06,2.183326e-06
2,705,1076.839,0.59,4.420829e-06,4.316664e-06,4.341666e-06,4.191661e-06,4.904159e-06,4.866663e-06,4.904159e-06,5.212498e-06,4.45416e-06,4.554161e-06,4.466661e-06,4.699993e-06,4.224992e-06,3.908332e-06,6.233327e-06,2.174997e-06
2,706,1076.99,0.588,4.404164e-06,4.295826e-06,4.324992e-06,4.17916e-06,4.891666e-06,4.854162e-06,4.891666e-06,5.19166e-06,4.429166e-06,4.529158e-06,4.449995e-06,4.679163e-06,4.224992e-06,3.90416e-06,6.216661e-06,2.166661e-06
2,707,1077.14,0.586,4.370832e-06,4.274996e-06,4.291662e-06,4.149993e-06,4.862499e-06,4.82916e-06,4.854162e-06,5.149992e-06,4.387498e-06,4.487499e-06,4.404164e-06,4.633331e-06,4.208326e-06,3.895831e-06,6.179166e-06,2.145831e-06
2,708,1077.291,0.584,4.349994e-06,4.249994e-06,4.270832e-06,4.137492e-06,4.854162e-06,4.816659e-06,4.837497e-06,5.129163e-06,4.370832e-06,4.462496e-06,4.387498e-06,4.608329e-06,4.212499e-06,3.895831e-06,6.162492e-06,2.137494e-06
2,709,1077.442,0.582,4.320828e-06,4.224992e-06,4.24583e-06,4.116662e-06,4.816659e-06,4.787493e-06,4.799994e-06,5.091659e-06,4.333329e-06,4.424993e-06,4.34583e-06,4.570826e-06,4.204162e-06,3.891659e-06,6.120833e-06,2.124993e-06
2,710,1077.593,0.58,4.304163e-06,4.208326e-06,4.229164e-06,4.104161e-06,4.804158e-06,4.770827e-06,4.787493e-06,5.07083e-06,4.312499e-06,4.395827e-06,4.320828e-06,4.54166e-06,4.208326e-06,3.895831e-06,6.099995e-06,2.116664e-06
2,711,1077.744,0.578,4.274996e-06,4.187496e-06,4.199997e-06,4.09166e-06,4.774992e-06,4.745825e-06,4.754162e-06,5.029162e-06,4.283325e-06,4.362496e-06,4.287497e-06,4.504164e-06,4.208326e-06,3.895831e-06,6.062492e-06,2.099999e-06
2,712,1077.895,0.576,4.258331e-06,4.174995e-06,4.187496e-06,4.083332e-06,4.762499e-06,4.737497e-06,4.741661e-06,5.008332e-06,4.266659e-06,4.341666e-06,4.270832e-06,4.479162e-06,4.212499e-06,3.899996e-06,6.045826e-06,2.095826e-06
2,713,1078.045,0.574,4.233329e-06,4.154166e-06,4.15833e-06,4.066666e-06,4.72916e-06,4.704165e-06,4.699993e-06,4.966664e-06,4.229164e-06,4.299998e-06,4.233329e-06,4.437494e-06,4.216663e-06,3.90416e-06,6.008331e-06,2.083325e-06
2,714,1078.196,0.572,4.220828e-06,4.141665e-06,4.149993e-06,4.062494e-06,4.716659e-06,4.691664e-06,4.683327e-06,4.945827e-06,4.212499e-06,4.27916e-06,4.212499e-06,4.416665e-06,4.224992e-06,3.912497e-06,5.979165e-06,2.079161e-06
2,715,1078.347,0.57,4.199997e-06,4.129163e-06,4.129163e-06,4.054165e-06,4.683327e-06,4.662498e-06,4.649997e-06,4.908331e-06,4.183332e-06,4.241665e-06,4.17916e-06,4.370832e-06,4.233329e-06,3.924998e-06,5.937497e-06,2.070832e-06
2,716,1078.498,0.568,4.191661e-06,4.120827e-06,4.116662e-06,4.049993e-06,4.666662e-06,4.645832e-06,4.633331e-06,4.887494e-06,4.170831e-06,4.224992e-06,4.162494e-06,4.354159e-06,4.241665e-06,3.933326e-06,5.920831e-06,2.06666e-06
2,717,1078.649,0.566,4.170831e-06,4.104161e-06,4.104161e-06,4.045828e-06,4.633331e-06,4.616666e-06,4.595828e-06,4.845826e-06,4.141665e-06,4.187496e-06,4.129163e-06,4.312499e-06,4.258331e-06,3.954164e-06,5.874999e-06,2.058331e-06
2,718,1078.8,0.564,4.162494e-06,4.099997e-06,4.09166e-06,4.049993e-06,4.62083e-06,4.604165e-06,4.579163e-06,4.824996e-06,4.129163e-06,4.170831e-06,4.120827e-06,4.295826e-06,4.266659e-06,3.958329e-06,5.849997e-06,2.054159e-06
2,719,1078.95,0.562,4.149993e-06,4.095833e-06,4.079159e-06,4.045828e-06,4.583327e-06,4.570826e-06,4.537495e-06,4.779164e-06,4.104161e-06,4.137492e-06,4.087496e-06,4.258331e-06,4.291662e-06,3.987495e-06,5.804165e-06,2.049994e-06
2,720,1079.101,0.56,4.145829e-06,4.09166e-06,4.079159e-06,4.054165e-06,4.570826e-06,4.558333e-06,4.524994e-06,4.758326e-06,4.09166e-06,4.120827e-06,4.074995e-06,4.241665e-06,4.304163e-06,3.999996e-06,5.783327e-06,2.054159e-06
2,721,1079.252,0.558,4.137492e-06,4.087496e-06,4.070831e-06,4.054165e-06,4.53333e-06,4.524994e-06,4.495827e-06,4.716659e-06,4.074995e-06,4.09166e-06,4.045828e-06,4.204162e-06,4.333329e-06,4.029163e-06,5.737495e-06,2.049994e-06
2,722,1079.403,0.556,4.137492e-06,4.09166e-06,4.062494e-06,4.062494e-06,4.520829e-06,4.508328e-06,4.474998e-06,4.695829e-06,4.062494e-06,4.079159e-06,4.037492e-06,4.183332e-06,4.34583e-06,4.045828e-06,5.708329e-06,2.049994e-06
2,723,1079.554,0.554,4.129163e-06,4.09166e-06,4.066666e-06,4.070831e-06,4.483326e-06,4.479162e-06,4.441659e-06,4.649997e-06,4.045828e-06,4.049993e-06,4.012497e-06,4.149993e-06,4.379161e-06,4.074995e-06,5.658333e-06,2.049994e-06
2,724,1079.705,0.552,4.129163e-06,4.095833e-06,4.062494e-06,4.074995e-06,4.466661e-06,4.466661e-06,4.420829e-06,4.633331e-06,4.041664e-06,4.033327e-06,4.00416e-06,4.133328e-06,4.395827e-06,4.095833e-06,5.637495e-06,2.054159e-06
2,725,1079.856,0.55,4.129163e-06,4.099997e-06,4.066666e-06,4.09166e-06,4.437494e-06,4.43333e-06,4.387498e-06,4.591664e-06,4.024998e-06,4.008325e-06,3.983331e-06,4.104161e-06,4.43333e-06,4.133328e-06,5.587498e-06,2.058331e-06
2,726,1080.006,0.548,4.137492e-06,4.108326e-06,4.070831e-06,4.104161e-06,4.424993e-06,4.424993e-06,4.370832e-06,4.570826e-06,4.020826e-06,3.999996e-06,3.974994e-06,4.087496e-06,4.45416e-06,4.154166e-06,5.566661e-06,2.062495e-06
2,727,1080.157,0.546,4.137492e-06,4.116662e-06,4.074995e-06,4.120827e-06,4.387498e-06,4.387498e-06,4.333329e-06,4.529158e-06,4.008325e-06,3.979158e-06,3.958329e-06,4.058329e-06,4.495827e-06,4.195825e-06,5.516664e-06,2.070832e-06
2,728,1080.308,0.544,4.141665e-06,4.129163e-06,4.083332e-06,4.133328e-06,4.370832e-06,4.379161e-06,4.324992e-06,4.512493e-06,4.008325e-06,3.97083e-06,3.958329e-06,4.045828e-06,4.520829e-06,4.220828e-06,5.491662e-06,2.070832e-06
2,729,1080.459,0.542,4.149993e-06,4.137492e-06,4.087496e-06,4.154166e-06,4.337493e-06,4.349994e-06,4.283325e-06,4.474998e-06,3.999996e-06,3.954164e-06,3.945827e-06,4.020826e-06,4.562497e-06,4.262495e-06,5.437493e-06,2.083325e-06
2,730,1080.61,0.54,4.162494e-06,4.149993e-06,4.099997e-06,4.174995e-06,4.320828e-06,4.337493e-06,4.270832e-06,4.462496e-06,4.00416e-06,3.945827e-06,3.941663e-06,4.008325e-06,4.587499e-06,4.291662e-06,5.412499e-06,2.091662e-06
2,731,1080.761,0.538,4.170831e-06,4.166659e-06,4.112498e-06,4.195825e-06,4.287497e-06,4.308327e-06,4.237493e-06,4.420829e-06,3.995832e-06,3.933326e-06,3.937499e-06,3.991659e-06,4.637496e-06,4.337493e-06,5.362495e-06,2.104163e-06
2,732,1080.911,0.536,4.187496e-06,4.183332e-06,4.124999e-06,4.216663e-06,4.274996e-06,4.295826e-06,4.220828e-06,4.404164e-06,4.00416e-06,3.929162e-06,3.929162e-06,3.974994e-06,4.666662e-06,4.36666e-06,5.333328e-06,2.108328e-06
2,733,1081.062,0.534,4.195825e-06,4.199997e-06,4.133328e-06,4.237493e-06,4.258331e-06,4.283325e-06,4.204162e-06,4.383326e-06,4.00416e-06,3.924998e-06,3.937499e-06,3.97083e-06,4.695829e-06,4.395827e-06,5.308326e-06,2.120829e-06
2,734,1081.213,0.532,4.212499e-06,4.216663e-06,4.154166e-06,4.262495e-06,4.229164e-06,4.254158e-06,4.174995e-06,4.354159e-06,4.008325e-06,3.916661e-06,3.933326e-06,3.954164e-06,4.745825e-06,4.445831e-06,5.262494e-06,2.137494e-06
2,735,1081.364,0.53,4.229164e-06,4.237493e-06,4.170831e-06,4.287497e-06,4.212499e-06,4.241665e-06,4.162494e-06,4.333329e-06,4.012497e-06,3.916661e-06,3.933326e-06,3.945827e-06,4.779164e-06,4.479162e-06,5.224999e-06,2.141659e-06
2,736,1081.515,0.528,4.249994e-06,4.266659e-06,4.187496e-06,4.320828e-06,4.174995e-06,4.216663e-06,4.129163e-06,4.295826e-06,4.016661e-06,3.908332e-06,3.933326e-06,3.933326e-06,4.833333e-06,4.529158e-06,5.17083e-06,2.162496e-06
2,737,1081.666,0.526,4.270832e-06,4.287497e-06,4.212499e-06,4.34583e-06,4.166659e-06,4.208326e-06,4.120827e-06,4.283325e-06,4.024998e-06,3.912497e-06,3.937499e-06,3.924998e-06,4.866663e-06,4.566662e-06,5.141664e-06,2.174997e-06
2,738,1081.817,0.524,4.291662e-06,4.312499e-06,4.237493e-06,4.383326e-06,4.133328e-06,4.174995e-06,4.087496e-06,4.249994e-06,4.037492e-06,3.908332e-06,3.945827e-06,3.912497e-06,4.924997e-06,4.62083e-06,5.091659e-06,2.195827e-06
2,739,1081.967,0.522,4.316664e-06,4.337493e-06,4.258331e-06,4.412492e-06,4.120827e-06,4.166659e-06,4.070831e-06,4.229164e-06,4.045828e-06,3.908332e-06,3.949992e-06,3.912497e-06,4.962492e-06,4.654161e-06,5.062493e-06,2.208328e-06
2,740,1082.118,0.52,4.341666e-06,4.370832e-06,4.287497e-06,4.45416e-06,4.09166e-06,4.141665e-06,4.041664e-06,4.204162e-06,4.058329e-06,3.912497e-06,3.962493e-06,3.90416e-06,5.024997e-06,4.720831e-06,5.012496e-06,2.23333e-06
2,741,1082.269,0.518,4.36666e-06,4.399999e-06,4.312499e-06,4.483326e-06,4.079159e-06,4.133328e-06,4.029163e-06,4.187496e-06,4.070831e-06,3.920825e-06,3.97083e-06,3.90416e-06,5.062493e-06,4.758326e-06,4.974993e-06,2.245831e-06
2,742,1082.42,0.516,4.399999e-06,4.437494e-06,4.34583e-06,4.524994e-06,4.045828e-06,4.108326e-06,4.00416e-06,4.15833e-06,4.087496e-06,3.929162e-06,3.983331e-06,3.899996e-06,5.124998e-06,4.816659e-06,4.920832e-06,2.270826e-06
2,743,1082.571,0.514,4.429166e-06,4.462496e-06,4.370832e-06,4.558333e-06,4.037492e-06,4.099997e-06,3.995832e-06,4.145829e-06,4.099997e-06,3.933326e-06,3.995832e-06,3.899996e-06,5.162493e-06,4.854162e-06,4.89583e-06,2.287499e-06
2,744,1082.722,0.512,4.462496e-06,4.504164e-06,4.408328e-06,4.599992e-06,4.012497e-06,4.079159e-06,3.97083e-06,4.120827e-06,4.116662e-06,3.945827e-06,4.012497e-06,3.90416e-06,5.224999e-06,4.91666e-06,4.841661e-06,2.312493e-06
2,745,1082.872,0.51,4.491663e-06,4.53333e-06,4.43333e-06,4.633331e-06,3.999996e-06,4.070831e-06,3.966665e-06,4.112498e-06,4.137492e-06,3.954164e-06,4.024998e-06,3.908332e-06,5.270831e-06,4.958328e-06,4.812495e-06,2.329159e-06
2,746,1083.023,0.508,4.529158e-06,4.570826e-06,4.470825e-06,4.674999e-06,3.979158e-06,4.058329e-06,3.941663e-06,4.087496e-06,4.15833e-06,3.966665e-06,4.045828e-06,3.908332e-06,5.333328e-06,5.020825e-06,4.758326e-06,2.358325e-06
2,747,1083.174,0.506,4.558333e-06,4.608329e-06,4.495827e-06,4.712494e-06,3.966665e-06,4.049993e-06,3.933326e-06,4.079159e-06,4.174995e-06,3.979158e-06,4.062494e-06,3.916661e-06,5.374996e-06,5.062493e-06,4.733332e-06,2.374999e-06
2,748,1083.325,0.504,4.595828e-06,4.649997e-06,4.54166e-06,4.762499e-06,3.945827e-06,4.037492e-06,3.912497e-06,4.054165e-06,4.199997e-06,3.999996e-06,4.087496e-06,3.924998e-06,5.44583e-06,5.124998e-06,4.670826e-06,2.404165e-06
2,749,1083.476,0.502,4.629159e-06,4.687492e-06,4.570826e-06,4.799994e-06,3.933326e-06,4.029163e-06,3.90416e-06,4.049993e-06,4.224992e-06,4.012497e-06,4.104161e-06,3.933326e-06,5.483325e-06,5.166666e-06,4.64166e-06,2.424995e-06
2,750,1083.627,0.5,4.670826e-06,4.72916e-06,4.62083e-06,4.854162e-06,3.912497e-06,4.016661e-06,3.887495e-06,4.029163e-06,4.254158e-06,4.033327e-06,4.137492e-06,3.945827e-06,5.55416e-06,5.237492e-06,4.595828e-06,2.458326e-06
2,751,1083.777,0.498,4.70833e-06,4.762499e-06,4.649997e-06,4.891666e-06,3.908332e-06,4.012497e-06,3.88333e-06,4.024998e-06,4.270832e-06,4.049993e-06,4.154166e-06,3.958329e-06,5.599999e-06,5.27916e-06,4.562497e-06,2.479164e-06
2,752,1083.928,0.496,4.749998e-06,4.812495e-06,4.695829e-06,4.941662e-06,3.887495e-06,3.999996e-06,3.866664e-06,4.008325e-06,4.308327e-06,4.074995e-06,4.187496e-06,3.974994e-06,5.670825e-06,5.345829e-06,4.512493e-06,2.512495e-06
2,753,1084.079,0.494,4.791665e-06,4.849998e-06,4.72916e-06,4.979165e-06,3.88333e-06,3.995832e-06,3.866664e-06,4.00416e-06,4.329165e-06,4.095833e-06,4.204162e-06,3.983331e-06,5.712493e-06,5.387497e-06,4.487499e-06,2.533332e-06
2,754,1084.23,0.492,4.837497e-06,4.904159e-06,4.779164e-06,5.037498e-06,3.866664e-06,3.987495e-06,3.849999e-06,3.991659e-06,4.362496e-06,4.120827e-06,4.237493e-06,4.00416e-06,5.791664e-06,5.458331e-06,4.43333e-06,2.566663e-06
2,755,1084.381,0.49,4.874993e-06,4.941662e-06,4.812495e-06,5.079166e-06,3.862492e-06,3.987495e-06,3.845827e-06,3.987495e-06,4.387498e-06,4.141665e-06,4.258331e-06,4.016661e-06,5.833332e-06,5.504163e-06,4.404164e-06,2.591666e-06
2,756,1084.532,0.488,4.920832e-06,4.991658e-06,4.866663e-06,5.133327e-06,3.845827e-06,3.979158e-06,3.837498e-06,3.979158e-06,4.424993e-06,4.170831e-06,4.299998e-06,4.037492e-06,5.904166e-06,5.570825e-06,4.349994e-06,2.624997e-06
2,757,1084.683,0.486,4.962492e-06,5.029162e-06,4.899995e-06,5.174994e-06,3.841662e-06,3.979158e-06,3.833326e-06,3.974994e-06,4.449995e-06,4.195825e-06,4.320828e-06,4.054165e-06,5.949998e-06,5.612493e-06,4.324992e-06,2.645826e-06
2,758,1084.833,0.484,5.012496e-06,5.087495e-06,4.954163e-06,5.233328e-06,3.833326e-06,3.974994e-06,3.829161e-06,3.97083e-06,4.491663e-06,4.229164e-06,4.362496e-06,4.083332e-06,6.024996e-06,5.687499e-06,4.27916e-06,2.68333e-06
2,759,1084.984,0.482,5.054164e-06,5.124998e-06,4.991658e-06,5.274995e-06,3.824997e-06,3.979158e-06,3.824997e-06,3.966665e-06,4.516665e-06,4.254158e-06,4.387498e-06,4.099997e-06,6.070828e-06,5.729159e-06,4.249994e-06,2.704159e-06
2,760,1085.135,0.48,5.087495e-06,5.158329e-06,5.020825e-06,5.312499e-06,3.824997e-06,3.979158e-06,3.824997e-06,3.97083e-06,4.54166e-06,4.274996e-06,4.412492e-06,4.116662e-06,6.116661e-06,5.774998e-06,4.220828e-06,2.729162e-06
2,761,1085.286,0.478,5.137499e-06,5.216662e-06,5.079166e-06,5.374996e-06,3.81666e-06,3.979158e-06,3.820833e-06,3.966665e-06,4.583327e-06,4.312499e-06,4.458332e-06,4.149993e-06,6.187495e-06,5.84166e-06,4.174995e-06,2.766665e-06
2,762,1085.437,0.476,5.183331e-06,5.25833e-06,5.112497e-06,5.412499e-06,3.812496e-06,3.979158e-06,3.820833e-06,3.97083e-06,4.612494e-06,4.337493e-06,4.483326e-06,4.166659e-06,6.233327e-06,5.887493e-06,4.145829e-06,2.791659e-06
2,763,1085.588,0.474,5.229163e-06,5.312499e-06,5.174994e-06,5.474997e-06,3.804159e-06,3.983331e-06,3.820833e-06,3.962493e-06,4.658325e-06,4.374997e-06,4.529158e-06,4.199997e-06,6.308325e-06,5.958327e-06,4.104161e-06,2.833327e-06
2,764,1085.738,0.472,5.27916e-06,5.35833e-06,5.208326e-06,5.520828e-06,3.808331e-06,3.991659e-06,3.824997e-06,3.97083e-06,4.691664e-06,4.404164e-06,4.554161e-06,4.220828e-06,6.358329e-06,6.004159e-06,4.074995e-06,2.858329e-06
2,765,1085.889,0.47,5.333328e-06,5.416663e-06,5.270831e-06,5.583326e-06,3.804159e-06,3.995832e-06,3.824997e-06,3.974994e-06,4.737497e-06,4.445831e-06,4.604165e-06,4.258331e-06,6.429163e-06,6.079165e-06,4.033327e-06,2.899996e-06
2,766,1086.04,0.468,5.37916e-06,5.458331e-06,5.312499e-06,5.624994e-06,3.804159e-06,3.999996e-06,3.833326e-06,3.979158e-06,4.766663e-06,4.479162e-06,4.637496e-06,4.283325e-06,6.474996e-06,6.120833e-06,4.012497e-06,2.924999e-06
2,767,1086.191,0.466,5.433329e-06,5.520828e-06,5.370831e-06,5.691663e-06,3.804159e-06,4.008325e-06,3.833326e-06,3.987495e-06,4.820832e-06,4.520829e-06,4.687492e-06,4.320828e-06,6.554159e-06,6.199996e-06,3.966665e-06,2.962494e-06
2,768,1086.342,0.464,5.487498e-06,5.566661e-06,5.416663e-06,5.74166e-06,3.808331e-06,4.016661e-06,3.841662e-06,3.991659e-06,4.849998e-06,4.554161e-06,4.720831e-06,4.349994e-06,6.604163e-06,6.241663e-06,3.945827e-06,2.99166e-06
2,769,1086.493,0.462,5.537494e-06,5.629166e-06,5.474997e-06,5.804165e-06,3.812496e-06,4.029163e-06,3.845827e-06,4.00416e-06,4.899995e-06,4.599992e-06,4.770827e-06,4.391662e-06,6.674997e-06,6.320826e-06,3.908332e-06,3.033328e-06
2,770,1086.644,0.46,5.583326e-06,5.670825e-06,5.516664e-06,5.849997e-06,3.81666e-06,4.037492e-06,3.858328e-06,4.012497e-06,4.937498e-06,4.633331e-06,4.804158e-06,4.416665e-06,6.724993e-06,6.362494e-06,3.891659e-06,3.062495e-06
2,771,1086.794,0.458,5.641659e-06,5.737495e-06,5.583326e-06,5.916659e-06,3.820833e-06,4.049993e-06,3.866664e-06,4.024998e-06,4.991658e-06,4.683327e-06,4.858327e-06,4.466661e-06,6.808329e-06,6.441664e-06,3.849999e-06,3.104162e-06
2,772,1086.945,0.456,5.691663e-06,5.783327e-06,5.624994e-06,5.958327e-06,3.829161e-06,4.062494e-06,3.874993e-06,4.037492e-06,5.024997e-06,4.716659e-06,4.89583e-06,4.491663e-06,6.854161e-06,6.487497e-06,3.833326e-06,3.133329e-06
2,773,1087.096,0.454,5.754161e-06,5.849997e-06,5.687499e-06,6.029161e-06,3.837498e-06,4.087496e-06,3.887495e-06,4.049993e-06,5.083331e-06,4.770827e-06,4.949999e-06,4.54166e-06,6.937496e-06,6.558331e-06,3.799995e-06,3.174996e-06
2,774,1087.247,0.452,5.799993e-06,5.895829e-06,5.729159e-06,6.070828e-06,3.841662e-06,4.095833e-06,3.899996e-06,4.062494e-06,5.112497e-06,4.799994e-06,4.979165e-06,4.570826e-06,6.979164e-06,6.599998e-06,3.783329e-06,3.199998e-06
2,775,1087.398,0.45,5.858326e-06,5.954162e-06,5.795829e-06,6.137498e-06,3.854163e-06,4.116662e-06,3.912497e-06,4.083332e-06,5.17083e-06,4.849998e-06,5.041663e-06,4.624995e-06,7.058326e-06,6.674997e-06,3.758327e-06,3.245831e-06
2,776,1087.549,0.448,5.90833e-06,5.999994e-06,5.837496e-06,6.187495e-06,3.862492e-06,4.129163e-06,3.929162e-06,4.095833e-06,5.208326e-06,4.887494e-06,5.074994e-06,4.649997e-06,7.108331e-06,6.724993e-06,3.741662e-06,3.274997e-06
2,777,1087.699,0.446,5.966663e-06,6.070828e-06,5.904166e-06,6.254164e-06,3.874993e-06,4.149993e-06,3.941663e-06,4.116662e-06,5.266658e-06,4.945827e-06,5.133327e-06,4.704165e-06,7.183329e-06,6.795828e-06,3.71666e-06,3.316665e-06
2,778,1087.85,0.444,6.020832e-06,6.112496e-06,5.949998e-06,6.299997e-06,3.887495e-06,4.166659e-06,3.958329e-06,4.133328e-06,5.299997e-06,4.98333e-06,5.166666e-06,4.733332e-06,7.233326e-06,6.841659e-06,3.704158e-06,3.345831e-06
2,779,1088.001,0.442,6.074993e-06,6.179166e-06,6.012495e-06,6.362494e-06,3.90416e-06,4.191661e-06,3.974994e-06,4.15833e-06,5.35833e-06,5.033326e-06,5.229163e-06,4.791665e-06,7.308332e-06,6.916666e-06,3.679164e-06,3.391663e-06
2,780,1088.152,0.44,6.133326e-06,6.224998e-06,6.062492e-06,6.412498e-06,3.916661e-06,4.208326e-06,3.991659e-06,4.174995e-06,5.399998e-06,5.079166e-06,5.266658e-06,4.824996e-06,7.358328e-06,6.962498e-06,3.670827e-06,3.42083e-06
2,781,1088.303,0.438,6.187495e-06,6.29166e-06,6.120833e-06,6.47916e-06,3.937499e-06,4.233329e-06,4.016661e-06,4.199997e-06,5.458331e-06,5.133327e-06,5.329164e-06,4.879165e-06,7.437499e-06,7.033332e-06,3.662499e-06,3.466662e-06
2,782,1088.454,0.436,6.241663e-06,6.337492e-06,6.170829e-06,6.524992e-06,3.949992e-06,4.254158e-06,4.029163e-06,4.216663e-06,5.495826e-06,5.17083e-06,5.362495e-06,4.912496e-06,7.479159e-06,7.074992e-06,3.654162e-06,3.491664e-06
2,783,1088.604,0.434,6.295832e-06,6.404161e-06,6.233327e-06,6.591662e-06,3.966665e-06,4.283325e-06,4.054165e-06,4.24583e-06,5.558332e-06,5.229163e-06,5.420828e-06,4.970829e-06,7.55833e-06,7.145826e-06,3.641661e-06,3.537496e-06
2,784,1088.755,0.432,6.349993e-06,6.449994e-06,6.279159e-06,6.637494e-06,3.979158e-06,4.299998e-06,4.070831e-06,4.266659e-06,5.595827e-06,5.262494e-06,5.462496e-06,4.999995e-06,7.604162e-06,7.191666e-06,3.633332e-06,3.566662e-06
2,785,1088.906,0.43,6.408326e-06,6.516663e-06,6.345828e-06,6.708328e-06,4.00416e-06,4.333329e-06,4.099997e-06,4.295826e-06,5.65416e-06,5.329164e-06,5.524993e-06,5.062493e-06,7.683333e-06,7.266664e-06,3.62916e-06,3.612495e-06
2,786,1089.057,0.428,6.462495e-06,6.56666e-06,6.39166e-06,6.75416e-06,4.024998e-06,4.354159e-06,4.116662e-06,4.320828e-06,5.699992e-06,5.362495e-06,5.562496e-06,5.099996e-06,7.729165e-06,7.312497e-06,3.624996e-06,3.641661e-06
2,787,1089.208,0.426,6.520828e-06,6.629165e-06,6.45833e-06,6.82083e-06,4.045828e-06,4.387498e-06,4.149993e-06,4.354159e-06,5.758325e-06,5.424992e-06,5.629166e-06,5.158329e-06,7.808328e-06,7.387495e-06,3.624996e-06,3.687493e-06
2,788,1089.359,0.424,6.574996e-06,6.674997e-06,6.504162e-06,6.870826e-06,4.066666e-06,4.408328e-06,4.166659e-06,4.370832e-06,5.795829e-06,5.462496e-06,5.662497e-06,5.19166e-06,7.849995e-06,7.433327e-06,3.624996e-06,3.712495e-06
2,789,1089.51,0.422,6.616664e-06,6.720829e-06,6.54583e-06,6.908329e-06,4.083332e-06,4.43333e-06,4.183332e-06,4.391662e-06,5.829159e-06,5.499999e-06,5.704164e-06,5.229163e-06,7.895827e-06,7.47083e-06,3.62916e-06,3.745826e-06
2,790,1089.66,0.42,6.674997e-06,6.783327e-06,6.608327e-06,6.979164e-06,4.112498e-06,4.470825e-06,4.220828e-06,4.43333e-06,5.904166e-06,5.566661e-06,5.766662e-06,5.291661e-06,7.974998e-06,7.545829e-06,3.633332e-06,3.787494e-06
2,791,1089.811,0.418,6.724993e-06,6.837495e-06,6.658332e-06,7.024995e-06,4.129163e-06,4.491663e-06,4.241665e-06,4.45416e-06,5.933332e-06,5.604164e-06,5.80833e-06,5.329164e-06,8.024995e-06,7.591661e-06,3.641661e-06,3.81666e-06
2,792,1089.962,0.416,6.787499e-06,6.899993e-06,6.720829e-06,7.087493e-06,4.162494e-06,4.53333e-06,4.274996e-06,4.495827e-06,6.004159e-06,5.666661e-06,5.870827e-06,5.395826e-06,8.095829e-06,7.662495e-06,3.649998e-06,3.866664e-06
2,793,1090.113,0.414,6.841659e-06,6.945832e-06,6.770825e-06,7.137497e-06,4.17916e-06,4.554161e-06,4.299998e-06,4.512493e-06,6.041662e-06,5.708329e-06,5.90833e-06,5.429165e-06,8.145825e-06,7.7125e-06,3.658326e-06,3.895831e-06
2,794,1090.264,0.412,6.899993e-06,7.012494e-06,6.833331e-06,7.204159e-06,4.216663e-06,4.595828e-06,4.333329e-06,4.562497e-06,6.104159e-06,5.774998e-06,5.974992e-06,5.495826e-06,8.224996e-06,7.774996e-06,3.670827e-06,3.937499e-06
2,795,1090.415,0.41,6.949997e-06,7.062499e-06,6.883327e-06,7.245827e-06,4.233329e-06,4.616666e-06,4.354159e-06,4.583327e-06,6.145827e-06,5.80833e-06,6.012495e-06,5.53333e-06,8.266664e-06,7.824993e-06,3.683329e-06,3.97083e-06
2,796,1090.565,0.408,7.00833e-06,7.124996e-06,6.945832e-06,7.316661e-06,4.266659e-06,4.662498e-06,4.391662e-06,4.624995e-06,6.208332e-06,5.874999e-06,6.079165e-06,5.595827e-06,8.341662e-06,7.891663e-06,3.704158e-06,4.012497e-06
2,797,1090.716,0.406,7.066663e-06,7.170828e-06,6.991665e-06,7.358328e-06,4.291662e-06,4.687492e-06,4.416665e-06,4.654161e-06,6.249992e-06,5.912495e-06,6.116661e-06,5.63333e-06,8.383329e-06,7.93333e-06,3.71666e-06,4.041664e-06
2,798,1090.867,0.404,7.124996e-06,7.237498e-06,7.058326e-06,7.424998e-06,4.329165e-06,4.72916e-06,4.45416e-06,4.695829e-06,6.312498e-06,5.974992e-06,6.174993e-06,5.699992e-06,8.458328e-06,7.999993e-06,3.741662e-06,4.087496e-06
2,799,1091.018,0.402,7.170828e-06,7.28333e-06,7.099994e-06,7.466666e-06,4.349994e-06,4.754162e-06,4.474998e-06,4.720831e-06,6.349993e-06,6.01666e-06,6.220826e-06,5.737495e-06,8.50416e-06,8.045832e-06,3.758327e-06,4.116662e-06
2,800,1091.169,0.4,7.233326e-06,7.345827e-06,7.166664e-06,7.533328e-06,4.391662e-06,4.799994e-06,4.520829e-06,4.770827e-06,6.416662e-06,6.079165e-06,6.283331e-06,5.804165e-06,8.579159e-06,8.116658e-06,3.787494e-06,4.166659e-06
2,801,1091.32,0.398,7.291659e-06,7.399996e-06,7.21666e-06,7.583332e-06,4.412492e-06,4.833333e-06,4.549996e-06,4.79583e-06,6.45833e-06,6.120833e-06,6.324999e-06,5.845833e-06,8.624998e-06,8.162498e-06,3.808331e-06,4.191661e-06
2,802,1091.471,0.396,7.345827e-06,7.462494e-06,7.28333e-06,7.649994e-06,4.45416e-06,4.879165e-06,4.591664e-06,4.845826e-06,6.529164e-06,6.187495e-06,6.39166e-06,5.916659e-06,8.699997e-06,8.22916e-06,3.841662e-06,4.241665e-06
2,803,1091.621,0.394,7.40416e-06,7.512498e-06,7.329162e-06,7.695826e-06,4.479162e-06,4.904159e-06,4.616666e-06,4.874993e-06,6.56666e-06,6.229162e-06,6.433328e-06,5.949998e-06,8.745829e-06,8.274992e-06,3.866664e-06,4.266659e-06
2,804,1091.772,0.392,7.454165e-06,7.57916e-06,7.391659e-06,7.758331e-06,4.524994e-06,4.958328e-06,4.662498e-06,4.924997e-06,6.63333e-06,6.29166e-06,6.495825e-06,6.01666e-06,8.812499e-06,8.337498e-06,3.90416e-06,4.312499e-06
2,805,1091.923,0.39,7.512498e-06,7.624992e-06,7.441664e-06,7.808328e-06,4.549996e-06,4.98333e-06,4.683327e-06,4.954163e-06,6.670833e-06,6.333327e-06,6.537493e-06,6.054163e-06,8.862496e-06,8.383329e-06,3.929162e-06,4.341666e-06
2,806,1092.074,0.388,7.566658e-06,7.687497e-06,7.504161e-06,7.870825e-06,4.591664e-06,5.033326e-06,4.72916e-06,5.004159e-06,6.737494e-06,6.399997e-06,6.604163e-06,6.124997e-06,8.93333e-06,8.45e-06,3.974994e-06,4.391662e-06
2,807,1092.225,0.386,7.620828e-06,7.733329e-06,7.549993e-06,7.916665e-06,4.616666e-06,5.062493e-06,4.758326e-06,5.029162e-06,6.779162e-06,6.441664e-06,6.645831e-06,6.162492e-06,8.979162e-06,8.495832e-06,4.00416e-06,4.416665e-06
2,808,1092.376,0.384,7.67916e-06,7.799999e-06,7.612498e-06,7.979163e-06,4.662498e-06,5.116661e-06,4.808331e-06,5.087495e-06,6.845832e-06,6.508326e-06,6.708328e-06,6.233327e-06,9.045832e-06,8.562493e-06,4.045828e-06,4.458332e-06
2,809,1092.526,0.382,7.733329e-06,7.845831e-06,7.658331e-06,8.02083e-06,4.687492e-06,5.141664e-06,4.82916e-06,5.112497e-06,6.883327e-06,6.54583e-06,6.749995e-06,6.274994e-06,9.091664e-06,8.599996e-06,4.079159e-06,4.491663e-06
2,810,1092.677,0.38,7.787497e-06,7.908328e-06,7.720828e-06,8.083328e-06,4.733332e-06,5.195832e-06,4.879165e-06,5.166666e-06,6.954161e-06,6.612492e-06,6.812493e-06,6.337492e-06,9.162498e-06,8.666659e-06,4.120827e-06,4.53333e-06
2,811,1092.828,0.378,7.837494e-06,7.958332e-06,7.770833e-06,8.12916e-06,4.758326e-06,5.224999e-06,4.904159e-06,5.195832e-06,6.991665e-06,6.649995e-06,6.854161e-06,6.379159e-06,9.204166e-06,8.704162e-06,4.154166e-06,4.562497e-06
2,812,1092.979,0.376,7.891663e-06,8.016666e-06,7.83333e-06,8.191665e-06,4.804158e-06,5.270831e-06,4.954163e-06,5.245829e-06,7.054162e-06,6.712492e-06,6.916666e-06,6.441664e-06,9.275e-06,8.774996e-06,4.208326e-06,4.608329e-06
2,813,1093.13,0.374,7.945831e-06,8.066662e-06,7.879162e-06,8.237497e-06,4.833333e-06,5.304162e-06,4.98333e-06,5.283332e-06,7.099994e-06,6.75416e-06,6.958326e-06,6.487497e-06,9.320831e-06,8.816663e-06,4.24583e-06,4.633331e-06
2,814,1093.281,0.372,7.999993e-06,8.12916e-06,7.94166e-06,8.299994e-06,4.883329e-06,5.35833e-06,5.033326e-06,5.337492e-06,7.1625e-06,6.82083e-06,7.020831e-06,6.554159e-06,9.387493e-06,8.879161e-06,4.299998e-06,4.679163e-06
2,815,1093.431,0.37,8.054161e-06,8.174999e-06,7.983327e-06,8.341662e-06,4.908331e-06,5.391661e-06,5.058328e-06,5.366659e-06,7.208331e-06,6.858325e-06,7.062499e-06,6.595826e-06,9.433325e-06,8.920829e-06,4.333329e-06,4.70833e-06
2,816,1093.582,0.368,8.091664e-06,8.212495e-06,8.024995e-06,8.379166e-06,4.933325e-06,5.416663e-06,5.087495e-06,5.395826e-06,7.241662e-06,6.895828e-06,7.099994e-06,6.629165e-06,9.474993e-06,8.962496e-06,4.370832e-06,4.737497e-06
2,817,1093.733,0.366,8.149997e-06,8.274992e-06,8.087492e-06,8.445827e-06,4.98333e-06,5.470832e-06,5.137499e-06,5.454159e-06,7.30416e-06,6.966663e-06,7.166664e-06,6.699999e-06,9.545827e-06,9.029166e-06,4.43333e-06,4.779164e-06
2,818,1093.884,0.364,8.199993e-06,8.324997e-06,8.133332e-06,8.487495e-06,5.012496e-06,5.504163e-06,5.166666e-06,5.483325e-06,7.349992e-06,7.00833e-06,7.204159e-06,6.741659e-06,9.58333e-06,9.066661e-06,4.466661e-06,4.808331e-06
2,819,1094.035,0.362,8.249998e-06,8.383329e-06,8.19583e-06,8.549992e-06,5.062493e-06,5.558332e-06,5.220827e-06,5.541659e-06,7.412497e-06,7.070827e-06,7.270829e-06,6.812493e-06,9.658329e-06,9.133331e-06,4.529158e-06,4.854162e-06
2,820,1094.186,0.36,8.304159e-06,8.433326e-06,8.241662e-06,8.595832e-06,5.087495e-06,5.587498e-06,5.249993e-06,5.574997e-06,7.454165e-06,7.112495e-06,7.312497e-06,6.849996e-06,9.699997e-06,9.174999e-06,4.574998e-06,4.883329e-06
2,821,1094.337,0.358,8.358327e-06,8.491659e-06,8.304159e-06,8.65833e-06,5.141664e-06,5.649996e-06,5.299997e-06,5.63333e-06,7.524999e-06,7.179165e-06,7.374994e-06,6.92083e-06,9.766666e-06,9.233332e-06,4.637496e-06,4.929161e-06
2,822,1094.487,0.356,8.412496e-06,8.541663e-06,8.349999e-06,8.704162e-06,5.174994e-06,5.679162e-06,5.333328e-06,5.666661e-06,7.562494e-06,7.21666e-06,7.412497e-06,6.958326e-06,9.808326e-06,9.279163e-06,4.679163e-06,4.954163e-06
2,823,1094.638,0.354,8.462493e-06,8.595832e-06,8.408332e-06,8.762495e-06,5.220827e-06,5.733331e-06,5.383333e-06,5.72083e-06,7.624992e-06,7.279165e-06,7.474995e-06,7.024995e-06,9.874995e-06,9.337497e-06,4.745825e-06,4.999995e-06
2,824,1094.789,0.352,8.516661e-06,8.645829e-06,8.454163e-06,8.804162e-06,5.254165e-06,5.766662e-06,5.420828e-06,5.754161e-06,7.666659e-06,7.320825e-06,7.520827e-06,7.066663e-06,9.920827e-06,9.379164e-06,4.787493e-06,5.024997e-06
2,825,1094.94,0.35,8.566665e-06,8.704162e-06,8.516661e-06,8.862496e-06,5.304162e-06,5.824995e-06,5.46666e-06,5.816658e-06,7.729165e-06,7.387495e-06,7.57916e-06,7.137497e-06,9.983333e-06,9.441662e-06,4.858327e-06,5.07083e-06
2,826,1095.091,0.348,8.616662e-06,8.749994e-06,8.562493e-06,8.908328e-06,5.337492e-06,5.854161e-06,5.499999e-06,5.849997e-06,7.774996e-06,7.429162e-06,7.620828e-06,7.174993e-06,1.0024993e-05,9.479165e-06,4.899995e-06,5.095832e-06
2,827,1095.242,0.346,8.670831e-06,8.808327e-06,8.620827e-06,8.970833e-06,5.391661e-06,5.912495e-06,5.55416e-06,5.904166e-06,7.837494e-06,7.487496e-06,7.683333e-06,7.241662e-06,1.0091662e-05,9.545827e-06,4.970829e-06,5.145828e-06
2,828,1095.392,0.344,8.724999e-06,8.862496e-06,8.666659e-06,9.016665e-06,5.420828e-06,5.945826e-06,5.583326e-06,5.941661e-06,7.879162e-06,7.533328e-06,7.724992e-06,7.287495e-06,1.0137494e-05,9.58333e-06,5.012496e-06,5.17083e-06
2,829,1095.543,0.342,8.774996e-06,8.912491e-06,8.720827e-06,9.074998e-06,5.474997e-06,6.004159e-06,5.637495e-06,5.999994e-06,7.945831e-06,7.591661e-06,7.787497e-06,7.354164e-06,1.0199992e-05,9.645828e-06,5.083331e-06,5.216662e-06
2,830,1095.694,0.34,8.824993e-06,8.962496e-06,8.770831e-06,9.12083e-06,5.504163e-06,6.037497e-06,5.670825e-06,6.033325e-06,7.979163e-06,7.633328e-06,7.824993e-06,7.391659e-06,1.024166e-05,9.679158e-06,5.129163e-06,5.245829e-06
2,831,1095.845,0.338,8.879161e-06,9.02083e-06,8.829164e-06,9.174999e-06,5.558332e-06,6.09583e-06,5.72083e-06,6.09583e-06,8.045832e-06,7.695826e-06,7.887498e-06,7.462494e-06,1.0304165e-05,9.741664e-06,5.199997e-06,5.283332e-06
2,832,1095.996,0.336,8.929165e-06,9.062497e-06,8.870832e-06,9.216667e-06,5.587498e-06,6.124997e-06,5.754161e-06,6.124997e-06,8.087492e-06,7.737493e-06,7.929166e-06,7.499997e-06,1.0341661e-05,9.783332e-06,5.245829e-06,5.312499e-06
2,833,1096.147,0.334,8.979162e-06,9.12083e-06,8.924992e-06,9.275e-06,5.641659e-06,6.179166e-06,5.80833e-06,6.187495e-06,8.145825e-06,7.795827e-06,7.983327e-06,7.55833e-06,1.0404166e-05,9.833328e-06,5.312499e-06,5.354166e-06
2,834,1096.298,0.332,9.024993e-06,9.162498e-06,8.970833e-06,9.312495e-06,5.666661e-06,6.212497e-06,5.837496e-06,6.220826e-06,8.187492e-06,7.83333e-06,8.024995e-06,7.604162e-06,1.0449998e-05,9.87916e-06,5.35833e-06,5.383333e-06
2,835,1096.448,0.33,9.074998e-06,9.22083e-06,9.029166e-06,9.370828e-06,5.724994e-06,6.266665e-06,5.895829e-06,6.274994e-06,8.254163e-06,7.895827e-06,8.087492e-06,7.670832e-06,1.0508331e-05,9.937493e-06,5.433329e-06,5.420828e-06
2,836,1096.599,0.328,9.129159e-06,9.266662e-06,9.070825e-06,9.412495e-06,5.754161e-06,6.299997e-06,5.924996e-06,6.308325e-06,8.287493e-06,7.93333e-06,8.12916e-06,7.708327e-06,1.0545826e-05,9.974996e-06,5.479161e-06,5.449994e-06
2,837,1096.75,0.326,9.174999e-06,9.320831e-06,9.133331e-06,9.466664e-06,5.812494e-06,6.358329e-06,5.979165e-06,6.366666e-06,8.349999e-06,7.995828e-06,8.187492e-06,7.770833e-06,1.0608332e-05,1.0029165e-05,5.549995e-06,5.491662e-06
2,838,1096.901,0.324,9.224995e-06,9.366663e-06,9.170826e-06,9.508331e-06,5.84166e-06,6.39166e-06,6.008331e-06,6.404161e-06,8.395831e-06,8.04166e-06,8.224996e-06,7.808328e-06,1.0649999e-05,1.0070833e-05,5.599999e-06,5.520828e-06
2,839,1097.052,0.322,9.275e-06,9.424996e-06,9.229159e-06,9.566665e-06,5.895829e-06,6.445829e-06,6.062492e-06,6.462495e-06,8.458328e-06,8.095829e-06,8.287493e-06,7.874997e-06,1.0712496e-05,1.0129165e-05,5.670825e-06,5.558332e-06
2,840,1097.203,0.32,9.324996e-06,9.466664e-06,9.270827e-06,9.608332e-06,5.924996e-06,6.47916e-06,6.09583e-06,6.499998e-06,8.495832e-06,8.137496e-06,8.324997e-06,7.916665e-06,1.0754164e-05,1.0166661e-05,5.724994e-06,5.591663e-06
2,841,1097.353,0.318,9.374992e-06,9.524997e-06,9.32916e-06,9.666665e-06,5.983329e-06,6.537493e-06,6.154164e-06,6.562495e-06,8.562493e-06,8.199993e-06,8.387494e-06,7.987499e-06,1.0816661e-05,1.0224994e-05,5.795829e-06,5.629166e-06
2,842,1097.504,0.316,9.424996e-06,9.566665e-06,9.370828e-06,9.704161e-06,6.012495e-06,6.570832e-06,6.18333e-06,6.591662e-06,8.595832e-06,8.237497e-06,8.424998e-06,8.02083e-06,1.0854164e-05,1.0262497e-05,5.84166e-06,5.658333e-06
2,843,1097.655,0.314,9.458327e-06,9.60416e-06,9.408331e-06,9.741664e-06,6.041662e-06,6.604163e-06,6.216661e-06,6.624993e-06,8.637492e-06,8.274992e-06,8.462493e-06,8.066662e-06,1.0895832e-05,1.0299993e-05,5.891665e-06,5.687499e-06
2,844,1097.806,0.312,9.508331e-06,9.662493e-06,9.466664e-06,9.799997e-06,6.099995e-06,6.662496e-06,6.274994e-06,6.687498e-06,8.699997e-06,8.341662e-06,8.524998e-06,8.12916e-06,1.095833e-05,1.0358325e-05,5.966663e-06,5.724994e-06
2,845,1097.957,0.31,9.566665e-06,9.708333e-06,9.516661e-06,9.841665e-06,6.129162e-06,6.695827e-06,6.308325e-06,6.724993e-06,8.737493e-06,8.379166e-06,8.562493e-06,8.166663e-06,1.0995833e-05,1.0395829e-05,6.01666e-06,5.754161e-06
2,846,1098.108,0.308,9.608332e-06,9.762493e-06,9.570829e-06,9.895825e-06,6.18333e-06,6.75416e-06,6.362494e-06,6.783327e-06,8.799998e-06,8.437499e-06,8.624998e-06,8.233333e-06,1.1054166e-05,1.0449998e-05,6.091658e-06,5.791664e-06
2,847,1098.258,0.306,9.654164e-06,9.804161e-06,9.608332e-06,9.933328e-06,6.212497e-06,6.783327e-06,6.39166e-06,6.812493e-06,8.837494e-06,8.470829e-06,8.65833e-06,8.270827e-06,1.1091662e-05,1.0487493e-05,6.137498e-06,5.820831e-06
2,848,1098.409,0.304,9.699997e-06,9.85833e-06,9.666665e-06,9.987497e-06,6.266665e-06,6.841659e-06,6.449994e-06,6.874998e-06,8.895826e-06,8.533327e-06,8.716663e-06,8.333325e-06,1.1149995e-05,1.0541661e-05,6.208332e-06,5.862498e-06
2,849,1098.56,0.302,9.749992e-06,9.899998e-06,9.708333e-06,1.0029165e-05,6.295832e-06,6.870826e-06,6.47916e-06,6.908329e-06,8.937494e-06,8.57083e-06,8.754166e-06,8.370828e-06,1.1187498e-05,1.0579165e-05,6.254164e-06,5.887493e-06
2,850,1098.711,0.3,9.795833e-06,9.949994e-06,9.75833e-06,1.0083326e-05,6.349993e-06,6.929159e-06,6.533329e-06,6.966663e-06,8.995827e-06,8.629163e-06,8.816663e-06,8.433326e-06,1.1249996e-05,1.0633325e-05,6.329163e-06,5.92916e-06
2,851,1098.862,0.298,9.845829e-06,9.995826e-06,9.799997e-06,1.0124993e-05,6.383332e-06,6.966663e-06,6.56666e-06,7.004166e-06,9.037494e-06,8.666659e-06,8.849995e-06,8.474994e-06,1.1287499e-05,1.0670828e-05,6.379159e-06,5.954162e-06
2,852,1099.013,0.296,9.891661e-06,1.0049995e-05,9.85833e-06,1.0179162e-05,6.441664e-06,7.020831e-06,6.624993e-06,7.066663e-06,9.099992e-06,8.724999e-06,8.912491e-06,8.5375e-06,1.1341659e-05,1.0724997e-05,6.449994e-06,5.991666e-06
2,853,1099.164,0.294,9.937493e-06,1.0091662e-05,9.895825e-06,1.0216665e-05,6.470831e-06,7.054162e-06,6.658332e-06,7.095829e-06,9.137495e-06,8.762495e-06,8.945831e-06,8.574994e-06,1.1383327e-05,1.0766666e-05,6.499998e-06,6.024996e-06
2,854,1099.314,0.292,9.987497e-06,1.0145831e-05,9.949994e-06,1.0270826e-05,6.524992e-06,7.108331e-06,6.712492e-06,7.158327e-06,9.195828e-06,8.820828e-06,9.004164e-06,8.637492e-06,1.1437495e-05,1.0816661e-05,6.574996e-06,6.062492e-06
2,855,1099.465,0.29,1.0033329e-05,1.0187498e-05,9.991661e-06,1.0308329e-05,6.558331e-06,7.141662e-06,6.745831e-06,7.191666e-06,9.233332e-06,8.858331e-06,9.041659e-06,8.67916e-06,1.1479163e-05,1.0849993e-05,6.620828e-06,6.087494e-06
2,856,1099.616,0.288,1.0079161e-05,1.024166e-05,1.004583e-05,1.0362498e-05,6.616664e-06,7.199995e-06,6.799992e-06,7.254163e-06,9.295829e-06,8.916664e-06,9.104165e-06,8.741665e-06,1.1537496e-05,1.0908326e-05,6.695827e-06,6.129162e-06
2,857,1099.767,0.286,1.0129165e-05,1.0283327e-05,1.0087498e-05,1.0399994e-05,6.641666e-06,7.229161e-06,6.833331e-06,7.287495e-06,9.333332e-06,8.954159e-06,9.14166e-06,8.77916e-06,1.1570827e-05,1.0937492e-05,6.745831e-06,6.154164e-06
2,858,1099.918,0.284,1.0174997e-05,1.0337496e-05,1.0141659e-05,1.0454162e-05,6.699999e-06,7.291659e-06,6.8875e-06,7.345827e-06,9.39583e-06,9.012492e-06,9.199993e-06,8.841665e-06,1.162916e-05,1.0995833e-05,6.816666e-06,6.191659e-06
2,859,1100.069,0.282,1.022083e-05,1.0383328e-05,1.0183327e-05,1.049583e-05,6.73333e-06,7.324998e-06,6.92083e-06,7.383331e-06,9.429161e-06,9.05416e-06,9.233332e-06,8.883325e-06,1.1666663e-05,1.1033329e-05,6.866662e-06,6.220826e-06
2,860,1100.219,0.28,1.0266662e-05,1.0429159e-05,1.0237495e-05,1.0545826e-05,6.783327e-06,7.379158e-06,6.974999e-06,7.441664e-06,9.491666e-06,9.108328e-06,9.291664e-06,8.937494e-06,1.1720832e-05,1.1079161e-05,6.937496e-06,6.258329e-06
2,861,1100.37,0.278,1.0312494e-05,1.0470828e-05,1.0274998e-05,1.0587493e-05,6.816666e-06,7.412497e-06,7.00833e-06,7.474995e-06,9.529162e-06,9.145832e-06,9.324996e-06,8.974997e-06,1.1762492e-05,1.1116664e-05,6.987492e-06,6.283331e-06
2,862,1100.521,0.276,1.0354162e-05,1.0520832e-05,1.032916e-05,1.0633325e-05,6.866662e-06,7.47083e-06,7.062499e-06,7.533328e-06,9.58333e-06,9.199993e-06,9.379164e-06,9.041659e-06,1.1812496e-05,1.1170832e-05,7.054162e-06,6.329163e-06
2,863,1100.672,0.274,1.0404166e-05,1.0562499e-05,1.0366663e-05,1.0674993e-05,6.899993e-06,7.495833e-06,7.091665e-06,7.566658e-06,9.624998e-06,9.233332e-06,9.41666e-06,9.074998e-06,1.1849999e-05,1.1204163e-05,7.099994e-06,6.345828e-06
2,864,1100.823,0.272,1.0445825e-05,1.061666e-05,1.0416658e-05,1.0720825e-05,6.949997e-06,7.549993e-06,7.149999e-06,7.624992e-06,9.683331e-06,9.291664e-06,9.470828e-06,9.137495e-06,1.1912497e-05,1.1254159e-05,7.174993e-06,6.387496e-06
2,865,1100.974,0.27,1.0491665e-05,1.0658327e-05,1.0458326e-05,1.0762493e-05,6.983328e-06,7.587496e-06,7.179165e-06,7.658331e-06,9.716662e-06,9.32916e-06,9.508331e-06,9.174999e-06,1.1945828e-05,1.1287499e-05,7.220833e-06,6.412498e-06
2,866,1101.125,0.268,1.0537497e-05,1.0708332e-05,1.0508331e-05,1.0812497e-05,7.037497e-06,7.641665e-06,7.237498e-06,7.720828e-06,9.774994e-06,9.383329e-06,9.566665e-06,9.233332e-06,1.1995832e-05,1.1337494e-05,7.291659e-06,6.449994e-06
2,867,1101.275,0.266,1.0579165e-05,1.075e-05,1.0549998e-05,1.0854164e-05,7.066663e-06,7.674996e-06,7.270829e-06,7.754159e-06,9.812498e-06,9.424996e-06,9.599996e-06,9.270827e-06,1.2033327e-05,1.1374998e-05,7.337499e-06,6.474996e-06
2,868,1101.426,0.264,1.0624997e-05,1.0795831e-05,1.0599994e-05,1.0899997e-05,7.120832e-06,7.733329e-06,7.324998e-06,7.812492e-06,9.870831e-06,9.479165e-06,9.654164e-06,9.32916e-06,1.2083332e-05,1.142083e-05,7.408333e-06,6.512499e-06
2,869,1101.577,0.262,1.0670828e-05,1.0841663e-05,1.0637498e-05,1.0941664e-05,7.154163e-06,7.762495e-06,7.354164e-06,7.845831e-06,9.908326e-06,9.512496e-06,9.691659e-06,9.366663e-06,1.2120827e-05,1.1458325e-05,7.458329e-06,6.537493e-06
2,870,1101.728,0.26,1.0716661e-05,1.089166e-05,1.0691659e-05,1.0991661e-05,7.208331e-06,7.820829e-06,7.412497e-06,7.904164e-06,9.966659e-06,9.570829e-06,9.745829e-06,9.429161e-06,1.2174995e-05,1.1504166e-05,7.524999e-06,6.574996e-06
2,871,1101.879,0.258,1.0762493e-05,1.0933328e-05,1.0729162e-05,1.1029164e-05,7.237498e-06,7.85416e-06,7.445828e-06,7.94166e-06,1.0004163e-05,9.608332e-06,9.783332e-06,9.466664e-06,1.2212499e-05,1.1541661e-05,7.566658e-06,6.599998e-06
2,872,1102.03,0.256,1.0799996e-05,1.0970831e-05,1.0766666e-05,1.106666e-05,7.266664e-06,7.883326e-06,7.479159e-06,7.974998e-06,1.0041666e-05,9.641663e-06,9.816663e-06,9.50416e-06,1.224583e-05,1.1579164e-05,7.616663e-06,6.624993e-06
2,873,1102.18,0.254,1.0833327e-05,1.1016663e-05,1.0816661e-05,1.1112499e-05,7.320825e-06,7.94166e-06,7.533328e-06,8.033331e-06,1.0095827e-05,9.691659e-06,9.870831e-06,9.562493e-06,1.2299998e-05,1.162916e-05,7.687497e-06,6.662496e-06
2,874,1102.331,0.252,1.0883331e-05,1.1058331e-05,1.0858329e-05,1.1149995e-05,7.354164e-06,7.970826e-06,7.566658e-06,8.066662e-06,1.013333e-05,9.733327e-06,9.912499e-06,9.599996e-06,1.2337494e-05,1.1654162e-05,7.729165e-06,6.687498e-06
2,875,1102.482,0.25,1.0924999e-05,1.1104163e-05,1.0904161e-05,1.1199999e-05,7.40416e-06,8.024995e-06,7.620828e-06,8.124995e-06,1.0187498e-05,9.783332e-06,9.962495e-06,9.658329e-06,1.2391662e-05,1.1708331e-05,7.795827e-06,6.724993e-06
2,876,1102.633,0.248,1.0970831e-05,1.114583e-05,1.0941664e-05,1.1237494e-05,7.437499e-06,8.058326e-06,7.654166e-06,8.158326e-06,1.0224994e-05,9.820827e-06,9.995826e-06,9.691659e-06,1.2424994e-05,1.1745827e-05,7.841659e-06,6.749995e-06
2,877,1102.784,0.246,1.1012498e-05,1.1191662e-05,1.0991661e-05,1.1283326e-05,7.487496e-06,8.10833e-06,7.704162e-06,8.212495e-06,1.0279163e-05,9.87916e-06,1.004583e-05,9.749992e-06,1.2474998e-05,1.1791666e-05,7.908328e-06,6.787499e-06
2,878,1102.935,0.244,1.1058331e-05,1.123333e-05,1.1033329e-05,1.132083e-05,7.516662e-06,8.141661e-06,7.737493e-06,8.249998e-06,1.0316666e-05,9.908326e-06,1.0083326e-05,9.787496e-06,1.2508329e-05,1.1820833e-05,7.949996e-06,6.812493e-06
2,879,1103.085,0.242,1.1099998e-05,1.1274998e-05,1.1079161e-05,1.1362497e-05,7.570831e-06,8.19583e-06,7.787497e-06,8.304159e-06,1.0370827e-05,9.962495e-06,1.0137494e-05,9.845829e-06,1.2558333e-05,1.1870829e-05,8.02083e-06,6.849996e-06
2,880,1103.236,0.24,1.1141666e-05,1.1316665e-05,1.1116664e-05,1.1404165e-05,7.599997e-06,8.224996e-06,7.820829e-06,8.337498e-06,1.0404166e-05,9.995826e-06,1.0170826e-05,9.87916e-06,1.2591664e-05,1.1904161e-05,8.062498e-06,6.870826e-06
2,881,1103.387,0.238,1.1183325e-05,1.1362497e-05,1.116666e-05,1.1449996e-05,7.649994e-06,8.283329e-06,7.874997e-06,8.395831e-06,1.0458326e-05,1.0049995e-05,1.0224994e-05,9.937493e-06,1.2641661e-05,1.1949992e-05,8.124995e-06,6.908329e-06
2,882,1103.538,0.236,1.1224993e-05,1.1404165e-05,1.1204163e-05,1.1487492e-05,7.683333e-06,8.308331e-06,7.904164e-06,8.424998e-06,1.049583e-05,1.0083326e-05,1.0254161e-05,9.970832e-06,1.2674999e-05,1.1979158e-05,8.170828e-06,6.929159e-06
2,883,1103.689,0.234,1.126666e-05,1.1445833e-05,1.1249996e-05,1.1533331e-05,7.733329e-06,8.366665e-06,7.958332e-06,8.48333e-06,1.0545826e-05,1.013333e-05,1.0304165e-05,1.0029165e-05,1.2724996e-05,1.2024999e-05,8.233333e-06,6.966663e-06
2,884,1103.84,0.232,1.1312492e-05,1.1487492e-05,1.1283326e-05,1.1570827e-05,7.762495e-06,8.395831e-06,7.987499e-06,8.516661e-06,1.058333e-05,1.0166661e-05,1.0337496e-05,1.0062496e-05,1.2758326e-05,1.2054165e-05,8.270827e-06,6.991665e-06
2,885,1103.991,0.23,1.135416e-05,1.1533331e-05,1.1329166e-05,1.1616659e-05,7.812492e-06,8.445827e-06,8.04166e-06,8.57083e-06,1.0633325e-05,1.022083e-05,1.0387492e-05,1.0116664e-05,1.2804167e-05,1.2099998e-05,8.341662e-06,7.024995e-06
2,886,1104.141,0.228,1.1395828e-05,1.1575e-05,1.1370826e-05,1.1654162e-05,7.841659e-06,8.48333e-06,8.074999e-06,8.604161e-06,1.0666665e-05,1.0249996e-05,1.0424996e-05,1.0149995e-05,1.2837498e-05,1.2129164e-05,8.374993e-06,7.041661e-06
2,887,1104.292,0.226,1.1429159e-05,1.1616659e-05,1.1412493e-05,1.1691665e-05,7.887498e-06,8.529162e-06,8.120831e-06,8.654165e-06,1.0716661e-05,1.0299993e-05,1.0470828e-05,1.0199992e-05,1.2883329e-05,1.2174995e-05,8.441662e-06,7.074992e-06
2,888,1104.443,0.224,1.1474999e-05,1.1658327e-05,1.1449996e-05,1.1733326e-05,7.920829e-06,8.562493e-06,8.154162e-06,8.691661e-06,1.0754164e-05,1.0333331e-05,1.0508331e-05,1.0237495e-05,1.291666e-05,1.2208327e-05,8.487495e-06,7.099994e-06
2,889,1104.594,0.222,1.1512494e-05,1.1699995e-05,1.1499993e-05,1.1779165e-05,7.970826e-06,8.612497e-06,8.208331e-06,8.745829e-06,1.080416e-05,1.0387492e-05,1.0558327e-05,1.0291664e-05,1.2962492e-05,1.2249994e-05,8.545828e-06,7.137497e-06
2,890,1104.745,0.22,1.1558326e-05,1.1737498e-05,1.1533331e-05,1.1812496e-05,7.999993e-06,8.641664e-06,8.237497e-06,8.77916e-06,1.0841663e-05,1.0416658e-05,1.0591666e-05,1.0324995e-05,1.2995831e-05,1.2283325e-05,8.587495e-06,7.1625e-06
2,891,1104.896,0.218,1.1595829e-05,1.178333e-05,1.1579164e-05,1.1858328e-05,8.049997e-06,8.691661e-06,8.287493e-06,8.829164e-06,1.089166e-05,1.0466663e-05,1.0637498e-05,1.0383328e-05,1.3041663e-05,1.2324993e-05,8.645829e-06,7.19583e-06
2,892,1105.046,0.216,1.1637497e-05,1.1820833e-05,1.1620831e-05,1.1887495e-05,8.079163e-06,8.724999e-06,8.320832e-06,8.86666e-06,1.0929163e-05,1.0504166e-05,1.0674993e-05,1.0416658e-05,1.3074994e-05,1.2358331e-05,8.691661e-06,7.21666e-06
2,893,1105.197,0.214,1.1674992e-05,1.1862493e-05,1.1662499e-05,1.1933326e-05,8.124995e-06,8.774996e-06,8.374993e-06,8.920829e-06,1.0974995e-05,1.0545826e-05,1.0720825e-05,1.0466663e-05,1.3120826e-05,1.2399999e-05,8.745829e-06,7.249999e-06
2,894,1105.348,0.212,1.1720832e-05,1.1904161e-05,1.169583e-05,1.1966666e-05,8.158326e-06,8.812499e-06,8.404159e-06,8.954159e-06,1.1012498e-05,1.058333e-05,1.0754164e-05,1.0504166e-05,1.3154165e-05,1.2424994e-05,8.791661e-06,7.274993e-06
2,895,1105.499,0.21,1.1754163e-05,1.1945828e-05,1.1741662e-05,1.2016662e-05,8.208331e-06,8.858331e-06,8.458328e-06,9.008329e-06,1.1062495e-05,1.0633325e-05,1.080416e-05,1.0558327e-05,1.3204161e-05,1.2470826e-05,8.854158e-06,7.308332e-06
2,896,1105.65,0.208,1.1795831e-05,1.1983331e-05,1.1779165e-05,1.2049993e-05,8.237497e-06,8.891662e-06,8.495832e-06,9.041659e-06,1.1099998e-05,1.0666665e-05,1.0837499e-05,1.0591666e-05,1.3229163e-05,1.2504164e-05,8.891662e-06,7.329162e-06
2,897,1105.801,0.206,1.1837498e-05,1.2029163e-05,1.1820833e-05,1.2095833e-05,8.287493e-06,8.941666e-06,8.541663e-06,9.091664e-06,1.114583e-05,1.0716661e-05,1.0887496e-05,1.0645826e-05,1.327916e-05,1.2545832e-05,8.949995e-06,7.362493e-06
2,898,1105.952,0.204,1.1874994e-05,1.2062494e-05,1.1858328e-05,1.2129164e-05,8.320832e-06,8.970833e-06,8.57083e-06,9.124994e-06,1.1187498e-05,1.0745827e-05,1.0916662e-05,1.0679166e-05,1.3304162e-05,1.2574998e-05,8.987498e-06,7.383331e-06
2,899,1106.102,0.202,1.1908332e-05,1.2099998e-05,1.1891659e-05,1.2162494e-05,8.345826e-06,9.004164e-06,8.599996e-06,9.158325e-06,1.1216664e-05,1.0779167e-05,1.0949993e-05,1.0712496e-05,1.3337493e-05,1.2604165e-05,9.024993e-06,7.408333e-06
2,900,1106.253,0.2,1.1945828e-05,1.2145829e-05,1.1937499e-05,1.2208327e-05,8.399995e-06,9.058333e-06,8.65833e-06,9.22083e-06,1.126666e-05,1.0829162e-05,1.0999997e-05,1.0766666e-05,1.3387497e-05,1.2649997e-05,9.087499e-06,7.441664e-06
2,901,1106.404,0.198,1.1987496e-05,1.217916e-05,1.197083e-05,1.2241666e-05,8.429161e-06,9.087499e-06,8.687496e-06,9.254161e-06,1.1308328e-05,1.0862494e-05,1.1033329e-05,1.0799996e-05,1.3416664e-05,1.2674999e-05,9.124994e-06,7.466666e-06
2,902,1106.555,0.196,1.2029163e-05,1.2224992e-05,1.2020826e-05,1.2287497e-05,8.479166e-06,9.14166e-06,8.741665e-06,9.304166e-06,1.135416e-05,1.0912498e-05,1.1079161e-05,1.0854164e-05,1.3462496e-05,1.2720831e-05,9.187492e-06,7.495833e-06
2,903,1106.706,0.194,1.2066666e-05,1.2262495e-05,1.205833e-05,1.2320828e-05,8.508333e-06,9.170826e-06,8.774996e-06,9.337497e-06,1.1387499e-05,1.0949993e-05,1.1112499e-05,1.089166e-05,1.3495826e-05,1.2745825e-05,9.224995e-06,7.520827e-06
2,904,1106.857,0.192,1.2104161e-05,1.2304163e-05,1.2099998e-05,1.2362496e-05,8.558329e-06,9.22083e-06,8.824993e-06,9.39583e-06,1.1437495e-05,1.0995833e-05,1.116666e-05,1.0945829e-05,1.3541659e-05,1.279583e-05,9.287493e-06,7.554166e-06
2,905,1107.007,0.19,1.2145829e-05,1.2341667e-05,1.2137492e-05,1.2399999e-05,8.587495e-06,9.258326e-06,8.858331e-06,9.429161e-06,1.1470826e-05,1.1029164e-05,1.1199999e-05,1.0974995e-05,1.3570825e-05,1.2824997e-05,9.324996e-06,7.574995e-06
2,906,1107.158,0.188,1.2187496e-05,1.2387498e-05,1.217916e-05,1.2445831e-05,8.641664e-06,9.30833e-06,8.912491e-06,9.487494e-06,1.1524995e-05,1.1079161e-05,1.1249996e-05,1.1033329e-05,1.3612493e-05,1.28625e-05,9.383329e-06,7.608326e-06
2,907,1107.309,0.186,1.2233329e-05,1.2424994e-05,1.2216663e-05,1.2474998e-05,8.670831e-06,9.341661e-06,8.945831e-06,9.520832e-06,1.1558326e-05,1.1112499e-05,1.1283326e-05,1.106666e-05,1.3645832e-05,1.2895831e-05,9.420832e-06,7.629164e-06
2,908,1107.46,0.184,1.226666e-05,1.2466661e-05,1.2258331e-05,1.252083e-05,8.720827e-06,9.39583e-06,8.995827e-06,9.570829e-06,1.160833e-05,1.1162496e-05,1.1329166e-05,1.1116664e-05,1.3691663e-05,1.2937498e-05,9.479165e-06,7.662495e-06
2,909,1107.611,0.182,1.2308327e-05,1.2508329e-05,1.2295826e-05,1.2554161e-05,8.754166e-06,9.420832e-06,9.029166e-06,9.608332e-06,1.1645826e-05,1.1195826e-05,1.1362497e-05,1.1149995e-05,1.372083e-05,1.2962492e-05,9.516661e-06,7.683333e-06
2,910,1107.762,0.18,1.234583e-05,1.2549996e-05,1.2341667e-05,1.2599993e-05,8.804162e-06,9.474993e-06,9.083326e-06,9.666665e-06,1.1691665e-05,1.1241658e-05,1.1412493e-05,1.1204163e-05,1.3762497e-05,1.3008333e-05,9.574994e-06,7.716663e-06
2,911,1107.912,0.178,1.2387498e-05,1.2587499e-05,1.2374997e-05,1.2633332e-05,8.837494e-06,9.512496e-06,9.12083e-06,9.695832e-06,1.1729161e-05,1.1270833e-05,1.144166e-05,1.1237494e-05,1.3795829e-05,1.3033326e-05,9.612497e-06,7.741666e-06
2,912,1108.063,0.176,1.2424994e-05,1.2629159e-05,1.2420829e-05,1.2679164e-05,8.887498e-06,9.558328e-06,9.166662e-06,9.754165e-06,1.1779165e-05,1.132083e-05,1.1491664e-05,1.1295827e-05,1.3841661e-05,1.3079167e-05,9.666665e-06,7.774996e-06
2,913,1108.214,0.174,1.2470826e-05,1.2666663e-05,1.2458332e-05,1.2712495e-05,8.916664e-06,9.591659e-06,9.199993e-06,9.787496e-06,1.1812496e-05,1.135416e-05,1.1524995e-05,1.132083e-05,1.3866663e-05,1.3104161e-05,9.704161e-06,7.795827e-06
2,914,1108.365,0.172,1.2504164e-05,1.270833e-05,1.2499992e-05,1.2749998e-05,8.962496e-06,9.641663e-06,9.249997e-06,9.841665e-06,1.1858328e-05,1.1399992e-05,1.1566663e-05,1.1370826e-05,1.390833e-05,1.3145828e-05,9.754165e-06,7.824993e-06
2,915,1108.516,0.17,1.254166e-05,1.2741662e-05,1.2533331e-05,1.2787493e-05,8.991663e-06,9.674995e-06,9.283328e-06,9.870831e-06,1.1891659e-05,1.1433332e-05,1.1599994e-05,1.1404165e-05,1.3937497e-05,1.317083e-05,9.79166e-06,7.849995e-06
2,916,1108.667,0.168,1.2583328e-05,1.2787493e-05,1.2574998e-05,1.282916e-05,9.041659e-06,9.724999e-06,9.337497e-06,9.924992e-06,1.1941664e-05,1.1483327e-05,1.1645826e-05,1.1458325e-05,1.3979165e-05,1.3212498e-05,9.849993e-06,7.874997e-06
2,917,1108.818,0.166,1.2620831e-05,1.2816659e-05,1.260833e-05,1.2858327e-05,9.070825e-06,9.754165e-06,9.366663e-06,9.95833e-06,1.1974995e-05,1.1512494e-05,1.1679164e-05,1.1491664e-05,1.4008331e-05,1.3237493e-05,9.883332e-06,7.899992e-06
2,918,1108.968,0.164,1.2654162e-05,1.2858327e-05,1.2649997e-05,1.2899995e-05,9.116666e-06,9.804161e-06,9.41666e-06,1.00125e-05,1.2020826e-05,1.1558326e-05,1.1724997e-05,1.1541661e-05,1.4054163e-05,1.3274996e-05,9.937493e-06,7.929166e-06
2,919,1109.119,0.162,1.2695829e-05,1.2895831e-05,1.2683328e-05,1.2933326e-05,9.149996e-06,9.833328e-06,9.449998e-06,1.004583e-05,1.2054165e-05,1.1591665e-05,1.1758328e-05,1.1575e-05,1.4079165e-05,1.3304162e-05,9.974996e-06,7.954161e-06
2,920,1109.27,0.16,1.2733332e-05,1.2937498e-05,1.272916e-05,1.2979166e-05,9.199993e-06,9.883332e-06,9.50416e-06,1.0099999e-05,1.2099998e-05,1.1633332e-05,1.180416e-05,1.1620831e-05,1.4120833e-05,1.3341665e-05,1.0024993e-05,7.979163e-06
2,921,1109.421,0.158,1.2766664e-05,1.2970829e-05,1.2762499e-05,1.3008333e-05,9.229159e-06,9.912499e-06,9.533326e-06,1.013333e-05,1.2133328e-05,1.1666663e-05,1.1833326e-05,1.1658327e-05,1.415e-05,1.3370832e-05,1.0058331e-05,7.999993e-06
2,922,1109.572,0.156,1.2804167e-05,1.3012496e-05,1.2804167e-05,1.3041663e-05,9.275e-06,9.966659e-06,9.587495e-06,1.0187498e-05,1.217916e-05,1.1712496e-05,1.1879166e-05,1.1704159e-05,1.4187495e-05,1.3408328e-05,1.0112492e-05,8.033331e-06
2,923,1109.723,0.154,1.2849999e-05,1.3049992e-05,1.2841661e-05,1.308333e-05,9.30833e-06,9.999999e-06,9.620825e-06,1.022083e-05,1.2216663e-05,1.1745827e-05,1.1912497e-05,1.1741662e-05,1.4216662e-05,1.3437494e-05,1.0149995e-05,8.054161e-06
2,924,1109.873,0.152,1.2879165e-05,1.309166e-05,1.2879165e-05,1.3124998e-05,9.354162e-06,1.004583e-05,9.67083e-06,1.0270826e-05,1.2258331e-05,1.178333e-05,1.1949992e-05,1.1787494e-05,1.4258329e-05,1.3474997e-05,1.0199992e-05,8.083328e-06
2,925,1110.024,0.15,1.291666e-05,1.3120826e-05,1.2912496e-05,1.3158329e-05,9.383329e-06,1.0079161e-05,9.704161e-06,1.0308329e-05,1.2291662e-05,1.1820833e-05,1.1987496e-05,1.1824997e-05,1.4287496e-05,1.3499999e-05,1.0233331e-05,8.104165e-06
2,926,1110.175,0.148,1.2949999e-05,1.3154165e-05,1.2949999e-05,1.3187496e-05,9.412495e-06,1.0112492e-05,9.733327e-06,1.0341661e-05,1.2324993e-05,1.1849999e-05,1.2016662e-05,1.1854164e-05,1.4312498e-05,1.3520829e-05,1.0266662e-05,8.12916e-06
2,927,1110.326,0.146,1.2987494e-05,1.319166e-05,1.298333e-05,1.3229163e-05,9.462499e-06,1.0162496e-05,9.783332e-06,1.0391665e-05,1.2370832e-05,1.1891659e-05,1.2062494e-05,1.1904161e-05,1.435833e-05,1.3566661e-05,1.0324995e-05,8.158326e-06
2,928,1110.477,0.144,1.3024997e-05,1.3229163e-05,1.3016661e-05,1.325833e-05,9.49583e-06,1.0191663e-05,9.820827e-06,1.0429159e-05,1.2404163e-05,1.1929163e-05,1.2095833e-05,1.1933326e-05,1.4383332e-05,1.3591663e-05,1.0358325e-05,8.179164e-06
2,929,1110.628,0.142,1.3062493e-05,1.3270831e-05,1.3062493e-05,1.3304162e-05,9.541663e-06,1.0237495e-05,9.862494e-06,1.0483329e-05,1.2449996e-05,1.197083e-05,1.2141665e-05,1.1983331e-05,1.4425e-05,1.3629166e-05,1.0404166e-05,8.212495e-06
2,930,1110.779,0.14,1.3095831e-05,1.3304162e-05,1.309166e-05,1.3333329e-05,9.574994e-06,1.0274998e-05,9.899998e-06,1.0516659e-05,1.2483327e-05,1.200416e-05,1.2170832e-05,1.2016662e-05,1.4449994e-05,1.365416e-05,1.0437497e-05,8.22916e-06
2,931,1110.929,0.138,1.3133327e-05,1.3341665e-05,1.3129163e-05,1.336666e-05,9.620825e-06,1.032083e-05,9.949994e-06,1.0566664e-05,1.2529159e-05,1.2045829e-05,1.2212499e-05,1.2066666e-05,1.4487497e-05,1.36875e-05,1.0491665e-05,8.258326e-06
2,932,1111.08,0.136,1.3174995e-05,1.3374996e-05,1.3162494e-05,1.3404163e-05,9.649992e-06,1.0358325e-05,9.983333e-06,1.0604159e-05,1.2562497e-05,1.2079159e-05,1.2241666e-05,1.2095833e-05,1.4516663e-05,1.3716666e-05,1.0524996e-05,8.274992e-06
2,933,1111.231,0.134,1.3204161e-05,1.3412499e-05,1.3199997e-05,1.3441666e-05,9.695832e-06,1.0404166e-05,1.0037494e-05,1.0654163e-05,1.260833e-05,1.2120827e-05,1.2287497e-05,1.2145829e-05,1.4554159e-05,1.3754161e-05,1.0570828e-05,8.308331e-06
2,934,1111.382,0.132,1.3245829e-05,1.3449995e-05,1.3237493e-05,1.3474997e-05,9.733327e-06,1.0437497e-05,1.006666e-05,1.0687494e-05,1.2641661e-05,1.2149993e-05,1.2320828e-05,1.2174995e-05,1.4574996e-05,1.3779163e-05,1.0604159e-05,8.324997e-06
2,935,1111.533,0.13,1.3274996e-05,1.3483325e-05,1.327916e-05,1.3512492e-05,9.774994e-06,1.0483329e-05,1.0116664e-05,1.0741663e-05,1.2683328e-05,1.2195826e-05,1.236666e-05,1.2229165e-05,1.4624993e-05,1.3812494e-05,1.0654163e-05,8.358327e-06
2,936,1111.684,0.128,1.3316663e-05,1.3524993e-05,1.3304162e-05,1.3545831e-05,9.804161e-06,1.0516659e-05,1.0149995e-05,1.0770829e-05,1.2712495e-05,1.2224992e-05,1.2387498e-05,1.2254159e-05,1.4645831e-05,1.3841661e-05,1.0683329e-05,8.379166e-06
2,937,1111.834,0.126,1.334583e-05,1.3558332e-05,1.3341665e-05,1.3579162e-05,9.849993e-06,1.0558327e-05,1.0195828e-05,1.0824998e-05,1.2754163e-05,1.2262495e-05,1.243333e-05,1.2304163e-05,1.4683326e-05,1.3874999e-05,1.0733326e-05,8.404159e-06
2,938,1111.985,0.124,1.3383333e-05,1.3595827e-05,1.3383333e-05,1.3616665e-05,9.87916e-06,1.0591666e-05,1.0233331e-05,1.0858329e-05,1.2791666e-05,1.2299998e-05,1.2462497e-05,1.2333329e-05,1.4708328e-05,1.3899994e-05,1.0766666e-05,8.424998e-06
2,939,1112.136,0.122,1.3416664e-05,1.3633331e-05,1.3416664e-05,1.3649996e-05,9.924992e-06,1.0645826e-05,1.0283327e-05,1.0908326e-05,1.2833333e-05,1.2337494e-05,1.2504164e-05,1.2379161e-05,1.4745831e-05,1.3937497e-05,1.0816661e-05,8.454163e-06
2,940,1112.287,0.12,1.3454159e-05,1.3658333e-05,1.3449995e-05,1.3679162e-05,9.95833e-06,1.0670828e-05,1.0312494e-05,1.0945829e-05,1.2866664e-05,1.2370832e-05,1.2533331e-05,1.2412493e-05,1.4770826e-05,1.3962499e-05,1.0845828e-05,8.474994e-06
2,941,1112.438,0.118,1.3487498e-05,1.3699992e-05,1.3487498e-05,1.3716666e-05,1.0004163e-05,1.0720825e-05,1.0362498e-05,1.0995833e-05,1.2908332e-05,1.2408328e-05,1.2574998e-05,1.245416e-05,1.4808329e-05,1.3991666e-05,1.089166e-05,8.50416e-06
2,942,1112.589,0.116,1.3524993e-05,1.3733332e-05,1.3520829e-05,1.3749996e-05,1.0033329e-05,1.0754164e-05,1.0395829e-05,1.1029164e-05,1.2941662e-05,1.2441659e-05,1.260833e-05,1.2487499e-05,1.4837496e-05,1.4020832e-05,1.0920827e-05,8.520826e-06
2,943,1112.739,0.114,1.355416e-05,1.3770827e-05,1.3558332e-05,1.3791664e-05,1.0079161e-05,1.080416e-05,1.0445825e-05,1.1079161e-05,1.298333e-05,1.2487499e-05,1.2649997e-05,1.2533331e-05,1.4874999e-05,1.4058328e-05,1.0970831e-05,8.549992e-06
2,944,1112.89,0.112,1.3591663e-05,1.3804166e-05,1.3591663e-05,1.3820831e-05,1.0112492e-05,1.0833327e-05,1.0479164e-05,1.1112499e-05,1.3016661e-05,1.2516665e-05,1.2679164e-05,1.2562497e-05,1.4899992e-05,1.4079165e-05,1.0999997e-05,8.566665e-06
2,945,1113.041,0.11,1.3633331e-05,1.3845834e-05,1.3629166e-05,1.3854162e-05,1.0158332e-05,1.0883331e-05,1.052916e-05,1.1162496e-05,1.3058328e-05,1.2554161e-05,1.2724996e-05,1.260833e-05,1.4937496e-05,1.4116661e-05,1.1049994e-05,8.599996e-06
2,946,1113.192,0.108,1.3662498e-05,1.3874999e-05,1.3662498e-05,1.3887493e-05,1.0187498e-05,1.0916662e-05,1.0562499e-05,1.1199999e-05,1.3087495e-05,1.2587499e-05,1.2754163e-05,1.2641661e-05,1.4966663e-05,1.4141663e-05,1.1079161e-05,8.616662e-06
2,947,1113.343,0.106,1.3695828e-05,1.3912495e-05,1.3699992e-05,1.3924996e-05,1.0237495e-05,1.0962494e-05,1.0612495e-05,1.1249996e-05,1.3129163e-05,1.2629159e-05,1.279583e-05,1.2683328e-05,1.5004166e-05,1.4174994e-05,1.1129165e-05,8.641664e-06
2,948,1113.494,0.104,1.3729159e-05,1.3941662e-05,1.3729159e-05,1.3954163e-05,1.0262497e-05,1.0991661e-05,1.0641662e-05,1.1287499e-05,1.3162494e-05,1.2654162e-05,1.2824997e-05,1.2716659e-05,1.502916e-05,1.4195832e-05,1.1158331e-05,8.662494e-06
2,949,1113.645,0.102,1.3762497e-05,1.3974993e-05,1.3766662e-05,1.3987494e-05,1.0308329e-05,1.1041665e-05,1.0691659e-05,1.1333331e-05,1.3204161e-05,1.2695829e-05,1.28625e-05,1.2758326e-05,1.5062499e-05,1.4229163e-05,1.1199999e-05,8.691661e-06
2,950,1113.795,0.1,1.3795829e-05,1.4012496e-05,1.3799993e-05,1.4020832e-05,1.0341661e-05,1.106666e-05,1.0720825e-05,1.1366661e-05,1.3233328e-05,1.2724996e-05,1.2891666e-05,1.2783329e-05,1.5087493e-05,1.4254165e-05,1.123333e-05,8.708326e-06
2,951,1113.946,0.098,1.382916e-05,1.4041662e-05,1.3833332e-05,1.4054163e-05,1.0383328e-05,1.1116664e-05,1.0770829e-05,1.1416666e-05,1.3274996e-05,1.2762499e-05,1.2933326e-05,1.2833333e-05,1.5120832e-05,1.429166e-05,1.1274998e-05,8.737493e-06
2,952,1114.097,0.096,1.3862498e-05,1.4079165e-05,1.3862498e-05,1.408333e-05,1.0412495e-05,1.114583e-05,1.0799996e-05,1.1445833e-05,1.3299998e-05,1.2787493e-05,1.2954163e-05,1.2858327e-05,1.5141662e-05,1.4308325e-05,1.13e-05,8.754166e-06
2,953,1114.248,0.094,1.3887493e-05,1.4099995e-05,1.3887493e-05,1.4108332e-05,1.0441661e-05,1.1179161e-05,1.0833327e-05,1.1479163e-05,1.3333329e-05,1.2816659e-05,1.298333e-05,1.2883329e-05,1.5166665e-05,1.4333327e-05,1.1329166e-05,8.766659e-06
2,954,1114.399,0.092,1.3920831e-05,1.4137499e-05,1.3920831e-05,1.4141663e-05,1.0479164e-05,1.1220829e-05,1.0879159e-05,1.1524995e-05,1.3370832e-05,1.2858327e-05,1.3020825e-05,1.2924997e-05,1.5199995e-05,1.4366667e-05,1.1370826e-05,8.795826e-06
2,955,1114.55,0.09,1.3954163e-05,1.4166665e-05,1.3954163e-05,1.4174994e-05,1.0512495e-05,1.1249996e-05,1.0908326e-05,1.1558326e-05,1.3395826e-05,1.2883329e-05,1.3049992e-05,1.2954163e-05,1.5220833e-05,1.439166e-05,1.1399992e-05,8.816663e-06
2,956,1114.7,0.088,1.3979165e-05,1.4199996e-05,1.3983329e-05,1.4199996e-05,1.0549998e-05,1.1295827e-05,1.0954165e-05,1.1604166e-05,1.3437494e-05,1.2924997e-05,1.3087495e-05,1.2995831e-05,1.5258328e-05,1.4420827e-05,1.1445833e-05,8.841665e-06
2,957,1114.851,0.086,1.4012496e-05,1.4229163e-05,1.401666e-05,1.4233327e-05,1.058333e-05,1.1329166e-05,1.0987496e-05,1.1641661e-05,1.3462496e-05,1.2949999e-05,1.3116662e-05,1.3024997e-05,1.5283331e-05,1.4441665e-05,1.1470826e-05,8.858331e-06
2,958,1115.002,0.084,1.4045827e-05,1.4262493e-05,1.4049999e-05,1.4262493e-05,1.0624997e-05,1.1366661e-05,1.1029164e-05,1.1683329e-05,1.3499999e-05,1.298333e-05,1.3149993e-05,1.3066665e-05,1.5312497e-05,1.4474996e-05,1.1512494e-05,8.887498e-06
2,959,1115.153,0.082,1.4074993e-05,1.4295832e-05,1.4079165e-05,1.4295832e-05,1.0654163e-05,1.1399992e-05,1.1062495e-05,1.171666e-05,1.3529166e-05,1.3012496e-05,1.3179159e-05,1.309166e-05,1.5337499e-05,1.4495826e-05,1.1541661e-05,8.899999e-06
2,960,1115.304,0.08,1.410416e-05,1.4324999e-05,1.4112497e-05,1.4324999e-05,1.0695831e-05,1.1445833e-05,1.1108327e-05,1.1762492e-05,1.3566661e-05,1.3049992e-05,1.3216662e-05,1.3137499e-05,1.537083e-05,1.4529164e-05,1.1583328e-05,8.929165e-06
2,961,1115.455,0.078,1.4141663e-05,1.435833e-05,1.4137499e-05,1.4354166e-05,1.0724997e-05,1.1474999e-05,1.1141666e-05,1.1799995e-05,1.3595827e-05,1.3074994e-05,1.3241664e-05,1.3166666e-05,1.5395832e-05,1.454583e-05,1.1604166e-05,8.945831e-06
2,962,1115.606,0.076,1.4162492e-05,1.4383332e-05,1.4174994e-05,1.4387496e-05,1.0766666e-05,1.152083e-05,1.1183325e-05,1.1845827e-05,1.3637495e-05,1.3108333e-05,1.327916e-05,1.3204161e-05,1.5420826e-05,1.4579161e-05,1.1645826e-05,8.970833e-06
2,963,1115.756,0.074,1.4199996e-05,1.4416662e-05,1.420416e-05,1.4416662e-05,1.0799996e-05,1.1549997e-05,1.1216664e-05,1.1874994e-05,1.3662498e-05,1.3137499e-05,1.3308327e-05,1.3224999e-05,1.5445828e-05,1.4599998e-05,1.1674992e-05,8.991663e-06
2,964,1115.907,0.072,1.4229163e-05,1.4454166e-05,1.4233327e-05,1.4445829e-05,1.0841663e-05,1.1591665e-05,1.1258332e-05,1.1920825e-05,1.3699992e-05,1.3174995e-05,1.3341665e-05,1.3266659e-05,1.5474994e-05,1.4629165e-05,1.171666e-05,9.008329e-06
2,965,1116.058,0.07,1.4258329e-05,1.4474996e-05,1.4262493e-05,1.4470832e-05,1.0866665e-05,1.1624996e-05,1.1295827e-05,1.1958329e-05,1.3729159e-05,1.3199997e-05,1.3370832e-05,1.3295826e-05,1.5499998e-05,1.465416e-05,1.1741662e-05,9.024993e-06
2,966,1116.209,0.068,1.4287496e-05,1.4508327e-05,1.4295832e-05,1.4504162e-05,1.0912498e-05,1.1662499e-05,1.1337494e-05,1.1999997e-05,1.3766662e-05,1.3237493e-05,1.3404163e-05,1.3337493e-05,1.5533327e-05,1.4683326e-05,1.1787494e-05,9.05416e-06
2,967,1116.36,0.066,1.4316663e-05,1.4533329e-05,1.4320826e-05,1.4533329e-05,1.0941664e-05,1.169583e-05,1.1370826e-05,1.2033327e-05,1.3791664e-05,1.3262495e-05,1.343333e-05,1.3362495e-05,1.5554166e-05,1.4704164e-05,1.1808332e-05,9.066661e-06
2,968,1116.511,0.064,1.4349993e-05,1.456666e-05,1.4354166e-05,1.4562495e-05,1.097916e-05,1.1737498e-05,1.1408329e-05,1.2079159e-05,1.382916e-05,1.3299998e-05,1.346666e-05,1.3399998e-05,1.5587497e-05,1.4737495e-05,1.1849999e-05,9.091664e-06
2,969,1116.661,0.062,1.4383332e-05,1.4595827e-05,1.4387496e-05,1.4591662e-05,1.1008327e-05,1.1770829e-05,1.1445833e-05,1.2108326e-05,1.3854162e-05,1.3325e-05,1.3491663e-05,1.3429165e-05,1.5612499e-05,1.4749996e-05,1.1874994e-05,9.112493e-06
2,970,1116.812,0.06,1.4404161e-05,1.4624993e-05,1.4412499e-05,1.4620829e-05,1.1049994e-05,1.1812496e-05,1.1487492e-05,1.2154166e-05,1.3891665e-05,1.3358331e-05,1.3529166e-05,1.346666e-05,1.5641666e-05,1.4787499e-05,1.1916662e-05,9.137495e-06
2,971,1116.963,0.058,1.4441665e-05,1.4658332e-05,1.4441665e-05,1.4649995e-05,1.1079161e-05,1.1845827e-05,1.152083e-05,1.2187496e-05,1.391666e-05,1.3387497e-05,1.355416e-05,1.3491663e-05,1.5662496e-05,1.4804164e-05,1.1941664e-05,9.154161e-06
2,972,1117.114,0.056,1.4466659e-05,1.4687498e-05,1.4474996e-05,1.4679162e-05,1.1120828e-05,1.188333e-05,1.1562498e-05,1.2233329e-05,1.3954163e-05,1.3416664e-05,1.3591663e-05,1.3529166e-05,1.5695827e-05,1.4837496e-05,1.1983331e-05,9.174999e-06
2,973,1117.265,0.054,1.4495826e-05,1.4712493e-05,1.4499999e-05,1.4704164e-05,1.1149995e-05,1.1916662e-05,1.1595829e-05,1.226666e-05,1.3979165e-05,1.3441666e-05,1.3616665e-05,1.355416e-05,1.5716663e-05,1.4854161e-05,1.2008325e-05,9.191665e-06
2,974,1117.416,0.052,1.4524992e-05,1.4745831e-05,1.4537493e-05,1.4737495e-05,1.1191662e-05,1.1958329e-05,1.1637497e-05,1.23125e-05,1.401666e-05,1.3479162e-05,1.3649996e-05,1.3591663e-05,1.5749994e-05,1.4891664e-05,1.2045829e-05,9.22083e-06
2,975,1117.566,0.05,1.4558331e-05,1.4779162e-05,1.4562495e-05,1.4766661e-05,1.1220829e-05,1.1987496e-05,1.1670828e-05,1.2341667e-05,1.4041662e-05,1.3504164e-05,1.3674999e-05,1.3616665e-05,1.576666e-05,1.490833e-05,1.2074995e-05,9.237496e-06
2,976,1117.717,0.048,1.4574996e-05,1.4804164e-05,1.4591662e-05,1.4791663e-05,1.1258332e-05,1.2029163e-05,1.171666e-05,1.2391662e-05,1.4079165e-05,1.3537494e-05,1.3712493e-05,1.3658333e-05,1.5799998e-05,1.4937496e-05,1.2108326e-05,9.258326e-06
2,977,1117.868,0.046,1.4616664e-05,1.4833331e-05,1.4620829e-05,1.482083e-05,1.1291663e-05,1.2062494e-05,1.1749999e-05,1.2420829e-05,1.4108332e-05,1.3566661e-05,1.3737495e-05,1.3683327e-05,1.5824993e-05,1.4958326e-05,1.2133328e-05,9.275e-06
2,978,1118.019,0.044,1.4641666e-05,1.4866662e-05,1.4649995e-05,1.4854161e-05,1.1333331e-05,1.2104161e-05,1.1791666e-05,1.2466661e-05,1.4141663e-05,1.36e-05,1.3774999e-05,1.372083e-05,1.5854161e-05,1.4987492e-05,1.2170832e-05,9.295829e-06
2,979,1118.17,0.042,1.4670833e-05,1.4891664e-05,1.4674997e-05,1.4874999e-05,1.1362497e-05,1.2133328e-05,1.1820833e-05,1.2499992e-05,1.417083e-05,1.3629166e-05,1.3799993e-05,1.3749996e-05,1.5874997e-05,1.5008331e-05,1.2199998e-05,9.316659e-06
2,980,1118.321,0.04,1.4699999e-05,1.4920831e-05,1.4712493e-05,1.490833e-05,1.1404165e-05,1.2174995e-05,1.1866665e-05,1.2549996e-05,1.4199996e-05,1.3658333e-05,1.382916e-05,1.3787492e-05,1.5908328e-05,1.5037497e-05,1.2237493e-05,9.341661e-06
2,981,1118.472,0.038,1.4729166e-05,1.4949997e-05,1.4737495e-05,1.4937496e-05,1.1437495e-05,1.2212499e-05,1.1904161e-05,1.2583328e-05,1.4229163e-05,1.36875e-05,1.3862498e-05,1.3816659e-05,1.5929167e-05,1.5062499e-05,1.226666e-05,9.358327e-06
2,982,1118.622,0.036,1.475416e-05,1.4974999e-05,1.4762497e-05,1.4958326e-05,1.1462498e-05,1.2237493e-05,1.1933326e-05,1.260833e-05,1.4254165e-05,1.3708329e-05,1.3883328e-05,1.3837496e-05,1.5949996e-05,1.5083328e-05,1.2291662e-05,9.374992e-06
2,983,1118.773,0.034,1.4783327e-05,1.5008331e-05,1.4791663e-05,1.4987492e-05,1.1504166e-05,1.2287497e-05,1.1974995e-05,1.2654162e-05,1.4287496e-05,1.374166e-05,1.391666e-05,1.3874999e-05,1.5983327e-05,1.5108331e-05,1.2329165e-05,9.399994e-06
2,984,1118.924,0.032,1.4808329e-05,1.5033333e-05,1.482083e-05,1.5016659e-05,1.152916e-05,1.23125e-05,1.2008325e-05,1.2687492e-05,1.4316663e-05,1.3770827e-05,1.3945826e-05,1.3899994e-05,1.6004165e-05,1.5129161e-05,1.2354159e-05,9.41666e-06
2,985,1119.075,0.03,1.4837496e-05,1.5062499e-05,1.4845832e-05,1.5045825e-05,1.1566663e-05,1.2354159e-05,1.2049993e-05,1.2737497e-05,1.4349993e-05,1.3799993e-05,1.3974993e-05,1.3933332e-05,1.6033331e-05,1.5154163e-05,1.2391662e-05,9.441662e-06
2,986,1119.226,0.028,1.4866662e-05,1.5091666e-05,1.4874999e-05,1.5070827e-05,1.1599994e-05,1.2383326e-05,1.2079159e-05,1.2766664e-05,1.4374995e-05,1.3824995e-05,1.3999995e-05,1.3962499e-05,1.6049997e-05,1.5179166e-05,1.2416665e-05,9.458327e-06
2,987,1119.377,0.026,1.4891664e-05,1.511666e-05,1.4904165e-05,1.509583e-05,1.1637497e-05,1.2420829e-05,1.2125e-05,1.2804167e-05,1.4408326e-05,1.3854162e-05,1.4033326e-05,1.399583e-05,1.6079164e-05,1.5204159e-05,1.245416e-05,9.483329e-06
2,988,1119.527,0.024,1.4924995e-05,1.5145826e-05,1.4929159e-05,1.5124997e-05,1.1666663e-05,1.245416e-05,1.2154166e-05,1.2837498e-05,1.4433328e-05,1.3879164e-05,1.4058328e-05,1.4020832e-05,1.6104166e-05,1.5224997e-05,1.2474998e-05,9.491666e-06
2,989,1119.678,0.022,1.4945833e-05,1.5174993e-05,1.4958326e-05,1.5149999e-05,1.1708331e-05,1.2495828e-05,1.2195826e-05,1.2883329e-05,1.4470832e-05,1.3912495e-05,1.4087494e-05,1.4058328e-05,1.6133332e-05,1.525e-05,1.2516665e-05,9.520832e-06
2,990,1119.829,0.02,1.4979164e-05,1.5199995e-05,1.4987492e-05,1.5174993e-05,1.1737498e-05,1.2529159e-05,1.2229165e-05,1.2912496e-05,1.4495826e-05,1.3937497e-05,1.4116661e-05,1.408333e-05,1.6158327e-05,1.5274994e-05,1.254166e-05,9.537498e-06
2,991,1119.98,0.018,1.5004166e-05,1.5229161e-05,1.5016659e-05,1.5208332e-05,1.1774993e-05,1.2566662e-05,1.2270832e-05,1.2958328e-05,1.4524992e-05,1.3970828e-05,1.4145828e-05,1.4116661e-05,1.6183329e-05,1.530416e-05,1.2574998e-05,9.558328e-06
2,992,1120.131,0.016,1.502916e-05,1.5258328e-05,1.5041661e-05,1.5233326e-05,1.180416e-05,1.2595829e-05,1.2308327e-05,1.2991659e-05,1.4554159e-05,1.399583e-05,1.4174994e-05,1.4141663e-05,1.6204167e-05,1.5320826e-05,1.2599993e-05,9.574994e-06
2,993,1120.282,0.014,1.5058326e-05,1.5287495e-05,1.5074992e-05,1.5266665e-05,1.1845827e-05,1.2641661e-05,1.234583e-05,1.3037499e-05,1.4587497e-05,1.4024997e-05,1.4208333e-05,1.4179166e-05,1.6237498e-05,1.5349991e-05,1.2637496e-05,9.60416e-06
2,994,1120.433,0.012,1.5087493e-05,1.5312497e-05,1.5099994e-05,1.5287495e-05,1.1870829e-05,1.2670827e-05,1.2379161e-05,1.3070829e-05,1.46125e-05,1.4049999e-05,1.4233327e-05,1.420416e-05,1.6254162e-05,1.537083e-05,1.2662498e-05,9.616661e-06
2,995,1120.583,0.01,1.5112495e-05,1.5341664e-05,1.5129161e-05,1.5316662e-05,1.1908332e-05,1.2704166e-05,1.2416665e-05,1.3112497e-05,1.4645831e-05,1.408333e-05,1.4266666e-05,1.4237499e-05,1.6283329e-05,1.5399997e-05,1.2699993e-05,9.637499e-06
2,996,1120.734,0.008,1.5141662e-05,1.5366666e-05,1.5154163e-05,1.5341664e-05,1.1941664e-05,1.2741662e-05,1.2449996e-05,1.3141664e-05,1.4670833e-05,1.4108332e-05,1.4287496e-05,1.4262493e-05,1.6308331e-05,1.5416663e-05,1.2720831e-05,9.654164e-06
2,997,1120.885,0.006,1.5166665e-05,1.5395832e-05,1.5183329e-05,1.5366666e-05,1.1974995e-05,1.2779165e-05,1.2491663e-05,1.3183331e-05,1.4699999e-05,1.4133327e-05,1.4312498e-05,1.429166e-05,1.6333326e-05,1.5445828e-05,1.2758326e-05,9.674995e-06
2,998,1121.036,0.004,1.5191667e-05,1.5420826e-05,1.5204159e-05,1.5391659e-05,1.200416e-05,1.2808331e-05,1.2524994e-05,1.3216662e-05,1.4724994e-05,1.4162492e-05,1.4341665e-05,1.4320826e-05,1.6354163e-05,1.5466667e-05,1.2779165e-05,9.695832e-06
2,999,1121.187,0.002,1.5220833e-05,1.5449992e-05,1.5237499e-05,1.5420826e-05,1.2041664e-05,1.2849999e-05,1.2562497e-05,1.325833e-05,1.4758332e-05,1.4191659e-05,1.4370831e-05,1.4354166e-05,1.638333e-05,1.549166e-05,1.2816659e-05,9.712498e-06
2,1000,1121.338,0.0,1.525e-05,1.5474994e-05,1.5262493e-05,1.5445828e-05,1.2074995e-05,1.2879165e-05,1.2595829e-05,1.3287497e-05,1.4787499e-05,1.4216662e-05,1.4395833e-05,1.4379159e-05,1.6404159e-05,1.5512498e-05,1.2837498e-05,9.733327e-06
,,,,,,,,,,,,,,,,,,,,2,0.528,0.534,0.534,0.546,0.396,0.404,0.404,0.404,0.494,0.482,0.49,0.47,0.55,0.556,0.41,0.532,0.554,0.558,0.556,0.566,0.474,0.484,0.478,0.474,0.538,0.528,0.536,0.516,0.582,0.582,0.428,0.562
3,0,1121.715,0.0,1.5274994e-05,1.5487496e-05,1.5270829e-05,1.5454165e-05,1.2083332e-05,1.2891666e-05,1.2604165e-05,1.3299998e-05,1.4787499e-05,1.4216662e-05,1.4404161e-05,1.4374995e-05,1.6408332e-05,1.5516662e-05,1.2841661e-05,9.733327e-06
3,1,1121.866,0.002,1.5262493e-05,1.547083e-05,1.5258328e-05,1.5437499e-05,1.205833e-05,1.2870828e-05,1.2583328e-05,1.3266659e-05,1.4766661e-05,1.4195832e-05,1.4379159e-05,1.4349993e-05,1.638333e-05,1.5499998e-05,1.2816659e-05,9.720826e-06
3,2,1122.017,0.004,1.5241662e-05,1.5445828e-05,1.5233326e-05,1.5412497e-05,1.2020826e-05,1.282916e-05,1.254166e-05,1.3233328e-05,1.4729166e-05,1.4166665e-05,1.4345828e-05,1.4312498e-05,1.6354163e-05,1.5466667e-05,1.2779165e-05,9.699997e-06
3,3,1122.168,0.006,1.5212496e-05,1.5420826e-05,1.5204159e-05,1.5383332e-05,1.1991659e-05,1.2808331e-05,1.2512493e-05,1.3204161e-05,1.4704164e-05,1.4137499e-05,1.4320826e-05,1.4283331e-05,1.6333326e-05,1.5449992e-05,1.2754163e-05,9.679158e-06
3,4,1122.319,0.008,1.5183329e-05,1.5387495e-05,1.5174993e-05,1.535833e-05,1.1954165e-05,1.2766664e-05,1.2466661e-05,1.3158329e-05,1.4666661e-05,1.410416e-05,1.4283331e-05,1.4241664e-05,1.6304159e-05,1.5412497e-05,1.2716659e-05,9.658329e-06
3,5,1122.469,0.01,1.5158327e-05,1.5362493e-05,1.5154163e-05,1.5329162e-05,1.1924998e-05,1.2741662e-05,1.2437495e-05,1.3129163e-05,1.4641666e-05,1.4079165e-05,1.4258329e-05,1.4212497e-05,1.6279166e-05,1.5395832e-05,1.2691665e-05,9.633327e-06
3,6,1122.62,0.012,1.5133333e-05,1.5333326e-05,1.5124997e-05,1.5299996e-05,1.1891659e-05,1.2699993e-05,1.2395827e-05,1.3087495e-05,1.4604163e-05,1.4041662e-05,1.4224998e-05,1.4174994e-05,1.6249998e-05,1.5366666e-05,1.2658325e-05,9.612497e-06
3,7,1122.771,0.014,1.5104159e-05,1.5299996e-05,1.509583e-05,1.5274994e-05,1.1858328e-05,1.2670827e-05,1.236666e-05,1.3054164e-05,1.4579161e-05,1.4020832e-05,1.4195832e-05,1.4145828e-05,1.6224996e-05,1.5345828e-05,1.2624995e-05,9.595831e-06
3,8,1122.922,0.016,1.5079165e-05,1.5270829e-05,1.5070827e-05,1.5245827e-05,1.1816661e-05,1.2633332e-05,1.2316664e-05,1.3008333e-05,1.4533329e-05,1.3983329e-05,1.4162492e-05,1.410416e-05,1.6191665e-05,1.5316662e-05,1.2583328e-05,9.570829e-06
3,9,1123.073,0.018,1.5049998e-05,1.5241662e-05,1.5041661e-05,1.5224997e-05,1.1787494e-05,1.260833e-05,1.2291662e-05,1.2979166e-05,1.45125e-05,1.3958327e-05,1.4133327e-05,1.4074993e-05,1.6170827e-05,1.5291658e-05,1.2558333e-05,9.554164e-06
3,10,1123.224,0.02,1.5020832e-05,1.5212496e-05,1.5012495e-05,1.5191667e-05,1.1749999e-05,1.2566662e-05,1.224583e-05,1.2933326e-05,1.4474996e-05,1.3920831e-05,1.410416e-05,1.4037498e-05,1.6137497e-05,1.5262493e-05,1.2516665e-05,9.524997e-06
3,11,1123.374,0.022,1.499583e-05,1.5187494e-05,1.4983329e-05,1.5166665e-05,1.171666e-05,1.2533331e-05,1.2212499e-05,1.2904159e-05,1.4445829e-05,1.3895829e-05,1.4074993e-05,1.4008331e-05,1.6112495e-05,1.5237499e-05,1.2491663e-05,9.512496e-06
3,12,1123.525,0.024,1.4970827e-05,1.5154163e-05,1.4958326e-05,1.5137498e-05,1.1683329e-05,1.2495828e-05,1.2174995e-05,1.28625e-05,1.4408326e-05,1.3858326e-05,1.4037498e-05,1.3966664e-05,1.6079164e-05,1.5204159e-05,1.245416e-05,9.487494e-06
3,13,1123.676,0.026,1.4937496e-05,1.5133333e-05,1.4929159e-05,1.5112495e-05,1.1654162e-05,1.2462497e-05,1.2141665e-05,1.282916e-05,1.4383332e-05,1.3833332e-05,1.401666e-05,1.3941662e-05,1.6058326e-05,1.5191667e-05,1.2424994e-05,9.470828e-06
3,14,1123.827,0.028,1.4912494e-05,1.5099994e-05,1.4899992e-05,1.5079165e-05,1.1612495e-05,1.2424994e-05,1.2095833e-05,1.2783329e-05,1.4345828e-05,1.3795829e-05,1.3974993e-05,1.3899994e-05,1.6024995e-05,1.5154163e-05,1.2383326e-05,9.441662e-06
3,15,1123.978,0.03,1.4883328e-05,1.5070827e-05,1.4874999e-05,1.5054163e-05,1.1583328e-05,1.2395827e-05,1.2066666e-05,1.2749998e-05,1.4312498e-05,1.3770827e-05,1.3949998e-05,1.3866663e-05,1.5999993e-05,1.5133333e-05,1.2354159e-05,9.424996e-06
3,16,1124.129,0.032,1.4858325e-05,1.5037497e-05,1.4845832e-05,1.5024996e-05,1.1541661e-05,1.2354159e-05,1.2020826e-05,1.2704166e-05,1.4279159e-05,1.3737495e-05,1.391666e-05,1.382916e-05,1.5966662e-05,1.5099994e-05,1.2316664e-05,9.399994e-06
3,17,1124.279,0.034,1.4829159e-05,1.5012495e-05,1.4812494e-05,1.4999993e-05,1.1508329e-05,1.2320828e-05,1.1987496e-05,1.2670827e-05,1.4249992e-05,1.3708329e-05,1.3887493e-05,1.3795829e-05,1.594166e-05,1.5074992e-05,1.2287497e-05,9.379164e-06
3,18,1124.43,0.036,1.4799993e-05,1.4983329e-05,1.4787499e-05,1.4962498e-05,1.1470826e-05,1.2279161e-05,1.1945828e-05,1.2620831e-05,1.4212497e-05,1.3670826e-05,1.3849997e-05,1.3758326e-05,1.5908328e-05,1.5041661e-05,1.2249994e-05,9.354162e-06
3,19,1124.581,0.038,1.4770826e-05,1.4954162e-05,1.4758332e-05,1.4941661e-05,1.1437495e-05,1.2249994e-05,1.1908332e-05,1.2591664e-05,1.4183331e-05,1.3645832e-05,1.3824995e-05,1.3729159e-05,1.5883326e-05,1.5024996e-05,1.2220828e-05,9.337497e-06
3,20,1124.732,0.04,1.4749996e-05,1.4937496e-05,1.4737495e-05,1.4920831e-05,1.1408329e-05,1.2224992e-05,1.188333e-05,1.2562497e-05,1.4162492e-05,1.3624994e-05,1.3804166e-05,1.3708329e-05,1.5866661e-05,1.5004166e-05,1.2191661e-05,9.320831e-06
3,21,1124.883,0.042,1.4724994e-05,1.4904165e-05,1.4708328e-05,1.4891664e-05,1.1366661e-05,1.217916e-05,1.1833326e-05,1.2512493e-05,1.4120833e-05,1.3583326e-05,1.3762497e-05,1.3666661e-05,1.5829166e-05,1.4966663e-05,1.2149993e-05,9.291664e-06
3,22,1125.034,0.044,1.4691663e-05,1.4874999e-05,1.4683326e-05,1.4862498e-05,1.1341659e-05,1.2149993e-05,1.180416e-05,1.2487499e-05,1.4095831e-05,1.3558332e-05,1.3737495e-05,1.3633331e-05,1.5804164e-05,1.4945833e-05,1.2120827e-05,9.275e-06
3,23,1125.185,0.046,1.4662496e-05,1.4845832e-05,1.465416e-05,1.4833331e-05,1.1295827e-05,1.2099998e-05,1.1758328e-05,1.2437495e-05,1.4058328e-05,1.3516665e-05,1.3695828e-05,1.3591663e-05,1.576666e-05,1.4912494e-05,1.2079159e-05,9.249997e-06
3,24,1125.335,0.048,1.463333e-05,1.4816665e-05,1.4620829e-05,1.4808329e-05,1.1262497e-05,1.2079159e-05,1.1720832e-05,1.2399999e-05,1.4029161e-05,1.3495826e-05,1.3670826e-05,1.3562497e-05,1.5745831e-05,1.4891664e-05,1.2049993e-05,9.233332e-06
3,25,1125.486,0.05,1.4608328e-05,1.4787499e-05,1.4595827e-05,1.4779162e-05,1.1224993e-05,1.2029163e-05,1.1683329e-05,1.2349995e-05,1.3987494e-05,1.3458332e-05,1.3637495e-05,1.3524993e-05,1.57125e-05,1.4854161e-05,1.2008325e-05,9.199993e-06
3,26,1125.637,0.052,1.4574996e-05,1.4758332e-05,1.456666e-05,1.4749996e-05,1.1195826e-05,1.1999997e-05,1.1645826e-05,1.2324993e-05,1.3958327e-05,1.343333e-05,1.3608328e-05,1.3495826e-05,1.5687498e-05,1.4833331e-05,1.1983331e-05,9.187492e-06
3,27,1125.788,0.054,1.4549994e-05,1.4724994e-05,1.4541666e-05,1.4724994e-05,1.1154159e-05,1.1962493e-05,1.1599994e-05,1.2274996e-05,1.3924996e-05,1.3395826e-05,1.3570825e-05,1.3458332e-05,1.565833e-05,1.4804164e-05,1.1941664e-05,9.162498e-06
3,28,1125.939,0.056,1.4520828e-05,1.4704164e-05,1.45125e-05,1.4695827e-05,1.1120828e-05,1.1924998e-05,1.1566663e-05,1.2241666e-05,1.3899994e-05,1.3370832e-05,1.3545831e-05,1.3429165e-05,1.5629164e-05,1.4779162e-05,1.1912497e-05,9.14166e-06
3,29,1126.09,0.058,1.4495826e-05,1.4666661e-05,1.447916e-05,1.4662496e-05,1.1083333e-05,1.1887495e-05,1.1524995e-05,1.2195826e-05,1.3862498e-05,1.3333329e-05,1.3512492e-05,1.3387497e-05,1.5595826e-05,1.4749996e-05,1.1870829e-05,9.116666e-06
3,30,1126.24,0.06,1.4466659e-05,1.4641666e-05,1.4454166e-05,1.4641666e-05,1.1049994e-05,1.1854164e-05,1.1491664e-05,1.2162494e-05,1.3833332e-05,1.3304162e-05,1.3483325e-05,1.3358331e-05,1.5570831e-05,1.4724994e-05,1.1841663e-05,9.095827e-06
3,31,1126.391,0.062,1.4437493e-05,1.46125e-05,1.4425e-05,1.4608328e-05,1.1004162e-05,1.1812496e-05,1.1449996e-05,1.2116662e-05,1.3795829e-05,1.3270831e-05,1.3445831e-05,1.3320828e-05,1.5537493e-05,1.4691663e-05,1.1795831e-05,9.070825e-06
3,32,1126.542,0.064,1.4404161e-05,1.4583326e-05,1.4395833e-05,1.4587497e-05,1.0974995e-05,1.1779165e-05,1.1412493e-05,1.2079159e-05,1.3766662e-05,1.3241664e-05,1.3416664e-05,1.3287497e-05,1.5516662e-05,1.4666661e-05,1.1766664e-05,9.049996e-06
3,33,1126.693,0.066,1.4379159e-05,1.4554159e-05,1.4370831e-05,1.4554159e-05,1.0933328e-05,1.1733326e-05,1.1366661e-05,1.2033327e-05,1.3729159e-05,1.3208326e-05,1.3379161e-05,1.3245829e-05,1.547916e-05,1.4637494e-05,1.1724997e-05,9.024993e-06
3,34,1126.844,0.068,1.4349993e-05,1.4524992e-05,1.4341665e-05,1.4529164e-05,1.0904161e-05,1.1708331e-05,1.1333331e-05,1.1999997e-05,1.3699992e-05,1.3179159e-05,1.3358331e-05,1.3220827e-05,1.5449992e-05,1.4608328e-05,1.169583e-05,9.004164e-06
3,35,1126.995,0.07,1.4320826e-05,1.4495826e-05,1.4308325e-05,1.4495826e-05,1.0866665e-05,1.1662499e-05,1.1283326e-05,1.1949992e-05,1.3658333e-05,1.3141664e-05,1.3320828e-05,1.3183331e-05,1.5420826e-05,1.4579161e-05,1.1654162e-05,8.979162e-06
3,36,1127.146,0.072,1.4287496e-05,1.4470832e-05,1.4283331e-05,1.4474996e-05,1.0833327e-05,1.1633332e-05,1.1254159e-05,1.1920825e-05,1.3637495e-05,1.3112497e-05,1.3291661e-05,1.3149993e-05,1.5395832e-05,1.4554159e-05,1.1624996e-05,8.958332e-06
3,37,1127.296,0.074,1.4266666e-05,1.4433328e-05,1.4254165e-05,1.4437493e-05,1.078333e-05,1.1587493e-05,1.1208328e-05,1.1870829e-05,1.3595827e-05,1.3079167e-05,1.3254165e-05,1.3108333e-05,1.535833e-05,1.4520828e-05,1.1579164e-05,8.93333e-06
3,38,1127.447,0.076,1.4229163e-05,1.4408326e-05,1.4220826e-05,1.4412499e-05,1.0754164e-05,1.1554162e-05,1.1174997e-05,1.1833326e-05,1.3566661e-05,1.3049992e-05,1.3229163e-05,1.308333e-05,1.5333326e-05,1.4504162e-05,1.1554162e-05,8.916664e-06
3,39,1127.598,0.078,1.4199996e-05,1.4379159e-05,1.4191659e-05,1.4383332e-05,1.0712496e-05,1.1512494e-05,1.1129165e-05,1.1787494e-05,1.353333e-05,1.3012496e-05,1.3195832e-05,1.3041663e-05,1.5299996e-05,1.4466659e-05,1.1508329e-05,8.887498e-06
3,40,1127.749,0.08,1.4174994e-05,1.4354166e-05,1.4166665e-05,1.4362494e-05,1.0679166e-05,1.1479163e-05,1.1095826e-05,1.1754163e-05,1.3504164e-05,1.2991659e-05,1.3166666e-05,1.3012496e-05,1.5274994e-05,1.4445829e-05,1.1479163e-05,8.86666e-06
3,41,1127.9,0.082,1.4145828e-05,1.4316663e-05,1.4133327e-05,1.4324999e-05,1.0633325e-05,1.1429159e-05,1.104583e-05,1.1704159e-05,1.3462496e-05,1.2949999e-05,1.3129163e-05,1.2974993e-05,1.5241662e-05,1.4412499e-05,1.1437495e-05,8.84583e-06
3,42,1128.051,0.084,1.4116661e-05,1.429166e-05,1.4108332e-05,1.4304161e-05,1.0608332e-05,1.1399992e-05,1.1016663e-05,1.1670828e-05,1.343333e-05,1.2924997e-05,1.3099996e-05,1.2941662e-05,1.5212496e-05,1.4383332e-05,1.1404165e-05,8.824993e-06
3,43,1128.201,0.086,1.4087494e-05,1.4258329e-05,1.4079165e-05,1.427083e-05,1.0558327e-05,1.1358333e-05,1.0966659e-05,1.1620831e-05,1.3395826e-05,1.2887494e-05,1.3062493e-05,1.2899995e-05,1.5179166e-05,1.4354166e-05,1.1362497e-05,8.799998e-06
3,44,1128.352,0.088,1.4058328e-05,1.4229163e-05,1.4054163e-05,1.4245828e-05,1.0524996e-05,1.132083e-05,1.0933328e-05,1.1583328e-05,1.3370832e-05,1.28625e-05,1.3037499e-05,1.2874993e-05,1.5158327e-05,1.4329164e-05,1.1333331e-05,8.77916e-06
3,45,1128.503,0.09,1.4029161e-05,1.420416e-05,1.4020832e-05,1.4212497e-05,1.0479164e-05,1.1274998e-05,1.0879159e-05,1.1533331e-05,1.3329164e-05,1.2824997e-05,1.2999995e-05,1.2833333e-05,1.5120832e-05,1.4295832e-05,1.1283326e-05,8.754166e-06
3,46,1128.654,0.092,1.3999995e-05,1.417083e-05,1.399583e-05,1.4187495e-05,1.0454162e-05,1.1245831e-05,1.0849993e-05,1.1499993e-05,1.3304162e-05,1.2799994e-05,1.2970829e-05,1.2804167e-05,1.509583e-05,1.427083e-05,1.1258332e-05,8.733328e-06
3,47,1128.805,0.094,1.3970828e-05,1.4141663e-05,1.3962499e-05,1.4158329e-05,1.040833e-05,1.1199999e-05,1.0799996e-05,1.1449996e-05,1.325833e-05,1.2758326e-05,1.2929161e-05,1.2762499e-05,1.5058326e-05,1.4241664e-05,1.1212492e-05,8.704162e-06
3,48,1128.956,0.096,1.3941662e-05,1.4108332e-05,1.3933332e-05,1.4129162e-05,1.0374999e-05,1.116666e-05,1.0766666e-05,1.1412493e-05,1.3233328e-05,1.2733332e-05,1.2904159e-05,1.2737497e-05,1.5037497e-05,1.4216662e-05,1.1179161e-05,8.687496e-06
3,49,1129.106,0.098,1.391666e-05,1.4087494e-05,1.390833e-05,1.4108332e-05,1.0345832e-05,1.1133329e-05,1.0733326e-05,1.1379162e-05,1.3204161e-05,1.2704166e-05,1.2879165e-05,1.2704166e-05,1.5008331e-05,1.4191659e-05,1.1154159e-05,8.666659e-06
3,50,1129.257,0.1,1.3887493e-05,1.4054163e-05,1.3879164e-05,1.4074993e-05,1.0299993e-05,1.1083333e-05,1.0679166e-05,1.1329166e-05,1.3162494e-05,1.2662498e-05,1.2837498e-05,1.2662498e-05,1.4966663e-05,1.4154164e-05,1.1099998e-05,8.637492e-06
3,51,1129.408,0.102,1.3854162e-05,1.4029161e-05,1.3845834e-05,1.4049999e-05,1.0266662e-05,1.1049994e-05,1.0649999e-05,1.1291663e-05,1.3133327e-05,1.2637496e-05,1.2812495e-05,1.2633332e-05,1.4949997e-05,1.4133327e-05,1.1074996e-05,8.624998e-06
3,52,1129.559,0.104,1.382916e-05,1.399583e-05,1.3820831e-05,1.401666e-05,1.0216665e-05,1.1004162e-05,1.0595831e-05,1.1237494e-05,1.3104161e-05,1.2599993e-05,1.2770827e-05,1.2587499e-05,1.4912494e-05,1.4095831e-05,1.1024999e-05,8.59166e-06
3,53,1129.71,0.106,1.3791664e-05,1.3966664e-05,1.3791664e-05,1.3991666e-05,1.0183327e-05,1.0970831e-05,1.0566664e-05,1.1208328e-05,1.3066665e-05,1.2570827e-05,1.2741662e-05,1.2558333e-05,1.4879163e-05,1.4070829e-05,1.0995833e-05,8.57083e-06
3,54,1129.861,0.108,1.3766662e-05,1.3929161e-05,1.3758326e-05,1.3958327e-05,1.013333e-05,1.0916662e-05,1.0508331e-05,1.114583e-05,1.3020825e-05,1.2524994e-05,1.2704166e-05,1.2512493e-05,1.4845832e-05,1.4029161e-05,1.0945829e-05,8.541663e-06
3,55,1130.012,0.11,1.3733332e-05,1.3899994e-05,1.3724994e-05,1.3924996e-05,1.0099999e-05,1.0879159e-05,1.0470828e-05,1.1116664e-05,1.2991659e-05,1.2499992e-05,1.2674999e-05,1.2479162e-05,1.482083e-05,1.4008331e-05,1.0912498e-05,8.524998e-06
3,56,1130.162,0.112,1.3699992e-05,1.3866663e-05,1.3695828e-05,1.3895829e-05,1.0049995e-05,1.0833327e-05,1.0420831e-05,1.1054166e-05,1.2949999e-05,1.2458332e-05,1.2633332e-05,1.2437495e-05,1.4779162e-05,1.3970828e-05,1.0858329e-05,8.491659e-06
3,57,1130.313,0.114,1.3670826e-05,1.3837496e-05,1.3662498e-05,1.3866663e-05,1.00125e-05,1.0795831e-05,1.0383328e-05,1.1016663e-05,1.2920833e-05,1.2429166e-05,1.2604165e-05,1.2404163e-05,1.475416e-05,1.3945826e-05,1.0829162e-05,8.474994e-06
3,58,1130.464,0.116,1.3637495e-05,1.3804166e-05,1.3629166e-05,1.3833332e-05,9.962495e-06,1.0745827e-05,1.0333331e-05,1.0962494e-05,1.2874993e-05,1.2387498e-05,1.2558333e-05,1.2358331e-05,1.4712493e-05,1.390833e-05,1.078333e-05,8.445827e-06
3,59,1130.615,0.118,1.3604164e-05,1.3770827e-05,1.3595827e-05,1.3804166e-05,9.933328e-06,1.0708332e-05,1.0291664e-05,1.0924999e-05,1.2845826e-05,1.2358331e-05,1.2533331e-05,1.2329165e-05,1.4691663e-05,1.3883328e-05,1.075e-05,8.424998e-06
3,60,1130.766,0.12,1.3574998e-05,1.3737495e-05,1.3562497e-05,1.3766662e-05,9.87916e-06,1.0654163e-05,1.024166e-05,1.0866665e-05,1.2804167e-05,1.2320828e-05,1.2487499e-05,1.2283325e-05,1.4645831e-05,1.3845834e-05,1.0695831e-05,8.391658e-06
3,61,1130.917,0.122,1.3541659e-05,1.3708329e-05,1.3537494e-05,1.374166e-05,9.845829e-06,1.0620833e-05,1.0199992e-05,1.0824998e-05,1.2770827e-05,1.2287497e-05,1.2458332e-05,1.2249994e-05,1.4616664e-05,1.3820831e-05,1.0666665e-05,8.374993e-06
3,62,1131.067,0.124,1.3504164e-05,1.3670826e-05,1.3495826e-05,1.3704165e-05,9.79166e-06,1.0566664e-05,1.0149995e-05,1.0770829e-05,1.2724996e-05,1.2241666e-05,1.2416665e-05,1.2199998e-05,1.4579161e-05,1.3783328e-05,1.0612495e-05,8.341662e-06
3,63,1131.218,0.126,1.3470833e-05,1.3641659e-05,1.346666e-05,1.3674999e-05,9.754165e-06,1.0533333e-05,1.0108328e-05,1.0733326e-05,1.2695829e-05,1.2216663e-05,1.2387498e-05,1.2174995e-05,1.4554159e-05,1.3749996e-05,1.0579165e-05,8.324997e-06
3,64,1131.369,0.128,1.3445831e-05,1.3608328e-05,1.343333e-05,1.3641659e-05,9.708333e-06,1.0479164e-05,1.0054159e-05,1.0679166e-05,1.2654162e-05,1.217916e-05,1.2349995e-05,1.2125e-05,1.45125e-05,1.3716666e-05,1.052916e-05,8.291666e-06
3,65,1131.52,0.13,1.3408328e-05,1.3570825e-05,1.3404163e-05,1.3612493e-05,9.666665e-06,1.0441661e-05,1.0016664e-05,1.0637498e-05,1.2624995e-05,1.2145829e-05,1.2316664e-05,1.2095833e-05,1.4487497e-05,1.3695828e-05,1.0499994e-05,8.274992e-06
3,66,1131.671,0.132,1.3383333e-05,1.3545831e-05,1.3370832e-05,1.3579162e-05,9.616661e-06,1.0391665e-05,9.962495e-06,1.0579165e-05,1.2579163e-05,1.2108326e-05,1.2274996e-05,1.2045829e-05,1.4445829e-05,1.365416e-05,1.0441661e-05,8.241662e-06
3,67,1131.822,0.134,1.3349994e-05,1.3508327e-05,1.3341665e-05,1.3545831e-05,9.58333e-06,1.0354162e-05,9.929165e-06,1.0537497e-05,1.2545832e-05,1.2066666e-05,1.224583e-05,1.2016662e-05,1.4416662e-05,1.3624994e-05,1.0412495e-05,8.220832e-06
3,68,1131.973,0.136,1.3308327e-05,1.3470833e-05,1.3299998e-05,1.3516665e-05,9.529162e-06,1.0299993e-05,9.866659e-06,1.0479164e-05,1.2499992e-05,1.2029163e-05,1.2204162e-05,1.1966666e-05,1.4374995e-05,1.3583326e-05,1.0358325e-05,8.187492e-06
3,69,1132.123,0.138,1.327916e-05,1.3441666e-05,1.3270831e-05,1.3483325e-05,9.491666e-06,1.0262497e-05,9.833328e-06,1.0441661e-05,1.2470826e-05,1.1999997e-05,1.2166659e-05,1.1933326e-05,1.4349993e-05,1.3558332e-05,1.0324995e-05,8.166663e-06
3,70,1132.274,0.14,1.3245829e-05,1.3408328e-05,1.3233328e-05,1.3449995e-05,9.437497e-06,1.0208329e-05,9.774994e-06,1.0383328e-05,1.2420829e-05,1.1949992e-05,1.2120827e-05,1.1887495e-05,1.4308325e-05,1.3520829e-05,1.0270826e-05,8.141661e-06
3,71,1132.425,0.142,1.3212498e-05,1.3374996e-05,1.3208326e-05,1.3416664e-05,9.399994e-06,1.0170826e-05,9.733327e-06,1.0341661e-05,1.2395827e-05,1.1920825e-05,1.2095833e-05,1.1854164e-05,1.4279159e-05,1.3491663e-05,1.0233331e-05,8.120831e-06
3,72,1132.576,0.144,1.3179159e-05,1.3341665e-05,1.317083e-05,1.3379161e-05,9.345826e-06,1.0112492e-05,9.679158e-06,1.0279163e-05,1.2341667e-05,1.1879166e-05,1.2049993e-05,1.180416e-05,1.4233327e-05,1.3454159e-05,1.0179162e-05,8.083328e-06
3,73,1132.727,0.146,1.3141664e-05,1.3308327e-05,1.3137499e-05,1.334583e-05,9.30833e-06,1.0074997e-05,9.637499e-06,1.0237495e-05,1.23125e-05,1.1845827e-05,1.2016662e-05,1.1766664e-05,1.4208333e-05,1.3429165e-05,1.0149995e-05,8.066662e-06
3,74,1132.878,0.148,1.3108333e-05,1.3270831e-05,1.3099996e-05,1.3316663e-05,9.254161e-06,1.0016664e-05,9.579166e-06,1.0183327e-05,1.226666e-05,1.1799995e-05,1.197083e-05,1.1720832e-05,1.4162492e-05,1.3391662e-05,1.0091662e-05,8.033331e-06
3,75,1133.028,0.15,1.3074994e-05,1.3237493e-05,1.3070829e-05,1.3287497e-05,9.216667e-06,9.974996e-06,9.541663e-06,1.013333e-05,1.2233329e-05,1.1774993e-05,1.1945828e-05,1.1691665e-05,1.4137499e-05,1.3358331e-05,1.0058331e-05,8.012494e-06
3,76,1133.179,0.152,1.3045827e-05,1.3208326e-05,1.3041663e-05,1.325833e-05,9.174999e-06,9.937493e-06,9.50416e-06,1.0095827e-05,1.2204162e-05,1.1741662e-05,1.1912497e-05,1.1658327e-05,1.4108332e-05,1.3333329e-05,1.0016664e-05,7.991664e-06
3,77,1133.33,0.154,1.3008333e-05,1.317083e-05,1.300416e-05,1.3224999e-05,9.124994e-06,9.883332e-06,9.441662e-06,1.0037494e-05,1.2158331e-05,1.1699995e-05,1.1866665e-05,1.160833e-05,1.4062492e-05,1.3291661e-05,9.966659e-06,7.958332e-06
3,78,1133.481,0.156,1.2979166e-05,1.3137499e-05,1.2970829e-05,1.3195832e-05,9.087499e-06,9.845829e-06,9.404159e-06,9.999999e-06,1.2125e-05,1.1666663e-05,1.1837498e-05,1.1579164e-05,1.4041662e-05,1.3270831e-05,9.933328e-06,7.937495e-06
3,79,1133.632,0.158,1.2945827e-05,1.3099996e-05,1.2937498e-05,1.3158329e-05,9.029166e-06,9.787496e-06,9.345826e-06,9.937493e-06,1.2074995e-05,1.1620831e-05,1.1791666e-05,1.1524995e-05,1.3999995e-05,1.3229163e-05,9.874995e-06,7.908328e-06
3,80,1133.783,0.16,1.2908332e-05,1.3066665e-05,1.2904159e-05,1.3129163e-05,8.991663e-06,9.749992e-06,9.30833e-06,9.895825e-06,1.2045829e-05,1.1591665e-05,1.1762492e-05,1.1491664e-05,1.3966664e-05,1.3204161e-05,9.841665e-06,7.887498e-06
3,81,1133.933,0.162,1.2874993e-05,1.3033326e-05,1.2870828e-05,1.309166e-05,8.93333e-06,9.691659e-06,9.245833e-06,9.833328e-06,1.1995832e-05,1.1545833e-05,1.1712496e-05,1.144166e-05,1.3924996e-05,1.3158329e-05,9.787496e-06,7.85416e-06
3,82,1134.084,0.164,1.2841661e-05,1.300416e-05,1.2841661e-05,1.3062493e-05,8.899999e-06,9.654164e-06,9.208329e-06,9.79166e-06,1.1966666e-05,1.1512494e-05,1.1687493e-05,1.1408329e-05,1.3899994e-05,1.3133327e-05,9.754165e-06,7.83333e-06
3,83,1134.235,0.166,1.2804167e-05,1.2962492e-05,1.279583e-05,1.3020825e-05,8.841665e-06,9.591659e-06,9.149996e-06,9.729163e-06,1.1920825e-05,1.1470826e-05,1.1637497e-05,1.1358333e-05,1.3858326e-05,1.309166e-05,9.695832e-06,7.799999e-06
3,84,1134.386,0.168,1.2770827e-05,1.2933326e-05,1.2766664e-05,1.2991659e-05,8.804162e-06,9.554164e-06,9.108328e-06,9.687496e-06,1.188333e-05,1.1437495e-05,1.1604166e-05,1.1324993e-05,1.3824995e-05,1.3066665e-05,9.658329e-06,7.779161e-06
3,85,1134.537,0.17,1.2733332e-05,1.2895831e-05,1.2724996e-05,1.2958328e-05,8.745829e-06,9.49583e-06,9.049996e-06,9.624998e-06,1.1837498e-05,1.1387499e-05,1.1558326e-05,1.1270833e-05,1.3787492e-05,1.3024997e-05,9.608332e-06,7.749994e-06
3,86,1134.688,0.172,1.2699993e-05,1.2858327e-05,1.2699993e-05,1.2924997e-05,8.704162e-06,9.449998e-06,9.008329e-06,9.579166e-06,1.1799995e-05,1.135416e-05,1.152916e-05,1.1237494e-05,1.3754161e-05,1.2995831e-05,9.566665e-06,7.729165e-06
3,87,1134.839,0.174,1.2666663e-05,1.2824997e-05,1.2662498e-05,1.2887494e-05,8.649993e-06,9.39583e-06,8.949995e-06,9.520832e-06,1.1754163e-05,1.1312492e-05,1.1483327e-05,1.1187498e-05,1.3712493e-05,1.2958328e-05,9.512496e-06,7.695826e-06
3,88,1134.989,0.176,1.2629159e-05,1.2791666e-05,1.2629159e-05,1.2858327e-05,8.608326e-06,9.354162e-06,8.908328e-06,9.479165e-06,1.1720832e-05,1.1279162e-05,1.1449996e-05,1.1154159e-05,1.3683327e-05,1.2929161e-05,9.474993e-06,7.670832e-06
3,89,1135.14,0.178,1.2591664e-05,1.2749998e-05,1.2587499e-05,1.2816659e-05,8.549992e-06,9.291664e-06,8.84583e-06,9.412495e-06,1.1670828e-05,1.1229165e-05,1.1404165e-05,1.1099998e-05,1.3633331e-05,1.2883329e-05,9.41666e-06,7.641665e-06
3,90,1135.291,0.18,1.2558333e-05,1.2716659e-05,1.2554161e-05,1.2791666e-05,8.508333e-06,9.249997e-06,8.804162e-06,9.366663e-06,1.1633332e-05,1.1195826e-05,1.1370826e-05,1.106666e-05,1.3608328e-05,1.2858327e-05,9.383329e-06,7.620828e-06
3,91,1135.442,0.182,1.252083e-05,1.2674999e-05,1.2516665e-05,1.2745825e-05,8.45e-06,9.187492e-06,8.741665e-06,9.299994e-06,1.1587493e-05,1.1149995e-05,1.1316665e-05,1.1012498e-05,1.3562497e-05,1.2812495e-05,9.316659e-06,7.587496e-06
3,92,1135.593,0.184,1.2483327e-05,1.2645833e-05,1.2483327e-05,1.2712495e-05,8.408332e-06,9.149996e-06,8.695833e-06,9.254161e-06,1.1545833e-05,1.1116664e-05,1.1283326e-05,1.097916e-05,1.353333e-05,1.2787493e-05,9.283328e-06,7.562494e-06
3,93,1135.744,0.186,1.2445831e-05,1.2604165e-05,1.2441659e-05,1.2674999e-05,8.345826e-06,9.087499e-06,8.637492e-06,9.191665e-06,1.1495828e-05,1.106666e-05,1.1237494e-05,1.0924999e-05,1.3487498e-05,1.2745825e-05,9.224995e-06,7.533328e-06
3,94,1135.894,0.188,1.2408328e-05,1.2566662e-05,1.2412493e-05,1.2641661e-05,8.304159e-06,9.045832e-06,8.59166e-06,9.145832e-06,1.1466662e-05,1.1033329e-05,1.1204163e-05,1.089166e-05,1.3454159e-05,1.2716659e-05,9.187492e-06,7.512498e-06
3,95,1136.045,0.19,1.2374997e-05,1.2529159e-05,1.2370832e-05,1.2604165e-05,8.245825e-06,8.983326e-06,8.529162e-06,9.079162e-06,1.1412493e-05,1.0983332e-05,1.1149995e-05,1.0837499e-05,1.3412499e-05,1.2670827e-05,9.124994e-06,7.474995e-06
3,96,1136.196,0.192,1.2341667e-05,1.2495828e-05,1.2333329e-05,1.2570827e-05,8.204166e-06,8.93333e-06,8.48333e-06,9.033331e-06,1.1379162e-05,1.0949993e-05,1.1120828e-05,1.0799996e-05,1.3383333e-05,1.2641661e-05,9.087499e-06,7.454165e-06
3,97,1136.347,0.194,1.2299998e-05,1.245416e-05,1.2295826e-05,1.2533331e-05,8.145825e-06,8.879161e-06,8.429161e-06,8.96666e-06,1.1329166e-05,1.0899997e-05,1.1070832e-05,1.0745827e-05,1.3337493e-05,1.2604165e-05,9.029166e-06,7.420826e-06
3,98,1136.498,0.196,1.2262495e-05,1.2416665e-05,1.2262495e-05,1.2499992e-05,8.099993e-06,8.833329e-06,8.379166e-06,8.920829e-06,1.1291663e-05,1.0866665e-05,1.1037493e-05,1.0708332e-05,1.3308327e-05,1.2574998e-05,8.987498e-06,7.395832e-06
3,99,1136.649,0.198,1.2224992e-05,1.2379161e-05,1.2216663e-05,1.2458332e-05,8.04166e-06,8.770831e-06,8.31666e-06,8.854158e-06,1.1241658e-05,1.0816661e-05,1.0987496e-05,1.0649999e-05,1.3262495e-05,1.2529159e-05,8.93333e-06,7.362493e-06
3,100,1136.799,0.2,1.2183333e-05,1.2341667e-05,1.2183333e-05,1.2424994e-05,7.995828e-06,8.724999e-06,8.274992e-06,8.812499e-06,1.1204163e-05,1.0787495e-05,1.0954165e-05,1.061666e-05,1.3229163e-05,1.2499992e-05,8.891662e-06,7.341663e-06
3,101,1136.95,0.202,1.2145829e-05,1.2299998e-05,1.2141665e-05,1.2387498e-05,7.93333e-06,8.662494e-06,8.208331e-06,8.741665e-06,1.1149995e-05,1.0729162e-05,1.0899997e-05,1.0558327e-05,1.3183331e-05,1.245416e-05,8.829164e-06,7.312497e-06
3,102,1137.101,0.204,1.2112499e-05,1.226666e-05,1.2108326e-05,1.2349995e-05,7.895827e-06,8.624998e-06,8.166663e-06,8.699997e-06,1.1116664e-05,1.0695831e-05,1.0866665e-05,1.0524996e-05,1.3149993e-05,1.2424994e-05,8.787497e-06,7.287495e-06
3,103,1137.252,0.206,1.2083332e-05,1.2241666e-05,1.2083332e-05,1.2320828e-05,7.85416e-06,8.583331e-06,8.12916e-06,8.654165e-06,1.1079161e-05,1.0666665e-05,1.0837499e-05,1.049583e-05,1.3124998e-05,1.2399999e-05,8.754166e-06,7.270829e-06
3,104,1137.403,0.208,1.2045829e-05,1.2204162e-05,1.2045829e-05,1.2287497e-05,7.795827e-06,8.520826e-06,8.066662e-06,8.587495e-06,1.1029164e-05,1.061666e-05,1.0791659e-05,1.0437497e-05,1.308333e-05,1.2358331e-05,8.691661e-06,7.237498e-06
3,105,1137.554,0.21,1.200416e-05,1.2162494e-05,1.2008325e-05,1.2249994e-05,7.749994e-06,8.474994e-06,8.02083e-06,8.545828e-06,1.0995833e-05,1.0579165e-05,1.075e-05,1.0399994e-05,1.3049992e-05,1.2329165e-05,8.654165e-06,7.212496e-06
3,106,1137.705,0.212,1.197083e-05,1.2120827e-05,1.1966666e-05,1.2212499e-05,7.691661e-06,8.412496e-06,7.958332e-06,8.479166e-06,1.0941664e-05,1.052916e-05,1.0695831e-05,1.0341661e-05,1.2999995e-05,1.2279161e-05,8.59166e-06,7.174993e-06
3,107,1137.855,0.214,1.1929163e-05,1.2087497e-05,1.1933326e-05,1.217916e-05,7.645829e-06,8.366665e-06,7.916665e-06,8.429161e-06,1.0899997e-05,1.049583e-05,1.0666665e-05,1.0304165e-05,1.2970829e-05,1.2254159e-05,8.549992e-06,7.154163e-06
3,108,1138.006,0.216,1.1891659e-05,1.2045829e-05,1.1891659e-05,1.2133328e-05,7.583332e-06,8.299994e-06,7.849995e-06,8.362492e-06,1.0854164e-05,1.0445825e-05,1.0612495e-05,1.0249996e-05,1.2924997e-05,1.2212499e-05,8.491659e-06,7.120832e-06
3,109,1138.157,0.218,1.1854164e-05,1.2012498e-05,1.1854164e-05,1.2104161e-05,7.541664e-06,8.258326e-06,7.808328e-06,8.320832e-06,1.0816661e-05,1.040833e-05,1.0579165e-05,1.0212493e-05,1.2895831e-05,1.2183333e-05,8.454163e-06,7.099994e-06
3,110,1138.308,0.22,1.1816661e-05,1.197083e-05,1.1816661e-05,1.2062494e-05,7.479159e-06,8.191665e-06,7.741666e-06,8.249998e-06,1.0762493e-05,1.0354162e-05,1.0524996e-05,1.015416e-05,1.2849999e-05,1.2137492e-05,8.391658e-06,7.066663e-06
3,111,1138.459,0.222,1.1774993e-05,1.1929163e-05,1.1779165e-05,1.2029163e-05,7.437499e-06,8.149997e-06,7.699999e-06,8.204166e-06,1.0724997e-05,1.032083e-05,1.0491665e-05,1.0120829e-05,1.2816659e-05,1.2104161e-05,8.349999e-06,7.041661e-06
3,112,1138.61,0.224,1.1737498e-05,1.1891659e-05,1.1737498e-05,1.1987496e-05,7.37083e-06,8.079163e-06,7.633328e-06,8.12916e-06,1.0670828e-05,1.0262497e-05,1.0437497e-05,1.0058331e-05,1.2770827e-05,1.2062494e-05,8.291666e-06,7.012494e-06
3,113,1138.76,0.226,1.169583e-05,1.1854164e-05,1.1699995e-05,1.1949992e-05,7.333326e-06,8.04166e-06,7.591661e-06,8.087492e-06,1.0633325e-05,1.0229166e-05,1.0404166e-05,1.0020828e-05,1.2737497e-05,1.2033327e-05,8.249998e-06,6.987492e-06
3,114,1138.911,0.228,1.1658327e-05,1.1812496e-05,1.1654162e-05,1.1912497e-05,7.266664e-06,7.970826e-06,7.524999e-06,8.016666e-06,1.0574992e-05,1.0174997e-05,1.0349997e-05,9.962495e-06,1.2691665e-05,1.1991659e-05,8.187492e-06,6.954161e-06
3,115,1139.062,0.23,1.1620831e-05,1.1774993e-05,1.1624996e-05,1.1879166e-05,7.229161e-06,7.929166e-06,7.483332e-06,7.974998e-06,1.0541661e-05,1.0137494e-05,1.0316666e-05,9.924992e-06,1.2658325e-05,1.1958329e-05,8.145825e-06,6.929159e-06
3,116,1139.213,0.232,1.1579164e-05,1.1729161e-05,1.1575e-05,1.1833326e-05,7.158327e-06,7.858332e-06,7.416661e-06,7.908328e-06,1.0483329e-05,1.0091662e-05,1.0254161e-05,9.862494e-06,1.2612494e-05,1.1912497e-05,8.079163e-06,6.895828e-06
3,117,1139.364,0.234,1.1537496e-05,1.169583e-05,1.1541661e-05,1.1799995e-05,7.11666e-06,7.816664e-06,7.37083e-06,7.858332e-06,1.0445825e-05,1.0049995e-05,1.022083e-05,9.829164e-06,1.2579163e-05,1.188333e-05,8.04166e-06,6.874998e-06
